2026-02-04T16:00:48.431762Z INFO  utilrsw.logger     Excluding sites with manual_error
2026-02-04T16:00:48.463330Z INFO  utilrsw.logger Reading '10052' data
2026-02-04T16:00:48.464353Z INFO  utilrsw.logger   Reading cached file with all data for site '10052': C:\Users\lwilker\Documents\GitHub\SWERVE-2024-05-10\data_processed\sites\10052\data\_all.pkl
2026-02-04T16:00:48.688777Z INFO  utilrsw.logger Computing stats for '10052' data
2026-02-04T16:00:49.766097Z INFO  utilrsw.logger   Uniq dts [ns] = [1000000000]
2026-02-04T16:00:49.767096Z INFO  utilrsw.logger   Uniq dts [#]  = 1
2026-02-04T16:00:49.768096Z INFO  utilrsw.logger   Stats for GIC/measured/NERC:
2026-02-04T16:00:49.770108Z INFO  utilrsw.logger 
    std: [4.22281037]
    ave: [1.31595258]
    min: [-30.74916667]
    max: [40.1575]
    n: 2341
    n_valid: [2341]
    dt_original: [1000000000]

2026-02-04T16:00:49.784088Z INFO  utilrsw.logger   Uniq dts [ns] = [60000000000]
2026-02-04T16:00:49.784088Z INFO  utilrsw.logger   Uniq dts [#]  = 1
2026-02-04T16:00:49.785149Z INFO  utilrsw.logger   Stats for GIC/calculated/GMU:
2026-02-04T16:00:49.787164Z INFO  utilrsw.logger 
    std: [4.316095]
    ave: [0.00539954]
    min: [-25.65680883]
    max: [33.70006935]
    n: 2341
    n_valid: [2341]
    dt_original: [60000000000]

2026-02-04T16:00:49.794655Z INFO  utilrsw.logger   Metrics for GIC/calculated/GMU:
2026-02-04T16:00:49.796684Z INFO  utilrsw.logger 
    err_rms: [3.64821375]
    err_ave: [1.31055304]
    err: [[1.3102326 ]
 [1.46003341]
 [1.32741607]
 ...
 [0.7682494 ]
 [0.47312639]
 [0.47822038]]
    cc: [0.68223472]
    pe: [0.25362447]
    valid: [[ True]
 [ True]
 [ True]
 ...
 [ True]
 [ True]
 [ True]]
    n_valid: [2341]

2026-02-04T16:00:49.808746Z INFO  utilrsw.logger Plotting '10052' data
2026-02-04T16:00:49.812285Z INFO  utilrsw.logger   Plotting '10052/GIC/GMU' vs. measured data as timeseries
2026-02-04T16:01:01.471514Z INFO  utilrsw.logger     Writing C:\Users\lwilker\Documents\GitHub\SWERVE-2024-05-10\data_processed/sites/10052/figures\compare\GIC_calculated_GMU_vs_measured_timeseries.png
2026-02-04T16:01:03.029939Z INFO  utilrsw.logger     Writing C:\Users\lwilker\Documents\GitHub\SWERVE-2024-05-10\data_processed/sites/10052/figures\compare\GIC_calculated_GMU_vs_measured_timeseries.pdf
2026-02-04T16:01:08.176928Z INFO  utilrsw.logger   Plotting '10052/GIC/GMU' vs. measured data as scatter
2026-02-04T16:01:09.301006Z INFO  utilrsw.logger     Writing C:\Users\lwilker\Documents\GitHub\SWERVE-2024-05-10\data_processed/sites/10052/figures\compare\GIC_calculated_GMU_vs_measured_scatter.png
2026-02-04T16:01:11.144308Z INFO  utilrsw.logger     Writing C:\Users\lwilker\Documents\GitHub\SWERVE-2024-05-10\data_processed/sites/10052/figures\compare\GIC_calculated_GMU_vs_measured_scatter.pdf
2026-02-04T16:01:11.728707Z INFO  utilrsw.logger   Plotting '10052/GIC/measured/NERC' original vs. modified data
2026-02-04T16:01:15.340495Z INFO  utilrsw.logger     Writing C:\Users\lwilker\Documents\GitHub\SWERVE-2024-05-10\data_processed/sites/10052/figures\original\GIC_measured_NERC.png
2026-02-04T16:01:16.988735Z INFO  utilrsw.logger     Writing C:\Users\lwilker\Documents\GitHub\SWERVE-2024-05-10\data_processed/sites/10052/figures\original\GIC_measured_NERC.pdf
2026-02-04T16:01:17.494686Z INFO  utilrsw.logger   Plotting '10052/GIC/calculated/GMU' original vs. modified data
2026-02-04T16:01:19.311906Z INFO  utilrsw.logger     Writing C:\Users\lwilker\Documents\GitHub\SWERVE-2024-05-10\data_processed/sites/10052/figures\original\GIC_calculated_GMU.png
2026-02-04T16:01:21.071596Z INFO  utilrsw.logger     Writing C:\Users\lwilker\Documents\GitHub\SWERVE-2024-05-10\data_processed/sites/10052/figures\original\GIC_calculated_GMU.pdf
2026-02-04T16:01:21.566276Z INFO  utilrsw.logger Reading '10076' data
2026-02-04T16:01:21.566276Z INFO  utilrsw.logger   Reading cached file with all data for site '10076': C:\Users\lwilker\Documents\GitHub\SWERVE-2024-05-10\data_processed\sites\10076\data\_all.pkl
2026-02-04T16:01:21.632102Z INFO  utilrsw.logger Computing stats for '10076' data
2026-02-04T16:01:21.749838Z INFO  utilrsw.logger   Uniq dts [ns] = [10000000000]
2026-02-04T16:01:21.749838Z INFO  utilrsw.logger   Uniq dts [#]  = 1
2026-02-04T16:01:21.751844Z INFO  utilrsw.logger   Stats for GIC/measured/NERC:
2026-02-04T16:01:21.753851Z INFO  utilrsw.logger 
    std: [1.81606386]
    ave: [-1.1994575]
    min: [-9.55833333]
    max: [16.41166667]
    n: 2341
    n_valid: [2341]
    dt_original: [10000000000]

2026-02-04T16:01:21.767900Z INFO  utilrsw.logger   Uniq dts [ns] = [60000000000]
2026-02-04T16:01:21.767900Z INFO  utilrsw.logger   Uniq dts [#]  = 1
2026-02-04T16:01:21.769907Z INFO  utilrsw.logger   Stats for GIC/calculated/GMU:
2026-02-04T16:01:21.771915Z INFO  utilrsw.logger 
    std: [0.5225744]
    ave: [0.00014239]
    min: [-4.98888231]
    max: [3.91618468]
    n: 2341
    n_valid: [2341]
    dt_original: [60000000000]

2026-02-04T16:01:21.775931Z WARN  utilrsw.logger   Multiplying measured data by -1 before computing pe.
2026-02-04T16:01:21.775931Z INFO  utilrsw.logger   Metrics for GIC/calculated/GMU:
2026-02-04T16:01:21.779374Z INFO  utilrsw.logger 
    err_rms: [2.38924058]
    err_ave: [-1.19959989]
    err: [[-1.36319053]
 [-1.53840897]
 [-1.60708546]
 ...
 [-1.57760302]
 [-1.71695516]
 [-1.61785817]]
    cc: [-0.36788078]
    pe: [-0.30720286]
    valid: [[ True]
 [ True]
 [ True]
 ...
 [ True]
 [ True]
 [ True]]
    n_valid: [2341]

2026-02-04T16:01:21.792436Z INFO  utilrsw.logger Plotting '10076' data
2026-02-04T16:01:21.796449Z INFO  utilrsw.logger   Plotting '10076/GIC/GMU' vs. measured data as timeseries
2026-02-04T16:01:23.279679Z INFO  utilrsw.logger     Writing C:\Users\lwilker\Documents\GitHub\SWERVE-2024-05-10\data_processed/sites/10076/figures\compare\GIC_calculated_GMU_vs_measured_timeseries.png
2026-02-04T16:01:24.852499Z INFO  utilrsw.logger     Writing C:\Users\lwilker\Documents\GitHub\SWERVE-2024-05-10\data_processed/sites/10076/figures\compare\GIC_calculated_GMU_vs_measured_timeseries.pdf
2026-02-04T16:01:25.333365Z INFO  utilrsw.logger   Plotting '10076/GIC/GMU' vs. measured data as scatter
2026-02-04T16:01:26.326882Z INFO  utilrsw.logger     Writing C:\Users\lwilker\Documents\GitHub\SWERVE-2024-05-10\data_processed/sites/10076/figures\compare\GIC_calculated_GMU_vs_measured_scatter.png
2026-02-04T16:01:27.758141Z INFO  utilrsw.logger     Writing C:\Users\lwilker\Documents\GitHub\SWERVE-2024-05-10\data_processed/sites/10076/figures\compare\GIC_calculated_GMU_vs_measured_scatter.pdf
2026-02-04T16:01:28.302640Z INFO  utilrsw.logger   Plotting '10076/GIC/measured/NERC' original vs. modified data
2026-02-04T16:01:29.858712Z INFO  utilrsw.logger     Writing C:\Users\lwilker\Documents\GitHub\SWERVE-2024-05-10\data_processed/sites/10076/figures\original\GIC_measured_NERC.png
2026-02-04T16:01:31.501378Z INFO  utilrsw.logger     Writing C:\Users\lwilker\Documents\GitHub\SWERVE-2024-05-10\data_processed/sites/10076/figures\original\GIC_measured_NERC.pdf
2026-02-04T16:01:31.968024Z INFO  utilrsw.logger   Plotting '10076/GIC/calculated/GMU' original vs. modified data
2026-02-04T16:01:33.671767Z INFO  utilrsw.logger     Writing C:\Users\lwilker\Documents\GitHub\SWERVE-2024-05-10\data_processed/sites/10076/figures\original\GIC_calculated_GMU.png
2026-02-04T16:01:35.405994Z INFO  utilrsw.logger     Writing C:\Users\lwilker\Documents\GitHub\SWERVE-2024-05-10\data_processed/sites/10076/figures\original\GIC_calculated_GMU.pdf
2026-02-04T16:01:35.882619Z INFO  utilrsw.logger Reading '10099' data
2026-02-04T16:01:35.882619Z INFO  utilrsw.logger   Reading cached file with all data for site '10099': C:\Users\lwilker\Documents\GitHub\SWERVE-2024-05-10\data_processed\sites\10099\data\_all.pkl
2026-02-04T16:01:35.959105Z INFO  utilrsw.logger Computing stats for '10099' data
2026-02-04T16:01:36.077854Z INFO  utilrsw.logger   Uniq dts [ns] = [  2000000000   4000000000   6000000000   8000000000  10000000000
  12000000000  14000000000  16000000000  18000000000  20000000000
  22000000000  24000000000  26000000000  28000000000  30000000000
  32000000000  34000000000  36000000000  38000000000  40000000000
  42000000000  44000000000  46000000000  48000000000  50000000000
  52000000000  54000000000  56000000000  58000000000  60000000000
  62000000000  64000000000  66000000000  68000000000  70000000000
  72000000000  74000000000  76000000000  78000000000  80000000000
  82000000000  84000000000  86000000000  88000000000  90000000000
  92000000000  94000000000  96000000000  98000000000 100000000000
 102000000000 104000000000 106000000000 108000000000 110000000000
 112000000000 116000000000 118000000000 120000000000 122000000000
 142000000000 146000000000 148000000000 150000000000 160000000000
 170000000000 174000000000 178000000000 182000000000 184000000000
 198000000000 222000000000 228000000000 254000000000 270000000000
 308000000000 442000000000]
2026-02-04T16:01:36.077854Z INFO  utilrsw.logger   Uniq dts [#]  = 77
2026-02-04T16:01:36.077854Z INFO  utilrsw.logger   Stats for GIC/measured/NERC:
2026-02-04T16:01:36.085135Z INFO  utilrsw.logger 
    std: [4.55341928]
    ave: [0.40137444]
    min: [-24.18461538]
    max: [45.45294118]
    n: 2341
    n_valid: [2333]
    dt_original: [  2000000000   4000000000   6000000000   8000000000  10000000000
  12000000000  14000000000  16000000000  18000000000  20000000000
  22000000000  24000000000  26000000000  28000000000  30000000000
  32000000000  34000000000  36000000000  38000000000  40000000000
  42000000000  44000000000  46000000000  48000000000  50000000000
  52000000000  54000000000  56000000000  58000000000  60000000000
  62000000000  64000000000  66000000000  68000000000  70000000000
  72000000000  74000000000  76000000000  78000000000  80000000000
  82000000000  84000000000  86000000000  88000000000  90000000000
  92000000000  94000000000  96000000000  98000000000 100000000000
 102000000000 104000000000 106000000000 108000000000 110000000000
 112000000000 116000000000 118000000000 120000000000 122000000000
 142000000000 146000000000 148000000000 150000000000 160000000000
 170000000000 174000000000 178000000000 182000000000 184000000000
 198000000000 222000000000 228000000000 254000000000 270000000000
 308000000000 442000000000]

2026-02-04T16:01:36.099662Z INFO  utilrsw.logger   Uniq dts [ns] = [60000000000]
2026-02-04T16:01:36.099662Z INFO  utilrsw.logger   Uniq dts [#]  = 1
2026-02-04T16:01:36.099662Z INFO  utilrsw.logger   Stats for GIC/calculated/GMU:
2026-02-04T16:01:36.099662Z INFO  utilrsw.logger 
    std: [30.96631001]
    ave: [-0.01548876]
    min: [-204.61246269]
    max: [230.58282519]
    n: 2341
    n_valid: [2341]
    dt_original: [60000000000]

2026-02-04T16:01:36.099662Z INFO  utilrsw.logger   Metrics for GIC/calculated/GMU:
2026-02-04T16:01:36.099662Z INFO  utilrsw.logger 
    err_rms: [27.98429227]
    err_ave: [0.4047521]
    err: [[8.45107463]
 [6.95859805]
 [5.42634738]
 ...
 [1.01341896]
 [5.94147324]
 [5.26752519]]
    cc: [0.70766236]
    pe: [-36.77055551]
    valid: [[ True]
 [ True]
 [False]
 ...
 [ True]
 [ True]
 [False]]
    n_valid: [2333]

2026-02-04T16:01:36.114292Z INFO  utilrsw.logger Plotting '10099' data
2026-02-04T16:01:36.121338Z INFO  utilrsw.logger   Plotting '10099/GIC/GMU' vs. measured data as timeseries
2026-02-04T16:01:37.513752Z INFO  utilrsw.logger     Writing C:\Users\lwilker\Documents\GitHub\SWERVE-2024-05-10\data_processed/sites/10099/figures\compare\GIC_calculated_GMU_vs_measured_timeseries.png
2026-02-04T16:01:39.017312Z INFO  utilrsw.logger     Writing C:\Users\lwilker\Documents\GitHub\SWERVE-2024-05-10\data_processed/sites/10099/figures\compare\GIC_calculated_GMU_vs_measured_timeseries.pdf
2026-02-04T16:01:39.474058Z INFO  utilrsw.logger   Plotting '10099/GIC/GMU' vs. measured data as scatter
2026-02-04T16:01:40.477913Z INFO  utilrsw.logger     Writing C:\Users\lwilker\Documents\GitHub\SWERVE-2024-05-10\data_processed/sites/10099/figures\compare\GIC_calculated_GMU_vs_measured_scatter.png
2026-02-04T16:01:41.930846Z INFO  utilrsw.logger     Writing C:\Users\lwilker\Documents\GitHub\SWERVE-2024-05-10\data_processed/sites/10099/figures\compare\GIC_calculated_GMU_vs_measured_scatter.pdf
2026-02-04T16:01:42.496849Z INFO  utilrsw.logger   Plotting '10099/GIC/measured/NERC' original vs. modified data
2026-02-04T16:01:44.325338Z INFO  utilrsw.logger     Writing C:\Users\lwilker\Documents\GitHub\SWERVE-2024-05-10\data_processed/sites/10099/figures\original\GIC_measured_NERC.png
2026-02-04T16:01:46.235041Z INFO  utilrsw.logger     Writing C:\Users\lwilker\Documents\GitHub\SWERVE-2024-05-10\data_processed/sites/10099/figures\original\GIC_measured_NERC.pdf
2026-02-04T16:01:46.811015Z INFO  utilrsw.logger   Plotting '10099/GIC/calculated/GMU' original vs. modified data
2026-02-04T16:01:48.329035Z INFO  utilrsw.logger     Writing C:\Users\lwilker\Documents\GitHub\SWERVE-2024-05-10\data_processed/sites/10099/figures\original\GIC_calculated_GMU.png
2026-02-04T16:01:50.093795Z INFO  utilrsw.logger     Writing C:\Users\lwilker\Documents\GitHub\SWERVE-2024-05-10\data_processed/sites/10099/figures\original\GIC_calculated_GMU.pdf
2026-02-04T16:01:50.565463Z INFO  utilrsw.logger Reading '10238' data
2026-02-04T16:01:50.569152Z INFO  utilrsw.logger   Reading cached file with all data for site '10238': C:\Users\lwilker\Documents\GitHub\SWERVE-2024-05-10\data_processed\sites\10238\data\_all.pkl
2026-02-04T16:01:50.778309Z INFO  utilrsw.logger Computing stats for '10238' data
2026-02-04T16:01:51.893559Z INFO  utilrsw.logger   Uniq dts [ns] = [1000000000]
2026-02-04T16:01:51.899005Z INFO  utilrsw.logger   Uniq dts [#]  = 1
2026-02-04T16:01:51.899005Z INFO  utilrsw.logger   Stats for GIC/measured/NERC:
2026-02-04T16:01:51.900465Z INFO  utilrsw.logger 
    std: [0.97143622]
    ave: [-1.97379539]
    min: [-7.31833333]
    max: [4.54833333]
    n: 2341
    n_valid: [2341]
    dt_original: [1000000000]

2026-02-04T16:01:51.918689Z INFO  utilrsw.logger   Uniq dts [ns] = [60000000000]
2026-02-04T16:01:51.919714Z INFO  utilrsw.logger   Uniq dts [#]  = 1
2026-02-04T16:01:51.921727Z INFO  utilrsw.logger   Stats for GIC/calculated/GMU:
2026-02-04T16:01:51.923922Z INFO  utilrsw.logger 
    std: [2.86245314]
    ave: [0.00140264]
    min: [-24.62223446]
    max: [13.49519908]
    n: 2341
    n_valid: [2341]
    dt_original: [60000000000]

2026-02-04T16:01:51.925938Z INFO  utilrsw.logger   Metrics for GIC/calculated/GMU:
2026-02-04T16:01:51.929943Z INFO  utilrsw.logger 
    err_rms: [3.55092427]
    err_ave: [-1.97519802]
    err: [[-1.54972198]
 [-1.60626296]
 [-1.59574177]
 ...
 [-1.34397551]
 [-1.38291937]
 [-1.38527031]]
    cc: [0.07725965]
    pe: [-12.36146995]
    valid: [[ True]
 [ True]
 [ True]
 ...
 [ True]
 [ True]
 [ True]]
    n_valid: [2341]

2026-02-04T16:01:51.947977Z INFO  utilrsw.logger Plotting '10238' data
2026-02-04T16:01:51.957149Z INFO  utilrsw.logger   Plotting '10238/GIC/GMU' vs. measured data as timeseries
2026-02-04T16:01:53.692991Z INFO  utilrsw.logger     Writing C:\Users\lwilker\Documents\GitHub\SWERVE-2024-05-10\data_processed/sites/10238/figures\compare\GIC_calculated_GMU_vs_measured_timeseries.png
2026-02-04T16:01:55.331020Z INFO  utilrsw.logger     Writing C:\Users\lwilker\Documents\GitHub\SWERVE-2024-05-10\data_processed/sites/10238/figures\compare\GIC_calculated_GMU_vs_measured_timeseries.pdf
2026-02-04T16:01:55.862447Z INFO  utilrsw.logger   Plotting '10238/GIC/GMU' vs. measured data as scatter
2026-02-04T16:01:56.888860Z INFO  utilrsw.logger     Writing C:\Users\lwilker\Documents\GitHub\SWERVE-2024-05-10\data_processed/sites/10238/figures\compare\GIC_calculated_GMU_vs_measured_scatter.png
2026-02-04T16:01:58.153440Z INFO  utilrsw.logger     Writing C:\Users\lwilker\Documents\GitHub\SWERVE-2024-05-10\data_processed/sites/10238/figures\compare\GIC_calculated_GMU_vs_measured_scatter.pdf
2026-02-04T16:01:58.841455Z INFO  utilrsw.logger   Plotting '10238/GIC/measured/NERC' original vs. modified data
2026-02-04T16:02:02.777756Z INFO  utilrsw.logger     Writing C:\Users\lwilker\Documents\GitHub\SWERVE-2024-05-10\data_processed/sites/10238/figures\original\GIC_measured_NERC.png
2026-02-04T16:02:04.768693Z INFO  utilrsw.logger     Writing C:\Users\lwilker\Documents\GitHub\SWERVE-2024-05-10\data_processed/sites/10238/figures\original\GIC_measured_NERC.pdf
2026-02-04T16:02:05.312012Z INFO  utilrsw.logger   Plotting '10238/GIC/calculated/GMU' original vs. modified data
2026-02-04T16:02:06.791138Z INFO  utilrsw.logger     Writing C:\Users\lwilker\Documents\GitHub\SWERVE-2024-05-10\data_processed/sites/10238/figures\original\GIC_calculated_GMU.png
2026-02-04T16:02:08.501469Z INFO  utilrsw.logger     Writing C:\Users\lwilker\Documents\GitHub\SWERVE-2024-05-10\data_processed/sites/10238/figures\original\GIC_calculated_GMU.pdf
2026-02-04T16:02:09.013366Z INFO  utilrsw.logger Reading '10255' data
2026-02-04T16:02:09.014366Z INFO  utilrsw.logger   Reading cached file with all data for site '10255': C:\Users\lwilker\Documents\GitHub\SWERVE-2024-05-10\data_processed\sites\10255\data\_all.pkl
2026-02-04T16:02:09.072506Z INFO  utilrsw.logger Computing stats for '10255' data
2026-02-04T16:02:09.187738Z INFO  utilrsw.logger   Uniq dts [ns] = [10000000000]
2026-02-04T16:02:09.188744Z INFO  utilrsw.logger   Uniq dts [#]  = 1
2026-02-04T16:02:09.189724Z INFO  utilrsw.logger   Stats for GIC/measured/NERC:
2026-02-04T16:02:09.191731Z INFO  utilrsw.logger 
    std: [5.43216472]
    ave: [0.63475011]
    min: [-46.4]
    max: [37.9]
    n: 2341
    n_valid: [2341]
    dt_original: [10000000000]

2026-02-04T16:02:09.205742Z INFO  utilrsw.logger   Uniq dts [ns] = [60000000000]
2026-02-04T16:02:09.205742Z INFO  utilrsw.logger   Uniq dts [#]  = 1
2026-02-04T16:02:09.207024Z INFO  utilrsw.logger   Stats for GIC/calculated/GMU:
2026-02-04T16:02:09.209039Z INFO  utilrsw.logger 
    std: [7.19981913]
    ave: [-0.00760761]
    min: [-42.54594571]
    max: [52.76698016]
    n: 2341
    n_valid: [2341]
    dt_original: [60000000000]

2026-02-04T16:02:09.211041Z WARN  utilrsw.logger   Multiplying measured data by -1 before computing pe.
2026-02-04T16:02:09.212040Z INFO  utilrsw.logger   Metrics for GIC/calculated/GMU:
2026-02-04T16:02:09.214057Z INFO  utilrsw.logger 
    err_rms: [10.92824153]
    err_ave: [0.64235772]
    err: [[0.175553  ]
 [0.60386446]
 [0.9249469 ]
 ...
 [3.04691332]
 [1.00181186]
 [1.94644617]]
    cc: [-0.48155778]
    pe: [-0.49350917]
    valid: [[ True]
 [ True]
 [ True]
 ...
 [ True]
 [ True]
 [ True]]
    n_valid: [2341]

2026-02-04T16:02:09.225228Z INFO  utilrsw.logger Plotting '10255' data
2026-02-04T16:02:09.231243Z INFO  utilrsw.logger   Plotting '10255/GIC/GMU' vs. measured data as timeseries
2026-02-04T16:02:11.176959Z INFO  utilrsw.logger     Writing C:\Users\lwilker\Documents\GitHub\SWERVE-2024-05-10\data_processed/sites/10255/figures\compare\GIC_calculated_GMU_vs_measured_timeseries.png
2026-02-04T16:02:12.859328Z INFO  utilrsw.logger     Writing C:\Users\lwilker\Documents\GitHub\SWERVE-2024-05-10\data_processed/sites/10255/figures\compare\GIC_calculated_GMU_vs_measured_timeseries.pdf
2026-02-04T16:02:13.325245Z INFO  utilrsw.logger   Plotting '10255/GIC/GMU' vs. measured data as scatter
2026-02-04T16:02:14.250400Z INFO  utilrsw.logger     Writing C:\Users\lwilker\Documents\GitHub\SWERVE-2024-05-10\data_processed/sites/10255/figures\compare\GIC_calculated_GMU_vs_measured_scatter.png
2026-02-04T16:02:15.612968Z INFO  utilrsw.logger     Writing C:\Users\lwilker\Documents\GitHub\SWERVE-2024-05-10\data_processed/sites/10255/figures\compare\GIC_calculated_GMU_vs_measured_scatter.pdf
2026-02-04T16:02:16.234963Z INFO  utilrsw.logger   Plotting '10255/GIC/measured/NERC' original vs. modified data
2026-02-04T16:02:17.246503Z INFO  utilrsw.logger     Writing C:\Users\lwilker\Documents\GitHub\SWERVE-2024-05-10\data_processed/sites/10255/figures\original\GIC_measured_NERC.png
2026-02-04T16:02:18.318305Z INFO  utilrsw.logger     Writing C:\Users\lwilker\Documents\GitHub\SWERVE-2024-05-10\data_processed/sites/10255/figures\original\GIC_measured_NERC.pdf
2026-02-04T16:02:18.597890Z INFO  utilrsw.logger   Plotting '10255/GIC/calculated/GMU' original vs. modified data
2026-02-04T16:02:19.387370Z INFO  utilrsw.logger     Writing C:\Users\lwilker\Documents\GitHub\SWERVE-2024-05-10\data_processed/sites/10255/figures\original\GIC_calculated_GMU.png
2026-02-04T16:02:20.551736Z INFO  utilrsw.logger     Writing C:\Users\lwilker\Documents\GitHub\SWERVE-2024-05-10\data_processed/sites/10255/figures\original\GIC_calculated_GMU.pdf
2026-02-04T16:02:20.840868Z INFO  utilrsw.logger Reading '10587' data
2026-02-04T16:02:20.840868Z INFO  utilrsw.logger   Reading cached file with all data for site '10587': C:\Users\lwilker\Documents\GitHub\SWERVE-2024-05-10\data_processed\sites\10587\data\_all.pkl
2026-02-04T16:02:20.900084Z INFO  utilrsw.logger Computing stats for '10587' data
2026-02-04T16:02:20.969523Z INFO  utilrsw.logger   Uniq dts [ns] = [10000000000]
2026-02-04T16:02:20.969523Z INFO  utilrsw.logger   Uniq dts [#]  = 1
2026-02-04T16:02:20.969523Z INFO  utilrsw.logger   Stats for GIC/measured/NERC:
2026-02-04T16:02:20.969523Z INFO  utilrsw.logger 
    std: [3.57947468]
    ave: [1.5757511]
    min: [-27.86666667]
    max: [33.23333333]
    n: 2341
    n_valid: [2341]
    dt_original: [10000000000]

2026-02-04T16:02:20.979158Z INFO  utilrsw.logger   Uniq dts [ns] = [60000000000]
2026-02-04T16:02:20.979158Z INFO  utilrsw.logger   Uniq dts [#]  = 1
2026-02-04T16:02:20.981167Z INFO  utilrsw.logger   Stats for GIC/calculated/GMU:
2026-02-04T16:02:20.982744Z INFO  utilrsw.logger 
    std: [5.14046976]
    ave: [0.00184192]
    min: [-38.06968189]
    max: [24.98214669]
    n: 2341
    n_valid: [2341]
    dt_original: [60000000000]

2026-02-04T16:02:20.984989Z WARN  utilrsw.logger   Multiplying measured data by -1 before computing pe.
2026-02-04T16:02:20.986700Z INFO  utilrsw.logger   Metrics for GIC/calculated/GMU:
2026-02-04T16:02:20.989051Z INFO  utilrsw.logger 
    err_rms: [6.59695928]
    err_ave: [1.57390918]
    err: [[ 1.62293967]
 [ 1.34830308]
 [ 1.00862528]
 ...
 [-1.03778786]
 [-1.2139603 ]
 [-0.72148498]]
    cc: [-0.04906509]
    pe: [-2.11569341]
    valid: [[ True]
 [ True]
 [ True]
 ...
 [ True]
 [ True]
 [ True]]
    n_valid: [2341]

2026-02-04T16:02:20.992094Z INFO  utilrsw.logger Plotting '10587' data
2026-02-04T16:02:20.999215Z INFO  utilrsw.logger   Plotting '10587/GIC/GMU' vs. measured data as timeseries
2026-02-04T16:02:22.032600Z INFO  utilrsw.logger     Writing C:\Users\lwilker\Documents\GitHub\SWERVE-2024-05-10\data_processed/sites/10587/figures\compare\GIC_calculated_GMU_vs_measured_timeseries.png
2026-02-04T16:02:23.025181Z INFO  utilrsw.logger     Writing C:\Users\lwilker\Documents\GitHub\SWERVE-2024-05-10\data_processed/sites/10587/figures\compare\GIC_calculated_GMU_vs_measured_timeseries.pdf
2026-02-04T16:02:23.308214Z INFO  utilrsw.logger   Plotting '10587/GIC/GMU' vs. measured data as scatter
2026-02-04T16:02:23.786766Z INFO  utilrsw.logger     Writing C:\Users\lwilker\Documents\GitHub\SWERVE-2024-05-10\data_processed/sites/10587/figures\compare\GIC_calculated_GMU_vs_measured_scatter.png
2026-02-04T16:02:24.640540Z INFO  utilrsw.logger     Writing C:\Users\lwilker\Documents\GitHub\SWERVE-2024-05-10\data_processed/sites/10587/figures\compare\GIC_calculated_GMU_vs_measured_scatter.pdf
2026-02-04T16:02:24.980999Z INFO  utilrsw.logger   Plotting '10587/GIC/measured/NERC' original vs. modified data
2026-02-04T16:02:25.887789Z INFO  utilrsw.logger     Writing C:\Users\lwilker\Documents\GitHub\SWERVE-2024-05-10\data_processed/sites/10587/figures\original\GIC_measured_NERC.png
2026-02-04T16:02:26.865470Z INFO  utilrsw.logger     Writing C:\Users\lwilker\Documents\GitHub\SWERVE-2024-05-10\data_processed/sites/10587/figures\original\GIC_measured_NERC.pdf
2026-02-04T16:02:27.146025Z INFO  utilrsw.logger   Plotting '10587/GIC/calculated/GMU' original vs. modified data
2026-02-04T16:02:27.956116Z INFO  utilrsw.logger     Writing C:\Users\lwilker\Documents\GitHub\SWERVE-2024-05-10\data_processed/sites/10587/figures\original\GIC_calculated_GMU.png
2026-02-04T16:02:29.106482Z INFO  utilrsw.logger     Writing C:\Users\lwilker\Documents\GitHub\SWERVE-2024-05-10\data_processed/sites/10587/figures\original\GIC_calculated_GMU.pdf
2026-02-04T16:02:29.377553Z INFO  utilrsw.logger Reading '10618' data
2026-02-04T16:02:29.377553Z INFO  utilrsw.logger   Reading cached file with all data for site '10618': C:\Users\lwilker\Documents\GitHub\SWERVE-2024-05-10\data_processed\sites\10618\data\_all.pkl
2026-02-04T16:02:29.426648Z INFO  utilrsw.logger Computing stats for '10618' data
2026-02-04T16:02:29.439424Z INFO  utilrsw.logger   Uniq dts [ns] = [   2000000000    3000000000    4000000000    5000000000    6000000000
    7000000000    8000000000    9000000000   10000000000   11000000000
   12000000000   13000000000   14000000000   15000000000   16000000000
   17000000000   18000000000   19000000000   21000000000   22000000000
   23000000000   25000000000   26000000000   27000000000   28000000000
   29000000000   30000000000   31000000000   32000000000   33000000000
   34000000000   35000000000   37000000000   38000000000   39000000000
   41000000000   43000000000   45000000000   46000000000   47000000000
   49000000000   50000000000   53000000000   57000000000   58000000000
   59000000000   60000000000   61000000000   62000000000   74000000000
   78000000000   79000000000   85000000000   89000000000   90000000000
   91000000000   92000000000   93000000000  102000000000  114000000000
  119000000000  120000000000  126000000000  149000000000  150000000000
  151000000000  166000000000  170000000000  171000000000  179000000000
  180000000000  201000000000  209000000000  210000000000  211000000000
  239000000000  240000000000  241000000000  269000000000  271000000000
  300000000000  329000000000  331000000000  360000000000  363000000000
  389000000000  391000000000  420000000000  449000000000  451000000000
  480000000000  509000000000  540000000000  569000000000  571000000000
  600000000000  629000000000  660000000000  720000000000  749000000000
  780000000000  809000000000  840000000000  869000000000  900000000000
  931000000000  960000000000 1020000000000 1080000000000 1109000000000
 1140000000000 1171000000000 1229000000000 1260000000000 1351000000000
 1380000000000 1589000000000 1680000000000 1800000000000 2129000000000
 2160000000000 2369000000000 2371000000000 2400000000000 2669000000000
 2671000000000 3240000000000 3600000000000 4860000000000 4949000000000
 5251000000000]
2026-02-04T16:02:29.439424Z INFO  utilrsw.logger   Uniq dts [#]  = 131
2026-02-04T16:02:29.439424Z INFO  utilrsw.logger   Stats for GIC/measured/NERC:
2026-02-04T16:02:29.445635Z INFO  utilrsw.logger 
    std: [1.2306408]
    ave: [0.002575]
    min: [-9.4]
    max: [9.34]
    n: 2341
    n_valid: [1400]
    dt_original: [   2000000000    3000000000    4000000000    5000000000    6000000000
    7000000000    8000000000    9000000000   10000000000   11000000000
   12000000000   13000000000   14000000000   15000000000   16000000000
   17000000000   18000000000   19000000000   21000000000   22000000000
   23000000000   25000000000   26000000000   27000000000   28000000000
   29000000000   30000000000   31000000000   32000000000   33000000000
   34000000000   35000000000   37000000000   38000000000   39000000000
   41000000000   43000000000   45000000000   46000000000   47000000000
   49000000000   50000000000   53000000000   57000000000   58000000000
   59000000000   60000000000   61000000000   62000000000   74000000000
   78000000000   79000000000   85000000000   89000000000   90000000000
   91000000000   92000000000   93000000000  102000000000  114000000000
  119000000000  120000000000  126000000000  149000000000  150000000000
  151000000000  166000000000  170000000000  171000000000  179000000000
  180000000000  201000000000  209000000000  210000000000  211000000000
  239000000000  240000000000  241000000000  269000000000  271000000000
  300000000000  329000000000  331000000000  360000000000  363000000000
  389000000000  391000000000  420000000000  449000000000  451000000000
  480000000000  509000000000  540000000000  569000000000  571000000000
  600000000000  629000000000  660000000000  720000000000  749000000000
  780000000000  809000000000  840000000000  869000000000  900000000000
  931000000000  960000000000 1020000000000 1080000000000 1109000000000
 1140000000000 1171000000000 1229000000000 1260000000000 1351000000000
 1380000000000 1589000000000 1680000000000 1800000000000 2129000000000
 2160000000000 2369000000000 2371000000000 2400000000000 2669000000000
 2671000000000 3240000000000 3600000000000 4860000000000 4949000000000
 5251000000000]

2026-02-04T16:02:29.451225Z INFO  utilrsw.logger Plotting '10618' data
2026-02-04T16:02:29.451225Z INFO  utilrsw.logger   Plotting '10618/GIC/measured/NERC' original vs. modified data
2026-02-04T16:02:30.223400Z INFO  utilrsw.logger     Writing C:\Users\lwilker\Documents\GitHub\SWERVE-2024-05-10\data_processed/sites/10618/figures\original\GIC_measured_NERC.png
2026-02-04T16:02:31.224545Z INFO  utilrsw.logger     Writing C:\Users\lwilker\Documents\GitHub\SWERVE-2024-05-10\data_processed/sites/10618/figures\original\GIC_measured_NERC.pdf
2026-02-04T16:02:31.492557Z INFO  utilrsw.logger Reading '10619' data
2026-02-04T16:02:31.494573Z INFO  utilrsw.logger   Reading cached file with all data for site '10619': C:\Users\lwilker\Documents\GitHub\SWERVE-2024-05-10\data_processed\sites\10619\data\_all.pkl
2026-02-04T16:02:31.534734Z INFO  utilrsw.logger Computing stats for '10619' data
2026-02-04T16:02:31.542942Z INFO  utilrsw.logger   Uniq dts [ns] = [   2000000000    3000000000    5000000000    6000000000    7000000000
    8000000000    9000000000   10000000000   11000000000   13000000000
   14000000000   15000000000   16000000000   17000000000   18000000000
   19000000000   20000000000   21000000000   22000000000   23000000000
   25000000000   26000000000   27000000000   28000000000   29000000000
   30000000000   31000000000   33000000000   34000000000   35000000000
   37000000000   38000000000   39000000000   40000000000   41000000000
   42000000000   43000000000   49000000000   50000000000   53000000000
   54000000000   55000000000   56000000000   58000000000   59000000000
   60000000000   61000000000   65000000000   70000000000   89000000000
   90000000000   91000000000   93000000000   94000000000  112000000000
  115000000000  119000000000  120000000000  149000000000  150000000000
  151000000000  161000000000  171000000000  180000000000  181000000000
  201000000000  209000000000  210000000000  211000000000  239000000000
  240000000000  269000000000  271000000000  299000000000  300000000000
  301000000000  329000000000  330000000000  331000000000  360000000000
  389000000000  391000000000  420000000000  451000000000  480000000000
  509000000000  511000000000  540000000000  569000000000  600000000000
  629000000000  631000000000  660000000000  691000000000  720000000000
  780000000000  809000000000  811000000000  840000000000  869000000000
  871000000000  900000000000  929000000000  960000000000 1020000000000
 1109000000000 1140000000000 1231000000000 1291000000000 1349000000000
 1351000000000 1380000000000 1409000000000 1469000000000 1800000000000
 1860000000000 1891000000000 1920000000000 2071000000000 2191000000000
 2228000000000 2400000000000 2671000000000 3420000000000 3689000000000
 4409000000000 4500000000000 4949000000000 5520000000000 6391000000000
 7200000000000]
2026-02-04T16:02:31.542942Z INFO  utilrsw.logger   Uniq dts [#]  = 131
2026-02-04T16:02:31.542942Z INFO  utilrsw.logger   Stats for GIC/measured/NERC:
2026-02-04T16:02:31.549071Z INFO  utilrsw.logger 
    std: [1.03947163]
    ave: [0.00917787]
    min: [-7.57]
    max: [8.33]
    n: 2341
    n_valid: [1265]
    dt_original: [   2000000000    3000000000    5000000000    6000000000    7000000000
    8000000000    9000000000   10000000000   11000000000   13000000000
   14000000000   15000000000   16000000000   17000000000   18000000000
   19000000000   20000000000   21000000000   22000000000   23000000000
   25000000000   26000000000   27000000000   28000000000   29000000000
   30000000000   31000000000   33000000000   34000000000   35000000000
   37000000000   38000000000   39000000000   40000000000   41000000000
   42000000000   43000000000   49000000000   50000000000   53000000000
   54000000000   55000000000   56000000000   58000000000   59000000000
   60000000000   61000000000   65000000000   70000000000   89000000000
   90000000000   91000000000   93000000000   94000000000  112000000000
  115000000000  119000000000  120000000000  149000000000  150000000000
  151000000000  161000000000  171000000000  180000000000  181000000000
  201000000000  209000000000  210000000000  211000000000  239000000000
  240000000000  269000000000  271000000000  299000000000  300000000000
  301000000000  329000000000  330000000000  331000000000  360000000000
  389000000000  391000000000  420000000000  451000000000  480000000000
  509000000000  511000000000  540000000000  569000000000  600000000000
  629000000000  631000000000  660000000000  691000000000  720000000000
  780000000000  809000000000  811000000000  840000000000  869000000000
  871000000000  900000000000  929000000000  960000000000 1020000000000
 1109000000000 1140000000000 1231000000000 1291000000000 1349000000000
 1351000000000 1380000000000 1409000000000 1469000000000 1800000000000
 1860000000000 1891000000000 1920000000000 2071000000000 2191000000000
 2228000000000 2400000000000 2671000000000 3420000000000 3689000000000
 4409000000000 4500000000000 4949000000000 5520000000000 6391000000000
 7200000000000]

2026-02-04T16:02:31.556109Z INFO  utilrsw.logger Plotting '10619' data
2026-02-04T16:02:31.558873Z INFO  utilrsw.logger   Plotting '10619/GIC/measured/NERC' original vs. modified data
2026-02-04T16:02:32.536141Z INFO  utilrsw.logger     Writing C:\Users\lwilker\Documents\GitHub\SWERVE-2024-05-10\data_processed/sites/10619/figures\original\GIC_measured_NERC.png
2026-02-04T16:02:33.492663Z INFO  utilrsw.logger     Writing C:\Users\lwilker\Documents\GitHub\SWERVE-2024-05-10\data_processed/sites/10619/figures\original\GIC_measured_NERC.pdf
2026-02-04T16:02:33.786801Z INFO  utilrsw.logger Reading '10622' data
2026-02-04T16:02:33.786801Z INFO  utilrsw.logger   Reading cached file with all data for site '10622': C:\Users\lwilker\Documents\GitHub\SWERVE-2024-05-10\data_processed\sites\10622\data\_all.pkl
2026-02-04T16:02:33.849698Z INFO  utilrsw.logger Computing stats for '10622' data
2026-02-04T16:02:33.874611Z INFO  utilrsw.logger   Uniq dts [ns] = [  2000000000   6000000000   7000000000   9000000000  10000000000
  13000000000  18000000000  19000000000  20000000000  22000000000
  23000000000  25000000000  27000000000  28000000000  29000000000
  30000000000  31000000000  33000000000  40000000000  51000000000
  59000000000  60000000000  61000000000  89000000000  90000000000
  91000000000 119000000000 120000000000 121000000000 149000000000
 150000000000 151000000000 179000000000 180000000000 181000000000
 209000000000 210000000000 211000000000 239000000000 240000000000
 241000000000 269000000000 271000000000 300000000000 329000000000
 331000000000 360000000000 389000000000 391000000000 451000000000]
2026-02-04T16:02:33.874611Z INFO  utilrsw.logger   Uniq dts [#]  = 50
2026-02-04T16:02:33.877238Z INFO  utilrsw.logger   Stats for GIC/measured/NERC:
2026-02-04T16:02:33.877238Z INFO  utilrsw.logger 
    std: [0.45748781]
    ave: [-0.02840155]
    min: [-3.63]
    max: [2.14]
    n: 2341
    n_valid: [1808]
    dt_original: [  2000000000   6000000000   7000000000   9000000000  10000000000
  13000000000  18000000000  19000000000  20000000000  22000000000
  23000000000  25000000000  27000000000  28000000000  29000000000
  30000000000  31000000000  33000000000  40000000000  51000000000
  59000000000  60000000000  61000000000  89000000000  90000000000
  91000000000 119000000000 120000000000 121000000000 149000000000
 150000000000 151000000000 179000000000 180000000000 181000000000
 209000000000 210000000000 211000000000 239000000000 240000000000
 241000000000 269000000000 271000000000 300000000000 329000000000
 331000000000 360000000000 389000000000 391000000000 451000000000]

2026-02-04T16:02:33.882422Z INFO  utilrsw.logger   Uniq dts [ns] = [60000000000]
2026-02-04T16:02:33.882422Z INFO  utilrsw.logger   Uniq dts [#]  = 1
2026-02-04T16:02:33.891711Z INFO  utilrsw.logger   Stats for GIC/calculated/GMU:
2026-02-04T16:02:33.891711Z INFO  utilrsw.logger 
    std: [1.24803559]
    ave: [2.82570105e-05]
    min: [-8.09893188]
    max: [12.77079111]
    n: 2341
    n_valid: [2341]
    dt_original: [60000000000]

2026-02-04T16:02:33.891711Z INFO  utilrsw.logger   Metrics for GIC/calculated/GMU:
2026-02-04T16:02:33.891711Z INFO  utilrsw.logger 
    err_rms: [1.11913211]
    err_ave: [-0.00063944]
    err: [[ 0.36021343]
 [ 0.12446956]
 [ 0.18727422]
 ...
 [-0.09844048]
 [-0.00167775]
 [-0.20583046]]
    cc: [0.56259743]
    pe: [-4.9841664]
    valid: [[ True]
 [False]
 [False]
 ...
 [ True]
 [ True]
 [False]]
    n_valid: [1808]

2026-02-04T16:02:33.899713Z INFO  utilrsw.logger Plotting '10622' data
2026-02-04T16:02:33.908487Z INFO  utilrsw.logger   Plotting '10622/GIC/GMU' vs. measured data as timeseries
2026-02-04T16:02:34.670874Z INFO  utilrsw.logger     Writing C:\Users\lwilker\Documents\GitHub\SWERVE-2024-05-10\data_processed/sites/10622/figures\compare\GIC_calculated_GMU_vs_measured_timeseries.png
2026-02-04T16:02:35.584572Z INFO  utilrsw.logger     Writing C:\Users\lwilker\Documents\GitHub\SWERVE-2024-05-10\data_processed/sites/10622/figures\compare\GIC_calculated_GMU_vs_measured_timeseries.pdf
2026-02-04T16:02:35.863188Z INFO  utilrsw.logger   Plotting '10622/GIC/GMU' vs. measured data as scatter
2026-02-04T16:02:36.332098Z INFO  utilrsw.logger     Writing C:\Users\lwilker\Documents\GitHub\SWERVE-2024-05-10\data_processed/sites/10622/figures\compare\GIC_calculated_GMU_vs_measured_scatter.png
2026-02-04T16:02:37.195968Z INFO  utilrsw.logger     Writing C:\Users\lwilker\Documents\GitHub\SWERVE-2024-05-10\data_processed/sites/10622/figures\compare\GIC_calculated_GMU_vs_measured_scatter.pdf
2026-02-04T16:02:37.489840Z INFO  utilrsw.logger   Plotting '10622/GIC/measured/NERC' original vs. modified data
2026-02-04T16:02:38.334127Z INFO  utilrsw.logger     Writing C:\Users\lwilker\Documents\GitHub\SWERVE-2024-05-10\data_processed/sites/10622/figures\original\GIC_measured_NERC.png
2026-02-04T16:02:39.298027Z INFO  utilrsw.logger     Writing C:\Users\lwilker\Documents\GitHub\SWERVE-2024-05-10\data_processed/sites/10622/figures\original\GIC_measured_NERC.pdf
2026-02-04T16:02:39.577959Z INFO  utilrsw.logger   Plotting '10622/GIC/calculated/GMU' original vs. modified data
2026-02-04T16:02:40.348909Z INFO  utilrsw.logger     Writing C:\Users\lwilker\Documents\GitHub\SWERVE-2024-05-10\data_processed/sites/10622/figures\original\GIC_calculated_GMU.png
2026-02-04T16:02:41.382792Z INFO  utilrsw.logger     Writing C:\Users\lwilker\Documents\GitHub\SWERVE-2024-05-10\data_processed/sites/10622/figures\original\GIC_calculated_GMU.pdf
2026-02-04T16:02:41.637230Z INFO  utilrsw.logger Reading '10063' data
2026-02-04T16:02:41.637230Z INFO  utilrsw.logger   Reading cached file with all data for site '10063': C:\Users\lwilker\Documents\GitHub\SWERVE-2024-05-10\data_processed\sites\10063\data\_all.pkl
2026-02-04T16:02:41.789754Z INFO  utilrsw.logger Computing stats for '10063' data
2026-02-04T16:02:42.368370Z INFO  utilrsw.logger   Uniq dts [ns] = [1000000000 2000000000]
2026-02-04T16:02:42.368370Z INFO  utilrsw.logger   Uniq dts [#]  = 2
2026-02-04T16:02:42.368370Z INFO  utilrsw.logger   Stats for GIC/measured/NERC:
2026-02-04T16:02:42.368370Z INFO  utilrsw.logger 
    std: [0.20410258]
    ave: [0.01174284]
    min: [-1.27]
    max: [1.17833333]
    n: 2341
    n_valid: [2341]
    dt_original: [1000000000 2000000000]

2026-02-04T16:02:42.384198Z INFO  utilrsw.logger   Uniq dts [ns] = [60000000000]
2026-02-04T16:02:42.386065Z INFO  utilrsw.logger   Uniq dts [#]  = 1
2026-02-04T16:02:42.386065Z INFO  utilrsw.logger   Stats for GIC/calculated/GMU:
2026-02-04T16:02:42.389552Z INFO  utilrsw.logger 
    std: [0.30083331]
    ave: [-7.77866726e-05]
    min: [-2.75198873]
    max: [1.72863147]
    n: 2341
    n_valid: [2341]
    dt_original: [60000000000]

2026-02-04T16:02:42.391992Z WARN  utilrsw.logger   Multiplying measured data by -1 before computing pe.
2026-02-04T16:02:42.393114Z INFO  utilrsw.logger   Metrics for GIC/calculated/GMU:
2026-02-04T16:02:42.393114Z INFO  utilrsw.logger 
    err_rms: [0.40887522]
    err_ave: [0.01182063]
    err: [[-0.09623669]
 [-0.03602264]
 [-0.01068441]
 ...
 [ 0.07535436]
 [ 0.06474449]
 [ 0.11532203]]
    cc: [-0.28404063]
    pe: [-1.33842872]
    valid: [[ True]
 [ True]
 [ True]
 ...
 [ True]
 [ True]
 [ True]]
    n_valid: [2341]

2026-02-04T16:02:42.393114Z INFO  utilrsw.logger Plotting '10063' data
2026-02-04T16:02:42.402776Z INFO  utilrsw.logger   Plotting '10063/GIC/GMU' vs. measured data as timeseries
2026-02-04T16:02:43.355736Z INFO  utilrsw.logger     Writing C:\Users\lwilker\Documents\GitHub\SWERVE-2024-05-10\data_processed/sites/10063/figures\compare\GIC_calculated_GMU_vs_measured_timeseries.png
2026-02-04T16:02:44.294315Z INFO  utilrsw.logger     Writing C:\Users\lwilker\Documents\GitHub\SWERVE-2024-05-10\data_processed/sites/10063/figures\compare\GIC_calculated_GMU_vs_measured_timeseries.pdf
2026-02-04T16:02:44.548659Z INFO  utilrsw.logger   Plotting '10063/GIC/GMU' vs. measured data as scatter
2026-02-04T16:02:45.030878Z INFO  utilrsw.logger     Writing C:\Users\lwilker\Documents\GitHub\SWERVE-2024-05-10\data_processed/sites/10063/figures\compare\GIC_calculated_GMU_vs_measured_scatter.png
2026-02-04T16:02:45.860890Z INFO  utilrsw.logger     Writing C:\Users\lwilker\Documents\GitHub\SWERVE-2024-05-10\data_processed/sites/10063/figures\compare\GIC_calculated_GMU_vs_measured_scatter.pdf
2026-02-04T16:02:46.178983Z INFO  utilrsw.logger   Plotting '10063/GIC/measured/NERC' original vs. modified data
2026-02-04T16:02:48.619012Z INFO  utilrsw.logger     Writing C:\Users\lwilker\Documents\GitHub\SWERVE-2024-05-10\data_processed/sites/10063/figures\original\GIC_measured_NERC.png
2026-02-04T16:02:50.296610Z INFO  utilrsw.logger     Writing C:\Users\lwilker\Documents\GitHub\SWERVE-2024-05-10\data_processed/sites/10063/figures\original\GIC_measured_NERC.pdf
2026-02-04T16:02:50.608466Z INFO  utilrsw.logger   Plotting '10063/GIC/calculated/GMU' original vs. modified data
2026-02-04T16:02:51.394665Z INFO  utilrsw.logger     Writing C:\Users\lwilker\Documents\GitHub\SWERVE-2024-05-10\data_processed/sites/10063/figures\original\GIC_calculated_GMU.png
2026-02-04T16:02:52.458063Z INFO  utilrsw.logger     Writing C:\Users\lwilker\Documents\GitHub\SWERVE-2024-05-10\data_processed/sites/10063/figures\original\GIC_calculated_GMU.pdf
2026-02-04T16:02:52.739675Z INFO  utilrsw.logger Reading '10077' data
2026-02-04T16:02:52.739675Z INFO  utilrsw.logger   Reading cached file with all data for site '10077': C:\Users\lwilker\Documents\GitHub\SWERVE-2024-05-10\data_processed\sites\10077\data\_all.pkl
2026-02-04T16:02:52.799147Z INFO  utilrsw.logger Computing stats for '10077' data
2026-02-04T16:02:52.865499Z INFO  utilrsw.logger   Uniq dts [ns] = [10000000000]
2026-02-04T16:02:52.865499Z INFO  utilrsw.logger   Uniq dts [#]  = 1
2026-02-04T16:02:52.865499Z INFO  utilrsw.logger   Stats for GIC/measured/NERC:
2026-02-04T16:02:52.877096Z INFO  utilrsw.logger 
    std: [3.95870973]
    ave: [-1.4648925]
    min: [-32.66166667]
    max: [36.84333333]
    n: 2341
    n_valid: [2341]
    dt_original: [10000000000]

2026-02-04T16:02:52.885391Z INFO  utilrsw.logger   Uniq dts [ns] = [60000000000]
2026-02-04T16:02:52.885391Z INFO  utilrsw.logger   Uniq dts [#]  = 1
2026-02-04T16:02:52.885391Z INFO  utilrsw.logger   Stats for GIC/calculated/GMU:
2026-02-04T16:02:52.885391Z INFO  utilrsw.logger 
    std: [0.61876149]
    ave: [0.0004241]
    min: [-3.73623523]
    max: [5.37478966]
    n: 2341
    n_valid: [2341]
    dt_original: [60000000000]

2026-02-04T16:02:52.885391Z WARN  utilrsw.logger   Multiplying measured data by -1 before computing pe.
2026-02-04T16:02:52.885391Z INFO  utilrsw.logger   Metrics for GIC/calculated/GMU:
2026-02-04T16:02:52.890550Z INFO  utilrsw.logger 
    err_rms: [4.28300339]
    err_ave: [-1.4653166]
    err: [[-0.26030745]
 [-0.655654  ]
 [-1.21507635]
 ...
 [-2.58440754]
 [-2.18356888]
 [-1.83871884]]
    cc: [-0.02913186]
    pe: [-0.15217653]
    valid: [[ True]
 [ True]
 [ True]
 ...
 [ True]
 [ True]
 [ True]]
    n_valid: [2341]

2026-02-04T16:02:52.895159Z INFO  utilrsw.logger Plotting '10077' data
2026-02-04T16:02:52.900164Z INFO  utilrsw.logger   Plotting '10077/GIC/GMU' vs. measured data as timeseries
2026-02-04T16:02:53.931437Z INFO  utilrsw.logger     Writing C:\Users\lwilker\Documents\GitHub\SWERVE-2024-05-10\data_processed/sites/10077/figures\compare\GIC_calculated_GMU_vs_measured_timeseries.png
2026-02-04T16:02:54.854185Z INFO  utilrsw.logger     Writing C:\Users\lwilker\Documents\GitHub\SWERVE-2024-05-10\data_processed/sites/10077/figures\compare\GIC_calculated_GMU_vs_measured_timeseries.pdf
2026-02-04T16:02:55.124777Z INFO  utilrsw.logger   Plotting '10077/GIC/GMU' vs. measured data as scatter
2026-02-04T16:02:55.608593Z INFO  utilrsw.logger     Writing C:\Users\lwilker\Documents\GitHub\SWERVE-2024-05-10\data_processed/sites/10077/figures\compare\GIC_calculated_GMU_vs_measured_scatter.png
2026-02-04T16:02:56.468739Z INFO  utilrsw.logger     Writing C:\Users\lwilker\Documents\GitHub\SWERVE-2024-05-10\data_processed/sites/10077/figures\compare\GIC_calculated_GMU_vs_measured_scatter.pdf
2026-02-04T16:02:56.801203Z INFO  utilrsw.logger   Plotting '10077/GIC/measured/NERC' original vs. modified data
2026-02-04T16:02:57.772410Z INFO  utilrsw.logger     Writing C:\Users\lwilker\Documents\GitHub\SWERVE-2024-05-10\data_processed/sites/10077/figures\original\GIC_measured_NERC.png
2026-02-04T16:02:58.693846Z INFO  utilrsw.logger     Writing C:\Users\lwilker\Documents\GitHub\SWERVE-2024-05-10\data_processed/sites/10077/figures\original\GIC_measured_NERC.pdf
2026-02-04T16:02:58.991718Z INFO  utilrsw.logger   Plotting '10077/GIC/calculated/GMU' original vs. modified data
2026-02-04T16:02:59.834641Z INFO  utilrsw.logger     Writing C:\Users\lwilker\Documents\GitHub\SWERVE-2024-05-10\data_processed/sites/10077/figures\original\GIC_calculated_GMU.png
2026-02-04T16:03:00.904113Z INFO  utilrsw.logger     Writing C:\Users\lwilker\Documents\GitHub\SWERVE-2024-05-10\data_processed/sites/10077/figures\original\GIC_calculated_GMU.pdf
2026-02-04T16:03:01.184456Z INFO  utilrsw.logger Reading '10079' data
2026-02-04T16:03:01.184456Z INFO  utilrsw.logger   Reading cached file with all data for site '10079': C:\Users\lwilker\Documents\GitHub\SWERVE-2024-05-10\data_processed\sites\10079\data\_all.pkl
2026-02-04T16:03:01.256734Z INFO  utilrsw.logger Computing stats for '10079' data
2026-02-04T16:03:01.328369Z INFO  utilrsw.logger   Uniq dts [ns] = [10000000000]
2026-02-04T16:03:01.328369Z INFO  utilrsw.logger   Uniq dts [#]  = 1
2026-02-04T16:03:01.328369Z INFO  utilrsw.logger   Stats for GIC/measured/NERC:
2026-02-04T16:03:01.328369Z INFO  utilrsw.logger 
    std: [2.86599237]
    ave: [0.03489606]
    min: [-27.31833333]
    max: [27.58833333]
    n: 2341
    n_valid: [2341]
    dt_original: [10000000000]

2026-02-04T16:03:01.339840Z INFO  utilrsw.logger   Uniq dts [ns] = [60000000000]
2026-02-04T16:03:01.342340Z INFO  utilrsw.logger   Uniq dts [#]  = 1
2026-02-04T16:03:01.342340Z INFO  utilrsw.logger   Stats for GIC/calculated/GMU:
2026-02-04T16:03:01.344693Z INFO  utilrsw.logger 
    std: [0.54841955]
    ave: [-0.00036471]
    min: [-4.94799224]
    max: [3.34358949]
    n: 2341
    n_valid: [2341]
    dt_original: [60000000000]

2026-02-04T16:03:01.344693Z INFO  utilrsw.logger   Metrics for GIC/calculated/GMU:
2026-02-04T16:03:01.344693Z INFO  utilrsw.logger 
    err_rms: [2.61792522]
    err_ave: [0.03526077]
    err: [[ 0.06670277]
 [ 0.14036906]
 [ 0.45668721]
 ...
 [-0.49255975]
 [ 0.31630402]
 [-0.73102891]]
    cc: [0.52882773]
    pe: [0.16561898]
    valid: [[ True]
 [ True]
 [ True]
 ...
 [ True]
 [ True]
 [ True]]
    n_valid: [2341]

2026-02-04T16:03:01.352707Z INFO  utilrsw.logger Plotting '10079' data
2026-02-04T16:03:01.356305Z INFO  utilrsw.logger   Plotting '10079/GIC/GMU' vs. measured data as timeseries
2026-02-04T16:03:02.139170Z INFO  utilrsw.logger     Writing C:\Users\lwilker\Documents\GitHub\SWERVE-2024-05-10\data_processed/sites/10079/figures\compare\GIC_calculated_GMU_vs_measured_timeseries.png
2026-02-04T16:03:03.030046Z INFO  utilrsw.logger     Writing C:\Users\lwilker\Documents\GitHub\SWERVE-2024-05-10\data_processed/sites/10079/figures\compare\GIC_calculated_GMU_vs_measured_timeseries.pdf
2026-02-04T16:03:03.306985Z INFO  utilrsw.logger   Plotting '10079/GIC/GMU' vs. measured data as scatter
2026-02-04T16:03:03.987301Z INFO  utilrsw.logger     Writing C:\Users\lwilker\Documents\GitHub\SWERVE-2024-05-10\data_processed/sites/10079/figures\compare\GIC_calculated_GMU_vs_measured_scatter.png
2026-02-04T16:03:04.835199Z INFO  utilrsw.logger     Writing C:\Users\lwilker\Documents\GitHub\SWERVE-2024-05-10\data_processed/sites/10079/figures\compare\GIC_calculated_GMU_vs_measured_scatter.pdf
2026-02-04T16:03:05.150628Z INFO  utilrsw.logger   Plotting '10079/GIC/measured/NERC' original vs. modified data
2026-02-04T16:03:06.154271Z INFO  utilrsw.logger     Writing C:\Users\lwilker\Documents\GitHub\SWERVE-2024-05-10\data_processed/sites/10079/figures\original\GIC_measured_NERC.png
2026-02-04T16:03:07.271360Z INFO  utilrsw.logger     Writing C:\Users\lwilker\Documents\GitHub\SWERVE-2024-05-10\data_processed/sites/10079/figures\original\GIC_measured_NERC.pdf
2026-02-04T16:03:07.577469Z INFO  utilrsw.logger   Plotting '10079/GIC/calculated/GMU' original vs. modified data
2026-02-04T16:03:08.362223Z INFO  utilrsw.logger     Writing C:\Users\lwilker\Documents\GitHub\SWERVE-2024-05-10\data_processed/sites/10079/figures\original\GIC_calculated_GMU.png
2026-02-04T16:03:09.421864Z INFO  utilrsw.logger     Writing C:\Users\lwilker\Documents\GitHub\SWERVE-2024-05-10\data_processed/sites/10079/figures\original\GIC_calculated_GMU.pdf
2026-02-04T16:03:09.681735Z INFO  utilrsw.logger Reading '10107' data
2026-02-04T16:03:09.684241Z INFO  utilrsw.logger   Reading cached file with all data for site '10107': C:\Users\lwilker\Documents\GitHub\SWERVE-2024-05-10\data_processed\sites\10107\data\_all.pkl
2026-02-04T16:03:09.822529Z INFO  utilrsw.logger Computing stats for '10107' data
2026-02-04T16:03:10.404485Z INFO  utilrsw.logger   Uniq dts [ns] = [1000000000]
2026-02-04T16:03:10.404485Z INFO  utilrsw.logger   Uniq dts [#]  = 1
2026-02-04T16:03:10.404485Z INFO  utilrsw.logger   Stats for GIC/measured/NERC:
2026-02-04T16:03:10.406496Z INFO  utilrsw.logger 
    std: [5.00435427]
    ave: [0.05446818]
    min: [-19.535]
    max: [32.85]
    n: 2341
    n_valid: [2341]
    dt_original: [1000000000]

2026-02-04T16:03:10.410547Z INFO  utilrsw.logger Plotting '10107' data
2026-02-04T16:03:10.415840Z INFO  utilrsw.logger   Plotting '10107/GIC/measured/NERC' original vs. modified data
2026-02-04T16:03:12.824570Z INFO  utilrsw.logger     Writing C:\Users\lwilker\Documents\GitHub\SWERVE-2024-05-10\data_processed/sites/10107/figures\original\GIC_measured_NERC.png
2026-02-04T16:03:14.320070Z INFO  utilrsw.logger     Writing C:\Users\lwilker\Documents\GitHub\SWERVE-2024-05-10\data_processed/sites/10107/figures\original\GIC_measured_NERC.pdf
2026-02-04T16:03:14.680298Z INFO  utilrsw.logger Reading '10112' data
2026-02-04T16:03:14.693273Z INFO  utilrsw.logger   Reading cached file with all data for site '10112': C:\Users\lwilker\Documents\GitHub\SWERVE-2024-05-10\data_processed\sites\10112\data\_all.pkl
2026-02-04T16:03:14.750888Z INFO  utilrsw.logger Computing stats for '10112' data
2026-02-04T16:03:14.816834Z INFO  utilrsw.logger   Uniq dts [ns] = [10000000000]
2026-02-04T16:03:14.816834Z INFO  utilrsw.logger   Uniq dts [#]  = 1
2026-02-04T16:03:14.816834Z INFO  utilrsw.logger   Stats for GIC/measured/NERC:
2026-02-04T16:03:14.816834Z INFO  utilrsw.logger 
    std: [8.81775305]
    ave: [0.68587427]
    min: [-49.87333333]
    max: [59.65833333]
    n: 2341
    n_valid: [2341]
    dt_original: [10000000000]

2026-02-04T16:03:14.823249Z INFO  utilrsw.logger Plotting '10112' data
2026-02-04T16:03:14.829165Z INFO  utilrsw.logger   Plotting '10112/GIC/measured/NERC' original vs. modified data
2026-02-04T16:03:16.070125Z INFO  utilrsw.logger     Writing C:\Users\lwilker\Documents\GitHub\SWERVE-2024-05-10\data_processed/sites/10112/figures\original\GIC_measured_NERC.png
2026-02-04T16:03:17.260550Z INFO  utilrsw.logger     Writing C:\Users\lwilker\Documents\GitHub\SWERVE-2024-05-10\data_processed/sites/10112/figures\original\GIC_measured_NERC.pdf
2026-02-04T16:03:17.602746Z INFO  utilrsw.logger Reading '10113' data
2026-02-04T16:03:17.602746Z INFO  utilrsw.logger   Reading cached file with all data for site '10113': C:\Users\lwilker\Documents\GitHub\SWERVE-2024-05-10\data_processed\sites\10113\data\_all.pkl
2026-02-04T16:03:17.661492Z INFO  utilrsw.logger Computing stats for '10113' data
2026-02-04T16:03:17.726576Z INFO  utilrsw.logger   Uniq dts [ns] = [10000000000]
2026-02-04T16:03:17.733789Z INFO  utilrsw.logger   Uniq dts [#]  = 1
2026-02-04T16:03:17.733789Z INFO  utilrsw.logger   Stats for GIC/measured/NERC:
2026-02-04T16:03:17.733789Z INFO  utilrsw.logger 
    std: [2.06941916]
    ave: [-1.55237577]
    min: [-10.385]
    max: [16.09166667]
    n: 2341
    n_valid: [2341]
    dt_original: [10000000000]

2026-02-04T16:03:17.743590Z INFO  utilrsw.logger   Uniq dts [ns] = [60000000000]
2026-02-04T16:03:17.744108Z INFO  utilrsw.logger   Uniq dts [#]  = 1
2026-02-04T16:03:17.744108Z INFO  utilrsw.logger   Stats for GIC/calculated/GMU:
2026-02-04T16:03:17.746220Z INFO  utilrsw.logger 
    std: [1.39727096]
    ave: [-0.00236638]
    min: [-8.97093907]
    max: [7.86583643]
    n: 2341
    n_valid: [2341]
    dt_original: [60000000000]

2026-02-04T16:03:17.747681Z WARN  utilrsw.logger   Multiplying measured data by -1 before computing pe.
2026-02-04T16:03:17.748540Z INFO  utilrsw.logger   Metrics for GIC/calculated/GMU:
2026-02-04T16:03:17.750506Z INFO  utilrsw.logger 
    err_rms: [3.31229844]
    err_ave: [-1.55000939]
    err: [[-2.33488085]
 [-1.93682162]
 [-2.234641  ]
 ...
 [-0.69531941]
 [-1.28147835]
 [-0.94659316]]
    cc: [-0.40357917]
    pe: [-0.47534414]
    valid: [[ True]
 [ True]
 [ True]
 ...
 [ True]
 [ True]
 [ True]]
    n_valid: [2341]

2026-02-04T16:03:17.751594Z INFO  utilrsw.logger Plotting '10113' data
2026-02-04T16:03:17.759368Z INFO  utilrsw.logger   Plotting '10113/GIC/GMU' vs. measured data as timeseries
2026-02-04T16:03:18.575418Z INFO  utilrsw.logger     Writing C:\Users\lwilker\Documents\GitHub\SWERVE-2024-05-10\data_processed/sites/10113/figures\compare\GIC_calculated_GMU_vs_measured_timeseries.png
2026-02-04T16:03:19.588872Z INFO  utilrsw.logger     Writing C:\Users\lwilker\Documents\GitHub\SWERVE-2024-05-10\data_processed/sites/10113/figures\compare\GIC_calculated_GMU_vs_measured_timeseries.pdf
2026-02-04T16:03:19.915294Z INFO  utilrsw.logger   Plotting '10113/GIC/GMU' vs. measured data as scatter
2026-02-04T16:03:20.467889Z INFO  utilrsw.logger     Writing C:\Users\lwilker\Documents\GitHub\SWERVE-2024-05-10\data_processed/sites/10113/figures\compare\GIC_calculated_GMU_vs_measured_scatter.png
2026-02-04T16:03:21.593817Z INFO  utilrsw.logger     Writing C:\Users\lwilker\Documents\GitHub\SWERVE-2024-05-10\data_processed/sites/10113/figures\compare\GIC_calculated_GMU_vs_measured_scatter.pdf
2026-02-04T16:03:22.197800Z INFO  utilrsw.logger   Plotting '10113/GIC/measured/NERC' original vs. modified data
2026-02-04T16:03:23.932181Z INFO  utilrsw.logger     Writing C:\Users\lwilker\Documents\GitHub\SWERVE-2024-05-10\data_processed/sites/10113/figures\original\GIC_measured_NERC.png
2026-02-04T16:03:25.905781Z INFO  utilrsw.logger     Writing C:\Users\lwilker\Documents\GitHub\SWERVE-2024-05-10\data_processed/sites/10113/figures\original\GIC_measured_NERC.pdf
2026-02-04T16:03:26.420346Z INFO  utilrsw.logger   Plotting '10113/GIC/calculated/GMU' original vs. modified data
2026-02-04T16:03:27.854591Z INFO  utilrsw.logger     Writing C:\Users\lwilker\Documents\GitHub\SWERVE-2024-05-10\data_processed/sites/10113/figures\original\GIC_calculated_GMU.png
2026-02-04T16:03:29.765593Z INFO  utilrsw.logger     Writing C:\Users\lwilker\Documents\GitHub\SWERVE-2024-05-10\data_processed/sites/10113/figures\original\GIC_calculated_GMU.pdf
2026-02-04T16:03:30.326210Z INFO  utilrsw.logger Reading '10114' data
2026-02-04T16:03:30.327343Z INFO  utilrsw.logger   Reading cached file with all data for site '10114': C:\Users\lwilker\Documents\GitHub\SWERVE-2024-05-10\data_processed\sites\10114\data\_all.pkl
2026-02-04T16:03:30.388060Z INFO  utilrsw.logger Computing stats for '10114' data
2026-02-04T16:03:30.508361Z INFO  utilrsw.logger   Uniq dts [ns] = [10000000000]
2026-02-04T16:03:30.509324Z INFO  utilrsw.logger   Uniq dts [#]  = 1
2026-02-04T16:03:30.509324Z INFO  utilrsw.logger   Stats for GIC/measured/NERC:
2026-02-04T16:03:30.511326Z INFO  utilrsw.logger 
    std: [2.47346433]
    ave: [-2.13842517]
    min: [-29.52666667]
    max: [20.18]
    n: 2341
    n_valid: [2341]
    dt_original: [10000000000]

2026-02-04T16:03:30.518319Z INFO  utilrsw.logger Plotting '10114' data
2026-02-04T16:03:30.525318Z INFO  utilrsw.logger   Plotting '10114/GIC/measured/NERC' original vs. modified data
2026-02-04T16:03:32.733681Z INFO  utilrsw.logger     Writing C:\Users\lwilker\Documents\GitHub\SWERVE-2024-05-10\data_processed/sites/10114/figures\original\GIC_measured_NERC.png
2026-02-04T16:03:34.397884Z INFO  utilrsw.logger     Writing C:\Users\lwilker\Documents\GitHub\SWERVE-2024-05-10\data_processed/sites/10114/figures\original\GIC_measured_NERC.pdf
2026-02-04T16:03:34.879783Z INFO  utilrsw.logger Reading '10115' data
2026-02-04T16:03:34.879783Z INFO  utilrsw.logger   Reading cached file with all data for site '10115': C:\Users\lwilker\Documents\GitHub\SWERVE-2024-05-10\data_processed\sites\10115\data\_all.pkl
2026-02-04T16:03:34.967397Z INFO  utilrsw.logger Computing stats for '10115' data
2026-02-04T16:03:35.086603Z INFO  utilrsw.logger   Uniq dts [ns] = [10000000000]
2026-02-04T16:03:35.087606Z INFO  utilrsw.logger   Uniq dts [#]  = 1
2026-02-04T16:03:35.088605Z INFO  utilrsw.logger   Stats for GIC/measured/NERC:
2026-02-04T16:03:35.091606Z INFO  utilrsw.logger 
    std: [3.88976283]
    ave: [-0.71051616]
    min: [-24.49333333]
    max: [25.61666667]
    n: 2341
    n_valid: [2341]
    dt_original: [10000000000]

2026-02-04T16:03:35.106561Z INFO  utilrsw.logger   Uniq dts [ns] = [60000000000]
2026-02-04T16:03:35.107578Z INFO  utilrsw.logger   Uniq dts [#]  = 1
2026-02-04T16:03:35.108575Z INFO  utilrsw.logger   Stats for GIC/calculated/GMU:
2026-02-04T16:03:35.115578Z INFO  utilrsw.logger 
    std: [4.46715746]
    ave: [-0.00289993]
    min: [-29.23632237]
    max: [29.4015619]
    n: 2341
    n_valid: [2341]
    dt_original: [60000000000]

2026-02-04T16:03:35.118575Z WARN  utilrsw.logger   Multiplying measured data by -1 before computing pe.
2026-02-04T16:03:35.120577Z INFO  utilrsw.logger   Metrics for GIC/calculated/GMU:
2026-02-04T16:03:35.123577Z INFO  utilrsw.logger 
    err_rms: [8.06209272]
    err_ave: [-0.70761623]
    err: [[-1.94340933]
 [-2.18435527]
 [-2.17518006]
 ...
 [-3.75123094]
 [-3.42678624]
 [-2.25028281]]
    cc: [-0.84629828]
    pe: [0.59129272]
    valid: [[ True]
 [ True]
 [ True]
 ...
 [ True]
 [ True]
 [ True]]
    n_valid: [2341]

2026-02-04T16:03:35.141269Z INFO  utilrsw.logger Plotting '10115' data
2026-02-04T16:03:35.145270Z INFO  utilrsw.logger   Plotting '10115/GIC/GMU' vs. measured data as timeseries
2026-02-04T16:03:36.686874Z INFO  utilrsw.logger     Writing C:\Users\lwilker\Documents\GitHub\SWERVE-2024-05-10\data_processed/sites/10115/figures\compare\GIC_calculated_GMU_vs_measured_timeseries.png
2026-02-04T16:03:38.319403Z INFO  utilrsw.logger     Writing C:\Users\lwilker\Documents\GitHub\SWERVE-2024-05-10\data_processed/sites/10115/figures\compare\GIC_calculated_GMU_vs_measured_timeseries.pdf
2026-02-04T16:03:38.783781Z INFO  utilrsw.logger   Plotting '10115/GIC/GMU' vs. measured data as scatter
2026-02-04T16:03:39.880902Z INFO  utilrsw.logger     Writing C:\Users\lwilker\Documents\GitHub\SWERVE-2024-05-10\data_processed/sites/10115/figures\compare\GIC_calculated_GMU_vs_measured_scatter.png
2026-02-04T16:03:41.417104Z INFO  utilrsw.logger     Writing C:\Users\lwilker\Documents\GitHub\SWERVE-2024-05-10\data_processed/sites/10115/figures\compare\GIC_calculated_GMU_vs_measured_scatter.pdf
2026-02-04T16:03:42.011995Z INFO  utilrsw.logger   Plotting '10115/GIC/measured/NERC' original vs. modified data
2026-02-04T16:03:43.881654Z INFO  utilrsw.logger     Writing C:\Users\lwilker\Documents\GitHub\SWERVE-2024-05-10\data_processed/sites/10115/figures\original\GIC_measured_NERC.png
2026-02-04T16:03:45.810641Z INFO  utilrsw.logger     Writing C:\Users\lwilker\Documents\GitHub\SWERVE-2024-05-10\data_processed/sites/10115/figures\original\GIC_measured_NERC.pdf
2026-02-04T16:03:46.284286Z INFO  utilrsw.logger   Plotting '10115/GIC/calculated/GMU' original vs. modified data
2026-02-04T16:03:47.871675Z INFO  utilrsw.logger     Writing C:\Users\lwilker\Documents\GitHub\SWERVE-2024-05-10\data_processed/sites/10115/figures\original\GIC_calculated_GMU.png
2026-02-04T16:03:49.612242Z INFO  utilrsw.logger     Writing C:\Users\lwilker\Documents\GitHub\SWERVE-2024-05-10\data_processed/sites/10115/figures\original\GIC_calculated_GMU.pdf
2026-02-04T16:03:50.164448Z INFO  utilrsw.logger Reading '10402' data
2026-02-04T16:03:50.166443Z INFO  utilrsw.logger   Reading cached file with all data for site '10402': C:\Users\lwilker\Documents\GitHub\SWERVE-2024-05-10\data_processed\sites\10402\data\_all.pkl
2026-02-04T16:03:50.271046Z INFO  utilrsw.logger Computing stats for '10402' data
2026-02-04T16:03:50.380315Z INFO  utilrsw.logger   Uniq dts [ns] = [10000000000]
2026-02-04T16:03:50.382313Z INFO  utilrsw.logger   Uniq dts [#]  = 1
2026-02-04T16:03:50.383300Z INFO  utilrsw.logger   Stats for GIC/measured/NERC:
2026-02-04T16:03:50.385295Z INFO  utilrsw.logger 
    std: [1.56946431]
    ave: [-0.38235085]
    min: [-12.25]
    max: [14.2]
    n: 2341
    n_valid: [2341]
    dt_original: [10000000000]

2026-02-04T16:03:50.404310Z INFO  utilrsw.logger   Uniq dts [ns] = [60000000000]
2026-02-04T16:03:50.405310Z INFO  utilrsw.logger   Uniq dts [#]  = 1
2026-02-04T16:03:50.406313Z INFO  utilrsw.logger   Stats for GIC/calculated/GMU:
2026-02-04T16:03:50.408298Z INFO  utilrsw.logger 
    std: [2.13145714]
    ave: [-0.00059593]
    min: [-19.34061467]
    max: [20.75582517]
    n: 2341
    n_valid: [2341]
    dt_original: [60000000000]

2026-02-04T16:03:50.410349Z WARN  utilrsw.logger   Multiplying measured data by -1 before computing pe.
2026-02-04T16:03:50.411360Z INFO  utilrsw.logger   Metrics for GIC/calculated/GMU:
2026-02-04T16:03:50.414339Z INFO  utilrsw.logger 
    err_rms: [2.68588486]
    err_ave: [-0.38175492]
    err: [[ 1.34484978]
 [ 1.22900251]
 [ 0.77041835]
 ...
 [-0.59418058]
 [-0.73708601]
 [-0.64223138]]
    cc: [-0.00925386]
    pe: [-1.8787799]
    valid: [[ True]
 [ True]
 [ True]
 ...
 [ True]
 [ True]
 [ True]]
    n_valid: [2341]

2026-02-04T16:03:50.427899Z INFO  utilrsw.logger Plotting '10402' data
2026-02-04T16:03:50.432954Z INFO  utilrsw.logger   Plotting '10402/GIC/GMU' vs. measured data as timeseries
2026-02-04T16:03:51.963029Z INFO  utilrsw.logger     Writing C:\Users\lwilker\Documents\GitHub\SWERVE-2024-05-10\data_processed/sites/10402/figures\compare\GIC_calculated_GMU_vs_measured_timeseries.png
2026-02-04T16:03:53.446209Z INFO  utilrsw.logger     Writing C:\Users\lwilker\Documents\GitHub\SWERVE-2024-05-10\data_processed/sites/10402/figures\compare\GIC_calculated_GMU_vs_measured_timeseries.pdf
2026-02-04T16:03:53.969131Z INFO  utilrsw.logger   Plotting '10402/GIC/GMU' vs. measured data as scatter
2026-02-04T16:03:55.013292Z INFO  utilrsw.logger     Writing C:\Users\lwilker\Documents\GitHub\SWERVE-2024-05-10\data_processed/sites/10402/figures\compare\GIC_calculated_GMU_vs_measured_scatter.png
2026-02-04T16:03:56.432861Z INFO  utilrsw.logger     Writing C:\Users\lwilker\Documents\GitHub\SWERVE-2024-05-10\data_processed/sites/10402/figures\compare\GIC_calculated_GMU_vs_measured_scatter.pdf
2026-02-04T16:03:57.085433Z INFO  utilrsw.logger   Plotting '10402/GIC/measured/NERC' original vs. modified data
2026-02-04T16:03:58.700678Z INFO  utilrsw.logger     Writing C:\Users\lwilker\Documents\GitHub\SWERVE-2024-05-10\data_processed/sites/10402/figures\original\GIC_measured_NERC.png
2026-02-04T16:04:00.752250Z INFO  utilrsw.logger     Writing C:\Users\lwilker\Documents\GitHub\SWERVE-2024-05-10\data_processed/sites/10402/figures\original\GIC_measured_NERC.pdf
2026-02-04T16:04:01.225934Z INFO  utilrsw.logger   Plotting '10402/GIC/calculated/GMU' original vs. modified data
2026-02-04T16:04:03.284880Z INFO  utilrsw.logger     Writing C:\Users\lwilker\Documents\GitHub\SWERVE-2024-05-10\data_processed/sites/10402/figures\original\GIC_calculated_GMU.png
2026-02-04T16:04:05.070570Z INFO  utilrsw.logger     Writing C:\Users\lwilker\Documents\GitHub\SWERVE-2024-05-10\data_processed/sites/10402/figures\original\GIC_calculated_GMU.pdf
2026-02-04T16:04:05.595196Z INFO  utilrsw.logger Reading '10428' data
2026-02-04T16:04:05.595196Z INFO  utilrsw.logger   Reading cached file with all data for site '10428': C:\Users\lwilker\Documents\GitHub\SWERVE-2024-05-10\data_processed\sites\10428\data\_all.pkl
2026-02-04T16:04:05.715653Z INFO  utilrsw.logger Computing stats for '10428' data
2026-02-04T16:04:05.936935Z INFO  utilrsw.logger   Uniq dts [ns] = [5000000000]
2026-02-04T16:04:05.936935Z INFO  utilrsw.logger   Uniq dts [#]  = 1
2026-02-04T16:04:05.948080Z INFO  utilrsw.logger   Stats for GIC/measured/NERC:
2026-02-04T16:04:05.949088Z INFO  utilrsw.logger 
    std: [4.56256467]
    ave: [0.07484337]
    min: [-34.04166667]
    max: [17.8]
    n: 2341
    n_valid: [2341]
    dt_original: [5000000000]

2026-02-04T16:04:05.961585Z INFO  utilrsw.logger   Uniq dts [ns] = [60000000000]
2026-02-04T16:04:05.966162Z INFO  utilrsw.logger   Uniq dts [#]  = 1
2026-02-04T16:04:05.969735Z INFO  utilrsw.logger   Stats for GIC/calculated/GMU:
2026-02-04T16:04:05.975161Z INFO  utilrsw.logger 
    std: [3.1903298]
    ave: [-0.00188405]
    min: [-31.16321264]
    max: [21.79774906]
    n: 2341
    n_valid: [2341]
    dt_original: [60000000000]

2026-02-04T16:04:05.980049Z INFO  utilrsw.logger   Metrics for GIC/calculated/GMU:
2026-02-04T16:04:05.983044Z INFO  utilrsw.logger 
    err_rms: [3.43523546]
    err_ave: [0.07672742]
    err: [[-0.5685483 ]
 [ 0.1449943 ]
 [ 1.02402673]
 ...
 [ 0.91799893]
 [ 0.01779738]
 [-0.53330394]]
    cc: [0.65952637]
    pe: [0.43311502]
    valid: [[ True]
 [ True]
 [ True]
 ...
 [ True]
 [ True]
 [ True]]
    n_valid: [2341]

2026-02-04T16:04:05.995265Z INFO  utilrsw.logger Plotting '10428' data
2026-02-04T16:04:06.006783Z INFO  utilrsw.logger   Plotting '10428/GIC/GMU' vs. measured data as timeseries
2026-02-04T16:04:07.566186Z INFO  utilrsw.logger     Writing C:\Users\lwilker\Documents\GitHub\SWERVE-2024-05-10\data_processed/sites/10428/figures\compare\GIC_calculated_GMU_vs_measured_timeseries.png
2026-02-04T16:04:09.123044Z INFO  utilrsw.logger     Writing C:\Users\lwilker\Documents\GitHub\SWERVE-2024-05-10\data_processed/sites/10428/figures\compare\GIC_calculated_GMU_vs_measured_timeseries.pdf
2026-02-04T16:04:09.586567Z INFO  utilrsw.logger   Plotting '10428/GIC/GMU' vs. measured data as scatter
2026-02-04T16:04:10.507199Z INFO  utilrsw.logger     Writing C:\Users\lwilker\Documents\GitHub\SWERVE-2024-05-10\data_processed/sites/10428/figures\compare\GIC_calculated_GMU_vs_measured_scatter.png
2026-02-04T16:04:11.950993Z INFO  utilrsw.logger     Writing C:\Users\lwilker\Documents\GitHub\SWERVE-2024-05-10\data_processed/sites/10428/figures\compare\GIC_calculated_GMU_vs_measured_scatter.pdf
2026-02-04T16:04:12.500397Z INFO  utilrsw.logger   Plotting '10428/GIC/measured/NERC' original vs. modified data
2026-02-04T16:04:14.658895Z INFO  utilrsw.logger     Writing C:\Users\lwilker\Documents\GitHub\SWERVE-2024-05-10\data_processed/sites/10428/figures\original\GIC_measured_NERC.png
2026-02-04T16:04:16.529817Z INFO  utilrsw.logger     Writing C:\Users\lwilker\Documents\GitHub\SWERVE-2024-05-10\data_processed/sites/10428/figures\original\GIC_measured_NERC.pdf
2026-02-04T16:04:17.054597Z INFO  utilrsw.logger   Plotting '10428/GIC/calculated/GMU' original vs. modified data
2026-02-04T16:04:18.569216Z INFO  utilrsw.logger     Writing C:\Users\lwilker\Documents\GitHub\SWERVE-2024-05-10\data_processed/sites/10428/figures\original\GIC_calculated_GMU.png
2026-02-04T16:04:20.218493Z INFO  utilrsw.logger     Writing C:\Users\lwilker\Documents\GitHub\SWERVE-2024-05-10\data_processed/sites/10428/figures\original\GIC_calculated_GMU.pdf
2026-02-04T16:04:20.698546Z INFO  utilrsw.logger Reading '10438' data
2026-02-04T16:04:20.698546Z INFO  utilrsw.logger   Reading cached file with all data for site '10438': C:\Users\lwilker\Documents\GitHub\SWERVE-2024-05-10\data_processed\sites\10438\data\_all.pkl
2026-02-04T16:04:20.818133Z INFO  utilrsw.logger Computing stats for '10438' data
2026-02-04T16:04:21.030356Z INFO  utilrsw.logger   Uniq dts [ns] = [5000000000]
2026-02-04T16:04:21.030356Z INFO  utilrsw.logger   Uniq dts [#]  = 1
2026-02-04T16:04:21.030356Z INFO  utilrsw.logger   Stats for GIC/measured/NERC:
2026-02-04T16:04:21.033713Z INFO  utilrsw.logger 
    std: [3.6985676]
    ave: [0.67472376]
    min: [-20.8725]
    max: [25.55083333]
    n: 2341
    n_valid: [2341]
    dt_original: [5000000000]

2026-02-04T16:04:21.037744Z INFO  utilrsw.logger Plotting '10438' data
2026-02-04T16:04:21.043426Z INFO  utilrsw.logger   Plotting '10438/GIC/measured/NERC' original vs. modified data
2026-02-04T16:04:23.561192Z INFO  utilrsw.logger     Writing C:\Users\lwilker\Documents\GitHub\SWERVE-2024-05-10\data_processed/sites/10438/figures\original\GIC_measured_NERC.png
2026-02-04T16:04:25.305766Z INFO  utilrsw.logger     Writing C:\Users\lwilker\Documents\GitHub\SWERVE-2024-05-10\data_processed/sites/10438/figures\original\GIC_measured_NERC.pdf
2026-02-04T16:04:25.832812Z INFO  utilrsw.logger Reading '10659' data
2026-02-04T16:04:25.834327Z INFO  utilrsw.logger   Reading cached file with all data for site '10659': C:\Users\lwilker\Documents\GitHub\SWERVE-2024-05-10\data_processed\sites\10659\data\_all.pkl
2026-02-04T16:04:25.916920Z INFO  utilrsw.logger Computing stats for '10659' data
2026-02-04T16:04:26.019408Z INFO  utilrsw.logger   Uniq dts [ns] = [10000000000]
2026-02-04T16:04:26.019408Z INFO  utilrsw.logger   Uniq dts [#]  = 1
2026-02-04T16:04:26.019408Z INFO  utilrsw.logger   Stats for GIC/measured/NERC:
2026-02-04T16:04:26.031496Z INFO  utilrsw.logger 
    std: [18.04392819]
    ave: [5.63242916]
    min: [-72.18333333]
    max: [154.7]
    n: 2341
    n_valid: [2341]
    dt_original: [10000000000]

2026-02-04T16:04:26.044753Z INFO  utilrsw.logger   Uniq dts [ns] = [60000000000]
2026-02-04T16:04:26.044753Z INFO  utilrsw.logger   Uniq dts [#]  = 1
2026-02-04T16:04:26.044753Z INFO  utilrsw.logger   Stats for GIC/calculated/GMU:
2026-02-04T16:04:26.044753Z INFO  utilrsw.logger 
    std: [0.62155098]
    ave: [-0.00036089]
    min: [-3.7774697]
    max: [5.90802714]
    n: 2341
    n_valid: [2341]
    dt_original: [60000000000]

2026-02-04T16:04:26.051535Z INFO  utilrsw.logger   Metrics for GIC/calculated/GMU:
2026-02-04T16:04:26.053678Z INFO  utilrsw.logger 
    err_rms: [18.68034824]
    err_ave: [5.63279005]
    err: [[7.83420704]
 [6.42125202]
 [5.92224896]
 ...
 [5.56323791]
 [6.94878445]
 [5.65621724]]
    cc: [0.38976421]
    pe: [-0.0717852]
    valid: [[ True]
 [ True]
 [ True]
 ...
 [ True]
 [ True]
 [ True]]
    n_valid: [2341]

2026-02-04T16:04:26.066065Z INFO  utilrsw.logger Plotting '10659' data
2026-02-04T16:04:26.070911Z INFO  utilrsw.logger   Plotting '10659/GIC/GMU' vs. measured data as timeseries
2026-02-04T16:04:27.354147Z INFO  utilrsw.logger     Writing C:\Users\lwilker\Documents\GitHub\SWERVE-2024-05-10\data_processed/sites/10659/figures\compare\GIC_calculated_GMU_vs_measured_timeseries.png
2026-02-04T16:04:28.809583Z INFO  utilrsw.logger     Writing C:\Users\lwilker\Documents\GitHub\SWERVE-2024-05-10\data_processed/sites/10659/figures\compare\GIC_calculated_GMU_vs_measured_timeseries.pdf
2026-02-04T16:04:29.289599Z INFO  utilrsw.logger   Plotting '10659/GIC/GMU' vs. measured data as scatter
2026-02-04T16:04:30.192609Z INFO  utilrsw.logger     Writing C:\Users\lwilker\Documents\GitHub\SWERVE-2024-05-10\data_processed/sites/10659/figures\compare\GIC_calculated_GMU_vs_measured_scatter.png
2026-02-04T16:04:31.427670Z INFO  utilrsw.logger     Writing C:\Users\lwilker\Documents\GitHub\SWERVE-2024-05-10\data_processed/sites/10659/figures\compare\GIC_calculated_GMU_vs_measured_scatter.pdf
2026-02-04T16:04:31.961022Z INFO  utilrsw.logger   Plotting '10659/GIC/measured/NERC' original vs. modified data
2026-02-04T16:04:33.807450Z INFO  utilrsw.logger     Writing C:\Users\lwilker\Documents\GitHub\SWERVE-2024-05-10\data_processed/sites/10659/figures\original\GIC_measured_NERC.png
2026-02-04T16:04:35.771240Z INFO  utilrsw.logger     Writing C:\Users\lwilker\Documents\GitHub\SWERVE-2024-05-10\data_processed/sites/10659/figures\original\GIC_measured_NERC.pdf
2026-02-04T16:04:36.293440Z INFO  utilrsw.logger   Plotting '10659/GIC/calculated/GMU' original vs. modified data
2026-02-04T16:04:37.821288Z INFO  utilrsw.logger     Writing C:\Users\lwilker\Documents\GitHub\SWERVE-2024-05-10\data_processed/sites/10659/figures\original\GIC_calculated_GMU.png
2026-02-04T16:04:39.677112Z INFO  utilrsw.logger     Writing C:\Users\lwilker\Documents\GitHub\SWERVE-2024-05-10\data_processed/sites/10659/figures\original\GIC_calculated_GMU.pdf
2026-02-04T16:04:40.160850Z INFO  utilrsw.logger Reading '10693' data
2026-02-04T16:04:40.167931Z INFO  utilrsw.logger   Reading cached file with all data for site '10693': C:\Users\lwilker\Documents\GitHub\SWERVE-2024-05-10\data_processed\sites\10693\data\_all.pkl
2026-02-04T16:04:40.371090Z INFO  utilrsw.logger Computing stats for '10693' data
2026-02-04T16:04:41.392430Z INFO  utilrsw.logger   Uniq dts [ns] = [1000000000]
2026-02-04T16:04:41.392430Z INFO  utilrsw.logger   Uniq dts [#]  = 1
2026-02-04T16:04:41.392430Z INFO  utilrsw.logger   Stats for GIC/measured/NERC:
2026-02-04T16:04:41.392430Z INFO  utilrsw.logger 
    std: [1.35338457]
    ave: [0.12153282]
    min: [-15.86666667]
    max: [8.43166667]
    n: 2341
    n_valid: [2341]
    dt_original: [1000000000]

2026-02-04T16:04:41.408848Z INFO  utilrsw.logger   Uniq dts [ns] = [60000000000]
2026-02-04T16:04:41.411108Z INFO  utilrsw.logger   Uniq dts [#]  = 1
2026-02-04T16:04:41.411108Z INFO  utilrsw.logger   Stats for GIC/calculated/GMU:
2026-02-04T16:04:41.411108Z INFO  utilrsw.logger 
    std: [1.14600731]
    ave: [0.00076002]
    min: [-7.75596276]
    max: [12.44889065]
    n: 2341
    n_valid: [2341]
    dt_original: [60000000000]

2026-02-04T16:04:41.416875Z INFO  utilrsw.logger   Metrics for GIC/calculated/GMU:
2026-02-04T16:04:41.417893Z INFO  utilrsw.logger 
    err_rms: [1.17537007]
    err_ave: [0.1207728]
    err: [[ 0.91385977]
 [ 0.92021027]
 [ 0.98875691]
 ...
 [-0.29049712]
 [-0.25627948]
 [-0.25926026]]
    cc: [0.5732066]
    pe: [0.24576477]
    valid: [[ True]
 [ True]
 [ True]
 ...
 [ True]
 [ True]
 [ True]]
    n_valid: [2341]

2026-02-04T16:04:41.427857Z INFO  utilrsw.logger Plotting '10693' data
2026-02-04T16:04:41.427857Z INFO  utilrsw.logger   Plotting '10693/GIC/GMU' vs. measured data as timeseries
2026-02-04T16:04:43.322438Z INFO  utilrsw.logger     Writing C:\Users\lwilker\Documents\GitHub\SWERVE-2024-05-10\data_processed/sites/10693/figures\compare\GIC_calculated_GMU_vs_measured_timeseries.png
2026-02-04T16:04:44.859282Z INFO  utilrsw.logger     Writing C:\Users\lwilker\Documents\GitHub\SWERVE-2024-05-10\data_processed/sites/10693/figures\compare\GIC_calculated_GMU_vs_measured_timeseries.pdf
2026-02-04T16:04:45.368335Z INFO  utilrsw.logger   Plotting '10693/GIC/GMU' vs. measured data as scatter
2026-02-04T16:04:46.264282Z INFO  utilrsw.logger     Writing C:\Users\lwilker\Documents\GitHub\SWERVE-2024-05-10\data_processed/sites/10693/figures\compare\GIC_calculated_GMU_vs_measured_scatter.png
2026-02-04T16:04:47.672485Z INFO  utilrsw.logger     Writing C:\Users\lwilker\Documents\GitHub\SWERVE-2024-05-10\data_processed/sites/10693/figures\compare\GIC_calculated_GMU_vs_measured_scatter.pdf
2026-02-04T16:04:48.163051Z INFO  utilrsw.logger   Plotting '10693/GIC/measured/NERC' original vs. modified data
2026-02-04T16:04:52.037803Z INFO  utilrsw.logger     Writing C:\Users\lwilker\Documents\GitHub\SWERVE-2024-05-10\data_processed/sites/10693/figures\original\GIC_measured_NERC.png
2026-02-04T16:04:54.309159Z INFO  utilrsw.logger     Writing C:\Users\lwilker\Documents\GitHub\SWERVE-2024-05-10\data_processed/sites/10693/figures\original\GIC_measured_NERC.pdf
2026-02-04T16:04:54.830719Z INFO  utilrsw.logger   Plotting '10693/GIC/calculated/GMU' original vs. modified data
2026-02-04T16:04:56.167977Z INFO  utilrsw.logger     Writing C:\Users\lwilker\Documents\GitHub\SWERVE-2024-05-10\data_processed/sites/10693/figures\original\GIC_calculated_GMU.png
2026-02-04T16:04:57.830286Z INFO  utilrsw.logger     Writing C:\Users\lwilker\Documents\GitHub\SWERVE-2024-05-10\data_processed/sites/10693/figures\original\GIC_calculated_GMU.pdf
2026-02-04T16:04:58.293044Z INFO  utilrsw.logger Reading '10181' data
2026-02-04T16:04:58.293044Z INFO  utilrsw.logger   Reading cached file with all data for site '10181': C:\Users\lwilker\Documents\GitHub\SWERVE-2024-05-10\data_processed\sites\10181\data\_all.pkl
2026-02-04T16:04:58.516892Z INFO  utilrsw.logger Computing stats for '10181' data
2026-02-04T16:04:59.509715Z INFO  utilrsw.logger   Uniq dts [ns] = [ 1000000000  4000000000  5000000000  6000000000  7000000000 10000000000
 12000000000 15000000000 19000000000 40000000000 41000000000 48000000000]
2026-02-04T16:04:59.518877Z INFO  utilrsw.logger   Uniq dts [#]  = 12
2026-02-04T16:04:59.518877Z INFO  utilrsw.logger   Stats for GIC/measured/NERC:
2026-02-04T16:04:59.522371Z INFO  utilrsw.logger 
    std: [8.81270688]
    ave: [-0.39429161]
    min: [-49.40833333]
    max: [81.00333333]
    n: 2341
    n_valid: [2341]
    dt_original: [ 1000000000  4000000000  5000000000  6000000000  7000000000 10000000000
 12000000000 15000000000 19000000000 40000000000 41000000000 48000000000]

2026-02-04T16:04:59.528334Z INFO  utilrsw.logger Plotting '10181' data
2026-02-04T16:04:59.529851Z INFO  utilrsw.logger   Plotting '10181/GIC/measured/NERC' original vs. modified data
2026-02-04T16:05:04.078437Z INFO  utilrsw.logger     Writing C:\Users\lwilker\Documents\GitHub\SWERVE-2024-05-10\data_processed/sites/10181/figures\original\GIC_measured_NERC.png
2026-02-04T16:05:06.129860Z INFO  utilrsw.logger     Writing C:\Users\lwilker\Documents\GitHub\SWERVE-2024-05-10\data_processed/sites/10181/figures\original\GIC_measured_NERC.pdf
2026-02-04T16:05:06.762425Z INFO  utilrsw.logger Reading '10182' data
2026-02-04T16:05:06.762425Z INFO  utilrsw.logger   Reading cached file with all data for site '10182': C:\Users\lwilker\Documents\GitHub\SWERVE-2024-05-10\data_processed\sites\10182\data\_all.pkl
2026-02-04T16:05:06.998853Z INFO  utilrsw.logger Computing stats for '10182' data
2026-02-04T16:05:08.128634Z INFO  utilrsw.logger   Uniq dts [ns] = [1000000000 2000000000]
2026-02-04T16:05:08.128634Z INFO  utilrsw.logger   Uniq dts [#]  = 2
2026-02-04T16:05:08.128634Z INFO  utilrsw.logger   Stats for GIC/measured/NERC:
2026-02-04T16:05:08.128634Z INFO  utilrsw.logger 
    std: [0.88935507]
    ave: [-0.00324932]
    min: [-4.45166667]
    max: [3.91333333]
    n: 2341
    n_valid: [2341]
    dt_original: [1000000000 2000000000]

2026-02-04T16:05:08.155083Z INFO  utilrsw.logger Plotting '10182' data
2026-02-04T16:05:08.155083Z INFO  utilrsw.logger   Plotting '10182/GIC/measured/NERC' original vs. modified data
2026-02-04T16:05:12.851163Z INFO  utilrsw.logger     Writing C:\Users\lwilker\Documents\GitHub\SWERVE-2024-05-10\data_processed/sites/10182/figures\original\GIC_measured_NERC.png
2026-02-04T16:05:15.080100Z INFO  utilrsw.logger     Writing C:\Users\lwilker\Documents\GitHub\SWERVE-2024-05-10\data_processed/sites/10182/figures\original\GIC_measured_NERC.pdf
2026-02-04T16:05:15.663896Z INFO  utilrsw.logger Reading '10184' data
2026-02-04T16:05:15.691148Z INFO  utilrsw.logger   Reading cached file with all data for site '10184': C:\Users\lwilker\Documents\GitHub\SWERVE-2024-05-10\data_processed\sites\10184\data\_all.pkl
2026-02-04T16:05:15.936971Z INFO  utilrsw.logger Computing stats for '10184' data
2026-02-04T16:05:17.046077Z INFO  utilrsw.logger   Uniq dts [ns] = [1000000000]
2026-02-04T16:05:17.047079Z INFO  utilrsw.logger   Uniq dts [#]  = 1
2026-02-04T16:05:17.048078Z INFO  utilrsw.logger   Stats for GIC/measured/NERC:
2026-02-04T16:05:17.050781Z INFO  utilrsw.logger 
    std: [8.19674914]
    ave: [-0.01556885]
    min: [-68.46166667]
    max: [73.09666667]
    n: 2341
    n_valid: [2341]
    dt_original: [1000000000]

2026-02-04T16:05:17.063483Z INFO  utilrsw.logger   Uniq dts [ns] = [60000000000]
2026-02-04T16:05:17.065831Z INFO  utilrsw.logger   Uniq dts [#]  = 1
2026-02-04T16:05:17.065831Z INFO  utilrsw.logger   Stats for GIC/calculated/GMU:
2026-02-04T16:05:17.067828Z INFO  utilrsw.logger 
    std: [6.71743641]
    ave: [0.00437035]
    min: [-56.85552188]
    max: [60.60596031]
    n: 2341
    n_valid: [2341]
    dt_original: [60000000000]

2026-02-04T16:05:17.071175Z INFO  utilrsw.logger   Metrics for GIC/calculated/GMU:
2026-02-04T16:05:17.074294Z INFO  utilrsw.logger 
    err_rms: [6.64459175]
    err_ave: [-0.0199392]
    err: [[-2.19846364]
 [-2.6336605 ]
 [-1.1581744 ]
 ...
 [ 2.36496087]
 [ 0.96240022]
 [ 0.60874088]]
    cc: [0.61895236]
    pe: [0.34286694]
    valid: [[ True]
 [ True]
 [ True]
 ...
 [ True]
 [ True]
 [ True]]
    n_valid: [2341]

2026-02-04T16:05:17.086016Z INFO  utilrsw.logger Plotting '10184' data
2026-02-04T16:05:17.089595Z INFO  utilrsw.logger   Plotting '10184/GIC/GMU' vs. measured data as timeseries
2026-02-04T16:05:18.688777Z INFO  utilrsw.logger     Writing C:\Users\lwilker\Documents\GitHub\SWERVE-2024-05-10\data_processed/sites/10184/figures\compare\GIC_calculated_GMU_vs_measured_timeseries.png
2026-02-04T16:05:20.267796Z INFO  utilrsw.logger     Writing C:\Users\lwilker\Documents\GitHub\SWERVE-2024-05-10\data_processed/sites/10184/figures\compare\GIC_calculated_GMU_vs_measured_timeseries.pdf
2026-02-04T16:05:20.752311Z INFO  utilrsw.logger   Plotting '10184/GIC/GMU' vs. measured data as scatter
2026-02-04T16:05:21.693017Z INFO  utilrsw.logger     Writing C:\Users\lwilker\Documents\GitHub\SWERVE-2024-05-10\data_processed/sites/10184/figures\compare\GIC_calculated_GMU_vs_measured_scatter.png
2026-02-04T16:05:23.090879Z INFO  utilrsw.logger     Writing C:\Users\lwilker\Documents\GitHub\SWERVE-2024-05-10\data_processed/sites/10184/figures\compare\GIC_calculated_GMU_vs_measured_scatter.pdf
2026-02-04T16:05:23.627919Z INFO  utilrsw.logger   Plotting '10184/GIC/measured/NERC' original vs. modified data
2026-02-04T16:05:28.365495Z INFO  utilrsw.logger     Writing C:\Users\lwilker\Documents\GitHub\SWERVE-2024-05-10\data_processed/sites/10184/figures\original\GIC_measured_NERC.png
2026-02-04T16:05:30.232468Z INFO  utilrsw.logger     Writing C:\Users\lwilker\Documents\GitHub\SWERVE-2024-05-10\data_processed/sites/10184/figures\original\GIC_measured_NERC.pdf
2026-02-04T16:05:30.833590Z INFO  utilrsw.logger   Plotting '10184/GIC/calculated/GMU' original vs. modified data
2026-02-04T16:05:32.408137Z INFO  utilrsw.logger     Writing C:\Users\lwilker\Documents\GitHub\SWERVE-2024-05-10\data_processed/sites/10184/figures\original\GIC_calculated_GMU.png
2026-02-04T16:05:34.141573Z INFO  utilrsw.logger     Writing C:\Users\lwilker\Documents\GitHub\SWERVE-2024-05-10\data_processed/sites/10184/figures\original\GIC_calculated_GMU.pdf
2026-02-04T16:05:34.649682Z INFO  utilrsw.logger Reading '10185' data
2026-02-04T16:05:34.651695Z INFO  utilrsw.logger   Reading cached file with all data for site '10185': C:\Users\lwilker\Documents\GitHub\SWERVE-2024-05-10\data_processed\sites\10185\data\_all.pkl
2026-02-04T16:05:34.918031Z INFO  utilrsw.logger Computing stats for '10185' data
2026-02-04T16:05:35.930420Z INFO  utilrsw.logger   Uniq dts [ns] = [1000000000]
2026-02-04T16:05:35.931416Z INFO  utilrsw.logger   Uniq dts [#]  = 1
2026-02-04T16:05:35.932415Z INFO  utilrsw.logger   Stats for GIC/measured/NERC:
2026-02-04T16:05:35.933838Z INFO  utilrsw.logger 
    std: [1.27353484]
    ave: [-0.00461413]
    min: [-7.20166667]
    max: [16.69166667]
    n: 2341
    n_valid: [2341]
    dt_original: [1000000000]

2026-02-04T16:05:35.947857Z INFO  utilrsw.logger   Uniq dts [ns] = [60000000000]
2026-02-04T16:05:35.948850Z INFO  utilrsw.logger   Uniq dts [#]  = 1
2026-02-04T16:05:35.948850Z INFO  utilrsw.logger   Stats for GIC/calculated/GMU:
2026-02-04T16:05:35.951852Z INFO  utilrsw.logger 
    std: [5.47560592]
    ave: [-0.0032225]
    min: [-38.47063678]
    max: [52.02119424]
    n: 2341
    n_valid: [2341]
    dt_original: [60000000000]

2026-02-04T16:05:35.953851Z WARN  utilrsw.logger   Multiplying measured data by -1 before computing pe.
2026-02-04T16:05:35.955855Z INFO  utilrsw.logger   Metrics for GIC/calculated/GMU:
2026-02-04T16:05:35.958852Z INFO  utilrsw.logger 
    err_rms: [6.42923308]
    err_ave: [-0.00139162]
    err: [[-0.33339074]
 [-1.03227054]
 [-0.85557982]
 ...
 [ 0.19528053]
 [-0.50769026]
 [-0.57052327]]
    cc: [-0.69771703]
    pe: [-12.48631201]
    valid: [[ True]
 [ True]
 [ True]
 ...
 [ True]
 [ True]
 [ True]]
    n_valid: [2341]

2026-02-04T16:05:35.971286Z INFO  utilrsw.logger Plotting '10185' data
2026-02-04T16:05:35.977292Z INFO  utilrsw.logger   Plotting '10185/GIC/GMU' vs. measured data as timeseries
2026-02-04T16:05:37.445683Z INFO  utilrsw.logger     Writing C:\Users\lwilker\Documents\GitHub\SWERVE-2024-05-10\data_processed/sites/10185/figures\compare\GIC_calculated_GMU_vs_measured_timeseries.png
2026-02-04T16:05:38.877638Z INFO  utilrsw.logger     Writing C:\Users\lwilker\Documents\GitHub\SWERVE-2024-05-10\data_processed/sites/10185/figures\compare\GIC_calculated_GMU_vs_measured_timeseries.pdf
2026-02-04T16:05:39.335058Z INFO  utilrsw.logger   Plotting '10185/GIC/GMU' vs. measured data as scatter
2026-02-04T16:05:40.142525Z INFO  utilrsw.logger     Writing C:\Users\lwilker\Documents\GitHub\SWERVE-2024-05-10\data_processed/sites/10185/figures\compare\GIC_calculated_GMU_vs_measured_scatter.png
2026-02-04T16:05:41.496244Z INFO  utilrsw.logger     Writing C:\Users\lwilker\Documents\GitHub\SWERVE-2024-05-10\data_processed/sites/10185/figures\compare\GIC_calculated_GMU_vs_measured_scatter.pdf
2026-02-04T16:05:42.034416Z INFO  utilrsw.logger   Plotting '10185/GIC/measured/NERC' original vs. modified data
2026-02-04T16:05:46.617906Z INFO  utilrsw.logger     Writing C:\Users\lwilker\Documents\GitHub\SWERVE-2024-05-10\data_processed/sites/10185/figures\original\GIC_measured_NERC.png
2026-02-04T16:05:48.554038Z INFO  utilrsw.logger     Writing C:\Users\lwilker\Documents\GitHub\SWERVE-2024-05-10\data_processed/sites/10185/figures\original\GIC_measured_NERC.pdf
2026-02-04T16:05:49.069179Z INFO  utilrsw.logger   Plotting '10185/GIC/calculated/GMU' original vs. modified data
2026-02-04T16:05:50.707929Z INFO  utilrsw.logger     Writing C:\Users\lwilker\Documents\GitHub\SWERVE-2024-05-10\data_processed/sites/10185/figures\original\GIC_calculated_GMU.png
2026-02-04T16:05:52.351947Z INFO  utilrsw.logger     Writing C:\Users\lwilker\Documents\GitHub\SWERVE-2024-05-10\data_processed/sites/10185/figures\original\GIC_calculated_GMU.pdf
2026-02-04T16:05:52.806041Z INFO  utilrsw.logger Reading '10186' data
2026-02-04T16:05:52.807046Z INFO  utilrsw.logger   Reading cached file with all data for site '10186': C:\Users\lwilker\Documents\GitHub\SWERVE-2024-05-10\data_processed\sites\10186\data\_all.pkl
2026-02-04T16:05:53.111191Z INFO  utilrsw.logger Computing stats for '10186' data
2026-02-04T16:05:54.120651Z INFO  utilrsw.logger   Uniq dts [ns] = [1000000000]
2026-02-04T16:05:54.121654Z INFO  utilrsw.logger   Uniq dts [#]  = 1
2026-02-04T16:05:54.121654Z INFO  utilrsw.logger   Stats for GIC/measured/NERC:
2026-02-04T16:05:54.123657Z INFO  utilrsw.logger 
    std: [1.06596769]
    ave: [0.00213655]
    min: [-7.74666667]
    max: [7.33833333]
    n: 2341
    n_valid: [2341]
    dt_original: [1000000000]

2026-02-04T16:05:54.136348Z INFO  utilrsw.logger   Uniq dts [ns] = [60000000000]
2026-02-04T16:05:54.137349Z INFO  utilrsw.logger   Uniq dts [#]  = 1
2026-02-04T16:05:54.138353Z INFO  utilrsw.logger   Stats for GIC/calculated/GMU:
2026-02-04T16:05:54.141353Z INFO  utilrsw.logger 
    std: [0.16421355]
    ave: [-9.88130443e-05]
    min: [-1.06656412]
    max: [1.4539974]
    n: 2341
    n_valid: [2341]
    dt_original: [60000000000]

2026-02-04T16:05:54.144363Z WARN  utilrsw.logger   Multiplying measured data by -1 before computing pe.
2026-02-04T16:05:54.145355Z INFO  utilrsw.logger   Metrics for GIC/calculated/GMU:
2026-02-04T16:05:54.149349Z INFO  utilrsw.logger 
    err_rms: [1.16530371]
    err_ave: [0.00223536]
    err: [[-0.13547526]
 [-0.16072334]
 [-0.17999416]
 ...
 [ 0.10653021]
 [ 0.03203063]
 [ 0.10560684]]
    cc: [-0.55606574]
    pe: [0.14758972]
    valid: [[ True]
 [ True]
 [ True]
 ...
 [ True]
 [ True]
 [ True]]
    n_valid: [2341]

2026-02-04T16:05:54.160744Z INFO  utilrsw.logger Plotting '10186' data
2026-02-04T16:05:54.164740Z INFO  utilrsw.logger   Plotting '10186/GIC/GMU' vs. measured data as timeseries
2026-02-04T16:05:55.717952Z INFO  utilrsw.logger     Writing C:\Users\lwilker\Documents\GitHub\SWERVE-2024-05-10\data_processed/sites/10186/figures\compare\GIC_calculated_GMU_vs_measured_timeseries.png
2026-02-04T16:05:57.249182Z INFO  utilrsw.logger     Writing C:\Users\lwilker\Documents\GitHub\SWERVE-2024-05-10\data_processed/sites/10186/figures\compare\GIC_calculated_GMU_vs_measured_timeseries.pdf
2026-02-04T16:05:57.731303Z INFO  utilrsw.logger   Plotting '10186/GIC/GMU' vs. measured data as scatter
2026-02-04T16:05:58.763003Z INFO  utilrsw.logger     Writing C:\Users\lwilker\Documents\GitHub\SWERVE-2024-05-10\data_processed/sites/10186/figures\compare\GIC_calculated_GMU_vs_measured_scatter.png
2026-02-04T16:06:00.105755Z INFO  utilrsw.logger     Writing C:\Users\lwilker\Documents\GitHub\SWERVE-2024-05-10\data_processed/sites/10186/figures\compare\GIC_calculated_GMU_vs_measured_scatter.pdf
2026-02-04T16:06:00.669439Z INFO  utilrsw.logger   Plotting '10186/GIC/measured/NERC' original vs. modified data
2026-02-04T16:06:04.804212Z INFO  utilrsw.logger     Writing C:\Users\lwilker\Documents\GitHub\SWERVE-2024-05-10\data_processed/sites/10186/figures\original\GIC_measured_NERC.png
2026-02-04T16:06:07.065761Z INFO  utilrsw.logger     Writing C:\Users\lwilker\Documents\GitHub\SWERVE-2024-05-10\data_processed/sites/10186/figures\original\GIC_measured_NERC.pdf
2026-02-04T16:06:07.624094Z INFO  utilrsw.logger   Plotting '10186/GIC/calculated/GMU' original vs. modified data
2026-02-04T16:06:09.376342Z INFO  utilrsw.logger     Writing C:\Users\lwilker\Documents\GitHub\SWERVE-2024-05-10\data_processed/sites/10186/figures\original\GIC_calculated_GMU.png
2026-02-04T16:06:11.108658Z INFO  utilrsw.logger     Writing C:\Users\lwilker\Documents\GitHub\SWERVE-2024-05-10\data_processed/sites/10186/figures\original\GIC_calculated_GMU.pdf
2026-02-04T16:06:11.553023Z INFO  utilrsw.logger Reading '10187' data
2026-02-04T16:06:11.555033Z INFO  utilrsw.logger   Reading cached file with all data for site '10187': C:\Users\lwilker\Documents\GitHub\SWERVE-2024-05-10\data_processed\sites\10187\data\_all.pkl
2026-02-04T16:06:11.859628Z INFO  utilrsw.logger Computing stats for '10187' data
2026-02-04T16:06:12.953585Z INFO  utilrsw.logger   Uniq dts [ns] = [  1000000000   4000000000   5000000000   6000000000   8000000000
 382000000000]
2026-02-04T16:06:12.955001Z INFO  utilrsw.logger   Uniq dts [#]  = 6
2026-02-04T16:06:12.955819Z INFO  utilrsw.logger   Stats for GIC/measured/NERC:
2026-02-04T16:06:12.957837Z INFO  utilrsw.logger 
    std: [0.68701218]
    ave: [0.00582207]
    min: [-3.8]
    max: [6.905]
    n: 2341
    n_valid: [2341]
    dt_original: [  1000000000   4000000000   5000000000   6000000000   8000000000
 382000000000]

2026-02-04T16:06:12.969430Z INFO  utilrsw.logger   Uniq dts [ns] = [60000000000]
2026-02-04T16:06:12.969430Z INFO  utilrsw.logger   Uniq dts [#]  = 1
2026-02-04T16:06:12.975819Z INFO  utilrsw.logger   Stats for GIC/calculated/GMU:
2026-02-04T16:06:12.975819Z INFO  utilrsw.logger 
    std: [0.61454752]
    ave: [0.00051963]
    min: [-6.36369887]
    max: [4.4354071]
    n: 2341
    n_valid: [2341]
    dt_original: [60000000000]

2026-02-04T16:06:12.979590Z WARN  utilrsw.logger   Multiplying measured data by -1 before computing pe.
2026-02-04T16:06:12.979590Z INFO  utilrsw.logger   Metrics for GIC/calculated/GMU:
2026-02-04T16:06:12.979590Z INFO  utilrsw.logger 
    err_rms: [1.12947437]
    err_ave: [0.00530244]
    err: [[-0.18173866]
 [-0.32421626]
 [-0.35356662]
 ...
 [ 0.11130357]
 [-0.05103349]
 [-0.04100539]]
    cc: [-0.50453364]
    pe: [0.10237805]
    valid: [[ True]
 [ True]
 [ True]
 ...
 [ True]
 [ True]
 [ True]]
    n_valid: [2341]

2026-02-04T16:06:12.991454Z INFO  utilrsw.logger Plotting '10187' data
2026-02-04T16:06:12.995497Z INFO  utilrsw.logger   Plotting '10187/GIC/GMU' vs. measured data as timeseries
2026-02-04T16:06:14.483848Z INFO  utilrsw.logger     Writing C:\Users\lwilker\Documents\GitHub\SWERVE-2024-05-10\data_processed/sites/10187/figures\compare\GIC_calculated_GMU_vs_measured_timeseries.png
2026-02-04T16:06:16.029157Z INFO  utilrsw.logger     Writing C:\Users\lwilker\Documents\GitHub\SWERVE-2024-05-10\data_processed/sites/10187/figures\compare\GIC_calculated_GMU_vs_measured_timeseries.pdf
2026-02-04T16:06:16.472790Z INFO  utilrsw.logger   Plotting '10187/GIC/GMU' vs. measured data as scatter
2026-02-04T16:06:17.509273Z INFO  utilrsw.logger     Writing C:\Users\lwilker\Documents\GitHub\SWERVE-2024-05-10\data_processed/sites/10187/figures\compare\GIC_calculated_GMU_vs_measured_scatter.png
2026-02-04T16:06:18.812578Z INFO  utilrsw.logger     Writing C:\Users\lwilker\Documents\GitHub\SWERVE-2024-05-10\data_processed/sites/10187/figures\compare\GIC_calculated_GMU_vs_measured_scatter.pdf
2026-02-04T16:06:19.378921Z INFO  utilrsw.logger   Plotting '10187/GIC/measured/NERC' original vs. modified data
2026-02-04T16:06:23.882748Z INFO  utilrsw.logger     Writing C:\Users\lwilker\Documents\GitHub\SWERVE-2024-05-10\data_processed/sites/10187/figures\original\GIC_measured_NERC.png
2026-02-04T16:06:25.971335Z INFO  utilrsw.logger     Writing C:\Users\lwilker\Documents\GitHub\SWERVE-2024-05-10\data_processed/sites/10187/figures\original\GIC_measured_NERC.pdf
2026-02-04T16:06:26.507403Z INFO  utilrsw.logger   Plotting '10187/GIC/calculated/GMU' original vs. modified data
2026-02-04T16:06:27.820435Z INFO  utilrsw.logger     Writing C:\Users\lwilker\Documents\GitHub\SWERVE-2024-05-10\data_processed/sites/10187/figures\original\GIC_calculated_GMU.png
2026-02-04T16:06:29.722277Z INFO  utilrsw.logger     Writing C:\Users\lwilker\Documents\GitHub\SWERVE-2024-05-10\data_processed/sites/10187/figures\original\GIC_calculated_GMU.pdf
2026-02-04T16:06:30.181450Z INFO  utilrsw.logger Reading '10195' data
2026-02-04T16:06:30.184453Z INFO  utilrsw.logger   Reading cached file with all data for site '10195': C:\Users\lwilker\Documents\GitHub\SWERVE-2024-05-10\data_processed\sites\10195\data\_all.pkl
2026-02-04T16:06:30.426953Z INFO  utilrsw.logger Computing stats for '10195' data
2026-02-04T16:06:31.458493Z INFO  utilrsw.logger   Uniq dts [ns] = [1000000000]
2026-02-04T16:06:31.459519Z INFO  utilrsw.logger   Uniq dts [#]  = 1
2026-02-04T16:06:31.459519Z INFO  utilrsw.logger   Stats for GIC/measured/NERC:
2026-02-04T16:06:31.461493Z INFO  utilrsw.logger 
    std: [3.85053969]
    ave: [0.01858323]
    min: [-29.41333333]
    max: [28.98]
    n: 2341
    n_valid: [2341]
    dt_original: [1000000000]

2026-02-04T16:06:31.477493Z INFO  utilrsw.logger   Uniq dts [ns] = [60000000000]
2026-02-04T16:06:31.478491Z INFO  utilrsw.logger   Uniq dts [#]  = 1
2026-02-04T16:06:31.479494Z INFO  utilrsw.logger   Stats for GIC/calculated/GMU:
2026-02-04T16:06:31.482494Z INFO  utilrsw.logger 
    std: [5.35367352]
    ave: [-0.00187905]
    min: [-31.62039897]
    max: [40.09984574]
    n: 2341
    n_valid: [2341]
    dt_original: [60000000000]

2026-02-04T16:06:31.485497Z WARN  utilrsw.logger   Multiplying measured data by -1 before computing pe.
2026-02-04T16:06:31.488493Z INFO  utilrsw.logger   Metrics for GIC/calculated/GMU:
2026-02-04T16:06:31.490494Z INFO  utilrsw.logger 
    err_rms: [8.46719996]
    err_ave: [0.02046228]
    err: [[1.9767146 ]
 [1.67646434]
 [1.28096283]
 ...
 [0.41594535]
 [0.72155533]
 [0.50875374]]
    cc: [-0.68409459]
    pe: [-0.03085786]
    valid: [[ True]
 [ True]
 [ True]
 ...
 [ True]
 [ True]
 [ True]]
    n_valid: [2341]

2026-02-04T16:06:31.499498Z INFO  utilrsw.logger Plotting '10195' data
2026-02-04T16:06:31.508509Z INFO  utilrsw.logger   Plotting '10195/GIC/GMU' vs. measured data as timeseries
2026-02-04T16:06:33.171027Z INFO  utilrsw.logger     Writing C:\Users\lwilker\Documents\GitHub\SWERVE-2024-05-10\data_processed/sites/10195/figures\compare\GIC_calculated_GMU_vs_measured_timeseries.png
2026-02-04T16:06:34.758973Z INFO  utilrsw.logger     Writing C:\Users\lwilker\Documents\GitHub\SWERVE-2024-05-10\data_processed/sites/10195/figures\compare\GIC_calculated_GMU_vs_measured_timeseries.pdf
2026-02-04T16:06:35.247662Z INFO  utilrsw.logger   Plotting '10195/GIC/GMU' vs. measured data as scatter
2026-02-04T16:06:36.221555Z INFO  utilrsw.logger     Writing C:\Users\lwilker\Documents\GitHub\SWERVE-2024-05-10\data_processed/sites/10195/figures\compare\GIC_calculated_GMU_vs_measured_scatter.png
2026-02-04T16:06:37.740653Z INFO  utilrsw.logger     Writing C:\Users\lwilker\Documents\GitHub\SWERVE-2024-05-10\data_processed/sites/10195/figures\compare\GIC_calculated_GMU_vs_measured_scatter.pdf
2026-02-04T16:06:38.436837Z INFO  utilrsw.logger   Plotting '10195/GIC/measured/NERC' original vs. modified data
2026-02-04T16:06:42.786242Z INFO  utilrsw.logger     Writing C:\Users\lwilker\Documents\GitHub\SWERVE-2024-05-10\data_processed/sites/10195/figures\original\GIC_measured_NERC.png
2026-02-04T16:06:44.860205Z INFO  utilrsw.logger     Writing C:\Users\lwilker\Documents\GitHub\SWERVE-2024-05-10\data_processed/sites/10195/figures\original\GIC_measured_NERC.pdf
2026-02-04T16:06:45.437298Z INFO  utilrsw.logger   Plotting '10195/GIC/calculated/GMU' original vs. modified data
2026-02-04T16:06:46.871525Z INFO  utilrsw.logger     Writing C:\Users\lwilker\Documents\GitHub\SWERVE-2024-05-10\data_processed/sites/10195/figures\original\GIC_calculated_GMU.png
2026-02-04T16:06:48.406769Z INFO  utilrsw.logger     Writing C:\Users\lwilker\Documents\GitHub\SWERVE-2024-05-10\data_processed/sites/10195/figures\original\GIC_calculated_GMU.pdf
2026-02-04T16:06:48.948358Z INFO  utilrsw.logger Reading '10220' data
2026-02-04T16:06:48.952561Z INFO  utilrsw.logger   Reading cached file with all data for site '10220': C:\Users\lwilker\Documents\GitHub\SWERVE-2024-05-10\data_processed\sites\10220\data\_all.pkl
2026-02-04T16:06:49.227166Z INFO  utilrsw.logger Computing stats for '10220' data
2026-02-04T16:06:50.299787Z INFO  utilrsw.logger   Uniq dts [ns] = [1000000000 6000000000 8000000000]
2026-02-04T16:06:50.299787Z INFO  utilrsw.logger   Uniq dts [#]  = 3
2026-02-04T16:06:50.304285Z INFO  utilrsw.logger   Stats for GIC/measured/NERC:
2026-02-04T16:06:50.304285Z INFO  utilrsw.logger 
    std: [0.85677798]
    ave: [0.00925958]
    min: [-6.38166667]
    max: [9.63]
    n: 2341
    n_valid: [2341]
    dt_original: [1000000000 6000000000 8000000000]

2026-02-04T16:06:50.316805Z INFO  utilrsw.logger   Uniq dts [ns] = [60000000000]
2026-02-04T16:06:50.320859Z INFO  utilrsw.logger   Uniq dts [#]  = 1
2026-02-04T16:06:50.320859Z INFO  utilrsw.logger   Stats for GIC/calculated/GMU:
2026-02-04T16:06:50.320859Z INFO  utilrsw.logger 
    std: [0.1466089]
    ave: [9.56467624e-05]
    min: [-0.98869585]
    max: [0.98594202]
    n: 2341
    n_valid: [2341]
    dt_original: [60000000000]

2026-02-04T16:06:50.325317Z WARN  utilrsw.logger   Multiplying measured data by -1 before computing pe.
2026-02-04T16:06:50.325317Z INFO  utilrsw.logger   Metrics for GIC/calculated/GMU:
2026-02-04T16:06:50.329459Z INFO  utilrsw.logger 
    err_rms: [0.8957875]
    err_ave: [0.00916393]
    err: [[ 0.42508455]
 [ 0.32365963]
 [ 0.21936895]
 ...
 [-0.45275122]
 [-0.3632591 ]
 [-0.31891576]]
    cc: [-0.18624359]
    pe: [0.03433862]
    valid: [[ True]
 [ True]
 [ True]
 ...
 [ True]
 [ True]
 [ True]]
    n_valid: [2341]

2026-02-04T16:06:50.341711Z INFO  utilrsw.logger Plotting '10220' data
2026-02-04T16:06:50.345762Z INFO  utilrsw.logger   Plotting '10220/GIC/GMU' vs. measured data as timeseries
2026-02-04T16:06:52.120187Z INFO  utilrsw.logger     Writing C:\Users\lwilker\Documents\GitHub\SWERVE-2024-05-10\data_processed/sites/10220/figures\compare\GIC_calculated_GMU_vs_measured_timeseries.png
2026-02-04T16:06:53.603195Z INFO  utilrsw.logger     Writing C:\Users\lwilker\Documents\GitHub\SWERVE-2024-05-10\data_processed/sites/10220/figures\compare\GIC_calculated_GMU_vs_measured_timeseries.pdf
2026-02-04T16:06:54.065155Z INFO  utilrsw.logger   Plotting '10220/GIC/GMU' vs. measured data as scatter
2026-02-04T16:06:54.924554Z INFO  utilrsw.logger     Writing C:\Users\lwilker\Documents\GitHub\SWERVE-2024-05-10\data_processed/sites/10220/figures\compare\GIC_calculated_GMU_vs_measured_scatter.png
2026-02-04T16:06:56.316434Z INFO  utilrsw.logger     Writing C:\Users\lwilker\Documents\GitHub\SWERVE-2024-05-10\data_processed/sites/10220/figures\compare\GIC_calculated_GMU_vs_measured_scatter.pdf
2026-02-04T16:06:56.944906Z INFO  utilrsw.logger   Plotting '10220/GIC/measured/NERC' original vs. modified data
2026-02-04T16:07:01.191891Z INFO  utilrsw.logger     Writing C:\Users\lwilker\Documents\GitHub\SWERVE-2024-05-10\data_processed/sites/10220/figures\original\GIC_measured_NERC.png
2026-02-04T16:07:03.296051Z INFO  utilrsw.logger     Writing C:\Users\lwilker\Documents\GitHub\SWERVE-2024-05-10\data_processed/sites/10220/figures\original\GIC_measured_NERC.pdf
2026-02-04T16:07:03.830328Z INFO  utilrsw.logger   Plotting '10220/GIC/calculated/GMU' original vs. modified data
2026-02-04T16:07:05.157496Z INFO  utilrsw.logger     Writing C:\Users\lwilker\Documents\GitHub\SWERVE-2024-05-10\data_processed/sites/10220/figures\original\GIC_calculated_GMU.png
2026-02-04T16:07:06.986517Z INFO  utilrsw.logger     Writing C:\Users\lwilker\Documents\GitHub\SWERVE-2024-05-10\data_processed/sites/10220/figures\original\GIC_calculated_GMU.pdf
2026-02-04T16:07:07.451023Z INFO  utilrsw.logger Reading '10249' data
2026-02-04T16:07:07.452023Z INFO  utilrsw.logger   Reading cached file with all data for site '10249': C:\Users\lwilker\Documents\GitHub\SWERVE-2024-05-10\data_processed\sites\10249\data\_all.pkl
2026-02-04T16:07:07.576982Z INFO  utilrsw.logger Computing stats for '10249' data
2026-02-04T16:07:07.864762Z INFO  utilrsw.logger   Uniq dts [ns] = [4000000000]
2026-02-04T16:07:07.867073Z INFO  utilrsw.logger   Uniq dts [#]  = 1
2026-02-04T16:07:07.868108Z INFO  utilrsw.logger   Stats for GIC/measured/NERC:
2026-02-04T16:07:07.871095Z INFO  utilrsw.logger 
    std: [0.85318053]
    ave: [0.20628791]
    min: [-6.5]
    max: [4.41333333]
    n: 2341
    n_valid: [2341]
    dt_original: [4000000000]

2026-02-04T16:07:07.888770Z INFO  utilrsw.logger Plotting '10249' data
2026-02-04T16:07:07.893775Z INFO  utilrsw.logger   Plotting '10249/GIC/measured/NERC' original vs. modified data
2026-02-04T16:07:10.545973Z INFO  utilrsw.logger     Writing C:\Users\lwilker\Documents\GitHub\SWERVE-2024-05-10\data_processed/sites/10249/figures\original\GIC_measured_NERC.png
2026-02-04T16:07:12.629582Z INFO  utilrsw.logger     Writing C:\Users\lwilker\Documents\GitHub\SWERVE-2024-05-10\data_processed/sites/10249/figures\original\GIC_measured_NERC.pdf
2026-02-04T16:07:13.189155Z INFO  utilrsw.logger Reading '10250' data
2026-02-04T16:07:13.190648Z INFO  utilrsw.logger   Reading cached file with all data for site '10250': C:\Users\lwilker\Documents\GitHub\SWERVE-2024-05-10\data_processed\sites\10250\data\_all.pkl
2026-02-04T16:07:13.319412Z INFO  utilrsw.logger Computing stats for '10250' data
2026-02-04T16:07:13.589543Z INFO  utilrsw.logger   Uniq dts [ns] = [4000000000]
2026-02-04T16:07:13.590564Z INFO  utilrsw.logger   Uniq dts [#]  = 1
2026-02-04T16:07:13.591543Z INFO  utilrsw.logger   Stats for GIC/measured/NERC:
2026-02-04T16:07:13.593575Z INFO  utilrsw.logger 
    std: [1.06389518]
    ave: [0.53559448]
    min: [-9.78]
    max: [12.74]
    n: 2341
    n_valid: [2341]
    dt_original: [4000000000]

2026-02-04T16:07:13.608116Z INFO  utilrsw.logger   Uniq dts [ns] = [60000000000]
2026-02-04T16:07:13.609105Z INFO  utilrsw.logger   Uniq dts [#]  = 1
2026-02-04T16:07:13.611152Z INFO  utilrsw.logger   Stats for GIC/calculated/GMU:
2026-02-04T16:07:13.613153Z INFO  utilrsw.logger 
    std: [1.46183499]
    ave: [0.0036028]
    min: [-11.13287671]
    max: [8.02194753]
    n: 2341
    n_valid: [2341]
    dt_original: [60000000000]

2026-02-04T16:07:13.616149Z INFO  utilrsw.logger   Metrics for GIC/calculated/GMU:
2026-02-04T16:07:13.621150Z INFO  utilrsw.logger 
    err_rms: [1.72629678]
    err_ave: [0.53199168]
    err: [[1.25183211]
 [0.90536556]
 [0.79694302]
 ...
 [0.72648245]
 [0.52316569]
 [0.50394811]]
    cc: [0.18381387]
    pe: [-1.63289315]
    valid: [[ True]
 [ True]
 [ True]
 ...
 [ True]
 [ True]
 [ True]]
    n_valid: [2341]

2026-02-04T16:07:13.629263Z INFO  utilrsw.logger Plotting '10250' data
2026-02-04T16:07:13.637310Z INFO  utilrsw.logger   Plotting '10250/GIC/GMU' vs. measured data as timeseries
2026-02-04T16:07:15.194532Z INFO  utilrsw.logger     Writing C:\Users\lwilker\Documents\GitHub\SWERVE-2024-05-10\data_processed/sites/10250/figures\compare\GIC_calculated_GMU_vs_measured_timeseries.png
2026-02-04T16:07:16.783056Z INFO  utilrsw.logger     Writing C:\Users\lwilker\Documents\GitHub\SWERVE-2024-05-10\data_processed/sites/10250/figures\compare\GIC_calculated_GMU_vs_measured_timeseries.pdf
2026-02-04T16:07:17.238130Z INFO  utilrsw.logger   Plotting '10250/GIC/GMU' vs. measured data as scatter
2026-02-04T16:07:18.169022Z INFO  utilrsw.logger     Writing C:\Users\lwilker\Documents\GitHub\SWERVE-2024-05-10\data_processed/sites/10250/figures\compare\GIC_calculated_GMU_vs_measured_scatter.png
2026-02-04T16:07:19.545748Z INFO  utilrsw.logger     Writing C:\Users\lwilker\Documents\GitHub\SWERVE-2024-05-10\data_processed/sites/10250/figures\compare\GIC_calculated_GMU_vs_measured_scatter.pdf
2026-02-04T16:07:20.075312Z INFO  utilrsw.logger   Plotting '10250/GIC/measured/NERC' original vs. modified data
2026-02-04T16:07:22.206305Z INFO  utilrsw.logger     Writing C:\Users\lwilker\Documents\GitHub\SWERVE-2024-05-10\data_processed/sites/10250/figures\original\GIC_measured_NERC.png
2026-02-04T16:07:23.981919Z INFO  utilrsw.logger     Writing C:\Users\lwilker\Documents\GitHub\SWERVE-2024-05-10\data_processed/sites/10250/figures\original\GIC_measured_NERC.pdf
2026-02-04T16:07:24.471341Z INFO  utilrsw.logger   Plotting '10250/GIC/calculated/GMU' original vs. modified data
2026-02-04T16:07:25.765424Z INFO  utilrsw.logger     Writing C:\Users\lwilker\Documents\GitHub\SWERVE-2024-05-10\data_processed/sites/10250/figures\original\GIC_calculated_GMU.png
2026-02-04T16:07:27.513851Z INFO  utilrsw.logger     Writing C:\Users\lwilker\Documents\GitHub\SWERVE-2024-05-10\data_processed/sites/10250/figures\original\GIC_calculated_GMU.pdf
2026-02-04T16:07:27.978051Z INFO  utilrsw.logger Reading '50100' data
2026-02-04T16:07:27.978051Z INFO  utilrsw.logger   Reading cached file with all data for site '50100': C:\Users\lwilker\Documents\GitHub\SWERVE-2024-05-10\data_processed\sites\50100\data\_all.pkl
2026-02-04T16:07:28.229614Z INFO  utilrsw.logger Computing stats for '50100' data
2026-02-04T16:07:29.254265Z INFO  utilrsw.logger   Uniq dts [ns] = [1000000000]
2026-02-04T16:07:29.254265Z INFO  utilrsw.logger   Uniq dts [#]  = 1
2026-02-04T16:07:29.258460Z INFO  utilrsw.logger   Stats for B/measured/NERC:
2026-02-04T16:07:29.258460Z INFO  utilrsw.logger 
    std: [102.00693059  64.51005122  45.21547658  89.47265045]
    ave: [-171.25470988  -24.32151837   24.91077695  191.0281371 ]
    min: [-411.7975     -251.77933333  -94.84166667    3.28028435]
    max: [ 91.80066667 164.81833333 127.50333333 412.18265748]
    n: 2341
    n_valid: [2341 2341 2341 2341]
    dt_original: [1000000000]

2026-02-04T16:07:29.287382Z INFO  utilrsw.logger   Uniq dts [ns] = [60000000000]
2026-02-04T16:07:29.287382Z INFO  utilrsw.logger   Uniq dts [#]  = 1
2026-02-04T16:07:29.287382Z INFO  utilrsw.logger   Stats for B/calculated/SWMF:
2026-02-04T16:07:29.291532Z INFO  utilrsw.logger 
    std: [43.60745805 27.22882344 29.66133864 41.79506426]
    ave: [28.64235888  2.17504838 -2.94469737 41.48864164]
    min: [ -49.63039167  -49.66318208 -100.11079018    0.35943543]
    max: [159.95169537 136.32229718  84.37008086 206.81030727]
    n: 2341
    n_valid: [2339 2339 2339 2339]
    dt_original: [60000000000]

2026-02-04T16:07:29.300370Z INFO  utilrsw.logger   Uniq dts [ns] = [60000000000]
2026-02-04T16:07:29.300370Z INFO  utilrsw.logger   Uniq dts [#]  = 1
2026-02-04T16:07:29.300370Z INFO  utilrsw.logger   Stats for B/calculated/MAGE:
2026-02-04T16:07:29.304408Z INFO  utilrsw.logger 
    std: [144.24944341  76.64473824 180.80414354 135.55290249]
    ave: [246.41920537  82.80306956 400.19798457 275.47504706]
    min: [-143.24851535  -94.91897152  -80.16562482   14.80175044]
    max: [583.75519027 299.0737073  816.6133122  629.01622328]
    n: 2341
    n_valid: [1980 1980 1980 1980]
    dt_original: [60000000000]

2026-02-04T16:07:29.335234Z INFO  utilrsw.logger   Uniq dts [ns] = [60000000000]
2026-02-04T16:07:29.337039Z INFO  utilrsw.logger   Uniq dts [#]  = 1
2026-02-04T16:07:29.337039Z INFO  utilrsw.logger   Stats for B/calculated/OpenGGCM:
2026-02-04T16:07:29.339759Z INFO  utilrsw.logger 
    std: [ 74.70877768 349.75546358 148.58551881 260.51975709]
    ave: [-73.13674554 101.22836351  60.08230116 275.0198303 ]
    min: [-310.81396402 -710.01316442 -622.60226533    8.75540338]
    max: [ 183.05224329 1745.19391546  727.54431272 1758.27255306]
    n: 2341
    n_valid: [2341 2341 2341 2341]
    dt_original: [60000000000]

2026-02-04T16:07:29.342925Z WARN  utilrsw.logger   Multiplying measured data by -1 before computing pe.
2026-02-04T16:07:29.345801Z INFO  utilrsw.logger   Metrics for B/calculated/SWMF:
2026-02-04T16:07:29.345801Z INFO  utilrsw.logger 
    err_rms: [236.5464772   74.77637262  59.8055454  165.62820432]
    err_ave: [-199.89019471  -26.47245446   27.86874533  149.54179494]
    err: [[  -2.27950228   49.15629304    3.414615     44.82046317]
 [  -2.00152657   49.62324029    3.88912094   44.83408026]
 [  -2.39940089   48.1756588     4.60935953   42.60460762]
 ...
 [-105.85280797   13.68252721   18.78138756  104.03525228]
 [-106.38549406   11.91372198   18.23467326  104.1875803 ]
 [-106.46717826   11.90528038   18.00109573  103.99033284]]
    cc: [-0.41377088  0.00421602  0.04677769  0.62667872]
    pe: [-1.78178102 -0.34278148 -0.7483549  -2.42393962]
    valid: [[ True  True  True  True]
 [ True  True  True  True]
 [ True  True  True  True]
 ...
 [ True  True  True  True]
 [ True  True  True  True]
 [ True  True  True  True]]
    n_valid: [2339 2339 2339 2339]

2026-02-04T16:07:29.350298Z WARN  utilrsw.logger   Multiplying measured data by -1 before computing pe.
2026-02-04T16:07:29.350298Z WARN  utilrsw.logger   Multiplying measured data by -1 before computing pe.
2026-02-04T16:07:29.356606Z INFO  utilrsw.logger   Metrics for B/calculated/MAGE:
2026-02-04T16:07:29.358623Z INFO  utilrsw.logger 
    err_rms: [483.06654745 157.44785653 414.15724399 148.44598211]
    err_ave: [-431.12694409 -114.88595955 -377.8691286   -68.42837023]
    err: [[  23.3203898    52.98385735  -12.95160569   39.50839348]
 [  24.74875803   53.82970951  -11.81559167   39.55163271]
 [  25.92797465   52.5037545   -10.76802446   37.81789681]
 ...
 [-385.43163693  -66.20573803 -324.93041097 -158.71640069]
 [-388.29720239  -66.75818075 -324.33130019 -158.71141184]
 [-385.74543578  -67.53266074 -323.3496978  -159.58480721]]
    cc: [-0.51974212 -0.12768656  0.36014172  0.3661411 ]
    pe: [ -0.81233052  -1.61828696 -73.27110364  -1.8708933 ]
    valid: [[ True  True  True  True]
 [ True  True  True  True]
 [ True  True  True  True]
 ...
 [False False False False]
 [False False False False]
 [False False False False]]
    n_valid: [1980 1980 1980 1980]

2026-02-04T16:07:29.363139Z WARN  utilrsw.logger   Multiplying measured data by -1 before computing pe.
2026-02-04T16:07:29.363139Z WARN  utilrsw.logger   Multiplying measured data by -1 before computing pe.
2026-02-04T16:07:29.367179Z INFO  utilrsw.logger   Metrics for B/calculated/OpenGGCM:
2026-02-04T16:07:29.367179Z INFO  utilrsw.logger 
    err_rms: [145.72148008 398.76494309 180.35182177 262.85903528]
    err_ave: [ -98.11796434 -125.54988188  -35.17152421  -83.9916932 ]
    err: [[ 65.73370128 197.63360608 -98.66267387 -97.53558236]
 [ 67.78418705 194.85118129 -99.39346694 -94.59405665]
 [ 69.85880854 188.85565095 -95.89089756 -92.2003545 ]
 ...
 [ -2.6609364   75.93956563 -29.90001283 -13.88544975]
 [ -1.67074814  87.06555354 -29.37319587 -21.96085962]
 [  0.53699945  99.73007893 -28.23790596 -31.40713065]]
    cc: [ 0.28731846 -0.37141486 -0.53343691  0.29678231]
    pe: [ -1.04074052 -26.78890301 -10.82635797  -7.63108143]
    valid: [[ True  True  True  True]
 [ True  True  True  True]
 [ True  True  True  True]
 ...
 [ True  True  True  True]
 [ True  True  True  True]
 [ True  True  True  True]]
    n_valid: [2341 2341 2341 2341]

2026-02-04T16:07:29.397564Z INFO  utilrsw.logger Plotting '50100' data
2026-02-04T16:07:29.402566Z INFO  utilrsw.logger   Plotting '50100/B/calculated/MAGE/raw' data
2026-02-04T16:07:33.347251Z INFO  utilrsw.logger     Writing C:\Users\lwilker\Documents\GitHub\SWERVE-2024-05-10\data_processed/sites/50100/figures\raw\B_calculated_MAGE.png
2026-02-04T16:07:34.117383Z INFO  utilrsw.logger     Writing C:\Users\lwilker\Documents\GitHub\SWERVE-2024-05-10\data_processed/sites/50100/figures\raw\B_calculated_MAGE.pdf
2026-02-04T16:07:34.125446Z INFO  utilrsw.logger   Plotting '50100/B/calculated/MAGE/raw' to compare dBn with dBt and dBp
2026-02-04T16:07:35.538177Z INFO  utilrsw.logger     Writing C:\Users\lwilker\Documents\GitHub\SWERVE-2024-05-10\data_processed/sites/50100/figures\raw\B_calculated_MAGE_compare_dBn_dBt_dBp.png
2026-02-04T16:07:37.380030Z INFO  utilrsw.logger     Writing C:\Users\lwilker\Documents\GitHub\SWERVE-2024-05-10\data_processed/sites/50100/figures\raw\B_calculated_MAGE_compare_dBn_dBt_dBp.pdf
2026-02-04T16:07:38.270018Z INFO  utilrsw.logger   Plotting all '50100/B' calculated vs. measured data as timeseries
2026-02-04T16:07:43.060183Z INFO  utilrsw.logger     Writing C:\Users\lwilker\Documents\GitHub\SWERVE-2024-05-10\data_processed/sites/50100/figures\compare\B_N_calculated_all_vs_measured_timeseries.png
2026-02-04T16:07:44.607759Z INFO  utilrsw.logger     Writing C:\Users\lwilker\Documents\GitHub\SWERVE-2024-05-10\data_processed/sites/50100/figures\compare\B_N_calculated_all_vs_measured_timeseries.pdf
2026-02-04T16:07:45.344554Z INFO  utilrsw.logger     Writing C:\Users\lwilker\Documents\GitHub\SWERVE-2024-05-10\data_processed/sites/50100/figures\compare\B_E_calculated_all_vs_measured_timeseries.png
2026-02-04T16:07:46.863242Z INFO  utilrsw.logger     Writing C:\Users\lwilker\Documents\GitHub\SWERVE-2024-05-10\data_processed/sites/50100/figures\compare\B_E_calculated_all_vs_measured_timeseries.pdf
2026-02-04T16:07:47.567834Z INFO  utilrsw.logger     Writing C:\Users\lwilker\Documents\GitHub\SWERVE-2024-05-10\data_processed/sites/50100/figures\compare\B_v_calculated_all_vs_measured_timeseries.png
2026-02-04T16:07:49.137959Z INFO  utilrsw.logger     Writing C:\Users\lwilker\Documents\GitHub\SWERVE-2024-05-10\data_processed/sites/50100/figures\compare\B_v_calculated_all_vs_measured_timeseries.pdf
2026-02-04T16:07:49.884664Z INFO  utilrsw.logger     Writing C:\Users\lwilker\Documents\GitHub\SWERVE-2024-05-10\data_processed/sites/50100/figures\compare\B_H_calculated_all_vs_measured_timeseries.png
2026-02-04T16:07:51.461271Z INFO  utilrsw.logger     Writing C:\Users\lwilker\Documents\GitHub\SWERVE-2024-05-10\data_processed/sites/50100/figures\compare\B_H_calculated_all_vs_measured_timeseries.pdf
2026-02-04T16:07:52.057659Z INFO  utilrsw.logger   Plotting all '50100/B' calculated vs. measured data as timeseries
2026-02-04T16:07:57.910500Z INFO  utilrsw.logger     Writing C:\Users\lwilker\Documents\GitHub\SWERVE-2024-05-10\data_processed/sites/50100/figures\compare\B_N_calculated_all_vs_measured_timeseries.png
2026-02-04T16:07:59.374406Z INFO  utilrsw.logger     Writing C:\Users\lwilker\Documents\GitHub\SWERVE-2024-05-10\data_processed/sites/50100/figures\compare\B_N_calculated_all_vs_measured_timeseries.pdf
2026-02-04T16:08:00.086176Z INFO  utilrsw.logger     Writing C:\Users\lwilker\Documents\GitHub\SWERVE-2024-05-10\data_processed/sites/50100/figures\compare\B_E_calculated_all_vs_measured_timeseries.png
2026-02-04T16:08:01.466430Z INFO  utilrsw.logger     Writing C:\Users\lwilker\Documents\GitHub\SWERVE-2024-05-10\data_processed/sites/50100/figures\compare\B_E_calculated_all_vs_measured_timeseries.pdf
2026-02-04T16:08:02.152683Z INFO  utilrsw.logger     Writing C:\Users\lwilker\Documents\GitHub\SWERVE-2024-05-10\data_processed/sites/50100/figures\compare\B_v_calculated_all_vs_measured_timeseries.png
2026-02-04T16:08:03.775148Z INFO  utilrsw.logger     Writing C:\Users\lwilker\Documents\GitHub\SWERVE-2024-05-10\data_processed/sites/50100/figures\compare\B_v_calculated_all_vs_measured_timeseries.pdf
2026-02-04T16:08:04.567048Z INFO  utilrsw.logger     Writing C:\Users\lwilker\Documents\GitHub\SWERVE-2024-05-10\data_processed/sites/50100/figures\compare\B_H_calculated_all_vs_measured_timeseries.png
2026-02-04T16:08:06.209594Z INFO  utilrsw.logger     Writing C:\Users\lwilker\Documents\GitHub\SWERVE-2024-05-10\data_processed/sites/50100/figures\compare\B_H_calculated_all_vs_measured_timeseries.pdf
2026-02-04T16:08:06.808468Z INFO  utilrsw.logger   Plotting '50100/B/SWMF' vs. measured data as timeseries
2026-02-04T16:08:12.982782Z INFO  utilrsw.logger     Writing C:\Users\lwilker\Documents\GitHub\SWERVE-2024-05-10\data_processed/sites/50100/figures\compare\B_N_calculated_SWMF_vs_measured_timeseries.png
2026-02-04T16:08:14.483559Z INFO  utilrsw.logger     Writing C:\Users\lwilker\Documents\GitHub\SWERVE-2024-05-10\data_processed/sites/50100/figures\compare\B_N_calculated_SWMF_vs_measured_timeseries.pdf
2026-02-04T16:08:15.211984Z INFO  utilrsw.logger     Writing C:\Users\lwilker\Documents\GitHub\SWERVE-2024-05-10\data_processed/sites/50100/figures\compare\B_E_calculated_SWMF_vs_measured_timeseries.png
2026-02-04T16:08:16.717702Z INFO  utilrsw.logger     Writing C:\Users\lwilker\Documents\GitHub\SWERVE-2024-05-10\data_processed/sites/50100/figures\compare\B_E_calculated_SWMF_vs_measured_timeseries.pdf
2026-02-04T16:08:17.406558Z INFO  utilrsw.logger     Writing C:\Users\lwilker\Documents\GitHub\SWERVE-2024-05-10\data_processed/sites/50100/figures\compare\B_v_calculated_SWMF_vs_measured_timeseries.png
2026-02-04T16:08:18.902691Z INFO  utilrsw.logger     Writing C:\Users\lwilker\Documents\GitHub\SWERVE-2024-05-10\data_processed/sites/50100/figures\compare\B_v_calculated_SWMF_vs_measured_timeseries.pdf
2026-02-04T16:08:19.634302Z INFO  utilrsw.logger     Writing C:\Users\lwilker\Documents\GitHub\SWERVE-2024-05-10\data_processed/sites/50100/figures\compare\B_H_calculated_SWMF_vs_measured_timeseries.png
2026-02-04T16:08:21.245239Z INFO  utilrsw.logger     Writing C:\Users\lwilker\Documents\GitHub\SWERVE-2024-05-10\data_processed/sites/50100/figures\compare\B_H_calculated_SWMF_vs_measured_timeseries.pdf
2026-02-04T16:08:21.785227Z INFO  utilrsw.logger   Plotting '50100/B/MAGE' vs. measured data as timeseries
2026-02-04T16:08:27.337449Z INFO  utilrsw.logger     Writing C:\Users\lwilker\Documents\GitHub\SWERVE-2024-05-10\data_processed/sites/50100/figures\compare\B_N_calculated_MAGE_vs_measured_timeseries.png
2026-02-04T16:08:28.825695Z INFO  utilrsw.logger     Writing C:\Users\lwilker\Documents\GitHub\SWERVE-2024-05-10\data_processed/sites/50100/figures\compare\B_N_calculated_MAGE_vs_measured_timeseries.pdf
2026-02-04T16:08:29.503810Z INFO  utilrsw.logger     Writing C:\Users\lwilker\Documents\GitHub\SWERVE-2024-05-10\data_processed/sites/50100/figures\compare\B_E_calculated_MAGE_vs_measured_timeseries.png
2026-02-04T16:08:31.056813Z INFO  utilrsw.logger     Writing C:\Users\lwilker\Documents\GitHub\SWERVE-2024-05-10\data_processed/sites/50100/figures\compare\B_E_calculated_MAGE_vs_measured_timeseries.pdf
2026-02-04T16:08:31.708464Z INFO  utilrsw.logger     Writing C:\Users\lwilker\Documents\GitHub\SWERVE-2024-05-10\data_processed/sites/50100/figures\compare\B_v_calculated_MAGE_vs_measured_timeseries.png
2026-02-04T16:08:33.174525Z INFO  utilrsw.logger     Writing C:\Users\lwilker\Documents\GitHub\SWERVE-2024-05-10\data_processed/sites/50100/figures\compare\B_v_calculated_MAGE_vs_measured_timeseries.pdf
2026-02-04T16:08:33.811559Z INFO  utilrsw.logger     Writing C:\Users\lwilker\Documents\GitHub\SWERVE-2024-05-10\data_processed/sites/50100/figures\compare\B_H_calculated_MAGE_vs_measured_timeseries.png
2026-02-04T16:08:35.308848Z INFO  utilrsw.logger     Writing C:\Users\lwilker\Documents\GitHub\SWERVE-2024-05-10\data_processed/sites/50100/figures\compare\B_H_calculated_MAGE_vs_measured_timeseries.pdf
2026-02-04T16:08:35.827865Z INFO  utilrsw.logger   Plotting '50100/B/OpenGGCM' vs. measured data as timeseries
2026-02-04T16:08:41.239480Z INFO  utilrsw.logger     Writing C:\Users\lwilker\Documents\GitHub\SWERVE-2024-05-10\data_processed/sites/50100/figures\compare\B_N_calculated_OpenGGCM_vs_measured_timeseries.png
2026-02-04T16:08:42.748175Z INFO  utilrsw.logger     Writing C:\Users\lwilker\Documents\GitHub\SWERVE-2024-05-10\data_processed/sites/50100/figures\compare\B_N_calculated_OpenGGCM_vs_measured_timeseries.pdf
2026-02-04T16:08:43.594139Z INFO  utilrsw.logger     Writing C:\Users\lwilker\Documents\GitHub\SWERVE-2024-05-10\data_processed/sites/50100/figures\compare\B_E_calculated_OpenGGCM_vs_measured_timeseries.png
2026-02-04T16:08:45.083907Z INFO  utilrsw.logger     Writing C:\Users\lwilker\Documents\GitHub\SWERVE-2024-05-10\data_processed/sites/50100/figures\compare\B_E_calculated_OpenGGCM_vs_measured_timeseries.pdf
2026-02-04T16:08:45.814795Z INFO  utilrsw.logger     Writing C:\Users\lwilker\Documents\GitHub\SWERVE-2024-05-10\data_processed/sites/50100/figures\compare\B_v_calculated_OpenGGCM_vs_measured_timeseries.png
2026-02-04T16:08:47.279634Z INFO  utilrsw.logger     Writing C:\Users\lwilker\Documents\GitHub\SWERVE-2024-05-10\data_processed/sites/50100/figures\compare\B_v_calculated_OpenGGCM_vs_measured_timeseries.pdf
2026-02-04T16:08:47.938580Z INFO  utilrsw.logger     Writing C:\Users\lwilker\Documents\GitHub\SWERVE-2024-05-10\data_processed/sites/50100/figures\compare\B_H_calculated_OpenGGCM_vs_measured_timeseries.png
2026-02-04T16:08:49.485254Z INFO  utilrsw.logger     Writing C:\Users\lwilker\Documents\GitHub\SWERVE-2024-05-10\data_processed/sites/50100/figures\compare\B_H_calculated_OpenGGCM_vs_measured_timeseries.pdf
2026-02-04T16:08:50.003538Z INFO  utilrsw.logger   Plotting all '50100/B' calculated vs. measured data as scatter
2026-02-04T16:08:53.384562Z INFO  utilrsw.logger     Writing C:\Users\lwilker\Documents\GitHub\SWERVE-2024-05-10\data_processed/sites/50100/figures\compare\B_N_calculated_all_vs_measured_scatter.png
2026-02-04T16:08:55.017410Z INFO  utilrsw.logger     Writing C:\Users\lwilker\Documents\GitHub\SWERVE-2024-05-10\data_processed/sites/50100/figures\compare\B_N_calculated_all_vs_measured_scatter.pdf
2026-02-04T16:08:56.420594Z INFO  utilrsw.logger     Writing C:\Users\lwilker\Documents\GitHub\SWERVE-2024-05-10\data_processed/sites/50100/figures\compare\B_E_calculated_all_vs_measured_scatter.png
2026-02-04T16:08:57.975427Z INFO  utilrsw.logger     Writing C:\Users\lwilker\Documents\GitHub\SWERVE-2024-05-10\data_processed/sites/50100/figures\compare\B_E_calculated_all_vs_measured_scatter.pdf
2026-02-04T16:08:59.160350Z INFO  utilrsw.logger     Writing C:\Users\lwilker\Documents\GitHub\SWERVE-2024-05-10\data_processed/sites/50100/figures\compare\B_v_calculated_all_vs_measured_scatter.png
2026-02-04T16:09:00.787028Z INFO  utilrsw.logger     Writing C:\Users\lwilker\Documents\GitHub\SWERVE-2024-05-10\data_processed/sites/50100/figures\compare\B_v_calculated_all_vs_measured_scatter.pdf
2026-02-04T16:09:02.005717Z INFO  utilrsw.logger     Writing C:\Users\lwilker\Documents\GitHub\SWERVE-2024-05-10\data_processed/sites/50100/figures\compare\B_H_calculated_all_vs_measured_scatter.png
2026-02-04T16:09:03.616032Z INFO  utilrsw.logger     Writing C:\Users\lwilker\Documents\GitHub\SWERVE-2024-05-10\data_processed/sites/50100/figures\compare\B_H_calculated_all_vs_measured_scatter.pdf
2026-02-04T16:09:04.606029Z INFO  utilrsw.logger   Plotting all '50100/B' calculated vs. measured data as scatter
2026-02-04T16:09:08.494163Z INFO  utilrsw.logger     Writing C:\Users\lwilker\Documents\GitHub\SWERVE-2024-05-10\data_processed/sites/50100/figures\compare\B_N_calculated_all_vs_measured_scatter.png
2026-02-04T16:09:10.356348Z INFO  utilrsw.logger     Writing C:\Users\lwilker\Documents\GitHub\SWERVE-2024-05-10\data_processed/sites/50100/figures\compare\B_N_calculated_all_vs_measured_scatter.pdf
2026-02-04T16:09:11.940606Z INFO  utilrsw.logger     Writing C:\Users\lwilker\Documents\GitHub\SWERVE-2024-05-10\data_processed/sites/50100/figures\compare\B_E_calculated_all_vs_measured_scatter.png
2026-02-04T16:09:13.484177Z INFO  utilrsw.logger     Writing C:\Users\lwilker\Documents\GitHub\SWERVE-2024-05-10\data_processed/sites/50100/figures\compare\B_E_calculated_all_vs_measured_scatter.pdf
2026-02-04T16:09:14.583181Z INFO  utilrsw.logger     Writing C:\Users\lwilker\Documents\GitHub\SWERVE-2024-05-10\data_processed/sites/50100/figures\compare\B_v_calculated_all_vs_measured_scatter.png
2026-02-04T16:09:16.507117Z INFO  utilrsw.logger     Writing C:\Users\lwilker\Documents\GitHub\SWERVE-2024-05-10\data_processed/sites/50100/figures\compare\B_v_calculated_all_vs_measured_scatter.pdf
2026-02-04T16:09:18.123281Z INFO  utilrsw.logger     Writing C:\Users\lwilker\Documents\GitHub\SWERVE-2024-05-10\data_processed/sites/50100/figures\compare\B_H_calculated_all_vs_measured_scatter.png
2026-02-04T16:09:19.872252Z INFO  utilrsw.logger     Writing C:\Users\lwilker\Documents\GitHub\SWERVE-2024-05-10\data_processed/sites/50100/figures\compare\B_H_calculated_all_vs_measured_scatter.pdf
2026-02-04T16:09:21.048809Z INFO  utilrsw.logger   Plotting '50100/B/SWMF' vs. measured data as scatter
2026-02-04T16:09:25.004420Z INFO  utilrsw.logger     Writing C:\Users\lwilker\Documents\GitHub\SWERVE-2024-05-10\data_processed/sites/50100/figures\compare\B_N_calculated_SWMF_vs_measured_scatter.png
2026-02-04T16:09:26.346568Z INFO  utilrsw.logger     Writing C:\Users\lwilker\Documents\GitHub\SWERVE-2024-05-10\data_processed/sites/50100/figures\compare\B_N_calculated_SWMF_vs_measured_scatter.pdf
2026-02-04T16:09:27.130049Z INFO  utilrsw.logger     Writing C:\Users\lwilker\Documents\GitHub\SWERVE-2024-05-10\data_processed/sites/50100/figures\compare\B_E_calculated_SWMF_vs_measured_scatter.png
2026-02-04T16:09:28.498838Z INFO  utilrsw.logger     Writing C:\Users\lwilker\Documents\GitHub\SWERVE-2024-05-10\data_processed/sites/50100/figures\compare\B_E_calculated_SWMF_vs_measured_scatter.pdf
2026-02-04T16:09:29.281198Z INFO  utilrsw.logger     Writing C:\Users\lwilker\Documents\GitHub\SWERVE-2024-05-10\data_processed/sites/50100/figures\compare\B_v_calculated_SWMF_vs_measured_scatter.png
2026-02-04T16:09:30.687401Z INFO  utilrsw.logger     Writing C:\Users\lwilker\Documents\GitHub\SWERVE-2024-05-10\data_processed/sites/50100/figures\compare\B_v_calculated_SWMF_vs_measured_scatter.pdf
2026-02-04T16:09:31.414089Z INFO  utilrsw.logger     Writing C:\Users\lwilker\Documents\GitHub\SWERVE-2024-05-10\data_processed/sites/50100/figures\compare\B_H_calculated_SWMF_vs_measured_scatter.png
2026-02-04T16:09:33.260198Z INFO  utilrsw.logger     Writing C:\Users\lwilker\Documents\GitHub\SWERVE-2024-05-10\data_processed/sites/50100/figures\compare\B_H_calculated_SWMF_vs_measured_scatter.pdf
2026-02-04T16:09:34.139783Z INFO  utilrsw.logger   Plotting '50100/B/MAGE' vs. measured data as scatter
2026-02-04T16:09:37.938566Z INFO  utilrsw.logger     Writing C:\Users\lwilker\Documents\GitHub\SWERVE-2024-05-10\data_processed/sites/50100/figures\compare\B_N_calculated_MAGE_vs_measured_scatter.png
2026-02-04T16:09:39.629410Z INFO  utilrsw.logger     Writing C:\Users\lwilker\Documents\GitHub\SWERVE-2024-05-10\data_processed/sites/50100/figures\compare\B_N_calculated_MAGE_vs_measured_scatter.pdf
2026-02-04T16:09:40.363460Z INFO  utilrsw.logger     Writing C:\Users\lwilker\Documents\GitHub\SWERVE-2024-05-10\data_processed/sites/50100/figures\compare\B_E_calculated_MAGE_vs_measured_scatter.png
2026-02-04T16:09:41.866678Z INFO  utilrsw.logger     Writing C:\Users\lwilker\Documents\GitHub\SWERVE-2024-05-10\data_processed/sites/50100/figures\compare\B_E_calculated_MAGE_vs_measured_scatter.pdf
2026-02-04T16:09:42.852811Z INFO  utilrsw.logger     Writing C:\Users\lwilker\Documents\GitHub\SWERVE-2024-05-10\data_processed/sites/50100/figures\compare\B_v_calculated_MAGE_vs_measured_scatter.png
2026-02-04T16:09:44.235078Z INFO  utilrsw.logger     Writing C:\Users\lwilker\Documents\GitHub\SWERVE-2024-05-10\data_processed/sites/50100/figures\compare\B_v_calculated_MAGE_vs_measured_scatter.pdf
2026-02-04T16:09:45.034996Z INFO  utilrsw.logger     Writing C:\Users\lwilker\Documents\GitHub\SWERVE-2024-05-10\data_processed/sites/50100/figures\compare\B_H_calculated_MAGE_vs_measured_scatter.png
2026-02-04T16:09:47.043595Z INFO  utilrsw.logger     Writing C:\Users\lwilker\Documents\GitHub\SWERVE-2024-05-10\data_processed/sites/50100/figures\compare\B_H_calculated_MAGE_vs_measured_scatter.pdf
2026-02-04T16:09:47.836926Z INFO  utilrsw.logger   Plotting '50100/B/OpenGGCM' vs. measured data as scatter
2026-02-04T16:09:51.760364Z INFO  utilrsw.logger     Writing C:\Users\lwilker\Documents\GitHub\SWERVE-2024-05-10\data_processed/sites/50100/figures\compare\B_N_calculated_OpenGGCM_vs_measured_scatter.png
2026-02-04T16:09:53.200956Z INFO  utilrsw.logger     Writing C:\Users\lwilker\Documents\GitHub\SWERVE-2024-05-10\data_processed/sites/50100/figures\compare\B_N_calculated_OpenGGCM_vs_measured_scatter.pdf
2026-02-04T16:09:54.346631Z INFO  utilrsw.logger     Writing C:\Users\lwilker\Documents\GitHub\SWERVE-2024-05-10\data_processed/sites/50100/figures\compare\B_E_calculated_OpenGGCM_vs_measured_scatter.png
2026-02-04T16:09:55.849546Z INFO  utilrsw.logger     Writing C:\Users\lwilker\Documents\GitHub\SWERVE-2024-05-10\data_processed/sites/50100/figures\compare\B_E_calculated_OpenGGCM_vs_measured_scatter.pdf
2026-02-04T16:09:56.871912Z INFO  utilrsw.logger     Writing C:\Users\lwilker\Documents\GitHub\SWERVE-2024-05-10\data_processed/sites/50100/figures\compare\B_v_calculated_OpenGGCM_vs_measured_scatter.png
2026-02-04T16:09:58.442142Z INFO  utilrsw.logger     Writing C:\Users\lwilker\Documents\GitHub\SWERVE-2024-05-10\data_processed/sites/50100/figures\compare\B_v_calculated_OpenGGCM_vs_measured_scatter.pdf
2026-02-04T16:09:59.229123Z INFO  utilrsw.logger     Writing C:\Users\lwilker\Documents\GitHub\SWERVE-2024-05-10\data_processed/sites/50100/figures\compare\B_H_calculated_OpenGGCM_vs_measured_scatter.png
2026-02-04T16:10:00.962743Z INFO  utilrsw.logger     Writing C:\Users\lwilker\Documents\GitHub\SWERVE-2024-05-10\data_processed/sites/50100/figures\compare\B_H_calculated_OpenGGCM_vs_measured_scatter.pdf
2026-02-04T16:10:01.858177Z INFO  utilrsw.logger   Plotting '50100/B/measured/NERC' original vs. modified data
2026-02-04T16:10:15.019531Z INFO  utilrsw.logger     Writing C:\Users\lwilker\Documents\GitHub\SWERVE-2024-05-10\data_processed/sites/50100/figures\original\B_measured_NERC.png
2026-02-04T16:10:16.426030Z INFO  utilrsw.logger     Writing C:\Users\lwilker\Documents\GitHub\SWERVE-2024-05-10\data_processed/sites/50100/figures\original\B_measured_NERC.pdf
2026-02-04T16:10:18.217309Z INFO  utilrsw.logger     Writing C:\Users\lwilker\Documents\GitHub\SWERVE-2024-05-10\data_processed/sites/50100/figures\original\B_measured_NERC.png
2026-02-04T16:10:19.894917Z INFO  utilrsw.logger     Writing C:\Users\lwilker\Documents\GitHub\SWERVE-2024-05-10\data_processed/sites/50100/figures\original\B_measured_NERC.pdf
2026-02-04T16:10:21.065949Z INFO  utilrsw.logger     Writing C:\Users\lwilker\Documents\GitHub\SWERVE-2024-05-10\data_processed/sites/50100/figures\original\B_measured_NERC.png
2026-02-04T16:10:22.828114Z INFO  utilrsw.logger     Writing C:\Users\lwilker\Documents\GitHub\SWERVE-2024-05-10\data_processed/sites/50100/figures\original\B_measured_NERC.pdf
2026-02-04T16:10:23.432316Z INFO  utilrsw.logger   Plotting '50100/B/calculated/SWMF' original vs. modified data
2026-02-04T16:10:28.023414Z INFO  utilrsw.logger     Writing C:\Users\lwilker\Documents\GitHub\SWERVE-2024-05-10\data_processed/sites/50100/figures\original\B_calculated_SWMF.png
2026-02-04T16:10:29.965055Z INFO  utilrsw.logger     Writing C:\Users\lwilker\Documents\GitHub\SWERVE-2024-05-10\data_processed/sites/50100/figures\original\B_calculated_SWMF.pdf
2026-02-04T16:10:30.882058Z INFO  utilrsw.logger     Writing C:\Users\lwilker\Documents\GitHub\SWERVE-2024-05-10\data_processed/sites/50100/figures\original\B_calculated_SWMF.png
2026-02-04T16:10:32.752262Z INFO  utilrsw.logger     Writing C:\Users\lwilker\Documents\GitHub\SWERVE-2024-05-10\data_processed/sites/50100/figures\original\B_calculated_SWMF.pdf
2026-02-04T16:10:33.595214Z INFO  utilrsw.logger     Writing C:\Users\lwilker\Documents\GitHub\SWERVE-2024-05-10\data_processed/sites/50100/figures\original\B_calculated_SWMF.png
2026-02-04T16:10:35.173844Z INFO  utilrsw.logger     Writing C:\Users\lwilker\Documents\GitHub\SWERVE-2024-05-10\data_processed/sites/50100/figures\original\B_calculated_SWMF.pdf
2026-02-04T16:10:35.613923Z INFO  utilrsw.logger   Plotting '50100/B/calculated/MAGE' original vs. modified data
2026-02-04T16:10:39.842507Z INFO  utilrsw.logger     Writing C:\Users\lwilker\Documents\GitHub\SWERVE-2024-05-10\data_processed/sites/50100/figures\original\B_calculated_MAGE.png
2026-02-04T16:10:41.719696Z INFO  utilrsw.logger     Writing C:\Users\lwilker\Documents\GitHub\SWERVE-2024-05-10\data_processed/sites/50100/figures\original\B_calculated_MAGE.pdf
2026-02-04T16:10:42.485740Z INFO  utilrsw.logger     Writing C:\Users\lwilker\Documents\GitHub\SWERVE-2024-05-10\data_processed/sites/50100/figures\original\B_calculated_MAGE.png
2026-02-04T16:10:44.270066Z INFO  utilrsw.logger     Writing C:\Users\lwilker\Documents\GitHub\SWERVE-2024-05-10\data_processed/sites/50100/figures\original\B_calculated_MAGE.pdf
2026-02-04T16:10:45.044459Z INFO  utilrsw.logger     Writing C:\Users\lwilker\Documents\GitHub\SWERVE-2024-05-10\data_processed/sites/50100/figures\original\B_calculated_MAGE.png
2026-02-04T16:10:46.760794Z INFO  utilrsw.logger     Writing C:\Users\lwilker\Documents\GitHub\SWERVE-2024-05-10\data_processed/sites/50100/figures\original\B_calculated_MAGE.pdf
2026-02-04T16:10:47.424590Z INFO  utilrsw.logger   Plotting '50100/B/calculated/OpenGGCM' original vs. modified data
2026-02-04T16:10:52.231903Z INFO  utilrsw.logger     Writing C:\Users\lwilker\Documents\GitHub\SWERVE-2024-05-10\data_processed/sites/50100/figures\original\B_calculated_OpenGGCM.png
2026-02-04T16:10:54.206526Z INFO  utilrsw.logger     Writing C:\Users\lwilker\Documents\GitHub\SWERVE-2024-05-10\data_processed/sites/50100/figures\original\B_calculated_OpenGGCM.pdf
2026-02-04T16:10:54.988620Z INFO  utilrsw.logger     Writing C:\Users\lwilker\Documents\GitHub\SWERVE-2024-05-10\data_processed/sites/50100/figures\original\B_calculated_OpenGGCM.png
2026-02-04T16:10:57.034757Z INFO  utilrsw.logger     Writing C:\Users\lwilker\Documents\GitHub\SWERVE-2024-05-10\data_processed/sites/50100/figures\original\B_calculated_OpenGGCM.pdf
2026-02-04T16:10:57.918996Z INFO  utilrsw.logger     Writing C:\Users\lwilker\Documents\GitHub\SWERVE-2024-05-10\data_processed/sites/50100/figures\original\B_calculated_OpenGGCM.png
2026-02-04T16:10:59.744583Z INFO  utilrsw.logger     Writing C:\Users\lwilker\Documents\GitHub\SWERVE-2024-05-10\data_processed/sites/50100/figures\original\B_calculated_OpenGGCM.pdf
2026-02-04T16:11:00.242129Z INFO  utilrsw.logger Reading '50127' data
2026-02-04T16:11:00.242129Z INFO  utilrsw.logger   Reading cached file with all data for site '50127': C:\Users\lwilker\Documents\GitHub\SWERVE-2024-05-10\data_processed\sites\50127\data\_all.pkl
2026-02-04T16:11:00.344930Z INFO  utilrsw.logger Computing stats for '50127' data
2026-02-04T16:11:00.366070Z INFO  utilrsw.logger   Uniq dts [ns] = [60000000000]
2026-02-04T16:11:00.366070Z INFO  utilrsw.logger   Uniq dts [#]  = 1
2026-02-04T16:11:00.373833Z INFO  utilrsw.logger   Stats for B/measured/NERC:
2026-02-04T16:11:00.377366Z INFO  utilrsw.logger 
    std: [79.13752524 69.7020516  73.04019152 71.37661817]
    ave: [-184.87052114   -6.51566852   50.94915848  200.61422133]
    min: [-386.84       -289.47        -78.45         61.29475181]
    max: [ 13.2        203.59       300.64       387.96547076]
    n: 2341
    n_valid: [2341 2341 2341 2341]
    dt_original: [60000000000]

2026-02-04T16:11:00.401828Z INFO  utilrsw.logger   Uniq dts [ns] = [60000000000]
2026-02-04T16:11:00.409417Z INFO  utilrsw.logger   Uniq dts [#]  = 1
2026-02-04T16:11:00.409417Z INFO  utilrsw.logger   Stats for B/calculated/SWMF:
2026-02-04T16:11:00.409417Z INFO  utilrsw.logger 
    std: [48.53031534 23.55958521 33.95449558 42.2735394 ]
    ave: [25.68318184  1.82890815 -2.95358463 42.26303542]
    min: [ -86.42180462  -91.59847347 -129.01490549    0.27868477]
    max: [184.90233784  88.19553905 107.20444226 194.50165353]
    n: 2341
    n_valid: [2339 2339 2339 2339]
    dt_original: [60000000000]

2026-02-04T16:11:00.420514Z INFO  utilrsw.logger   Uniq dts [ns] = [60000000000]
2026-02-04T16:11:00.420514Z INFO  utilrsw.logger   Uniq dts [#]  = 1
2026-02-04T16:11:00.420514Z INFO  utilrsw.logger   Stats for B/calculated/MAGE:
2026-02-04T16:11:00.430650Z INFO  utilrsw.logger 
    std: [137.34734543  98.44107326 252.83496434 125.51166387]
    ave: [223.46506105  77.59554873 554.28030571 262.22025689]
    min: [-160.86067204 -177.19144461 -110.24192328   16.11533312]
    max: [ 589.48953946  363.6884235  1130.52751507  638.53132142]
    n: 2341
    n_valid: [1980 1980 1980 1980]
    dt_original: [60000000000]

2026-02-04T16:11:00.464233Z INFO  utilrsw.logger   Uniq dts [ns] = [60000000000]
2026-02-04T16:11:00.464919Z INFO  utilrsw.logger   Uniq dts [#]  = 1
2026-02-04T16:11:00.464919Z INFO  utilrsw.logger   Stats for B/calculated/OpenGGCM:
2026-02-04T16:11:00.464919Z INFO  utilrsw.logger 
    std: [ 85.59985613 326.92649389 191.86168762 244.41946497]
    ave: [-62.1929025   92.49408909  75.12610323 258.63199059]
    min: [-364.28901809 -607.53821829 -935.25623948    5.56497656]
    max: [ 190.52405636 1693.77592538  750.56931635 1697.34371668]
    n: 2341
    n_valid: [2341 2341 2341 2341]
    dt_original: [60000000000]

2026-02-04T16:11:00.464919Z WARN  utilrsw.logger   Multiplying measured data by -1 before computing pe.
2026-02-04T16:11:00.474165Z INFO  utilrsw.logger   Metrics for B/calculated/SWMF:
2026-02-04T16:11:00.478283Z INFO  utilrsw.logger 
    err_rms: [231.81048595  73.11483869  92.16750883 172.53534489]
    err_ave: [-210.51584537   -8.35130234   53.94839011  158.32625636]
    err: [[ -14.42087507   63.6777831    33.79354558   52.98167862]
 [ -15.22872155   65.29268952   33.74424758   55.38325252]
 [ -15.34392494   65.99793052   34.49363252   56.45628962]
 ...
 [-138.47145791   35.50385041   63.56892691  139.37638916]
 [-136.26139071   36.34459625   63.7247457   137.29702709]
 [-134.65829079   35.94229272   63.52757415  135.47196015]]
    cc: [-0.10416684  0.0429928   0.1825138   0.36144817]
    pe: [-4.29189233 -0.09944818 -0.59169722 -4.84195406]
    valid: [[ True  True  True  True]
 [ True  True  True  True]
 [ True  True  True  True]
 ...
 [ True  True  True  True]
 [ True  True  True  True]
 [ True  True  True  True]]
    n_valid: [2339 2339 2339 2339]

2026-02-04T16:11:00.481088Z WARN  utilrsw.logger   Multiplying measured data by -1 before computing pe.
2026-02-04T16:11:00.482551Z WARN  utilrsw.logger   Multiplying measured data by -1 before computing pe.
2026-02-04T16:11:00.486574Z INFO  utilrsw.logger   Metrics for B/calculated/MAGE:
2026-02-04T16:11:00.486574Z INFO  utilrsw.logger 
    err_rms: [459.3959609  160.44886483 569.99892562 128.00336779]
    err_ave: [-419.18504084  -89.92800328 -509.16130066  -49.24288022]
    err: [[  23.02032774   64.24488156   24.98422156   46.69355697]
 [  22.4627655    67.28393023   25.89345594   48.74888022]
 [  23.14750523   68.92471637   27.07154733   49.75173827]
 ...
 [-386.87928521  -82.28303242 -481.0900888  -127.34077419]
 [-390.66475085  -83.12788145 -480.25349652 -127.01401126]
 [-389.25392404  -82.06898499 -478.44457283 -127.16168802]]
    cc: [-0.44591755 -0.19120456  0.10988862  0.38073453]
    pe: [ -1.48390955  -2.1417462  -52.70016113  -2.35042715]
    valid: [[ True  True  True  True]
 [ True  True  True  True]
 [ True  True  True  True]
 ...
 [False False False False]
 [False False False False]
 [False False False False]]
    n_valid: [1980 1980 1980 1980]

2026-02-04T16:11:00.494064Z WARN  utilrsw.logger   Multiplying measured data by -1 before computing pe.
2026-02-04T16:11:00.496711Z WARN  utilrsw.logger   Multiplying measured data by -1 before computing pe.
2026-02-04T16:11:00.498053Z INFO  utilrsw.logger   Metrics for B/calculated/OpenGGCM:
2026-02-04T16:11:00.501192Z INFO  utilrsw.logger 
    err_rms: [162.31703252 373.21824213 245.6667243  245.1088902 ]
    err_ave: [-122.67761864  -99.00975761  -24.17694475  -58.01776926]
    err: [[ 86.46849946 200.67408334 -30.68856294 -87.36356809]
 [ 86.39352993 207.52567544 -34.53752432 -89.15110307]
 [ 87.7622678  208.56626863 -37.88075524 -87.77093367]
 ...
 [-46.29774299  73.5797777   13.0187111   42.33867102]
 [-41.53246699  83.36399056  15.86897034  34.26907431]
 [-37.80790461  91.47120124  18.4947784   26.70076786]]
    cc: [ 0.16925066 -0.38946038 -0.62873993  0.23281173]
    pe: [ -3.20691036 -19.86746302  -6.57636335 -10.79250836]
    valid: [[ True  True  True  True]
 [ True  True  True  True]
 [ True  True  True  True]
 ...
 [ True  True  True  True]
 [ True  True  True  True]
 [ True  True  True  True]]
    n_valid: [2341 2341 2341 2341]

2026-02-04T16:11:00.526809Z INFO  utilrsw.logger Plotting '50127' data
2026-02-04T16:11:00.531357Z INFO  utilrsw.logger   Plotting '50127/B/calculated/MAGE/raw' data
2026-02-04T16:11:05.252117Z INFO  utilrsw.logger     Writing C:\Users\lwilker\Documents\GitHub\SWERVE-2024-05-10\data_processed/sites/50127/figures\raw\B_calculated_MAGE.png
2026-02-04T16:11:06.035735Z INFO  utilrsw.logger     Writing C:\Users\lwilker\Documents\GitHub\SWERVE-2024-05-10\data_processed/sites/50127/figures\raw\B_calculated_MAGE.pdf
2026-02-04T16:11:06.053431Z INFO  utilrsw.logger   Plotting '50127/B/calculated/MAGE/raw' to compare dBn with dBt and dBp
2026-02-04T16:11:07.651140Z INFO  utilrsw.logger     Writing C:\Users\lwilker\Documents\GitHub\SWERVE-2024-05-10\data_processed/sites/50127/figures\raw\B_calculated_MAGE_compare_dBn_dBt_dBp.png
2026-02-04T16:11:09.928023Z INFO  utilrsw.logger     Writing C:\Users\lwilker\Documents\GitHub\SWERVE-2024-05-10\data_processed/sites/50127/figures\raw\B_calculated_MAGE_compare_dBn_dBt_dBp.pdf
2026-02-04T16:11:11.177461Z INFO  utilrsw.logger   Plotting all '50127/B' calculated vs. measured data as timeseries
2026-02-04T16:11:16.684844Z INFO  utilrsw.logger     Writing C:\Users\lwilker\Documents\GitHub\SWERVE-2024-05-10\data_processed/sites/50127/figures\compare\B_N_calculated_all_vs_measured_timeseries.png
2026-02-04T16:11:18.366199Z INFO  utilrsw.logger     Writing C:\Users\lwilker\Documents\GitHub\SWERVE-2024-05-10\data_processed/sites/50127/figures\compare\B_N_calculated_all_vs_measured_timeseries.pdf
2026-02-04T16:11:19.088814Z INFO  utilrsw.logger     Writing C:\Users\lwilker\Documents\GitHub\SWERVE-2024-05-10\data_processed/sites/50127/figures\compare\B_E_calculated_all_vs_measured_timeseries.png
2026-02-04T16:11:20.950148Z INFO  utilrsw.logger     Writing C:\Users\lwilker\Documents\GitHub\SWERVE-2024-05-10\data_processed/sites/50127/figures\compare\B_E_calculated_all_vs_measured_timeseries.pdf
2026-02-04T16:11:21.668760Z INFO  utilrsw.logger     Writing C:\Users\lwilker\Documents\GitHub\SWERVE-2024-05-10\data_processed/sites/50127/figures\compare\B_v_calculated_all_vs_measured_timeseries.png
2026-02-04T16:11:23.496945Z INFO  utilrsw.logger     Writing C:\Users\lwilker\Documents\GitHub\SWERVE-2024-05-10\data_processed/sites/50127/figures\compare\B_v_calculated_all_vs_measured_timeseries.pdf
2026-02-04T16:11:24.667915Z INFO  utilrsw.logger     Writing C:\Users\lwilker\Documents\GitHub\SWERVE-2024-05-10\data_processed/sites/50127/figures\compare\B_H_calculated_all_vs_measured_timeseries.png
2026-02-04T16:11:26.334417Z INFO  utilrsw.logger     Writing C:\Users\lwilker\Documents\GitHub\SWERVE-2024-05-10\data_processed/sites/50127/figures\compare\B_H_calculated_all_vs_measured_timeseries.pdf
2026-02-04T16:11:27.149216Z INFO  utilrsw.logger   Plotting all '50127/B' calculated vs. measured data as timeseries
2026-02-04T16:11:33.195087Z INFO  utilrsw.logger     Writing C:\Users\lwilker\Documents\GitHub\SWERVE-2024-05-10\data_processed/sites/50127/figures\compare\B_N_calculated_all_vs_measured_timeseries.png
2026-02-04T16:11:34.815843Z INFO  utilrsw.logger     Writing C:\Users\lwilker\Documents\GitHub\SWERVE-2024-05-10\data_processed/sites/50127/figures\compare\B_N_calculated_all_vs_measured_timeseries.pdf
2026-02-04T16:11:35.775917Z INFO  utilrsw.logger     Writing C:\Users\lwilker\Documents\GitHub\SWERVE-2024-05-10\data_processed/sites/50127/figures\compare\B_E_calculated_all_vs_measured_timeseries.png
2026-02-04T16:11:37.550369Z INFO  utilrsw.logger     Writing C:\Users\lwilker\Documents\GitHub\SWERVE-2024-05-10\data_processed/sites/50127/figures\compare\B_E_calculated_all_vs_measured_timeseries.pdf
2026-02-04T16:11:38.587418Z INFO  utilrsw.logger     Writing C:\Users\lwilker\Documents\GitHub\SWERVE-2024-05-10\data_processed/sites/50127/figures\compare\B_v_calculated_all_vs_measured_timeseries.png
2026-02-04T16:11:40.386371Z INFO  utilrsw.logger     Writing C:\Users\lwilker\Documents\GitHub\SWERVE-2024-05-10\data_processed/sites/50127/figures\compare\B_v_calculated_all_vs_measured_timeseries.pdf
2026-02-04T16:11:41.805346Z INFO  utilrsw.logger     Writing C:\Users\lwilker\Documents\GitHub\SWERVE-2024-05-10\data_processed/sites/50127/figures\compare\B_H_calculated_all_vs_measured_timeseries.png
2026-02-04T16:11:43.726296Z INFO  utilrsw.logger     Writing C:\Users\lwilker\Documents\GitHub\SWERVE-2024-05-10\data_processed/sites/50127/figures\compare\B_H_calculated_all_vs_measured_timeseries.pdf
2026-02-04T16:11:44.430493Z INFO  utilrsw.logger   Plotting '50127/B/SWMF' vs. measured data as timeseries
2026-02-04T16:11:51.650537Z INFO  utilrsw.logger     Writing C:\Users\lwilker\Documents\GitHub\SWERVE-2024-05-10\data_processed/sites/50127/figures\compare\B_N_calculated_SWMF_vs_measured_timeseries.png
2026-02-04T16:11:53.086261Z INFO  utilrsw.logger     Writing C:\Users\lwilker\Documents\GitHub\SWERVE-2024-05-10\data_processed/sites/50127/figures\compare\B_N_calculated_SWMF_vs_measured_timeseries.pdf
2026-02-04T16:11:53.832883Z INFO  utilrsw.logger     Writing C:\Users\lwilker\Documents\GitHub\SWERVE-2024-05-10\data_processed/sites/50127/figures\compare\B_E_calculated_SWMF_vs_measured_timeseries.png
2026-02-04T16:11:55.350402Z INFO  utilrsw.logger     Writing C:\Users\lwilker\Documents\GitHub\SWERVE-2024-05-10\data_processed/sites/50127/figures\compare\B_E_calculated_SWMF_vs_measured_timeseries.pdf
2026-02-04T16:11:56.041012Z INFO  utilrsw.logger     Writing C:\Users\lwilker\Documents\GitHub\SWERVE-2024-05-10\data_processed/sites/50127/figures\compare\B_v_calculated_SWMF_vs_measured_timeseries.png
2026-02-04T16:11:57.469320Z INFO  utilrsw.logger     Writing C:\Users\lwilker\Documents\GitHub\SWERVE-2024-05-10\data_processed/sites/50127/figures\compare\B_v_calculated_SWMF_vs_measured_timeseries.pdf
2026-02-04T16:11:58.582682Z INFO  utilrsw.logger     Writing C:\Users\lwilker\Documents\GitHub\SWERVE-2024-05-10\data_processed/sites/50127/figures\compare\B_H_calculated_SWMF_vs_measured_timeseries.png
2026-02-04T16:11:59.953556Z INFO  utilrsw.logger     Writing C:\Users\lwilker\Documents\GitHub\SWERVE-2024-05-10\data_processed/sites/50127/figures\compare\B_H_calculated_SWMF_vs_measured_timeseries.pdf
2026-02-04T16:12:00.531237Z INFO  utilrsw.logger   Plotting '50127/B/MAGE' vs. measured data as timeseries
2026-02-04T16:12:06.057963Z INFO  utilrsw.logger     Writing C:\Users\lwilker\Documents\GitHub\SWERVE-2024-05-10\data_processed/sites/50127/figures\compare\B_N_calculated_MAGE_vs_measured_timeseries.png
2026-02-04T16:12:07.556715Z INFO  utilrsw.logger     Writing C:\Users\lwilker\Documents\GitHub\SWERVE-2024-05-10\data_processed/sites/50127/figures\compare\B_N_calculated_MAGE_vs_measured_timeseries.pdf
2026-02-04T16:12:08.225567Z INFO  utilrsw.logger     Writing C:\Users\lwilker\Documents\GitHub\SWERVE-2024-05-10\data_processed/sites/50127/figures\compare\B_E_calculated_MAGE_vs_measured_timeseries.png
2026-02-04T16:12:09.790805Z INFO  utilrsw.logger     Writing C:\Users\lwilker\Documents\GitHub\SWERVE-2024-05-10\data_processed/sites/50127/figures\compare\B_E_calculated_MAGE_vs_measured_timeseries.pdf
2026-02-04T16:12:10.516657Z INFO  utilrsw.logger     Writing C:\Users\lwilker\Documents\GitHub\SWERVE-2024-05-10\data_processed/sites/50127/figures\compare\B_v_calculated_MAGE_vs_measured_timeseries.png
2026-02-04T16:12:12.064946Z INFO  utilrsw.logger     Writing C:\Users\lwilker\Documents\GitHub\SWERVE-2024-05-10\data_processed/sites/50127/figures\compare\B_v_calculated_MAGE_vs_measured_timeseries.pdf
2026-02-04T16:12:12.743538Z INFO  utilrsw.logger     Writing C:\Users\lwilker\Documents\GitHub\SWERVE-2024-05-10\data_processed/sites/50127/figures\compare\B_H_calculated_MAGE_vs_measured_timeseries.png
2026-02-04T16:12:14.353352Z INFO  utilrsw.logger     Writing C:\Users\lwilker\Documents\GitHub\SWERVE-2024-05-10\data_processed/sites/50127/figures\compare\B_H_calculated_MAGE_vs_measured_timeseries.pdf
2026-02-04T16:12:14.943497Z INFO  utilrsw.logger   Plotting '50127/B/OpenGGCM' vs. measured data as timeseries
2026-02-04T16:12:21.417544Z INFO  utilrsw.logger     Writing C:\Users\lwilker\Documents\GitHub\SWERVE-2024-05-10\data_processed/sites/50127/figures\compare\B_N_calculated_OpenGGCM_vs_measured_timeseries.png
2026-02-04T16:12:22.951763Z INFO  utilrsw.logger     Writing C:\Users\lwilker\Documents\GitHub\SWERVE-2024-05-10\data_processed/sites/50127/figures\compare\B_N_calculated_OpenGGCM_vs_measured_timeseries.pdf
2026-02-04T16:12:23.614786Z INFO  utilrsw.logger     Writing C:\Users\lwilker\Documents\GitHub\SWERVE-2024-05-10\data_processed/sites/50127/figures\compare\B_E_calculated_OpenGGCM_vs_measured_timeseries.png
2026-02-04T16:12:25.070348Z INFO  utilrsw.logger     Writing C:\Users\lwilker\Documents\GitHub\SWERVE-2024-05-10\data_processed/sites/50127/figures\compare\B_E_calculated_OpenGGCM_vs_measured_timeseries.pdf
2026-02-04T16:12:25.887405Z INFO  utilrsw.logger     Writing C:\Users\lwilker\Documents\GitHub\SWERVE-2024-05-10\data_processed/sites/50127/figures\compare\B_v_calculated_OpenGGCM_vs_measured_timeseries.png
2026-02-04T16:12:27.564918Z INFO  utilrsw.logger     Writing C:\Users\lwilker\Documents\GitHub\SWERVE-2024-05-10\data_processed/sites/50127/figures\compare\B_v_calculated_OpenGGCM_vs_measured_timeseries.pdf
2026-02-04T16:12:28.290097Z INFO  utilrsw.logger     Writing C:\Users\lwilker\Documents\GitHub\SWERVE-2024-05-10\data_processed/sites/50127/figures\compare\B_H_calculated_OpenGGCM_vs_measured_timeseries.png
2026-02-04T16:12:30.100380Z INFO  utilrsw.logger     Writing C:\Users\lwilker\Documents\GitHub\SWERVE-2024-05-10\data_processed/sites/50127/figures\compare\B_H_calculated_OpenGGCM_vs_measured_timeseries.pdf
2026-02-04T16:12:30.848259Z INFO  utilrsw.logger   Plotting all '50127/B' calculated vs. measured data as scatter
2026-02-04T16:12:34.792202Z INFO  utilrsw.logger     Writing C:\Users\lwilker\Documents\GitHub\SWERVE-2024-05-10\data_processed/sites/50127/figures\compare\B_N_calculated_all_vs_measured_scatter.png
2026-02-04T16:12:36.394137Z INFO  utilrsw.logger     Writing C:\Users\lwilker\Documents\GitHub\SWERVE-2024-05-10\data_processed/sites/50127/figures\compare\B_N_calculated_all_vs_measured_scatter.pdf
2026-02-04T16:12:37.506079Z INFO  utilrsw.logger     Writing C:\Users\lwilker\Documents\GitHub\SWERVE-2024-05-10\data_processed/sites/50127/figures\compare\B_E_calculated_all_vs_measured_scatter.png
2026-02-04T16:12:39.130429Z INFO  utilrsw.logger     Writing C:\Users\lwilker\Documents\GitHub\SWERVE-2024-05-10\data_processed/sites/50127/figures\compare\B_E_calculated_all_vs_measured_scatter.pdf
2026-02-04T16:12:40.293787Z INFO  utilrsw.logger     Writing C:\Users\lwilker\Documents\GitHub\SWERVE-2024-05-10\data_processed/sites/50127/figures\compare\B_v_calculated_all_vs_measured_scatter.png
2026-02-04T16:12:41.747343Z INFO  utilrsw.logger     Writing C:\Users\lwilker\Documents\GitHub\SWERVE-2024-05-10\data_processed/sites/50127/figures\compare\B_v_calculated_all_vs_measured_scatter.pdf
2026-02-04T16:12:43.091634Z INFO  utilrsw.logger     Writing C:\Users\lwilker\Documents\GitHub\SWERVE-2024-05-10\data_processed/sites/50127/figures\compare\B_H_calculated_all_vs_measured_scatter.png
2026-02-04T16:12:44.885784Z INFO  utilrsw.logger     Writing C:\Users\lwilker\Documents\GitHub\SWERVE-2024-05-10\data_processed/sites/50127/figures\compare\B_H_calculated_all_vs_measured_scatter.pdf
2026-02-04T16:12:46.063388Z INFO  utilrsw.logger   Plotting all '50127/B' calculated vs. measured data as scatter
2026-02-04T16:12:50.309058Z INFO  utilrsw.logger     Writing C:\Users\lwilker\Documents\GitHub\SWERVE-2024-05-10\data_processed/sites/50127/figures\compare\B_N_calculated_all_vs_measured_scatter.png
2026-02-04T16:12:52.030792Z INFO  utilrsw.logger     Writing C:\Users\lwilker\Documents\GitHub\SWERVE-2024-05-10\data_processed/sites/50127/figures\compare\B_N_calculated_all_vs_measured_scatter.pdf
2026-02-04T16:12:53.235291Z INFO  utilrsw.logger     Writing C:\Users\lwilker\Documents\GitHub\SWERVE-2024-05-10\data_processed/sites/50127/figures\compare\B_E_calculated_all_vs_measured_scatter.png
2026-02-04T16:12:54.705044Z INFO  utilrsw.logger     Writing C:\Users\lwilker\Documents\GitHub\SWERVE-2024-05-10\data_processed/sites/50127/figures\compare\B_E_calculated_all_vs_measured_scatter.pdf
2026-02-04T16:12:55.946739Z INFO  utilrsw.logger     Writing C:\Users\lwilker\Documents\GitHub\SWERVE-2024-05-10\data_processed/sites/50127/figures\compare\B_v_calculated_all_vs_measured_scatter.png
2026-02-04T16:12:57.580802Z INFO  utilrsw.logger     Writing C:\Users\lwilker\Documents\GitHub\SWERVE-2024-05-10\data_processed/sites/50127/figures\compare\B_v_calculated_all_vs_measured_scatter.pdf
2026-02-04T16:12:58.645139Z INFO  utilrsw.logger     Writing C:\Users\lwilker\Documents\GitHub\SWERVE-2024-05-10\data_processed/sites/50127/figures\compare\B_H_calculated_all_vs_measured_scatter.png
2026-02-04T16:13:00.461920Z INFO  utilrsw.logger     Writing C:\Users\lwilker\Documents\GitHub\SWERVE-2024-05-10\data_processed/sites/50127/figures\compare\B_H_calculated_all_vs_measured_scatter.pdf
2026-02-04T16:13:01.441438Z INFO  utilrsw.logger   Plotting '50127/B/SWMF' vs. measured data as scatter
2026-02-04T16:13:05.134609Z INFO  utilrsw.logger     Writing C:\Users\lwilker\Documents\GitHub\SWERVE-2024-05-10\data_processed/sites/50127/figures\compare\B_N_calculated_SWMF_vs_measured_scatter.png
2026-02-04T16:13:06.478039Z INFO  utilrsw.logger     Writing C:\Users\lwilker\Documents\GitHub\SWERVE-2024-05-10\data_processed/sites/50127/figures\compare\B_N_calculated_SWMF_vs_measured_scatter.pdf
2026-02-04T16:13:07.197138Z INFO  utilrsw.logger     Writing C:\Users\lwilker\Documents\GitHub\SWERVE-2024-05-10\data_processed/sites/50127/figures\compare\B_E_calculated_SWMF_vs_measured_scatter.png
2026-02-04T16:13:08.645440Z INFO  utilrsw.logger     Writing C:\Users\lwilker\Documents\GitHub\SWERVE-2024-05-10\data_processed/sites/50127/figures\compare\B_E_calculated_SWMF_vs_measured_scatter.pdf
2026-02-04T16:13:09.626852Z INFO  utilrsw.logger     Writing C:\Users\lwilker\Documents\GitHub\SWERVE-2024-05-10\data_processed/sites/50127/figures\compare\B_v_calculated_SWMF_vs_measured_scatter.png
2026-02-04T16:13:11.084002Z INFO  utilrsw.logger     Writing C:\Users\lwilker\Documents\GitHub\SWERVE-2024-05-10\data_processed/sites/50127/figures\compare\B_v_calculated_SWMF_vs_measured_scatter.pdf
2026-02-04T16:13:11.873239Z INFO  utilrsw.logger     Writing C:\Users\lwilker\Documents\GitHub\SWERVE-2024-05-10\data_processed/sites/50127/figures\compare\B_H_calculated_SWMF_vs_measured_scatter.png
2026-02-04T16:13:13.529744Z INFO  utilrsw.logger     Writing C:\Users\lwilker\Documents\GitHub\SWERVE-2024-05-10\data_processed/sites/50127/figures\compare\B_H_calculated_SWMF_vs_measured_scatter.pdf
2026-02-04T16:13:14.180065Z INFO  utilrsw.logger   Plotting '50127/B/MAGE' vs. measured data as scatter
2026-02-04T16:13:18.247736Z INFO  utilrsw.logger     Writing C:\Users\lwilker\Documents\GitHub\SWERVE-2024-05-10\data_processed/sites/50127/figures\compare\B_N_calculated_MAGE_vs_measured_scatter.png
2026-02-04T16:13:19.681151Z INFO  utilrsw.logger     Writing C:\Users\lwilker\Documents\GitHub\SWERVE-2024-05-10\data_processed/sites/50127/figures\compare\B_N_calculated_MAGE_vs_measured_scatter.pdf
2026-02-04T16:13:20.609504Z INFO  utilrsw.logger     Writing C:\Users\lwilker\Documents\GitHub\SWERVE-2024-05-10\data_processed/sites/50127/figures\compare\B_E_calculated_MAGE_vs_measured_scatter.png
2026-02-04T16:13:22.124166Z INFO  utilrsw.logger     Writing C:\Users\lwilker\Documents\GitHub\SWERVE-2024-05-10\data_processed/sites/50127/figures\compare\B_E_calculated_MAGE_vs_measured_scatter.pdf
2026-02-04T16:13:23.030127Z INFO  utilrsw.logger     Writing C:\Users\lwilker\Documents\GitHub\SWERVE-2024-05-10\data_processed/sites/50127/figures\compare\B_v_calculated_MAGE_vs_measured_scatter.png
2026-02-04T16:13:24.415571Z INFO  utilrsw.logger     Writing C:\Users\lwilker\Documents\GitHub\SWERVE-2024-05-10\data_processed/sites/50127/figures\compare\B_v_calculated_MAGE_vs_measured_scatter.pdf
2026-02-04T16:13:25.262054Z INFO  utilrsw.logger     Writing C:\Users\lwilker\Documents\GitHub\SWERVE-2024-05-10\data_processed/sites/50127/figures\compare\B_H_calculated_MAGE_vs_measured_scatter.png
2026-02-04T16:13:26.827625Z INFO  utilrsw.logger     Writing C:\Users\lwilker\Documents\GitHub\SWERVE-2024-05-10\data_processed/sites/50127/figures\compare\B_H_calculated_MAGE_vs_measured_scatter.pdf
2026-02-04T16:13:27.571197Z INFO  utilrsw.logger   Plotting '50127/B/OpenGGCM' vs. measured data as scatter
2026-02-04T16:13:31.567744Z INFO  utilrsw.logger     Writing C:\Users\lwilker\Documents\GitHub\SWERVE-2024-05-10\data_processed/sites/50127/figures\compare\B_N_calculated_OpenGGCM_vs_measured_scatter.png
2026-02-04T16:13:33.033484Z INFO  utilrsw.logger     Writing C:\Users\lwilker\Documents\GitHub\SWERVE-2024-05-10\data_processed/sites/50127/figures\compare\B_N_calculated_OpenGGCM_vs_measured_scatter.pdf
2026-02-04T16:13:33.823695Z INFO  utilrsw.logger     Writing C:\Users\lwilker\Documents\GitHub\SWERVE-2024-05-10\data_processed/sites/50127/figures\compare\B_E_calculated_OpenGGCM_vs_measured_scatter.png
2026-02-04T16:13:35.219863Z INFO  utilrsw.logger     Writing C:\Users\lwilker\Documents\GitHub\SWERVE-2024-05-10\data_processed/sites/50127/figures\compare\B_E_calculated_OpenGGCM_vs_measured_scatter.pdf
2026-02-04T16:13:36.050018Z INFO  utilrsw.logger     Writing C:\Users\lwilker\Documents\GitHub\SWERVE-2024-05-10\data_processed/sites/50127/figures\compare\B_v_calculated_OpenGGCM_vs_measured_scatter.png
2026-02-04T16:13:37.657232Z INFO  utilrsw.logger     Writing C:\Users\lwilker\Documents\GitHub\SWERVE-2024-05-10\data_processed/sites/50127/figures\compare\B_v_calculated_OpenGGCM_vs_measured_scatter.pdf
2026-02-04T16:13:38.654849Z INFO  utilrsw.logger     Writing C:\Users\lwilker\Documents\GitHub\SWERVE-2024-05-10\data_processed/sites/50127/figures\compare\B_H_calculated_OpenGGCM_vs_measured_scatter.png
2026-02-04T16:13:40.333370Z INFO  utilrsw.logger     Writing C:\Users\lwilker\Documents\GitHub\SWERVE-2024-05-10\data_processed/sites/50127/figures\compare\B_H_calculated_OpenGGCM_vs_measured_scatter.pdf
2026-02-04T16:13:41.191177Z INFO  utilrsw.logger   Plotting '50127/B/measured/NERC' original vs. modified data
2026-02-04T16:13:46.042016Z INFO  utilrsw.logger     Writing C:\Users\lwilker\Documents\GitHub\SWERVE-2024-05-10\data_processed/sites/50127/figures\original\B_measured_NERC.png
2026-02-04T16:13:47.445666Z INFO  utilrsw.logger     Writing C:\Users\lwilker\Documents\GitHub\SWERVE-2024-05-10\data_processed/sites/50127/figures\original\B_measured_NERC.pdf
2026-02-04T16:13:48.383821Z INFO  utilrsw.logger     Writing C:\Users\lwilker\Documents\GitHub\SWERVE-2024-05-10\data_processed/sites/50127/figures\original\B_measured_NERC.png
2026-02-04T16:13:49.916252Z INFO  utilrsw.logger     Writing C:\Users\lwilker\Documents\GitHub\SWERVE-2024-05-10\data_processed/sites/50127/figures\original\B_measured_NERC.pdf
2026-02-04T16:13:50.750636Z INFO  utilrsw.logger     Writing C:\Users\lwilker\Documents\GitHub\SWERVE-2024-05-10\data_processed/sites/50127/figures\original\B_measured_NERC.png
2026-02-04T16:13:52.151097Z INFO  utilrsw.logger     Writing C:\Users\lwilker\Documents\GitHub\SWERVE-2024-05-10\data_processed/sites/50127/figures\original\B_measured_NERC.pdf
2026-02-04T16:13:52.759184Z INFO  utilrsw.logger   Plotting '50127/B/calculated/SWMF' original vs. modified data
2026-02-04T16:13:57.425725Z INFO  utilrsw.logger     Writing C:\Users\lwilker\Documents\GitHub\SWERVE-2024-05-10\data_processed/sites/50127/figures\original\B_calculated_SWMF.png
2026-02-04T16:13:59.228714Z INFO  utilrsw.logger     Writing C:\Users\lwilker\Documents\GitHub\SWERVE-2024-05-10\data_processed/sites/50127/figures\original\B_calculated_SWMF.pdf
2026-02-04T16:14:00.073097Z INFO  utilrsw.logger     Writing C:\Users\lwilker\Documents\GitHub\SWERVE-2024-05-10\data_processed/sites/50127/figures\original\B_calculated_SWMF.png
2026-02-04T16:14:01.741140Z INFO  utilrsw.logger     Writing C:\Users\lwilker\Documents\GitHub\SWERVE-2024-05-10\data_processed/sites/50127/figures\original\B_calculated_SWMF.pdf
2026-02-04T16:14:02.825691Z INFO  utilrsw.logger     Writing C:\Users\lwilker\Documents\GitHub\SWERVE-2024-05-10\data_processed/sites/50127/figures\original\B_calculated_SWMF.png
2026-02-04T16:14:04.291062Z INFO  utilrsw.logger     Writing C:\Users\lwilker\Documents\GitHub\SWERVE-2024-05-10\data_processed/sites/50127/figures\original\B_calculated_SWMF.pdf
2026-02-04T16:14:04.817379Z INFO  utilrsw.logger   Plotting '50127/B/calculated/MAGE' original vs. modified data
2026-02-04T16:14:09.604626Z INFO  utilrsw.logger     Writing C:\Users\lwilker\Documents\GitHub\SWERVE-2024-05-10\data_processed/sites/50127/figures\original\B_calculated_MAGE.png
2026-02-04T16:14:11.280676Z INFO  utilrsw.logger     Writing C:\Users\lwilker\Documents\GitHub\SWERVE-2024-05-10\data_processed/sites/50127/figures\original\B_calculated_MAGE.pdf
2026-02-04T16:14:12.079027Z INFO  utilrsw.logger     Writing C:\Users\lwilker\Documents\GitHub\SWERVE-2024-05-10\data_processed/sites/50127/figures\original\B_calculated_MAGE.png
2026-02-04T16:14:13.744729Z INFO  utilrsw.logger     Writing C:\Users\lwilker\Documents\GitHub\SWERVE-2024-05-10\data_processed/sites/50127/figures\original\B_calculated_MAGE.pdf
2026-02-04T16:14:14.445832Z INFO  utilrsw.logger     Writing C:\Users\lwilker\Documents\GitHub\SWERVE-2024-05-10\data_processed/sites/50127/figures\original\B_calculated_MAGE.png
2026-02-04T16:14:15.968452Z INFO  utilrsw.logger     Writing C:\Users\lwilker\Documents\GitHub\SWERVE-2024-05-10\data_processed/sites/50127/figures\original\B_calculated_MAGE.pdf
2026-02-04T16:14:16.448933Z INFO  utilrsw.logger   Plotting '50127/B/calculated/OpenGGCM' original vs. modified data
2026-02-04T16:14:21.237612Z INFO  utilrsw.logger     Writing C:\Users\lwilker\Documents\GitHub\SWERVE-2024-05-10\data_processed/sites/50127/figures\original\B_calculated_OpenGGCM.png
2026-02-04T16:14:22.869003Z INFO  utilrsw.logger     Writing C:\Users\lwilker\Documents\GitHub\SWERVE-2024-05-10\data_processed/sites/50127/figures\original\B_calculated_OpenGGCM.pdf
2026-02-04T16:14:23.641772Z INFO  utilrsw.logger     Writing C:\Users\lwilker\Documents\GitHub\SWERVE-2024-05-10\data_processed/sites/50127/figures\original\B_calculated_OpenGGCM.png
2026-02-04T16:14:25.305579Z INFO  utilrsw.logger     Writing C:\Users\lwilker\Documents\GitHub\SWERVE-2024-05-10\data_processed/sites/50127/figures\original\B_calculated_OpenGGCM.pdf
2026-02-04T16:14:26.051915Z INFO  utilrsw.logger     Writing C:\Users\lwilker\Documents\GitHub\SWERVE-2024-05-10\data_processed/sites/50127/figures\original\B_calculated_OpenGGCM.png
2026-02-04T16:14:27.701843Z INFO  utilrsw.logger     Writing C:\Users\lwilker\Documents\GitHub\SWERVE-2024-05-10\data_processed/sites/50127/figures\original\B_calculated_OpenGGCM.pdf
2026-02-04T16:14:28.224392Z INFO  utilrsw.logger Reading '50112' data
2026-02-04T16:14:28.225394Z INFO  utilrsw.logger   Reading cached file with all data for site '50112': C:\Users\lwilker\Documents\GitHub\SWERVE-2024-05-10\data_processed\sites\50112\data\_all.pkl
2026-02-04T16:14:28.290958Z INFO  utilrsw.logger Computing stats for '50112' data
2026-02-04T16:14:28.314960Z INFO  utilrsw.logger   Uniq dts [ns] = [60000000000]
2026-02-04T16:14:28.315959Z INFO  utilrsw.logger   Uniq dts [#]  = 1
2026-02-04T16:14:28.315959Z INFO  utilrsw.logger   Stats for B/measured/NERC:
2026-02-04T16:14:28.317960Z INFO  utilrsw.logger 
    std: [347.13526566 170.38112036 181.876406   287.81807528]
    ave: [-168.10593763    0.42759504    9.34686032  308.14471192]
    min: [-1888.         -1149.          -670.             2.23606798]
    max: [ 789.          566.          533.         1937.01652032]
    n: 2341
    n_valid: [2341 2341 2341 2341]
    dt_original: [60000000000]

2026-02-04T16:14:28.346427Z INFO  utilrsw.logger   Uniq dts [ns] = [60000000000]
2026-02-04T16:14:28.346427Z INFO  utilrsw.logger   Uniq dts [#]  = 1
2026-02-04T16:14:28.347424Z INFO  utilrsw.logger   Stats for B/calculated/SWMF:
2026-02-04T16:14:28.349431Z INFO  utilrsw.logger 
    std: [81.23288609 43.00689286 61.62280805 73.81789501]
    ave: [ 39.10896973   6.15510854 -10.14050806  67.57728809]
    min: [-1.24472066e+02 -1.08911318e+02 -3.20600338e+02  1.78147565e-01]
    max: [401.86117272 171.57831689 129.04121804 407.34185403]
    n: 2341
    n_valid: [2339 2339 2339 2339]
    dt_original: [60000000000]

2026-02-04T16:14:28.361405Z INFO  utilrsw.logger   Uniq dts [ns] = [60000000000]
2026-02-04T16:14:28.363458Z INFO  utilrsw.logger   Uniq dts [#]  = 1
2026-02-04T16:14:28.363458Z INFO  utilrsw.logger   Stats for B/calculated/MAGE:
2026-02-04T16:14:28.365458Z INFO  utilrsw.logger 
    std: [133.27666592  95.40068292 248.12071104 119.28965746]
    ave: [224.49120338  67.13512479 542.53210333 259.87951627]
    min: [-158.27407082 -187.48784676 -108.00498986   11.46444616]
    max: [ 572.28722056  343.71022732 1109.16015294  609.62103902]
    n: 2341
    n_valid: [1980 1980 1980 1980]
    dt_original: [60000000000]

2026-02-04T16:14:28.389029Z INFO  utilrsw.logger   Uniq dts [ns] = [60000000000]
2026-02-04T16:14:28.389029Z INFO  utilrsw.logger   Uniq dts [#]  = 1
2026-02-04T16:14:28.390029Z INFO  utilrsw.logger   Stats for B/calculated/OpenGGCM:
2026-02-04T16:14:28.391027Z INFO  utilrsw.logger 
    std: [327.24338642 280.09645551 254.69356178 308.8474564 ]
    ave: [-71.64140224  62.32416389 103.04771035 314.91633642]
    min: [-2580.95050012  -583.70475282 -1013.47744198     6.48903563]
    max: [ 747.45242751 1160.94336754 1189.24715165 2767.9600659 ]
    n: 2341
    n_valid: [2341 2341 2341 2341]
    dt_original: [60000000000]

2026-02-04T16:14:28.397873Z INFO  utilrsw.logger   Metrics for B/calculated/SWMF:
2026-02-04T16:14:28.400001Z INFO  utilrsw.logger 
    err_rms: [398.17406138 163.40898411 177.45594314 356.28410767]
    err_ave: [-206.8208124    -5.51936677   19.4727013   240.25393577]
    err: [[ -27.55510089   66.23723648   -5.59552077   59.65297785]
 [ -28.56548612   68.27216471   -4.21783804   63.02145258]
 [ -26.98085411   68.62430378   -1.65876023   63.39694397]
 ...
 [-103.49690247   74.41946705   91.66111403  120.0363206 ]
 [ -96.58647655   87.41774794   93.6901137   122.81232968]
 [ -94.77748719   81.27678287   89.72456176  117.17774828]]
    cc: [0.19959618 0.28544441 0.25751896 0.44787605]
    pe: [-0.31655922  0.07934474  0.04825322 -0.53319585]
    valid: [[ True  True  True  True]
 [ True  True  True  True]
 [ True  True  True  True]
 ...
 [ True  True  True  True]
 [ True  True  True  True]
 [ True  True  True  True]]
    n_valid: [2339 2339 2339 2339]

2026-02-04T16:14:28.403001Z WARN  utilrsw.logger   Multiplying measured data by -1 before computing pe.
2026-02-04T16:14:28.405323Z WARN  utilrsw.logger   Multiplying measured data by -1 before computing pe.
2026-02-04T16:14:28.406727Z WARN  utilrsw.logger   Multiplying measured data by -1 before computing pe.
2026-02-04T16:14:28.411020Z INFO  utilrsw.logger   Metrics for B/calculated/MAGE:
2026-02-04T16:14:28.413537Z INFO  utilrsw.logger 
    err_rms: [606.93830025 240.70486534 651.84265938 276.14003816]
    err_ave: [-422.18766803  -78.10936722 -552.37301242   87.28282941]
    err: [[   6.26368642   64.5210963   -11.18512227   48.87735913]
 [   5.7750766    69.10108345   -9.45221732   52.63159963]
 [   8.41320341   71.14947518   -7.49593066   53.5557539 ]
 ...
 [-308.20106133  -45.27479679 -448.80567791 -206.76384787]
 [-314.56604789  -42.73486807 -447.80180281 -202.98512503]
 [-315.04645954  -42.23302281 -447.46224948 -201.38757014]]
    cc: [-0.37624471 -0.29470645 -0.23368594  0.46002691]
    pe: [ 0.13606033 -0.06459387 -8.93859341  0.12076147]
    valid: [[ True  True  True  True]
 [ True  True  True  True]
 [ True  True  True  True]
 ...
 [False False False False]
 [False False False False]
 [False False False False]]
    n_valid: [1980 1980 1980 1980]

2026-02-04T16:14:28.414536Z WARN  utilrsw.logger   Multiplying measured data by -1 before computing pe.
2026-02-04T16:14:28.416954Z WARN  utilrsw.logger   Multiplying measured data by -1 before computing pe.
2026-02-04T16:14:28.417962Z INFO  utilrsw.logger   Metrics for B/calculated/OpenGGCM:
2026-02-04T16:14:28.421185Z INFO  utilrsw.logger 
    err_rms: [610.25728879 315.33622364 342.04463813 383.58901386]
    err_ave: [-96.4645354  -61.89656884 -93.70085003  -6.77162449]
    err: [[ -29.04215077  220.41640241 -169.2544213   -79.17547408]
 [ -30.98316543  227.65142195 -173.18009071  -78.35878722]
 [ -29.10447437  230.48749841 -176.27470903  -77.66389921]
 ...
 [ -62.64751279  132.72381958    6.88702143   53.36785927]
 [ -50.73665812  152.05690816   10.81685398   48.24880363]
 [ -42.65450235  150.50392647    9.64367213   35.6778044 ]]
    cc: [-0.59647951  0.12444697 -0.11081863  0.17510778]
    pe: [-0.2410697  -2.42534867 -2.03254171 -0.77621769]
    valid: [[ True  True  True  True]
 [ True  True  True  True]
 [ True  True  True  True]
 ...
 [ True  True  True  True]
 [ True  True  True  True]
 [ True  True  True  True]]
    n_valid: [2341 2341 2341 2341]

2026-02-04T16:14:28.442102Z INFO  utilrsw.logger Plotting '50112' data
2026-02-04T16:14:28.445103Z INFO  utilrsw.logger   Plotting '50112/B/calculated/MAGE/raw' data
2026-02-04T16:14:33.223604Z INFO  utilrsw.logger     Writing C:\Users\lwilker\Documents\GitHub\SWERVE-2024-05-10\data_processed/sites/50112/figures\raw\B_calculated_MAGE.png
2026-02-04T16:14:34.035156Z INFO  utilrsw.logger     Writing C:\Users\lwilker\Documents\GitHub\SWERVE-2024-05-10\data_processed/sites/50112/figures\raw\B_calculated_MAGE.pdf
2026-02-04T16:14:34.042157Z INFO  utilrsw.logger   Plotting '50112/B/calculated/MAGE/raw' to compare dBn with dBt and dBp
2026-02-04T16:14:35.471815Z INFO  utilrsw.logger     Writing C:\Users\lwilker\Documents\GitHub\SWERVE-2024-05-10\data_processed/sites/50112/figures\raw\B_calculated_MAGE_compare_dBn_dBt_dBp.png
2026-02-04T16:14:37.669456Z INFO  utilrsw.logger     Writing C:\Users\lwilker\Documents\GitHub\SWERVE-2024-05-10\data_processed/sites/50112/figures\raw\B_calculated_MAGE_compare_dBn_dBt_dBp.pdf
2026-02-04T16:14:38.537449Z INFO  utilrsw.logger   Plotting all '50112/B' calculated vs. measured data as timeseries
2026-02-04T16:14:43.215983Z INFO  utilrsw.logger     Writing C:\Users\lwilker\Documents\GitHub\SWERVE-2024-05-10\data_processed/sites/50112/figures\compare\B_N_calculated_all_vs_measured_timeseries.png
2026-02-04T16:14:44.720825Z INFO  utilrsw.logger     Writing C:\Users\lwilker\Documents\GitHub\SWERVE-2024-05-10\data_processed/sites/50112/figures\compare\B_N_calculated_all_vs_measured_timeseries.pdf
2026-02-04T16:14:45.531194Z INFO  utilrsw.logger     Writing C:\Users\lwilker\Documents\GitHub\SWERVE-2024-05-10\data_processed/sites/50112/figures\compare\B_E_calculated_all_vs_measured_timeseries.png
2026-02-04T16:14:47.166785Z INFO  utilrsw.logger     Writing C:\Users\lwilker\Documents\GitHub\SWERVE-2024-05-10\data_processed/sites/50112/figures\compare\B_E_calculated_all_vs_measured_timeseries.pdf
2026-02-04T16:14:47.944514Z INFO  utilrsw.logger     Writing C:\Users\lwilker\Documents\GitHub\SWERVE-2024-05-10\data_processed/sites/50112/figures\compare\B_v_calculated_all_vs_measured_timeseries.png
2026-02-04T16:14:49.607191Z INFO  utilrsw.logger     Writing C:\Users\lwilker\Documents\GitHub\SWERVE-2024-05-10\data_processed/sites/50112/figures\compare\B_v_calculated_all_vs_measured_timeseries.pdf
2026-02-04T16:14:50.670682Z INFO  utilrsw.logger     Writing C:\Users\lwilker\Documents\GitHub\SWERVE-2024-05-10\data_processed/sites/50112/figures\compare\B_H_calculated_all_vs_measured_timeseries.png
2026-02-04T16:14:52.505082Z INFO  utilrsw.logger     Writing C:\Users\lwilker\Documents\GitHub\SWERVE-2024-05-10\data_processed/sites/50112/figures\compare\B_H_calculated_all_vs_measured_timeseries.pdf
2026-02-04T16:14:53.055937Z INFO  utilrsw.logger   Plotting all '50112/B' calculated vs. measured data as timeseries
2026-02-04T16:14:59.187712Z INFO  utilrsw.logger     Writing C:\Users\lwilker\Documents\GitHub\SWERVE-2024-05-10\data_processed/sites/50112/figures\compare\B_N_calculated_all_vs_measured_timeseries.png
2026-02-04T16:15:00.790843Z INFO  utilrsw.logger     Writing C:\Users\lwilker\Documents\GitHub\SWERVE-2024-05-10\data_processed/sites/50112/figures\compare\B_N_calculated_all_vs_measured_timeseries.pdf
2026-02-04T16:15:01.562397Z INFO  utilrsw.logger     Writing C:\Users\lwilker\Documents\GitHub\SWERVE-2024-05-10\data_processed/sites/50112/figures\compare\B_E_calculated_all_vs_measured_timeseries.png
2026-02-04T16:15:03.022116Z INFO  utilrsw.logger     Writing C:\Users\lwilker\Documents\GitHub\SWERVE-2024-05-10\data_processed/sites/50112/figures\compare\B_E_calculated_all_vs_measured_timeseries.pdf
2026-02-04T16:15:03.800897Z INFO  utilrsw.logger     Writing C:\Users\lwilker\Documents\GitHub\SWERVE-2024-05-10\data_processed/sites/50112/figures\compare\B_v_calculated_all_vs_measured_timeseries.png
2026-02-04T16:15:05.900362Z INFO  utilrsw.logger     Writing C:\Users\lwilker\Documents\GitHub\SWERVE-2024-05-10\data_processed/sites/50112/figures\compare\B_v_calculated_all_vs_measured_timeseries.pdf
2026-02-04T16:15:06.721625Z INFO  utilrsw.logger     Writing C:\Users\lwilker\Documents\GitHub\SWERVE-2024-05-10\data_processed/sites/50112/figures\compare\B_H_calculated_all_vs_measured_timeseries.png
2026-02-04T16:15:08.338151Z INFO  utilrsw.logger     Writing C:\Users\lwilker\Documents\GitHub\SWERVE-2024-05-10\data_processed/sites/50112/figures\compare\B_H_calculated_all_vs_measured_timeseries.pdf
2026-02-04T16:15:08.964574Z INFO  utilrsw.logger   Plotting '50112/B/SWMF' vs. measured data as timeseries
2026-02-04T16:15:14.918915Z INFO  utilrsw.logger     Writing C:\Users\lwilker\Documents\GitHub\SWERVE-2024-05-10\data_processed/sites/50112/figures\compare\B_N_calculated_SWMF_vs_measured_timeseries.png
2026-02-04T16:15:16.418940Z INFO  utilrsw.logger     Writing C:\Users\lwilker\Documents\GitHub\SWERVE-2024-05-10\data_processed/sites/50112/figures\compare\B_N_calculated_SWMF_vs_measured_timeseries.pdf
2026-02-04T16:15:17.203999Z INFO  utilrsw.logger     Writing C:\Users\lwilker\Documents\GitHub\SWERVE-2024-05-10\data_processed/sites/50112/figures\compare\B_E_calculated_SWMF_vs_measured_timeseries.png
2026-02-04T16:15:18.701046Z INFO  utilrsw.logger     Writing C:\Users\lwilker\Documents\GitHub\SWERVE-2024-05-10\data_processed/sites/50112/figures\compare\B_E_calculated_SWMF_vs_measured_timeseries.pdf
2026-02-04T16:15:19.399740Z INFO  utilrsw.logger     Writing C:\Users\lwilker\Documents\GitHub\SWERVE-2024-05-10\data_processed/sites/50112/figures\compare\B_v_calculated_SWMF_vs_measured_timeseries.png
2026-02-04T16:15:20.870891Z INFO  utilrsw.logger     Writing C:\Users\lwilker\Documents\GitHub\SWERVE-2024-05-10\data_processed/sites/50112/figures\compare\B_v_calculated_SWMF_vs_measured_timeseries.pdf
2026-02-04T16:15:21.987019Z INFO  utilrsw.logger     Writing C:\Users\lwilker\Documents\GitHub\SWERVE-2024-05-10\data_processed/sites/50112/figures\compare\B_H_calculated_SWMF_vs_measured_timeseries.png
2026-02-04T16:15:23.568296Z INFO  utilrsw.logger     Writing C:\Users\lwilker\Documents\GitHub\SWERVE-2024-05-10\data_processed/sites/50112/figures\compare\B_H_calculated_SWMF_vs_measured_timeseries.pdf
2026-02-04T16:15:24.141842Z INFO  utilrsw.logger   Plotting '50112/B/MAGE' vs. measured data as timeseries
2026-02-04T16:15:30.028152Z INFO  utilrsw.logger     Writing C:\Users\lwilker\Documents\GitHub\SWERVE-2024-05-10\data_processed/sites/50112/figures\compare\B_N_calculated_MAGE_vs_measured_timeseries.png
2026-02-04T16:15:31.518212Z INFO  utilrsw.logger     Writing C:\Users\lwilker\Documents\GitHub\SWERVE-2024-05-10\data_processed/sites/50112/figures\compare\B_N_calculated_MAGE_vs_measured_timeseries.pdf
2026-02-04T16:15:32.175222Z INFO  utilrsw.logger     Writing C:\Users\lwilker\Documents\GitHub\SWERVE-2024-05-10\data_processed/sites/50112/figures\compare\B_E_calculated_MAGE_vs_measured_timeseries.png
2026-02-04T16:15:33.756212Z INFO  utilrsw.logger     Writing C:\Users\lwilker\Documents\GitHub\SWERVE-2024-05-10\data_processed/sites/50112/figures\compare\B_E_calculated_MAGE_vs_measured_timeseries.pdf
2026-02-04T16:15:34.577051Z INFO  utilrsw.logger     Writing C:\Users\lwilker\Documents\GitHub\SWERVE-2024-05-10\data_processed/sites/50112/figures\compare\B_v_calculated_MAGE_vs_measured_timeseries.png
2026-02-04T16:15:36.253511Z INFO  utilrsw.logger     Writing C:\Users\lwilker\Documents\GitHub\SWERVE-2024-05-10\data_processed/sites/50112/figures\compare\B_v_calculated_MAGE_vs_measured_timeseries.pdf
2026-02-04T16:15:36.922712Z INFO  utilrsw.logger     Writing C:\Users\lwilker\Documents\GitHub\SWERVE-2024-05-10\data_processed/sites/50112/figures\compare\B_H_calculated_MAGE_vs_measured_timeseries.png
2026-02-04T16:15:38.554929Z INFO  utilrsw.logger     Writing C:\Users\lwilker\Documents\GitHub\SWERVE-2024-05-10\data_processed/sites/50112/figures\compare\B_H_calculated_MAGE_vs_measured_timeseries.pdf
2026-02-04T16:15:39.573494Z INFO  utilrsw.logger   Plotting '50112/B/OpenGGCM' vs. measured data as timeseries
2026-02-04T16:15:45.316553Z INFO  utilrsw.logger     Writing C:\Users\lwilker\Documents\GitHub\SWERVE-2024-05-10\data_processed/sites/50112/figures\compare\B_N_calculated_OpenGGCM_vs_measured_timeseries.png
2026-02-04T16:15:47.076349Z INFO  utilrsw.logger     Writing C:\Users\lwilker\Documents\GitHub\SWERVE-2024-05-10\data_processed/sites/50112/figures\compare\B_N_calculated_OpenGGCM_vs_measured_timeseries.pdf
2026-02-04T16:15:48.078913Z INFO  utilrsw.logger     Writing C:\Users\lwilker\Documents\GitHub\SWERVE-2024-05-10\data_processed/sites/50112/figures\compare\B_E_calculated_OpenGGCM_vs_measured_timeseries.png
2026-02-04T16:15:49.760165Z INFO  utilrsw.logger     Writing C:\Users\lwilker\Documents\GitHub\SWERVE-2024-05-10\data_processed/sites/50112/figures\compare\B_E_calculated_OpenGGCM_vs_measured_timeseries.pdf
2026-02-04T16:15:50.396987Z INFO  utilrsw.logger     Writing C:\Users\lwilker\Documents\GitHub\SWERVE-2024-05-10\data_processed/sites/50112/figures\compare\B_v_calculated_OpenGGCM_vs_measured_timeseries.png
2026-02-04T16:15:52.162308Z INFO  utilrsw.logger     Writing C:\Users\lwilker\Documents\GitHub\SWERVE-2024-05-10\data_processed/sites/50112/figures\compare\B_v_calculated_OpenGGCM_vs_measured_timeseries.pdf
2026-02-04T16:15:53.072117Z INFO  utilrsw.logger     Writing C:\Users\lwilker\Documents\GitHub\SWERVE-2024-05-10\data_processed/sites/50112/figures\compare\B_H_calculated_OpenGGCM_vs_measured_timeseries.png
2026-02-04T16:15:54.852020Z INFO  utilrsw.logger     Writing C:\Users\lwilker\Documents\GitHub\SWERVE-2024-05-10\data_processed/sites/50112/figures\compare\B_H_calculated_OpenGGCM_vs_measured_timeseries.pdf
2026-02-04T16:15:55.511940Z INFO  utilrsw.logger   Plotting all '50112/B' calculated vs. measured data as scatter
2026-02-04T16:15:59.556410Z INFO  utilrsw.logger     Writing C:\Users\lwilker\Documents\GitHub\SWERVE-2024-05-10\data_processed/sites/50112/figures\compare\B_N_calculated_all_vs_measured_scatter.png
2026-02-04T16:16:01.286584Z INFO  utilrsw.logger     Writing C:\Users\lwilker\Documents\GitHub\SWERVE-2024-05-10\data_processed/sites/50112/figures\compare\B_N_calculated_all_vs_measured_scatter.pdf
2026-02-04T16:16:02.822655Z INFO  utilrsw.logger     Writing C:\Users\lwilker\Documents\GitHub\SWERVE-2024-05-10\data_processed/sites/50112/figures\compare\B_E_calculated_all_vs_measured_scatter.png
2026-02-04T16:16:04.377593Z INFO  utilrsw.logger     Writing C:\Users\lwilker\Documents\GitHub\SWERVE-2024-05-10\data_processed/sites/50112/figures\compare\B_E_calculated_all_vs_measured_scatter.pdf
2026-02-04T16:16:05.445309Z INFO  utilrsw.logger     Writing C:\Users\lwilker\Documents\GitHub\SWERVE-2024-05-10\data_processed/sites/50112/figures\compare\B_v_calculated_all_vs_measured_scatter.png
2026-02-04T16:16:07.133049Z INFO  utilrsw.logger     Writing C:\Users\lwilker\Documents\GitHub\SWERVE-2024-05-10\data_processed/sites/50112/figures\compare\B_v_calculated_all_vs_measured_scatter.pdf
2026-02-04T16:16:08.504697Z INFO  utilrsw.logger     Writing C:\Users\lwilker\Documents\GitHub\SWERVE-2024-05-10\data_processed/sites/50112/figures\compare\B_H_calculated_all_vs_measured_scatter.png
2026-02-04T16:16:10.445058Z INFO  utilrsw.logger     Writing C:\Users\lwilker\Documents\GitHub\SWERVE-2024-05-10\data_processed/sites/50112/figures\compare\B_H_calculated_all_vs_measured_scatter.pdf
2026-02-04T16:16:11.342880Z INFO  utilrsw.logger   Plotting all '50112/B' calculated vs. measured data as scatter
2026-02-04T16:16:15.382434Z INFO  utilrsw.logger     Writing C:\Users\lwilker\Documents\GitHub\SWERVE-2024-05-10\data_processed/sites/50112/figures\compare\B_N_calculated_all_vs_measured_scatter.png
2026-02-04T16:16:17.373873Z INFO  utilrsw.logger     Writing C:\Users\lwilker\Documents\GitHub\SWERVE-2024-05-10\data_processed/sites/50112/figures\compare\B_N_calculated_all_vs_measured_scatter.pdf
2026-02-04T16:16:18.770779Z INFO  utilrsw.logger     Writing C:\Users\lwilker\Documents\GitHub\SWERVE-2024-05-10\data_processed/sites/50112/figures\compare\B_E_calculated_all_vs_measured_scatter.png
2026-02-04T16:16:20.502985Z INFO  utilrsw.logger     Writing C:\Users\lwilker\Documents\GitHub\SWERVE-2024-05-10\data_processed/sites/50112/figures\compare\B_E_calculated_all_vs_measured_scatter.pdf
2026-02-04T16:16:21.978532Z INFO  utilrsw.logger     Writing C:\Users\lwilker\Documents\GitHub\SWERVE-2024-05-10\data_processed/sites/50112/figures\compare\B_v_calculated_all_vs_measured_scatter.png
2026-02-04T16:16:23.903821Z INFO  utilrsw.logger     Writing C:\Users\lwilker\Documents\GitHub\SWERVE-2024-05-10\data_processed/sites/50112/figures\compare\B_v_calculated_all_vs_measured_scatter.pdf
2026-02-04T16:16:25.194314Z INFO  utilrsw.logger     Writing C:\Users\lwilker\Documents\GitHub\SWERVE-2024-05-10\data_processed/sites/50112/figures\compare\B_H_calculated_all_vs_measured_scatter.png
2026-02-04T16:16:26.953172Z INFO  utilrsw.logger     Writing C:\Users\lwilker\Documents\GitHub\SWERVE-2024-05-10\data_processed/sites/50112/figures\compare\B_H_calculated_all_vs_measured_scatter.pdf
2026-02-04T16:16:28.107130Z INFO  utilrsw.logger   Plotting '50112/B/SWMF' vs. measured data as scatter
2026-02-04T16:16:32.243731Z INFO  utilrsw.logger     Writing C:\Users\lwilker\Documents\GitHub\SWERVE-2024-05-10\data_processed/sites/50112/figures\compare\B_N_calculated_SWMF_vs_measured_scatter.png
2026-02-04T16:16:33.862880Z INFO  utilrsw.logger     Writing C:\Users\lwilker\Documents\GitHub\SWERVE-2024-05-10\data_processed/sites/50112/figures\compare\B_N_calculated_SWMF_vs_measured_scatter.pdf
2026-02-04T16:16:34.697556Z INFO  utilrsw.logger     Writing C:\Users\lwilker\Documents\GitHub\SWERVE-2024-05-10\data_processed/sites/50112/figures\compare\B_E_calculated_SWMF_vs_measured_scatter.png
2026-02-04T16:16:36.297828Z INFO  utilrsw.logger     Writing C:\Users\lwilker\Documents\GitHub\SWERVE-2024-05-10\data_processed/sites/50112/figures\compare\B_E_calculated_SWMF_vs_measured_scatter.pdf
2026-02-04T16:16:37.317213Z INFO  utilrsw.logger     Writing C:\Users\lwilker\Documents\GitHub\SWERVE-2024-05-10\data_processed/sites/50112/figures\compare\B_v_calculated_SWMF_vs_measured_scatter.png
2026-02-04T16:16:38.932035Z INFO  utilrsw.logger     Writing C:\Users\lwilker\Documents\GitHub\SWERVE-2024-05-10\data_processed/sites/50112/figures\compare\B_v_calculated_SWMF_vs_measured_scatter.pdf
2026-02-04T16:16:39.851032Z INFO  utilrsw.logger     Writing C:\Users\lwilker\Documents\GitHub\SWERVE-2024-05-10\data_processed/sites/50112/figures\compare\B_H_calculated_SWMF_vs_measured_scatter.png
2026-02-04T16:16:41.397145Z INFO  utilrsw.logger     Writing C:\Users\lwilker\Documents\GitHub\SWERVE-2024-05-10\data_processed/sites/50112/figures\compare\B_H_calculated_SWMF_vs_measured_scatter.pdf
2026-02-04T16:16:42.127094Z INFO  utilrsw.logger   Plotting '50112/B/MAGE' vs. measured data as scatter
2026-02-04T16:16:46.108524Z INFO  utilrsw.logger     Writing C:\Users\lwilker\Documents\GitHub\SWERVE-2024-05-10\data_processed/sites/50112/figures\compare\B_N_calculated_MAGE_vs_measured_scatter.png
2026-02-04T16:16:47.391862Z INFO  utilrsw.logger     Writing C:\Users\lwilker\Documents\GitHub\SWERVE-2024-05-10\data_processed/sites/50112/figures\compare\B_N_calculated_MAGE_vs_measured_scatter.pdf
2026-02-04T16:16:48.107259Z INFO  utilrsw.logger     Writing C:\Users\lwilker\Documents\GitHub\SWERVE-2024-05-10\data_processed/sites/50112/figures\compare\B_E_calculated_MAGE_vs_measured_scatter.png
2026-02-04T16:16:49.631523Z INFO  utilrsw.logger     Writing C:\Users\lwilker\Documents\GitHub\SWERVE-2024-05-10\data_processed/sites/50112/figures\compare\B_E_calculated_MAGE_vs_measured_scatter.pdf
2026-02-04T16:16:50.514248Z INFO  utilrsw.logger     Writing C:\Users\lwilker\Documents\GitHub\SWERVE-2024-05-10\data_processed/sites/50112/figures\compare\B_v_calculated_MAGE_vs_measured_scatter.png
2026-02-04T16:16:52.052736Z INFO  utilrsw.logger     Writing C:\Users\lwilker\Documents\GitHub\SWERVE-2024-05-10\data_processed/sites/50112/figures\compare\B_v_calculated_MAGE_vs_measured_scatter.pdf
2026-02-04T16:16:52.992128Z INFO  utilrsw.logger     Writing C:\Users\lwilker\Documents\GitHub\SWERVE-2024-05-10\data_processed/sites/50112/figures\compare\B_H_calculated_MAGE_vs_measured_scatter.png
2026-02-04T16:16:54.655681Z INFO  utilrsw.logger     Writing C:\Users\lwilker\Documents\GitHub\SWERVE-2024-05-10\data_processed/sites/50112/figures\compare\B_H_calculated_MAGE_vs_measured_scatter.pdf
2026-02-04T16:16:55.263230Z INFO  utilrsw.logger   Plotting '50112/B/OpenGGCM' vs. measured data as scatter
2026-02-04T16:16:58.559203Z INFO  utilrsw.logger     Writing C:\Users\lwilker\Documents\GitHub\SWERVE-2024-05-10\data_processed/sites/50112/figures\compare\B_N_calculated_OpenGGCM_vs_measured_scatter.png
2026-02-04T16:17:00.501942Z INFO  utilrsw.logger     Writing C:\Users\lwilker\Documents\GitHub\SWERVE-2024-05-10\data_processed/sites/50112/figures\compare\B_N_calculated_OpenGGCM_vs_measured_scatter.pdf
2026-02-04T16:17:01.336325Z INFO  utilrsw.logger     Writing C:\Users\lwilker\Documents\GitHub\SWERVE-2024-05-10\data_processed/sites/50112/figures\compare\B_E_calculated_OpenGGCM_vs_measured_scatter.png
2026-02-04T16:17:02.967694Z INFO  utilrsw.logger     Writing C:\Users\lwilker\Documents\GitHub\SWERVE-2024-05-10\data_processed/sites/50112/figures\compare\B_E_calculated_OpenGGCM_vs_measured_scatter.pdf
2026-02-04T16:17:03.819754Z INFO  utilrsw.logger     Writing C:\Users\lwilker\Documents\GitHub\SWERVE-2024-05-10\data_processed/sites/50112/figures\compare\B_v_calculated_OpenGGCM_vs_measured_scatter.png
2026-02-04T16:17:05.304789Z INFO  utilrsw.logger     Writing C:\Users\lwilker\Documents\GitHub\SWERVE-2024-05-10\data_processed/sites/50112/figures\compare\B_v_calculated_OpenGGCM_vs_measured_scatter.pdf
2026-02-04T16:17:06.112022Z INFO  utilrsw.logger     Writing C:\Users\lwilker\Documents\GitHub\SWERVE-2024-05-10\data_processed/sites/50112/figures\compare\B_H_calculated_OpenGGCM_vs_measured_scatter.png
2026-02-04T16:17:07.689738Z INFO  utilrsw.logger     Writing C:\Users\lwilker\Documents\GitHub\SWERVE-2024-05-10\data_processed/sites/50112/figures\compare\B_H_calculated_OpenGGCM_vs_measured_scatter.pdf
2026-02-04T16:17:08.329838Z INFO  utilrsw.logger   Plotting '50112/B/measured/NERC' original vs. modified data
2026-02-04T16:17:13.516761Z INFO  utilrsw.logger     Writing C:\Users\lwilker\Documents\GitHub\SWERVE-2024-05-10\data_processed/sites/50112/figures\original\B_measured_NERC.png
2026-02-04T16:17:14.955359Z INFO  utilrsw.logger     Writing C:\Users\lwilker\Documents\GitHub\SWERVE-2024-05-10\data_processed/sites/50112/figures\original\B_measured_NERC.pdf
2026-02-04T16:17:15.717585Z INFO  utilrsw.logger     Writing C:\Users\lwilker\Documents\GitHub\SWERVE-2024-05-10\data_processed/sites/50112/figures\original\B_measured_NERC.png
2026-02-04T16:17:17.285706Z INFO  utilrsw.logger     Writing C:\Users\lwilker\Documents\GitHub\SWERVE-2024-05-10\data_processed/sites/50112/figures\original\B_measured_NERC.pdf
2026-02-04T16:17:18.064017Z INFO  utilrsw.logger     Writing C:\Users\lwilker\Documents\GitHub\SWERVE-2024-05-10\data_processed/sites/50112/figures\original\B_measured_NERC.png
2026-02-04T16:17:19.376006Z INFO  utilrsw.logger     Writing C:\Users\lwilker\Documents\GitHub\SWERVE-2024-05-10\data_processed/sites/50112/figures\original\B_measured_NERC.pdf
2026-02-04T16:17:19.872927Z INFO  utilrsw.logger   Plotting '50112/B/calculated/SWMF' original vs. modified data
2026-02-04T16:17:24.210765Z INFO  utilrsw.logger     Writing C:\Users\lwilker\Documents\GitHub\SWERVE-2024-05-10\data_processed/sites/50112/figures\original\B_calculated_SWMF.png
2026-02-04T16:17:25.934497Z INFO  utilrsw.logger     Writing C:\Users\lwilker\Documents\GitHub\SWERVE-2024-05-10\data_processed/sites/50112/figures\original\B_calculated_SWMF.pdf
2026-02-04T16:17:26.932006Z INFO  utilrsw.logger     Writing C:\Users\lwilker\Documents\GitHub\SWERVE-2024-05-10\data_processed/sites/50112/figures\original\B_calculated_SWMF.png
2026-02-04T16:17:28.917247Z INFO  utilrsw.logger     Writing C:\Users\lwilker\Documents\GitHub\SWERVE-2024-05-10\data_processed/sites/50112/figures\original\B_calculated_SWMF.pdf
2026-02-04T16:17:30.015397Z INFO  utilrsw.logger     Writing C:\Users\lwilker\Documents\GitHub\SWERVE-2024-05-10\data_processed/sites/50112/figures\original\B_calculated_SWMF.png
2026-02-04T16:17:31.760271Z INFO  utilrsw.logger     Writing C:\Users\lwilker\Documents\GitHub\SWERVE-2024-05-10\data_processed/sites/50112/figures\original\B_calculated_SWMF.pdf
2026-02-04T16:17:32.200811Z INFO  utilrsw.logger   Plotting '50112/B/calculated/MAGE' original vs. modified data
2026-02-04T16:17:36.736042Z INFO  utilrsw.logger     Writing C:\Users\lwilker\Documents\GitHub\SWERVE-2024-05-10\data_processed/sites/50112/figures\original\B_calculated_MAGE.png
2026-02-04T16:17:38.728328Z INFO  utilrsw.logger     Writing C:\Users\lwilker\Documents\GitHub\SWERVE-2024-05-10\data_processed/sites/50112/figures\original\B_calculated_MAGE.pdf
2026-02-04T16:17:39.663942Z INFO  utilrsw.logger     Writing C:\Users\lwilker\Documents\GitHub\SWERVE-2024-05-10\data_processed/sites/50112/figures\original\B_calculated_MAGE.png
2026-02-04T16:17:41.620616Z INFO  utilrsw.logger     Writing C:\Users\lwilker\Documents\GitHub\SWERVE-2024-05-10\data_processed/sites/50112/figures\original\B_calculated_MAGE.pdf
2026-02-04T16:17:42.384810Z INFO  utilrsw.logger     Writing C:\Users\lwilker\Documents\GitHub\SWERVE-2024-05-10\data_processed/sites/50112/figures\original\B_calculated_MAGE.png
2026-02-04T16:17:44.136965Z INFO  utilrsw.logger     Writing C:\Users\lwilker\Documents\GitHub\SWERVE-2024-05-10\data_processed/sites/50112/figures\original\B_calculated_MAGE.pdf
2026-02-04T16:17:44.586878Z INFO  utilrsw.logger   Plotting '50112/B/calculated/OpenGGCM' original vs. modified data
2026-02-04T16:17:49.908263Z INFO  utilrsw.logger     Writing C:\Users\lwilker\Documents\GitHub\SWERVE-2024-05-10\data_processed/sites/50112/figures\original\B_calculated_OpenGGCM.png
2026-02-04T16:17:51.634278Z INFO  utilrsw.logger     Writing C:\Users\lwilker\Documents\GitHub\SWERVE-2024-05-10\data_processed/sites/50112/figures\original\B_calculated_OpenGGCM.pdf
2026-02-04T16:17:52.540827Z INFO  utilrsw.logger     Writing C:\Users\lwilker\Documents\GitHub\SWERVE-2024-05-10\data_processed/sites/50112/figures\original\B_calculated_OpenGGCM.png
2026-02-04T16:17:54.163512Z INFO  utilrsw.logger     Writing C:\Users\lwilker\Documents\GitHub\SWERVE-2024-05-10\data_processed/sites/50112/figures\original\B_calculated_OpenGGCM.pdf
2026-02-04T16:17:54.852814Z INFO  utilrsw.logger     Writing C:\Users\lwilker\Documents\GitHub\SWERVE-2024-05-10\data_processed/sites/50112/figures\original\B_calculated_OpenGGCM.png
2026-02-04T16:17:56.441078Z INFO  utilrsw.logger     Writing C:\Users\lwilker\Documents\GitHub\SWERVE-2024-05-10\data_processed/sites/50112/figures\original\B_calculated_OpenGGCM.pdf
2026-02-04T16:17:56.864110Z INFO  utilrsw.logger Reading '50131' data
2026-02-04T16:17:56.864110Z INFO  utilrsw.logger   Reading cached file with all data for site '50131': C:\Users\lwilker\Documents\GitHub\SWERVE-2024-05-10\data_processed\sites\50131\data\_all.pkl
2026-02-04T16:17:56.993480Z INFO  utilrsw.logger Computing stats for '50131' data
2026-02-04T16:17:57.115880Z INFO  utilrsw.logger   Uniq dts [ns] = [10000000000]
2026-02-04T16:17:57.115880Z INFO  utilrsw.logger   Uniq dts [#]  = 1
2026-02-04T16:17:57.115880Z INFO  utilrsw.logger   Stats for B/measured/NERC:
2026-02-04T16:17:57.115880Z INFO  utilrsw.logger 
    std: [128.28359981  71.62565446  95.66228947 100.57777321]
    ave: [-138.17569984  -36.74769187   34.04104941  178.70522936]
    min: [-578.71666667 -355.25666667 -366.59          6.61513741]
    max: [427.345      202.97666667 530.65       675.63058425]
    n: 2341
    n_valid: [2341 2341 2341 2341]
    dt_original: [10000000000]

2026-02-04T16:17:57.151427Z INFO  utilrsw.logger   Uniq dts [ns] = [60000000000]
2026-02-04T16:17:57.152332Z INFO  utilrsw.logger   Uniq dts [#]  = 1
2026-02-04T16:17:57.154090Z INFO  utilrsw.logger   Stats for B/calculated/SWMF:
2026-02-04T16:17:57.154090Z INFO  utilrsw.logger 
    std: [54.87354714 36.03542918 41.42754017 54.46201859]
    ave: [36.37290953  3.59068092 -7.62489291 51.76319542]
    min: [ -50.47706569  -73.49482418 -165.47792486    0.48252916]
    max: [207.048706   169.47842457  90.68898383 260.35729264]
    n: 2341
    n_valid: [2339 2339 2339 2339]
    dt_original: [60000000000]

2026-02-04T16:17:57.160956Z INFO  utilrsw.logger   Uniq dts [ns] = [60000000000]
2026-02-04T16:17:57.170815Z INFO  utilrsw.logger   Uniq dts [#]  = 1
2026-02-04T16:17:57.172830Z INFO  utilrsw.logger   Stats for B/calculated/MAGE:
2026-02-04T16:17:57.174451Z INFO  utilrsw.logger 
    std: [266.20863767 285.36074369 404.92236424 192.25519275]
    ave: [ 26.11958223  39.99349716 316.47684023 342.95399992]
    min: [ -756.05750586  -753.99732148 -1247.85109544     2.70915195]
    max: [ 617.9283793  1571.58853148 2346.30033933 1587.58951644]
    n: 2341
    n_valid: [1980 1980 1980 1980]
    dt_original: [60000000000]

2026-02-04T16:17:57.205350Z INFO  utilrsw.logger   Uniq dts [ns] = [60000000000]
2026-02-04T16:17:57.205350Z INFO  utilrsw.logger   Uniq dts [#]  = 1
2026-02-04T16:17:57.207485Z INFO  utilrsw.logger   Stats for B/calculated/OpenGGCM:
2026-02-04T16:17:57.207485Z INFO  utilrsw.logger 
    std: [ 63.87452227 331.05099393 186.46110583 249.92836562]
    ave: [-64.68346336 100.21655868  47.92969907 255.80820218]
    min: [-259.75865848 -672.39521294 -704.57166112    7.19252996]
    max: [ 191.75581227 1328.59361119  538.23137251 1340.63629072]
    n: 2341
    n_valid: [2341 2341 2341 2341]
    dt_original: [60000000000]

2026-02-04T16:17:57.207485Z WARN  utilrsw.logger   Multiplying measured data by -1 before computing pe.
2026-02-04T16:17:57.211850Z WARN  utilrsw.logger   Multiplying measured data by -1 before computing pe.
2026-02-04T16:17:57.214405Z INFO  utilrsw.logger   Metrics for B/calculated/SWMF:
2026-02-04T16:17:57.214405Z INFO  utilrsw.logger 
    err_rms: [227.75610069  92.75543169 102.58184115 155.06848361]
    err_ave: [-174.48478711  -40.31379692   41.7855171   126.89037055]
    err: [[-23.37918684  11.91615382  -3.00353677  15.23919998]
 [-22.64718437   9.32030115  -1.81725912  12.08253619]
 [-21.71492678   8.07114683   0.16638466   9.29425449]
 ...
 [-78.429148    -7.33093796  36.55914898  72.34555223]
 [-78.16063668  -7.7126451   36.71619463  71.94347066]
 [-78.31860648  -7.9285331   36.85665248  71.80239167]]
    cc: [-0.13855513 -0.10730092  0.26271787  0.4691544 ]
    pe: [-0.69300386 -0.35945808 -0.15105936 -1.37619009]
    valid: [[ True  True  True  True]
 [ True  True  True  True]
 [ True  True  True  True]
 ...
 [ True  True  True  True]
 [ True  True  True  True]
 [ True  True  True  True]]
    n_valid: [2339 2339 2339 2339]

2026-02-04T16:17:57.220770Z WARN  utilrsw.logger   Multiplying measured data by -1 before computing pe.
2026-02-04T16:17:57.224403Z INFO  utilrsw.logger   Metrics for B/calculated/MAGE:
2026-02-04T16:17:57.224403Z INFO  utilrsw.logger 
    err_rms: [351.02935865 280.13294467 464.18327663 214.04447683]
    err_ave: [-179.00011001  -85.65422022 -284.29536632 -144.59083888]
    err: [[ -13.85538218   78.75924849  175.36862056  -31.9035061 ]
 [ -12.56197841   76.05530481  174.28877607  -34.23132973]
 [ -14.34944036   76.06330397  174.23659984  -38.12677739]
 ...
 [ -16.81754417  100.39049833 -159.18561506  -12.13156056]
 [ -16.03144573   99.20440152 -161.71082496  -10.02883437]
 [  -4.30404166   85.94271732 -158.59413327   -8.4387184 ]]
    cc: [-0.03414217  0.37483401  0.47729124  0.57564002]
    pe: [ -4.72549647 -13.69417878 -19.05762329  -3.89632376]
    valid: [[ True  True  True  True]
 [ True  True  True  True]
 [ True  True  True  True]
 ...
 [False False False False]
 [False False False False]
 [False False False False]]
    n_valid: [1980 1980 1980 1980]

2026-02-04T16:17:57.231942Z WARN  utilrsw.logger   Multiplying measured data by -1 before computing pe.
2026-02-04T16:17:57.231942Z WARN  utilrsw.logger   Multiplying measured data by -1 before computing pe.
2026-02-04T16:17:57.231942Z INFO  utilrsw.logger   Metrics for B/calculated/OpenGGCM:
2026-02-04T16:17:57.237569Z INFO  utilrsw.logger 
    err_rms: [149.86103268 391.60789056 260.63368513 249.46811992]
    err_ave: [ -73.49223648 -136.96425055  -13.88864966  -77.10297282]
    err: [[  29.23237403  161.8113134  -139.67939671 -122.09700694]
 [  29.99446708  162.92274823 -143.77231321 -127.92211969]
 [  32.48929955  160.23266729 -145.51430152 -129.40865365]
 ...
 [  10.50095814   56.74862073  -67.76971315  -30.96804569]
 [  11.36421235   66.16127625  -69.26424938  -37.69812765]
 [  12.23225347   74.85808401  -69.47831087  -44.18089397]]
    cc: [ 0.21231349 -0.41904423 -0.66764618  0.32403325]
    pe: [ -0.36469363 -18.27411999  -1.93076316  -5.1521381 ]
    valid: [[ True  True  True  True]
 [ True  True  True  True]
 [ True  True  True  True]
 ...
 [ True  True  True  True]
 [ True  True  True  True]
 [ True  True  True  True]]
    n_valid: [2341 2341 2341 2341]

2026-02-04T16:17:57.259200Z INFO  utilrsw.logger Plotting '50131' data
2026-02-04T16:17:57.265739Z INFO  utilrsw.logger   Plotting '50131/B/calculated/MAGE/raw' data
2026-02-04T16:18:01.767672Z INFO  utilrsw.logger     Writing C:\Users\lwilker\Documents\GitHub\SWERVE-2024-05-10\data_processed/sites/50131/figures\raw\B_calculated_MAGE.png
2026-02-04T16:18:02.487072Z INFO  utilrsw.logger     Writing C:\Users\lwilker\Documents\GitHub\SWERVE-2024-05-10\data_processed/sites/50131/figures\raw\B_calculated_MAGE.pdf
2026-02-04T16:18:02.496452Z INFO  utilrsw.logger   Plotting '50131/B/calculated/MAGE/raw' to compare dBn with dBt and dBp
2026-02-04T16:18:03.934804Z INFO  utilrsw.logger     Writing C:\Users\lwilker\Documents\GitHub\SWERVE-2024-05-10\data_processed/sites/50131/figures\raw\B_calculated_MAGE_compare_dBn_dBt_dBp.png
2026-02-04T16:18:06.045487Z INFO  utilrsw.logger     Writing C:\Users\lwilker\Documents\GitHub\SWERVE-2024-05-10\data_processed/sites/50131/figures\raw\B_calculated_MAGE_compare_dBn_dBt_dBp.pdf
2026-02-04T16:18:06.898783Z INFO  utilrsw.logger   Plotting all '50131/B' calculated vs. measured data as timeseries
2026-02-04T16:18:12.087430Z INFO  utilrsw.logger     Writing C:\Users\lwilker\Documents\GitHub\SWERVE-2024-05-10\data_processed/sites/50131/figures\compare\B_N_calculated_all_vs_measured_timeseries.png
2026-02-04T16:18:13.913319Z INFO  utilrsw.logger     Writing C:\Users\lwilker\Documents\GitHub\SWERVE-2024-05-10\data_processed/sites/50131/figures\compare\B_N_calculated_all_vs_measured_timeseries.pdf
2026-02-04T16:18:14.780658Z INFO  utilrsw.logger     Writing C:\Users\lwilker\Documents\GitHub\SWERVE-2024-05-10\data_processed/sites/50131/figures\compare\B_E_calculated_all_vs_measured_timeseries.png
2026-02-04T16:18:16.488209Z INFO  utilrsw.logger     Writing C:\Users\lwilker\Documents\GitHub\SWERVE-2024-05-10\data_processed/sites/50131/figures\compare\B_E_calculated_all_vs_measured_timeseries.pdf
2026-02-04T16:18:17.276958Z INFO  utilrsw.logger     Writing C:\Users\lwilker\Documents\GitHub\SWERVE-2024-05-10\data_processed/sites/50131/figures\compare\B_v_calculated_all_vs_measured_timeseries.png
2026-02-04T16:18:19.047761Z INFO  utilrsw.logger     Writing C:\Users\lwilker\Documents\GitHub\SWERVE-2024-05-10\data_processed/sites/50131/figures\compare\B_v_calculated_all_vs_measured_timeseries.pdf
2026-02-04T16:18:20.178247Z INFO  utilrsw.logger     Writing C:\Users\lwilker\Documents\GitHub\SWERVE-2024-05-10\data_processed/sites/50131/figures\compare\B_H_calculated_all_vs_measured_timeseries.png
2026-02-04T16:18:21.870234Z INFO  utilrsw.logger     Writing C:\Users\lwilker\Documents\GitHub\SWERVE-2024-05-10\data_processed/sites/50131/figures\compare\B_H_calculated_all_vs_measured_timeseries.pdf
2026-02-04T16:18:22.463951Z INFO  utilrsw.logger   Plotting all '50131/B' calculated vs. measured data as timeseries
2026-02-04T16:18:29.335572Z INFO  utilrsw.logger     Writing C:\Users\lwilker\Documents\GitHub\SWERVE-2024-05-10\data_processed/sites/50131/figures\compare\B_N_calculated_all_vs_measured_timeseries.png
2026-02-04T16:18:31.053916Z INFO  utilrsw.logger     Writing C:\Users\lwilker\Documents\GitHub\SWERVE-2024-05-10\data_processed/sites/50131/figures\compare\B_N_calculated_all_vs_measured_timeseries.pdf
2026-02-04T16:18:31.875940Z INFO  utilrsw.logger     Writing C:\Users\lwilker\Documents\GitHub\SWERVE-2024-05-10\data_processed/sites/50131/figures\compare\B_E_calculated_all_vs_measured_timeseries.png
2026-02-04T16:18:33.500073Z INFO  utilrsw.logger     Writing C:\Users\lwilker\Documents\GitHub\SWERVE-2024-05-10\data_processed/sites/50131/figures\compare\B_E_calculated_all_vs_measured_timeseries.pdf
2026-02-04T16:18:34.804185Z INFO  utilrsw.logger     Writing C:\Users\lwilker\Documents\GitHub\SWERVE-2024-05-10\data_processed/sites/50131/figures\compare\B_v_calculated_all_vs_measured_timeseries.png
2026-02-04T16:18:36.473153Z INFO  utilrsw.logger     Writing C:\Users\lwilker\Documents\GitHub\SWERVE-2024-05-10\data_processed/sites/50131/figures\compare\B_v_calculated_all_vs_measured_timeseries.pdf
2026-02-04T16:18:37.305232Z INFO  utilrsw.logger     Writing C:\Users\lwilker\Documents\GitHub\SWERVE-2024-05-10\data_processed/sites/50131/figures\compare\B_H_calculated_all_vs_measured_timeseries.png
2026-02-04T16:18:39.291946Z INFO  utilrsw.logger     Writing C:\Users\lwilker\Documents\GitHub\SWERVE-2024-05-10\data_processed/sites/50131/figures\compare\B_H_calculated_all_vs_measured_timeseries.pdf
2026-02-04T16:18:40.083146Z INFO  utilrsw.logger   Plotting '50131/B/SWMF' vs. measured data as timeseries
2026-02-04T16:18:46.176568Z INFO  utilrsw.logger     Writing C:\Users\lwilker\Documents\GitHub\SWERVE-2024-05-10\data_processed/sites/50131/figures\compare\B_N_calculated_SWMF_vs_measured_timeseries.png
2026-02-04T16:18:47.699287Z INFO  utilrsw.logger     Writing C:\Users\lwilker\Documents\GitHub\SWERVE-2024-05-10\data_processed/sites/50131/figures\compare\B_N_calculated_SWMF_vs_measured_timeseries.pdf
2026-02-04T16:18:48.603577Z INFO  utilrsw.logger     Writing C:\Users\lwilker\Documents\GitHub\SWERVE-2024-05-10\data_processed/sites/50131/figures\compare\B_E_calculated_SWMF_vs_measured_timeseries.png
2026-02-04T16:18:50.120904Z INFO  utilrsw.logger     Writing C:\Users\lwilker\Documents\GitHub\SWERVE-2024-05-10\data_processed/sites/50131/figures\compare\B_E_calculated_SWMF_vs_measured_timeseries.pdf
2026-02-04T16:18:50.762852Z INFO  utilrsw.logger     Writing C:\Users\lwilker\Documents\GitHub\SWERVE-2024-05-10\data_processed/sites/50131/figures\compare\B_v_calculated_SWMF_vs_measured_timeseries.png
2026-02-04T16:18:52.674167Z INFO  utilrsw.logger     Writing C:\Users\lwilker\Documents\GitHub\SWERVE-2024-05-10\data_processed/sites/50131/figures\compare\B_v_calculated_SWMF_vs_measured_timeseries.pdf
2026-02-04T16:18:53.582320Z INFO  utilrsw.logger     Writing C:\Users\lwilker\Documents\GitHub\SWERVE-2024-05-10\data_processed/sites/50131/figures\compare\B_H_calculated_SWMF_vs_measured_timeseries.png
2026-02-04T16:18:55.380255Z INFO  utilrsw.logger     Writing C:\Users\lwilker\Documents\GitHub\SWERVE-2024-05-10\data_processed/sites/50131/figures\compare\B_H_calculated_SWMF_vs_measured_timeseries.pdf
2026-02-04T16:18:55.932033Z INFO  utilrsw.logger   Plotting '50131/B/MAGE' vs. measured data as timeseries
2026-02-04T16:19:02.489005Z INFO  utilrsw.logger     Writing C:\Users\lwilker\Documents\GitHub\SWERVE-2024-05-10\data_processed/sites/50131/figures\compare\B_N_calculated_MAGE_vs_measured_timeseries.png
2026-02-04T16:19:04.044980Z INFO  utilrsw.logger     Writing C:\Users\lwilker\Documents\GitHub\SWERVE-2024-05-10\data_processed/sites/50131/figures\compare\B_N_calculated_MAGE_vs_measured_timeseries.pdf
2026-02-04T16:19:04.770726Z INFO  utilrsw.logger     Writing C:\Users\lwilker\Documents\GitHub\SWERVE-2024-05-10\data_processed/sites/50131/figures\compare\B_E_calculated_MAGE_vs_measured_timeseries.png
2026-02-04T16:19:06.231251Z INFO  utilrsw.logger     Writing C:\Users\lwilker\Documents\GitHub\SWERVE-2024-05-10\data_processed/sites/50131/figures\compare\B_E_calculated_MAGE_vs_measured_timeseries.pdf
2026-02-04T16:19:06.853028Z INFO  utilrsw.logger     Writing C:\Users\lwilker\Documents\GitHub\SWERVE-2024-05-10\data_processed/sites/50131/figures\compare\B_v_calculated_MAGE_vs_measured_timeseries.png
2026-02-04T16:19:08.308232Z INFO  utilrsw.logger     Writing C:\Users\lwilker\Documents\GitHub\SWERVE-2024-05-10\data_processed/sites/50131/figures\compare\B_v_calculated_MAGE_vs_measured_timeseries.pdf
2026-02-04T16:19:09.366023Z INFO  utilrsw.logger     Writing C:\Users\lwilker\Documents\GitHub\SWERVE-2024-05-10\data_processed/sites/50131/figures\compare\B_H_calculated_MAGE_vs_measured_timeseries.png
2026-02-04T16:19:11.118951Z INFO  utilrsw.logger     Writing C:\Users\lwilker\Documents\GitHub\SWERVE-2024-05-10\data_processed/sites/50131/figures\compare\B_H_calculated_MAGE_vs_measured_timeseries.pdf
2026-02-04T16:19:11.911848Z INFO  utilrsw.logger   Plotting '50131/B/OpenGGCM' vs. measured data as timeseries
2026-02-04T16:19:18.511647Z INFO  utilrsw.logger     Writing C:\Users\lwilker\Documents\GitHub\SWERVE-2024-05-10\data_processed/sites/50131/figures\compare\B_N_calculated_OpenGGCM_vs_measured_timeseries.png
2026-02-04T16:19:20.195018Z INFO  utilrsw.logger     Writing C:\Users\lwilker\Documents\GitHub\SWERVE-2024-05-10\data_processed/sites/50131/figures\compare\B_N_calculated_OpenGGCM_vs_measured_timeseries.pdf
2026-02-04T16:19:20.966675Z INFO  utilrsw.logger     Writing C:\Users\lwilker\Documents\GitHub\SWERVE-2024-05-10\data_processed/sites/50131/figures\compare\B_E_calculated_OpenGGCM_vs_measured_timeseries.png
2026-02-04T16:19:22.811268Z INFO  utilrsw.logger     Writing C:\Users\lwilker\Documents\GitHub\SWERVE-2024-05-10\data_processed/sites/50131/figures\compare\B_E_calculated_OpenGGCM_vs_measured_timeseries.pdf
2026-02-04T16:19:23.790125Z INFO  utilrsw.logger     Writing C:\Users\lwilker\Documents\GitHub\SWERVE-2024-05-10\data_processed/sites/50131/figures\compare\B_v_calculated_OpenGGCM_vs_measured_timeseries.png
2026-02-04T16:19:25.593898Z INFO  utilrsw.logger     Writing C:\Users\lwilker\Documents\GitHub\SWERVE-2024-05-10\data_processed/sites/50131/figures\compare\B_v_calculated_OpenGGCM_vs_measured_timeseries.pdf
2026-02-04T16:19:26.535965Z INFO  utilrsw.logger     Writing C:\Users\lwilker\Documents\GitHub\SWERVE-2024-05-10\data_processed/sites/50131/figures\compare\B_H_calculated_OpenGGCM_vs_measured_timeseries.png
2026-02-04T16:19:28.088479Z INFO  utilrsw.logger     Writing C:\Users\lwilker\Documents\GitHub\SWERVE-2024-05-10\data_processed/sites/50131/figures\compare\B_H_calculated_OpenGGCM_vs_measured_timeseries.pdf
2026-02-04T16:19:28.604251Z INFO  utilrsw.logger   Plotting all '50131/B' calculated vs. measured data as scatter
2026-02-04T16:19:32.750982Z INFO  utilrsw.logger     Writing C:\Users\lwilker\Documents\GitHub\SWERVE-2024-05-10\data_processed/sites/50131/figures\compare\B_N_calculated_all_vs_measured_scatter.png
2026-02-04T16:19:34.538067Z INFO  utilrsw.logger     Writing C:\Users\lwilker\Documents\GitHub\SWERVE-2024-05-10\data_processed/sites/50131/figures\compare\B_N_calculated_all_vs_measured_scatter.pdf
2026-02-04T16:19:35.760660Z INFO  utilrsw.logger     Writing C:\Users\lwilker\Documents\GitHub\SWERVE-2024-05-10\data_processed/sites/50131/figures\compare\B_E_calculated_all_vs_measured_scatter.png
2026-02-04T16:19:37.260039Z INFO  utilrsw.logger     Writing C:\Users\lwilker\Documents\GitHub\SWERVE-2024-05-10\data_processed/sites/50131/figures\compare\B_E_calculated_all_vs_measured_scatter.pdf
2026-02-04T16:19:38.500537Z INFO  utilrsw.logger     Writing C:\Users\lwilker\Documents\GitHub\SWERVE-2024-05-10\data_processed/sites/50131/figures\compare\B_v_calculated_all_vs_measured_scatter.png
2026-02-04T16:19:40.480810Z INFO  utilrsw.logger     Writing C:\Users\lwilker\Documents\GitHub\SWERVE-2024-05-10\data_processed/sites/50131/figures\compare\B_v_calculated_all_vs_measured_scatter.pdf
2026-02-04T16:19:41.995651Z INFO  utilrsw.logger     Writing C:\Users\lwilker\Documents\GitHub\SWERVE-2024-05-10\data_processed/sites/50131/figures\compare\B_H_calculated_all_vs_measured_scatter.png
2026-02-04T16:19:44.049721Z INFO  utilrsw.logger     Writing C:\Users\lwilker\Documents\GitHub\SWERVE-2024-05-10\data_processed/sites/50131/figures\compare\B_H_calculated_all_vs_measured_scatter.pdf
2026-02-04T16:19:45.061900Z INFO  utilrsw.logger   Plotting all '50131/B' calculated vs. measured data as scatter
2026-02-04T16:19:48.789158Z INFO  utilrsw.logger     Writing C:\Users\lwilker\Documents\GitHub\SWERVE-2024-05-10\data_processed/sites/50131/figures\compare\B_N_calculated_all_vs_measured_scatter.png
2026-02-04T16:19:50.586064Z INFO  utilrsw.logger     Writing C:\Users\lwilker\Documents\GitHub\SWERVE-2024-05-10\data_processed/sites/50131/figures\compare\B_N_calculated_all_vs_measured_scatter.pdf
2026-02-04T16:19:52.329629Z INFO  utilrsw.logger     Writing C:\Users\lwilker\Documents\GitHub\SWERVE-2024-05-10\data_processed/sites/50131/figures\compare\B_E_calculated_all_vs_measured_scatter.png
2026-02-04T16:19:54.145209Z INFO  utilrsw.logger     Writing C:\Users\lwilker\Documents\GitHub\SWERVE-2024-05-10\data_processed/sites/50131/figures\compare\B_E_calculated_all_vs_measured_scatter.pdf
2026-02-04T16:19:55.287222Z INFO  utilrsw.logger     Writing C:\Users\lwilker\Documents\GitHub\SWERVE-2024-05-10\data_processed/sites/50131/figures\compare\B_v_calculated_all_vs_measured_scatter.png
2026-02-04T16:19:56.971065Z INFO  utilrsw.logger     Writing C:\Users\lwilker\Documents\GitHub\SWERVE-2024-05-10\data_processed/sites/50131/figures\compare\B_v_calculated_all_vs_measured_scatter.pdf
2026-02-04T16:19:58.568530Z INFO  utilrsw.logger     Writing C:\Users\lwilker\Documents\GitHub\SWERVE-2024-05-10\data_processed/sites/50131/figures\compare\B_H_calculated_all_vs_measured_scatter.png
2026-02-04T16:20:00.202760Z INFO  utilrsw.logger     Writing C:\Users\lwilker\Documents\GitHub\SWERVE-2024-05-10\data_processed/sites/50131/figures\compare\B_H_calculated_all_vs_measured_scatter.pdf
2026-02-04T16:20:01.174770Z INFO  utilrsw.logger   Plotting '50131/B/SWMF' vs. measured data as scatter
2026-02-04T16:20:04.487963Z INFO  utilrsw.logger     Writing C:\Users\lwilker\Documents\GitHub\SWERVE-2024-05-10\data_processed/sites/50131/figures\compare\B_N_calculated_SWMF_vs_measured_scatter.png
2026-02-04T16:20:05.873281Z INFO  utilrsw.logger     Writing C:\Users\lwilker\Documents\GitHub\SWERVE-2024-05-10\data_processed/sites/50131/figures\compare\B_N_calculated_SWMF_vs_measured_scatter.pdf
2026-02-04T16:20:06.689541Z INFO  utilrsw.logger     Writing C:\Users\lwilker\Documents\GitHub\SWERVE-2024-05-10\data_processed/sites/50131/figures\compare\B_E_calculated_SWMF_vs_measured_scatter.png
2026-02-04T16:20:08.332485Z INFO  utilrsw.logger     Writing C:\Users\lwilker\Documents\GitHub\SWERVE-2024-05-10\data_processed/sites/50131/figures\compare\B_E_calculated_SWMF_vs_measured_scatter.pdf
2026-02-04T16:20:09.257132Z INFO  utilrsw.logger     Writing C:\Users\lwilker\Documents\GitHub\SWERVE-2024-05-10\data_processed/sites/50131/figures\compare\B_v_calculated_SWMF_vs_measured_scatter.png
2026-02-04T16:20:10.750963Z INFO  utilrsw.logger     Writing C:\Users\lwilker\Documents\GitHub\SWERVE-2024-05-10\data_processed/sites/50131/figures\compare\B_v_calculated_SWMF_vs_measured_scatter.pdf
2026-02-04T16:20:12.155089Z INFO  utilrsw.logger     Writing C:\Users\lwilker\Documents\GitHub\SWERVE-2024-05-10\data_processed/sites/50131/figures\compare\B_H_calculated_SWMF_vs_measured_scatter.png
2026-02-04T16:20:13.681311Z INFO  utilrsw.logger     Writing C:\Users\lwilker\Documents\GitHub\SWERVE-2024-05-10\data_processed/sites/50131/figures\compare\B_H_calculated_SWMF_vs_measured_scatter.pdf
2026-02-04T16:20:14.303729Z INFO  utilrsw.logger   Plotting '50131/B/MAGE' vs. measured data as scatter
2026-02-04T16:20:18.451312Z INFO  utilrsw.logger     Writing C:\Users\lwilker\Documents\GitHub\SWERVE-2024-05-10\data_processed/sites/50131/figures\compare\B_N_calculated_MAGE_vs_measured_scatter.png
2026-02-04T16:20:19.930815Z INFO  utilrsw.logger     Writing C:\Users\lwilker\Documents\GitHub\SWERVE-2024-05-10\data_processed/sites/50131/figures\compare\B_N_calculated_MAGE_vs_measured_scatter.pdf
2026-02-04T16:20:21.005338Z INFO  utilrsw.logger     Writing C:\Users\lwilker\Documents\GitHub\SWERVE-2024-05-10\data_processed/sites/50131/figures\compare\B_E_calculated_MAGE_vs_measured_scatter.png
2026-02-04T16:20:22.400502Z INFO  utilrsw.logger     Writing C:\Users\lwilker\Documents\GitHub\SWERVE-2024-05-10\data_processed/sites/50131/figures\compare\B_E_calculated_MAGE_vs_measured_scatter.pdf
2026-02-04T16:20:23.141362Z INFO  utilrsw.logger     Writing C:\Users\lwilker\Documents\GitHub\SWERVE-2024-05-10\data_processed/sites/50131/figures\compare\B_v_calculated_MAGE_vs_measured_scatter.png
2026-02-04T16:20:24.905017Z INFO  utilrsw.logger     Writing C:\Users\lwilker\Documents\GitHub\SWERVE-2024-05-10\data_processed/sites/50131/figures\compare\B_v_calculated_MAGE_vs_measured_scatter.pdf
2026-02-04T16:20:25.846277Z INFO  utilrsw.logger     Writing C:\Users\lwilker\Documents\GitHub\SWERVE-2024-05-10\data_processed/sites/50131/figures\compare\B_H_calculated_MAGE_vs_measured_scatter.png
2026-02-04T16:20:28.051543Z INFO  utilrsw.logger     Writing C:\Users\lwilker\Documents\GitHub\SWERVE-2024-05-10\data_processed/sites/50131/figures\compare\B_H_calculated_MAGE_vs_measured_scatter.pdf
2026-02-04T16:20:28.864187Z INFO  utilrsw.logger   Plotting '50131/B/OpenGGCM' vs. measured data as scatter
2026-02-04T16:20:32.537710Z INFO  utilrsw.logger     Writing C:\Users\lwilker\Documents\GitHub\SWERVE-2024-05-10\data_processed/sites/50131/figures\compare\B_N_calculated_OpenGGCM_vs_measured_scatter.png
2026-02-04T16:20:34.160093Z INFO  utilrsw.logger     Writing C:\Users\lwilker\Documents\GitHub\SWERVE-2024-05-10\data_processed/sites/50131/figures\compare\B_N_calculated_OpenGGCM_vs_measured_scatter.pdf
2026-02-04T16:20:35.072070Z INFO  utilrsw.logger     Writing C:\Users\lwilker\Documents\GitHub\SWERVE-2024-05-10\data_processed/sites/50131/figures\compare\B_E_calculated_OpenGGCM_vs_measured_scatter.png
2026-02-04T16:20:36.840965Z INFO  utilrsw.logger     Writing C:\Users\lwilker\Documents\GitHub\SWERVE-2024-05-10\data_processed/sites/50131/figures\compare\B_E_calculated_OpenGGCM_vs_measured_scatter.pdf
2026-02-04T16:20:37.743377Z INFO  utilrsw.logger     Writing C:\Users\lwilker\Documents\GitHub\SWERVE-2024-05-10\data_processed/sites/50131/figures\compare\B_v_calculated_OpenGGCM_vs_measured_scatter.png
2026-02-04T16:20:39.553030Z INFO  utilrsw.logger     Writing C:\Users\lwilker\Documents\GitHub\SWERVE-2024-05-10\data_processed/sites/50131/figures\compare\B_v_calculated_OpenGGCM_vs_measured_scatter.pdf
2026-02-04T16:20:40.421340Z INFO  utilrsw.logger     Writing C:\Users\lwilker\Documents\GitHub\SWERVE-2024-05-10\data_processed/sites/50131/figures\compare\B_H_calculated_OpenGGCM_vs_measured_scatter.png
2026-02-04T16:20:42.114389Z INFO  utilrsw.logger     Writing C:\Users\lwilker\Documents\GitHub\SWERVE-2024-05-10\data_processed/sites/50131/figures\compare\B_H_calculated_OpenGGCM_vs_measured_scatter.pdf
2026-02-04T16:20:42.746670Z INFO  utilrsw.logger   Plotting '50131/B/measured/NERC' original vs. modified data
2026-02-04T16:20:48.409563Z INFO  utilrsw.logger     Writing C:\Users\lwilker\Documents\GitHub\SWERVE-2024-05-10\data_processed/sites/50131/figures\original\B_measured_NERC.png
2026-02-04T16:20:49.828242Z INFO  utilrsw.logger     Writing C:\Users\lwilker\Documents\GitHub\SWERVE-2024-05-10\data_processed/sites/50131/figures\original\B_measured_NERC.pdf
2026-02-04T16:20:50.788197Z INFO  utilrsw.logger     Writing C:\Users\lwilker\Documents\GitHub\SWERVE-2024-05-10\data_processed/sites/50131/figures\original\B_measured_NERC.png
2026-02-04T16:20:52.614267Z INFO  utilrsw.logger     Writing C:\Users\lwilker\Documents\GitHub\SWERVE-2024-05-10\data_processed/sites/50131/figures\original\B_measured_NERC.pdf
2026-02-04T16:20:53.390818Z INFO  utilrsw.logger     Writing C:\Users\lwilker\Documents\GitHub\SWERVE-2024-05-10\data_processed/sites/50131/figures\original\B_measured_NERC.png
2026-02-04T16:20:54.612736Z INFO  utilrsw.logger     Writing C:\Users\lwilker\Documents\GitHub\SWERVE-2024-05-10\data_processed/sites/50131/figures\original\B_measured_NERC.pdf
2026-02-04T16:20:55.030303Z INFO  utilrsw.logger   Plotting '50131/B/calculated/SWMF' original vs. modified data
2026-02-04T16:21:00.391109Z INFO  utilrsw.logger     Writing C:\Users\lwilker\Documents\GitHub\SWERVE-2024-05-10\data_processed/sites/50131/figures\original\B_calculated_SWMF.png
2026-02-04T16:21:02.234940Z INFO  utilrsw.logger     Writing C:\Users\lwilker\Documents\GitHub\SWERVE-2024-05-10\data_processed/sites/50131/figures\original\B_calculated_SWMF.pdf
2026-02-04T16:21:03.082253Z INFO  utilrsw.logger     Writing C:\Users\lwilker\Documents\GitHub\SWERVE-2024-05-10\data_processed/sites/50131/figures\original\B_calculated_SWMF.png
2026-02-04T16:21:04.588827Z INFO  utilrsw.logger     Writing C:\Users\lwilker\Documents\GitHub\SWERVE-2024-05-10\data_processed/sites/50131/figures\original\B_calculated_SWMF.pdf
2026-02-04T16:21:05.355366Z INFO  utilrsw.logger     Writing C:\Users\lwilker\Documents\GitHub\SWERVE-2024-05-10\data_processed/sites/50131/figures\original\B_calculated_SWMF.png
2026-02-04T16:21:06.965449Z INFO  utilrsw.logger     Writing C:\Users\lwilker\Documents\GitHub\SWERVE-2024-05-10\data_processed/sites/50131/figures\original\B_calculated_SWMF.pdf
2026-02-04T16:21:07.470386Z INFO  utilrsw.logger   Plotting '50131/B/calculated/MAGE' original vs. modified data
2026-02-04T16:21:12.392544Z INFO  utilrsw.logger     Writing C:\Users\lwilker\Documents\GitHub\SWERVE-2024-05-10\data_processed/sites/50131/figures\original\B_calculated_MAGE.png
2026-02-04T16:21:14.264332Z INFO  utilrsw.logger     Writing C:\Users\lwilker\Documents\GitHub\SWERVE-2024-05-10\data_processed/sites/50131/figures\original\B_calculated_MAGE.pdf
2026-02-04T16:21:15.435406Z INFO  utilrsw.logger     Writing C:\Users\lwilker\Documents\GitHub\SWERVE-2024-05-10\data_processed/sites/50131/figures\original\B_calculated_MAGE.png
2026-02-04T16:21:17.519002Z INFO  utilrsw.logger     Writing C:\Users\lwilker\Documents\GitHub\SWERVE-2024-05-10\data_processed/sites/50131/figures\original\B_calculated_MAGE.pdf
2026-02-04T16:21:18.297116Z INFO  utilrsw.logger     Writing C:\Users\lwilker\Documents\GitHub\SWERVE-2024-05-10\data_processed/sites/50131/figures\original\B_calculated_MAGE.png
2026-02-04T16:21:20.119948Z INFO  utilrsw.logger     Writing C:\Users\lwilker\Documents\GitHub\SWERVE-2024-05-10\data_processed/sites/50131/figures\original\B_calculated_MAGE.pdf
2026-02-04T16:21:20.593736Z INFO  utilrsw.logger   Plotting '50131/B/calculated/OpenGGCM' original vs. modified data
2026-02-04T16:21:25.180980Z INFO  utilrsw.logger     Writing C:\Users\lwilker\Documents\GitHub\SWERVE-2024-05-10\data_processed/sites/50131/figures\original\B_calculated_OpenGGCM.png
2026-02-04T16:21:27.004359Z INFO  utilrsw.logger     Writing C:\Users\lwilker\Documents\GitHub\SWERVE-2024-05-10\data_processed/sites/50131/figures\original\B_calculated_OpenGGCM.pdf
2026-02-04T16:21:27.966040Z INFO  utilrsw.logger     Writing C:\Users\lwilker\Documents\GitHub\SWERVE-2024-05-10\data_processed/sites/50131/figures\original\B_calculated_OpenGGCM.png
2026-02-04T16:21:29.838664Z INFO  utilrsw.logger     Writing C:\Users\lwilker\Documents\GitHub\SWERVE-2024-05-10\data_processed/sites/50131/figures\original\B_calculated_OpenGGCM.pdf
2026-02-04T16:21:30.573895Z INFO  utilrsw.logger     Writing C:\Users\lwilker\Documents\GitHub\SWERVE-2024-05-10\data_processed/sites/50131/figures\original\B_calculated_OpenGGCM.png
2026-02-04T16:21:32.325334Z INFO  utilrsw.logger     Writing C:\Users\lwilker\Documents\GitHub\SWERVE-2024-05-10\data_processed/sites/50131/figures\original\B_calculated_OpenGGCM.pdf
2026-02-04T16:21:32.933582Z INFO  utilrsw.logger Reading '50132' data
2026-02-04T16:21:32.934589Z INFO  utilrsw.logger   Reading cached file with all data for site '50132': C:\Users\lwilker\Documents\GitHub\SWERVE-2024-05-10\data_processed\sites\50132\data\_all.pkl
2026-02-04T16:21:33.059462Z INFO  utilrsw.logger Computing stats for '50132' data
2026-02-04T16:21:33.161608Z INFO  utilrsw.logger   Uniq dts [ns] = [10000000000]
2026-02-04T16:21:33.163608Z INFO  utilrsw.logger   Uniq dts [#]  = 1
2026-02-04T16:21:33.164608Z INFO  utilrsw.logger   Stats for B/measured/NERC:
2026-02-04T16:21:33.167608Z INFO  utilrsw.logger 
    std: [132.51040766  67.73253487 105.04752064 103.96625528]
    ave: [-144.30361099  -27.90788765   25.96172505  181.55355323]
    min: [-613.80666667 -338.885      -376.76666667    3.35671263]
    max: [416.24333333 206.49       543.435      696.16428725]
    n: 2341
    n_valid: [2341 2341 2341 2341]
    dt_original: [10000000000]

2026-02-04T16:21:33.194633Z INFO  utilrsw.logger   Uniq dts [ns] = [60000000000]
2026-02-04T16:21:33.196626Z INFO  utilrsw.logger   Uniq dts [#]  = 1
2026-02-04T16:21:33.197632Z INFO  utilrsw.logger   Stats for B/calculated/SWMF:
2026-02-04T16:21:33.199622Z INFO  utilrsw.logger 
    std: [55.38967462 36.27788381 41.82452803 54.94783801]
    ave: [36.7027138   3.57844693 -7.88931166 52.19895104]
    min: [ -50.64637278  -74.74404015 -168.23875729    0.50371905]
    max: [208.42291075 170.88346405  91.15227642 262.78574259]
    n: 2341
    n_valid: [2339 2339 2339 2339]
    dt_original: [60000000000]

2026-02-04T16:21:33.213169Z INFO  utilrsw.logger   Uniq dts [ns] = [60000000000]
2026-02-04T16:21:33.213169Z INFO  utilrsw.logger   Uniq dts [#]  = 1
2026-02-04T16:21:33.214164Z INFO  utilrsw.logger   Stats for B/calculated/MAGE:
2026-02-04T16:21:33.216168Z INFO  utilrsw.logger 
    std: [267.07924562 286.09894657 403.05756555 192.71018515]
    ave: [ 25.54700394  39.78337317 315.98085707 343.92162101]
    min: [ -755.65674356  -763.23329908 -1246.00902253     2.7224875 ]
    max: [ 616.28132295 1592.00063772 2352.73183527 1608.47268091]
    n: 2341
    n_valid: [1980 1980 1980 1980]
    dt_original: [60000000000]

2026-02-04T16:21:33.244163Z INFO  utilrsw.logger   Uniq dts [ns] = [60000000000]
2026-02-04T16:21:33.244163Z INFO  utilrsw.logger   Uniq dts [#]  = 1
2026-02-04T16:21:33.246164Z INFO  utilrsw.logger   Stats for B/calculated/OpenGGCM:
2026-02-04T16:21:33.247165Z INFO  utilrsw.logger 
    std: [ 63.11155147 328.841077   191.30132868 248.44616005]
    ave: [-64.64277491  99.70939884  47.30400957 253.99740152]
    min: [-258.9244336  -661.52446704 -719.53087418    6.9984195 ]
    max: [ 195.58707378 1324.66124581  541.65317492 1336.18558454]
    n: 2341
    n_valid: [2341 2341 2341 2341]
    dt_original: [60000000000]

2026-02-04T16:21:33.250166Z WARN  utilrsw.logger   Multiplying measured data by -1 before computing pe.
2026-02-04T16:21:33.252165Z WARN  utilrsw.logger   Multiplying measured data by -1 before computing pe.
2026-02-04T16:21:33.255163Z INFO  utilrsw.logger   Metrics for B/calculated/SWMF:
2026-02-04T16:21:33.260163Z INFO  utilrsw.logger 
    err_rms: [235.66576687  86.69797292 105.40813781 158.1086297 ]
    err_ave: [-180.93365793  -31.45630784   33.98889267  129.2941455 ]
    err: [[-30.43184529  12.55340392 -18.01264583  20.58053818]
 [-30.26442181   9.98697081 -16.80498851  17.94871947]
 [-29.93472594   8.80280863 -14.80591989  15.64108961]
 ...
 [-90.99236941 -16.38664065   6.49313064  85.93215059]
 [-90.91572277 -16.75568277   6.63653339  85.7553842 ]
 [-90.93050442 -17.05296651   6.8979605   85.49317249]]
    cc: [-0.14751589 -0.12775796  0.32062138  0.48570181]
    pe: [-0.7095178  -0.27904823 -0.00806113 -1.31202577]
    valid: [[ True  True  True  True]
 [ True  True  True  True]
 [ True  True  True  True]
 ...
 [ True  True  True  True]
 [ True  True  True  True]
 [ True  True  True  True]]
    n_valid: [2339 2339 2339 2339]

2026-02-04T16:21:33.262164Z WARN  utilrsw.logger   Multiplying measured data by -1 before computing pe.
2026-02-04T16:21:33.265165Z INFO  utilrsw.logger   Metrics for B/calculated/MAGE:
2026-02-04T16:21:33.268164Z INFO  utilrsw.logger 
    err_rms: [356.40807435 282.0644873  468.23253356 211.95018709]
    err_ave: [-183.96573542  -73.44811559 -288.57646398 -143.56067504]
    err: [[ -23.16360733   79.40465508  160.26149524  -26.48183542]
 [ -22.40670353   76.82935762  159.36632253  -28.20337956]
 [ -24.82966879   77.02850084  159.2400278   -31.74810246]
 ...
 [ -18.5524299    96.8121049  -168.54855873  -11.16093108]
 [ -18.0163134    95.482141   -171.99258342   -9.09918947]
 [  -6.5621974    81.34917417 -170.09379329   -7.8842164 ]]
    cc: [-0.03454179  0.31358271  0.42989639  0.59087356]
    pe: [ -4.48036197 -14.92220743 -15.92033762  -3.32119273]
    valid: [[ True  True  True  True]
 [ True  True  True  True]
 [ True  True  True  True]
 ...
 [False False False False]
 [False False False False]
 [False False False False]]
    n_valid: [1980 1980 1980 1980]

2026-02-04T16:21:33.271165Z WARN  utilrsw.logger   Multiplying measured data by -1 before computing pe.
2026-02-04T16:21:33.273167Z WARN  utilrsw.logger   Multiplying measured data by -1 before computing pe.
2026-02-04T16:21:33.275164Z INFO  utilrsw.logger   Metrics for B/calculated/OpenGGCM:
2026-02-04T16:21:33.281162Z INFO  utilrsw.logger 
    err_rms: [157.62542304 385.4380497  273.71470656 248.63162761]
    err_ave: [ -79.66083608 -127.6172865   -21.34228453  -72.44384828]
    err: [[  22.2436216   159.02190588 -156.10180945 -113.49500034]
 [  22.36560156  160.4521794  -159.11117969 -118.85152738]
 [  24.03834084  158.85239394 -160.25558531 -120.64528865]
 ...
 [  -2.75847476   47.28254784  -98.7353709   -16.53995109]
 [  -2.00384357   56.88425664 -100.34839998  -23.24088556]
 [  -0.93814286   65.5960208  -100.64415797  -29.9608105 ]]
    cc: [ 0.18188292 -0.43891613 -0.66763106  0.30903777]
    pe: [ -0.41498733 -20.43285717  -1.37118477  -4.71910332]
    valid: [[ True  True  True  True]
 [ True  True  True  True]
 [ True  True  True  True]
 ...
 [ True  True  True  True]
 [ True  True  True  True]
 [ True  True  True  True]]
    n_valid: [2341 2341 2341 2341]

2026-02-04T16:21:33.302710Z INFO  utilrsw.logger Plotting '50132' data
2026-02-04T16:21:33.305719Z INFO  utilrsw.logger   Plotting '50132/B/calculated/MAGE/raw' data
2026-02-04T16:36:11.886789Z INFO  utilrsw.logger     Writing C:\Users\lwilker\Documents\GitHub\SWERVE-2024-05-10\data_processed/sites/50132/figures\raw\B_calculated_MAGE.png
2026-02-04T16:36:12.451131Z INFO  utilrsw.logger     Writing C:\Users\lwilker\Documents\GitHub\SWERVE-2024-05-10\data_processed/sites/50132/figures\raw\B_calculated_MAGE.pdf
2026-02-04T16:36:12.456032Z INFO  utilrsw.logger   Plotting '50132/B/calculated/MAGE/raw' to compare dBn with dBt and dBp
2026-02-04T16:36:13.373555Z INFO  utilrsw.logger     Writing C:\Users\lwilker\Documents\GitHub\SWERVE-2024-05-10\data_processed/sites/50132/figures\raw\B_calculated_MAGE_compare_dBn_dBt_dBp.png
2026-02-04T16:36:14.239710Z INFO  utilrsw.logger     Writing C:\Users\lwilker\Documents\GitHub\SWERVE-2024-05-10\data_processed/sites/50132/figures\raw\B_calculated_MAGE_compare_dBn_dBt_dBp.pdf
2026-02-04T16:36:14.653602Z INFO  utilrsw.logger   Plotting all '50132/B' calculated vs. measured data as timeseries
2026-02-04T16:36:20.226433Z INFO  utilrsw.logger     Writing C:\Users\lwilker\Documents\GitHub\SWERVE-2024-05-10\data_processed/sites/50132/figures\compare\B_N_calculated_all_vs_measured_timeseries.png
2026-02-04T16:36:21.900733Z INFO  utilrsw.logger     Writing C:\Users\lwilker\Documents\GitHub\SWERVE-2024-05-10\data_processed/sites/50132/figures\compare\B_N_calculated_all_vs_measured_timeseries.pdf
2026-02-04T16:36:22.709311Z INFO  utilrsw.logger     Writing C:\Users\lwilker\Documents\GitHub\SWERVE-2024-05-10\data_processed/sites/50132/figures\compare\B_E_calculated_all_vs_measured_timeseries.png
2026-02-04T16:36:24.312475Z INFO  utilrsw.logger     Writing C:\Users\lwilker\Documents\GitHub\SWERVE-2024-05-10\data_processed/sites/50132/figures\compare\B_E_calculated_all_vs_measured_timeseries.pdf
2026-02-04T16:36:25.079298Z INFO  utilrsw.logger     Writing C:\Users\lwilker\Documents\GitHub\SWERVE-2024-05-10\data_processed/sites/50132/figures\compare\B_v_calculated_all_vs_measured_timeseries.png
2026-02-04T16:36:26.673821Z INFO  utilrsw.logger     Writing C:\Users\lwilker\Documents\GitHub\SWERVE-2024-05-10\data_processed/sites/50132/figures\compare\B_v_calculated_all_vs_measured_timeseries.pdf
2026-02-04T16:36:27.468832Z INFO  utilrsw.logger     Writing C:\Users\lwilker\Documents\GitHub\SWERVE-2024-05-10\data_processed/sites/50132/figures\compare\B_H_calculated_all_vs_measured_timeseries.png
2026-02-04T16:36:29.103385Z INFO  utilrsw.logger     Writing C:\Users\lwilker\Documents\GitHub\SWERVE-2024-05-10\data_processed/sites/50132/figures\compare\B_H_calculated_all_vs_measured_timeseries.pdf
2026-02-04T16:36:29.728614Z INFO  utilrsw.logger   Plotting all '50132/B' calculated vs. measured data as timeseries
2026-02-04T16:36:36.859694Z INFO  utilrsw.logger     Writing C:\Users\lwilker\Documents\GitHub\SWERVE-2024-05-10\data_processed/sites/50132/figures\compare\B_N_calculated_all_vs_measured_timeseries.png
2026-02-04T16:36:38.514130Z INFO  utilrsw.logger     Writing C:\Users\lwilker\Documents\GitHub\SWERVE-2024-05-10\data_processed/sites/50132/figures\compare\B_N_calculated_all_vs_measured_timeseries.pdf
2026-02-04T16:36:39.428680Z INFO  utilrsw.logger     Writing C:\Users\lwilker\Documents\GitHub\SWERVE-2024-05-10\data_processed/sites/50132/figures\compare\B_E_calculated_all_vs_measured_timeseries.png
2026-02-04T16:36:40.993812Z INFO  utilrsw.logger     Writing C:\Users\lwilker\Documents\GitHub\SWERVE-2024-05-10\data_processed/sites/50132/figures\compare\B_E_calculated_all_vs_measured_timeseries.pdf
2026-02-04T16:36:41.794524Z INFO  utilrsw.logger     Writing C:\Users\lwilker\Documents\GitHub\SWERVE-2024-05-10\data_processed/sites/50132/figures\compare\B_v_calculated_all_vs_measured_timeseries.png
2026-02-04T16:36:43.394566Z INFO  utilrsw.logger     Writing C:\Users\lwilker\Documents\GitHub\SWERVE-2024-05-10\data_processed/sites/50132/figures\compare\B_v_calculated_all_vs_measured_timeseries.pdf
2026-02-04T16:36:44.243008Z INFO  utilrsw.logger     Writing C:\Users\lwilker\Documents\GitHub\SWERVE-2024-05-10\data_processed/sites/50132/figures\compare\B_H_calculated_all_vs_measured_timeseries.png
2026-02-04T16:36:45.962793Z INFO  utilrsw.logger     Writing C:\Users\lwilker\Documents\GitHub\SWERVE-2024-05-10\data_processed/sites/50132/figures\compare\B_H_calculated_all_vs_measured_timeseries.pdf
2026-02-04T16:36:46.588686Z INFO  utilrsw.logger   Plotting '50132/B/SWMF' vs. measured data as timeseries
2026-02-04T16:36:52.554928Z INFO  utilrsw.logger     Writing C:\Users\lwilker\Documents\GitHub\SWERVE-2024-05-10\data_processed/sites/50132/figures\compare\B_N_calculated_SWMF_vs_measured_timeseries.png
2026-02-04T16:36:53.985906Z INFO  utilrsw.logger     Writing C:\Users\lwilker\Documents\GitHub\SWERVE-2024-05-10\data_processed/sites/50132/figures\compare\B_N_calculated_SWMF_vs_measured_timeseries.pdf
2026-02-04T16:36:54.702761Z INFO  utilrsw.logger     Writing C:\Users\lwilker\Documents\GitHub\SWERVE-2024-05-10\data_processed/sites/50132/figures\compare\B_E_calculated_SWMF_vs_measured_timeseries.png
2026-02-04T16:36:56.177532Z INFO  utilrsw.logger     Writing C:\Users\lwilker\Documents\GitHub\SWERVE-2024-05-10\data_processed/sites/50132/figures\compare\B_E_calculated_SWMF_vs_measured_timeseries.pdf
2026-02-04T16:36:56.882025Z INFO  utilrsw.logger     Writing C:\Users\lwilker\Documents\GitHub\SWERVE-2024-05-10\data_processed/sites/50132/figures\compare\B_v_calculated_SWMF_vs_measured_timeseries.png
2026-02-04T16:36:58.336831Z INFO  utilrsw.logger     Writing C:\Users\lwilker\Documents\GitHub\SWERVE-2024-05-10\data_processed/sites/50132/figures\compare\B_v_calculated_SWMF_vs_measured_timeseries.pdf
2026-02-04T16:36:59.052630Z INFO  utilrsw.logger     Writing C:\Users\lwilker\Documents\GitHub\SWERVE-2024-05-10\data_processed/sites/50132/figures\compare\B_H_calculated_SWMF_vs_measured_timeseries.png
2026-02-04T16:37:00.631396Z INFO  utilrsw.logger     Writing C:\Users\lwilker\Documents\GitHub\SWERVE-2024-05-10\data_processed/sites/50132/figures\compare\B_H_calculated_SWMF_vs_measured_timeseries.pdf
2026-02-04T16:37:01.190282Z INFO  utilrsw.logger   Plotting '50132/B/MAGE' vs. measured data as timeseries
2026-02-04T16:37:07.129409Z INFO  utilrsw.logger     Writing C:\Users\lwilker\Documents\GitHub\SWERVE-2024-05-10\data_processed/sites/50132/figures\compare\B_N_calculated_MAGE_vs_measured_timeseries.png
2026-02-04T16:37:08.685459Z INFO  utilrsw.logger     Writing C:\Users\lwilker\Documents\GitHub\SWERVE-2024-05-10\data_processed/sites/50132/figures\compare\B_N_calculated_MAGE_vs_measured_timeseries.pdf
2026-02-04T16:37:09.397899Z INFO  utilrsw.logger     Writing C:\Users\lwilker\Documents\GitHub\SWERVE-2024-05-10\data_processed/sites/50132/figures\compare\B_E_calculated_MAGE_vs_measured_timeseries.png
2026-02-04T16:37:10.924584Z INFO  utilrsw.logger     Writing C:\Users\lwilker\Documents\GitHub\SWERVE-2024-05-10\data_processed/sites/50132/figures\compare\B_E_calculated_MAGE_vs_measured_timeseries.pdf
2026-02-04T16:37:11.629624Z INFO  utilrsw.logger     Writing C:\Users\lwilker\Documents\GitHub\SWERVE-2024-05-10\data_processed/sites/50132/figures\compare\B_v_calculated_MAGE_vs_measured_timeseries.png
2026-02-04T16:37:13.178352Z INFO  utilrsw.logger     Writing C:\Users\lwilker\Documents\GitHub\SWERVE-2024-05-10\data_processed/sites/50132/figures\compare\B_v_calculated_MAGE_vs_measured_timeseries.pdf
2026-02-04T16:37:13.915650Z INFO  utilrsw.logger     Writing C:\Users\lwilker\Documents\GitHub\SWERVE-2024-05-10\data_processed/sites/50132/figures\compare\B_H_calculated_MAGE_vs_measured_timeseries.png
2026-02-04T16:37:15.518395Z INFO  utilrsw.logger     Writing C:\Users\lwilker\Documents\GitHub\SWERVE-2024-05-10\data_processed/sites/50132/figures\compare\B_H_calculated_MAGE_vs_measured_timeseries.pdf
2026-02-04T16:37:16.079030Z INFO  utilrsw.logger   Plotting '50132/B/OpenGGCM' vs. measured data as timeseries
2026-02-04T16:37:21.949630Z INFO  utilrsw.logger     Writing C:\Users\lwilker\Documents\GitHub\SWERVE-2024-05-10\data_processed/sites/50132/figures\compare\B_N_calculated_OpenGGCM_vs_measured_timeseries.png
2026-02-04T16:37:23.461975Z INFO  utilrsw.logger     Writing C:\Users\lwilker\Documents\GitHub\SWERVE-2024-05-10\data_processed/sites/50132/figures\compare\B_N_calculated_OpenGGCM_vs_measured_timeseries.pdf
2026-02-04T16:37:24.295099Z INFO  utilrsw.logger     Writing C:\Users\lwilker\Documents\GitHub\SWERVE-2024-05-10\data_processed/sites/50132/figures\compare\B_E_calculated_OpenGGCM_vs_measured_timeseries.png
2026-02-04T16:37:25.904299Z INFO  utilrsw.logger     Writing C:\Users\lwilker\Documents\GitHub\SWERVE-2024-05-10\data_processed/sites/50132/figures\compare\B_E_calculated_OpenGGCM_vs_measured_timeseries.pdf
2026-02-04T16:37:26.665046Z INFO  utilrsw.logger     Writing C:\Users\lwilker\Documents\GitHub\SWERVE-2024-05-10\data_processed/sites/50132/figures\compare\B_v_calculated_OpenGGCM_vs_measured_timeseries.png
2026-02-04T16:37:28.222624Z INFO  utilrsw.logger     Writing C:\Users\lwilker\Documents\GitHub\SWERVE-2024-05-10\data_processed/sites/50132/figures\compare\B_v_calculated_OpenGGCM_vs_measured_timeseries.pdf
2026-02-04T16:37:28.978301Z INFO  utilrsw.logger     Writing C:\Users\lwilker\Documents\GitHub\SWERVE-2024-05-10\data_processed/sites/50132/figures\compare\B_H_calculated_OpenGGCM_vs_measured_timeseries.png
2026-02-04T16:37:30.642668Z INFO  utilrsw.logger     Writing C:\Users\lwilker\Documents\GitHub\SWERVE-2024-05-10\data_processed/sites/50132/figures\compare\B_H_calculated_OpenGGCM_vs_measured_timeseries.pdf
2026-02-04T16:37:31.190876Z INFO  utilrsw.logger   Plotting all '50132/B' calculated vs. measured data as scatter
2026-02-04T16:37:34.842411Z INFO  utilrsw.logger     Writing C:\Users\lwilker\Documents\GitHub\SWERVE-2024-05-10\data_processed/sites/50132/figures\compare\B_N_calculated_all_vs_measured_scatter.png
2026-02-04T16:37:36.601471Z INFO  utilrsw.logger     Writing C:\Users\lwilker\Documents\GitHub\SWERVE-2024-05-10\data_processed/sites/50132/figures\compare\B_N_calculated_all_vs_measured_scatter.pdf
2026-02-04T16:37:38.219286Z INFO  utilrsw.logger     Writing C:\Users\lwilker\Documents\GitHub\SWERVE-2024-05-10\data_processed/sites/50132/figures\compare\B_E_calculated_all_vs_measured_scatter.png
2026-02-04T16:37:39.840516Z INFO  utilrsw.logger     Writing C:\Users\lwilker\Documents\GitHub\SWERVE-2024-05-10\data_processed/sites/50132/figures\compare\B_E_calculated_all_vs_measured_scatter.pdf
2026-02-04T16:37:41.047445Z INFO  utilrsw.logger     Writing C:\Users\lwilker\Documents\GitHub\SWERVE-2024-05-10\data_processed/sites/50132/figures\compare\B_v_calculated_all_vs_measured_scatter.png
2026-02-04T16:37:42.717574Z INFO  utilrsw.logger     Writing C:\Users\lwilker\Documents\GitHub\SWERVE-2024-05-10\data_processed/sites/50132/figures\compare\B_v_calculated_all_vs_measured_scatter.pdf
2026-02-04T16:37:43.926850Z INFO  utilrsw.logger     Writing C:\Users\lwilker\Documents\GitHub\SWERVE-2024-05-10\data_processed/sites/50132/figures\compare\B_H_calculated_all_vs_measured_scatter.png
2026-02-04T16:37:45.773438Z INFO  utilrsw.logger     Writing C:\Users\lwilker\Documents\GitHub\SWERVE-2024-05-10\data_processed/sites/50132/figures\compare\B_H_calculated_all_vs_measured_scatter.pdf
2026-02-04T16:37:46.784820Z INFO  utilrsw.logger   Plotting all '50132/B' calculated vs. measured data as scatter
2026-02-04T16:37:50.831184Z INFO  utilrsw.logger     Writing C:\Users\lwilker\Documents\GitHub\SWERVE-2024-05-10\data_processed/sites/50132/figures\compare\B_N_calculated_all_vs_measured_scatter.png
2026-02-04T16:37:52.507189Z INFO  utilrsw.logger     Writing C:\Users\lwilker\Documents\GitHub\SWERVE-2024-05-10\data_processed/sites/50132/figures\compare\B_N_calculated_all_vs_measured_scatter.pdf
2026-02-04T16:37:53.718132Z INFO  utilrsw.logger     Writing C:\Users\lwilker\Documents\GitHub\SWERVE-2024-05-10\data_processed/sites/50132/figures\compare\B_E_calculated_all_vs_measured_scatter.png
2026-02-04T16:37:55.279616Z INFO  utilrsw.logger     Writing C:\Users\lwilker\Documents\GitHub\SWERVE-2024-05-10\data_processed/sites/50132/figures\compare\B_E_calculated_all_vs_measured_scatter.pdf
2026-02-04T16:37:56.449814Z INFO  utilrsw.logger     Writing C:\Users\lwilker\Documents\GitHub\SWERVE-2024-05-10\data_processed/sites/50132/figures\compare\B_v_calculated_all_vs_measured_scatter.png
2026-02-04T16:37:58.186505Z INFO  utilrsw.logger     Writing C:\Users\lwilker\Documents\GitHub\SWERVE-2024-05-10\data_processed/sites/50132/figures\compare\B_v_calculated_all_vs_measured_scatter.pdf
2026-02-04T16:37:59.443779Z INFO  utilrsw.logger     Writing C:\Users\lwilker\Documents\GitHub\SWERVE-2024-05-10\data_processed/sites/50132/figures\compare\B_H_calculated_all_vs_measured_scatter.png
2026-02-04T16:38:01.296625Z INFO  utilrsw.logger     Writing C:\Users\lwilker\Documents\GitHub\SWERVE-2024-05-10\data_processed/sites/50132/figures\compare\B_H_calculated_all_vs_measured_scatter.pdf
2026-02-04T16:38:02.315816Z INFO  utilrsw.logger   Plotting '50132/B/SWMF' vs. measured data as scatter
2026-02-04T16:38:06.304199Z INFO  utilrsw.logger     Writing C:\Users\lwilker\Documents\GitHub\SWERVE-2024-05-10\data_processed/sites/50132/figures\compare\B_N_calculated_SWMF_vs_measured_scatter.png
2026-02-04T16:38:07.716401Z INFO  utilrsw.logger     Writing C:\Users\lwilker\Documents\GitHub\SWERVE-2024-05-10\data_processed/sites/50132/figures\compare\B_N_calculated_SWMF_vs_measured_scatter.pdf
2026-02-04T16:38:08.595078Z INFO  utilrsw.logger     Writing C:\Users\lwilker\Documents\GitHub\SWERVE-2024-05-10\data_processed/sites/50132/figures\compare\B_E_calculated_SWMF_vs_measured_scatter.png
2026-02-04T16:38:10.041465Z INFO  utilrsw.logger     Writing C:\Users\lwilker\Documents\GitHub\SWERVE-2024-05-10\data_processed/sites/50132/figures\compare\B_E_calculated_SWMF_vs_measured_scatter.pdf
2026-02-04T16:38:10.952271Z INFO  utilrsw.logger     Writing C:\Users\lwilker\Documents\GitHub\SWERVE-2024-05-10\data_processed/sites/50132/figures\compare\B_v_calculated_SWMF_vs_measured_scatter.png
2026-02-04T16:38:12.427788Z INFO  utilrsw.logger     Writing C:\Users\lwilker\Documents\GitHub\SWERVE-2024-05-10\data_processed/sites/50132/figures\compare\B_v_calculated_SWMF_vs_measured_scatter.pdf
2026-02-04T16:38:13.225815Z INFO  utilrsw.logger     Writing C:\Users\lwilker\Documents\GitHub\SWERVE-2024-05-10\data_processed/sites/50132/figures\compare\B_H_calculated_SWMF_vs_measured_scatter.png
2026-02-04T16:38:14.731856Z INFO  utilrsw.logger     Writing C:\Users\lwilker\Documents\GitHub\SWERVE-2024-05-10\data_processed/sites/50132/figures\compare\B_H_calculated_SWMF_vs_measured_scatter.pdf
2026-02-04T16:38:15.376006Z INFO  utilrsw.logger   Plotting '50132/B/MAGE' vs. measured data as scatter
2026-02-04T16:38:19.218354Z INFO  utilrsw.logger     Writing C:\Users\lwilker\Documents\GitHub\SWERVE-2024-05-10\data_processed/sites/50132/figures\compare\B_N_calculated_MAGE_vs_measured_scatter.png
2026-02-04T16:38:20.841243Z INFO  utilrsw.logger     Writing C:\Users\lwilker\Documents\GitHub\SWERVE-2024-05-10\data_processed/sites/50132/figures\compare\B_N_calculated_MAGE_vs_measured_scatter.pdf
2026-02-04T16:38:21.702619Z INFO  utilrsw.logger     Writing C:\Users\lwilker\Documents\GitHub\SWERVE-2024-05-10\data_processed/sites/50132/figures\compare\B_E_calculated_MAGE_vs_measured_scatter.png
2026-02-04T16:38:23.162373Z INFO  utilrsw.logger     Writing C:\Users\lwilker\Documents\GitHub\SWERVE-2024-05-10\data_processed/sites/50132/figures\compare\B_E_calculated_MAGE_vs_measured_scatter.pdf
2026-02-04T16:38:24.000036Z INFO  utilrsw.logger     Writing C:\Users\lwilker\Documents\GitHub\SWERVE-2024-05-10\data_processed/sites/50132/figures\compare\B_v_calculated_MAGE_vs_measured_scatter.png
2026-02-04T16:38:25.712608Z INFO  utilrsw.logger     Writing C:\Users\lwilker\Documents\GitHub\SWERVE-2024-05-10\data_processed/sites/50132/figures\compare\B_v_calculated_MAGE_vs_measured_scatter.pdf
2026-02-04T16:38:26.640288Z INFO  utilrsw.logger     Writing C:\Users\lwilker\Documents\GitHub\SWERVE-2024-05-10\data_processed/sites/50132/figures\compare\B_H_calculated_MAGE_vs_measured_scatter.png
2026-02-04T16:38:28.255611Z INFO  utilrsw.logger     Writing C:\Users\lwilker\Documents\GitHub\SWERVE-2024-05-10\data_processed/sites/50132/figures\compare\B_H_calculated_MAGE_vs_measured_scatter.pdf
2026-02-04T16:38:28.936548Z INFO  utilrsw.logger   Plotting '50132/B/OpenGGCM' vs. measured data as scatter
2026-02-04T16:38:32.451069Z INFO  utilrsw.logger     Writing C:\Users\lwilker\Documents\GitHub\SWERVE-2024-05-10\data_processed/sites/50132/figures\compare\B_N_calculated_OpenGGCM_vs_measured_scatter.png
2026-02-04T16:38:34.222000Z INFO  utilrsw.logger     Writing C:\Users\lwilker\Documents\GitHub\SWERVE-2024-05-10\data_processed/sites/50132/figures\compare\B_N_calculated_OpenGGCM_vs_measured_scatter.pdf
2026-02-04T16:38:35.059282Z INFO  utilrsw.logger     Writing C:\Users\lwilker\Documents\GitHub\SWERVE-2024-05-10\data_processed/sites/50132/figures\compare\B_E_calculated_OpenGGCM_vs_measured_scatter.png
2026-02-04T16:38:36.586966Z INFO  utilrsw.logger     Writing C:\Users\lwilker\Documents\GitHub\SWERVE-2024-05-10\data_processed/sites/50132/figures\compare\B_E_calculated_OpenGGCM_vs_measured_scatter.pdf
2026-02-04T16:38:37.564608Z INFO  utilrsw.logger     Writing C:\Users\lwilker\Documents\GitHub\SWERVE-2024-05-10\data_processed/sites/50132/figures\compare\B_v_calculated_OpenGGCM_vs_measured_scatter.png
2026-02-04T16:38:39.174172Z INFO  utilrsw.logger     Writing C:\Users\lwilker\Documents\GitHub\SWERVE-2024-05-10\data_processed/sites/50132/figures\compare\B_v_calculated_OpenGGCM_vs_measured_scatter.pdf
2026-02-04T16:38:40.098992Z INFO  utilrsw.logger     Writing C:\Users\lwilker\Documents\GitHub\SWERVE-2024-05-10\data_processed/sites/50132/figures\compare\B_H_calculated_OpenGGCM_vs_measured_scatter.png
2026-02-04T16:38:41.787169Z INFO  utilrsw.logger     Writing C:\Users\lwilker\Documents\GitHub\SWERVE-2024-05-10\data_processed/sites/50132/figures\compare\B_H_calculated_OpenGGCM_vs_measured_scatter.pdf
2026-02-04T16:38:42.573111Z INFO  utilrsw.logger   Plotting '50132/B/measured/NERC' original vs. modified data
2026-02-04T16:38:48.364530Z INFO  utilrsw.logger     Writing C:\Users\lwilker\Documents\GitHub\SWERVE-2024-05-10\data_processed/sites/50132/figures\original\B_measured_NERC.png
2026-02-04T16:38:49.778021Z INFO  utilrsw.logger     Writing C:\Users\lwilker\Documents\GitHub\SWERVE-2024-05-10\data_processed/sites/50132/figures\original\B_measured_NERC.pdf
2026-02-04T16:38:50.657489Z INFO  utilrsw.logger     Writing C:\Users\lwilker\Documents\GitHub\SWERVE-2024-05-10\data_processed/sites/50132/figures\original\B_measured_NERC.png
2026-02-04T16:38:52.326849Z INFO  utilrsw.logger     Writing C:\Users\lwilker\Documents\GitHub\SWERVE-2024-05-10\data_processed/sites/50132/figures\original\B_measured_NERC.pdf
2026-02-04T16:38:53.370741Z INFO  utilrsw.logger     Writing C:\Users\lwilker\Documents\GitHub\SWERVE-2024-05-10\data_processed/sites/50132/figures\original\B_measured_NERC.png
2026-02-04T16:38:54.697969Z INFO  utilrsw.logger     Writing C:\Users\lwilker\Documents\GitHub\SWERVE-2024-05-10\data_processed/sites/50132/figures\original\B_measured_NERC.pdf
2026-02-04T16:38:55.346339Z INFO  utilrsw.logger   Plotting '50132/B/calculated/SWMF' original vs. modified data
2026-02-04T16:39:00.622120Z INFO  utilrsw.logger     Writing C:\Users\lwilker\Documents\GitHub\SWERVE-2024-05-10\data_processed/sites/50132/figures\original\B_calculated_SWMF.png
2026-02-04T16:39:02.351897Z INFO  utilrsw.logger     Writing C:\Users\lwilker\Documents\GitHub\SWERVE-2024-05-10\data_processed/sites/50132/figures\original\B_calculated_SWMF.pdf
2026-02-04T16:39:03.291239Z INFO  utilrsw.logger     Writing C:\Users\lwilker\Documents\GitHub\SWERVE-2024-05-10\data_processed/sites/50132/figures\original\B_calculated_SWMF.png
2026-02-04T16:39:05.104861Z INFO  utilrsw.logger     Writing C:\Users\lwilker\Documents\GitHub\SWERVE-2024-05-10\data_processed/sites/50132/figures\original\B_calculated_SWMF.pdf
2026-02-04T16:39:06.356844Z INFO  utilrsw.logger     Writing C:\Users\lwilker\Documents\GitHub\SWERVE-2024-05-10\data_processed/sites/50132/figures\original\B_calculated_SWMF.png
2026-02-04T16:39:08.189789Z INFO  utilrsw.logger     Writing C:\Users\lwilker\Documents\GitHub\SWERVE-2024-05-10\data_processed/sites/50132/figures\original\B_calculated_SWMF.pdf
2026-02-04T16:39:08.829039Z INFO  utilrsw.logger   Plotting '50132/B/calculated/MAGE' original vs. modified data
2026-02-04T16:39:14.425855Z INFO  utilrsw.logger     Writing C:\Users\lwilker\Documents\GitHub\SWERVE-2024-05-10\data_processed/sites/50132/figures\original\B_calculated_MAGE.png
2026-02-04T16:39:40.772229Z INFO  utilrsw.logger     Writing C:\Users\lwilker\Documents\GitHub\SWERVE-2024-05-10\data_processed/sites/50132/figures\original\B_calculated_MAGE.pdf
2026-02-04T16:39:41.812201Z INFO  utilrsw.logger     Writing C:\Users\lwilker\Documents\GitHub\SWERVE-2024-05-10\data_processed/sites/50132/figures\original\B_calculated_MAGE.png
2026-02-04T16:39:42.765994Z INFO  utilrsw.logger     Writing C:\Users\lwilker\Documents\GitHub\SWERVE-2024-05-10\data_processed/sites/50132/figures\original\B_calculated_MAGE.pdf
2026-02-04T16:39:43.143901Z INFO  utilrsw.logger     Writing C:\Users\lwilker\Documents\GitHub\SWERVE-2024-05-10\data_processed/sites/50132/figures\original\B_calculated_MAGE.png
2026-02-04T16:39:43.861037Z INFO  utilrsw.logger     Writing C:\Users\lwilker\Documents\GitHub\SWERVE-2024-05-10\data_processed/sites/50132/figures\original\B_calculated_MAGE.pdf
2026-02-04T16:39:44.083640Z INFO  utilrsw.logger   Plotting '50132/B/calculated/OpenGGCM' original vs. modified data
2026-02-04T16:39:46.199340Z INFO  utilrsw.logger     Writing C:\Users\lwilker\Documents\GitHub\SWERVE-2024-05-10\data_processed/sites/50132/figures\original\B_calculated_OpenGGCM.png
2026-02-04T16:39:47.885609Z INFO  utilrsw.logger     Writing C:\Users\lwilker\Documents\GitHub\SWERVE-2024-05-10\data_processed/sites/50132/figures\original\B_calculated_OpenGGCM.pdf
2026-02-04T16:39:48.633349Z INFO  utilrsw.logger     Writing C:\Users\lwilker\Documents\GitHub\SWERVE-2024-05-10\data_processed/sites/50132/figures\original\B_calculated_OpenGGCM.png
2026-02-04T16:39:50.546664Z INFO  utilrsw.logger     Writing C:\Users\lwilker\Documents\GitHub\SWERVE-2024-05-10\data_processed/sites/50132/figures\original\B_calculated_OpenGGCM.pdf
2026-02-04T16:39:51.727410Z INFO  utilrsw.logger     Writing C:\Users\lwilker\Documents\GitHub\SWERVE-2024-05-10\data_processed/sites/50132/figures\original\B_calculated_OpenGGCM.png
2026-02-04T16:39:53.451689Z INFO  utilrsw.logger     Writing C:\Users\lwilker\Documents\GitHub\SWERVE-2024-05-10\data_processed/sites/50132/figures\original\B_calculated_OpenGGCM.pdf
2026-02-04T16:39:53.979542Z INFO  utilrsw.logger Reading '50103' data
2026-02-04T16:39:53.982161Z INFO  utilrsw.logger   Reading cached file with all data for site '50103': C:\Users\lwilker\Documents\GitHub\SWERVE-2024-05-10\data_processed\sites\50103\data\_all.pkl
2026-02-04T16:39:54.409584Z INFO  utilrsw.logger Computing stats for '50103' data
2026-02-04T16:39:55.413456Z INFO  utilrsw.logger   Uniq dts [ns] = [1000000000]
2026-02-04T16:39:55.417484Z INFO  utilrsw.logger   Uniq dts [#]  = 1
2026-02-04T16:39:55.417484Z INFO  utilrsw.logger   Stats for B/measured/NERC:
2026-02-04T16:39:55.421602Z INFO  utilrsw.logger 
    std: [99.45686172 65.35642876 61.05697788 86.25618409]
    ave: [-160.294566    -19.88446504   28.21630194  181.18226793]
    min: [-402.61533333 -245.5635     -215.59283333    4.64516737]
    max: [214.34       177.80733333 361.07783333 437.13626835]
    n: 2341
    n_valid: [2341 2341 2341 2341]
    dt_original: [1000000000]

2026-02-04T16:39:55.449814Z INFO  utilrsw.logger   Uniq dts [ns] = [60000000000]
2026-02-04T16:39:55.453266Z INFO  utilrsw.logger   Uniq dts [#]  = 1
2026-02-04T16:39:55.453266Z INFO  utilrsw.logger   Stats for B/calculated/SWMF:
2026-02-04T16:39:55.454284Z INFO  utilrsw.logger 
    std: [46.9598429  30.05900652 33.17434612 45.73525889]
    ave: [31.02476884  2.62991464 -4.30434898 44.57027647]
    min: [ -48.89732452  -54.00469856 -120.37533706    0.62530234]
    max: [173.41108754 149.9877292   89.67658728 226.78138521]
    n: 2341
    n_valid: [2339 2339 2339 2339]
    dt_original: [60000000000]

2026-02-04T16:39:55.467040Z INFO  utilrsw.logger   Uniq dts [ns] = [60000000000]
2026-02-04T16:39:55.467040Z INFO  utilrsw.logger   Uniq dts [#]  = 1
2026-02-04T16:39:55.469435Z INFO  utilrsw.logger   Stats for B/calculated/MAGE:
2026-02-04T16:39:55.470449Z INFO  utilrsw.logger 
    std: [142.94635862  75.74959557 180.13055488 133.69465241]
    ave: [246.48148986  80.10362985 398.54656621 274.71279356]
    min: [-142.74413415  -93.43350256  -79.366372     15.30583771]
    max: [579.88647506 294.41653602 813.53501866 623.87230754]
    n: 2341
    n_valid: [1980 1980 1980 1980]
    dt_original: [60000000000]

2026-02-04T16:39:55.497976Z INFO  utilrsw.logger   Uniq dts [ns] = [60000000000]
2026-02-04T16:39:55.500002Z INFO  utilrsw.logger   Uniq dts [#]  = 1
2026-02-04T16:39:55.500002Z INFO  utilrsw.logger   Stats for B/calculated/OpenGGCM:
2026-02-04T16:39:55.500002Z INFO  utilrsw.logger 
    std: [ 77.15825134 339.21749253 135.78718278 253.90058268]
    ave: [-68.66572318 101.10029244  58.0989198  267.38109091]
    min: [-304.08833988 -689.96928638 -579.94929822   10.66780591]
    max: [ 233.38196921 1584.85717838  593.13285873 1598.34238906]
    n: 2341
    n_valid: [2341 2341 2341 2341]
    dt_original: [60000000000]

2026-02-04T16:39:55.504135Z WARN  utilrsw.logger   Multiplying measured data by -1 before computing pe.
2026-02-04T16:39:55.504135Z WARN  utilrsw.logger   Multiplying measured data by -1 before computing pe.
2026-02-04T16:39:55.510708Z INFO  utilrsw.logger   Metrics for B/calculated/SWMF:
2026-02-04T16:39:55.514841Z INFO  utilrsw.logger 
    err_rms: [227.06193866  76.11262019  71.3860172  154.39077554]
    err_ave: [-191.30145339  -22.48736561   32.56490335  136.60471853]
    err: [[-16.40201718  54.53618037  -4.14971709  50.98864461]
 [-15.95050013  55.11746592  -4.54034802  51.03686566]
 [-15.94147992  53.62412984  -4.18709104  48.74694237]
 ...
 [-95.97853958  18.2798813   20.81972418  93.10240124]
 [-96.57491884  16.65890231  20.2071996   93.28309032]
 [-96.70797532  17.01651472  20.15605894  93.25531957]]
    cc: [-0.30564633 -0.02796876  0.19594874  0.55267535]
    pe: [-1.62181302 -0.25512689 -0.36663266 -2.20111639]
    valid: [[ True  True  True  True]
 [ True  True  True  True]
 [ True  True  True  True]
 ...
 [ True  True  True  True]
 [ True  True  True  True]
 [ True  True  True  True]]
    n_valid: [2339 2339 2339 2339]

2026-02-04T16:39:55.516584Z WARN  utilrsw.logger   Multiplying measured data by -1 before computing pe.
2026-02-04T16:39:55.516584Z WARN  utilrsw.logger   Multiplying measured data by -1 before computing pe.
2026-02-04T16:39:55.523363Z INFO  utilrsw.logger   Metrics for B/calculated/MAGE:
2026-02-04T16:39:55.527112Z INFO  utilrsw.logger 
    err_rms: [472.11444901 153.55857084 414.73633227 145.49937881]
    err_ave: [-420.16467101 -108.1988567  -372.19804668  -77.92015273]
    err: [[   8.68125484   58.86588436  -20.21795062   45.45322209]
 [  10.22276258   60.04434665  -19.99186548   45.59493348]
 [  11.68595132   58.77697465  -19.53706938   43.70319102]
 ...
 [-376.02492311  -60.53839759 -324.39559006 -167.51405189]
 [-379.61817185  -61.27451456 -324.81996278 -166.68978016]
 [-377.2082258   -61.87940366 -324.01312477 -167.49696718]]
    cc: [-0.53448102 -0.1634483   0.13849742  0.43813902]
    pe: [ -0.98197746  -1.51530742 -39.00637547  -1.98749832]
    valid: [[ True  True  True  True]
 [ True  True  True  True]
 [ True  True  True  True]
 ...
 [False False False False]
 [False False False False]
 [False False False False]]
    n_valid: [1980 1980 1980 1980]

2026-02-04T16:39:55.533258Z WARN  utilrsw.logger   Multiplying measured data by -1 before computing pe.
2026-02-04T16:39:55.533258Z WARN  utilrsw.logger   Multiplying measured data by -1 before computing pe.
2026-02-04T16:39:55.537313Z INFO  utilrsw.logger   Metrics for B/calculated/OpenGGCM:
2026-02-04T16:39:55.540112Z INFO  utilrsw.logger 
    err_rms: [135.8673364  390.22893654 175.90605765 262.54723773]
    err_ave: [ -91.62884282 -120.98475748  -29.88261786  -86.19882297]
    err: [[  48.11908721  203.48360837 -120.73278523  -90.26106081]
 [  50.08270855  201.5391481  -120.79493856  -87.58170193]
 [  52.22366745  196.75536975 -116.5969478   -86.25993479]
 ...
 [   4.51108748   79.80724564  -41.08194016  -20.34230213]
 [   5.69167916   90.66108134  -40.94172495  -28.48821912]
 [   8.11853969  103.27780898  -39.98404525  -37.81294668]]
    cc: [ 0.37666386 -0.41274933 -0.47546072  0.2375476 ]
    pe: [ -0.86621046 -24.19854317  -4.82962428  -8.26476534]
    valid: [[ True  True  True  True]
 [ True  True  True  True]
 [ True  True  True  True]
 ...
 [ True  True  True  True]
 [ True  True  True  True]
 [ True  True  True  True]]
    n_valid: [2341 2341 2341 2341]

2026-02-04T16:39:55.572907Z INFO  utilrsw.logger Plotting '50103' data
2026-02-04T16:39:55.577713Z INFO  utilrsw.logger   Plotting '50103/B/calculated/MAGE/raw' data
2026-02-04T16:40:00.412888Z INFO  utilrsw.logger     Writing C:\Users\lwilker\Documents\GitHub\SWERVE-2024-05-10\data_processed/sites/50103/figures\raw\B_calculated_MAGE.png
2026-02-04T16:40:01.229488Z INFO  utilrsw.logger     Writing C:\Users\lwilker\Documents\GitHub\SWERVE-2024-05-10\data_processed/sites/50103/figures\raw\B_calculated_MAGE.pdf
2026-02-04T16:40:01.239305Z INFO  utilrsw.logger   Plotting '50103/B/calculated/MAGE/raw' to compare dBn with dBt and dBp
2026-02-04T16:40:03.099451Z INFO  utilrsw.logger     Writing C:\Users\lwilker\Documents\GitHub\SWERVE-2024-05-10\data_processed/sites/50103/figures\raw\B_calculated_MAGE_compare_dBn_dBt_dBp.png
2026-02-04T16:40:05.388502Z INFO  utilrsw.logger     Writing C:\Users\lwilker\Documents\GitHub\SWERVE-2024-05-10\data_processed/sites/50103/figures\raw\B_calculated_MAGE_compare_dBn_dBt_dBp.pdf
2026-02-04T16:40:06.328323Z INFO  utilrsw.logger   Plotting all '50103/B' calculated vs. measured data as timeseries
2026-02-04T16:40:11.245943Z INFO  utilrsw.logger     Writing C:\Users\lwilker\Documents\GitHub\SWERVE-2024-05-10\data_processed/sites/50103/figures\compare\B_N_calculated_all_vs_measured_timeseries.png
2026-02-04T16:40:12.913383Z INFO  utilrsw.logger     Writing C:\Users\lwilker\Documents\GitHub\SWERVE-2024-05-10\data_processed/sites/50103/figures\compare\B_N_calculated_all_vs_measured_timeseries.pdf
2026-02-04T16:40:13.737057Z INFO  utilrsw.logger     Writing C:\Users\lwilker\Documents\GitHub\SWERVE-2024-05-10\data_processed/sites/50103/figures\compare\B_E_calculated_all_vs_measured_timeseries.png
2026-02-04T16:40:15.238634Z INFO  utilrsw.logger     Writing C:\Users\lwilker\Documents\GitHub\SWERVE-2024-05-10\data_processed/sites/50103/figures\compare\B_E_calculated_all_vs_measured_timeseries.pdf
2026-02-04T16:40:16.493273Z INFO  utilrsw.logger     Writing C:\Users\lwilker\Documents\GitHub\SWERVE-2024-05-10\data_processed/sites/50103/figures\compare\B_v_calculated_all_vs_measured_timeseries.png
2026-02-04T16:40:18.107736Z INFO  utilrsw.logger     Writing C:\Users\lwilker\Documents\GitHub\SWERVE-2024-05-10\data_processed/sites/50103/figures\compare\B_v_calculated_all_vs_measured_timeseries.pdf
2026-02-04T16:40:18.971615Z INFO  utilrsw.logger     Writing C:\Users\lwilker\Documents\GitHub\SWERVE-2024-05-10\data_processed/sites/50103/figures\compare\B_H_calculated_all_vs_measured_timeseries.png
2026-02-04T16:40:20.645243Z INFO  utilrsw.logger     Writing C:\Users\lwilker\Documents\GitHub\SWERVE-2024-05-10\data_processed/sites/50103/figures\compare\B_H_calculated_all_vs_measured_timeseries.pdf
2026-02-04T16:40:21.285183Z INFO  utilrsw.logger   Plotting all '50103/B' calculated vs. measured data as timeseries
2026-02-04T16:40:27.131609Z INFO  utilrsw.logger     Writing C:\Users\lwilker\Documents\GitHub\SWERVE-2024-05-10\data_processed/sites/50103/figures\compare\B_N_calculated_all_vs_measured_timeseries.png
2026-02-04T16:40:28.696488Z INFO  utilrsw.logger     Writing C:\Users\lwilker\Documents\GitHub\SWERVE-2024-05-10\data_processed/sites/50103/figures\compare\B_N_calculated_all_vs_measured_timeseries.pdf
2026-02-04T16:40:29.456571Z INFO  utilrsw.logger     Writing C:\Users\lwilker\Documents\GitHub\SWERVE-2024-05-10\data_processed/sites/50103/figures\compare\B_E_calculated_all_vs_measured_timeseries.png
2026-02-04T16:40:30.979246Z INFO  utilrsw.logger     Writing C:\Users\lwilker\Documents\GitHub\SWERVE-2024-05-10\data_processed/sites/50103/figures\compare\B_E_calculated_all_vs_measured_timeseries.pdf
2026-02-04T16:40:32.323941Z INFO  utilrsw.logger     Writing C:\Users\lwilker\Documents\GitHub\SWERVE-2024-05-10\data_processed/sites/50103/figures\compare\B_v_calculated_all_vs_measured_timeseries.png
2026-02-04T16:40:33.965006Z INFO  utilrsw.logger     Writing C:\Users\lwilker\Documents\GitHub\SWERVE-2024-05-10\data_processed/sites/50103/figures\compare\B_v_calculated_all_vs_measured_timeseries.pdf
2026-02-04T16:40:34.858176Z INFO  utilrsw.logger     Writing C:\Users\lwilker\Documents\GitHub\SWERVE-2024-05-10\data_processed/sites/50103/figures\compare\B_H_calculated_all_vs_measured_timeseries.png
2026-02-04T16:40:36.487141Z INFO  utilrsw.logger     Writing C:\Users\lwilker\Documents\GitHub\SWERVE-2024-05-10\data_processed/sites/50103/figures\compare\B_H_calculated_all_vs_measured_timeseries.pdf
2026-02-04T16:40:37.131353Z INFO  utilrsw.logger   Plotting '50103/B/SWMF' vs. measured data as timeseries
2026-02-04T16:40:42.746863Z INFO  utilrsw.logger     Writing C:\Users\lwilker\Documents\GitHub\SWERVE-2024-05-10\data_processed/sites/50103/figures\compare\B_N_calculated_SWMF_vs_measured_timeseries.png
2026-02-04T16:40:44.395328Z INFO  utilrsw.logger     Writing C:\Users\lwilker\Documents\GitHub\SWERVE-2024-05-10\data_processed/sites/50103/figures\compare\B_N_calculated_SWMF_vs_measured_timeseries.pdf
2026-02-04T16:40:45.181190Z INFO  utilrsw.logger     Writing C:\Users\lwilker\Documents\GitHub\SWERVE-2024-05-10\data_processed/sites/50103/figures\compare\B_E_calculated_SWMF_vs_measured_timeseries.png
2026-02-04T16:40:46.617065Z INFO  utilrsw.logger     Writing C:\Users\lwilker\Documents\GitHub\SWERVE-2024-05-10\data_processed/sites/50103/figures\compare\B_E_calculated_SWMF_vs_measured_timeseries.pdf
2026-02-04T16:40:47.303335Z INFO  utilrsw.logger     Writing C:\Users\lwilker\Documents\GitHub\SWERVE-2024-05-10\data_processed/sites/50103/figures\compare\B_v_calculated_SWMF_vs_measured_timeseries.png
2026-02-04T16:40:48.839296Z INFO  utilrsw.logger     Writing C:\Users\lwilker\Documents\GitHub\SWERVE-2024-05-10\data_processed/sites/50103/figures\compare\B_v_calculated_SWMF_vs_measured_timeseries.pdf
2026-02-04T16:40:50.044688Z INFO  utilrsw.logger     Writing C:\Users\lwilker\Documents\GitHub\SWERVE-2024-05-10\data_processed/sites/50103/figures\compare\B_H_calculated_SWMF_vs_measured_timeseries.png
2026-02-04T16:40:51.642735Z INFO  utilrsw.logger     Writing C:\Users\lwilker\Documents\GitHub\SWERVE-2024-05-10\data_processed/sites/50103/figures\compare\B_H_calculated_SWMF_vs_measured_timeseries.pdf
2026-02-04T16:40:52.212216Z INFO  utilrsw.logger   Plotting '50103/B/MAGE' vs. measured data as timeseries
2026-02-04T16:40:57.658256Z INFO  utilrsw.logger     Writing C:\Users\lwilker\Documents\GitHub\SWERVE-2024-05-10\data_processed/sites/50103/figures\compare\B_N_calculated_MAGE_vs_measured_timeseries.png
2026-02-04T16:40:59.143393Z INFO  utilrsw.logger     Writing C:\Users\lwilker\Documents\GitHub\SWERVE-2024-05-10\data_processed/sites/50103/figures\compare\B_N_calculated_MAGE_vs_measured_timeseries.pdf
2026-02-04T16:40:59.858821Z INFO  utilrsw.logger     Writing C:\Users\lwilker\Documents\GitHub\SWERVE-2024-05-10\data_processed/sites/50103/figures\compare\B_E_calculated_MAGE_vs_measured_timeseries.png
2026-02-04T16:41:01.350032Z INFO  utilrsw.logger     Writing C:\Users\lwilker\Documents\GitHub\SWERVE-2024-05-10\data_processed/sites/50103/figures\compare\B_E_calculated_MAGE_vs_measured_timeseries.pdf
2026-02-04T16:41:02.083923Z INFO  utilrsw.logger     Writing C:\Users\lwilker\Documents\GitHub\SWERVE-2024-05-10\data_processed/sites/50103/figures\compare\B_v_calculated_MAGE_vs_measured_timeseries.png
2026-02-04T16:41:03.578563Z INFO  utilrsw.logger     Writing C:\Users\lwilker\Documents\GitHub\SWERVE-2024-05-10\data_processed/sites/50103/figures\compare\B_v_calculated_MAGE_vs_measured_timeseries.pdf
2026-02-04T16:41:04.279773Z INFO  utilrsw.logger     Writing C:\Users\lwilker\Documents\GitHub\SWERVE-2024-05-10\data_processed/sites/50103/figures\compare\B_H_calculated_MAGE_vs_measured_timeseries.png
2026-02-04T16:41:06.314558Z INFO  utilrsw.logger     Writing C:\Users\lwilker\Documents\GitHub\SWERVE-2024-05-10\data_processed/sites/50103/figures\compare\B_H_calculated_MAGE_vs_measured_timeseries.pdf
2026-02-04T16:41:06.899197Z INFO  utilrsw.logger   Plotting '50103/B/OpenGGCM' vs. measured data as timeseries
2026-02-04T16:41:12.536686Z INFO  utilrsw.logger     Writing C:\Users\lwilker\Documents\GitHub\SWERVE-2024-05-10\data_processed/sites/50103/figures\compare\B_N_calculated_OpenGGCM_vs_measured_timeseries.png
2026-02-04T16:41:14.097822Z INFO  utilrsw.logger     Writing C:\Users\lwilker\Documents\GitHub\SWERVE-2024-05-10\data_processed/sites/50103/figures\compare\B_N_calculated_OpenGGCM_vs_measured_timeseries.pdf
2026-02-04T16:41:14.838140Z INFO  utilrsw.logger     Writing C:\Users\lwilker\Documents\GitHub\SWERVE-2024-05-10\data_processed/sites/50103/figures\compare\B_E_calculated_OpenGGCM_vs_measured_timeseries.png
2026-02-04T16:41:16.363346Z INFO  utilrsw.logger     Writing C:\Users\lwilker\Documents\GitHub\SWERVE-2024-05-10\data_processed/sites/50103/figures\compare\B_E_calculated_OpenGGCM_vs_measured_timeseries.pdf
2026-02-04T16:41:17.069502Z INFO  utilrsw.logger     Writing C:\Users\lwilker\Documents\GitHub\SWERVE-2024-05-10\data_processed/sites/50103/figures\compare\B_v_calculated_OpenGGCM_vs_measured_timeseries.png
2026-02-04T16:41:18.621680Z INFO  utilrsw.logger     Writing C:\Users\lwilker\Documents\GitHub\SWERVE-2024-05-10\data_processed/sites/50103/figures\compare\B_v_calculated_OpenGGCM_vs_measured_timeseries.pdf
2026-02-04T16:41:19.341114Z INFO  utilrsw.logger     Writing C:\Users\lwilker\Documents\GitHub\SWERVE-2024-05-10\data_processed/sites/50103/figures\compare\B_H_calculated_OpenGGCM_vs_measured_timeseries.png
2026-02-04T16:41:20.965389Z INFO  utilrsw.logger     Writing C:\Users\lwilker\Documents\GitHub\SWERVE-2024-05-10\data_processed/sites/50103/figures\compare\B_H_calculated_OpenGGCM_vs_measured_timeseries.pdf
2026-02-04T16:41:21.553417Z INFO  utilrsw.logger   Plotting all '50103/B' calculated vs. measured data as scatter
2026-02-04T16:41:25.641775Z INFO  utilrsw.logger     Writing C:\Users\lwilker\Documents\GitHub\SWERVE-2024-05-10\data_processed/sites/50103/figures\compare\B_N_calculated_all_vs_measured_scatter.png
2026-02-04T16:41:27.272717Z INFO  utilrsw.logger     Writing C:\Users\lwilker\Documents\GitHub\SWERVE-2024-05-10\data_processed/sites/50103/figures\compare\B_N_calculated_all_vs_measured_scatter.pdf
2026-02-04T16:41:28.487124Z INFO  utilrsw.logger     Writing C:\Users\lwilker\Documents\GitHub\SWERVE-2024-05-10\data_processed/sites/50103/figures\compare\B_E_calculated_all_vs_measured_scatter.png
2026-02-04T16:41:30.053631Z INFO  utilrsw.logger     Writing C:\Users\lwilker\Documents\GitHub\SWERVE-2024-05-10\data_processed/sites/50103/figures\compare\B_E_calculated_all_vs_measured_scatter.pdf
2026-02-04T16:41:33.228618Z INFO  utilrsw.logger     Writing C:\Users\lwilker\Documents\GitHub\SWERVE-2024-05-10\data_processed/sites/50103/figures\compare\B_v_calculated_all_vs_measured_scatter.png
2026-02-04T16:41:34.984745Z INFO  utilrsw.logger     Writing C:\Users\lwilker\Documents\GitHub\SWERVE-2024-05-10\data_processed/sites/50103/figures\compare\B_v_calculated_all_vs_measured_scatter.pdf
2026-02-04T16:41:36.547232Z INFO  utilrsw.logger     Writing C:\Users\lwilker\Documents\GitHub\SWERVE-2024-05-10\data_processed/sites/50103/figures\compare\B_H_calculated_all_vs_measured_scatter.png
2026-02-04T16:41:38.415488Z INFO  utilrsw.logger     Writing C:\Users\lwilker\Documents\GitHub\SWERVE-2024-05-10\data_processed/sites/50103/figures\compare\B_H_calculated_all_vs_measured_scatter.pdf
2026-02-04T16:41:39.465468Z INFO  utilrsw.logger   Plotting all '50103/B' calculated vs. measured data as scatter
2026-02-04T16:41:43.702003Z INFO  utilrsw.logger     Writing C:\Users\lwilker\Documents\GitHub\SWERVE-2024-05-10\data_processed/sites/50103/figures\compare\B_N_calculated_all_vs_measured_scatter.png
2026-02-04T16:41:45.252737Z INFO  utilrsw.logger     Writing C:\Users\lwilker\Documents\GitHub\SWERVE-2024-05-10\data_processed/sites/50103/figures\compare\B_N_calculated_all_vs_measured_scatter.pdf
2026-02-04T16:41:46.473353Z INFO  utilrsw.logger     Writing C:\Users\lwilker\Documents\GitHub\SWERVE-2024-05-10\data_processed/sites/50103/figures\compare\B_E_calculated_all_vs_measured_scatter.png
2026-02-04T16:41:48.031061Z INFO  utilrsw.logger     Writing C:\Users\lwilker\Documents\GitHub\SWERVE-2024-05-10\data_processed/sites/50103/figures\compare\B_E_calculated_all_vs_measured_scatter.pdf
2026-02-04T16:41:49.180767Z INFO  utilrsw.logger     Writing C:\Users\lwilker\Documents\GitHub\SWERVE-2024-05-10\data_processed/sites/50103/figures\compare\B_v_calculated_all_vs_measured_scatter.png
2026-02-04T16:41:50.885410Z INFO  utilrsw.logger     Writing C:\Users\lwilker\Documents\GitHub\SWERVE-2024-05-10\data_processed/sites/50103/figures\compare\B_v_calculated_all_vs_measured_scatter.pdf
2026-02-04T16:41:52.606716Z INFO  utilrsw.logger     Writing C:\Users\lwilker\Documents\GitHub\SWERVE-2024-05-10\data_processed/sites/50103/figures\compare\B_H_calculated_all_vs_measured_scatter.png
2026-02-04T16:41:54.296104Z INFO  utilrsw.logger     Writing C:\Users\lwilker\Documents\GitHub\SWERVE-2024-05-10\data_processed/sites/50103/figures\compare\B_H_calculated_all_vs_measured_scatter.pdf
2026-02-04T16:41:55.472111Z INFO  utilrsw.logger   Plotting '50103/B/SWMF' vs. measured data as scatter
2026-02-04T16:41:59.025999Z INFO  utilrsw.logger     Writing C:\Users\lwilker\Documents\GitHub\SWERVE-2024-05-10\data_processed/sites/50103/figures\compare\B_N_calculated_SWMF_vs_measured_scatter.png
2026-02-04T16:42:00.448152Z INFO  utilrsw.logger     Writing C:\Users\lwilker\Documents\GitHub\SWERVE-2024-05-10\data_processed/sites/50103/figures\compare\B_N_calculated_SWMF_vs_measured_scatter.pdf
2026-02-04T16:42:01.305888Z INFO  utilrsw.logger     Writing C:\Users\lwilker\Documents\GitHub\SWERVE-2024-05-10\data_processed/sites/50103/figures\compare\B_E_calculated_SWMF_vs_measured_scatter.png
2026-02-04T16:42:02.722972Z INFO  utilrsw.logger     Writing C:\Users\lwilker\Documents\GitHub\SWERVE-2024-05-10\data_processed/sites/50103/figures\compare\B_E_calculated_SWMF_vs_measured_scatter.pdf
2026-02-04T16:42:03.476754Z INFO  utilrsw.logger     Writing C:\Users\lwilker\Documents\GitHub\SWERVE-2024-05-10\data_processed/sites/50103/figures\compare\B_v_calculated_SWMF_vs_measured_scatter.png
2026-02-04T16:42:04.905415Z INFO  utilrsw.logger     Writing C:\Users\lwilker\Documents\GitHub\SWERVE-2024-05-10\data_processed/sites/50103/figures\compare\B_v_calculated_SWMF_vs_measured_scatter.pdf
2026-02-04T16:42:05.720532Z INFO  utilrsw.logger     Writing C:\Users\lwilker\Documents\GitHub\SWERVE-2024-05-10\data_processed/sites/50103/figures\compare\B_H_calculated_SWMF_vs_measured_scatter.png
2026-02-04T16:42:07.214338Z INFO  utilrsw.logger     Writing C:\Users\lwilker\Documents\GitHub\SWERVE-2024-05-10\data_processed/sites/50103/figures\compare\B_H_calculated_SWMF_vs_measured_scatter.pdf
2026-02-04T16:42:07.856502Z INFO  utilrsw.logger   Plotting '50103/B/MAGE' vs. measured data as scatter
2026-02-04T16:42:11.720547Z INFO  utilrsw.logger     Writing C:\Users\lwilker\Documents\GitHub\SWERVE-2024-05-10\data_processed/sites/50103/figures\compare\B_N_calculated_MAGE_vs_measured_scatter.png
2026-02-04T16:42:13.180393Z INFO  utilrsw.logger     Writing C:\Users\lwilker\Documents\GitHub\SWERVE-2024-05-10\data_processed/sites/50103/figures\compare\B_N_calculated_MAGE_vs_measured_scatter.pdf
2026-02-04T16:42:13.997208Z INFO  utilrsw.logger     Writing C:\Users\lwilker\Documents\GitHub\SWERVE-2024-05-10\data_processed/sites/50103/figures\compare\B_E_calculated_MAGE_vs_measured_scatter.png
2026-02-04T16:42:15.542877Z INFO  utilrsw.logger     Writing C:\Users\lwilker\Documents\GitHub\SWERVE-2024-05-10\data_processed/sites/50103/figures\compare\B_E_calculated_MAGE_vs_measured_scatter.pdf
2026-02-04T16:42:16.310174Z INFO  utilrsw.logger     Writing C:\Users\lwilker\Documents\GitHub\SWERVE-2024-05-10\data_processed/sites/50103/figures\compare\B_v_calculated_MAGE_vs_measured_scatter.png
2026-02-04T16:42:17.787253Z INFO  utilrsw.logger     Writing C:\Users\lwilker\Documents\GitHub\SWERVE-2024-05-10\data_processed/sites/50103/figures\compare\B_v_calculated_MAGE_vs_measured_scatter.pdf
2026-02-04T16:42:18.562238Z INFO  utilrsw.logger     Writing C:\Users\lwilker\Documents\GitHub\SWERVE-2024-05-10\data_processed/sites/50103/figures\compare\B_H_calculated_MAGE_vs_measured_scatter.png
2026-02-04T16:42:20.102072Z INFO  utilrsw.logger     Writing C:\Users\lwilker\Documents\GitHub\SWERVE-2024-05-10\data_processed/sites/50103/figures\compare\B_H_calculated_MAGE_vs_measured_scatter.pdf
2026-02-04T16:42:20.702753Z INFO  utilrsw.logger   Plotting '50103/B/OpenGGCM' vs. measured data as scatter
2026-02-04T16:42:24.316030Z INFO  utilrsw.logger     Writing C:\Users\lwilker\Documents\GitHub\SWERVE-2024-05-10\data_processed/sites/50103/figures\compare\B_N_calculated_OpenGGCM_vs_measured_scatter.png
2026-02-04T16:42:25.722973Z INFO  utilrsw.logger     Writing C:\Users\lwilker\Documents\GitHub\SWERVE-2024-05-10\data_processed/sites/50103/figures\compare\B_N_calculated_OpenGGCM_vs_measured_scatter.pdf
2026-02-04T16:42:26.570340Z INFO  utilrsw.logger     Writing C:\Users\lwilker\Documents\GitHub\SWERVE-2024-05-10\data_processed/sites/50103/figures\compare\B_E_calculated_OpenGGCM_vs_measured_scatter.png
2026-02-04T16:42:27.952325Z INFO  utilrsw.logger     Writing C:\Users\lwilker\Documents\GitHub\SWERVE-2024-05-10\data_processed/sites/50103/figures\compare\B_E_calculated_OpenGGCM_vs_measured_scatter.pdf
2026-02-04T16:42:28.750341Z INFO  utilrsw.logger     Writing C:\Users\lwilker\Documents\GitHub\SWERVE-2024-05-10\data_processed/sites/50103/figures\compare\B_v_calculated_OpenGGCM_vs_measured_scatter.png
2026-02-04T16:42:30.197848Z INFO  utilrsw.logger     Writing C:\Users\lwilker\Documents\GitHub\SWERVE-2024-05-10\data_processed/sites/50103/figures\compare\B_v_calculated_OpenGGCM_vs_measured_scatter.pdf
2026-02-04T16:42:31.044425Z INFO  utilrsw.logger     Writing C:\Users\lwilker\Documents\GitHub\SWERVE-2024-05-10\data_processed/sites/50103/figures\compare\B_H_calculated_OpenGGCM_vs_measured_scatter.png
2026-02-04T16:42:32.546530Z INFO  utilrsw.logger     Writing C:\Users\lwilker\Documents\GitHub\SWERVE-2024-05-10\data_processed/sites/50103/figures\compare\B_H_calculated_OpenGGCM_vs_measured_scatter.pdf
2026-02-04T16:42:33.246548Z INFO  utilrsw.logger   Plotting '50103/B/measured/NERC' original vs. modified data
2026-02-04T16:42:45.977247Z INFO  utilrsw.logger     Writing C:\Users\lwilker\Documents\GitHub\SWERVE-2024-05-10\data_processed/sites/50103/figures\original\B_measured_NERC.png
2026-02-04T16:42:47.396066Z INFO  utilrsw.logger     Writing C:\Users\lwilker\Documents\GitHub\SWERVE-2024-05-10\data_processed/sites/50103/figures\original\B_measured_NERC.pdf
2026-02-04T16:42:48.615462Z INFO  utilrsw.logger     Writing C:\Users\lwilker\Documents\GitHub\SWERVE-2024-05-10\data_processed/sites/50103/figures\original\B_measured_NERC.png
2026-02-04T16:42:50.380345Z INFO  utilrsw.logger     Writing C:\Users\lwilker\Documents\GitHub\SWERVE-2024-05-10\data_processed/sites/50103/figures\original\B_measured_NERC.pdf
2026-02-04T16:42:51.709024Z INFO  utilrsw.logger     Writing C:\Users\lwilker\Documents\GitHub\SWERVE-2024-05-10\data_processed/sites/50103/figures\original\B_measured_NERC.png
2026-02-04T16:42:53.062943Z INFO  utilrsw.logger     Writing C:\Users\lwilker\Documents\GitHub\SWERVE-2024-05-10\data_processed/sites/50103/figures\original\B_measured_NERC.pdf
2026-02-04T16:42:53.557483Z INFO  utilrsw.logger   Plotting '50103/B/calculated/SWMF' original vs. modified data
2026-02-04T16:42:57.551682Z INFO  utilrsw.logger     Writing C:\Users\lwilker\Documents\GitHub\SWERVE-2024-05-10\data_processed/sites/50103/figures\original\B_calculated_SWMF.png
2026-02-04T16:42:59.072835Z INFO  utilrsw.logger     Writing C:\Users\lwilker\Documents\GitHub\SWERVE-2024-05-10\data_processed/sites/50103/figures\original\B_calculated_SWMF.pdf
2026-02-04T16:42:59.757757Z INFO  utilrsw.logger     Writing C:\Users\lwilker\Documents\GitHub\SWERVE-2024-05-10\data_processed/sites/50103/figures\original\B_calculated_SWMF.png
2026-02-04T16:43:01.332130Z INFO  utilrsw.logger     Writing C:\Users\lwilker\Documents\GitHub\SWERVE-2024-05-10\data_processed/sites/50103/figures\original\B_calculated_SWMF.pdf
2026-02-04T16:43:02.474764Z INFO  utilrsw.logger     Writing C:\Users\lwilker\Documents\GitHub\SWERVE-2024-05-10\data_processed/sites/50103/figures\original\B_calculated_SWMF.png
2026-02-04T16:43:03.915048Z INFO  utilrsw.logger     Writing C:\Users\lwilker\Documents\GitHub\SWERVE-2024-05-10\data_processed/sites/50103/figures\original\B_calculated_SWMF.pdf
2026-02-04T16:43:04.381658Z INFO  utilrsw.logger   Plotting '50103/B/calculated/MAGE' original vs. modified data
2026-02-04T16:43:08.154903Z INFO  utilrsw.logger     Writing C:\Users\lwilker\Documents\GitHub\SWERVE-2024-05-10\data_processed/sites/50103/figures\original\B_calculated_MAGE.png
2026-02-04T16:43:09.795387Z INFO  utilrsw.logger     Writing C:\Users\lwilker\Documents\GitHub\SWERVE-2024-05-10\data_processed/sites/50103/figures\original\B_calculated_MAGE.pdf
2026-02-04T16:43:10.493839Z INFO  utilrsw.logger     Writing C:\Users\lwilker\Documents\GitHub\SWERVE-2024-05-10\data_processed/sites/50103/figures\original\B_calculated_MAGE.png
2026-02-04T16:43:12.237815Z INFO  utilrsw.logger     Writing C:\Users\lwilker\Documents\GitHub\SWERVE-2024-05-10\data_processed/sites/50103/figures\original\B_calculated_MAGE.pdf
2026-02-04T16:43:12.956215Z INFO  utilrsw.logger     Writing C:\Users\lwilker\Documents\GitHub\SWERVE-2024-05-10\data_processed/sites/50103/figures\original\B_calculated_MAGE.png
2026-02-04T16:43:14.483642Z INFO  utilrsw.logger     Writing C:\Users\lwilker\Documents\GitHub\SWERVE-2024-05-10\data_processed/sites/50103/figures\original\B_calculated_MAGE.pdf
2026-02-04T16:43:14.892843Z INFO  utilrsw.logger   Plotting '50103/B/calculated/OpenGGCM' original vs. modified data
2026-02-04T16:43:19.293943Z INFO  utilrsw.logger     Writing C:\Users\lwilker\Documents\GitHub\SWERVE-2024-05-10\data_processed/sites/50103/figures\original\B_calculated_OpenGGCM.png
2026-02-04T16:43:20.925625Z INFO  utilrsw.logger     Writing C:\Users\lwilker\Documents\GitHub\SWERVE-2024-05-10\data_processed/sites/50103/figures\original\B_calculated_OpenGGCM.pdf
2026-02-04T16:43:21.618172Z INFO  utilrsw.logger     Writing C:\Users\lwilker\Documents\GitHub\SWERVE-2024-05-10\data_processed/sites/50103/figures\original\B_calculated_OpenGGCM.png
2026-02-04T16:43:23.203135Z INFO  utilrsw.logger     Writing C:\Users\lwilker\Documents\GitHub\SWERVE-2024-05-10\data_processed/sites/50103/figures\original\B_calculated_OpenGGCM.pdf
2026-02-04T16:43:23.907416Z INFO  utilrsw.logger     Writing C:\Users\lwilker\Documents\GitHub\SWERVE-2024-05-10\data_processed/sites/50103/figures\original\B_calculated_OpenGGCM.png
2026-02-04T16:43:25.527797Z INFO  utilrsw.logger     Writing C:\Users\lwilker\Documents\GitHub\SWERVE-2024-05-10\data_processed/sites/50103/figures\original\B_calculated_OpenGGCM.pdf
2026-02-04T16:43:26.004561Z INFO  utilrsw.logger Reading '50104' data
2026-02-04T16:43:26.004561Z INFO  utilrsw.logger   Reading cached file with all data for site '50104': C:\Users\lwilker\Documents\GitHub\SWERVE-2024-05-10\data_processed\sites\50104\data\_all.pkl
2026-02-04T16:43:26.402758Z INFO  utilrsw.logger Computing stats for '50104' data
2026-02-04T16:43:27.442522Z INFO  utilrsw.logger   Uniq dts [ns] = [1000000000]
2026-02-04T16:43:27.442522Z INFO  utilrsw.logger   Uniq dts [#]  = 1
2026-02-04T16:43:27.442522Z INFO  utilrsw.logger   Stats for B/measured/NERC:
2026-02-04T16:43:27.442522Z INFO  utilrsw.logger 
    std: [112.60737207  87.37002496  85.25109861  95.83687576]
    ave: [-156.4541473   -39.81097152    5.52388324  192.92561974]
    min: [-509.17933333 -352.048      -283.40733333    4.36811309]
    max: [366.59966667 214.3235     397.88266667 613.66286655]
    n: 2341
    n_valid: [2341 2341 2341 2341]
    dt_original: [1000000000]

2026-02-04T16:43:27.481326Z INFO  utilrsw.logger   Uniq dts [ns] = [60000000000]
2026-02-04T16:43:27.483339Z INFO  utilrsw.logger   Uniq dts [#]  = 1
2026-02-04T16:43:27.483339Z INFO  utilrsw.logger   Stats for B/calculated/SWMF:
2026-02-04T16:43:27.486054Z INFO  utilrsw.logger 
    std: [52.05776754 33.57814296 38.03765919 51.26686069]
    ave: [34.69779904  3.19032572 -6.44471823 49.22730214]
    min: [ -49.87247614  -66.36395805 -142.20606874    0.38202918]
    max: [198.29021307 157.10178453  84.71271196 245.23099925]
    n: 2341
    n_valid: [2339 2339 2339 2339]
    dt_original: [60000000000]

2026-02-04T16:43:27.491990Z INFO  utilrsw.logger   Uniq dts [ns] = [60000000000]
2026-02-04T16:43:27.502998Z INFO  utilrsw.logger   Uniq dts [#]  = 1
2026-02-04T16:43:27.502998Z INFO  utilrsw.logger   Stats for B/calculated/MAGE:
2026-02-04T16:43:27.506000Z INFO  utilrsw.logger 
    std: [262.15914826 281.14954885 416.79102499 189.78973668]
    ave: [ 28.83749023  41.19568837 319.33436488 338.05477259]
    min: [ -765.05472859  -692.34516735 -1244.76244854     4.84672409]
    max: [ 625.4626201  1431.57421966 2299.21475867 1443.41808681]
    n: 2341
    n_valid: [1980 1980 1980 1980]
    dt_original: [60000000000]

2026-02-04T16:43:27.533372Z INFO  utilrsw.logger   Uniq dts [ns] = [60000000000]
2026-02-04T16:43:27.535384Z INFO  utilrsw.logger   Uniq dts [#]  = 1
2026-02-04T16:43:27.536875Z INFO  utilrsw.logger   Stats for B/calculated/OpenGGCM:
2026-02-04T16:43:27.538544Z INFO  utilrsw.logger 
    std: [ 70.17365318 336.17731638 153.1341841  252.38957241]
    ave: [-66.07441272 100.59940033  52.03608265 262.15472674]
    min: [-271.43876625 -711.00806216 -545.4800706     9.92660187]
    max: [ 169.43735558 1407.79793002  493.82858169 1414.51713265]
    n: 2341
    n_valid: [2341 2341 2341 2341]
    dt_original: [60000000000]

2026-02-04T16:43:27.543336Z WARN  utilrsw.logger   Multiplying measured data by -1 before computing pe.
2026-02-04T16:43:27.543336Z INFO  utilrsw.logger   Metrics for B/calculated/SWMF:
2026-02-04T16:43:27.549481Z INFO  utilrsw.logger 
    err_rms: [232.31655062 102.92841278  82.35421278 166.10220414]
    err_ave: [-191.10893086  -42.94322646   12.06131172  143.6609244 ]
    err: [[-23.81217555  46.9386661  -16.50214629  46.79250277]
 [-23.4537338   47.32443832 -16.66194241  46.27387613]
 [-23.60181818  45.30464516 -16.07403924  43.07899047]
 ...
 [-95.52602646 -14.97464516   0.33366037  90.67045915]
 [-96.66748042 -15.38320004   0.47149255  91.74423244]
 [-96.52608769 -14.5228294    0.50583698  91.26056158]]
    cc: [-0.17475883  0.00210914  0.31977303  0.49519979]
    pe: [-1.21954863 -0.38758707  0.06620967 -2.00186857]
    valid: [[ True  True  True  True]
 [ True  True  True  True]
 [ True  True  True  True]
 ...
 [ True  True  True  True]
 [ True  True  True  True]
 [ True  True  True  True]]
    n_valid: [2339 2339 2339 2339]

2026-02-04T16:43:27.555888Z INFO  utilrsw.logger   Metrics for B/calculated/MAGE:
2026-02-04T16:43:27.561042Z INFO  utilrsw.logger 
    err_rms: [341.49086334 283.83490633 490.81702596 210.40332433]
    err_ave: [-198.03661961  -88.71161043 -315.97551488 -128.01138977]
    err: [[-1.31580624e+00  1.12960047e+02  1.63494902e+02 -2.45342018e+00]
 [-1.64237086e-01  1.12681120e+02  1.60912380e+02 -2.33867867e+00]
 [-2.68911141e+00  1.11655445e+02  1.60373848e+02 -5.33845815e+00]
 ...
 [-3.85277100e+01  5.80951850e+01 -1.90245958e+02  7.65945877e+00]
 [-4.38692521e+01  5.60510750e+01 -1.94715321e+02  1.51612945e+01]
 [-4.13120325e+01  3.72458936e+01 -1.95506136e+02  2.47316064e+01]]
    cc: [0.08179317 0.28616324 0.53525512 0.47571952]
    pe: [ -7.51994093  -8.63793657 -27.29850188  -4.00450704]
    valid: [[ True  True  True  True]
 [ True  True  True  True]
 [ True  True  True  True]
 ...
 [False False False False]
 [False False False False]
 [False False False False]]
    n_valid: [1980 1980 1980 1980]

2026-02-04T16:43:27.561042Z WARN  utilrsw.logger   Multiplying measured data by -1 before computing pe.
2026-02-04T16:43:27.565127Z WARN  utilrsw.logger   Multiplying measured data by -1 before computing pe.
2026-02-04T16:43:27.565127Z INFO  utilrsw.logger   Metrics for B/calculated/OpenGGCM:
2026-02-04T16:43:27.569685Z INFO  utilrsw.logger 
    err_rms: [140.5164139  400.03210694 217.65242712 257.74840558]
    err_ave: [ -90.37973459 -140.41037185  -46.5121994   -69.229107  ]
    err: [[  31.09740648  199.86461309 -151.4678163   -95.03640308]
 [  32.96801408  197.50917558 -155.29362004  -93.19175589]
 [  35.38199372  190.22172107 -153.5437253   -91.52049871]
 ...
 [  -2.40353984   48.21589084  -93.82229322  -15.85353513]
 [  -3.00176202   58.02677833  -93.78029655  -21.15447846]
 [  -1.69600942   68.92334752  -92.87215892  -28.75476556]]
    cc: [ 0.38144405 -0.33470695 -0.55501817  0.2324195 ]
    pe: [ -0.55711421 -12.71346644  -1.68853664  -6.23313682]
    valid: [[ True  True  True  True]
 [ True  True  True  True]
 [ True  True  True  True]
 ...
 [ True  True  True  True]
 [ True  True  True  True]
 [ True  True  True  True]]
    n_valid: [2341 2341 2341 2341]

2026-02-04T16:43:27.587767Z INFO  utilrsw.logger Plotting '50104' data
2026-02-04T16:43:27.587767Z INFO  utilrsw.logger   Plotting '50104/B/calculated/MAGE/raw' data
2026-02-04T16:43:31.708021Z INFO  utilrsw.logger     Writing C:\Users\lwilker\Documents\GitHub\SWERVE-2024-05-10\data_processed/sites/50104/figures\raw\B_calculated_MAGE.png
2026-02-04T16:43:33.419584Z INFO  utilrsw.logger     Writing C:\Users\lwilker\Documents\GitHub\SWERVE-2024-05-10\data_processed/sites/50104/figures\raw\B_calculated_MAGE.pdf
2026-02-04T16:43:33.428681Z INFO  utilrsw.logger   Plotting '50104/B/calculated/MAGE/raw' to compare dBn with dBt and dBp
2026-02-04T16:43:35.432124Z INFO  utilrsw.logger     Writing C:\Users\lwilker\Documents\GitHub\SWERVE-2024-05-10\data_processed/sites/50104/figures\raw\B_calculated_MAGE_compare_dBn_dBt_dBp.png
2026-02-04T16:43:37.233609Z INFO  utilrsw.logger     Writing C:\Users\lwilker\Documents\GitHub\SWERVE-2024-05-10\data_processed/sites/50104/figures\raw\B_calculated_MAGE_compare_dBn_dBt_dBp.pdf
2026-02-04T16:43:38.316037Z INFO  utilrsw.logger   Plotting all '50104/B' calculated vs. measured data as timeseries
2026-02-04T16:43:43.066991Z INFO  utilrsw.logger     Writing C:\Users\lwilker\Documents\GitHub\SWERVE-2024-05-10\data_processed/sites/50104/figures\compare\B_N_calculated_all_vs_measured_timeseries.png
2026-02-04T16:43:44.759912Z INFO  utilrsw.logger     Writing C:\Users\lwilker\Documents\GitHub\SWERVE-2024-05-10\data_processed/sites/50104/figures\compare\B_N_calculated_all_vs_measured_timeseries.pdf
2026-02-04T16:43:45.564925Z INFO  utilrsw.logger     Writing C:\Users\lwilker\Documents\GitHub\SWERVE-2024-05-10\data_processed/sites/50104/figures\compare\B_E_calculated_all_vs_measured_timeseries.png
2026-02-04T16:44:52.163640Z INFO  utilrsw.logger     Writing C:\Users\lwilker\Documents\GitHub\SWERVE-2024-05-10\data_processed/sites/50104/figures\compare\B_E_calculated_all_vs_measured_timeseries.pdf
2026-02-04T16:44:52.677287Z INFO  utilrsw.logger     Writing C:\Users\lwilker\Documents\GitHub\SWERVE-2024-05-10\data_processed/sites/50104/figures\compare\B_v_calculated_all_vs_measured_timeseries.png
2026-02-04T16:44:53.319716Z INFO  utilrsw.logger     Writing C:\Users\lwilker\Documents\GitHub\SWERVE-2024-05-10\data_processed/sites/50104/figures\compare\B_v_calculated_all_vs_measured_timeseries.pdf
2026-02-04T16:44:53.632559Z INFO  utilrsw.logger     Writing C:\Users\lwilker\Documents\GitHub\SWERVE-2024-05-10\data_processed/sites/50104/figures\compare\B_H_calculated_all_vs_measured_timeseries.png
2026-02-04T16:44:54.351473Z INFO  utilrsw.logger     Writing C:\Users\lwilker\Documents\GitHub\SWERVE-2024-05-10\data_processed/sites/50104/figures\compare\B_H_calculated_all_vs_measured_timeseries.pdf
2026-02-04T16:44:54.610627Z INFO  utilrsw.logger   Plotting all '50104/B' calculated vs. measured data as timeseries
2026-02-04T16:44:58.922105Z INFO  utilrsw.logger     Writing C:\Users\lwilker\Documents\GitHub\SWERVE-2024-05-10\data_processed/sites/50104/figures\compare\B_N_calculated_all_vs_measured_timeseries.png
2026-02-04T16:45:00.629966Z INFO  utilrsw.logger     Writing C:\Users\lwilker\Documents\GitHub\SWERVE-2024-05-10\data_processed/sites/50104/figures\compare\B_N_calculated_all_vs_measured_timeseries.pdf
2026-02-04T16:45:01.516949Z INFO  utilrsw.logger     Writing C:\Users\lwilker\Documents\GitHub\SWERVE-2024-05-10\data_processed/sites/50104/figures\compare\B_E_calculated_all_vs_measured_timeseries.png
2026-02-04T16:45:03.267498Z INFO  utilrsw.logger     Writing C:\Users\lwilker\Documents\GitHub\SWERVE-2024-05-10\data_processed/sites/50104/figures\compare\B_E_calculated_all_vs_measured_timeseries.pdf
2026-02-04T16:45:04.426199Z INFO  utilrsw.logger     Writing C:\Users\lwilker\Documents\GitHub\SWERVE-2024-05-10\data_processed/sites/50104/figures\compare\B_v_calculated_all_vs_measured_timeseries.png
2026-02-04T16:45:06.022629Z INFO  utilrsw.logger     Writing C:\Users\lwilker\Documents\GitHub\SWERVE-2024-05-10\data_processed/sites/50104/figures\compare\B_v_calculated_all_vs_measured_timeseries.pdf
2026-02-04T16:45:06.832471Z INFO  utilrsw.logger     Writing C:\Users\lwilker\Documents\GitHub\SWERVE-2024-05-10\data_processed/sites/50104/figures\compare\B_H_calculated_all_vs_measured_timeseries.png
2026-02-04T16:45:08.504524Z INFO  utilrsw.logger     Writing C:\Users\lwilker\Documents\GitHub\SWERVE-2024-05-10\data_processed/sites/50104/figures\compare\B_H_calculated_all_vs_measured_timeseries.pdf
2026-02-04T16:45:09.167197Z INFO  utilrsw.logger   Plotting '50104/B/SWMF' vs. measured data as timeseries
2026-02-04T16:45:15.129889Z INFO  utilrsw.logger     Writing C:\Users\lwilker\Documents\GitHub\SWERVE-2024-05-10\data_processed/sites/50104/figures\compare\B_N_calculated_SWMF_vs_measured_timeseries.png
2026-02-04T16:45:16.583444Z INFO  utilrsw.logger     Writing C:\Users\lwilker\Documents\GitHub\SWERVE-2024-05-10\data_processed/sites/50104/figures\compare\B_N_calculated_SWMF_vs_measured_timeseries.pdf
2026-02-04T16:45:17.280348Z INFO  utilrsw.logger     Writing C:\Users\lwilker\Documents\GitHub\SWERVE-2024-05-10\data_processed/sites/50104/figures\compare\B_E_calculated_SWMF_vs_measured_timeseries.png
2026-02-04T16:45:18.760153Z INFO  utilrsw.logger     Writing C:\Users\lwilker\Documents\GitHub\SWERVE-2024-05-10\data_processed/sites/50104/figures\compare\B_E_calculated_SWMF_vs_measured_timeseries.pdf
2026-02-04T16:45:19.928986Z INFO  utilrsw.logger     Writing C:\Users\lwilker\Documents\GitHub\SWERVE-2024-05-10\data_processed/sites/50104/figures\compare\B_v_calculated_SWMF_vs_measured_timeseries.png
2026-02-04T16:45:21.392203Z INFO  utilrsw.logger     Writing C:\Users\lwilker\Documents\GitHub\SWERVE-2024-05-10\data_processed/sites/50104/figures\compare\B_v_calculated_SWMF_vs_measured_timeseries.pdf
2026-02-04T16:45:22.257718Z INFO  utilrsw.logger     Writing C:\Users\lwilker\Documents\GitHub\SWERVE-2024-05-10\data_processed/sites/50104/figures\compare\B_H_calculated_SWMF_vs_measured_timeseries.png
2026-02-04T16:45:23.801715Z INFO  utilrsw.logger     Writing C:\Users\lwilker\Documents\GitHub\SWERVE-2024-05-10\data_processed/sites/50104/figures\compare\B_H_calculated_SWMF_vs_measured_timeseries.pdf
2026-02-04T16:45:24.596323Z INFO  utilrsw.logger   Plotting '50104/B/MAGE' vs. measured data as timeseries
2026-02-04T16:45:30.937960Z INFO  utilrsw.logger     Writing C:\Users\lwilker\Documents\GitHub\SWERVE-2024-05-10\data_processed/sites/50104/figures\compare\B_N_calculated_MAGE_vs_measured_timeseries.png
2026-02-04T16:45:32.538643Z INFO  utilrsw.logger     Writing C:\Users\lwilker\Documents\GitHub\SWERVE-2024-05-10\data_processed/sites/50104/figures\compare\B_N_calculated_MAGE_vs_measured_timeseries.pdf
2026-02-04T16:45:33.395175Z INFO  utilrsw.logger     Writing C:\Users\lwilker\Documents\GitHub\SWERVE-2024-05-10\data_processed/sites/50104/figures\compare\B_E_calculated_MAGE_vs_measured_timeseries.png
2026-02-04T16:45:34.993748Z INFO  utilrsw.logger     Writing C:\Users\lwilker\Documents\GitHub\SWERVE-2024-05-10\data_processed/sites/50104/figures\compare\B_E_calculated_MAGE_vs_measured_timeseries.pdf
2026-02-04T16:45:35.697820Z INFO  utilrsw.logger     Writing C:\Users\lwilker\Documents\GitHub\SWERVE-2024-05-10\data_processed/sites/50104/figures\compare\B_v_calculated_MAGE_vs_measured_timeseries.png
2026-02-04T16:45:37.203531Z INFO  utilrsw.logger     Writing C:\Users\lwilker\Documents\GitHub\SWERVE-2024-05-10\data_processed/sites/50104/figures\compare\B_v_calculated_MAGE_vs_measured_timeseries.pdf
2026-02-04T16:45:38.365953Z INFO  utilrsw.logger     Writing C:\Users\lwilker\Documents\GitHub\SWERVE-2024-05-10\data_processed/sites/50104/figures\compare\B_H_calculated_MAGE_vs_measured_timeseries.png
2026-02-04T16:45:39.892747Z INFO  utilrsw.logger     Writing C:\Users\lwilker\Documents\GitHub\SWERVE-2024-05-10\data_processed/sites/50104/figures\compare\B_H_calculated_MAGE_vs_measured_timeseries.pdf
2026-02-04T16:45:40.548161Z INFO  utilrsw.logger   Plotting '50104/B/OpenGGCM' vs. measured data as timeseries
2026-02-04T16:45:46.490387Z INFO  utilrsw.logger     Writing C:\Users\lwilker\Documents\GitHub\SWERVE-2024-05-10\data_processed/sites/50104/figures\compare\B_N_calculated_OpenGGCM_vs_measured_timeseries.png
2026-02-04T16:45:48.074898Z INFO  utilrsw.logger     Writing C:\Users\lwilker\Documents\GitHub\SWERVE-2024-05-10\data_processed/sites/50104/figures\compare\B_N_calculated_OpenGGCM_vs_measured_timeseries.pdf
2026-02-04T16:45:48.854615Z INFO  utilrsw.logger     Writing C:\Users\lwilker\Documents\GitHub\SWERVE-2024-05-10\data_processed/sites/50104/figures\compare\B_E_calculated_OpenGGCM_vs_measured_timeseries.png
2026-02-04T16:45:50.354170Z INFO  utilrsw.logger     Writing C:\Users\lwilker\Documents\GitHub\SWERVE-2024-05-10\data_processed/sites/50104/figures\compare\B_E_calculated_OpenGGCM_vs_measured_timeseries.pdf
2026-02-04T16:45:51.077377Z INFO  utilrsw.logger     Writing C:\Users\lwilker\Documents\GitHub\SWERVE-2024-05-10\data_processed/sites/50104/figures\compare\B_v_calculated_OpenGGCM_vs_measured_timeseries.png
2026-02-04T16:45:52.685076Z INFO  utilrsw.logger     Writing C:\Users\lwilker\Documents\GitHub\SWERVE-2024-05-10\data_processed/sites/50104/figures\compare\B_v_calculated_OpenGGCM_vs_measured_timeseries.pdf
2026-02-04T16:45:53.487433Z INFO  utilrsw.logger     Writing C:\Users\lwilker\Documents\GitHub\SWERVE-2024-05-10\data_processed/sites/50104/figures\compare\B_H_calculated_OpenGGCM_vs_measured_timeseries.png
2026-02-04T16:45:55.131584Z INFO  utilrsw.logger     Writing C:\Users\lwilker\Documents\GitHub\SWERVE-2024-05-10\data_processed/sites/50104/figures\compare\B_H_calculated_OpenGGCM_vs_measured_timeseries.pdf
2026-02-04T16:45:55.689810Z INFO  utilrsw.logger   Plotting all '50104/B' calculated vs. measured data as scatter
2026-02-04T16:45:59.632231Z INFO  utilrsw.logger     Writing C:\Users\lwilker\Documents\GitHub\SWERVE-2024-05-10\data_processed/sites/50104/figures\compare\B_N_calculated_all_vs_measured_scatter.png
2026-02-04T16:46:01.301431Z INFO  utilrsw.logger     Writing C:\Users\lwilker\Documents\GitHub\SWERVE-2024-05-10\data_processed/sites/50104/figures\compare\B_N_calculated_all_vs_measured_scatter.pdf
2026-02-04T16:46:02.619356Z INFO  utilrsw.logger     Writing C:\Users\lwilker\Documents\GitHub\SWERVE-2024-05-10\data_processed/sites/50104/figures\compare\B_E_calculated_all_vs_measured_scatter.png
2026-02-04T16:46:04.140935Z INFO  utilrsw.logger     Writing C:\Users\lwilker\Documents\GitHub\SWERVE-2024-05-10\data_processed/sites/50104/figures\compare\B_E_calculated_all_vs_measured_scatter.pdf
2026-02-04T16:46:05.268342Z INFO  utilrsw.logger     Writing C:\Users\lwilker\Documents\GitHub\SWERVE-2024-05-10\data_processed/sites/50104/figures\compare\B_v_calculated_all_vs_measured_scatter.png
2026-02-04T16:46:06.796637Z INFO  utilrsw.logger     Writing C:\Users\lwilker\Documents\GitHub\SWERVE-2024-05-10\data_processed/sites/50104/figures\compare\B_v_calculated_all_vs_measured_scatter.pdf
2026-02-04T16:46:07.992488Z INFO  utilrsw.logger     Writing C:\Users\lwilker\Documents\GitHub\SWERVE-2024-05-10\data_processed/sites/50104/figures\compare\B_H_calculated_all_vs_measured_scatter.png
2026-02-04T16:46:09.684997Z INFO  utilrsw.logger     Writing C:\Users\lwilker\Documents\GitHub\SWERVE-2024-05-10\data_processed/sites/50104/figures\compare\B_H_calculated_all_vs_measured_scatter.pdf
2026-02-04T16:46:11.220460Z INFO  utilrsw.logger   Plotting all '50104/B' calculated vs. measured data as scatter
2026-02-04T16:46:15.075299Z INFO  utilrsw.logger     Writing C:\Users\lwilker\Documents\GitHub\SWERVE-2024-05-10\data_processed/sites/50104/figures\compare\B_N_calculated_all_vs_measured_scatter.png
2026-02-04T16:46:16.688801Z INFO  utilrsw.logger     Writing C:\Users\lwilker\Documents\GitHub\SWERVE-2024-05-10\data_processed/sites/50104/figures\compare\B_N_calculated_all_vs_measured_scatter.pdf
2026-02-04T16:46:17.860371Z INFO  utilrsw.logger     Writing C:\Users\lwilker\Documents\GitHub\SWERVE-2024-05-10\data_processed/sites/50104/figures\compare\B_E_calculated_all_vs_measured_scatter.png
2026-02-04T16:46:19.424195Z INFO  utilrsw.logger     Writing C:\Users\lwilker\Documents\GitHub\SWERVE-2024-05-10\data_processed/sites/50104/figures\compare\B_E_calculated_all_vs_measured_scatter.pdf
2026-02-04T16:46:20.551895Z INFO  utilrsw.logger     Writing C:\Users\lwilker\Documents\GitHub\SWERVE-2024-05-10\data_processed/sites/50104/figures\compare\B_v_calculated_all_vs_measured_scatter.png
2026-02-04T16:46:22.237659Z INFO  utilrsw.logger     Writing C:\Users\lwilker\Documents\GitHub\SWERVE-2024-05-10\data_processed/sites/50104/figures\compare\B_v_calculated_all_vs_measured_scatter.pdf
2026-02-04T16:46:24.027435Z INFO  utilrsw.logger     Writing C:\Users\lwilker\Documents\GitHub\SWERVE-2024-05-10\data_processed/sites/50104/figures\compare\B_H_calculated_all_vs_measured_scatter.png
2026-02-04T16:46:25.749290Z INFO  utilrsw.logger     Writing C:\Users\lwilker\Documents\GitHub\SWERVE-2024-05-10\data_processed/sites/50104/figures\compare\B_H_calculated_all_vs_measured_scatter.pdf
2026-02-04T16:46:26.789074Z INFO  utilrsw.logger   Plotting '50104/B/SWMF' vs. measured data as scatter
2026-02-04T16:46:30.298241Z INFO  utilrsw.logger     Writing C:\Users\lwilker\Documents\GitHub\SWERVE-2024-05-10\data_processed/sites/50104/figures\compare\B_N_calculated_SWMF_vs_measured_scatter.png
2026-02-04T16:46:31.702994Z INFO  utilrsw.logger     Writing C:\Users\lwilker\Documents\GitHub\SWERVE-2024-05-10\data_processed/sites/50104/figures\compare\B_N_calculated_SWMF_vs_measured_scatter.pdf
2026-02-04T16:46:32.494445Z INFO  utilrsw.logger     Writing C:\Users\lwilker\Documents\GitHub\SWERVE-2024-05-10\data_processed/sites/50104/figures\compare\B_E_calculated_SWMF_vs_measured_scatter.png
2026-02-04T16:46:33.973895Z INFO  utilrsw.logger     Writing C:\Users\lwilker\Documents\GitHub\SWERVE-2024-05-10\data_processed/sites/50104/figures\compare\B_E_calculated_SWMF_vs_measured_scatter.pdf
2026-02-04T16:46:34.824628Z INFO  utilrsw.logger     Writing C:\Users\lwilker\Documents\GitHub\SWERVE-2024-05-10\data_processed/sites/50104/figures\compare\B_v_calculated_SWMF_vs_measured_scatter.png
2026-02-04T16:46:36.276689Z INFO  utilrsw.logger     Writing C:\Users\lwilker\Documents\GitHub\SWERVE-2024-05-10\data_processed/sites/50104/figures\compare\B_v_calculated_SWMF_vs_measured_scatter.pdf
2026-02-04T16:46:37.157881Z INFO  utilrsw.logger     Writing C:\Users\lwilker\Documents\GitHub\SWERVE-2024-05-10\data_processed/sites/50104/figures\compare\B_H_calculated_SWMF_vs_measured_scatter.png
2026-02-04T16:46:38.759067Z INFO  utilrsw.logger     Writing C:\Users\lwilker\Documents\GitHub\SWERVE-2024-05-10\data_processed/sites/50104/figures\compare\B_H_calculated_SWMF_vs_measured_scatter.pdf
2026-02-04T16:46:39.447804Z INFO  utilrsw.logger   Plotting '50104/B/MAGE' vs. measured data as scatter
2026-02-04T16:46:43.261595Z INFO  utilrsw.logger     Writing C:\Users\lwilker\Documents\GitHub\SWERVE-2024-05-10\data_processed/sites/50104/figures\compare\B_N_calculated_MAGE_vs_measured_scatter.png
2026-02-04T16:46:44.632666Z INFO  utilrsw.logger     Writing C:\Users\lwilker\Documents\GitHub\SWERVE-2024-05-10\data_processed/sites/50104/figures\compare\B_N_calculated_MAGE_vs_measured_scatter.pdf
2026-02-04T16:46:45.472722Z INFO  utilrsw.logger     Writing C:\Users\lwilker\Documents\GitHub\SWERVE-2024-05-10\data_processed/sites/50104/figures\compare\B_E_calculated_MAGE_vs_measured_scatter.png
2026-02-04T16:46:46.821558Z INFO  utilrsw.logger     Writing C:\Users\lwilker\Documents\GitHub\SWERVE-2024-05-10\data_processed/sites/50104/figures\compare\B_E_calculated_MAGE_vs_measured_scatter.pdf
2026-02-04T16:46:47.585392Z INFO  utilrsw.logger     Writing C:\Users\lwilker\Documents\GitHub\SWERVE-2024-05-10\data_processed/sites/50104/figures\compare\B_v_calculated_MAGE_vs_measured_scatter.png
2026-02-04T16:46:49.132022Z INFO  utilrsw.logger     Writing C:\Users\lwilker\Documents\GitHub\SWERVE-2024-05-10\data_processed/sites/50104/figures\compare\B_v_calculated_MAGE_vs_measured_scatter.pdf
2026-02-04T16:46:49.973580Z INFO  utilrsw.logger     Writing C:\Users\lwilker\Documents\GitHub\SWERVE-2024-05-10\data_processed/sites/50104/figures\compare\B_H_calculated_MAGE_vs_measured_scatter.png
2026-02-04T16:46:51.571152Z INFO  utilrsw.logger     Writing C:\Users\lwilker\Documents\GitHub\SWERVE-2024-05-10\data_processed/sites/50104/figures\compare\B_H_calculated_MAGE_vs_measured_scatter.pdf
2026-02-04T16:46:52.252848Z INFO  utilrsw.logger   Plotting '50104/B/OpenGGCM' vs. measured data as scatter
2026-02-04T16:46:56.081125Z INFO  utilrsw.logger     Writing C:\Users\lwilker\Documents\GitHub\SWERVE-2024-05-10\data_processed/sites/50104/figures\compare\B_N_calculated_OpenGGCM_vs_measured_scatter.png
2026-02-04T16:46:57.513013Z INFO  utilrsw.logger     Writing C:\Users\lwilker\Documents\GitHub\SWERVE-2024-05-10\data_processed/sites/50104/figures\compare\B_N_calculated_OpenGGCM_vs_measured_scatter.pdf
2026-02-04T16:46:58.313416Z INFO  utilrsw.logger     Writing C:\Users\lwilker\Documents\GitHub\SWERVE-2024-05-10\data_processed/sites/50104/figures\compare\B_E_calculated_OpenGGCM_vs_measured_scatter.png
2026-02-04T16:46:59.721400Z INFO  utilrsw.logger     Writing C:\Users\lwilker\Documents\GitHub\SWERVE-2024-05-10\data_processed/sites/50104/figures\compare\B_E_calculated_OpenGGCM_vs_measured_scatter.pdf
2026-02-04T16:47:00.578205Z INFO  utilrsw.logger     Writing C:\Users\lwilker\Documents\GitHub\SWERVE-2024-05-10\data_processed/sites/50104/figures\compare\B_v_calculated_OpenGGCM_vs_measured_scatter.png
2026-02-04T16:47:01.977543Z INFO  utilrsw.logger     Writing C:\Users\lwilker\Documents\GitHub\SWERVE-2024-05-10\data_processed/sites/50104/figures\compare\B_v_calculated_OpenGGCM_vs_measured_scatter.pdf
2026-02-04T16:47:02.762108Z INFO  utilrsw.logger     Writing C:\Users\lwilker\Documents\GitHub\SWERVE-2024-05-10\data_processed/sites/50104/figures\compare\B_H_calculated_OpenGGCM_vs_measured_scatter.png
2026-02-04T16:47:04.340740Z INFO  utilrsw.logger     Writing C:\Users\lwilker\Documents\GitHub\SWERVE-2024-05-10\data_processed/sites/50104/figures\compare\B_H_calculated_OpenGGCM_vs_measured_scatter.pdf
2026-02-04T16:47:05.049557Z INFO  utilrsw.logger   Plotting '50104/B/measured/NERC' original vs. modified data
2026-02-04T16:47:17.599500Z INFO  utilrsw.logger     Writing C:\Users\lwilker\Documents\GitHub\SWERVE-2024-05-10\data_processed/sites/50104/figures\original\B_measured_NERC.png
2026-02-04T16:47:18.990072Z INFO  utilrsw.logger     Writing C:\Users\lwilker\Documents\GitHub\SWERVE-2024-05-10\data_processed/sites/50104/figures\original\B_measured_NERC.pdf
2026-02-04T16:47:20.283685Z INFO  utilrsw.logger     Writing C:\Users\lwilker\Documents\GitHub\SWERVE-2024-05-10\data_processed/sites/50104/figures\original\B_measured_NERC.png
2026-02-04T16:47:22.155155Z INFO  utilrsw.logger     Writing C:\Users\lwilker\Documents\GitHub\SWERVE-2024-05-10\data_processed/sites/50104/figures\original\B_measured_NERC.pdf
2026-02-04T16:47:23.437843Z INFO  utilrsw.logger     Writing C:\Users\lwilker\Documents\GitHub\SWERVE-2024-05-10\data_processed/sites/50104/figures\original\B_measured_NERC.png
2026-02-04T16:47:24.786893Z INFO  utilrsw.logger     Writing C:\Users\lwilker\Documents\GitHub\SWERVE-2024-05-10\data_processed/sites/50104/figures\original\B_measured_NERC.pdf
2026-02-04T16:47:25.279876Z INFO  utilrsw.logger   Plotting '50104/B/calculated/SWMF' original vs. modified data
2026-02-04T16:47:30.135590Z INFO  utilrsw.logger     Writing C:\Users\lwilker\Documents\GitHub\SWERVE-2024-05-10\data_processed/sites/50104/figures\original\B_calculated_SWMF.png
2026-02-04T16:47:31.665490Z INFO  utilrsw.logger     Writing C:\Users\lwilker\Documents\GitHub\SWERVE-2024-05-10\data_processed/sites/50104/figures\original\B_calculated_SWMF.pdf
2026-02-04T16:47:32.387229Z INFO  utilrsw.logger     Writing C:\Users\lwilker\Documents\GitHub\SWERVE-2024-05-10\data_processed/sites/50104/figures\original\B_calculated_SWMF.png
2026-02-04T16:47:33.987473Z INFO  utilrsw.logger     Writing C:\Users\lwilker\Documents\GitHub\SWERVE-2024-05-10\data_processed/sites/50104/figures\original\B_calculated_SWMF.pdf
2026-02-04T16:47:34.737000Z INFO  utilrsw.logger     Writing C:\Users\lwilker\Documents\GitHub\SWERVE-2024-05-10\data_processed/sites/50104/figures\original\B_calculated_SWMF.png
2026-02-04T16:47:36.387588Z INFO  utilrsw.logger     Writing C:\Users\lwilker\Documents\GitHub\SWERVE-2024-05-10\data_processed/sites/50104/figures\original\B_calculated_SWMF.pdf
2026-02-04T16:47:36.871487Z INFO  utilrsw.logger   Plotting '50104/B/calculated/MAGE' original vs. modified data
2026-02-04T16:47:40.883129Z INFO  utilrsw.logger     Writing C:\Users\lwilker\Documents\GitHub\SWERVE-2024-05-10\data_processed/sites/50104/figures\original\B_calculated_MAGE.png
2026-02-04T16:47:42.648389Z INFO  utilrsw.logger     Writing C:\Users\lwilker\Documents\GitHub\SWERVE-2024-05-10\data_processed/sites/50104/figures\original\B_calculated_MAGE.pdf
2026-02-04T16:47:43.388766Z INFO  utilrsw.logger     Writing C:\Users\lwilker\Documents\GitHub\SWERVE-2024-05-10\data_processed/sites/50104/figures\original\B_calculated_MAGE.png
2026-02-04T16:47:45.048447Z INFO  utilrsw.logger     Writing C:\Users\lwilker\Documents\GitHub\SWERVE-2024-05-10\data_processed/sites/50104/figures\original\B_calculated_MAGE.pdf
2026-02-04T16:47:45.806022Z INFO  utilrsw.logger     Writing C:\Users\lwilker\Documents\GitHub\SWERVE-2024-05-10\data_processed/sites/50104/figures\original\B_calculated_MAGE.png
2026-02-04T16:47:47.461316Z INFO  utilrsw.logger     Writing C:\Users\lwilker\Documents\GitHub\SWERVE-2024-05-10\data_processed/sites/50104/figures\original\B_calculated_MAGE.pdf
2026-02-04T16:47:47.918074Z INFO  utilrsw.logger   Plotting '50104/B/calculated/OpenGGCM' original vs. modified data
2026-02-04T16:47:52.505291Z INFO  utilrsw.logger     Writing C:\Users\lwilker\Documents\GitHub\SWERVE-2024-05-10\data_processed/sites/50104/figures\original\B_calculated_OpenGGCM.png
2026-02-04T16:47:54.124929Z INFO  utilrsw.logger     Writing C:\Users\lwilker\Documents\GitHub\SWERVE-2024-05-10\data_processed/sites/50104/figures\original\B_calculated_OpenGGCM.pdf
2026-02-04T16:47:54.841767Z INFO  utilrsw.logger     Writing C:\Users\lwilker\Documents\GitHub\SWERVE-2024-05-10\data_processed/sites/50104/figures\original\B_calculated_OpenGGCM.png
2026-02-04T16:47:56.494104Z INFO  utilrsw.logger     Writing C:\Users\lwilker\Documents\GitHub\SWERVE-2024-05-10\data_processed/sites/50104/figures\original\B_calculated_OpenGGCM.pdf
2026-02-04T16:47:57.199878Z INFO  utilrsw.logger     Writing C:\Users\lwilker\Documents\GitHub\SWERVE-2024-05-10\data_processed/sites/50104/figures\original\B_calculated_OpenGGCM.png
2026-02-04T16:47:58.779915Z INFO  utilrsw.logger     Writing C:\Users\lwilker\Documents\GitHub\SWERVE-2024-05-10\data_processed/sites/50104/figures\original\B_calculated_OpenGGCM.pdf
2026-02-04T16:47:59.247726Z INFO  utilrsw.logger Reading '50109' data
2026-02-04T16:47:59.247726Z INFO  utilrsw.logger   Reading cached file with all data for site '50109': C:\Users\lwilker\Documents\GitHub\SWERVE-2024-05-10\data_processed\sites\50109\data\_all.pkl
2026-02-04T16:47:59.614064Z INFO  utilrsw.logger Computing stats for '50109' data
2026-02-04T16:48:00.674697Z INFO  utilrsw.logger   Uniq dts [ns] = [1000000000]
2026-02-04T16:48:00.674697Z INFO  utilrsw.logger   Uniq dts [#]  = 1
2026-02-04T16:48:00.674697Z INFO  utilrsw.logger   Stats for B/measured/NERC:
2026-02-04T16:48:00.677440Z INFO  utilrsw.logger 
    std: [113.10245707  77.41793382  76.78896255  94.24378924]
    ave: [-152.70206564  -41.23031454   24.41613798  186.93332416]
    min: [-489.0565     -318.972      -237.29766667    5.55910307]
    max: [391.67983333 179.61266667 376.36433333 575.87026491]
    n: 2341
    n_valid: [2341 2341 2341 2341]
    dt_original: [1000000000]

2026-02-04T16:48:00.703608Z INFO  utilrsw.logger   Uniq dts [ns] = [60000000000]
2026-02-04T16:48:00.706329Z INFO  utilrsw.logger   Uniq dts [#]  = 1
2026-02-04T16:48:00.707536Z INFO  utilrsw.logger   Stats for B/calculated/SWMF:
2026-02-04T16:48:00.713251Z INFO  utilrsw.logger 
    std: [50.95155795 33.10422257 37.24670102 50.21401924]
    ave: [33.92105218  3.18870469 -6.04909958 48.28362765]
    min: [ -50.59035549  -63.94146283 -139.95637786    0.42816186]
    max: [191.12598591 156.20494011  87.9900354  240.09528939]
    n: 2341
    n_valid: [2339 2339 2339 2339]
    dt_original: [60000000000]

2026-02-04T16:48:00.728118Z INFO  utilrsw.logger   Uniq dts [ns] = [60000000000]
2026-02-04T16:48:00.728118Z INFO  utilrsw.logger   Uniq dts [#]  = 1
2026-02-04T16:48:00.732564Z INFO  utilrsw.logger   Stats for B/calculated/MAGE:
2026-02-04T16:48:00.732564Z INFO  utilrsw.logger 
    std: [268.14175801 284.01726449 404.58684493 191.53412813]
    ave: [ 24.16670497  39.97321259 316.12422038 343.60205767]
    min: [ -769.84935246  -733.74573076 -1220.34870425     2.73796423]
    max: [ 614.07259919 1549.06880445 2323.09693348 1570.53862466]
    n: 2341
    n_valid: [1980 1980 1980 1980]
    dt_original: [60000000000]

2026-02-04T16:48:00.759880Z INFO  utilrsw.logger   Uniq dts [ns] = [60000000000]
2026-02-04T16:48:00.759880Z INFO  utilrsw.logger   Uniq dts [#]  = 1
2026-02-04T16:48:00.759880Z INFO  utilrsw.logger   Stats for B/calculated/OpenGGCM:
2026-02-04T16:48:00.759880Z INFO  utilrsw.logger 
    std: [ 71.4296932  334.0485415  147.09651351 250.59891345]
    ave: [-66.40505131  99.98116621  52.85328663 261.3363315 ]
    min: [-276.73557348 -688.73003672 -624.71052137    5.68864561]
    max: [ 173.28620982 1430.04426998  452.09872548 1444.59440339]
    n: 2341
    n_valid: [2341 2341 2341 2341]
    dt_original: [60000000000]

2026-02-04T16:48:00.769822Z WARN  utilrsw.logger   Multiplying measured data by -1 before computing pe.
2026-02-04T16:48:00.771839Z WARN  utilrsw.logger   Multiplying measured data by -1 before computing pe.
2026-02-04T16:48:00.774706Z INFO  utilrsw.logger   Metrics for B/calculated/SWMF:
2026-02-04T16:48:00.778773Z INFO  utilrsw.logger 
    err_rms: [228.08324214  96.43278984  81.18937973 161.10447111]
    err_ave: [-186.57843076  -44.36617241   30.54311197  138.61147218]
    err: [[-31.23130783  48.74400946 -13.10772936  50.4788532 ]
 [-30.55027554  48.80940334 -13.09481176  49.85697313]
 [-30.2661905   46.94769814 -11.87692881  46.89481921]
 ...
 [-93.6610185   -5.56068768  14.38258381  88.1244167 ]
 [-94.74580614  -6.16157752  14.64665309  89.0666661 ]
 [-94.75919066  -5.37519305  14.61866765  88.74639893]]
    cc: [-0.15733358 -0.04686367  0.28362236  0.49300478]
    pe: [-1.16249287 -0.38346566 -0.11847326 -1.92027105]
    valid: [[ True  True  True  True]
 [ True  True  True  True]
 [ True  True  True  True]
 ...
 [ True  True  True  True]
 [ True  True  True  True]
 [ True  True  True  True]]
    n_valid: [2339 2339 2339 2339]

2026-02-04T16:48:00.785462Z INFO  utilrsw.logger   Metrics for B/calculated/MAGE:
2026-02-04T16:48:00.787477Z INFO  utilrsw.logger 
    err_rms: [343.48988711 287.58037994 465.52932218 217.99411079]
    err_ave: [-189.56380447  -90.28585594 -292.26408519 -139.54226497]
    err: [[-2.36746318e+01  1.12639110e+02  1.68506606e+02  5.57660590e+00]
 [-2.24955040e+01  1.12467741e+02  1.66266533e+02  5.66035003e+00]
 [-2.49458412e+01  1.11740279e+02  1.65599496e+02  1.60232845e+00]
 ...
 [-2.47931374e+01  6.57907966e+01 -1.68202066e+02 -7.23955508e+00]
 [-3.01184970e+01  6.35632179e+01 -1.73157417e+02  1.46878735e-01]
 [-2.63486566e+01  4.45830416e+01 -1.73713621e+02  8.51358116e+00]]
    cc: [0.05861489 0.27537913 0.5842964  0.48520631]
    pe: [ -7.5186309  -12.00850417 -30.36455945  -4.60376613]
    valid: [[ True  True  True  True]
 [ True  True  True  True]
 [ True  True  True  True]
 ...
 [False False False False]
 [False False False False]
 [False False False False]]
    n_valid: [1980 1980 1980 1980]

2026-02-04T16:48:00.792562Z WARN  utilrsw.logger   Multiplying measured data by -1 before computing pe.
2026-02-04T16:48:00.793555Z WARN  utilrsw.logger   Multiplying measured data by -1 before computing pe.
2026-02-04T16:48:00.797004Z INFO  utilrsw.logger   Metrics for B/calculated/OpenGGCM:
2026-02-04T16:48:00.799017Z INFO  utilrsw.logger 
    err_rms: [136.66389647 396.13457767 201.32135191 257.70225063]
    err_ave: [ -86.29701433 -141.21148075  -28.43714865  -74.40300734]
    err: [[  24.82681951  201.31043123 -135.15456887  -91.01321041]
 [  25.6483953   203.97944191 -141.34801478  -93.55580725]
 [  27.77672029  199.18288328 -144.07036667  -93.8463102 ]
 ...
 [   1.81153302   59.52532923  -76.32777585  -21.69998379]
 [   1.22207481   69.04331198  -77.16205993  -26.97946214]
 [   2.14000045   79.29623405  -77.08310574  -33.77626648]]
    cc: [ 0.41246596 -0.37507629 -0.53949831  0.22879463]
    pe: [ -0.46003585 -15.95721228  -2.61513524  -6.47706135]
    valid: [[ True  True  True  True]
 [ True  True  True  True]
 [ True  True  True  True]
 ...
 [ True  True  True  True]
 [ True  True  True  True]
 [ True  True  True  True]]
    n_valid: [2341 2341 2341 2341]

2026-02-04T16:48:00.824590Z INFO  utilrsw.logger Plotting '50109' data
2026-02-04T16:48:00.826631Z INFO  utilrsw.logger   Plotting '50109/B/calculated/MAGE/raw' data
2026-02-04T16:48:05.720654Z INFO  utilrsw.logger     Writing C:\Users\lwilker\Documents\GitHub\SWERVE-2024-05-10\data_processed/sites/50109/figures\raw\B_calculated_MAGE.png
2026-02-04T16:48:06.500580Z INFO  utilrsw.logger     Writing C:\Users\lwilker\Documents\GitHub\SWERVE-2024-05-10\data_processed/sites/50109/figures\raw\B_calculated_MAGE.pdf
2026-02-04T16:48:06.509791Z INFO  utilrsw.logger   Plotting '50109/B/calculated/MAGE/raw' to compare dBn with dBt and dBp
2026-02-04T16:48:08.078666Z INFO  utilrsw.logger     Writing C:\Users\lwilker\Documents\GitHub\SWERVE-2024-05-10\data_processed/sites/50109/figures\raw\B_calculated_MAGE_compare_dBn_dBt_dBp.png
2026-02-04T16:48:09.987348Z INFO  utilrsw.logger     Writing C:\Users\lwilker\Documents\GitHub\SWERVE-2024-05-10\data_processed/sites/50109/figures\raw\B_calculated_MAGE_compare_dBn_dBt_dBp.pdf
2026-02-04T16:48:10.893486Z INFO  utilrsw.logger   Plotting all '50109/B' calculated vs. measured data as timeseries
2026-02-04T16:48:16.076281Z INFO  utilrsw.logger     Writing C:\Users\lwilker\Documents\GitHub\SWERVE-2024-05-10\data_processed/sites/50109/figures\compare\B_N_calculated_all_vs_measured_timeseries.png
2026-02-04T16:48:17.774961Z INFO  utilrsw.logger     Writing C:\Users\lwilker\Documents\GitHub\SWERVE-2024-05-10\data_processed/sites/50109/figures\compare\B_N_calculated_all_vs_measured_timeseries.pdf
2026-02-04T16:48:19.041953Z INFO  utilrsw.logger     Writing C:\Users\lwilker\Documents\GitHub\SWERVE-2024-05-10\data_processed/sites/50109/figures\compare\B_E_calculated_all_vs_measured_timeseries.png
2026-02-04T16:48:20.699016Z INFO  utilrsw.logger     Writing C:\Users\lwilker\Documents\GitHub\SWERVE-2024-05-10\data_processed/sites/50109/figures\compare\B_E_calculated_all_vs_measured_timeseries.pdf
2026-02-04T16:48:21.473270Z INFO  utilrsw.logger     Writing C:\Users\lwilker\Documents\GitHub\SWERVE-2024-05-10\data_processed/sites/50109/figures\compare\B_v_calculated_all_vs_measured_timeseries.png
2026-02-04T16:48:22.992023Z INFO  utilrsw.logger     Writing C:\Users\lwilker\Documents\GitHub\SWERVE-2024-05-10\data_processed/sites/50109/figures\compare\B_v_calculated_all_vs_measured_timeseries.pdf
2026-02-04T16:48:23.747995Z INFO  utilrsw.logger     Writing C:\Users\lwilker\Documents\GitHub\SWERVE-2024-05-10\data_processed/sites/50109/figures\compare\B_H_calculated_all_vs_measured_timeseries.png
2026-02-04T16:48:25.487634Z INFO  utilrsw.logger     Writing C:\Users\lwilker\Documents\GitHub\SWERVE-2024-05-10\data_processed/sites/50109/figures\compare\B_H_calculated_all_vs_measured_timeseries.pdf
2026-02-04T16:48:26.115161Z INFO  utilrsw.logger   Plotting all '50109/B' calculated vs. measured data as timeseries
2026-02-04T16:48:32.371709Z INFO  utilrsw.logger     Writing C:\Users\lwilker\Documents\GitHub\SWERVE-2024-05-10\data_processed/sites/50109/figures\compare\B_N_calculated_all_vs_measured_timeseries.png
2026-02-04T16:48:34.016807Z INFO  utilrsw.logger     Writing C:\Users\lwilker\Documents\GitHub\SWERVE-2024-05-10\data_processed/sites/50109/figures\compare\B_N_calculated_all_vs_measured_timeseries.pdf
2026-02-04T16:48:35.307590Z INFO  utilrsw.logger     Writing C:\Users\lwilker\Documents\GitHub\SWERVE-2024-05-10\data_processed/sites/50109/figures\compare\B_E_calculated_all_vs_measured_timeseries.png
2026-02-04T16:48:36.890989Z INFO  utilrsw.logger     Writing C:\Users\lwilker\Documents\GitHub\SWERVE-2024-05-10\data_processed/sites/50109/figures\compare\B_E_calculated_all_vs_measured_timeseries.pdf
2026-02-04T16:48:37.638249Z INFO  utilrsw.logger     Writing C:\Users\lwilker\Documents\GitHub\SWERVE-2024-05-10\data_processed/sites/50109/figures\compare\B_v_calculated_all_vs_measured_timeseries.png
2026-02-04T16:48:39.215189Z INFO  utilrsw.logger     Writing C:\Users\lwilker\Documents\GitHub\SWERVE-2024-05-10\data_processed/sites/50109/figures\compare\B_v_calculated_all_vs_measured_timeseries.pdf
2026-02-04T16:48:40.018844Z INFO  utilrsw.logger     Writing C:\Users\lwilker\Documents\GitHub\SWERVE-2024-05-10\data_processed/sites/50109/figures\compare\B_H_calculated_all_vs_measured_timeseries.png
2026-02-04T16:48:41.570512Z INFO  utilrsw.logger     Writing C:\Users\lwilker\Documents\GitHub\SWERVE-2024-05-10\data_processed/sites/50109/figures\compare\B_H_calculated_all_vs_measured_timeseries.pdf
2026-02-04T16:48:42.225769Z INFO  utilrsw.logger   Plotting '50109/B/SWMF' vs. measured data as timeseries
2026-02-04T16:48:46.852220Z INFO  utilrsw.logger     Writing C:\Users\lwilker\Documents\GitHub\SWERVE-2024-05-10\data_processed/sites/50109/figures\compare\B_N_calculated_SWMF_vs_measured_timeseries.png
2026-02-04T16:48:47.757777Z INFO  utilrsw.logger     Writing C:\Users\lwilker\Documents\GitHub\SWERVE-2024-05-10\data_processed/sites/50109/figures\compare\B_N_calculated_SWMF_vs_measured_timeseries.pdf
2026-02-04T16:48:48.495163Z INFO  utilrsw.logger     Writing C:\Users\lwilker\Documents\GitHub\SWERVE-2024-05-10\data_processed/sites/50109/figures\compare\B_E_calculated_SWMF_vs_measured_timeseries.png
2026-02-04T16:48:49.734702Z INFO  utilrsw.logger     Writing C:\Users\lwilker\Documents\GitHub\SWERVE-2024-05-10\data_processed/sites/50109/figures\compare\B_E_calculated_SWMF_vs_measured_timeseries.pdf
2026-02-04T16:48:50.542568Z INFO  utilrsw.logger     Writing C:\Users\lwilker\Documents\GitHub\SWERVE-2024-05-10\data_processed/sites/50109/figures\compare\B_v_calculated_SWMF_vs_measured_timeseries.png
2026-02-04T16:48:52.163822Z INFO  utilrsw.logger     Writing C:\Users\lwilker\Documents\GitHub\SWERVE-2024-05-10\data_processed/sites/50109/figures\compare\B_v_calculated_SWMF_vs_measured_timeseries.pdf
2026-02-04T16:48:52.958688Z INFO  utilrsw.logger     Writing C:\Users\lwilker\Documents\GitHub\SWERVE-2024-05-10\data_processed/sites/50109/figures\compare\B_H_calculated_SWMF_vs_measured_timeseries.png
2026-02-04T16:48:54.529864Z INFO  utilrsw.logger     Writing C:\Users\lwilker\Documents\GitHub\SWERVE-2024-05-10\data_processed/sites/50109/figures\compare\B_H_calculated_SWMF_vs_measured_timeseries.pdf
2026-02-04T16:48:55.088234Z INFO  utilrsw.logger   Plotting '50109/B/MAGE' vs. measured data as timeseries
2026-02-04T16:49:00.653503Z INFO  utilrsw.logger     Writing C:\Users\lwilker\Documents\GitHub\SWERVE-2024-05-10\data_processed/sites/50109/figures\compare\B_N_calculated_MAGE_vs_measured_timeseries.png
2026-02-04T16:49:02.168700Z INFO  utilrsw.logger     Writing C:\Users\lwilker\Documents\GitHub\SWERVE-2024-05-10\data_processed/sites/50109/figures\compare\B_N_calculated_MAGE_vs_measured_timeseries.pdf
2026-02-04T16:49:02.864689Z INFO  utilrsw.logger     Writing C:\Users\lwilker\Documents\GitHub\SWERVE-2024-05-10\data_processed/sites/50109/figures\compare\B_E_calculated_MAGE_vs_measured_timeseries.png
2026-02-04T16:49:04.318216Z INFO  utilrsw.logger     Writing C:\Users\lwilker\Documents\GitHub\SWERVE-2024-05-10\data_processed/sites/50109/figures\compare\B_E_calculated_MAGE_vs_measured_timeseries.pdf
2026-02-04T16:49:05.267544Z INFO  utilrsw.logger     Writing C:\Users\lwilker\Documents\GitHub\SWERVE-2024-05-10\data_processed/sites/50109/figures\compare\B_v_calculated_MAGE_vs_measured_timeseries.png
2026-02-04T16:49:06.724799Z INFO  utilrsw.logger     Writing C:\Users\lwilker\Documents\GitHub\SWERVE-2024-05-10\data_processed/sites/50109/figures\compare\B_v_calculated_MAGE_vs_measured_timeseries.pdf
2026-02-04T16:49:07.408589Z INFO  utilrsw.logger     Writing C:\Users\lwilker\Documents\GitHub\SWERVE-2024-05-10\data_processed/sites/50109/figures\compare\B_H_calculated_MAGE_vs_measured_timeseries.png
2026-02-04T16:49:08.924131Z INFO  utilrsw.logger     Writing C:\Users\lwilker\Documents\GitHub\SWERVE-2024-05-10\data_processed/sites/50109/figures\compare\B_H_calculated_MAGE_vs_measured_timeseries.pdf
2026-02-04T16:49:09.472303Z INFO  utilrsw.logger   Plotting '50109/B/OpenGGCM' vs. measured data as timeseries
2026-02-04T16:49:14.481478Z INFO  utilrsw.logger     Writing C:\Users\lwilker\Documents\GitHub\SWERVE-2024-05-10\data_processed/sites/50109/figures\compare\B_N_calculated_OpenGGCM_vs_measured_timeseries.png
2026-02-04T16:49:15.964142Z INFO  utilrsw.logger     Writing C:\Users\lwilker\Documents\GitHub\SWERVE-2024-05-10\data_processed/sites/50109/figures\compare\B_N_calculated_OpenGGCM_vs_measured_timeseries.pdf
2026-02-04T16:49:16.626049Z INFO  utilrsw.logger     Writing C:\Users\lwilker\Documents\GitHub\SWERVE-2024-05-10\data_processed/sites/50109/figures\compare\B_E_calculated_OpenGGCM_vs_measured_timeseries.png
2026-02-04T16:49:18.093251Z INFO  utilrsw.logger     Writing C:\Users\lwilker\Documents\GitHub\SWERVE-2024-05-10\data_processed/sites/50109/figures\compare\B_E_calculated_OpenGGCM_vs_measured_timeseries.pdf
2026-02-04T16:49:18.735095Z INFO  utilrsw.logger     Writing C:\Users\lwilker\Documents\GitHub\SWERVE-2024-05-10\data_processed/sites/50109/figures\compare\B_v_calculated_OpenGGCM_vs_measured_timeseries.png
2026-02-04T16:49:20.205032Z INFO  utilrsw.logger     Writing C:\Users\lwilker\Documents\GitHub\SWERVE-2024-05-10\data_processed/sites/50109/figures\compare\B_v_calculated_OpenGGCM_vs_measured_timeseries.pdf
2026-02-04T16:49:21.310795Z INFO  utilrsw.logger     Writing C:\Users\lwilker\Documents\GitHub\SWERVE-2024-05-10\data_processed/sites/50109/figures\compare\B_H_calculated_OpenGGCM_vs_measured_timeseries.png
2026-02-04T16:49:22.846483Z INFO  utilrsw.logger     Writing C:\Users\lwilker\Documents\GitHub\SWERVE-2024-05-10\data_processed/sites/50109/figures\compare\B_H_calculated_OpenGGCM_vs_measured_timeseries.pdf
2026-02-04T16:49:23.416016Z INFO  utilrsw.logger   Plotting all '50109/B' calculated vs. measured data as scatter
2026-02-04T16:49:26.862918Z INFO  utilrsw.logger     Writing C:\Users\lwilker\Documents\GitHub\SWERVE-2024-05-10\data_processed/sites/50109/figures\compare\B_N_calculated_all_vs_measured_scatter.png
2026-02-04T16:49:28.429302Z INFO  utilrsw.logger     Writing C:\Users\lwilker\Documents\GitHub\SWERVE-2024-05-10\data_processed/sites/50109/figures\compare\B_N_calculated_all_vs_measured_scatter.pdf
2026-02-04T16:49:29.734251Z INFO  utilrsw.logger     Writing C:\Users\lwilker\Documents\GitHub\SWERVE-2024-05-10\data_processed/sites/50109/figures\compare\B_E_calculated_all_vs_measured_scatter.png
2026-02-04T16:49:31.272918Z INFO  utilrsw.logger     Writing C:\Users\lwilker\Documents\GitHub\SWERVE-2024-05-10\data_processed/sites/50109/figures\compare\B_E_calculated_all_vs_measured_scatter.pdf
2026-02-04T16:49:32.403305Z INFO  utilrsw.logger     Writing C:\Users\lwilker\Documents\GitHub\SWERVE-2024-05-10\data_processed/sites/50109/figures\compare\B_v_calculated_all_vs_measured_scatter.png
2026-02-04T16:49:34.121391Z INFO  utilrsw.logger     Writing C:\Users\lwilker\Documents\GitHub\SWERVE-2024-05-10\data_processed/sites/50109/figures\compare\B_v_calculated_all_vs_measured_scatter.pdf
2026-02-04T16:49:35.865913Z INFO  utilrsw.logger     Writing C:\Users\lwilker\Documents\GitHub\SWERVE-2024-05-10\data_processed/sites/50109/figures\compare\B_H_calculated_all_vs_measured_scatter.png
2026-02-04T16:49:37.692589Z INFO  utilrsw.logger     Writing C:\Users\lwilker\Documents\GitHub\SWERVE-2024-05-10\data_processed/sites/50109/figures\compare\B_H_calculated_all_vs_measured_scatter.pdf
2026-02-04T16:49:38.809253Z INFO  utilrsw.logger   Plotting all '50109/B' calculated vs. measured data as scatter
2026-02-04T16:49:43.016854Z INFO  utilrsw.logger     Writing C:\Users\lwilker\Documents\GitHub\SWERVE-2024-05-10\data_processed/sites/50109/figures\compare\B_N_calculated_all_vs_measured_scatter.png
2026-02-04T16:49:44.738991Z INFO  utilrsw.logger     Writing C:\Users\lwilker\Documents\GitHub\SWERVE-2024-05-10\data_processed/sites/50109/figures\compare\B_N_calculated_all_vs_measured_scatter.pdf
2026-02-04T16:49:46.030401Z INFO  utilrsw.logger     Writing C:\Users\lwilker\Documents\GitHub\SWERVE-2024-05-10\data_processed/sites/50109/figures\compare\B_E_calculated_all_vs_measured_scatter.png
2026-02-04T16:49:47.608964Z INFO  utilrsw.logger     Writing C:\Users\lwilker\Documents\GitHub\SWERVE-2024-05-10\data_processed/sites/50109/figures\compare\B_E_calculated_all_vs_measured_scatter.pdf
2026-02-04T16:49:48.811287Z INFO  utilrsw.logger     Writing C:\Users\lwilker\Documents\GitHub\SWERVE-2024-05-10\data_processed/sites/50109/figures\compare\B_v_calculated_all_vs_measured_scatter.png
2026-02-04T16:49:50.796517Z INFO  utilrsw.logger     Writing C:\Users\lwilker\Documents\GitHub\SWERVE-2024-05-10\data_processed/sites/50109/figures\compare\B_v_calculated_all_vs_measured_scatter.pdf
2026-02-04T16:49:51.956658Z INFO  utilrsw.logger     Writing C:\Users\lwilker\Documents\GitHub\SWERVE-2024-05-10\data_processed/sites/50109/figures\compare\B_H_calculated_all_vs_measured_scatter.png
2026-02-04T16:49:53.671266Z INFO  utilrsw.logger     Writing C:\Users\lwilker\Documents\GitHub\SWERVE-2024-05-10\data_processed/sites/50109/figures\compare\B_H_calculated_all_vs_measured_scatter.pdf
2026-02-04T16:49:54.644678Z INFO  utilrsw.logger   Plotting '50109/B/SWMF' vs. measured data as scatter
2026-02-04T16:49:58.145433Z INFO  utilrsw.logger     Writing C:\Users\lwilker\Documents\GitHub\SWERVE-2024-05-10\data_processed/sites/50109/figures\compare\B_N_calculated_SWMF_vs_measured_scatter.png
2026-02-04T16:49:59.492417Z INFO  utilrsw.logger     Writing C:\Users\lwilker\Documents\GitHub\SWERVE-2024-05-10\data_processed/sites/50109/figures\compare\B_N_calculated_SWMF_vs_measured_scatter.pdf
2026-02-04T16:50:00.245199Z INFO  utilrsw.logger     Writing C:\Users\lwilker\Documents\GitHub\SWERVE-2024-05-10\data_processed/sites/50109/figures\compare\B_E_calculated_SWMF_vs_measured_scatter.png
2026-02-04T16:50:01.688888Z INFO  utilrsw.logger     Writing C:\Users\lwilker\Documents\GitHub\SWERVE-2024-05-10\data_processed/sites/50109/figures\compare\B_E_calculated_SWMF_vs_measured_scatter.pdf
2026-02-04T16:50:02.867200Z INFO  utilrsw.logger     Writing C:\Users\lwilker\Documents\GitHub\SWERVE-2024-05-10\data_processed/sites/50109/figures\compare\B_v_calculated_SWMF_vs_measured_scatter.png
2026-02-04T16:50:04.264041Z INFO  utilrsw.logger     Writing C:\Users\lwilker\Documents\GitHub\SWERVE-2024-05-10\data_processed/sites/50109/figures\compare\B_v_calculated_SWMF_vs_measured_scatter.pdf
2026-02-04T16:50:05.084627Z INFO  utilrsw.logger     Writing C:\Users\lwilker\Documents\GitHub\SWERVE-2024-05-10\data_processed/sites/50109/figures\compare\B_H_calculated_SWMF_vs_measured_scatter.png
2026-02-04T16:50:06.536979Z INFO  utilrsw.logger     Writing C:\Users\lwilker\Documents\GitHub\SWERVE-2024-05-10\data_processed/sites/50109/figures\compare\B_H_calculated_SWMF_vs_measured_scatter.pdf
2026-02-04T16:50:07.150642Z INFO  utilrsw.logger   Plotting '50109/B/MAGE' vs. measured data as scatter
2026-02-04T16:50:10.346008Z INFO  utilrsw.logger     Writing C:\Users\lwilker\Documents\GitHub\SWERVE-2024-05-10\data_processed/sites/50109/figures\compare\B_N_calculated_MAGE_vs_measured_scatter.png
2026-02-04T16:50:11.777275Z INFO  utilrsw.logger     Writing C:\Users\lwilker\Documents\GitHub\SWERVE-2024-05-10\data_processed/sites/50109/figures\compare\B_N_calculated_MAGE_vs_measured_scatter.pdf
2026-02-04T16:50:12.552511Z INFO  utilrsw.logger     Writing C:\Users\lwilker\Documents\GitHub\SWERVE-2024-05-10\data_processed/sites/50109/figures\compare\B_E_calculated_MAGE_vs_measured_scatter.png
2026-02-04T16:50:13.973539Z INFO  utilrsw.logger     Writing C:\Users\lwilker\Documents\GitHub\SWERVE-2024-05-10\data_processed/sites/50109/figures\compare\B_E_calculated_MAGE_vs_measured_scatter.pdf
2026-02-04T16:50:14.700834Z INFO  utilrsw.logger     Writing C:\Users\lwilker\Documents\GitHub\SWERVE-2024-05-10\data_processed/sites/50109/figures\compare\B_v_calculated_MAGE_vs_measured_scatter.png
2026-02-04T16:50:16.132905Z INFO  utilrsw.logger     Writing C:\Users\lwilker\Documents\GitHub\SWERVE-2024-05-10\data_processed/sites/50109/figures\compare\B_v_calculated_MAGE_vs_measured_scatter.pdf
2026-02-04T16:50:17.326028Z INFO  utilrsw.logger     Writing C:\Users\lwilker\Documents\GitHub\SWERVE-2024-05-10\data_processed/sites/50109/figures\compare\B_H_calculated_MAGE_vs_measured_scatter.png
2026-02-04T16:50:18.873734Z INFO  utilrsw.logger     Writing C:\Users\lwilker\Documents\GitHub\SWERVE-2024-05-10\data_processed/sites/50109/figures\compare\B_H_calculated_MAGE_vs_measured_scatter.pdf
2026-02-04T16:50:19.496578Z INFO  utilrsw.logger   Plotting '50109/B/OpenGGCM' vs. measured data as scatter
2026-02-04T16:50:22.598368Z INFO  utilrsw.logger     Writing C:\Users\lwilker\Documents\GitHub\SWERVE-2024-05-10\data_processed/sites/50109/figures\compare\B_N_calculated_OpenGGCM_vs_measured_scatter.png
2026-02-04T16:50:24.016627Z INFO  utilrsw.logger     Writing C:\Users\lwilker\Documents\GitHub\SWERVE-2024-05-10\data_processed/sites/50109/figures\compare\B_N_calculated_OpenGGCM_vs_measured_scatter.pdf
2026-02-04T16:50:24.760840Z INFO  utilrsw.logger     Writing C:\Users\lwilker\Documents\GitHub\SWERVE-2024-05-10\data_processed/sites/50109/figures\compare\B_E_calculated_OpenGGCM_vs_measured_scatter.png
2026-02-04T16:50:26.166621Z INFO  utilrsw.logger     Writing C:\Users\lwilker\Documents\GitHub\SWERVE-2024-05-10\data_processed/sites/50109/figures\compare\B_E_calculated_OpenGGCM_vs_measured_scatter.pdf
2026-02-04T16:50:26.993515Z INFO  utilrsw.logger     Writing C:\Users\lwilker\Documents\GitHub\SWERVE-2024-05-10\data_processed/sites/50109/figures\compare\B_v_calculated_OpenGGCM_vs_measured_scatter.png
2026-02-04T16:50:28.466346Z INFO  utilrsw.logger     Writing C:\Users\lwilker\Documents\GitHub\SWERVE-2024-05-10\data_processed/sites/50109/figures\compare\B_v_calculated_OpenGGCM_vs_measured_scatter.pdf
2026-02-04T16:50:29.281380Z INFO  utilrsw.logger     Writing C:\Users\lwilker\Documents\GitHub\SWERVE-2024-05-10\data_processed/sites/50109/figures\compare\B_H_calculated_OpenGGCM_vs_measured_scatter.png
2026-02-04T16:50:31.138277Z INFO  utilrsw.logger     Writing C:\Users\lwilker\Documents\GitHub\SWERVE-2024-05-10\data_processed/sites/50109/figures\compare\B_H_calculated_OpenGGCM_vs_measured_scatter.pdf
2026-02-04T16:50:31.853310Z INFO  utilrsw.logger   Plotting '50109/B/measured/NERC' original vs. modified data
2026-02-04T16:50:44.502387Z INFO  utilrsw.logger     Writing C:\Users\lwilker\Documents\GitHub\SWERVE-2024-05-10\data_processed/sites/50109/figures\original\B_measured_NERC.png
2026-02-04T16:50:45.814352Z INFO  utilrsw.logger     Writing C:\Users\lwilker\Documents\GitHub\SWERVE-2024-05-10\data_processed/sites/50109/figures\original\B_measured_NERC.pdf
2026-02-04T16:50:47.120976Z INFO  utilrsw.logger     Writing C:\Users\lwilker\Documents\GitHub\SWERVE-2024-05-10\data_processed/sites/50109/figures\original\B_measured_NERC.png
2026-02-04T16:50:49.079493Z INFO  utilrsw.logger     Writing C:\Users\lwilker\Documents\GitHub\SWERVE-2024-05-10\data_processed/sites/50109/figures\original\B_measured_NERC.pdf
2026-02-04T16:50:50.247760Z INFO  utilrsw.logger     Writing C:\Users\lwilker\Documents\GitHub\SWERVE-2024-05-10\data_processed/sites/50109/figures\original\B_measured_NERC.png
2026-02-04T16:50:51.704511Z INFO  utilrsw.logger     Writing C:\Users\lwilker\Documents\GitHub\SWERVE-2024-05-10\data_processed/sites/50109/figures\original\B_measured_NERC.pdf
2026-02-04T16:50:52.272942Z INFO  utilrsw.logger   Plotting '50109/B/calculated/SWMF' original vs. modified data
2026-02-04T16:50:57.089150Z INFO  utilrsw.logger     Writing C:\Users\lwilker\Documents\GitHub\SWERVE-2024-05-10\data_processed/sites/50109/figures\original\B_calculated_SWMF.png
2026-02-04T16:50:58.655103Z INFO  utilrsw.logger     Writing C:\Users\lwilker\Documents\GitHub\SWERVE-2024-05-10\data_processed/sites/50109/figures\original\B_calculated_SWMF.pdf
2026-02-04T16:50:59.312509Z INFO  utilrsw.logger     Writing C:\Users\lwilker\Documents\GitHub\SWERVE-2024-05-10\data_processed/sites/50109/figures\original\B_calculated_SWMF.png
2026-02-04T16:51:00.830884Z INFO  utilrsw.logger     Writing C:\Users\lwilker\Documents\GitHub\SWERVE-2024-05-10\data_processed/sites/50109/figures\original\B_calculated_SWMF.pdf
2026-02-04T16:51:01.574554Z INFO  utilrsw.logger     Writing C:\Users\lwilker\Documents\GitHub\SWERVE-2024-05-10\data_processed/sites/50109/figures\original\B_calculated_SWMF.png
2026-02-04T16:51:03.047378Z INFO  utilrsw.logger     Writing C:\Users\lwilker\Documents\GitHub\SWERVE-2024-05-10\data_processed/sites/50109/figures\original\B_calculated_SWMF.pdf
2026-02-04T16:51:03.505857Z INFO  utilrsw.logger   Plotting '50109/B/calculated/MAGE' original vs. modified data
2026-02-04T16:51:08.226937Z INFO  utilrsw.logger     Writing C:\Users\lwilker\Documents\GitHub\SWERVE-2024-05-10\data_processed/sites/50109/figures\original\B_calculated_MAGE.png
2026-02-04T16:51:10.167953Z INFO  utilrsw.logger     Writing C:\Users\lwilker\Documents\GitHub\SWERVE-2024-05-10\data_processed/sites/50109/figures\original\B_calculated_MAGE.pdf
2026-02-04T16:51:10.895911Z INFO  utilrsw.logger     Writing C:\Users\lwilker\Documents\GitHub\SWERVE-2024-05-10\data_processed/sites/50109/figures\original\B_calculated_MAGE.png
2026-02-04T16:51:12.477956Z INFO  utilrsw.logger     Writing C:\Users\lwilker\Documents\GitHub\SWERVE-2024-05-10\data_processed/sites/50109/figures\original\B_calculated_MAGE.pdf
2026-02-04T16:51:13.186198Z INFO  utilrsw.logger     Writing C:\Users\lwilker\Documents\GitHub\SWERVE-2024-05-10\data_processed/sites/50109/figures\original\B_calculated_MAGE.png
2026-02-04T16:51:15.085901Z INFO  utilrsw.logger     Writing C:\Users\lwilker\Documents\GitHub\SWERVE-2024-05-10\data_processed/sites/50109/figures\original\B_calculated_MAGE.pdf
2026-02-04T16:51:15.765924Z INFO  utilrsw.logger   Plotting '50109/B/calculated/OpenGGCM' original vs. modified data
2026-02-04T16:51:20.310821Z INFO  utilrsw.logger     Writing C:\Users\lwilker\Documents\GitHub\SWERVE-2024-05-10\data_processed/sites/50109/figures\original\B_calculated_OpenGGCM.png
2026-02-04T16:51:22.045245Z INFO  utilrsw.logger     Writing C:\Users\lwilker\Documents\GitHub\SWERVE-2024-05-10\data_processed/sites/50109/figures\original\B_calculated_OpenGGCM.pdf
2026-02-04T16:51:22.809609Z INFO  utilrsw.logger     Writing C:\Users\lwilker\Documents\GitHub\SWERVE-2024-05-10\data_processed/sites/50109/figures\original\B_calculated_OpenGGCM.png
2026-02-04T16:51:24.491318Z INFO  utilrsw.logger     Writing C:\Users\lwilker\Documents\GitHub\SWERVE-2024-05-10\data_processed/sites/50109/figures\original\B_calculated_OpenGGCM.pdf
2026-02-04T16:51:25.569674Z INFO  utilrsw.logger     Writing C:\Users\lwilker\Documents\GitHub\SWERVE-2024-05-10\data_processed/sites/50109/figures\original\B_calculated_OpenGGCM.png
2026-02-04T16:51:27.359227Z INFO  utilrsw.logger     Writing C:\Users\lwilker\Documents\GitHub\SWERVE-2024-05-10\data_processed/sites/50109/figures\original\B_calculated_OpenGGCM.pdf
2026-02-04T16:51:27.854133Z INFO  utilrsw.logger Reading '50115' data
2026-02-04T16:51:27.857124Z INFO  utilrsw.logger   Reading cached file with all data for site '50115': C:\Users\lwilker\Documents\GitHub\SWERVE-2024-05-10\data_processed\sites\50115\data\_all.pkl
2026-02-04T16:51:28.183751Z INFO  utilrsw.logger Computing stats for '50115' data
2026-02-04T16:51:29.181739Z INFO  utilrsw.logger   Uniq dts [ns] = [1000000000]
2026-02-04T16:51:29.181739Z INFO  utilrsw.logger   Uniq dts [#]  = 1
2026-02-04T16:51:29.181739Z INFO  utilrsw.logger   Stats for B/measured/NERC:
2026-02-04T16:51:29.184257Z INFO  utilrsw.logger 
    std: [227.03129112  79.71566132 138.5611457  167.66305275]
    ave: [-146.05350662  -15.39059006   21.42742589  226.70165538]
    min: [-955.14       -465.3345     -587.81233333    5.07669839]
    max: [ 997.54666667  328.2845      572.232      1045.79583188]
    n: 2341
    n_valid: [2341 2341 2341 2341]
    dt_original: [1000000000]

2026-02-04T16:51:29.208403Z INFO  utilrsw.logger   Uniq dts [ns] = [60000000000]
2026-02-04T16:51:29.209402Z INFO  utilrsw.logger   Uniq dts [#]  = 1
2026-02-04T16:51:29.209402Z INFO  utilrsw.logger   Stats for B/calculated/SWMF:
2026-02-04T16:51:29.211406Z INFO  utilrsw.logger 
    std: [61.55297826 40.62232909 48.63456618 61.09636473]
    ave: [39.30485824  4.30870965 -9.90613678 57.18053717]
    min: [ -46.95109187  -83.4928645  -224.29214158    0.41861022]
    max: [247.9225213  190.3907761  117.22681999 306.23210485]
    n: 2341
    n_valid: [2339 2339 2339 2339]
    dt_original: [60000000000]

2026-02-04T16:51:29.221407Z INFO  utilrsw.logger   Uniq dts [ns] = [60000000000]
2026-02-04T16:51:29.221407Z INFO  utilrsw.logger   Uniq dts [#]  = 1
2026-02-04T16:51:29.222405Z INFO  utilrsw.logger   Stats for B/calculated/MAGE:
2026-02-04T16:51:29.224404Z INFO  utilrsw.logger 
    std: [139.23240713  75.16177289 183.96593248 128.25959007]
    ave: [244.86389757  72.73662548 406.22330392 271.72298003]
    min: [-142.80743189  -98.9302692   -79.63460823   15.97226665]
    max: [567.22667099 287.32132977 829.86925886 609.36300431]
    n: 2341
    n_valid: [1980 1980 1980 1980]
    dt_original: [60000000000]

2026-02-04T16:51:29.242752Z INFO  utilrsw.logger   Uniq dts [ns] = [60000000000]
2026-02-04T16:51:29.243754Z INFO  utilrsw.logger   Uniq dts [#]  = 1
2026-02-04T16:51:29.244751Z INFO  utilrsw.logger   Stats for B/calculated/OpenGGCM:
2026-02-04T16:51:29.246751Z INFO  utilrsw.logger 
    std: [116.22194576 329.49249758 273.0378108  264.58456725]
    ave: [-76.49604874 101.15636743  37.64396636 261.05959005]
    min: [ -620.3965028   -635.61305407 -1071.02864259     9.61245032]
    max: [ 372.27006997 1312.73608931  709.66583199 1431.76901054]
    n: 2341
    n_valid: [2341 2341 2341 2341]
    dt_original: [60000000000]

2026-02-04T16:51:29.248758Z WARN  utilrsw.logger   Multiplying measured data by -1 before computing pe.
2026-02-04T16:51:29.251759Z INFO  utilrsw.logger   Metrics for B/calculated/SWMF:
2026-02-04T16:51:29.253759Z INFO  utilrsw.logger 
    err_rms: [291.47667786  97.7693121  135.63992755 228.52073281]
    err_ave: [-185.11267704  -19.65376159   31.56325599  169.33847742]
    err: [[-41.58128526  52.23347753   0.46940347  60.00793352]
 [-41.24714815  53.53733577   1.83582162  60.17707077]
 [-40.9206639   52.51959856   3.68471015  57.88653785]
 ...
 [-74.50239797  27.49133017   1.25470184  72.27545084]
 [-77.51990139  24.26850338   1.55559181  73.92376952]
 [-77.81886857  25.36611453   4.33010662  74.31637592]]
    cc: [ 0.16498716 -0.17990642  0.30546666  0.40425559]
    pe: [-0.64926493 -0.0954211   0.0391661  -0.85889754]
    valid: [[ True  True  True  True]
 [ True  True  True  True]
 [ True  True  True  True]
 ...
 [ True  True  True  True]
 [ True  True  True  True]
 [ True  True  True  True]]
    n_valid: [2339 2339 2339 2339]

2026-02-04T16:51:29.255761Z WARN  utilrsw.logger   Multiplying measured data by -1 before computing pe.
2026-02-04T16:51:29.256759Z WARN  utilrsw.logger   Multiplying measured data by -1 before computing pe.
2026-02-04T16:51:29.258759Z WARN  utilrsw.logger   Multiplying measured data by -1 before computing pe.
2026-02-04T16:51:29.260764Z INFO  utilrsw.logger   Metrics for B/calculated/MAGE:
2026-02-04T16:51:29.263280Z INFO  utilrsw.logger 
    err_rms: [521.96110698 151.27967629 468.21799967 147.49810406]
    err_ave: [-406.03643226  -97.315002   -385.56541595  -19.17948928]
    err: [[ -18.39188097   58.93817025  -13.93061632   54.20163779]
 [ -16.77494903   60.75782308  -12.5857923    54.40968593]
 [ -14.79931597   59.56679025  -11.17129597   52.11324571]
 ...
 [-347.55461036  -61.70903739 -329.64400293 -192.22764293]
 [-351.88151275  -61.23180985 -330.33369959 -190.63963456]
 [-351.89537588  -62.05438385 -329.38766546 -189.12043863]]
    cc: [-0.4269212  -0.0964373  -0.26276652  0.54665753]
    pe: [ 0.04301118 -1.03072727 -9.04614618  0.24166756]
    valid: [[ True  True  True  True]
 [ True  True  True  True]
 [ True  True  True  True]
 ...
 [False False False False]
 [False False False False]
 [False False False False]]
    n_valid: [1980 1980 1980 1980]

2026-02-04T16:51:29.265302Z WARN  utilrsw.logger   Multiplying measured data by -1 before computing pe.
2026-02-04T16:51:29.266451Z WARN  utilrsw.logger   Multiplying measured data by -1 before computing pe.
2026-02-04T16:51:29.268467Z WARN  utilrsw.logger   Multiplying measured data by -1 before computing pe.
2026-02-04T16:51:29.270468Z INFO  utilrsw.logger   Metrics for B/calculated/OpenGGCM:
2026-02-04T16:51:29.273467Z INFO  utilrsw.logger 
    err_rms: [307.51111602 381.37975208 370.23184163 284.68966928]
    err_ave: [ -69.55745788 -116.54695749  -16.21654047  -34.35793467]
    err: [[  -3.10334299  207.25112896 -179.71259917  -76.92036413]
 [  -2.55818348  211.05226142 -177.91521317  -78.59665334]
 [  -0.61039655  211.11840021 -173.05575117  -81.79927222]
 ...
 [  -2.7366604    82.45045595  -95.73324351  -11.91396668]
 [  -5.31922364   89.66907685  -97.30487031  -17.33308399]
 [  -4.39797286  100.48544053  -95.40098456  -24.40150201]]
    cc: [-0.4675601  -0.32261507 -0.56908585  0.20567761]
    pe: [ -0.74426386 -15.57515075  -1.82191386  -1.88315955]
    valid: [[ True  True  True  True]
 [ True  True  True  True]
 [ True  True  True  True]
 ...
 [ True  True  True  True]
 [ True  True  True  True]
 [ True  True  True  True]]
    n_valid: [2341 2341 2341 2341]

2026-02-04T16:51:29.292219Z INFO  utilrsw.logger Plotting '50115' data
2026-02-04T16:51:29.295252Z INFO  utilrsw.logger   Plotting '50115/B/calculated/MAGE/raw' data
2026-02-04T16:51:34.148508Z INFO  utilrsw.logger     Writing C:\Users\lwilker\Documents\GitHub\SWERVE-2024-05-10\data_processed/sites/50115/figures\raw\B_calculated_MAGE.png
2026-02-04T16:51:34.973584Z INFO  utilrsw.logger     Writing C:\Users\lwilker\Documents\GitHub\SWERVE-2024-05-10\data_processed/sites/50115/figures\raw\B_calculated_MAGE.pdf
2026-02-04T16:51:34.982605Z INFO  utilrsw.logger   Plotting '50115/B/calculated/MAGE/raw' to compare dBn with dBt and dBp
2026-02-04T16:51:36.674347Z INFO  utilrsw.logger     Writing C:\Users\lwilker\Documents\GitHub\SWERVE-2024-05-10\data_processed/sites/50115/figures\raw\B_calculated_MAGE_compare_dBn_dBt_dBp.png
2026-02-04T16:51:38.440938Z INFO  utilrsw.logger     Writing C:\Users\lwilker\Documents\GitHub\SWERVE-2024-05-10\data_processed/sites/50115/figures\raw\B_calculated_MAGE_compare_dBn_dBt_dBp.pdf
2026-02-04T16:51:39.399604Z INFO  utilrsw.logger   Plotting all '50115/B' calculated vs. measured data as timeseries
2026-02-04T16:51:44.789767Z INFO  utilrsw.logger     Writing C:\Users\lwilker\Documents\GitHub\SWERVE-2024-05-10\data_processed/sites/50115/figures\compare\B_N_calculated_all_vs_measured_timeseries.png
2026-02-04T16:51:46.309994Z INFO  utilrsw.logger     Writing C:\Users\lwilker\Documents\GitHub\SWERVE-2024-05-10\data_processed/sites/50115/figures\compare\B_N_calculated_all_vs_measured_timeseries.pdf
2026-02-04T16:51:47.050117Z INFO  utilrsw.logger     Writing C:\Users\lwilker\Documents\GitHub\SWERVE-2024-05-10\data_processed/sites/50115/figures\compare\B_E_calculated_all_vs_measured_timeseries.png
2026-02-04T16:51:48.426976Z INFO  utilrsw.logger     Writing C:\Users\lwilker\Documents\GitHub\SWERVE-2024-05-10\data_processed/sites/50115/figures\compare\B_E_calculated_all_vs_measured_timeseries.pdf
2026-02-04T16:51:49.098189Z INFO  utilrsw.logger     Writing C:\Users\lwilker\Documents\GitHub\SWERVE-2024-05-10\data_processed/sites/50115/figures\compare\B_v_calculated_all_vs_measured_timeseries.png
2026-02-04T16:51:50.591800Z INFO  utilrsw.logger     Writing C:\Users\lwilker\Documents\GitHub\SWERVE-2024-05-10\data_processed/sites/50115/figures\compare\B_v_calculated_all_vs_measured_timeseries.pdf
2026-02-04T16:51:51.401309Z INFO  utilrsw.logger     Writing C:\Users\lwilker\Documents\GitHub\SWERVE-2024-05-10\data_processed/sites/50115/figures\compare\B_H_calculated_all_vs_measured_timeseries.png
2026-02-04T16:51:53.031524Z INFO  utilrsw.logger     Writing C:\Users\lwilker\Documents\GitHub\SWERVE-2024-05-10\data_processed/sites/50115/figures\compare\B_H_calculated_all_vs_measured_timeseries.pdf
2026-02-04T16:51:53.657362Z INFO  utilrsw.logger   Plotting all '50115/B' calculated vs. measured data as timeseries
2026-02-04T16:52:00.414503Z INFO  utilrsw.logger     Writing C:\Users\lwilker\Documents\GitHub\SWERVE-2024-05-10\data_processed/sites/50115/figures\compare\B_N_calculated_all_vs_measured_timeseries.png
2026-02-04T16:52:02.041183Z INFO  utilrsw.logger     Writing C:\Users\lwilker\Documents\GitHub\SWERVE-2024-05-10\data_processed/sites/50115/figures\compare\B_N_calculated_all_vs_measured_timeseries.pdf
2026-02-04T16:52:02.826956Z INFO  utilrsw.logger     Writing C:\Users\lwilker\Documents\GitHub\SWERVE-2024-05-10\data_processed/sites/50115/figures\compare\B_E_calculated_all_vs_measured_timeseries.png
2026-02-04T16:52:04.484317Z INFO  utilrsw.logger     Writing C:\Users\lwilker\Documents\GitHub\SWERVE-2024-05-10\data_processed/sites/50115/figures\compare\B_E_calculated_all_vs_measured_timeseries.pdf
2026-02-04T16:52:05.368088Z INFO  utilrsw.logger     Writing C:\Users\lwilker\Documents\GitHub\SWERVE-2024-05-10\data_processed/sites/50115/figures\compare\B_v_calculated_all_vs_measured_timeseries.png
2026-02-04T16:52:07.135448Z INFO  utilrsw.logger     Writing C:\Users\lwilker\Documents\GitHub\SWERVE-2024-05-10\data_processed/sites/50115/figures\compare\B_v_calculated_all_vs_measured_timeseries.pdf
2026-02-04T16:52:08.006624Z INFO  utilrsw.logger     Writing C:\Users\lwilker\Documents\GitHub\SWERVE-2024-05-10\data_processed/sites/50115/figures\compare\B_H_calculated_all_vs_measured_timeseries.png
2026-02-04T16:52:09.819559Z INFO  utilrsw.logger     Writing C:\Users\lwilker\Documents\GitHub\SWERVE-2024-05-10\data_processed/sites/50115/figures\compare\B_H_calculated_all_vs_measured_timeseries.pdf
2026-02-04T16:52:10.551970Z INFO  utilrsw.logger   Plotting '50115/B/SWMF' vs. measured data as timeseries
2026-02-04T16:52:17.517485Z INFO  utilrsw.logger     Writing C:\Users\lwilker\Documents\GitHub\SWERVE-2024-05-10\data_processed/sites/50115/figures\compare\B_N_calculated_SWMF_vs_measured_timeseries.png
2026-02-04T16:52:19.397853Z INFO  utilrsw.logger     Writing C:\Users\lwilker\Documents\GitHub\SWERVE-2024-05-10\data_processed/sites/50115/figures\compare\B_N_calculated_SWMF_vs_measured_timeseries.pdf
2026-02-04T16:52:20.283387Z INFO  utilrsw.logger     Writing C:\Users\lwilker\Documents\GitHub\SWERVE-2024-05-10\data_processed/sites/50115/figures\compare\B_E_calculated_SWMF_vs_measured_timeseries.png
2026-02-04T16:52:21.986627Z INFO  utilrsw.logger     Writing C:\Users\lwilker\Documents\GitHub\SWERVE-2024-05-10\data_processed/sites/50115/figures\compare\B_E_calculated_SWMF_vs_measured_timeseries.pdf
2026-02-04T16:52:22.767826Z INFO  utilrsw.logger     Writing C:\Users\lwilker\Documents\GitHub\SWERVE-2024-05-10\data_processed/sites/50115/figures\compare\B_v_calculated_SWMF_vs_measured_timeseries.png
2026-02-04T16:52:24.521688Z INFO  utilrsw.logger     Writing C:\Users\lwilker\Documents\GitHub\SWERVE-2024-05-10\data_processed/sites/50115/figures\compare\B_v_calculated_SWMF_vs_measured_timeseries.pdf
2026-02-04T16:52:25.166939Z INFO  utilrsw.logger     Writing C:\Users\lwilker\Documents\GitHub\SWERVE-2024-05-10\data_processed/sites/50115/figures\compare\B_H_calculated_SWMF_vs_measured_timeseries.png
2026-02-04T16:52:26.628879Z INFO  utilrsw.logger     Writing C:\Users\lwilker\Documents\GitHub\SWERVE-2024-05-10\data_processed/sites/50115/figures\compare\B_H_calculated_SWMF_vs_measured_timeseries.pdf
2026-02-04T16:52:27.106889Z INFO  utilrsw.logger   Plotting '50115/B/MAGE' vs. measured data as timeseries
2026-02-04T16:52:32.491205Z INFO  utilrsw.logger     Writing C:\Users\lwilker\Documents\GitHub\SWERVE-2024-05-10\data_processed/sites/50115/figures\compare\B_N_calculated_MAGE_vs_measured_timeseries.png
2026-02-04T16:52:34.172076Z INFO  utilrsw.logger     Writing C:\Users\lwilker\Documents\GitHub\SWERVE-2024-05-10\data_processed/sites/50115/figures\compare\B_N_calculated_MAGE_vs_measured_timeseries.pdf
2026-02-04T16:52:34.967806Z INFO  utilrsw.logger     Writing C:\Users\lwilker\Documents\GitHub\SWERVE-2024-05-10\data_processed/sites/50115/figures\compare\B_E_calculated_MAGE_vs_measured_timeseries.png
2026-02-04T16:52:36.584996Z INFO  utilrsw.logger     Writing C:\Users\lwilker\Documents\GitHub\SWERVE-2024-05-10\data_processed/sites/50115/figures\compare\B_E_calculated_MAGE_vs_measured_timeseries.pdf
2026-02-04T16:52:37.462033Z INFO  utilrsw.logger     Writing C:\Users\lwilker\Documents\GitHub\SWERVE-2024-05-10\data_processed/sites/50115/figures\compare\B_v_calculated_MAGE_vs_measured_timeseries.png
2026-02-04T16:52:39.345747Z INFO  utilrsw.logger     Writing C:\Users\lwilker\Documents\GitHub\SWERVE-2024-05-10\data_processed/sites/50115/figures\compare\B_v_calculated_MAGE_vs_measured_timeseries.pdf
2026-02-04T16:52:40.300540Z INFO  utilrsw.logger     Writing C:\Users\lwilker\Documents\GitHub\SWERVE-2024-05-10\data_processed/sites/50115/figures\compare\B_H_calculated_MAGE_vs_measured_timeseries.png
2026-02-04T16:52:41.835370Z INFO  utilrsw.logger     Writing C:\Users\lwilker\Documents\GitHub\SWERVE-2024-05-10\data_processed/sites/50115/figures\compare\B_H_calculated_MAGE_vs_measured_timeseries.pdf
2026-02-04T16:52:42.321790Z INFO  utilrsw.logger   Plotting '50115/B/OpenGGCM' vs. measured data as timeseries
2026-02-04T16:52:48.432200Z INFO  utilrsw.logger     Writing C:\Users\lwilker\Documents\GitHub\SWERVE-2024-05-10\data_processed/sites/50115/figures\compare\B_N_calculated_OpenGGCM_vs_measured_timeseries.png
2026-02-04T16:52:49.811049Z INFO  utilrsw.logger     Writing C:\Users\lwilker\Documents\GitHub\SWERVE-2024-05-10\data_processed/sites/50115/figures\compare\B_N_calculated_OpenGGCM_vs_measured_timeseries.pdf
2026-02-04T16:52:50.718968Z INFO  utilrsw.logger     Writing C:\Users\lwilker\Documents\GitHub\SWERVE-2024-05-10\data_processed/sites/50115/figures\compare\B_E_calculated_OpenGGCM_vs_measured_timeseries.png
2026-02-04T16:52:52.356396Z INFO  utilrsw.logger     Writing C:\Users\lwilker\Documents\GitHub\SWERVE-2024-05-10\data_processed/sites/50115/figures\compare\B_E_calculated_OpenGGCM_vs_measured_timeseries.pdf
2026-02-04T16:52:53.080753Z INFO  utilrsw.logger     Writing C:\Users\lwilker\Documents\GitHub\SWERVE-2024-05-10\data_processed/sites/50115/figures\compare\B_v_calculated_OpenGGCM_vs_measured_timeseries.png
2026-02-04T16:52:54.731016Z INFO  utilrsw.logger     Writing C:\Users\lwilker\Documents\GitHub\SWERVE-2024-05-10\data_processed/sites/50115/figures\compare\B_v_calculated_OpenGGCM_vs_measured_timeseries.pdf
2026-02-04T16:52:55.452182Z INFO  utilrsw.logger     Writing C:\Users\lwilker\Documents\GitHub\SWERVE-2024-05-10\data_processed/sites/50115/figures\compare\B_H_calculated_OpenGGCM_vs_measured_timeseries.png
2026-02-04T16:52:57.024783Z INFO  utilrsw.logger     Writing C:\Users\lwilker\Documents\GitHub\SWERVE-2024-05-10\data_processed/sites/50115/figures\compare\B_H_calculated_OpenGGCM_vs_measured_timeseries.pdf
2026-02-04T16:52:57.617106Z INFO  utilrsw.logger   Plotting all '50115/B' calculated vs. measured data as scatter
2026-02-04T16:53:01.662129Z INFO  utilrsw.logger     Writing C:\Users\lwilker\Documents\GitHub\SWERVE-2024-05-10\data_processed/sites/50115/figures\compare\B_N_calculated_all_vs_measured_scatter.png
2026-02-04T16:53:04.126446Z INFO  utilrsw.logger     Writing C:\Users\lwilker\Documents\GitHub\SWERVE-2024-05-10\data_processed/sites/50115/figures\compare\B_N_calculated_all_vs_measured_scatter.pdf
2026-02-04T16:53:05.390704Z INFO  utilrsw.logger     Writing C:\Users\lwilker\Documents\GitHub\SWERVE-2024-05-10\data_processed/sites/50115/figures\compare\B_E_calculated_all_vs_measured_scatter.png
2026-02-04T16:53:07.051924Z INFO  utilrsw.logger     Writing C:\Users\lwilker\Documents\GitHub\SWERVE-2024-05-10\data_processed/sites/50115/figures\compare\B_E_calculated_all_vs_measured_scatter.pdf
2026-02-04T16:53:08.633531Z INFO  utilrsw.logger     Writing C:\Users\lwilker\Documents\GitHub\SWERVE-2024-05-10\data_processed/sites/50115/figures\compare\B_v_calculated_all_vs_measured_scatter.png
2026-02-04T16:53:10.633316Z INFO  utilrsw.logger     Writing C:\Users\lwilker\Documents\GitHub\SWERVE-2024-05-10\data_processed/sites/50115/figures\compare\B_v_calculated_all_vs_measured_scatter.pdf
2026-02-04T16:53:11.821850Z INFO  utilrsw.logger     Writing C:\Users\lwilker\Documents\GitHub\SWERVE-2024-05-10\data_processed/sites/50115/figures\compare\B_H_calculated_all_vs_measured_scatter.png
2026-02-04T16:53:13.649009Z INFO  utilrsw.logger     Writing C:\Users\lwilker\Documents\GitHub\SWERVE-2024-05-10\data_processed/sites/50115/figures\compare\B_H_calculated_all_vs_measured_scatter.pdf
2026-02-04T16:53:14.687964Z INFO  utilrsw.logger   Plotting all '50115/B' calculated vs. measured data as scatter
2026-02-04T16:53:18.620648Z INFO  utilrsw.logger     Writing C:\Users\lwilker\Documents\GitHub\SWERVE-2024-05-10\data_processed/sites/50115/figures\compare\B_N_calculated_all_vs_measured_scatter.png
2026-02-04T16:53:20.557248Z INFO  utilrsw.logger     Writing C:\Users\lwilker\Documents\GitHub\SWERVE-2024-05-10\data_processed/sites/50115/figures\compare\B_N_calculated_all_vs_measured_scatter.pdf
2026-02-04T16:53:22.028929Z INFO  utilrsw.logger     Writing C:\Users\lwilker\Documents\GitHub\SWERVE-2024-05-10\data_processed/sites/50115/figures\compare\B_E_calculated_all_vs_measured_scatter.png
2026-02-04T16:53:23.836136Z INFO  utilrsw.logger     Writing C:\Users\lwilker\Documents\GitHub\SWERVE-2024-05-10\data_processed/sites/50115/figures\compare\B_E_calculated_all_vs_measured_scatter.pdf
2026-02-04T16:53:25.166875Z INFO  utilrsw.logger     Writing C:\Users\lwilker\Documents\GitHub\SWERVE-2024-05-10\data_processed/sites/50115/figures\compare\B_v_calculated_all_vs_measured_scatter.png
2026-02-04T16:53:27.016948Z INFO  utilrsw.logger     Writing C:\Users\lwilker\Documents\GitHub\SWERVE-2024-05-10\data_processed/sites/50115/figures\compare\B_v_calculated_all_vs_measured_scatter.pdf
2026-02-04T16:53:28.224774Z INFO  utilrsw.logger     Writing C:\Users\lwilker\Documents\GitHub\SWERVE-2024-05-10\data_processed/sites/50115/figures\compare\B_H_calculated_all_vs_measured_scatter.png
2026-02-04T16:53:29.911405Z INFO  utilrsw.logger     Writing C:\Users\lwilker\Documents\GitHub\SWERVE-2024-05-10\data_processed/sites/50115/figures\compare\B_H_calculated_all_vs_measured_scatter.pdf
2026-02-04T16:53:30.888431Z INFO  utilrsw.logger   Plotting '50115/B/SWMF' vs. measured data as scatter
2026-02-04T16:53:34.784527Z INFO  utilrsw.logger     Writing C:\Users\lwilker\Documents\GitHub\SWERVE-2024-05-10\data_processed/sites/50115/figures\compare\B_N_calculated_SWMF_vs_measured_scatter.png
2026-02-04T16:53:36.500876Z INFO  utilrsw.logger     Writing C:\Users\lwilker\Documents\GitHub\SWERVE-2024-05-10\data_processed/sites/50115/figures\compare\B_N_calculated_SWMF_vs_measured_scatter.pdf
2026-02-04T16:53:37.615804Z INFO  utilrsw.logger     Writing C:\Users\lwilker\Documents\GitHub\SWERVE-2024-05-10\data_processed/sites/50115/figures\compare\B_E_calculated_SWMF_vs_measured_scatter.png
2026-02-04T16:53:39.533277Z INFO  utilrsw.logger     Writing C:\Users\lwilker\Documents\GitHub\SWERVE-2024-05-10\data_processed/sites/50115/figures\compare\B_E_calculated_SWMF_vs_measured_scatter.pdf
2026-02-04T16:53:40.331383Z INFO  utilrsw.logger     Writing C:\Users\lwilker\Documents\GitHub\SWERVE-2024-05-10\data_processed/sites/50115/figures\compare\B_v_calculated_SWMF_vs_measured_scatter.png
2026-02-04T16:53:41.820672Z INFO  utilrsw.logger     Writing C:\Users\lwilker\Documents\GitHub\SWERVE-2024-05-10\data_processed/sites/50115/figures\compare\B_v_calculated_SWMF_vs_measured_scatter.pdf
2026-02-04T16:53:42.571791Z INFO  utilrsw.logger     Writing C:\Users\lwilker\Documents\GitHub\SWERVE-2024-05-10\data_processed/sites/50115/figures\compare\B_H_calculated_SWMF_vs_measured_scatter.png
2026-02-04T16:53:44.349835Z INFO  utilrsw.logger     Writing C:\Users\lwilker\Documents\GitHub\SWERVE-2024-05-10\data_processed/sites/50115/figures\compare\B_H_calculated_SWMF_vs_measured_scatter.pdf
2026-02-04T16:53:45.087077Z INFO  utilrsw.logger   Plotting '50115/B/MAGE' vs. measured data as scatter
2026-02-04T16:53:49.887733Z INFO  utilrsw.logger     Writing C:\Users\lwilker\Documents\GitHub\SWERVE-2024-05-10\data_processed/sites/50115/figures\compare\B_N_calculated_MAGE_vs_measured_scatter.png
2026-02-04T16:53:51.426893Z INFO  utilrsw.logger     Writing C:\Users\lwilker\Documents\GitHub\SWERVE-2024-05-10\data_processed/sites/50115/figures\compare\B_N_calculated_MAGE_vs_measured_scatter.pdf
2026-02-04T16:53:52.237255Z INFO  utilrsw.logger     Writing C:\Users\lwilker\Documents\GitHub\SWERVE-2024-05-10\data_processed/sites/50115/figures\compare\B_E_calculated_MAGE_vs_measured_scatter.png
2026-02-04T16:53:53.807200Z INFO  utilrsw.logger     Writing C:\Users\lwilker\Documents\GitHub\SWERVE-2024-05-10\data_processed/sites/50115/figures\compare\B_E_calculated_MAGE_vs_measured_scatter.pdf
2026-02-04T16:53:54.617978Z INFO  utilrsw.logger     Writing C:\Users\lwilker\Documents\GitHub\SWERVE-2024-05-10\data_processed/sites/50115/figures\compare\B_v_calculated_MAGE_vs_measured_scatter.png
2026-02-04T16:53:56.040662Z INFO  utilrsw.logger     Writing C:\Users\lwilker\Documents\GitHub\SWERVE-2024-05-10\data_processed/sites/50115/figures\compare\B_v_calculated_MAGE_vs_measured_scatter.pdf
2026-02-04T16:53:56.815322Z INFO  utilrsw.logger     Writing C:\Users\lwilker\Documents\GitHub\SWERVE-2024-05-10\data_processed/sites/50115/figures\compare\B_H_calculated_MAGE_vs_measured_scatter.png
2026-02-04T16:53:58.308865Z INFO  utilrsw.logger     Writing C:\Users\lwilker\Documents\GitHub\SWERVE-2024-05-10\data_processed/sites/50115/figures\compare\B_H_calculated_MAGE_vs_measured_scatter.pdf
2026-02-04T16:53:58.929215Z INFO  utilrsw.logger   Plotting '50115/B/OpenGGCM' vs. measured data as scatter
2026-02-04T16:54:02.464311Z INFO  utilrsw.logger     Writing C:\Users\lwilker\Documents\GitHub\SWERVE-2024-05-10\data_processed/sites/50115/figures\compare\B_N_calculated_OpenGGCM_vs_measured_scatter.png
2026-02-04T16:54:04.303825Z INFO  utilrsw.logger     Writing C:\Users\lwilker\Documents\GitHub\SWERVE-2024-05-10\data_processed/sites/50115/figures\compare\B_N_calculated_OpenGGCM_vs_measured_scatter.pdf
2026-02-04T16:54:05.193599Z INFO  utilrsw.logger     Writing C:\Users\lwilker\Documents\GitHub\SWERVE-2024-05-10\data_processed/sites/50115/figures\compare\B_E_calculated_OpenGGCM_vs_measured_scatter.png
2026-02-04T16:54:06.617093Z INFO  utilrsw.logger     Writing C:\Users\lwilker\Documents\GitHub\SWERVE-2024-05-10\data_processed/sites/50115/figures\compare\B_E_calculated_OpenGGCM_vs_measured_scatter.pdf
2026-02-04T16:54:07.391325Z INFO  utilrsw.logger     Writing C:\Users\lwilker\Documents\GitHub\SWERVE-2024-05-10\data_processed/sites/50115/figures\compare\B_v_calculated_OpenGGCM_vs_measured_scatter.png
2026-02-04T16:54:08.920492Z INFO  utilrsw.logger     Writing C:\Users\lwilker\Documents\GitHub\SWERVE-2024-05-10\data_processed/sites/50115/figures\compare\B_v_calculated_OpenGGCM_vs_measured_scatter.pdf
2026-02-04T16:54:09.818000Z INFO  utilrsw.logger     Writing C:\Users\lwilker\Documents\GitHub\SWERVE-2024-05-10\data_processed/sites/50115/figures\compare\B_H_calculated_OpenGGCM_vs_measured_scatter.png
2026-02-04T16:54:11.421563Z INFO  utilrsw.logger     Writing C:\Users\lwilker\Documents\GitHub\SWERVE-2024-05-10\data_processed/sites/50115/figures\compare\B_H_calculated_OpenGGCM_vs_measured_scatter.pdf
2026-02-04T16:54:12.066664Z INFO  utilrsw.logger   Plotting '50115/B/measured/NERC' original vs. modified data
2026-02-04T16:54:24.447454Z INFO  utilrsw.logger     Writing C:\Users\lwilker\Documents\GitHub\SWERVE-2024-05-10\data_processed/sites/50115/figures\original\B_measured_NERC.png
2026-02-04T16:54:26.275453Z INFO  utilrsw.logger     Writing C:\Users\lwilker\Documents\GitHub\SWERVE-2024-05-10\data_processed/sites/50115/figures\original\B_measured_NERC.pdf
2026-02-04T16:54:27.690629Z INFO  utilrsw.logger     Writing C:\Users\lwilker\Documents\GitHub\SWERVE-2024-05-10\data_processed/sites/50115/figures\original\B_measured_NERC.png
2026-02-04T16:54:29.870924Z INFO  utilrsw.logger     Writing C:\Users\lwilker\Documents\GitHub\SWERVE-2024-05-10\data_processed/sites/50115/figures\original\B_measured_NERC.pdf
2026-02-04T16:54:31.225005Z INFO  utilrsw.logger     Writing C:\Users\lwilker\Documents\GitHub\SWERVE-2024-05-10\data_processed/sites/50115/figures\original\B_measured_NERC.png
2026-02-04T16:54:32.563836Z INFO  utilrsw.logger     Writing C:\Users\lwilker\Documents\GitHub\SWERVE-2024-05-10\data_processed/sites/50115/figures\original\B_measured_NERC.pdf
2026-02-04T16:54:33.071175Z INFO  utilrsw.logger   Plotting '50115/B/calculated/SWMF' original vs. modified data
2026-02-04T16:54:38.246171Z INFO  utilrsw.logger     Writing C:\Users\lwilker\Documents\GitHub\SWERVE-2024-05-10\data_processed/sites/50115/figures\original\B_calculated_SWMF.png
2026-02-04T16:54:40.077856Z INFO  utilrsw.logger     Writing C:\Users\lwilker\Documents\GitHub\SWERVE-2024-05-10\data_processed/sites/50115/figures\original\B_calculated_SWMF.pdf
2026-02-04T16:54:41.085984Z INFO  utilrsw.logger     Writing C:\Users\lwilker\Documents\GitHub\SWERVE-2024-05-10\data_processed/sites/50115/figures\original\B_calculated_SWMF.png
2026-02-04T16:54:42.746659Z INFO  utilrsw.logger     Writing C:\Users\lwilker\Documents\GitHub\SWERVE-2024-05-10\data_processed/sites/50115/figures\original\B_calculated_SWMF.pdf
2026-02-04T16:54:44.018747Z INFO  utilrsw.logger     Writing C:\Users\lwilker\Documents\GitHub\SWERVE-2024-05-10\data_processed/sites/50115/figures\original\B_calculated_SWMF.png
2026-02-04T16:54:45.955972Z INFO  utilrsw.logger     Writing C:\Users\lwilker\Documents\GitHub\SWERVE-2024-05-10\data_processed/sites/50115/figures\original\B_calculated_SWMF.pdf
2026-02-04T16:54:46.579751Z INFO  utilrsw.logger   Plotting '50115/B/calculated/MAGE' original vs. modified data
2026-02-04T16:54:50.754403Z INFO  utilrsw.logger     Writing C:\Users\lwilker\Documents\GitHub\SWERVE-2024-05-10\data_processed/sites/50115/figures\original\B_calculated_MAGE.png
2026-02-04T16:54:52.385161Z INFO  utilrsw.logger     Writing C:\Users\lwilker\Documents\GitHub\SWERVE-2024-05-10\data_processed/sites/50115/figures\original\B_calculated_MAGE.pdf
2026-02-04T16:54:53.080629Z INFO  utilrsw.logger     Writing C:\Users\lwilker\Documents\GitHub\SWERVE-2024-05-10\data_processed/sites/50115/figures\original\B_calculated_MAGE.png
2026-02-04T16:54:54.787372Z INFO  utilrsw.logger     Writing C:\Users\lwilker\Documents\GitHub\SWERVE-2024-05-10\data_processed/sites/50115/figures\original\B_calculated_MAGE.pdf
2026-02-04T16:54:55.552212Z INFO  utilrsw.logger     Writing C:\Users\lwilker\Documents\GitHub\SWERVE-2024-05-10\data_processed/sites/50115/figures\original\B_calculated_MAGE.png
2026-02-04T16:54:57.135697Z INFO  utilrsw.logger     Writing C:\Users\lwilker\Documents\GitHub\SWERVE-2024-05-10\data_processed/sites/50115/figures\original\B_calculated_MAGE.pdf
2026-02-04T16:54:57.567714Z INFO  utilrsw.logger   Plotting '50115/B/calculated/OpenGGCM' original vs. modified data
2026-02-04T16:55:02.152638Z INFO  utilrsw.logger     Writing C:\Users\lwilker\Documents\GitHub\SWERVE-2024-05-10\data_processed/sites/50115/figures\original\B_calculated_OpenGGCM.png
2026-02-04T16:55:03.692664Z INFO  utilrsw.logger     Writing C:\Users\lwilker\Documents\GitHub\SWERVE-2024-05-10\data_processed/sites/50115/figures\original\B_calculated_OpenGGCM.pdf
2026-02-04T16:55:04.412731Z INFO  utilrsw.logger     Writing C:\Users\lwilker\Documents\GitHub\SWERVE-2024-05-10\data_processed/sites/50115/figures\original\B_calculated_OpenGGCM.png
2026-02-04T16:55:06.036168Z INFO  utilrsw.logger     Writing C:\Users\lwilker\Documents\GitHub\SWERVE-2024-05-10\data_processed/sites/50115/figures\original\B_calculated_OpenGGCM.pdf
2026-02-04T16:55:06.725121Z INFO  utilrsw.logger     Writing C:\Users\lwilker\Documents\GitHub\SWERVE-2024-05-10\data_processed/sites/50115/figures\original\B_calculated_OpenGGCM.png
2026-02-04T16:55:08.323215Z INFO  utilrsw.logger     Writing C:\Users\lwilker\Documents\GitHub\SWERVE-2024-05-10\data_processed/sites/50115/figures\original\B_calculated_OpenGGCM.pdf
2026-02-04T16:55:08.793019Z INFO  utilrsw.logger Reading '50116' data
2026-02-04T16:55:08.814969Z INFO  utilrsw.logger   Reading cached file with all data for site '50116': C:\Users\lwilker\Documents\GitHub\SWERVE-2024-05-10\data_processed\sites\50116\data\_all.pkl
2026-02-04T16:55:09.157254Z INFO  utilrsw.logger Computing stats for '50116' data
2026-02-04T16:55:10.186949Z INFO  utilrsw.logger   Uniq dts [ns] = [1000000000 2000000000 3000000000]
2026-02-04T16:55:10.186949Z INFO  utilrsw.logger   Uniq dts [#]  = 3
2026-02-04T16:55:10.186949Z INFO  utilrsw.logger   Stats for B/measured/NERC:
2026-02-04T16:55:10.191283Z INFO  utilrsw.logger 
    std: [120.94426639  69.65911214  92.58610816  97.16117894]
    ave: [-150.34772908  -35.12335469   25.89152638  184.11598465]
    min: [-565.95116667 -288.06233333 -216.49266667    7.68188996]
    max: [454.274      208.94383333 555.1295     614.69410225]
    n: 2341
    n_valid: [2341 2341 2341 2341]
    dt_original: [1000000000 2000000000 3000000000]

2026-02-04T16:55:10.215779Z INFO  utilrsw.logger   Uniq dts [ns] = [60000000000]
2026-02-04T16:55:10.215779Z INFO  utilrsw.logger   Uniq dts [#]  = 1
2026-02-04T16:55:10.215779Z INFO  utilrsw.logger   Stats for B/calculated/SWMF:
2026-02-04T16:55:10.219816Z INFO  utilrsw.logger 
    std: [53.33511432 34.96578778 39.7271933  52.7863895 ]
    ave: [35.26965997  3.37491449 -7.0360144  50.36046844]
    min: [ -49.88580689  -68.26558428 -158.3936959     0.47803339]
    max: [199.97413497 168.63959947  95.07718041 257.07194664]
    n: 2341
    n_valid: [2339 2339 2339 2339]
    dt_original: [60000000000]

2026-02-04T16:55:10.231711Z INFO  utilrsw.logger   Uniq dts [ns] = [60000000000]
2026-02-04T16:55:10.233011Z INFO  utilrsw.logger   Uniq dts [#]  = 1
2026-02-04T16:55:10.233011Z INFO  utilrsw.logger   Stats for B/calculated/MAGE:
2026-02-04T16:55:10.233011Z INFO  utilrsw.logger 
    std: [285.81364781 294.51769024 362.78331977 197.09646134]
    ave: [ 16.91639649  36.35106768 304.46728403 362.20251333]
    min: [ -814.31373725  -960.92650756 -1136.73143888    18.83046563]
    max: [ 670.64963358 1613.68744204 2292.90678554 1613.88593031]
    n: 2341
    n_valid: [1980 1980 1980 1980]
    dt_original: [60000000000]

2026-02-04T16:55:10.260557Z INFO  utilrsw.logger   Uniq dts [ns] = [60000000000]
2026-02-04T16:55:10.261076Z INFO  utilrsw.logger   Uniq dts [#]  = 1
2026-02-04T16:55:10.261076Z INFO  utilrsw.logger   Stats for B/calculated/OpenGGCM:
2026-02-04T16:55:10.261076Z INFO  utilrsw.logger 
    std: [ 67.43785232 336.37501236 167.15056944 253.77018008]
    ave: [-64.59547517 102.31993842  50.47720347 260.65044366]
    min: [-273.49151996 -708.49811753 -667.43787694    8.78909784]
    max: [ 184.43943991 1398.66229129  518.52010252 1398.89569007]
    n: 2341
    n_valid: [2341 2341 2341 2341]
    dt_original: [60000000000]

2026-02-04T16:55:10.264694Z WARN  utilrsw.logger   Multiplying measured data by -1 before computing pe.
2026-02-04T16:55:10.265773Z WARN  utilrsw.logger   Multiplying measured data by -1 before computing pe.
2026-02-04T16:55:10.269181Z INFO  utilrsw.logger   Metrics for B/calculated/SWMF:
2026-02-04T16:55:10.272928Z INFO  utilrsw.logger 
    err_rms: [229.54939214  89.89537938  94.51231334 159.56359431]
    err_ave: [-185.54908384  -38.44908593   33.05529269  133.70036467]
    err: [[-37.99575198  52.27096572  -6.85982724  56.80392699]
 [-37.59628131  52.41944157  -6.83945583  56.13348549]
 [-37.68049862  50.68095336  -5.33281174  53.55489932]
 ...
 [-89.88849281   5.73089381  13.35482834  83.91031364]
 [-91.47923678   4.692617    13.00995614  85.32450148]
 [-91.33811138   5.54488994  12.58805384  84.97202693]]
    cc: [-0.06085523 -0.10810673  0.31252542  0.45286981]
    pe: [-1.04455582 -0.35041534 -0.04365303 -1.69571862]
    valid: [[ True  True  True  True]
 [ True  True  True  True]
 [ True  True  True  True]
 ...
 [ True  True  True  True]
 [ True  True  True  True]
 [ True  True  True  True]]
    n_valid: [2339 2339 2339 2339]

2026-02-04T16:55:10.274154Z WARN  utilrsw.logger   Multiplying measured data by -1 before computing pe.
2026-02-04T16:55:10.277211Z INFO  utilrsw.logger   Metrics for B/calculated/MAGE:
2026-02-04T16:55:10.277211Z INFO  utilrsw.logger 
    err_rms: [368.8607104  296.33850614 420.26222534 236.46536773]
    err_ave: [-180.72159388  -80.79775783 -279.28049876 -160.31565344]
    err: [[ -77.53810638  109.85536838  156.14233675   -0.25973738]
 [ -77.70292146  110.58109709  154.59317177   -1.27571719]
 [ -80.03444304  110.7683976   152.61676924   -6.70845562]
 ...
 [   8.49746468   78.01114759 -123.20177791  -41.1642671 ]
 [   4.38352688   75.63845969 -128.267248    -35.34041836]
 [   9.02014463   57.20137981 -125.77583989  -28.94337803]]
    cc: [-0.07986296  0.25097412  0.59141516  0.47149441]
    pe: [ -6.11521937 -16.63242913 -16.54238428  -5.21451947]
    valid: [[ True  True  True  True]
 [ True  True  True  True]
 [ True  True  True  True]
 ...
 [False False False False]
 [False False False False]
 [False False False False]]
    n_valid: [1980 1980 1980 1980]

2026-02-04T16:55:10.283319Z WARN  utilrsw.logger   Multiplying measured data by -1 before computing pe.
2026-02-04T16:55:10.285335Z WARN  utilrsw.logger   Multiplying measured data by -1 before computing pe.
2026-02-04T16:55:10.287108Z INFO  utilrsw.logger   Metrics for B/calculated/OpenGGCM:
2026-02-04T16:55:10.291088Z INFO  utilrsw.logger 
    err_rms: [140.94184625 394.26162486 236.26591656 266.83685955]
    err_ave: [ -85.7522539  -137.44329311  -24.58567709  -76.53445901]
    err: [[  16.6920137   215.29539064 -144.97273907  -94.07058607]
 [  18.10840576  214.55424668 -151.4363768   -93.0577227 ]
 [  20.48540241  206.96015454 -151.74486819  -89.7650422 ]
 ...
 [   4.02914515   73.79754654  -83.33431388  -26.20715632]
 [   2.69324243   81.43003991  -85.06620963  -30.20746439]
 [   3.70847052   90.47001771  -85.27283818  -36.29274198]]
    cc: [ 0.40853626 -0.3958552  -0.6043501   0.1722705 ]
    pe: [ -0.35802994 -20.42549378  -1.75752903  -6.54233972]
    valid: [[ True  True  True  True]
 [ True  True  True  True]
 [ True  True  True  True]
 ...
 [ True  True  True  True]
 [ True  True  True  True]
 [ True  True  True  True]]
    n_valid: [2341 2341 2341 2341]

2026-02-04T16:55:10.313845Z INFO  utilrsw.logger Plotting '50116' data
2026-02-04T16:55:10.322272Z INFO  utilrsw.logger   Plotting '50116/B/calculated/MAGE/raw' data
2026-02-04T16:55:14.812714Z INFO  utilrsw.logger     Writing C:\Users\lwilker\Documents\GitHub\SWERVE-2024-05-10\data_processed/sites/50116/figures\raw\B_calculated_MAGE.png
2026-02-04T16:55:15.564775Z INFO  utilrsw.logger     Writing C:\Users\lwilker\Documents\GitHub\SWERVE-2024-05-10\data_processed/sites/50116/figures\raw\B_calculated_MAGE.pdf
2026-02-04T16:55:15.572828Z INFO  utilrsw.logger   Plotting '50116/B/calculated/MAGE/raw' to compare dBn with dBt and dBp
2026-02-04T16:55:16.964951Z INFO  utilrsw.logger     Writing C:\Users\lwilker\Documents\GitHub\SWERVE-2024-05-10\data_processed/sites/50116/figures\raw\B_calculated_MAGE_compare_dBn_dBt_dBp.png
2026-02-04T16:55:19.197683Z INFO  utilrsw.logger     Writing C:\Users\lwilker\Documents\GitHub\SWERVE-2024-05-10\data_processed/sites/50116/figures\raw\B_calculated_MAGE_compare_dBn_dBt_dBp.pdf
2026-02-04T16:55:20.290452Z INFO  utilrsw.logger   Plotting all '50116/B' calculated vs. measured data as timeseries
2026-02-04T16:55:25.469315Z INFO  utilrsw.logger     Writing C:\Users\lwilker\Documents\GitHub\SWERVE-2024-05-10\data_processed/sites/50116/figures\compare\B_N_calculated_all_vs_measured_timeseries.png
2026-02-04T16:55:27.109520Z INFO  utilrsw.logger     Writing C:\Users\lwilker\Documents\GitHub\SWERVE-2024-05-10\data_processed/sites/50116/figures\compare\B_N_calculated_all_vs_measured_timeseries.pdf
2026-02-04T16:55:28.157310Z INFO  utilrsw.logger     Writing C:\Users\lwilker\Documents\GitHub\SWERVE-2024-05-10\data_processed/sites/50116/figures\compare\B_E_calculated_all_vs_measured_timeseries.png
2026-02-04T16:55:29.778754Z INFO  utilrsw.logger     Writing C:\Users\lwilker\Documents\GitHub\SWERVE-2024-05-10\data_processed/sites/50116/figures\compare\B_E_calculated_all_vs_measured_timeseries.pdf
2026-02-04T16:55:30.639105Z INFO  utilrsw.logger     Writing C:\Users\lwilker\Documents\GitHub\SWERVE-2024-05-10\data_processed/sites/50116/figures\compare\B_v_calculated_all_vs_measured_timeseries.png
2026-02-04T16:55:32.506784Z INFO  utilrsw.logger     Writing C:\Users\lwilker\Documents\GitHub\SWERVE-2024-05-10\data_processed/sites/50116/figures\compare\B_v_calculated_all_vs_measured_timeseries.pdf
2026-02-04T16:55:33.272060Z INFO  utilrsw.logger     Writing C:\Users\lwilker\Documents\GitHub\SWERVE-2024-05-10\data_processed/sites/50116/figures\compare\B_H_calculated_all_vs_measured_timeseries.png
2026-02-04T16:55:35.044979Z INFO  utilrsw.logger     Writing C:\Users\lwilker\Documents\GitHub\SWERVE-2024-05-10\data_processed/sites/50116/figures\compare\B_H_calculated_all_vs_measured_timeseries.pdf
2026-02-04T16:55:35.650526Z INFO  utilrsw.logger     Writing C:\Users\lwilker\Documents\GitHub\2024-May-Storm-paper\figures\_processed\50116\B_compare_timeseries.pdf
2026-02-04T16:55:36.494353Z INFO  utilrsw.logger   Plotting all '50116/B' calculated vs. measured data as timeseries
2026-02-04T16:55:42.970271Z INFO  utilrsw.logger     Writing C:\Users\lwilker\Documents\GitHub\SWERVE-2024-05-10\data_processed/sites/50116/figures\compare\B_N_calculated_all_vs_measured_timeseries.png
2026-02-04T16:55:44.877748Z INFO  utilrsw.logger     Writing C:\Users\lwilker\Documents\GitHub\SWERVE-2024-05-10\data_processed/sites/50116/figures\compare\B_N_calculated_all_vs_measured_timeseries.pdf
2026-02-04T16:55:45.722069Z INFO  utilrsw.logger     Writing C:\Users\lwilker\Documents\GitHub\SWERVE-2024-05-10\data_processed/sites/50116/figures\compare\B_E_calculated_all_vs_measured_timeseries.png
2026-02-04T16:55:47.595325Z INFO  utilrsw.logger     Writing C:\Users\lwilker\Documents\GitHub\SWERVE-2024-05-10\data_processed/sites/50116/figures\compare\B_E_calculated_all_vs_measured_timeseries.pdf
2026-02-04T16:55:49.032215Z INFO  utilrsw.logger     Writing C:\Users\lwilker\Documents\GitHub\SWERVE-2024-05-10\data_processed/sites/50116/figures\compare\B_v_calculated_all_vs_measured_timeseries.png
2026-02-04T16:55:50.791809Z INFO  utilrsw.logger     Writing C:\Users\lwilker\Documents\GitHub\SWERVE-2024-05-10\data_processed/sites/50116/figures\compare\B_v_calculated_all_vs_measured_timeseries.pdf
2026-02-04T16:55:51.537362Z INFO  utilrsw.logger     Writing C:\Users\lwilker\Documents\GitHub\SWERVE-2024-05-10\data_processed/sites/50116/figures\compare\B_H_calculated_all_vs_measured_timeseries.png
2026-02-04T16:55:53.663906Z INFO  utilrsw.logger     Writing C:\Users\lwilker\Documents\GitHub\SWERVE-2024-05-10\data_processed/sites/50116/figures\compare\B_H_calculated_all_vs_measured_timeseries.pdf
2026-02-04T16:55:54.493113Z INFO  utilrsw.logger     Writing C:\Users\lwilker\Documents\GitHub\2024-May-Storm-paper\figures\_processed\50116\B_compare_timeseries.pdf
2026-02-04T16:55:55.143926Z INFO  utilrsw.logger   Plotting '50116/B/SWMF' vs. measured data as timeseries
2026-02-04T16:56:00.822218Z INFO  utilrsw.logger     Writing C:\Users\lwilker\Documents\GitHub\SWERVE-2024-05-10\data_processed/sites/50116/figures\compare\B_N_calculated_SWMF_vs_measured_timeseries.png
2026-02-04T16:56:02.267527Z INFO  utilrsw.logger     Writing C:\Users\lwilker\Documents\GitHub\SWERVE-2024-05-10\data_processed/sites/50116/figures\compare\B_N_calculated_SWMF_vs_measured_timeseries.pdf
2026-02-04T16:56:02.897928Z INFO  utilrsw.logger     Writing C:\Users\lwilker\Documents\GitHub\SWERVE-2024-05-10\data_processed/sites/50116/figures\compare\B_E_calculated_SWMF_vs_measured_timeseries.png
2026-02-04T16:56:04.370442Z INFO  utilrsw.logger     Writing C:\Users\lwilker\Documents\GitHub\SWERVE-2024-05-10\data_processed/sites/50116/figures\compare\B_E_calculated_SWMF_vs_measured_timeseries.pdf
2026-02-04T16:56:05.402244Z INFO  utilrsw.logger     Writing C:\Users\lwilker\Documents\GitHub\SWERVE-2024-05-10\data_processed/sites/50116/figures\compare\B_v_calculated_SWMF_vs_measured_timeseries.png
2026-02-04T16:56:06.845045Z INFO  utilrsw.logger     Writing C:\Users\lwilker\Documents\GitHub\SWERVE-2024-05-10\data_processed/sites/50116/figures\compare\B_v_calculated_SWMF_vs_measured_timeseries.pdf
2026-02-04T16:56:07.527260Z INFO  utilrsw.logger     Writing C:\Users\lwilker\Documents\GitHub\SWERVE-2024-05-10\data_processed/sites/50116/figures\compare\B_H_calculated_SWMF_vs_measured_timeseries.png
2026-02-04T16:56:09.157030Z INFO  utilrsw.logger     Writing C:\Users\lwilker\Documents\GitHub\SWERVE-2024-05-10\data_processed/sites/50116/figures\compare\B_H_calculated_SWMF_vs_measured_timeseries.pdf
2026-02-04T16:56:09.826501Z INFO  utilrsw.logger   Plotting '50116/B/MAGE' vs. measured data as timeseries
2026-02-04T16:56:16.101196Z INFO  utilrsw.logger     Writing C:\Users\lwilker\Documents\GitHub\SWERVE-2024-05-10\data_processed/sites/50116/figures\compare\B_N_calculated_MAGE_vs_measured_timeseries.png
2026-02-04T16:56:18.082821Z INFO  utilrsw.logger     Writing C:\Users\lwilker\Documents\GitHub\SWERVE-2024-05-10\data_processed/sites/50116/figures\compare\B_N_calculated_MAGE_vs_measured_timeseries.pdf
2026-02-04T16:56:19.098491Z INFO  utilrsw.logger     Writing C:\Users\lwilker\Documents\GitHub\SWERVE-2024-05-10\data_processed/sites/50116/figures\compare\B_E_calculated_MAGE_vs_measured_timeseries.png
2026-02-04T16:56:20.806958Z INFO  utilrsw.logger     Writing C:\Users\lwilker\Documents\GitHub\SWERVE-2024-05-10\data_processed/sites/50116/figures\compare\B_E_calculated_MAGE_vs_measured_timeseries.pdf
2026-02-04T16:56:21.874030Z INFO  utilrsw.logger     Writing C:\Users\lwilker\Documents\GitHub\SWERVE-2024-05-10\data_processed/sites/50116/figures\compare\B_v_calculated_MAGE_vs_measured_timeseries.png
2026-02-04T16:56:23.306798Z INFO  utilrsw.logger     Writing C:\Users\lwilker\Documents\GitHub\SWERVE-2024-05-10\data_processed/sites/50116/figures\compare\B_v_calculated_MAGE_vs_measured_timeseries.pdf
2026-02-04T16:56:24.050526Z INFO  utilrsw.logger     Writing C:\Users\lwilker\Documents\GitHub\SWERVE-2024-05-10\data_processed/sites/50116/figures\compare\B_H_calculated_MAGE_vs_measured_timeseries.png
2026-02-04T16:56:25.639075Z INFO  utilrsw.logger     Writing C:\Users\lwilker\Documents\GitHub\SWERVE-2024-05-10\data_processed/sites/50116/figures\compare\B_H_calculated_MAGE_vs_measured_timeseries.pdf
2026-02-04T16:56:26.214226Z INFO  utilrsw.logger   Plotting '50116/B/OpenGGCM' vs. measured data as timeseries
2026-02-04T16:56:32.741163Z INFO  utilrsw.logger     Writing C:\Users\lwilker\Documents\GitHub\SWERVE-2024-05-10\data_processed/sites/50116/figures\compare\B_N_calculated_OpenGGCM_vs_measured_timeseries.png
2026-02-04T16:56:34.445105Z INFO  utilrsw.logger     Writing C:\Users\lwilker\Documents\GitHub\SWERVE-2024-05-10\data_processed/sites/50116/figures\compare\B_N_calculated_OpenGGCM_vs_measured_timeseries.pdf
2026-02-04T16:56:35.160820Z INFO  utilrsw.logger     Writing C:\Users\lwilker\Documents\GitHub\SWERVE-2024-05-10\data_processed/sites/50116/figures\compare\B_E_calculated_OpenGGCM_vs_measured_timeseries.png
2026-02-04T16:56:36.641997Z INFO  utilrsw.logger     Writing C:\Users\lwilker\Documents\GitHub\SWERVE-2024-05-10\data_processed/sites/50116/figures\compare\B_E_calculated_OpenGGCM_vs_measured_timeseries.pdf
2026-02-04T16:56:37.325665Z INFO  utilrsw.logger     Writing C:\Users\lwilker\Documents\GitHub\SWERVE-2024-05-10\data_processed/sites/50116/figures\compare\B_v_calculated_OpenGGCM_vs_measured_timeseries.png
2026-02-04T16:56:38.859087Z INFO  utilrsw.logger     Writing C:\Users\lwilker\Documents\GitHub\SWERVE-2024-05-10\data_processed/sites/50116/figures\compare\B_v_calculated_OpenGGCM_vs_measured_timeseries.pdf
2026-02-04T16:56:40.070577Z INFO  utilrsw.logger     Writing C:\Users\lwilker\Documents\GitHub\SWERVE-2024-05-10\data_processed/sites/50116/figures\compare\B_H_calculated_OpenGGCM_vs_measured_timeseries.png
2026-02-04T16:56:41.590913Z INFO  utilrsw.logger     Writing C:\Users\lwilker\Documents\GitHub\SWERVE-2024-05-10\data_processed/sites/50116/figures\compare\B_H_calculated_OpenGGCM_vs_measured_timeseries.pdf
2026-02-04T16:56:42.106580Z INFO  utilrsw.logger   Plotting all '50116/B' calculated vs. measured data as scatter
2026-02-04T16:56:46.085115Z INFO  utilrsw.logger     Writing C:\Users\lwilker\Documents\GitHub\SWERVE-2024-05-10\data_processed/sites/50116/figures\compare\B_N_calculated_all_vs_measured_scatter.png
2026-02-04T16:56:48.037346Z INFO  utilrsw.logger     Writing C:\Users\lwilker\Documents\GitHub\SWERVE-2024-05-10\data_processed/sites/50116/figures\compare\B_N_calculated_all_vs_measured_scatter.pdf
2026-02-04T16:56:49.149922Z INFO  utilrsw.logger     Writing C:\Users\lwilker\Documents\GitHub\SWERVE-2024-05-10\data_processed/sites/50116/figures\compare\B_E_calculated_all_vs_measured_scatter.png
2026-02-04T16:56:50.670418Z INFO  utilrsw.logger     Writing C:\Users\lwilker\Documents\GitHub\SWERVE-2024-05-10\data_processed/sites/50116/figures\compare\B_E_calculated_all_vs_measured_scatter.pdf
2026-02-04T16:56:51.844558Z INFO  utilrsw.logger     Writing C:\Users\lwilker\Documents\GitHub\SWERVE-2024-05-10\data_processed/sites/50116/figures\compare\B_v_calculated_all_vs_measured_scatter.png
2026-02-04T16:56:53.558215Z INFO  utilrsw.logger     Writing C:\Users\lwilker\Documents\GitHub\SWERVE-2024-05-10\data_processed/sites/50116/figures\compare\B_v_calculated_all_vs_measured_scatter.pdf
2026-02-04T16:56:55.034681Z INFO  utilrsw.logger     Writing C:\Users\lwilker\Documents\GitHub\SWERVE-2024-05-10\data_processed/sites/50116/figures\compare\B_H_calculated_all_vs_measured_scatter.png
2026-02-04T16:56:57.296520Z INFO  utilrsw.logger     Writing C:\Users\lwilker\Documents\GitHub\SWERVE-2024-05-10\data_processed/sites/50116/figures\compare\B_H_calculated_all_vs_measured_scatter.pdf
2026-02-04T16:56:58.667210Z INFO  utilrsw.logger     Writing C:\Users\lwilker\Documents\GitHub\2024-May-Storm-paper\figures\_processed\50116\B_compare_scatter.pdf
2026-02-04T16:56:59.864556Z INFO  utilrsw.logger   Plotting all '50116/B' calculated vs. measured data as scatter
2026-02-04T16:57:03.641293Z INFO  utilrsw.logger     Writing C:\Users\lwilker\Documents\GitHub\SWERVE-2024-05-10\data_processed/sites/50116/figures\compare\B_N_calculated_all_vs_measured_scatter.png
2026-02-04T16:57:05.278414Z INFO  utilrsw.logger     Writing C:\Users\lwilker\Documents\GitHub\SWERVE-2024-05-10\data_processed/sites/50116/figures\compare\B_N_calculated_all_vs_measured_scatter.pdf
2026-02-04T16:57:06.569484Z INFO  utilrsw.logger     Writing C:\Users\lwilker\Documents\GitHub\SWERVE-2024-05-10\data_processed/sites/50116/figures\compare\B_E_calculated_all_vs_measured_scatter.png
2026-02-04T16:57:08.509672Z INFO  utilrsw.logger     Writing C:\Users\lwilker\Documents\GitHub\SWERVE-2024-05-10\data_processed/sites/50116/figures\compare\B_E_calculated_all_vs_measured_scatter.pdf
2026-02-04T16:57:10.223421Z INFO  utilrsw.logger     Writing C:\Users\lwilker\Documents\GitHub\SWERVE-2024-05-10\data_processed/sites/50116/figures\compare\B_v_calculated_all_vs_measured_scatter.png
2026-02-04T16:57:11.748145Z INFO  utilrsw.logger     Writing C:\Users\lwilker\Documents\GitHub\SWERVE-2024-05-10\data_processed/sites/50116/figures\compare\B_v_calculated_all_vs_measured_scatter.pdf
2026-02-04T16:57:13.000896Z INFO  utilrsw.logger     Writing C:\Users\lwilker\Documents\GitHub\SWERVE-2024-05-10\data_processed/sites/50116/figures\compare\B_H_calculated_all_vs_measured_scatter.png
2026-02-04T16:57:14.844582Z INFO  utilrsw.logger     Writing C:\Users\lwilker\Documents\GitHub\SWERVE-2024-05-10\data_processed/sites/50116/figures\compare\B_H_calculated_all_vs_measured_scatter.pdf
2026-02-04T16:57:15.959491Z INFO  utilrsw.logger     Writing C:\Users\lwilker\Documents\GitHub\2024-May-Storm-paper\figures\_processed\50116\B_compare_scatter.pdf
2026-02-04T16:57:17.189700Z INFO  utilrsw.logger   Plotting '50116/B/SWMF' vs. measured data as scatter
2026-02-04T16:57:21.209134Z INFO  utilrsw.logger     Writing C:\Users\lwilker\Documents\GitHub\SWERVE-2024-05-10\data_processed/sites/50116/figures\compare\B_N_calculated_SWMF_vs_measured_scatter.png
2026-02-04T16:57:22.596719Z INFO  utilrsw.logger     Writing C:\Users\lwilker\Documents\GitHub\SWERVE-2024-05-10\data_processed/sites/50116/figures\compare\B_N_calculated_SWMF_vs_measured_scatter.pdf
2026-02-04T16:57:23.588280Z INFO  utilrsw.logger     Writing C:\Users\lwilker\Documents\GitHub\SWERVE-2024-05-10\data_processed/sites/50116/figures\compare\B_E_calculated_SWMF_vs_measured_scatter.png
2026-02-04T16:57:25.531266Z INFO  utilrsw.logger     Writing C:\Users\lwilker\Documents\GitHub\SWERVE-2024-05-10\data_processed/sites/50116/figures\compare\B_E_calculated_SWMF_vs_measured_scatter.pdf
2026-02-04T16:57:26.419209Z INFO  utilrsw.logger     Writing C:\Users\lwilker\Documents\GitHub\SWERVE-2024-05-10\data_processed/sites/50116/figures\compare\B_v_calculated_SWMF_vs_measured_scatter.png
2026-02-04T16:57:28.124913Z INFO  utilrsw.logger     Writing C:\Users\lwilker\Documents\GitHub\SWERVE-2024-05-10\data_processed/sites/50116/figures\compare\B_v_calculated_SWMF_vs_measured_scatter.pdf
2026-02-04T16:57:29.241332Z INFO  utilrsw.logger     Writing C:\Users\lwilker\Documents\GitHub\SWERVE-2024-05-10\data_processed/sites/50116/figures\compare\B_H_calculated_SWMF_vs_measured_scatter.png
2026-02-04T16:57:30.823593Z INFO  utilrsw.logger     Writing C:\Users\lwilker\Documents\GitHub\SWERVE-2024-05-10\data_processed/sites/50116/figures\compare\B_H_calculated_SWMF_vs_measured_scatter.pdf
2026-02-04T16:57:31.422470Z INFO  utilrsw.logger   Plotting '50116/B/MAGE' vs. measured data as scatter
2026-02-04T16:57:34.985518Z INFO  utilrsw.logger     Writing C:\Users\lwilker\Documents\GitHub\SWERVE-2024-05-10\data_processed/sites/50116/figures\compare\B_N_calculated_MAGE_vs_measured_scatter.png
2026-02-04T16:57:36.385012Z INFO  utilrsw.logger     Writing C:\Users\lwilker\Documents\GitHub\SWERVE-2024-05-10\data_processed/sites/50116/figures\compare\B_N_calculated_MAGE_vs_measured_scatter.pdf
2026-02-04T16:57:37.145848Z INFO  utilrsw.logger     Writing C:\Users\lwilker\Documents\GitHub\SWERVE-2024-05-10\data_processed/sites/50116/figures\compare\B_E_calculated_MAGE_vs_measured_scatter.png
2026-02-04T16:57:39.284494Z INFO  utilrsw.logger     Writing C:\Users\lwilker\Documents\GitHub\SWERVE-2024-05-10\data_processed/sites/50116/figures\compare\B_E_calculated_MAGE_vs_measured_scatter.pdf
2026-02-04T16:57:40.358703Z INFO  utilrsw.logger     Writing C:\Users\lwilker\Documents\GitHub\SWERVE-2024-05-10\data_processed/sites/50116/figures\compare\B_v_calculated_MAGE_vs_measured_scatter.png
2026-02-04T16:57:41.961034Z INFO  utilrsw.logger     Writing C:\Users\lwilker\Documents\GitHub\SWERVE-2024-05-10\data_processed/sites/50116/figures\compare\B_v_calculated_MAGE_vs_measured_scatter.pdf
2026-02-04T16:57:42.753206Z INFO  utilrsw.logger     Writing C:\Users\lwilker\Documents\GitHub\SWERVE-2024-05-10\data_processed/sites/50116/figures\compare\B_H_calculated_MAGE_vs_measured_scatter.png
2026-02-04T16:57:44.483766Z INFO  utilrsw.logger     Writing C:\Users\lwilker\Documents\GitHub\SWERVE-2024-05-10\data_processed/sites/50116/figures\compare\B_H_calculated_MAGE_vs_measured_scatter.pdf
2026-02-04T16:57:45.364806Z INFO  utilrsw.logger   Plotting '50116/B/OpenGGCM' vs. measured data as scatter
2026-02-04T16:57:49.277961Z INFO  utilrsw.logger     Writing C:\Users\lwilker\Documents\GitHub\SWERVE-2024-05-10\data_processed/sites/50116/figures\compare\B_N_calculated_OpenGGCM_vs_measured_scatter.png
2026-02-04T16:57:50.811387Z INFO  utilrsw.logger     Writing C:\Users\lwilker\Documents\GitHub\SWERVE-2024-05-10\data_processed/sites/50116/figures\compare\B_N_calculated_OpenGGCM_vs_measured_scatter.pdf
2026-02-04T16:57:51.674275Z INFO  utilrsw.logger     Writing C:\Users\lwilker\Documents\GitHub\SWERVE-2024-05-10\data_processed/sites/50116/figures\compare\B_E_calculated_OpenGGCM_vs_measured_scatter.png
2026-02-04T16:57:53.066406Z INFO  utilrsw.logger     Writing C:\Users\lwilker\Documents\GitHub\SWERVE-2024-05-10\data_processed/sites/50116/figures\compare\B_E_calculated_OpenGGCM_vs_measured_scatter.pdf
2026-02-04T16:57:54.128549Z INFO  utilrsw.logger     Writing C:\Users\lwilker\Documents\GitHub\SWERVE-2024-05-10\data_processed/sites/50116/figures\compare\B_v_calculated_OpenGGCM_vs_measured_scatter.png
2026-02-04T16:57:55.735846Z INFO  utilrsw.logger     Writing C:\Users\lwilker\Documents\GitHub\SWERVE-2024-05-10\data_processed/sites/50116/figures\compare\B_v_calculated_OpenGGCM_vs_measured_scatter.pdf
2026-02-04T16:57:56.776119Z INFO  utilrsw.logger     Writing C:\Users\lwilker\Documents\GitHub\SWERVE-2024-05-10\data_processed/sites/50116/figures\compare\B_H_calculated_OpenGGCM_vs_measured_scatter.png
2026-02-04T16:57:58.383515Z INFO  utilrsw.logger     Writing C:\Users\lwilker\Documents\GitHub\SWERVE-2024-05-10\data_processed/sites/50116/figures\compare\B_H_calculated_OpenGGCM_vs_measured_scatter.pdf
2026-02-04T16:57:59.218818Z INFO  utilrsw.logger   Plotting '50116/B/measured/NERC' original vs. modified data
2026-02-04T16:58:11.043284Z INFO  utilrsw.logger     Writing C:\Users\lwilker\Documents\GitHub\SWERVE-2024-05-10\data_processed/sites/50116/figures\original\B_measured_NERC.png
2026-02-04T16:58:12.369843Z INFO  utilrsw.logger     Writing C:\Users\lwilker\Documents\GitHub\SWERVE-2024-05-10\data_processed/sites/50116/figures\original\B_measured_NERC.pdf
2026-02-04T16:58:13.594589Z INFO  utilrsw.logger     Writing C:\Users\lwilker\Documents\GitHub\SWERVE-2024-05-10\data_processed/sites/50116/figures\original\B_measured_NERC.png
2026-02-04T16:58:15.407610Z INFO  utilrsw.logger     Writing C:\Users\lwilker\Documents\GitHub\SWERVE-2024-05-10\data_processed/sites/50116/figures\original\B_measured_NERC.pdf
2026-02-04T16:58:17.062736Z INFO  utilrsw.logger     Writing C:\Users\lwilker\Documents\GitHub\SWERVE-2024-05-10\data_processed/sites/50116/figures\original\B_measured_NERC.png
2026-02-04T16:58:18.457389Z INFO  utilrsw.logger     Writing C:\Users\lwilker\Documents\GitHub\SWERVE-2024-05-10\data_processed/sites/50116/figures\original\B_measured_NERC.pdf
2026-02-04T16:58:18.988268Z INFO  utilrsw.logger   Plotting '50116/B/calculated/SWMF' original vs. modified data
2026-02-04T16:58:23.582494Z INFO  utilrsw.logger     Writing C:\Users\lwilker\Documents\GitHub\SWERVE-2024-05-10\data_processed/sites/50116/figures\original\B_calculated_SWMF.png
2026-02-04T16:58:25.247415Z INFO  utilrsw.logger     Writing C:\Users\lwilker\Documents\GitHub\SWERVE-2024-05-10\data_processed/sites/50116/figures\original\B_calculated_SWMF.pdf
2026-02-04T16:58:25.908325Z INFO  utilrsw.logger     Writing C:\Users\lwilker\Documents\GitHub\SWERVE-2024-05-10\data_processed/sites/50116/figures\original\B_calculated_SWMF.png
2026-02-04T16:58:27.378289Z INFO  utilrsw.logger     Writing C:\Users\lwilker\Documents\GitHub\SWERVE-2024-05-10\data_processed/sites/50116/figures\original\B_calculated_SWMF.pdf
2026-02-04T16:58:28.056034Z INFO  utilrsw.logger     Writing C:\Users\lwilker\Documents\GitHub\SWERVE-2024-05-10\data_processed/sites/50116/figures\original\B_calculated_SWMF.png
2026-02-04T16:58:29.682402Z INFO  utilrsw.logger     Writing C:\Users\lwilker\Documents\GitHub\SWERVE-2024-05-10\data_processed/sites/50116/figures\original\B_calculated_SWMF.pdf
2026-02-04T16:58:30.317370Z INFO  utilrsw.logger   Plotting '50116/B/calculated/MAGE' original vs. modified data
2026-02-04T16:58:35.578164Z INFO  utilrsw.logger     Writing C:\Users\lwilker\Documents\GitHub\SWERVE-2024-05-10\data_processed/sites/50116/figures\original\B_calculated_MAGE.png
2026-02-04T16:58:37.276298Z INFO  utilrsw.logger     Writing C:\Users\lwilker\Documents\GitHub\SWERVE-2024-05-10\data_processed/sites/50116/figures\original\B_calculated_MAGE.pdf
2026-02-04T16:58:38.166365Z INFO  utilrsw.logger     Writing C:\Users\lwilker\Documents\GitHub\SWERVE-2024-05-10\data_processed/sites/50116/figures\original\B_calculated_MAGE.png
2026-02-04T16:58:40.164474Z INFO  utilrsw.logger     Writing C:\Users\lwilker\Documents\GitHub\SWERVE-2024-05-10\data_processed/sites/50116/figures\original\B_calculated_MAGE.pdf
2026-02-04T16:58:40.961961Z INFO  utilrsw.logger     Writing C:\Users\lwilker\Documents\GitHub\SWERVE-2024-05-10\data_processed/sites/50116/figures\original\B_calculated_MAGE.png
2026-02-04T16:58:42.573146Z INFO  utilrsw.logger     Writing C:\Users\lwilker\Documents\GitHub\SWERVE-2024-05-10\data_processed/sites/50116/figures\original\B_calculated_MAGE.pdf
2026-02-04T16:58:43.061617Z INFO  utilrsw.logger   Plotting '50116/B/calculated/OpenGGCM' original vs. modified data
2026-02-04T16:58:48.109036Z INFO  utilrsw.logger     Writing C:\Users\lwilker\Documents\GitHub\SWERVE-2024-05-10\data_processed/sites/50116/figures\original\B_calculated_OpenGGCM.png
2026-02-04T16:58:50.593853Z INFO  utilrsw.logger     Writing C:\Users\lwilker\Documents\GitHub\SWERVE-2024-05-10\data_processed/sites/50116/figures\original\B_calculated_OpenGGCM.pdf
2026-02-04T16:58:51.399230Z INFO  utilrsw.logger     Writing C:\Users\lwilker\Documents\GitHub\SWERVE-2024-05-10\data_processed/sites/50116/figures\original\B_calculated_OpenGGCM.png
2026-02-04T16:58:53.077355Z INFO  utilrsw.logger     Writing C:\Users\lwilker\Documents\GitHub\SWERVE-2024-05-10\data_processed/sites/50116/figures\original\B_calculated_OpenGGCM.pdf
2026-02-04T16:58:53.882420Z INFO  utilrsw.logger     Writing C:\Users\lwilker\Documents\GitHub\SWERVE-2024-05-10\data_processed/sites/50116/figures\original\B_calculated_OpenGGCM.png
2026-02-04T16:58:55.624031Z INFO  utilrsw.logger     Writing C:\Users\lwilker\Documents\GitHub\SWERVE-2024-05-10\data_processed/sites/50116/figures\original\B_calculated_OpenGGCM.pdf
2026-02-04T16:58:56.061169Z INFO  utilrsw.logger Reading '50117' data
2026-02-04T16:58:56.073304Z INFO  utilrsw.logger   Reading cached file with all data for site '50117': C:\Users\lwilker\Documents\GitHub\SWERVE-2024-05-10\data_processed\sites\50117\data\_all.pkl
2026-02-04T16:58:56.394173Z INFO  utilrsw.logger Computing stats for '50117' data
2026-02-04T16:58:57.562987Z INFO  utilrsw.logger   Uniq dts [ns] = [1000000000]
2026-02-04T16:58:57.572730Z INFO  utilrsw.logger   Uniq dts [#]  = 1
2026-02-04T16:58:57.573632Z INFO  utilrsw.logger   Stats for B/measured/NERC:
2026-02-04T16:58:57.576797Z INFO  utilrsw.logger 
    std: [109.9714259   70.74651514  77.61662907  94.68317099]
    ave: [-152.05105304   -7.68307041   27.73815535  176.99110696]
    min: [-616.894      -268.80083333 -245.44716667    4.17643707]
    max: [258.46166667 206.67316667 304.2785     664.67624869]
    n: 2341
    n_valid: [2341 2341 2341 2341]
    dt_original: [1000000000]

2026-02-04T16:58:57.601105Z INFO  utilrsw.logger   Uniq dts [ns] = [60000000000]
2026-02-04T16:58:57.601105Z INFO  utilrsw.logger   Uniq dts [#]  = 1
2026-02-04T16:58:57.605489Z INFO  utilrsw.logger   Stats for B/calculated/SWMF:
2026-02-04T16:58:57.606116Z INFO  utilrsw.logger 
    std: [52.99496754 33.74805299 38.80322238 52.07337802]
    ave: [35.39352136  3.25661412 -7.02070391 49.9906777 ]
    min: [ -50.82414724  -69.36938295 -141.9327393     0.1713531 ]
    max: [206.65289491 150.78686646  88.33616564 242.70715862]
    n: 2341
    n_valid: [2339 2339 2339 2339]
    dt_original: [60000000000]

2026-02-04T16:58:57.618162Z INFO  utilrsw.logger   Uniq dts [ns] = [60000000000]
2026-02-04T16:58:57.619856Z INFO  utilrsw.logger   Uniq dts [#]  = 1
2026-02-04T16:58:57.619856Z INFO  utilrsw.logger   Stats for B/calculated/MAGE:
2026-02-04T16:58:57.622459Z INFO  utilrsw.logger 
    std: [242.94247945 267.64581217 487.8119524  192.82008677]
    ave: [ 54.93892373  49.74633783 328.13604933 314.59295399]
    min: [-7.98660555e+02 -5.64778915e+02 -1.44561675e+03  1.33422863e+00]
    max: [ 764.96442938  954.05788155 2604.80614402  958.36600935]
    n: 2341
    n_valid: [1980 1980 1980 1980]
    dt_original: [60000000000]

2026-02-04T16:58:57.642642Z INFO  utilrsw.logger   Uniq dts [ns] = [60000000000]
2026-02-04T16:58:57.642642Z INFO  utilrsw.logger   Uniq dts [#]  = 1
2026-02-04T16:58:57.642642Z INFO  utilrsw.logger   Stats for B/calculated/OpenGGCM:
2026-02-04T16:58:57.648669Z INFO  utilrsw.logger 
    std: [ 68.74551391 338.18637474 161.35773433 253.47977939]
    ave: [-66.55972175  99.88782072  51.11459631 263.15726185]
    min: [-258.88549932 -690.61906641 -540.64593837    5.81773097]
    max: [ 163.33080714 1426.64474598  513.25687093 1426.7975194 ]
    n: 2341
    n_valid: [2341 2341 2341 2341]
    dt_original: [60000000000]

2026-02-04T16:58:57.650690Z WARN  utilrsw.logger   Multiplying measured data by -1 before computing pe.
2026-02-04T16:58:57.650690Z WARN  utilrsw.logger   Multiplying measured data by -1 before computing pe.
2026-02-04T16:58:57.654842Z INFO  utilrsw.logger   Metrics for B/calculated/SWMF:
2026-02-04T16:58:57.657411Z INFO  utilrsw.logger 
    err_rms: [225.97366589  82.04108207  83.34907205 153.09229387]
    err_ave: [-187.36998773  -10.8945398    34.84106375  126.93995485]
    err: [[-19.77753148  42.6117605  -14.99771867  41.51427394]
 [-19.14102958  42.42510639 -14.79892477  40.61550841]
 [-19.66985148  41.22225571 -14.34734206  38.39976282]
 ...
 [-91.44794233  14.97961892   7.9321847   87.24341583]
 [-92.03465708  15.56233911   8.94914371  87.76799486]
 [-91.70337725  15.77904211   9.38442746  87.24962171]]
    cc: [-0.0901279  -0.09767093  0.297912    0.44170006]
    pe: [-1.26881152 -0.13814883 -0.15370086 -1.61335647]
    valid: [[ True  True  True  True]
 [ True  True  True  True]
 [ True  True  True  True]
 ...
 [ True  True  True  True]
 [ True  True  True  True]
 [ True  True  True  True]]
    n_valid: [2339 2339 2339 2339]

2026-02-04T16:58:57.661199Z WARN  utilrsw.logger   Multiplying measured data by -1 before computing pe.
2026-02-04T16:58:57.664455Z INFO  utilrsw.logger   Metrics for B/calculated/MAGE:
2026-02-04T16:58:57.667257Z INFO  utilrsw.logger 
    err_rms: [349.94581911 256.70370348 536.02690039 206.48070514]
    err_ave: [-221.33449031  -63.19453859 -300.23492593 -120.75590191]
    err: [[  74.2259198   113.13525258  141.49217285  -54.80610847]
 [  73.44429768  112.4214528   136.78335281  -53.61756859]
 [  71.08665908  111.38737905  136.51534564  -53.52737525]
 ...
 [ -58.81871188   74.50467264 -228.60189325   26.57315187]
 [ -62.97790097   69.41536087 -230.75954301   35.2205333 ]
 [ -63.74015853   50.52380005 -230.27455227   48.69509829]]
    cc: [-0.03017094  0.3830037   0.58333335  0.49563182]
    pe: [ -5.45458148 -10.83068019 -39.65520246  -3.91485231]
    valid: [[ True  True  True  True]
 [ True  True  True  True]
 [ True  True  True  True]
 ...
 [False False False False]
 [False False False False]
 [False False False False]]
    n_valid: [1980 1980 1980 1980]

2026-02-04T16:58:57.667257Z WARN  utilrsw.logger   Multiplying measured data by -1 before computing pe.
2026-02-04T16:58:57.671103Z WARN  utilrsw.logger   Multiplying measured data by -1 before computing pe.
2026-02-04T16:58:57.674501Z INFO  utilrsw.logger   Metrics for B/calculated/OpenGGCM:
2026-02-04T16:58:57.675011Z INFO  utilrsw.logger 
    err_rms: [133.40743743 388.27182453 215.06975272 272.08561357]
    err_ave: [ -85.49133129 -107.57089113  -23.37644097  -86.16615489]
    err: [[  34.83184602  185.71367498 -151.25243529  -90.92829907]
 [  36.59036872  184.02103021 -151.2519813   -90.49041824]
 [  37.80978999  180.36766599 -147.81453041  -90.72288683]
 ...
 [  -0.37606022   79.7280992   -90.21938807  -18.31292808]
 [  -0.19996346   91.47518447  -89.2156524   -24.99055583]
 [   1.4960758   102.7896392   -88.28174189  -33.60084769]]
    cc: [ 0.41870689 -0.41396028 -0.5448672   0.13772609]
    pe: [ -0.47163589 -20.59178646  -3.08850271  -7.257823  ]
    valid: [[ True  True  True  True]
 [ True  True  True  True]
 [ True  True  True  True]
 ...
 [ True  True  True  True]
 [ True  True  True  True]
 [ True  True  True  True]]
    n_valid: [2341 2341 2341 2341]

2026-02-04T16:58:57.698418Z INFO  utilrsw.logger Plotting '50117' data
2026-02-04T16:58:57.698418Z INFO  utilrsw.logger   Plotting '50117/B/calculated/MAGE/raw' data
2026-02-04T16:59:02.957586Z INFO  utilrsw.logger     Writing C:\Users\lwilker\Documents\GitHub\SWERVE-2024-05-10\data_processed/sites/50117/figures\raw\B_calculated_MAGE.png
2026-02-04T16:59:03.810566Z INFO  utilrsw.logger     Writing C:\Users\lwilker\Documents\GitHub\SWERVE-2024-05-10\data_processed/sites/50117/figures\raw\B_calculated_MAGE.pdf
2026-02-04T16:59:03.816749Z INFO  utilrsw.logger   Plotting '50117/B/calculated/MAGE/raw' to compare dBn with dBt and dBp
2026-02-04T16:59:05.475164Z INFO  utilrsw.logger     Writing C:\Users\lwilker\Documents\GitHub\SWERVE-2024-05-10\data_processed/sites/50117/figures\raw\B_calculated_MAGE_compare_dBn_dBt_dBp.png
2026-02-04T16:59:07.557462Z INFO  utilrsw.logger     Writing C:\Users\lwilker\Documents\GitHub\SWERVE-2024-05-10\data_processed/sites/50117/figures\raw\B_calculated_MAGE_compare_dBn_dBt_dBp.pdf
2026-02-04T16:59:08.964322Z INFO  utilrsw.logger   Plotting all '50117/B' calculated vs. measured data as timeseries
2026-02-04T16:59:14.193953Z INFO  utilrsw.logger     Writing C:\Users\lwilker\Documents\GitHub\SWERVE-2024-05-10\data_processed/sites/50117/figures\compare\B_N_calculated_all_vs_measured_timeseries.png
2026-02-04T16:59:16.008136Z INFO  utilrsw.logger     Writing C:\Users\lwilker\Documents\GitHub\SWERVE-2024-05-10\data_processed/sites/50117/figures\compare\B_N_calculated_all_vs_measured_timeseries.pdf
2026-02-04T16:59:16.868064Z INFO  utilrsw.logger     Writing C:\Users\lwilker\Documents\GitHub\SWERVE-2024-05-10\data_processed/sites/50117/figures\compare\B_E_calculated_all_vs_measured_timeseries.png
2026-02-04T16:59:18.440926Z INFO  utilrsw.logger     Writing C:\Users\lwilker\Documents\GitHub\SWERVE-2024-05-10\data_processed/sites/50117/figures\compare\B_E_calculated_all_vs_measured_timeseries.pdf
2026-02-04T16:59:19.285448Z INFO  utilrsw.logger     Writing C:\Users\lwilker\Documents\GitHub\SWERVE-2024-05-10\data_processed/sites/50117/figures\compare\B_v_calculated_all_vs_measured_timeseries.png
2026-02-04T16:59:20.900421Z INFO  utilrsw.logger     Writing C:\Users\lwilker\Documents\GitHub\SWERVE-2024-05-10\data_processed/sites/50117/figures\compare\B_v_calculated_all_vs_measured_timeseries.pdf
2026-02-04T16:59:22.099563Z INFO  utilrsw.logger     Writing C:\Users\lwilker\Documents\GitHub\SWERVE-2024-05-10\data_processed/sites/50117/figures\compare\B_H_calculated_all_vs_measured_timeseries.png
2026-02-04T16:59:23.800919Z INFO  utilrsw.logger     Writing C:\Users\lwilker\Documents\GitHub\SWERVE-2024-05-10\data_processed/sites/50117/figures\compare\B_H_calculated_all_vs_measured_timeseries.pdf
2026-02-04T16:59:24.462254Z INFO  utilrsw.logger   Plotting all '50117/B' calculated vs. measured data as timeseries
2026-02-04T16:59:31.066069Z INFO  utilrsw.logger     Writing C:\Users\lwilker\Documents\GitHub\SWERVE-2024-05-10\data_processed/sites/50117/figures\compare\B_N_calculated_all_vs_measured_timeseries.png
2026-02-04T16:59:32.755355Z INFO  utilrsw.logger     Writing C:\Users\lwilker\Documents\GitHub\SWERVE-2024-05-10\data_processed/sites/50117/figures\compare\B_N_calculated_all_vs_measured_timeseries.pdf
2026-02-04T16:59:33.595071Z INFO  utilrsw.logger     Writing C:\Users\lwilker\Documents\GitHub\SWERVE-2024-05-10\data_processed/sites/50117/figures\compare\B_E_calculated_all_vs_measured_timeseries.png
2026-02-04T16:59:35.192746Z INFO  utilrsw.logger     Writing C:\Users\lwilker\Documents\GitHub\SWERVE-2024-05-10\data_processed/sites/50117/figures\compare\B_E_calculated_all_vs_measured_timeseries.pdf
2026-02-04T16:59:36.466258Z INFO  utilrsw.logger     Writing C:\Users\lwilker\Documents\GitHub\SWERVE-2024-05-10\data_processed/sites/50117/figures\compare\B_v_calculated_all_vs_measured_timeseries.png
2026-02-04T16:59:38.215580Z INFO  utilrsw.logger     Writing C:\Users\lwilker\Documents\GitHub\SWERVE-2024-05-10\data_processed/sites/50117/figures\compare\B_v_calculated_all_vs_measured_timeseries.pdf
2026-02-04T16:59:39.119553Z INFO  utilrsw.logger     Writing C:\Users\lwilker\Documents\GitHub\SWERVE-2024-05-10\data_processed/sites/50117/figures\compare\B_H_calculated_all_vs_measured_timeseries.png
2026-02-04T16:59:40.737736Z INFO  utilrsw.logger     Writing C:\Users\lwilker\Documents\GitHub\SWERVE-2024-05-10\data_processed/sites/50117/figures\compare\B_H_calculated_all_vs_measured_timeseries.pdf
2026-02-04T16:59:41.498427Z INFO  utilrsw.logger   Plotting '50117/B/SWMF' vs. measured data as timeseries
2026-02-04T16:59:47.078306Z INFO  utilrsw.logger     Writing C:\Users\lwilker\Documents\GitHub\SWERVE-2024-05-10\data_processed/sites/50117/figures\compare\B_N_calculated_SWMF_vs_measured_timeseries.png
2026-02-04T16:59:48.740474Z INFO  utilrsw.logger     Writing C:\Users\lwilker\Documents\GitHub\SWERVE-2024-05-10\data_processed/sites/50117/figures\compare\B_N_calculated_SWMF_vs_measured_timeseries.pdf
2026-02-04T16:59:49.379653Z INFO  utilrsw.logger     Writing C:\Users\lwilker\Documents\GitHub\SWERVE-2024-05-10\data_processed/sites/50117/figures\compare\B_E_calculated_SWMF_vs_measured_timeseries.png
2026-02-04T16:59:51.026162Z INFO  utilrsw.logger     Writing C:\Users\lwilker\Documents\GitHub\SWERVE-2024-05-10\data_processed/sites/50117/figures\compare\B_E_calculated_SWMF_vs_measured_timeseries.pdf
2026-02-04T16:59:51.689749Z INFO  utilrsw.logger     Writing C:\Users\lwilker\Documents\GitHub\SWERVE-2024-05-10\data_processed/sites/50117/figures\compare\B_v_calculated_SWMF_vs_measured_timeseries.png
2026-02-04T16:59:53.113118Z INFO  utilrsw.logger     Writing C:\Users\lwilker\Documents\GitHub\SWERVE-2024-05-10\data_processed/sites/50117/figures\compare\B_v_calculated_SWMF_vs_measured_timeseries.pdf
2026-02-04T16:59:54.152141Z INFO  utilrsw.logger     Writing C:\Users\lwilker\Documents\GitHub\SWERVE-2024-05-10\data_processed/sites/50117/figures\compare\B_H_calculated_SWMF_vs_measured_timeseries.png
2026-02-04T16:59:55.847507Z INFO  utilrsw.logger     Writing C:\Users\lwilker\Documents\GitHub\SWERVE-2024-05-10\data_processed/sites/50117/figures\compare\B_H_calculated_SWMF_vs_measured_timeseries.pdf
2026-02-04T16:59:56.338645Z INFO  utilrsw.logger   Plotting '50117/B/MAGE' vs. measured data as timeseries
2026-02-04T17:00:01.578298Z INFO  utilrsw.logger     Writing C:\Users\lwilker\Documents\GitHub\SWERVE-2024-05-10\data_processed/sites/50117/figures\compare\B_N_calculated_MAGE_vs_measured_timeseries.png
2026-02-04T17:00:03.171877Z INFO  utilrsw.logger     Writing C:\Users\lwilker\Documents\GitHub\SWERVE-2024-05-10\data_processed/sites/50117/figures\compare\B_N_calculated_MAGE_vs_measured_timeseries.pdf
2026-02-04T17:00:03.873673Z INFO  utilrsw.logger     Writing C:\Users\lwilker\Documents\GitHub\SWERVE-2024-05-10\data_processed/sites/50117/figures\compare\B_E_calculated_MAGE_vs_measured_timeseries.png
2026-02-04T17:00:05.570948Z INFO  utilrsw.logger     Writing C:\Users\lwilker\Documents\GitHub\SWERVE-2024-05-10\data_processed/sites/50117/figures\compare\B_E_calculated_MAGE_vs_measured_timeseries.pdf
2026-02-04T17:00:06.294761Z INFO  utilrsw.logger     Writing C:\Users\lwilker\Documents\GitHub\SWERVE-2024-05-10\data_processed/sites/50117/figures\compare\B_v_calculated_MAGE_vs_measured_timeseries.png
2026-02-04T17:00:07.897635Z INFO  utilrsw.logger     Writing C:\Users\lwilker\Documents\GitHub\SWERVE-2024-05-10\data_processed/sites/50117/figures\compare\B_v_calculated_MAGE_vs_measured_timeseries.pdf
2026-02-04T17:00:08.821330Z INFO  utilrsw.logger     Writing C:\Users\lwilker\Documents\GitHub\SWERVE-2024-05-10\data_processed/sites/50117/figures\compare\B_H_calculated_MAGE_vs_measured_timeseries.png
2026-02-04T17:00:10.593226Z INFO  utilrsw.logger     Writing C:\Users\lwilker\Documents\GitHub\SWERVE-2024-05-10\data_processed/sites/50117/figures\compare\B_H_calculated_MAGE_vs_measured_timeseries.pdf
2026-02-04T17:00:11.183056Z INFO  utilrsw.logger   Plotting '50117/B/OpenGGCM' vs. measured data as timeseries
2026-02-04T17:00:16.511173Z INFO  utilrsw.logger     Writing C:\Users\lwilker\Documents\GitHub\SWERVE-2024-05-10\data_processed/sites/50117/figures\compare\B_N_calculated_OpenGGCM_vs_measured_timeseries.png
2026-02-04T17:00:18.072167Z INFO  utilrsw.logger     Writing C:\Users\lwilker\Documents\GitHub\SWERVE-2024-05-10\data_processed/sites/50117/figures\compare\B_N_calculated_OpenGGCM_vs_measured_timeseries.pdf
2026-02-04T17:00:18.949861Z INFO  utilrsw.logger     Writing C:\Users\lwilker\Documents\GitHub\SWERVE-2024-05-10\data_processed/sites/50117/figures\compare\B_E_calculated_OpenGGCM_vs_measured_timeseries.png
2026-02-04T17:00:20.612899Z INFO  utilrsw.logger     Writing C:\Users\lwilker\Documents\GitHub\SWERVE-2024-05-10\data_processed/sites/50117/figures\compare\B_E_calculated_OpenGGCM_vs_measured_timeseries.pdf
2026-02-04T17:00:21.482569Z INFO  utilrsw.logger     Writing C:\Users\lwilker\Documents\GitHub\SWERVE-2024-05-10\data_processed/sites/50117/figures\compare\B_v_calculated_OpenGGCM_vs_measured_timeseries.png
2026-02-04T17:00:23.080487Z INFO  utilrsw.logger     Writing C:\Users\lwilker\Documents\GitHub\SWERVE-2024-05-10\data_processed/sites/50117/figures\compare\B_v_calculated_OpenGGCM_vs_measured_timeseries.pdf
2026-02-04T17:00:23.902644Z INFO  utilrsw.logger     Writing C:\Users\lwilker\Documents\GitHub\SWERVE-2024-05-10\data_processed/sites/50117/figures\compare\B_H_calculated_OpenGGCM_vs_measured_timeseries.png
2026-02-04T17:00:25.714123Z INFO  utilrsw.logger     Writing C:\Users\lwilker\Documents\GitHub\SWERVE-2024-05-10\data_processed/sites/50117/figures\compare\B_H_calculated_OpenGGCM_vs_measured_timeseries.pdf
2026-02-04T17:00:26.460224Z INFO  utilrsw.logger   Plotting all '50117/B' calculated vs. measured data as scatter
2026-02-04T17:00:30.963622Z INFO  utilrsw.logger     Writing C:\Users\lwilker\Documents\GitHub\SWERVE-2024-05-10\data_processed/sites/50117/figures\compare\B_N_calculated_all_vs_measured_scatter.png
2026-02-04T17:00:32.991388Z INFO  utilrsw.logger     Writing C:\Users\lwilker\Documents\GitHub\SWERVE-2024-05-10\data_processed/sites/50117/figures\compare\B_N_calculated_all_vs_measured_scatter.pdf
2026-02-04T17:00:34.643654Z INFO  utilrsw.logger     Writing C:\Users\lwilker\Documents\GitHub\SWERVE-2024-05-10\data_processed/sites/50117/figures\compare\B_E_calculated_all_vs_measured_scatter.png
2026-02-04T17:00:36.588249Z INFO  utilrsw.logger     Writing C:\Users\lwilker\Documents\GitHub\SWERVE-2024-05-10\data_processed/sites/50117/figures\compare\B_E_calculated_all_vs_measured_scatter.pdf
2026-02-04T17:00:38.053707Z INFO  utilrsw.logger     Writing C:\Users\lwilker\Documents\GitHub\SWERVE-2024-05-10\data_processed/sites/50117/figures\compare\B_v_calculated_all_vs_measured_scatter.png
2026-02-04T17:00:39.949210Z INFO  utilrsw.logger     Writing C:\Users\lwilker\Documents\GitHub\SWERVE-2024-05-10\data_processed/sites/50117/figures\compare\B_v_calculated_all_vs_measured_scatter.pdf
2026-02-04T17:00:41.136786Z INFO  utilrsw.logger     Writing C:\Users\lwilker\Documents\GitHub\SWERVE-2024-05-10\data_processed/sites/50117/figures\compare\B_H_calculated_all_vs_measured_scatter.png
2026-02-04T17:00:42.973516Z INFO  utilrsw.logger     Writing C:\Users\lwilker\Documents\GitHub\SWERVE-2024-05-10\data_processed/sites/50117/figures\compare\B_H_calculated_all_vs_measured_scatter.pdf
2026-02-04T17:00:44.085018Z INFO  utilrsw.logger   Plotting all '50117/B' calculated vs. measured data as scatter
2026-02-04T17:00:47.988077Z INFO  utilrsw.logger     Writing C:\Users\lwilker\Documents\GitHub\SWERVE-2024-05-10\data_processed/sites/50117/figures\compare\B_N_calculated_all_vs_measured_scatter.png
2026-02-04T17:00:49.606665Z INFO  utilrsw.logger     Writing C:\Users\lwilker\Documents\GitHub\SWERVE-2024-05-10\data_processed/sites/50117/figures\compare\B_N_calculated_all_vs_measured_scatter.pdf
2026-02-04T17:00:50.958562Z INFO  utilrsw.logger     Writing C:\Users\lwilker\Documents\GitHub\SWERVE-2024-05-10\data_processed/sites/50117/figures\compare\B_E_calculated_all_vs_measured_scatter.png
2026-02-04T17:00:52.525182Z INFO  utilrsw.logger     Writing C:\Users\lwilker\Documents\GitHub\SWERVE-2024-05-10\data_processed/sites/50117/figures\compare\B_E_calculated_all_vs_measured_scatter.pdf
2026-02-04T17:00:53.674057Z INFO  utilrsw.logger     Writing C:\Users\lwilker\Documents\GitHub\SWERVE-2024-05-10\data_processed/sites/50117/figures\compare\B_v_calculated_all_vs_measured_scatter.png
2026-02-04T17:00:55.285681Z INFO  utilrsw.logger     Writing C:\Users\lwilker\Documents\GitHub\SWERVE-2024-05-10\data_processed/sites/50117/figures\compare\B_v_calculated_all_vs_measured_scatter.pdf
2026-02-04T17:00:56.510781Z INFO  utilrsw.logger     Writing C:\Users\lwilker\Documents\GitHub\SWERVE-2024-05-10\data_processed/sites/50117/figures\compare\B_H_calculated_all_vs_measured_scatter.png
2026-02-04T17:00:58.220927Z INFO  utilrsw.logger     Writing C:\Users\lwilker\Documents\GitHub\SWERVE-2024-05-10\data_processed/sites/50117/figures\compare\B_H_calculated_all_vs_measured_scatter.pdf
2026-02-04T17:00:59.223825Z INFO  utilrsw.logger   Plotting '50117/B/SWMF' vs. measured data as scatter
2026-02-04T17:01:02.811562Z INFO  utilrsw.logger     Writing C:\Users\lwilker\Documents\GitHub\SWERVE-2024-05-10\data_processed/sites/50117/figures\compare\B_N_calculated_SWMF_vs_measured_scatter.png
2026-02-04T17:01:04.148629Z INFO  utilrsw.logger     Writing C:\Users\lwilker\Documents\GitHub\SWERVE-2024-05-10\data_processed/sites/50117/figures\compare\B_N_calculated_SWMF_vs_measured_scatter.pdf
2026-02-04T17:01:04.877384Z INFO  utilrsw.logger     Writing C:\Users\lwilker\Documents\GitHub\SWERVE-2024-05-10\data_processed/sites/50117/figures\compare\B_E_calculated_SWMF_vs_measured_scatter.png
2026-02-04T17:01:06.309025Z INFO  utilrsw.logger     Writing C:\Users\lwilker\Documents\GitHub\SWERVE-2024-05-10\data_processed/sites/50117/figures\compare\B_E_calculated_SWMF_vs_measured_scatter.pdf
2026-02-04T17:01:07.047118Z INFO  utilrsw.logger     Writing C:\Users\lwilker\Documents\GitHub\SWERVE-2024-05-10\data_processed/sites/50117/figures\compare\B_v_calculated_SWMF_vs_measured_scatter.png
2026-02-04T17:01:08.682925Z INFO  utilrsw.logger     Writing C:\Users\lwilker\Documents\GitHub\SWERVE-2024-05-10\data_processed/sites/50117/figures\compare\B_v_calculated_SWMF_vs_measured_scatter.pdf
2026-02-04T17:01:09.800288Z INFO  utilrsw.logger     Writing C:\Users\lwilker\Documents\GitHub\SWERVE-2024-05-10\data_processed/sites/50117/figures\compare\B_H_calculated_SWMF_vs_measured_scatter.png
2026-02-04T17:01:11.412430Z INFO  utilrsw.logger     Writing C:\Users\lwilker\Documents\GitHub\SWERVE-2024-05-10\data_processed/sites/50117/figures\compare\B_H_calculated_SWMF_vs_measured_scatter.pdf
2026-02-04T17:01:12.315355Z INFO  utilrsw.logger   Plotting '50117/B/MAGE' vs. measured data as scatter
2026-02-04T17:01:16.266200Z INFO  utilrsw.logger     Writing C:\Users\lwilker\Documents\GitHub\SWERVE-2024-05-10\data_processed/sites/50117/figures\compare\B_N_calculated_MAGE_vs_measured_scatter.png
2026-02-04T17:01:17.718852Z INFO  utilrsw.logger     Writing C:\Users\lwilker\Documents\GitHub\SWERVE-2024-05-10\data_processed/sites/50117/figures\compare\B_N_calculated_MAGE_vs_measured_scatter.pdf
2026-02-04T17:01:18.665856Z INFO  utilrsw.logger     Writing C:\Users\lwilker\Documents\GitHub\SWERVE-2024-05-10\data_processed/sites/50117/figures\compare\B_E_calculated_MAGE_vs_measured_scatter.png
2026-02-04T17:01:20.308429Z INFO  utilrsw.logger     Writing C:\Users\lwilker\Documents\GitHub\SWERVE-2024-05-10\data_processed/sites/50117/figures\compare\B_E_calculated_MAGE_vs_measured_scatter.pdf
2026-02-04T17:01:21.296537Z INFO  utilrsw.logger     Writing C:\Users\lwilker\Documents\GitHub\SWERVE-2024-05-10\data_processed/sites/50117/figures\compare\B_v_calculated_MAGE_vs_measured_scatter.png
2026-02-04T17:01:22.939941Z INFO  utilrsw.logger     Writing C:\Users\lwilker\Documents\GitHub\SWERVE-2024-05-10\data_processed/sites/50117/figures\compare\B_v_calculated_MAGE_vs_measured_scatter.pdf
2026-02-04T17:01:23.872461Z INFO  utilrsw.logger     Writing C:\Users\lwilker\Documents\GitHub\SWERVE-2024-05-10\data_processed/sites/50117/figures\compare\B_H_calculated_MAGE_vs_measured_scatter.png
2026-02-04T17:01:25.455096Z INFO  utilrsw.logger     Writing C:\Users\lwilker\Documents\GitHub\SWERVE-2024-05-10\data_processed/sites/50117/figures\compare\B_H_calculated_MAGE_vs_measured_scatter.pdf
2026-02-04T17:01:26.243587Z INFO  utilrsw.logger   Plotting '50117/B/OpenGGCM' vs. measured data as scatter
2026-02-04T17:01:30.735489Z INFO  utilrsw.logger     Writing C:\Users\lwilker\Documents\GitHub\SWERVE-2024-05-10\data_processed/sites/50117/figures\compare\B_N_calculated_OpenGGCM_vs_measured_scatter.png
2026-02-04T17:01:32.046371Z INFO  utilrsw.logger     Writing C:\Users\lwilker\Documents\GitHub\SWERVE-2024-05-10\data_processed/sites/50117/figures\compare\B_N_calculated_OpenGGCM_vs_measured_scatter.pdf
2026-02-04T17:01:32.900880Z INFO  utilrsw.logger     Writing C:\Users\lwilker\Documents\GitHub\SWERVE-2024-05-10\data_processed/sites/50117/figures\compare\B_E_calculated_OpenGGCM_vs_measured_scatter.png
2026-02-04T17:01:34.350781Z INFO  utilrsw.logger     Writing C:\Users\lwilker\Documents\GitHub\SWERVE-2024-05-10\data_processed/sites/50117/figures\compare\B_E_calculated_OpenGGCM_vs_measured_scatter.pdf
2026-02-04T17:01:35.163961Z INFO  utilrsw.logger     Writing C:\Users\lwilker\Documents\GitHub\SWERVE-2024-05-10\data_processed/sites/50117/figures\compare\B_v_calculated_OpenGGCM_vs_measured_scatter.png
2026-02-04T17:01:36.566650Z INFO  utilrsw.logger     Writing C:\Users\lwilker\Documents\GitHub\SWERVE-2024-05-10\data_processed/sites/50117/figures\compare\B_v_calculated_OpenGGCM_vs_measured_scatter.pdf
2026-02-04T17:01:37.337165Z INFO  utilrsw.logger     Writing C:\Users\lwilker\Documents\GitHub\SWERVE-2024-05-10\data_processed/sites/50117/figures\compare\B_H_calculated_OpenGGCM_vs_measured_scatter.png
2026-02-04T17:01:38.986722Z INFO  utilrsw.logger     Writing C:\Users\lwilker\Documents\GitHub\SWERVE-2024-05-10\data_processed/sites/50117/figures\compare\B_H_calculated_OpenGGCM_vs_measured_scatter.pdf
2026-02-04T17:01:39.718754Z INFO  utilrsw.logger   Plotting '50117/B/measured/NERC' original vs. modified data
2026-02-04T17:01:52.542700Z INFO  utilrsw.logger     Writing C:\Users\lwilker\Documents\GitHub\SWERVE-2024-05-10\data_processed/sites/50117/figures\original\B_measured_NERC.png
2026-02-04T17:01:53.854055Z INFO  utilrsw.logger     Writing C:\Users\lwilker\Documents\GitHub\SWERVE-2024-05-10\data_processed/sites/50117/figures\original\B_measured_NERC.pdf
2026-02-04T17:01:55.093340Z INFO  utilrsw.logger     Writing C:\Users\lwilker\Documents\GitHub\SWERVE-2024-05-10\data_processed/sites/50117/figures\original\B_measured_NERC.png
2026-02-04T17:01:56.716881Z INFO  utilrsw.logger     Writing C:\Users\lwilker\Documents\GitHub\SWERVE-2024-05-10\data_processed/sites/50117/figures\original\B_measured_NERC.pdf
2026-02-04T17:01:58.111301Z INFO  utilrsw.logger     Writing C:\Users\lwilker\Documents\GitHub\SWERVE-2024-05-10\data_processed/sites/50117/figures\original\B_measured_NERC.png
2026-02-04T17:01:59.529934Z INFO  utilrsw.logger     Writing C:\Users\lwilker\Documents\GitHub\SWERVE-2024-05-10\data_processed/sites/50117/figures\original\B_measured_NERC.pdf
2026-02-04T17:02:00.102275Z INFO  utilrsw.logger   Plotting '50117/B/calculated/SWMF' original vs. modified data
2026-02-04T17:02:04.581190Z INFO  utilrsw.logger     Writing C:\Users\lwilker\Documents\GitHub\SWERVE-2024-05-10\data_processed/sites/50117/figures\original\B_calculated_SWMF.png
2026-02-04T17:02:06.221877Z INFO  utilrsw.logger     Writing C:\Users\lwilker\Documents\GitHub\SWERVE-2024-05-10\data_processed/sites/50117/figures\original\B_calculated_SWMF.pdf
2026-02-04T17:02:06.917110Z INFO  utilrsw.logger     Writing C:\Users\lwilker\Documents\GitHub\SWERVE-2024-05-10\data_processed/sites/50117/figures\original\B_calculated_SWMF.png
2026-02-04T17:02:08.434866Z INFO  utilrsw.logger     Writing C:\Users\lwilker\Documents\GitHub\SWERVE-2024-05-10\data_processed/sites/50117/figures\original\B_calculated_SWMF.pdf
2026-02-04T17:02:09.578349Z INFO  utilrsw.logger     Writing C:\Users\lwilker\Documents\GitHub\SWERVE-2024-05-10\data_processed/sites/50117/figures\original\B_calculated_SWMF.png
2026-02-04T17:02:11.081130Z INFO  utilrsw.logger     Writing C:\Users\lwilker\Documents\GitHub\SWERVE-2024-05-10\data_processed/sites/50117/figures\original\B_calculated_SWMF.pdf
2026-02-04T17:02:11.540754Z INFO  utilrsw.logger   Plotting '50117/B/calculated/MAGE' original vs. modified data
2026-02-04T17:02:15.413541Z INFO  utilrsw.logger     Writing C:\Users\lwilker\Documents\GitHub\SWERVE-2024-05-10\data_processed/sites/50117/figures\original\B_calculated_MAGE.png
2026-02-04T17:02:17.206063Z INFO  utilrsw.logger     Writing C:\Users\lwilker\Documents\GitHub\SWERVE-2024-05-10\data_processed/sites/50117/figures\original\B_calculated_MAGE.pdf
2026-02-04T17:02:18.011610Z INFO  utilrsw.logger     Writing C:\Users\lwilker\Documents\GitHub\SWERVE-2024-05-10\data_processed/sites/50117/figures\original\B_calculated_MAGE.png
2026-02-04T17:02:19.813347Z INFO  utilrsw.logger     Writing C:\Users\lwilker\Documents\GitHub\SWERVE-2024-05-10\data_processed/sites/50117/figures\original\B_calculated_MAGE.pdf
2026-02-04T17:02:20.623874Z INFO  utilrsw.logger     Writing C:\Users\lwilker\Documents\GitHub\SWERVE-2024-05-10\data_processed/sites/50117/figures\original\B_calculated_MAGE.png
2026-02-04T17:02:22.361775Z INFO  utilrsw.logger     Writing C:\Users\lwilker\Documents\GitHub\SWERVE-2024-05-10\data_processed/sites/50117/figures\original\B_calculated_MAGE.pdf
2026-02-04T17:02:22.877494Z INFO  utilrsw.logger   Plotting '50117/B/calculated/OpenGGCM' original vs. modified data
2026-02-04T17:02:27.828166Z INFO  utilrsw.logger     Writing C:\Users\lwilker\Documents\GitHub\SWERVE-2024-05-10\data_processed/sites/50117/figures\original\B_calculated_OpenGGCM.png
2026-02-04T17:02:29.497093Z INFO  utilrsw.logger     Writing C:\Users\lwilker\Documents\GitHub\SWERVE-2024-05-10\data_processed/sites/50117/figures\original\B_calculated_OpenGGCM.pdf
2026-02-04T17:02:30.262040Z INFO  utilrsw.logger     Writing C:\Users\lwilker\Documents\GitHub\SWERVE-2024-05-10\data_processed/sites/50117/figures\original\B_calculated_OpenGGCM.png
2026-02-04T17:02:31.945626Z INFO  utilrsw.logger     Writing C:\Users\lwilker\Documents\GitHub\SWERVE-2024-05-10\data_processed/sites/50117/figures\original\B_calculated_OpenGGCM.pdf
2026-02-04T17:02:32.629040Z INFO  utilrsw.logger     Writing C:\Users\lwilker\Documents\GitHub\SWERVE-2024-05-10\data_processed/sites/50117/figures\original\B_calculated_OpenGGCM.png
2026-02-04T17:02:34.189174Z INFO  utilrsw.logger     Writing C:\Users\lwilker\Documents\GitHub\SWERVE-2024-05-10\data_processed/sites/50117/figures\original\B_calculated_OpenGGCM.pdf
2026-02-04T17:02:34.637285Z INFO  utilrsw.logger Reading '50118' data
2026-02-04T17:02:34.640284Z INFO  utilrsw.logger   Reading cached file with all data for site '50118': C:\Users\lwilker\Documents\GitHub\SWERVE-2024-05-10\data_processed\sites\50118\data\_all.pkl
2026-02-04T17:02:34.990275Z INFO  utilrsw.logger Computing stats for '50118' data
2026-02-04T17:02:36.050893Z INFO  utilrsw.logger   Uniq dts [ns] = [1000000000]
2026-02-04T17:02:36.050893Z INFO  utilrsw.logger   Uniq dts [#]  = 1
2026-02-04T17:02:36.051918Z INFO  utilrsw.logger   Stats for B/measured/NERC:
2026-02-04T17:02:36.053900Z INFO  utilrsw.logger 
    std: [160.10628419  75.13573799 120.43771844 121.02036176]
    ave: [-148.17916823  -20.25884985   20.76419806  197.57239128]
    min: [-748.52533333 -312.016      -463.0885       11.77371917]
    max: [674.41583333 265.90833333 556.0595     781.21221618]
    n: 2341
    n_valid: [2341 2341 2341 2341]
    dt_original: [1000000000]

2026-02-04T17:02:36.080492Z INFO  utilrsw.logger   Uniq dts [ns] = [60000000000]
2026-02-04T17:02:36.081525Z INFO  utilrsw.logger   Uniq dts [#]  = 1
2026-02-04T17:02:36.081525Z INFO  utilrsw.logger   Stats for B/calculated/SWMF:
2026-02-04T17:02:36.083523Z INFO  utilrsw.logger 
    std: [57.41256319 38.17303528 44.38048878 57.19844333]
    ave: [37.54050177  3.88384576 -8.87880362 53.90820574]
    min: [ -48.75651106  -77.62526296 -189.47529612    0.7110915 ]
    max: [223.18975382 182.03403651 103.82706545 280.72148537]
    n: 2341
    n_valid: [2339 2339 2339 2339]
    dt_original: [60000000000]

2026-02-04T17:02:36.096049Z INFO  utilrsw.logger   Uniq dts [ns] = [60000000000]
2026-02-04T17:02:36.096049Z INFO  utilrsw.logger   Uniq dts [#]  = 1
2026-02-04T17:02:36.097083Z INFO  utilrsw.logger   Stats for B/calculated/MAGE:
2026-02-04T17:02:36.099082Z INFO  utilrsw.logger 
    std: [287.7622659  296.77226248 353.84759175 197.21728988]
    ave: [ 17.78899755  35.06152419 302.73479694 365.42030176]
    min: [ -810.78642486 -1015.13383757 -1122.49021724    22.69901963]
    max: [ 652.20031312 1547.11706407 2273.88816303 1548.50280985]
    n: 2341
    n_valid: [1980 1980 1980 1980]
    dt_original: [60000000000]

2026-02-04T17:02:36.123083Z INFO  utilrsw.logger   Uniq dts [ns] = [60000000000]
2026-02-04T17:02:36.124076Z INFO  utilrsw.logger   Uniq dts [#]  = 1
2026-02-04T17:02:36.125082Z INFO  utilrsw.logger   Stats for B/calculated/OpenGGCM:
2026-02-04T17:02:36.127083Z INFO  utilrsw.logger 
    std: [ 62.25997163 332.4622148  226.09716597 253.82074948]
    ave: [-65.97401945 101.9058523   42.27900163 254.40092265]
    min: [-265.76852954 -656.86478385 -889.83680304    6.0994891 ]
    max: [ 237.5050478  1319.85922951  603.29166671 1326.04884453]
    n: 2341
    n_valid: [2341 2341 2341 2341]
    dt_original: [60000000000]

2026-02-04T17:02:36.129083Z WARN  utilrsw.logger   Multiplying measured data by -1 before computing pe.
2026-02-04T17:02:36.133076Z INFO  utilrsw.logger   Metrics for B/calculated/SWMF:
2026-02-04T17:02:36.135079Z INFO  utilrsw.logger 
    err_rms: [248.80846527  92.15324966 118.17890861 181.56871623]
    err_ave: [-185.58210559  -24.08390989   29.85666574  143.55790779]
    err: [[-38.56498038  54.18340032  -5.40700209  59.98928494]
 [-38.21534048  54.81303121  -5.57044608  59.62475254]
 [-38.38849078  53.08718844  -5.22385427  56.84171296]
 ...
 [-83.09564028  13.98688139   4.36745984  77.48190246]
 [-85.54313433  13.37777717   5.55947663  79.66392698]
 [-85.2618294   14.93677182   6.28658261  79.40927579]]
    cc: [ 0.07968116 -0.14100572  0.31402844  0.40150644]
    pe: [-1.41502018 -0.16196916  0.03391769 -1.25107298]
    valid: [[ True  True  True  True]
 [ True  True  True  True]
 [ True  True  True  True]
 ...
 [ True  True  True  True]
 [ True  True  True  True]
 [ True  True  True  True]]
    n_valid: [2339 2339 2339 2339]

2026-02-04T17:02:36.137078Z WARN  utilrsw.logger   Multiplying measured data by -1 before computing pe.
2026-02-04T17:02:36.140084Z INFO  utilrsw.logger   Metrics for B/calculated/MAGE:
2026-02-04T17:02:36.143079Z INFO  utilrsw.logger 
    err_rms: [409.11405085 294.26307571 416.87757592 230.92709366]
    err_ave: [-180.32705832  -63.78318176 -282.7872152  -147.4288152 ]
    err: [[ -85.45393219  113.41461072  149.96816924   -1.44480617]
 [ -85.72980413  114.3370062   147.59865953   -2.84262947]
 [ -87.50030595  114.09443634  144.30183537   -8.50228087]
 ...
 [  20.53349817   86.91963347 -107.62711573  -51.93271782]
 [  16.170947     85.18054853 -112.4341914   -46.00514159]
 [  18.99533796   66.52699    -109.54118575  -38.77010124]]
    cc: [-0.23853987  0.25120358  0.52438173  0.45887828]
    pe: [ -2.79765703 -13.57216856  -9.21710648  -2.68554645]
    valid: [[ True  True  True  True]
 [ True  True  True  True]
 [ True  True  True  True]
 ...
 [False False False False]
 [False False False False]
 [False False False False]]
    n_valid: [1980 1980 1980 1980]

2026-02-04T17:02:36.145083Z WARN  utilrsw.logger   Multiplying measured data by -1 before computing pe.
2026-02-04T17:02:36.147083Z WARN  utilrsw.logger   Multiplying measured data by -1 before computing pe.
2026-02-04T17:02:36.149071Z INFO  utilrsw.logger   Metrics for B/calculated/OpenGGCM:
2026-02-04T17:02:36.151084Z INFO  utilrsw.logger 
    err_rms: [185.3327529  387.60302764 316.80193516 267.26945715]
    err_ave: [ -82.20514878 -122.16470215  -21.51480357  -56.82853137]
    err: [[  11.72820319  208.8204118  -156.4265678   -80.28572664]
 [  12.19494627  214.12995142 -160.58345629  -84.84193717]
 [  13.71916446  212.76760875 -163.05386493  -88.07927046]
 ...
 [   0.7457266    82.89499025 -100.53913386  -24.78701475]
 [  -0.82823883   92.34973751 -103.28127254  -29.8461557 ]
 [   0.75109154  102.25613999 -105.02283012  -36.63156156]]
    cc: [ 0.09629527 -0.38301736 -0.62935398  0.1768931 ]
    pe: [ -0.33994693 -17.37030693  -1.43527173  -3.87732583]
    valid: [[ True  True  True  True]
 [ True  True  True  True]
 [ True  True  True  True]
 ...
 [ True  True  True  True]
 [ True  True  True  True]
 [ True  True  True  True]]
    n_valid: [2341 2341 2341 2341]

2026-02-04T17:02:36.172082Z INFO  utilrsw.logger Plotting '50118' data
2026-02-04T17:02:36.176077Z INFO  utilrsw.logger   Plotting '50118/B/calculated/MAGE/raw' data
2026-02-04T17:02:41.063296Z INFO  utilrsw.logger     Writing C:\Users\lwilker\Documents\GitHub\SWERVE-2024-05-10\data_processed/sites/50118/figures\raw\B_calculated_MAGE.png
2026-02-04T17:02:41.879747Z INFO  utilrsw.logger     Writing C:\Users\lwilker\Documents\GitHub\SWERVE-2024-05-10\data_processed/sites/50118/figures\raw\B_calculated_MAGE.pdf
2026-02-04T17:02:41.889766Z INFO  utilrsw.logger   Plotting '50118/B/calculated/MAGE/raw' to compare dBn with dBt and dBp
2026-02-04T17:02:43.777552Z INFO  utilrsw.logger     Writing C:\Users\lwilker\Documents\GitHub\SWERVE-2024-05-10\data_processed/sites/50118/figures\raw\B_calculated_MAGE_compare_dBn_dBt_dBp.png
2026-02-04T17:02:45.809896Z INFO  utilrsw.logger     Writing C:\Users\lwilker\Documents\GitHub\SWERVE-2024-05-10\data_processed/sites/50118/figures\raw\B_calculated_MAGE_compare_dBn_dBt_dBp.pdf
2026-02-04T17:02:46.834376Z INFO  utilrsw.logger   Plotting all '50118/B' calculated vs. measured data as timeseries
2026-02-04T17:02:51.450535Z INFO  utilrsw.logger     Writing C:\Users\lwilker\Documents\GitHub\SWERVE-2024-05-10\data_processed/sites/50118/figures\compare\B_N_calculated_all_vs_measured_timeseries.png
2026-02-04T17:02:53.060574Z INFO  utilrsw.logger     Writing C:\Users\lwilker\Documents\GitHub\SWERVE-2024-05-10\data_processed/sites/50118/figures\compare\B_N_calculated_all_vs_measured_timeseries.pdf
2026-02-04T17:02:53.889228Z INFO  utilrsw.logger     Writing C:\Users\lwilker\Documents\GitHub\SWERVE-2024-05-10\data_processed/sites/50118/figures\compare\B_E_calculated_all_vs_measured_timeseries.png
2026-02-04T17:02:55.628520Z INFO  utilrsw.logger     Writing C:\Users\lwilker\Documents\GitHub\SWERVE-2024-05-10\data_processed/sites/50118/figures\compare\B_E_calculated_all_vs_measured_timeseries.pdf
2026-02-04T17:02:56.789438Z INFO  utilrsw.logger     Writing C:\Users\lwilker\Documents\GitHub\SWERVE-2024-05-10\data_processed/sites/50118/figures\compare\B_v_calculated_all_vs_measured_timeseries.png
2026-02-04T17:02:58.279565Z INFO  utilrsw.logger     Writing C:\Users\lwilker\Documents\GitHub\SWERVE-2024-05-10\data_processed/sites/50118/figures\compare\B_v_calculated_all_vs_measured_timeseries.pdf
2026-02-04T17:02:58.997657Z INFO  utilrsw.logger     Writing C:\Users\lwilker\Documents\GitHub\SWERVE-2024-05-10\data_processed/sites/50118/figures\compare\B_H_calculated_all_vs_measured_timeseries.png
2026-02-04T17:03:00.690758Z INFO  utilrsw.logger     Writing C:\Users\lwilker\Documents\GitHub\SWERVE-2024-05-10\data_processed/sites/50118/figures\compare\B_H_calculated_all_vs_measured_timeseries.pdf
2026-02-04T17:03:01.259733Z INFO  utilrsw.logger   Plotting all '50118/B' calculated vs. measured data as timeseries
2026-02-04T17:03:06.974320Z INFO  utilrsw.logger     Writing C:\Users\lwilker\Documents\GitHub\SWERVE-2024-05-10\data_processed/sites/50118/figures\compare\B_N_calculated_all_vs_measured_timeseries.png
2026-02-04T17:03:08.726465Z INFO  utilrsw.logger     Writing C:\Users\lwilker\Documents\GitHub\SWERVE-2024-05-10\data_processed/sites/50118/figures\compare\B_N_calculated_all_vs_measured_timeseries.pdf
2026-02-04T17:03:09.483313Z INFO  utilrsw.logger     Writing C:\Users\lwilker\Documents\GitHub\SWERVE-2024-05-10\data_processed/sites/50118/figures\compare\B_E_calculated_all_vs_measured_timeseries.png
2026-02-04T17:03:11.187400Z INFO  utilrsw.logger     Writing C:\Users\lwilker\Documents\GitHub\SWERVE-2024-05-10\data_processed/sites/50118/figures\compare\B_E_calculated_all_vs_measured_timeseries.pdf
2026-02-04T17:03:12.359438Z INFO  utilrsw.logger     Writing C:\Users\lwilker\Documents\GitHub\SWERVE-2024-05-10\data_processed/sites/50118/figures\compare\B_v_calculated_all_vs_measured_timeseries.png
2026-02-04T17:03:14.022735Z INFO  utilrsw.logger     Writing C:\Users\lwilker\Documents\GitHub\SWERVE-2024-05-10\data_processed/sites/50118/figures\compare\B_v_calculated_all_vs_measured_timeseries.pdf
2026-02-04T17:03:14.894934Z INFO  utilrsw.logger     Writing C:\Users\lwilker\Documents\GitHub\SWERVE-2024-05-10\data_processed/sites/50118/figures\compare\B_H_calculated_all_vs_measured_timeseries.png
2026-02-04T17:03:16.703199Z INFO  utilrsw.logger     Writing C:\Users\lwilker\Documents\GitHub\SWERVE-2024-05-10\data_processed/sites/50118/figures\compare\B_H_calculated_all_vs_measured_timeseries.pdf
2026-02-04T17:03:17.279227Z INFO  utilrsw.logger   Plotting '50118/B/SWMF' vs. measured data as timeseries
2026-02-04T17:03:22.617279Z INFO  utilrsw.logger     Writing C:\Users\lwilker\Documents\GitHub\SWERVE-2024-05-10\data_processed/sites/50118/figures\compare\B_N_calculated_SWMF_vs_measured_timeseries.png
2026-02-04T17:03:24.320678Z INFO  utilrsw.logger     Writing C:\Users\lwilker\Documents\GitHub\SWERVE-2024-05-10\data_processed/sites/50118/figures\compare\B_N_calculated_SWMF_vs_measured_timeseries.pdf
2026-02-04T17:03:25.066712Z INFO  utilrsw.logger     Writing C:\Users\lwilker\Documents\GitHub\SWERVE-2024-05-10\data_processed/sites/50118/figures\compare\B_E_calculated_SWMF_vs_measured_timeseries.png
2026-02-04T17:03:26.555875Z INFO  utilrsw.logger     Writing C:\Users\lwilker\Documents\GitHub\SWERVE-2024-05-10\data_processed/sites/50118/figures\compare\B_E_calculated_SWMF_vs_measured_timeseries.pdf
2026-02-04T17:03:27.697521Z INFO  utilrsw.logger     Writing C:\Users\lwilker\Documents\GitHub\SWERVE-2024-05-10\data_processed/sites/50118/figures\compare\B_v_calculated_SWMF_vs_measured_timeseries.png
2026-02-04T17:03:29.202829Z INFO  utilrsw.logger     Writing C:\Users\lwilker\Documents\GitHub\SWERVE-2024-05-10\data_processed/sites/50118/figures\compare\B_v_calculated_SWMF_vs_measured_timeseries.pdf
2026-02-04T17:03:29.965625Z INFO  utilrsw.logger     Writing C:\Users\lwilker\Documents\GitHub\SWERVE-2024-05-10\data_processed/sites/50118/figures\compare\B_H_calculated_SWMF_vs_measured_timeseries.png
2026-02-04T17:03:31.535588Z INFO  utilrsw.logger     Writing C:\Users\lwilker\Documents\GitHub\SWERVE-2024-05-10\data_processed/sites/50118/figures\compare\B_H_calculated_SWMF_vs_measured_timeseries.pdf
2026-02-04T17:03:32.311570Z INFO  utilrsw.logger   Plotting '50118/B/MAGE' vs. measured data as timeseries
2026-02-04T17:03:38.129611Z INFO  utilrsw.logger     Writing C:\Users\lwilker\Documents\GitHub\SWERVE-2024-05-10\data_processed/sites/50118/figures\compare\B_N_calculated_MAGE_vs_measured_timeseries.png
2026-02-04T17:03:39.877892Z INFO  utilrsw.logger     Writing C:\Users\lwilker\Documents\GitHub\SWERVE-2024-05-10\data_processed/sites/50118/figures\compare\B_N_calculated_MAGE_vs_measured_timeseries.pdf
2026-02-04T17:03:40.743083Z INFO  utilrsw.logger     Writing C:\Users\lwilker\Documents\GitHub\SWERVE-2024-05-10\data_processed/sites/50118/figures\compare\B_E_calculated_MAGE_vs_measured_timeseries.png
2026-02-04T17:03:42.334883Z INFO  utilrsw.logger     Writing C:\Users\lwilker\Documents\GitHub\SWERVE-2024-05-10\data_processed/sites/50118/figures\compare\B_E_calculated_MAGE_vs_measured_timeseries.pdf
2026-02-04T17:03:42.986827Z INFO  utilrsw.logger     Writing C:\Users\lwilker\Documents\GitHub\SWERVE-2024-05-10\data_processed/sites/50118/figures\compare\B_v_calculated_MAGE_vs_measured_timeseries.png
2026-02-04T17:03:44.718982Z INFO  utilrsw.logger     Writing C:\Users\lwilker\Documents\GitHub\SWERVE-2024-05-10\data_processed/sites/50118/figures\compare\B_v_calculated_MAGE_vs_measured_timeseries.pdf
2026-02-04T17:03:45.711376Z INFO  utilrsw.logger     Writing C:\Users\lwilker\Documents\GitHub\SWERVE-2024-05-10\data_processed/sites/50118/figures\compare\B_H_calculated_MAGE_vs_measured_timeseries.png
2026-02-04T17:03:47.451892Z INFO  utilrsw.logger     Writing C:\Users\lwilker\Documents\GitHub\SWERVE-2024-05-10\data_processed/sites/50118/figures\compare\B_H_calculated_MAGE_vs_measured_timeseries.pdf
2026-02-04T17:03:47.995930Z INFO  utilrsw.logger   Plotting '50118/B/OpenGGCM' vs. measured data as timeseries
2026-02-04T17:03:53.868481Z INFO  utilrsw.logger     Writing C:\Users\lwilker\Documents\GitHub\SWERVE-2024-05-10\data_processed/sites/50118/figures\compare\B_N_calculated_OpenGGCM_vs_measured_timeseries.png
2026-02-04T17:03:55.486644Z INFO  utilrsw.logger     Writing C:\Users\lwilker\Documents\GitHub\SWERVE-2024-05-10\data_processed/sites/50118/figures\compare\B_N_calculated_OpenGGCM_vs_measured_timeseries.pdf
2026-02-04T17:03:56.302588Z INFO  utilrsw.logger     Writing C:\Users\lwilker\Documents\GitHub\SWERVE-2024-05-10\data_processed/sites/50118/figures\compare\B_E_calculated_OpenGGCM_vs_measured_timeseries.png
2026-02-04T17:03:58.030946Z INFO  utilrsw.logger     Writing C:\Users\lwilker\Documents\GitHub\SWERVE-2024-05-10\data_processed/sites/50118/figures\compare\B_E_calculated_OpenGGCM_vs_measured_timeseries.pdf
2026-02-04T17:03:58.814781Z INFO  utilrsw.logger     Writing C:\Users\lwilker\Documents\GitHub\SWERVE-2024-05-10\data_processed/sites/50118/figures\compare\B_v_calculated_OpenGGCM_vs_measured_timeseries.png
2026-02-04T17:04:00.451990Z INFO  utilrsw.logger     Writing C:\Users\lwilker\Documents\GitHub\SWERVE-2024-05-10\data_processed/sites/50118/figures\compare\B_v_calculated_OpenGGCM_vs_measured_timeseries.pdf
2026-02-04T17:04:01.202937Z INFO  utilrsw.logger     Writing C:\Users\lwilker\Documents\GitHub\SWERVE-2024-05-10\data_processed/sites/50118/figures\compare\B_H_calculated_OpenGGCM_vs_measured_timeseries.png
2026-02-04T17:04:02.942035Z INFO  utilrsw.logger     Writing C:\Users\lwilker\Documents\GitHub\SWERVE-2024-05-10\data_processed/sites/50118/figures\compare\B_H_calculated_OpenGGCM_vs_measured_timeseries.pdf
2026-02-04T17:04:03.433784Z INFO  utilrsw.logger   Plotting all '50118/B' calculated vs. measured data as scatter
2026-02-04T17:04:08.164279Z INFO  utilrsw.logger     Writing C:\Users\lwilker\Documents\GitHub\SWERVE-2024-05-10\data_processed/sites/50118/figures\compare\B_N_calculated_all_vs_measured_scatter.png
2026-02-04T17:04:09.870336Z INFO  utilrsw.logger     Writing C:\Users\lwilker\Documents\GitHub\SWERVE-2024-05-10\data_processed/sites/50118/figures\compare\B_N_calculated_all_vs_measured_scatter.pdf
2026-02-04T17:04:11.204570Z INFO  utilrsw.logger     Writing C:\Users\lwilker\Documents\GitHub\SWERVE-2024-05-10\data_processed/sites/50118/figures\compare\B_E_calculated_all_vs_measured_scatter.png
2026-02-04T17:04:12.787177Z INFO  utilrsw.logger     Writing C:\Users\lwilker\Documents\GitHub\SWERVE-2024-05-10\data_processed/sites/50118/figures\compare\B_E_calculated_all_vs_measured_scatter.pdf
2026-02-04T17:04:14.062134Z INFO  utilrsw.logger     Writing C:\Users\lwilker\Documents\GitHub\SWERVE-2024-05-10\data_processed/sites/50118/figures\compare\B_v_calculated_all_vs_measured_scatter.png
2026-02-04T17:04:15.983040Z INFO  utilrsw.logger     Writing C:\Users\lwilker\Documents\GitHub\SWERVE-2024-05-10\data_processed/sites/50118/figures\compare\B_v_calculated_all_vs_measured_scatter.pdf
2026-02-04T17:04:17.511858Z INFO  utilrsw.logger     Writing C:\Users\lwilker\Documents\GitHub\SWERVE-2024-05-10\data_processed/sites/50118/figures\compare\B_H_calculated_all_vs_measured_scatter.png
2026-02-04T17:04:19.515784Z INFO  utilrsw.logger     Writing C:\Users\lwilker\Documents\GitHub\SWERVE-2024-05-10\data_processed/sites/50118/figures\compare\B_H_calculated_all_vs_measured_scatter.pdf
2026-02-04T17:04:20.636201Z INFO  utilrsw.logger   Plotting all '50118/B' calculated vs. measured data as scatter
2026-02-04T17:04:24.186315Z INFO  utilrsw.logger     Writing C:\Users\lwilker\Documents\GitHub\SWERVE-2024-05-10\data_processed/sites/50118/figures\compare\B_N_calculated_all_vs_measured_scatter.png
2026-02-04T17:04:25.802396Z INFO  utilrsw.logger     Writing C:\Users\lwilker\Documents\GitHub\SWERVE-2024-05-10\data_processed/sites/50118/figures\compare\B_N_calculated_all_vs_measured_scatter.pdf
2026-02-04T17:04:27.262553Z INFO  utilrsw.logger     Writing C:\Users\lwilker\Documents\GitHub\SWERVE-2024-05-10\data_processed/sites/50118/figures\compare\B_E_calculated_all_vs_measured_scatter.png
2026-02-04T17:04:29.000155Z INFO  utilrsw.logger     Writing C:\Users\lwilker\Documents\GitHub\SWERVE-2024-05-10\data_processed/sites/50118/figures\compare\B_E_calculated_all_vs_measured_scatter.pdf
2026-02-04T17:04:30.195501Z INFO  utilrsw.logger     Writing C:\Users\lwilker\Documents\GitHub\SWERVE-2024-05-10\data_processed/sites/50118/figures\compare\B_v_calculated_all_vs_measured_scatter.png
2026-02-04T17:04:32.754133Z INFO  utilrsw.logger     Writing C:\Users\lwilker\Documents\GitHub\SWERVE-2024-05-10\data_processed/sites/50118/figures\compare\B_v_calculated_all_vs_measured_scatter.pdf
2026-02-04T17:04:34.438609Z INFO  utilrsw.logger     Writing C:\Users\lwilker\Documents\GitHub\SWERVE-2024-05-10\data_processed/sites/50118/figures\compare\B_H_calculated_all_vs_measured_scatter.png
2026-02-04T17:04:36.511776Z INFO  utilrsw.logger     Writing C:\Users\lwilker\Documents\GitHub\SWERVE-2024-05-10\data_processed/sites/50118/figures\compare\B_H_calculated_all_vs_measured_scatter.pdf
2026-02-04T17:04:37.954436Z INFO  utilrsw.logger   Plotting '50118/B/SWMF' vs. measured data as scatter
2026-02-04T17:04:42.311672Z INFO  utilrsw.logger     Writing C:\Users\lwilker\Documents\GitHub\SWERVE-2024-05-10\data_processed/sites/50118/figures\compare\B_N_calculated_SWMF_vs_measured_scatter.png
2026-02-04T17:04:43.941444Z INFO  utilrsw.logger     Writing C:\Users\lwilker\Documents\GitHub\SWERVE-2024-05-10\data_processed/sites/50118/figures\compare\B_N_calculated_SWMF_vs_measured_scatter.pdf
2026-02-04T17:04:45.076027Z INFO  utilrsw.logger     Writing C:\Users\lwilker\Documents\GitHub\SWERVE-2024-05-10\data_processed/sites/50118/figures\compare\B_E_calculated_SWMF_vs_measured_scatter.png
2026-02-04T17:04:46.642131Z INFO  utilrsw.logger     Writing C:\Users\lwilker\Documents\GitHub\SWERVE-2024-05-10\data_processed/sites/50118/figures\compare\B_E_calculated_SWMF_vs_measured_scatter.pdf
2026-02-04T17:04:47.489006Z INFO  utilrsw.logger     Writing C:\Users\lwilker\Documents\GitHub\SWERVE-2024-05-10\data_processed/sites/50118/figures\compare\B_v_calculated_SWMF_vs_measured_scatter.png
2026-02-04T17:04:49.073252Z INFO  utilrsw.logger     Writing C:\Users\lwilker\Documents\GitHub\SWERVE-2024-05-10\data_processed/sites/50118/figures\compare\B_v_calculated_SWMF_vs_measured_scatter.pdf
2026-02-04T17:04:50.190336Z INFO  utilrsw.logger     Writing C:\Users\lwilker\Documents\GitHub\SWERVE-2024-05-10\data_processed/sites/50118/figures\compare\B_H_calculated_SWMF_vs_measured_scatter.png
2026-02-04T17:04:51.836502Z INFO  utilrsw.logger     Writing C:\Users\lwilker\Documents\GitHub\SWERVE-2024-05-10\data_processed/sites/50118/figures\compare\B_H_calculated_SWMF_vs_measured_scatter.pdf
2026-02-04T17:04:52.726556Z INFO  utilrsw.logger   Plotting '50118/B/MAGE' vs. measured data as scatter
2026-02-04T17:04:56.283288Z INFO  utilrsw.logger     Writing C:\Users\lwilker\Documents\GitHub\SWERVE-2024-05-10\data_processed/sites/50118/figures\compare\B_N_calculated_MAGE_vs_measured_scatter.png
2026-02-04T17:04:57.723785Z INFO  utilrsw.logger     Writing C:\Users\lwilker\Documents\GitHub\SWERVE-2024-05-10\data_processed/sites/50118/figures\compare\B_N_calculated_MAGE_vs_measured_scatter.pdf
2026-02-04T17:04:58.533337Z INFO  utilrsw.logger     Writing C:\Users\lwilker\Documents\GitHub\SWERVE-2024-05-10\data_processed/sites/50118/figures\compare\B_E_calculated_MAGE_vs_measured_scatter.png
2026-02-04T17:05:00.086121Z INFO  utilrsw.logger     Writing C:\Users\lwilker\Documents\GitHub\SWERVE-2024-05-10\data_processed/sites/50118/figures\compare\B_E_calculated_MAGE_vs_measured_scatter.pdf
2026-02-04T17:05:00.852837Z INFO  utilrsw.logger     Writing C:\Users\lwilker\Documents\GitHub\SWERVE-2024-05-10\data_processed/sites/50118/figures\compare\B_v_calculated_MAGE_vs_measured_scatter.png
2026-02-04T17:05:02.366042Z INFO  utilrsw.logger     Writing C:\Users\lwilker\Documents\GitHub\SWERVE-2024-05-10\data_processed/sites/50118/figures\compare\B_v_calculated_MAGE_vs_measured_scatter.pdf
2026-02-04T17:05:03.598807Z INFO  utilrsw.logger     Writing C:\Users\lwilker\Documents\GitHub\SWERVE-2024-05-10\data_processed/sites/50118/figures\compare\B_H_calculated_MAGE_vs_measured_scatter.png
2026-02-04T17:05:05.342549Z INFO  utilrsw.logger     Writing C:\Users\lwilker\Documents\GitHub\SWERVE-2024-05-10\data_processed/sites/50118/figures\compare\B_H_calculated_MAGE_vs_measured_scatter.pdf
2026-02-04T17:05:05.971421Z INFO  utilrsw.logger   Plotting '50118/B/OpenGGCM' vs. measured data as scatter
2026-02-04T17:05:09.485214Z INFO  utilrsw.logger     Writing C:\Users\lwilker\Documents\GitHub\SWERVE-2024-05-10\data_processed/sites/50118/figures\compare\B_N_calculated_OpenGGCM_vs_measured_scatter.png
2026-02-04T17:05:11.254408Z INFO  utilrsw.logger     Writing C:\Users\lwilker\Documents\GitHub\SWERVE-2024-05-10\data_processed/sites/50118/figures\compare\B_N_calculated_OpenGGCM_vs_measured_scatter.pdf
2026-02-04T17:05:12.238801Z INFO  utilrsw.logger     Writing C:\Users\lwilker\Documents\GitHub\SWERVE-2024-05-10\data_processed/sites/50118/figures\compare\B_E_calculated_OpenGGCM_vs_measured_scatter.png
2026-02-04T17:05:14.009492Z INFO  utilrsw.logger     Writing C:\Users\lwilker\Documents\GitHub\SWERVE-2024-05-10\data_processed/sites/50118/figures\compare\B_E_calculated_OpenGGCM_vs_measured_scatter.pdf
2026-02-04T17:05:15.061548Z INFO  utilrsw.logger     Writing C:\Users\lwilker\Documents\GitHub\SWERVE-2024-05-10\data_processed/sites/50118/figures\compare\B_v_calculated_OpenGGCM_vs_measured_scatter.png
2026-02-04T17:05:16.607677Z INFO  utilrsw.logger     Writing C:\Users\lwilker\Documents\GitHub\SWERVE-2024-05-10\data_processed/sites/50118/figures\compare\B_v_calculated_OpenGGCM_vs_measured_scatter.pdf
2026-02-04T17:05:17.408992Z INFO  utilrsw.logger     Writing C:\Users\lwilker\Documents\GitHub\SWERVE-2024-05-10\data_processed/sites/50118/figures\compare\B_H_calculated_OpenGGCM_vs_measured_scatter.png
2026-02-04T17:05:19.221638Z INFO  utilrsw.logger     Writing C:\Users\lwilker\Documents\GitHub\SWERVE-2024-05-10\data_processed/sites/50118/figures\compare\B_H_calculated_OpenGGCM_vs_measured_scatter.pdf
2026-02-04T17:05:20.191121Z INFO  utilrsw.logger   Plotting '50118/B/measured/NERC' original vs. modified data
2026-02-04T17:05:33.329349Z INFO  utilrsw.logger     Writing C:\Users\lwilker\Documents\GitHub\SWERVE-2024-05-10\data_processed/sites/50118/figures\original\B_measured_NERC.png
2026-02-04T17:05:34.803802Z INFO  utilrsw.logger     Writing C:\Users\lwilker\Documents\GitHub\SWERVE-2024-05-10\data_processed/sites/50118/figures\original\B_measured_NERC.pdf
2026-02-04T17:05:35.976283Z INFO  utilrsw.logger     Writing C:\Users\lwilker\Documents\GitHub\SWERVE-2024-05-10\data_processed/sites/50118/figures\original\B_measured_NERC.png
2026-02-04T17:05:37.658868Z INFO  utilrsw.logger     Writing C:\Users\lwilker\Documents\GitHub\SWERVE-2024-05-10\data_processed/sites/50118/figures\original\B_measured_NERC.pdf
2026-02-04T17:05:38.774862Z INFO  utilrsw.logger     Writing C:\Users\lwilker\Documents\GitHub\SWERVE-2024-05-10\data_processed/sites/50118/figures\original\B_measured_NERC.png
2026-02-04T17:05:40.142150Z INFO  utilrsw.logger     Writing C:\Users\lwilker\Documents\GitHub\SWERVE-2024-05-10\data_processed/sites/50118/figures\original\B_measured_NERC.pdf
2026-02-04T17:05:40.669581Z INFO  utilrsw.logger   Plotting '50118/B/calculated/SWMF' original vs. modified data
2026-02-04T17:05:46.041566Z INFO  utilrsw.logger     Writing C:\Users\lwilker\Documents\GitHub\SWERVE-2024-05-10\data_processed/sites/50118/figures\original\B_calculated_SWMF.png
2026-02-04T17:05:47.655257Z INFO  utilrsw.logger     Writing C:\Users\lwilker\Documents\GitHub\SWERVE-2024-05-10\data_processed/sites/50118/figures\original\B_calculated_SWMF.pdf
2026-02-04T17:05:48.482630Z INFO  utilrsw.logger     Writing C:\Users\lwilker\Documents\GitHub\SWERVE-2024-05-10\data_processed/sites/50118/figures\original\B_calculated_SWMF.png
2026-02-04T17:05:50.136745Z INFO  utilrsw.logger     Writing C:\Users\lwilker\Documents\GitHub\SWERVE-2024-05-10\data_processed/sites/50118/figures\original\B_calculated_SWMF.pdf
2026-02-04T17:05:50.906272Z INFO  utilrsw.logger     Writing C:\Users\lwilker\Documents\GitHub\SWERVE-2024-05-10\data_processed/sites/50118/figures\original\B_calculated_SWMF.png
2026-02-04T17:05:52.456198Z INFO  utilrsw.logger     Writing C:\Users\lwilker\Documents\GitHub\SWERVE-2024-05-10\data_processed/sites/50118/figures\original\B_calculated_SWMF.pdf
2026-02-04T17:05:52.853699Z INFO  utilrsw.logger   Plotting '50118/B/calculated/MAGE' original vs. modified data
2026-02-04T17:05:57.494847Z INFO  utilrsw.logger     Writing C:\Users\lwilker\Documents\GitHub\SWERVE-2024-05-10\data_processed/sites/50118/figures\original\B_calculated_MAGE.png
2026-02-04T17:05:59.280265Z INFO  utilrsw.logger     Writing C:\Users\lwilker\Documents\GitHub\SWERVE-2024-05-10\data_processed/sites/50118/figures\original\B_calculated_MAGE.pdf
2026-02-04T17:05:59.983961Z INFO  utilrsw.logger     Writing C:\Users\lwilker\Documents\GitHub\SWERVE-2024-05-10\data_processed/sites/50118/figures\original\B_calculated_MAGE.png
2026-02-04T17:06:01.627029Z INFO  utilrsw.logger     Writing C:\Users\lwilker\Documents\GitHub\SWERVE-2024-05-10\data_processed/sites/50118/figures\original\B_calculated_MAGE.pdf
2026-02-04T17:06:02.459810Z INFO  utilrsw.logger     Writing C:\Users\lwilker\Documents\GitHub\SWERVE-2024-05-10\data_processed/sites/50118/figures\original\B_calculated_MAGE.png
2026-02-04T17:06:04.320057Z INFO  utilrsw.logger     Writing C:\Users\lwilker\Documents\GitHub\SWERVE-2024-05-10\data_processed/sites/50118/figures\original\B_calculated_MAGE.pdf
2026-02-04T17:06:04.834334Z INFO  utilrsw.logger   Plotting '50118/B/calculated/OpenGGCM' original vs. modified data
2026-02-04T17:06:09.181120Z INFO  utilrsw.logger     Writing C:\Users\lwilker\Documents\GitHub\SWERVE-2024-05-10\data_processed/sites/50118/figures\original\B_calculated_OpenGGCM.png
2026-02-04T17:06:10.854985Z INFO  utilrsw.logger     Writing C:\Users\lwilker\Documents\GitHub\SWERVE-2024-05-10\data_processed/sites/50118/figures\original\B_calculated_OpenGGCM.pdf
2026-02-04T17:06:11.701871Z INFO  utilrsw.logger     Writing C:\Users\lwilker\Documents\GitHub\SWERVE-2024-05-10\data_processed/sites/50118/figures\original\B_calculated_OpenGGCM.png
2026-02-04T17:06:13.463838Z INFO  utilrsw.logger     Writing C:\Users\lwilker\Documents\GitHub\SWERVE-2024-05-10\data_processed/sites/50118/figures\original\B_calculated_OpenGGCM.pdf
2026-02-04T17:06:14.266943Z INFO  utilrsw.logger     Writing C:\Users\lwilker\Documents\GitHub\SWERVE-2024-05-10\data_processed/sites/50118/figures\original\B_calculated_OpenGGCM.png
2026-02-04T17:06:16.028925Z INFO  utilrsw.logger     Writing C:\Users\lwilker\Documents\GitHub\SWERVE-2024-05-10\data_processed/sites/50118/figures\original\B_calculated_OpenGGCM.pdf
2026-02-04T17:06:16.510895Z INFO  utilrsw.logger Reading '50119' data
2026-02-04T17:06:16.514620Z INFO  utilrsw.logger   Reading cached file with all data for site '50119': C:\Users\lwilker\Documents\GitHub\SWERVE-2024-05-10\data_processed\sites\50119\data\_all.pkl
2026-02-04T17:06:17.001338Z INFO  utilrsw.logger Computing stats for '50119' data
2026-02-04T17:06:18.050066Z INFO  utilrsw.logger   Uniq dts [ns] = [1000000000 3000000000]
2026-02-04T17:06:18.050066Z INFO  utilrsw.logger   Uniq dts [#]  = 2
2026-02-04T17:06:18.054376Z INFO  utilrsw.logger   Stats for B/measured/NERC:
2026-02-04T17:06:18.054376Z INFO  utilrsw.logger 
    std: [109.92838406  73.97894581  71.27997411  92.29018327]
    ave: [-151.10864134  -38.10860349   29.87933342  182.60797292]
    min: [-4.67913667e+02 -2.99413167e+02 -2.19373000e+02  3.34696351e-01]
    max: [365.648      173.15033333 362.72016667 529.68930692]
    n: 2341
    n_valid: [2341 2341 2341 2341]
    dt_original: [1000000000 3000000000]

2026-02-04T17:06:18.079185Z INFO  utilrsw.logger   Uniq dts [ns] = [60000000000]
2026-02-04T17:06:18.079185Z INFO  utilrsw.logger   Uniq dts [#]  = 1
2026-02-04T17:06:18.079185Z INFO  utilrsw.logger   Stats for B/calculated/SWMF:
2026-02-04T17:06:18.086337Z INFO  utilrsw.logger 
    std: [50.16535933 32.28178061 36.15373343 49.23134669]
    ave: [33.4282217   3.00478398 -5.59670845 47.55445165]
    min: [ -50.25575337  -60.63516514 -133.33301793    0.38137855]
    max: [185.95964056 153.83642755  88.3045326  237.24454652]
    n: 2341
    n_valid: [2339 2339 2339 2339]
    dt_original: [60000000000]

2026-02-04T17:06:18.101029Z INFO  utilrsw.logger   Uniq dts [ns] = [60000000000]
2026-02-04T17:06:18.101029Z INFO  utilrsw.logger   Uniq dts [#]  = 1
2026-02-04T17:06:18.101029Z INFO  utilrsw.logger   Stats for B/calculated/MAGE:
2026-02-04T17:06:18.101029Z INFO  utilrsw.logger 
    std: [273.72700966 286.36119241 392.35753945 192.85395696]
    ave: [ 20.50782531  38.90975716 312.84426103 348.8138468 ]
    min: [ -782.36308152  -782.36029995 -1186.36114331     6.7723882 ]
    max: [ 597.62096846 1609.33982759 2322.85245285 1631.83243409]
    n: 2341
    n_valid: [1980 1980 1980 1980]
    dt_original: [60000000000]

2026-02-04T17:06:18.123167Z INFO  utilrsw.logger   Uniq dts [ns] = [60000000000]
2026-02-04T17:06:18.123167Z INFO  utilrsw.logger   Uniq dts [#]  = 1
2026-02-04T17:06:18.130250Z INFO  utilrsw.logger   Stats for B/calculated/OpenGGCM:
2026-02-04T17:06:18.130250Z INFO  utilrsw.logger 
    std: [ 73.08484476 332.66926326 140.17157233 249.40518065]
    ave: [-66.99138513  99.32015535  54.00586734 261.07398963]
    min: [-281.71370732 -653.45209737 -655.88618889    4.03847667]
    max: [ 177.55314583 1480.48978475  473.07670302 1494.21552301]
    n: 2341
    n_valid: [2341 2341 2341 2341]
    dt_original: [60000000000]

2026-02-04T17:06:18.133009Z WARN  utilrsw.logger   Multiplying measured data by -1 before computing pe.
2026-02-04T17:06:18.133009Z WARN  utilrsw.logger   Multiplying measured data by -1 before computing pe.
2026-02-04T17:06:18.137523Z INFO  utilrsw.logger   Metrics for B/calculated/SWMF:
2026-02-04T17:06:18.137523Z INFO  utilrsw.logger 
    err_rms: [225.41199172  91.72285919  79.19320285 156.56204799]
    err_ave: [-184.4990532   -41.06570436   35.54489487  135.02248132]
    err: [[-25.43343202  49.50629127  -8.75056511  48.71401313]
 [-24.9962846   49.40530188  -9.2518803   47.99414872]
 [-24.71363828  47.3463253   -8.39638328  45.04369746]
 ...
 [-88.73228136  -2.26323809  21.0868364   83.30689098]
 [-89.62896853  -2.8693942   21.24389079  84.1024797 ]
 [-89.60977401  -2.23935555  21.3915771   83.80149993]]
    cc: [-0.19591519 -0.04400186  0.2673837   0.51336695]
    pe: [-1.17384597 -0.37645341 -0.23483148 -1.87574554]
    valid: [[ True  True  True  True]
 [ True  True  True  True]
 [ True  True  True  True]
 ...
 [ True  True  True  True]
 [ True  True  True  True]
 [ True  True  True  True]]
    n_valid: [2339 2339 2339 2339]

2026-02-04T17:06:18.146966Z INFO  utilrsw.logger   Metrics for B/calculated/MAGE:
2026-02-04T17:06:18.151383Z INFO  utilrsw.logger 
    err_rms: [340.3069452  286.91964901 452.78101662 225.62063132]
    err_ave: [-184.79618423  -85.77996263 -283.92773317 -149.03442381]
    err: [[ -32.24025695  109.97546593  170.93884341    4.36176828]
 [ -31.3306587   109.91444318  168.9464977     4.45143139]
 [ -33.82599556  109.53191919  167.70121621   -0.31065619]
 ...
 [ -16.11929475   70.97165268 -149.71647359  -16.97155848]
 [ -21.07393348   68.49738544 -154.96496624   -9.9886363 ]
 [ -16.49128332   49.6533973  -154.85144835   -2.49125035]]
    cc: [0.09955131 0.29431261 0.58672133 0.47822386]
    pe: [ -7.95670023 -13.17183018 -33.50077809  -5.33383152]
    valid: [[ True  True  True  True]
 [ True  True  True  True]
 [ True  True  True  True]
 ...
 [False False False False]
 [False False False False]
 [False False False False]]
    n_valid: [1980 1980 1980 1980]

2026-02-04T17:06:18.154416Z WARN  utilrsw.logger   Multiplying measured data by -1 before computing pe.
2026-02-04T17:06:18.154416Z WARN  utilrsw.logger   Multiplying measured data by -1 before computing pe.
2026-02-04T17:06:18.154416Z INFO  utilrsw.logger   Metrics for B/calculated/OpenGGCM:
2026-02-04T17:06:18.158721Z INFO  utilrsw.logger 
    err_rms: [134.28676892 392.20918067 188.60647812 256.60025712]
    err_ave: [ -84.11725621 -137.42875884  -24.12653392  -78.46601671]
    err: [[  33.84618986  192.02152399 -124.83326274  -85.12668586]
 [  34.10723341  196.61244267 -126.56599076  -89.12311458]
 [  35.09416192  196.61616248 -127.27591825  -93.07075165]
 ...
 [   8.59283216   62.61751436  -63.35586027  -28.19592592]
 [   8.77940988   73.38845594  -64.44434823  -34.83244138]
 [  10.16187645   84.39906392  -64.95364462  -42.51214508]]
    cc: [ 0.40256043 -0.38194344 -0.51351076  0.23967794]
    pe: [ -0.49226778 -17.47086745  -3.23241908  -6.7304212 ]
    valid: [[ True  True  True  True]
 [ True  True  True  True]
 [ True  True  True  True]
 ...
 [ True  True  True  True]
 [ True  True  True  True]
 [ True  True  True  True]]
    n_valid: [2341 2341 2341 2341]

2026-02-04T17:06:18.184343Z INFO  utilrsw.logger Plotting '50119' data
2026-02-04T17:06:18.187370Z INFO  utilrsw.logger   Plotting '50119/B/calculated/MAGE/raw' data
2026-02-04T17:06:23.213912Z INFO  utilrsw.logger     Writing C:\Users\lwilker\Documents\GitHub\SWERVE-2024-05-10\data_processed/sites/50119/figures\raw\B_calculated_MAGE.png
2026-02-04T17:06:23.980151Z INFO  utilrsw.logger     Writing C:\Users\lwilker\Documents\GitHub\SWERVE-2024-05-10\data_processed/sites/50119/figures\raw\B_calculated_MAGE.pdf
2026-02-04T17:06:23.994616Z INFO  utilrsw.logger   Plotting '50119/B/calculated/MAGE/raw' to compare dBn with dBt and dBp
2026-02-04T17:06:25.505996Z INFO  utilrsw.logger     Writing C:\Users\lwilker\Documents\GitHub\SWERVE-2024-05-10\data_processed/sites/50119/figures\raw\B_calculated_MAGE_compare_dBn_dBt_dBp.png
2026-02-04T17:06:27.353203Z INFO  utilrsw.logger     Writing C:\Users\lwilker\Documents\GitHub\SWERVE-2024-05-10\data_processed/sites/50119/figures\raw\B_calculated_MAGE_compare_dBn_dBt_dBp.pdf
2026-02-04T17:06:28.227449Z INFO  utilrsw.logger   Plotting all '50119/B' calculated vs. measured data as timeseries
2026-02-04T17:06:33.340631Z INFO  utilrsw.logger     Writing C:\Users\lwilker\Documents\GitHub\SWERVE-2024-05-10\data_processed/sites/50119/figures\compare\B_N_calculated_all_vs_measured_timeseries.png
2026-02-04T17:06:35.049231Z INFO  utilrsw.logger     Writing C:\Users\lwilker\Documents\GitHub\SWERVE-2024-05-10\data_processed/sites/50119/figures\compare\B_N_calculated_all_vs_measured_timeseries.pdf
2026-02-04T17:06:35.990980Z INFO  utilrsw.logger     Writing C:\Users\lwilker\Documents\GitHub\SWERVE-2024-05-10\data_processed/sites/50119/figures\compare\B_E_calculated_all_vs_measured_timeseries.png
2026-02-04T17:06:37.695532Z INFO  utilrsw.logger     Writing C:\Users\lwilker\Documents\GitHub\SWERVE-2024-05-10\data_processed/sites/50119/figures\compare\B_E_calculated_all_vs_measured_timeseries.pdf
2026-02-04T17:06:38.471909Z INFO  utilrsw.logger     Writing C:\Users\lwilker\Documents\GitHub\SWERVE-2024-05-10\data_processed/sites/50119/figures\compare\B_v_calculated_all_vs_measured_timeseries.png
2026-02-04T17:06:40.129999Z INFO  utilrsw.logger     Writing C:\Users\lwilker\Documents\GitHub\SWERVE-2024-05-10\data_processed/sites/50119/figures\compare\B_v_calculated_all_vs_measured_timeseries.pdf
2026-02-04T17:06:41.024781Z INFO  utilrsw.logger     Writing C:\Users\lwilker\Documents\GitHub\SWERVE-2024-05-10\data_processed/sites/50119/figures\compare\B_H_calculated_all_vs_measured_timeseries.png
2026-02-04T17:06:42.562585Z INFO  utilrsw.logger     Writing C:\Users\lwilker\Documents\GitHub\SWERVE-2024-05-10\data_processed/sites/50119/figures\compare\B_H_calculated_all_vs_measured_timeseries.pdf
2026-02-04T17:06:43.353368Z INFO  utilrsw.logger   Plotting all '50119/B' calculated vs. measured data as timeseries
2026-02-04T17:06:49.594170Z INFO  utilrsw.logger     Writing C:\Users\lwilker\Documents\GitHub\SWERVE-2024-05-10\data_processed/sites/50119/figures\compare\B_N_calculated_all_vs_measured_timeseries.png
2026-02-04T17:06:51.226804Z INFO  utilrsw.logger     Writing C:\Users\lwilker\Documents\GitHub\SWERVE-2024-05-10\data_processed/sites/50119/figures\compare\B_N_calculated_all_vs_measured_timeseries.pdf
2026-02-04T17:06:51.964848Z INFO  utilrsw.logger     Writing C:\Users\lwilker\Documents\GitHub\SWERVE-2024-05-10\data_processed/sites/50119/figures\compare\B_E_calculated_all_vs_measured_timeseries.png
2026-02-04T17:06:53.433731Z INFO  utilrsw.logger     Writing C:\Users\lwilker\Documents\GitHub\SWERVE-2024-05-10\data_processed/sites/50119/figures\compare\B_E_calculated_all_vs_measured_timeseries.pdf
2026-02-04T17:06:54.146355Z INFO  utilrsw.logger     Writing C:\Users\lwilker\Documents\GitHub\SWERVE-2024-05-10\data_processed/sites/50119/figures\compare\B_v_calculated_all_vs_measured_timeseries.png
2026-02-04T17:06:55.640734Z INFO  utilrsw.logger     Writing C:\Users\lwilker\Documents\GitHub\SWERVE-2024-05-10\data_processed/sites/50119/figures\compare\B_v_calculated_all_vs_measured_timeseries.pdf
2026-02-04T17:06:56.515744Z INFO  utilrsw.logger     Writing C:\Users\lwilker\Documents\GitHub\SWERVE-2024-05-10\data_processed/sites/50119/figures\compare\B_H_calculated_all_vs_measured_timeseries.png
2026-02-04T17:06:58.284630Z INFO  utilrsw.logger     Writing C:\Users\lwilker\Documents\GitHub\SWERVE-2024-05-10\data_processed/sites/50119/figures\compare\B_H_calculated_all_vs_measured_timeseries.pdf
2026-02-04T17:06:58.951178Z INFO  utilrsw.logger   Plotting '50119/B/SWMF' vs. measured data as timeseries
2026-02-04T17:07:05.140187Z INFO  utilrsw.logger     Writing C:\Users\lwilker\Documents\GitHub\SWERVE-2024-05-10\data_processed/sites/50119/figures\compare\B_N_calculated_SWMF_vs_measured_timeseries.png
2026-02-04T17:07:06.826492Z INFO  utilrsw.logger     Writing C:\Users\lwilker\Documents\GitHub\SWERVE-2024-05-10\data_processed/sites/50119/figures\compare\B_N_calculated_SWMF_vs_measured_timeseries.pdf
2026-02-04T17:07:07.635252Z INFO  utilrsw.logger     Writing C:\Users\lwilker\Documents\GitHub\SWERVE-2024-05-10\data_processed/sites/50119/figures\compare\B_E_calculated_SWMF_vs_measured_timeseries.png
2026-02-04T17:07:09.200615Z INFO  utilrsw.logger     Writing C:\Users\lwilker\Documents\GitHub\SWERVE-2024-05-10\data_processed/sites/50119/figures\compare\B_E_calculated_SWMF_vs_measured_timeseries.pdf
2026-02-04T17:07:09.848154Z INFO  utilrsw.logger     Writing C:\Users\lwilker\Documents\GitHub\SWERVE-2024-05-10\data_processed/sites/50119/figures\compare\B_v_calculated_SWMF_vs_measured_timeseries.png
2026-02-04T17:07:11.467287Z INFO  utilrsw.logger     Writing C:\Users\lwilker\Documents\GitHub\SWERVE-2024-05-10\data_processed/sites/50119/figures\compare\B_v_calculated_SWMF_vs_measured_timeseries.pdf
2026-02-04T17:07:12.101928Z INFO  utilrsw.logger     Writing C:\Users\lwilker\Documents\GitHub\SWERVE-2024-05-10\data_processed/sites/50119/figures\compare\B_H_calculated_SWMF_vs_measured_timeseries.png
2026-02-04T17:07:13.666535Z INFO  utilrsw.logger     Writing C:\Users\lwilker\Documents\GitHub\SWERVE-2024-05-10\data_processed/sites/50119/figures\compare\B_H_calculated_SWMF_vs_measured_timeseries.pdf
2026-02-04T17:07:14.169522Z INFO  utilrsw.logger   Plotting '50119/B/MAGE' vs. measured data as timeseries
2026-02-04T17:07:20.921107Z INFO  utilrsw.logger     Writing C:\Users\lwilker\Documents\GitHub\SWERVE-2024-05-10\data_processed/sites/50119/figures\compare\B_N_calculated_MAGE_vs_measured_timeseries.png
2026-02-04T17:07:22.513632Z INFO  utilrsw.logger     Writing C:\Users\lwilker\Documents\GitHub\SWERVE-2024-05-10\data_processed/sites/50119/figures\compare\B_N_calculated_MAGE_vs_measured_timeseries.pdf
2026-02-04T17:07:23.304769Z INFO  utilrsw.logger     Writing C:\Users\lwilker\Documents\GitHub\SWERVE-2024-05-10\data_processed/sites/50119/figures\compare\B_E_calculated_MAGE_vs_measured_timeseries.png
2026-02-04T17:07:25.141645Z INFO  utilrsw.logger     Writing C:\Users\lwilker\Documents\GitHub\SWERVE-2024-05-10\data_processed/sites/50119/figures\compare\B_E_calculated_MAGE_vs_measured_timeseries.pdf
2026-02-04T17:07:25.971691Z INFO  utilrsw.logger     Writing C:\Users\lwilker\Documents\GitHub\SWERVE-2024-05-10\data_processed/sites/50119/figures\compare\B_v_calculated_MAGE_vs_measured_timeseries.png
2026-02-04T17:07:27.443938Z INFO  utilrsw.logger     Writing C:\Users\lwilker\Documents\GitHub\SWERVE-2024-05-10\data_processed/sites/50119/figures\compare\B_v_calculated_MAGE_vs_measured_timeseries.pdf
2026-02-04T17:07:28.201609Z INFO  utilrsw.logger     Writing C:\Users\lwilker\Documents\GitHub\SWERVE-2024-05-10\data_processed/sites/50119/figures\compare\B_H_calculated_MAGE_vs_measured_timeseries.png
2026-02-04T17:07:30.108291Z INFO  utilrsw.logger     Writing C:\Users\lwilker\Documents\GitHub\SWERVE-2024-05-10\data_processed/sites/50119/figures\compare\B_H_calculated_MAGE_vs_measured_timeseries.pdf
2026-02-04T17:07:30.696103Z INFO  utilrsw.logger   Plotting '50119/B/OpenGGCM' vs. measured data as timeseries
2026-02-04T17:07:37.612233Z INFO  utilrsw.logger     Writing C:\Users\lwilker\Documents\GitHub\SWERVE-2024-05-10\data_processed/sites/50119/figures\compare\B_N_calculated_OpenGGCM_vs_measured_timeseries.png
2026-02-04T17:07:39.411707Z INFO  utilrsw.logger     Writing C:\Users\lwilker\Documents\GitHub\SWERVE-2024-05-10\data_processed/sites/50119/figures\compare\B_N_calculated_OpenGGCM_vs_measured_timeseries.pdf
2026-02-04T17:07:40.242672Z INFO  utilrsw.logger     Writing C:\Users\lwilker\Documents\GitHub\SWERVE-2024-05-10\data_processed/sites/50119/figures\compare\B_E_calculated_OpenGGCM_vs_measured_timeseries.png
2026-02-04T17:07:41.934717Z INFO  utilrsw.logger     Writing C:\Users\lwilker\Documents\GitHub\SWERVE-2024-05-10\data_processed/sites/50119/figures\compare\B_E_calculated_OpenGGCM_vs_measured_timeseries.pdf
2026-02-04T17:07:42.609898Z INFO  utilrsw.logger     Writing C:\Users\lwilker\Documents\GitHub\SWERVE-2024-05-10\data_processed/sites/50119/figures\compare\B_v_calculated_OpenGGCM_vs_measured_timeseries.png
2026-02-04T17:07:44.153567Z INFO  utilrsw.logger     Writing C:\Users\lwilker\Documents\GitHub\SWERVE-2024-05-10\data_processed/sites/50119/figures\compare\B_v_calculated_OpenGGCM_vs_measured_timeseries.pdf
2026-02-04T17:07:44.952737Z INFO  utilrsw.logger     Writing C:\Users\lwilker\Documents\GitHub\SWERVE-2024-05-10\data_processed/sites/50119/figures\compare\B_H_calculated_OpenGGCM_vs_measured_timeseries.png
2026-02-04T17:07:46.561618Z INFO  utilrsw.logger     Writing C:\Users\lwilker\Documents\GitHub\SWERVE-2024-05-10\data_processed/sites/50119/figures\compare\B_H_calculated_OpenGGCM_vs_measured_timeseries.pdf
2026-02-04T17:07:47.175449Z INFO  utilrsw.logger   Plotting all '50119/B' calculated vs. measured data as scatter
2026-02-04T17:07:51.448981Z INFO  utilrsw.logger     Writing C:\Users\lwilker\Documents\GitHub\SWERVE-2024-05-10\data_processed/sites/50119/figures\compare\B_N_calculated_all_vs_measured_scatter.png
2026-02-04T17:07:53.901674Z INFO  utilrsw.logger     Writing C:\Users\lwilker\Documents\GitHub\SWERVE-2024-05-10\data_processed/sites/50119/figures\compare\B_N_calculated_all_vs_measured_scatter.pdf
2026-02-04T17:07:55.268883Z INFO  utilrsw.logger     Writing C:\Users\lwilker\Documents\GitHub\SWERVE-2024-05-10\data_processed/sites/50119/figures\compare\B_E_calculated_all_vs_measured_scatter.png
2026-02-04T17:07:57.061420Z INFO  utilrsw.logger     Writing C:\Users\lwilker\Documents\GitHub\SWERVE-2024-05-10\data_processed/sites/50119/figures\compare\B_E_calculated_all_vs_measured_scatter.pdf
2026-02-04T17:07:58.154199Z INFO  utilrsw.logger     Writing C:\Users\lwilker\Documents\GitHub\SWERVE-2024-05-10\data_processed/sites/50119/figures\compare\B_v_calculated_all_vs_measured_scatter.png
2026-02-04T17:07:59.678934Z INFO  utilrsw.logger     Writing C:\Users\lwilker\Documents\GitHub\SWERVE-2024-05-10\data_processed/sites/50119/figures\compare\B_v_calculated_all_vs_measured_scatter.pdf
2026-02-04T17:08:00.775337Z INFO  utilrsw.logger     Writing C:\Users\lwilker\Documents\GitHub\SWERVE-2024-05-10\data_processed/sites/50119/figures\compare\B_H_calculated_all_vs_measured_scatter.png
2026-02-04T17:08:02.545380Z INFO  utilrsw.logger     Writing C:\Users\lwilker\Documents\GitHub\SWERVE-2024-05-10\data_processed/sites/50119/figures\compare\B_H_calculated_all_vs_measured_scatter.pdf
2026-02-04T17:08:03.509189Z INFO  utilrsw.logger   Plotting all '50119/B' calculated vs. measured data as scatter
2026-02-04T17:08:07.208300Z INFO  utilrsw.logger     Writing C:\Users\lwilker\Documents\GitHub\SWERVE-2024-05-10\data_processed/sites/50119/figures\compare\B_N_calculated_all_vs_measured_scatter.png
2026-02-04T17:08:08.875750Z INFO  utilrsw.logger     Writing C:\Users\lwilker\Documents\GitHub\SWERVE-2024-05-10\data_processed/sites/50119/figures\compare\B_N_calculated_all_vs_measured_scatter.pdf
2026-02-04T17:08:10.105292Z INFO  utilrsw.logger     Writing C:\Users\lwilker\Documents\GitHub\SWERVE-2024-05-10\data_processed/sites/50119/figures\compare\B_E_calculated_all_vs_measured_scatter.png
2026-02-04T17:08:11.928420Z INFO  utilrsw.logger     Writing C:\Users\lwilker\Documents\GitHub\SWERVE-2024-05-10\data_processed/sites/50119/figures\compare\B_E_calculated_all_vs_measured_scatter.pdf
2026-02-04T17:08:13.053900Z INFO  utilrsw.logger     Writing C:\Users\lwilker\Documents\GitHub\SWERVE-2024-05-10\data_processed/sites/50119/figures\compare\B_v_calculated_all_vs_measured_scatter.png
2026-02-04T17:08:14.957035Z INFO  utilrsw.logger     Writing C:\Users\lwilker\Documents\GitHub\SWERVE-2024-05-10\data_processed/sites/50119/figures\compare\B_v_calculated_all_vs_measured_scatter.pdf
2026-02-04T17:08:16.327716Z INFO  utilrsw.logger     Writing C:\Users\lwilker\Documents\GitHub\SWERVE-2024-05-10\data_processed/sites/50119/figures\compare\B_H_calculated_all_vs_measured_scatter.png
2026-02-04T17:08:18.044283Z INFO  utilrsw.logger     Writing C:\Users\lwilker\Documents\GitHub\SWERVE-2024-05-10\data_processed/sites/50119/figures\compare\B_H_calculated_all_vs_measured_scatter.pdf
2026-02-04T17:08:19.514088Z INFO  utilrsw.logger   Plotting '50119/B/SWMF' vs. measured data as scatter
2026-02-04T17:08:24.014643Z INFO  utilrsw.logger     Writing C:\Users\lwilker\Documents\GitHub\SWERVE-2024-05-10\data_processed/sites/50119/figures\compare\B_N_calculated_SWMF_vs_measured_scatter.png
2026-02-04T17:08:25.373641Z INFO  utilrsw.logger     Writing C:\Users\lwilker\Documents\GitHub\SWERVE-2024-05-10\data_processed/sites/50119/figures\compare\B_N_calculated_SWMF_vs_measured_scatter.pdf
2026-02-04T17:08:26.135377Z INFO  utilrsw.logger     Writing C:\Users\lwilker\Documents\GitHub\SWERVE-2024-05-10\data_processed/sites/50119/figures\compare\B_E_calculated_SWMF_vs_measured_scatter.png
2026-02-04T17:08:27.547349Z INFO  utilrsw.logger     Writing C:\Users\lwilker\Documents\GitHub\SWERVE-2024-05-10\data_processed/sites/50119/figures\compare\B_E_calculated_SWMF_vs_measured_scatter.pdf
2026-02-04T17:08:28.300130Z INFO  utilrsw.logger     Writing C:\Users\lwilker\Documents\GitHub\SWERVE-2024-05-10\data_processed/sites/50119/figures\compare\B_v_calculated_SWMF_vs_measured_scatter.png
2026-02-04T17:08:29.699168Z INFO  utilrsw.logger     Writing C:\Users\lwilker\Documents\GitHub\SWERVE-2024-05-10\data_processed/sites/50119/figures\compare\B_v_calculated_SWMF_vs_measured_scatter.pdf
2026-02-04T17:08:30.840480Z INFO  utilrsw.logger     Writing C:\Users\lwilker\Documents\GitHub\SWERVE-2024-05-10\data_processed/sites/50119/figures\compare\B_H_calculated_SWMF_vs_measured_scatter.png
2026-02-04T17:08:32.295718Z INFO  utilrsw.logger     Writing C:\Users\lwilker\Documents\GitHub\SWERVE-2024-05-10\data_processed/sites/50119/figures\compare\B_H_calculated_SWMF_vs_measured_scatter.pdf
2026-02-04T17:08:32.869586Z INFO  utilrsw.logger   Plotting '50119/B/MAGE' vs. measured data as scatter
2026-02-04T17:08:36.955035Z INFO  utilrsw.logger     Writing C:\Users\lwilker\Documents\GitHub\SWERVE-2024-05-10\data_processed/sites/50119/figures\compare\B_N_calculated_MAGE_vs_measured_scatter.png
2026-02-04T17:08:38.753465Z INFO  utilrsw.logger     Writing C:\Users\lwilker\Documents\GitHub\SWERVE-2024-05-10\data_processed/sites/50119/figures\compare\B_N_calculated_MAGE_vs_measured_scatter.pdf
2026-02-04T17:08:39.652192Z INFO  utilrsw.logger     Writing C:\Users\lwilker\Documents\GitHub\SWERVE-2024-05-10\data_processed/sites/50119/figures\compare\B_E_calculated_MAGE_vs_measured_scatter.png
2026-02-04T17:08:41.077759Z INFO  utilrsw.logger     Writing C:\Users\lwilker\Documents\GitHub\SWERVE-2024-05-10\data_processed/sites/50119/figures\compare\B_E_calculated_MAGE_vs_measured_scatter.pdf
2026-02-04T17:08:41.819746Z INFO  utilrsw.logger     Writing C:\Users\lwilker\Documents\GitHub\SWERVE-2024-05-10\data_processed/sites/50119/figures\compare\B_v_calculated_MAGE_vs_measured_scatter.png
2026-02-04T17:08:43.199394Z INFO  utilrsw.logger     Writing C:\Users\lwilker\Documents\GitHub\SWERVE-2024-05-10\data_processed/sites/50119/figures\compare\B_v_calculated_MAGE_vs_measured_scatter.pdf
2026-02-04T17:08:43.950232Z INFO  utilrsw.logger     Writing C:\Users\lwilker\Documents\GitHub\SWERVE-2024-05-10\data_processed/sites/50119/figures\compare\B_H_calculated_MAGE_vs_measured_scatter.png
2026-02-04T17:08:45.887517Z INFO  utilrsw.logger     Writing C:\Users\lwilker\Documents\GitHub\SWERVE-2024-05-10\data_processed/sites/50119/figures\compare\B_H_calculated_MAGE_vs_measured_scatter.pdf
2026-02-04T17:08:46.543860Z INFO  utilrsw.logger   Plotting '50119/B/OpenGGCM' vs. measured data as scatter
2026-02-04T17:08:50.448272Z INFO  utilrsw.logger     Writing C:\Users\lwilker\Documents\GitHub\SWERVE-2024-05-10\data_processed/sites/50119/figures\compare\B_N_calculated_OpenGGCM_vs_measured_scatter.png
2026-02-04T17:08:52.185034Z INFO  utilrsw.logger     Writing C:\Users\lwilker\Documents\GitHub\SWERVE-2024-05-10\data_processed/sites/50119/figures\compare\B_N_calculated_OpenGGCM_vs_measured_scatter.pdf
2026-02-04T17:08:53.131558Z INFO  utilrsw.logger     Writing C:\Users\lwilker\Documents\GitHub\SWERVE-2024-05-10\data_processed/sites/50119/figures\compare\B_E_calculated_OpenGGCM_vs_measured_scatter.png
2026-02-04T17:08:54.832625Z INFO  utilrsw.logger     Writing C:\Users\lwilker\Documents\GitHub\SWERVE-2024-05-10\data_processed/sites/50119/figures\compare\B_E_calculated_OpenGGCM_vs_measured_scatter.pdf
2026-02-04T17:08:55.965184Z INFO  utilrsw.logger     Writing C:\Users\lwilker\Documents\GitHub\SWERVE-2024-05-10\data_processed/sites/50119/figures\compare\B_v_calculated_OpenGGCM_vs_measured_scatter.png
2026-02-04T17:08:57.604568Z INFO  utilrsw.logger     Writing C:\Users\lwilker\Documents\GitHub\SWERVE-2024-05-10\data_processed/sites/50119/figures\compare\B_v_calculated_OpenGGCM_vs_measured_scatter.pdf
2026-02-04T17:08:58.615724Z INFO  utilrsw.logger     Writing C:\Users\lwilker\Documents\GitHub\SWERVE-2024-05-10\data_processed/sites/50119/figures\compare\B_H_calculated_OpenGGCM_vs_measured_scatter.png
2026-02-04T17:09:00.377427Z INFO  utilrsw.logger     Writing C:\Users\lwilker\Documents\GitHub\SWERVE-2024-05-10\data_processed/sites/50119/figures\compare\B_H_calculated_OpenGGCM_vs_measured_scatter.pdf
2026-02-04T17:09:01.156541Z INFO  utilrsw.logger   Plotting '50119/B/measured/NERC' original vs. modified data
2026-02-04T17:09:14.450307Z INFO  utilrsw.logger     Writing C:\Users\lwilker\Documents\GitHub\SWERVE-2024-05-10\data_processed/sites/50119/figures\original\B_measured_NERC.png
2026-02-04T17:09:15.848715Z INFO  utilrsw.logger     Writing C:\Users\lwilker\Documents\GitHub\SWERVE-2024-05-10\data_processed/sites/50119/figures\original\B_measured_NERC.pdf
2026-02-04T17:09:17.110041Z INFO  utilrsw.logger     Writing C:\Users\lwilker\Documents\GitHub\SWERVE-2024-05-10\data_processed/sites/50119/figures\original\B_measured_NERC.png
2026-02-04T17:09:18.624543Z INFO  utilrsw.logger     Writing C:\Users\lwilker\Documents\GitHub\SWERVE-2024-05-10\data_processed/sites/50119/figures\original\B_measured_NERC.pdf
2026-02-04T17:09:19.979243Z INFO  utilrsw.logger     Writing C:\Users\lwilker\Documents\GitHub\SWERVE-2024-05-10\data_processed/sites/50119/figures\original\B_measured_NERC.png
2026-02-04T17:09:21.271689Z INFO  utilrsw.logger     Writing C:\Users\lwilker\Documents\GitHub\SWERVE-2024-05-10\data_processed/sites/50119/figures\original\B_measured_NERC.pdf
2026-02-04T17:09:21.753750Z INFO  utilrsw.logger   Plotting '50119/B/calculated/SWMF' original vs. modified data
2026-02-04T17:09:27.154045Z INFO  utilrsw.logger     Writing C:\Users\lwilker\Documents\GitHub\SWERVE-2024-05-10\data_processed/sites/50119/figures\original\B_calculated_SWMF.png
2026-02-04T17:09:28.962469Z INFO  utilrsw.logger     Writing C:\Users\lwilker\Documents\GitHub\SWERVE-2024-05-10\data_processed/sites/50119/figures\original\B_calculated_SWMF.pdf
2026-02-04T17:09:30.023793Z INFO  utilrsw.logger     Writing C:\Users\lwilker\Documents\GitHub\SWERVE-2024-05-10\data_processed/sites/50119/figures\original\B_calculated_SWMF.png
2026-02-04T17:09:31.867793Z INFO  utilrsw.logger     Writing C:\Users\lwilker\Documents\GitHub\SWERVE-2024-05-10\data_processed/sites/50119/figures\original\B_calculated_SWMF.pdf
2026-02-04T17:09:33.113449Z INFO  utilrsw.logger     Writing C:\Users\lwilker\Documents\GitHub\SWERVE-2024-05-10\data_processed/sites/50119/figures\original\B_calculated_SWMF.png
2026-02-04T17:09:35.163842Z INFO  utilrsw.logger     Writing C:\Users\lwilker\Documents\GitHub\SWERVE-2024-05-10\data_processed/sites/50119/figures\original\B_calculated_SWMF.pdf
2026-02-04T17:09:35.841931Z INFO  utilrsw.logger   Plotting '50119/B/calculated/MAGE' original vs. modified data
2026-02-04T17:09:40.526117Z INFO  utilrsw.logger     Writing C:\Users\lwilker\Documents\GitHub\SWERVE-2024-05-10\data_processed/sites/50119/figures\original\B_calculated_MAGE.png
2026-02-04T17:09:42.433516Z INFO  utilrsw.logger     Writing C:\Users\lwilker\Documents\GitHub\SWERVE-2024-05-10\data_processed/sites/50119/figures\original\B_calculated_MAGE.pdf
2026-02-04T17:09:43.182580Z INFO  utilrsw.logger     Writing C:\Users\lwilker\Documents\GitHub\SWERVE-2024-05-10\data_processed/sites/50119/figures\original\B_calculated_MAGE.png
2026-02-04T17:09:45.180141Z INFO  utilrsw.logger     Writing C:\Users\lwilker\Documents\GitHub\SWERVE-2024-05-10\data_processed/sites/50119/figures\original\B_calculated_MAGE.pdf
2026-02-04T17:09:46.128436Z INFO  utilrsw.logger     Writing C:\Users\lwilker\Documents\GitHub\SWERVE-2024-05-10\data_processed/sites/50119/figures\original\B_calculated_MAGE.png
2026-02-04T17:09:48.067189Z INFO  utilrsw.logger     Writing C:\Users\lwilker\Documents\GitHub\SWERVE-2024-05-10\data_processed/sites/50119/figures\original\B_calculated_MAGE.pdf
2026-02-04T17:09:48.652520Z INFO  utilrsw.logger   Plotting '50119/B/calculated/OpenGGCM' original vs. modified data
2026-02-04T17:09:53.946198Z INFO  utilrsw.logger     Writing C:\Users\lwilker\Documents\GitHub\SWERVE-2024-05-10\data_processed/sites/50119/figures\original\B_calculated_OpenGGCM.png
2026-02-04T17:09:55.938657Z INFO  utilrsw.logger     Writing C:\Users\lwilker\Documents\GitHub\SWERVE-2024-05-10\data_processed/sites/50119/figures\original\B_calculated_OpenGGCM.pdf
2026-02-04T17:09:56.716098Z INFO  utilrsw.logger     Writing C:\Users\lwilker\Documents\GitHub\SWERVE-2024-05-10\data_processed/sites/50119/figures\original\B_calculated_OpenGGCM.png
2026-02-04T17:09:58.647896Z INFO  utilrsw.logger     Writing C:\Users\lwilker\Documents\GitHub\SWERVE-2024-05-10\data_processed/sites/50119/figures\original\B_calculated_OpenGGCM.pdf
2026-02-04T17:09:59.745655Z INFO  utilrsw.logger     Writing C:\Users\lwilker\Documents\GitHub\SWERVE-2024-05-10\data_processed/sites/50119/figures\original\B_calculated_OpenGGCM.png
2026-02-04T17:10:01.376505Z INFO  utilrsw.logger     Writing C:\Users\lwilker\Documents\GitHub\SWERVE-2024-05-10\data_processed/sites/50119/figures\original\B_calculated_OpenGGCM.pdf
2026-02-04T17:10:01.839060Z INFO  utilrsw.logger Reading '50120' data
2026-02-04T17:10:01.851173Z INFO  utilrsw.logger   Reading cached file with all data for site '50120': C:\Users\lwilker\Documents\GitHub\SWERVE-2024-05-10\data_processed\sites\50120\data\_all.pkl
2026-02-04T17:10:02.178777Z INFO  utilrsw.logger Computing stats for '50120' data
2026-02-04T17:10:03.298907Z INFO  utilrsw.logger   Uniq dts [ns] = [1000000000 2000000000 3000000000 4000000000]
2026-02-04T17:10:03.298907Z INFO  utilrsw.logger   Uniq dts [#]  = 4
2026-02-04T17:10:03.300921Z INFO  utilrsw.logger   Stats for B/measured/NERC:
2026-02-04T17:10:03.300921Z INFO  utilrsw.logger 
    std: [98.19134013 64.91451123 64.78607061 86.57424262]
    ave: [-161.47407432  -15.59087232   30.5412127   180.80211922]
    min: [-455.5425     -246.609      -179.3485        1.69283029]
    max: [200.99983333 175.865      321.10816667 479.91495382]
    n: 2341
    n_valid: [2341 2341 2341 2341]
    dt_original: [1000000000 2000000000 3000000000 4000000000]

2026-02-04T17:10:03.326210Z INFO  utilrsw.logger   Uniq dts [ns] = [60000000000]
2026-02-04T17:10:03.326210Z INFO  utilrsw.logger   Uniq dts [#]  = 1
2026-02-04T17:10:03.326210Z INFO  utilrsw.logger   Stats for B/calculated/SWMF:
2026-02-04T17:10:03.326210Z INFO  utilrsw.logger 
    std: [48.34137231 31.191161   34.60402439 47.30787526]
    ave: [31.97406193  2.80671618 -4.90822874 45.84713767]
    min: [ -49.90296806  -56.48820747 -128.7432134     0.57337349]
    max: [178.18882739 154.80714748  92.41371563 232.94235394]
    n: 2341
    n_valid: [2339 2339 2339 2339]
    dt_original: [60000000000]

2026-02-04T17:10:03.341840Z INFO  utilrsw.logger   Uniq dts [ns] = [60000000000]
2026-02-04T17:10:03.341840Z INFO  utilrsw.logger   Uniq dts [#]  = 1
2026-02-04T17:10:03.341840Z INFO  utilrsw.logger   Stats for B/calculated/MAGE:
2026-02-04T17:10:03.341840Z INFO  utilrsw.logger 
    std: [301.46966057 299.02315232 329.47014944 198.73271982]
    ave: [ 13.3037757   33.12064471 297.84587619 376.93245482]
    min: [ -848.6233667  -1159.66274981 -1044.270163      22.91180493]
    max: [ 661.52522296 1461.90259533 2164.13091782 1462.44314436]
    n: 2341
    n_valid: [1980 1980 1980 1980]
    dt_original: [60000000000]

2026-02-04T17:10:03.362577Z INFO  utilrsw.logger   Uniq dts [ns] = [60000000000]
2026-02-04T17:10:03.374628Z INFO  utilrsw.logger   Uniq dts [#]  = 1
2026-02-04T17:10:03.374628Z INFO  utilrsw.logger   Stats for B/calculated/OpenGGCM:
2026-02-04T17:10:03.374628Z INFO  utilrsw.logger 
    std: [ 76.17690521 333.8410342  136.02090305 250.32705311]
    ave: [-67.28611604 100.18289483  56.83205004 262.9698791 ]
    min: [-298.40654863 -660.08369892 -600.8613723     8.0908738 ]
    max: [ 236.17211654 1539.56449847  546.47599441 1552.44673484]
    n: 2341
    n_valid: [2341 2341 2341 2341]
    dt_original: [60000000000]

2026-02-04T17:10:03.374628Z WARN  utilrsw.logger   Multiplying measured data by -1 before computing pe.
2026-02-04T17:10:03.374628Z WARN  utilrsw.logger   Multiplying measured data by -1 before computing pe.
2026-02-04T17:10:03.383380Z INFO  utilrsw.logger   Metrics for B/calculated/SWMF:
2026-02-04T17:10:03.387028Z INFO  utilrsw.logger 
    err_rms: [227.63213874  75.26416007  74.38542079 154.11027567]
    err_ave: [-193.41837274  -18.36859409   35.51113622  134.93578608]
    err: [[-17.49991177  54.0865323   -6.39142547  50.88144869]
 [-16.99741939  54.11087721  -6.57673975  50.63376285]
 [-17.00722039  52.43305257  -5.9918573   48.33342505]
 ...
 [-97.12216231  18.91481075  20.28323126  93.90229506]
 [-97.9644748   17.44428647  20.56380918  94.35090409]
 [-98.10983296  17.83405754  20.79116158  94.32840873]]
    cc: [-0.25483878 -0.03409574  0.25017275  0.51214248]
    pe: [-1.72866101 -0.23657582 -0.31859143 -2.16622234]
    valid: [[ True  True  True  True]
 [ True  True  True  True]
 [ True  True  True  True]
 ...
 [ True  True  True  True]
 [ True  True  True  True]
 [ True  True  True  True]]
    n_valid: [2339 2339 2339 2339]

2026-02-04T17:10:03.391845Z INFO  utilrsw.logger   Metrics for B/calculated/MAGE:
2026-02-04T17:10:03.391845Z INFO  utilrsw.logger 
    err_rms: [356.11146089 285.75517734 398.14243333 254.13555082]
    err_ave: [-188.58378457  -56.22656059 -268.62417403 -180.43326802]
    err: [[-89.09059189  95.37948438 131.9679934  -24.76893634]
 [-90.05949114  96.86140764 128.86087507 -26.56056639]
 [-91.08084649  97.0815492  125.31521677 -30.4693882 ]
 ...
 [ 10.02545592 107.95749107 -58.48348109 -50.13635806]
 [  5.73199859 105.37495899 -64.24656806 -44.12578474]
 [  8.83310321  87.90165621 -58.52400227 -36.60103291]]
    cc: [0.15979991 0.38467939 0.58719359 0.43488851]
    pe: [-11.67533171 -17.21574205 -31.32301809  -8.03742792]
    valid: [[ True  True  True  True]
 [ True  True  True  True]
 [ True  True  True  True]
 ...
 [False False False False]
 [False False False False]
 [False False False False]]
    n_valid: [1980 1980 1980 1980]

2026-02-04T17:10:03.391845Z WARN  utilrsw.logger   Multiplying measured data by -1 before computing pe.
2026-02-04T17:10:03.399202Z WARN  utilrsw.logger   Multiplying measured data by -1 before computing pe.
2026-02-04T17:10:03.399202Z INFO  utilrsw.logger   Metrics for B/calculated/OpenGGCM:
2026-02-04T17:10:03.399202Z INFO  utilrsw.logger 
    err_rms: [135.4716548  383.19605772 181.221568   260.56940505]
    err_ave: [ -94.18795827 -115.77376716  -26.29083734  -82.16775988]
    err: [[  46.46761302  196.89610413 -124.44632233  -84.09735563]
 [  47.80839745  197.17073704 -123.35522168  -83.78900081]
 [  49.22524978  194.9388143  -119.40373302  -84.92038523]
 ...
 [   2.4929669    81.28349104  -46.11482403  -18.79627971]
 [   3.79148767   92.61104798  -45.75843479  -27.26587275]
 [   6.54319551  105.39133493  -45.45798707  -37.00548801]]
    cc: [ 0.39861846 -0.41003689 -0.5362488   0.20796214]
    pe: [ -0.90348955 -23.92887157  -3.97515168  -8.05877433]
    valid: [[ True  True  True  True]
 [ True  True  True  True]
 [ True  True  True  True]
 ...
 [ True  True  True  True]
 [ True  True  True  True]
 [ True  True  True  True]]
    n_valid: [2341 2341 2341 2341]

2026-02-04T17:10:03.425040Z INFO  utilrsw.logger Plotting '50120' data
2026-02-04T17:10:03.425040Z INFO  utilrsw.logger   Plotting '50120/B/calculated/MAGE/raw' data
2026-02-04T17:10:08.948696Z INFO  utilrsw.logger     Writing C:\Users\lwilker\Documents\GitHub\SWERVE-2024-05-10\data_processed/sites/50120/figures\raw\B_calculated_MAGE.png
2026-02-04T17:10:09.681448Z INFO  utilrsw.logger     Writing C:\Users\lwilker\Documents\GitHub\SWERVE-2024-05-10\data_processed/sites/50120/figures\raw\B_calculated_MAGE.pdf
2026-02-04T17:10:09.696316Z INFO  utilrsw.logger   Plotting '50120/B/calculated/MAGE/raw' to compare dBn with dBt and dBp
2026-02-04T17:10:11.294947Z INFO  utilrsw.logger     Writing C:\Users\lwilker\Documents\GitHub\SWERVE-2024-05-10\data_processed/sites/50120/figures\raw\B_calculated_MAGE_compare_dBn_dBt_dBp.png
2026-02-04T17:10:13.536289Z INFO  utilrsw.logger     Writing C:\Users\lwilker\Documents\GitHub\SWERVE-2024-05-10\data_processed/sites/50120/figures\raw\B_calculated_MAGE_compare_dBn_dBt_dBp.pdf
2026-02-04T17:10:14.698925Z INFO  utilrsw.logger   Plotting all '50120/B' calculated vs. measured data as timeseries
2026-02-04T17:10:19.370542Z INFO  utilrsw.logger     Writing C:\Users\lwilker\Documents\GitHub\SWERVE-2024-05-10\data_processed/sites/50120/figures\compare\B_N_calculated_all_vs_measured_timeseries.png
2026-02-04T17:10:21.204623Z INFO  utilrsw.logger     Writing C:\Users\lwilker\Documents\GitHub\SWERVE-2024-05-10\data_processed/sites/50120/figures\compare\B_N_calculated_all_vs_measured_timeseries.pdf
2026-02-04T17:10:22.048712Z INFO  utilrsw.logger     Writing C:\Users\lwilker\Documents\GitHub\SWERVE-2024-05-10\data_processed/sites/50120/figures\compare\B_E_calculated_all_vs_measured_timeseries.png
2026-02-04T17:10:23.927387Z INFO  utilrsw.logger     Writing C:\Users\lwilker\Documents\GitHub\SWERVE-2024-05-10\data_processed/sites/50120/figures\compare\B_E_calculated_all_vs_measured_timeseries.pdf
2026-02-04T17:10:25.123382Z INFO  utilrsw.logger     Writing C:\Users\lwilker\Documents\GitHub\SWERVE-2024-05-10\data_processed/sites/50120/figures\compare\B_v_calculated_all_vs_measured_timeseries.png
2026-02-04T17:10:26.822082Z INFO  utilrsw.logger     Writing C:\Users\lwilker\Documents\GitHub\SWERVE-2024-05-10\data_processed/sites/50120/figures\compare\B_v_calculated_all_vs_measured_timeseries.pdf
2026-02-04T17:10:27.685129Z INFO  utilrsw.logger     Writing C:\Users\lwilker\Documents\GitHub\SWERVE-2024-05-10\data_processed/sites/50120/figures\compare\B_H_calculated_all_vs_measured_timeseries.png
2026-02-04T17:10:29.709748Z INFO  utilrsw.logger     Writing C:\Users\lwilker\Documents\GitHub\SWERVE-2024-05-10\data_processed/sites/50120/figures\compare\B_H_calculated_all_vs_measured_timeseries.pdf
2026-02-04T17:10:30.502753Z INFO  utilrsw.logger   Plotting all '50120/B' calculated vs. measured data as timeseries
2026-02-04T17:10:36.296667Z INFO  utilrsw.logger     Writing C:\Users\lwilker\Documents\GitHub\SWERVE-2024-05-10\data_processed/sites/50120/figures\compare\B_N_calculated_all_vs_measured_timeseries.png
2026-02-04T17:10:37.828257Z INFO  utilrsw.logger     Writing C:\Users\lwilker\Documents\GitHub\SWERVE-2024-05-10\data_processed/sites/50120/figures\compare\B_N_calculated_all_vs_measured_timeseries.pdf
2026-02-04T17:10:38.561261Z INFO  utilrsw.logger     Writing C:\Users\lwilker\Documents\GitHub\SWERVE-2024-05-10\data_processed/sites/50120/figures\compare\B_E_calculated_all_vs_measured_timeseries.png
2026-02-04T17:10:40.062758Z INFO  utilrsw.logger     Writing C:\Users\lwilker\Documents\GitHub\SWERVE-2024-05-10\data_processed/sites/50120/figures\compare\B_E_calculated_all_vs_measured_timeseries.pdf
2026-02-04T17:10:41.269637Z INFO  utilrsw.logger     Writing C:\Users\lwilker\Documents\GitHub\SWERVE-2024-05-10\data_processed/sites/50120/figures\compare\B_v_calculated_all_vs_measured_timeseries.png
2026-02-04T17:10:42.833357Z INFO  utilrsw.logger     Writing C:\Users\lwilker\Documents\GitHub\SWERVE-2024-05-10\data_processed/sites/50120/figures\compare\B_v_calculated_all_vs_measured_timeseries.pdf
2026-02-04T17:10:43.532215Z INFO  utilrsw.logger     Writing C:\Users\lwilker\Documents\GitHub\SWERVE-2024-05-10\data_processed/sites/50120/figures\compare\B_H_calculated_all_vs_measured_timeseries.png
2026-02-04T17:10:45.580528Z INFO  utilrsw.logger     Writing C:\Users\lwilker\Documents\GitHub\SWERVE-2024-05-10\data_processed/sites/50120/figures\compare\B_H_calculated_all_vs_measured_timeseries.pdf
2026-02-04T17:10:46.418501Z INFO  utilrsw.logger   Plotting '50120/B/SWMF' vs. measured data as timeseries
2026-02-04T17:10:52.309184Z INFO  utilrsw.logger     Writing C:\Users\lwilker\Documents\GitHub\SWERVE-2024-05-10\data_processed/sites/50120/figures\compare\B_N_calculated_SWMF_vs_measured_timeseries.png
2026-02-04T17:10:53.975762Z INFO  utilrsw.logger     Writing C:\Users\lwilker\Documents\GitHub\SWERVE-2024-05-10\data_processed/sites/50120/figures\compare\B_N_calculated_SWMF_vs_measured_timeseries.pdf
2026-02-04T17:10:54.889550Z INFO  utilrsw.logger     Writing C:\Users\lwilker\Documents\GitHub\SWERVE-2024-05-10\data_processed/sites/50120/figures\compare\B_E_calculated_SWMF_vs_measured_timeseries.png
2026-02-04T17:10:56.554358Z INFO  utilrsw.logger     Writing C:\Users\lwilker\Documents\GitHub\SWERVE-2024-05-10\data_processed/sites/50120/figures\compare\B_E_calculated_SWMF_vs_measured_timeseries.pdf
2026-02-04T17:10:57.537586Z INFO  utilrsw.logger     Writing C:\Users\lwilker\Documents\GitHub\SWERVE-2024-05-10\data_processed/sites/50120/figures\compare\B_v_calculated_SWMF_vs_measured_timeseries.png
2026-02-04T17:10:59.347869Z INFO  utilrsw.logger     Writing C:\Users\lwilker\Documents\GitHub\SWERVE-2024-05-10\data_processed/sites/50120/figures\compare\B_v_calculated_SWMF_vs_measured_timeseries.pdf
2026-02-04T17:11:00.217591Z INFO  utilrsw.logger     Writing C:\Users\lwilker\Documents\GitHub\SWERVE-2024-05-10\data_processed/sites/50120/figures\compare\B_H_calculated_SWMF_vs_measured_timeseries.png
2026-02-04T17:11:02.119061Z INFO  utilrsw.logger     Writing C:\Users\lwilker\Documents\GitHub\SWERVE-2024-05-10\data_processed/sites/50120/figures\compare\B_H_calculated_SWMF_vs_measured_timeseries.pdf
2026-02-04T17:11:02.869736Z INFO  utilrsw.logger   Plotting '50120/B/MAGE' vs. measured data as timeseries
2026-02-04T17:11:08.815886Z INFO  utilrsw.logger     Writing C:\Users\lwilker\Documents\GitHub\SWERVE-2024-05-10\data_processed/sites/50120/figures\compare\B_N_calculated_MAGE_vs_measured_timeseries.png
2026-02-04T17:11:10.444125Z INFO  utilrsw.logger     Writing C:\Users\lwilker\Documents\GitHub\SWERVE-2024-05-10\data_processed/sites/50120/figures\compare\B_N_calculated_MAGE_vs_measured_timeseries.pdf
2026-02-04T17:11:11.301010Z INFO  utilrsw.logger     Writing C:\Users\lwilker\Documents\GitHub\SWERVE-2024-05-10\data_processed/sites/50120/figures\compare\B_E_calculated_MAGE_vs_measured_timeseries.png
2026-02-04T17:11:12.831666Z INFO  utilrsw.logger     Writing C:\Users\lwilker\Documents\GitHub\SWERVE-2024-05-10\data_processed/sites/50120/figures\compare\B_E_calculated_MAGE_vs_measured_timeseries.pdf
2026-02-04T17:11:13.759172Z INFO  utilrsw.logger     Writing C:\Users\lwilker\Documents\GitHub\SWERVE-2024-05-10\data_processed/sites/50120/figures\compare\B_v_calculated_MAGE_vs_measured_timeseries.png
2026-02-04T17:11:15.309371Z INFO  utilrsw.logger     Writing C:\Users\lwilker\Documents\GitHub\SWERVE-2024-05-10\data_processed/sites/50120/figures\compare\B_v_calculated_MAGE_vs_measured_timeseries.pdf
2026-02-04T17:11:16.472154Z INFO  utilrsw.logger     Writing C:\Users\lwilker\Documents\GitHub\SWERVE-2024-05-10\data_processed/sites/50120/figures\compare\B_H_calculated_MAGE_vs_measured_timeseries.png
2026-02-04T17:11:18.220863Z INFO  utilrsw.logger     Writing C:\Users\lwilker\Documents\GitHub\SWERVE-2024-05-10\data_processed/sites/50120/figures\compare\B_H_calculated_MAGE_vs_measured_timeseries.pdf
2026-02-04T17:11:18.946540Z INFO  utilrsw.logger   Plotting '50120/B/OpenGGCM' vs. measured data as timeseries
2026-02-04T17:11:25.213856Z INFO  utilrsw.logger     Writing C:\Users\lwilker\Documents\GitHub\SWERVE-2024-05-10\data_processed/sites/50120/figures\compare\B_N_calculated_OpenGGCM_vs_measured_timeseries.png
2026-02-04T17:11:26.828810Z INFO  utilrsw.logger     Writing C:\Users\lwilker\Documents\GitHub\SWERVE-2024-05-10\data_processed/sites/50120/figures\compare\B_N_calculated_OpenGGCM_vs_measured_timeseries.pdf
2026-02-04T17:11:27.856076Z INFO  utilrsw.logger     Writing C:\Users\lwilker\Documents\GitHub\SWERVE-2024-05-10\data_processed/sites/50120/figures\compare\B_E_calculated_OpenGGCM_vs_measured_timeseries.png
2026-02-04T17:11:29.608311Z INFO  utilrsw.logger     Writing C:\Users\lwilker\Documents\GitHub\SWERVE-2024-05-10\data_processed/sites/50120/figures\compare\B_E_calculated_OpenGGCM_vs_measured_timeseries.pdf
2026-02-04T17:11:30.573170Z INFO  utilrsw.logger     Writing C:\Users\lwilker\Documents\GitHub\SWERVE-2024-05-10\data_processed/sites/50120/figures\compare\B_v_calculated_OpenGGCM_vs_measured_timeseries.png
2026-02-04T17:11:32.292970Z INFO  utilrsw.logger     Writing C:\Users\lwilker\Documents\GitHub\SWERVE-2024-05-10\data_processed/sites/50120/figures\compare\B_v_calculated_OpenGGCM_vs_measured_timeseries.pdf
2026-02-04T17:11:33.211397Z INFO  utilrsw.logger     Writing C:\Users\lwilker\Documents\GitHub\SWERVE-2024-05-10\data_processed/sites/50120/figures\compare\B_H_calculated_OpenGGCM_vs_measured_timeseries.png
2026-02-04T17:11:34.757954Z INFO  utilrsw.logger     Writing C:\Users\lwilker\Documents\GitHub\SWERVE-2024-05-10\data_processed/sites/50120/figures\compare\B_H_calculated_OpenGGCM_vs_measured_timeseries.pdf
2026-02-04T17:11:35.277069Z INFO  utilrsw.logger   Plotting all '50120/B' calculated vs. measured data as scatter
2026-02-04T17:11:39.292968Z INFO  utilrsw.logger     Writing C:\Users\lwilker\Documents\GitHub\SWERVE-2024-05-10\data_processed/sites/50120/figures\compare\B_N_calculated_all_vs_measured_scatter.png
2026-02-04T17:11:41.012386Z INFO  utilrsw.logger     Writing C:\Users\lwilker\Documents\GitHub\SWERVE-2024-05-10\data_processed/sites/50120/figures\compare\B_N_calculated_all_vs_measured_scatter.pdf
2026-02-04T17:11:42.394574Z INFO  utilrsw.logger     Writing C:\Users\lwilker\Documents\GitHub\SWERVE-2024-05-10\data_processed/sites/50120/figures\compare\B_E_calculated_all_vs_measured_scatter.png
2026-02-04T17:11:44.126140Z INFO  utilrsw.logger     Writing C:\Users\lwilker\Documents\GitHub\SWERVE-2024-05-10\data_processed/sites/50120/figures\compare\B_E_calculated_all_vs_measured_scatter.pdf
2026-02-04T17:11:45.869510Z INFO  utilrsw.logger     Writing C:\Users\lwilker\Documents\GitHub\SWERVE-2024-05-10\data_processed/sites/50120/figures\compare\B_v_calculated_all_vs_measured_scatter.png
2026-02-04T17:11:47.534247Z INFO  utilrsw.logger     Writing C:\Users\lwilker\Documents\GitHub\SWERVE-2024-05-10\data_processed/sites/50120/figures\compare\B_v_calculated_all_vs_measured_scatter.pdf
2026-02-04T17:11:48.997295Z INFO  utilrsw.logger     Writing C:\Users\lwilker\Documents\GitHub\SWERVE-2024-05-10\data_processed/sites/50120/figures\compare\B_H_calculated_all_vs_measured_scatter.png
2026-02-04T17:11:51.398757Z INFO  utilrsw.logger     Writing C:\Users\lwilker\Documents\GitHub\SWERVE-2024-05-10\data_processed/sites/50120/figures\compare\B_H_calculated_all_vs_measured_scatter.pdf
2026-02-04T17:11:52.463226Z INFO  utilrsw.logger   Plotting all '50120/B' calculated vs. measured data as scatter
2026-02-04T17:11:55.846723Z INFO  utilrsw.logger     Writing C:\Users\lwilker\Documents\GitHub\SWERVE-2024-05-10\data_processed/sites/50120/figures\compare\B_N_calculated_all_vs_measured_scatter.png
2026-02-04T17:11:57.768780Z INFO  utilrsw.logger     Writing C:\Users\lwilker\Documents\GitHub\SWERVE-2024-05-10\data_processed/sites/50120/figures\compare\B_N_calculated_all_vs_measured_scatter.pdf
2026-02-04T17:11:59.355545Z INFO  utilrsw.logger     Writing C:\Users\lwilker\Documents\GitHub\SWERVE-2024-05-10\data_processed/sites/50120/figures\compare\B_E_calculated_all_vs_measured_scatter.png
2026-02-04T17:12:01.412284Z INFO  utilrsw.logger     Writing C:\Users\lwilker\Documents\GitHub\SWERVE-2024-05-10\data_processed/sites/50120/figures\compare\B_E_calculated_all_vs_measured_scatter.pdf
2026-02-04T17:12:02.781708Z INFO  utilrsw.logger     Writing C:\Users\lwilker\Documents\GitHub\SWERVE-2024-05-10\data_processed/sites/50120/figures\compare\B_v_calculated_all_vs_measured_scatter.png
2026-02-04T17:12:04.619851Z INFO  utilrsw.logger     Writing C:\Users\lwilker\Documents\GitHub\SWERVE-2024-05-10\data_processed/sites/50120/figures\compare\B_v_calculated_all_vs_measured_scatter.pdf
2026-02-04T17:12:06.204457Z INFO  utilrsw.logger     Writing C:\Users\lwilker\Documents\GitHub\SWERVE-2024-05-10\data_processed/sites/50120/figures\compare\B_H_calculated_all_vs_measured_scatter.png
2026-02-04T17:12:07.898470Z INFO  utilrsw.logger     Writing C:\Users\lwilker\Documents\GitHub\SWERVE-2024-05-10\data_processed/sites/50120/figures\compare\B_H_calculated_all_vs_measured_scatter.pdf
2026-02-04T17:12:08.891128Z INFO  utilrsw.logger   Plotting '50120/B/SWMF' vs. measured data as scatter
2026-02-04T17:12:12.634499Z INFO  utilrsw.logger     Writing C:\Users\lwilker\Documents\GitHub\SWERVE-2024-05-10\data_processed/sites/50120/figures\compare\B_N_calculated_SWMF_vs_measured_scatter.png
2026-02-04T17:12:14.286441Z INFO  utilrsw.logger     Writing C:\Users\lwilker\Documents\GitHub\SWERVE-2024-05-10\data_processed/sites/50120/figures\compare\B_N_calculated_SWMF_vs_measured_scatter.pdf
2026-02-04T17:12:15.535226Z INFO  utilrsw.logger     Writing C:\Users\lwilker\Documents\GitHub\SWERVE-2024-05-10\data_processed/sites/50120/figures\compare\B_E_calculated_SWMF_vs_measured_scatter.png
2026-02-04T17:12:17.010748Z INFO  utilrsw.logger     Writing C:\Users\lwilker\Documents\GitHub\SWERVE-2024-05-10\data_processed/sites/50120/figures\compare\B_E_calculated_SWMF_vs_measured_scatter.pdf
2026-02-04T17:12:17.859797Z INFO  utilrsw.logger     Writing C:\Users\lwilker\Documents\GitHub\SWERVE-2024-05-10\data_processed/sites/50120/figures\compare\B_v_calculated_SWMF_vs_measured_scatter.png
2026-02-04T17:12:20.054081Z INFO  utilrsw.logger     Writing C:\Users\lwilker\Documents\GitHub\SWERVE-2024-05-10\data_processed/sites/50120/figures\compare\B_v_calculated_SWMF_vs_measured_scatter.pdf
2026-02-04T17:12:21.089823Z INFO  utilrsw.logger     Writing C:\Users\lwilker\Documents\GitHub\SWERVE-2024-05-10\data_processed/sites/50120/figures\compare\B_H_calculated_SWMF_vs_measured_scatter.png
2026-02-04T17:12:22.591802Z INFO  utilrsw.logger     Writing C:\Users\lwilker\Documents\GitHub\SWERVE-2024-05-10\data_processed/sites/50120/figures\compare\B_H_calculated_SWMF_vs_measured_scatter.pdf
2026-02-04T17:12:23.165962Z INFO  utilrsw.logger   Plotting '50120/B/MAGE' vs. measured data as scatter
2026-02-04T17:12:27.149835Z INFO  utilrsw.logger     Writing C:\Users\lwilker\Documents\GitHub\SWERVE-2024-05-10\data_processed/sites/50120/figures\compare\B_N_calculated_MAGE_vs_measured_scatter.png
2026-02-04T17:12:28.555500Z INFO  utilrsw.logger     Writing C:\Users\lwilker\Documents\GitHub\SWERVE-2024-05-10\data_processed/sites/50120/figures\compare\B_N_calculated_MAGE_vs_measured_scatter.pdf
2026-02-04T17:12:29.430035Z INFO  utilrsw.logger     Writing C:\Users\lwilker\Documents\GitHub\SWERVE-2024-05-10\data_processed/sites/50120/figures\compare\B_E_calculated_MAGE_vs_measured_scatter.png
2026-02-04T17:12:31.222192Z INFO  utilrsw.logger     Writing C:\Users\lwilker\Documents\GitHub\SWERVE-2024-05-10\data_processed/sites/50120/figures\compare\B_E_calculated_MAGE_vs_measured_scatter.pdf
2026-02-04T17:12:32.114994Z INFO  utilrsw.logger     Writing C:\Users\lwilker\Documents\GitHub\SWERVE-2024-05-10\data_processed/sites/50120/figures\compare\B_v_calculated_MAGE_vs_measured_scatter.png
2026-02-04T17:12:33.951370Z INFO  utilrsw.logger     Writing C:\Users\lwilker\Documents\GitHub\SWERVE-2024-05-10\data_processed/sites/50120/figures\compare\B_v_calculated_MAGE_vs_measured_scatter.pdf
2026-02-04T17:12:34.824609Z INFO  utilrsw.logger     Writing C:\Users\lwilker\Documents\GitHub\SWERVE-2024-05-10\data_processed/sites/50120/figures\compare\B_H_calculated_MAGE_vs_measured_scatter.png
2026-02-04T17:12:37.046858Z INFO  utilrsw.logger     Writing C:\Users\lwilker\Documents\GitHub\SWERVE-2024-05-10\data_processed/sites/50120/figures\compare\B_H_calculated_MAGE_vs_measured_scatter.pdf
2026-02-04T17:12:37.747302Z INFO  utilrsw.logger   Plotting '50120/B/OpenGGCM' vs. measured data as scatter
2026-02-04T17:12:42.956845Z INFO  utilrsw.logger     Writing C:\Users\lwilker\Documents\GitHub\SWERVE-2024-05-10\data_processed/sites/50120/figures\compare\B_N_calculated_OpenGGCM_vs_measured_scatter.png
2026-02-04T17:12:44.576815Z INFO  utilrsw.logger     Writing C:\Users\lwilker\Documents\GitHub\SWERVE-2024-05-10\data_processed/sites/50120/figures\compare\B_N_calculated_OpenGGCM_vs_measured_scatter.pdf
2026-02-04T17:12:45.723748Z INFO  utilrsw.logger     Writing C:\Users\lwilker\Documents\GitHub\SWERVE-2024-05-10\data_processed/sites/50120/figures\compare\B_E_calculated_OpenGGCM_vs_measured_scatter.png
2026-02-04T17:12:47.082729Z INFO  utilrsw.logger     Writing C:\Users\lwilker\Documents\GitHub\SWERVE-2024-05-10\data_processed/sites/50120/figures\compare\B_E_calculated_OpenGGCM_vs_measured_scatter.pdf
2026-02-04T17:12:47.816198Z INFO  utilrsw.logger     Writing C:\Users\lwilker\Documents\GitHub\SWERVE-2024-05-10\data_processed/sites/50120/figures\compare\B_v_calculated_OpenGGCM_vs_measured_scatter.png
2026-02-04T17:12:49.228357Z INFO  utilrsw.logger     Writing C:\Users\lwilker\Documents\GitHub\SWERVE-2024-05-10\data_processed/sites/50120/figures\compare\B_v_calculated_OpenGGCM_vs_measured_scatter.pdf
2026-02-04T17:12:50.169859Z INFO  utilrsw.logger     Writing C:\Users\lwilker\Documents\GitHub\SWERVE-2024-05-10\data_processed/sites/50120/figures\compare\B_H_calculated_OpenGGCM_vs_measured_scatter.png
2026-02-04T17:12:51.780168Z INFO  utilrsw.logger     Writing C:\Users\lwilker\Documents\GitHub\SWERVE-2024-05-10\data_processed/sites/50120/figures\compare\B_H_calculated_OpenGGCM_vs_measured_scatter.pdf
2026-02-04T17:12:52.511571Z INFO  utilrsw.logger   Plotting '50120/B/measured/NERC' original vs. modified data
2026-02-04T17:13:05.288273Z INFO  utilrsw.logger     Writing C:\Users\lwilker\Documents\GitHub\SWERVE-2024-05-10\data_processed/sites/50120/figures\original\B_measured_NERC.png
2026-02-04T17:13:06.682014Z INFO  utilrsw.logger     Writing C:\Users\lwilker\Documents\GitHub\SWERVE-2024-05-10\data_processed/sites/50120/figures\original\B_measured_NERC.pdf
2026-02-04T17:13:07.926465Z INFO  utilrsw.logger     Writing C:\Users\lwilker\Documents\GitHub\SWERVE-2024-05-10\data_processed/sites/50120/figures\original\B_measured_NERC.png
2026-02-04T17:13:09.745030Z INFO  utilrsw.logger     Writing C:\Users\lwilker\Documents\GitHub\SWERVE-2024-05-10\data_processed/sites/50120/figures\original\B_measured_NERC.pdf
2026-02-04T17:13:10.936269Z INFO  utilrsw.logger     Writing C:\Users\lwilker\Documents\GitHub\SWERVE-2024-05-10\data_processed/sites/50120/figures\original\B_measured_NERC.png
2026-02-04T17:13:12.277345Z INFO  utilrsw.logger     Writing C:\Users\lwilker\Documents\GitHub\SWERVE-2024-05-10\data_processed/sites/50120/figures\original\B_measured_NERC.pdf
2026-02-04T17:13:12.769435Z INFO  utilrsw.logger   Plotting '50120/B/calculated/SWMF' original vs. modified data
2026-02-04T17:13:17.620655Z INFO  utilrsw.logger     Writing C:\Users\lwilker\Documents\GitHub\SWERVE-2024-05-10\data_processed/sites/50120/figures\original\B_calculated_SWMF.png
2026-02-04T17:13:19.275217Z INFO  utilrsw.logger     Writing C:\Users\lwilker\Documents\GitHub\SWERVE-2024-05-10\data_processed/sites/50120/figures\original\B_calculated_SWMF.pdf
2026-02-04T17:13:19.934571Z INFO  utilrsw.logger     Writing C:\Users\lwilker\Documents\GitHub\SWERVE-2024-05-10\data_processed/sites/50120/figures\original\B_calculated_SWMF.png
2026-02-04T17:28:06.380437Z INFO  utilrsw.logger     Writing C:\Users\lwilker\Documents\GitHub\SWERVE-2024-05-10\data_processed/sites/50120/figures\original\B_calculated_SWMF.pdf
2026-02-04T17:28:07.328166Z INFO  utilrsw.logger     Writing C:\Users\lwilker\Documents\GitHub\SWERVE-2024-05-10\data_processed/sites/50120/figures\original\B_calculated_SWMF.png
2026-02-04T17:28:08.126451Z INFO  utilrsw.logger     Writing C:\Users\lwilker\Documents\GitHub\SWERVE-2024-05-10\data_processed/sites/50120/figures\original\B_calculated_SWMF.pdf
2026-02-04T17:28:08.377545Z INFO  utilrsw.logger   Plotting '50120/B/calculated/MAGE' original vs. modified data
2026-02-04T17:28:10.443039Z INFO  utilrsw.logger     Writing C:\Users\lwilker\Documents\GitHub\SWERVE-2024-05-10\data_processed/sites/50120/figures\original\B_calculated_MAGE.png
2026-02-04T17:28:11.492146Z INFO  utilrsw.logger     Writing C:\Users\lwilker\Documents\GitHub\SWERVE-2024-05-10\data_processed/sites/50120/figures\original\B_calculated_MAGE.pdf
2026-02-04T17:28:12.378289Z INFO  utilrsw.logger     Writing C:\Users\lwilker\Documents\GitHub\SWERVE-2024-05-10\data_processed/sites/50120/figures\original\B_calculated_MAGE.png
2026-02-04T17:28:14.038194Z INFO  utilrsw.logger     Writing C:\Users\lwilker\Documents\GitHub\SWERVE-2024-05-10\data_processed/sites/50120/figures\original\B_calculated_MAGE.pdf
2026-02-04T17:28:15.472603Z INFO  utilrsw.logger     Writing C:\Users\lwilker\Documents\GitHub\SWERVE-2024-05-10\data_processed/sites/50120/figures\original\B_calculated_MAGE.png
2026-02-04T17:28:17.181044Z INFO  utilrsw.logger     Writing C:\Users\lwilker\Documents\GitHub\SWERVE-2024-05-10\data_processed/sites/50120/figures\original\B_calculated_MAGE.pdf
2026-02-04T17:28:17.727057Z INFO  utilrsw.logger   Plotting '50120/B/calculated/OpenGGCM' original vs. modified data
2026-02-04T17:28:22.216559Z INFO  utilrsw.logger     Writing C:\Users\lwilker\Documents\GitHub\SWERVE-2024-05-10\data_processed/sites/50120/figures\original\B_calculated_OpenGGCM.png
2026-02-04T17:28:23.752419Z INFO  utilrsw.logger     Writing C:\Users\lwilker\Documents\GitHub\SWERVE-2024-05-10\data_processed/sites/50120/figures\original\B_calculated_OpenGGCM.pdf
2026-02-04T17:28:24.684723Z INFO  utilrsw.logger     Writing C:\Users\lwilker\Documents\GitHub\SWERVE-2024-05-10\data_processed/sites/50120/figures\original\B_calculated_OpenGGCM.png
2026-02-04T17:28:26.290475Z INFO  utilrsw.logger     Writing C:\Users\lwilker\Documents\GitHub\SWERVE-2024-05-10\data_processed/sites/50120/figures\original\B_calculated_OpenGGCM.pdf
2026-02-04T17:28:27.376156Z INFO  utilrsw.logger     Writing C:\Users\lwilker\Documents\GitHub\SWERVE-2024-05-10\data_processed/sites/50120/figures\original\B_calculated_OpenGGCM.png
2026-02-04T17:28:28.937533Z INFO  utilrsw.logger     Writing C:\Users\lwilker\Documents\GitHub\SWERVE-2024-05-10\data_processed/sites/50120/figures\original\B_calculated_OpenGGCM.pdf
2026-02-04T17:28:29.453456Z INFO  utilrsw.logger Reading '50122' data
2026-02-04T17:28:29.455468Z INFO  utilrsw.logger   Reading cached file with all data for site '50122': C:\Users\lwilker\Documents\GitHub\SWERVE-2024-05-10\data_processed\sites\50122\data\_all.pkl
2026-02-04T17:28:29.757595Z INFO  utilrsw.logger Computing stats for '50122' data
2026-02-04T17:28:30.750280Z INFO  utilrsw.logger   Uniq dts [ns] = [   1000000000    2000000000    3000000000 3601000000000 7201000000000]
2026-02-04T17:28:30.751299Z INFO  utilrsw.logger   Uniq dts [#]  = 5
2026-02-04T17:28:30.751299Z INFO  utilrsw.logger   Stats for B/measured/NERC:
2026-02-04T17:28:30.755596Z INFO  utilrsw.logger 
    std: [101.208883    67.0651318   79.31134374  87.26262646]
    ave: [-152.28937398  -39.7822989    34.17156057  178.65537929]
    min: [-456.07333333 -288.165      -197.134         5.57907678]
    max: [311.43033333 198.82533333 525.7495     519.30905979]
    n: 2341
    n_valid: [2341 2341 2341 2341]
    dt_original: [   1000000000    2000000000    3000000000 3601000000000 7201000000000]

2026-02-04T17:28:30.780756Z INFO  utilrsw.logger   Uniq dts [ns] = [60000000000]
2026-02-04T17:28:30.780756Z INFO  utilrsw.logger   Uniq dts [#]  = 1
2026-02-04T17:28:30.784952Z INFO  utilrsw.logger   Stats for B/calculated/SWMF:
2026-02-04T17:28:30.784952Z INFO  utilrsw.logger 
    std: [49.93088008 32.68436253 36.50728957 49.1859757 ]
    ave: [32.8645287   3.07587008 -5.65489183 47.2402197 ]
    min: [ -48.50965613  -60.88832768 -142.21228843    0.62418749]
    max: [188.55182449 161.59664002  97.17061472 244.05238318]
    n: 2341
    n_valid: [2339 2339 2339 2339]
    dt_original: [60000000000]

2026-02-04T17:28:30.802202Z INFO  utilrsw.logger   Uniq dts [ns] = [60000000000]
2026-02-04T17:28:30.806234Z INFO  utilrsw.logger   Uniq dts [#]  = 1
2026-02-04T17:28:30.806234Z INFO  utilrsw.logger   Stats for B/calculated/MAGE:
2026-02-04T17:28:30.806234Z INFO  utilrsw.logger 
    std: [141.88186776  75.35120188 180.57945507 132.15841137]
    ave: [246.220244    77.97653541 399.36037488 273.94738721]
    min: [-142.59664425  -92.41530685  -79.1618099    15.44507651]
    max: [576.47315379 291.72149948 815.40345019 619.73912403]
    n: 2341
    n_valid: [1980 1980 1980 1980]
    dt_original: [60000000000]

2026-02-04T17:28:30.836229Z INFO  utilrsw.logger   Uniq dts [ns] = [60000000000]
2026-02-04T17:28:30.838249Z INFO  utilrsw.logger   Uniq dts [#]  = 1
2026-02-04T17:28:30.838249Z INFO  utilrsw.logger   Stats for B/calculated/OpenGGCM:
2026-02-04T17:28:30.838249Z INFO  utilrsw.logger 
    std: [ 74.03561265 331.06519822 142.98378957 248.93728544]
    ave: [-65.60987818 100.6531318   55.27072771 259.90647238]
    min: [-292.10707084 -692.07955601 -622.24402294   12.05001315]
    max: [ 207.37559839 1463.97621368  474.83606285 1477.2487046 ]
    n: 2341
    n_valid: [2341 2341 2341 2341]
    dt_original: [60000000000]

2026-02-04T17:28:30.842506Z WARN  utilrsw.logger   Multiplying measured data by -1 before computing pe.
2026-02-04T17:28:30.842506Z WARN  utilrsw.logger   Multiplying measured data by -1 before computing pe.
2026-02-04T17:28:30.846539Z INFO  utilrsw.logger   Metrics for B/calculated/SWMF:
2026-02-04T17:28:30.851009Z INFO  utilrsw.logger 
    err_rms: [221.15493855  88.24165385  87.83302607 151.98545276]
    err_ave: [-185.11891554  -42.82487509   39.89192452  131.38876501]
    err: [[-31.83691355  54.56950213  -9.66973904  55.9464097 ]
 [-31.52376007  55.16359544  -7.27422373  55.69961313]
 [-31.53071245  53.56805428  -1.42435618  52.94702666]
 ...
 [-92.4977687    5.05054361  32.87063774  87.01662612]
 [-93.54877031   3.12264884  30.59947054  87.84654999]
 [-94.04428847   3.79428688  27.45189113  88.11595568]]
    cc: [-0.18761929 -0.08764098  0.25902521  0.48945487]
    pe: [-1.44872328 -0.45085681 -0.22639481 -2.03125953]
    valid: [[ True  True  True  True]
 [ True  True  True  True]
 [ True  True  True  True]
 ...
 [ True  True  True  True]
 [ True  True  True  True]
 [ True  True  True  True]]
    n_valid: [2339 2339 2339 2339]

2026-02-04T17:28:30.856817Z WARN  utilrsw.logger   Multiplying measured data by -1 before computing pe.
2026-02-04T17:28:30.859474Z WARN  utilrsw.logger   Multiplying measured data by -1 before computing pe.
2026-02-04T17:28:30.863653Z WARN  utilrsw.logger   Multiplying measured data by -1 before computing pe.
2026-02-04T17:28:30.867693Z INFO  utilrsw.logger   Metrics for B/calculated/MAGE:
2026-02-04T17:28:30.871815Z INFO  utilrsw.logger 
    err_rms: [464.1899749  169.14898609 419.21792491 141.00150942]
    err_ave: [-411.31389155 -127.38868905 -366.13378938  -79.08019232]
    err: [[  -7.47353783   59.73720742  -25.61509757   50.26114067]
 [  -6.02325838   60.70837441  -22.87190342   49.96226033]
 [  -4.41860002   59.0454011   -16.99344755   47.48254776]
 ...
 [-366.21272248  -76.90636535 -329.1303598  -175.24328006]
 [-369.89473626  -77.36254493 -329.76087253 -174.45364848]
 [-367.75221529  -78.59616258 -324.31203523 -174.78840268]]
    cc: [-0.51541468 -0.21342662 -0.05684036  0.49192904]
    pe: [ -1.05040737  -0.95329814 -29.76310136  -1.7697197 ]
    valid: [[ True  True  True  True]
 [ True  True  True  True]
 [ True  True  True  True]
 ...
 [False False False False]
 [False False False False]
 [False False False False]]
    n_valid: [1980 1980 1980 1980]

2026-02-04T17:28:30.876231Z WARN  utilrsw.logger   Multiplying measured data by -1 before computing pe.
2026-02-04T17:28:30.880625Z WARN  utilrsw.logger   Multiplying measured data by -1 before computing pe.
2026-02-04T17:28:30.880625Z INFO  utilrsw.logger   Metrics for B/calculated/OpenGGCM:
2026-02-04T17:28:30.884882Z INFO  utilrsw.logger 
    err_rms: [130.08849642 389.75105391 198.74982602 260.2569904 ]
    err_ave: [ -86.6794958  -140.4354307   -21.09916715  -81.25109309]
    err: [[  28.59357764  208.41653851 -138.59048805  -87.83359453]
 [  30.45017777  206.22816117 -138.92907697  -85.51016544]
 [  33.06164873  199.75502456 -131.12630698  -83.62431168]
 ...
 [   3.54025234   64.61389559  -40.62705247  -20.7946081 ]
 [   3.87981691   73.95520813  -42.56985484  -27.35665742]
 [   5.47919108   85.63094243  -44.75614605  -35.26867872]]
    cc: [ 0.42137836 -0.40719571 -0.54327197  0.19455434]
    pe: [ -0.65211595 -21.1723485   -2.56309706  -7.89504697]
    valid: [[ True  True  True  True]
 [ True  True  True  True]
 [ True  True  True  True]
 ...
 [ True  True  True  True]
 [ True  True  True  True]
 [ True  True  True  True]]
    n_valid: [2341 2341 2341 2341]

2026-02-04T17:28:30.916112Z INFO  utilrsw.logger Plotting '50122' data
2026-02-04T17:28:30.922161Z INFO  utilrsw.logger   Plotting '50122/B/calculated/MAGE/raw' data
2026-02-04T17:28:36.850546Z INFO  utilrsw.logger     Writing C:\Users\lwilker\Documents\GitHub\SWERVE-2024-05-10\data_processed/sites/50122/figures\raw\B_calculated_MAGE.png
2026-02-04T17:28:37.667585Z INFO  utilrsw.logger     Writing C:\Users\lwilker\Documents\GitHub\SWERVE-2024-05-10\data_processed/sites/50122/figures\raw\B_calculated_MAGE.pdf
2026-02-04T17:28:37.677079Z INFO  utilrsw.logger   Plotting '50122/B/calculated/MAGE/raw' to compare dBn with dBt and dBp
2026-02-04T17:28:39.544519Z INFO  utilrsw.logger     Writing C:\Users\lwilker\Documents\GitHub\SWERVE-2024-05-10\data_processed/sites/50122/figures\raw\B_calculated_MAGE_compare_dBn_dBt_dBp.png
2026-02-04T17:28:41.479310Z INFO  utilrsw.logger     Writing C:\Users\lwilker\Documents\GitHub\SWERVE-2024-05-10\data_processed/sites/50122/figures\raw\B_calculated_MAGE_compare_dBn_dBt_dBp.pdf
2026-02-04T17:28:42.470693Z INFO  utilrsw.logger   Plotting all '50122/B' calculated vs. measured data as timeseries
2026-02-04T17:28:47.539393Z INFO  utilrsw.logger     Writing C:\Users\lwilker\Documents\GitHub\SWERVE-2024-05-10\data_processed/sites/50122/figures\compare\B_N_calculated_all_vs_measured_timeseries.png
2026-02-04T17:28:49.093185Z INFO  utilrsw.logger     Writing C:\Users\lwilker\Documents\GitHub\SWERVE-2024-05-10\data_processed/sites/50122/figures\compare\B_N_calculated_all_vs_measured_timeseries.pdf
2026-02-04T17:28:50.395777Z INFO  utilrsw.logger     Writing C:\Users\lwilker\Documents\GitHub\SWERVE-2024-05-10\data_processed/sites/50122/figures\compare\B_E_calculated_all_vs_measured_timeseries.png
2026-02-04T17:28:51.929126Z INFO  utilrsw.logger     Writing C:\Users\lwilker\Documents\GitHub\SWERVE-2024-05-10\data_processed/sites/50122/figures\compare\B_E_calculated_all_vs_measured_timeseries.pdf
2026-02-04T17:28:52.685648Z INFO  utilrsw.logger     Writing C:\Users\lwilker\Documents\GitHub\SWERVE-2024-05-10\data_processed/sites/50122/figures\compare\B_v_calculated_all_vs_measured_timeseries.png
2026-02-04T17:28:54.302590Z INFO  utilrsw.logger     Writing C:\Users\lwilker\Documents\GitHub\SWERVE-2024-05-10\data_processed/sites/50122/figures\compare\B_v_calculated_all_vs_measured_timeseries.pdf
2026-02-04T17:28:55.085740Z INFO  utilrsw.logger     Writing C:\Users\lwilker\Documents\GitHub\SWERVE-2024-05-10\data_processed/sites/50122/figures\compare\B_H_calculated_all_vs_measured_timeseries.png
2026-02-04T17:28:56.705289Z INFO  utilrsw.logger     Writing C:\Users\lwilker\Documents\GitHub\SWERVE-2024-05-10\data_processed/sites/50122/figures\compare\B_H_calculated_all_vs_measured_timeseries.pdf
2026-02-04T17:28:57.315740Z INFO  utilrsw.logger   Plotting all '50122/B' calculated vs. measured data as timeseries
2026-02-04T17:29:03.587099Z INFO  utilrsw.logger     Writing C:\Users\lwilker\Documents\GitHub\SWERVE-2024-05-10\data_processed/sites/50122/figures\compare\B_N_calculated_all_vs_measured_timeseries.png
2026-02-04T17:29:05.300849Z INFO  utilrsw.logger     Writing C:\Users\lwilker\Documents\GitHub\SWERVE-2024-05-10\data_processed/sites/50122/figures\compare\B_N_calculated_all_vs_measured_timeseries.pdf
2026-02-04T17:29:06.142933Z INFO  utilrsw.logger     Writing C:\Users\lwilker\Documents\GitHub\SWERVE-2024-05-10\data_processed/sites/50122/figures\compare\B_E_calculated_all_vs_measured_timeseries.png
2026-02-04T17:29:07.709269Z INFO  utilrsw.logger     Writing C:\Users\lwilker\Documents\GitHub\SWERVE-2024-05-10\data_processed/sites/50122/figures\compare\B_E_calculated_all_vs_measured_timeseries.pdf
2026-02-04T17:29:08.477456Z INFO  utilrsw.logger     Writing C:\Users\lwilker\Documents\GitHub\SWERVE-2024-05-10\data_processed/sites/50122/figures\compare\B_v_calculated_all_vs_measured_timeseries.png
2026-02-04T17:29:10.149925Z INFO  utilrsw.logger     Writing C:\Users\lwilker\Documents\GitHub\SWERVE-2024-05-10\data_processed/sites/50122/figures\compare\B_v_calculated_all_vs_measured_timeseries.pdf
2026-02-04T17:29:11.111856Z INFO  utilrsw.logger     Writing C:\Users\lwilker\Documents\GitHub\SWERVE-2024-05-10\data_processed/sites/50122/figures\compare\B_H_calculated_all_vs_measured_timeseries.png
2026-02-04T17:29:12.833948Z INFO  utilrsw.logger     Writing C:\Users\lwilker\Documents\GitHub\SWERVE-2024-05-10\data_processed/sites/50122/figures\compare\B_H_calculated_all_vs_measured_timeseries.pdf
2026-02-04T17:29:13.503880Z INFO  utilrsw.logger   Plotting '50122/B/SWMF' vs. measured data as timeseries
2026-02-04T17:29:19.698927Z INFO  utilrsw.logger     Writing C:\Users\lwilker\Documents\GitHub\SWERVE-2024-05-10\data_processed/sites/50122/figures\compare\B_N_calculated_SWMF_vs_measured_timeseries.png
2026-02-04T17:29:21.695756Z INFO  utilrsw.logger     Writing C:\Users\lwilker\Documents\GitHub\SWERVE-2024-05-10\data_processed/sites/50122/figures\compare\B_N_calculated_SWMF_vs_measured_timeseries.pdf
2026-02-04T17:29:22.445648Z INFO  utilrsw.logger     Writing C:\Users\lwilker\Documents\GitHub\SWERVE-2024-05-10\data_processed/sites/50122/figures\compare\B_E_calculated_SWMF_vs_measured_timeseries.png
2026-02-04T17:29:24.066905Z INFO  utilrsw.logger     Writing C:\Users\lwilker\Documents\GitHub\SWERVE-2024-05-10\data_processed/sites/50122/figures\compare\B_E_calculated_SWMF_vs_measured_timeseries.pdf
2026-02-04T17:29:24.803967Z INFO  utilrsw.logger     Writing C:\Users\lwilker\Documents\GitHub\SWERVE-2024-05-10\data_processed/sites/50122/figures\compare\B_v_calculated_SWMF_vs_measured_timeseries.png
2026-02-04T17:29:26.330305Z INFO  utilrsw.logger     Writing C:\Users\lwilker\Documents\GitHub\SWERVE-2024-05-10\data_processed/sites/50122/figures\compare\B_v_calculated_SWMF_vs_measured_timeseries.pdf
2026-02-04T17:29:27.308872Z INFO  utilrsw.logger     Writing C:\Users\lwilker\Documents\GitHub\SWERVE-2024-05-10\data_processed/sites/50122/figures\compare\B_H_calculated_SWMF_vs_measured_timeseries.png
2026-02-04T17:29:28.899455Z INFO  utilrsw.logger     Writing C:\Users\lwilker\Documents\GitHub\SWERVE-2024-05-10\data_processed/sites/50122/figures\compare\B_H_calculated_SWMF_vs_measured_timeseries.pdf
2026-02-04T17:29:29.414454Z INFO  utilrsw.logger   Plotting '50122/B/MAGE' vs. measured data as timeseries
2026-02-04T17:29:35.098117Z INFO  utilrsw.logger     Writing C:\Users\lwilker\Documents\GitHub\SWERVE-2024-05-10\data_processed/sites/50122/figures\compare\B_N_calculated_MAGE_vs_measured_timeseries.png
2026-02-04T17:29:36.575750Z INFO  utilrsw.logger     Writing C:\Users\lwilker\Documents\GitHub\SWERVE-2024-05-10\data_processed/sites/50122/figures\compare\B_N_calculated_MAGE_vs_measured_timeseries.pdf
2026-02-04T17:29:37.688507Z INFO  utilrsw.logger     Writing C:\Users\lwilker\Documents\GitHub\SWERVE-2024-05-10\data_processed/sites/50122/figures\compare\B_E_calculated_MAGE_vs_measured_timeseries.png
2026-02-04T17:29:39.216992Z INFO  utilrsw.logger     Writing C:\Users\lwilker\Documents\GitHub\SWERVE-2024-05-10\data_processed/sites/50122/figures\compare\B_E_calculated_MAGE_vs_measured_timeseries.pdf
2026-02-04T17:29:39.961106Z INFO  utilrsw.logger     Writing C:\Users\lwilker\Documents\GitHub\SWERVE-2024-05-10\data_processed/sites/50122/figures\compare\B_v_calculated_MAGE_vs_measured_timeseries.png
2026-02-04T17:29:41.556109Z INFO  utilrsw.logger     Writing C:\Users\lwilker\Documents\GitHub\SWERVE-2024-05-10\data_processed/sites/50122/figures\compare\B_v_calculated_MAGE_vs_measured_timeseries.pdf
2026-02-04T17:29:42.259742Z INFO  utilrsw.logger     Writing C:\Users\lwilker\Documents\GitHub\SWERVE-2024-05-10\data_processed/sites/50122/figures\compare\B_H_calculated_MAGE_vs_measured_timeseries.png
2026-02-04T17:29:43.878100Z INFO  utilrsw.logger     Writing C:\Users\lwilker\Documents\GitHub\SWERVE-2024-05-10\data_processed/sites/50122/figures\compare\B_H_calculated_MAGE_vs_measured_timeseries.pdf
2026-02-04T17:29:44.484192Z INFO  utilrsw.logger   Plotting '50122/B/OpenGGCM' vs. measured data as timeseries
2026-02-04T17:29:50.535226Z INFO  utilrsw.logger     Writing C:\Users\lwilker\Documents\GitHub\SWERVE-2024-05-10\data_processed/sites/50122/figures\compare\B_N_calculated_OpenGGCM_vs_measured_timeseries.png
2026-02-04T17:29:52.268307Z INFO  utilrsw.logger     Writing C:\Users\lwilker\Documents\GitHub\SWERVE-2024-05-10\data_processed/sites/50122/figures\compare\B_N_calculated_OpenGGCM_vs_measured_timeseries.pdf
2026-02-04T17:29:53.023763Z INFO  utilrsw.logger     Writing C:\Users\lwilker\Documents\GitHub\SWERVE-2024-05-10\data_processed/sites/50122/figures\compare\B_E_calculated_OpenGGCM_vs_measured_timeseries.png
2026-02-04T17:29:54.650348Z INFO  utilrsw.logger     Writing C:\Users\lwilker\Documents\GitHub\SWERVE-2024-05-10\data_processed/sites/50122/figures\compare\B_E_calculated_OpenGGCM_vs_measured_timeseries.pdf
2026-02-04T17:29:55.780469Z INFO  utilrsw.logger     Writing C:\Users\lwilker\Documents\GitHub\SWERVE-2024-05-10\data_processed/sites/50122/figures\compare\B_v_calculated_OpenGGCM_vs_measured_timeseries.png
2026-02-04T17:29:57.650331Z INFO  utilrsw.logger     Writing C:\Users\lwilker\Documents\GitHub\SWERVE-2024-05-10\data_processed/sites/50122/figures\compare\B_v_calculated_OpenGGCM_vs_measured_timeseries.pdf
2026-02-04T17:29:58.442211Z INFO  utilrsw.logger     Writing C:\Users\lwilker\Documents\GitHub\SWERVE-2024-05-10\data_processed/sites/50122/figures\compare\B_H_calculated_OpenGGCM_vs_measured_timeseries.png
2026-02-04T17:30:00.260767Z INFO  utilrsw.logger     Writing C:\Users\lwilker\Documents\GitHub\SWERVE-2024-05-10\data_processed/sites/50122/figures\compare\B_H_calculated_OpenGGCM_vs_measured_timeseries.pdf
2026-02-04T17:30:00.977227Z INFO  utilrsw.logger   Plotting all '50122/B' calculated vs. measured data as scatter
2026-02-04T17:30:05.289028Z INFO  utilrsw.logger     Writing C:\Users\lwilker\Documents\GitHub\SWERVE-2024-05-10\data_processed/sites/50122/figures\compare\B_N_calculated_all_vs_measured_scatter.png
2026-02-04T17:30:07.011099Z INFO  utilrsw.logger     Writing C:\Users\lwilker\Documents\GitHub\SWERVE-2024-05-10\data_processed/sites/50122/figures\compare\B_N_calculated_all_vs_measured_scatter.pdf
2026-02-04T17:30:08.331303Z INFO  utilrsw.logger     Writing C:\Users\lwilker\Documents\GitHub\SWERVE-2024-05-10\data_processed/sites/50122/figures\compare\B_E_calculated_all_vs_measured_scatter.png
2026-02-04T17:30:10.079884Z INFO  utilrsw.logger     Writing C:\Users\lwilker\Documents\GitHub\SWERVE-2024-05-10\data_processed/sites/50122/figures\compare\B_E_calculated_all_vs_measured_scatter.pdf
2026-02-04T17:30:11.474333Z INFO  utilrsw.logger     Writing C:\Users\lwilker\Documents\GitHub\SWERVE-2024-05-10\data_processed/sites/50122/figures\compare\B_v_calculated_all_vs_measured_scatter.png
2026-02-04T17:30:13.587773Z INFO  utilrsw.logger     Writing C:\Users\lwilker\Documents\GitHub\SWERVE-2024-05-10\data_processed/sites/50122/figures\compare\B_v_calculated_all_vs_measured_scatter.pdf
2026-02-04T17:30:14.792011Z INFO  utilrsw.logger     Writing C:\Users\lwilker\Documents\GitHub\SWERVE-2024-05-10\data_processed/sites/50122/figures\compare\B_H_calculated_all_vs_measured_scatter.png
2026-02-04T17:30:16.778341Z INFO  utilrsw.logger     Writing C:\Users\lwilker\Documents\GitHub\SWERVE-2024-05-10\data_processed/sites/50122/figures\compare\B_H_calculated_all_vs_measured_scatter.pdf
2026-02-04T17:30:18.070215Z INFO  utilrsw.logger   Plotting all '50122/B' calculated vs. measured data as scatter
2026-02-04T17:30:21.821018Z INFO  utilrsw.logger     Writing C:\Users\lwilker\Documents\GitHub\SWERVE-2024-05-10\data_processed/sites/50122/figures\compare\B_N_calculated_all_vs_measured_scatter.png
2026-02-04T17:30:23.447600Z INFO  utilrsw.logger     Writing C:\Users\lwilker\Documents\GitHub\SWERVE-2024-05-10\data_processed/sites/50122/figures\compare\B_N_calculated_all_vs_measured_scatter.pdf
2026-02-04T17:30:24.636764Z INFO  utilrsw.logger     Writing C:\Users\lwilker\Documents\GitHub\SWERVE-2024-05-10\data_processed/sites/50122/figures\compare\B_E_calculated_all_vs_measured_scatter.png
2026-02-04T17:30:26.542066Z INFO  utilrsw.logger     Writing C:\Users\lwilker\Documents\GitHub\SWERVE-2024-05-10\data_processed/sites/50122/figures\compare\B_E_calculated_all_vs_measured_scatter.pdf
2026-02-04T17:30:28.398457Z INFO  utilrsw.logger     Writing C:\Users\lwilker\Documents\GitHub\SWERVE-2024-05-10\data_processed/sites/50122/figures\compare\B_v_calculated_all_vs_measured_scatter.png
2026-02-04T17:30:30.333121Z INFO  utilrsw.logger     Writing C:\Users\lwilker\Documents\GitHub\SWERVE-2024-05-10\data_processed/sites/50122/figures\compare\B_v_calculated_all_vs_measured_scatter.pdf
2026-02-04T17:30:31.647916Z INFO  utilrsw.logger     Writing C:\Users\lwilker\Documents\GitHub\SWERVE-2024-05-10\data_processed/sites/50122/figures\compare\B_H_calculated_all_vs_measured_scatter.png
2026-02-04T17:30:33.727989Z INFO  utilrsw.logger     Writing C:\Users\lwilker\Documents\GitHub\SWERVE-2024-05-10\data_processed/sites/50122/figures\compare\B_H_calculated_all_vs_measured_scatter.pdf
2026-02-04T17:30:34.871784Z INFO  utilrsw.logger   Plotting '50122/B/SWMF' vs. measured data as scatter
2026-02-04T17:30:38.914571Z INFO  utilrsw.logger     Writing C:\Users\lwilker\Documents\GitHub\SWERVE-2024-05-10\data_processed/sites/50122/figures\compare\B_N_calculated_SWMF_vs_measured_scatter.png
2026-02-04T17:30:40.440253Z INFO  utilrsw.logger     Writing C:\Users\lwilker\Documents\GitHub\SWERVE-2024-05-10\data_processed/sites/50122/figures\compare\B_N_calculated_SWMF_vs_measured_scatter.pdf
2026-02-04T17:30:41.916282Z INFO  utilrsw.logger     Writing C:\Users\lwilker\Documents\GitHub\SWERVE-2024-05-10\data_processed/sites/50122/figures\compare\B_E_calculated_SWMF_vs_measured_scatter.png
2026-02-04T17:30:43.586544Z INFO  utilrsw.logger     Writing C:\Users\lwilker\Documents\GitHub\SWERVE-2024-05-10\data_processed/sites/50122/figures\compare\B_E_calculated_SWMF_vs_measured_scatter.pdf
2026-02-04T17:30:44.722531Z INFO  utilrsw.logger     Writing C:\Users\lwilker\Documents\GitHub\SWERVE-2024-05-10\data_processed/sites/50122/figures\compare\B_v_calculated_SWMF_vs_measured_scatter.png
2026-02-04T17:30:46.474809Z INFO  utilrsw.logger     Writing C:\Users\lwilker\Documents\GitHub\SWERVE-2024-05-10\data_processed/sites/50122/figures\compare\B_v_calculated_SWMF_vs_measured_scatter.pdf
2026-02-04T17:30:47.299091Z INFO  utilrsw.logger     Writing C:\Users\lwilker\Documents\GitHub\SWERVE-2024-05-10\data_processed/sites/50122/figures\compare\B_H_calculated_SWMF_vs_measured_scatter.png
2026-02-04T17:30:48.905712Z INFO  utilrsw.logger     Writing C:\Users\lwilker\Documents\GitHub\SWERVE-2024-05-10\data_processed/sites/50122/figures\compare\B_H_calculated_SWMF_vs_measured_scatter.pdf
2026-02-04T17:30:49.599662Z INFO  utilrsw.logger   Plotting '50122/B/MAGE' vs. measured data as scatter
2026-02-04T17:30:53.681087Z INFO  utilrsw.logger     Writing C:\Users\lwilker\Documents\GitHub\SWERVE-2024-05-10\data_processed/sites/50122/figures\compare\B_N_calculated_MAGE_vs_measured_scatter.png
2026-02-04T17:30:55.321377Z INFO  utilrsw.logger     Writing C:\Users\lwilker\Documents\GitHub\SWERVE-2024-05-10\data_processed/sites/50122/figures\compare\B_N_calculated_MAGE_vs_measured_scatter.pdf
2026-02-04T17:30:56.175373Z INFO  utilrsw.logger     Writing C:\Users\lwilker\Documents\GitHub\SWERVE-2024-05-10\data_processed/sites/50122/figures\compare\B_E_calculated_MAGE_vs_measured_scatter.png
2026-02-04T17:30:58.162810Z INFO  utilrsw.logger     Writing C:\Users\lwilker\Documents\GitHub\SWERVE-2024-05-10\data_processed/sites/50122/figures\compare\B_E_calculated_MAGE_vs_measured_scatter.pdf
2026-02-04T17:30:58.970557Z INFO  utilrsw.logger     Writing C:\Users\lwilker\Documents\GitHub\SWERVE-2024-05-10\data_processed/sites/50122/figures\compare\B_v_calculated_MAGE_vs_measured_scatter.png
2026-02-04T17:31:00.532328Z INFO  utilrsw.logger     Writing C:\Users\lwilker\Documents\GitHub\SWERVE-2024-05-10\data_processed/sites/50122/figures\compare\B_v_calculated_MAGE_vs_measured_scatter.pdf
2026-02-04T17:31:01.632638Z INFO  utilrsw.logger     Writing C:\Users\lwilker\Documents\GitHub\SWERVE-2024-05-10\data_processed/sites/50122/figures\compare\B_H_calculated_MAGE_vs_measured_scatter.png
2026-02-04T17:31:03.486161Z INFO  utilrsw.logger     Writing C:\Users\lwilker\Documents\GitHub\SWERVE-2024-05-10\data_processed/sites/50122/figures\compare\B_H_calculated_MAGE_vs_measured_scatter.pdf
2026-02-04T17:31:04.067026Z INFO  utilrsw.logger   Plotting '50122/B/OpenGGCM' vs. measured data as scatter
2026-02-04T17:31:07.442250Z INFO  utilrsw.logger     Writing C:\Users\lwilker\Documents\GitHub\SWERVE-2024-05-10\data_processed/sites/50122/figures\compare\B_N_calculated_OpenGGCM_vs_measured_scatter.png
2026-02-04T17:31:09.027086Z INFO  utilrsw.logger     Writing C:\Users\lwilker\Documents\GitHub\SWERVE-2024-05-10\data_processed/sites/50122/figures\compare\B_N_calculated_OpenGGCM_vs_measured_scatter.pdf
2026-02-04T17:31:09.864036Z INFO  utilrsw.logger     Writing C:\Users\lwilker\Documents\GitHub\SWERVE-2024-05-10\data_processed/sites/50122/figures\compare\B_E_calculated_OpenGGCM_vs_measured_scatter.png
2026-02-04T17:31:11.480061Z INFO  utilrsw.logger     Writing C:\Users\lwilker\Documents\GitHub\SWERVE-2024-05-10\data_processed/sites/50122/figures\compare\B_E_calculated_OpenGGCM_vs_measured_scatter.pdf
2026-02-04T17:31:13.024129Z INFO  utilrsw.logger     Writing C:\Users\lwilker\Documents\GitHub\SWERVE-2024-05-10\data_processed/sites/50122/figures\compare\B_v_calculated_OpenGGCM_vs_measured_scatter.png
2026-02-04T17:31:14.710553Z INFO  utilrsw.logger     Writing C:\Users\lwilker\Documents\GitHub\SWERVE-2024-05-10\data_processed/sites/50122/figures\compare\B_v_calculated_OpenGGCM_vs_measured_scatter.pdf
2026-02-04T17:31:15.773285Z INFO  utilrsw.logger     Writing C:\Users\lwilker\Documents\GitHub\SWERVE-2024-05-10\data_processed/sites/50122/figures\compare\B_H_calculated_OpenGGCM_vs_measured_scatter.png
2026-02-04T17:31:17.465490Z INFO  utilrsw.logger     Writing C:\Users\lwilker\Documents\GitHub\SWERVE-2024-05-10\data_processed/sites/50122/figures\compare\B_H_calculated_OpenGGCM_vs_measured_scatter.pdf
2026-02-04T17:31:18.099635Z INFO  utilrsw.logger   Plotting '50122/B/measured/NERC' original vs. modified data
2026-02-04T17:31:29.981500Z INFO  utilrsw.logger     Writing C:\Users\lwilker\Documents\GitHub\SWERVE-2024-05-10\data_processed/sites/50122/figures\original\B_measured_NERC.png
2026-02-04T17:31:31.288608Z INFO  utilrsw.logger     Writing C:\Users\lwilker\Documents\GitHub\SWERVE-2024-05-10\data_processed/sites/50122/figures\original\B_measured_NERC.pdf
2026-02-04T17:31:32.380965Z INFO  utilrsw.logger     Writing C:\Users\lwilker\Documents\GitHub\SWERVE-2024-05-10\data_processed/sites/50122/figures\original\B_measured_NERC.png
2026-02-04T17:31:34.380131Z INFO  utilrsw.logger     Writing C:\Users\lwilker\Documents\GitHub\SWERVE-2024-05-10\data_processed/sites/50122/figures\original\B_measured_NERC.pdf
2026-02-04T17:31:36.103239Z INFO  utilrsw.logger     Writing C:\Users\lwilker\Documents\GitHub\SWERVE-2024-05-10\data_processed/sites/50122/figures\original\B_measured_NERC.png
2026-02-04T17:31:37.662932Z INFO  utilrsw.logger     Writing C:\Users\lwilker\Documents\GitHub\SWERVE-2024-05-10\data_processed/sites/50122/figures\original\B_measured_NERC.pdf
2026-02-04T17:31:38.162519Z INFO  utilrsw.logger   Plotting '50122/B/calculated/SWMF' original vs. modified data
2026-02-04T17:31:43.443357Z INFO  utilrsw.logger     Writing C:\Users\lwilker\Documents\GitHub\SWERVE-2024-05-10\data_processed/sites/50122/figures\original\B_calculated_SWMF.png
2026-02-04T17:31:45.134615Z INFO  utilrsw.logger     Writing C:\Users\lwilker\Documents\GitHub\SWERVE-2024-05-10\data_processed/sites/50122/figures\original\B_calculated_SWMF.pdf
2026-02-04T17:31:45.889241Z INFO  utilrsw.logger     Writing C:\Users\lwilker\Documents\GitHub\SWERVE-2024-05-10\data_processed/sites/50122/figures\original\B_calculated_SWMF.png
2026-02-04T17:31:47.482826Z INFO  utilrsw.logger     Writing C:\Users\lwilker\Documents\GitHub\SWERVE-2024-05-10\data_processed/sites/50122/figures\original\B_calculated_SWMF.pdf
2026-02-04T17:31:48.345140Z INFO  utilrsw.logger     Writing C:\Users\lwilker\Documents\GitHub\SWERVE-2024-05-10\data_processed/sites/50122/figures\original\B_calculated_SWMF.png
2026-02-04T17:31:49.991114Z INFO  utilrsw.logger     Writing C:\Users\lwilker\Documents\GitHub\SWERVE-2024-05-10\data_processed/sites/50122/figures\original\B_calculated_SWMF.pdf
2026-02-04T17:31:50.476157Z INFO  utilrsw.logger   Plotting '50122/B/calculated/MAGE' original vs. modified data
2026-02-04T17:31:55.361208Z INFO  utilrsw.logger     Writing C:\Users\lwilker\Documents\GitHub\SWERVE-2024-05-10\data_processed/sites/50122/figures\original\B_calculated_MAGE.png
2026-02-04T17:31:57.212130Z INFO  utilrsw.logger     Writing C:\Users\lwilker\Documents\GitHub\SWERVE-2024-05-10\data_processed/sites/50122/figures\original\B_calculated_MAGE.pdf
2026-02-04T17:31:58.124802Z INFO  utilrsw.logger     Writing C:\Users\lwilker\Documents\GitHub\SWERVE-2024-05-10\data_processed/sites/50122/figures\original\B_calculated_MAGE.png
2026-02-04T17:31:59.914736Z INFO  utilrsw.logger     Writing C:\Users\lwilker\Documents\GitHub\SWERVE-2024-05-10\data_processed/sites/50122/figures\original\B_calculated_MAGE.pdf
2026-02-04T17:32:00.698083Z INFO  utilrsw.logger     Writing C:\Users\lwilker\Documents\GitHub\SWERVE-2024-05-10\data_processed/sites/50122/figures\original\B_calculated_MAGE.png
2026-02-04T17:32:02.460728Z INFO  utilrsw.logger     Writing C:\Users\lwilker\Documents\GitHub\SWERVE-2024-05-10\data_processed/sites/50122/figures\original\B_calculated_MAGE.pdf
2026-02-04T17:32:02.962440Z INFO  utilrsw.logger   Plotting '50122/B/calculated/OpenGGCM' original vs. modified data
2026-02-04T17:32:07.545506Z INFO  utilrsw.logger     Writing C:\Users\lwilker\Documents\GitHub\SWERVE-2024-05-10\data_processed/sites/50122/figures\original\B_calculated_OpenGGCM.png
2026-02-04T17:32:09.158038Z INFO  utilrsw.logger     Writing C:\Users\lwilker\Documents\GitHub\SWERVE-2024-05-10\data_processed/sites/50122/figures\original\B_calculated_OpenGGCM.pdf
2026-02-04T17:32:10.396392Z INFO  utilrsw.logger     Writing C:\Users\lwilker\Documents\GitHub\SWERVE-2024-05-10\data_processed/sites/50122/figures\original\B_calculated_OpenGGCM.png
2026-02-04T17:32:12.072420Z INFO  utilrsw.logger     Writing C:\Users\lwilker\Documents\GitHub\SWERVE-2024-05-10\data_processed/sites/50122/figures\original\B_calculated_OpenGGCM.pdf
2026-02-04T17:32:13.040967Z INFO  utilrsw.logger     Writing C:\Users\lwilker\Documents\GitHub\SWERVE-2024-05-10\data_processed/sites/50122/figures\original\B_calculated_OpenGGCM.png
2026-02-04T17:32:14.630252Z INFO  utilrsw.logger     Writing C:\Users\lwilker\Documents\GitHub\SWERVE-2024-05-10\data_processed/sites/50122/figures\original\B_calculated_OpenGGCM.pdf
2026-02-04T17:32:15.062524Z INFO  utilrsw.logger Reading 'Ackerman' data
2026-02-04T17:32:15.064539Z INFO  utilrsw.logger   Reading cached file with all data for site 'Ackerman': C:\Users\lwilker\Documents\GitHub\SWERVE-2024-05-10\data_processed\sites\ackerman\data\_all.pkl
2026-02-04T17:32:15.450154Z INFO  utilrsw.logger Computing stats for 'Ackerman' data
2026-02-04T17:32:16.758856Z INFO  utilrsw.logger   Uniq dts [ns] = [1000000000]
2026-02-04T17:32:16.760867Z INFO  utilrsw.logger   Uniq dts [#]  = 1
2026-02-04T17:32:16.760867Z INFO  utilrsw.logger   Stats for B/measured/TVA:
2026-02-04T17:32:16.762851Z INFO  utilrsw.logger 
    std: [99.45686172 65.35642876 61.05697788 86.20605749]
    ave: [-159.504566    -20.82446504   20.17630194  180.61365833]
    min: [-401.82533333 -246.5035     -223.63283333    5.33232684]
    max: [215.13       176.86733333 353.03783333 436.77612539]
    n: 2341
    n_valid: [2341 2341 2341 2341]
    dt_original: [1000000000]

2026-02-04T17:32:16.768857Z INFO  utilrsw.logger Plotting 'Ackerman' data
2026-02-04T17:32:16.772857Z INFO  utilrsw.logger   Plotting 'Ackerman/B/measured/TVA' original vs. modified data
2026-02-04T17:32:31.129261Z INFO  utilrsw.logger     Writing C:\Users\lwilker\Documents\GitHub\SWERVE-2024-05-10\data_processed/sites/ackerman/figures\original\B_measured_TVA.png
2026-02-04T17:32:32.472196Z INFO  utilrsw.logger     Writing C:\Users\lwilker\Documents\GitHub\SWERVE-2024-05-10\data_processed/sites/ackerman/figures\original\B_measured_TVA.pdf
2026-02-04T17:32:33.795886Z INFO  utilrsw.logger     Writing C:\Users\lwilker\Documents\GitHub\SWERVE-2024-05-10\data_processed/sites/ackerman/figures\original\B_measured_TVA.png
2026-02-04T17:32:35.895530Z INFO  utilrsw.logger     Writing C:\Users\lwilker\Documents\GitHub\SWERVE-2024-05-10\data_processed/sites/ackerman/figures\original\B_measured_TVA.pdf
2026-02-04T17:32:37.335916Z INFO  utilrsw.logger     Writing C:\Users\lwilker\Documents\GitHub\SWERVE-2024-05-10\data_processed/sites/ackerman/figures\original\B_measured_TVA.png
2026-02-04T17:32:38.848159Z INFO  utilrsw.logger     Writing C:\Users\lwilker\Documents\GitHub\SWERVE-2024-05-10\data_processed/sites/ackerman/figures\original\B_measured_TVA.pdf
2026-02-04T17:32:39.388222Z INFO  utilrsw.logger Reading 'Bradley' data
2026-02-04T17:32:39.388222Z INFO  utilrsw.logger   Reading cached file with all data for site 'Bradley': C:\Users\lwilker\Documents\GitHub\SWERVE-2024-05-10\data_processed\sites\bradley\data\_all.pkl
2026-02-04T17:32:39.659105Z INFO  utilrsw.logger Computing stats for 'Bradley' data
2026-02-04T17:32:40.833447Z INFO  utilrsw.logger   Uniq dts [ns] = [1000000000]
2026-02-04T17:32:40.833447Z INFO  utilrsw.logger   Uniq dts [#]  = 1
2026-02-04T17:32:40.833447Z INFO  utilrsw.logger   Stats for GIC/measured/TVA:
2026-02-04T17:32:40.838747Z INFO  utilrsw.logger 
    std: [0.41146138]
    ave: [0.00525623]
    min: [-2.3675]
    max: [1.79466667]
    n: 2341
    n_valid: [2341]
    dt_original: [1000000000]

2026-02-04T17:32:40.838747Z INFO  utilrsw.logger Plotting 'Bradley' data
2026-02-04T17:32:40.846884Z INFO  utilrsw.logger   Plotting 'Bradley/GIC/measured/TVA' original vs. modified data
2026-02-04T17:32:47.176031Z INFO  utilrsw.logger     Writing C:\Users\lwilker\Documents\GitHub\SWERVE-2024-05-10\data_processed/sites/bradley/figures\original\GIC_measured_TVA.png
2026-02-04T17:32:49.928583Z INFO  utilrsw.logger     Writing C:\Users\lwilker\Documents\GitHub\SWERVE-2024-05-10\data_processed/sites/bradley/figures\original\GIC_measured_TVA.pdf
2026-02-04T17:32:50.558306Z INFO  utilrsw.logger Reading 'Bull Run' data
2026-02-04T17:32:50.560322Z INFO  utilrsw.logger   Reading cached file with all data for site 'Bull Run': C:\Users\lwilker\Documents\GitHub\SWERVE-2024-05-10\data_processed\sites\bullrun\data\_all.pkl
2026-02-04T17:32:51.078393Z INFO  utilrsw.logger Computing stats for 'Bull Run' data
2026-02-04T17:32:51.100407Z INFO  utilrsw.logger   Uniq dts [ns] = [60000000000]
2026-02-04T17:32:51.100407Z INFO  utilrsw.logger   Uniq dts [#]  = 1
2026-02-04T17:32:51.101408Z INFO  utilrsw.logger   Stats for GIC/calculated/TVA:
2026-02-04T17:32:51.103407Z INFO  utilrsw.logger 
    std: [2.16720777]
    ave: [0.05611034]
    min: [-23.72226]
    max: [13.504692]
    n: 2341
    n_valid: [2341]
    dt_original: [60000000000]

2026-02-04T17:32:51.117937Z INFO  utilrsw.logger   Uniq dts [ns] = [60000000000]
2026-02-04T17:32:51.118944Z INFO  utilrsw.logger   Uniq dts [#]  = 1
2026-02-04T17:32:51.118944Z INFO  utilrsw.logger   Stats for GIC/calculated/GMU:
2026-02-04T17:32:51.120936Z INFO  utilrsw.logger 
    std: [1.14600731]
    ave: [0.00076002]
    min: [-7.75596276]
    max: [12.44889065]
    n: 2341
    n_valid: [2341]
    dt_original: [60000000000]

2026-02-04T17:32:52.202473Z INFO  utilrsw.logger   Uniq dts [ns] = [1000000000]
2026-02-04T17:32:52.203483Z INFO  utilrsw.logger   Uniq dts [#]  = 1
2026-02-04T17:32:52.203483Z INFO  utilrsw.logger   Stats for GIC/measured/TVA:
2026-02-04T17:32:52.205472Z INFO  utilrsw.logger 
    std: [1.50457092]
    ave: [0.02516667]
    min: [-13.74816667]
    max: [14.058]
    n: 2341
    n_valid: [2341]
    dt_original: [1000000000]

2026-02-04T17:32:52.207478Z WARN  utilrsw.logger   Multiplying measured data by -1 before computing pe.
2026-02-04T17:32:52.208026Z INFO  utilrsw.logger   Metrics for GIC/calculated/TVA:
2026-02-04T17:32:52.210044Z INFO  utilrsw.logger 
    err_rms: [3.57660391]
    err_ave: [-0.03094368]
    err: [[-1.02047433]
 [-0.85186867]
 [-0.54699033]
 ...
 [ 0.32602   ]
 [ 0.25560833]
 [ 0.359745  ]]
    cc: [-0.89406923]
    pe: [0.497947]
    valid: [[ True]
 [ True]
 [ True]
 ...
 [ True]
 [ True]
 [ True]]
    n_valid: [2341]

2026-02-04T17:32:52.212064Z INFO  utilrsw.logger   Metrics for GIC/calculated/GMU:
2026-02-04T17:32:52.214046Z INFO  utilrsw.logger 
    err_rms: [1.08990151]
    err_ave: [0.02440665]
    err: [[-0.54747356]
 [-0.50262306]
 [-0.36674309]
 ...
 [ 0.16000288]
 [ 0.11688719]
 [ 0.16073974]]
    cc: [0.69299052]
    pe: [0.47525394]
    valid: [[ True]
 [ True]
 [ True]
 ...
 [ True]
 [ True]
 [ True]]
    n_valid: [2341]

2026-02-04T17:32:53.569897Z INFO  utilrsw.logger   Uniq dts [ns] = [1000000000]
2026-02-04T17:32:53.570896Z INFO  utilrsw.logger   Uniq dts [#]  = 1
2026-02-04T17:32:53.570896Z INFO  utilrsw.logger   Stats for B/measured/TVA:
2026-02-04T17:32:53.572896Z INFO  utilrsw.logger 
    std: [112.60737207  87.37002496  85.25109861  96.12848236]
    ave: [-160.7941473   -35.00097152    2.59388324  195.4004465 ]
    min: [-513.51933333 -347.238      -286.33733333    5.38685745]
    max: [362.25966667 219.1335     394.95266667 614.62667567]
    n: 2341
    n_valid: [2341 2341 2341 2341]
    dt_original: [1000000000]

2026-02-04T17:32:53.599911Z INFO  utilrsw.logger   Uniq dts [ns] = [60000000000]
2026-02-04T17:32:53.600425Z INFO  utilrsw.logger   Uniq dts [#]  = 1
2026-02-04T17:32:53.601443Z INFO  utilrsw.logger   Stats for B/calculated/SWMF:
2026-02-04T17:32:53.603442Z INFO  utilrsw.logger 
    std: [52.07588216 33.60080371 38.06197528 51.2904056 ]
    ave: [34.70536042  3.19037352 -6.46598555 49.24272871]
    min: [ -50.06910996  -66.51103204 -142.66570389    0.35106959]
    max: [199.42933484 157.34768188  84.84397467 245.20294982]
    n: 2341
    n_valid: [2339 2339 2339 2339]
    dt_original: [60000000000]

2026-02-04T17:32:53.614965Z INFO  utilrsw.logger   Uniq dts [ns] = [60000000000]
2026-02-04T17:32:53.615983Z INFO  utilrsw.logger   Uniq dts [#]  = 1
2026-02-04T17:32:53.616988Z INFO  utilrsw.logger   Stats for B/calculated/MAGE:
2026-02-04T17:32:53.618972Z INFO  utilrsw.logger 
    std: [262.62492466 281.44329642 415.59348559 189.93267717]
    ave: [ 28.4391417   41.07920353 319.03641444 338.53219055]
    min: [ -765.19599373  -696.83843936 -1243.11065594     4.47605483]
    max: [ 624.49875654 1443.40706588 2302.08337995 1455.9417187 ]
    n: 2341
    n_valid: [1980 1980 1980 1980]
    dt_original: [60000000000]

2026-02-04T17:32:53.647158Z INFO  utilrsw.logger   Uniq dts [ns] = [60000000000]
2026-02-04T17:32:53.648121Z INFO  utilrsw.logger   Uniq dts [#]  = 1
2026-02-04T17:32:53.649123Z INFO  utilrsw.logger   Stats for B/calculated/OpenGGCM:
2026-02-04T17:32:53.652121Z INFO  utilrsw.logger 
    std: [ 70.13353227 336.24117049 153.34077044 252.45137908]
    ave: [-66.04533876 100.65270391  52.01360405 262.17950312]
    min: [-271.4975707  -712.12929114 -553.61987557    9.31909696]
    max: [ 169.8041375  1404.67259943  492.46245254 1412.99184908]
    n: 2341
    n_valid: [2341 2341 2341 2341]
    dt_original: [60000000000]

2026-02-04T17:32:53.654120Z WARN  utilrsw.logger   Multiplying measured data by -1 before computing pe.
2026-02-04T17:32:53.658121Z INFO  utilrsw.logger   Metrics for B/calculated/SWMF:
2026-02-04T17:32:53.660120Z INFO  utilrsw.logger 
    err_rms: [235.92083278 101.0203268   81.99610655 168.4453922 ]
    err_ave: [-195.45649225  -38.13327426    9.15257903  146.12100544]
    err: [[ -28.1393392    51.64615784  -19.47652515   52.64892789]
 [ -27.75560298   52.04957568  -19.57018947   52.11850635]
 [ -27.90374209   50.08157897  -18.95560772   48.95039743]
 ...
 [ -99.87229653  -10.1532805    -2.59810537   94.39838141]
 [-101.01940345  -10.56373295   -2.45979656   95.45602347]
 [-100.88083473   -9.70409026   -2.42411311   95.02056639]]
    cc: [-0.17513755  0.00222692  0.31941457  0.4921996 ]
    pe: [-1.30388551 -0.33661777  0.07431293 -2.06843668]
    valid: [[ True  True  True  True]
 [ True  True  True  True]
 [ True  True  True  True]
 ...
 [ True  True  True  True]
 [ True  True  True  True]
 [ True  True  True  True]]
    n_valid: [2339 2339 2339 2339]

2026-02-04T17:32:53.665120Z INFO  utilrsw.logger   Metrics for B/calculated/MAGE:
2026-02-04T17:32:53.667122Z INFO  utilrsw.logger 
    err_rms: [344.10790764 282.5691287  491.6390214  209.78270932]
    err_ave: [-201.97827108  -83.78512558 -318.60756444 -126.27038534]
    err: [[  -7.06688688  117.64054317  160.5635116     3.94578693]
 [  -5.91378697  117.3647032   158.03225528    4.01272802]
 [  -8.4499811   116.35515863  157.46217741    0.89940151]
 ...
 [ -42.30391234   63.16673361 -192.23988634   10.72599104]
 [ -47.64512587   61.16309448 -196.74057978   18.332324  ]
 [ -45.02565439   42.35613783 -197.49144387   27.76941085]]
    cc: [0.082086   0.28649414 0.53504842 0.471952  ]
    pe: [ -7.65102789  -8.55216641 -27.39336705  -3.91024442]
    valid: [[ True  True  True  True]
 [ True  True  True  True]
 [ True  True  True  True]
 ...
 [False False False False]
 [False False False False]
 [False False False False]]
    n_valid: [1980 1980 1980 1980]

2026-02-04T17:32:53.670121Z WARN  utilrsw.logger   Multiplying measured data by -1 before computing pe.
2026-02-04T17:32:53.672119Z WARN  utilrsw.logger   Multiplying measured data by -1 before computing pe.
2026-02-04T17:32:53.674121Z INFO  utilrsw.logger   Metrics for B/calculated/OpenGGCM:
2026-02-04T17:32:53.676122Z INFO  utilrsw.logger 
    err_rms: [143.36730723 398.47327387 218.50671544 258.35172077]
    err_ave: [ -94.74880854 -135.65367543  -49.41972081  -66.77905662]
    err: [[  26.61524015  205.64814212 -153.84246983  -89.99132553]
 [  28.4349565   203.49922285 -158.23091596  -88.36921431]
 [  30.87387853  196.04230026 -156.99647566  -86.55023797]
 ...
 [  -6.67353935   53.23480161  -96.91785278  -12.29996705]
 [  -7.30486656   62.95224843  -96.95254813  -17.53600746]
 [  -6.04055604   73.73156168  -96.07238901  -24.9800854 ]]
    cc: [ 0.38127536 -0.33507704 -0.55543196  0.220173  ]
    pe: [ -0.62093877 -12.79630815  -1.64750241  -6.22301547]
    valid: [[ True  True  True  True]
 [ True  True  True  True]
 [ True  True  True  True]
 ...
 [ True  True  True  True]
 [ True  True  True  True]
 [ True  True  True  True]]
    n_valid: [2341 2341 2341 2341]

2026-02-04T17:32:53.709955Z INFO  utilrsw.logger Plotting 'Bull Run' data
2026-02-04T17:32:53.714972Z INFO  utilrsw.logger   Plotting all 'Bull Run/GIC' calculated vs. measured data as timeseries
2026-02-04T17:32:55.355934Z INFO  utilrsw.logger     Writing C:\Users\lwilker\Documents\GitHub\SWERVE-2024-05-10\data_processed/sites/bullrun/figures\compare\GIC_calculated_all_vs_measured_timeseries.png
2026-02-04T17:32:57.002388Z INFO  utilrsw.logger     Writing C:\Users\lwilker\Documents\GitHub\SWERVE-2024-05-10\data_processed/sites/bullrun/figures\compare\GIC_calculated_all_vs_measured_timeseries.pdf
2026-02-04T17:32:57.658498Z INFO  utilrsw.logger     Writing C:\Users\lwilker\Documents\GitHub\2024-May-Storm-paper\figures\_processed\bullrun\GIC_compare_timeseries.pdf
2026-02-04T17:32:58.306597Z INFO  utilrsw.logger   Plotting all 'Bull Run/GIC' calculated vs. measured data as timeseries
2026-02-04T17:33:00.148754Z INFO  utilrsw.logger     Writing C:\Users\lwilker\Documents\GitHub\SWERVE-2024-05-10\data_processed/sites/bullrun/figures\compare\GIC_calculated_all_vs_measured_timeseries.png
2026-02-04T17:33:01.872270Z INFO  utilrsw.logger     Writing C:\Users\lwilker\Documents\GitHub\SWERVE-2024-05-10\data_processed/sites/bullrun/figures\compare\GIC_calculated_all_vs_measured_timeseries.pdf
2026-02-04T17:33:02.432449Z INFO  utilrsw.logger     Writing C:\Users\lwilker\Documents\GitHub\2024-May-Storm-paper\figures\_processed\bullrun\GIC_compare_timeseries.pdf
2026-02-04T17:33:02.978596Z INFO  utilrsw.logger   Plotting 'Bull Run/GIC/TVA' vs. measured data as timeseries
2026-02-04T17:33:04.357156Z INFO  utilrsw.logger     Writing C:\Users\lwilker\Documents\GitHub\SWERVE-2024-05-10\data_processed/sites/bullrun/figures\compare\GIC_calculated_TVA_vs_measured_timeseries.png
2026-02-04T17:33:06.024601Z INFO  utilrsw.logger     Writing C:\Users\lwilker\Documents\GitHub\SWERVE-2024-05-10\data_processed/sites/bullrun/figures\compare\GIC_calculated_TVA_vs_measured_timeseries.pdf
2026-02-04T17:33:06.518795Z INFO  utilrsw.logger   Plotting 'Bull Run/GIC/GMU' vs. measured data as timeseries
2026-02-04T17:33:08.433566Z INFO  utilrsw.logger     Writing C:\Users\lwilker\Documents\GitHub\SWERVE-2024-05-10\data_processed/sites/bullrun/figures\compare\GIC_calculated_GMU_vs_measured_timeseries.png
2026-02-04T17:33:09.946020Z INFO  utilrsw.logger     Writing C:\Users\lwilker\Documents\GitHub\SWERVE-2024-05-10\data_processed/sites/bullrun/figures\compare\GIC_calculated_GMU_vs_measured_timeseries.pdf
2026-02-04T17:33:10.451351Z INFO  utilrsw.logger   Plotting all 'Bull Run/GIC' calculated vs. measured data as scatter
2026-02-04T17:33:11.316354Z INFO  utilrsw.logger     Writing C:\Users\lwilker\Documents\GitHub\SWERVE-2024-05-10\data_processed/sites/bullrun/figures\compare\GIC_calculated_all_vs_measured_scatter.png
2026-02-04T17:33:12.784801Z INFO  utilrsw.logger     Writing C:\Users\lwilker\Documents\GitHub\SWERVE-2024-05-10\data_processed/sites/bullrun/figures\compare\GIC_calculated_all_vs_measured_scatter.pdf
2026-02-04T17:33:13.517838Z INFO  utilrsw.logger     Writing C:\Users\lwilker\Documents\GitHub\2024-May-Storm-paper\figures\_processed\bullrun\GIC_compare_scatter.pdf
2026-02-04T17:33:14.275488Z INFO  utilrsw.logger   Plotting all 'Bull Run/GIC' calculated vs. measured data as scatter
2026-02-04T17:33:15.085725Z INFO  utilrsw.logger     Writing C:\Users\lwilker\Documents\GitHub\SWERVE-2024-05-10\data_processed/sites/bullrun/figures\compare\GIC_calculated_all_vs_measured_scatter.png
2026-02-04T17:33:16.776783Z INFO  utilrsw.logger     Writing C:\Users\lwilker\Documents\GitHub\SWERVE-2024-05-10\data_processed/sites/bullrun/figures\compare\GIC_calculated_all_vs_measured_scatter.pdf
2026-02-04T17:33:17.703197Z INFO  utilrsw.logger     Writing C:\Users\lwilker\Documents\GitHub\2024-May-Storm-paper\figures\_processed\bullrun\GIC_compare_scatter.pdf
2026-02-04T17:33:18.488705Z INFO  utilrsw.logger   Plotting 'Bull Run/GIC/TVA' vs. measured data as scatter
2026-02-04T17:33:19.328978Z INFO  utilrsw.logger     Writing C:\Users\lwilker\Documents\GitHub\SWERVE-2024-05-10\data_processed/sites/bullrun/figures\compare\GIC_calculated_TVA_vs_measured_scatter.png
2026-02-04T17:33:20.719142Z INFO  utilrsw.logger     Writing C:\Users\lwilker\Documents\GitHub\SWERVE-2024-05-10\data_processed/sites/bullrun/figures\compare\GIC_calculated_TVA_vs_measured_scatter.pdf
2026-02-04T17:33:21.250679Z INFO  utilrsw.logger   Plotting 'Bull Run/GIC/GMU' vs. measured data as scatter
2026-02-04T17:33:22.081109Z INFO  utilrsw.logger     Writing C:\Users\lwilker\Documents\GitHub\SWERVE-2024-05-10\data_processed/sites/bullrun/figures\compare\GIC_calculated_GMU_vs_measured_scatter.png
2026-02-04T17:33:23.770565Z INFO  utilrsw.logger     Writing C:\Users\lwilker\Documents\GitHub\SWERVE-2024-05-10\data_processed/sites/bullrun/figures\compare\GIC_calculated_GMU_vs_measured_scatter.pdf
2026-02-04T17:33:24.581399Z INFO  utilrsw.logger   Plotting 'Bull Run/GIC/calculated/TVA' original vs. modified data
2026-02-04T17:33:26.525325Z INFO  utilrsw.logger     Writing C:\Users\lwilker\Documents\GitHub\SWERVE-2024-05-10\data_processed/sites/bullrun/figures\original\GIC_calculated_TVA.png
2026-02-04T17:33:28.492806Z INFO  utilrsw.logger     Writing C:\Users\lwilker\Documents\GitHub\SWERVE-2024-05-10\data_processed/sites/bullrun/figures\original\GIC_calculated_TVA.pdf
2026-02-04T17:33:29.130358Z INFO  utilrsw.logger   Plotting 'Bull Run/GIC/calculated/GMU' original vs. modified data
2026-02-04T17:33:30.587300Z INFO  utilrsw.logger     Writing C:\Users\lwilker\Documents\GitHub\SWERVE-2024-05-10\data_processed/sites/bullrun/figures\original\GIC_calculated_GMU.png
2026-02-04T17:33:32.449782Z INFO  utilrsw.logger     Writing C:\Users\lwilker\Documents\GitHub\SWERVE-2024-05-10\data_processed/sites/bullrun/figures\original\GIC_calculated_GMU.pdf
2026-02-04T17:33:32.924823Z INFO  utilrsw.logger   Plotting 'Bull Run/GIC/measured/TVA' original vs. modified data
2026-02-04T17:33:38.276822Z INFO  utilrsw.logger     Writing C:\Users\lwilker\Documents\GitHub\SWERVE-2024-05-10\data_processed/sites/bullrun/figures\original\GIC_measured_TVA.png
2026-02-04T17:33:40.507821Z INFO  utilrsw.logger     Writing C:\Users\lwilker\Documents\GitHub\SWERVE-2024-05-10\data_processed/sites/bullrun/figures\original\GIC_measured_TVA.pdf
2026-02-04T17:33:41.032296Z INFO  utilrsw.logger   Plotting 'Bull Run/B/calculated/MAGE/raw' data
2026-02-04T17:33:45.214410Z INFO  utilrsw.logger     Writing C:\Users\lwilker\Documents\GitHub\SWERVE-2024-05-10\data_processed/sites/bullrun/figures\raw\B_calculated_MAGE.png
2026-02-04T17:33:46.019285Z INFO  utilrsw.logger     Writing C:\Users\lwilker\Documents\GitHub\SWERVE-2024-05-10\data_processed/sites/bullrun/figures\raw\B_calculated_MAGE.pdf
2026-02-04T17:33:46.019285Z INFO  utilrsw.logger   Plotting 'Bull Run/B/calculated/MAGE/raw' to compare dBn with dBt and dBp
2026-02-04T17:33:47.881782Z INFO  utilrsw.logger     Writing C:\Users\lwilker\Documents\GitHub\SWERVE-2024-05-10\data_processed/sites/bullrun/figures\raw\B_calculated_MAGE_compare_dBn_dBt_dBp.png
2026-02-04T17:33:50.070459Z INFO  utilrsw.logger     Writing C:\Users\lwilker\Documents\GitHub\SWERVE-2024-05-10\data_processed/sites/bullrun/figures\raw\B_calculated_MAGE_compare_dBn_dBt_dBp.pdf
2026-02-04T17:33:51.173696Z INFO  utilrsw.logger   Plotting all 'Bull Run/B' calculated vs. measured data as timeseries
2026-02-04T17:33:55.912601Z INFO  utilrsw.logger     Writing C:\Users\lwilker\Documents\GitHub\SWERVE-2024-05-10\data_processed/sites/bullrun/figures\compare\Bx_calculated_all_vs_measured_timeseries.png
2026-02-04T17:33:57.797919Z INFO  utilrsw.logger     Writing C:\Users\lwilker\Documents\GitHub\SWERVE-2024-05-10\data_processed/sites/bullrun/figures\compare\Bx_calculated_all_vs_measured_timeseries.pdf
2026-02-04T17:33:58.980493Z INFO  utilrsw.logger     Writing C:\Users\lwilker\Documents\GitHub\SWERVE-2024-05-10\data_processed/sites/bullrun/figures\compare\By_calculated_all_vs_measured_timeseries.png
2026-02-04T17:34:00.562632Z INFO  utilrsw.logger     Writing C:\Users\lwilker\Documents\GitHub\SWERVE-2024-05-10\data_processed/sites/bullrun/figures\compare\By_calculated_all_vs_measured_timeseries.pdf
2026-02-04T17:34:01.755780Z INFO  utilrsw.logger     Writing C:\Users\lwilker\Documents\GitHub\SWERVE-2024-05-10\data_processed/sites/bullrun/figures\compare\Bz_calculated_all_vs_measured_timeseries.png
2026-02-04T17:34:03.473136Z INFO  utilrsw.logger     Writing C:\Users\lwilker\Documents\GitHub\SWERVE-2024-05-10\data_processed/sites/bullrun/figures\compare\Bz_calculated_all_vs_measured_timeseries.pdf
2026-02-04T17:34:04.577131Z INFO  utilrsw.logger     Writing C:\Users\lwilker\Documents\GitHub\SWERVE-2024-05-10\data_processed/sites/bullrun/figures\compare\B_H_calculated_all_vs_measured_timeseries.png
2026-02-04T17:34:06.575381Z INFO  utilrsw.logger     Writing C:\Users\lwilker\Documents\GitHub\SWERVE-2024-05-10\data_processed/sites/bullrun/figures\compare\B_H_calculated_all_vs_measured_timeseries.pdf
2026-02-04T17:34:07.275917Z INFO  utilrsw.logger     Writing C:\Users\lwilker\Documents\GitHub\2024-May-Storm-paper\figures\_processed\bullrun\B_compare_timeseries.pdf
2026-02-04T17:34:07.946533Z INFO  utilrsw.logger   Plotting all 'Bull Run/B' calculated vs. measured data as timeseries
2026-02-04T17:34:13.962336Z INFO  utilrsw.logger     Writing C:\Users\lwilker\Documents\GitHub\SWERVE-2024-05-10\data_processed/sites/bullrun/figures\compare\Bx_calculated_all_vs_measured_timeseries.png
2026-02-04T17:34:15.857618Z INFO  utilrsw.logger     Writing C:\Users\lwilker\Documents\GitHub\SWERVE-2024-05-10\data_processed/sites/bullrun/figures\compare\Bx_calculated_all_vs_measured_timeseries.pdf
2026-02-04T17:34:17.442599Z INFO  utilrsw.logger     Writing C:\Users\lwilker\Documents\GitHub\SWERVE-2024-05-10\data_processed/sites/bullrun/figures\compare\By_calculated_all_vs_measured_timeseries.png
2026-02-04T17:34:19.207381Z INFO  utilrsw.logger     Writing C:\Users\lwilker\Documents\GitHub\SWERVE-2024-05-10\data_processed/sites/bullrun/figures\compare\By_calculated_all_vs_measured_timeseries.pdf
2026-02-04T17:34:19.936743Z INFO  utilrsw.logger     Writing C:\Users\lwilker\Documents\GitHub\SWERVE-2024-05-10\data_processed/sites/bullrun/figures\compare\Bz_calculated_all_vs_measured_timeseries.png
2026-02-04T17:34:21.456352Z INFO  utilrsw.logger     Writing C:\Users\lwilker\Documents\GitHub\SWERVE-2024-05-10\data_processed/sites/bullrun/figures\compare\Bz_calculated_all_vs_measured_timeseries.pdf
2026-02-04T17:34:22.519617Z INFO  utilrsw.logger     Writing C:\Users\lwilker\Documents\GitHub\SWERVE-2024-05-10\data_processed/sites/bullrun/figures\compare\B_H_calculated_all_vs_measured_timeseries.png
2026-02-04T17:34:24.505073Z INFO  utilrsw.logger     Writing C:\Users\lwilker\Documents\GitHub\SWERVE-2024-05-10\data_processed/sites/bullrun/figures\compare\B_H_calculated_all_vs_measured_timeseries.pdf
2026-02-04T17:34:25.271143Z INFO  utilrsw.logger     Writing C:\Users\lwilker\Documents\GitHub\2024-May-Storm-paper\figures\_processed\bullrun\B_compare_timeseries.pdf
2026-02-04T17:34:25.998906Z INFO  utilrsw.logger   Plotting 'Bull Run/B/SWMF' vs. measured data as timeseries
2026-02-04T17:34:32.086072Z INFO  utilrsw.logger     Writing C:\Users\lwilker\Documents\GitHub\SWERVE-2024-05-10\data_processed/sites/bullrun/figures\compare\Bx_calculated_SWMF_vs_measured_timeseries.png
2026-02-04T17:34:33.842620Z INFO  utilrsw.logger     Writing C:\Users\lwilker\Documents\GitHub\SWERVE-2024-05-10\data_processed/sites/bullrun/figures\compare\Bx_calculated_SWMF_vs_measured_timeseries.pdf
2026-02-04T17:34:34.906262Z INFO  utilrsw.logger     Writing C:\Users\lwilker\Documents\GitHub\SWERVE-2024-05-10\data_processed/sites/bullrun/figures\compare\By_calculated_SWMF_vs_measured_timeseries.png
2026-02-04T17:34:36.406170Z INFO  utilrsw.logger     Writing C:\Users\lwilker\Documents\GitHub\SWERVE-2024-05-10\data_processed/sites/bullrun/figures\compare\By_calculated_SWMF_vs_measured_timeseries.pdf
2026-02-04T17:34:37.115684Z INFO  utilrsw.logger     Writing C:\Users\lwilker\Documents\GitHub\SWERVE-2024-05-10\data_processed/sites/bullrun/figures\compare\Bz_calculated_SWMF_vs_measured_timeseries.png
2026-02-04T17:34:38.894304Z INFO  utilrsw.logger     Writing C:\Users\lwilker\Documents\GitHub\SWERVE-2024-05-10\data_processed/sites/bullrun/figures\compare\Bz_calculated_SWMF_vs_measured_timeseries.pdf
2026-02-04T17:34:39.930106Z INFO  utilrsw.logger     Writing C:\Users\lwilker\Documents\GitHub\SWERVE-2024-05-10\data_processed/sites/bullrun/figures\compare\B_H_calculated_SWMF_vs_measured_timeseries.png
2026-02-04T17:34:41.745615Z INFO  utilrsw.logger     Writing C:\Users\lwilker\Documents\GitHub\SWERVE-2024-05-10\data_processed/sites/bullrun/figures\compare\B_H_calculated_SWMF_vs_measured_timeseries.pdf
2026-02-04T17:34:42.522426Z INFO  utilrsw.logger   Plotting 'Bull Run/B/MAGE' vs. measured data as timeseries
2026-02-04T17:34:49.490473Z INFO  utilrsw.logger     Writing C:\Users\lwilker\Documents\GitHub\SWERVE-2024-05-10\data_processed/sites/bullrun/figures\compare\Bx_calculated_MAGE_vs_measured_timeseries.png
2026-02-04T17:34:51.457196Z INFO  utilrsw.logger     Writing C:\Users\lwilker\Documents\GitHub\SWERVE-2024-05-10\data_processed/sites/bullrun/figures\compare\Bx_calculated_MAGE_vs_measured_timeseries.pdf
2026-02-04T17:34:52.321601Z INFO  utilrsw.logger     Writing C:\Users\lwilker\Documents\GitHub\SWERVE-2024-05-10\data_processed/sites/bullrun/figures\compare\By_calculated_MAGE_vs_measured_timeseries.png
2026-02-04T17:34:54.274452Z INFO  utilrsw.logger     Writing C:\Users\lwilker\Documents\GitHub\SWERVE-2024-05-10\data_processed/sites/bullrun/figures\compare\By_calculated_MAGE_vs_measured_timeseries.pdf
2026-02-04T17:34:55.289685Z INFO  utilrsw.logger     Writing C:\Users\lwilker\Documents\GitHub\SWERVE-2024-05-10\data_processed/sites/bullrun/figures\compare\Bz_calculated_MAGE_vs_measured_timeseries.png
2026-02-04T17:34:56.968656Z INFO  utilrsw.logger     Writing C:\Users\lwilker\Documents\GitHub\SWERVE-2024-05-10\data_processed/sites/bullrun/figures\compare\Bz_calculated_MAGE_vs_measured_timeseries.pdf
2026-02-04T17:34:57.799806Z INFO  utilrsw.logger     Writing C:\Users\lwilker\Documents\GitHub\SWERVE-2024-05-10\data_processed/sites/bullrun/figures\compare\B_H_calculated_MAGE_vs_measured_timeseries.png
2026-02-04T17:34:59.405041Z INFO  utilrsw.logger     Writing C:\Users\lwilker\Documents\GitHub\SWERVE-2024-05-10\data_processed/sites/bullrun/figures\compare\B_H_calculated_MAGE_vs_measured_timeseries.pdf
2026-02-04T17:34:59.945440Z INFO  utilrsw.logger   Plotting 'Bull Run/B/OpenGGCM' vs. measured data as timeseries
2026-02-04T17:35:05.770271Z INFO  utilrsw.logger     Writing C:\Users\lwilker\Documents\GitHub\SWERVE-2024-05-10\data_processed/sites/bullrun/figures\compare\Bx_calculated_OpenGGCM_vs_measured_timeseries.png
2026-02-04T17:35:07.526740Z INFO  utilrsw.logger     Writing C:\Users\lwilker\Documents\GitHub\SWERVE-2024-05-10\data_processed/sites/bullrun/figures\compare\Bx_calculated_OpenGGCM_vs_measured_timeseries.pdf
2026-02-04T17:35:08.464842Z INFO  utilrsw.logger     Writing C:\Users\lwilker\Documents\GitHub\SWERVE-2024-05-10\data_processed/sites/bullrun/figures\compare\By_calculated_OpenGGCM_vs_measured_timeseries.png
2026-02-04T17:35:10.017854Z INFO  utilrsw.logger     Writing C:\Users\lwilker\Documents\GitHub\SWERVE-2024-05-10\data_processed/sites/bullrun/figures\compare\By_calculated_OpenGGCM_vs_measured_timeseries.pdf
2026-02-04T17:35:11.119585Z INFO  utilrsw.logger     Writing C:\Users\lwilker\Documents\GitHub\SWERVE-2024-05-10\data_processed/sites/bullrun/figures\compare\Bz_calculated_OpenGGCM_vs_measured_timeseries.png
2026-02-04T17:35:12.859738Z INFO  utilrsw.logger     Writing C:\Users\lwilker\Documents\GitHub\SWERVE-2024-05-10\data_processed/sites/bullrun/figures\compare\Bz_calculated_OpenGGCM_vs_measured_timeseries.pdf
2026-02-04T17:35:13.738853Z INFO  utilrsw.logger     Writing C:\Users\lwilker\Documents\GitHub\SWERVE-2024-05-10\data_processed/sites/bullrun/figures\compare\B_H_calculated_OpenGGCM_vs_measured_timeseries.png
2026-02-04T17:35:15.594895Z INFO  utilrsw.logger     Writing C:\Users\lwilker\Documents\GitHub\SWERVE-2024-05-10\data_processed/sites/bullrun/figures\compare\B_H_calculated_OpenGGCM_vs_measured_timeseries.pdf
2026-02-04T17:35:16.259856Z INFO  utilrsw.logger   Plotting all 'Bull Run/B' calculated vs. measured data as scatter
2026-02-04T17:35:20.325603Z INFO  utilrsw.logger     Writing C:\Users\lwilker\Documents\GitHub\SWERVE-2024-05-10\data_processed/sites/bullrun/figures\compare\Bx_calculated_all_vs_measured_scatter.png
2026-02-04T17:35:21.954619Z INFO  utilrsw.logger     Writing C:\Users\lwilker\Documents\GitHub\SWERVE-2024-05-10\data_processed/sites/bullrun/figures\compare\Bx_calculated_all_vs_measured_scatter.pdf
2026-02-04T17:35:23.052963Z INFO  utilrsw.logger     Writing C:\Users\lwilker\Documents\GitHub\SWERVE-2024-05-10\data_processed/sites/bullrun/figures\compare\By_calculated_all_vs_measured_scatter.png
2026-02-04T17:35:24.639609Z INFO  utilrsw.logger     Writing C:\Users\lwilker\Documents\GitHub\SWERVE-2024-05-10\data_processed/sites/bullrun/figures\compare\By_calculated_all_vs_measured_scatter.pdf
2026-02-04T17:35:26.179415Z INFO  utilrsw.logger     Writing C:\Users\lwilker\Documents\GitHub\SWERVE-2024-05-10\data_processed/sites/bullrun/figures\compare\Bz_calculated_all_vs_measured_scatter.png
2026-02-04T17:35:28.149414Z INFO  utilrsw.logger     Writing C:\Users\lwilker\Documents\GitHub\SWERVE-2024-05-10\data_processed/sites/bullrun/figures\compare\Bz_calculated_all_vs_measured_scatter.pdf
2026-02-04T17:35:29.798205Z INFO  utilrsw.logger     Writing C:\Users\lwilker\Documents\GitHub\SWERVE-2024-05-10\data_processed/sites/bullrun/figures\compare\B_H_calculated_all_vs_measured_scatter.png
2026-02-04T17:35:31.665844Z INFO  utilrsw.logger     Writing C:\Users\lwilker\Documents\GitHub\SWERVE-2024-05-10\data_processed/sites/bullrun/figures\compare\B_H_calculated_all_vs_measured_scatter.pdf
2026-02-04T17:35:32.891718Z INFO  utilrsw.logger     Writing C:\Users\lwilker\Documents\GitHub\2024-May-Storm-paper\figures\_processed\bullrun\B_compare_scatter.pdf
2026-02-04T17:35:34.036809Z INFO  utilrsw.logger   Plotting all 'Bull Run/B' calculated vs. measured data as scatter
2026-02-04T17:35:38.354976Z INFO  utilrsw.logger     Writing C:\Users\lwilker\Documents\GitHub\SWERVE-2024-05-10\data_processed/sites/bullrun/figures\compare\Bx_calculated_all_vs_measured_scatter.png
2026-02-04T17:35:40.013600Z INFO  utilrsw.logger     Writing C:\Users\lwilker\Documents\GitHub\SWERVE-2024-05-10\data_processed/sites/bullrun/figures\compare\Bx_calculated_all_vs_measured_scatter.pdf
2026-02-04T17:35:41.596686Z INFO  utilrsw.logger     Writing C:\Users\lwilker\Documents\GitHub\SWERVE-2024-05-10\data_processed/sites/bullrun/figures\compare\By_calculated_all_vs_measured_scatter.png
2026-02-04T17:35:43.512293Z INFO  utilrsw.logger     Writing C:\Users\lwilker\Documents\GitHub\SWERVE-2024-05-10\data_processed/sites/bullrun/figures\compare\By_calculated_all_vs_measured_scatter.pdf
2026-02-04T17:35:45.025007Z INFO  utilrsw.logger     Writing C:\Users\lwilker\Documents\GitHub\SWERVE-2024-05-10\data_processed/sites/bullrun/figures\compare\Bz_calculated_all_vs_measured_scatter.png
2026-02-04T17:35:46.666152Z INFO  utilrsw.logger     Writing C:\Users\lwilker\Documents\GitHub\SWERVE-2024-05-10\data_processed/sites/bullrun/figures\compare\Bz_calculated_all_vs_measured_scatter.pdf
2026-02-04T17:35:48.143434Z INFO  utilrsw.logger     Writing C:\Users\lwilker\Documents\GitHub\SWERVE-2024-05-10\data_processed/sites/bullrun/figures\compare\B_H_calculated_all_vs_measured_scatter.png
2026-02-04T17:35:50.046834Z INFO  utilrsw.logger     Writing C:\Users\lwilker\Documents\GitHub\SWERVE-2024-05-10\data_processed/sites/bullrun/figures\compare\B_H_calculated_all_vs_measured_scatter.pdf
2026-02-04T17:35:51.080969Z INFO  utilrsw.logger     Writing C:\Users\lwilker\Documents\GitHub\2024-May-Storm-paper\figures\_processed\bullrun\B_compare_scatter.pdf
2026-02-04T17:35:52.087984Z INFO  utilrsw.logger   Plotting 'Bull Run/B/SWMF' vs. measured data as scatter
2026-02-04T17:35:55.802183Z INFO  utilrsw.logger     Writing C:\Users\lwilker\Documents\GitHub\SWERVE-2024-05-10\data_processed/sites/bullrun/figures\compare\Bx_calculated_SWMF_vs_measured_scatter.png
2026-02-04T17:35:57.188529Z INFO  utilrsw.logger     Writing C:\Users\lwilker\Documents\GitHub\SWERVE-2024-05-10\data_processed/sites/bullrun/figures\compare\Bx_calculated_SWMF_vs_measured_scatter.pdf
2026-02-04T17:35:57.971048Z INFO  utilrsw.logger     Writing C:\Users\lwilker\Documents\GitHub\SWERVE-2024-05-10\data_processed/sites/bullrun/figures\compare\By_calculated_SWMF_vs_measured_scatter.png
2026-02-04T17:35:59.389984Z INFO  utilrsw.logger     Writing C:\Users\lwilker\Documents\GitHub\SWERVE-2024-05-10\data_processed/sites/bullrun/figures\compare\By_calculated_SWMF_vs_measured_scatter.pdf
2026-02-04T17:36:00.145836Z INFO  utilrsw.logger     Writing C:\Users\lwilker\Documents\GitHub\SWERVE-2024-05-10\data_processed/sites/bullrun/figures\compare\Bz_calculated_SWMF_vs_measured_scatter.png
2026-02-04T17:36:01.613921Z INFO  utilrsw.logger     Writing C:\Users\lwilker\Documents\GitHub\SWERVE-2024-05-10\data_processed/sites/bullrun/figures\compare\Bz_calculated_SWMF_vs_measured_scatter.pdf
2026-02-04T17:36:02.518895Z INFO  utilrsw.logger     Writing C:\Users\lwilker\Documents\GitHub\SWERVE-2024-05-10\data_processed/sites/bullrun/figures\compare\B_H_calculated_SWMF_vs_measured_scatter.png
2026-02-04T17:36:04.041692Z INFO  utilrsw.logger     Writing C:\Users\lwilker\Documents\GitHub\SWERVE-2024-05-10\data_processed/sites/bullrun/figures\compare\B_H_calculated_SWMF_vs_measured_scatter.pdf
2026-02-04T17:36:04.649095Z INFO  utilrsw.logger   Plotting 'Bull Run/B/MAGE' vs. measured data as scatter
2026-02-04T17:36:07.771864Z INFO  utilrsw.logger     Writing C:\Users\lwilker\Documents\GitHub\SWERVE-2024-05-10\data_processed/sites/bullrun/figures\compare\Bx_calculated_MAGE_vs_measured_scatter.png
2026-02-04T17:36:09.213463Z INFO  utilrsw.logger     Writing C:\Users\lwilker\Documents\GitHub\SWERVE-2024-05-10\data_processed/sites/bullrun/figures\compare\Bx_calculated_MAGE_vs_measured_scatter.pdf
2026-02-04T17:36:10.442689Z INFO  utilrsw.logger     Writing C:\Users\lwilker\Documents\GitHub\SWERVE-2024-05-10\data_processed/sites/bullrun/figures\compare\By_calculated_MAGE_vs_measured_scatter.png
2026-02-04T17:36:11.840101Z INFO  utilrsw.logger     Writing C:\Users\lwilker\Documents\GitHub\SWERVE-2024-05-10\data_processed/sites/bullrun/figures\compare\By_calculated_MAGE_vs_measured_scatter.pdf
2026-02-04T17:36:12.563894Z INFO  utilrsw.logger     Writing C:\Users\lwilker\Documents\GitHub\SWERVE-2024-05-10\data_processed/sites/bullrun/figures\compare\Bz_calculated_MAGE_vs_measured_scatter.png
2026-02-04T17:36:13.986974Z INFO  utilrsw.logger     Writing C:\Users\lwilker\Documents\GitHub\SWERVE-2024-05-10\data_processed/sites/bullrun/figures\compare\Bz_calculated_MAGE_vs_measured_scatter.pdf
2026-02-04T17:36:14.770240Z INFO  utilrsw.logger     Writing C:\Users\lwilker\Documents\GitHub\SWERVE-2024-05-10\data_processed/sites/bullrun/figures\compare\B_H_calculated_MAGE_vs_measured_scatter.png
2026-02-04T17:36:16.201459Z INFO  utilrsw.logger     Writing C:\Users\lwilker\Documents\GitHub\SWERVE-2024-05-10\data_processed/sites/bullrun/figures\compare\B_H_calculated_MAGE_vs_measured_scatter.pdf
2026-02-04T17:36:16.819477Z INFO  utilrsw.logger   Plotting 'Bull Run/B/OpenGGCM' vs. measured data as scatter
2026-02-04T17:36:19.805854Z INFO  utilrsw.logger     Writing C:\Users\lwilker\Documents\GitHub\SWERVE-2024-05-10\data_processed/sites/bullrun/figures\compare\Bx_calculated_OpenGGCM_vs_measured_scatter.png
2026-02-04T17:36:21.192383Z INFO  utilrsw.logger     Writing C:\Users\lwilker\Documents\GitHub\SWERVE-2024-05-10\data_processed/sites/bullrun/figures\compare\Bx_calculated_OpenGGCM_vs_measured_scatter.pdf
2026-02-04T17:36:21.940730Z INFO  utilrsw.logger     Writing C:\Users\lwilker\Documents\GitHub\SWERVE-2024-05-10\data_processed/sites/bullrun/figures\compare\By_calculated_OpenGGCM_vs_measured_scatter.png
2026-02-04T17:36:23.634190Z INFO  utilrsw.logger     Writing C:\Users\lwilker\Documents\GitHub\SWERVE-2024-05-10\data_processed/sites/bullrun/figures\compare\By_calculated_OpenGGCM_vs_measured_scatter.pdf
2026-02-04T17:42:46.625601Z INFO  utilrsw.logger     Writing C:\Users\lwilker\Documents\GitHub\SWERVE-2024-05-10\data_processed/sites/bullrun/figures\compare\Bz_calculated_OpenGGCM_vs_measured_scatter.png
2026-02-04T17:42:47.409260Z INFO  utilrsw.logger     Writing C:\Users\lwilker\Documents\GitHub\SWERVE-2024-05-10\data_processed/sites/bullrun/figures\compare\Bz_calculated_OpenGGCM_vs_measured_scatter.pdf
2026-02-04T17:42:47.819956Z INFO  utilrsw.logger     Writing C:\Users\lwilker\Documents\GitHub\SWERVE-2024-05-10\data_processed/sites/bullrun/figures\compare\B_H_calculated_OpenGGCM_vs_measured_scatter.png
2026-02-04T17:42:48.451965Z INFO  utilrsw.logger     Writing C:\Users\lwilker\Documents\GitHub\SWERVE-2024-05-10\data_processed/sites/bullrun/figures\compare\B_H_calculated_OpenGGCM_vs_measured_scatter.pdf
2026-02-04T17:42:48.702239Z INFO  utilrsw.logger   Plotting 'Bull Run/B/measured/TVA' original vs. modified data
2026-02-04T17:43:00.791483Z INFO  utilrsw.logger     Writing C:\Users\lwilker\Documents\GitHub\SWERVE-2024-05-10\data_processed/sites/bullrun/figures\original\B_measured_TVA.png
2026-02-04T17:43:02.367947Z INFO  utilrsw.logger     Writing C:\Users\lwilker\Documents\GitHub\SWERVE-2024-05-10\data_processed/sites/bullrun/figures\original\B_measured_TVA.pdf
2026-02-04T17:43:04.023035Z INFO  utilrsw.logger     Writing C:\Users\lwilker\Documents\GitHub\SWERVE-2024-05-10\data_processed/sites/bullrun/figures\original\B_measured_TVA.png
2026-02-04T17:43:06.038390Z INFO  utilrsw.logger     Writing C:\Users\lwilker\Documents\GitHub\SWERVE-2024-05-10\data_processed/sites/bullrun/figures\original\B_measured_TVA.pdf
2026-02-04T17:43:08.178361Z INFO  utilrsw.logger     Writing C:\Users\lwilker\Documents\GitHub\SWERVE-2024-05-10\data_processed/sites/bullrun/figures\original\B_measured_TVA.png
2026-02-04T17:43:09.457381Z INFO  utilrsw.logger     Writing C:\Users\lwilker\Documents\GitHub\SWERVE-2024-05-10\data_processed/sites/bullrun/figures\original\B_measured_TVA.pdf
2026-02-04T17:43:09.961199Z INFO  utilrsw.logger   Plotting 'Bull Run/B/calculated/SWMF' original vs. modified data
2026-02-04T17:43:15.240972Z INFO  utilrsw.logger     Writing C:\Users\lwilker\Documents\GitHub\SWERVE-2024-05-10\data_processed/sites/bullrun/figures\original\B_calculated_SWMF.png
2026-02-04T17:43:16.886266Z INFO  utilrsw.logger     Writing C:\Users\lwilker\Documents\GitHub\SWERVE-2024-05-10\data_processed/sites/bullrun/figures\original\B_calculated_SWMF.pdf
2026-02-04T17:43:17.762702Z INFO  utilrsw.logger     Writing C:\Users\lwilker\Documents\GitHub\SWERVE-2024-05-10\data_processed/sites/bullrun/figures\original\B_calculated_SWMF.png
2026-02-04T17:43:19.364658Z INFO  utilrsw.logger     Writing C:\Users\lwilker\Documents\GitHub\SWERVE-2024-05-10\data_processed/sites/bullrun/figures\original\B_calculated_SWMF.pdf
2026-02-04T17:43:20.218496Z INFO  utilrsw.logger     Writing C:\Users\lwilker\Documents\GitHub\SWERVE-2024-05-10\data_processed/sites/bullrun/figures\original\B_calculated_SWMF.png
2026-02-04T17:43:21.973322Z INFO  utilrsw.logger     Writing C:\Users\lwilker\Documents\GitHub\SWERVE-2024-05-10\data_processed/sites/bullrun/figures\original\B_calculated_SWMF.pdf
2026-02-04T17:43:22.572367Z INFO  utilrsw.logger   Plotting 'Bull Run/B/calculated/MAGE' original vs. modified data
2026-02-04T17:43:28.066876Z INFO  utilrsw.logger     Writing C:\Users\lwilker\Documents\GitHub\SWERVE-2024-05-10\data_processed/sites/bullrun/figures\original\B_calculated_MAGE.png
2026-02-04T17:43:29.827299Z INFO  utilrsw.logger     Writing C:\Users\lwilker\Documents\GitHub\SWERVE-2024-05-10\data_processed/sites/bullrun/figures\original\B_calculated_MAGE.pdf
2026-02-04T17:43:30.670964Z INFO  utilrsw.logger     Writing C:\Users\lwilker\Documents\GitHub\SWERVE-2024-05-10\data_processed/sites/bullrun/figures\original\B_calculated_MAGE.png
2026-02-04T17:43:32.365483Z INFO  utilrsw.logger     Writing C:\Users\lwilker\Documents\GitHub\SWERVE-2024-05-10\data_processed/sites/bullrun/figures\original\B_calculated_MAGE.pdf
2026-02-04T17:43:33.220237Z INFO  utilrsw.logger     Writing C:\Users\lwilker\Documents\GitHub\SWERVE-2024-05-10\data_processed/sites/bullrun/figures\original\B_calculated_MAGE.png
2026-02-04T17:43:34.961074Z INFO  utilrsw.logger     Writing C:\Users\lwilker\Documents\GitHub\SWERVE-2024-05-10\data_processed/sites/bullrun/figures\original\B_calculated_MAGE.pdf
2026-02-04T17:43:35.472346Z INFO  utilrsw.logger   Plotting 'Bull Run/B/calculated/OpenGGCM' original vs. modified data
2026-02-04T17:43:40.344380Z INFO  utilrsw.logger     Writing C:\Users\lwilker\Documents\GitHub\SWERVE-2024-05-10\data_processed/sites/bullrun/figures\original\B_calculated_OpenGGCM.png
2026-02-04T17:43:41.969961Z INFO  utilrsw.logger     Writing C:\Users\lwilker\Documents\GitHub\SWERVE-2024-05-10\data_processed/sites/bullrun/figures\original\B_calculated_OpenGGCM.pdf
2026-02-04T17:43:43.272625Z INFO  utilrsw.logger     Writing C:\Users\lwilker\Documents\GitHub\SWERVE-2024-05-10\data_processed/sites/bullrun/figures\original\B_calculated_OpenGGCM.png
2026-02-04T17:43:45.001576Z INFO  utilrsw.logger     Writing C:\Users\lwilker\Documents\GitHub\SWERVE-2024-05-10\data_processed/sites/bullrun/figures\original\B_calculated_OpenGGCM.pdf
2026-02-04T17:43:45.834790Z INFO  utilrsw.logger     Writing C:\Users\lwilker\Documents\GitHub\SWERVE-2024-05-10\data_processed/sites/bullrun/figures\original\B_calculated_OpenGGCM.png
2026-02-04T17:43:47.762055Z INFO  utilrsw.logger     Writing C:\Users\lwilker\Documents\GitHub\SWERVE-2024-05-10\data_processed/sites/bullrun/figures\original\B_calculated_OpenGGCM.pdf
2026-02-04T17:43:48.312419Z INFO  utilrsw.logger Reading 'East Point' data
2026-02-04T17:43:48.317003Z INFO  utilrsw.logger   Reading cached file with all data for site 'East Point': C:\Users\lwilker\Documents\GitHub\SWERVE-2024-05-10\data_processed\sites\eastpoint\data\_all.pkl
2026-02-04T17:43:48.659897Z INFO  utilrsw.logger Computing stats for 'East Point' data
2026-02-04T17:43:49.747574Z INFO  utilrsw.logger   Uniq dts [ns] = [1000000000]
2026-02-04T17:43:49.747574Z INFO  utilrsw.logger   Uniq dts [#]  = 1
2026-02-04T17:43:49.758654Z INFO  utilrsw.logger   Stats for GIC/measured/TVA:
2026-02-04T17:43:49.760666Z INFO  utilrsw.logger 
    std: [0.4865401]
    ave: [0.00794518]
    min: [-3.077]
    max: [3.71633333]
    n: 2341
    n_valid: [2341]
    dt_original: [1000000000]

2026-02-04T17:43:49.765296Z INFO  utilrsw.logger Plotting 'East Point' data
2026-02-04T17:43:49.765296Z INFO  utilrsw.logger   Plotting 'East Point/GIC/measured/TVA' original vs. modified data
2026-02-04T17:43:55.358975Z INFO  utilrsw.logger     Writing C:\Users\lwilker\Documents\GitHub\SWERVE-2024-05-10\data_processed/sites/eastpoint/figures\original\GIC_measured_TVA.png
2026-02-04T17:43:57.511999Z INFO  utilrsw.logger     Writing C:\Users\lwilker\Documents\GitHub\SWERVE-2024-05-10\data_processed/sites/eastpoint/figures\original\GIC_measured_TVA.pdf
2026-02-04T17:43:58.030675Z INFO  utilrsw.logger Reading 'Gleason' data
2026-02-04T17:43:58.033189Z INFO  utilrsw.logger   Reading cached file with all data for site 'Gleason': C:\Users\lwilker\Documents\GitHub\SWERVE-2024-05-10\data_processed\sites\gleason\data\_all.pkl
2026-02-04T17:43:58.405843Z INFO  utilrsw.logger Computing stats for 'Gleason' data
2026-02-04T17:43:59.490387Z INFO  utilrsw.logger   Uniq dts [ns] = [1000000000]
2026-02-04T17:43:59.490387Z INFO  utilrsw.logger   Uniq dts [#]  = 1
2026-02-04T17:43:59.490387Z INFO  utilrsw.logger   Stats for GIC/measured/TVA:
2026-02-04T17:43:59.494683Z INFO  utilrsw.logger 
    std: [1.51492239]
    ave: [-0.00049858]
    min: [-15.16566667]
    max: [12.97916667]
    n: 2341
    n_valid: [2341]
    dt_original: [1000000000]

2026-02-04T17:43:59.507678Z INFO  utilrsw.logger   Uniq dts [ns] = [60000000000]
2026-02-04T17:43:59.507678Z INFO  utilrsw.logger   Uniq dts [#]  = 1
2026-02-04T17:43:59.507678Z INFO  utilrsw.logger   Stats for GIC/calculated/GMU:
2026-02-04T17:43:59.507678Z INFO  utilrsw.logger 
    std: [6.56661802]
    ave: [0.00420078]
    min: [-41.99846367]
    max: [67.71518575]
    n: 2341
    n_valid: [2341]
    dt_original: [60000000000]

2026-02-04T17:43:59.511696Z WARN  utilrsw.logger   Multiplying measured data by -1 before computing pe.
2026-02-04T17:43:59.511696Z INFO  utilrsw.logger   Metrics for GIC/calculated/GMU:
2026-02-04T17:43:59.515987Z INFO  utilrsw.logger 
    err_rms: [6.76397466]
    err_ave: [-0.00469935]
    err: [[ 0.69791839]
 [ 0.10303697]
 [ 0.00562873]
 ...
 [ 0.37357831]
 [-0.56505115]
 [-0.56327146]]
    cc: [-0.01688138]
    pe: [-18.64261694]
    valid: [[ True]
 [ True]
 [ True]
 ...
 [ True]
 [ True]
 [ True]]
    n_valid: [2341]

2026-02-04T17:43:59.524483Z INFO  utilrsw.logger Plotting 'Gleason' data
2026-02-04T17:43:59.528117Z INFO  utilrsw.logger   Plotting 'Gleason/GIC/GMU' vs. measured data as timeseries
2026-02-04T17:44:01.107409Z INFO  utilrsw.logger     Writing C:\Users\lwilker\Documents\GitHub\SWERVE-2024-05-10\data_processed/sites/gleason/figures\compare\GIC_calculated_GMU_vs_measured_timeseries.png
2026-02-04T17:44:02.778868Z INFO  utilrsw.logger     Writing C:\Users\lwilker\Documents\GitHub\SWERVE-2024-05-10\data_processed/sites/gleason/figures\compare\GIC_calculated_GMU_vs_measured_timeseries.pdf
2026-02-04T17:44:03.274972Z INFO  utilrsw.logger   Plotting 'Gleason/GIC/GMU' vs. measured data as scatter
2026-02-04T17:44:04.225915Z INFO  utilrsw.logger     Writing C:\Users\lwilker\Documents\GitHub\SWERVE-2024-05-10\data_processed/sites/gleason/figures\compare\GIC_calculated_GMU_vs_measured_scatter.png
2026-02-04T17:44:05.791960Z INFO  utilrsw.logger     Writing C:\Users\lwilker\Documents\GitHub\SWERVE-2024-05-10\data_processed/sites/gleason/figures\compare\GIC_calculated_GMU_vs_measured_scatter.pdf
2026-02-04T17:44:06.396794Z INFO  utilrsw.logger   Plotting 'Gleason/GIC/measured/TVA' original vs. modified data
2026-02-04T17:44:11.483599Z INFO  utilrsw.logger     Writing C:\Users\lwilker\Documents\GitHub\SWERVE-2024-05-10\data_processed/sites/gleason/figures\original\GIC_measured_TVA.png
2026-02-04T17:44:13.629961Z INFO  utilrsw.logger     Writing C:\Users\lwilker\Documents\GitHub\SWERVE-2024-05-10\data_processed/sites/gleason/figures\original\GIC_measured_TVA.pdf
2026-02-04T17:44:14.295329Z INFO  utilrsw.logger   Plotting 'Gleason/GIC/calculated/GMU' original vs. modified data
2026-02-04T17:44:15.814480Z INFO  utilrsw.logger     Writing C:\Users\lwilker\Documents\GitHub\SWERVE-2024-05-10\data_processed/sites/gleason/figures\original\GIC_calculated_GMU.png
2026-02-04T17:44:17.521889Z INFO  utilrsw.logger     Writing C:\Users\lwilker\Documents\GitHub\SWERVE-2024-05-10\data_processed/sites/gleason/figures\original\GIC_calculated_GMU.pdf
2026-02-04T17:44:18.089326Z INFO  utilrsw.logger Reading 'Johnsonville' data
2026-02-04T17:44:18.093641Z INFO  utilrsw.logger   Reading cached file with all data for site 'Johnsonville': C:\Users\lwilker\Documents\GitHub\SWERVE-2024-05-10\data_processed\sites\johnsonville\data\_all.pkl
2026-02-04T17:44:18.457340Z INFO  utilrsw.logger Computing stats for 'Johnsonville' data
2026-02-04T17:44:19.571212Z INFO  utilrsw.logger   Uniq dts [ns] = [1000000000]
2026-02-04T17:44:19.573299Z INFO  utilrsw.logger   Uniq dts [#]  = 1
2026-02-04T17:44:19.574489Z INFO  utilrsw.logger   Stats for GIC/measured/TVA:
2026-02-04T17:44:19.578500Z INFO  utilrsw.logger 
    std: [0.95954341]
    ave: [-0.00208209]
    min: [-7.04583333]
    max: [9.4095]
    n: 2341
    n_valid: [2341]
    dt_original: [1000000000]

2026-02-04T17:44:19.593057Z INFO  utilrsw.logger   Uniq dts [ns] = [60000000000]
2026-02-04T17:44:19.597351Z INFO  utilrsw.logger   Uniq dts [#]  = 1
2026-02-04T17:44:19.597351Z INFO  utilrsw.logger   Stats for GIC/calculated/GMU:
2026-02-04T17:44:19.602395Z INFO  utilrsw.logger 
    std: [2.50444864]
    ave: [0.0021599]
    min: [-16.95254036]
    max: [22.61783795]
    n: 2341
    n_valid: [2341]
    dt_original: [60000000000]

2026-02-04T17:44:19.606971Z INFO  utilrsw.logger   Metrics for GIC/calculated/GMU:
2026-02-04T17:44:19.610149Z INFO  utilrsw.logger 
    err_rms: [2.04994269]
    err_ave: [-0.00424199]
    err: [[ 0.68912752]
 [ 0.22871691]
 [ 0.1563202 ]
 ...
 [-0.00286785]
 [-0.51966871]
 [-0.2576151 ]]
    cc: [0.62225993]
    pe: [-3.56408989]
    valid: [[ True]
 [ True]
 [ True]
 ...
 [ True]
 [ True]
 [ True]]
    n_valid: [2341]

2026-02-04T17:44:19.620446Z INFO  utilrsw.logger Plotting 'Johnsonville' data
2026-02-04T17:44:19.626157Z INFO  utilrsw.logger   Plotting 'Johnsonville/GIC/GMU' vs. measured data as timeseries
2026-02-04T17:44:21.383358Z INFO  utilrsw.logger     Writing C:\Users\lwilker\Documents\GitHub\SWERVE-2024-05-10\data_processed/sites/johnsonville/figures\compare\GIC_calculated_GMU_vs_measured_timeseries.png
2026-02-04T17:44:23.088520Z INFO  utilrsw.logger     Writing C:\Users\lwilker\Documents\GitHub\SWERVE-2024-05-10\data_processed/sites/johnsonville/figures\compare\GIC_calculated_GMU_vs_measured_timeseries.pdf
2026-02-04T17:44:23.619799Z INFO  utilrsw.logger   Plotting 'Johnsonville/GIC/GMU' vs. measured data as scatter
2026-02-04T17:44:24.590449Z INFO  utilrsw.logger     Writing C:\Users\lwilker\Documents\GitHub\SWERVE-2024-05-10\data_processed/sites/johnsonville/figures\compare\GIC_calculated_GMU_vs_measured_scatter.png
2026-02-04T17:44:26.067477Z INFO  utilrsw.logger     Writing C:\Users\lwilker\Documents\GitHub\SWERVE-2024-05-10\data_processed/sites/johnsonville/figures\compare\GIC_calculated_GMU_vs_measured_scatter.pdf
2026-02-04T17:44:26.668580Z INFO  utilrsw.logger   Plotting 'Johnsonville/GIC/measured/TVA' original vs. modified data
2026-02-04T17:44:31.797629Z INFO  utilrsw.logger     Writing C:\Users\lwilker\Documents\GitHub\SWERVE-2024-05-10\data_processed/sites/johnsonville/figures\original\GIC_measured_TVA.png
2026-02-04T17:44:34.131274Z INFO  utilrsw.logger     Writing C:\Users\lwilker\Documents\GitHub\SWERVE-2024-05-10\data_processed/sites/johnsonville/figures\original\GIC_measured_TVA.pdf
2026-02-04T17:44:34.667205Z INFO  utilrsw.logger   Plotting 'Johnsonville/GIC/calculated/GMU' original vs. modified data
2026-02-04T17:44:36.053167Z INFO  utilrsw.logger     Writing C:\Users\lwilker\Documents\GitHub\SWERVE-2024-05-10\data_processed/sites/johnsonville/figures\original\GIC_calculated_GMU.png
2026-02-04T17:44:37.926171Z INFO  utilrsw.logger     Writing C:\Users\lwilker\Documents\GitHub\SWERVE-2024-05-10\data_processed/sites/johnsonville/figures\original\GIC_calculated_GMU.pdf
2026-02-04T17:44:38.702084Z INFO  utilrsw.logger Reading 'Lagoon Creek' data
2026-02-04T17:44:38.702084Z INFO  utilrsw.logger   Reading cached file with all data for site 'Lagoon Creek': C:\Users\lwilker\Documents\GitHub\SWERVE-2024-05-10\data_processed\sites\lagooncreek\data\_all.pkl
2026-02-04T17:44:39.081960Z INFO  utilrsw.logger Computing stats for 'Lagoon Creek' data
2026-02-04T17:44:40.462806Z INFO  utilrsw.logger   Uniq dts [ns] = [1000000000 2000000000 3000000000]
2026-02-04T17:44:40.462806Z INFO  utilrsw.logger   Uniq dts [#]  = 3
2026-02-04T17:44:40.462806Z INFO  utilrsw.logger   Stats for B/measured/TVA:
2026-02-04T17:44:40.462806Z INFO  utilrsw.logger 
    std: [101.208883    67.0651318   79.31134374  87.76234229]
    ave: [-152.63937398  -43.3122989    25.36156057  179.52818114]
    min: [-456.42333333 -291.695      -205.944         7.35622955]
    max: [311.08033333 195.29533333 516.9395     521.56604953]
    n: 2341
    n_valid: [2341 2341 2341 2341]
    dt_original: [1000000000 2000000000 3000000000]

2026-02-04T17:44:40.469059Z INFO  utilrsw.logger Plotting 'Lagoon Creek' data
2026-02-04T17:44:40.475549Z INFO  utilrsw.logger   Plotting 'Lagoon Creek/B/measured/TVA' original vs. modified data
2026-02-04T17:44:54.936952Z INFO  utilrsw.logger     Writing C:\Users\lwilker\Documents\GitHub\SWERVE-2024-05-10\data_processed/sites/lagooncreek/figures\original\B_measured_TVA.png
2026-02-04T17:44:56.404573Z INFO  utilrsw.logger     Writing C:\Users\lwilker\Documents\GitHub\SWERVE-2024-05-10\data_processed/sites/lagooncreek/figures\original\B_measured_TVA.pdf
2026-02-04T17:44:57.811451Z INFO  utilrsw.logger     Writing C:\Users\lwilker\Documents\GitHub\SWERVE-2024-05-10\data_processed/sites/lagooncreek/figures\original\B_measured_TVA.png
2026-02-04T17:44:59.789071Z INFO  utilrsw.logger     Writing C:\Users\lwilker\Documents\GitHub\SWERVE-2024-05-10\data_processed/sites/lagooncreek/figures\original\B_measured_TVA.pdf
2026-02-04T17:45:01.768214Z INFO  utilrsw.logger     Writing C:\Users\lwilker\Documents\GitHub\SWERVE-2024-05-10\data_processed/sites/lagooncreek/figures\original\B_measured_TVA.png
2026-02-04T17:45:03.100484Z INFO  utilrsw.logger     Writing C:\Users\lwilker\Documents\GitHub\SWERVE-2024-05-10\data_processed/sites/lagooncreek/figures\original\B_measured_TVA.pdf
2026-02-04T17:45:03.659500Z INFO  utilrsw.logger Reading 'Montgomery' data
2026-02-04T17:45:03.661257Z INFO  utilrsw.logger   Reading cached file with all data for site 'Montgomery': C:\Users\lwilker\Documents\GitHub\SWERVE-2024-05-10\data_processed\sites\montgomery\data\_all.pkl
2026-02-04T17:45:04.028675Z INFO  utilrsw.logger Computing stats for 'Montgomery' data
2026-02-04T17:45:05.058034Z INFO  utilrsw.logger   Uniq dts [ns] = [1000000000 2000000000]
2026-02-04T17:45:05.058034Z INFO  utilrsw.logger   Uniq dts [#]  = 2
2026-02-04T17:45:05.058034Z INFO  utilrsw.logger   Stats for GIC/measured/TVA:
2026-02-04T17:45:05.062071Z INFO  utilrsw.logger 
    std: [3.70443091]
    ave: [0.0057647]
    min: [-34.30216667]
    max: [22.281]
    n: 2341
    n_valid: [2341]
    dt_original: [1000000000 2000000000]

2026-02-04T17:45:05.087021Z INFO  utilrsw.logger   Uniq dts [ns] = [60000000000]
2026-02-04T17:45:05.087021Z INFO  utilrsw.logger   Uniq dts [#]  = 1
2026-02-04T17:45:05.087021Z INFO  utilrsw.logger   Stats for GIC/calculated/TVA:
2026-02-04T17:45:05.087021Z INFO  utilrsw.logger 
    std: [1.00250368]
    ave: [-0.01592448]
    min: [-4.66673]
    max: [7.873196]
    n: 2341
    n_valid: [2341]
    dt_original: [60000000000]

2026-02-04T17:45:05.104062Z INFO  utilrsw.logger   Uniq dts [ns] = [60000000000]
2026-02-04T17:45:05.104062Z INFO  utilrsw.logger   Uniq dts [#]  = 1
2026-02-04T17:45:05.108614Z INFO  utilrsw.logger   Stats for GIC/calculated/GMU:
2026-02-04T17:45:05.108614Z INFO  utilrsw.logger 
    std: [1.29978187]
    ave: [-0.00080727]
    min: [-8.97926426]
    max: [9.22971119]
    n: 2341
    n_valid: [2341]
    dt_original: [60000000000]

2026-02-04T17:45:05.114246Z WARN  utilrsw.logger   Multiplying measured data by -1 before computing pe.
2026-02-04T17:45:05.116944Z INFO  utilrsw.logger   Metrics for GIC/calculated/TVA:
2026-02-04T17:45:05.116944Z INFO  utilrsw.logger 
    err_rms: [4.65092098]
    err_ave: [0.02168918]
    err: [[-1.30579567]
 [-1.05879133]
 [-0.52352367]
 ...
 [ 1.278617  ]
 [ 0.74630867]
 [ 0.348995  ]]
    cc: [-0.92936467]
    pe: [0.42977039]
    valid: [[ True]
 [ True]
 [ True]
 ...
 [ True]
 [ True]
 [ True]]
    n_valid: [2341]

2026-02-04T17:45:05.121371Z WARN  utilrsw.logger   Multiplying measured data by -1 before computing pe.
2026-02-04T17:45:05.121371Z INFO  utilrsw.logger   Metrics for GIC/calculated/GMU:
2026-02-04T17:45:05.125606Z INFO  utilrsw.logger 
    err_rms: [4.38040673]
    err_ave: [0.00657197]
    err: [[-1.45560674]
 [-1.00504057]
 [-0.48733124]
 ...
 [ 1.13211197]
 [ 1.04061233]
 [ 0.5186154 ]]
    cc: [-0.39207853]
    pe: [0.15202582]
    valid: [[ True]
 [ True]
 [ True]
 ...
 [ True]
 [ True]
 [ True]]
    n_valid: [2341]

2026-02-04T17:45:05.154169Z INFO  utilrsw.logger   Uniq dts [ns] = [60000000000]
2026-02-04T17:45:05.154169Z INFO  utilrsw.logger   Uniq dts [#]  = 1
2026-02-04T17:45:05.158200Z INFO  utilrsw.logger   Stats for B/calculated/SWMF:
2026-02-04T17:45:05.158200Z INFO  utilrsw.logger 
    std: [51.90231873 34.18212168 38.53275938 51.37212411]
    ave: [34.29716978  3.32584291 -6.51672336 49.09714944]
    min: [ -48.55457826  -65.00613175 -150.62690975    0.55400136]
    max: [195.91015693 165.50465905  93.92235513 251.93177198]
    n: 2341
    n_valid: [2339 2339 2339 2339]
    dt_original: [60000000000]

2026-02-04T17:45:05.170631Z INFO  utilrsw.logger   Uniq dts [ns] = [60000000000]
2026-02-04T17:45:05.170631Z INFO  utilrsw.logger   Uniq dts [#]  = 1
2026-02-04T17:45:05.174668Z INFO  utilrsw.logger   Stats for B/calculated/MAGE:
2026-02-04T17:45:05.174668Z INFO  utilrsw.logger 
    std: [288.7476489  295.14262222 355.98293945 197.17997628]
    ave: [ 15.92932185  35.74481681 303.03598975 364.87787598]
    min: [ -822.7849788   -993.61632375 -1117.99324393    22.61657882]
    max: [ 679.15339301 1596.56853317 2269.69267087 1596.75495631]
    n: 2341
    n_valid: [1980 1980 1980 1980]
    dt_original: [60000000000]

2026-02-04T17:45:05.207809Z INFO  utilrsw.logger   Uniq dts [ns] = [60000000000]
2026-02-04T17:45:05.207809Z INFO  utilrsw.logger   Uniq dts [#]  = 1
2026-02-04T17:45:05.207809Z INFO  utilrsw.logger   Stats for B/calculated/OpenGGCM:
2026-02-04T17:45:05.210814Z INFO  utilrsw.logger 
    std: [ 69.81398056 336.82304337 156.44945534 253.72743356]
    ave: [-64.96279462 102.288358    52.08227041 261.97178617]
    min: [-277.65677911 -692.7415572  -699.37299281    7.96244401]
    max: [ 180.22034053 1395.11706132  472.74457743 1408.59735248]
    n: 2341
    n_valid: [2341 2341 2341 2341]
    dt_original: [60000000000]

2026-02-04T17:45:05.242053Z INFO  utilrsw.logger Plotting 'Montgomery' data
2026-02-04T17:45:05.249136Z INFO  utilrsw.logger   Plotting all 'Montgomery/GIC' calculated vs. measured data as timeseries
2026-02-04T17:45:07.560563Z INFO  utilrsw.logger     Writing C:\Users\lwilker\Documents\GitHub\SWERVE-2024-05-10\data_processed/sites/montgomery/figures\compare\GIC_calculated_all_vs_measured_timeseries.png
2026-02-04T17:45:09.176617Z INFO  utilrsw.logger     Writing C:\Users\lwilker\Documents\GitHub\SWERVE-2024-05-10\data_processed/sites/montgomery/figures\compare\GIC_calculated_all_vs_measured_timeseries.pdf
2026-02-04T17:45:09.740326Z INFO  utilrsw.logger     Writing C:\Users\lwilker\Documents\GitHub\2024-May-Storm-paper\figures\_processed\montgomery\GIC_compare_timeseries.pdf
2026-02-04T17:45:10.265867Z INFO  utilrsw.logger   Plotting all 'Montgomery/GIC' calculated vs. measured data as timeseries
2026-02-04T17:45:12.013628Z INFO  utilrsw.logger     Writing C:\Users\lwilker\Documents\GitHub\SWERVE-2024-05-10\data_processed/sites/montgomery/figures\compare\GIC_calculated_all_vs_measured_timeseries.png
2026-02-04T17:45:13.623829Z INFO  utilrsw.logger     Writing C:\Users\lwilker\Documents\GitHub\SWERVE-2024-05-10\data_processed/sites/montgomery/figures\compare\GIC_calculated_all_vs_measured_timeseries.pdf
2026-02-04T17:45:14.188322Z INFO  utilrsw.logger     Writing C:\Users\lwilker\Documents\GitHub\2024-May-Storm-paper\figures\_processed\montgomery\GIC_compare_timeseries.pdf
2026-02-04T17:45:14.786840Z INFO  utilrsw.logger   Plotting 'Montgomery/GIC/TVA' vs. measured data as timeseries
2026-02-04T17:45:16.171072Z INFO  utilrsw.logger     Writing C:\Users\lwilker\Documents\GitHub\SWERVE-2024-05-10\data_processed/sites/montgomery/figures\compare\GIC_calculated_TVA_vs_measured_timeseries.png
2026-02-04T17:45:17.774886Z INFO  utilrsw.logger     Writing C:\Users\lwilker\Documents\GitHub\SWERVE-2024-05-10\data_processed/sites/montgomery/figures\compare\GIC_calculated_TVA_vs_measured_timeseries.pdf
2026-02-04T17:45:18.287466Z INFO  utilrsw.logger   Plotting 'Montgomery/GIC/GMU' vs. measured data as timeseries
2026-02-04T17:45:20.095225Z INFO  utilrsw.logger     Writing C:\Users\lwilker\Documents\GitHub\SWERVE-2024-05-10\data_processed/sites/montgomery/figures\compare\GIC_calculated_GMU_vs_measured_timeseries.png
2026-02-04T17:45:21.722100Z INFO  utilrsw.logger     Writing C:\Users\lwilker\Documents\GitHub\SWERVE-2024-05-10\data_processed/sites/montgomery/figures\compare\GIC_calculated_GMU_vs_measured_timeseries.pdf
2026-02-04T17:45:22.232238Z INFO  utilrsw.logger   Plotting all 'Montgomery/GIC' calculated vs. measured data as scatter
2026-02-04T17:45:24.245909Z INFO  utilrsw.logger     Writing C:\Users\lwilker\Documents\GitHub\SWERVE-2024-05-10\data_processed/sites/montgomery/figures\compare\GIC_calculated_all_vs_measured_scatter.png
2026-02-04T17:45:25.856662Z INFO  utilrsw.logger     Writing C:\Users\lwilker\Documents\GitHub\SWERVE-2024-05-10\data_processed/sites/montgomery/figures\compare\GIC_calculated_all_vs_measured_scatter.pdf
2026-02-04T17:45:26.708421Z INFO  utilrsw.logger     Writing C:\Users\lwilker\Documents\GitHub\2024-May-Storm-paper\figures\_processed\montgomery\GIC_compare_scatter.pdf
2026-02-04T17:45:27.596075Z INFO  utilrsw.logger   Plotting all 'Montgomery/GIC' calculated vs. measured data as scatter
2026-02-04T17:45:28.957055Z INFO  utilrsw.logger     Writing C:\Users\lwilker\Documents\GitHub\SWERVE-2024-05-10\data_processed/sites/montgomery/figures\compare\GIC_calculated_all_vs_measured_scatter.png
2026-02-04T17:45:30.555990Z INFO  utilrsw.logger     Writing C:\Users\lwilker\Documents\GitHub\SWERVE-2024-05-10\data_processed/sites/montgomery/figures\compare\GIC_calculated_all_vs_measured_scatter.pdf
2026-02-04T17:45:31.400564Z INFO  utilrsw.logger     Writing C:\Users\lwilker\Documents\GitHub\2024-May-Storm-paper\figures\_processed\montgomery\GIC_compare_scatter.pdf
2026-02-04T17:45:32.304044Z INFO  utilrsw.logger   Plotting 'Montgomery/GIC/TVA' vs. measured data as scatter
2026-02-04T17:45:33.301071Z INFO  utilrsw.logger     Writing C:\Users\lwilker\Documents\GitHub\SWERVE-2024-05-10\data_processed/sites/montgomery/figures\compare\GIC_calculated_TVA_vs_measured_scatter.png
2026-02-04T17:45:34.799716Z INFO  utilrsw.logger     Writing C:\Users\lwilker\Documents\GitHub\SWERVE-2024-05-10\data_processed/sites/montgomery/figures\compare\GIC_calculated_TVA_vs_measured_scatter.pdf
2026-02-04T17:45:35.421758Z INFO  utilrsw.logger   Plotting 'Montgomery/GIC/GMU' vs. measured data as scatter
2026-02-04T17:45:36.448182Z INFO  utilrsw.logger     Writing C:\Users\lwilker\Documents\GitHub\SWERVE-2024-05-10\data_processed/sites/montgomery/figures\compare\GIC_calculated_GMU_vs_measured_scatter.png
2026-02-04T17:45:37.648079Z INFO  utilrsw.logger     Writing C:\Users\lwilker\Documents\GitHub\SWERVE-2024-05-10\data_processed/sites/montgomery/figures\compare\GIC_calculated_GMU_vs_measured_scatter.pdf
2026-02-04T17:45:38.250231Z INFO  utilrsw.logger   Plotting 'Montgomery/GIC/measured/TVA' original vs. modified data
2026-02-04T17:45:43.139632Z INFO  utilrsw.logger     Writing C:\Users\lwilker\Documents\GitHub\SWERVE-2024-05-10\data_processed/sites/montgomery/figures\original\GIC_measured_TVA.png
2026-02-04T17:45:45.157201Z INFO  utilrsw.logger     Writing C:\Users\lwilker\Documents\GitHub\SWERVE-2024-05-10\data_processed/sites/montgomery/figures\original\GIC_measured_TVA.pdf
2026-02-04T17:45:45.763369Z INFO  utilrsw.logger   Plotting 'Montgomery/GIC/calculated/TVA' original vs. modified data
2026-02-04T17:45:47.406445Z INFO  utilrsw.logger     Writing C:\Users\lwilker\Documents\GitHub\SWERVE-2024-05-10\data_processed/sites/montgomery/figures\original\GIC_calculated_TVA.png
2026-02-04T17:45:49.277247Z INFO  utilrsw.logger     Writing C:\Users\lwilker\Documents\GitHub\SWERVE-2024-05-10\data_processed/sites/montgomery/figures\original\GIC_calculated_TVA.pdf
2026-02-04T17:45:49.769680Z INFO  utilrsw.logger   Plotting 'Montgomery/GIC/calculated/GMU' original vs. modified data
2026-02-04T17:45:51.243534Z INFO  utilrsw.logger     Writing C:\Users\lwilker\Documents\GitHub\SWERVE-2024-05-10\data_processed/sites/montgomery/figures\original\GIC_calculated_GMU.png
2026-02-04T17:45:53.119524Z INFO  utilrsw.logger     Writing C:\Users\lwilker\Documents\GitHub\SWERVE-2024-05-10\data_processed/sites/montgomery/figures\original\GIC_calculated_GMU.pdf
2026-02-04T17:45:53.693540Z INFO  utilrsw.logger   Plotting 'Montgomery/B/calculated/MAGE/raw' data
2026-02-04T17:45:58.460480Z INFO  utilrsw.logger     Writing C:\Users\lwilker\Documents\GitHub\SWERVE-2024-05-10\data_processed/sites/montgomery/figures\raw\B_calculated_MAGE.png
2026-02-04T17:45:59.267508Z INFO  utilrsw.logger     Writing C:\Users\lwilker\Documents\GitHub\SWERVE-2024-05-10\data_processed/sites/montgomery/figures\raw\B_calculated_MAGE.pdf
2026-02-04T17:45:59.275587Z INFO  utilrsw.logger   Plotting 'Montgomery/B/calculated/MAGE/raw' to compare dBn with dBt and dBp
2026-02-04T17:46:01.303125Z INFO  utilrsw.logger     Writing C:\Users\lwilker\Documents\GitHub\SWERVE-2024-05-10\data_processed/sites/montgomery/figures\raw\B_calculated_MAGE_compare_dBn_dBt_dBp.png
2026-02-04T17:46:03.273229Z INFO  utilrsw.logger     Writing C:\Users\lwilker\Documents\GitHub\SWERVE-2024-05-10\data_processed/sites/montgomery/figures\raw\B_calculated_MAGE_compare_dBn_dBt_dBp.pdf
2026-02-04T17:46:04.315444Z INFO  utilrsw.logger   Plotting 'Montgomery/B/calculated/SWMF' original vs. modified data
2026-02-04T17:46:08.047051Z INFO  utilrsw.logger     Writing C:\Users\lwilker\Documents\GitHub\SWERVE-2024-05-10\data_processed/sites/montgomery/figures\original\B_calculated_SWMF.png
2026-02-04T17:46:09.753505Z INFO  utilrsw.logger     Writing C:\Users\lwilker\Documents\GitHub\SWERVE-2024-05-10\data_processed/sites/montgomery/figures\original\B_calculated_SWMF.pdf
2026-02-04T17:46:10.563531Z INFO  utilrsw.logger     Writing C:\Users\lwilker\Documents\GitHub\SWERVE-2024-05-10\data_processed/sites/montgomery/figures\original\B_calculated_SWMF.png
2026-02-04T17:46:12.139922Z INFO  utilrsw.logger     Writing C:\Users\lwilker\Documents\GitHub\SWERVE-2024-05-10\data_processed/sites/montgomery/figures\original\B_calculated_SWMF.pdf
2026-02-04T17:46:13.237968Z INFO  utilrsw.logger     Writing C:\Users\lwilker\Documents\GitHub\SWERVE-2024-05-10\data_processed/sites/montgomery/figures\original\B_calculated_SWMF.png
2026-02-04T17:46:14.711705Z INFO  utilrsw.logger     Writing C:\Users\lwilker\Documents\GitHub\SWERVE-2024-05-10\data_processed/sites/montgomery/figures\original\B_calculated_SWMF.pdf
2026-02-04T17:46:15.206440Z INFO  utilrsw.logger   Plotting 'Montgomery/B/calculated/MAGE' original vs. modified data
2026-02-04T17:46:19.941236Z INFO  utilrsw.logger     Writing C:\Users\lwilker\Documents\GitHub\SWERVE-2024-05-10\data_processed/sites/montgomery/figures\original\B_calculated_MAGE.png
2026-02-04T17:46:21.657576Z INFO  utilrsw.logger     Writing C:\Users\lwilker\Documents\GitHub\SWERVE-2024-05-10\data_processed/sites/montgomery/figures\original\B_calculated_MAGE.pdf
2026-02-04T17:46:22.378771Z INFO  utilrsw.logger     Writing C:\Users\lwilker\Documents\GitHub\SWERVE-2024-05-10\data_processed/sites/montgomery/figures\original\B_calculated_MAGE.png
2026-02-04T17:46:24.087188Z INFO  utilrsw.logger     Writing C:\Users\lwilker\Documents\GitHub\SWERVE-2024-05-10\data_processed/sites/montgomery/figures\original\B_calculated_MAGE.pdf
2026-02-04T17:46:24.793183Z INFO  utilrsw.logger     Writing C:\Users\lwilker\Documents\GitHub\SWERVE-2024-05-10\data_processed/sites/montgomery/figures\original\B_calculated_MAGE.png
2026-02-04T17:46:26.580790Z INFO  utilrsw.logger     Writing C:\Users\lwilker\Documents\GitHub\SWERVE-2024-05-10\data_processed/sites/montgomery/figures\original\B_calculated_MAGE.pdf
2026-02-04T17:46:27.099477Z INFO  utilrsw.logger   Plotting 'Montgomery/B/calculated/OpenGGCM' original vs. modified data
2026-02-04T17:46:31.740667Z INFO  utilrsw.logger     Writing C:\Users\lwilker\Documents\GitHub\SWERVE-2024-05-10\data_processed/sites/montgomery/figures\original\B_calculated_OpenGGCM.png
2026-02-04T17:46:33.436773Z INFO  utilrsw.logger     Writing C:\Users\lwilker\Documents\GitHub\SWERVE-2024-05-10\data_processed/sites/montgomery/figures\original\B_calculated_OpenGGCM.pdf
2026-02-04T17:46:34.182590Z INFO  utilrsw.logger     Writing C:\Users\lwilker\Documents\GitHub\SWERVE-2024-05-10\data_processed/sites/montgomery/figures\original\B_calculated_OpenGGCM.png
2026-02-04T17:46:35.778446Z INFO  utilrsw.logger     Writing C:\Users\lwilker\Documents\GitHub\SWERVE-2024-05-10\data_processed/sites/montgomery/figures\original\B_calculated_OpenGGCM.pdf
2026-02-04T17:46:36.465866Z INFO  utilrsw.logger     Writing C:\Users\lwilker\Documents\GitHub\SWERVE-2024-05-10\data_processed/sites/montgomery/figures\original\B_calculated_OpenGGCM.png
2026-02-04T17:46:38.241084Z INFO  utilrsw.logger     Writing C:\Users\lwilker\Documents\GitHub\SWERVE-2024-05-10\data_processed/sites/montgomery/figures\original\B_calculated_OpenGGCM.pdf
2026-02-04T17:46:38.828279Z INFO  utilrsw.logger Reading 'Paradise 3' data
2026-02-04T17:46:38.828279Z INFO  utilrsw.logger   Reading cached file with all data for site 'Paradise 3': C:\Users\lwilker\Documents\GitHub\SWERVE-2024-05-10\data_processed\sites\paradise3\data\_all.pkl
2026-02-04T17:46:39.083360Z INFO  utilrsw.logger Computing stats for 'Paradise 3' data
2026-02-04T17:46:40.315774Z INFO  utilrsw.logger   Uniq dts [ns] = [   1000000000 6156000000000]
2026-02-04T17:46:40.315774Z INFO  utilrsw.logger   Uniq dts [#]  = 2
2026-02-04T17:46:40.315774Z INFO  utilrsw.logger   Stats for GIC/measured/TVA:
2026-02-04T17:46:40.317790Z INFO  utilrsw.logger 
    std: [1.97333337]
    ave: [0.00569109]
    min: [-15.30566667]
    max: [11.14766667]
    n: 2341
    n_valid: [2341]
    dt_original: [   1000000000 6156000000000]

2026-02-04T17:46:40.328400Z INFO  utilrsw.logger   Uniq dts [ns] = [60000000000]
2026-02-04T17:46:40.337076Z INFO  utilrsw.logger   Uniq dts [#]  = 1
2026-02-04T17:46:40.337076Z INFO  utilrsw.logger   Stats for GIC/calculated/GMU:
2026-02-04T17:46:40.339093Z INFO  utilrsw.logger 
    std: [5.25409616]
    ave: [0.0031591]
    min: [-34.92721444]
    max: [42.31448952]
    n: 2341
    n_valid: [2341]
    dt_original: [60000000000]

2026-02-04T17:46:40.342437Z INFO  utilrsw.logger   Metrics for GIC/calculated/GMU:
2026-02-04T17:46:40.344453Z INFO  utilrsw.logger 
    err_rms: [4.68504964]
    err_ave: [0.00253198]
    err: [[ 1.1638204 ]
 [ 0.23826415]
 [ 0.33512265]
 ...
 [ 0.35945349]
 [-1.05016473]
 [-0.62554936]]
    cc: [0.46054257]
    pe: [-4.63673313]
    valid: [[ True]
 [ True]
 [ True]
 ...
 [ True]
 [ True]
 [ True]]
    n_valid: [2341]

2026-02-04T17:46:40.356053Z INFO  utilrsw.logger Plotting 'Paradise 3' data
2026-02-04T17:46:40.360083Z INFO  utilrsw.logger   Plotting 'Paradise 3/GIC/GMU' vs. measured data as timeseries
2026-02-04T17:46:42.924158Z INFO  utilrsw.logger     Writing C:\Users\lwilker\Documents\GitHub\SWERVE-2024-05-10\data_processed/sites/paradise3/figures\compare\GIC_calculated_GMU_vs_measured_timeseries.png
2026-02-04T17:46:44.695413Z INFO  utilrsw.logger     Writing C:\Users\lwilker\Documents\GitHub\SWERVE-2024-05-10\data_processed/sites/paradise3/figures\compare\GIC_calculated_GMU_vs_measured_timeseries.pdf
2026-02-04T17:46:45.252067Z INFO  utilrsw.logger   Plotting 'Paradise 3/GIC/GMU' vs. measured data as scatter
2026-02-04T17:46:46.388283Z INFO  utilrsw.logger     Writing C:\Users\lwilker\Documents\GitHub\SWERVE-2024-05-10\data_processed/sites/paradise3/figures\compare\GIC_calculated_GMU_vs_measured_scatter.png
2026-02-04T17:46:47.923021Z INFO  utilrsw.logger     Writing C:\Users\lwilker\Documents\GitHub\SWERVE-2024-05-10\data_processed/sites/paradise3/figures\compare\GIC_calculated_GMU_vs_measured_scatter.pdf
2026-02-04T17:46:48.556903Z INFO  utilrsw.logger   Plotting 'Paradise 3/GIC/measured/TVA' original vs. modified data
2026-02-04T17:46:53.436623Z INFO  utilrsw.logger     Writing C:\Users\lwilker\Documents\GitHub\SWERVE-2024-05-10\data_processed/sites/paradise3/figures\original\GIC_measured_TVA.png
2026-02-04T17:46:55.618444Z INFO  utilrsw.logger     Writing C:\Users\lwilker\Documents\GitHub\SWERVE-2024-05-10\data_processed/sites/paradise3/figures\original\GIC_measured_TVA.pdf
2026-02-04T17:46:56.173189Z INFO  utilrsw.logger   Plotting 'Paradise 3/GIC/calculated/GMU' original vs. modified data
2026-02-04T17:46:57.540194Z INFO  utilrsw.logger     Writing C:\Users\lwilker\Documents\GitHub\SWERVE-2024-05-10\data_processed/sites/paradise3/figures\original\GIC_calculated_GMU.png
2026-02-04T17:46:59.415958Z INFO  utilrsw.logger     Writing C:\Users\lwilker\Documents\GitHub\SWERVE-2024-05-10\data_processed/sites/paradise3/figures\original\GIC_calculated_GMU.pdf
2026-02-04T17:46:59.943992Z INFO  utilrsw.logger Reading 'Paradise' data
2026-02-04T17:46:59.943992Z INFO  utilrsw.logger   Reading cached file with all data for site 'Paradise': C:\Users\lwilker\Documents\GitHub\SWERVE-2024-05-10\data_processed\sites\paradise\data\_all.pkl
2026-02-04T17:47:00.420006Z INFO  utilrsw.logger Computing stats for 'Paradise' data
2026-02-04T17:47:02.122443Z INFO  utilrsw.logger   Uniq dts [ns] = [1000000000 2000000000 3000000000]
2026-02-04T17:47:02.123405Z INFO  utilrsw.logger   Uniq dts [#]  = 3
2026-02-04T17:47:02.123405Z INFO  utilrsw.logger   Stats for B/measured/TVA:
2026-02-04T17:47:02.125443Z INFO  utilrsw.logger 
    std: [120.94426639  69.65911214  92.58610816  98.31205042]
    ave: [-157.57772908  -42.95335469   25.82152638  191.07866431]
    min: [-573.18116667 -295.89233333 -216.56266667    4.12558769]
    max: [447.044      201.11383333 555.0595     624.58549965]
    n: 2341
    n_valid: [2341 2341 2341 2341]
    dt_original: [1000000000 2000000000 3000000000]

2026-02-04T17:47:02.132392Z INFO  utilrsw.logger Plotting 'Paradise' data
2026-02-04T17:47:02.137377Z INFO  utilrsw.logger   Plotting 'Paradise/B/measured/TVA' original vs. modified data
2026-02-04T17:47:16.684867Z INFO  utilrsw.logger     Writing C:\Users\lwilker\Documents\GitHub\SWERVE-2024-05-10\data_processed/sites/paradise/figures\original\B_measured_TVA.png
2026-02-04T17:47:18.106683Z INFO  utilrsw.logger     Writing C:\Users\lwilker\Documents\GitHub\SWERVE-2024-05-10\data_processed/sites/paradise/figures\original\B_measured_TVA.pdf
2026-02-04T17:47:19.938299Z INFO  utilrsw.logger     Writing C:\Users\lwilker\Documents\GitHub\SWERVE-2024-05-10\data_processed/sites/paradise/figures\original\B_measured_TVA.png
2026-02-04T17:47:21.768932Z INFO  utilrsw.logger     Writing C:\Users\lwilker\Documents\GitHub\SWERVE-2024-05-10\data_processed/sites/paradise/figures\original\B_measured_TVA.pdf
2026-02-04T17:47:23.492214Z INFO  utilrsw.logger     Writing C:\Users\lwilker\Documents\GitHub\SWERVE-2024-05-10\data_processed/sites/paradise/figures\original\B_measured_TVA.png
2026-02-04T17:47:25.021754Z INFO  utilrsw.logger     Writing C:\Users\lwilker\Documents\GitHub\SWERVE-2024-05-10\data_processed/sites/paradise/figures\original\B_measured_TVA.pdf
2026-02-04T17:47:25.554093Z INFO  utilrsw.logger Reading 'Pinhook' data
2026-02-04T17:47:25.558554Z INFO  utilrsw.logger   Reading cached file with all data for site 'Pinhook': C:\Users\lwilker\Documents\GitHub\SWERVE-2024-05-10\data_processed\sites\pinhook\data\_all.pkl
2026-02-04T17:47:25.903684Z INFO  utilrsw.logger Computing stats for 'Pinhook' data
2026-02-04T17:47:27.202943Z INFO  utilrsw.logger   Uniq dts [ns] = [1000000000 2000000000]
2026-02-04T17:47:27.203946Z INFO  utilrsw.logger   Uniq dts [#]  = 2
2026-02-04T17:47:27.205945Z INFO  utilrsw.logger   Stats for GIC/measured/TVA:
2026-02-04T17:47:27.211668Z INFO  utilrsw.logger 
    std: [0.9356717]
    ave: [-0.00363688]
    min: [-7.24483333]
    max: [9.96883333]
    n: 2341
    n_valid: [2341]
    dt_original: [1000000000 2000000000]

2026-02-04T17:47:27.226191Z INFO  utilrsw.logger   Uniq dts [ns] = [60000000000]
2026-02-04T17:47:27.227196Z INFO  utilrsw.logger   Uniq dts [#]  = 1
2026-02-04T17:47:27.228193Z INFO  utilrsw.logger   Stats for GIC/calculated/GMU:
2026-02-04T17:47:27.230197Z INFO  utilrsw.logger 
    std: [2.09090612]
    ave: [-0.00279968]
    min: [-24.64468311]
    max: [13.83929627]
    n: 2341
    n_valid: [2341]
    dt_original: [60000000000]

2026-02-04T17:47:27.232379Z WARN  utilrsw.logger   Multiplying measured data by -1 before computing pe.
2026-02-04T17:47:27.233347Z INFO  utilrsw.logger   Metrics for GIC/calculated/GMU:
2026-02-04T17:47:27.235353Z INFO  utilrsw.logger 
    err_rms: [2.5908963]
    err_ave: [-0.00083721]
    err: [[-0.19508211]
 [-0.17356285]
 [-0.2154556 ]
 ...
 [-0.22898619]
 [-0.10954779]
 [-0.01657266]]
    cc: [-0.37450719]
    pe: [-3.31995219]
    valid: [[ True]
 [ True]
 [ True]
 ...
 [ True]
 [ True]
 [ True]]
    n_valid: [2341]

2026-02-04T17:47:27.245647Z INFO  utilrsw.logger Plotting 'Pinhook' data
2026-02-04T17:47:27.251251Z INFO  utilrsw.logger   Plotting 'Pinhook/GIC/GMU' vs. measured data as timeseries
2026-02-04T17:47:29.587959Z INFO  utilrsw.logger     Writing C:\Users\lwilker\Documents\GitHub\SWERVE-2024-05-10\data_processed/sites/pinhook/figures\compare\GIC_calculated_GMU_vs_measured_timeseries.png
2026-02-04T17:47:31.198020Z INFO  utilrsw.logger     Writing C:\Users\lwilker\Documents\GitHub\SWERVE-2024-05-10\data_processed/sites/pinhook/figures\compare\GIC_calculated_GMU_vs_measured_timeseries.pdf
2026-02-04T17:47:31.748932Z INFO  utilrsw.logger   Plotting 'Pinhook/GIC/GMU' vs. measured data as scatter
2026-02-04T17:47:32.762789Z INFO  utilrsw.logger     Writing C:\Users\lwilker\Documents\GitHub\SWERVE-2024-05-10\data_processed/sites/pinhook/figures\compare\GIC_calculated_GMU_vs_measured_scatter.png
2026-02-04T17:47:34.277093Z INFO  utilrsw.logger     Writing C:\Users\lwilker\Documents\GitHub\SWERVE-2024-05-10\data_processed/sites/pinhook/figures\compare\GIC_calculated_GMU_vs_measured_scatter.pdf
2026-02-04T17:47:34.941628Z INFO  utilrsw.logger   Plotting 'Pinhook/GIC/measured/TVA' original vs. modified data
2026-02-04T17:47:39.517863Z INFO  utilrsw.logger     Writing C:\Users\lwilker\Documents\GitHub\SWERVE-2024-05-10\data_processed/sites/pinhook/figures\original\GIC_measured_TVA.png
2026-02-04T17:47:41.882195Z INFO  utilrsw.logger     Writing C:\Users\lwilker\Documents\GitHub\SWERVE-2024-05-10\data_processed/sites/pinhook/figures\original\GIC_measured_TVA.pdf
2026-02-04T17:47:42.508235Z INFO  utilrsw.logger   Plotting 'Pinhook/GIC/calculated/GMU' original vs. modified data
2026-02-04T17:47:44.587592Z INFO  utilrsw.logger     Writing C:\Users\lwilker\Documents\GitHub\SWERVE-2024-05-10\data_processed/sites/pinhook/figures\original\GIC_calculated_GMU.png
2026-02-04T17:47:46.514809Z INFO  utilrsw.logger     Writing C:\Users\lwilker\Documents\GitHub\SWERVE-2024-05-10\data_processed/sites/pinhook/figures\original\GIC_calculated_GMU.pdf
2026-02-04T17:47:47.003292Z INFO  utilrsw.logger Reading 'Raccoon Mountain' data
2026-02-04T17:47:47.010358Z INFO  utilrsw.logger   Reading cached file with all data for site 'Raccoon Mountain': C:\Users\lwilker\Documents\GitHub\SWERVE-2024-05-10\data_processed\sites\raccoonmountain\data\_all.pkl
2026-02-04T17:47:47.686332Z INFO  utilrsw.logger Computing stats for 'Raccoon Mountain' data
2026-02-04T17:47:48.728487Z INFO  utilrsw.logger   Uniq dts [ns] = [1000000000]
2026-02-04T17:47:48.732035Z INFO  utilrsw.logger   Uniq dts [#]  = 1
2026-02-04T17:47:48.732035Z INFO  utilrsw.logger   Stats for GIC/measured/TVA:
2026-02-04T17:47:48.732035Z INFO  utilrsw.logger 
    std: [0.78107939]
    ave: [-0.01004464]
    min: [-7.44966667]
    max: [5.535]
    n: 2341
    n_valid: [2341]
    dt_original: [1000000000]

2026-02-04T17:47:48.750707Z INFO  utilrsw.logger   Uniq dts [ns] = [60000000000]
2026-02-04T17:47:48.752727Z INFO  utilrsw.logger   Uniq dts [#]  = 1
2026-02-04T17:47:48.752727Z INFO  utilrsw.logger   Stats for GIC/calculated/GMU:
2026-02-04T17:47:48.755246Z INFO  utilrsw.logger 
    std: [0.62305872]
    ave: [0.00347468]
    min: [-6.14427214]
    max: [4.29373653]
    n: 2341
    n_valid: [2341]
    dt_original: [60000000000]

2026-02-04T17:47:48.757984Z INFO  utilrsw.logger   Metrics for GIC/calculated/GMU:
2026-02-04T17:47:48.761326Z INFO  utilrsw.logger 
    err_rms: [0.55116577]
    err_ave: [-0.01351932]
    err: [[ 0.12243321]
 [ 0.21289299]
 [ 0.15612998]
 ...
 [-0.0400278 ]
 [ 0.11016042]
 [ 0.01806495]]
    cc: [0.71373098]
    pe: [0.50206332]
    valid: [[ True]
 [ True]
 [ True]
 ...
 [ True]
 [ True]
 [ True]]
    n_valid: [2341]

2026-02-04T17:47:50.241055Z INFO  utilrsw.logger   Uniq dts [ns] = [1000000000 2000000000 3000000000 4000000000]
2026-02-04T17:47:50.241055Z INFO  utilrsw.logger   Uniq dts [#]  = 4
2026-02-04T17:47:50.241055Z INFO  utilrsw.logger   Stats for B/measured/TVA:
2026-02-04T17:47:50.245244Z INFO  utilrsw.logger 
    std: [109.92838406  73.97894581  71.27997411  92.46899345]
    ave: [-152.53864134  -38.15860349   24.66933342  183.71361492]
    min: [-469.34366667 -299.46316667 -224.583         0.5782112 ]
    max: [364.218      173.10033333 357.51016667 530.9351233 ]
    n: 2341
    n_valid: [2341 2341 2341 2341]
    dt_original: [1000000000 2000000000 3000000000 4000000000]

2026-02-04T17:47:50.259328Z INFO  utilrsw.logger Plotting 'Raccoon Mountain' data
2026-02-04T17:47:50.263094Z INFO  utilrsw.logger   Plotting 'Raccoon Mountain/GIC/GMU' vs. measured data as timeseries
2026-02-04T17:47:51.692699Z INFO  utilrsw.logger     Writing C:\Users\lwilker\Documents\GitHub\SWERVE-2024-05-10\data_processed/sites/raccoonmountain/figures\compare\GIC_calculated_GMU_vs_measured_timeseries.png
2026-02-04T17:47:53.255922Z INFO  utilrsw.logger     Writing C:\Users\lwilker\Documents\GitHub\SWERVE-2024-05-10\data_processed/sites/raccoonmountain/figures\compare\GIC_calculated_GMU_vs_measured_timeseries.pdf
2026-02-04T17:47:53.823334Z INFO  utilrsw.logger   Plotting 'Raccoon Mountain/GIC/GMU' vs. measured data as scatter
2026-02-04T17:47:54.700534Z INFO  utilrsw.logger     Writing C:\Users\lwilker\Documents\GitHub\SWERVE-2024-05-10\data_processed/sites/raccoonmountain/figures\compare\GIC_calculated_GMU_vs_measured_scatter.png
2026-02-04T17:47:56.231626Z INFO  utilrsw.logger     Writing C:\Users\lwilker\Documents\GitHub\SWERVE-2024-05-10\data_processed/sites/raccoonmountain/figures\compare\GIC_calculated_GMU_vs_measured_scatter.pdf
2026-02-04T17:47:56.800773Z INFO  utilrsw.logger   Plotting 'Raccoon Mountain/GIC/measured/TVA' original vs. modified data
2026-02-04T17:48:01.361391Z INFO  utilrsw.logger     Writing C:\Users\lwilker\Documents\GitHub\SWERVE-2024-05-10\data_processed/sites/raccoonmountain/figures\original\GIC_measured_TVA.png
2026-02-04T17:48:03.661579Z INFO  utilrsw.logger     Writing C:\Users\lwilker\Documents\GitHub\SWERVE-2024-05-10\data_processed/sites/raccoonmountain/figures\original\GIC_measured_TVA.pdf
2026-02-04T17:48:04.169679Z INFO  utilrsw.logger   Plotting 'Raccoon Mountain/GIC/calculated/GMU' original vs. modified data
2026-02-04T17:48:05.958506Z INFO  utilrsw.logger     Writing C:\Users\lwilker\Documents\GitHub\SWERVE-2024-05-10\data_processed/sites/raccoonmountain/figures\original\GIC_calculated_GMU.png
2026-02-04T17:48:07.541435Z INFO  utilrsw.logger     Writing C:\Users\lwilker\Documents\GitHub\SWERVE-2024-05-10\data_processed/sites/raccoonmountain/figures\original\GIC_calculated_GMU.pdf
2026-02-04T17:48:07.983566Z INFO  utilrsw.logger   Plotting 'Raccoon Mountain/B/measured/TVA' original vs. modified data
2026-02-04T17:48:23.568271Z INFO  utilrsw.logger     Writing C:\Users\lwilker\Documents\GitHub\SWERVE-2024-05-10\data_processed/sites/raccoonmountain/figures\original\B_measured_TVA.png
2026-02-04T17:48:25.083081Z INFO  utilrsw.logger     Writing C:\Users\lwilker\Documents\GitHub\SWERVE-2024-05-10\data_processed/sites/raccoonmountain/figures\original\B_measured_TVA.pdf
2026-02-04T17:48:26.632780Z INFO  utilrsw.logger     Writing C:\Users\lwilker\Documents\GitHub\SWERVE-2024-05-10\data_processed/sites/raccoonmountain/figures\original\B_measured_TVA.png
2026-02-04T17:48:28.460509Z INFO  utilrsw.logger     Writing C:\Users\lwilker\Documents\GitHub\SWERVE-2024-05-10\data_processed/sites/raccoonmountain/figures\original\B_measured_TVA.pdf
2026-02-04T17:48:30.016856Z INFO  utilrsw.logger     Writing C:\Users\lwilker\Documents\GitHub\SWERVE-2024-05-10\data_processed/sites/raccoonmountain/figures\original\B_measured_TVA.png
2026-02-04T17:48:31.725193Z INFO  utilrsw.logger     Writing C:\Users\lwilker\Documents\GitHub\SWERVE-2024-05-10\data_processed/sites/raccoonmountain/figures\original\B_measured_TVA.pdf
2026-02-04T17:48:32.176290Z INFO  utilrsw.logger Reading 'Rutherford' data
2026-02-04T17:48:32.176290Z INFO  utilrsw.logger   Reading cached file with all data for site 'Rutherford': C:\Users\lwilker\Documents\GitHub\SWERVE-2024-05-10\data_processed\sites\rutherford\data\_all.pkl
2026-02-04T17:48:32.505675Z INFO  utilrsw.logger Computing stats for 'Rutherford' data
2026-02-04T17:48:33.551120Z INFO  utilrsw.logger   Uniq dts [ns] = [1000000000 2000000000]
2026-02-04T17:48:33.551120Z INFO  utilrsw.logger   Uniq dts [#]  = 2
2026-02-04T17:48:33.551120Z INFO  utilrsw.logger   Stats for GIC/measured/TVA:
2026-02-04T17:48:33.551120Z INFO  utilrsw.logger 
    std: [0.65072518]
    ave: [0.00346412]
    min: [-6.71683333]
    max: [4.45433333]
    n: 2341
    n_valid: [2341]
    dt_original: [1000000000 2000000000]

2026-02-04T17:48:33.566543Z INFO  utilrsw.logger   Uniq dts [ns] = [60000000000]
2026-02-04T17:48:33.566543Z INFO  utilrsw.logger   Uniq dts [#]  = 1
2026-02-04T17:48:33.566543Z INFO  utilrsw.logger   Stats for GIC/calculated/GMU:
2026-02-04T17:48:33.569927Z INFO  utilrsw.logger 
    std: [1.04218872]
    ave: [0.00219182]
    min: [-6.94929697]
    max: [10.62120711]
    n: 2341
    n_valid: [2341]
    dt_original: [60000000000]

2026-02-04T17:48:33.569927Z INFO  utilrsw.logger   Metrics for GIC/calculated/GMU:
2026-02-04T17:48:33.569927Z INFO  utilrsw.logger 
    err_rms: [1.07596129]
    err_ave: [0.0012723]
    err: [[ 0.61158607]
 [ 0.44214052]
 [ 0.32300358]
 ...
 [-0.36358311]
 [-0.40446478]
 [-0.24419296]]
    cc: [0.25945201]
    pe: [-1.73399719]
    valid: [[ True]
 [ True]
 [ True]
 ...
 [ True]
 [ True]
 [ True]]
    n_valid: [2341]

2026-02-04T17:48:33.582261Z INFO  utilrsw.logger Plotting 'Rutherford' data
2026-02-04T17:48:33.582261Z INFO  utilrsw.logger   Plotting 'Rutherford/GIC/GMU' vs. measured data as timeseries
2026-02-04T17:48:37.629992Z INFO  utilrsw.logger     Writing C:\Users\lwilker\Documents\GitHub\SWERVE-2024-05-10\data_processed/sites/rutherford/figures\compare\GIC_calculated_GMU_vs_measured_timeseries.png
2026-02-04T17:48:39.338166Z INFO  utilrsw.logger     Writing C:\Users\lwilker\Documents\GitHub\SWERVE-2024-05-10\data_processed/sites/rutherford/figures\compare\GIC_calculated_GMU_vs_measured_timeseries.pdf
2026-02-04T17:48:40.318760Z INFO  utilrsw.logger   Plotting 'Rutherford/GIC/GMU' vs. measured data as scatter
2026-02-04T17:48:41.145851Z INFO  utilrsw.logger     Writing C:\Users\lwilker\Documents\GitHub\SWERVE-2024-05-10\data_processed/sites/rutherford/figures\compare\GIC_calculated_GMU_vs_measured_scatter.png
2026-02-04T17:48:42.829193Z INFO  utilrsw.logger     Writing C:\Users\lwilker\Documents\GitHub\SWERVE-2024-05-10\data_processed/sites/rutherford/figures\compare\GIC_calculated_GMU_vs_measured_scatter.pdf
2026-02-04T17:48:43.590238Z INFO  utilrsw.logger   Plotting 'Rutherford/GIC/measured/TVA' original vs. modified data
2026-02-04T17:48:48.535826Z INFO  utilrsw.logger     Writing C:\Users\lwilker\Documents\GitHub\SWERVE-2024-05-10\data_processed/sites/rutherford/figures\original\GIC_measured_TVA.png
2026-02-04T17:48:51.005119Z INFO  utilrsw.logger     Writing C:\Users\lwilker\Documents\GitHub\SWERVE-2024-05-10\data_processed/sites/rutherford/figures\original\GIC_measured_TVA.pdf
2026-02-04T17:48:51.597534Z INFO  utilrsw.logger   Plotting 'Rutherford/GIC/calculated/GMU' original vs. modified data
2026-02-04T17:48:52.995448Z INFO  utilrsw.logger     Writing C:\Users\lwilker\Documents\GitHub\SWERVE-2024-05-10\data_processed/sites/rutherford/figures\original\GIC_calculated_GMU.png
2026-02-04T17:48:54.876585Z INFO  utilrsw.logger     Writing C:\Users\lwilker\Documents\GitHub\SWERVE-2024-05-10\data_processed/sites/rutherford/figures\original\GIC_calculated_GMU.pdf
2026-02-04T17:48:55.347883Z INFO  utilrsw.logger Reading 'Shelby' data
2026-02-04T17:48:55.349889Z INFO  utilrsw.logger   Reading cached file with all data for site 'Shelby': C:\Users\lwilker\Documents\GitHub\SWERVE-2024-05-10\data_processed\sites\shelby\data\_all.pkl
2026-02-04T17:48:55.690607Z INFO  utilrsw.logger Computing stats for 'Shelby' data
2026-02-04T17:48:56.697574Z INFO  utilrsw.logger   Uniq dts [ns] = [1000000000]
2026-02-04T17:48:56.698574Z INFO  utilrsw.logger   Uniq dts [#]  = 1
2026-02-04T17:48:56.698574Z INFO  utilrsw.logger   Stats for GIC/measured/TVA:
2026-02-04T17:48:56.700038Z INFO  utilrsw.logger 
    std: [0.8354861]
    ave: [-0.0078228]
    min: [-9.09316667]
    max: [4.3625]
    n: 2341
    n_valid: [2341]
    dt_original: [1000000000]

2026-02-04T17:48:56.712055Z INFO  utilrsw.logger   Uniq dts [ns] = [60000000000]
2026-02-04T17:48:56.713051Z INFO  utilrsw.logger   Uniq dts [#]  = 1
2026-02-04T17:48:56.714051Z INFO  utilrsw.logger   Stats for GIC/calculated/GMU:
2026-02-04T17:48:56.715049Z INFO  utilrsw.logger 
    std: [1.06102687]
    ave: [-0.00232052]
    min: [-6.57697253]
    max: [10.62955281]
    n: 2341
    n_valid: [2341]
    dt_original: [60000000000]

2026-02-04T17:48:56.716049Z INFO  utilrsw.logger   Metrics for GIC/calculated/GMU:
2026-02-04T17:48:56.718049Z INFO  utilrsw.logger 
    err_rms: [1.26979589]
    err_ave: [-0.00550227]
    err: [[-0.02214296]
 [ 0.00208896]
 [ 0.13452279]
 ...
 [ 0.2633577 ]
 [ 0.02710471]
 [-0.0667471 ]]
    cc: [0.11927248]
    pe: [-1.30987978]
    valid: [[ True]
 [ True]
 [ True]
 ...
 [ True]
 [ True]
 [ True]]
    n_valid: [2341]

2026-02-04T17:48:56.729052Z INFO  utilrsw.logger Plotting 'Shelby' data
2026-02-04T17:48:56.733050Z INFO  utilrsw.logger   Plotting 'Shelby/GIC/GMU' vs. measured data as timeseries
2026-02-04T17:48:58.113087Z INFO  utilrsw.logger     Writing C:\Users\lwilker\Documents\GitHub\SWERVE-2024-05-10\data_processed/sites/shelby/figures\compare\GIC_calculated_GMU_vs_measured_timeseries.png
2026-02-04T17:48:59.688961Z INFO  utilrsw.logger     Writing C:\Users\lwilker\Documents\GitHub\SWERVE-2024-05-10\data_processed/sites/shelby/figures\compare\GIC_calculated_GMU_vs_measured_timeseries.pdf
2026-02-04T17:49:00.211373Z INFO  utilrsw.logger   Plotting 'Shelby/GIC/GMU' vs. measured data as scatter
2026-02-04T17:49:01.618008Z INFO  utilrsw.logger     Writing C:\Users\lwilker\Documents\GitHub\SWERVE-2024-05-10\data_processed/sites/shelby/figures\compare\GIC_calculated_GMU_vs_measured_scatter.png
2026-02-04T17:49:03.088179Z INFO  utilrsw.logger     Writing C:\Users\lwilker\Documents\GitHub\SWERVE-2024-05-10\data_processed/sites/shelby/figures\compare\GIC_calculated_GMU_vs_measured_scatter.pdf
2026-02-04T17:49:03.787106Z INFO  utilrsw.logger   Plotting 'Shelby/GIC/measured/TVA' original vs. modified data
2026-02-04T17:49:08.815771Z INFO  utilrsw.logger     Writing C:\Users\lwilker\Documents\GitHub\SWERVE-2024-05-10\data_processed/sites/shelby/figures\original\GIC_measured_TVA.png
2026-02-04T17:49:11.032972Z INFO  utilrsw.logger     Writing C:\Users\lwilker\Documents\GitHub\SWERVE-2024-05-10\data_processed/sites/shelby/figures\original\GIC_measured_TVA.pdf
2026-02-04T17:49:11.844686Z INFO  utilrsw.logger   Plotting 'Shelby/GIC/calculated/GMU' original vs. modified data
2026-02-04T17:49:13.588692Z INFO  utilrsw.logger     Writing C:\Users\lwilker\Documents\GitHub\SWERVE-2024-05-10\data_processed/sites/shelby/figures\original\GIC_calculated_GMU.png
2026-02-04T17:49:15.352921Z INFO  utilrsw.logger     Writing C:\Users\lwilker\Documents\GitHub\SWERVE-2024-05-10\data_processed/sites/shelby/figures\original\GIC_calculated_GMU.pdf
2026-02-04T17:49:15.893584Z INFO  utilrsw.logger Reading 'Southaven' data
2026-02-04T17:49:15.895529Z INFO  utilrsw.logger   Reading cached file with all data for site 'Southaven': C:\Users\lwilker\Documents\GitHub\SWERVE-2024-05-10\data_processed\sites\southaven\data\_all.pkl
2026-02-04T17:49:16.196446Z INFO  utilrsw.logger Computing stats for 'Southaven' data
2026-02-04T17:49:17.254671Z INFO  utilrsw.logger   Uniq dts [ns] = [1000000000 2000000000]
2026-02-04T17:49:17.255667Z INFO  utilrsw.logger   Uniq dts [#]  = 2
2026-02-04T17:49:17.255667Z INFO  utilrsw.logger   Stats for GIC/measured/TVA:
2026-02-04T17:49:17.258164Z INFO  utilrsw.logger 
    std: [0.76622722]
    ave: [-0.04094765]
    min: [-7.66366667]
    max: [4.47716667]
    n: 2341
    n_valid: [2341]
    dt_original: [1000000000 2000000000]

2026-02-04T17:49:17.268625Z INFO  utilrsw.logger   Uniq dts [ns] = [60000000000]
2026-02-04T17:49:17.269631Z INFO  utilrsw.logger   Uniq dts [#]  = 1
2026-02-04T17:49:17.270646Z INFO  utilrsw.logger   Stats for GIC/calculated/GMU:
2026-02-04T17:49:17.272631Z INFO  utilrsw.logger 
    std: [0.29603442]
    ave: [0.00056324]
    min: [-2.02910774]
    max: [1.53539509]
    n: 2341
    n_valid: [2341]
    dt_original: [60000000000]

2026-02-04T17:49:17.273632Z INFO  utilrsw.logger   Metrics for GIC/calculated/GMU:
2026-02-04T17:49:17.275639Z INFO  utilrsw.logger 
    err_rms: [0.69067851]
    err_ave: [-0.04151088]
    err: [[ 0.2801717 ]
 [ 0.29689129]
 [ 0.34292599]
 ...
 [-0.22797788]
 [-0.27729355]
 [-0.3860652 ]]
    cc: [0.43959617]
    pe: [0.18747499]
    valid: [[ True]
 [ True]
 [ True]
 ...
 [ True]
 [ True]
 [ True]]
    n_valid: [2341]

2026-02-04T17:49:17.284949Z INFO  utilrsw.logger Plotting 'Southaven' data
2026-02-04T17:49:17.288951Z INFO  utilrsw.logger   Plotting 'Southaven/GIC/GMU' vs. measured data as timeseries
2026-02-04T17:49:18.866610Z INFO  utilrsw.logger     Writing C:\Users\lwilker\Documents\GitHub\SWERVE-2024-05-10\data_processed/sites/southaven/figures\compare\GIC_calculated_GMU_vs_measured_timeseries.png
2026-02-04T17:49:20.371857Z INFO  utilrsw.logger     Writing C:\Users\lwilker\Documents\GitHub\SWERVE-2024-05-10\data_processed/sites/southaven/figures\compare\GIC_calculated_GMU_vs_measured_timeseries.pdf
2026-02-04T17:49:20.954904Z INFO  utilrsw.logger   Plotting 'Southaven/GIC/GMU' vs. measured data as scatter
2026-02-04T17:49:22.271804Z INFO  utilrsw.logger     Writing C:\Users\lwilker\Documents\GitHub\SWERVE-2024-05-10\data_processed/sites/southaven/figures\compare\GIC_calculated_GMU_vs_measured_scatter.png
2026-02-04T17:49:23.897591Z INFO  utilrsw.logger     Writing C:\Users\lwilker\Documents\GitHub\SWERVE-2024-05-10\data_processed/sites/southaven/figures\compare\GIC_calculated_GMU_vs_measured_scatter.pdf
2026-02-04T17:49:24.478394Z INFO  utilrsw.logger   Plotting 'Southaven/GIC/measured/TVA' original vs. modified data
2026-02-04T17:49:29.427024Z INFO  utilrsw.logger     Writing C:\Users\lwilker\Documents\GitHub\SWERVE-2024-05-10\data_processed/sites/southaven/figures\original\GIC_measured_TVA.png
2026-02-04T17:49:31.767941Z INFO  utilrsw.logger     Writing C:\Users\lwilker\Documents\GitHub\SWERVE-2024-05-10\data_processed/sites/southaven/figures\original\GIC_measured_TVA.pdf
2026-02-04T17:49:32.489513Z INFO  utilrsw.logger   Plotting 'Southaven/GIC/calculated/GMU' original vs. modified data
2026-02-04T17:49:34.039657Z INFO  utilrsw.logger     Writing C:\Users\lwilker\Documents\GitHub\SWERVE-2024-05-10\data_processed/sites/southaven/figures\original\GIC_calculated_GMU.png
2026-02-04T17:49:35.862185Z INFO  utilrsw.logger     Writing C:\Users\lwilker\Documents\GitHub\SWERVE-2024-05-10\data_processed/sites/southaven/figures\original\GIC_calculated_GMU.pdf
2026-02-04T17:49:36.396421Z INFO  utilrsw.logger Reading 'Sullivan' data
2026-02-04T17:49:36.400092Z INFO  utilrsw.logger   Reading cached file with all data for site 'Sullivan': C:\Users\lwilker\Documents\GitHub\SWERVE-2024-05-10\data_processed\sites\sullivan\data\_all.pkl
2026-02-04T17:49:36.754018Z INFO  utilrsw.logger Computing stats for 'Sullivan' data
2026-02-04T17:49:38.011410Z INFO  utilrsw.logger   Uniq dts [ns] = [1000000000 2000000000]
2026-02-04T17:49:38.011410Z INFO  utilrsw.logger   Uniq dts [#]  = 2
2026-02-04T17:49:38.011410Z INFO  utilrsw.logger   Stats for GIC/measured/TVA:
2026-02-04T17:49:38.022715Z INFO  utilrsw.logger 
    std: [0.57402933]
    ave: [-0.00572238]
    min: [-5.16083333]
    max: [5.2915]
    n: 2341
    n_valid: [2341]
    dt_original: [1000000000 2000000000]

2026-02-04T17:49:38.051715Z INFO  utilrsw.logger   Uniq dts [ns] = [60000000000]
2026-02-04T17:49:38.051715Z INFO  utilrsw.logger   Uniq dts [#]  = 1
2026-02-04T17:49:38.056753Z INFO  utilrsw.logger   Stats for GIC/calculated/GMU:
2026-02-04T17:49:38.056753Z INFO  utilrsw.logger 
    std: [0.86431631]
    ave: [0.00039914]
    min: [-7.12652531]
    max: [9.31085696]
    n: 2341
    n_valid: [2341]
    dt_original: [60000000000]

2026-02-04T17:49:38.056753Z INFO  utilrsw.logger   Metrics for GIC/calculated/GMU:
2026-02-04T17:49:38.056753Z INFO  utilrsw.logger 
    err_rms: [0.78518111]
    err_ave: [-0.00612152]
    err: [[-0.02618659]
 [ 0.03229354]
 [-0.03708601]
 ...
 [-0.13726596]
 [-0.06757853]
 [-0.11195203]]
    cc: [0.46365719]
    pe: [-0.8709902]
    valid: [[ True]
 [ True]
 [ True]
 ...
 [ True]
 [ True]
 [ True]]
    n_valid: [2341]

2026-02-04T17:49:38.067824Z INFO  utilrsw.logger Plotting 'Sullivan' data
2026-02-04T17:49:38.077766Z INFO  utilrsw.logger   Plotting 'Sullivan/GIC/GMU' vs. measured data as timeseries
2026-02-04T17:49:39.482359Z INFO  utilrsw.logger     Writing C:\Users\lwilker\Documents\GitHub\SWERVE-2024-05-10\data_processed/sites/sullivan/figures\compare\GIC_calculated_GMU_vs_measured_timeseries.png
2026-02-04T17:49:41.080089Z INFO  utilrsw.logger     Writing C:\Users\lwilker\Documents\GitHub\SWERVE-2024-05-10\data_processed/sites/sullivan/figures\compare\GIC_calculated_GMU_vs_measured_timeseries.pdf
2026-02-04T17:49:41.621858Z INFO  utilrsw.logger   Plotting 'Sullivan/GIC/GMU' vs. measured data as scatter
2026-02-04T17:49:42.533357Z INFO  utilrsw.logger     Writing C:\Users\lwilker\Documents\GitHub\SWERVE-2024-05-10\data_processed/sites/sullivan/figures\compare\GIC_calculated_GMU_vs_measured_scatter.png
2026-02-04T17:49:44.064838Z INFO  utilrsw.logger     Writing C:\Users\lwilker\Documents\GitHub\SWERVE-2024-05-10\data_processed/sites/sullivan/figures\compare\GIC_calculated_GMU_vs_measured_scatter.pdf
2026-02-04T17:49:45.168427Z INFO  utilrsw.logger   Plotting 'Sullivan/GIC/measured/TVA' original vs. modified data
2026-02-04T17:49:50.208164Z INFO  utilrsw.logger     Writing C:\Users\lwilker\Documents\GitHub\SWERVE-2024-05-10\data_processed/sites/sullivan/figures\original\GIC_measured_TVA.png
2026-02-04T17:49:52.454193Z INFO  utilrsw.logger     Writing C:\Users\lwilker\Documents\GitHub\SWERVE-2024-05-10\data_processed/sites/sullivan/figures\original\GIC_measured_TVA.pdf
2026-02-04T17:49:53.086645Z INFO  utilrsw.logger   Plotting 'Sullivan/GIC/calculated/GMU' original vs. modified data
2026-02-04T17:49:54.640736Z INFO  utilrsw.logger     Writing C:\Users\lwilker\Documents\GitHub\SWERVE-2024-05-10\data_processed/sites/sullivan/figures\original\GIC_calculated_GMU.png
2026-02-04T17:49:56.207674Z INFO  utilrsw.logger     Writing C:\Users\lwilker\Documents\GitHub\SWERVE-2024-05-10\data_processed/sites/sullivan/figures\original\GIC_calculated_GMU.pdf
2026-02-04T17:49:56.639014Z INFO  utilrsw.logger Reading 'Union' data
2026-02-04T17:49:56.641019Z INFO  utilrsw.logger   Reading cached file with all data for site 'Union': C:\Users\lwilker\Documents\GitHub\SWERVE-2024-05-10\data_processed\sites\union\data\_all.pkl
2026-02-04T17:49:57.127695Z INFO  utilrsw.logger Computing stats for 'Union' data
2026-02-04T17:49:58.100249Z INFO  utilrsw.logger   Uniq dts [ns] = [1000000000]
2026-02-04T17:49:58.100249Z INFO  utilrsw.logger   Uniq dts [#]  = 1
2026-02-04T17:49:58.101240Z INFO  utilrsw.logger   Stats for GIC/measured/TVA:
2026-02-04T17:49:58.103242Z INFO  utilrsw.logger 
    std: [3.75231733]
    ave: [-0.01126876]
    min: [-28.29716667]
    max: [22.8665]
    n: 2341
    n_valid: [2341]
    dt_original: [1000000000]

2026-02-04T17:49:58.121247Z INFO  utilrsw.logger   Uniq dts [ns] = [60000000000]
2026-02-04T17:49:58.122241Z INFO  utilrsw.logger   Uniq dts [#]  = 1
2026-02-04T17:49:58.123240Z INFO  utilrsw.logger   Stats for GIC/calculated/TVA:
2026-02-04T17:49:58.124242Z INFO  utilrsw.logger 
    std: [3.54757232]
    ave: [-0.10847896]
    min: [-21.031031]
    max: [34.844452]
    n: 2341
    n_valid: [2341]
    dt_original: [60000000000]

2026-02-04T17:49:58.138242Z INFO  utilrsw.logger   Uniq dts [ns] = [60000000000]
2026-02-04T17:49:58.139241Z INFO  utilrsw.logger   Uniq dts [#]  = 1
2026-02-04T17:49:58.139241Z INFO  utilrsw.logger   Stats for GIC/calculated/GMU:
2026-02-04T17:49:58.146962Z INFO  utilrsw.logger 
    std: [1.83081498]
    ave: [-0.0052525]
    min: [-10.6823937]
    max: [15.445734]
    n: 2341
    n_valid: [2341]
    dt_original: [60000000000]

2026-02-04T17:49:58.148493Z WARN  utilrsw.logger   Multiplying measured data by -1 before computing pe.
2026-02-04T17:49:58.149493Z INFO  utilrsw.logger   Metrics for GIC/calculated/TVA:
2026-02-04T17:49:58.152489Z INFO  utilrsw.logger 
    err_rms: [6.96041682]
    err_ave: [0.0972102]
    err: [[ 2.36505867]
 [ 2.077395  ]
 [ 1.43476433]
 ...
 [-1.51733133]
 [-1.27486233]
 [-1.164625  ]]
    cc: [-0.8178119]
    pe: [0.6515102]
    valid: [[ True]
 [ True]
 [ True]
 ...
 [ True]
 [ True]
 [ True]]
    n_valid: [2341]

2026-02-04T17:49:58.154498Z WARN  utilrsw.logger   Multiplying measured data by -1 before computing pe.
2026-02-04T17:49:58.155504Z INFO  utilrsw.logger   Metrics for GIC/calculated/GMU:
2026-02-04T17:49:58.157491Z INFO  utilrsw.logger 
    err_rms: [5.27227826]
    err_ave: [-0.00601626]
    err: [[ 1.8146555 ]
 [ 1.50923479]
 [ 1.06204194]
 ...
 [-1.03018606]
 [-1.19852198]
 [-0.95248474]]
    cc: [-0.75439713]
    pe: [0.49808335]
    valid: [[ True]
 [ True]
 [ True]
 ...
 [ True]
 [ True]
 [ True]]
    n_valid: [2341]

2026-02-04T17:49:59.379941Z INFO  utilrsw.logger   Uniq dts [ns] = [1000000000 2000000000 3000000000 4000000000]
2026-02-04T17:49:59.380934Z INFO  utilrsw.logger   Uniq dts [#]  = 4
2026-02-04T17:49:59.380934Z INFO  utilrsw.logger   Stats for B/measured/TVA:
2026-02-04T17:49:59.383445Z INFO  utilrsw.logger 
    std: [98.19134013 64.91451123 64.78607061 87.66133771]
    ave: [-162.86407432  -24.52087232   24.7812127   182.507797  ]
    min: [-456.9325     -255.539      -185.1085        0.66084372]
    max: [199.60983333 166.935      315.34816667 484.10000703]
    n: 2341
    n_valid: [2341 2341 2341 2341]
    dt_original: [1000000000 2000000000 3000000000 4000000000]

2026-02-04T17:49:59.409481Z INFO  utilrsw.logger   Uniq dts [ns] = [60000000000]
2026-02-04T17:49:59.409481Z INFO  utilrsw.logger   Uniq dts [#]  = 1
2026-02-04T17:49:59.410478Z INFO  utilrsw.logger   Stats for B/calculated/SWMF:
2026-02-04T17:49:59.411884Z INFO  utilrsw.logger 
    std: [48.38479818 31.29293343 34.69772316 47.38232397]
    ave: [32.00458563  2.79985768 -4.99387232 45.90625727]
    min: [ -49.74151911  -56.72580437 -129.27958523    0.55929143]
    max: [178.69604492 155.21635321  92.29414611 233.77454164]
    n: 2341
    n_valid: [2340 2340 2340 2340]
    dt_original: [60000000000]

2026-02-04T17:49:59.421987Z INFO  utilrsw.logger   Uniq dts [ns] = [60000000000]
2026-02-04T17:49:59.422986Z INFO  utilrsw.logger   Uniq dts [#]  = 1
2026-02-04T17:49:59.422986Z INFO  utilrsw.logger   Stats for B/calculated/MAGE:
2026-02-04T17:49:59.424996Z INFO  utilrsw.logger 
    std: [301.96655107 299.29327975 328.68418196 198.90909975]
    ave: [ 13.32086966  33.00646359 297.66427745 377.44179355]
    min: [ -848.93760768 -1167.68124325 -1043.54663845    22.89401011]
    max: [ 659.58118177 1455.32512021 2160.98351269 1455.75299628]
    n: 2341
    n_valid: [1980 1980 1980 1980]
    dt_original: [60000000000]

2026-02-04T17:49:59.449303Z INFO  utilrsw.logger   Uniq dts [ns] = [60000000000]
2026-02-04T17:49:59.449303Z INFO  utilrsw.logger   Uniq dts [#]  = 1
2026-02-04T17:49:59.450784Z INFO  utilrsw.logger   Stats for B/calculated/OpenGGCM:
2026-02-04T17:49:59.453202Z INFO  utilrsw.logger 
    std: [ 76.10821209 333.37593388 136.27281948 250.01597591]
    ave: [-67.17478595 100.12771627  56.77708025 262.60616227]
    min: [-298.27138662 -663.06694705 -595.20173639    4.17788349]
    max: [ 236.75716607 1534.91373835  543.72420496 1547.85633561]
    n: 2341
    n_valid: [2341 2341 2341 2341]
    dt_original: [60000000000]

2026-02-04T17:49:59.456202Z WARN  utilrsw.logger   Multiplying measured data by -1 before computing pe.
2026-02-04T17:49:59.457205Z WARN  utilrsw.logger   Multiplying measured data by -1 before computing pe.
2026-02-04T17:49:59.459556Z INFO  utilrsw.logger   Metrics for B/calculated/SWMF:
2026-02-04T17:49:59.461911Z INFO  utilrsw.logger 
    err_rms: [228.88924925  77.96354284  71.9132825  155.92463481]
    err_ave: [-194.85822187  -27.29933058   29.80179714  136.59338097]
    err: [[-18.8493354   45.18084362 -12.08664692  42.35935414]
 [-18.39461574  45.24950381 -12.32373458  42.05908206]
 [-18.43677211  43.55727874 -11.80211046  39.6967735 ]
 ...
 [-98.52981618  10.0029242   14.53756969  93.90413693]
 [-99.37127594   8.53008333  14.81557663  94.49170004]
 [-99.5146514    8.91677131  15.04262629  94.42472197]]
    cc: [-0.2561142  -0.03425732  0.24865124  0.51486838]
    pe: [-1.76545153 -0.31104343 -0.2320893  -2.16254367]
    valid: [[ True  True  True  True]
 [ True  True  True  True]
 [ True  True  True  True]
 ...
 [ True  True  True  True]
 [ True  True  True  True]
 [ True  True  True  True]]
    n_valid: [2340 2340 2340 2340]

2026-02-04T17:49:59.467101Z INFO  utilrsw.logger   Metrics for B/calculated/MAGE:
2026-02-04T17:49:59.469102Z INFO  utilrsw.logger 
    err_rms: [357.24596464 287.84748451 401.44460906 252.47658818]
    err_ave: [-189.99087853  -65.04237947 -274.20257529 -178.81022066]
    err: [[-91.30598477  86.22156063 125.33548808 -34.01076292]
 [-92.29567235  87.72774831 122.18278085 -35.87553979]
 [-93.26824366  87.9464619  118.61498769 -39.76015456]
 ...
 [  9.28493162  99.31170247 -62.4984803  -49.28853892]
 [  4.9434893   96.73326946 -68.25702764 -43.31852837]
 [  7.94269983  79.28191316 -62.41352913 -35.64473032]]
    cc: [0.15992143 0.38509457 0.58578337 0.44407686]
    pe: [-11.75622278 -17.48347095 -31.86141294  -7.74949565]
    valid: [[ True  True  True  True]
 [ True  True  True  True]
 [ True  True  True  True]
 ...
 [False False False False]
 [False False False False]
 [False False False False]]
    n_valid: [1980 1980 1980 1980]

2026-02-04T17:49:59.472271Z WARN  utilrsw.logger   Multiplying measured data by -1 before computing pe.
2026-02-04T17:49:59.474293Z WARN  utilrsw.logger   Multiplying measured data by -1 before computing pe.
2026-02-04T17:49:59.476294Z INFO  utilrsw.logger   Metrics for B/calculated/OpenGGCM:
2026-02-04T17:49:59.478742Z INFO  utilrsw.logger 
    err_rms: [136.54383356 385.55993758 182.45823821 258.79151145]
    err_ave: [ -95.68928837 -124.64858859  -31.99586756  -80.09836526]
    err: [[  44.91261388  188.48059402 -131.3193793   -93.0799302 ]
 [  46.34740841  188.34244245 -130.45228835  -92.47052941]
 [  47.87316683  185.64765964 -126.48361392  -93.24303139]
 ...
 [   0.73874892   71.91281738  -52.30221144  -18.23372604]
 [   1.95555045   83.08847182  -51.84585943  -26.39713213]
 [   4.64192576   95.76196246  -51.37311892  -36.05332359]]
    cc: [ 0.39783805 -0.41046718 -0.53801157  0.21981377]
    pe: [ -0.93373879 -23.51509692  -3.74586598  -7.71533062]
    valid: [[ True  True  True  True]
 [ True  True  True  True]
 [ True  True  True  True]
 ...
 [ True  True  True  True]
 [ True  True  True  True]
 [ True  True  True  True]]
    n_valid: [2341 2341 2341 2341]

2026-02-04T17:49:59.514428Z INFO  utilrsw.logger Plotting 'Union' data
2026-02-04T17:49:59.518426Z INFO  utilrsw.logger   Plotting all 'Union/GIC' calculated vs. measured data as timeseries
2026-02-04T17:50:01.160566Z INFO  utilrsw.logger     Writing C:\Users\lwilker\Documents\GitHub\SWERVE-2024-05-10\data_processed/sites/union/figures\compare\GIC_calculated_all_vs_measured_timeseries.png
2026-02-04T17:50:02.754873Z INFO  utilrsw.logger     Writing C:\Users\lwilker\Documents\GitHub\SWERVE-2024-05-10\data_processed/sites/union/figures\compare\GIC_calculated_all_vs_measured_timeseries.pdf
2026-02-04T17:50:03.240410Z INFO  utilrsw.logger     Writing C:\Users\lwilker\Documents\GitHub\2024-May-Storm-paper\figures\_processed\union\GIC_compare_timeseries.pdf
2026-02-04T17:50:03.826153Z INFO  utilrsw.logger   Plotting all 'Union/GIC' calculated vs. measured data as timeseries
2026-02-04T17:50:05.506489Z INFO  utilrsw.logger     Writing C:\Users\lwilker\Documents\GitHub\SWERVE-2024-05-10\data_processed/sites/union/figures\compare\GIC_calculated_all_vs_measured_timeseries.png
2026-02-04T17:50:07.243038Z INFO  utilrsw.logger     Writing C:\Users\lwilker\Documents\GitHub\SWERVE-2024-05-10\data_processed/sites/union/figures\compare\GIC_calculated_all_vs_measured_timeseries.pdf
2026-02-04T17:50:07.818337Z INFO  utilrsw.logger     Writing C:\Users\lwilker\Documents\GitHub\2024-May-Storm-paper\figures\_processed\union\GIC_compare_timeseries.pdf
2026-02-04T17:50:08.405493Z INFO  utilrsw.logger   Plotting 'Union/GIC/TVA' vs. measured data as timeseries
2026-02-04T17:50:10.745974Z INFO  utilrsw.logger     Writing C:\Users\lwilker\Documents\GitHub\SWERVE-2024-05-10\data_processed/sites/union/figures\compare\GIC_calculated_TVA_vs_measured_timeseries.png
2026-02-04T17:50:12.340990Z INFO  utilrsw.logger     Writing C:\Users\lwilker\Documents\GitHub\SWERVE-2024-05-10\data_processed/sites/union/figures\compare\GIC_calculated_TVA_vs_measured_timeseries.pdf
2026-02-04T17:50:12.824469Z INFO  utilrsw.logger   Plotting 'Union/GIC/GMU' vs. measured data as timeseries
2026-02-04T17:50:14.493285Z INFO  utilrsw.logger     Writing C:\Users\lwilker\Documents\GitHub\SWERVE-2024-05-10\data_processed/sites/union/figures\compare\GIC_calculated_GMU_vs_measured_timeseries.png
2026-02-04T17:50:16.048276Z INFO  utilrsw.logger     Writing C:\Users\lwilker\Documents\GitHub\SWERVE-2024-05-10\data_processed/sites/union/figures\compare\GIC_calculated_GMU_vs_measured_timeseries.pdf
2026-02-04T17:50:16.542177Z INFO  utilrsw.logger   Plotting all 'Union/GIC' calculated vs. measured data as scatter
2026-02-04T17:50:17.508732Z INFO  utilrsw.logger     Writing C:\Users\lwilker\Documents\GitHub\SWERVE-2024-05-10\data_processed/sites/union/figures\compare\GIC_calculated_all_vs_measured_scatter.png
2026-02-04T17:50:19.137481Z INFO  utilrsw.logger     Writing C:\Users\lwilker\Documents\GitHub\SWERVE-2024-05-10\data_processed/sites/union/figures\compare\GIC_calculated_all_vs_measured_scatter.pdf
2026-02-04T17:50:19.958860Z INFO  utilrsw.logger     Writing C:\Users\lwilker\Documents\GitHub\2024-May-Storm-paper\figures\_processed\union\GIC_compare_scatter.pdf
2026-02-04T17:50:20.783743Z INFO  utilrsw.logger   Plotting all 'Union/GIC' calculated vs. measured data as scatter
2026-02-04T17:50:22.061229Z INFO  utilrsw.logger     Writing C:\Users\lwilker\Documents\GitHub\SWERVE-2024-05-10\data_processed/sites/union/figures\compare\GIC_calculated_all_vs_measured_scatter.png
2026-02-04T17:50:23.583387Z INFO  utilrsw.logger     Writing C:\Users\lwilker\Documents\GitHub\SWERVE-2024-05-10\data_processed/sites/union/figures\compare\GIC_calculated_all_vs_measured_scatter.pdf
2026-02-04T17:50:24.408283Z INFO  utilrsw.logger     Writing C:\Users\lwilker\Documents\GitHub\2024-May-Storm-paper\figures\_processed\union\GIC_compare_scatter.pdf
2026-02-04T17:50:25.275273Z INFO  utilrsw.logger   Plotting 'Union/GIC/TVA' vs. measured data as scatter
2026-02-04T17:50:26.228165Z INFO  utilrsw.logger     Writing C:\Users\lwilker\Documents\GitHub\SWERVE-2024-05-10\data_processed/sites/union/figures\compare\GIC_calculated_TVA_vs_measured_scatter.png
2026-02-04T17:50:27.689021Z INFO  utilrsw.logger     Writing C:\Users\lwilker\Documents\GitHub\SWERVE-2024-05-10\data_processed/sites/union/figures\compare\GIC_calculated_TVA_vs_measured_scatter.pdf
2026-02-04T17:50:28.299368Z INFO  utilrsw.logger   Plotting 'Union/GIC/GMU' vs. measured data as scatter
2026-02-04T17:50:29.086291Z INFO  utilrsw.logger     Writing C:\Users\lwilker\Documents\GitHub\SWERVE-2024-05-10\data_processed/sites/union/figures\compare\GIC_calculated_GMU_vs_measured_scatter.png
2026-02-04T17:50:30.531071Z INFO  utilrsw.logger     Writing C:\Users\lwilker\Documents\GitHub\SWERVE-2024-05-10\data_processed/sites/union/figures\compare\GIC_calculated_GMU_vs_measured_scatter.pdf
2026-02-04T17:50:31.102980Z INFO  utilrsw.logger   Plotting 'Union/GIC/measured/TVA' original vs. modified data
2026-02-04T17:50:35.737674Z INFO  utilrsw.logger     Writing C:\Users\lwilker\Documents\GitHub\SWERVE-2024-05-10\data_processed/sites/union/figures\original\GIC_measured_TVA.png
2026-02-04T17:50:37.683356Z INFO  utilrsw.logger     Writing C:\Users\lwilker\Documents\GitHub\SWERVE-2024-05-10\data_processed/sites/union/figures\original\GIC_measured_TVA.pdf
2026-02-04T17:50:38.270872Z INFO  utilrsw.logger   Plotting 'Union/GIC/calculated/TVA' original vs. modified data
2026-02-04T17:50:39.671097Z INFO  utilrsw.logger     Writing C:\Users\lwilker\Documents\GitHub\SWERVE-2024-05-10\data_processed/sites/union/figures\original\GIC_calculated_TVA.png
2026-02-04T17:50:41.459749Z INFO  utilrsw.logger     Writing C:\Users\lwilker\Documents\GitHub\SWERVE-2024-05-10\data_processed/sites/union/figures\original\GIC_calculated_TVA.pdf
2026-02-04T17:50:41.952574Z INFO  utilrsw.logger   Plotting 'Union/GIC/calculated/GMU' original vs. modified data
2026-02-04T17:50:43.672715Z INFO  utilrsw.logger     Writing C:\Users\lwilker\Documents\GitHub\SWERVE-2024-05-10\data_processed/sites/union/figures\original\GIC_calculated_GMU.png
2026-02-04T17:50:45.648131Z INFO  utilrsw.logger     Writing C:\Users\lwilker\Documents\GitHub\SWERVE-2024-05-10\data_processed/sites/union/figures\original\GIC_calculated_GMU.pdf
2026-02-04T17:50:46.121563Z INFO  utilrsw.logger   Plotting 'Union/B/calculated/MAGE/raw' data
2026-02-04T17:50:50.397096Z INFO  utilrsw.logger     Writing C:\Users\lwilker\Documents\GitHub\SWERVE-2024-05-10\data_processed/sites/union/figures\raw\B_calculated_MAGE.png
2026-02-04T17:50:51.263330Z INFO  utilrsw.logger     Writing C:\Users\lwilker\Documents\GitHub\SWERVE-2024-05-10\data_processed/sites/union/figures\raw\B_calculated_MAGE.pdf
2026-02-04T17:50:51.272022Z INFO  utilrsw.logger   Plotting 'Union/B/calculated/MAGE/raw' to compare dBn with dBt and dBp
2026-02-04T17:50:52.872066Z INFO  utilrsw.logger     Writing C:\Users\lwilker\Documents\GitHub\SWERVE-2024-05-10\data_processed/sites/union/figures\raw\B_calculated_MAGE_compare_dBn_dBt_dBp.png
2026-02-04T17:50:54.950725Z INFO  utilrsw.logger     Writing C:\Users\lwilker\Documents\GitHub\SWERVE-2024-05-10\data_processed/sites/union/figures\raw\B_calculated_MAGE_compare_dBn_dBt_dBp.pdf
2026-02-04T17:50:55.915842Z INFO  utilrsw.logger   Plotting all 'Union/B' calculated vs. measured data as timeseries
2026-02-04T17:51:01.039213Z INFO  utilrsw.logger     Writing C:\Users\lwilker\Documents\GitHub\SWERVE-2024-05-10\data_processed/sites/union/figures\compare\Bx_calculated_all_vs_measured_timeseries.png
2026-02-04T17:51:02.611534Z INFO  utilrsw.logger     Writing C:\Users\lwilker\Documents\GitHub\SWERVE-2024-05-10\data_processed/sites/union/figures\compare\Bx_calculated_all_vs_measured_timeseries.pdf
2026-02-04T17:51:03.372431Z INFO  utilrsw.logger     Writing C:\Users\lwilker\Documents\GitHub\SWERVE-2024-05-10\data_processed/sites/union/figures\compare\By_calculated_all_vs_measured_timeseries.png
2026-02-04T17:51:04.972641Z INFO  utilrsw.logger     Writing C:\Users\lwilker\Documents\GitHub\SWERVE-2024-05-10\data_processed/sites/union/figures\compare\By_calculated_all_vs_measured_timeseries.pdf
2026-02-04T17:51:05.877883Z INFO  utilrsw.logger     Writing C:\Users\lwilker\Documents\GitHub\SWERVE-2024-05-10\data_processed/sites/union/figures\compare\Bz_calculated_all_vs_measured_timeseries.png
2026-02-04T17:51:07.384623Z INFO  utilrsw.logger     Writing C:\Users\lwilker\Documents\GitHub\SWERVE-2024-05-10\data_processed/sites/union/figures\compare\Bz_calculated_all_vs_measured_timeseries.pdf
2026-02-04T17:51:08.094906Z INFO  utilrsw.logger     Writing C:\Users\lwilker\Documents\GitHub\SWERVE-2024-05-10\data_processed/sites/union/figures\compare\B_H_calculated_all_vs_measured_timeseries.png
2026-02-04T17:51:10.026396Z INFO  utilrsw.logger     Writing C:\Users\lwilker\Documents\GitHub\SWERVE-2024-05-10\data_processed/sites/union/figures\compare\B_H_calculated_all_vs_measured_timeseries.pdf
2026-02-04T17:51:10.963087Z INFO  utilrsw.logger   Plotting all 'Union/B' calculated vs. measured data as timeseries
2026-02-04T17:51:17.650923Z INFO  utilrsw.logger     Writing C:\Users\lwilker\Documents\GitHub\SWERVE-2024-05-10\data_processed/sites/union/figures\compare\Bx_calculated_all_vs_measured_timeseries.png
2026-02-04T17:51:19.401430Z INFO  utilrsw.logger     Writing C:\Users\lwilker\Documents\GitHub\SWERVE-2024-05-10\data_processed/sites/union/figures\compare\Bx_calculated_all_vs_measured_timeseries.pdf
2026-02-04T17:51:20.369129Z INFO  utilrsw.logger     Writing C:\Users\lwilker\Documents\GitHub\SWERVE-2024-05-10\data_processed/sites/union/figures\compare\By_calculated_all_vs_measured_timeseries.png
2026-02-04T17:51:22.014120Z INFO  utilrsw.logger     Writing C:\Users\lwilker\Documents\GitHub\SWERVE-2024-05-10\data_processed/sites/union/figures\compare\By_calculated_all_vs_measured_timeseries.pdf
2026-02-04T17:51:22.855854Z INFO  utilrsw.logger     Writing C:\Users\lwilker\Documents\GitHub\SWERVE-2024-05-10\data_processed/sites/union/figures\compare\Bz_calculated_all_vs_measured_timeseries.png
2026-02-04T17:51:24.433472Z INFO  utilrsw.logger     Writing C:\Users\lwilker\Documents\GitHub\SWERVE-2024-05-10\data_processed/sites/union/figures\compare\Bz_calculated_all_vs_measured_timeseries.pdf
2026-02-04T17:51:25.651278Z INFO  utilrsw.logger     Writing C:\Users\lwilker\Documents\GitHub\SWERVE-2024-05-10\data_processed/sites/union/figures\compare\B_H_calculated_all_vs_measured_timeseries.png
2026-02-04T17:51:27.419178Z INFO  utilrsw.logger     Writing C:\Users\lwilker\Documents\GitHub\SWERVE-2024-05-10\data_processed/sites/union/figures\compare\B_H_calculated_all_vs_measured_timeseries.pdf
2026-02-04T17:51:28.065150Z INFO  utilrsw.logger   Plotting 'Union/B/SWMF' vs. measured data as timeseries
2026-02-04T17:51:34.175913Z INFO  utilrsw.logger     Writing C:\Users\lwilker\Documents\GitHub\SWERVE-2024-05-10\data_processed/sites/union/figures\compare\Bx_calculated_SWMF_vs_measured_timeseries.png
2026-02-04T17:51:35.710963Z INFO  utilrsw.logger     Writing C:\Users\lwilker\Documents\GitHub\SWERVE-2024-05-10\data_processed/sites/union/figures\compare\Bx_calculated_SWMF_vs_measured_timeseries.pdf
2026-02-04T17:51:36.433759Z INFO  utilrsw.logger     Writing C:\Users\lwilker\Documents\GitHub\SWERVE-2024-05-10\data_processed/sites/union/figures\compare\By_calculated_SWMF_vs_measured_timeseries.png
2026-02-04T17:51:38.051361Z INFO  utilrsw.logger     Writing C:\Users\lwilker\Documents\GitHub\SWERVE-2024-05-10\data_processed/sites/union/figures\compare\By_calculated_SWMF_vs_measured_timeseries.pdf
2026-02-04T17:51:38.731668Z INFO  utilrsw.logger     Writing C:\Users\lwilker\Documents\GitHub\SWERVE-2024-05-10\data_processed/sites/union/figures\compare\Bz_calculated_SWMF_vs_measured_timeseries.png
2026-02-04T17:51:40.217808Z INFO  utilrsw.logger     Writing C:\Users\lwilker\Documents\GitHub\SWERVE-2024-05-10\data_processed/sites/union/figures\compare\Bz_calculated_SWMF_vs_measured_timeseries.pdf
2026-02-04T17:51:40.935090Z INFO  utilrsw.logger     Writing C:\Users\lwilker\Documents\GitHub\SWERVE-2024-05-10\data_processed/sites/union/figures\compare\B_H_calculated_SWMF_vs_measured_timeseries.png
2026-02-04T17:51:42.569402Z INFO  utilrsw.logger     Writing C:\Users\lwilker\Documents\GitHub\SWERVE-2024-05-10\data_processed/sites/union/figures\compare\B_H_calculated_SWMF_vs_measured_timeseries.pdf
2026-02-04T17:51:43.190872Z INFO  utilrsw.logger   Plotting 'Union/B/MAGE' vs. measured data as timeseries
2026-02-04T17:51:49.474624Z INFO  utilrsw.logger     Writing C:\Users\lwilker\Documents\GitHub\SWERVE-2024-05-10\data_processed/sites/union/figures\compare\Bx_calculated_MAGE_vs_measured_timeseries.png
2026-02-04T17:51:51.104181Z INFO  utilrsw.logger     Writing C:\Users\lwilker\Documents\GitHub\SWERVE-2024-05-10\data_processed/sites/union/figures\compare\Bx_calculated_MAGE_vs_measured_timeseries.pdf
2026-02-04T17:51:51.913390Z INFO  utilrsw.logger     Writing C:\Users\lwilker\Documents\GitHub\SWERVE-2024-05-10\data_processed/sites/union/figures\compare\By_calculated_MAGE_vs_measured_timeseries.png
2026-02-04T17:51:53.412840Z INFO  utilrsw.logger     Writing C:\Users\lwilker\Documents\GitHub\SWERVE-2024-05-10\data_processed/sites/union/figures\compare\By_calculated_MAGE_vs_measured_timeseries.pdf
2026-02-04T17:51:54.240122Z INFO  utilrsw.logger     Writing C:\Users\lwilker\Documents\GitHub\SWERVE-2024-05-10\data_processed/sites/union/figures\compare\Bz_calculated_MAGE_vs_measured_timeseries.png
2026-02-04T17:51:55.800334Z INFO  utilrsw.logger     Writing C:\Users\lwilker\Documents\GitHub\SWERVE-2024-05-10\data_processed/sites/union/figures\compare\Bz_calculated_MAGE_vs_measured_timeseries.pdf
2026-02-04T17:51:56.617768Z INFO  utilrsw.logger     Writing C:\Users\lwilker\Documents\GitHub\SWERVE-2024-05-10\data_processed/sites/union/figures\compare\B_H_calculated_MAGE_vs_measured_timeseries.png
2026-02-04T17:51:58.110011Z INFO  utilrsw.logger     Writing C:\Users\lwilker\Documents\GitHub\SWERVE-2024-05-10\data_processed/sites/union/figures\compare\B_H_calculated_MAGE_vs_measured_timeseries.pdf
2026-02-04T17:51:58.689985Z INFO  utilrsw.logger   Plotting 'Union/B/OpenGGCM' vs. measured data as timeseries
2026-02-04T17:52:04.937438Z INFO  utilrsw.logger     Writing C:\Users\lwilker\Documents\GitHub\SWERVE-2024-05-10\data_processed/sites/union/figures\compare\Bx_calculated_OpenGGCM_vs_measured_timeseries.png
2026-02-04T17:52:06.557725Z INFO  utilrsw.logger     Writing C:\Users\lwilker\Documents\GitHub\SWERVE-2024-05-10\data_processed/sites/union/figures\compare\Bx_calculated_OpenGGCM_vs_measured_timeseries.pdf
2026-02-04T17:52:07.357330Z INFO  utilrsw.logger     Writing C:\Users\lwilker\Documents\GitHub\SWERVE-2024-05-10\data_processed/sites/union/figures\compare\By_calculated_OpenGGCM_vs_measured_timeseries.png
2026-02-04T17:52:08.724404Z INFO  utilrsw.logger     Writing C:\Users\lwilker\Documents\GitHub\SWERVE-2024-05-10\data_processed/sites/union/figures\compare\By_calculated_OpenGGCM_vs_measured_timeseries.pdf
2026-02-04T17:52:09.437515Z INFO  utilrsw.logger     Writing C:\Users\lwilker\Documents\GitHub\SWERVE-2024-05-10\data_processed/sites/union/figures\compare\Bz_calculated_OpenGGCM_vs_measured_timeseries.png
2026-02-04T17:52:10.871799Z INFO  utilrsw.logger     Writing C:\Users\lwilker\Documents\GitHub\SWERVE-2024-05-10\data_processed/sites/union/figures\compare\Bz_calculated_OpenGGCM_vs_measured_timeseries.pdf
2026-02-04T17:52:11.571545Z INFO  utilrsw.logger     Writing C:\Users\lwilker\Documents\GitHub\SWERVE-2024-05-10\data_processed/sites/union/figures\compare\B_H_calculated_OpenGGCM_vs_measured_timeseries.png
2026-02-04T17:52:13.107606Z INFO  utilrsw.logger     Writing C:\Users\lwilker\Documents\GitHub\SWERVE-2024-05-10\data_processed/sites/union/figures\compare\B_H_calculated_OpenGGCM_vs_measured_timeseries.pdf
2026-02-04T17:52:13.687034Z INFO  utilrsw.logger   Plotting all 'Union/B' calculated vs. measured data as scatter
2026-02-04T17:52:18.526652Z INFO  utilrsw.logger     Writing C:\Users\lwilker\Documents\GitHub\SWERVE-2024-05-10\data_processed/sites/union/figures\compare\Bx_calculated_all_vs_measured_scatter.png
2026-02-04T17:52:20.261076Z INFO  utilrsw.logger     Writing C:\Users\lwilker\Documents\GitHub\SWERVE-2024-05-10\data_processed/sites/union/figures\compare\Bx_calculated_all_vs_measured_scatter.pdf
2026-02-04T17:52:21.522247Z INFO  utilrsw.logger     Writing C:\Users\lwilker\Documents\GitHub\SWERVE-2024-05-10\data_processed/sites/union/figures\compare\By_calculated_all_vs_measured_scatter.png
2026-02-04T17:52:23.142601Z INFO  utilrsw.logger     Writing C:\Users\lwilker\Documents\GitHub\SWERVE-2024-05-10\data_processed/sites/union/figures\compare\By_calculated_all_vs_measured_scatter.pdf
2026-02-04T17:52:24.387579Z INFO  utilrsw.logger     Writing C:\Users\lwilker\Documents\GitHub\SWERVE-2024-05-10\data_processed/sites/union/figures\compare\Bz_calculated_all_vs_measured_scatter.png
2026-02-04T17:52:26.135799Z INFO  utilrsw.logger     Writing C:\Users\lwilker\Documents\GitHub\SWERVE-2024-05-10\data_processed/sites/union/figures\compare\Bz_calculated_all_vs_measured_scatter.pdf
2026-02-04T17:52:27.397092Z INFO  utilrsw.logger     Writing C:\Users\lwilker\Documents\GitHub\SWERVE-2024-05-10\data_processed/sites/union/figures\compare\B_H_calculated_all_vs_measured_scatter.png
2026-02-04T17:52:29.185142Z INFO  utilrsw.logger     Writing C:\Users\lwilker\Documents\GitHub\SWERVE-2024-05-10\data_processed/sites/union/figures\compare\B_H_calculated_all_vs_measured_scatter.pdf
2026-02-04T17:52:30.285607Z INFO  utilrsw.logger   Plotting all 'Union/B' calculated vs. measured data as scatter
2026-02-04T17:52:34.457880Z INFO  utilrsw.logger     Writing C:\Users\lwilker\Documents\GitHub\SWERVE-2024-05-10\data_processed/sites/union/figures\compare\Bx_calculated_all_vs_measured_scatter.png
2026-02-04T17:52:36.070501Z INFO  utilrsw.logger     Writing C:\Users\lwilker\Documents\GitHub\SWERVE-2024-05-10\data_processed/sites/union/figures\compare\Bx_calculated_all_vs_measured_scatter.pdf
2026-02-04T17:52:37.289057Z INFO  utilrsw.logger     Writing C:\Users\lwilker\Documents\GitHub\SWERVE-2024-05-10\data_processed/sites/union/figures\compare\By_calculated_all_vs_measured_scatter.png
2026-02-04T17:52:38.886077Z INFO  utilrsw.logger     Writing C:\Users\lwilker\Documents\GitHub\SWERVE-2024-05-10\data_processed/sites/union/figures\compare\By_calculated_all_vs_measured_scatter.pdf
2026-02-04T17:52:40.075560Z INFO  utilrsw.logger     Writing C:\Users\lwilker\Documents\GitHub\SWERVE-2024-05-10\data_processed/sites/union/figures\compare\Bz_calculated_all_vs_measured_scatter.png
2026-02-04T17:52:41.756939Z INFO  utilrsw.logger     Writing C:\Users\lwilker\Documents\GitHub\SWERVE-2024-05-10\data_processed/sites/union/figures\compare\Bz_calculated_all_vs_measured_scatter.pdf
2026-02-04T17:52:43.028998Z INFO  utilrsw.logger     Writing C:\Users\lwilker\Documents\GitHub\SWERVE-2024-05-10\data_processed/sites/union/figures\compare\B_H_calculated_all_vs_measured_scatter.png
2026-02-04T17:52:44.785908Z INFO  utilrsw.logger     Writing C:\Users\lwilker\Documents\GitHub\SWERVE-2024-05-10\data_processed/sites/union/figures\compare\B_H_calculated_all_vs_measured_scatter.pdf
2026-02-04T17:52:45.922929Z INFO  utilrsw.logger   Plotting 'Union/B/SWMF' vs. measured data as scatter
2026-02-04T17:52:50.349588Z INFO  utilrsw.logger     Writing C:\Users\lwilker\Documents\GitHub\SWERVE-2024-05-10\data_processed/sites/union/figures\compare\Bx_calculated_SWMF_vs_measured_scatter.png
2026-02-04T17:52:51.857097Z INFO  utilrsw.logger     Writing C:\Users\lwilker\Documents\GitHub\SWERVE-2024-05-10\data_processed/sites/union/figures\compare\Bx_calculated_SWMF_vs_measured_scatter.pdf
2026-02-04T17:52:52.777364Z INFO  utilrsw.logger     Writing C:\Users\lwilker\Documents\GitHub\SWERVE-2024-05-10\data_processed/sites/union/figures\compare\By_calculated_SWMF_vs_measured_scatter.png
2026-02-04T17:52:54.116542Z INFO  utilrsw.logger     Writing C:\Users\lwilker\Documents\GitHub\SWERVE-2024-05-10\data_processed/sites/union/figures\compare\By_calculated_SWMF_vs_measured_scatter.pdf
2026-02-04T17:52:54.890937Z INFO  utilrsw.logger     Writing C:\Users\lwilker\Documents\GitHub\SWERVE-2024-05-10\data_processed/sites/union/figures\compare\Bz_calculated_SWMF_vs_measured_scatter.png
2026-02-04T17:52:56.309725Z INFO  utilrsw.logger     Writing C:\Users\lwilker\Documents\GitHub\SWERVE-2024-05-10\data_processed/sites/union/figures\compare\Bz_calculated_SWMF_vs_measured_scatter.pdf
2026-02-04T17:52:57.123701Z INFO  utilrsw.logger     Writing C:\Users\lwilker\Documents\GitHub\SWERVE-2024-05-10\data_processed/sites/union/figures\compare\B_H_calculated_SWMF_vs_measured_scatter.png
2026-02-04T17:52:58.557341Z INFO  utilrsw.logger     Writing C:\Users\lwilker\Documents\GitHub\SWERVE-2024-05-10\data_processed/sites/union/figures\compare\B_H_calculated_SWMF_vs_measured_scatter.pdf
2026-02-04T17:52:59.224287Z INFO  utilrsw.logger   Plotting 'Union/B/MAGE' vs. measured data as scatter
2026-02-04T17:53:03.031206Z INFO  utilrsw.logger     Writing C:\Users\lwilker\Documents\GitHub\SWERVE-2024-05-10\data_processed/sites/union/figures\compare\Bx_calculated_MAGE_vs_measured_scatter.png
2026-02-04T17:53:04.396211Z INFO  utilrsw.logger     Writing C:\Users\lwilker\Documents\GitHub\SWERVE-2024-05-10\data_processed/sites/union/figures\compare\Bx_calculated_MAGE_vs_measured_scatter.pdf
2026-02-04T17:53:05.224651Z INFO  utilrsw.logger     Writing C:\Users\lwilker\Documents\GitHub\SWERVE-2024-05-10\data_processed/sites/union/figures\compare\By_calculated_MAGE_vs_measured_scatter.png
2026-02-04T17:53:06.592090Z INFO  utilrsw.logger     Writing C:\Users\lwilker\Documents\GitHub\SWERVE-2024-05-10\data_processed/sites/union/figures\compare\By_calculated_MAGE_vs_measured_scatter.pdf
2026-02-04T17:53:07.386411Z INFO  utilrsw.logger     Writing C:\Users\lwilker\Documents\GitHub\SWERVE-2024-05-10\data_processed/sites/union/figures\compare\Bz_calculated_MAGE_vs_measured_scatter.png
2026-02-04T17:53:08.836713Z INFO  utilrsw.logger     Writing C:\Users\lwilker\Documents\GitHub\SWERVE-2024-05-10\data_processed/sites/union/figures\compare\Bz_calculated_MAGE_vs_measured_scatter.pdf
2026-02-04T17:53:09.706499Z INFO  utilrsw.logger     Writing C:\Users\lwilker\Documents\GitHub\SWERVE-2024-05-10\data_processed/sites/union/figures\compare\B_H_calculated_MAGE_vs_measured_scatter.png
2026-02-04T17:53:11.180634Z INFO  utilrsw.logger     Writing C:\Users\lwilker\Documents\GitHub\SWERVE-2024-05-10\data_processed/sites/union/figures\compare\B_H_calculated_MAGE_vs_measured_scatter.pdf
2026-02-04T17:53:11.845105Z INFO  utilrsw.logger   Plotting 'Union/B/OpenGGCM' vs. measured data as scatter
2026-02-04T17:53:15.616850Z INFO  utilrsw.logger     Writing C:\Users\lwilker\Documents\GitHub\SWERVE-2024-05-10\data_processed/sites/union/figures\compare\Bx_calculated_OpenGGCM_vs_measured_scatter.png
2026-02-04T17:53:17.046926Z INFO  utilrsw.logger     Writing C:\Users\lwilker\Documents\GitHub\SWERVE-2024-05-10\data_processed/sites/union/figures\compare\Bx_calculated_OpenGGCM_vs_measured_scatter.pdf
2026-02-04T17:53:17.908003Z INFO  utilrsw.logger     Writing C:\Users\lwilker\Documents\GitHub\SWERVE-2024-05-10\data_processed/sites/union/figures\compare\By_calculated_OpenGGCM_vs_measured_scatter.png
2026-02-04T17:53:19.370450Z INFO  utilrsw.logger     Writing C:\Users\lwilker\Documents\GitHub\SWERVE-2024-05-10\data_processed/sites/union/figures\compare\By_calculated_OpenGGCM_vs_measured_scatter.pdf
2026-02-04T17:53:20.204370Z INFO  utilrsw.logger     Writing C:\Users\lwilker\Documents\GitHub\SWERVE-2024-05-10\data_processed/sites/union/figures\compare\Bz_calculated_OpenGGCM_vs_measured_scatter.png
2026-02-04T17:53:21.658637Z INFO  utilrsw.logger     Writing C:\Users\lwilker\Documents\GitHub\SWERVE-2024-05-10\data_processed/sites/union/figures\compare\Bz_calculated_OpenGGCM_vs_measured_scatter.pdf
2026-02-04T17:53:22.508527Z INFO  utilrsw.logger     Writing C:\Users\lwilker\Documents\GitHub\SWERVE-2024-05-10\data_processed/sites/union/figures\compare\B_H_calculated_OpenGGCM_vs_measured_scatter.png
2026-02-04T17:53:24.072786Z INFO  utilrsw.logger     Writing C:\Users\lwilker\Documents\GitHub\SWERVE-2024-05-10\data_processed/sites/union/figures\compare\B_H_calculated_OpenGGCM_vs_measured_scatter.pdf
2026-02-04T17:53:24.775024Z INFO  utilrsw.logger   Plotting 'Union/B/measured/TVA' original vs. modified data
2026-02-04T17:53:39.638275Z INFO  utilrsw.logger     Writing C:\Users\lwilker\Documents\GitHub\SWERVE-2024-05-10\data_processed/sites/union/figures\original\B_measured_TVA.png
2026-02-04T17:53:41.005634Z INFO  utilrsw.logger     Writing C:\Users\lwilker\Documents\GitHub\SWERVE-2024-05-10\data_processed/sites/union/figures\original\B_measured_TVA.pdf
2026-02-04T17:53:42.610013Z INFO  utilrsw.logger     Writing C:\Users\lwilker\Documents\GitHub\SWERVE-2024-05-10\data_processed/sites/union/figures\original\B_measured_TVA.png
2026-02-04T17:53:44.011953Z INFO  utilrsw.logger     Writing C:\Users\lwilker\Documents\GitHub\SWERVE-2024-05-10\data_processed/sites/union/figures\original\B_measured_TVA.pdf
2026-02-04T17:53:45.437661Z INFO  utilrsw.logger     Writing C:\Users\lwilker\Documents\GitHub\SWERVE-2024-05-10\data_processed/sites/union/figures\original\B_measured_TVA.png
2026-02-04T17:53:46.941426Z INFO  utilrsw.logger     Writing C:\Users\lwilker\Documents\GitHub\SWERVE-2024-05-10\data_processed/sites/union/figures\original\B_measured_TVA.pdf
2026-02-04T17:53:47.424627Z INFO  utilrsw.logger   Plotting 'Union/B/calculated/SWMF' original vs. modified data
2026-02-04T17:53:51.770417Z INFO  utilrsw.logger     Writing C:\Users\lwilker\Documents\GitHub\SWERVE-2024-05-10\data_processed/sites/union/figures\original\B_calculated_SWMF.png
2026-02-04T17:53:53.405122Z INFO  utilrsw.logger     Writing C:\Users\lwilker\Documents\GitHub\SWERVE-2024-05-10\data_processed/sites/union/figures\original\B_calculated_SWMF.pdf
2026-02-04T17:53:54.153893Z INFO  utilrsw.logger     Writing C:\Users\lwilker\Documents\GitHub\SWERVE-2024-05-10\data_processed/sites/union/figures\original\B_calculated_SWMF.png
2026-02-04T17:53:55.594696Z INFO  utilrsw.logger     Writing C:\Users\lwilker\Documents\GitHub\SWERVE-2024-05-10\data_processed/sites/union/figures\original\B_calculated_SWMF.pdf
2026-02-04T17:53:56.749780Z INFO  utilrsw.logger     Writing C:\Users\lwilker\Documents\GitHub\SWERVE-2024-05-10\data_processed/sites/union/figures\original\B_calculated_SWMF.png
2026-02-04T17:53:58.354104Z INFO  utilrsw.logger     Writing C:\Users\lwilker\Documents\GitHub\SWERVE-2024-05-10\data_processed/sites/union/figures\original\B_calculated_SWMF.pdf
2026-02-04T17:53:58.929502Z INFO  utilrsw.logger   Plotting 'Union/B/calculated/MAGE' original vs. modified data
2026-02-04T17:54:03.691857Z INFO  utilrsw.logger     Writing C:\Users\lwilker\Documents\GitHub\SWERVE-2024-05-10\data_processed/sites/union/figures\original\B_calculated_MAGE.png
2026-02-04T17:54:05.356133Z INFO  utilrsw.logger     Writing C:\Users\lwilker\Documents\GitHub\SWERVE-2024-05-10\data_processed/sites/union/figures\original\B_calculated_MAGE.pdf
2026-02-04T17:54:06.134761Z INFO  utilrsw.logger     Writing C:\Users\lwilker\Documents\GitHub\SWERVE-2024-05-10\data_processed/sites/union/figures\original\B_calculated_MAGE.png
2026-02-04T17:54:07.756826Z INFO  utilrsw.logger     Writing C:\Users\lwilker\Documents\GitHub\SWERVE-2024-05-10\data_processed/sites/union/figures\original\B_calculated_MAGE.pdf
2026-02-04T17:54:08.482630Z INFO  utilrsw.logger     Writing C:\Users\lwilker\Documents\GitHub\SWERVE-2024-05-10\data_processed/sites/union/figures\original\B_calculated_MAGE.png
2026-02-04T17:54:10.188459Z INFO  utilrsw.logger     Writing C:\Users\lwilker\Documents\GitHub\SWERVE-2024-05-10\data_processed/sites/union/figures\original\B_calculated_MAGE.pdf
2026-02-04T17:54:10.765341Z INFO  utilrsw.logger   Plotting 'Union/B/calculated/OpenGGCM' original vs. modified data
2026-02-04T17:54:16.094854Z INFO  utilrsw.logger     Writing C:\Users\lwilker\Documents\GitHub\SWERVE-2024-05-10\data_processed/sites/union/figures\original\B_calculated_OpenGGCM.png
2026-02-04T17:54:17.754518Z INFO  utilrsw.logger     Writing C:\Users\lwilker\Documents\GitHub\SWERVE-2024-05-10\data_processed/sites/union/figures\original\B_calculated_OpenGGCM.pdf
2026-02-04T17:54:18.646043Z INFO  utilrsw.logger     Writing C:\Users\lwilker\Documents\GitHub\SWERVE-2024-05-10\data_processed/sites/union/figures\original\B_calculated_OpenGGCM.png
2026-02-04T17:54:20.293706Z INFO  utilrsw.logger     Writing C:\Users\lwilker\Documents\GitHub\SWERVE-2024-05-10\data_processed/sites/union/figures\original\B_calculated_OpenGGCM.pdf
2026-02-04T17:54:21.080060Z INFO  utilrsw.logger     Writing C:\Users\lwilker\Documents\GitHub\SWERVE-2024-05-10\data_processed/sites/union/figures\original\B_calculated_OpenGGCM.png
2026-02-04T17:54:22.748329Z INFO  utilrsw.logger     Writing C:\Users\lwilker\Documents\GitHub\SWERVE-2024-05-10\data_processed/sites/union/figures\original\B_calculated_OpenGGCM.pdf
2026-02-04T17:54:23.235200Z INFO  utilrsw.logger Reading 'Watts Bar' data
2026-02-04T17:54:23.239366Z INFO  utilrsw.logger   Reading cached file with all data for site 'Watts Bar': C:\Users\lwilker\Documents\GitHub\SWERVE-2024-05-10\data_processed\sites\wattsbar\data\_all.pkl
2026-02-04T17:54:23.671651Z INFO  utilrsw.logger Computing stats for 'Watts Bar' data
2026-02-04T17:54:25.111625Z INFO  utilrsw.logger   Uniq dts [ns] = [1000000000]
2026-02-04T17:54:25.111625Z INFO  utilrsw.logger   Uniq dts [#]  = 1
2026-02-04T17:54:25.111625Z INFO  utilrsw.logger   Stats for B/measured/TVA:
2026-02-04T17:54:25.115650Z INFO  utilrsw.logger 
    std: [113.10245707  77.41793382  76.78896255  94.12081994]
    ave: [-153.11206564  -38.61031454   18.82613798  186.77083548]
    min: [-489.4665     -316.352      -242.88766667    3.63707666]
    max: [391.26983333 182.23266667 370.77433333 574.78047708]
    n: 2341
    n_valid: [2341 2341 2341 2341]
    dt_original: [1000000000]

2026-02-04T17:54:25.120064Z INFO  utilrsw.logger Plotting 'Watts Bar' data
2026-02-04T17:54:25.124133Z INFO  utilrsw.logger   Plotting 'Watts Bar/B/measured/TVA' original vs. modified data
2026-02-04T17:54:41.281437Z INFO  utilrsw.logger     Writing C:\Users\lwilker\Documents\GitHub\SWERVE-2024-05-10\data_processed/sites/wattsbar/figures\original\B_measured_TVA.png
2026-02-04T17:54:42.687898Z INFO  utilrsw.logger     Writing C:\Users\lwilker\Documents\GitHub\SWERVE-2024-05-10\data_processed/sites/wattsbar/figures\original\B_measured_TVA.pdf
2026-02-04T17:54:44.038136Z INFO  utilrsw.logger     Writing C:\Users\lwilker\Documents\GitHub\SWERVE-2024-05-10\data_processed/sites/wattsbar/figures\original\B_measured_TVA.png
2026-02-04T17:54:45.488718Z INFO  utilrsw.logger     Writing C:\Users\lwilker\Documents\GitHub\SWERVE-2024-05-10\data_processed/sites/wattsbar/figures\original\B_measured_TVA.pdf
2026-02-04T17:54:46.846573Z INFO  utilrsw.logger     Writing C:\Users\lwilker\Documents\GitHub\SWERVE-2024-05-10\data_processed/sites/wattsbar/figures\original\B_measured_TVA.png
2026-02-04T17:54:48.136847Z INFO  utilrsw.logger     Writing C:\Users\lwilker\Documents\GitHub\SWERVE-2024-05-10\data_processed/sites/wattsbar/figures\original\B_measured_TVA.pdf
2026-02-04T17:54:48.625510Z INFO  utilrsw.logger Reading 'Widows Creek' data
2026-02-04T17:54:48.629799Z INFO  utilrsw.logger   Reading cached file with all data for site 'Widows Creek': C:\Users\lwilker\Documents\GitHub\SWERVE-2024-05-10\data_processed\sites\widowscreek\data\_all.pkl
2026-02-04T17:54:48.900787Z INFO  utilrsw.logger Computing stats for 'Widows Creek' data
2026-02-04T17:54:49.975403Z INFO  utilrsw.logger   Uniq dts [ns] = [1000000000]
2026-02-04T17:54:49.975403Z INFO  utilrsw.logger   Uniq dts [#]  = 1
2026-02-04T17:54:49.976434Z INFO  utilrsw.logger   Stats for GIC/measured/TVA:
2026-02-04T17:54:49.984438Z INFO  utilrsw.logger 
    std: [1.94231516]
    ave: [0.00848128]
    min: [-12.174]
    max: [20.8235]
    n: 2341
    n_valid: [2341]
    dt_original: [1000000000]

2026-02-04T17:54:50.005523Z INFO  utilrsw.logger   Uniq dts [ns] = [60000000000]
2026-02-04T17:54:50.006521Z INFO  utilrsw.logger   Uniq dts [#]  = 1
2026-02-04T17:54:50.006521Z INFO  utilrsw.logger   Stats for GIC/calculated/TVA:
2026-02-04T17:54:50.008519Z INFO  utilrsw.logger 
    std: [1.21175216]
    ave: [0.06069686]
    min: [-10.91982]
    max: [7.652419]
    n: 2341
    n_valid: [2341]
    dt_original: [60000000000]

2026-02-04T17:54:50.022011Z INFO  utilrsw.logger   Uniq dts [ns] = [60000000000]
2026-02-04T17:54:50.023023Z INFO  utilrsw.logger   Uniq dts [#]  = 1
2026-02-04T17:54:50.024011Z INFO  utilrsw.logger   Stats for GIC/calculated/GMU:
2026-02-04T17:54:50.026011Z INFO  utilrsw.logger 
    std: [0.58382903]
    ave: [0.00098622]
    min: [-7.46065405]
    max: [4.32303215]
    n: 2341
    n_valid: [2341]
    dt_original: [60000000000]

2026-02-04T17:54:50.027011Z WARN  utilrsw.logger   Multiplying measured data by -1 before computing pe.
2026-02-04T17:54:50.028014Z INFO  utilrsw.logger   Metrics for GIC/calculated/TVA:
2026-02-04T17:54:50.030011Z INFO  utilrsw.logger 
    err_rms: [3.01646825]
    err_ave: [-0.05221558]
    err: [[-0.779004  ]
 [-0.71581467]
 [-0.547991  ]
 ...
 [ 0.54691233]
 [ 0.55881367]
 [ 0.608285  ]]
    cc: [-0.81904641]
    pe: [0.63147467]
    valid: [[ True]
 [ True]
 [ True]
 ...
 [ True]
 [ True]
 [ True]]
    n_valid: [2341]

2026-02-04T17:54:50.032010Z WARN  utilrsw.logger   Multiplying measured data by -1 before computing pe.
2026-02-04T17:54:50.033012Z INFO  utilrsw.logger   Metrics for GIC/calculated/GMU:
2026-02-04T17:54:50.035166Z INFO  utilrsw.logger 
    err_rms: [2.30466032]
    err_ave: [0.00749506]
    err: [[-0.43866516]
 [-0.4231661 ]
 [-0.26889384]
 ...
 [ 0.52753935]
 [ 0.43136949]
 [ 0.49346476]]
    cc: [-0.52820973]
    pe: [0.22716833]
    valid: [[ True]
 [ True]
 [ True]
 ...
 [ True]
 [ True]
 [ True]]
    n_valid: [2341]

2026-02-04T17:54:50.061598Z INFO  utilrsw.logger   Uniq dts [ns] = [60000000000]
2026-02-04T17:54:50.062598Z INFO  utilrsw.logger   Uniq dts [#]  = 1
2026-02-04T17:54:50.063600Z INFO  utilrsw.logger   Stats for B/calculated/SWMF:
2026-02-04T17:54:50.065596Z INFO  utilrsw.logger 
    std: [49.81760117 32.15190093 35.91283205 48.91156103]
    ave: [33.15354687  3.00700778 -5.401981   47.23766593]
    min: [ -49.5288782   -60.41995425 -131.55856426    0.37650514]
    max: [186.88142422 153.90440221  85.45248915 237.34463241]
    n: 2341
    n_valid: [2339 2339 2339 2339]
    dt_original: [60000000000]

2026-02-04T17:54:50.077599Z INFO  utilrsw.logger   Uniq dts [ns] = [60000000000]
2026-02-04T17:54:50.078606Z INFO  utilrsw.logger   Uniq dts [#]  = 1
2026-02-04T17:54:50.079596Z INFO  utilrsw.logger   Stats for B/calculated/MAGE:
2026-02-04T17:54:50.081598Z INFO  utilrsw.logger 
    std: [276.93972232 287.94465374 383.01771167 193.42132655]
    ave: [ 18.9208659   38.22661492 310.38212157 352.15791501]
    min: [ -794.9270638   -829.23488851 -1159.0607394     10.37937571]
    max: [ 604.83410037 1616.23478681 2309.34866859 1631.36511003]
    n: 2341
    n_valid: [1980 1980 1980 1980]
    dt_original: [60000000000]

2026-02-04T17:54:50.107563Z INFO  utilrsw.logger   Uniq dts [ns] = [60000000000]
2026-02-04T17:54:50.108619Z INFO  utilrsw.logger   Uniq dts [#]  = 1
2026-02-04T17:54:50.109566Z INFO  utilrsw.logger   Stats for B/calculated/OpenGGCM:
2026-02-04T17:54:50.112569Z INFO  utilrsw.logger 
    std: [ 73.62653356 332.62650694 138.77761966 249.4269808 ]
    ave: [-67.03977388  99.33119603  54.42929115 261.16749147]
    min: [-283.67610677 -649.27777864 -610.71888892    6.18021018]
    max: [ 210.80754244 1492.87428155  484.80479926 1506.27006323]
    n: 2341
    n_valid: [2341 2341 2341 2341]
    dt_original: [60000000000]

2026-02-04T17:54:50.137907Z INFO  utilrsw.logger Plotting 'Widows Creek' data
2026-02-04T17:54:50.144156Z INFO  utilrsw.logger   Plotting all 'Widows Creek/GIC' calculated vs. measured data as timeseries
2026-02-04T17:54:52.453152Z INFO  utilrsw.logger     Writing C:\Users\lwilker\Documents\GitHub\SWERVE-2024-05-10\data_processed/sites/widowscreek/figures\compare\GIC_calculated_all_vs_measured_timeseries.png
2026-02-04T17:54:54.077079Z INFO  utilrsw.logger     Writing C:\Users\lwilker\Documents\GitHub\SWERVE-2024-05-10\data_processed/sites/widowscreek/figures\compare\GIC_calculated_all_vs_measured_timeseries.pdf
2026-02-04T17:54:54.644430Z INFO  utilrsw.logger     Writing C:\Users\lwilker\Documents\GitHub\2024-May-Storm-paper\figures\_processed\widowscreek\GIC_compare_timeseries.pdf
2026-02-04T17:54:55.198616Z INFO  utilrsw.logger   Plotting all 'Widows Creek/GIC' calculated vs. measured data as timeseries
2026-02-04T17:54:56.687707Z INFO  utilrsw.logger     Writing C:\Users\lwilker\Documents\GitHub\SWERVE-2024-05-10\data_processed/sites/widowscreek/figures\compare\GIC_calculated_all_vs_measured_timeseries.png
2026-02-04T17:54:58.359719Z INFO  utilrsw.logger     Writing C:\Users\lwilker\Documents\GitHub\SWERVE-2024-05-10\data_processed/sites/widowscreek/figures\compare\GIC_calculated_all_vs_measured_timeseries.pdf
2026-02-04T17:54:58.913710Z INFO  utilrsw.logger     Writing C:\Users\lwilker\Documents\GitHub\2024-May-Storm-paper\figures\_processed\widowscreek\GIC_compare_timeseries.pdf
2026-02-04T17:54:59.468600Z INFO  utilrsw.logger   Plotting 'Widows Creek/GIC/TVA' vs. measured data as timeseries
2026-02-04T17:55:00.893982Z INFO  utilrsw.logger     Writing C:\Users\lwilker\Documents\GitHub\SWERVE-2024-05-10\data_processed/sites/widowscreek/figures\compare\GIC_calculated_TVA_vs_measured_timeseries.png
2026-02-04T17:55:02.436143Z INFO  utilrsw.logger     Writing C:\Users\lwilker\Documents\GitHub\SWERVE-2024-05-10\data_processed/sites/widowscreek/figures\compare\GIC_calculated_TVA_vs_measured_timeseries.pdf
2026-02-04T17:55:02.923022Z INFO  utilrsw.logger   Plotting 'Widows Creek/GIC/GMU' vs. measured data as timeseries
2026-02-04T17:55:05.144836Z INFO  utilrsw.logger     Writing C:\Users\lwilker\Documents\GitHub\SWERVE-2024-05-10\data_processed/sites/widowscreek/figures\compare\GIC_calculated_GMU_vs_measured_timeseries.png
2026-02-04T17:55:06.689620Z INFO  utilrsw.logger     Writing C:\Users\lwilker\Documents\GitHub\SWERVE-2024-05-10\data_processed/sites/widowscreek/figures\compare\GIC_calculated_GMU_vs_measured_timeseries.pdf
2026-02-04T17:55:07.180831Z INFO  utilrsw.logger   Plotting all 'Widows Creek/GIC' calculated vs. measured data as scatter
2026-02-04T17:55:08.050595Z INFO  utilrsw.logger     Writing C:\Users\lwilker\Documents\GitHub\SWERVE-2024-05-10\data_processed/sites/widowscreek/figures\compare\GIC_calculated_all_vs_measured_scatter.png
2026-02-04T17:55:09.464792Z INFO  utilrsw.logger     Writing C:\Users\lwilker\Documents\GitHub\SWERVE-2024-05-10\data_processed/sites/widowscreek/figures\compare\GIC_calculated_all_vs_measured_scatter.pdf
2026-02-04T17:55:10.314775Z INFO  utilrsw.logger     Writing C:\Users\lwilker\Documents\GitHub\2024-May-Storm-paper\figures\_processed\widowscreek\GIC_compare_scatter.pdf
2026-02-04T17:55:11.090351Z INFO  utilrsw.logger   Plotting all 'Widows Creek/GIC' calculated vs. measured data as scatter
2026-02-04T17:55:11.987313Z INFO  utilrsw.logger     Writing C:\Users\lwilker\Documents\GitHub\SWERVE-2024-05-10\data_processed/sites/widowscreek/figures\compare\GIC_calculated_all_vs_measured_scatter.png
2026-02-04T17:55:13.542414Z INFO  utilrsw.logger     Writing C:\Users\lwilker\Documents\GitHub\SWERVE-2024-05-10\data_processed/sites/widowscreek/figures\compare\GIC_calculated_all_vs_measured_scatter.pdf
2026-02-04T17:55:14.378656Z INFO  utilrsw.logger     Writing C:\Users\lwilker\Documents\GitHub\2024-May-Storm-paper\figures\_processed\widowscreek\GIC_compare_scatter.pdf
2026-02-04T17:55:15.239253Z INFO  utilrsw.logger   Plotting 'Widows Creek/GIC/TVA' vs. measured data as scatter
2026-02-04T17:55:16.133764Z INFO  utilrsw.logger     Writing C:\Users\lwilker\Documents\GitHub\SWERVE-2024-05-10\data_processed/sites/widowscreek/figures\compare\GIC_calculated_TVA_vs_measured_scatter.png
2026-02-04T17:55:17.642087Z INFO  utilrsw.logger     Writing C:\Users\lwilker\Documents\GitHub\SWERVE-2024-05-10\data_processed/sites/widowscreek/figures\compare\GIC_calculated_TVA_vs_measured_scatter.pdf
2026-02-04T17:55:18.265678Z INFO  utilrsw.logger   Plotting 'Widows Creek/GIC/GMU' vs. measured data as scatter
2026-02-04T17:55:19.410677Z INFO  utilrsw.logger     Writing C:\Users\lwilker\Documents\GitHub\SWERVE-2024-05-10\data_processed/sites/widowscreek/figures\compare\GIC_calculated_GMU_vs_measured_scatter.png
2026-02-04T17:55:20.852688Z INFO  utilrsw.logger     Writing C:\Users\lwilker\Documents\GitHub\SWERVE-2024-05-10\data_processed/sites/widowscreek/figures\compare\GIC_calculated_GMU_vs_measured_scatter.pdf
2026-02-04T17:55:21.451044Z INFO  utilrsw.logger   Plotting 'Widows Creek/GIC/measured/TVA' original vs. modified data
2026-02-04T17:55:25.913325Z INFO  utilrsw.logger     Writing C:\Users\lwilker\Documents\GitHub\SWERVE-2024-05-10\data_processed/sites/widowscreek/figures\original\GIC_measured_TVA.png
2026-02-04T17:55:27.918930Z INFO  utilrsw.logger     Writing C:\Users\lwilker\Documents\GitHub\SWERVE-2024-05-10\data_processed/sites/widowscreek/figures\original\GIC_measured_TVA.pdf
2026-02-04T17:55:28.486338Z INFO  utilrsw.logger   Plotting 'Widows Creek/GIC/calculated/TVA' original vs. modified data
2026-02-04T17:55:29.909042Z INFO  utilrsw.logger     Writing C:\Users\lwilker\Documents\GitHub\SWERVE-2024-05-10\data_processed/sites/widowscreek/figures\original\GIC_calculated_TVA.png
2026-02-04T17:55:31.675414Z INFO  utilrsw.logger     Writing C:\Users\lwilker\Documents\GitHub\SWERVE-2024-05-10\data_processed/sites/widowscreek/figures\original\GIC_calculated_TVA.pdf
2026-02-04T17:55:32.204020Z INFO  utilrsw.logger   Plotting 'Widows Creek/GIC/calculated/GMU' original vs. modified data
2026-02-04T17:55:33.662756Z INFO  utilrsw.logger     Writing C:\Users\lwilker\Documents\GitHub\SWERVE-2024-05-10\data_processed/sites/widowscreek/figures\original\GIC_calculated_GMU.png
2026-02-04T17:55:35.334659Z INFO  utilrsw.logger     Writing C:\Users\lwilker\Documents\GitHub\SWERVE-2024-05-10\data_processed/sites/widowscreek/figures\original\GIC_calculated_GMU.pdf
2026-02-04T17:55:35.820721Z INFO  utilrsw.logger   Plotting 'Widows Creek/B/calculated/MAGE/raw' data
2026-02-04T17:55:40.137643Z INFO  utilrsw.logger     Writing C:\Users\lwilker\Documents\GitHub\SWERVE-2024-05-10\data_processed/sites/widowscreek/figures\raw\B_calculated_MAGE.png
2026-02-04T17:55:40.926994Z INFO  utilrsw.logger     Writing C:\Users\lwilker\Documents\GitHub\SWERVE-2024-05-10\data_processed/sites/widowscreek/figures\raw\B_calculated_MAGE.pdf
2026-02-04T17:55:40.926994Z INFO  utilrsw.logger   Plotting 'Widows Creek/B/calculated/MAGE/raw' to compare dBn with dBt and dBp
2026-02-04T17:55:42.509185Z INFO  utilrsw.logger     Writing C:\Users\lwilker\Documents\GitHub\SWERVE-2024-05-10\data_processed/sites/widowscreek/figures\raw\B_calculated_MAGE_compare_dBn_dBt_dBp.png
2026-02-04T17:55:44.368038Z INFO  utilrsw.logger     Writing C:\Users\lwilker\Documents\GitHub\SWERVE-2024-05-10\data_processed/sites/widowscreek/figures\raw\B_calculated_MAGE_compare_dBn_dBt_dBp.pdf
2026-02-04T17:55:45.336035Z INFO  utilrsw.logger   Plotting 'Widows Creek/B/calculated/SWMF' original vs. modified data
2026-02-04T17:55:49.284215Z INFO  utilrsw.logger     Writing C:\Users\lwilker\Documents\GitHub\SWERVE-2024-05-10\data_processed/sites/widowscreek/figures\original\B_calculated_SWMF.png
2026-02-04T17:55:50.908331Z INFO  utilrsw.logger     Writing C:\Users\lwilker\Documents\GitHub\SWERVE-2024-05-10\data_processed/sites/widowscreek/figures\original\B_calculated_SWMF.pdf
2026-02-04T17:55:51.618965Z INFO  utilrsw.logger     Writing C:\Users\lwilker\Documents\GitHub\SWERVE-2024-05-10\data_processed/sites/widowscreek/figures\original\B_calculated_SWMF.png
2026-02-04T17:55:53.214351Z INFO  utilrsw.logger     Writing C:\Users\lwilker\Documents\GitHub\SWERVE-2024-05-10\data_processed/sites/widowscreek/figures\original\B_calculated_SWMF.pdf
2026-02-04T17:55:53.948373Z INFO  utilrsw.logger     Writing C:\Users\lwilker\Documents\GitHub\SWERVE-2024-05-10\data_processed/sites/widowscreek/figures\original\B_calculated_SWMF.png
2026-02-04T17:55:55.547617Z INFO  utilrsw.logger     Writing C:\Users\lwilker\Documents\GitHub\SWERVE-2024-05-10\data_processed/sites/widowscreek/figures\original\B_calculated_SWMF.pdf
2026-02-04T17:55:56.041342Z INFO  utilrsw.logger   Plotting 'Widows Creek/B/calculated/MAGE' original vs. modified data
2026-02-04T17:56:00.204795Z INFO  utilrsw.logger     Writing C:\Users\lwilker\Documents\GitHub\SWERVE-2024-05-10\data_processed/sites/widowscreek/figures\original\B_calculated_MAGE.png
2026-02-04T17:56:01.925182Z INFO  utilrsw.logger     Writing C:\Users\lwilker\Documents\GitHub\SWERVE-2024-05-10\data_processed/sites/widowscreek/figures\original\B_calculated_MAGE.pdf
2026-02-04T17:56:02.757469Z INFO  utilrsw.logger     Writing C:\Users\lwilker\Documents\GitHub\SWERVE-2024-05-10\data_processed/sites/widowscreek/figures\original\B_calculated_MAGE.png
2026-02-04T17:56:04.400312Z INFO  utilrsw.logger     Writing C:\Users\lwilker\Documents\GitHub\SWERVE-2024-05-10\data_processed/sites/widowscreek/figures\original\B_calculated_MAGE.pdf
2026-02-04T17:56:05.172887Z INFO  utilrsw.logger     Writing C:\Users\lwilker\Documents\GitHub\SWERVE-2024-05-10\data_processed/sites/widowscreek/figures\original\B_calculated_MAGE.png
2026-02-04T17:56:06.958907Z INFO  utilrsw.logger     Writing C:\Users\lwilker\Documents\GitHub\SWERVE-2024-05-10\data_processed/sites/widowscreek/figures\original\B_calculated_MAGE.pdf
2026-02-04T17:56:07.469336Z INFO  utilrsw.logger   Plotting 'Widows Creek/B/calculated/OpenGGCM' original vs. modified data
2026-02-04T17:56:11.899498Z INFO  utilrsw.logger     Writing C:\Users\lwilker\Documents\GitHub\SWERVE-2024-05-10\data_processed/sites/widowscreek/figures\original\B_calculated_OpenGGCM.png
2026-02-04T17:56:13.614485Z INFO  utilrsw.logger     Writing C:\Users\lwilker\Documents\GitHub\SWERVE-2024-05-10\data_processed/sites/widowscreek/figures\original\B_calculated_OpenGGCM.pdf
2026-02-04T17:56:14.361556Z INFO  utilrsw.logger     Writing C:\Users\lwilker\Documents\GitHub\SWERVE-2024-05-10\data_processed/sites/widowscreek/figures\original\B_calculated_OpenGGCM.png
2026-02-04T17:56:15.964346Z INFO  utilrsw.logger     Writing C:\Users\lwilker\Documents\GitHub\SWERVE-2024-05-10\data_processed/sites/widowscreek/figures\original\B_calculated_OpenGGCM.pdf
2026-02-04T17:56:16.659819Z INFO  utilrsw.logger     Writing C:\Users\lwilker\Documents\GitHub\SWERVE-2024-05-10\data_processed/sites/widowscreek/figures\original\B_calculated_OpenGGCM.png
2026-02-04T17:56:18.653513Z INFO  utilrsw.logger     Writing C:\Users\lwilker\Documents\GitHub\SWERVE-2024-05-10\data_processed/sites/widowscreek/figures\original\B_calculated_OpenGGCM.pdf
2026-02-04T17:56:19.180919Z INFO  utilrsw.logger Reading 'Weakley' data
2026-02-04T17:56:19.184386Z INFO  utilrsw.logger   Reading cached file with all data for site 'Weakley': C:\Users\lwilker\Documents\GitHub\SWERVE-2024-05-10\data_processed\sites\weakley\data\_all.pkl
2026-02-04T17:56:19.503078Z INFO  utilrsw.logger Computing stats for 'Weakley' data
2026-02-04T17:56:20.597280Z INFO  utilrsw.logger   Uniq dts [ns] = [1000000000]
2026-02-04T17:56:20.597280Z INFO  utilrsw.logger   Uniq dts [#]  = 1
2026-02-04T17:56:20.601314Z INFO  utilrsw.logger   Stats for GIC/measured/TVA:
2026-02-04T17:56:20.601314Z INFO  utilrsw.logger 
    std: [0.88821744]
    ave: [-0.01102413]
    min: [-3.63566667]
    max: [5.1075]
    n: 2341
    n_valid: [2341]
    dt_original: [1000000000]

2026-02-04T17:56:20.617509Z INFO  utilrsw.logger   Uniq dts [ns] = [60000000000]
2026-02-04T17:56:20.617509Z INFO  utilrsw.logger   Uniq dts [#]  = 1
2026-02-04T17:56:20.617509Z INFO  utilrsw.logger   Stats for GIC/calculated/GMU:
2026-02-04T17:56:20.617509Z INFO  utilrsw.logger 
    std: [3.49534074]
    ave: [-0.0020306]
    min: [-22.57283133]
    max: [30.32704633]
    n: 2341
    n_valid: [2341]
    dt_original: [60000000000]

2026-02-04T17:56:20.621540Z INFO  utilrsw.logger   Metrics for GIC/calculated/GMU:
2026-02-04T17:56:20.621540Z INFO  utilrsw.logger 
    err_rms: [3.54907336]
    err_ave: [-0.00899353]
    err: [[ 0.08842006]
 [-0.3354428 ]
 [-0.17333876]
 ...
 [ 1.17510758]
 [ 0.35361008]
 [ 0.34685818]]
    cc: [0.0661105]
    pe: [-14.96582469]
    valid: [[ True]
 [ True]
 [ True]
 ...
 [ True]
 [ True]
 [ True]]
    n_valid: [2341]

2026-02-04T17:56:20.630279Z INFO  utilrsw.logger Plotting 'Weakley' data
2026-02-04T17:56:20.634377Z INFO  utilrsw.logger   Plotting 'Weakley/GIC/GMU' vs. measured data as timeseries
2026-02-04T17:56:22.764158Z INFO  utilrsw.logger     Writing C:\Users\lwilker\Documents\GitHub\SWERVE-2024-05-10\data_processed/sites/weakley/figures\compare\GIC_calculated_GMU_vs_measured_timeseries.png
2026-02-04T17:56:24.315760Z INFO  utilrsw.logger     Writing C:\Users\lwilker\Documents\GitHub\SWERVE-2024-05-10\data_processed/sites/weakley/figures\compare\GIC_calculated_GMU_vs_measured_timeseries.pdf
2026-02-04T17:56:24.747413Z INFO  utilrsw.logger   Plotting 'Weakley/GIC/GMU' vs. measured data as scatter
2026-02-04T17:56:25.905821Z INFO  utilrsw.logger     Writing C:\Users\lwilker\Documents\GitHub\SWERVE-2024-05-10\data_processed/sites/weakley/figures\compare\GIC_calculated_GMU_vs_measured_scatter.png
2026-02-04T17:56:27.527627Z INFO  utilrsw.logger     Writing C:\Users\lwilker\Documents\GitHub\SWERVE-2024-05-10\data_processed/sites/weakley/figures\compare\GIC_calculated_GMU_vs_measured_scatter.pdf
2026-02-04T17:56:28.141476Z INFO  utilrsw.logger   Plotting 'Weakley/GIC/measured/TVA' original vs. modified data
2026-02-04T17:56:32.673372Z INFO  utilrsw.logger     Writing C:\Users\lwilker\Documents\GitHub\SWERVE-2024-05-10\data_processed/sites/weakley/figures\original\GIC_measured_TVA.png
2026-02-04T17:56:35.090189Z INFO  utilrsw.logger     Writing C:\Users\lwilker\Documents\GitHub\SWERVE-2024-05-10\data_processed/sites/weakley/figures\original\GIC_measured_TVA.pdf
2026-02-04T17:56:35.677026Z INFO  utilrsw.logger   Plotting 'Weakley/GIC/calculated/GMU' original vs. modified data
2026-02-04T17:56:37.182969Z INFO  utilrsw.logger     Writing C:\Users\lwilker\Documents\GitHub\SWERVE-2024-05-10\data_processed/sites/weakley/figures\original\GIC_calculated_GMU.png
2026-02-04T17:56:38.989897Z INFO  utilrsw.logger     Writing C:\Users\lwilker\Documents\GitHub\SWERVE-2024-05-10\data_processed/sites/weakley/figures\original\GIC_calculated_GMU.pdf
2026-02-04T17:56:39.448812Z INFO  utilrsw.logger Reading '10203' data
2026-02-04T17:56:39.450636Z INFO  utilrsw.logger   Reading cached file with all data for site '10203': C:\Users\lwilker\Documents\GitHub\SWERVE-2024-05-10\data_processed\sites\10203\data\_all.pkl
2026-02-04T17:56:39.838627Z INFO  utilrsw.logger Computing stats for '10203' data
2026-02-04T17:56:40.940163Z INFO  utilrsw.logger   Uniq dts [ns] = [1000000000]
2026-02-04T17:56:40.940163Z INFO  utilrsw.logger   Uniq dts [#]  = 1
2026-02-04T17:56:40.940163Z INFO  utilrsw.logger   Stats for GIC/measured/NERC:
2026-02-04T17:56:40.944264Z INFO  utilrsw.logger 
    std: [0.78230853]
    ave: [-0.01031326]
    min: [-7.44833333]
    max: [5.54]
    n: 2341
    n_valid: [2341]
    dt_original: [1000000000]

2026-02-04T17:56:40.956477Z INFO  utilrsw.logger   Uniq dts [ns] = [60000000000]
2026-02-04T17:56:40.960519Z INFO  utilrsw.logger   Uniq dts [#]  = 1
2026-02-04T17:56:40.960519Z INFO  utilrsw.logger   Stats for GIC/calculated/GMU:
2026-02-04T17:56:40.960519Z INFO  utilrsw.logger 
    std: [0.01824327]
    ave: [1.6078506e-05]
    min: [-0.20823245]
    max: [0.12706157]
    n: 2341
    n_valid: [2341]
    dt_original: [60000000000]

2026-02-04T17:56:40.964558Z INFO  utilrsw.logger   Metrics for GIC/calculated/GMU:
2026-02-04T17:56:40.964558Z INFO  utilrsw.logger 
    err_rms: [0.77843578]
    err_ave: [-0.01032933]
    err: [[ 0.22566988]
 [ 0.19575066]
 [ 0.10749622]
 ...
 [-0.13641806]
 [-0.10347359]
 [-0.09702321]]
    cc: [0.22715618]
    pe: [0.00987632]
    valid: [[ True]
 [ True]
 [ True]
 ...
 [ True]
 [ True]
 [ True]]
    n_valid: [2341]

2026-02-04T17:56:40.976826Z INFO  utilrsw.logger Plotting '10203' data
2026-02-04T17:56:40.980926Z INFO  utilrsw.logger   Plotting '10203/GIC/GMU' vs. measured data as timeseries
2026-02-04T17:56:42.468961Z INFO  utilrsw.logger     Writing C:\Users\lwilker\Documents\GitHub\SWERVE-2024-05-10\data_processed/sites/10203/figures\compare\GIC_calculated_GMU_vs_measured_timeseries.png
2026-02-04T17:56:44.062356Z INFO  utilrsw.logger     Writing C:\Users\lwilker\Documents\GitHub\SWERVE-2024-05-10\data_processed/sites/10203/figures\compare\GIC_calculated_GMU_vs_measured_timeseries.pdf
2026-02-04T17:56:44.531484Z INFO  utilrsw.logger   Plotting '10203/GIC/GMU' vs. measured data as scatter
2026-02-04T17:56:45.739374Z INFO  utilrsw.logger     Writing C:\Users\lwilker\Documents\GitHub\SWERVE-2024-05-10\data_processed/sites/10203/figures\compare\GIC_calculated_GMU_vs_measured_scatter.png
2026-02-04T17:56:47.215590Z INFO  utilrsw.logger     Writing C:\Users\lwilker\Documents\GitHub\SWERVE-2024-05-10\data_processed/sites/10203/figures\compare\GIC_calculated_GMU_vs_measured_scatter.pdf
2026-02-04T17:56:47.836374Z INFO  utilrsw.logger   Plotting '10203/GIC/measured/NERC' original vs. modified data
2026-02-04T17:56:52.527651Z INFO  utilrsw.logger     Writing C:\Users\lwilker\Documents\GitHub\SWERVE-2024-05-10\data_processed/sites/10203/figures\original\GIC_measured_NERC.png
2026-02-04T17:56:54.619564Z INFO  utilrsw.logger     Writing C:\Users\lwilker\Documents\GitHub\SWERVE-2024-05-10\data_processed/sites/10203/figures\original\GIC_measured_NERC.pdf
2026-02-04T17:56:55.249787Z INFO  utilrsw.logger   Plotting '10203/GIC/calculated/GMU' original vs. modified data
2026-02-04T17:56:56.840732Z INFO  utilrsw.logger     Writing C:\Users\lwilker\Documents\GitHub\SWERVE-2024-05-10\data_processed/sites/10203/figures\original\GIC_calculated_GMU.png
2026-02-04T17:56:58.686105Z INFO  utilrsw.logger     Writing C:\Users\lwilker\Documents\GitHub\SWERVE-2024-05-10\data_processed/sites/10203/figures\original\GIC_calculated_GMU.pdf
2026-02-04T17:56:59.162257Z INFO  utilrsw.logger Reading '10204' data
2026-02-04T17:56:59.170794Z INFO  utilrsw.logger   Reading cached file with all data for site '10204': C:\Users\lwilker\Documents\GitHub\SWERVE-2024-05-10\data_processed\sites\10204\data\_all.pkl
2026-02-04T17:56:59.558771Z INFO  utilrsw.logger Computing stats for '10204' data
2026-02-04T17:57:00.613780Z INFO  utilrsw.logger   Uniq dts [ns] = [1000000000]
2026-02-04T17:57:00.613780Z INFO  utilrsw.logger   Uniq dts [#]  = 1
2026-02-04T17:57:00.613780Z INFO  utilrsw.logger   Stats for GIC/measured/NERC:
2026-02-04T17:57:00.613780Z INFO  utilrsw.logger 
    std: [0.83654671]
    ave: [-0.00777374]
    min: [-9.1]
    max: [4.36333333]
    n: 2341
    n_valid: [2341]
    dt_original: [1000000000]

2026-02-04T17:57:00.630327Z INFO  utilrsw.logger   Uniq dts [ns] = [60000000000]
2026-02-04T17:57:00.630327Z INFO  utilrsw.logger   Uniq dts [#]  = 1
2026-02-04T17:57:00.630327Z INFO  utilrsw.logger   Stats for GIC/calculated/GMU:
2026-02-04T17:57:00.630327Z INFO  utilrsw.logger 
    std: [1.06102687]
    ave: [-0.00232052]
    min: [-6.57697253]
    max: [10.62955281]
    n: 2341
    n_valid: [2341]
    dt_original: [60000000000]

2026-02-04T17:57:00.638366Z INFO  utilrsw.logger   Metrics for GIC/calculated/GMU:
2026-02-04T17:57:00.638366Z INFO  utilrsw.logger 
    err_rms: [1.27029604]
    err_ave: [-0.00545322]
    err: [[-0.02514296]
 [ 0.00092229]
 [ 0.15118946]
 ...
 [ 0.26919104]
 [ 0.02860471]
 [-0.0467471 ]]
    cc: [0.11940427]
    pe: [-1.30584175]
    valid: [[ True]
 [ True]
 [ True]
 ...
 [ True]
 [ True]
 [ True]]
    n_valid: [2341]

2026-02-04T17:57:00.646534Z INFO  utilrsw.logger Plotting '10204' data
2026-02-04T17:57:00.646534Z INFO  utilrsw.logger   Plotting '10204/GIC/GMU' vs. measured data as timeseries
2026-02-04T17:57:02.265136Z INFO  utilrsw.logger     Writing C:\Users\lwilker\Documents\GitHub\SWERVE-2024-05-10\data_processed/sites/10204/figures\compare\GIC_calculated_GMU_vs_measured_timeseries.png
2026-02-04T17:57:03.932802Z INFO  utilrsw.logger     Writing C:\Users\lwilker\Documents\GitHub\SWERVE-2024-05-10\data_processed/sites/10204/figures\compare\GIC_calculated_GMU_vs_measured_timeseries.pdf
2026-02-04T17:57:04.423204Z INFO  utilrsw.logger   Plotting '10204/GIC/GMU' vs. measured data as scatter
2026-02-04T17:57:05.322670Z INFO  utilrsw.logger     Writing C:\Users\lwilker\Documents\GitHub\SWERVE-2024-05-10\data_processed/sites/10204/figures\compare\GIC_calculated_GMU_vs_measured_scatter.png
2026-02-04T17:57:06.791252Z INFO  utilrsw.logger     Writing C:\Users\lwilker\Documents\GitHub\SWERVE-2024-05-10\data_processed/sites/10204/figures\compare\GIC_calculated_GMU_vs_measured_scatter.pdf
2026-02-04T17:57:07.823765Z INFO  utilrsw.logger   Plotting '10204/GIC/measured/NERC' original vs. modified data
2026-02-04T17:57:12.431714Z INFO  utilrsw.logger     Writing C:\Users\lwilker\Documents\GitHub\SWERVE-2024-05-10\data_processed/sites/10204/figures\original\GIC_measured_NERC.png
2026-02-04T17:57:14.187137Z INFO  utilrsw.logger     Writing C:\Users\lwilker\Documents\GitHub\SWERVE-2024-05-10\data_processed/sites/10204/figures\original\GIC_measured_NERC.pdf
2026-02-04T17:57:14.768811Z INFO  utilrsw.logger   Plotting '10204/GIC/calculated/GMU' original vs. modified data
2026-02-04T17:57:16.173705Z INFO  utilrsw.logger     Writing C:\Users\lwilker\Documents\GitHub\SWERVE-2024-05-10\data_processed/sites/10204/figures\original\GIC_calculated_GMU.png
2026-02-04T17:57:17.822950Z INFO  utilrsw.logger     Writing C:\Users\lwilker\Documents\GitHub\SWERVE-2024-05-10\data_processed/sites/10204/figures\original\GIC_calculated_GMU.pdf
2026-02-04T17:57:18.296703Z INFO  utilrsw.logger Reading '10660' data
2026-02-04T17:57:18.296703Z INFO  utilrsw.logger   Reading cached file with all data for site '10660': C:\Users\lwilker\Documents\GitHub\SWERVE-2024-05-10\data_processed\sites\10660\data\_all.pkl
2026-02-04T17:57:18.590829Z INFO  utilrsw.logger Computing stats for '10660' data
2026-02-04T17:57:19.702432Z INFO  utilrsw.logger   Uniq dts [ns] = [1000000000]
2026-02-04T17:57:19.711133Z INFO  utilrsw.logger   Uniq dts [#]  = 1
2026-02-04T17:57:19.711133Z INFO  utilrsw.logger   Stats for GIC/measured/NERC:
2026-02-04T17:57:19.719473Z INFO  utilrsw.logger 
    std: [1.51558373]
    ave: [-0.00073473]
    min: [-15.16333333]
    max: [12.98]
    n: 2341
    n_valid: [2341]
    dt_original: [1000000000]

2026-02-04T17:57:19.735969Z INFO  utilrsw.logger   Uniq dts [ns] = [60000000000]
2026-02-04T17:57:19.739923Z INFO  utilrsw.logger   Uniq dts [#]  = 1
2026-02-04T17:57:19.741683Z INFO  utilrsw.logger   Stats for GIC/calculated/GMU:
2026-02-04T17:57:19.741683Z INFO  utilrsw.logger 
    std: [6.56661802]
    ave: [0.00420078]
    min: [-41.99846367]
    max: [67.71518575]
    n: 2341
    n_valid: [2341]
    dt_original: [60000000000]

2026-02-04T17:57:19.747307Z WARN  utilrsw.logger   Multiplying measured data by -1 before computing pe.
2026-02-04T17:57:19.747307Z INFO  utilrsw.logger   Metrics for GIC/calculated/GMU:
2026-02-04T17:57:19.747307Z INFO  utilrsw.logger 
    err_rms: [6.76417119]
    err_ave: [-0.0049355]
    err: [[ 0.70191839]
 [ 0.08970364]
 [ 0.00112873]
 ...
 [ 0.37907831]
 [-0.56371782]
 [-0.51327146]]
    cc: [-0.01690678]
    pe: [-18.62606623]
    valid: [[ True]
 [ True]
 [ True]
 ...
 [ True]
 [ True]
 [ True]]
    n_valid: [2341]

2026-02-04T17:57:19.761105Z INFO  utilrsw.logger Plotting '10660' data
2026-02-04T17:57:19.761105Z INFO  utilrsw.logger   Plotting '10660/GIC/GMU' vs. measured data as timeseries
2026-02-04T17:57:21.229329Z INFO  utilrsw.logger     Writing C:\Users\lwilker\Documents\GitHub\SWERVE-2024-05-10\data_processed/sites/10660/figures\compare\GIC_calculated_GMU_vs_measured_timeseries.png
2026-02-04T17:57:22.898042Z INFO  utilrsw.logger     Writing C:\Users\lwilker\Documents\GitHub\SWERVE-2024-05-10\data_processed/sites/10660/figures\compare\GIC_calculated_GMU_vs_measured_timeseries.pdf
2026-02-04T17:57:23.352968Z INFO  utilrsw.logger   Plotting '10660/GIC/GMU' vs. measured data as scatter
2026-02-04T17:57:24.281437Z INFO  utilrsw.logger     Writing C:\Users\lwilker\Documents\GitHub\SWERVE-2024-05-10\data_processed/sites/10660/figures\compare\GIC_calculated_GMU_vs_measured_scatter.png
2026-02-04T17:57:25.706415Z INFO  utilrsw.logger     Writing C:\Users\lwilker\Documents\GitHub\SWERVE-2024-05-10\data_processed/sites/10660/figures\compare\GIC_calculated_GMU_vs_measured_scatter.pdf
2026-02-04T17:57:26.257500Z INFO  utilrsw.logger   Plotting '10660/GIC/measured/NERC' original vs. modified data
2026-02-04T17:57:31.879592Z INFO  utilrsw.logger     Writing C:\Users\lwilker\Documents\GitHub\SWERVE-2024-05-10\data_processed/sites/10660/figures\original\GIC_measured_NERC.png
2026-02-04T17:57:33.765498Z INFO  utilrsw.logger     Writing C:\Users\lwilker\Documents\GitHub\SWERVE-2024-05-10\data_processed/sites/10660/figures\original\GIC_measured_NERC.pdf
2026-02-04T17:57:34.288611Z INFO  utilrsw.logger   Plotting '10660/GIC/calculated/GMU' original vs. modified data
2026-02-04T17:57:35.671554Z INFO  utilrsw.logger     Writing C:\Users\lwilker\Documents\GitHub\SWERVE-2024-05-10\data_processed/sites/10660/figures\original\GIC_calculated_GMU.png
2026-02-04T17:57:37.631219Z INFO  utilrsw.logger     Writing C:\Users\lwilker\Documents\GitHub\SWERVE-2024-05-10\data_processed/sites/10660/figures\original\GIC_calculated_GMU.pdf
2026-02-04T17:57:38.127553Z INFO  utilrsw.logger Reading '10197' data
2026-02-04T17:57:38.127553Z INFO  utilrsw.logger   Reading cached file with all data for site '10197': C:\Users\lwilker\Documents\GitHub\SWERVE-2024-05-10\data_processed\sites\10197\data\_all.pkl
2026-02-04T17:57:38.439817Z INFO  utilrsw.logger Computing stats for '10197' data
2026-02-04T17:57:39.680911Z INFO  utilrsw.logger   Uniq dts [ns] = [1000000000 2000000000]
2026-02-04T17:57:39.696596Z INFO  utilrsw.logger   Uniq dts [#]  = 2
2026-02-04T17:57:39.700476Z INFO  utilrsw.logger   Stats for GIC/measured/NERC:
2026-02-04T17:57:39.700476Z INFO  utilrsw.logger 
    std: [0.5752358]
    ave: [-0.00579943]
    min: [-5.16]
    max: [5.295]
    n: 2341
    n_valid: [2341]
    dt_original: [1000000000 2000000000]

2026-02-04T17:57:39.728930Z INFO  utilrsw.logger   Uniq dts [ns] = [60000000000]
2026-02-04T17:57:39.728930Z INFO  utilrsw.logger   Uniq dts [#]  = 1
2026-02-04T17:57:39.728930Z INFO  utilrsw.logger   Stats for GIC/calculated/GMU:
2026-02-04T17:57:39.728930Z INFO  utilrsw.logger 
    std: [0.86431631]
    ave: [0.00039914]
    min: [-7.12652531]
    max: [9.31085696]
    n: 2341
    n_valid: [2341]
    dt_original: [60000000000]

2026-02-04T17:57:39.728930Z INFO  utilrsw.logger   Metrics for GIC/calculated/GMU:
2026-02-04T17:57:39.728930Z INFO  utilrsw.logger 
    err_rms: [0.78567451]
    err_ave: [-0.00619857]
    err: [[-0.02735326]
 [ 0.03562687]
 [-0.04091935]
 ...
 [-0.14643262]
 [-0.07991187]
 [-0.14195203]]
    cc: [0.46330063]
    pe: [-0.86549258]
    valid: [[ True]
 [ True]
 [ True]
 ...
 [ True]
 [ True]
 [ True]]
    n_valid: [2341]

2026-02-04T17:57:39.744723Z INFO  utilrsw.logger Plotting '10197' data
2026-02-04T17:57:39.760761Z INFO  utilrsw.logger   Plotting '10197/GIC/GMU' vs. measured data as timeseries
2026-02-04T17:57:41.205752Z INFO  utilrsw.logger     Writing C:\Users\lwilker\Documents\GitHub\SWERVE-2024-05-10\data_processed/sites/10197/figures\compare\GIC_calculated_GMU_vs_measured_timeseries.png
2026-02-04T17:57:42.954006Z INFO  utilrsw.logger     Writing C:\Users\lwilker\Documents\GitHub\SWERVE-2024-05-10\data_processed/sites/10197/figures\compare\GIC_calculated_GMU_vs_measured_timeseries.pdf
2026-02-04T17:57:43.496905Z INFO  utilrsw.logger   Plotting '10197/GIC/GMU' vs. measured data as scatter
2026-02-04T17:57:44.392812Z INFO  utilrsw.logger     Writing C:\Users\lwilker\Documents\GitHub\SWERVE-2024-05-10\data_processed/sites/10197/figures\compare\GIC_calculated_GMU_vs_measured_scatter.png
2026-02-04T17:57:45.958003Z INFO  utilrsw.logger     Writing C:\Users\lwilker\Documents\GitHub\SWERVE-2024-05-10\data_processed/sites/10197/figures\compare\GIC_calculated_GMU_vs_measured_scatter.pdf
2026-02-04T17:57:46.618912Z INFO  utilrsw.logger   Plotting '10197/GIC/measured/NERC' original vs. modified data
2026-02-04T17:57:51.813777Z INFO  utilrsw.logger     Writing C:\Users\lwilker\Documents\GitHub\SWERVE-2024-05-10\data_processed/sites/10197/figures\original\GIC_measured_NERC.png
2026-02-04T17:57:53.723055Z INFO  utilrsw.logger     Writing C:\Users\lwilker\Documents\GitHub\SWERVE-2024-05-10\data_processed/sites/10197/figures\original\GIC_measured_NERC.pdf
2026-02-04T17:57:54.232923Z INFO  utilrsw.logger   Plotting '10197/GIC/calculated/GMU' original vs. modified data
2026-02-04T17:57:55.541001Z INFO  utilrsw.logger     Writing C:\Users\lwilker\Documents\GitHub\SWERVE-2024-05-10\data_processed/sites/10197/figures\original\GIC_calculated_GMU.png
2026-02-04T17:57:57.447384Z INFO  utilrsw.logger     Writing C:\Users\lwilker\Documents\GitHub\SWERVE-2024-05-10\data_processed/sites/10197/figures\original\GIC_calculated_GMU.pdf
2026-02-04T17:57:58.016904Z INFO  utilrsw.logger Reading '10208' data
2026-02-04T17:57:58.018920Z INFO  utilrsw.logger   Reading cached file with all data for site '10208': C:\Users\lwilker\Documents\GitHub\SWERVE-2024-05-10\data_processed\sites\10208\data\_all.pkl
2026-02-04T17:57:58.390731Z INFO  utilrsw.logger Computing stats for '10208' data
2026-02-04T17:57:59.597283Z INFO  utilrsw.logger   Uniq dts [ns] = [1000000000 2000000000]
2026-02-04T17:57:59.597283Z INFO  utilrsw.logger   Uniq dts [#]  = 2
2026-02-04T17:57:59.597283Z INFO  utilrsw.logger   Stats for GIC/measured/NERC:
2026-02-04T17:57:59.605776Z INFO  utilrsw.logger 
    std: [0.65179245]
    ave: [0.00352841]
    min: [-6.72]
    max: [4.45833333]
    n: 2341
    n_valid: [2341]
    dt_original: [1000000000 2000000000]

2026-02-04T17:57:59.630887Z INFO  utilrsw.logger   Uniq dts [ns] = [60000000000]
2026-02-04T17:57:59.635514Z INFO  utilrsw.logger   Uniq dts [#]  = 1
2026-02-04T17:57:59.635514Z INFO  utilrsw.logger   Stats for GIC/calculated/GMU:
2026-02-04T17:57:59.639059Z INFO  utilrsw.logger 
    std: [1.04218872]
    ave: [0.00219182]
    min: [-6.94929697]
    max: [10.62120711]
    n: 2341
    n_valid: [2341]
    dt_original: [60000000000]

2026-02-04T17:57:59.639059Z INFO  utilrsw.logger   Metrics for GIC/calculated/GMU:
2026-02-04T17:57:59.644535Z INFO  utilrsw.logger 
    err_rms: [1.07637029]
    err_ave: [0.00133659]
    err: [[ 0.62091941]
 [ 0.44014052]
 [ 0.32750358]
 ...
 [-0.35991645]
 [-0.40346478]
 [-0.21419296]]
    cc: [0.25940256]
    pe: [-1.72712313]
    valid: [[ True]
 [ True]
 [ True]
 ...
 [ True]
 [ True]
 [ True]]
    n_valid: [2341]

2026-02-04T17:57:59.647572Z INFO  utilrsw.logger Plotting '10208' data
2026-02-04T17:57:59.655752Z INFO  utilrsw.logger   Plotting '10208/GIC/GMU' vs. measured data as timeseries
2026-02-04T17:58:01.073810Z INFO  utilrsw.logger     Writing C:\Users\lwilker\Documents\GitHub\SWERVE-2024-05-10\data_processed/sites/10208/figures\compare\GIC_calculated_GMU_vs_measured_timeseries.png
2026-02-04T17:58:02.749105Z INFO  utilrsw.logger     Writing C:\Users\lwilker\Documents\GitHub\SWERVE-2024-05-10\data_processed/sites/10208/figures\compare\GIC_calculated_GMU_vs_measured_timeseries.pdf
2026-02-04T17:58:03.416476Z INFO  utilrsw.logger   Plotting '10208/GIC/GMU' vs. measured data as scatter
2026-02-04T17:58:04.293345Z INFO  utilrsw.logger     Writing C:\Users\lwilker\Documents\GitHub\SWERVE-2024-05-10\data_processed/sites/10208/figures\compare\GIC_calculated_GMU_vs_measured_scatter.png
2026-02-04T17:58:05.801891Z INFO  utilrsw.logger     Writing C:\Users\lwilker\Documents\GitHub\SWERVE-2024-05-10\data_processed/sites/10208/figures\compare\GIC_calculated_GMU_vs_measured_scatter.pdf
2026-02-04T17:58:06.407905Z INFO  utilrsw.logger   Plotting '10208/GIC/measured/NERC' original vs. modified data
2026-02-04T17:58:11.053690Z INFO  utilrsw.logger     Writing C:\Users\lwilker\Documents\GitHub\SWERVE-2024-05-10\data_processed/sites/10208/figures\original\GIC_measured_NERC.png
2026-02-04T17:58:13.127490Z INFO  utilrsw.logger     Writing C:\Users\lwilker\Documents\GitHub\SWERVE-2024-05-10\data_processed/sites/10208/figures\original\GIC_measured_NERC.pdf
2026-02-04T17:58:13.699708Z INFO  utilrsw.logger   Plotting '10208/GIC/calculated/GMU' original vs. modified data
2026-02-04T17:58:15.840693Z INFO  utilrsw.logger     Writing C:\Users\lwilker\Documents\GitHub\SWERVE-2024-05-10\data_processed/sites/10208/figures\original\GIC_calculated_GMU.png
2026-02-04T17:58:17.669982Z INFO  utilrsw.logger     Writing C:\Users\lwilker\Documents\GitHub\SWERVE-2024-05-10\data_processed/sites/10208/figures\original\GIC_calculated_GMU.pdf
2026-02-04T17:58:18.140977Z INFO  utilrsw.logger Reading '10212' data
2026-02-04T17:58:18.144237Z INFO  utilrsw.logger   Reading cached file with all data for site '10212': C:\Users\lwilker\Documents\GitHub\SWERVE-2024-05-10\data_processed\sites\10212\data\_all.pkl
2026-02-04T17:58:18.415230Z INFO  utilrsw.logger Computing stats for '10212' data
2026-02-04T17:58:19.613345Z INFO  utilrsw.logger   Uniq dts [ns] = [  1000000000   2000000000   5000000000   6000000000   7000000000
  22000000000  27000000000 325000000000]
2026-02-04T17:58:19.614347Z INFO  utilrsw.logger   Uniq dts [#]  = 8
2026-02-04T17:58:19.616345Z INFO  utilrsw.logger   Stats for GIC/measured/NERC:
2026-02-04T17:58:19.619341Z INFO  utilrsw.logger 
    std: [0.93675231]
    ave: [-0.00375324]
    min: [-7.24666667]
    max: [9.96666667]
    n: 2341
    n_valid: [2341]
    dt_original: [  1000000000   2000000000   5000000000   6000000000   7000000000
  22000000000  27000000000 325000000000]

2026-02-04T17:58:19.634347Z INFO  utilrsw.logger   Uniq dts [ns] = [60000000000]
2026-02-04T17:58:19.634347Z INFO  utilrsw.logger   Uniq dts [#]  = 1
2026-02-04T17:58:19.635347Z INFO  utilrsw.logger   Stats for GIC/calculated/GMU:
2026-02-04T17:58:19.639340Z INFO  utilrsw.logger 
    std: [2.09090612]
    ave: [-0.00279968]
    min: [-24.64468311]
    max: [13.83929627]
    n: 2341
    n_valid: [2341]
    dt_original: [60000000000]

2026-02-04T17:58:19.642769Z WARN  utilrsw.logger   Multiplying measured data by -1 before computing pe.
2026-02-04T17:58:19.643782Z INFO  utilrsw.logger   Metrics for GIC/calculated/GMU:
2026-02-04T17:58:19.648929Z INFO  utilrsw.logger 
    err_rms: [2.591784]
    err_ave: [-0.00095356]
    err: [[-0.19158211]
 [-0.17106285]
 [-0.20562226]
 ...
 [-0.22698619]
 [-0.11438112]
 [-0.02657266]]
    cc: [-0.37473304]
    pe: [-3.3093619]
    valid: [[ True]
 [ True]
 [ True]
 ...
 [ True]
 [ True]
 [ True]]
    n_valid: [2341]

2026-02-04T17:58:19.661458Z INFO  utilrsw.logger Plotting '10212' data
2026-02-04T17:58:19.665689Z INFO  utilrsw.logger   Plotting '10212/GIC/GMU' vs. measured data as timeseries
2026-02-04T17:58:21.133148Z INFO  utilrsw.logger     Writing C:\Users\lwilker\Documents\GitHub\SWERVE-2024-05-10\data_processed/sites/10212/figures\compare\GIC_calculated_GMU_vs_measured_timeseries.png
2026-02-04T17:58:22.746637Z INFO  utilrsw.logger     Writing C:\Users\lwilker\Documents\GitHub\SWERVE-2024-05-10\data_processed/sites/10212/figures\compare\GIC_calculated_GMU_vs_measured_timeseries.pdf
2026-02-04T17:58:23.244617Z INFO  utilrsw.logger   Plotting '10212/GIC/GMU' vs. measured data as scatter
2026-02-04T17:58:24.292284Z INFO  utilrsw.logger     Writing C:\Users\lwilker\Documents\GitHub\SWERVE-2024-05-10\data_processed/sites/10212/figures\compare\GIC_calculated_GMU_vs_measured_scatter.png
2026-02-04T17:58:25.820546Z INFO  utilrsw.logger     Writing C:\Users\lwilker\Documents\GitHub\SWERVE-2024-05-10\data_processed/sites/10212/figures\compare\GIC_calculated_GMU_vs_measured_scatter.pdf
2026-02-04T17:58:26.469823Z INFO  utilrsw.logger   Plotting '10212/GIC/measured/NERC' original vs. modified data
2026-02-04T17:58:31.142076Z INFO  utilrsw.logger     Writing C:\Users\lwilker\Documents\GitHub\SWERVE-2024-05-10\data_processed/sites/10212/figures\original\GIC_measured_NERC.png
2026-02-04T17:58:32.996288Z INFO  utilrsw.logger     Writing C:\Users\lwilker\Documents\GitHub\SWERVE-2024-05-10\data_processed/sites/10212/figures\original\GIC_measured_NERC.pdf
2026-02-04T17:58:33.576749Z INFO  utilrsw.logger   Plotting '10212/GIC/calculated/GMU' original vs. modified data
2026-02-04T17:58:35.396873Z INFO  utilrsw.logger     Writing C:\Users\lwilker\Documents\GitHub\SWERVE-2024-05-10\data_processed/sites/10212/figures\original\GIC_calculated_GMU.png
2026-02-04T17:58:37.170165Z INFO  utilrsw.logger     Writing C:\Users\lwilker\Documents\GitHub\SWERVE-2024-05-10\data_processed/sites/10212/figures\original\GIC_calculated_GMU.pdf
2026-02-04T17:58:37.824796Z INFO  utilrsw.logger              site_id sigma_data sigma_tva sigma_gmu              cc_tva              cc_gmu   pe_tva               pe_gmu
0              10052        4.2    -99999       4.3              -99999   $0.68\phantom{*}$   -99999    $0.25\phantom{*}$
1              10076        1.8    -99999       0.5              -99999  $-0.37\phantom{*}$   -99999             $-0.31*$
2              10099        4.6    -99999      31.0              -99999   $0.71\phantom{*}$   -99999  $-36.77\phantom{*}$
3              10238        1.0    -99999       2.9              -99999   $0.08\phantom{*}$   -99999  $-12.36\phantom{*}$
4              10255        5.4    -99999       7.2              -99999  $-0.48\phantom{*}$   -99999             $-0.49*$
5              10587        3.6    -99999       5.1              -99999  $-0.05\phantom{*}$   -99999             $-2.12*$
6              10622        0.5    -99999       1.2              -99999   $0.56\phantom{*}$   -99999   $-4.98\phantom{*}$
7              10063        0.2    -99999       0.3              -99999  $-0.28\phantom{*}$   -99999             $-1.34*$
8              10077        4.0    -99999       0.6              -99999  $-0.03\phantom{*}$   -99999             $-0.15*$
9              10079        2.9    -99999       0.5              -99999   $0.53\phantom{*}$   -99999    $0.17\phantom{*}$
10             10113        2.1    -99999       1.4              -99999  $-0.40\phantom{*}$   -99999             $-0.48*$
11             10115        3.9    -99999       4.5              -99999  $-0.85\phantom{*}$   -99999              $0.59*$
12             10402        1.6    -99999       2.1              -99999  $-0.01\phantom{*}$   -99999             $-1.88*$
13             10428        4.6    -99999       3.2              -99999   $0.66\phantom{*}$   -99999    $0.43\phantom{*}$
14             10659       18.0    -99999       0.6              -99999   $0.39\phantom{*}$   -99999   $-0.07\phantom{*}$
15             10693        1.4    -99999       1.1              -99999   $0.57\phantom{*}$   -99999    $0.25\phantom{*}$
16             10184        8.2    -99999       6.7              -99999   $0.62\phantom{*}$   -99999    $0.34\phantom{*}$
17             10185        1.3    -99999       5.5              -99999  $-0.70\phantom{*}$   -99999            $-12.49*$
18             10186        1.1    -99999       0.2              -99999  $-0.56\phantom{*}$   -99999              $0.15*$
19             10187        0.7    -99999       0.6              -99999  $-0.50\phantom{*}$   -99999              $0.10*$
20             10195        3.9    -99999       5.4              -99999  $-0.68\phantom{*}$   -99999             $-0.03*$
21             10220        0.9    -99999       0.1              -99999  $-0.19\phantom{*}$   -99999              $0.03*$
22             10250        1.1    -99999       1.5              -99999   $0.18\phantom{*}$   -99999   $-1.63\phantom{*}$
23          Bull Run        1.5       2.2       1.1  $-0.89\phantom{*}$   $0.69\phantom{*}$  $0.50*$    $0.48\phantom{*}$
24           Gleason        1.5    -99999       6.6              -99999  $-0.02\phantom{*}$   -99999            $-18.64*$
25      Johnsonville        1.0    -99999       2.5              -99999   $0.62\phantom{*}$   -99999   $-3.56\phantom{*}$
26        Montgomery        3.7       1.0       1.3  $-0.93\phantom{*}$  $-0.39\phantom{*}$  $0.43*$              $0.15*$
27        Paradise 3        2.0    -99999       5.3              -99999   $0.46\phantom{*}$   -99999   $-4.64\phantom{*}$
28           Pinhook        0.9    -99999       2.1              -99999  $-0.37\phantom{*}$   -99999             $-3.32*$
29  Raccoon Mountain        0.8    -99999       0.6              -99999   $0.71\phantom{*}$   -99999    $0.50\phantom{*}$
30        Rutherford        0.7    -99999       1.0              -99999   $0.26\phantom{*}$   -99999   $-1.73\phantom{*}$
31            Shelby        0.8    -99999       1.1              -99999   $0.12\phantom{*}$   -99999   $-1.31\phantom{*}$
32         Southaven        0.8    -99999       0.3              -99999   $0.44\phantom{*}$   -99999    $0.19\phantom{*}$
33          Sullivan        0.6    -99999       0.9              -99999   $0.46\phantom{*}$   -99999   $-0.87\phantom{*}$
34             Union        3.8       3.5       1.8  $-0.82\phantom{*}$  $-0.75\phantom{*}$  $0.65*$              $0.50*$
35      Widows Creek        1.9       1.2       0.6  $-0.82\phantom{*}$  $-0.53\phantom{*}$  $0.63*$              $0.23*$
36           Weakley        0.9    -99999       3.5              -99999   $0.07\phantom{*}$   -99999  $-14.97\phantom{*}$
37             10203        0.8    -99999       0.0              -99999   $0.23\phantom{*}$   -99999    $0.01\phantom{*}$
38             10204        0.8    -99999       1.1              -99999   $0.12\phantom{*}$   -99999   $-1.31\phantom{*}$
39             10660        1.5    -99999       6.6              -99999  $-0.02\phantom{*}$   -99999            $-18.63*$
40             10197        0.6    -99999       0.9              -99999   $0.46\phantom{*}$   -99999   $-0.87\phantom{*}$
41             10208        0.7    -99999       1.0              -99999   $0.26\phantom{*}$   -99999   $-1.73\phantom{*}$
42             10212        0.9    -99999       2.1              -99999  $-0.37\phantom{*}$   -99999             $-3.31*$
2026-02-04T17:58:37.985047Z INFO  utilrsw.logger Writing GIC prediction comparison tables to C:\Users\lwilker\Documents\GitHub\SWERVE-2024-05-10\_results\gic_table.{md,tex}
2026-02-04T17:58:37.994469Z INFO  utilrsw.logger Writing C:\Users\lwilker\Documents\GitHub\SWERVE-2024-05-10\_results\gic_table.md
2026-02-04T17:58:38.313230Z INFO  utilrsw.logger 24/47 sites found with r < 0.
2026-02-04T17:58:39.602003Z INFO  utilrsw.logger Writing C:\Users\lwilker\Documents\GitHub\SWERVE-2024-05-10\_results\gic_table.tex
2026-02-04T17:58:39.602003Z INFO  utilrsw.logger Writing C:\Users\lwilker\Documents\GitHub\2024-May-Storm-paper\figures\_results\gic_table.tex
2026-02-04T17:58:39.630502Z INFO  utilrsw.logger      site_id sigma_data sigma_swmf sigma_mage sigma_openggcm  ...            cc_mage        cc_openggcm             pe_swmf             pe_mage          pe_openggcm
0      50100       89.5       41.8      135.6          260.5  ...  $0.37\phantom{*}$  $0.30\phantom{*}$  $-2.42\phantom{*}$  $-1.87\phantom{*}$   $-7.63\phantom{*}$
1      50127       71.4       42.3      125.5          244.4  ...  $0.38\phantom{*}$  $0.23\phantom{*}$  $-4.84\phantom{*}$  $-2.35\phantom{*}$  $-10.79\phantom{*}$
2      50112      287.8       73.8      119.3          308.8  ...  $0.46\phantom{*}$  $0.18\phantom{*}$  $-0.53\phantom{*}$   $0.12\phantom{*}$   $-0.78\phantom{*}$
3      50131      100.6       54.5      192.3          249.9  ...  $0.58\phantom{*}$  $0.32\phantom{*}$  $-1.38\phantom{*}$  $-3.90\phantom{*}$   $-5.15\phantom{*}$
4      50132      104.0       54.9      192.7          248.4  ...  $0.59\phantom{*}$  $0.31\phantom{*}$  $-1.31\phantom{*}$  $-3.32\phantom{*}$   $-4.72\phantom{*}$
5      50103       86.3       45.7      133.7          253.9  ...  $0.44\phantom{*}$  $0.24\phantom{*}$  $-2.20\phantom{*}$  $-1.99\phantom{*}$   $-8.26\phantom{*}$
6      50104       95.8       51.3      189.8          252.4  ...  $0.48\phantom{*}$  $0.23\phantom{*}$  $-2.00\phantom{*}$  $-4.00\phantom{*}$   $-6.23\phantom{*}$
7      50109       94.2       50.2      191.5          250.6  ...  $0.49\phantom{*}$  $0.23\phantom{*}$  $-1.92\phantom{*}$  $-4.60\phantom{*}$   $-6.48\phantom{*}$
8      50115      167.7       61.1      128.3          264.6  ...  $0.55\phantom{*}$  $0.21\phantom{*}$  $-0.86\phantom{*}$   $0.24\phantom{*}$   $-1.88\phantom{*}$
9      50116       97.2       52.8      197.1          253.8  ...  $0.47\phantom{*}$  $0.17\phantom{*}$  $-1.70\phantom{*}$  $-5.21\phantom{*}$   $-6.54\phantom{*}$
10     50117       94.7       52.1      192.8          253.5  ...  $0.50\phantom{*}$  $0.14\phantom{*}$  $-1.61\phantom{*}$  $-3.91\phantom{*}$   $-7.26\phantom{*}$
11     50118      121.0       57.2      197.2          253.8  ...  $0.46\phantom{*}$  $0.18\phantom{*}$  $-1.25\phantom{*}$  $-2.69\phantom{*}$   $-3.88\phantom{*}$
12     50119       92.3       49.2      192.9          249.4  ...  $0.48\phantom{*}$  $0.24\phantom{*}$  $-1.88\phantom{*}$  $-5.33\phantom{*}$   $-6.73\phantom{*}$
13     50120       86.6       47.3      198.7          250.3  ...  $0.43\phantom{*}$  $0.21\phantom{*}$  $-2.17\phantom{*}$  $-8.04\phantom{*}$   $-8.06\phantom{*}$
14     50122       87.3       49.2      132.2          248.9  ...  $0.49\phantom{*}$  $0.19\phantom{*}$  $-2.03\phantom{*}$  $-1.77\phantom{*}$   $-7.90\phantom{*}$
15  Bull Run       96.1       51.3      189.9          252.5  ...  $0.47\phantom{*}$  $0.22\phantom{*}$  $-2.07\phantom{*}$  $-3.91\phantom{*}$   $-6.22\phantom{*}$
16     Union       87.7       47.4      198.9          250.0  ...  $0.44\phantom{*}$  $0.22\phantom{*}$  $-2.16\phantom{*}$  $-7.75\phantom{*}$   $-7.72\phantom{*}$

[17 rows x 11 columns]
2026-02-04T17:58:39.699877Z INFO  utilrsw.logger Writing B prediction comparison tables to C:\Users\lwilker\Documents\GitHub\SWERVE-2024-05-10\_results\b_table.{md,tex}
2026-02-04T17:58:39.699877Z INFO  utilrsw.logger Writing C:\Users\lwilker\Documents\GitHub\SWERVE-2024-05-10\_results\b_table.md
2026-02-04T17:58:39.732002Z INFO  utilrsw.logger Writing C:\Users\lwilker\Documents\GitHub\SWERVE-2024-05-10\_results\b_table.tex
2026-02-04T17:58:39.732002Z INFO  utilrsw.logger Writing C:\Users\lwilker\Documents\GitHub\2024-May-Storm-paper\figures\_results\b_table.tex
