timestamp,substation,Sim GIC (Median),Sim GIC (2.5),Sim GIC (97.5),sub lat,sub lon,site_1_device,site_1_gic,site_1_Latitude,site_1_Longitude,site_1_Distance
2024-05-10 12:00:00,159758308,-0.03801894043625483,-0.049122921875137046,-0.026914958997372614,35.042492100000004,-84.95894145572973,Bradley,-0.04,35.0425,-84.9587,0.021999245565364076
2024-05-10 12:01:00,159758308,-0.017742021018094318,-0.022965452232777076,-0.01251858980341156,35.042492100000004,-84.95894145572973,Bradley,-0.09,35.0425,-84.9587,0.021999245565364076
2024-05-10 12:02:00,159758308,-0.05234774375971965,-0.06777791965627862,-0.03691756786316069,35.042492100000004,-84.95894145572973,Bradley,-0.21,35.0425,-84.9587,0.021999245565364076
2024-05-10 12:03:00,159758308,-0.03277092262170583,-0.04235179125950642,-0.02319005398390523,35.042492100000004,-84.95894145572973,Bradley,-0.1,35.0425,-84.9587,0.021999245565364076
2024-05-10 12:04:00,159758308,-0.03951978138331687,-0.05104018356460659,-0.02799937920202715,35.042492100000004,-84.95894145572973,Bradley,-0.18,35.0425,-84.9587,0.021999245565364076
2024-05-10 12:05:00,159758308,-0.014890556617639333,-0.019496993118448006,-0.010284120116830659,35.042492100000004,-84.95894145572973,Bradley,-0.16,35.0425,-84.9587,0.021999245565364076
2024-05-10 12:06:00,159758308,-0.05179779114303127,-0.06693618937561273,-0.036659392910449805,35.042492100000004,-84.95894145572973,Bradley,-0.2,35.0425,-84.9587,0.021999245565364076
2024-05-10 12:07:00,159758308,-0.03212427627984196,-0.04153351529216843,-0.022715037267515496,35.042492100000004,-84.95894145572973,Bradley,-0.09,35.0425,-84.9587,0.021999245565364076
2024-05-10 12:08:00,159758308,-0.017388103308097258,-0.0225010180147361,-0.012275188601458419,35.042492100000004,-84.95894145572973,Bradley,-0.19,35.0425,-84.9587,0.021999245565364076
2024-05-10 12:09:00,159758308,-0.03407799644444561,-0.044030826860410426,-0.024125166028480798,35.042492100000004,-84.95894145572973,Bradley,-0.2,35.0425,-84.9587,0.021999245565364076
2024-05-10 12:10:00,159758308,-0.06703622147150302,-0.08667437072791365,-0.047398072215092395,35.042492100000004,-84.95894145572973,Bradley,-0.17,35.0425,-84.9587,0.021999245565364076
2024-05-10 12:11:00,159758308,-0.014252786437536778,-0.0185318424979614,-0.009973730377112154,35.042492100000004,-84.95894145572973,Bradley,-0.16,35.0425,-84.9587,0.021999245565364076
2024-05-10 12:12:00,159758308,-0.020183735111854825,-0.026071701796377772,-0.014295768427331879,35.042492100000004,-84.95894145572973,Bradley,-0.14,35.0425,-84.9587,0.021999245565364076
2024-05-10 12:13:00,159758308,-0.0048461508734882,-0.007214768035154839,-0.00247753371182156,35.042492100000004,-84.95894145572973,Bradley,-0.14,35.0425,-84.9587,0.021999245565364076
2024-05-10 12:14:00,159758308,-0.0016108142824564193,-0.0036807741488763847,0.00045914558396354613,35.042492100000004,-84.95894145572973,Bradley,-0.05,35.0425,-84.9587,0.021999245565364076
2024-05-10 12:15:00,159758308,-0.021465986466039005,-0.027733937278072746,-0.015198035654005264,35.042492100000004,-84.95894145572973,Bradley,-0.1,35.0425,-84.9587,0.021999245565364076
2024-05-10 12:16:00,159758308,0.0015220288951363272,-0.00016210322863438142,0.0032061610189070356,35.042492100000004,-84.95894145572973,Bradley,0.03,35.0425,-84.9587,0.021999245565364076
2024-05-10 12:17:00,159758308,0.006203716845021764,0.003879855892913456,0.008527577797130072,35.042492100000004,-84.95894145572973,Bradley,-0.13,35.0425,-84.9587,0.021999245565364076
2024-05-10 12:18:00,159758308,0.006908279501036982,0.004333773547009033,0.00948278545506493,35.042492100000004,-84.95894145572973,Bradley,-0.06,35.0425,-84.9587,0.021999245565364076
2024-05-10 12:19:00,159758308,0.005849757447848805,0.004070237021313977,0.007629277874383633,35.042492100000004,-84.95894145572973,Bradley,-0.07,35.0425,-84.9587,0.021999245565364076
2024-05-10 12:20:00,159758308,0.013782439651951023,0.009148332149762378,0.018416547154139668,35.042492100000004,-84.95894145572973,Bradley,-0.1,35.0425,-84.9587,0.021999245565364076
2024-05-10 12:21:00,159758308,0.05107891439349361,0.035913334676099404,0.06624449411088781,35.042492100000004,-84.95894145572973,Bradley,-0.06,35.0425,-84.9587,0.021999245565364076
2024-05-10 12:22:00,159758308,0.02653183260457822,0.01866276875504007,0.03440089645411637,35.042492100000004,-84.95894145572973,Bradley,-0.08,35.0425,-84.9587,0.021999245565364076
2024-05-10 12:23:00,159758308,0.021931364140257228,0.01546126553437564,0.028401462746138816,35.042492100000004,-84.95894145572973,Bradley,-0.05,35.0425,-84.9587,0.021999245565364076
2024-05-10 12:24:00,159758308,-1.0131987935356751e-06,-7.589730211598995e-05,7.387090452891859e-05,35.042492100000004,-84.95894145572973,Bradley,-0.16,35.0425,-84.9587,0.021999245565364076
2024-05-10 12:25:00,159758308,0.025378788407408478,0.017755439318080365,0.03300213749673659,35.042492100000004,-84.95894145572973,Bradley,-0.03,35.0425,-84.9587,0.021999245565364076
2024-05-10 12:26:00,159758308,0.02271336938361634,0.01608136036343002,0.02934537840380266,35.042492100000004,-84.95894145572973,Bradley,-0.07,35.0425,-84.9587,0.021999245565364076
2024-05-10 12:27:00,159758308,0.0024663971507797805,0.0014004138038729165,0.0035323804976866444,35.042492100000004,-84.95894145572973,Bradley,-0.03,35.0425,-84.9587,0.021999245565364076
2024-05-10 12:28:00,159758308,0.01502316031747804,0.010629273785480887,0.019417046849475192,35.042492100000004,-84.95894145572973,Bradley,-0.04,35.0425,-84.9587,0.021999245565364076
2024-05-10 12:29:00,159758308,0.006372636488482867,0.004357542029687326,0.008387730947278408,35.042492100000004,-84.95894145572973,Bradley,-0.21,35.0425,-84.9587,0.021999245565364076
2024-05-10 12:30:00,159758308,0.0196082314630443,0.013787152098636603,0.025429310827452,35.042492100000004,-84.95894145572973,Bradley,-0.12,35.0425,-84.9587,0.021999245565364076
2024-05-10 12:31:00,159758308,0.027191377600007356,0.019191224711550853,0.03519153048846386,35.042492100000004,-84.95894145572973,Bradley,-0.07,35.0425,-84.9587,0.021999245565364076
2024-05-10 12:32:00,159758308,-0.009253832182791221,-0.01218279846125551,-0.0063248659043269335,35.042492100000004,-84.95894145572973,Bradley,-0.12,35.0425,-84.9587,0.021999245565364076
2024-05-10 12:33:00,159758308,0.003005452980190295,0.002021485979249061,0.003989419981131529,35.042492100000004,-84.95894145572973,Bradley,0.02,35.0425,-84.9587,0.021999245565364076
2024-05-10 12:34:00,159758308,0.012309320035522707,0.00861973835650588,0.015998901714539535,35.042492100000004,-84.95894145572973,Bradley,0.04,35.0425,-84.9587,0.021999245565364076
2024-05-10 12:35:00,159758308,0.05275725805286441,0.03721670751546994,0.06829780859025888,35.042492100000004,-84.95894145572973,Bradley,0.02,35.0425,-84.9587,0.021999245565364076
2024-05-10 12:36:00,159758308,0.03047165809739093,0.02157822670271252,0.03936508949206934,35.042492100000004,-84.95894145572973,Bradley,0.03,35.0425,-84.9587,0.021999245565364076
2024-05-10 12:37:00,159758308,0.052567872571400054,0.03721139094864683,0.06792435419415328,35.042492100000004,-84.95894145572973,Bradley,-0.07,35.0425,-84.9587,0.021999245565364076
2024-05-10 12:38:00,159758308,0.015092009574515593,0.010339678575373375,0.01984434057365781,35.042492100000004,-84.95894145572973,Bradley,-0.04,35.0425,-84.9587,0.021999245565364076
2024-05-10 12:39:00,159758308,0.03700672962878804,0.026191963428972495,0.04782149582860358,35.042492100000004,-84.95894145572973,Bradley,-0.03,35.0425,-84.9587,0.021999245565364076
2024-05-10 12:40:00,159758308,0.019921575365406438,0.01407182506633306,0.025771325664479816,35.042492100000004,-84.95894145572973,Bradley,0.02,35.0425,-84.9587,0.021999245565364076
2024-05-10 12:41:00,159758308,0.036070135510360625,0.025524923185847558,0.04661534783487369,35.042492100000004,-84.95894145572973,Bradley,-0.02,35.0425,-84.9587,0.021999245565364076
2024-05-10 12:42:00,159758308,0.010007551715289015,0.005999468647892333,0.014015634782685698,35.042492100000004,-84.95894145572973,Bradley,-0.04,35.0425,-84.9587,0.021999245565364076
2024-05-10 12:43:00,159758308,0.03263215691592762,0.023069495321470485,0.04219481851038476,35.042492100000004,-84.95894145572973,Bradley,-0.04,35.0425,-84.9587,0.021999245565364076
2024-05-10 12:44:00,159758308,0.020827723735919637,0.014545984945004548,0.027109462526834726,35.042492100000004,-84.95894145572973,Bradley,-0.02,35.0425,-84.9587,0.021999245565364076
2024-05-10 12:45:00,159758308,0.021241609410463602,0.014623450547725127,0.02785976827320208,35.042492100000004,-84.95894145572973,Bradley,0.1,35.0425,-84.9587,0.021999245565364076
2024-05-10 12:46:00,159758308,0.022243810164984553,0.015589309416921134,0.028898310913047974,35.042492100000004,-84.95894145572973,Bradley,-0.01,35.0425,-84.9587,0.021999245565364076
2024-05-10 12:47:00,159758308,0.03764509497349424,0.026633276077412765,0.04865691386957571,35.042492100000004,-84.95894145572973,Bradley,-0.05,35.0425,-84.9587,0.021999245565364076
2024-05-10 12:48:00,159758308,0.0169800615342736,0.011942588094140557,0.02201753497440664,35.042492100000004,-84.95894145572973,Bradley,0.05,35.0425,-84.9587,0.021999245565364076
2024-05-10 12:49:00,159758308,0.04319532300773369,0.030496554914923535,0.055894091100543844,35.042492100000004,-84.95894145572973,Bradley,-0.03,35.0425,-84.9587,0.021999245565364076
2024-05-10 12:50:00,159758308,0.010066768027987349,0.0054249032288066525,0.014708632827168045,35.042492100000004,-84.95894145572973,Bradley,-0.06,35.0425,-84.9587,0.021999245565364076
2024-05-10 12:51:00,159758308,-0.0020720752678866665,-0.004705695372441358,0.0005615448366680259,35.042492100000004,-84.95894145572973,Bradley,-0.04,35.0425,-84.9587,0.021999245565364076
2024-05-10 12:52:00,159758308,0.011222357066910622,0.0073665136813976335,0.015078200452423609,35.042492100000004,-84.95894145572973,Bradley,0.05,35.0425,-84.9587,0.021999245565364076
2024-05-10 12:53:00,159758308,0.04993644462949731,0.03529313651829583,0.06457975274069878,35.042492100000004,-84.95894145572973,Bradley,-0.02,35.0425,-84.9587,0.021999245565364076
2024-05-10 12:54:00,159758308,0.03713098563198764,0.026202510431336708,0.048059460832638574,35.042492100000004,-84.95894145572973,Bradley,0.11,35.0425,-84.9587,0.021999245565364076
2024-05-10 12:55:00,159758308,0.03502696588204544,0.024763135140618744,0.04529079662347213,35.042492100000004,-84.95894145572973,Bradley,0.3,35.0425,-84.9587,0.021999245565364076
2024-05-10 12:56:00,159758308,0.01848568688644686,0.01247108588071384,0.02450028789217988,35.042492100000004,-84.95894145572973,Bradley,-0.02,35.0425,-84.9587,0.021999245565364076
2024-05-10 12:57:00,159758308,0.018432406827596986,0.01251396742594657,0.0243508462292474,35.042492100000004,-84.95894145572973,Bradley,0.1,35.0425,-84.9587,0.021999245565364076
2024-05-10 12:58:00,159758308,0.027591728410547665,0.01935159900572825,0.03583185781536708,35.042492100000004,-84.95894145572973,Bradley,0.1,35.0425,-84.9587,0.021999245565364076
2024-05-10 12:59:00,159758308,0.04104912866260192,0.0290126206067799,0.053085636718423944,35.042492100000004,-84.95894145572973,Bradley,0.38,35.0425,-84.9587,0.021999245565364076
2024-05-10 13:00:00,159758308,0.0303696181522413,0.02131246743286721,0.03942676887161539,35.042492100000004,-84.95894145572973,Bradley,-0.07,35.0425,-84.9587,0.021999245565364076
2024-05-10 13:01:00,159758308,0.029525726051561448,0.020516893380958856,0.03853455872216404,35.042492100000004,-84.95894145572973,Bradley,0.08,35.0425,-84.9587,0.021999245565364076
2024-05-10 13:02:00,159758308,-0.0014056532111998445,-0.004400662724859606,0.0015893563024599172,35.042492100000004,-84.95894145572973,Bradley,0.01,35.0425,-84.9587,0.021999245565364076
2024-05-10 13:03:00,159758308,0.021741132088451475,0.01478735511005129,0.02869490906685166,35.042492100000004,-84.95894145572973,Bradley,-0.05,35.0425,-84.9587,0.021999245565364076
2024-05-10 13:04:00,159758308,-0.005201062181289354,-0.009380388789290154,-0.0010217355732885557,35.042492100000004,-84.95894145572973,Bradley,0.06,35.0425,-84.9587,0.021999245565364076
2024-05-10 13:05:00,159758308,0.015982168027035084,0.010201674414045975,0.021762661640024192,35.042492100000004,-84.95894145572973,Bradley,0.02,35.0425,-84.9587,0.021999245565364076
2024-05-10 13:06:00,159758308,0.01661580027392348,0.011325931838600464,0.021905668709246498,35.042492100000004,-84.95894145572973,Bradley,0.03,35.0425,-84.9587,0.021999245565364076
2024-05-10 13:07:00,159758308,0.015834138789430272,0.01039501425271517,0.021273263326145375,35.042492100000004,-84.95894145572973,Bradley,-0.14,35.0425,-84.9587,0.021999245565364076
2024-05-10 13:08:00,159758308,0.008673619165786097,0.004568351677347742,0.012778886654224452,35.042492100000004,-84.95894145572973,Bradley,0.04,35.0425,-84.9587,0.021999245565364076
2024-05-10 13:09:00,159758308,0.010816379890557335,0.0065667377304346325,0.015066022050680038,35.042492100000004,-84.95894145572973,Bradley,0.04,35.0425,-84.9587,0.021999245565364076
2024-05-10 13:10:00,159758308,-0.024224086984661337,-0.033653925360699166,-0.014794248608623505,35.042492100000004,-84.95894145572973,Bradley,-0.01,35.0425,-84.9587,0.021999245565364076
2024-05-10 13:11:00,159758308,3.216374056725672e-05,-0.005731979840910716,0.00579630732204523,35.042492100000004,-84.95894145572973,Bradley,-0.0,35.0425,-84.9587,0.021999245565364076
2024-05-10 13:12:00,159758308,-0.0498802939275807,-0.06673800262183034,-0.033022585233331056,35.042492100000004,-84.95894145572973,Bradley,-0.03,35.0425,-84.9587,0.021999245565364076
2024-05-10 13:13:00,159758308,-0.009893018444192114,-0.016060943155221996,-0.00372509373316223,35.042492100000004,-84.95894145572973,Bradley,-0.05,35.0425,-84.9587,0.021999245565364076
2024-05-10 13:14:00,159758308,0.03060073698617182,0.021222524018740013,0.039978949953603626,35.042492100000004,-84.95894145572973,Bradley,-0.07,35.0425,-84.9587,0.021999245565364076
2024-05-10 13:15:00,159758308,0.022371485799290464,0.014760842836415163,0.029982128762165765,35.042492100000004,-84.95894145572973,Bradley,-0.09,35.0425,-84.9587,0.021999245565364076
2024-05-10 13:16:00,159758308,-0.016765285355979032,-0.023474156789218603,-0.010056413922739461,35.042492100000004,-84.95894145572973,Bradley,0.0,35.0425,-84.9587,0.021999245565364076
2024-05-10 13:17:00,159758308,-0.0014506914347871165,-0.0037786850943497493,0.0008773022247755163,35.042492100000004,-84.95894145572973,Bradley,0.04,35.0425,-84.9587,0.021999245565364076
2024-05-10 13:18:00,159758308,0.00992220075000591,0.0065663354570091766,0.013278066043002645,35.042492100000004,-84.95894145572973,Bradley,0.08,35.0425,-84.9587,0.021999245565364076
2024-05-10 13:19:00,159758308,0.05770477931132313,0.04082211674011304,0.07458744188253322,35.042492100000004,-84.95894145572973,Bradley,0.12,35.0425,-84.9587,0.021999245565364076
2024-05-10 13:20:00,159758308,0.04864530685209314,0.03438037492780099,0.06291023877638528,35.042492100000004,-84.95894145572973,Bradley,0.1,35.0425,-84.9587,0.021999245565364076
2024-05-10 13:21:00,159758308,0.04352223255847554,0.030631919000700454,0.05641254611625062,35.042492100000004,-84.95894145572973,Bradley,0.06,35.0425,-84.9587,0.021999245565364076
2024-05-10 13:22:00,159758308,0.035978972711415605,0.02538668893253533,0.04657125649029588,35.042492100000004,-84.95894145572973,Bradley,0.12,35.0425,-84.9587,0.021999245565364076
2024-05-10 13:23:00,159758308,0.049050757607599194,0.034629297329013736,0.06347221788618465,35.042492100000004,-84.95894145572973,Bradley,0.12,35.0425,-84.9587,0.021999245565364076
2024-05-10 13:24:00,159758308,0.030371383123134876,0.021029642316905156,0.039713123929364595,35.042492100000004,-84.95894145572973,Bradley,0.08,35.0425,-84.9587,0.021999245565364076
2024-05-10 13:25:00,159758308,0.032705967588238696,0.02266780221728209,0.042744132959195304,35.042492100000004,-84.95894145572973,Bradley,0.26,35.0425,-84.9587,0.021999245565364076
2024-05-10 13:26:00,159758308,0.0244680634263224,0.016976719207595217,0.03195940764504958,35.042492100000004,-84.95894145572973,Bradley,0.06,35.0425,-84.9587,0.021999245565364076
2024-05-10 13:27:00,159758308,0.0513371337398075,0.03625757404501913,0.06641669343459587,35.042492100000004,-84.95894145572973,Bradley,0.33,35.0425,-84.9587,0.021999245565364076
2024-05-10 13:28:00,159758308,0.040518795954916566,0.028624380280844623,0.05241321162898851,35.042492100000004,-84.95894145572973,Bradley,0.19,35.0425,-84.9587,0.021999245565364076
2024-05-10 13:29:00,159758308,0.033174044026090706,0.022850122748492886,0.043497965303688525,35.042492100000004,-84.95894145572973,Bradley,0.26,35.0425,-84.9587,0.021999245565364076
2024-05-10 13:30:00,159758308,0.01777463962988478,0.011851013239738176,0.02369826602003139,35.042492100000004,-84.95894145572973,Bradley,0.15,35.0425,-84.9587,0.021999245565364076
2024-05-10 13:31:00,159758308,0.031321070862842554,0.021352956409108864,0.04128918531657624,35.042492100000004,-84.95894145572973,Bradley,0.06,35.0425,-84.9587,0.021999245565364076
2024-05-10 13:32:00,159758308,0.03624329762564622,0.025344354528433866,0.04714224072285858,35.042492100000004,-84.95894145572973,Bradley,0.05,35.0425,-84.9587,0.021999245565364076
2024-05-10 13:33:00,159758308,0.03248305792125505,0.022386872893262008,0.042579242949248086,35.042492100000004,-84.95894145572973,Bradley,0.01,35.0425,-84.9587,0.021999245565364076
2024-05-10 13:34:00,159758308,0.024218776679792577,0.016473096913555474,0.03196445644602968,35.042492100000004,-84.95894145572973,Bradley,0.14,35.0425,-84.9587,0.021999245565364076
2024-05-10 13:35:00,159758308,0.049611423187153246,0.03474657520074313,0.06447627117356336,35.042492100000004,-84.95894145572973,Bradley,0.18,35.0425,-84.9587,0.021999245565364076
2024-05-10 13:36:00,159758308,0.012773140533385697,0.006837700076401286,0.018708580990370108,35.042492100000004,-84.95894145572973,Bradley,0.12,35.0425,-84.9587,0.021999245565364076
2024-05-10 13:37:00,159758308,0.019365968684983397,0.012595780534595452,0.026136156835371342,35.042492100000004,-84.95894145572973,Bradley,0.23,35.0425,-84.9587,0.021999245565364076
2024-05-10 13:38:00,159758308,0.023685052560012295,0.016231330944347463,0.031138774175677127,35.042492100000004,-84.95894145572973,Bradley,0.22,35.0425,-84.9587,0.021999245565364076
2024-05-10 13:39:00,159758308,0.055048272364397695,0.03891386070702519,0.07118268402177019,35.042492100000004,-84.95894145572973,Bradley,0.19,35.0425,-84.9587,0.021999245565364076
2024-05-10 13:40:00,159758308,0.016022655574282944,0.009878067885374249,0.02216724326319164,35.042492100000004,-84.95894145572973,Bradley,0.2,35.0425,-84.9587,0.021999245565364076
2024-05-10 13:41:00,159758308,0.041309523438156734,0.02903045678505489,0.053588590091258576,35.042492100000004,-84.95894145572973,Bradley,0.19,35.0425,-84.9587,0.021999245565364076
2024-05-10 13:42:00,159758308,0.022316671652367392,0.014922925391104323,0.029710417913630462,35.042492100000004,-84.95894145572973,Bradley,-0.06,35.0425,-84.9587,0.021999245565364076
2024-05-10 13:43:00,159758308,0.033693940830294845,0.02351738231899301,0.04387049934159668,35.042492100000004,-84.95894145572973,Bradley,0.13,35.0425,-84.9587,0.021999245565364076
2024-05-10 13:44:00,159758308,0.013226846840530734,0.007832736267804938,0.01862095741325653,35.042492100000004,-84.95894145572973,Bradley,0.25,35.0425,-84.9587,0.021999245565364076
2024-05-10 13:45:00,159758308,0.025058979786075675,0.01691148798942608,0.03320647158272527,35.042492100000004,-84.95894145572973,Bradley,0.01,35.0425,-84.9587,0.021999245565364076
2024-05-10 13:46:00,159758308,0.032499753314533246,0.02268674036048194,0.04231276626858455,35.042492100000004,-84.95894145572973,Bradley,0.08,35.0425,-84.9587,0.021999245565364076
2024-05-10 13:47:00,159758308,0.04597843583189728,0.032437914950793914,0.05951895671300064,35.042492100000004,-84.95894145572973,Bradley,0.21,35.0425,-84.9587,0.021999245565364076
2024-05-10 13:48:00,159758308,0.020566690184561774,0.013029596669110969,0.02810378370001258,35.042492100000004,-84.95894145572973,Bradley,0.04,35.0425,-84.9587,0.021999245565364076
2024-05-10 13:49:00,159758308,0.023291274213758827,0.016275339036102267,0.030307209391415388,35.042492100000004,-84.95894145572973,Bradley,0.04,35.0425,-84.9587,0.021999245565364076
2024-05-10 13:50:00,159758308,0.027878218075534842,0.019436275367014137,0.03632016078405555,35.042492100000004,-84.95894145572973,Bradley,0.16,35.0425,-84.9587,0.021999245565364076
2024-05-10 13:51:00,159758308,0.022260623565037618,0.015261964971612207,0.02925928215846303,35.042492100000004,-84.95894145572973,Bradley,0.05,35.0425,-84.9587,0.021999245565364076
2024-05-10 13:52:00,159758308,0.007243027523530756,0.0027497194023643505,0.01173633564469716,35.042492100000004,-84.95894145572973,Bradley,0.08,35.0425,-84.9587,0.021999245565364076
2024-05-10 13:53:00,159758308,0.021031608498168618,0.012504670004812998,0.029558546991524236,35.042492100000004,-84.95894145572973,Bradley,0.01,35.0425,-84.9587,0.021999245565364076
2024-05-10 13:54:00,159758308,0.00987792640383322,0.002654605152776408,0.017101247654890035,35.042492100000004,-84.95894145572973,Bradley,-0.06,35.0425,-84.9587,0.021999245565364076
2024-05-10 13:55:00,159758308,0.0046239928583531225,-0.0002413696250029079,0.009489355341709152,35.042492100000004,-84.95894145572973,Bradley,0.04,35.0425,-84.9587,0.021999245565364076
2024-05-10 13:56:00,159758308,-0.0071363042245876415,-0.013973642952212643,-0.00029896549696263944,35.042492100000004,-84.95894145572973,Bradley,-0.14,35.0425,-84.9587,0.021999245565364076
2024-05-10 13:57:00,159758308,-0.002194146662649887,-0.006802508919022426,0.002414215593722652,35.042492100000004,-84.95894145572973,Bradley,-0.22,35.0425,-84.9587,0.021999245565364076
2024-05-10 13:58:00,159758308,0.003730925683135063,-0.0005460760473352793,0.008007927413605405,35.042492100000004,-84.95894145572973,Bradley,-0.15,35.0425,-84.9587,0.021999245565364076
2024-05-10 13:59:00,159758308,0.007342114733944183,0.0035279485084831583,0.011156280959405207,35.042492100000004,-84.95894145572973,Bradley,-0.06,35.0425,-84.9587,0.021999245565364076
2024-05-10 14:00:00,159758308,0.005223896973230891,0.000963109154792501,0.009484684791669282,35.042492100000004,-84.95894145572973,Bradley,0.03,35.0425,-84.9587,0.021999245565364076
2024-05-10 14:01:00,159758308,-5.8595694867091123e-05,-0.0034921811429042974,0.003374989753170115,35.042492100000004,-84.95894145572973,Bradley,-0.01,35.0425,-84.9587,0.021999245565364076
2024-05-10 14:02:00,159758308,0.008397372120085705,0.004789620259295494,0.012005123980875918,35.042492100000004,-84.95894145572973,Bradley,0.04,35.0425,-84.9587,0.021999245565364076
2024-05-10 14:03:00,159758308,0.006283864609411121,0.0014587170689361606,0.01110901214988608,35.042492100000004,-84.95894145572973,Bradley,-0.11,35.0425,-84.9587,0.021999245565364076
2024-05-10 14:04:00,159758308,-0.004659540715759524,-0.010811154087729542,0.0014920726562104953,35.042492100000004,-84.95894145572973,Bradley,0.14,35.0425,-84.9587,0.021999245565364076
2024-05-10 14:05:00,159758308,0.01808609798921381,0.012505925194538489,0.02366627078388913,35.042492100000004,-84.95894145572973,Bradley,-0.01,35.0425,-84.9587,0.021999245565364076
2024-05-10 14:06:00,159758308,0.0239330976700414,0.016455888157626594,0.03141030718245621,35.042492100000004,-84.95894145572973,Bradley,0.17,35.0425,-84.9587,0.021999245565364076
2024-05-10 14:07:00,159758308,0.032725905602460914,0.02280297559894038,0.04264883560598145,35.042492100000004,-84.95894145572973,Bradley,0.1,35.0425,-84.9587,0.021999245565364076
2024-05-10 14:08:00,159758308,0.008035033841059363,0.0037168162153366118,0.012353251466782116,35.042492100000004,-84.95894145572973,Bradley,-0.01,35.0425,-84.9587,0.021999245565364076
2024-05-10 14:09:00,159758308,0.005601942579298911,0.0012402500018138408,0.009963635156783982,35.042492100000004,-84.95894145572973,Bradley,-0.03,35.0425,-84.9587,0.021999245565364076
2024-05-10 14:10:00,159758308,0.006756352191814738,0.003266152836851322,0.010246551546778154,35.042492100000004,-84.95894145572973,Bradley,0.04,35.0425,-84.9587,0.021999245565364076
2024-05-10 14:11:00,159758308,0.05268308822949941,0.03729057557860115,0.06807560088039766,35.042492100000004,-84.95894145572973,Bradley,-0.0,35.0425,-84.9587,0.021999245565364076
2024-05-10 14:12:00,159758308,0.029863923206855245,0.02048879888567097,0.03923904752803952,35.042492100000004,-84.95894145572973,Bradley,0.06,35.0425,-84.9587,0.021999245565364076
2024-05-10 14:13:00,159758308,0.022934370419284842,0.015205417002131624,0.03066332383643806,35.042492100000004,-84.95894145572973,Bradley,0.06,35.0425,-84.9587,0.021999245565364076
2024-05-10 14:14:00,159758308,0.007429954183125705,0.004224161721520474,0.010635746644730935,35.042492100000004,-84.95894145572973,Bradley,0.07,35.0425,-84.9587,0.021999245565364076
2024-05-10 14:15:00,159758308,0.034430200490842514,0.023840631942139066,0.045019769039545965,35.042492100000004,-84.95894145572973,Bradley,0.12,35.0425,-84.9587,0.021999245565364076
2024-05-10 14:16:00,159758308,-0.014446660024492871,-0.020675065732892215,-0.008218254316093528,35.042492100000004,-84.95894145572973,Bradley,0.14,35.0425,-84.9587,0.021999245565364076
2024-05-10 14:17:00,159758308,0.029871290934190064,0.021020870135673615,0.03872171173270651,35.042492100000004,-84.95894145572973,Bradley,-0.06,35.0425,-84.9587,0.021999245565364076
2024-05-10 14:18:00,159758308,0.015367893220276823,0.009448441171721111,0.021287345268832535,35.042492100000004,-84.95894145572973,Bradley,-0.13,35.0425,-84.9587,0.021999245565364076
2024-05-10 14:19:00,159758308,0.0009685997283130022,-0.0015122986895080646,0.003449498146134069,35.042492100000004,-84.95894145572973,Bradley,-0.11,35.0425,-84.9587,0.021999245565364076
2024-05-10 14:20:00,159758308,0.036970968445275726,0.02603788929982409,0.04790404759072736,35.042492100000004,-84.95894145572973,Bradley,0.02,35.0425,-84.9587,0.021999245565364076
2024-05-10 14:21:00,159758308,0.00692516793800667,0.004025060777262634,0.009825275098750707,35.042492100000004,-84.95894145572973,Bradley,0.0,35.0425,-84.9587,0.021999245565364076
2024-05-10 14:22:00,159758308,0.008184903727815548,0.00236809550081025,0.014001711954820846,35.042492100000004,-84.95894145572973,Bradley,0.07,35.0425,-84.9587,0.021999245565364076
2024-05-10 14:23:00,159758308,0.0011504171034114508,-0.0033506315265127546,0.005651465733335656,35.042492100000004,-84.95894145572973,Bradley,0.15,35.0425,-84.9587,0.021999245565364076
2024-05-10 14:24:00,159758308,-0.013300530767793533,-0.017607548270787202,-0.008993513264799864,35.042492100000004,-84.95894145572973,Bradley,0.14,35.0425,-84.9587,0.021999245565364076
2024-05-10 14:25:00,159758308,0.09350265779989073,0.06622952233749745,0.120775793262284,35.042492100000004,-84.95894145572973,Bradley,0.13,35.0425,-84.9587,0.021999245565364076
2024-05-10 14:26:00,159758308,0.0009512973857871942,-0.0021090176459352874,0.004011612417509676,35.042492100000004,-84.95894145572973,Bradley,0.15,35.0425,-84.9587,0.021999245565364076
2024-05-10 14:27:00,159758308,-0.008636668294407653,-0.0143368485919529,-0.0029364879968624075,35.042492100000004,-84.95894145572973,Bradley,0.26,35.0425,-84.9587,0.021999245565364076
2024-05-10 14:28:00,159758308,-0.0015674560921418242,-0.0023690425382069734,-0.000765869646076675,35.042492100000004,-84.95894145572973,Bradley,0.18,35.0425,-84.9587,0.021999245565364076
2024-05-10 14:29:00,159758308,0.08232015110777782,0.057287257556386445,0.1073530446591692,35.042492100000004,-84.95894145572973,Bradley,0.18,35.0425,-84.9587,0.021999245565364076
2024-05-10 14:30:00,159758308,0.05683910213385802,0.040271844823853986,0.07340635944386205,35.042492100000004,-84.95894145572973,Bradley,0.3,35.0425,-84.9587,0.021999245565364076
2024-05-10 14:31:00,159758308,0.0036693513994659446,0.001616666103258264,0.005722036695673625,35.042492100000004,-84.95894145572973,Bradley,0.26,35.0425,-84.9587,0.021999245565364076
2024-05-10 14:32:00,159758308,-0.030175707367497476,-0.03902356718676456,-0.0213278475482304,35.042492100000004,-84.95894145572973,Bradley,0.14,35.0425,-84.9587,0.021999245565364076
2024-05-10 14:33:00,159758308,-0.019090525480269103,-0.024693975575495394,-0.013487075385042811,35.042492100000004,-84.95894145572973,Bradley,0.27,35.0425,-84.9587,0.021999245565364076
2024-05-10 14:34:00,159758308,0.06982341835622267,0.047451471467772774,0.09219536524467258,35.042492100000004,-84.95894145572973,Bradley,0.28,35.0425,-84.9587,0.021999245565364076
2024-05-10 14:35:00,159758308,0.03999628247874811,0.028286875208355516,0.05170568974914071,35.042492100000004,-84.95894145572973,Bradley,0.14,35.0425,-84.9587,0.021999245565364076
2024-05-10 14:36:00,159758308,-0.006693419948390609,-0.008912747521923007,-0.00447409237485821,35.042492100000004,-84.95894145572973,Bradley,0.28,35.0425,-84.9587,0.021999245565364076
2024-05-10 14:37:00,159758308,0.06474340114324142,0.04588530394211601,0.08360149834436684,35.042492100000004,-84.95894145572973,Bradley,0.43,35.0425,-84.9587,0.021999245565364076
2024-05-10 14:38:00,159758308,0.02611170796315463,0.01851955908207693,0.033703856844232334,35.042492100000004,-84.95894145572973,Bradley,0.32,35.0425,-84.9587,0.021999245565364076
2024-05-10 14:39:00,159758308,0.015292445364299844,0.008955204772753068,0.02162968595584662,35.042492100000004,-84.95894145572973,Bradley,0.41,35.0425,-84.9587,0.021999245565364076
2024-05-10 14:40:00,159758308,0.006234665324243829,0.0038100676265248575,0.0086592630219628,35.042492100000004,-84.95894145572973,Bradley,0.33,35.0425,-84.9587,0.021999245565364076
2024-05-10 14:41:00,159758308,0.023146785179399852,0.014748496011186597,0.03154507434761311,35.042492100000004,-84.95894145572973,Bradley,0.3,35.0425,-84.9587,0.021999245565364076
2024-05-10 14:42:00,159758308,0.04666043289892611,0.03249400266351221,0.060826863134340006,35.042492100000004,-84.95894145572973,Bradley,0.36,35.0425,-84.9587,0.021999245565364076
2024-05-10 14:43:00,159758308,0.03571332406901479,0.02448406223053911,0.046942585907490474,35.042492100000004,-84.95894145572973,Bradley,0.39,35.0425,-84.9587,0.021999245565364076
2024-05-10 14:44:00,159758308,0.016855005137296677,0.01146828775425386,0.022241722520339492,35.042492100000004,-84.95894145572973,Bradley,0.34,35.0425,-84.9587,0.021999245565364076
2024-05-10 14:45:00,159758308,0.015937307495035097,0.011285933987989234,0.02058868100208096,35.042492100000004,-84.95894145572973,Bradley,0.33,35.0425,-84.9587,0.021999245565364076
2024-05-10 14:46:00,159758308,-0.03531036684796886,-0.04568096456133518,-0.024939769134602538,35.042492100000004,-84.95894145572973,Bradley,0.27,35.0425,-84.9587,0.021999245565364076
2024-05-10 14:47:00,159758308,-0.003510496964291109,-0.004667877388635923,-0.0023531165399462944,35.042492100000004,-84.95894145572973,Bradley,0.3,35.0425,-84.9587,0.021999245565364076
2024-05-10 14:48:00,159758308,-0.0039587867444364835,-0.005345214637434868,-0.002572358851438099,35.042492100000004,-84.95894145572973,Bradley,0.31,35.0425,-84.9587,0.021999245565364076
2024-05-10 14:49:00,159758308,0.047122485860530854,0.03323188586219916,0.061013085858862545,35.042492100000004,-84.95894145572973,Bradley,0.19,35.0425,-84.9587,0.021999245565364076
2024-05-10 14:50:00,159758308,-0.0028746775035178333,-0.00426481517001758,-0.0014845398370180863,35.042492100000004,-84.95894145572973,Bradley,0.2,35.0425,-84.9587,0.021999245565364076
2024-05-10 14:51:00,159758308,-0.051325209924817164,-0.06635933800833695,-0.03629108184129738,35.042492100000004,-84.95894145572973,Bradley,0.22,35.0425,-84.9587,0.021999245565364076
2024-05-10 14:52:00,159758308,-0.06576706373859911,-0.08501299450503366,-0.04652113297216457,35.042492100000004,-84.95894145572973,Bradley,0.23,35.0425,-84.9587,0.021999245565364076
2024-05-10 14:53:00,159758308,0.01819692719439652,0.011230025797136702,0.02516382859165634,35.042492100000004,-84.95894145572973,Bradley,0.21,35.0425,-84.9587,0.021999245565364076
2024-05-10 14:54:00,159758308,-0.05810321122908961,-0.07506852497632796,-0.04113789748185126,35.042492100000004,-84.95894145572973,Bradley,0.18,35.0425,-84.9587,0.021999245565364076
2024-05-10 14:55:00,159758308,-0.07384118988919595,-0.09569156018279676,-0.05199081959559516,35.042492100000004,-84.95894145572973,Bradley,0.12,35.0425,-84.9587,0.021999245565364076
2024-05-10 14:56:00,159758308,-0.0283872890408278,-0.03670751375328897,-0.020067064328366625,35.042492100000004,-84.95894145572973,Bradley,0.16,35.0425,-84.9587,0.021999245565364076
2024-05-10 14:57:00,159758308,-0.05258906248358167,-0.06877456786935948,-0.03640355709780385,35.042492100000004,-84.95894145572973,Bradley,0.12,35.0425,-84.9587,0.021999245565364076
2024-05-10 14:58:00,159758308,-0.08871535895731758,-0.11472309766822539,-0.06270762024640977,35.042492100000004,-84.95894145572973,Bradley,-0.05,35.0425,-84.9587,0.021999245565364076
2024-05-10 14:59:00,159758308,-0.09334604741746175,-0.12092314149622503,-0.06576895333869846,35.042492100000004,-84.95894145572973,Bradley,-0.07,35.0425,-84.9587,0.021999245565364076
2024-05-10 15:00:00,159758308,-0.14836878927265468,-0.1924348008922975,-0.10430277765301185,35.042492100000004,-84.95894145572973,Bradley,-0.08,35.0425,-84.9587,0.021999245565364076
2024-05-10 15:01:00,159758308,-0.07287152308943132,-0.0941072112892912,-0.051635834889571436,35.042492100000004,-84.95894145572973,Bradley,0.03,35.0425,-84.9587,0.021999245565364076
2024-05-10 15:02:00,159758308,-0.06198856889920982,-0.08005403275720632,-0.04392310504121331,35.042492100000004,-84.95894145572973,Bradley,0.15,35.0425,-84.9587,0.021999245565364076
2024-05-10 15:03:00,159758308,-0.02113210425412166,-0.02775732040432527,-0.01450688810391805,35.042492100000004,-84.95894145572973,Bradley,0.13,35.0425,-84.9587,0.021999245565364076
2024-05-10 15:04:00,159758308,-0.07809425666978397,-0.10099331821345374,-0.05519519512611419,35.042492100000004,-84.95894145572973,Bradley,0.1,35.0425,-84.9587,0.021999245565364076
2024-05-10 15:05:00,159758308,0.03460223897640226,0.021729547804255504,0.04747493014854901,35.042492100000004,-84.95894145572973,Bradley,0.24,35.0425,-84.9587,0.021999245565364076
2024-05-10 15:06:00,159758308,-0.0605961505245986,-0.07843843830644875,-0.04275386274274845,35.042492100000004,-84.95894145572973,Bradley,0.31,35.0425,-84.9587,0.021999245565364076
2024-05-10 15:07:00,159758308,-0.0737858806268914,-0.095337842848105,-0.0522339184056778,35.042492100000004,-84.95894145572973,Bradley,0.25,35.0425,-84.9587,0.021999245565364076
2024-05-10 15:08:00,159758308,-0.04442903766234448,-0.05744180459084608,-0.031416270733842885,35.042492100000004,-84.95894145572973,Bradley,0.18,35.0425,-84.9587,0.021999245565364076
2024-05-10 15:09:00,159758308,-0.015917645898856168,-0.023116493208351154,-0.008718798589361181,35.042492100000004,-84.95894145572973,Bradley,0.13,35.0425,-84.9587,0.021999245565364076
2024-05-10 15:10:00,159758308,-0.05100010639080363,-0.06598466237542105,-0.03601555040618621,35.042492100000004,-84.95894145572973,Bradley,0.17,35.0425,-84.9587,0.021999245565364076
2024-05-10 15:11:00,159758308,-0.011336085935847905,-0.016151532372913138,-0.006520639498782672,35.042492100000004,-84.95894145572973,Bradley,0.28,35.0425,-84.9587,0.021999245565364076
2024-05-10 15:12:00,159758308,-0.02757500223289341,-0.03593620379468763,-0.019213800671099193,35.042492100000004,-84.95894145572973,Bradley,0.2,35.0425,-84.9587,0.021999245565364076
2024-05-10 15:13:00,159758308,-0.007464609614297217,-0.01351084390501879,-0.0014183753235756432,35.042492100000004,-84.95894145572973,Bradley,0.3,35.0425,-84.9587,0.021999245565364076
2024-05-10 15:14:00,159758308,-0.009862231502776668,-0.015220079736209296,-0.004504383269344042,35.042492100000004,-84.95894145572973,Bradley,0.4,35.0425,-84.9587,0.021999245565364076
2024-05-10 15:15:00,159758308,-0.007150598075779477,-0.01305312846136121,-0.001248067690197743,35.042492100000004,-84.95894145572973,Bradley,0.35,35.0425,-84.9587,0.021999245565364076
2024-05-10 15:16:00,159758308,-0.051717515751749536,-0.06765660717421217,-0.035778424329286906,35.042492100000004,-84.95894145572973,Bradley,0.33,35.0425,-84.9587,0.021999245565364076
2024-05-10 15:17:00,159758308,-0.009234641331029404,-0.01262478114236031,-0.005844501519698497,35.042492100000004,-84.95894145572973,Bradley,0.29,35.0425,-84.9587,0.021999245565364076
2024-05-10 15:18:00,159758308,-0.044188919529148454,-0.05729749605112252,-0.03108034300717439,35.042492100000004,-84.95894145572973,Bradley,0.23,35.0425,-84.9587,0.021999245565364076
2024-05-10 15:19:00,159758308,-0.03018079031692228,-0.0416861640180568,-0.01867541661578776,35.042492100000004,-84.95894145572973,Bradley,0.26,35.0425,-84.9587,0.021999245565364076
2024-05-10 15:20:00,159758308,-0.029512088572970958,-0.039073665039982226,-0.01995051210595969,35.042492100000004,-84.95894145572973,Bradley,0.31,35.0425,-84.9587,0.021999245565364076
2024-05-10 15:21:00,159758308,-0.08799976587455867,-0.11374421238050854,-0.0622553193686088,35.042492100000004,-84.95894145572973,Bradley,0.22,35.0425,-84.9587,0.021999245565364076
2024-05-10 15:22:00,159758308,-0.0798831983308465,-0.10340657333835793,-0.056359823323335084,35.042492100000004,-84.95894145572973,Bradley,0.16,35.0425,-84.9587,0.021999245565364076
2024-05-10 15:23:00,159758308,0.04304556727970536,0.029196254527368546,0.05689488003204218,35.042492100000004,-84.95894145572973,Bradley,0.36,35.0425,-84.9587,0.021999245565364076
2024-05-10 15:24:00,159758308,0.012758643016289286,0.007266916153567588,0.018250369879010984,35.042492100000004,-84.95894145572973,Bradley,0.22,35.0425,-84.9587,0.021999245565364076
2024-05-10 15:25:00,159758308,0.02793167001381767,0.019390153774036946,0.0364731862535984,35.042492100000004,-84.95894145572973,Bradley,0.15,35.0425,-84.9587,0.021999245565364076
2024-05-10 15:26:00,159758308,0.022251475474621196,0.012818740102270866,0.031684210846971525,35.042492100000004,-84.95894145572973,Bradley,0.22,35.0425,-84.9587,0.021999245565364076
2024-05-10 15:27:00,159758308,0.02600329052143315,0.015325745842026915,0.03668083520083938,35.042492100000004,-84.95894145572973,Bradley,0.3,35.0425,-84.9587,0.021999245565364076
2024-05-10 15:28:00,159758308,0.04437183003018347,0.029975932159621622,0.05876772790074532,35.042492100000004,-84.95894145572973,Bradley,0.41,35.0425,-84.9587,0.021999245565364076
2024-05-10 15:29:00,159758308,0.04337865422857473,0.02844645298321427,0.05831085547393519,35.042492100000004,-84.95894145572973,Bradley,0.31,35.0425,-84.9587,0.021999245565364076
2024-05-10 15:30:00,159758308,-0.012011273402693132,-0.018473471496871764,-0.005549075308514501,35.042492100000004,-84.95894145572973,Bradley,0.25,35.0425,-84.9587,0.021999245565364076
2024-05-10 15:31:00,159758308,-0.03230848998612979,-0.043396605789859925,-0.021220374182399658,35.042492100000004,-84.95894145572973,Bradley,0.26,35.0425,-84.9587,0.021999245565364076
2024-05-10 15:32:00,159758308,0.01284411519505309,0.0071715305031362295,0.01851669988696995,35.042492100000004,-84.95894145572973,Bradley,0.31,35.0425,-84.9587,0.021999245565364076
2024-05-10 15:33:00,159758308,-0.013815078786658856,-0.018071851611942302,-0.009558305961375408,35.042492100000004,-84.95894145572973,Bradley,0.22,35.0425,-84.9587,0.021999245565364076
2024-05-10 15:34:00,159758308,0.08550555415817292,0.05971203299343511,0.11129907532291072,35.042492100000004,-84.95894145572973,Bradley,0.23,35.0425,-84.9587,0.021999245565364076
2024-05-10 15:35:00,159758308,0.058857017983986216,0.04173631745638899,0.07597771851158344,35.042492100000004,-84.95894145572973,Bradley,0.22,35.0425,-84.9587,0.021999245565364076
2024-05-10 15:36:00,159758308,-0.05317210830452463,-0.06897853329263288,-0.037365683316416376,35.042492100000004,-84.95894145572973,Bradley,0.25,35.0425,-84.9587,0.021999245565364076
2024-05-10 15:37:00,159758308,-0.021696130461394587,-0.028748669432649327,-0.014643591490139846,35.042492100000004,-84.95894145572973,Bradley,0.29,35.0425,-84.9587,0.021999245565364076
2024-05-10 15:38:00,159758308,0.04407105641470872,0.0301732638893488,0.057968848940068644,35.042492100000004,-84.95894145572973,Bradley,0.1,35.0425,-84.9587,0.021999245565364076
2024-05-10 15:39:00,159758308,0.08001064564769671,0.05335489961425577,0.10666639168113765,35.042492100000004,-84.95894145572973,Bradley,0.19,35.0425,-84.9587,0.021999245565364076
2024-05-10 15:40:00,159758308,0.027591451351163206,0.01770355033575234,0.03747935236657407,35.042492100000004,-84.95894145572973,Bradley,0.3,35.0425,-84.9587,0.021999245565364076
2024-05-10 15:41:00,159758308,-0.10286459701527824,-0.13385167555465358,-0.0718775184759029,35.042492100000004,-84.95894145572973,Bradley,0.25,35.0425,-84.9587,0.021999245565364076
2024-05-10 15:42:00,159758308,-0.0619334238202442,-0.08007910564650748,-0.043787741993980916,35.042492100000004,-84.95894145572973,Bradley,0.28,35.0425,-84.9587,0.021999245565364076
2024-05-10 15:43:00,159758308,0.12350145761968309,0.08586342612318318,0.161139489116183,35.042492100000004,-84.95894145572973,Bradley,0.17,35.0425,-84.9587,0.021999245565364076
2024-05-10 15:44:00,159758308,-0.053200778820086586,-0.06944745198435977,-0.036954105655813405,35.042492100000004,-84.95894145572973,Bradley,0.16,35.0425,-84.9587,0.021999245565364076
2024-05-10 15:45:00,159758308,-0.1755135901116972,-0.2270127479245701,-0.12401443229882432,35.042492100000004,-84.95894145572973,Bradley,0.27,35.0425,-84.9587,0.021999245565364076
2024-05-10 15:46:00,159758308,-0.24582506396582884,-0.31820135141061534,-0.17344877652104235,35.042492100000004,-84.95894145572973,Bradley,0.19,35.0425,-84.9587,0.021999245565364076
2024-05-10 15:47:00,159758308,0.002670288286356615,-0.004231158647406167,0.009571735220119398,35.042492100000004,-84.95894145572973,Bradley,0.25,35.0425,-84.9587,0.021999245565364076
2024-05-10 15:48:00,159758308,0.1262435246091123,0.08718611871556042,0.1653009305026642,35.042492100000004,-84.95894145572973,Bradley,0.2,35.0425,-84.9587,0.021999245565364076
2024-05-10 15:49:00,159758308,0.14692015862737476,0.1032687204220239,0.19057159683272562,35.042492100000004,-84.95894145572973,Bradley,0.21,35.0425,-84.9587,0.021999245565364076
2024-05-10 15:50:00,159758308,0.005779321592929945,0.001195421934157728,0.010363221251702161,35.042492100000004,-84.95894145572973,Bradley,0.17,35.0425,-84.9587,0.021999245565364076
2024-05-10 15:51:00,159758308,-0.05474644181867855,-0.07147230541364645,-0.03802057822371065,35.042492100000004,-84.95894145572973,Bradley,0.25,35.0425,-84.9587,0.021999245565364076
2024-05-10 15:52:00,159758308,-0.1737987361823302,-0.22473478108637368,-0.12286269127828671,35.042492100000004,-84.95894145572973,Bradley,0.15,35.0425,-84.9587,0.021999245565364076
2024-05-10 15:53:00,159758308,-0.13022784378677707,-0.16821942750864566,-0.09223626006490848,35.042492100000004,-84.95894145572973,Bradley,0.28,35.0425,-84.9587,0.021999245565364076
2024-05-10 15:54:00,159758308,-0.019477643298076636,-0.027326467826792954,-0.01162881876936032,35.042492100000004,-84.95894145572973,Bradley,0.33,35.0425,-84.9587,0.021999245565364076
2024-05-10 15:55:00,159758308,0.059582267099366384,0.03833775991602701,0.08082677428270577,35.042492100000004,-84.95894145572973,Bradley,0.33,35.0425,-84.9587,0.021999245565364076
2024-05-10 15:56:00,159758308,0.006059873520967218,-0.002099295443652366,0.014219042485586801,35.042492100000004,-84.95894145572973,Bradley,0.35,35.0425,-84.9587,0.021999245565364076
2024-05-10 15:57:00,159758308,-0.05293053304419553,-0.06865069566225163,-0.037210370426139436,35.042492100000004,-84.95894145572973,Bradley,0.28,35.0425,-84.9587,0.021999245565364076
2024-05-10 15:58:00,159758308,-0.10324804720336668,-0.1334416121754802,-0.07305448223125315,35.042492100000004,-84.95894145572973,Bradley,0.26,35.0425,-84.9587,0.021999245565364076
2024-05-10 15:59:00,159758308,-0.011010468206553149,-0.01711256380066819,-0.004908372612438107,35.042492100000004,-84.95894145572973,Bradley,0.24,35.0425,-84.9587,0.021999245565364076
2024-05-10 16:00:00,159758308,0.011001454156440781,0.0015874731551014116,0.020415435157780153,35.042492100000004,-84.95894145572973,Bradley,0.27,35.0425,-84.9587,0.021999245565364076
2024-05-10 16:01:00,159758308,0.032861772446161,0.01950794003940491,0.04621560485291709,35.042492100000004,-84.95894145572973,Bradley,0.44,35.0425,-84.9587,0.021999245565364076
2024-05-10 16:02:00,159758308,-0.04877757705452463,-0.06395022127244597,-0.03360493283660329,35.042492100000004,-84.95894145572973,Bradley,0.37,35.0425,-84.9587,0.021999245565364076
2024-05-10 16:03:00,159758308,-0.03889604887869347,-0.051248441575341454,-0.02654365618204548,35.042492100000004,-84.95894145572973,Bradley,0.31,35.0425,-84.9587,0.021999245565364076
2024-05-10 16:04:00,159758308,-0.0463356269472144,-0.06055633998866114,-0.032114913905767664,35.042492100000004,-84.95894145572973,Bradley,0.22,35.0425,-84.9587,0.021999245565364076
2024-05-10 16:05:00,159758308,0.010950007691989429,0.004144019781002184,0.017755995602976672,35.042492100000004,-84.95894145572973,Bradley,0.39,35.0425,-84.9587,0.021999245565364076
2024-05-10 16:06:00,159758308,-0.02462107075407109,-0.03399755908090662,-0.01524458242723556,35.042492100000004,-84.95894145572973,Bradley,0.22,35.0425,-84.9587,0.021999245565364076
2024-05-10 16:07:00,159758308,-0.017040927376455323,-0.025345122501411077,-0.008736732251499568,35.042492100000004,-84.95894145572973,Bradley,0.42,35.0425,-84.9587,0.021999245565364076
2024-05-10 16:08:00,159758308,-0.052759761848783206,-0.06861134368946982,-0.03690818000809659,35.042492100000004,-84.95894145572973,Bradley,0.35,35.0425,-84.9587,0.021999245565364076
2024-05-10 16:09:00,159758308,0.04686667795700761,0.031039712605408717,0.0626936433086065,35.042492100000004,-84.95894145572973,Bradley,0.48,35.0425,-84.9587,0.021999245565364076
2024-05-10 16:10:00,159758308,-0.017470595174454647,-0.028416846295005994,-0.006524344053903302,35.042492100000004,-84.95894145572973,Bradley,0.36,35.0425,-84.9587,0.021999245565364076
2024-05-10 16:11:00,159758308,-0.01887205221064554,-0.026546514809424236,-0.011197589611866843,35.042492100000004,-84.95894145572973,Bradley,0.28,35.0425,-84.9587,0.021999245565364076
2024-05-10 16:12:00,159758308,-0.08599623658950488,-0.11125652521548797,-0.06073594796352179,35.042492100000004,-84.95894145572973,Bradley,0.28,35.0425,-84.9587,0.021999245565364076
2024-05-10 16:13:00,159758308,0.012265136759795835,0.004064012839247124,0.020466260680344545,35.042492100000004,-84.95894145572973,Bradley,0.35,35.0425,-84.9587,0.021999245565364076
2024-05-10 16:14:00,159758308,-0.014180568856686334,-0.021560339533621842,-0.006800798179750825,35.042492100000004,-84.95894145572973,Bradley,0.39,35.0425,-84.9587,0.021999245565364076
2024-05-10 16:15:00,159758308,0.056151522833305316,0.03770932224092279,0.07459372342568785,35.042492100000004,-84.95894145572973,Bradley,0.33,35.0425,-84.9587,0.021999245565364076
2024-05-10 16:16:00,159758308,0.022932179597855897,0.0143240800894773,0.0315402791062345,35.042492100000004,-84.95894145572973,Bradley,0.27,35.0425,-84.9587,0.021999245565364076
2024-05-10 16:17:00,159758308,0.0747134138773012,0.051144213853584586,0.0982826139010178,35.042492100000004,-84.95894145572973,Bradley,0.31,35.0425,-84.9587,0.021999245565364076
2024-05-10 16:18:00,159758308,0.021414499597094086,0.012906444254992752,0.02992255493919542,35.042492100000004,-84.95894145572973,Bradley,0.4,35.0425,-84.9587,0.021999245565364076
2024-05-10 16:19:00,159758308,0.03925352731485373,0.026378471185782668,0.05212858344392479,35.042492100000004,-84.95894145572973,Bradley,0.33,35.0425,-84.9587,0.021999245565364076
2024-05-10 16:20:00,159758308,0.004114484538467602,-0.002053142487843723,0.010282111564778927,35.042492100000004,-84.95894145572973,Bradley,0.49,35.0425,-84.9587,0.021999245565364076
2024-05-10 16:21:00,159758308,-0.016013140636718586,-0.022905858474312556,-0.009120422799124617,35.042492100000004,-84.95894145572973,Bradley,0.37,35.0425,-84.9587,0.021999245565364076
2024-05-10 16:22:00,159758308,-0.06489783609642948,-0.08402435145934728,-0.04577132073351167,35.042492100000004,-84.95894145572973,Bradley,0.31,35.0425,-84.9587,0.021999245565364076
2024-05-10 16:23:00,159758308,0.029567151560267107,0.018625544350431927,0.040508758770102286,35.042492100000004,-84.95894145572973,Bradley,0.2,35.0425,-84.9587,0.021999245565364076
2024-05-10 16:24:00,159758308,0.04552991260356685,0.028717014627321024,0.06234281057981267,35.042492100000004,-84.95894145572973,Bradley,0.41,35.0425,-84.9587,0.021999245565364076
2024-05-10 16:25:00,159758308,0.00550896442409482,-0.0007573852961973299,0.01177531414438697,35.042492100000004,-84.95894145572973,Bradley,0.27,35.0425,-84.9587,0.021999245565364076
2024-05-10 16:26:00,159758308,-0.039164519422232265,-0.05143757964950588,-0.02689145919495865,35.042492100000004,-84.95894145572973,Bradley,0.24,35.0425,-84.9587,0.021999245565364076
2024-05-10 16:27:00,159758308,0.07586380548740122,0.05251059317277519,0.09921701780202725,35.042492100000004,-84.95894145572973,Bradley,0.29,35.0425,-84.9587,0.021999245565364076
2024-05-10 16:28:00,159758308,-0.018218241206094093,-0.026484511596056068,-0.009951970816132118,35.042492100000004,-84.95894145572973,Bradley,0.36,35.0425,-84.9587,0.021999245565364076
2024-05-10 16:29:00,159758308,-0.02244990643191514,-0.029184417361325432,-0.01571539550250485,35.042492100000004,-84.95894145572973,Bradley,0.3,35.0425,-84.9587,0.021999245565364076
2024-05-10 16:30:00,159758308,-0.053725755046339106,-0.06954677393691731,-0.0379047361557609,35.042492100000004,-84.95894145572973,Bradley,0.29,35.0425,-84.9587,0.021999245565364076
2024-05-10 16:31:00,159758308,0.0900732577849172,0.06202812327094015,0.11811839229889426,35.042492100000004,-84.95894145572973,Bradley,0.29,35.0425,-84.9587,0.021999245565364076
2024-05-10 16:32:00,159758308,0.026356484798593014,0.016172094536581853,0.036540875060604175,35.042492100000004,-84.95894145572973,Bradley,0.24,35.0425,-84.9587,0.021999245565364076
2024-05-10 16:33:00,159758308,0.046013755772686196,0.03155824965793718,0.06046926188743521,35.042492100000004,-84.95894145572973,Bradley,0.32,35.0425,-84.9587,0.021999245565364076
2024-05-10 16:34:00,159758308,-0.024583792157355937,-0.03204372677542121,-0.01712385753929067,35.042492100000004,-84.95894145572973,Bradley,0.3,35.0425,-84.9587,0.021999245565364076
2024-05-10 16:35:00,159758308,-0.014952952739931066,-0.02076666270215754,-0.009139242777704592,35.042492100000004,-84.95894145572973,Bradley,0.38,35.0425,-84.9587,0.021999245565364076
2024-05-10 16:36:00,159758308,-0.05069035399898075,-0.06618844762873732,-0.03519226036922418,35.042492100000004,-84.95894145572973,Bradley,0.27,35.0425,-84.9587,0.021999245565364076
2024-05-10 16:37:00,159758308,0.028414050925074603,0.01661690369464803,0.04021119815550118,35.042492100000004,-84.95894145572973,Bradley,0.23,35.0425,-84.9587,0.021999245565364076
2024-05-10 16:38:00,159758308,-0.06859440344968896,-0.0889438395688308,-0.04824496733054713,35.042492100000004,-84.95894145572973,Bradley,0.28,35.0425,-84.9587,0.021999245565364076
2024-05-10 16:39:00,159758308,-0.0071086998986332065,-0.012626328897419242,-0.0015910708998471699,35.042492100000004,-84.95894145572973,Bradley,0.25,35.0425,-84.9587,0.021999245565364076
2024-05-10 16:40:00,159758308,-0.09546210385843981,-0.12334678458240433,-0.06757742313447529,35.042492100000004,-84.95894145572973,Bradley,0.25,35.0425,-84.9587,0.021999245565364076
2024-05-10 16:41:00,159758308,0.0352679100626655,0.02269223236301784,0.04784358776231315,35.042492100000004,-84.95894145572973,Bradley,0.23,35.0425,-84.9587,0.021999245565364076
2024-05-10 16:42:00,159758308,-0.025108032123947913,-0.03406917044400313,-0.016146893803892698,35.042492100000004,-84.95894145572973,Bradley,0.28,35.0425,-84.9587,0.021999245565364076
2024-05-10 16:43:00,159758308,-0.033950107884872016,-0.04407071892134477,-0.02382949684839926,35.042492100000004,-84.95894145572973,Bradley,0.25,35.0425,-84.9587,0.021999245565364076
2024-05-10 16:44:00,159758308,-0.12757439475453933,-0.16481127406054286,-0.09033751544853581,35.042492100000004,-84.95894145572973,Bradley,0.23,35.0425,-84.9587,0.021999245565364076
2024-05-10 16:45:00,159758308,-0.009185057321329123,-0.014950431061187461,-0.0034196835814707853,35.042492100000004,-84.95894145572973,Bradley,0.32,35.0425,-84.9587,0.021999245565364076
2024-05-10 16:46:00,159758308,-0.08644390298603523,-0.1123883602319894,-0.06049944574008105,35.042492100000004,-84.95894145572973,Bradley,0.36,35.0425,-84.9587,0.021999245565364076
2024-05-10 16:47:00,159758308,0.006014696286681841,-0.0015334496871317093,0.013562842260495391,35.042492100000004,-84.95894145572973,Bradley,0.22,35.0425,-84.9587,0.021999245565364076
2024-05-10 16:48:00,159758308,0.03042890886051509,0.02008223274201045,0.04077558497901973,35.042492100000004,-84.95894145572973,Bradley,0.35,35.0425,-84.9587,0.021999245565364076
2024-05-10 16:49:00,159758308,0.11739552029043376,0.08212312808823105,0.15266791249263648,35.042492100000004,-84.95894145572973,Bradley,0.25,35.0425,-84.9587,0.021999245565364076
2024-05-10 16:50:00,159758308,0.011144600863735709,0.006759747876387964,0.015529453851083454,35.042492100000004,-84.95894145572973,Bradley,0.31,35.0425,-84.9587,0.021999245565364076
2024-05-10 16:51:00,159758308,0.06247225301571957,0.04283661185908724,0.0821078941723519,35.042492100000004,-84.95894145572973,Bradley,0.34,35.0425,-84.9587,0.021999245565364076
2024-05-10 16:52:00,159758308,-0.06636721541116762,-0.08584672010665918,-0.04688771071567606,35.042492100000004,-84.95894145572973,Bradley,0.32,35.0425,-84.9587,0.021999245565364076
2024-05-10 16:53:00,159758308,0.04145361484099172,0.028474957117374987,0.054432272564608454,35.042492100000004,-84.95894145572973,Bradley,0.31,35.0425,-84.9587,0.021999245565364076
2024-05-10 16:54:00,159758308,-0.009217645148743538,-0.011927904358308672,-0.006507385939178404,35.042492100000004,-84.95894145572973,Bradley,0.29,35.0425,-84.9587,0.021999245565364076
2024-05-10 16:55:00,159758308,0.08716109685634878,0.06171279364245644,0.11260940007024112,35.042492100000004,-84.95894145572973,Bradley,0.24,35.0425,-84.9587,0.021999245565364076
2024-05-10 16:56:00,159758308,-0.053616798878036734,-0.06953643854046626,-0.03769715921560721,35.042492100000004,-84.95894145572973,Bradley,0.23,35.0425,-84.9587,0.021999245565364076
2024-05-10 16:57:00,159758308,-0.02178564653672383,-0.030164557825784227,-0.013406735247663436,35.042492100000004,-84.95894145572973,Bradley,0.34,35.0425,-84.9587,0.021999245565364076
2024-05-10 16:58:00,159758308,-0.11128769485278665,-0.1437075118099834,-0.07886787789558991,35.042492100000004,-84.95894145572973,Bradley,0.23,35.0425,-84.9587,0.021999245565364076
2024-05-10 16:59:00,159758308,0.1067848231220053,0.07242934544786395,0.14114030079614664,35.042492100000004,-84.95894145572973,Bradley,0.36,35.0425,-84.9587,0.021999245565364076
2024-05-10 17:00:00,159758308,-0.027015044693988525,-0.03498157429220992,-0.019048515095767132,35.042492100000004,-84.95894145572973,Bradley,0.34,35.0425,-84.9587,0.021999245565364076
2024-05-10 17:01:00,159758308,0.171830342131809,0.12092716464935509,0.2227335196142629,35.042492100000004,-84.95894145572973,Bradley,0.23,35.0425,-84.9587,0.021999245565364076
2024-05-10 17:02:00,159758308,0.002760069676510183,-0.002723120698790477,0.008243260051810843,35.042492100000004,-84.95894145572973,Bradley,0.08,35.0425,-84.9587,0.021999245565364076
2024-05-10 17:03:00,159758308,0.04665094618037313,0.028623779667425242,0.06467811269332102,35.042492100000004,-84.95894145572973,Bradley,0.33,35.0425,-84.9587,0.021999245565364076
2024-05-10 17:04:00,159758308,-0.027965900957303794,-0.04003483595154204,-0.01589696596306555,35.042492100000004,-84.95894145572973,Bradley,0.32,35.0425,-84.9587,0.021999245565364076
2024-05-10 17:05:00,159758308,0.00960000156955424,-0.01263073967626164,0.03183074281537012,35.042492100000004,-84.95894145572973,Bradley,0.28,35.0425,-84.9587,0.021999245565364076
2024-05-10 17:06:00,159758308,-1.2473648574100538,-1.6134595082903065,-0.881270206529801,35.042492100000004,-84.95894145572973,Bradley,0.61,35.0425,-84.9587,0.021999245565364076
2024-05-10 17:07:00,159758308,-0.3599030957096923,-0.4760425034556632,-0.24376368796372144,35.042492100000004,-84.95894145572973,Bradley,-0.85,35.0425,-84.9587,0.021999245565364076
2024-05-10 17:08:00,159758308,0.6885860727870713,0.4843318969436697,0.892840248630473,35.042492100000004,-84.95894145572973,Bradley,-0.11,35.0425,-84.9587,0.021999245565364076
2024-05-10 17:09:00,159758308,-0.9730174533456624,-1.2571291882179634,-0.6889057184733612,35.042492100000004,-84.95894145572973,Bradley,0.21,35.0425,-84.9587,0.021999245565364076
2024-05-10 17:10:00,159758308,-0.5956496012315063,-0.7718302279917248,-0.41946897447128784,35.042492100000004,-84.95894145572973,Bradley,0.46,35.0425,-84.9587,0.021999245565364076
2024-05-10 17:11:00,159758308,0.039470382721214066,0.027781240296073255,0.05115952514635488,35.042492100000004,-84.95894145572973,Bradley,-0.08,35.0425,-84.9587,0.021999245565364076
2024-05-10 17:12:00,159758308,0.18761661121648032,0.12864930250378373,0.24658391992917691,35.042492100000004,-84.95894145572973,Bradley,0.39,35.0425,-84.9587,0.021999245565364076
2024-05-10 17:13:00,159758308,-0.002324672858027219,-0.028303241428430694,0.023653895712376256,35.042492100000004,-84.95894145572973,Bradley,0.58,35.0425,-84.9587,0.021999245565364076
2024-05-10 17:14:00,159758308,-0.34966749590198387,-0.4528073540811518,-0.24652763772281597,35.042492100000004,-84.95894145572973,Bradley,0.0,35.0425,-84.9587,0.021999245565364076
2024-05-10 17:15:00,159758308,-0.5549275360415266,-0.7200455307609469,-0.3898095413221062,35.042492100000004,-84.95894145572973,Bradley,0.15,35.0425,-84.9587,0.021999245565364076
2024-05-10 17:16:00,159758308,0.48070615910810355,0.3403980240243796,0.6210142941918275,35.042492100000004,-84.95894145572973,Bradley,0.57,35.0425,-84.9587,0.021999245565364076
2024-05-10 17:17:00,159758308,-0.08648968961468141,-0.1174124496933751,-0.05556692953598773,35.042492100000004,-84.95894145572973,Bradley,0.46,35.0425,-84.9587,0.021999245565364076
2024-05-10 17:18:00,159758308,-0.08413793772919995,-0.11571022163080641,-0.05256565382759348,35.042492100000004,-84.95894145572973,Bradley,0.35,35.0425,-84.9587,0.021999245565364076
2024-05-10 17:19:00,159758308,0.3354050534318258,0.2373673040670647,0.4334428027965869,35.042492100000004,-84.95894145572973,Bradley,-0.04,35.0425,-84.9587,0.021999245565364076
2024-05-10 17:20:00,159758308,0.5129269751912408,0.3633550875606048,0.6624988628218766,35.042492100000004,-84.95894145572973,Bradley,-0.04,35.0425,-84.9587,0.021999245565364076
2024-05-10 17:21:00,159758308,0.19590573544941578,0.13631207555171682,0.25549939534711474,35.042492100000004,-84.95894145572973,Bradley,-0.05,35.0425,-84.9587,0.021999245565364076
2024-05-10 17:22:00,159758308,0.14288469633963097,0.09696166017570476,0.18880773250355717,35.042492100000004,-84.95894145572973,Bradley,-0.17,35.0425,-84.9587,0.021999245565364076
2024-05-10 17:23:00,159758308,0.2634686981180649,0.18636286222748136,0.34057453400864846,35.042492100000004,-84.95894145572973,Bradley,-0.14,35.0425,-84.9587,0.021999245565364076
2024-05-10 17:24:00,159758308,-0.12219230072083054,-0.15879555707934914,-0.08558904436231193,35.042492100000004,-84.95894145572973,Bradley,0.24,35.0425,-84.9587,0.021999245565364076
2024-05-10 17:25:00,159758308,0.25985124661125586,0.1839572207440084,0.33574527247850333,35.042492100000004,-84.95894145572973,Bradley,0.24,35.0425,-84.9587,0.021999245565364076
2024-05-10 17:26:00,159758308,0.10121233798388114,0.06714790195802196,0.1352767740097403,35.042492100000004,-84.95894145572973,Bradley,-0.04,35.0425,-84.9587,0.021999245565364076
2024-05-10 17:27:00,159758308,-0.1844506228459146,-0.24604685032946214,-0.12285439536236706,35.042492100000004,-84.95894145572973,Bradley,-0.26,35.0425,-84.9587,0.021999245565364076
2024-05-10 17:28:00,159758308,-0.37259775147633656,-0.4860451688402865,-0.25915033411238664,35.042492100000004,-84.95894145572973,Bradley,-0.04,35.0425,-84.9587,0.021999245565364076
2024-05-10 17:29:00,159758308,-0.13697167443363314,-0.1825308642198733,-0.09141248464739299,35.042492100000004,-84.95894145572973,Bradley,-0.14,35.0425,-84.9587,0.021999245565364076
2024-05-10 17:30:00,159758308,0.2613444119872226,0.18453653569451534,0.3381522882799298,35.042492100000004,-84.95894145572973,Bradley,0.19,35.0425,-84.9587,0.021999245565364076
2024-05-10 17:31:00,159758308,0.09028322775250085,0.06134119600548325,0.11922525949951844,35.042492100000004,-84.95894145572973,Bradley,0.35,35.0425,-84.9587,0.021999245565364076
2024-05-10 17:32:00,159758308,0.12763054545645594,0.08908069062651587,0.16618040028639602,35.042492100000004,-84.95894145572973,Bradley,0.27,35.0425,-84.9587,0.021999245565364076
2024-05-10 17:33:00,159758308,0.5264259651353396,0.3726530753406945,0.6801988549299847,35.042492100000004,-84.95894145572973,Bradley,0.17,35.0425,-84.9587,0.021999245565364076
2024-05-10 17:34:00,159758308,-0.03332509782864251,-0.05824044518523799,-0.008409750472047017,35.042492100000004,-84.95894145572973,Bradley,0.16,35.0425,-84.9587,0.021999245565364076
2024-05-10 17:35:00,159758308,0.17962662902708892,0.12312603363845759,0.23612722441572026,35.042492100000004,-84.95894145572973,Bradley,0.14,35.0425,-84.9587,0.021999245565364076
2024-05-10 17:36:00,159758308,-0.046801322726651814,-0.0652253379087913,-0.02837730754451233,35.042492100000004,-84.95894145572973,Bradley,0.12,35.0425,-84.9587,0.021999245565364076
2024-05-10 17:37:00,159758308,-0.052734375,-0.09043431905714229,-0.01503443094285771,35.042492100000004,-84.95894145572973,Bradley,0.05,35.0425,-84.9587,0.021999245565364076
2024-05-10 17:38:00,159758308,-0.674080146425269,-0.872655636853988,-0.47550465599655006,35.042492100000004,-84.95894145572973,Bradley,-0.47,35.0425,-84.9587,0.021999245565364076
2024-05-10 17:39:00,159758308,-0.8013455481359281,-1.0390133812584568,-0.5636777150133994,35.042492100000004,-84.95894145572973,Bradley,-0.32,35.0425,-84.9587,0.021999245565364076
2024-05-10 17:40:00,159758308,-0.4047316324815064,-0.523489729070169,-0.2859735358928438,35.042492100000004,-84.95894145572973,Bradley,0.05,35.0425,-84.9587,0.021999245565364076
2024-05-10 17:41:00,159758308,-0.4061347432960659,-0.5242484658184423,-0.28802102077368946,35.042492100000004,-84.95894145572973,Bradley,0.2,35.0425,-84.9587,0.021999245565364076
2024-05-10 17:42:00,159758308,-0.4856920787449563,-0.6270329857768983,-0.3443511717130143,35.042492100000004,-84.95894145572973,Bradley,0.69,35.0425,-84.9587,0.021999245565364076
2024-05-10 17:43:00,159758308,0.021109098063753048,0.014033150714383085,0.02818504541312301,35.042492100000004,-84.95894145572973,Bradley,1.94,35.0425,-84.9587,0.021999245565364076
2024-05-10 17:44:00,159758308,-0.09824017830638976,-0.13952875197379597,-0.05695160463898355,35.042492100000004,-84.95894145572973,Bradley,0.88,35.0425,-84.9587,0.021999245565364076
2024-05-10 17:45:00,159758308,0.03916777230463496,0.027199067832929885,0.051136476776340034,35.042492100000004,-84.95894145572973,Bradley,-0.01,35.0425,-84.9587,0.021999245565364076
2024-05-10 17:46:00,159758308,0.12217001283256977,0.08595569310882054,0.158384332556319,35.042492100000004,-84.95894145572973,Bradley,0.59,35.0425,-84.9587,0.021999245565364076
2024-05-10 17:47:00,159758308,-0.41133722075697715,-0.5310957727290875,-0.29157866878486677,35.042492100000004,-84.95894145572973,Bradley,0.79,35.0425,-84.9587,0.021999245565364076
2024-05-10 17:48:00,159758308,-0.03957084240172642,-0.05562791576073898,-0.023513769042713857,35.042492100000004,-84.95894145572973,Bradley,0.65,35.0425,-84.9587,0.021999245565364076
2024-05-10 17:49:00,159758308,-0.47686771682708473,-0.6158038439962835,-0.33793158965788594,35.042492100000004,-84.95894145572973,Bradley,0.36,35.0425,-84.9587,0.021999245565364076
2024-05-10 17:50:00,159758308,0.06764266341824458,0.034455671014353415,0.10082965582213575,35.042492100000004,-84.95894145572973,Bradley,0.58,35.0425,-84.9587,0.021999245565364076
2024-05-10 17:51:00,159758308,-0.3363100319960491,-0.43436454847866535,-0.23825551551343283,35.042492100000004,-84.95894145572973,Bradley,0.33,35.0425,-84.9587,0.021999245565364076
2024-05-10 17:52:00,159758308,-0.4445971531922495,-0.581145215858485,-0.30804909052601404,35.042492100000004,-84.95894145572973,Bradley,-0.06,35.0425,-84.9587,0.021999245565364076
2024-05-10 17:53:00,159758308,0.23300792742833726,0.16406674261211912,0.3019491122445554,35.042492100000004,-84.95894145572973,Bradley,0.02,35.0425,-84.9587,0.021999245565364076
2024-05-10 17:54:00,159758308,0.5047381669783961,0.3574714797358166,0.6520048542209756,35.042492100000004,-84.95894145572973,Bradley,0.61,35.0425,-84.9587,0.021999245565364076
2024-05-10 17:55:00,159758308,-0.10575188416799765,-0.14200735987005972,-0.06949640846593558,35.042492100000004,-84.95894145572973,Bradley,0.11,35.0425,-84.9587,0.021999245565364076
2024-05-10 17:56:00,159758308,0.4636217334082885,0.3283583428167301,0.598885123999847,35.042492100000004,-84.95894145572973,Bradley,0.13,35.0425,-84.9587,0.021999245565364076
2024-05-10 17:57:00,159758308,0.16641081429682247,0.11599558542956652,0.21682604316407844,35.042492100000004,-84.95894145572973,Bradley,0.15,35.0425,-84.9587,0.021999245565364076
2024-05-10 17:58:00,159758308,0.4310208328955111,0.3045195257159084,0.5575221400751138,35.042492100000004,-84.95894145572973,Bradley,0.57,35.0425,-84.9587,0.021999245565364076
2024-05-10 17:59:00,159758308,0.19044068778370882,0.1305243973640491,0.25035697820336855,35.042492100000004,-84.95894145572973,Bradley,1.07,35.0425,-84.9587,0.021999245565364076
2024-05-10 18:00:00,159758308,-0.08498053688608566,-0.11073573865476755,-0.059225335117403764,35.042492100000004,-84.95894145572973,Bradley,0.64,35.0425,-84.9587,0.021999245565364076
2024-05-10 18:01:00,159758308,-0.412805019807078,-0.533595343796064,-0.29201469581809203,35.042492100000004,-84.95894145572973,Bradley,0.28,35.0425,-84.9587,0.021999245565364076
2024-05-10 18:02:00,159758308,-0.593382557687458,-0.7676247026253917,-0.4191404127495242,35.042492100000004,-84.95894145572973,Bradley,0.55,35.0425,-84.9587,0.021999245565364076
2024-05-10 18:03:00,159758308,-0.6276341574899126,-0.8112726215326307,-0.4439956934471944,35.042492100000004,-84.95894145572973,Bradley,0.45,35.0425,-84.9587,0.021999245565364076
2024-05-10 18:04:00,159758308,-0.16736525309190065,-0.21671044776677992,-0.11802005841702137,35.042492100000004,-84.95894145572973,Bradley,0.56,35.0425,-84.9587,0.021999245565364076
2024-05-10 18:05:00,159758308,-0.1759318882134751,-0.22714538964693115,-0.12471838678001908,35.042492100000004,-84.95894145572973,Bradley,0.35,35.0425,-84.9587,0.021999245565364076
2024-05-10 18:06:00,159758308,0.3143788320391308,0.22172431676858365,0.407033347309678,35.042492100000004,-84.95894145572973,Bradley,0.96,35.0425,-84.9587,0.021999245565364076
2024-05-10 18:07:00,159758308,-0.02258720490943688,-0.03385053055837736,-0.0113238792604964,35.042492100000004,-84.95894145572973,Bradley,0.34,35.0425,-84.9587,0.021999245565364076
2024-05-10 18:08:00,159758308,0.5454832178358272,0.3863555462595461,0.7046108894121084,35.042492100000004,-84.95894145572973,Bradley,0.68,35.0425,-84.9587,0.021999245565364076
2024-05-10 18:09:00,159758308,-0.004547884621392502,-0.0063531013194538695,-0.0027426679233311345,35.042492100000004,-84.95894145572973,Bradley,0.48,35.0425,-84.9587,0.021999245565364076
2024-05-10 18:10:00,159758308,-0.00421920540994979,-0.008089628685230561,-0.000348782134669017,35.042492100000004,-84.95894145572973,Bradley,0.56,35.0425,-84.9587,0.021999245565364076
2024-05-10 18:11:00,159758308,-0.1294950935450992,-0.1705779428736482,-0.0884122442165502,35.042492100000004,-84.95894145572973,Bradley,0.35,35.0425,-84.9587,0.021999245565364076
2024-05-10 18:12:00,159758308,0.24650158141392065,0.17414574457294513,0.31885741825489616,35.042492100000004,-84.95894145572973,Bradley,0.12,35.0425,-84.9587,0.021999245565364076
2024-05-10 18:13:00,159758308,0.32321501515740586,0.2283753947752616,0.41805463553955013,35.042492100000004,-84.95894145572973,Bradley,0.45,35.0425,-84.9587,0.021999245565364076
2024-05-10 18:14:00,159758308,0.4851988719947882,0.3438171833479865,0.6265805606415898,35.042492100000004,-84.95894145572973,Bradley,0.46,35.0425,-84.9587,0.021999245565364076
2024-05-10 18:15:00,159758308,0.8324623954480498,0.5899298575262911,1.0749949333698083,35.042492100000004,-84.95894145572973,Bradley,0.51,35.0425,-84.9587,0.021999245565364076
2024-05-10 18:16:00,159758308,0.591006660589694,0.41868833019236684,0.7633249909870211,35.042492100000004,-84.95894145572973,Bradley,0.03,35.0425,-84.9587,0.021999245565364076
2024-05-10 18:17:00,159758308,0.7524502721503026,0.5331269527298248,0.9717735915707804,35.042492100000004,-84.95894145572973,Bradley,0.31,35.0425,-84.9587,0.021999245565364076
2024-05-10 18:18:00,159758308,0.7685405677328514,0.544605231937315,0.9924759035283878,35.042492100000004,-84.95894145572973,Bradley,0.37,35.0425,-84.9587,0.021999245565364076
2024-05-10 18:19:00,159758308,0.5988068468392737,0.4243595085322378,0.7732541851463095,35.042492100000004,-84.95894145572973,Bradley,0.4,35.0425,-84.9587,0.021999245565364076
2024-05-10 18:20:00,159758308,0.34069791382082215,0.24145672740183896,0.4399391002398053,35.042492100000004,-84.95894145572973,Bradley,0.39,35.0425,-84.9587,0.021999245565364076
2024-05-10 18:21:00,159758308,0.1714655677985247,0.12158257506276288,0.22134856053428653,35.042492100000004,-84.95894145572973,Bradley,0.57,35.0425,-84.9587,0.021999245565364076
2024-05-10 18:22:00,159758308,-0.2136747646267653,-0.27647738670660255,-0.15087214254692805,35.042492100000004,-84.95894145572973,Bradley,0.61,35.0425,-84.9587,0.021999245565364076
2024-05-10 18:23:00,159758308,-0.23236613475643073,-0.30069684494431176,-0.1640354245685497,35.042492100000004,-84.95894145572973,Bradley,0.81,35.0425,-84.9587,0.021999245565364076
2024-05-10 18:24:00,159758308,0.004720434977371739,-0.021273195704069187,0.030714065658812663,35.042492100000004,-84.95894145572973,Bradley,0.66,35.0425,-84.9587,0.021999245565364076
2024-05-10 18:25:00,159758308,0.12365275256651395,0.08141003932991382,0.1658954658031141,35.042492100000004,-84.95894145572973,Bradley,0.53,35.0425,-84.9587,0.021999245565364076
2024-05-10 18:26:00,159758308,-0.3301880457454186,-0.42839580851695336,-0.23198028297388384,35.042492100000004,-84.95894145572973,Bradley,0.87,35.0425,-84.9587,0.021999245565364076
2024-05-10 18:27:00,159758308,-1.2676457685356421,-1.6376577636477136,-0.8976337734235706,35.042492100000004,-84.95894145572973,Bradley,1.27,35.0425,-84.9587,0.021999245565364076
2024-05-10 18:28:00,159758308,-0.9510556331960323,-1.2286843466317285,-0.673426919760336,35.042492100000004,-84.95894145572973,Bradley,1.04,35.0425,-84.9587,0.021999245565364076
2024-05-10 18:29:00,159758308,-0.9286915638660054,-1.1997345122702534,-0.6576486154617573,35.042492100000004,-84.95894145572973,Bradley,0.56,35.0425,-84.9587,0.021999245565364076
2024-05-10 18:30:00,159758308,-0.06220242795963454,-0.09092466234946771,-0.03348019356980138,35.042492100000004,-84.95894145572973,Bradley,0.79,35.0425,-84.9587,0.021999245565364076
2024-05-10 18:31:00,159758308,0.3345285606769082,0.22884017050069522,0.44021695085312124,35.042492100000004,-84.95894145572973,Bradley,0.71,35.0425,-84.9587,0.021999245565364076
2024-05-10 18:32:00,159758308,0.74655576191577,0.5280990540917264,0.9650124697398136,35.042492100000004,-84.95894145572973,Bradley,0.76,35.0425,-84.9587,0.021999245565364076
2024-05-10 18:33:00,159758308,1.002672248024546,0.7095274165342045,1.2958170795148876,35.042492100000004,-84.95894145572973,Bradley,0.63,35.0425,-84.9587,0.021999245565364076
2024-05-10 18:34:00,159758308,0.5516753924638534,0.39109611287615775,0.7122546720515491,35.042492100000004,-84.95894145572973,Bradley,0.62,35.0425,-84.9587,0.021999245565364076
2024-05-10 18:35:00,159758308,0.20412758555922159,0.1419077212571187,0.26634744986132447,35.042492100000004,-84.95894145572973,Bradley,0.37,35.0425,-84.9587,0.021999245565364076
2024-05-10 18:36:00,159758308,0.14157012139059347,0.09732944084901288,0.18581080193217406,35.042492100000004,-84.95894145572973,Bradley,0.46,35.0425,-84.9587,0.021999245565364076
2024-05-10 18:37:00,159758308,-0.3583136368054388,-0.4699330226887567,-0.24669425092212094,35.042492100000004,-84.95894145572973,Bradley,0.49,35.0425,-84.9587,0.021999245565364076
2024-05-10 18:38:00,159758308,-0.11245503839263198,-0.1501589078015077,-0.07475116898375624,35.042492100000004,-84.95894145572973,Bradley,0.26,35.0425,-84.9587,0.021999245565364076
2024-05-10 18:39:00,159758308,-0.08752149980823386,-0.11906954072461229,-0.055973458891855433,35.042492100000004,-84.95894145572973,Bradley,0.21,35.0425,-84.9587,0.021999245565364076
2024-05-10 18:40:00,159758308,-0.18169152183507062,-0.23515664179946746,-0.12822640187067377,35.042492100000004,-84.95894145572973,Bradley,0.23,35.0425,-84.9587,0.021999245565364076
2024-05-10 18:41:00,159758308,-0.2730649680039509,-0.3529805163630404,-0.19314941964486146,35.042492100000004,-84.95894145572973,Bradley,0.16,35.0425,-84.9587,0.021999245565364076
2024-05-10 18:42:00,159758308,0.069430117167798,0.04831790143810673,0.09054233289748927,35.042492100000004,-84.95894145572973,Bradley,0.25,35.0425,-84.9587,0.021999245565364076
2024-05-10 18:43:00,159758308,-0.05804414627290686,-0.07596975217481784,-0.04011854037099588,35.042492100000004,-84.95894145572973,Bradley,0.28,35.0425,-84.9587,0.021999245565364076
2024-05-10 18:44:00,159758308,0.0907074980232326,0.06320021935926498,0.11821477668720021,35.042492100000004,-84.95894145572973,Bradley,0.34,35.0425,-84.9587,0.021999245565364076
2024-05-10 18:45:00,159758308,-0.18056251510486718,-0.23332580693656013,-0.12779922327317422,35.042492100000004,-84.95894145572973,Bradley,0.17,35.0425,-84.9587,0.021999245565364076
2024-05-10 18:46:00,159758308,-0.23818052352156188,-0.30769514769963113,-0.16866589934349263,35.042492100000004,-84.95894145572973,Bradley,0.47,35.0425,-84.9587,0.021999245565364076
2024-05-10 18:47:00,159758308,-0.13818708264595242,-0.17848731533967127,-0.09788684995223357,35.042492100000004,-84.95894145572973,Bradley,0.49,35.0425,-84.9587,0.021999245565364076
2024-05-10 18:48:00,159758308,0.16823751812584062,0.11871259628016854,0.21776243997151268,35.042492100000004,-84.95894145572973,Bradley,0.43,35.0425,-84.9587,0.021999245565364076
2024-05-10 18:49:00,159758308,0.30712841369998317,0.2157552432318059,0.39850158416816045,35.042492100000004,-84.95894145572973,Bradley,0.52,35.0425,-84.9587,0.021999245565364076
2024-05-10 18:50:00,159758308,0.05778291518846934,0.03434341413815532,0.08122241623878336,35.042492100000004,-84.95894145572973,Bradley,0.14,35.0425,-84.9587,0.021999245565364076
2024-05-10 18:51:00,159758308,-0.029981504131181173,-0.05142038979491466,-0.008542618467447687,35.042492100000004,-84.95894145572973,Bradley,0.59,35.0425,-84.9587,0.021999245565364076
2024-05-10 18:52:00,159758308,0.08221496089481233,0.051170744424045275,0.11325917736557937,35.042492100000004,-84.95894145572973,Bradley,0.69,35.0425,-84.9587,0.021999245565364076
2024-05-10 18:53:00,159758308,0.3753058735604405,0.2643110023831761,0.48630074473770485,35.042492100000004,-84.95894145572973,Bradley,0.21,35.0425,-84.9587,0.021999245565364076
2024-05-10 18:54:00,159758308,0.43590479467888366,0.3087779940744563,0.563031595283311,35.042492100000004,-84.95894145572973,Bradley,0.49,35.0425,-84.9587,0.021999245565364076
2024-05-10 18:55:00,159758308,0.34820741346881307,0.24671773171513184,0.4496970952224943,35.042492100000004,-84.95894145572973,Bradley,0.14,35.0425,-84.9587,0.021999245565364076
2024-05-10 18:56:00,159758308,0.6447435390572461,0.45501680980205417,0.8344702683124381,35.042492100000004,-84.95894145572973,Bradley,0.22,35.0425,-84.9587,0.021999245565364076
2024-05-10 18:57:00,159758308,0.7634019575907868,0.5404074449838715,0.986396470197702,35.042492100000004,-84.95894145572973,Bradley,0.37,35.0425,-84.9587,0.021999245565364076
2024-05-10 18:58:00,159758308,1.1903285505632146,0.8432874547947105,1.5373696463317188,35.042492100000004,-84.95894145572973,Bradley,-0.33,35.0425,-84.9587,0.021999245565364076
2024-05-10 18:59:00,159758308,0.9950695743317082,0.7049949897510179,1.2851441589123984,35.042492100000004,-84.95894145572973,Bradley,0.18,35.0425,-84.9587,0.021999245565364076
2024-05-10 19:00:00,159758308,1.1298253483313718,0.7984966854638972,1.4611540111988464,35.042492100000004,-84.95894145572973,Bradley,0.61,35.0425,-84.9587,0.021999245565364076
2024-05-10 19:01:00,159758308,0.962321237180565,0.6817913253893023,1.2428511489718277,35.042492100000004,-84.95894145572973,Bradley,0.63,35.0425,-84.9587,0.021999245565364076
2024-05-10 19:02:00,159758308,0.7981694214441829,0.5658236049470156,1.0305152379413502,35.042492100000004,-84.95894145572973,Bradley,0.42,35.0425,-84.9587,0.021999245565364076
2024-05-10 19:03:00,159758308,0.6502648605623739,0.4608271028111681,0.8397026183135796,35.042492100000004,-84.95894145572973,Bradley,0.49,35.0425,-84.9587,0.021999245565364076
2024-05-10 19:04:00,159758308,0.45591480329522527,0.31412512568227025,0.5977044809081803,35.042492100000004,-84.95894145572973,Bradley,0.14,35.0425,-84.9587,0.021999245565364076
2024-05-10 19:05:00,159758308,0.32380730655262274,0.22787343641788138,0.4197411766873641,35.042492100000004,-84.95894145572973,Bradley,0.05,35.0425,-84.9587,0.021999245565364076
2024-05-10 19:06:00,159758308,0.3767661201769502,0.2669125586032689,0.4866196817506315,35.042492100000004,-84.95894145572973,Bradley,0.48,35.0425,-84.9587,0.021999245565364076
2024-05-10 19:07:00,159758308,0.6200648130148789,0.4378774771835764,0.8022521488461815,35.042492100000004,-84.95894145572973,Bradley,0.53,35.0425,-84.9587,0.021999245565364076
2024-05-10 19:08:00,159758308,0.25286015585596,0.17909600091541092,0.3266243107965091,35.042492100000004,-84.95894145572973,Bradley,0.33,35.0425,-84.9587,0.021999245565364076
2024-05-10 19:09:00,159758308,-0.07105907242652468,-0.09674715666498056,-0.0453709881880688,35.042492100000004,-84.95894145572973,Bradley,0.3,35.0425,-84.9587,0.021999245565364076
2024-05-10 19:10:00,159758308,-0.09794820902246554,-0.1341010850457976,-0.06179533299913348,35.042492100000004,-84.95894145572973,Bradley,0.2,35.0425,-84.9587,0.021999245565364076
2024-05-10 19:11:00,159758308,0.13330312086257987,0.09442785509589574,0.172178386629264,35.042492100000004,-84.95894145572973,Bradley,0.32,35.0425,-84.9587,0.021999245565364076
2024-05-10 19:12:00,159758308,0.25161326548839946,0.17688151486431652,0.3263450161124824,35.042492100000004,-84.95894145572973,Bradley,0.32,35.0425,-84.9587,0.021999245565364076
2024-05-10 19:13:00,159758308,-0.0039465573303797295,-0.0268026222391446,0.01890950757838514,35.042492100000004,-84.95894145572973,Bradley,0.01,35.0425,-84.9587,0.021999245565364076
2024-05-10 19:14:00,159758308,-0.0799133464964589,-0.11442683440392813,-0.045399858588989664,35.042492100000004,-84.95894145572973,Bradley,-0.05,35.0425,-84.9587,0.021999245565364076
2024-05-10 19:15:00,159758308,-0.2300505750357263,-0.30671650193999717,-0.15338464813145541,35.042492100000004,-84.95894145572973,Bradley,0.18,35.0425,-84.9587,0.021999245565364076
2024-05-10 19:16:00,159758308,-0.2865382632555061,-0.38060300697783706,-0.1924735195331751,35.042492100000004,-84.95894145572973,Bradley,-0.01,35.0425,-84.9587,0.021999245565364076
2024-05-10 19:17:00,159758308,-0.036845311752965806,-0.05252175963884653,-0.02116886386708508,35.042492100000004,-84.95894145572973,Bradley,0.03,35.0425,-84.9587,0.021999245565364076
2024-05-10 19:18:00,159758308,0.2074412978889963,0.14547233027041293,0.2694102655075796,35.042492100000004,-84.95894145572973,Bradley,0.29,35.0425,-84.9587,0.021999245565364076
2024-05-10 19:19:00,159758308,0.23822173353963516,0.16850729780412652,0.3079361692751438,35.042492100000004,-84.95894145572973,Bradley,0.29,35.0425,-84.9587,0.021999245565364076
2024-05-10 19:20:00,159758308,0.3129425561901059,0.22160223154260578,0.40428288083760605,35.042492100000004,-84.95894145572973,Bradley,0.33,35.0425,-84.9587,0.021999245565364076
2024-05-10 19:21:00,159758308,0.404307382733692,0.2861450996379885,0.5224696658293955,35.042492100000004,-84.95894145572973,Bradley,0.49,35.0425,-84.9587,0.021999245565364076
2024-05-10 19:22:00,159758308,0.38391499112096505,0.2719976215799773,0.4958323606619528,35.042492100000004,-84.95894145572973,Bradley,0.61,35.0425,-84.9587,0.021999245565364076
2024-05-10 19:23:00,159758308,-0.0012359413109774868,-0.01918730180117018,0.016715419179215204,35.042492100000004,-84.95894145572973,Bradley,0.51,35.0425,-84.9587,0.021999245565364076
2024-05-10 19:24:00,159758308,-0.08401488231666632,-0.1198308467963371,-0.04819891783699553,35.042492100000004,-84.95894145572973,Bradley,-0.39,35.0425,-84.9587,0.021999245565364076
2024-05-10 19:25:00,159758308,-0.28864399666904844,-0.380944363843061,-0.19634362949503587,35.042492100000004,-84.95894145572973,Bradley,-0.33,35.0425,-84.9587,0.021999245565364076
2024-05-10 19:26:00,159758308,-0.38321688356380296,-0.494841480610558,-0.2715922865170479,35.042492100000004,-84.95894145572973,Bradley,0.07,35.0425,-84.9587,0.021999245565364076
2024-05-10 19:27:00,159758308,-0.11040828784360289,-0.14248162573214754,-0.07833494995505824,35.042492100000004,-84.95894145572973,Bradley,0.25,35.0425,-84.9587,0.021999245565364076
2024-05-10 19:28:00,159758308,-0.018849052834526838,-0.025365192273910434,-0.012332913395143242,35.042492100000004,-84.95894145572973,Bradley,0.35,35.0425,-84.9587,0.021999245565364076
2024-05-10 19:29:00,159758308,-0.09138740175268997,-0.11832835473862752,-0.06444644876675243,35.042492100000004,-84.95894145572973,Bradley,0.43,35.0425,-84.9587,0.021999245565364076
2024-05-10 19:30:00,159758308,0.20019309602492436,0.1396588964085077,0.260727295641341,35.042492100000004,-84.95894145572973,Bradley,0.64,35.0425,-84.9587,0.021999245565364076
2024-05-10 19:31:00,159758308,-0.023001236649431794,-0.03158624772169665,-0.014416225577166937,35.042492100000004,-84.95894145572973,Bradley,0.6,35.0425,-84.9587,0.021999245565364076
2024-05-10 19:32:00,159758308,0.1579739250588433,0.1116858307812065,0.2042620193364801,35.042492100000004,-84.95894145572973,Bradley,0.54,35.0425,-84.9587,0.021999245565364076
2024-05-10 19:33:00,159758308,-0.0036141723294184362,-0.01515740148914691,0.007929056830310038,35.042492100000004,-84.95894145572973,Bradley,0.7,35.0425,-84.9587,0.021999245565364076
2024-05-10 19:34:00,159758308,-0.08285719480944224,-0.10715541396589054,-0.05855897565299394,35.042492100000004,-84.95894145572973,Bradley,0.6,35.0425,-84.9587,0.021999245565364076
2024-05-10 19:35:00,159758308,0.06782015586909465,0.04688530680082905,0.08875500493736024,35.042492100000004,-84.95894145572973,Bradley,0.68,35.0425,-84.9587,0.021999245565364076
2024-05-10 19:36:00,159758308,0.37072244937899296,0.2607712524040742,0.4806736463539117,35.042492100000004,-84.95894145572973,Bradley,0.91,35.0425,-84.9587,0.021999245565364076
2024-05-10 19:37:00,159758308,0.17092491206340366,0.1210609019596911,0.2207889221671162,35.042492100000004,-84.95894145572973,Bradley,0.89,35.0425,-84.9587,0.021999245565364076
2024-05-10 19:38:00,159758308,-0.13921581440189978,-0.1843375959517551,-0.09409403285204446,35.042492100000004,-84.95894145572973,Bradley,1.26,35.0425,-84.9587,0.021999245565364076
2024-05-10 19:39:00,159758308,-0.580524539498571,-0.7514571576169053,-0.4095919213802366,35.042492100000004,-84.95894145572973,Bradley,0.44,35.0425,-84.9587,0.021999245565364076
2024-05-10 19:40:00,159758308,-0.4263501452694183,-0.5515009118187106,-0.3011993787201259,35.042492100000004,-84.95894145572973,Bradley,0.52,35.0425,-84.9587,0.021999245565364076
2024-05-10 19:41:00,159758308,-0.4297241949762525,-0.5591815587467241,-0.30026683120578096,35.042492100000004,-84.95894145572973,Bradley,0.48,35.0425,-84.9587,0.021999245565364076
2024-05-10 19:42:00,159758308,-0.16563036879518325,-0.21384610010351793,-0.11741463748684858,35.042492100000004,-84.95894145572973,Bradley,0.49,35.0425,-84.9587,0.021999245565364076
2024-05-10 19:43:00,159758308,0.04662997688955321,0.02925310593372358,0.06400684784538285,35.042492100000004,-84.95894145572973,Bradley,0.81,35.0425,-84.9587,0.021999245565364076
2024-05-10 19:44:00,159758308,0.2789803295225286,0.1965019095170718,0.3614587495279854,35.042492100000004,-84.95894145572973,Bradley,0.58,35.0425,-84.9587,0.021999245565364076
2024-05-10 19:45:00,159758308,-0.13275651348142234,-0.17156703680621918,-0.0939459901566255,35.042492100000004,-84.95894145572973,Bradley,0.59,35.0425,-84.9587,0.021999245565364076
2024-05-10 19:46:00,159758308,0.09366567133253825,0.06446299585293047,0.12286834681214603,35.042492100000004,-84.95894145572973,Bradley,0.49,35.0425,-84.9587,0.021999245565364076
2024-05-10 19:47:00,159758308,-0.8896060781985541,-1.1497883907380684,-0.6294237656590398,35.042492100000004,-84.95894145572973,Bradley,1.38,35.0425,-84.9587,0.021999245565364076
2024-05-10 19:48:00,159758308,-1.7169840440063886,-2.2176762578847873,-1.2162918301279897,35.042492100000004,-84.95894145572973,Bradley,0.77,35.0425,-84.9587,0.021999245565364076
2024-05-10 19:49:00,159758308,-0.5600961917346167,-0.7248945709016843,-0.39529781256754903,35.042492100000004,-84.95894145572973,Bradley,0.01,35.0425,-84.9587,0.021999245565364076
2024-05-10 19:50:00,159758308,-0.3175048828125,-0.4104117730001907,-0.22459799262480928,35.042492100000004,-84.95894145572973,Bradley,0.19,35.0425,-84.9587,0.021999245565364076
2024-05-10 19:51:00,159758308,-0.6867023973394418,-0.8871146558826045,-0.48629013879627914,35.042492100000004,-84.95894145572973,Bradley,0.47,35.0425,-84.9587,0.021999245565364076
2024-05-10 19:52:00,159758308,-0.47977967252647946,-0.6198213931053478,-0.33973795194761114,35.042492100000004,-84.95894145572973,Bradley,0.44,35.0425,-84.9587,0.021999245565364076
2024-05-10 19:53:00,159758308,-0.12187128124737306,-0.15936639573724376,-0.08437616675750237,35.042492100000004,-84.95894145572973,Bradley,0.57,35.0425,-84.9587,0.021999245565364076
2024-05-10 19:54:00,159758308,-0.6873391003278413,-0.8880959037514642,-0.48658229690421834,35.042492100000004,-84.95894145572973,Bradley,0.86,35.0425,-84.9587,0.021999245565364076
2024-05-10 19:55:00,159758308,-1.078907169426698,-1.3935318593052615,-0.7642824795481346,35.042492100000004,-84.95894145572973,Bradley,0.59,35.0425,-84.9587,0.021999245565364076
2024-05-10 19:56:00,159758308,-0.2594102501628699,-0.338771514898202,-0.1800489854275378,35.042492100000004,-84.95894145572973,Bradley,0.45,35.0425,-84.9587,0.021999245565364076
2024-05-10 19:57:00,159758308,-1.0646806831077673,-1.3750876641142342,-0.7542737021013004,35.042492100000004,-84.95894145572973,Bradley,0.79,35.0425,-84.9587,0.021999245565364076
2024-05-10 19:58:00,159758308,-0.5045767747562205,-0.651590518235898,-0.3575630312765431,35.042492100000004,-84.95894145572973,Bradley,0.06,35.0425,-84.9587,0.021999245565364076
2024-05-10 19:59:00,159758308,0.5565449061133995,0.3937301854074885,0.7193596268193104,35.042492100000004,-84.95894145572973,Bradley,0.66,35.0425,-84.9587,0.021999245565364076
2024-05-10 20:00:00,159758308,0.31134743296065903,0.22054736212655562,0.40214750379476244,35.042492100000004,-84.95894145572973,Bradley,0.53,35.0425,-84.9587,0.021999245565364076
2024-05-10 20:01:00,159758308,0.608907570034045,0.4310781000655841,0.786737040002506,35.042492100000004,-84.95894145572973,Bradley,0.25,35.0425,-84.9587,0.021999245565364076
2024-05-10 20:02:00,159758308,0.2816365696715282,0.19862465857114037,0.3646484807719161,35.042492100000004,-84.95894145572973,Bradley,0.5,35.0425,-84.9587,0.021999245565364076
2024-05-10 20:03:00,159758308,0.6330674767253699,0.448461329664644,0.8176736237860958,35.042492100000004,-84.95894145572973,Bradley,0.34,35.0425,-84.9587,0.021999245565364076
2024-05-10 20:04:00,159758308,0.4779396698470074,0.3378758850789053,0.6180034546151095,35.042492100000004,-84.95894145572973,Bradley,0.39,35.0425,-84.9587,0.021999245565364076
2024-05-10 20:05:00,159758308,0.2300293132933339,0.16112989298484723,0.2989287336018206,35.042492100000004,-84.95894145572973,Bradley,0.24,35.0425,-84.9587,0.021999245565364076
2024-05-10 20:06:00,159758308,-0.4164503824815064,-0.5416758213110643,-0.2912249436519485,35.042492100000004,-84.95894145572973,Bradley,0.15,35.0425,-84.9587,0.021999245565364076
2024-05-10 20:07:00,159758308,-0.5279824231884667,-0.683282988706275,-0.37268185767065837,35.042492100000004,-84.95894145572973,Bradley,0.23,35.0425,-84.9587,0.021999245565364076
2024-05-10 20:08:00,159758308,-0.1486371879859827,-0.19254667421681032,-0.10472770175515506,35.042492100000004,-84.95894145572973,Bradley,0.18,35.0425,-84.9587,0.021999245565364076
2024-05-10 20:09:00,159758308,-0.4116536020511096,-0.5316390968058818,-0.2916681072963374,35.042492100000004,-84.95894145572973,Bradley,0.41,35.0425,-84.9587,0.021999245565364076
2024-05-10 20:10:00,159758308,-0.6789403016244956,-0.8774734363953226,-0.4804071668536686,35.042492100000004,-84.95894145572973,Bradley,0.68,35.0425,-84.9587,0.021999245565364076
2024-05-10 20:11:00,159758308,-0.1949806854720074,-0.25194434740843213,-0.13801702353558268,35.042492100000004,-84.95894145572973,Bradley,0.3,35.0425,-84.9587,0.021999245565364076
2024-05-10 20:12:00,159758308,-0.9239190825697714,-1.1948004741543308,-0.653037690985212,35.042492100000004,-84.95894145572973,Bradley,0.16,35.0425,-84.9587,0.021999245565364076
2024-05-10 20:13:00,159758308,-1.0432695338769333,-1.347124585657729,-0.7394144820961377,35.042492100000004,-84.95894145572973,Bradley,0.11,35.0425,-84.9587,0.021999245565364076
2024-05-10 20:14:00,159758308,-0.31316683063109446,-0.40438973813012363,-0.2219439231320653,35.042492100000004,-84.95894145572973,Bradley,0.29,35.0425,-84.9587,0.021999245565364076
2024-05-10 20:15:00,159758308,-0.8322946000756557,-1.0749291763304802,-0.5896600238208312,35.042492100000004,-84.95894145572973,Bradley,0.17,35.0425,-84.9587,0.021999245565364076
2024-05-10 20:16:00,159758308,-0.37169334755379957,-0.48086898131307365,-0.2625177137945255,35.042492100000004,-84.95894145572973,Bradley,-0.13,35.0425,-84.9587,0.021999245565364076
2024-05-10 20:17:00,159758308,-0.6433671901269334,-0.8308860373227965,-0.45584834293107035,35.042492100000004,-84.95894145572973,Bradley,-0.19,35.0425,-84.9587,0.021999245565364076
2024-05-10 20:18:00,159758308,-0.3487165460028581,-0.4512033982657789,-0.24622969373993736,35.042492100000004,-84.95894145572973,Bradley,0.33,35.0425,-84.9587,0.021999245565364076
2024-05-10 20:19:00,159758308,-0.12107527937436953,-0.15640253794328504,-0.08574802080545402,35.042492100000004,-84.95894145572973,Bradley,0.33,35.0425,-84.9587,0.021999245565364076
2024-05-10 20:20:00,159758308,-0.02409850725329155,-0.03787515533885381,-0.010321859167729293,35.042492100000004,-84.95894145572973,Bradley,-0.2,35.0425,-84.9587,0.021999245565364076
2024-05-10 20:21:00,159758308,0.46353947755548086,0.3283774587877515,0.5987014963232102,35.042492100000004,-84.95894145572973,Bradley,-0.27,35.0425,-84.9587,0.021999245565364076
2024-05-10 20:22:00,159758308,-0.1626603742854741,-0.2100006217264264,-0.11532012684452184,35.042492100000004,-84.95894145572973,Bradley,0.18,35.0425,-84.9587,0.021999245565364076
2024-05-10 20:23:00,159758308,-0.059672711596203555,-0.08867232661878008,-0.030673096573627028,35.042492100000004,-84.95894145572973,Bradley,-0.0,35.0425,-84.9587,0.021999245565364076
2024-05-10 20:24:00,159758308,0.18574611148180062,0.13145550826979724,0.240036714693804,35.042492100000004,-84.95894145572973,Bradley,-0.16,35.0425,-84.9587,0.021999245565364076
2024-05-10 20:25:00,159758308,-0.7402036727156187,-0.9607111353854083,-0.5196962100458291,35.042492100000004,-84.95894145572973,Bradley,-0.18,35.0425,-84.9587,0.021999245565364076
2024-05-10 20:26:00,159758308,-0.010704712652887525,-0.020332734532810565,-0.0010766907729644858,35.042492100000004,-84.95894145572973,Bradley,-0.58,35.0425,-84.9587,0.021999245565364076
2024-05-10 20:27:00,159758308,-0.06014647288216628,-0.07798544851925253,-0.042307497245080025,35.042492100000004,-84.95894145572973,Bradley,0.02,35.0425,-84.9587,0.021999245565364076
2024-05-10 20:28:00,159758308,-0.3211704400376177,-0.41679932952605864,-0.22554155054917674,35.042492100000004,-84.95894145572973,Bradley,0.79,35.0425,-84.9587,0.021999245565364076
2024-05-10 20:29:00,159758308,0.8481586510171486,0.6007041461192423,1.095613155915055,35.042492100000004,-84.95894145572973,Bradley,0.27,35.0425,-84.9587,0.021999245565364076
2024-05-10 20:30:00,159758308,-0.540319980192922,-0.6984568297816444,-0.38218313060419973,35.042492100000004,-84.95894145572973,Bradley,0.89,35.0425,-84.9587,0.021999245565364076
2024-05-10 20:31:00,159758308,0.0178401741952646,-0.025012067473708998,0.060692415864238194,35.042492100000004,-84.95894145572973,Bradley,0.96,35.0425,-84.9587,0.021999245565364076
2024-05-10 20:32:00,159758308,0.23205714171255043,0.1633948380630872,0.30071944536201367,35.042492100000004,-84.95894145572973,Bradley,0.45,35.0425,-84.9587,0.021999245565364076
2024-05-10 20:33:00,159758308,0.5613039243758406,0.3963850791843345,0.7262227695673468,35.042492100000004,-84.95894145572973,Bradley,0.36,35.0425,-84.9587,0.021999245565364076
2024-05-10 20:34:00,159758308,-0.0859119900137126,-0.11102580783266706,-0.060798172194758124,35.042492100000004,-84.95894145572973,Bradley,0.35,35.0425,-84.9587,0.021999245565364076
2024-05-10 20:35:00,159758308,0.8524835685314391,0.6020746902971448,1.1028924467657335,35.042492100000004,-84.95894145572973,Bradley,0.56,35.0425,-84.9587,0.021999245565364076
2024-05-10 20:36:00,159758308,0.7244302509772192,0.5103423876437218,0.9385181143107167,35.042492100000004,-84.95894145572973,Bradley,0.14,35.0425,-84.9587,0.021999245565364076
2024-05-10 20:37:00,159758308,0.9903115411693006,0.7014526260287786,1.2791704563098227,35.042492100000004,-84.95894145572973,Bradley,0.49,35.0425,-84.9587,0.021999245565364076
2024-05-10 20:38:00,159758308,0.8041614565820444,0.569668446534731,1.0386544666293578,35.042492100000004,-84.95894145572973,Bradley,0.26,35.0425,-84.9587,0.021999245565364076
2024-05-10 20:39:00,159758308,0.3255121863441493,0.22670602257287123,0.4243183501154274,35.042492100000004,-84.95894145572973,Bradley,0.43,35.0425,-84.9587,0.021999245565364076
2024-05-10 20:40:00,159758308,0.6534221061701412,0.46180314689503366,0.8450410654452487,35.042492100000004,-84.95894145572973,Bradley,0.79,35.0425,-84.9587,0.021999245565364076
2024-05-10 20:41:00,159758308,0.2316988936669889,0.16255328646588613,0.30084450086809167,35.042492100000004,-84.95894145572973,Bradley,0.67,35.0425,-84.9587,0.021999245565364076
2024-05-10 20:42:00,159758308,0.30323152215030263,0.21474839549687555,0.39171464880372975,35.042492100000004,-84.95894145572973,Bradley,0.62,35.0425,-84.9587,0.021999245565364076
2024-05-10 20:43:00,159758308,-0.4022381801130632,-0.5196488513274533,-0.2848275088986732,35.042492100000004,-84.95894145572973,Bradley,0.36,35.0425,-84.9587,0.021999245565364076
2024-05-10 20:44:00,159758308,0.25372449904379624,0.17165525341527013,0.33579374467232237,35.042492100000004,-84.95894145572973,Bradley,0.85,35.0425,-84.9587,0.021999245565364076
2024-05-10 20:45:00,159758308,0.1359933880085743,0.09339244222405393,0.17859433379309467,35.042492100000004,-84.95894145572973,Bradley,0.69,35.0425,-84.9587,0.021999245565364076
2024-05-10 20:46:00,159758308,0.10721213078450739,0.07436513034254322,0.14005913122647157,35.042492100000004,-84.95894145572973,Bradley,0.76,35.0425,-84.9587,0.021999245565364076
2024-05-10 20:47:00,159758308,0.01632586055420835,-0.013522606572238024,0.04617432768065473,35.042492100000004,-84.95894145572973,Bradley,1.5,35.0425,-84.9587,0.021999245565364076
2024-05-10 20:48:00,159758308,-0.8819731947713517,-1.1398377785390639,-0.6241086110036396,35.042492100000004,-84.95894145572973,Bradley,0.54,35.0425,-84.9587,0.021999245565364076
2024-05-10 20:49:00,159758308,0.022993199361917873,0.014643238836202591,0.03134315988763316,35.042492100000004,-84.95894145572973,Bradley,0.06,35.0425,-84.9587,0.021999245565364076
2024-05-10 20:50:00,159758308,0.05294352405088895,0.01889808622806697,0.08698896187371094,35.042492100000004,-84.95894145572973,Bradley,0.17,35.0425,-84.9587,0.021999245565364076
2024-05-10 20:51:00,159758308,-0.0038353498942433543,-0.012845169323369963,0.005174469534883253,35.042492100000004,-84.95894145572973,Bradley,0.17,35.0425,-84.9587,0.021999245565364076
2024-05-10 20:52:00,159758308,-0.375640643388534,-0.48536035491976004,-0.2659209318573079,35.042492100000004,-84.95894145572973,Bradley,0.17,35.0425,-84.9587,0.021999245565364076
2024-05-10 20:53:00,159758308,-0.08835052305528118,-0.11745877190285461,-0.05924227420770776,35.042492100000004,-84.95894145572973,Bradley,0.44,35.0425,-84.9587,0.021999245565364076
2024-05-10 20:54:00,159758308,-0.7501070475369872,-0.9689935007465741,-0.5312205943274003,35.042492100000004,-84.95894145572973,Bradley,0.61,35.0425,-84.9587,0.021999245565364076
2024-05-10 20:55:00,159758308,-0.26125706645090785,-0.3396989485803412,-0.18281518432147448,35.042492100000004,-84.95894145572973,Bradley,0.56,35.0425,-84.9587,0.021999245565364076
2024-05-10 20:56:00,159758308,-0.1620303207223016,-0.2106657676131625,-0.11339487383144073,35.042492100000004,-84.95894145572973,Bradley,0.71,35.0425,-84.9587,0.021999245565364076
2024-05-10 20:57:00,159758308,0.28051610047494957,0.19749885574773854,0.36353334520216063,35.042492100000004,-84.95894145572973,Bradley,0.35,35.0425,-84.9587,0.021999245565364076
2024-05-10 20:58:00,159758308,0.7931851436407196,0.5596744057204237,1.0266958815610154,35.042492100000004,-84.95894145572973,Bradley,1.08,35.0425,-84.9587,0.021999245565364076
2024-05-10 20:59:00,159758308,1.0037515892947209,0.7107134496085714,1.2967897289808703,35.042492100000004,-84.95894145572973,Bradley,0.6,35.0425,-84.9587,0.021999245565364076
2024-05-10 21:00:00,159758308,0.2722049756745965,0.18990510270683836,0.35450484864235465,35.042492100000004,-84.95894145572973,Bradley,0.79,35.0425,-84.9587,0.021999245565364076
2024-05-10 21:01:00,159758308,-1.5459893950697714,-2.0016092087364106,-1.090369581403132,35.042492100000004,-84.95894145572973,Bradley,0.24,35.0425,-84.9587,0.021999245565364076
2024-05-10 21:02:00,159758308,-0.8141658041568595,-1.0519652637860766,-0.5763663445276422,35.042492100000004,-84.95894145572973,Bradley,-0.0,35.0425,-84.9587,0.021999245565364076
2024-05-10 21:03:00,159758308,-1.271859698112811,-1.6429236462745025,-0.9007957499511196,35.042492100000004,-84.95894145572973,Bradley,-0.07,35.0425,-84.9587,0.021999245565364076
2024-05-10 21:04:00,159758308,0.015121864607130511,-0.008740585835034832,0.03898431504929585,35.042492100000004,-84.95894145572973,Bradley,-0.08,35.0425,-84.9587,0.021999245565364076
2024-05-10 21:05:00,159758308,0.18573076033960995,0.1315492386765291,0.2399122820026908,35.042492100000004,-84.95894145572973,Bradley,0.16,35.0425,-84.9587,0.021999245565364076
2024-05-10 21:06:00,159758308,-0.45842845021435774,-0.5958566217233137,-0.3210002787054018,35.042492100000004,-84.95894145572973,Bradley,0.31,35.0425,-84.9587,0.021999245565364076
2024-05-10 21:07:00,159758308,-1.4606478805901144,-1.8865249944708364,-1.0347707667093924,35.042492100000004,-84.95894145572973,Bradley,0.47,35.0425,-84.9587,0.021999245565364076
2024-05-10 21:08:00,159758308,-0.3281126862495797,-0.42498183165992637,-0.23124354083923299,35.042492100000004,-84.95894145572973,Bradley,0.2,35.0425,-84.9587,0.021999245565364076
2024-05-10 21:09:00,159758308,0.46493634940316075,0.3252810151779935,0.604591683628328,35.042492100000004,-84.95894145572973,Bradley,0.07,35.0425,-84.9587,0.021999245565364076
2024-05-10 21:10:00,159758308,0.22849157214084567,0.1619350693207482,0.29504807496094315,35.042492100000004,-84.95894145572973,Bradley,-0.06,35.0425,-84.9587,0.021999245565364076
2024-05-10 21:11:00,159758308,-0.18316223513943763,-0.24232565016915977,-0.1239988201097155,35.042492100000004,-84.95894145572973,Bradley,-0.38,35.0425,-84.9587,0.021999245565364076
2024-05-10 21:12:00,159758308,0.7345309741719905,0.5202786799969719,0.9487832683470092,35.042492100000004,-84.95894145572973,Bradley,-0.17,35.0425,-84.9587,0.021999245565364076
2024-05-10 21:13:00,159758308,-0.1842086576501555,-0.23804966635932723,-0.1303676489409838,35.042492100000004,-84.95894145572973,Bradley,-0.12,35.0425,-84.9587,0.021999245565364076
2024-05-10 21:14:00,159758308,0.018479599276082823,0.005820334590965525,0.031138863961200122,35.042492100000004,-84.95894145572973,Bradley,-0.27,35.0425,-84.9587,0.021999245565364076
2024-05-10 21:15:00,159758308,-0.1774363411939938,-0.23062907609409108,-0.1242436062938965,35.042492100000004,-84.95894145572973,Bradley,-0.47,35.0425,-84.9587,0.021999245565364076
2024-05-10 21:16:00,159758308,-0.24741534378677707,-0.32169441319696224,-0.17313627437659193,35.042492100000004,-84.95894145572973,Bradley,-0.73,35.0425,-84.9587,0.021999245565364076
2024-05-10 21:17:00,159758308,-0.5860979071221419,-0.7580443857466099,-0.41415142849767395,35.042492100000004,-84.95894145572973,Bradley,-0.78,35.0425,-84.9587,0.021999245565364076
2024-05-10 21:18:00,159758308,0.23869540247246973,0.1655236189820833,0.3118671859628562,35.042492100000004,-84.95894145572973,Bradley,-0.61,35.0425,-84.9587,0.021999245565364076
2024-05-10 21:19:00,159758308,0.007067093892472657,-0.011542861177032002,0.025677048961977318,35.042492100000004,-84.95894145572973,Bradley,-0.68,35.0425,-84.9587,0.021999245565364076
2024-05-10 21:20:00,159758308,-0.2384224476714862,-0.3105143782984457,-0.16633051704452673,35.042492100000004,-84.95894145572973,Bradley,-0.71,35.0425,-84.9587,0.021999245565364076
2024-05-10 21:21:00,159758308,-0.6596971933843309,-0.8524201242561512,-0.4669742625125105,35.042492100000004,-84.95894145572973,Bradley,-0.56,35.0425,-84.9587,0.021999245565364076
2024-05-10 21:22:00,159758308,-0.9145051382817754,-1.183072915957649,-0.6459373606059017,35.042492100000004,-84.95894145572973,Bradley,-0.42,35.0425,-84.9587,0.021999245565364076
2024-05-10 21:23:00,159758308,-0.8927124269712509,-1.155231099992787,-0.6301937539497147,35.042492100000004,-84.95894145572973,Bradley,-0.24,35.0425,-84.9587,0.021999245565364076
2024-05-10 21:24:00,159758308,-0.5418483628950908,-0.7014220298964948,-0.3822746958936867,35.042492100000004,-84.95894145572973,Bradley,-0.5,35.0425,-84.9587,0.021999245565364076
2024-05-10 21:25:00,159758308,-0.9289877506094486,-1.1994822421095916,-0.6584932591093055,35.042492100000004,-84.95894145572973,Bradley,-0.32,35.0425,-84.9587,0.021999245565364076
2024-05-10 21:26:00,159758308,-0.4347159431216375,-0.5620941161173951,-0.3073377701258799,35.042492100000004,-84.95894145572973,Bradley,-0.25,35.0425,-84.9587,0.021999245565364076
2024-05-10 21:27:00,159758308,-0.36593527367392403,-0.4741468160686453,-0.2577237312792028,35.042492100000004,-84.95894145572973,Bradley,-0.28,35.0425,-84.9587,0.021999245565364076
2024-05-10 21:28:00,159758308,0.194286025764963,0.13342039128684147,0.25515166024308455,35.042492100000004,-84.95894145572973,Bradley,-0.41,35.0425,-84.9587,0.021999245565364076
2024-05-10 21:29:00,159758308,0.4286161216217636,0.2998854361756401,0.5573468070678871,35.042492100000004,-84.95894145572973,Bradley,-0.38,35.0425,-84.9587,0.021999245565364076
2024-05-10 21:30:00,159758308,0.9706755421990585,0.6826520743223103,1.2586990100758066,35.042492100000004,-84.95894145572973,Bradley,-0.1,35.0425,-84.9587,0.021999245565364076
2024-05-10 21:31:00,159758308,0.5434590014500672,0.38024571924244727,0.7066722836576871,35.042492100000004,-84.95894145572973,Bradley,0.02,35.0425,-84.9587,0.021999245565364076
2024-05-10 21:32:00,159758308,0.6194821263449899,0.4357724774309846,0.8031917752589952,35.042492100000004,-84.95894145572973,Bradley,0.28,35.0425,-84.9587,0.021999245565364076
2024-05-10 21:33:00,159758308,0.3419873276731675,0.23854393827228815,0.4454307170740468,35.042492100000004,-84.95894145572973,Bradley,0.45,35.0425,-84.9587,0.021999245565364076
2024-05-10 21:34:00,159758308,0.6273135074289677,0.442167745966213,0.8124592688917225,35.042492100000004,-84.95894145572973,Bradley,0.41,35.0425,-84.9587,0.021999245565364076
2024-05-10 21:35:00,159758308,0.24352140753719737,0.1699163082496787,0.317126506824716,35.042492100000004,-84.95894145572973,Bradley,0.77,35.0425,-84.9587,0.021999245565364076
2024-05-10 21:36:00,159758308,-0.0563314472498634,-0.08770542966616339,-0.02495746483356341,35.042492100000004,-84.95894145572973,Bradley,0.28,35.0425,-84.9587,0.021999245565364076
2024-05-10 21:37:00,159758308,-0.7995879654926026,-1.0337096566133344,-0.5654662743718709,35.042492100000004,-84.95894145572973,Bradley,0.23,35.0425,-84.9587,0.021999245565364076
2024-05-10 21:38:00,159758308,-0.7630555307456288,-0.9861263447402718,-0.5399847167509858,35.042492100000004,-84.95894145572973,Bradley,-0.27,35.0425,-84.9587,0.021999245565364076
2024-05-10 21:39:00,159758308,-0.660741727786651,-0.8537147334760327,-0.4677687220972693,35.042492100000004,-84.95894145572973,Bradley,-1.03,35.0425,-84.9587,0.021999245565364076
2024-05-10 21:40:00,159758308,0.09298250445921949,0.06382806940113657,0.12213693951730241,35.042492100000004,-84.95894145572973,Bradley,-1.14,35.0425,-84.9587,0.021999245565364076
2024-05-10 21:41:00,159758308,-0.6063152792955615,-0.7840850107136875,-0.4285455478774355,35.042492100000004,-84.95894145572973,Bradley,-0.31,35.0425,-84.9587,0.021999245565364076
2024-05-10 21:42:00,159758308,0.15228226333956793,0.04578293942559261,0.2587815872535433,35.042492100000004,-84.95894145572973,Bradley,-0.96,35.0425,-84.9587,0.021999245565364076
2024-05-10 21:43:00,159758308,1.4087744830195024,0.9928424596697081,1.8247065063692967,35.042492100000004,-84.95894145572973,Bradley,-0.69,35.0425,-84.9587,0.021999245565364076
2024-05-10 21:44:00,159758308,-0.17427252825266895,-0.23823883330377954,-0.11030622320155838,35.042492100000004,-84.95894145572973,Bradley,-0.87,35.0425,-84.9587,0.021999245565364076
2024-05-10 21:45:00,159758308,0.21909552383679387,0.1530698432596148,0.28512120441397293,35.042492100000004,-84.95894145572973,Bradley,-0.89,35.0425,-84.9587,0.021999245565364076
2024-05-10 21:46:00,159758308,-0.021808235935501068,-0.05007340662008516,0.006456934749083022,35.042492100000004,-84.95894145572973,Bradley,-0.38,35.0425,-84.9587,0.021999245565364076
2024-05-10 21:47:00,159758308,-0.004823169976011891,-0.026811928419341192,0.01716558846731741,35.042492100000004,-84.95894145572973,Bradley,-0.64,35.0425,-84.9587,0.021999245565364076
2024-05-10 21:48:00,159758308,-0.6378890488399462,-0.8274662319679701,-0.4483118657119224,35.042492100000004,-84.95894145572973,Bradley,-0.76,35.0425,-84.9587,0.021999245565364076
2024-05-10 21:49:00,159758308,-0.17845025540360204,-0.23381817101993793,-0.12308233978726615,35.042492100000004,-84.95894145572973,Bradley,-0.56,35.0425,-84.9587,0.021999245565364076
2024-05-10 21:50:00,159758308,-0.17254174853942503,-0.22265476666749487,-0.12242873041135519,35.042492100000004,-84.95894145572973,Bradley,-0.51,35.0425,-84.9587,0.021999245565364076
2024-05-10 21:51:00,159758308,-0.3234520138071621,-0.4177043734710167,-0.2291996541433075,35.042492100000004,-84.95894145572973,Bradley,-0.39,35.0425,-84.9587,0.021999245565364076
2024-05-10 21:52:00,159758308,-0.5321180373129624,-0.6880382154084065,-0.37619785921751825,35.042492100000004,-84.95894145572973,Bradley,-0.2,35.0425,-84.9587,0.021999245565364076
2024-05-10 21:53:00,159758308,-0.3163820329575067,-0.4090793734263272,-0.22368469248868622,35.042492100000004,-84.95894145572973,Bradley,-0.05,35.0425,-84.9587,0.021999245565364076
2024-05-10 21:54:00,159758308,0.019887948565300313,0.013549154233634363,0.026226742896966262,35.042492100000004,-84.95894145572973,Bradley,0.06,35.0425,-84.9587,0.021999245565364076
2024-05-10 21:55:00,159758308,0.06147539848117277,0.03386093478888272,0.08908986217346282,35.042492100000004,-84.95894145572973,Bradley,0.19,35.0425,-84.9587,0.021999245565364076
2024-05-10 21:56:00,159758308,0.22821172163962677,0.1587462005118359,0.29767724276741764,35.042492100000004,-84.95894145572973,Bradley,0.15,35.0425,-84.9587,0.021999245565364076
2024-05-10 21:57:00,159758308,-0.04938706665449521,-0.06399286354453085,-0.03478126976445957,35.042492100000004,-84.95894145572973,Bradley,0.08,35.0425,-84.9587,0.021999245565364076
2024-05-10 21:58:00,159758308,0.3862716787680733,0.27287510222984324,0.4996682553063033,35.042492100000004,-84.95894145572973,Bradley,-0.24,35.0425,-84.9587,0.021999245565364076
2024-05-10 21:59:00,159758308,0.5849522357830363,0.41330471769379074,0.756599753872282,35.042492100000004,-84.95894145572973,Bradley,-0.32,35.0425,-84.9587,0.021999245565364076
2024-05-10 22:00:00,159758308,0.5328527577547074,0.3763586879577705,0.6893468275516443,35.042492100000004,-84.95894145572973,Bradley,-0.53,35.0425,-84.9587,0.021999245565364076
2024-05-10 22:01:00,159758308,0.08868701680843351,0.059672454860831295,0.11770157875603572,35.042492100000004,-84.95894145572973,Bradley,-0.37,35.0425,-84.9587,0.021999245565364076
2024-05-10 22:02:00,159758308,-0.28696193836163414,-0.37346440345449444,-0.20045947326877384,35.042492100000004,-84.95894145572973,Bradley,-0.54,35.0425,-84.9587,0.021999245565364076
2024-05-10 22:03:00,159758308,-0.5316292635129455,-0.6872554326548882,-0.37600309437100277,35.042492100000004,-84.95894145572973,Bradley,-0.39,35.0425,-84.9587,0.021999245565364076
2024-05-10 22:04:00,159758308,-1.6226048934515804,-2.096092399775631,-1.14911738712753,35.042492100000004,-84.95894145572973,Bradley,0.06,35.0425,-84.9587,0.021999245565364076
2024-05-10 22:05:00,159758308,-1.5346177286482852,-1.9829191300251627,-1.0863163272714076,35.042492100000004,-84.95894145572973,Bradley,-0.16,35.0425,-84.9587,0.021999245565364076
2024-05-10 22:06:00,159758308,-0.7068792162281439,-0.9133426414067459,-0.5004157910495418,35.042492100000004,-84.95894145572973,Bradley,-0.07,35.0425,-84.9587,0.021999245565364076
2024-05-10 22:07:00,159758308,-0.5650929474718392,-0.7304532475327288,-0.39973264741094966,35.042492100000004,-84.95894145572973,Bradley,0.1,35.0425,-84.9587,0.021999245565364076
2024-05-10 22:08:00,159758308,-0.9925060156775387,-1.2818552142732431,-0.7031568170818343,35.042492100000004,-84.95894145572973,Bradley,0.15,35.0425,-84.9587,0.021999245565364076
2024-05-10 22:09:00,159758308,0.07744705620915118,0.046195245540980555,0.1086988668773218,35.042492100000004,-84.95894145572973,Bradley,0.05,35.0425,-84.9587,0.021999245565364076
2024-05-10 22:10:00,159758308,0.6654524761474445,0.4698398726245464,0.8610650796703426,35.042492100000004,-84.95894145572973,Bradley,-0.08,35.0425,-84.9587,0.021999245565364076
2024-05-10 22:11:00,159758308,0.7018051301382818,0.4970242596338119,0.9065860006427517,35.042492100000004,-84.95894145572973,Bradley,-0.15,35.0425,-84.9587,0.021999245565364076
2024-05-10 22:12:00,159758308,1.049072429808339,0.7429346476601748,1.355210211956503,35.042492100000004,-84.95894145572973,Bradley,0.1,35.0425,-84.9587,0.021999245565364076
2024-05-10 22:13:00,159758308,0.43559498071830866,0.3087564579917913,0.562433503444826,35.042492100000004,-84.95894145572973,Bradley,0.11,35.0425,-84.9587,0.021999245565364076
2024-05-10 22:14:00,159758308,0.1314298915798903,0.08731084113465475,0.17554894202512583,35.042492100000004,-84.95894145572973,Bradley,0.04,35.0425,-84.9587,0.021999245565364076
2024-05-10 22:15:00,159758308,0.08595108617129707,0.0609627545212182,0.11093941782137594,35.042492100000004,-84.95894145572973,Bradley,0.05,35.0425,-84.9587,0.021999245565364076
2024-05-10 22:16:00,159758308,0.7070368322335239,0.5008923119787323,0.9131813524883154,35.042492100000004,-84.95894145572973,Bradley,0.06,35.0425,-84.9587,0.021999245565364076
2024-05-10 22:17:00,159758308,1.4195501639206456,1.0056446016275034,1.8334557262137878,35.042492100000004,-84.95894145572973,Bradley,-0.12,35.0425,-84.9587,0.021999245565364076
2024-05-10 22:18:00,159758308,0.6281620069245964,0.44393598679716534,0.8123880270520276,35.042492100000004,-84.95894145572973,Bradley,0.03,35.0425,-84.9587,0.021999245565364076
2024-05-10 22:19:00,159758308,0.19925080679692753,0.13890127557819815,0.2596003380156569,35.042492100000004,-84.95894145572973,Bradley,0.2,35.0425,-84.9587,0.021999245565364076
2024-05-10 22:20:00,159758308,0.007340188145076339,0.00316791355416846,0.011512462735984219,35.042492100000004,-84.95894145572973,Bradley,0.33,35.0425,-84.9587,0.021999245565364076
2024-05-10 22:21:00,159758308,0.2300595230276984,0.16212615902212407,0.2979928870332727,35.042492100000004,-84.95894145572973,Bradley,0.1,35.0425,-84.9587,0.021999245565364076
2024-05-10 22:22:00,159758308,0.8058995014080363,0.5705344568067354,1.0412645460093373,35.042492100000004,-84.95894145572973,Bradley,0.1,35.0425,-84.9587,0.021999245565364076
2024-05-10 22:23:00,159758308,0.4090045038773537,0.28942316840427834,0.528585839350429,35.042492100000004,-84.95894145572973,Bradley,0.04,35.0425,-84.9587,0.021999245565364076
2024-05-10 22:24:00,159758308,0.5473769084671318,0.38787318525693715,0.7068806316773265,35.042492100000004,-84.95894145572973,Bradley,-0.14,35.0425,-84.9587,0.021999245565364076
2024-05-10 22:25:00,159758308,-0.04093780209734364,-0.06937804542611188,-0.012497558768575407,35.042492100000004,-84.95894145572973,Bradley,-0.25,35.0425,-84.9587,0.021999245565364076
2024-05-10 22:26:00,159758308,-0.8827038106296234,-1.140100868583566,-0.6253067526756808,35.042492100000004,-84.95894145572973,Bradley,0.05,35.0425,-84.9587,0.021999245565364076
2024-05-10 22:27:00,159758308,-0.003519612827313852,-0.016342009765095977,0.009302784110468275,35.042492100000004,-84.95894145572973,Bradley,0.02,35.0425,-84.9587,0.021999245565364076
2024-05-10 22:28:00,159758308,0.10864571813135718,0.07385115581460205,0.1434402804481123,35.042492100000004,-84.95894145572973,Bradley,-0.12,35.0425,-84.9587,0.021999245565364076
2024-05-10 22:29:00,159758308,0.4073733424050101,0.28700591016631066,0.5277407746437096,35.042492100000004,-84.95894145572973,Bradley,-0.14,35.0425,-84.9587,0.021999245565364076
2024-05-10 22:30:00,159758308,0.012782464351282075,0.007016095823187281,0.018548832879376868,35.042492100000004,-84.95894145572973,Bradley,-0.36,35.0425,-84.9587,0.021999245565364076
2024-05-10 22:31:00,159758308,-0.6378507941219738,-0.8241744505712005,-0.451527137672747,35.042492100000004,-84.95894145572973,Bradley,-0.49,35.0425,-84.9587,0.021999245565364076
2024-05-10 22:32:00,159758308,-0.7170053878404505,-0.9270988670245677,-0.5069119086563334,35.042492100000004,-84.95894145572973,Bradley,-0.46,35.0425,-84.9587,0.021999245565364076
2024-05-10 22:33:00,159758308,-0.6832356661377774,-0.8825549486814319,-0.4839163835941229,35.042492100000004,-84.95894145572973,Bradley,-0.36,35.0425,-84.9587,0.021999245565364076
2024-05-10 22:34:00,159758308,-1.75445790601883,-2.2712045545287944,-1.2377112575088651,35.042492100000004,-84.95894145572973,Bradley,0.3,35.0425,-84.9587,0.021999245565364076
2024-05-10 22:35:00,159758308,-2.8109658708809686,-3.6341577314590325,-1.9877740103029047,35.042492100000004,-84.95894145572973,Bradley,0.47,35.0425,-84.9587,0.021999245565364076
2024-05-10 22:36:00,159758308,0.2885490166074731,0.18983221526017413,0.3872658179547721,35.042492100000004,-84.95894145572973,Bradley,-0.15,35.0425,-84.9587,0.021999245565364076
2024-05-10 22:37:00,159758308,3.0161714021519836,2.136539550453291,3.8958032538506764,35.042492100000004,-84.95894145572973,Bradley,0.34,35.0425,-84.9587,0.021999245565364076
2024-05-10 22:38:00,159758308,2.5596064328345665,1.8105983166168858,3.308614549052247,35.042492100000004,-84.95894145572973,Bradley,0.73,35.0425,-84.9587,0.021999245565364076
2024-05-10 22:39:00,159758308,0.6873407421612306,0.48497802047345795,0.8897034638490033,35.042492100000004,-84.95894145572973,Bradley,0.34,35.0425,-84.9587,0.021999245565364076
2024-05-10 22:40:00,159758308,1.0012195538416275,0.7087111725239869,1.2937279351592683,35.042492100000004,-84.95894145572973,Bradley,0.47,35.0425,-84.9587,0.021999245565364076
2024-05-10 22:41:00,159758308,1.2774156623024546,0.9050438566059893,1.64978746799892,35.042492100000004,-84.95894145572973,Bradley,0.14,35.0425,-84.9587,0.021999245565364076
2024-05-10 22:42:00,159758308,1.5762158761348353,1.1165108619067405,2.03592089036293,35.042492100000004,-84.95894145572973,Bradley,0.36,35.0425,-84.9587,0.021999245565364076
2024-05-10 22:43:00,159758308,0.7716666185062205,0.5459473127896186,0.9973859242228225,35.042492100000004,-84.95894145572973,Bradley,-0.07,35.0425,-84.9587,0.021999245565364076
2024-05-10 22:44:00,159758308,1.1731763171444183,0.83123158319817,1.5151210510906665,35.042492100000004,-84.95894145572973,Bradley,-0.55,35.0425,-84.9587,0.021999245565364076
2024-05-10 22:45:00,159758308,0.5153931731254203,0.36165677641464755,0.6691295698361931,35.042492100000004,-84.95894145572973,Bradley,-0.2,35.0425,-84.9587,0.021999245565364076
2024-05-10 22:46:00,159758308,0.34384621143661737,0.24176247152596536,0.44592995134726937,35.042492100000004,-84.95894145572973,Bradley,-0.51,35.0425,-84.9587,0.021999245565364076
2024-05-10 22:47:00,159758308,0.5192092864723437,0.3663135638336369,0.6721050091110504,35.042492100000004,-84.95894145572973,Bradley,-0.39,35.0425,-84.9587,0.021999245565364076
2024-05-10 22:48:00,159758308,0.654291456949815,0.4543293392100065,0.8542535746896236,35.042492100000004,-84.95894145572973,Bradley,-0.93,35.0425,-84.9587,0.021999245565364076
2024-05-10 22:49:00,159758308,1.0167489991383658,0.7201920366196767,1.313305961657055,35.042492100000004,-84.95894145572973,Bradley,-0.99,35.0425,-84.9587,0.021999245565364076
2024-05-10 22:50:00,159758308,-0.18554591042288374,-0.25560928831751056,-0.1154825325282569,35.042492100000004,-84.95894145572973,Bradley,-0.92,35.0425,-84.9587,0.021999245565364076
2024-05-10 22:51:00,159758308,0.18374832861360962,0.12452405394938071,0.24297260327783854,35.042492100000004,-84.95894145572973,Bradley,-0.85,35.0425,-84.9587,0.021999245565364076
2024-05-10 22:52:00,159758308,0.3963320949531355,0.26541106679686466,0.5272531231094063,35.042492100000004,-84.95894145572973,Bradley,-0.94,35.0425,-84.9587,0.021999245565364076
2024-05-10 22:53:00,159758308,0.8999667036188634,0.6328511135418773,1.1670822936958496,35.042492100000004,-84.95894145572973,Bradley,-0.98,35.0425,-84.9587,0.021999245565364076
2024-05-10 22:54:00,159758308,0.7913814254791527,0.55955997126042,1.0232028796978854,35.042492100000004,-84.95894145572973,Bradley,-0.69,35.0425,-84.9587,0.021999245565364076
2024-05-10 22:55:00,159758308,0.41179200860583387,0.28825924554262317,0.5353247716690446,35.042492100000004,-84.95894145572973,Bradley,-0.53,35.0425,-84.9587,0.021999245565364076
2024-05-10 22:56:00,159758308,0.41202580568048086,0.2904155231650347,0.533636088195927,35.042492100000004,-84.95894145572973,Bradley,-0.88,35.0425,-84.9587,0.021999245565364076
2024-05-10 22:57:00,159758308,0.3386975040192081,0.2364627591721092,0.440932248866307,35.042492100000004,-84.95894145572973,Bradley,-0.64,35.0425,-84.9587,0.021999245565364076
2024-05-10 22:58:00,159758308,-0.2973973492928295,-0.39437124106409494,-0.2004234575215641,35.042492100000004,-84.95894145572973,Bradley,-0.81,35.0425,-84.9587,0.021999245565364076
2024-05-10 22:59:00,159758308,0.01872103805099467,-0.017884475198080785,0.05532655130007012,35.042492100000004,-84.95894145572973,Bradley,-0.78,35.0425,-84.9587,0.021999245565364076
2024-05-10 23:00:00,159758308,0.36865989618359113,0.2609063376830646,0.47641345468411767,35.042492100000004,-84.95894145572973,Bradley,-0.99,35.0425,-84.9587,0.021999245565364076
2024-05-10 23:01:00,159758308,0.8502743175226967,0.5959666631056868,1.1045819719397065,35.042492100000004,-84.95894145572973,Bradley,-0.95,35.0425,-84.9587,0.021999245565364076
2024-05-10 23:02:00,159758308,1.1174626712760591,0.7801482652278668,1.4547770773242514,35.042492100000004,-84.95894145572973,Bradley,-0.66,35.0425,-84.9587,0.021999245565364076
2024-05-10 23:03:00,159758308,0.8693543917072966,0.6150874030140113,1.1236213804005817,35.042492100000004,-84.95894145572973,Bradley,-0.45,35.0425,-84.9587,0.021999245565364076
2024-05-10 23:04:00,159758308,-0.1407014889130275,-0.2001467158553919,-0.08125626197066309,35.042492100000004,-84.95894145572973,Bradley,-0.59,35.0425,-84.9587,0.021999245565364076
2024-05-10 23:05:00,159758308,0.47786726499453597,0.33810444847427756,0.6176300815147944,35.042492100000004,-84.95894145572973,Bradley,0.33,35.0425,-84.9587,0.021999245565364076
2024-05-10 23:06:00,159758308,-0.30403840116951075,-0.39602369173009583,-0.21205311060892568,35.042492100000004,-84.95894145572973,Bradley,0.06,35.0425,-84.9587,0.021999245565364076
2024-05-10 23:07:00,159758308,-0.12681369229940737,-0.1696065834617443,-0.08402080113707044,35.042492100000004,-84.95894145572973,Bradley,0.28,35.0425,-84.9587,0.021999245565364076
2024-05-10 23:08:00,159758308,-0.061237029926682285,-0.08508635063922058,-0.037387709214143985,35.042492100000004,-84.95894145572973,Bradley,0.59,35.0425,-84.9587,0.021999245565364076
2024-05-10 23:09:00,159758308,-0.23866794280903245,-0.3173074793559807,-0.1600284062620842,35.042492100000004,-84.95894145572973,Bradley,0.63,35.0425,-84.9587,0.021999245565364076
2024-05-10 23:10:00,159758308,0.05051193545148448,-0.04197855514600518,0.14300242604897415,35.042492100000004,-84.95894145572973,Bradley,0.28,35.0425,-84.9587,0.021999245565364076
2024-05-10 23:11:00,159758308,0.2749139263714891,0.1629080760265746,0.3869197767164036,35.042492100000004,-84.95894145572973,Bradley,0.26,35.0425,-84.9587,0.021999245565364076
2024-05-10 23:12:00,159758308,0.5634749206666106,0.3980549862484122,0.7288948550848091,35.042492100000004,-84.95894145572973,Bradley,0.68,35.0425,-84.9587,0.021999245565364076
2024-05-10 23:13:00,159758308,-0.2018634562694393,-0.2716063131062637,-0.13212059943261492,35.042492100000004,-84.95894145572973,Bradley,0.2,35.0425,-84.9587,0.021999245565364076
2024-05-10 23:14:00,159758308,-0.16211335644596922,-0.21485085023598577,-0.10937586265595266,35.042492100000004,-84.95894145572973,Bradley,-0.27,35.0425,-84.9587,0.021999245565364076
2024-05-10 23:15:00,159758308,0.03094853886679346,0.007296235730322179,0.054600842003264746,35.042492100000004,-84.95894145572973,Bradley,0.06,35.0425,-84.9587,0.021999245565364076
2024-05-10 23:16:00,159758308,0.7136491520258911,0.5051804894646506,0.9221178145871316,35.042492100000004,-84.95894145572973,Bradley,-0.7,35.0425,-84.9587,0.021999245565364076
2024-05-10 23:17:00,159758308,0.6249568197818595,0.4421400428365292,0.8077735967271897,35.042492100000004,-84.95894145572973,Bradley,-0.89,35.0425,-84.9587,0.021999245565364076
2024-05-10 23:18:00,159758308,0.7740190373865165,0.5481769604275039,0.999861114345529,35.042492100000004,-84.95894145572973,Bradley,-0.95,35.0425,-84.9587,0.021999245565364076
2024-05-10 23:19:00,159758308,0.33050245683948387,0.23249793500214355,0.4285069786768242,35.042492100000004,-84.95894145572973,Bradley,-1.04,35.0425,-84.9587,0.021999245565364076
2024-05-10 23:20:00,159758308,0.14594616149204565,0.09576595162804823,0.19612637135604305,35.042492100000004,-84.95894145572973,Bradley,-1.2,35.0425,-84.9587,0.021999245565364076
2024-05-10 23:21:00,159758308,-0.07263370865370976,-0.10600191150948907,-0.03926550579793045,35.042492100000004,-84.95894145572973,Bradley,-1.1,35.0425,-84.9587,0.021999245565364076
2024-05-10 23:22:00,159758308,0.09337199864647255,0.06164045633652662,0.12510354095641849,35.042492100000004,-84.95894145572973,Bradley,-0.93,35.0425,-84.9587,0.021999245565364076
2024-05-10 23:23:00,159758308,0.08029227138126786,0.0519364413180978,0.10864810144443793,35.042492100000004,-84.95894145572973,Bradley,-0.87,35.0425,-84.9587,0.021999245565364076
2024-05-10 23:24:00,159758308,0.44169258574310694,0.31215942445124145,0.5712257470349724,35.042492100000004,-84.95894145572973,Bradley,-0.82,35.0425,-84.9587,0.021999245565364076
2024-05-10 23:25:00,159758308,0.11986188240795226,0.08378797123060747,0.15593579358529705,35.042492100000004,-84.95894145572973,Bradley,-0.66,35.0425,-84.9587,0.021999245565364076
2024-05-10 23:26:00,159758308,-0.12507183021078513,-0.16183787211075182,-0.08830578831081845,35.042492100000004,-84.95894145572973,Bradley,-0.76,35.0425,-84.9587,0.021999245565364076
2024-05-10 23:27:00,159758308,-0.3507447027887525,-0.45389441585480395,-0.24759498972270114,35.042492100000004,-84.95894145572973,Bradley,-0.49,35.0425,-84.9587,0.021999245565364076
2024-05-10 23:28:00,159758308,0.07103537871842426,0.04996718155360591,0.09210357588324261,35.042492100000004,-84.95894145572973,Bradley,-0.32,35.0425,-84.9587,0.021999245565364076
2024-05-10 23:29:00,159758308,0.11713073361056238,0.08201727118089472,0.15224419604023004,35.042492100000004,-84.95894145572973,Bradley,-0.5,35.0425,-84.9587,0.021999245565364076
2024-05-10 23:30:00,159758308,0.13183273592489073,0.0932157685165643,0.17044970333321716,35.042492100000004,-84.95894145572973,Bradley,-0.42,35.0425,-84.9587,0.021999245565364076
2024-05-10 23:31:00,159758308,0.09410274790370712,0.06079255549201562,0.12741294031539863,35.042492100000004,-84.95894145572973,Bradley,-0.53,35.0425,-84.9587,0.021999245565364076
2024-05-10 23:32:00,159758308,0.4245020976063383,0.30062259423576176,0.5483816009769148,35.042492100000004,-84.95894145572973,Bradley,-0.43,35.0425,-84.9587,0.021999245565364076
2024-05-10 23:33:00,159758308,0.46023643714273704,0.32561233487986213,0.5948605394056119,35.042492100000004,-84.95894145572973,Bradley,-0.14,35.0425,-84.9587,0.021999245565364076
2024-05-10 23:34:00,159758308,0.07773128835322797,0.054901465921502746,0.1005611107849532,35.042492100000004,-84.95894145572973,Bradley,-0.22,35.0425,-84.9587,0.021999245565364076
2024-05-10 23:35:00,159758308,0.6810331466459314,0.47972679721868283,0.88233949607318,35.042492100000004,-84.95894145572973,Bradley,-0.06,35.0425,-84.9587,0.021999245565364076
2024-05-10 23:36:00,159758308,0.9005544799722596,0.6366604933420281,1.164448466602491,35.042492100000004,-84.95894145572973,Bradley,-0.11,35.0425,-84.9587,0.021999245565364076
2024-05-10 23:37:00,159758308,0.42723000378278414,0.3028479643373705,0.5516120432281978,35.042492100000004,-84.95894145572973,Bradley,-0.17,35.0425,-84.9587,0.021999245565364076
2024-05-10 23:38:00,159758308,0.6655912110688467,0.47027886776655886,0.8609035543711345,35.042492100000004,-84.95894145572973,Bradley,-0.21,35.0425,-84.9587,0.021999245565364076
2024-05-10 23:39:00,159758308,0.33710369425647274,0.23837389312681068,0.4358334953861348,35.042492100000004,-84.95894145572973,Bradley,-0.3,35.0425,-84.9587,0.021999245565364076
2024-05-10 23:40:00,159758308,-0.2783344322671486,-0.3605121233244922,-0.19615674120980503,35.042492100000004,-84.95894145572973,Bradley,-0.39,35.0425,-84.9587,0.021999245565364076
2024-05-10 23:41:00,159758308,-0.755738536062542,-0.9767338141877389,-0.5347432579373452,35.042492100000004,-84.95894145572973,Bradley,-0.29,35.0425,-84.9587,0.021999245565364076
2024-05-10 23:42:00,159758308,0.10090827044016897,0.06889696479202186,0.13291957608831606,35.042492100000004,-84.95894145572973,Bradley,-0.24,35.0425,-84.9587,0.021999245565364076
2024-05-10 23:43:00,159758308,0.6421120085007566,0.45473244669624147,0.8294915703052717,35.042492100000004,-84.95894145572973,Bradley,-0.2,35.0425,-84.9587,0.021999245565364076
2024-05-10 23:44:00,159758308,0.7464656252626933,0.5283147628448793,0.9646164876805073,35.042492100000004,-84.95894145572973,Bradley,0.01,35.0425,-84.9587,0.021999245565364076
2024-05-10 23:45:00,159758308,0.19760753680333726,0.13964933463558765,0.25556573897108686,35.042492100000004,-84.95894145572973,Bradley,0.01,35.0425,-84.9587,0.021999245565364076
2024-05-10 23:46:00,159758308,1.2168080394670477,0.8621309797801178,1.5714850991539777,35.042492100000004,-84.95894145572973,Bradley,-0.06,35.0425,-84.9587,0.021999245565364076
2024-05-10 23:47:00,159758308,0.6027178581561029,0.42698776305401565,0.7784479532581902,35.042492100000004,-84.95894145572973,Bradley,-0.26,35.0425,-84.9587,0.021999245565364076
2024-05-10 23:48:00,159758308,0.5397235021225623,0.38247205111928895,0.6969749531258356,35.042492100000004,-84.95894145572973,Bradley,-0.21,35.0425,-84.9587,0.021999245565364076
2024-05-10 23:49:00,159758308,0.3563287423293544,0.25247321721355903,0.4601842674451498,35.042492100000004,-84.95894145572973,Bradley,-0.23,35.0425,-84.9587,0.021999245565364076
2024-05-10 23:50:00,159758308,0.658266007218813,0.4664453458049852,0.8500866686326408,35.042492100000004,-84.95894145572973,Bradley,-0.33,35.0425,-84.9587,0.021999245565364076
2024-05-10 23:51:00,159758308,-0.01881470388426585,-0.03586417950353034,-0.0017652282650013618,35.042492100000004,-84.95894145572973,Bradley,-0.41,35.0425,-84.9587,0.021999245565364076
2024-05-10 23:52:00,159758308,0.17386243931783793,0.12219602035780391,0.22552885827787195,35.042492100000004,-84.95894145572973,Bradley,-0.47,35.0425,-84.9587,0.021999245565364076
2024-05-10 23:53:00,159758308,-0.3618287200004203,-0.46850709860400763,-0.255150341396833,35.042492100000004,-84.95894145572973,Bradley,-0.35,35.0425,-84.9587,0.021999245565364076
2024-05-10 23:54:00,159758308,0.44708617261054134,0.3166965307804222,0.5774758144406604,35.042492100000004,-84.95894145572973,Bradley,-0.31,35.0425,-84.9587,0.021999245565364076
2024-05-10 23:55:00,159758308,-0.5230157130022697,-0.6758460377295176,-0.3701853882750218,35.042492100000004,-84.95894145572973,Bradley,-0.41,35.0425,-84.9587,0.021999245565364076
2024-05-10 23:56:00,159758308,0.5370858967825319,0.3802025122770514,0.6939692812880125,35.042492100000004,-84.95894145572973,Bradley,-0.29,35.0425,-84.9587,0.021999245565364076
2024-05-10 23:57:00,159758308,-0.5478338306993947,-0.7078801803897418,-0.3877874810090477,35.042492100000004,-84.95894145572973,Bradley,-0.24,35.0425,-84.9587,0.021999245565364076
2024-05-10 23:58:00,159758308,1.174179805712004,0.8307642264261577,1.5175953849978505,35.042492100000004,-84.95894145572973,Bradley,-0.22,35.0425,-84.9587,0.021999245565364076
2024-05-10 23:59:00,159758308,-2.199163584398117,-2.84179660168778,-1.5565305671084542,35.042492100000004,-84.95894145572973,Bradley,-0.14,35.0425,-84.9587,0.021999245565364076
2024-05-11 00:00:00,159758308,-6.138237117518494,-7.930858490087256,-4.345615744949732,35.042492100000004,-84.95894145572973,Bradley,-0.25,35.0425,-84.9587,0.021999245565364076
2024-05-11 00:01:00,159758308,-0.8376266181909886,-1.082000279260251,-0.5932529571217263,35.042492100000004,-84.95894145572973,Bradley,-0.05,35.0425,-84.9587,0.021999245565364076
2024-05-11 00:02:00,159758308,-2.257967489071957,-2.916027503808267,-1.599907474335647,35.042492100000004,-84.95894145572973,Bradley,0.03,35.0425,-84.9587,0.021999245565364076
2024-05-11 00:03:00,159758308,-0.9053407526689644,-1.169699134014623,-0.6409823713233058,35.042492100000004,-84.95894145572973,Bradley,-0.01,35.0425,-84.9587,0.021999245565364076
2024-05-11 00:04:00,159758308,-1.4782141843897108,-1.9093521760995782,-1.0470761926798433,35.042492100000004,-84.95894145572973,Bradley,-0.0,35.0425,-84.9587,0.021999245565364076
2024-05-11 00:05:00,159758308,-0.45649962434852054,-0.5924179626194069,-0.32058128607763414,35.042492100000004,-84.95894145572973,Bradley,-0.02,35.0425,-84.9587,0.021999245565364076
2024-05-11 00:06:00,159758308,-1.211788298062374,-1.5652224944883373,-0.8583541016364106,35.042492100000004,-84.95894145572973,Bradley,0.11,35.0425,-84.9587,0.021999245565364076
2024-05-11 00:07:00,159758308,-0.5732416949499832,-0.7414150798275999,-0.40506831007236654,35.042492100000004,-84.95894145572973,Bradley,0.14,35.0425,-84.9587,0.021999245565364076
2024-05-11 00:08:00,159758308,-0.7472834224739409,-0.9661820586720842,-0.5283847862757975,35.042492100000004,-84.95894145572973,Bradley,0.07,35.0425,-84.9587,0.021999245565364076
2024-05-11 00:09:00,159758308,-0.5020350524861298,-0.6493675342646148,-0.35470257070764477,35.042492100000004,-84.95894145572973,Bradley,-0.09,35.0425,-84.9587,0.021999245565364076
2024-05-11 00:10:00,159758308,-0.7848817354572966,-1.0139561215197492,-0.5558073493948439,35.042492100000004,-84.95894145572973,Bradley,-0.02,35.0425,-84.9587,0.021999245565364076
2024-05-11 00:11:00,159758308,-0.6530042595725454,-0.8440213932343115,-0.46198712591077934,35.042492100000004,-84.95894145572973,Bradley,-0.05,35.0425,-84.9587,0.021999245565364076
2024-05-11 00:12:00,159758308,-0.8512045803211163,-1.0999923089826376,-0.602416851659595,35.042492100000004,-84.95894145572973,Bradley,-0.11,35.0425,-84.9587,0.021999245565364076
2024-05-11 00:13:00,159758308,-0.20929488673976546,-0.2756899696462761,-0.1428998038332548,35.042492100000004,-84.95894145572973,Bradley,0.14,35.0425,-84.9587,0.021999245565364076
2024-05-11 00:14:00,159758308,-0.5699150121364324,-0.7364690475907166,-0.4033609766821481,35.042492100000004,-84.95894145572973,Bradley,0.0,35.0425,-84.9587,0.021999245565364076
2024-05-11 00:15:00,159758308,-0.39527926929219903,-0.5109231696668536,-0.2796353689175445,35.042492100000004,-84.95894145572973,Bradley,0.09,35.0425,-84.9587,0.021999245565364076
2024-05-11 00:16:00,159758308,-0.5820218915496805,-0.7520001220122636,-0.41204366108709745,35.042492100000004,-84.95894145572973,Bradley,-0.03,35.0425,-84.9587,0.021999245565364076
2024-05-11 00:17:00,159758308,-0.7743119404631809,-1.0002641685122768,-0.5483597124140849,35.042492100000004,-84.95894145572973,Bradley,-0.01,35.0425,-84.9587,0.021999245565364076
2024-05-11 00:18:00,159758308,-0.7300441718855077,-0.9431268133681706,-0.5169615304028449,35.042492100000004,-84.95894145572973,Bradley,-0.21,35.0425,-84.9587,0.021999245565364076
2024-05-11 00:19:00,159758308,-0.2916089014952505,-0.38157351886273083,-0.20164428412777016,35.042492100000004,-84.95894145572973,Bradley,-0.19,35.0425,-84.9587,0.021999245565364076
2024-05-11 00:20:00,159758308,-0.19385362841895384,-0.2615168105524417,-0.12619044628546602,35.042492100000004,-84.95894145572973,Bradley,0.17,35.0425,-84.9587,0.021999245565364076
2024-05-11 00:21:00,159758308,-0.292382040838307,-0.3791769022543968,-0.2055871794222172,35.042492100000004,-84.95894145572973,Bradley,0.02,35.0425,-84.9587,0.021999245565364076
2024-05-11 00:22:00,159758308,-0.7159772717720242,-0.9249680641639182,-0.5069864793801302,35.042492100000004,-84.95894145572973,Bradley,-0.26,35.0425,-84.9587,0.021999245565364076
2024-05-11 00:23:00,159758308,-0.6886995234742771,-0.8897156444774865,-0.4876834024710677,35.042492100000004,-84.95894145572973,Bradley,-0.23,35.0425,-84.9587,0.021999245565364076
2024-05-11 00:24:00,159758308,-1.8890672284801615,-2.4400369060974243,-1.3380975508628987,35.042492100000004,-84.95894145572973,Bradley,-0.15,35.0425,-84.9587,0.021999245565364076
2024-05-11 00:25:00,159758308,-1.2018029957548755,-1.5521688866476542,-0.8514371048620968,35.042492100000004,-84.95894145572973,Bradley,-0.24,35.0425,-84.9587,0.021999245565364076
2024-05-11 00:26:00,159758308,-0.6457631175920477,-0.835109489066951,-0.4564167461171444,35.042492100000004,-84.95894145572973,Bradley,-0.32,35.0425,-84.9587,0.021999245565364076
2024-05-11 00:27:00,159758308,-0.7751223494241762,-1.0012445335100266,-0.5490001653383257,35.042492100000004,-84.95894145572973,Bradley,-0.14,35.0425,-84.9587,0.021999245565364076
2024-05-11 00:28:00,159758308,-1.2086129922873234,-1.5610037480914651,-0.8562222364831817,35.042492100000004,-84.95894145572973,Bradley,-0.18,35.0425,-84.9587,0.021999245565364076
2024-05-11 00:29:00,159758308,-1.49717538983692,-1.9336740618634498,-1.0606767178103902,35.042492100000004,-84.95894145572973,Bradley,-0.04,35.0425,-84.9587,0.021999245565364076
2024-05-11 00:30:00,159758308,-1.5663057697965703,-2.022899201874131,-1.1097123377190095,35.042492100000004,-84.95894145572973,Bradley,-0.08,35.0425,-84.9587,0.021999245565364076
2024-05-11 00:31:00,159758308,-0.49838591359490586,-0.6501133589910973,-0.3466584681987144,35.042492100000004,-84.95894145572973,Bradley,0.13,35.0425,-84.9587,0.021999245565364076
2024-05-11 00:32:00,159758308,0.25088778035946957,0.15733896916625845,0.3444365915526807,35.042492100000004,-84.95894145572973,Bradley,0.21,35.0425,-84.9587,0.021999245565364076
2024-05-11 00:33:00,159758308,1.295407529316577,0.913990698488007,1.676824360145147,35.042492100000004,-84.95894145572973,Bradley,0.16,35.0425,-84.9587,0.021999245565364076
2024-05-11 00:34:00,159758308,0.24707942467531102,0.17307750394226706,0.321081345408355,35.042492100000004,-84.95894145572973,Bradley,0.28,35.0425,-84.9587,0.021999245565364076
2024-05-11 00:35:00,159758308,-0.3149656232924933,-0.40719289272756,-0.22273835385742657,35.042492100000004,-84.95894145572973,Bradley,-0.44,35.0425,-84.9587,0.021999245565364076
2024-05-11 00:36:00,159758308,-0.7183626915034466,-0.9344016321464089,-0.5023237508604842,35.042492100000004,-84.95894145572973,Bradley,-0.36,35.0425,-84.9587,0.021999245565364076
2024-05-11 00:37:00,159758308,0.11574381537780556,0.08011764966031637,0.15136998109529476,35.042492100000004,-84.95894145572973,Bradley,-0.81,35.0425,-84.9587,0.021999245565364076
2024-05-11 00:38:00,159758308,0.2679782397969906,0.18782994907742398,0.3481265305165572,35.042492100000004,-84.95894145572973,Bradley,-0.39,35.0425,-84.9587,0.021999245565364076
2024-05-11 00:39:00,159758308,-0.07620479375945696,-0.09904879866636426,-0.05336078885254966,35.042492100000004,-84.95894145572973,Bradley,-0.49,35.0425,-84.9587,0.021999245565364076
2024-05-11 00:40:00,159758308,-0.3918163143073302,-0.5063099632368313,-0.2773226653778291,35.042492100000004,-84.95894145572973,Bradley,-0.5,35.0425,-84.9587,0.021999245565364076
2024-05-11 00:41:00,159758308,-0.2441334830247562,-0.3166977204486671,-0.1715692456008453,35.042492100000004,-84.95894145572973,Bradley,-0.39,35.0425,-84.9587,0.021999245565364076
2024-05-11 00:42:00,159758308,-0.13050350761285306,-0.17146537147144214,-0.089541643754264,35.042492100000004,-84.95894145572973,Bradley,-0.17,35.0425,-84.9587,0.021999245565364076
2024-05-11 00:43:00,159758308,-0.1445757026390173,-0.18952824572392027,-0.09962315955411435,35.042492100000004,-84.95894145572973,Bradley,-0.22,35.0425,-84.9587,0.021999245565364076
2024-05-11 00:44:00,159758308,-0.2778055977324311,-0.36104117214432374,-0.1945700233205384,35.042492100000004,-84.95894145572973,Bradley,-0.24,35.0425,-84.9587,0.021999245565364076
2024-05-11 00:45:00,159758308,0.11492237534872542,0.06222309938536825,0.1676216513120826,35.042492100000004,-84.95894145572973,Bradley,0.12,35.0425,-84.9587,0.021999245565364076
2024-05-11 00:46:00,159758308,-0.14156763683490972,-0.19741359717571103,-0.08572167649410842,35.042492100000004,-84.95894145572973,Bradley,0.33,35.0425,-84.9587,0.021999245565364076
2024-05-11 00:47:00,159758308,-0.18044861291347933,-0.23857517741240225,-0.1223220484145564,35.042492100000004,-84.95894145572973,Bradley,0.09,35.0425,-84.9587,0.021999245565364076
2024-05-11 00:48:00,159758308,-0.5204025709797411,-0.6728188325993891,-0.367986309360093,35.042492100000004,-84.95894145572973,Bradley,0.14,35.0425,-84.9587,0.021999245565364076
2024-05-11 00:49:00,159758308,0.2121538112206834,0.14539881953700004,0.2789088029043668,35.042492100000004,-84.95894145572973,Bradley,0.34,35.0425,-84.9587,0.021999245565364076
2024-05-11 00:50:00,159758308,0.016133786690820363,-0.010214834139134692,0.04248240752077542,35.042492100000004,-84.95894145572973,Bradley,0.42,35.0425,-84.9587,0.021999245565364076
2024-05-11 00:51:00,159758308,-0.0011175777900916423,-0.025279279294076792,0.023044123713893506,35.042492100000004,-84.95894145572973,Bradley,0.41,35.0425,-84.9587,0.021999245565364076
2024-05-11 00:52:00,159758308,-0.23752945449100538,-0.30763054665060524,-0.1674283623314055,35.042492100000004,-84.95894145572973,Bradley,0.15,35.0425,-84.9587,0.021999245565364076
2024-05-11 00:53:00,159758308,-0.011450659130432498,-0.02470272159620363,0.001801403335338632,35.042492100000004,-84.95894145572973,Bradley,0.41,35.0425,-84.9587,0.021999245565364076
2024-05-11 00:54:00,159758308,0.6562907174680565,0.46205118418633406,0.8505302507497788,35.042492100000004,-84.95894145572973,Bradley,-0.02,35.0425,-84.9587,0.021999245565364076
2024-05-11 00:55:00,159758308,0.37642478301529925,0.26642743704712923,0.48642212898346926,35.042492100000004,-84.95894145572973,Bradley,-0.28,35.0425,-84.9587,0.021999245565364076
2024-05-11 00:56:00,159758308,0.04033077524745713,0.02760766385044225,0.05305388664447201,35.042492100000004,-84.95894145572973,Bradley,-0.29,35.0425,-84.9587,0.021999245565364076
2024-05-11 00:57:00,159758308,-0.04270538966288563,-0.05547564949478356,-0.0299351298309877,35.042492100000004,-84.95894145572973,Bradley,-0.41,35.0425,-84.9587,0.021999245565364076
2024-05-11 00:58:00,159758308,0.22931683969401478,0.16018804917912344,0.29844563020890613,35.042492100000004,-84.95894145572973,Bradley,-0.42,35.0425,-84.9587,0.021999245565364076
2024-05-11 00:59:00,159758308,0.7420835719464526,0.5229386970760814,0.9612284468168237,35.042492100000004,-84.95894145572973,Bradley,-0.34,35.0425,-84.9587,0.021999245565364076
2024-05-11 01:00:00,159758308,0.6889073795813719,0.4869908299308987,0.8908239292318452,35.042492100000004,-84.95894145572973,Bradley,-0.32,35.0425,-84.9587,0.021999245565364076
2024-05-11 01:01:00,159758308,0.1641523082863988,0.11500389611166471,0.21330072046113285,35.042492100000004,-84.95894145572973,Bradley,-0.51,35.0425,-84.9587,0.021999245565364076
2024-05-11 01:02:00,159758308,-0.6678040741110457,-0.8676526769451409,-0.46795547127695053,35.042492100000004,-84.95894145572973,Bradley,-0.57,35.0425,-84.9587,0.021999245565364076
2024-05-11 01:03:00,159758308,-0.6417516260717888,-0.8305837084039378,-0.45291954373963983,35.042492100000004,-84.95894145572973,Bradley,-0.44,35.0425,-84.9587,0.021999245565364076
2024-05-11 01:04:00,159758308,-0.30647537446935946,-0.39568323957264356,-0.21726750936607536,35.042492100000004,-84.95894145572973,Bradley,-0.62,35.0425,-84.9587,0.021999245565364076
2024-05-11 01:05:00,159758308,0.20153184697062038,0.14199417110974144,0.2610695228314993,35.042492100000004,-84.95894145572973,Bradley,-0.36,35.0425,-84.9587,0.021999245565364076
2024-05-11 01:06:00,159758308,0.231264833964673,0.159209023259864,0.30332064466948205,35.042492100000004,-84.95894145572973,Bradley,-0.47,35.0425,-84.9587,0.021999245565364076
2024-05-11 01:07:00,159758308,0.3199142733114072,0.22062859205171387,0.41919995457110054,35.042492100000004,-84.95894145572973,Bradley,-0.17,35.0425,-84.9587,0.021999245565364076
2024-05-11 01:08:00,159758308,0.3979252479825151,0.2809748622412103,0.5148756337238198,35.042492100000004,-84.95894145572973,Bradley,-0.39,35.0425,-84.9587,0.021999245565364076
2024-05-11 01:09:00,159758308,0.0901609316879098,0.06179947259384595,0.11852239078197364,35.042492100000004,-84.95894145572973,Bradley,-0.22,35.0425,-84.9587,0.021999245565364076
2024-05-11 01:10:00,159758308,0.1641534165239366,0.11431087534811499,0.21399595769975824,35.042492100000004,-84.95894145572973,Bradley,-0.24,35.0425,-84.9587,0.021999245565364076
2024-05-11 01:11:00,159758308,0.3234319834398117,0.22898239751466898,0.41788156936495446,35.042492100000004,-84.95894145572973,Bradley,-0.1,35.0425,-84.9587,0.021999245565364076
2024-05-11 01:12:00,159758308,0.2585065850653581,0.1829862169188113,0.3340269532119049,35.042492100000004,-84.95894145572973,Bradley,-0.18,35.0425,-84.9587,0.021999245565364076
2024-05-11 01:13:00,159758308,0.03455845044616412,0.020620245201882558,0.04849665569044567,35.042492100000004,-84.95894145572973,Bradley,-0.29,35.0425,-84.9587,0.021999245565364076
2024-05-11 01:14:00,159758308,-0.2157019363126261,-0.2811055825952253,-0.15029829003002693,35.042492100000004,-84.95894145572973,Bradley,-0.43,35.0425,-84.9587,0.021999245565364076
2024-05-11 01:15:00,159758308,-0.456264677990501,-0.5913023798931691,-0.3212269760878329,35.042492100000004,-84.95894145572973,Bradley,-0.49,35.0425,-84.9587,0.021999245565364076
2024-05-11 01:16:00,159758308,-0.25216861563235543,-0.3259024098597668,-0.17843482140494407,35.042492100000004,-84.95894145572973,Bradley,-0.62,35.0425,-84.9587,0.021999245565364076
2024-05-11 01:17:00,159758308,-0.5921124353774377,-0.7664355765771179,-0.41778929417775756,35.042492100000004,-84.95894145572973,Bradley,-0.46,35.0425,-84.9587,0.021999245565364076
2024-05-11 01:18:00,159758308,-0.7112482990606086,-0.9196346845351643,-0.5028619135860529,35.042492100000004,-84.95894145572973,Bradley,-0.59,35.0425,-84.9587,0.021999245565364076
2024-05-11 01:19:00,159758308,-0.263539296953808,-0.34177974899726327,-0.18529884491035276,35.042492100000004,-84.95894145572973,Bradley,-0.67,35.0425,-84.9587,0.021999245565364076
2024-05-11 01:20:00,159758308,-0.5795051251471083,-0.7486924607885542,-0.41031778950566233,35.042492100000004,-84.95894145572973,Bradley,-0.73,35.0425,-84.9587,0.021999245565364076
2024-05-11 01:21:00,159758308,-0.43055734332969064,-0.5565846472714009,-0.3045300393879804,35.042492100000004,-84.95894145572973,Bradley,-0.59,35.0425,-84.9587,0.021999245565364076
2024-05-11 01:22:00,159758308,-0.4846536191261769,-0.6259874088709233,-0.34331982938143046,35.042492100000004,-84.95894145572973,Bradley,-0.58,35.0425,-84.9587,0.021999245565364076
2024-05-11 01:23:00,159758308,-0.1384063494951034,-0.179319264712889,-0.09749343427731778,35.042492100000004,-84.95894145572973,Bradley,-0.48,35.0425,-84.9587,0.021999245565364076
2024-05-11 01:24:00,159758308,0.009648158835659271,-0.0012976367965342132,0.020593954467852754,35.042492100000004,-84.95894145572973,Bradley,-0.44,35.0425,-84.9587,0.021999245565364076
2024-05-11 01:25:00,159758308,0.09394388000036777,0.06507337709818745,0.12281438290254809,35.042492100000004,-84.95894145572973,Bradley,-0.34,35.0425,-84.9587,0.021999245565364076
2024-05-11 01:26:00,159758308,-0.25887468411125586,-0.3349229899658895,-0.18282637825662224,35.042492100000004,-84.95894145572973,Bradley,-0.43,35.0425,-84.9587,0.021999245565364076
2024-05-11 01:27:00,159758308,0.5626464515383323,0.39814834507073305,0.7271445580059315,35.042492100000004,-84.95894145572973,Bradley,-0.29,35.0425,-84.9587,0.021999245565364076
2024-05-11 01:28:00,159758308,0.7834618779421655,0.5547345987712372,1.0121891571130937,35.042492100000004,-84.95894145572973,Bradley,-0.22,35.0425,-84.9587,0.021999245565364076
2024-05-11 01:29:00,159758308,0.9082632161020511,0.6427882236673463,1.1737382085367558,35.042492100000004,-84.95894145572973,Bradley,-0.07,35.0425,-84.9587,0.021999245565364076
2024-05-11 01:30:00,159758308,0.4767127277551278,0.3359371900858996,0.617488265424356,35.042492100000004,-84.95894145572973,Bradley,-0.27,35.0425,-84.9587,0.021999245565364076
2024-05-11 01:31:00,159758308,0.47503346056447543,0.3337649607703323,0.6163019603586186,35.042492100000004,-84.95894145572973,Bradley,-0.43,35.0425,-84.9587,0.021999245565364076
2024-05-11 01:32:00,159758308,0.7381597543291862,0.5231156568497288,0.9532038518086436,35.042492100000004,-84.95894145572973,Bradley,-0.64,35.0425,-84.9587,0.021999245565364076
2024-05-11 01:33:00,159758308,0.6161646377984197,0.43593594321348184,0.7963933323833575,35.042492100000004,-84.95894145572973,Bradley,-0.47,35.0425,-84.9587,0.021999245565364076
2024-05-11 01:34:00,159758308,0.7084090765803631,0.5006782372742016,0.9161399158865247,35.042492100000004,-84.95894145572973,Bradley,-0.14,35.0425,-84.9587,0.021999245565364076
2024-05-11 01:35:00,159758308,0.8285032784129119,0.5856412522161982,1.0713653046096256,35.042492100000004,-84.95894145572973,Bradley,-0.02,35.0425,-84.9587,0.021999245565364076
2024-05-11 01:36:00,159758308,0.670546592604657,0.47521964188543747,0.8658735433238764,35.042492100000004,-84.95894145572973,Bradley,-0.14,35.0425,-84.9587,0.021999245565364076
2024-05-11 01:37:00,159758308,0.6750586791253362,0.47830283781321514,0.8718145204374573,35.042492100000004,-84.95894145572973,Bradley,-0.03,35.0425,-84.9587,0.021999245565364076
2024-05-11 01:38:00,159758308,0.6144778181741762,0.43503496420845167,0.7939206721399008,35.042492100000004,-84.95894145572973,Bradley,0.04,35.0425,-84.9587,0.021999245565364076
2024-05-11 01:39:00,159758308,0.9088637987558843,0.6435336260247919,1.1741939714869767,35.042492100000004,-84.95894145572973,Bradley,-0.32,35.0425,-84.9587,0.021999245565364076
2024-05-11 01:40:00,159758308,0.5298879350201748,0.37560751847720175,0.6841683515631479,35.042492100000004,-84.95894145572973,Bradley,0.19,35.0425,-84.9587,0.021999245565364076
2024-05-11 01:41:00,159758308,0.42665946667997645,0.3021487525376673,0.5511701808222856,35.042492100000004,-84.95894145572973,Bradley,-0.05,35.0425,-84.9587,0.021999245565364076
2024-05-11 01:42:00,159758308,-0.001743412049889324,-0.022015232166904528,0.018528408067125877,35.042492100000004,-84.95894145572973,Bradley,-0.0,35.0425,-84.9587,0.021999245565364076
2024-05-11 01:43:00,159758308,0.3769316169825992,0.2660959643560555,0.4877672696091429,35.042492100000004,-84.95894145572973,Bradley,-0.03,35.0425,-84.9587,0.021999245565364076
2024-05-11 01:44:00,159758308,0.005431924679171903,-0.02284287080156993,0.03370672015991374,35.042492100000004,-84.95894145572973,Bradley,-0.02,35.0425,-84.9587,0.021999245565364076
2024-05-11 01:45:00,159758308,-0.03962173154070302,-0.0618065459431581,-0.017436917138247937,35.042492100000004,-84.95894145572973,Bradley,0.01,35.0425,-84.9587,0.021999245565364076
2024-05-11 01:46:00,159758308,-0.2911177470368191,-0.3820798031750049,-0.20015569089863325,35.042492100000004,-84.95894145572973,Bradley,0.0,35.0425,-84.9587,0.021999245565364076
2024-05-11 01:47:00,159758308,-0.18308080020332465,-0.24067570986500847,-0.12548589054164083,35.042492100000004,-84.95894145572973,Bradley,0.22,35.0425,-84.9587,0.021999245565364076
2024-05-11 01:48:00,159758308,-0.2863286011316829,-0.36988978277595835,-0.20276741948740745,35.042492100000004,-84.95894145572973,Bradley,0.25,35.0425,-84.9587,0.021999245565364076
2024-05-11 01:49:00,159758308,-0.35335168793607097,-0.4564604239836826,-0.25024295188845935,35.042492100000004,-84.95894145572973,Bradley,0.28,35.0425,-84.9587,0.021999245565364076
2024-05-11 01:50:00,159758308,-0.35915203902572296,-0.46467767218920164,-0.2536264058622443,35.042492100000004,-84.95894145572973,Bradley,0.09,35.0425,-84.9587,0.021999245565364076
2024-05-11 01:51:00,159758308,0.15831464653297328,0.11142089622930779,0.20520839683663877,35.042492100000004,-84.95894145572973,Bradley,0.1,35.0425,-84.9587,0.021999245565364076
2024-05-11 01:52:00,159758308,0.24744875509625083,0.17531694024490566,0.319580569947596,35.042492100000004,-84.95894145572973,Bradley,0.08,35.0425,-84.9587,0.021999245565364076
2024-05-11 01:53:00,159758308,0.14355189638323806,0.1013443413558352,0.18575945141064093,35.042492100000004,-84.95894145572973,Bradley,0.1,35.0425,-84.9587,0.021999245565364076
2024-05-11 01:54:00,159758308,-0.09798909067386097,-0.12908927396885597,-0.06688890737886596,35.042492100000004,-84.95894145572973,Bradley,0.09,35.0425,-84.9587,0.021999245565364076
2024-05-11 01:55:00,159758308,-0.3428946868958053,-0.44459898433397743,-0.24119038945763321,35.042492100000004,-84.95894145572973,Bradley,0.06,35.0425,-84.9587,0.021999245565364076
2024-05-11 01:56:00,159758308,-0.49828822450823806,-0.6459927213718649,-0.3505837276446112,35.042492100000004,-84.95894145572973,Bradley,0.02,35.0425,-84.9587,0.021999245565364076
2024-05-11 01:57:00,159758308,-0.09933995014080363,-0.12813867464558032,-0.07054122563602694,35.042492100000004,-84.95894145572973,Bradley,0.21,35.0425,-84.9587,0.021999245565364076
2024-05-11 01:58:00,159758308,0.029286890600700867,0.0204491773770716,0.03812460382433014,35.042492100000004,-84.95894145572973,Bradley,0.33,35.0425,-84.9587,0.021999245565364076
2024-05-11 01:59:00,159758308,0.3025619004024462,0.21227828615582212,0.39284551464907025,35.042492100000004,-84.95894145572973,Bradley,0.55,35.0425,-84.9587,0.021999245565364076
2024-05-11 02:00:00,159758308,0.2190410970599361,0.15507642502262417,0.28300576909724806,35.042492100000004,-84.95894145572973,Bradley,0.32,35.0425,-84.9587,0.021999245565364076
2024-05-11 02:01:00,159758308,0.5139457328093476,0.3603372195005996,0.6675542461180957,35.042492100000004,-84.95894145572973,Bradley,0.35,35.0425,-84.9587,0.021999245565364076
2024-05-11 02:02:00,159758308,0.24697894447188132,0.17276051880648904,0.32119737013727356,35.042492100000004,-84.95894145572973,Bradley,-0.17,35.0425,-84.9587,0.021999245565364076
2024-05-11 02:03:00,159758308,-0.20555754034969737,-0.2781412936727798,-0.13297378702661494,35.042492100000004,-84.95894145572973,Bradley,-1.75,35.0425,-84.9587,0.021999245565364076
2024-05-11 02:04:00,159758308,-1.003152648474277,-1.304387548835701,-0.7019177481128529,35.042492100000004,-84.95894145572973,Bradley,-1.15,35.0425,-84.9587,0.021999245565364076
2024-05-11 02:05:00,159758308,-1.9242096870796908,-2.5073182543235917,-1.3411011198357898,35.042492100000004,-84.95894145572973,Bradley,-1.05,35.0425,-84.9587,0.021999245565364076
2024-05-11 02:06:00,159758308,0.01881094839080677,0.008669840285585576,0.028952056496027966,35.042492100000004,-84.95894145572973,Bradley,-0.47,35.0425,-84.9587,0.021999245565364076
2024-05-11 02:07:00,159758308,0.30617405699657446,0.20092533144274638,0.41142278255040254,35.042492100000004,-84.95894145572973,Bradley,-0.73,35.0425,-84.9587,0.021999245565364076
2024-05-11 02:08:00,159758308,0.10570486616430944,0.0691925529816291,0.14221717934698977,35.042492100000004,-84.95894145572973,Bradley,-0.54,35.0425,-84.9587,0.021999245565364076
2024-05-11 02:09:00,159758308,1.7340866940568258,1.225362823398637,2.2428105647150147,35.042492100000004,-84.95894145572973,Bradley,-1.32,35.0425,-84.9587,0.021999245565364076
2024-05-11 02:10:00,159758308,0.9782772307918628,0.6926240444953502,1.2639304170883754,35.042492100000004,-84.95894145572973,Bradley,0.23,35.0425,-84.9587,0.021999245565364076
2024-05-11 02:11:00,159758308,2.139058034213181,1.515097959305428,2.7630181091209343,35.042492100000004,-84.95894145572973,Bradley,0.18,35.0425,-84.9587,0.021999245565364076
2024-05-11 02:12:00,159758308,2.0812182141055815,1.4732765252027096,2.6891599030084534,35.042492100000004,-84.95894145572973,Bradley,0.55,35.0425,-84.9587,0.021999245565364076
2024-05-11 02:13:00,159758308,1.4774073874621723,1.0452926296974838,1.9095221452268607,35.042492100000004,-84.95894145572973,Bradley,1.42,35.0425,-84.9587,0.021999245565364076
2024-05-11 02:14:00,159758308,2.0098766129371217,1.4206863031643777,2.5990669227098655,35.042492100000004,-84.95894145572973,Bradley,0.47,35.0425,-84.9587,0.021999245565364076
2024-05-11 02:15:00,159758308,0.8141914167577337,0.5765011025190496,1.0518817309964177,35.042492100000004,-84.95894145572973,Bradley,0.45,35.0425,-84.9587,0.021999245565364076
2024-05-11 02:16:00,159758308,0.26301727602765634,0.18575903239317876,0.34027551966213393,35.042492100000004,-84.95894145572973,Bradley,0.25,35.0425,-84.9587,0.021999245565364076
2024-05-11 02:17:00,159758308,0.6031222417199058,0.41187043523326194,0.7943740482065497,35.042492100000004,-84.95894145572973,Bradley,0.81,35.0425,-84.9587,0.021999245565364076
2024-05-11 02:18:00,159758308,3.036519628446537,2.142207551055443,3.9308317058376305,35.042492100000004,-84.95894145572973,Bradley,1.89,35.0425,-84.9587,0.021999245565364076
2024-05-11 02:19:00,159758308,2.6028792503782783,1.8410624268430587,3.364696073913498,35.042492100000004,-84.95894145572973,Bradley,1.95,35.0425,-84.9587,0.021999245565364076
2024-05-11 02:20:00,159758308,1.8835513250252185,1.3354756407524044,2.4316270092980323,35.042492100000004,-84.95894145572973,Bradley,0.84,35.0425,-84.9587,0.021999245565364076
2024-05-11 02:21:00,159758308,1.8141195044552791,1.2788497272388706,2.3493892816716877,35.042492100000004,-84.95894145572973,Bradley,1.87,35.0425,-84.9587,0.021999245565364076
2024-05-11 02:22:00,159758308,1.8597362033456624,1.3177991917812144,2.4016732149101103,35.042492100000004,-84.95894145572973,Bradley,1.37,35.0425,-84.9587,0.021999245565364076
2024-05-11 02:23:00,159758308,0.29971615163447796,0.1988866390532458,0.40054566421571014,35.042492100000004,-84.95894145572973,Bradley,0.43,35.0425,-84.9587,0.021999245565364076
2024-05-11 02:24:00,159758308,-0.543748292493275,-0.7111118221717305,-0.3763847628148196,35.042492100000004,-84.95894145572973,Bradley,0.52,35.0425,-84.9587,0.021999245565364076
2024-05-11 02:25:00,159758308,0.7237566067375588,0.5128288113834744,0.9346844020916433,35.042492100000004,-84.95894145572973,Bradley,-0.11,35.0425,-84.9587,0.021999245565364076
2024-05-11 02:26:00,159758308,1.0251085580237054,0.7201192198761961,1.3300978961712147,35.042492100000004,-84.95894145572973,Bradley,1.08,35.0425,-84.9587,0.021999245565364076
2024-05-11 02:27:00,159758308,0.6216772575865838,0.43976345255110716,0.8035910626220604,35.042492100000004,-84.95894145572973,Bradley,-0.07,35.0425,-84.9587,0.021999245565364076
2024-05-11 02:28:00,159758308,0.4182270103921486,0.2950456619124454,0.5414083588718518,35.042492100000004,-84.95894145572973,Bradley,-0.31,35.0425,-84.9587,0.021999245565364076
2024-05-11 02:29:00,159758308,-0.2613189225238526,-0.3655828390347545,-0.15705500601295064,35.042492100000004,-84.95894145572973,Bradley,-0.96,35.0425,-84.9587,0.021999245565364076
2024-05-11 02:30:00,159758308,-0.986104835659045,-1.2789128882314662,-0.6932967830866239,35.042492100000004,-84.95894145572973,Bradley,-0.1,35.0425,-84.9587,0.021999245565364076
2024-05-11 02:31:00,159758308,-0.7564059413353228,-0.9794704388835322,-0.5333414437871133,35.042492100000004,-84.95894145572973,Bradley,-0.37,35.0425,-84.9587,0.021999245565364076
2024-05-11 02:32:00,159758308,-0.9747279153707128,-1.261305053405852,-0.6881507773355735,35.042492100000004,-84.95894145572973,Bradley,-0.17,35.0425,-84.9587,0.021999245565364076
2024-05-11 02:33:00,159758308,-1.832997304766308,-2.3705653896421963,-1.2954292198904196,35.042492100000004,-84.95894145572973,Bradley,-0.02,35.0425,-84.9587,0.021999245565364076
2024-05-11 02:34:00,159758308,-2.0226323449058508,-2.6218725139391683,-1.4233921758725332,35.042492100000004,-84.95894145572973,Bradley,-0.11,35.0425,-84.9587,0.021999245565364076
2024-05-11 02:35:00,159758308,-0.927164987180565,-1.1987075240659881,-0.6556224502951418,35.042492100000004,-84.95894145572973,Bradley,-1.08,35.0425,-84.9587,0.021999245565364076
2024-05-11 02:36:00,159758308,-0.2394840571410558,-0.31052807770596885,-0.16844003657614276,35.042492100000004,-84.95894145572973,Bradley,-0.35,35.0425,-84.9587,0.021999245565364076
2024-05-11 02:37:00,159758308,-0.21949120568363314,-0.2885166851313855,-0.15046572623588078,35.042492100000004,-84.95894145572973,Bradley,0.45,35.0425,-84.9587,0.021999245565364076
2024-05-11 02:38:00,159758308,0.9341023899840283,0.6527147258284415,1.215490054139615,35.042492100000004,-84.95894145572973,Bradley,0.09,35.0425,-84.9587,0.021999245565364076
2024-05-11 02:39:00,159758308,1.0155005490290854,0.7136567736608733,1.3173443243972973,35.042492100000004,-84.95894145572973,Bradley,-2.25,35.0425,-84.9587,0.021999245565364076
2024-05-11 02:40:00,159758308,0.5776595402341123,0.4095719926178318,0.7457470878503927,35.042492100000004,-84.95894145572973,Bradley,-2.33,35.0425,-84.9587,0.021999245565364076
2024-05-11 02:41:00,159758308,-1.4568197818594486,-1.9006607329789476,-1.0129788307399497,35.042492100000004,-84.95894145572973,Bradley,-1.78,35.0425,-84.9587,0.021999245565364076
2024-05-11 02:42:00,159758308,-2.708070202168796,-3.5096183816223756,-1.9065220227152166,35.042492100000004,-84.95894145572973,Bradley,-1.54,35.0425,-84.9587,0.021999245565364076
2024-05-11 02:43:00,159758308,-2.3057415570359785,-2.9832638452077322,-1.628219268864225,35.042492100000004,-84.95894145572973,Bradley,-1.48,35.0425,-84.9587,0.021999245565364076
2024-05-11 02:44:00,159758308,-0.7917895852597512,-1.0223615194618294,-0.561217651057673,35.042492100000004,-84.95894145572973,Bradley,-0.98,35.0425,-84.9587,0.021999245565364076
2024-05-11 02:45:00,159758308,-0.10668930946457843,-0.1423554405838271,-0.07102317834532976,35.042492100000004,-84.95894145572973,Bradley,-0.82,35.0425,-84.9587,0.021999245565364076
2024-05-11 02:46:00,159758308,1.3253696752059516,0.9196575846399794,1.7310817657719237,35.042492100000004,-84.95894145572973,Bradley,-0.49,35.0425,-84.9587,0.021999245565364076
2024-05-11 02:47:00,159758308,1.9331005432498318,1.357412303311853,2.5087887831878106,35.042492100000004,-84.95894145572973,Bradley,-0.67,35.0425,-84.9587,0.021999245565364076
2024-05-11 02:48:00,159758308,-0.05946024480728632,-0.08332366747472847,-0.035596822139844164,35.042492100000004,-84.95894145572973,Bradley,-1.36,35.0425,-84.9587,0.021999245565364076
2024-05-11 02:49:00,159758308,-1.796675353059852,-2.325742527167955,-1.267608178951749,35.042492100000004,-84.95894145572973,Bradley,-2.47,35.0425,-84.9587,0.021999245565364076
2024-05-11 02:50:00,159758308,-0.47413094475033624,-0.615003871972156,-0.33325801752851647,35.042492100000004,-84.95894145572973,Bradley,-1.99,35.0425,-84.9587,0.021999245565364076
2024-05-11 02:51:00,159758308,-0.964473680754035,-1.250269189449155,-0.6786781720589148,35.042492100000004,-84.95894145572973,Bradley,-2.27,35.0425,-84.9587,0.021999245565364076
2024-05-11 02:52:00,159758308,-0.29730187668123736,-0.38385977827100465,-0.21074397509147008,35.042492100000004,-84.95894145572973,Bradley,-1.24,35.0425,-84.9587,0.021999245565364076
2024-05-11 02:53:00,159758308,-0.2809249990805733,-0.36709555185621523,-0.19475444630493133,35.042492100000004,-84.95894145572973,Bradley,-0.7,35.0425,-84.9587,0.021999245565364076
2024-05-11 02:54:00,159758308,-0.33533864127122565,-0.4345676183277121,-0.23610966421473917,35.042492100000004,-84.95894145572973,Bradley,-0.52,35.0425,-84.9587,0.021999245565364076
2024-05-11 02:55:00,159758308,-0.1294690704858776,-0.16855002318338963,-0.0903881177883656,35.042492100000004,-84.95894145572973,Bradley,-0.28,35.0425,-84.9587,0.021999245565364076
2024-05-11 02:56:00,159758308,-1.0001001518367518,-1.2957994849376686,-0.704400818735835,35.042492100000004,-84.95894145572973,Bradley,-0.07,35.0425,-84.9587,0.021999245565364076
2024-05-11 02:57:00,159758308,-1.2236397082002353,-1.5835287623739975,-0.863750654026473,35.042492100000004,-84.95894145572973,Bradley,0.11,35.0425,-84.9587,0.021999245565364076
2024-05-11 02:58:00,159758308,-0.9065934715450572,-1.1714407266817832,-0.6417462164083312,35.042492100000004,-84.95894145572973,Bradley,-0.18,35.0425,-84.9587,0.021999245565364076
2024-05-11 02:59:00,159758308,-1.2520818447377269,-1.619137562791528,-0.8850261266839257,35.042492100000004,-84.95894145572973,Bradley,-0.23,35.0425,-84.9587,0.021999245565364076
2024-05-11 03:00:00,159758308,-0.6744117967699227,-0.870954593369272,-0.4778690001705735,35.042492100000004,-84.95894145572973,Bradley,-0.17,35.0425,-84.9587,0.021999245565364076
2024-05-11 03:01:00,159758308,-0.28525919295351376,-0.368143845754653,-0.20237454015237455,35.042492100000004,-84.95894145572973,Bradley,-0.51,35.0425,-84.9587,0.021999245565364076
2024-05-11 03:02:00,159758308,0.43061595678169134,0.3029504974083803,0.5582814161550024,35.042492100000004,-84.95894145572973,Bradley,-0.33,35.0425,-84.9587,0.021999245565364076
2024-05-11 03:03:00,159758308,0.4714626371259247,0.3324497582804409,0.6104755159714085,35.042492100000004,-84.95894145572973,Bradley,-0.48,35.0425,-84.9587,0.021999245565364076
2024-05-11 03:04:00,159758308,1.1505150759709146,0.8082927567407943,1.492737395201035,35.042492100000004,-84.95894145572973,Bradley,-0.45,35.0425,-84.9587,0.021999245565364076
2024-05-11 03:05:00,159758308,1.2278913999453598,0.8659904914748888,1.5897923084158307,35.042492100000004,-84.95894145572973,Bradley,0.07,35.0425,-84.9587,0.021999245565364076
2024-05-11 03:06:00,159758308,0.5359678082443678,0.3795182964975665,0.6924173199911692,35.042492100000004,-84.95894145572973,Bradley,0.05,35.0425,-84.9587,0.021999245565364076
2024-05-11 03:07:00,159758308,-0.09554924416558087,-0.1298116392364454,-0.06128684909471635,35.042492100000004,-84.95894145572973,Bradley,0.11,35.0425,-84.9587,0.021999245565364076
2024-05-11 03:08:00,159758308,0.37513898119641054,0.26335054043233447,0.4869274219604866,35.042492100000004,-84.95894145572973,Bradley,-0.19,35.0425,-84.9587,0.021999245565364076
2024-05-11 03:09:00,159758308,0.6925937880905346,0.4864737902649937,0.8987137859160755,35.042492100000004,-84.95894145572973,Bradley,-0.03,35.0425,-84.9587,0.021999245565364076
2024-05-11 03:10:00,159758308,-0.23227058005316914,-0.3055201411402831,-0.1590210189660552,35.042492100000004,-84.95894145572973,Bradley,-0.22,35.0425,-84.9587,0.021999245565364076
2024-05-11 03:11:00,159758308,-1.3423468891854404,-1.7413155587515001,-0.9433782196193807,35.042492100000004,-84.95894145572973,Bradley,-0.08,35.0425,-84.9587,0.021999245565364076
2024-05-11 03:12:00,159758308,-2.00625341501345,-2.598933327499678,-1.4135735025272216,35.042492100000004,-84.95894145572973,Bradley,-0.4,35.0425,-84.9587,0.021999245565364076
2024-05-11 03:13:00,159758308,-2.021962476882986,-2.615229546014826,-1.4286954077511456,35.042492100000004,-84.95894145572973,Bradley,-1.01,35.0425,-84.9587,0.021999245565364076
2024-05-11 03:14:00,159758308,-0.98982490175269,-1.2793425349137304,-0.7003072685916497,35.042492100000004,-84.95894145572973,Bradley,-1.13,35.0425,-84.9587,0.021999245565364076
2024-05-11 03:15:00,159758308,-0.932855910074815,-1.204687253908085,-0.661024566241545,35.042492100000004,-84.95894145572973,Bradley,-0.99,35.0425,-84.9587,0.021999245565364076
2024-05-11 03:16:00,159758308,-0.5715840999600706,-0.7384031351883015,-0.4047650647318398,35.042492100000004,-84.95894145572973,Bradley,-0.97,35.0425,-84.9587,0.021999245565364076
2024-05-11 03:17:00,159758308,-0.016081124403850296,-0.03737250311854032,0.0052102543108397265,35.042492100000004,-84.95894145572973,Bradley,-0.89,35.0425,-84.9587,0.021999245565364076
2024-05-11 03:18:00,159758308,0.7807285537155346,0.5452143503892846,1.0162427570417847,35.042492100000004,-84.95894145572973,Bradley,-0.48,35.0425,-84.9587,0.021999245565364076
2024-05-11 03:19:00,159758308,1.2162757570822125,0.8568239325994458,1.5757275815649792,35.042492100000004,-84.95894145572973,Bradley,0.25,35.0425,-84.9587,0.021999245565364076
2024-05-11 03:20:00,159758308,2.0020733072041024,1.4121767654270598,2.5919698489811447,35.042492100000004,-84.95894145572973,Bradley,0.84,35.0425,-84.9587,0.021999245565364076
2024-05-11 03:21:00,159758308,1.817799838180901,1.2852960013774588,2.3503036749843433,35.042492100000004,-84.95894145572973,Bradley,1.16,35.0425,-84.9587,0.021999245565364076
2024-05-11 03:22:00,159758308,1.702450534843645,1.2052646069793396,2.19963646270795,35.042492100000004,-84.95894145572973,Bradley,1.35,35.0425,-84.9587,0.021999245565364076
2024-05-11 03:23:00,159758308,0.7835965082800942,0.5546812220532616,1.0125117945069266,35.042492100000004,-84.95894145572973,Bradley,1.25,35.0425,-84.9587,0.021999245565364076
2024-05-11 03:24:00,159758308,0.31804217278917285,0.22235797277091804,0.41372637280742763,35.042492100000004,-84.95894145572973,Bradley,1.09,35.0425,-84.9587,0.021999245565364076
2024-05-11 03:25:00,159758308,-0.5061503078765972,-0.6621944507392146,-0.35010616501397984,35.042492100000004,-84.95894145572973,Bradley,0.89,35.0425,-84.9587,0.021999245565364076
2024-05-11 03:26:00,159758308,-0.6910085979530934,-0.8961708078830726,-0.4858463880231143,35.042492100000004,-84.95894145572973,Bradley,0.58,35.0425,-84.9587,0.021999245565364076
2024-05-11 03:27:00,159758308,-0.6812955116215534,-0.8818198209299368,-0.4807712023131701,35.042492100000004,-84.95894145572973,Bradley,0.28,35.0425,-84.9587,0.021999245565364076
2024-05-11 03:28:00,159758308,-0.3381451912670225,-0.43707454069985163,-0.23921584183419342,35.042492100000004,-84.95894145572973,Bradley,-0.08,35.0425,-84.9587,0.021999245565364076
2024-05-11 03:29:00,159758308,-0.4569637706476967,-0.5915129748074335,-0.32241456648795996,35.042492100000004,-84.95894145572973,Bradley,-0.35,35.0425,-84.9587,0.021999245565364076
2024-05-11 03:30:00,159758308,-0.26966128320443844,-0.3488944378058053,-0.19042812860307157,35.042492100000004,-84.95894145572973,Bradley,-0.67,35.0425,-84.9587,0.021999245565364076
2024-05-11 03:31:00,159758308,-0.43758274840282446,-0.5669764607009637,-0.3081890361046851,35.042492100000004,-84.95894145572973,Bradley,-0.7,35.0425,-84.9587,0.021999245565364076
2024-05-11 03:32:00,159758308,-0.3133204241446705,-0.4056370711151921,-0.22100377717414885,35.042492100000004,-84.95894145572973,Bradley,-0.86,35.0425,-84.9587,0.021999245565364076
2024-05-11 03:33:00,159758308,-0.353062725259541,-0.45722470993832276,-0.24890074058075928,35.042492100000004,-84.95894145572973,Bradley,-0.83,35.0425,-84.9587,0.021999245565364076
2024-05-11 03:34:00,159758308,-0.17885435164656188,-0.2317081820147196,-0.12600052127840417,35.042492100000004,-84.95894145572973,Bradley,-0.77,35.0425,-84.9587,0.021999245565364076
2024-05-11 03:35:00,159758308,-0.011902242838815306,-0.01737227155576902,-0.0064322141218615915,35.042492100000004,-84.95894145572973,Bradley,-0.68,35.0425,-84.9587,0.021999245565364076
2024-05-11 03:36:00,159758308,0.2628255098877774,0.18566429925170463,0.3399867205238502,35.042492100000004,-84.95894145572973,Bradley,-0.61,35.0425,-84.9587,0.021999245565364076
2024-05-11 03:37:00,159758308,0.08080375378935147,0.05602016565123329,0.10558734192746963,35.042492100000004,-84.95894145572973,Bradley,-0.55,35.0425,-84.9587,0.021999245565364076
2024-05-11 03:38:00,159758308,0.1663887726835701,0.1177418181096104,0.2150357272575298,35.042492100000004,-84.95894145572973,Bradley,-0.5,35.0425,-84.9587,0.021999245565364076
2024-05-11 03:39:00,159758308,0.1745357141449857,0.12353217736417126,0.22553925092580013,35.042492100000004,-84.95894145572973,Bradley,-0.45,35.0425,-84.9587,0.021999245565364076
2024-05-11 03:40:00,159758308,0.160979218986424,0.1139458043962783,0.2080126335765697,35.042492100000004,-84.95894145572973,Bradley,-0.57,35.0425,-84.9587,0.021999245565364076
2024-05-11 03:41:00,159758308,-0.1509762259241552,-0.19951755500442284,-0.10243489684388754,35.042492100000004,-84.95894145572973,Bradley,-0.72,35.0425,-84.9587,0.021999245565364076
2024-05-11 03:42:00,159758308,-0.28563336678295226,-0.3725030449957185,-0.198763688570186,35.042492100000004,-84.95894145572973,Bradley,-0.8,35.0425,-84.9587,0.021999245565364076
2024-05-11 03:43:00,159758308,-0.2797686558244368,-0.3651120038100495,-0.19442530783882406,35.042492100000004,-84.95894145572973,Bradley,-0.82,35.0425,-84.9587,0.021999245565364076
2024-05-11 03:44:00,159758308,-0.26312489820632984,-0.34177108373325704,-0.18447871267940266,35.042492100000004,-84.95894145572973,Bradley,-0.98,35.0425,-84.9587,0.021999245565364076
2024-05-11 03:45:00,159758308,-0.3449505085743107,-0.44876983987354435,-0.24113117727507702,35.042492100000004,-84.95894145572973,Bradley,-0.99,35.0425,-84.9587,0.021999245565364076
2024-05-11 03:46:00,159758308,-0.25929720993401145,-0.33667400455036905,-0.18192041531765385,35.042492100000004,-84.95894145572973,Bradley,-1.01,35.0425,-84.9587,0.021999245565364076
2024-05-11 03:47:00,159758308,-0.12433472911062542,-0.16134258312175132,-0.08732687509949953,35.042492100000004,-84.95894145572973,Bradley,-0.9,35.0425,-84.9587,0.021999245565364076
2024-05-11 03:48:00,159758308,0.01738767232683255,0.01114633629938986,0.02362900835427524,35.042492100000004,-84.95894145572973,Bradley,-0.8,35.0425,-84.9587,0.021999245565364076
2024-05-11 03:49:00,159758308,-0.03501231764977461,-0.0484426036094702,-0.021582031690079023,35.042492100000004,-84.95894145572973,Bradley,-0.69,35.0425,-84.9587,0.021999245565364076
2024-05-11 03:50:00,159758308,-0.03951370146904684,-0.05301459559300678,-0.026012807345086906,35.042492100000004,-84.95894145572973,Bradley,-0.61,35.0425,-84.9587,0.021999245565364076
2024-05-11 03:51:00,159758308,-0.21020516021666946,-0.2733997721692815,-0.1470105482640574,35.042492100000004,-84.95894145572973,Bradley,-0.55,35.0425,-84.9587,0.021999245565364076
2024-05-11 03:52:00,159758308,-0.09731105452988399,-0.12651339136640455,-0.06810871769336344,35.042492100000004,-84.95894145572973,Bradley,-0.47,35.0425,-84.9587,0.021999245565364076
2024-05-11 03:53:00,159758308,0.01847527920197703,0.01204264669408913,0.02490791170986493,35.042492100000004,-84.95894145572973,Bradley,-0.5,35.0425,-84.9587,0.021999245565364076
2024-05-11 03:54:00,159758308,0.1952177662134331,0.13713318270663694,0.25330234972022925,35.042492100000004,-84.95894145572973,Bradley,-0.45,35.0425,-84.9587,0.021999245565364076
2024-05-11 03:55:00,159758308,0.2606195425458137,0.18414088282943591,0.3370982022621915,35.042492100000004,-84.95894145572973,Bradley,-0.46,35.0425,-84.9587,0.021999245565364076
2024-05-11 03:56:00,159758308,0.33949305438802957,0.2395751932079216,0.43941091556813755,35.042492100000004,-84.95894145572973,Bradley,-0.46,35.0425,-84.9587,0.021999245565364076
2024-05-11 03:57:00,159758308,0.4524019365753194,0.31985114382557184,0.5849527293250669,35.042492100000004,-84.95894145572973,Bradley,-0.43,35.0425,-84.9587,0.021999245565364076
2024-05-11 03:58:00,159758308,0.32187872696179387,0.22786398437579952,0.4158934695477882,35.042492100000004,-84.95894145572973,Bradley,-0.41,35.0425,-84.9587,0.021999245565364076
2024-05-11 03:59:00,159758308,0.055397736601326075,0.03851331300021561,0.07228216020243654,35.042492100000004,-84.95894145572973,Bradley,-0.41,35.0425,-84.9587,0.021999245565364076
2024-05-11 04:00:00,159758308,-0.059128248859910894,-0.0800236273773612,-0.03823287034246059,35.042492100000004,-84.95894145572973,Bradley,-0.32,35.0425,-84.9587,0.021999245565364076
2024-05-11 04:01:00,159758308,-0.18563422053631473,-0.2422249368193397,-0.12904350425328975,35.042492100000004,-84.95894145572973,Bradley,-0.33,35.0425,-84.9587,0.021999245565364076
2024-05-11 04:02:00,159758308,-0.15838027882271352,-0.20527793245174664,-0.11148262519368042,35.042492100000004,-84.95894145572973,Bradley,-0.42,35.0425,-84.9587,0.021999245565364076
2024-05-11 04:03:00,159758308,-0.009773521192457023,-0.012940273830829647,-0.006606768554084399,35.042492100000004,-84.95894145572973,Bradley,-0.37,35.0425,-84.9587,0.021999245565364076
2024-05-11 04:04:00,159758308,0.08404485603748109,0.05855685892582108,0.1095328531491411,35.042492100000004,-84.95894145572973,Bradley,-0.34,35.0425,-84.9587,0.021999245565364076
2024-05-11 04:05:00,159758308,-0.09392694859353984,-0.12157120003136337,-0.0662826971557163,35.042492100000004,-84.95894145572973,Bradley,-0.44,35.0425,-84.9587,0.021999245565364076
2024-05-11 04:06:00,159758308,-0.25422361639416613,-0.3290007180965972,-0.17944651469173506,35.042492100000004,-84.95894145572973,Bradley,-0.49,35.0425,-84.9587,0.021999245565364076
2024-05-11 04:07:00,159758308,-0.15944861980917954,-0.20588216535913229,-0.11301507425922679,35.042492100000004,-84.95894145572973,Bradley,-0.54,35.0425,-84.9587,0.021999245565364076
2024-05-11 04:08:00,159758308,0.01253324943496304,0.003172780492187959,0.021893718377738118,35.042492100000004,-84.95894145572973,Bradley,-0.58,35.0425,-84.9587,0.021999245565364076
2024-05-11 04:09:00,159758308,-0.09372307393241426,-0.1210508169790313,-0.06639533088579722,35.042492100000004,-84.95894145572973,Bradley,-0.44,35.0425,-84.9587,0.021999245565364076
2024-05-11 04:10:00,159758308,0.02424072513824032,0.012573083289592564,0.035908366986888075,35.042492100000004,-84.95894145572973,Bradley,-0.34,35.0425,-84.9587,0.021999245565364076
2024-05-11 04:11:00,159758308,0.016450300902909856,0.007336846278177203,0.025563755527642507,35.042492100000004,-84.95894145572973,Bradley,-0.32,35.0425,-84.9587,0.021999245565364076
2024-05-11 04:12:00,159758308,0.04805031156251313,0.0301685241293241,0.06593209899570217,35.042492100000004,-84.95894145572973,Bradley,-0.21,35.0425,-84.9587,0.021999245565364076
2024-05-11 04:13:00,159758308,0.12814045786136097,0.08783273625427772,0.1684481794684442,35.042492100000004,-84.95894145572973,Bradley,-0.13,35.0425,-84.9587,0.021999245565364076
2024-05-11 04:14:00,159758308,0.015856553021901074,0.0026060275471642136,0.029107078496637934,35.042492100000004,-84.95894145572973,Bradley,-0.04,35.0425,-84.9587,0.021999245565364076
2024-05-11 04:15:00,159758308,0.07068735108571159,0.04681749938344586,0.09455720278797732,35.042492100000004,-84.95894145572973,Bradley,-0.06,35.0425,-84.9587,0.021999245565364076
2024-05-11 04:16:00,159758308,-0.06711330554913417,-0.08711402675705124,-0.04711258434121709,35.042492100000004,-84.95894145572973,Bradley,-0.12,35.0425,-84.9587,0.021999245565364076
2024-05-11 04:17:00,159758308,0.07298572286312101,0.04877965184440648,0.09719179388183553,35.042492100000004,-84.95894145572973,Bradley,-0.21,35.0425,-84.9587,0.021999245565364076
2024-05-11 04:18:00,159758308,-0.08474544686764458,-0.10957370946610258,-0.05991718426918659,35.042492100000004,-84.95894145572973,Bradley,-0.45,35.0425,-84.9587,0.021999245565364076
2024-05-11 04:19:00,159758308,-0.13376156179072798,-0.17289654947489805,-0.09462657410655792,35.042492100000004,-84.95894145572973,Bradley,-0.22,35.0425,-84.9587,0.021999245565364076
2024-05-11 04:20:00,159758308,-0.09643140124569183,-0.12492778261341105,-0.06793501987797261,35.042492100000004,-84.95894145572973,Bradley,-0.17,35.0425,-84.9587,0.021999245565364076
2024-05-11 04:21:00,159758308,-0.05109234664291043,-0.06686506769017381,-0.03531962559564705,35.042492100000004,-84.95894145572973,Bradley,-0.23,35.0425,-84.9587,0.021999245565364076
2024-05-11 04:22:00,159758308,0.17012751463201917,0.12021557793968363,0.2200394513243547,35.042492100000004,-84.95894145572973,Bradley,-0.17,35.0425,-84.9587,0.021999245565364076
2024-05-11 04:23:00,159758308,0.47604253136558505,0.3367380147699686,0.6153470479612015,35.042492100000004,-84.95894145572973,Bradley,-0.12,35.0425,-84.9587,0.021999245565364076
2024-05-11 04:24:00,159758308,0.6493850020490081,0.458795755225722,0.8399742488722941,35.042492100000004,-84.95894145572973,Bradley,-0.26,35.0425,-84.9587,0.021999245565364076
2024-05-11 04:25:00,159758308,0.43951420120208473,0.3113236861387729,0.5677047162653965,35.042492100000004,-84.95894145572973,Bradley,-0.25,35.0425,-84.9587,0.021999245565364076
2024-05-11 04:26:00,159758308,0.36540331965576667,0.25893768354898217,0.47186895576255117,35.042492100000004,-84.95894145572973,Bradley,-0.25,35.0425,-84.9587,0.021999245565364076
2024-05-11 04:27:00,159758308,0.11828600967499579,0.08362220357028685,0.15294981577970473,35.042492100000004,-84.95894145572973,Bradley,-0.23,35.0425,-84.9587,0.021999245565364076
2024-05-11 04:28:00,159758308,-0.4013877104173672,-0.5194218864413794,-0.2833535343933549,35.042492100000004,-84.95894145572973,Bradley,-0.49,35.0425,-84.9587,0.021999245565364076
2024-05-11 04:29:00,159758308,-0.201052431620923,-0.2596788833957207,-0.14242597984612534,35.042492100000004,-84.95894145572973,Bradley,0.02,35.0425,-84.9587,0.021999245565364076
2024-05-11 04:30:00,159758308,0.2926141139878951,0.20208336488132528,0.38314486309446494,35.042492100000004,-84.95894145572973,Bradley,0.02,35.0425,-84.9587,0.021999245565364076
2024-05-11 04:31:00,159758308,0.14684393651227304,0.10396542043492418,0.1897224525896219,35.042492100000004,-84.95894145572973,Bradley,-0.18,35.0425,-84.9587,0.021999245565364076
2024-05-11 04:32:00,159758308,0.11479263972658876,0.08105938807145371,0.1485258913817238,35.042492100000004,-84.95894145572973,Bradley,-0.37,35.0425,-84.9587,0.021999245565364076
2024-05-11 04:33:00,159758308,0.2405457487022949,0.17049981626548114,0.3105916811391086,35.042492100000004,-84.95894145572973,Bradley,-0.26,35.0425,-84.9587,0.021999245565364076
2024-05-11 04:34:00,159758308,0.3915849799827673,0.27753871559532595,0.5056312443702087,35.042492100000004,-84.95894145572973,Bradley,-0.43,35.0425,-84.9587,0.021999245565364076
2024-05-11 04:35:00,159758308,0.11381656977660558,0.08009743081138916,0.14753570874182198,35.042492100000004,-84.95894145572973,Bradley,-0.6,35.0425,-84.9587,0.021999245565364076
2024-05-11 04:36:00,159758308,0.20631171651710659,0.14608305490414764,0.26654037813006554,35.042492100000004,-84.95894145572973,Bradley,-0.52,35.0425,-84.9587,0.021999245565364076
2024-05-11 04:37:00,159758308,-0.1631830519449815,-0.2151000767700434,-0.11126602711991962,35.042492100000004,-84.95894145572973,Bradley,-0.53,35.0425,-84.9587,0.021999245565364076
2024-05-11 04:38:00,159758308,-0.6417741191892232,-0.8327815247230602,-0.45076671365538623,35.042492100000004,-84.95894145572973,Bradley,-0.6,35.0425,-84.9587,0.021999245565364076
2024-05-11 04:39:00,159758308,-0.7296269820212676,-0.9449722084832769,-0.5142817555592584,35.042492100000004,-84.95894145572973,Bradley,-0.52,35.0425,-84.9587,0.021999245565364076
2024-05-11 04:40:00,159758308,-0.5641423259393914,-0.7296143316946682,-0.39867032018411463,35.042492100000004,-84.95894145572973,Bradley,-0.39,35.0425,-84.9587,0.021999245565364076
2024-05-11 04:41:00,159758308,-0.7195865141118863,-0.9300654375451964,-0.5091075906785762,35.042492100000004,-84.95894145572973,Bradley,-0.57,35.0425,-84.9587,0.021999245565364076
2024-05-11 04:42:00,159758308,-0.9724306620922999,-1.2570366713365164,-0.6878246528480834,35.042492100000004,-84.95894145572973,Bradley,-0.37,35.0425,-84.9587,0.021999245565364076
2024-05-11 04:43:00,159758308,-0.08380542093262867,-0.1168120767280654,-0.05079876513719195,35.042492100000004,-84.95894145572973,Bradley,-0.11,35.0425,-84.9587,0.021999245565364076
2024-05-11 04:44:00,159758308,0.24947691188214527,0.17446913681941603,0.32448468694487453,35.042492100000004,-84.95894145572973,Bradley,-0.31,35.0425,-84.9587,0.021999245565364076
2024-05-11 04:45:00,159758308,-0.22049091803442333,-0.2866185590857565,-0.15436327698309016,35.042492100000004,-84.95894145572973,Bradley,-0.5,35.0425,-84.9587,0.021999245565364076
2024-05-11 04:46:00,159758308,-0.21643312681258406,-0.2799536942631345,-0.15291255936203363,35.042492100000004,-84.95894145572973,Bradley,-0.54,35.0425,-84.9587,0.021999245565364076
2024-05-11 04:47:00,159758308,-0.05099984151690136,-0.0725567119985308,-0.02944297103527192,35.042492100000004,-84.95894145572973,Bradley,-0.64,35.0425,-84.9587,0.021999245565364076
2024-05-11 04:48:00,159758308,0.5875742437058675,0.409813919346373,0.765334568065362,35.042492100000004,-84.95894145572973,Bradley,-0.67,35.0425,-84.9587,0.021999245565364076
2024-05-11 04:49:00,159758308,0.7949540549344317,0.5586408269328436,1.0312672829360199,35.042492100000004,-84.95894145572973,Bradley,-0.55,35.0425,-84.9587,0.021999245565364076
2024-05-11 04:50:00,159758308,0.9153296670099192,0.6464874576046544,1.184171876415184,35.042492100000004,-84.95894145572973,Bradley,-0.42,35.0425,-84.9587,0.021999245565364076
2024-05-11 04:51:00,159758308,0.4628441611150807,0.3283049411083071,0.5973833811218543,35.042492100000004,-84.95894145572973,Bradley,-0.27,35.0425,-84.9587,0.021999245565364076
2024-05-11 04:52:00,159758308,0.14383412754287156,0.10174331692425476,0.18592493816148836,35.042492100000004,-84.95894145572973,Bradley,-0.11,35.0425,-84.9587,0.021999245565364076
2024-05-11 04:53:00,159758308,-0.03157576026736928,-0.04113902229998774,-0.02201249823475082,35.042492100000004,-84.95894145572973,Bradley,0.1,35.0425,-84.9587,0.021999245565364076
2024-05-11 04:54:00,159758308,0.16855656739923083,0.11682567583732502,0.22028745896113666,35.042492100000004,-84.95894145572973,Bradley,0.32,35.0425,-84.9587,0.021999245565364076
2024-05-11 04:55:00,159758308,0.07306605982315484,0.05068000017196893,0.09545211947434075,35.042492100000004,-84.95894145572973,Bradley,0.3,35.0425,-84.9587,0.021999245565364076
2024-05-11 04:56:00,159758308,-0.08041277169058927,-0.1041298574968154,-0.05669568588436315,35.042492100000004,-84.95894145572973,Bradley,0.29,35.0425,-84.9587,0.021999245565364076
2024-05-11 04:57:00,159758308,-0.19801898025071452,-0.25595910611470607,-0.14007885438672296,35.042492100000004,-84.95894145572973,Bradley,0.24,35.0425,-84.9587,0.021999245565364076
2024-05-11 04:58:00,159758308,-0.23324476189475454,-0.30132076348974934,-0.16516876029975974,35.042492100000004,-84.95894145572973,Bradley,0.14,35.0425,-84.9587,0.021999245565364076
2024-05-11 04:59:00,159758308,-0.07043718698446431,-0.09534371268565908,-0.04553066128326954,35.042492100000004,-84.95894145572973,Bradley,0.15,35.0425,-84.9587,0.021999245565364076
2024-05-11 05:00:00,159758308,-0.054469772369651566,-0.0725485739605198,-0.03639097077878334,35.042492100000004,-84.95894145572973,Bradley,0.08,35.0425,-84.9587,0.021999245565364076
2024-05-11 05:01:00,159758308,-0.3500096539803295,-0.45274477878580427,-0.24727452917485476,35.042492100000004,-84.95894145572973,Bradley,0.07,35.0425,-84.9587,0.021999245565364076
2024-05-11 05:02:00,159758308,-0.32958270177475624,-0.42569747449276263,-0.23346792905674985,35.042492100000004,-84.95894145572973,Bradley,0.02,35.0425,-84.9587,0.021999245565364076
2024-05-11 05:03:00,159758308,-0.31876072117203264,-0.4118537014585131,-0.2256677408855522,35.042492100000004,-84.95894145572973,Bradley,0.14,35.0425,-84.9587,0.021999245565364076
2024-05-11 05:04:00,159758308,-0.3261401055239156,-0.42138426522794686,-0.23089594581988432,35.042492100000004,-84.95894145572973,Bradley,0.04,35.0425,-84.9587,0.021999245565364076
2024-05-11 05:05:00,159758308,-0.4182475333095158,-0.5402669889882592,-0.2962280776307724,35.042492100000004,-84.95894145572973,Bradley,-0.1,35.0425,-84.9587,0.021999245565364076
2024-05-11 05:06:00,159758308,-0.05611662361232242,-0.08363553250633504,-0.028597714718309804,35.042492100000004,-84.95894145572973,Bradley,-0.08,35.0425,-84.9587,0.021999245565364076
2024-05-11 05:07:00,159758308,-0.03170464675379986,-0.04724660180456107,-0.016162691703038645,35.042492100000004,-84.95894145572973,Bradley,-0.15,35.0425,-84.9587,0.021999245565364076
2024-05-11 05:08:00,159758308,-0.12023736970410222,-0.15567519678014224,-0.08479954262806219,35.042492100000004,-84.95894145572973,Bradley,-0.08,35.0425,-84.9587,0.021999245565364076
2024-05-11 05:09:00,159758308,-0.09269333655351589,-0.12108282991560533,-0.06430384319142644,35.042492100000004,-84.95894145572973,Bradley,-0.09,35.0425,-84.9587,0.021999245565364076
2024-05-11 05:10:00,159758308,0.13462356536598435,0.09186000360013433,0.17738712713183438,35.042492100000004,-84.95894145572973,Bradley,0.18,35.0425,-84.9587,0.021999245565364076
2024-05-11 05:11:00,159758308,0.06400422722842762,0.04314890269325627,0.08485955176359897,35.042492100000004,-84.95894145572973,Bradley,0.13,35.0425,-84.9587,0.021999245565364076
2024-05-11 05:12:00,159758308,0.0275661241471086,0.013487849311079343,0.04164439898313786,35.042492100000004,-84.95894145572973,Bradley,-0.04,35.0425,-84.9587,0.021999245565364076
2024-05-11 05:13:00,159758308,-0.2318597933391476,-0.29966914393145394,-0.16405044274684125,35.042492100000004,-84.95894145572973,Bradley,0.14,35.0425,-84.9587,0.021999245565364076
2024-05-11 05:14:00,159758308,-0.4228394129329186,-0.5462256406073408,-0.29945318525849635,35.042492100000004,-84.95894145572973,Bradley,-0.07,35.0425,-84.9587,0.021999245565364076
2024-05-11 05:15:00,159758308,-0.5525279965429556,-0.7137712523633682,-0.39128474072254293,35.042492100000004,-84.95894145572973,Bradley,-0.02,35.0425,-84.9587,0.021999245565364076
2024-05-11 05:16:00,159758308,-0.3259200998497394,-0.4220304533458362,-0.2298097463536426,35.042492100000004,-84.95894145572973,Bradley,0.08,35.0425,-84.9587,0.021999245565364076
2024-05-11 05:17:00,159758308,-0.08833053373376555,-0.11676252582368012,-0.059898541643850986,35.042492100000004,-84.95894145572973,Bradley,-0.15,35.0425,-84.9587,0.021999245565364076
2024-05-11 05:18:00,159758308,0.3525477642169637,0.24778179362770436,0.45731373480622306,35.042492100000004,-84.95894145572973,Bradley,-0.09,35.0425,-84.9587,0.021999245565364076
2024-05-11 05:19:00,159758308,0.16528390090419048,0.11713206360394904,0.21343573820443193,35.042492100000004,-84.95894145572973,Bradley,-0.13,35.0425,-84.9587,0.021999245565364076
2024-05-11 05:20:00,159758308,-0.14774009022202841,-0.19104149015277813,-0.1044386902912787,35.042492100000004,-84.95894145572973,Bradley,-0.17,35.0425,-84.9587,0.021999245565364076
2024-05-11 05:21:00,159758308,-0.11815293907878699,-0.15469781603954308,-0.08160806211803089,35.042492100000004,-84.95894145572973,Bradley,0.03,35.0425,-84.9587,0.021999245565364076
2024-05-11 05:22:00,159758308,-0.10208378210112642,-0.13326706483850206,-0.07090049936375077,35.042492100000004,-84.95894145572973,Bradley,0.15,35.0425,-84.9587,0.021999245565364076
2024-05-11 05:23:00,159758308,0.01845141874517301,0.004771292670253637,0.03213154482009238,35.042492100000004,-84.95894145572973,Bradley,0.1,35.0425,-84.9587,0.021999245565364076
2024-05-11 05:24:00,159758308,0.2726173221303379,0.1899894709753338,0.355245173285342,35.042492100000004,-84.95894145572973,Bradley,0.14,35.0425,-84.9587,0.021999245565364076
2024-05-11 05:25:00,159758308,0.21561984464315737,0.15198120341257343,0.2792584858737413,35.042492100000004,-84.95894145572973,Bradley,0.19,35.0425,-84.9587,0.021999245565364076
2024-05-11 05:26:00,159758308,-0.11945347635234532,-0.15452424302446494,-0.08438270968022571,35.042492100000004,-84.95894145572973,Bradley,0.04,35.0425,-84.9587,0.021999245565364076
2024-05-11 05:27:00,159758308,-0.451544571179388,-0.5833747649958643,-0.31971437736291175,35.042492100000004,-84.95894145572973,Bradley,0.07,35.0425,-84.9587,0.021999245565364076
2024-05-11 05:28:00,159758308,-0.2891087176099109,-0.37357372400296257,-0.20464371121685926,35.042492100000004,-84.95894145572973,Bradley,0.03,35.0425,-84.9587,0.021999245565364076
2024-05-11 05:29:00,159758308,0.08381418870773265,0.053501128371023714,0.11412724904444158,35.042492100000004,-84.95894145572973,Bradley,0.14,35.0425,-84.9587,0.021999245565364076
2024-05-11 05:30:00,159758308,0.05648614900097722,0.03829118013868368,0.07468111786327075,35.042492100000004,-84.95894145572973,Bradley,0.05,35.0425,-84.9587,0.021999245565364076
2024-05-11 05:31:00,159758308,-0.1705927691687332,-0.2206446170651438,-0.1205409212723226,35.042492100000004,-84.95894145572973,Bradley,-0.04,35.0425,-84.9587,0.021999245565364076
2024-05-11 05:32:00,159758308,-0.1916999739933591,-0.24775403105120627,-0.13564591693551195,35.042492100000004,-84.95894145572973,Bradley,-0.02,35.0425,-84.9587,0.021999245565364076
2024-05-11 05:33:00,159758308,-0.2354770806626177,-0.30416783167538897,-0.16678632964984638,35.042492100000004,-84.95894145572973,Bradley,-0.08,35.0425,-84.9587,0.021999245565364076
2024-05-11 05:34:00,159758308,-0.22990231748066578,-0.29706994848857865,-0.1627346864727529,35.042492100000004,-84.95894145572973,Bradley,-0.1,35.0425,-84.9587,0.021999245565364076
2024-05-11 05:35:00,159758308,-0.16619593935198806,-0.21477257224238244,-0.11761930646159369,35.042492100000004,-84.95894145572973,Bradley,-0.06,35.0425,-84.9587,0.021999245565364076
2024-05-11 05:36:00,159758308,-0.0950594442196957,-0.12322373645120083,-0.06689515198819057,35.042492100000004,-84.95894145572973,Bradley,-0.01,35.0425,-84.9587,0.021999245565364076
2024-05-11 05:37:00,159758308,0.02729657294370219,0.018273370796730706,0.036319775090673675,35.042492100000004,-84.95894145572973,Bradley,0.04,35.0425,-84.9587,0.021999245565364076
2024-05-11 05:38:00,159758308,0.18879786929430062,0.13307526668867997,0.24452047189992127,35.042492100000004,-84.95894145572973,Bradley,0.08,35.0425,-84.9587,0.021999245565364076
2024-05-11 05:39:00,159758308,0.21175299864450237,0.1499783200733789,0.2735276772156258,35.042492100000004,-84.95894145572973,Bradley,0.0,35.0425,-84.9587,0.021999245565364076
2024-05-11 05:40:00,159758308,0.05967674434946621,0.04134460958905759,0.07800887910987483,35.042492100000004,-84.95894145572973,Bradley,-0.07,35.0425,-84.9587,0.021999245565364076
2024-05-11 05:41:00,159758308,-0.19734443300268997,-0.25605204442046753,-0.1386368215849124,35.042492100000004,-84.95894145572973,Bradley,-0.21,35.0425,-84.9587,0.021999245565364076
2024-05-11 05:42:00,159758308,-0.16857828064580532,-0.21787559929982506,-0.11928096199178559,35.042492100000004,-84.95894145572973,Bradley,-0.16,35.0425,-84.9587,0.021999245565364076
2024-05-11 05:43:00,159758308,-0.13330074020416527,-0.17224238876652292,-0.09435909164180761,35.042492100000004,-84.95894145572973,Bradley,-0.13,35.0425,-84.9587,0.021999245565364076
2024-05-11 05:44:00,159758308,-0.03447437607047537,-0.04459815447351641,-0.024350597667434335,35.042492100000004,-84.95894145572973,Bradley,-0.23,35.0425,-84.9587,0.021999245565364076
2024-05-11 05:45:00,159758308,-0.146654345801635,-0.1894423888866293,-0.10386630271664071,35.042492100000004,-84.95894145572973,Bradley,-0.28,35.0425,-84.9587,0.021999245565364076
2024-05-11 05:46:00,159758308,-0.31984901043417957,-0.4133431515427282,-0.22635486932563093,35.042492100000004,-84.95894145572973,Bradley,-0.21,35.0425,-84.9587,0.021999245565364076
2024-05-11 05:47:00,159758308,-0.4698800739219065,-0.6070611027794273,-0.33269904506438575,35.042492100000004,-84.95894145572973,Bradley,-0.26,35.0425,-84.9587,0.021999245565364076
2024-05-11 05:48:00,159758308,0.09700598136322083,0.06621704660771387,0.1277949161187278,35.042492100000004,-84.95894145572973,Bradley,-0.07,35.0425,-84.9587,0.021999245565364076
2024-05-11 05:49:00,159758308,-0.40308372430859113,-0.5211340626500413,-0.285033385967141,35.042492100000004,-84.95894145572973,Bradley,-0.31,35.0425,-84.9587,0.021999245565364076
2024-05-11 05:50:00,159758308,-0.3560469216280683,-0.45986819231896925,-0.2522256509371673,35.042492100000004,-84.95894145572973,Bradley,-0.33,35.0425,-84.9587,0.021999245565364076
2024-05-11 05:51:00,159758308,-0.42046679950193344,-0.543110603535673,-0.2978229954681939,35.042492100000004,-84.95894145572973,Bradley,-0.33,35.0425,-84.9587,0.021999245565364076
2024-05-11 05:52:00,159758308,-0.39156511379875586,-0.5056387598246417,-0.27749146777287,35.042492100000004,-84.95894145572973,Bradley,-0.17,35.0425,-84.9587,0.021999245565364076
2024-05-11 05:53:00,159758308,-0.20273687058675186,-0.26180907005229803,-0.1436646711212057,35.042492100000004,-84.95894145572973,Bradley,-0.09,35.0425,-84.9587,0.021999245565364076
2024-05-11 05:54:00,159758308,0.35121122974634333,0.24331366012319133,0.45910879936949534,35.042492100000004,-84.95894145572973,Bradley,-0.25,35.0425,-84.9587,0.021999245565364076
2024-05-11 05:55:00,159758308,0.6572889521687962,0.462334062657494,0.8522438416800985,35.042492100000004,-84.95894145572973,Bradley,0.18,35.0425,-84.9587,0.021999245565364076
2024-05-11 05:56:00,159758308,0.3425576185009667,0.2422562082776744,0.44285902872425903,35.042492100000004,-84.95894145572973,Bradley,0.15,35.0425,-84.9587,0.021999245565364076
2024-05-11 05:57:00,159758308,0.27562934757481505,0.19499817437555936,0.3562605207740708,35.042492100000004,-84.95894145572973,Bradley,0.03,35.0425,-84.9587,0.021999245565364076
2024-05-11 05:58:00,159758308,-0.0579993447442943,-0.07568160710527258,-0.04031708238331602,35.042492100000004,-84.95894145572973,Bradley,0.39,35.0425,-84.9587,0.021999245565364076
2024-05-11 05:59:00,159758308,-0.0037306899902559243,-0.005518480218795048,-0.0019428997617168006,35.042492100000004,-84.95894145572973,Bradley,0.16,35.0425,-84.9587,0.021999245565364076
2024-05-11 06:00:00,159758308,-0.02254189014755485,-0.03255291517438075,-0.012530865120728952,35.042492100000004,-84.95894145572973,Bradley,-0.04,35.0425,-84.9587,0.021999245565364076
2024-05-11 06:01:00,159758308,-0.06377574558937878,-0.08277180080190347,-0.04477969037685409,35.042492100000004,-84.95894145572973,Bradley,-0.04,35.0425,-84.9587,0.021999245565364076
2024-05-11 06:02:00,159758308,0.21419563626954438,0.15029279404002516,0.2780984784990636,35.042492100000004,-84.95894145572973,Bradley,0.08,35.0425,-84.9587,0.021999245565364076
2024-05-11 06:03:00,159758308,0.22113870339820108,0.155733536857138,0.2865438699392642,35.042492100000004,-84.95894145572973,Bradley,0.03,35.0425,-84.9587,0.021999245565364076
2024-05-11 06:04:00,159758308,0.24543176277740417,0.17316703054828844,0.31769649500651986,35.042492100000004,-84.95894145572973,Bradley,-0.07,35.0425,-84.9587,0.021999245565364076
2024-05-11 06:05:00,159758308,0.399527020637189,0.2822694341615262,0.5167846071128517,35.042492100000004,-84.95894145572973,Bradley,-0.15,35.0425,-84.9587,0.021999245565364076
2024-05-11 06:06:00,159758308,0.561265998024546,0.3965975946125527,0.7259344014365394,35.042492100000004,-84.95894145572973,Bradley,-0.18,35.0425,-84.9587,0.021999245565364076
2024-05-11 06:07:00,159758308,0.30348239429219903,0.2150486714980203,0.39191611708637775,35.042492100000004,-84.95894145572973,Bradley,-0.25,35.0425,-84.9587,0.021999245565364076
2024-05-11 06:08:00,159758308,-0.028856295423373007,-0.04397475770217717,-0.01373783314456885,35.042492100000004,-84.95894145572973,Bradley,-0.44,35.0425,-84.9587,0.021999245565364076
2024-05-11 06:09:00,159758308,-0.20785877507407952,-0.2708448733572554,-0.14487267679090363,35.042492100000004,-84.95894145572973,Bradley,-0.33,35.0425,-84.9587,0.021999245565364076
2024-05-11 06:10:00,159758308,0.11269733195506892,0.07968970234450135,0.1457049615656365,35.042492100000004,-84.95894145572973,Bradley,-0.32,35.0425,-84.9587,0.021999245565364076
2024-05-11 06:11:00,159758308,-0.1537373792267359,-0.19946660991599002,-0.10800814853748177,35.042492100000004,-84.95894145572973,Bradley,-0.27,35.0425,-84.9587,0.021999245565364076
2024-05-11 06:12:00,159758308,-0.08180201927446726,-0.10910062580047421,-0.05450341274846031,35.042492100000004,-84.95894145572973,Bradley,-0.4,35.0425,-84.9587,0.021999245565364076
2024-05-11 06:13:00,159758308,0.2002991995077127,0.1363809986367282,0.2642174003786972,35.042492100000004,-84.95894145572973,Bradley,-0.09,35.0425,-84.9587,0.021999245565364076
2024-05-11 06:14:00,159758308,0.6472910077441997,0.45561973837877356,0.8389622771096258,35.042492100000004,-84.95894145572973,Bradley,-0.07,35.0425,-84.9587,0.021999245565364076
2024-05-11 06:15:00,159758308,0.3493320693405346,0.24726454546610274,0.4513995932149665,35.042492100000004,-84.95894145572973,Bradley,-0.15,35.0425,-84.9587,0.021999245565364076
2024-05-11 06:16:00,159758308,-0.2614068016560188,-0.3389866542410944,-0.1838269490709432,35.042492100000004,-84.95894145572973,Bradley,-0.19,35.0425,-84.9587,0.021999245565364076
2024-05-11 06:17:00,159758308,-0.20950738102618527,-0.27131049840691496,-0.1477042636454556,35.042492100000004,-84.95894145572973,Bradley,-0.08,35.0425,-84.9587,0.021999245565364076
2024-05-11 06:18:00,159758308,-0.36044178124474613,-0.466564671235764,-0.25431889125372825,35.042492100000004,-84.95894145572973,Bradley,-0.13,35.0425,-84.9587,0.021999245565364076
2024-05-11 06:19:00,159758308,-0.14244829702473522,-0.18403164702509298,-0.10086494702437745,35.042492100000004,-84.95894145572973,Bradley,-0.16,35.0425,-84.9587,0.021999245565364076
2024-05-11 06:20:00,159758308,-0.22374059886201245,-0.2901927586453743,-0.1572884390786506,35.042492100000004,-84.95894145572973,Bradley,-0.11,35.0425,-84.9587,0.021999245565364076
2024-05-11 06:21:00,159758308,-0.17022278201443763,-0.22068866868871065,-0.11975689534016462,35.042492100000004,-84.95894145572973,Bradley,-0.28,35.0425,-84.9587,0.021999245565364076
2024-05-11 06:22:00,159758308,-0.27391141520784296,-0.3542861036858337,-0.1935367267298522,35.042492100000004,-84.95894145572973,Bradley,-0.1,35.0425,-84.9587,0.021999245565364076
2024-05-11 06:23:00,159758308,-0.15605880850180734,-0.20145106887178682,-0.11066654813182786,35.042492100000004,-84.95894145572973,Bradley,-0.01,35.0425,-84.9587,0.021999245565364076
2024-05-11 06:24:00,159758308,0.145950204506767,0.1016816880741033,0.19021872093943068,35.042492100000004,-84.95894145572973,Bradley,0.18,35.0425,-84.9587,0.021999245565364076
2024-05-11 06:25:00,159758308,0.3783835723404926,0.2666652477225169,0.4901018969584683,35.042492100000004,-84.95894145572973,Bradley,0.18,35.0425,-84.9587,0.021999245565364076
2024-05-11 06:26:00,159758308,0.44938966485583387,0.31686012768662264,0.5819192020250451,35.042492100000004,-84.95894145572973,Bradley,0.26,35.0425,-84.9587,0.021999245565364076
2024-05-11 06:27:00,159758308,0.5892594214967216,0.4132198592523231,0.7652989837411202,35.042492100000004,-84.95894145572973,Bradley,0.14,35.0425,-84.9587,0.021999245565364076
2024-05-11 06:28:00,159758308,0.5536342638807162,0.39176868599082904,0.7154998417706034,35.042492100000004,-84.95894145572973,Bradley,0.16,35.0425,-84.9587,0.021999245565364076
2024-05-11 06:29:00,159758308,0.22466314504350202,0.15931381966134628,0.29001247042565775,35.042492100000004,-84.95894145572973,Bradley,-0.12,35.0425,-84.9587,0.021999245565364076
2024-05-11 06:30:00,159758308,0.416879229362811,0.2934126138951795,0.5403458448304426,35.042492100000004,-84.95894145572973,Bradley,-0.1,35.0425,-84.9587,0.021999245565364076
2024-05-11 06:31:00,159758308,0.32234246280262274,0.22834772774415896,0.4163371978610865,35.042492100000004,-84.95894145572973,Bradley,0.14,35.0425,-84.9587,0.021999245565364076
2024-05-11 06:32:00,159758308,0.209165469222848,0.148024666608989,0.270306271836707,35.042492100000004,-84.95894145572973,Bradley,0.02,35.0425,-84.9587,0.021999245565364076
2024-05-11 06:33:00,159758308,0.7928433139290518,0.559515299218989,1.0261713286391145,35.042492100000004,-84.95894145572973,Bradley,0.16,35.0425,-84.9587,0.021999245565364076
2024-05-11 06:34:00,159758308,0.3634482244556994,0.25749840129173684,0.469398047619662,35.042492100000004,-84.95894145572973,Bradley,0.01,35.0425,-84.9587,0.021999245565364076
2024-05-11 06:35:00,159758308,0.017482529250903666,-0.003070349024338278,0.038035407526145606,35.042492100000004,-84.95894145572973,Bradley,0.03,35.0425,-84.9587,0.021999245565364076
2024-05-11 06:36:00,159758308,0.08265297125872142,0.058512803041387756,0.1067931394760551,35.042492100000004,-84.95894145572973,Bradley,-0.0,35.0425,-84.9587,0.021999245565364076
2024-05-11 06:37:00,159758308,0.1489493005133028,0.10489068484889896,0.19300791617770663,35.042492100000004,-84.95894145572973,Bradley,0.01,35.0425,-84.9587,0.021999245565364076
2024-05-11 06:38:00,159758308,-0.38429294116719903,-0.50219683397461,-0.2663890483597881,35.042492100000004,-84.95894145572973,Bradley,-0.27,35.0425,-84.9587,0.021999245565364076
2024-05-11 06:39:00,159758308,-0.295067587713307,-0.38326193634813743,-0.20687323907847655,35.042492100000004,-84.95894145572973,Bradley,-0.24,35.0425,-84.9587,0.021999245565364076
2024-05-11 06:40:00,159758308,0.08202291769554892,0.05787002209749217,0.10617581329360568,35.042492100000004,-84.95894145572973,Bradley,-0.17,35.0425,-84.9587,0.021999245565364076
2024-05-11 06:41:00,159758308,0.08166464912707003,0.05760157522383405,0.105727723030306,35.042492100000004,-84.95894145572973,Bradley,-0.34,35.0425,-84.9587,0.021999245565364076
2024-05-11 06:42:00,159758308,0.21421147996175186,0.15053947295467335,0.27788348696883036,35.042492100000004,-84.95894145572973,Bradley,-0.2,35.0425,-84.9587,0.021999245565364076
2024-05-11 06:43:00,159758308,-0.390460898752732,-0.5074019303531999,-0.27351986715226406,35.042492100000004,-84.95894145572973,Bradley,-0.27,35.0425,-84.9587,0.021999245565364076
2024-05-11 06:44:00,159758308,-0.4042062457969065,-0.5229874312761422,-0.28542506031767084,35.042492100000004,-84.95894145572973,Bradley,-0.6,35.0425,-84.9587,0.021999245565364076
2024-05-11 06:45:00,159758308,-0.3045758553295225,-0.39349312541848225,-0.21565858524056283,35.042492100000004,-84.95894145572973,Bradley,-0.86,35.0425,-84.9587,0.021999245565364076
2024-05-11 06:46:00,159758308,-0.48241908388323806,-0.6245784074817706,-0.34025976028470545,35.042492100000004,-84.95894145572973,Bradley,-0.62,35.0425,-84.9587,0.021999245565364076
2024-05-11 06:47:00,159758308,-1.0204769460322798,-1.3222222772138281,-0.7187316148507314,35.042492100000004,-84.95894145572973,Bradley,-0.74,35.0425,-84.9587,0.021999245565364076
2024-05-11 06:48:00,159758308,-0.8269382828261601,-1.0693803563699587,-0.5844962092823615,35.042492100000004,-84.95894145572973,Bradley,-0.84,35.0425,-84.9587,0.021999245565364076
2024-05-11 06:49:00,159758308,-0.8857149330657363,-1.144271814689748,-0.6271580514417249,35.042492100000004,-84.95894145572973,Bradley,-0.95,35.0425,-84.9587,0.021999245565364076
2024-05-11 06:50:00,159758308,-0.5474391339525891,-0.7068245726027087,-0.3880536953024696,35.042492100000004,-84.95894145572973,Bradley,-0.26,35.0425,-84.9587,0.021999245565364076
2024-05-11 06:51:00,159758308,-0.16279508671507228,-0.2110983229038368,-0.11449185052630778,35.042492100000004,-84.95894145572973,Bradley,-0.43,35.0425,-84.9587,0.021999245565364076
2024-05-11 06:52:00,159758308,0.018338151481541196,0.003300190395665821,0.03337611256741657,35.042492100000004,-84.95894145572973,Bradley,-0.65,35.0425,-84.9587,0.021999245565364076
2024-05-11 06:53:00,159758308,0.932932091144082,0.6556372703386562,1.210226911949508,35.042492100000004,-84.95894145572973,Bradley,-0.28,35.0425,-84.9587,0.021999245565364076
2024-05-11 06:54:00,159758308,0.7516571024398958,0.5312720925801128,0.9720421122996789,35.042492100000004,-84.95894145572973,Bradley,-0.16,35.0425,-84.9587,0.021999245565364076
2024-05-11 06:55:00,159758308,0.9586156192207465,0.6760022525809487,1.2412289858605443,35.042492100000004,-84.95894145572973,Bradley,-0.27,35.0425,-84.9587,0.021999245565364076
2024-05-11 06:56:00,159758308,1.0722600427664761,0.7588942966981572,1.385625788834795,35.042492100000004,-84.95894145572973,Bradley,0.18,35.0425,-84.9587,0.021999245565364076
2024-05-11 06:57:00,159758308,1.492452163542367,1.0520384562689362,1.932865870815798,35.042492100000004,-84.95894145572973,Bradley,0.2,35.0425,-84.9587,0.021999245565364076
2024-05-11 06:58:00,159758308,2.190611602639543,1.5494648734514942,2.8317583318275914,35.042492100000004,-84.95894145572973,Bradley,0.38,35.0425,-84.9587,0.021999245565364076
2024-05-11 06:59:00,159758308,0.5692719059978144,0.4018581450056078,0.736685666990021,35.042492100000004,-84.95894145572973,Bradley,0.31,35.0425,-84.9587,0.021999245565364076
2024-05-11 07:00:00,159758308,0.17691099555522866,0.12446048742753843,0.22936150368291888,35.042492100000004,-84.95894145572973,Bradley,0.69,35.0425,-84.9587,0.021999245565364076
2024-05-11 07:01:00,159758308,0.43202793349655344,0.3061118726742944,0.5579439943188125,35.042492100000004,-84.95894145572973,Bradley,0.38,35.0425,-84.9587,0.021999245565364076
2024-05-11 07:02:00,159758308,0.8231367817964022,0.5826900624781375,1.0635835011146668,35.042492100000004,-84.95894145572973,Bradley,0.34,35.0425,-84.9587,0.021999245565364076
2024-05-11 07:03:00,159758308,0.7438588863903833,0.526938431447846,0.9607793413329206,35.042492100000004,-84.95894145572973,Bradley,0.68,35.0425,-84.9587,0.021999245565364076
2024-05-11 07:04:00,159758308,0.6021103798020343,0.4259326475832412,0.7782881120208274,35.042492100000004,-84.95894145572973,Bradley,0.68,35.0425,-84.9587,0.021999245565364076
2024-05-11 07:05:00,159758308,0.21592653912029253,0.15312120808697918,0.2787318701536059,35.042492100000004,-84.95894145572973,Bradley,0.73,35.0425,-84.9587,0.021999245565364076
2024-05-11 07:06:00,159758308,0.31137050071977973,0.22061923459843819,0.4021217668411213,35.042492100000004,-84.95894145572973,Bradley,0.7,35.0425,-84.9587,0.021999245565364076
2024-05-11 07:07:00,159758308,0.4622381604110625,0.32726403424866435,0.5972122865734607,35.042492100000004,-84.95894145572973,Bradley,0.75,35.0425,-84.9587,0.021999245565364076
2024-05-11 07:08:00,159758308,0.4485454341270175,0.31790199757539434,0.5791888706786406,35.042492100000004,-84.95894145572973,Bradley,0.38,35.0425,-84.9587,0.021999245565364076
2024-05-11 07:09:00,159758308,0.8046861865332885,0.5679450549194205,1.0414273181471565,35.042492100000004,-84.95894145572973,Bradley,-0.15,35.0425,-84.9587,0.021999245565364076
2024-05-11 07:10:00,159758308,0.3168263130726715,0.22316063356853505,0.41049199257680796,35.042492100000004,-84.95894145572973,Bradley,-0.17,35.0425,-84.9587,0.021999245565364076
2024-05-11 07:11:00,159758308,0.038884237939748656,0.016534552380777306,0.061233923498720005,35.042492100000004,-84.95894145572973,Bradley,-0.54,35.0425,-84.9587,0.021999245565364076
2024-05-11 07:12:00,159758308,0.29663627742518495,0.20876830327927554,0.38450425157109436,35.042492100000004,-84.95894145572973,Bradley,-0.87,35.0425,-84.9587,0.021999245565364076
2024-05-11 07:13:00,159758308,-0.17085349231096586,-0.22936844645796844,-0.11233853816396329,35.042492100000004,-84.95894145572973,Bradley,-0.91,35.0425,-84.9587,0.021999245565364076
2024-05-11 07:14:00,159758308,0.07343571861077253,0.04842554156906974,0.09844589565247532,35.042492100000004,-84.95894145572973,Bradley,-0.46,35.0425,-84.9587,0.021999245565364076
2024-05-11 07:15:00,159758308,-0.40817595265740586,-0.5298088493850449,-0.2865430559297668,35.042492100000004,-84.95894145572973,Bradley,-0.51,35.0425,-84.9587,0.021999245565364076
2024-05-11 07:16:00,159758308,-0.4425092336709818,-0.5755464851070617,-0.3094719822349019,35.042492100000004,-84.95894145572973,Bradley,0.03,35.0425,-84.9587,0.021999245565364076
2024-05-11 07:17:00,159758308,-0.44491337030304307,-0.5814317975329322,-0.308394943073154,35.042492100000004,-84.95894145572973,Bradley,-0.33,35.0425,-84.9587,0.021999245565364076
2024-05-11 07:18:00,159758308,-1.1093244315316073,-1.4414239130290758,-0.7772249500341388,35.042492100000004,-84.95894145572973,Bradley,-0.46,35.0425,-84.9587,0.021999245565364076
2024-05-11 07:19:00,159758308,-0.9037921754161062,-1.1709513016348885,-0.636633049197324,35.042492100000004,-84.95894145572973,Bradley,-0.78,35.0425,-84.9587,0.021999245565364076
2024-05-11 07:20:00,159758308,-0.6118352873339779,-0.7906080704775672,-0.4330625041903885,35.042492100000004,-84.95894145572973,Bradley,-0.95,35.0425,-84.9587,0.021999245565364076
2024-05-11 07:21:00,159758308,-0.37064766386810694,-0.4785267118675819,-0.262768615868632,35.042492100000004,-84.95894145572973,Bradley,-1.06,35.0425,-84.9587,0.021999245565364076
2024-05-11 07:22:00,159758308,-0.3140200914435525,-0.40548837658328335,-0.2225518063038216,35.042492100000004,-84.95894145572973,Bradley,-0.81,35.0425,-84.9587,0.021999245565364076
2024-05-11 07:23:00,159758308,-0.278816474550269,-0.3663778117833796,-0.19125513731715835,35.042492100000004,-84.95894145572973,Bradley,-0.54,35.0425,-84.9587,0.021999245565364076
2024-05-11 07:24:00,159758308,-1.0108640115374916,-1.312893249983707,-0.7088347730912764,35.042492100000004,-84.95894145572973,Bradley,-0.97,35.0425,-84.9587,0.021999245565364076
2024-05-11 07:25:00,159758308,-0.7098882042808508,-0.9188217545301594,-0.5009546540315422,35.042492100000004,-84.95894145572973,Bradley,-0.69,35.0425,-84.9587,0.021999245565364076
2024-05-11 07:26:00,159758308,-0.47750146451538333,-0.6172426914547152,-0.33776023757605145,35.042492100000004,-84.95894145572973,Bradley,-0.51,35.0425,-84.9587,0.021999245565364076
2024-05-11 07:27:00,159758308,-0.5668111261138198,-0.7326109349919905,-0.40101131723564903,35.042492100000004,-84.95894145572973,Bradley,-0.36,35.0425,-84.9587,0.021999245565364076
2024-05-11 07:28:00,159758308,-0.05865607810004413,-0.07773267929530044,-0.03957947690478783,35.042492100000004,-84.95894145572973,Bradley,-0.26,35.0425,-84.9587,0.021999245565364076
2024-05-11 07:29:00,159758308,-0.5080733873255716,-0.6567679821005287,-0.35937879255061456,35.042492100000004,-84.95894145572973,Bradley,-0.24,35.0425,-84.9587,0.021999245565364076
2024-05-11 07:30:00,159758308,-0.4719845759604069,-0.6092796851744597,-0.334689466746354,35.042492100000004,-84.95894145572973,Bradley,-0.15,35.0425,-84.9587,0.021999245565364076
2024-05-11 07:31:00,159758308,-0.17118937037659718,-0.22111406391481897,-0.12126467683837538,35.042492100000004,-84.95894145572973,Bradley,0.12,35.0425,-84.9587,0.021999245565364076
2024-05-11 07:32:00,159758308,-0.2365525636243275,-0.30671148402930815,-0.16639364321934688,35.042492100000004,-84.95894145572973,Bradley,0.04,35.0425,-84.9587,0.021999245565364076
2024-05-11 07:33:00,159758308,-0.7763197385150471,-1.0052594778387889,-0.5473799991913052,35.042492100000004,-84.95894145572973,Bradley,0.11,35.0425,-84.9587,0.021999245565364076
2024-05-11 07:34:00,159758308,-0.2205928758879035,-0.2846789672474752,-0.1565067845283318,35.042492100000004,-84.95894145572973,Bradley,0.07,35.0425,-84.9587,0.021999245565364076
2024-05-11 07:35:00,159758308,0.19249458030798167,0.13420327814097505,0.2507858824749883,35.042492100000004,-84.95894145572973,Bradley,0.03,35.0425,-84.9587,0.021999245565364076
2024-05-11 07:36:00,159758308,-0.004544832118020895,-0.012362003697197636,0.003272339461155846,35.042492100000004,-84.95894145572973,Bradley,-0.58,35.0425,-84.9587,0.021999245565364076
2024-05-11 07:37:00,159758308,0.5593281420750672,0.3960789342507911,0.7225773498993433,35.042492100000004,-84.95894145572973,Bradley,-0.02,35.0425,-84.9587,0.021999245565364076
2024-05-11 07:38:00,159758308,-0.2643736766822882,-0.341621122420554,-0.18712623094402236,35.042492100000004,-84.95894145572973,Bradley,-0.74,35.0425,-84.9587,0.021999245565364076
2024-05-11 07:39:00,159758308,0.2198921413973184,0.1544034284008612,0.28538085439377564,35.042492100000004,-84.95894145572973,Bradley,-0.23,35.0425,-84.9587,0.021999245565364076
2024-05-11 07:40:00,159758308,0.04920885077080794,0.03162595016540957,0.0667917513762063,35.042492100000004,-84.95894145572973,Bradley,-0.43,35.0425,-84.9587,0.021999245565364076
2024-05-11 07:41:00,159758308,-0.4807176519418292,-0.626807107844813,-0.3346281960388454,35.042492100000004,-84.95894145572973,Bradley,-0.52,35.0425,-84.9587,0.021999245565364076
2024-05-11 07:42:00,159758308,-0.2762471694792367,-0.3575635785012855,-0.19493076045718793,35.042492100000004,-84.95894145572973,Bradley,-0.57,35.0425,-84.9587,0.021999245565364076
2024-05-11 07:43:00,159758308,-0.032146705263159624,-0.04598776825886896,-0.018305642267450288,35.042492100000004,-84.95894145572973,Bradley,-0.46,35.0425,-84.9587,0.021999245565364076
2024-05-11 07:44:00,159758308,-0.7809272155556489,-1.0092349631136441,-0.5526194679976537,35.042492100000004,-84.95894145572973,Bradley,-0.84,35.0425,-84.9587,0.021999245565364076
2024-05-11 07:45:00,159758308,-0.27197881312521016,-0.353540944886532,-0.19041668136388834,35.042492100000004,-84.95894145572973,Bradley,-0.07,35.0425,-84.9587,0.021999245565364076
2024-05-11 07:46:00,159758308,0.43624358699878113,0.30076081717274716,0.5717263568248151,35.042492100000004,-84.95894145572973,Bradley,0.01,35.0425,-84.9587,0.021999245565364076
2024-05-11 07:47:00,159758308,0.6042815402761432,0.42516266947499853,0.7834004110772879,35.042492100000004,-84.95894145572973,Bradley,0.14,35.0425,-84.9587,0.021999245565364076
2024-05-11 07:48:00,159758308,0.10532874265772109,0.07359899005085813,0.13705849526458405,35.042492100000004,-84.95894145572973,Bradley,0.19,35.0425,-84.9587,0.021999245565364076
2024-05-11 07:49:00,159758308,0.34055129809915097,0.2412555962471207,0.43984699995118126,35.042492100000004,-84.95894145572973,Bradley,0.27,35.0425,-84.9587,0.021999245565364076
2024-05-11 07:50:00,159758308,0.34712470644019,0.24525236678015352,0.4489970461002265,35.042492100000004,-84.95894145572973,Bradley,0.13,35.0425,-84.9587,0.021999245565364076
2024-05-11 07:51:00,159758308,0.007341883851123802,0.00464960375291544,0.010034163949332164,35.042492100000004,-84.95894145572973,Bradley,-0.12,35.0425,-84.9587,0.021999245565364076
2024-05-11 07:52:00,159758308,0.31286136752900134,0.21875668571315682,0.40696604934484587,35.042492100000004,-84.95894145572973,Bradley,0.11,35.0425,-84.9587,0.021999245565364076
2024-05-11 07:53:00,159758308,0.07668178740490501,0.054401660640890144,0.09896191416891989,35.042492100000004,-84.95894145572973,Bradley,0.0,35.0425,-84.9587,0.021999245565364076
2024-05-11 07:54:00,159758308,-0.6503287278812205,-0.8424354026905356,-0.45822205307190544,35.042492100000004,-84.95894145572973,Bradley,-0.48,35.0425,-84.9587,0.021999245565364076
2024-05-11 07:55:00,159758308,-0.7137120342447041,-0.922569897397559,-0.5048541710918492,35.042492100000004,-84.95894145572973,Bradley,-0.43,35.0425,-84.9587,0.021999245565364076
2024-05-11 07:56:00,159758308,-0.2768209902488231,-0.3574641373961213,-0.19617784310152492,35.042492100000004,-84.95894145572973,Bradley,-0.36,35.0425,-84.9587,0.021999245565364076
2024-05-11 07:57:00,159758308,-0.16523247047326833,-0.21758334589670222,-0.11288159504983444,35.042492100000004,-84.95894145572973,Bradley,-0.13,35.0425,-84.9587,0.021999245565364076
2024-05-11 07:58:00,159758308,-0.22030350275302624,-0.29291049718750295,-0.14769650831854952,35.042492100000004,-84.95894145572973,Bradley,-0.43,35.0425,-84.9587,0.021999245565364076
2024-05-11 07:59:00,159758308,0.176332577652152,0.12369453729375933,0.22897061801054464,35.042492100000004,-84.95894145572973,Bradley,-0.79,35.0425,-84.9587,0.021999245565364076
2024-05-11 08:00:00,159758308,0.08625106965445317,0.059554054548820096,0.11294808476008625,35.042492100000004,-84.95894145572973,Bradley,-1.06,35.0425,-84.9587,0.021999245565364076
2024-05-11 08:01:00,159758308,0.6400301637630296,0.4512572456677201,0.8288030818583391,35.042492100000004,-84.95894145572973,Bradley,-0.65,35.0425,-84.9587,0.021999245565364076
2024-05-11 08:02:00,159758308,0.21436638694203933,0.15148570328188443,0.2772470706021942,35.042492100000004,-84.95894145572973,Bradley,-0.67,35.0425,-84.9587,0.021999245565364076
2024-05-11 08:03:00,159758308,0.49310413558128785,0.34945880147743547,0.6367494696851402,35.042492100000004,-84.95894145572973,Bradley,-0.46,35.0425,-84.9587,0.021999245565364076
2024-05-11 08:04:00,159758308,-0.08009829004899559,-0.11879480967814017,-0.041401770419851006,35.042492100000004,-84.95894145572973,Bradley,-0.59,35.0425,-84.9587,0.021999245565364076
2024-05-11 08:05:00,159758308,-0.48268005330047914,-0.6331255061191954,-0.33223460048176284,35.042492100000004,-84.95894145572973,Bradley,-0.72,35.0425,-84.9587,0.021999245565364076
2024-05-11 08:06:00,159758308,-0.827051240963349,-1.071778350861103,-0.5823241310655951,35.042492100000004,-84.95894145572973,Bradley,-0.77,35.0425,-84.9587,0.021999245565364076
2024-05-11 08:07:00,159758308,0.07466647796528245,0.052326609428078985,0.09700634650248591,35.042492100000004,-84.95894145572973,Bradley,-0.53,35.0425,-84.9587,0.021999245565364076
2024-05-11 08:08:00,159758308,-0.2628971759152236,-0.3400254925229557,-0.18576885930749149,35.042492100000004,-84.95894145572973,Bradley,-0.25,35.0425,-84.9587,0.021999245565364076
2024-05-11 08:09:00,159758308,0.7385546152593309,0.5226000753310731,0.9545091551875886,35.042492100000004,-84.95894145572973,Bradley,-0.63,35.0425,-84.9587,0.021999245565364076
2024-05-11 08:10:00,159758308,0.1473137881824773,0.10013433804263158,0.19449323832232304,35.042492100000004,-84.95894145572973,Bradley,-0.87,35.0425,-84.9587,0.021999245565364076
2024-05-11 08:11:00,159758308,0.12068460511936785,0.08402942796341313,0.15733978227532258,35.042492100000004,-84.95894145572973,Bradley,-0.65,35.0425,-84.9587,0.021999245565364076
2024-05-11 08:12:00,159758308,0.2061201145605666,0.14515451421187503,0.26708571490925814,35.042492100000004,-84.95894145572973,Bradley,-0.79,35.0425,-84.9587,0.021999245565364076
2024-05-11 08:13:00,159758308,0.11138111517264207,0.0785033198574181,0.14425891048786604,35.042492100000004,-84.95894145572973,Bradley,-0.52,35.0425,-84.9587,0.021999245565364076
2024-05-11 08:14:00,159758308,0.15227700947272194,0.10750486065424068,0.19704915829120317,35.042492100000004,-84.95894145572973,Bradley,-0.38,35.0425,-84.9587,0.021999245565364076
2024-05-11 08:15:00,159758308,-0.299038115490501,-0.38962410964787564,-0.2084521213331264,35.042492100000004,-84.95894145572973,Bradley,-0.52,35.0425,-84.9587,0.021999245565364076
2024-05-11 08:16:00,159758308,-0.15796514125021016,-0.2120824194651854,-0.10384786303523491,35.042492100000004,-84.95894145572973,Bradley,-0.23,35.0425,-84.9587,0.021999245565364076
2024-05-11 08:17:00,159758308,-0.11403870983418796,-0.150290979821336,-0.07778643984703991,35.042492100000004,-84.95894145572973,Bradley,-0.2,35.0425,-84.9587,0.021999245565364076
2024-05-11 08:18:00,159758308,-0.5019716777172999,-0.652409609617043,-0.3515337458175568,35.042492100000004,-84.95894145572973,Bradley,-0.31,35.0425,-84.9587,0.021999245565364076
2024-05-11 08:19:00,159758308,-0.9160533871679556,-1.1838324104672935,-0.6482743638686177,35.042492100000004,-84.95894145572973,Bradley,-0.67,35.0425,-84.9587,0.021999245565364076
2024-05-11 08:20:00,159758308,-0.2258729299764627,-0.2913178445534547,-0.16042801539947066,35.042492100000004,-84.95894145572973,Bradley,0.85,35.0425,-84.9587,0.021999245565364076
2024-05-11 08:21:00,159758308,-0.1834129020521604,-0.23680196542378923,-0.13002383868053158,35.042492100000004,-84.95894145572973,Bradley,0.42,35.0425,-84.9587,0.021999245565364076
2024-05-11 08:22:00,159758308,0.17804435314391392,0.11907001051464756,0.2370186957731803,35.042492100000004,-84.95894145572973,Bradley,0.12,35.0425,-84.9587,0.021999245565364076
2024-05-11 08:23:00,159758308,0.03804925535057083,0.0012935072500342912,0.07480500345110738,35.042492100000004,-84.95894145572973,Bradley,0.18,35.0425,-84.9587,0.021999245565364076
2024-05-11 08:24:00,159758308,-0.47110701601378613,-0.6157973355496583,-0.32641669647791394,35.042492100000004,-84.95894145572973,Bradley,-0.72,35.0425,-84.9587,0.021999245565364076
2024-05-11 08:25:00,159758308,-0.48631794563298586,-0.6276813810074093,-0.3449545102585624,35.042492100000004,-84.95894145572973,Bradley,0.16,35.0425,-84.9587,0.021999245565364076
2024-05-11 08:26:00,159758308,0.07154647119107789,0.030663473540199902,0.11242946884195587,35.042492100000004,-84.95894145572973,Bradley,-0.09,35.0425,-84.9587,0.021999245565364076
2024-05-11 08:27:00,159758308,0.3401139136842216,0.2362666097044133,0.44396121766402996,35.042492100000004,-84.95894145572973,Bradley,0.3,35.0425,-84.9587,0.021999245565364076
2024-05-11 08:28:00,159758308,-0.08355182373211058,-0.11271970394964417,-0.05438394351457698,35.042492100000004,-84.95894145572973,Bradley,0.46,35.0425,-84.9587,0.021999245565364076
2024-05-11 08:29:00,159758308,-0.3110590449258154,-0.4020366216825773,-0.22008146816905344,35.042492100000004,-84.95894145572973,Bradley,0.1,35.0425,-84.9587,0.021999245565364076
2024-05-11 08:30:00,159758308,0.06726454662330694,0.03683100570351893,0.09769808754309495,35.042492100000004,-84.95894145572973,Bradley,0.47,35.0425,-84.9587,0.021999245565364076
2024-05-11 08:31:00,159758308,0.2732610850023117,0.19328787423618632,0.3532342957684371,35.042492100000004,-84.95894145572973,Bradley,0.32,35.0425,-84.9587,0.021999245565364076
2024-05-11 08:32:00,159758308,-0.35363810577084737,-0.4677600998457011,-0.23951611169599363,35.042492100000004,-84.95894145572973,Bradley,0.08,35.0425,-84.9587,0.021999245565364076
2024-05-11 08:33:00,159758308,-1.3086889763365837,-1.6966072960461194,-0.9207706566270479,35.042492100000004,-84.95894145572973,Bradley,-0.13,35.0425,-84.9587,0.021999245565364076
2024-05-11 08:34:00,159758308,0.08178827918128993,0.053009899277714115,0.11056665908486575,35.042492100000004,-84.95894145572973,Bradley,0.24,35.0425,-84.9587,0.021999245565364076
2024-05-11 08:35:00,159758308,0.37741218161566914,0.26686788602644734,0.48795647720489094,35.042492100000004,-84.95894145572973,Bradley,0.21,35.0425,-84.9587,0.021999245565364076
2024-05-11 08:36:00,159758308,0.6232729554577169,0.43824440499164113,0.8083015059237926,35.042492100000004,-84.95894145572973,Bradley,0.19,35.0425,-84.9587,0.021999245565364076
2024-05-11 08:37:00,159758308,1.195081658225454,0.8455812595683685,1.5445820568825395,35.042492100000004,-84.95894145572973,Bradley,-0.0,35.0425,-84.9587,0.021999245565364076
2024-05-11 08:38:00,159758308,0.7036040869830195,0.4987255364188621,0.9084826375471768,35.042492100000004,-84.95894145572973,Bradley,-0.62,35.0425,-84.9587,0.021999245565364076
2024-05-11 08:39:00,159758308,0.10185138058486046,0.07127439619339344,0.13242836497632746,35.042492100000004,-84.95894145572973,Bradley,-0.69,35.0425,-84.9587,0.021999245565364076
2024-05-11 08:40:00,159758308,0.13488309817900976,0.09103400079090107,0.17873219556711845,35.042492100000004,-84.95894145572973,Bradley,-0.06,35.0425,-84.9587,0.021999245565364076
2024-05-11 08:41:00,159758308,0.031407941806693165,0.020416230416113033,0.0423996531972733,35.042492100000004,-84.95894145572973,Bradley,0.32,35.0425,-84.9587,0.021999245565364076
2024-05-11 08:42:00,159758308,-0.504210974277068,-0.6544057158238382,-0.3540162327302977,35.042492100000004,-84.95894145572973,Bradley,0.24,35.0425,-84.9587,0.021999245565364076
2024-05-11 08:43:00,159758308,-0.4120034767463853,-0.5331953740539227,-0.29081157943884794,35.042492100000004,-84.95894145572973,Bradley,0.37,35.0425,-84.9587,0.021999245565364076
2024-05-11 08:44:00,159758308,-0.5898792136012105,-0.7638062413606115,-0.4159521858418096,35.042492100000004,-84.95894145572973,Bradley,0.74,35.0425,-84.9587,0.021999245565364076
2024-05-11 08:45:00,159758308,0.09821664878162828,0.06805391105484898,0.12837938650840758,35.042492100000004,-84.95894145572973,Bradley,0.04,35.0425,-84.9587,0.021999245565364076
2024-05-11 08:46:00,159758308,1.104894108313719,0.7768651105009634,1.4329231061264744,35.042492100000004,-84.95894145572973,Bradley,0.71,35.0425,-84.9587,0.021999245565364076
2024-05-11 08:47:00,159758308,0.4520523902467216,0.3205172551551171,0.5835875253383261,35.042492100000004,-84.95894145572973,Bradley,0.62,35.0425,-84.9587,0.021999245565364076
2024-05-11 08:48:00,159758308,0.7592054314475454,0.5355649049780722,0.9828459579170186,35.042492100000004,-84.95894145572973,Bradley,0.78,35.0425,-84.9587,0.021999245565364076
2024-05-11 08:49:00,159758308,0.6433801606107095,0.45568305261750075,0.8310772686039182,35.042492100000004,-84.95894145572973,Bradley,1.14,35.0425,-84.9587,0.021999245565364076
2024-05-11 08:50:00,159758308,0.8046123040307667,0.5688675127175125,1.0403570953440209,35.042492100000004,-84.95894145572973,Bradley,1.27,35.0425,-84.9587,0.021999245565364076
2024-05-11 08:51:00,159758308,1.4632229320780095,1.0330557834782952,1.8933900806777237,35.042492100000004,-84.95894145572973,Bradley,0.94,35.0425,-84.9587,0.021999245565364076
2024-05-11 08:52:00,159758308,1.2228795393409548,0.862877925763031,1.5828811529188787,35.042492100000004,-84.95894145572973,Bradley,0.7,35.0425,-84.9587,0.021999245565364076
2024-05-11 08:53:00,159758308,1.0236249973730667,0.7223464518857802,1.324903542860353,35.042492100000004,-84.95894145572973,Bradley,1.37,35.0425,-84.9587,0.021999245565364076
2024-05-11 08:54:00,159758308,0.07197992871412112,0.04395392397423097,0.10000593345401126,35.042492100000004,-84.95894145572973,Bradley,1.59,35.0425,-84.9587,0.021999245565364076
2024-05-11 08:55:00,159758308,-0.4575467856842636,-0.5940845101152246,-0.3210090612533026,35.042492100000004,-84.95894145572973,Bradley,1.3,35.0425,-84.9587,0.021999245565364076
2024-05-11 08:56:00,159758308,0.33897677987874075,0.23516740441073494,0.4427861553467466,35.042492100000004,-84.95894145572973,Bradley,0.9,35.0425,-84.9587,0.021999245565364076
2024-05-11 08:57:00,159758308,0.31951612871448387,0.22609291518104957,0.4129393422479182,35.042492100000004,-84.95894145572973,Bradley,0.53,35.0425,-84.9587,0.021999245565364076
2024-05-11 08:58:00,159758308,-0.10280503950907868,-0.1338520527724106,-0.07175802624574676,35.042492100000004,-84.95894145572973,Bradley,0.24,35.0425,-84.9587,0.021999245565364076
2024-05-11 08:59:00,159758308,0.608280225495965,0.42763244034246295,0.7889280106494672,35.042492100000004,-84.95894145572973,Bradley,-0.01,35.0425,-84.9587,0.021999245565364076
2024-05-11 09:00:00,159758308,0.1247462956955069,0.0882619808198323,0.1612306105711815,35.042492100000004,-84.95894145572973,Bradley,0.03,35.0425,-84.9587,0.021999245565364076
2024-05-11 09:01:00,159758308,-0.2462355223131725,-0.31835944970304686,-0.17411159492329817,35.042492100000004,-84.95894145572973,Bradley,-0.11,35.0425,-84.9587,0.021999245565364076
2024-05-11 09:02:00,159758308,-0.9088526342888366,-1.1762840672540493,-0.6414212013236237,35.042492100000004,-84.95894145572973,Bradley,-0.24,35.0425,-84.9587,0.021999245565364076
2024-05-11 09:03:00,159758308,-0.340800692590997,-0.4402208278154707,-0.24138055736652325,35.042492100000004,-84.95894145572973,Bradley,-0.32,35.0425,-84.9587,0.021999245565364076
2024-05-11 09:04:00,159758308,0.37097422452925355,0.25643811667488264,0.48551033238362445,35.042492100000004,-84.95894145572973,Bradley,-0.7,35.0425,-84.9587,0.021999245565364076
2024-05-11 09:05:00,159758308,0.3234608797074647,0.229293246025631,0.41762851338929835,35.042492100000004,-84.95894145572973,Bradley,-0.66,35.0425,-84.9587,0.021999245565364076
2024-05-11 09:06:00,159758308,0.012098144346543743,-0.00016106138293781047,0.024357350076025297,35.042492100000004,-84.95894145572973,Bradley,-0.65,35.0425,-84.9587,0.021999245565364076
2024-05-11 09:07:00,159758308,0.885891922705111,0.6221306350414405,1.1496532103687813,35.042492100000004,-84.95894145572973,Bradley,-0.76,35.0425,-84.9587,0.021999245565364076
2024-05-11 09:08:00,159758308,-0.17031919868022866,-0.24066332148996222,-0.0999750758704951,35.042492100000004,-84.95894145572973,Bradley,-0.82,35.0425,-84.9587,0.021999245565364076
2024-05-11 09:09:00,159758308,-1.6841171664845327,-2.1885272528253807,-1.1797070801436844,35.042492100000004,-84.95894145572973,Bradley,-0.67,35.0425,-84.9587,0.021999245565364076
2024-05-11 09:10:00,159758308,-1.2793773248360794,-1.6543917860596047,-0.904362863612554,35.042492100000004,-84.95894145572973,Bradley,-0.47,35.0425,-84.9587,0.021999245565364076
2024-05-11 09:11:00,159758308,-0.817952200319435,-1.0562359776148298,-0.5796684230240402,35.042492100000004,-84.95894145572973,Bradley,-0.46,35.0425,-84.9587,0.021999245565364076
2024-05-11 09:12:00,159758308,-0.507164304177875,-0.6547308476971028,-0.35959776065864707,35.042492100000004,-84.95894145572973,Bradley,-0.47,35.0425,-84.9587,0.021999245565364076
2024-05-11 09:13:00,159758308,-0.3409406588874412,-0.44126803609427606,-0.2406132816806063,35.042492100000004,-84.95894145572973,Bradley,-0.31,35.0425,-84.9587,0.021999245565364076
2024-05-11 09:14:00,159758308,-0.34259168654379624,-0.4424906975986752,-0.24269267548891726,35.042492100000004,-84.95894145572973,Bradley,-0.24,35.0425,-84.9587,0.021999245565364076
2024-05-11 09:15:00,159758308,-0.25806460351693844,-0.33395521247214377,-0.1821739945617331,35.042492100000004,-84.95894145572973,Bradley,-0.24,35.0425,-84.9587,0.021999245565364076
2024-05-11 09:16:00,159758308,-0.2587361133731927,-0.33457439306047,-0.1828978336859154,35.042492100000004,-84.95894145572973,Bradley,-0.28,35.0425,-84.9587,0.021999245565364076
2024-05-11 09:17:00,159758308,-0.5765439144460323,-0.7451986206239553,-0.40788920826810926,35.042492100000004,-84.95894145572973,Bradley,-0.55,35.0425,-84.9587,0.021999245565364076
2024-05-11 09:18:00,159758308,0.1470247434142779,0.09876540606611584,0.19528408076243997,35.042492100000004,-84.95894145572973,Bradley,0.04,35.0425,-84.9587,0.021999245565364076
2024-05-11 09:19:00,159758308,0.5175337954984869,0.3625784669145432,0.6724891240824306,35.042492100000004,-84.95894145572973,Bradley,-0.25,35.0425,-84.9587,0.021999245565364076
2024-05-11 09:20:00,159758308,0.5614585850811197,0.39040175541008687,0.7325154147521524,35.042492100000004,-84.95894145572973,Bradley,0.09,35.0425,-84.9587,0.021999245565364076
2024-05-11 09:21:00,159758308,0.3088883770017233,0.21687201512029056,0.40090473888315603,35.042492100000004,-84.95894145572973,Bradley,-0.29,35.0425,-84.9587,0.021999245565364076
2024-05-11 09:22:00,159758308,0.16010124858145594,0.10704372241933434,0.21315877474357753,35.042492100000004,-84.95894145572973,Bradley,-0.16,35.0425,-84.9587,0.021999245565364076
2024-05-11 09:23:00,159758308,0.2923843394050521,0.2063568473903447,0.3784118314197595,35.042492100000004,-84.95894145572973,Bradley,-0.36,35.0425,-84.9587,0.021999245565364076
2024-05-11 09:24:00,159758308,0.10300538422841711,0.06294095548951326,0.14306981296732096,35.042492100000004,-84.95894145572973,Bradley,-0.39,35.0425,-84.9587,0.021999245565364076
2024-05-11 09:25:00,159758308,0.6280364066703094,0.4384034813465524,0.8176693319940663,35.042492100000004,-84.95894145572973,Bradley,-0.17,35.0425,-84.9587,0.021999245565364076
2024-05-11 09:26:00,159758308,0.07992592704480497,0.05594360250967069,0.10390825157993926,35.042492100000004,-84.95894145572973,Bradley,0.25,35.0425,-84.9587,0.021999245565364076
2024-05-11 09:27:00,159758308,-0.4795478456518998,-0.6223257355707847,-0.3367699557330148,35.042492100000004,-84.95894145572973,Bradley,-0.4,35.0425,-84.9587,0.021999245565364076
2024-05-11 09:28:00,159758308,-0.12594090393107452,-0.1702766499403367,-0.08160515792181233,35.042492100000004,-84.95894145572973,Bradley,-0.34,35.0425,-84.9587,0.021999245565364076
2024-05-11 09:29:00,159758308,-0.1729551211410348,-0.224337785069779,-0.12157245721229062,35.042492100000004,-84.95894145572973,Bradley,-0.08,35.0425,-84.9587,0.021999245565364076
2024-05-11 09:30:00,159758308,0.10860093712566199,0.07102507668634549,0.14617679756497848,35.042492100000004,-84.95894145572973,Bradley,0.01,35.0425,-84.9587,0.021999245565364076
2024-05-11 09:31:00,159758308,-0.3329959912995965,-0.4316192193459131,-0.23437276325327994,35.042492100000004,-84.95894145572973,Bradley,-0.04,35.0425,-84.9587,0.021999245565364076
2024-05-11 09:32:00,159758308,-0.18326259220536315,-0.2387159920843793,-0.127809192326347,35.042492100000004,-84.95894145572973,Bradley,-0.47,35.0425,-84.9587,0.021999245565364076
2024-05-11 09:33:00,159758308,0.6232268199394755,0.43446036238785857,0.8119932774910924,35.042492100000004,-84.95894145572973,Bradley,-0.54,35.0425,-84.9587,0.021999245565364076
2024-05-11 09:34:00,159758308,-0.47019021624915935,-0.6076801772310862,-0.3327002552672325,35.042492100000004,-84.95894145572973,Bradley,-0.46,35.0425,-84.9587,0.021999245565364076
2024-05-11 09:35:00,159758308,0.34580401566177704,0.21910641877728482,0.47250161254626927,35.042492100000004,-84.95894145572973,Bradley,0.02,35.0425,-84.9587,0.021999245565364076
2024-05-11 09:36:00,159758308,0.9273705447209146,0.6383391542541675,1.2164019351876618,35.042492100000004,-84.95894145572973,Bradley,1.12,35.0425,-84.9587,0.021999245565364076
2024-05-11 09:37:00,159758308,1.6024274178295226,1.1211346306618788,2.0837202049971664,35.042492100000004,-84.95894145572973,Bradley,0.84,35.0425,-84.9587,0.021999245565364076
2024-05-11 09:38:00,159758308,0.8862747982515131,0.6191397565889978,1.1534098399140285,35.042492100000004,-84.95894145572973,Bradley,0.67,35.0425,-84.9587,0.021999245565364076
2024-05-11 09:39:00,159758308,0.5014054914729741,0.3333202507779492,0.669490732167999,35.042492100000004,-84.95894145572973,Bradley,0.17,35.0425,-84.9587,0.021999245565364076
2024-05-11 09:40:00,159758308,0.8807372225958305,0.6058247151956366,1.1556497299960244,35.042492100000004,-84.95894145572973,Bradley,0.78,35.0425,-84.9587,0.021999245565364076
2024-05-11 09:41:00,159758308,-1.2941820648747477,-1.673776895659472,-0.9145872340900234,35.042492100000004,-84.95894145572973,Bradley,1.74,35.0425,-84.9587,0.021999245565364076
2024-05-11 09:42:00,159758308,-1.2004540654421654,-1.5511749269197321,-0.8497332039645986,35.042492100000004,-84.95894145572973,Bradley,0.8,35.0425,-84.9587,0.021999245565364076
2024-05-11 09:43:00,159758308,-0.21046007537328723,-0.28649192226242676,-0.1344282284841477,35.042492100000004,-84.95894145572973,Bradley,0.54,35.0425,-84.9587,0.021999245565364076
2024-05-11 09:44:00,159758308,0.8827990369662071,0.6068814394909968,1.1587166344414173,35.042492100000004,-84.95894145572973,Bradley,1.08,35.0425,-84.9587,0.021999245565364076
2024-05-11 09:45:00,159758308,0.11082434894738778,0.07465797319183262,0.14699072470294294,35.042492100000004,-84.95894145572973,Bradley,0.54,35.0425,-84.9587,0.021999245565364076
2024-05-11 09:46:00,159758308,-0.02441533496096059,-0.07631259430461514,0.027481924382693954,35.042492100000004,-84.95894145572973,Bradley,0.28,35.0425,-84.9587,0.021999245565364076
2024-05-11 09:47:00,159758308,-0.7797152141476127,-1.0075732951660024,-0.551857133129223,35.042492100000004,-84.95894145572973,Bradley,0.43,35.0425,-84.9587,0.021999245565364076
2024-05-11 09:48:00,159758308,-0.19044487445885172,-0.2573764209032476,-0.12351332801445586,35.042492100000004,-84.95894145572973,Bradley,0.12,35.0425,-84.9587,0.021999245565364076
2024-05-11 09:49:00,159758308,0.16141500261379876,0.1083838176848641,0.21444618754273342,35.042492100000004,-84.95894145572973,Bradley,-0.76,35.0425,-84.9587,0.021999245565364076
2024-05-11 09:50:00,159758308,-0.03300401678643294,-0.04380279156058874,-0.02220524201227713,35.042492100000004,-84.95894145572973,Bradley,-1.0,35.0425,-84.9587,0.021999245565364076
2024-05-11 09:51:00,159758308,-1.2613306205867518,-1.6310678907740537,-0.89159335039945,35.042492100000004,-84.95894145572973,Bradley,-0.51,35.0425,-84.9587,0.021999245565364076
2024-05-11 09:52:00,159758308,-0.9447838296486214,-1.220290933611547,-0.6692767256856957,35.042492100000004,-84.95894145572973,Bradley,-0.11,35.0425,-84.9587,0.021999245565364076
2024-05-11 09:53:00,159758308,-0.21302985247141895,-0.28145177195160476,-0.14460793299123315,35.042492100000004,-84.95894145572973,Bradley,-0.27,35.0425,-84.9587,0.021999245565364076
2024-05-11 09:54:00,159758308,0.4256801130632145,0.2862253183598379,0.5651349077665911,35.042492100000004,-84.95894145572973,Bradley,-0.65,35.0425,-84.9587,0.021999245565364076
2024-05-11 09:55:00,159758308,0.38908028105560694,0.27450814402667667,0.5036524180845372,35.042492100000004,-84.95894145572973,Bradley,-0.23,35.0425,-84.9587,0.021999245565364076
2024-05-11 09:56:00,159758308,-0.3962894072850118,-0.5150024986414184,-0.2775763159286051,35.042492100000004,-84.95894145572973,Bradley,-0.65,35.0425,-84.9587,0.021999245565364076
2024-05-11 09:57:00,159758308,-1.1622489308380968,-1.5050612083892436,-0.81943665328695,35.042492100000004,-84.95894145572973,Bradley,-0.46,35.0425,-84.9587,0.021999245565364076
2024-05-11 09:58:00,159758308,-2.1179138470914594,-2.7437350972284924,-1.4920925969544263,35.042492100000004,-84.95894145572973,Bradley,-0.61,35.0425,-84.9587,0.021999245565364076
2024-05-11 09:59:00,159758308,-0.7149547379371217,-0.9230209455245498,-0.5068885303496936,35.042492100000004,-84.95894145572973,Bradley,-0.24,35.0425,-84.9587,0.021999245565364076
2024-05-11 10:00:00,159758308,-0.5191257171528245,-0.6703804455783262,-0.36787098872732277,35.042492100000004,-84.95894145572973,Bradley,-0.32,35.0425,-84.9587,0.021999245565364076
2024-05-11 10:01:00,159758308,-0.667929181815316,-0.8629364271362006,-0.4729219364944315,35.042492100000004,-84.95894145572973,Bradley,-0.29,35.0425,-84.9587,0.021999245565364076
2024-05-11 10:02:00,159758308,-0.5835583192354573,-0.7539735450538513,-0.41314309341706335,35.042492100000004,-84.95894145572973,Bradley,-0.28,35.0425,-84.9587,0.021999245565364076
2024-05-11 10:03:00,159758308,-0.6035816267022529,-0.7834617262357881,-0.4237015271687176,35.042492100000004,-84.95894145572973,Bradley,-0.37,35.0425,-84.9587,0.021999245565364076
2024-05-11 10:04:00,159758308,0.2068599657316535,0.1418422984145386,0.2718776330487684,35.042492100000004,-84.95894145572973,Bradley,-0.22,35.0425,-84.9587,0.021999245565364076
2024-05-11 10:05:00,159758308,0.3644885721828766,0.25372809969165994,0.4752490446740933,35.042492100000004,-84.95894145572973,Bradley,-0.12,35.0425,-84.9587,0.021999245565364076
2024-05-11 10:06:00,159758308,0.678818313403665,0.47917958070865874,0.8784570460986714,35.042492100000004,-84.95894145572973,Bradley,0.08,35.0425,-84.9587,0.021999245565364076
2024-05-11 10:07:00,159758308,0.657436388807162,0.4651203706737559,0.8497524069405682,35.042492100000004,-84.95894145572973,Bradley,0.18,35.0425,-84.9587,0.021999245565364076
2024-05-11 10:08:00,159758308,0.48196544531775387,0.3415016273757444,0.6224292632597633,35.042492100000004,-84.95894145572973,Bradley,-0.1,35.0425,-84.9587,0.021999245565364076
2024-05-11 10:09:00,159758308,0.558060975065148,0.3953860203400584,0.7207359297902376,35.042492100000004,-84.95894145572973,Bradley,-0.33,35.0425,-84.9587,0.021999245565364076
2024-05-11 10:10:00,159758308,-0.009844481985121665,-0.046193474072978497,0.026504510102735163,35.042492100000004,-84.95894145572973,Bradley,-0.6,35.0425,-84.9587,0.021999245565364076
2024-05-11 10:11:00,159758308,-0.20865059027194016,-0.28526188747363873,-0.1320392930702416,35.042492100000004,-84.95894145572973,Bradley,-0.52,35.0425,-84.9587,0.021999245565364076
2024-05-11 10:12:00,159758308,-0.9975947140845662,-1.2966078184539314,-0.6985816097152011,35.042492100000004,-84.95894145572973,Bradley,-0.26,35.0425,-84.9587,0.021999245565364076
2024-05-11 10:13:00,159758308,-0.32041765942858946,-0.4167953751178002,-0.22403994373937874,35.042492100000004,-84.95894145572973,Bradley,-0.74,35.0425,-84.9587,0.021999245565364076
2024-05-11 10:14:00,159758308,-0.402960750987727,-0.5229508885962988,-0.28297061337915524,35.042492100000004,-84.95894145572973,Bradley,-0.56,35.0425,-84.9587,0.021999245565364076
2024-05-11 10:15:00,159758308,0.057579358632562944,0.03718654653356823,0.07797217073155766,35.042492100000004,-84.95894145572973,Bradley,-0.81,35.0425,-84.9587,0.021999245565364076
2024-05-11 10:16:00,159758308,-0.22023626967573134,-0.28896311553790954,-0.15150942381355315,35.042492100000004,-84.95894145572973,Bradley,-0.85,35.0425,-84.9587,0.021999245565364076
2024-05-11 10:17:00,159758308,0.08760166232347008,0.059987093531317086,0.11521623111562307,35.042492100000004,-84.95894145572973,Bradley,-0.76,35.0425,-84.9587,0.021999245565364076
2024-05-11 10:18:00,159758308,0.2631108605308507,0.1817428363658255,0.3444788846958759,35.042492100000004,-84.95894145572973,Bradley,-0.52,35.0425,-84.9587,0.021999245565364076
2024-05-11 10:19:00,159758308,-0.10613127081844738,-0.13772612732259165,-0.07453641431430309,35.042492100000004,-84.95894145572973,Bradley,-0.42,35.0425,-84.9587,0.021999245565364076
2024-05-11 10:20:00,159758308,-0.0823707426644526,-0.12488290988967325,-0.03985857543923195,35.042492100000004,-84.95894145572973,Bradley,-0.78,35.0425,-84.9587,0.021999245565364076
2024-05-11 10:21:00,159758308,-0.24056659998633995,-0.3246569385355784,-0.15647626143710147,35.042492100000004,-84.95894145572973,Bradley,-1.13,35.0425,-84.9587,0.021999245565364076
2024-05-11 10:22:00,159758308,-0.19030347155819183,-0.24855325013026053,-0.13205369298612313,35.042492100000004,-84.95894145572973,Bradley,-1.25,35.0425,-84.9587,0.021999245565364076
2024-05-11 10:23:00,159758308,-0.18075875524073218,-0.237029647426072,-0.12448786305539236,35.042492100000004,-84.95894145572973,Bradley,-1.08,35.0425,-84.9587,0.021999245565364076
2024-05-11 10:24:00,159758308,-0.5964069789740248,-0.775527541402045,-0.4172864165460046,35.042492100000004,-84.95894145572973,Bradley,-1.0,35.0425,-84.9587,0.021999245565364076
2024-05-11 10:25:00,159758308,-0.04742304398537323,-0.06630873188506894,-0.028537356085677524,35.042492100000004,-84.95894145572973,Bradley,-1.22,35.0425,-84.9587,0.021999245565364076
2024-05-11 10:26:00,159758308,-0.2270316538910138,-0.2943577360507905,-0.15970557173123703,35.042492100000004,-84.95894145572973,Bradley,-1.25,35.0425,-84.9587,0.021999245565364076
2024-05-11 10:27:00,159758308,-0.28858612204207296,-0.3746569571818934,-0.2025152869022525,35.042492100000004,-84.95894145572973,Bradley,-0.98,35.0425,-84.9587,0.021999245565364076
2024-05-11 10:28:00,159758308,-0.36201498599844484,-0.4695721570599086,-0.25445781493698105,35.042492100000004,-84.95894145572973,Bradley,-0.82,35.0425,-84.9587,0.021999245565364076
2024-05-11 10:29:00,159758308,0.08574819404484044,0.053428075984431694,0.11806831210524918,35.042492100000004,-84.95894145572973,Bradley,-0.3,35.0425,-84.9587,0.021999245565364076
2024-05-11 10:30:00,159758308,-0.26468143835112645,-0.3456292381196039,-0.183733638582649,35.042492100000004,-84.95894145572973,Bradley,-0.83,35.0425,-84.9587,0.021999245565364076
2024-05-11 10:31:00,159758308,-0.13466714578101358,-0.18870691660585376,-0.08062737495617338,35.042492100000004,-84.95894145572973,Bradley,-0.78,35.0425,-84.9587,0.021999245565364076
2024-05-11 10:32:00,159758308,-0.5748799163059012,-0.7510162638057296,-0.39874356880607276,35.042492100000004,-84.95894145572973,Bradley,-0.5,35.0425,-84.9587,0.021999245565364076
2024-05-11 10:33:00,159758308,-0.8194469254371217,-1.0587168860853629,-0.5801769647888807,35.042492100000004,-84.95894145572973,Bradley,-0.7,35.0425,-84.9587,0.021999245565364076
2024-05-11 10:34:00,159758308,0.14335089493054387,0.09737750102225345,0.1893242888388343,35.042492100000004,-84.95894145572973,Bradley,-0.27,35.0425,-84.9587,0.021999245565364076
2024-05-11 10:35:00,159758308,0.6016285017022529,0.42139245863832864,0.7818645447661772,35.042492100000004,-84.95894145572973,Bradley,-0.24,35.0425,-84.9587,0.021999245565364076
2024-05-11 10:36:00,159758308,0.6335360559746974,0.44718500337359035,0.8198871085758045,35.042492100000004,-84.95894145572973,Bradley,0.05,35.0425,-84.9587,0.021999245565364076
2024-05-11 10:37:00,159758308,0.7189071234553631,0.5060793462328527,0.9317349006778736,35.042492100000004,-84.95894145572973,Bradley,0.03,35.0425,-84.9587,0.021999245565364076
2024-05-11 10:38:00,159758308,0.45564439333599527,0.32203938816111044,0.5892493985108801,35.042492100000004,-84.95894145572973,Bradley,-0.1,35.0425,-84.9587,0.021999245565364076
2024-05-11 10:39:00,159758308,0.9504458562752186,0.6726833150146243,1.228208397535813,35.042492100000004,-84.95894145572973,Bradley,-0.64,35.0425,-84.9587,0.021999245565364076
2024-05-11 10:40:00,159758308,0.5910981107094821,0.4188053786699934,0.7633908427489708,35.042492100000004,-84.95894145572973,Bradley,-0.29,35.0425,-84.9587,0.021999245565364076
2024-05-11 10:41:00,159758308,-1.0514494761894755,-1.3628289014413615,-0.7400700509375895,35.042492100000004,-84.95894145572973,Bradley,-1.02,35.0425,-84.9587,0.021999245565364076
2024-05-11 10:42:00,159758308,0.5283178497499159,0.37337136574827323,0.6832643337515586,35.042492100000004,-84.95894145572973,Bradley,-0.02,35.0425,-84.9587,0.021999245565364076
2024-05-11 10:43:00,159758308,-0.3647101375987727,-0.4841362340071431,-0.24528404119040226,35.042492100000004,-84.95894145572973,Bradley,-0.25,35.0425,-84.9587,0.021999245565364076
2024-05-11 10:44:00,159758308,-0.5122513607515131,-0.6670727201013642,-0.3574300014016621,35.042492100000004,-84.95894145572973,Bradley,-0.54,35.0425,-84.9587,0.021999245565364076
2024-05-11 10:45:00,159758308,-0.13740847586944108,-0.19210606591235324,-0.08271088582652891,35.042492100000004,-84.95894145572973,Bradley,-0.64,35.0425,-84.9587,0.021999245565364076
2024-05-11 10:46:00,159758308,-0.1819656259194267,-0.24448675695293318,-0.11944449488592021,35.042492100000004,-84.95894145572973,Bradley,-0.51,35.0425,-84.9587,0.021999245565364076
2024-05-11 10:47:00,159758308,-0.19091447985404758,-0.2505652614486819,-0.13126369825941323,35.042492100000004,-84.95894145572973,Bradley,0.32,35.0425,-84.9587,0.021999245565364076
2024-05-11 10:48:00,159758308,0.10393369734968687,0.07056161926410329,0.13730577543527045,35.042492100000004,-84.95894145572973,Bradley,-0.06,35.0425,-84.9587,0.021999245565364076
2024-05-11 10:49:00,159758308,-0.04420316243380128,-0.05717367745765312,-0.03123264740994943,35.042492100000004,-84.95894145572973,Bradley,0.31,35.0425,-84.9587,0.021999245565364076
2024-05-11 10:50:00,159758308,0.6127396091648454,0.43226935635705954,0.7932098619726312,35.042492100000004,-84.95894145572973,Bradley,-0.01,35.0425,-84.9587,0.021999245565364076
2024-05-11 10:51:00,159758308,-0.4023385782248235,-0.5218218693241303,-0.28285528712551666,35.042492100000004,-84.95894145572973,Bradley,-0.23,35.0425,-84.9587,0.021999245565364076
2024-05-11 10:52:00,159758308,0.5241469362075487,0.3703105261549082,0.6779833462601892,35.042492100000004,-84.95894145572973,Bradley,0.17,35.0425,-84.9587,0.021999245565364076
2024-05-11 10:53:00,159758308,0.13508652133595325,0.09537921212763378,0.17479383054427272,35.042492100000004,-84.95894145572973,Bradley,-0.06,35.0425,-84.9587,0.021999245565364076
2024-05-11 10:54:00,159758308,0.5295687626092804,0.37428946842165195,0.6848480567969089,35.042492100000004,-84.95894145572973,Bradley,0.27,35.0425,-84.9587,0.021999245565364076
2024-05-11 10:55:00,159758308,0.8018840694876429,0.5640609834936146,1.0397071554816713,35.042492100000004,-84.95894145572973,Bradley,0.2,35.0425,-84.9587,0.021999245565364076
2024-05-11 10:56:00,159758308,0.5547741888029589,0.39273865945915,0.7168097181467679,35.042492100000004,-84.95894145572973,Bradley,0.33,35.0425,-84.9587,0.021999245565364076
2024-05-11 10:57:00,159758308,1.529425266371049,1.0776061252513025,1.9812444074907956,35.042492100000004,-84.95894145572973,Bradley,0.57,35.0425,-84.9587,0.021999245565364076
2024-05-11 10:58:00,159758308,1.2150030078387692,0.8605025173612785,1.56950349831626,35.042492100000004,-84.95894145572973,Bradley,0.4,35.0425,-84.9587,0.021999245565364076
2024-05-11 10:59:00,159758308,0.9385067722343645,0.6617759990641128,1.2152375454046163,35.042492100000004,-84.95894145572973,Bradley,0.12,35.0425,-84.9587,0.021999245565364076
2024-05-11 11:00:00,159758308,0.3789111755001681,0.2685809070222327,0.48924144397810354,35.042492100000004,-84.95894145572973,Bradley,0.47,35.0425,-84.9587,0.021999245565364076
2024-05-11 11:01:00,159758308,0.7279025644124075,0.5155060813083403,0.9402990475164748,35.042492100000004,-84.95894145572973,Bradley,0.29,35.0425,-84.9587,0.021999245565364076
2024-05-11 11:02:00,159758308,1.1463103406607262,0.8087078834085202,1.4839127979129323,35.042492100000004,-84.95894145572973,Bradley,0.6,35.0425,-84.9587,0.021999245565364076
2024-05-11 11:03:00,159758308,0.9827627196116342,0.6954516783153101,1.2700737609079584,35.042492100000004,-84.95894145572973,Bradley,0.23,35.0425,-84.9587,0.021999245565364076
2024-05-11 11:04:00,159758308,0.786487120145427,0.5571832743487479,1.015790965942106,35.042492100000004,-84.95894145572973,Bradley,-0.03,35.0425,-84.9587,0.021999245565364076
2024-05-11 11:05:00,159758308,0.13319105547229637,0.08466222653090588,0.18171988441368686,35.042492100000004,-84.95894145572973,Bradley,0.08,35.0425,-84.9587,0.021999245565364076
2024-05-11 11:06:00,159758308,-0.10400633821570801,-0.14488775362010073,-0.06312492281131529,35.042492100000004,-84.95894145572973,Bradley,-0.25,35.0425,-84.9587,0.021999245565364076
2024-05-11 11:07:00,159758308,-0.8882748796864492,-1.1520906191277094,-0.6244591402451892,35.042492100000004,-84.95894145572973,Bradley,-0.12,35.0425,-84.9587,0.021999245565364076
2024-05-11 11:08:00,159758308,-0.6148815450046234,-0.7956943666018077,-0.43406872340743924,35.042492100000004,-84.95894145572973,Bradley,0.22,35.0425,-84.9587,0.021999245565364076
2024-05-11 11:09:00,159758308,-0.79047480508154,-1.022402484055316,-0.558547126107764,35.042492100000004,-84.95894145572973,Bradley,0.02,35.0425,-84.9587,0.021999245565364076
2024-05-11 11:10:00,159758308,-0.7070486534339274,-0.9140288424863002,-0.5000684643815546,35.042492100000004,-84.95894145572973,Bradley,-0.11,35.0425,-84.9587,0.021999245565364076
2024-05-11 11:11:00,159758308,-0.6804816548104405,-0.8790962251086494,-0.48186708451223176,35.042492100000004,-84.95894145572973,Bradley,0.1,35.0425,-84.9587,0.021999245565364076
2024-05-11 11:12:00,159758308,-0.4262540980161399,-0.5508382212074017,-0.3016699748248782,35.042492100000004,-84.95894145572973,Bradley,-0.06,35.0425,-84.9587,0.021999245565364076
2024-05-11 11:13:00,159758308,-0.16297655035043293,-0.21040708968294797,-0.1155460110179179,35.042492100000004,-84.95894145572973,Bradley,-0.27,35.0425,-84.9587,0.021999245565364076
2024-05-11 11:14:00,159758308,-0.14915526851199984,-0.19250264956037672,-0.10580788746362298,35.042492100000004,-84.95894145572973,Bradley,0.21,35.0425,-84.9587,0.021999245565364076
2024-05-11 11:15:00,159758308,-0.5007729751597175,-0.6469819758540282,-0.3545639744654069,35.042492100000004,-84.95894145572973,Bradley,0.02,35.0425,-84.9587,0.021999245565364076
2024-05-11 11:16:00,159758308,0.010531715201946738,-0.0025363902118349362,0.023599820615728413,35.042492100000004,-84.95894145572973,Bradley,0.02,35.0425,-84.9587,0.021999245565364076
2024-05-11 11:17:00,159758308,0.05287859467106853,0.03165443047124502,0.07410275887089204,35.042492100000004,-84.95894145572973,Bradley,0.23,35.0425,-84.9587,0.021999245565364076
2024-05-11 11:18:00,159758308,-0.014899827845559956,-0.019312066645400586,-0.010487589045719326,35.042492100000004,-84.95894145572973,Bradley,-0.13,35.0425,-84.9587,0.021999245565364076
2024-05-11 11:19:00,159758308,-0.5361840377017485,-0.6940267155223027,-0.37834135988119433,35.042492100000004,-84.95894145572973,Bradley,-0.07,35.0425,-84.9587,0.021999245565364076
2024-05-11 11:20:00,159758308,-0.3209819575645175,-0.41564517412736207,-0.22631874100167287,35.042492100000004,-84.95894145572973,Bradley,0.33,35.0425,-84.9587,0.021999245565364076
2024-05-11 11:21:00,159758308,-0.38670019728270005,-0.5008663639263192,-0.2725340306390809,35.042492100000004,-84.95894145572973,Bradley,-0.18,35.0425,-84.9587,0.021999245565364076
2024-05-11 11:22:00,159758308,-0.5953621162050269,-0.7717550173526098,-0.418969215057444,35.042492100000004,-84.95894145572973,Bradley,-0.33,35.0425,-84.9587,0.021999245565364076
2024-05-11 11:23:00,159758308,-0.6480112800521184,-0.8381016358493929,-0.45792092425484393,35.042492100000004,-84.95894145572973,Bradley,0.13,35.0425,-84.9587,0.021999245565364076
2024-05-11 11:24:00,159758308,0.0014359265986752334,-0.0012174843445808793,0.004089337541931346,35.042492100000004,-84.95894145572973,Bradley,-0.32,35.0425,-84.9587,0.021999245565364076
2024-05-11 11:25:00,159758308,0.7034239778602052,0.4940446739503397,0.9128032817700706,35.042492100000004,-84.95894145572973,Bradley,-0.39,35.0425,-84.9587,0.021999245565364076
2024-05-11 11:26:00,159758308,0.9979046922284802,0.7062728861584877,1.2895364982984727,35.042492100000004,-84.95894145572973,Bradley,-0.66,35.0425,-84.9587,0.021999245565364076
2024-05-11 11:27:00,159758308,0.542422676214694,0.38419279733135614,0.7006525550980318,35.042492100000004,-84.95894145572973,Bradley,-0.35,35.0425,-84.9587,0.021999245565364076
2024-05-11 11:28:00,159758308,0.573402430438803,0.40512279137059715,0.7416820695070089,35.042492100000004,-84.95894145572973,Bradley,-0.97,35.0425,-84.9587,0.021999245565364076
2024-05-11 11:29:00,159758308,0.1129150788256524,0.06980078940487743,0.15602936824642738,35.042492100000004,-84.95894145572973,Bradley,-0.58,35.0425,-84.9587,0.021999245565364076
2024-05-11 11:30:00,159758308,-0.287722353495923,-0.38090587364612766,-0.19453883334571836,35.042492100000004,-84.95894145572973,Bradley,-1.18,35.0425,-84.9587,0.021999245565364076
2024-05-11 11:31:00,159758308,0.7768117959818427,0.5499927786153198,1.0036308133483656,35.042492100000004,-84.95894145572973,Bradley,-0.66,35.0425,-84.9587,0.021999245565364076
2024-05-11 11:32:00,159758308,1.0179258653118695,0.7195371112327086,1.3163146193910302,35.042492100000004,-84.95894145572973,Bradley,0.06,35.0425,-84.9587,0.021999245565364076
2024-05-11 11:33:00,159758308,0.19894066446967468,0.13903966957964975,0.2588416593596996,35.042492100000004,-84.95894145572973,Bradley,-0.45,35.0425,-84.9587,0.021999245565364076
2024-05-11 11:34:00,159758308,-0.642024334597764,-0.8334533062810899,-0.450595362914438,35.042492100000004,-84.95894145572973,Bradley,-0.82,35.0425,-84.9587,0.021999245565364076
2024-05-11 11:35:00,159758308,-1.9128061690904505,-2.4780370667022913,-1.34757527147861,35.042492100000004,-84.95894145572973,Bradley,-0.53,35.0425,-84.9587,0.021999245565364076
2024-05-11 11:36:00,159758308,-0.8157406507439475,-1.0670105503954015,-0.5644707510924936,35.042492100000004,-84.95894145572973,Bradley,-0.71,35.0425,-84.9587,0.021999245565364076
2024-05-11 11:37:00,159758308,-0.09005625967860784,-0.13878796204495994,-0.04132455731225574,35.042492100000004,-84.95894145572973,Bradley,-0.33,35.0425,-84.9587,0.021999245565364076
2024-05-11 11:38:00,159758308,0.15226366957643325,0.10719642057225474,0.19733091858061175,35.042492100000004,-84.95894145572973,Bradley,-0.34,35.0425,-84.9587,0.021999245565364076
2024-05-11 11:39:00,159758308,-0.465841327967384,-0.6052249524442836,-0.3264577034904843,35.042492100000004,-84.95894145572973,Bradley,-0.46,35.0425,-84.9587,0.021999245565364076
2024-05-11 11:40:00,159758308,-0.16357549117087677,-0.21563007535890744,-0.11152090698284611,35.042492100000004,-84.95894145572973,Bradley,-1.09,35.0425,-84.9587,0.021999245565364076
2024-05-11 11:41:00,159758308,0.52468447245923,0.37044330110883694,0.6789256438096231,35.042492100000004,-84.95894145572973,Bradley,-0.86,35.0425,-84.9587,0.021999245565364076
2024-05-11 11:42:00,159758308,0.2983908226767401,0.2110429293927678,0.3857387159607124,35.042492100000004,-84.95894145572973,Bradley,-0.58,35.0425,-84.9587,0.021999245565364076
2024-05-11 11:43:00,159758308,0.3360435624369536,0.23762560297794671,0.4344615218959605,35.042492100000004,-84.95894145572973,Bradley,-0.49,35.0425,-84.9587,0.021999245565364076
2024-05-11 11:44:00,159758308,0.03184206564312584,0.012242778428793948,0.05144135285745773,35.042492100000004,-84.95894145572973,Bradley,-0.2,35.0425,-84.9587,0.021999245565364076
2024-05-11 11:45:00,159758308,0.2569920758553295,0.18153002721288525,0.3324541244977738,35.042492100000004,-84.95894145572973,Bradley,0.1,35.0425,-84.9587,0.021999245565364076
2024-05-11 11:46:00,159758308,0.21874150351220997,0.14606488690891495,0.291418120115505,35.042492100000004,-84.95894145572973,Bradley,-0.72,35.0425,-84.9587,0.021999245565364076
2024-05-11 11:47:00,159758308,0.030101252788654012,-0.022170374415703666,0.08237287999301168,35.042492100000004,-84.95894145572973,Bradley,-0.62,35.0425,-84.9587,0.021999245565364076
2024-05-11 11:48:00,159758308,0.9870091574899126,0.6981186093892311,1.275899705590594,35.042492100000004,-84.95894145572973,Bradley,-0.15,35.0425,-84.9587,0.021999245565364076
2024-05-11 11:49:00,159758308,0.07972853762556742,0.05455079382214603,0.1049062814289888,35.042492100000004,-84.95894145572973,Bradley,0.1,35.0425,-84.9587,0.021999245565364076
2024-05-11 11:50:00,159758308,-0.08173056873765341,-0.11007840677426654,-0.053382730701040285,35.042492100000004,-84.95894145572973,Bradley,-0.14,35.0425,-84.9587,0.021999245565364076
2024-05-11 11:51:00,159758308,-0.21482322708263282,-0.2870898876419507,-0.14255656652331494,35.042492100000004,-84.95894145572973,Bradley,-0.33,35.0425,-84.9587,0.021999245565364076
2024-05-11 11:52:00,159758308,-1.1328739045687626,-1.4723085961004367,-0.7934392130370884,35.042492100000004,-84.95894145572973,Bradley,-0.38,35.0425,-84.9587,0.021999245565364076
2024-05-11 11:53:00,159758308,-0.7477526584566241,-0.9727835350486604,-0.5227217818645877,35.042492100000004,-84.95894145572973,Bradley,-0.06,35.0425,-84.9587,0.021999245565364076
2024-05-11 11:54:00,159758308,-1.2063140971755213,-1.5620397394301453,-0.8505884549208973,35.042492100000004,-84.95894145572973,Bradley,-0.2,35.0425,-84.9587,0.021999245565364076
2024-05-11 11:55:00,159758308,-0.19078021892863148,-0.24642324271063992,-0.13513719514662303,35.042492100000004,-84.95894145572973,Bradley,0.04,35.0425,-84.9587,0.021999245565364076
2024-05-11 11:56:00,159758308,-0.06628834583972554,-0.0860788333071899,-0.04649785837226117,35.042492100000004,-84.95894145572973,Bradley,0.15,35.0425,-84.9587,0.021999245565364076
2024-05-11 11:57:00,159758308,0.06679624202833452,0.040696113153382604,0.09289637090328644,35.042492100000004,-84.95894145572973,Bradley,0.23,35.0425,-84.9587,0.021999245565364076
2024-05-11 11:58:00,159758308,0.6287161256935104,0.4403636287129579,0.8170686226740629,35.042492100000004,-84.95894145572973,Bradley,0.52,35.0425,-84.9587,0.021999245565364076
2024-05-11 11:59:00,159758308,0.7673520445422831,0.5393596756286396,0.9953444134559266,35.042492100000004,-84.95894145572973,Bradley,0.61,35.0425,-84.9587,0.021999245565364076
2024-05-11 12:00:00,159758308,0.7689562799470411,0.5421809594055057,0.9957316004885765,35.042492100000004,-84.95894145572973,Bradley,-0.1,35.0425,-84.9587,0.021999245565364076
2024-05-11 12:01:00,159758308,0.8047833830699395,0.5682973330028283,1.0412694331370507,35.042492100000004,-84.95894145572973,Bradley,0.59,35.0425,-84.9587,0.021999245565364076
2024-05-11 12:02:00,159758308,0.2927162360247142,0.20696939155632832,0.37846308049310007,35.042492100000004,-84.95894145572973,Bradley,1.04,35.0425,-84.9587,0.021999245565364076
2024-05-11 12:03:00,159758308,0.2674116430943174,0.18953556752705636,0.3452877186615785,35.042492100000004,-84.95894145572973,Bradley,0.85,35.0425,-84.9587,0.021999245565364076
2024-05-11 12:04:00,159758308,-0.28574230242833726,-0.37266022731982756,-0.19882437753684695,35.042492100000004,-84.95894145572973,Bradley,0.03,35.0425,-84.9587,0.021999245565364076
2024-05-11 12:05:00,159758308,0.11358334734364492,0.08037888185943295,0.14678781282785688,35.042492100000004,-84.95894145572973,Bradley,0.59,35.0425,-84.9587,0.021999245565364076
2024-05-11 12:06:00,159758308,-0.07522404458431406,-0.09747167085746972,-0.05297641831115841,35.042492100000004,-84.95894145572973,Bradley,0.54,35.0425,-84.9587,0.021999245565364076
2024-05-11 12:07:00,159758308,-0.6650590928673503,-0.8629438350877109,-0.46717435064698976,35.042492100000004,-84.95894145572973,Bradley,-0.45,35.0425,-84.9587,0.021999245565364076
2024-05-11 12:08:00,159758308,-0.5134295403917283,-0.6659397775825867,-0.36091930320086985,35.042492100000004,-84.95894145572973,Bradley,0.37,35.0425,-84.9587,0.021999245565364076
2024-05-11 12:09:00,159758308,-0.31188956634583054,-0.40362577804537225,-0.22015335464628885,35.042492100000004,-84.95894145572973,Bradley,0.37,35.0425,-84.9587,0.021999245565364076
2024-05-11 12:10:00,159758308,-0.3143750558223352,-0.40805199308634454,-0.22069811855832588,35.042492100000004,-84.95894145572973,Bradley,0.97,35.0425,-84.9587,0.021999245565364076
2024-05-11 12:11:00,159758308,0.1311038952989713,0.07973955940654509,0.1824682311913975,35.042492100000004,-84.95894145572973,Bradley,0.88,35.0425,-84.9587,0.021999245565364076
2024-05-11 12:12:00,159758308,0.25386389069855414,0.17707425792071224,0.33065352347639604,35.042492100000004,-84.95894145572973,Bradley,0.65,35.0425,-84.9587,0.021999245565364076
2024-05-11 12:13:00,159758308,0.2874991462466375,0.20132332697637356,0.3736749655169015,35.042492100000004,-84.95894145572973,Bradley,0.51,35.0425,-84.9587,0.021999245565364076
2024-05-11 12:14:00,159758308,-0.3422945967919889,-0.44311522421352767,-0.2414739693704502,35.042492100000004,-84.95894145572973,Bradley,0.62,35.0425,-84.9587,0.021999245565364076
2024-05-11 12:15:00,159758308,-0.33043719396225624,-0.4328407700167205,-0.228033617907792,35.042492100000004,-84.95894145572973,Bradley,0.26,35.0425,-84.9587,0.021999245565364076
2024-05-11 12:16:00,159758308,-0.28022089883154,-0.3634419136686397,-0.1969998839944403,35.042492100000004,-84.95894145572973,Bradley,0.14,35.0425,-84.9587,0.021999245565364076
2024-05-11 12:17:00,159758308,-0.3296890925783877,-0.4278596228244466,-0.23151856233232876,35.042492100000004,-84.95894145572973,Bradley,-0.1,35.0425,-84.9587,0.021999245565364076
2024-05-11 12:18:00,159758308,-0.11712342745197965,-0.15541836852732874,-0.07882848637663056,35.042492100000004,-84.95894145572973,Bradley,0.03,35.0425,-84.9587,0.021999245565364076
2024-05-11 12:19:00,159758308,-0.222311670217405,-0.2896908775198364,-0.1549324629149736,35.042492100000004,-84.95894145572973,Bradley,-0.07,35.0425,-84.9587,0.021999245565364076
2024-05-11 12:20:00,159758308,-0.03221582709019346,-0.04506399113054125,-0.01936766304984567,35.042492100000004,-84.95894145572973,Bradley,0.13,35.0425,-84.9587,0.021999245565364076
2024-05-11 12:21:00,159758308,0.11384753885891266,0.07514419159042304,0.15255088612740228,35.042492100000004,-84.95894145572973,Bradley,0.46,35.0425,-84.9587,0.021999245565364076
2024-05-11 12:22:00,159758308,0.1998939539813803,0.1272618576838161,0.2725260502789445,35.042492100000004,-84.95894145572973,Bradley,0.6,35.0425,-84.9587,0.021999245565364076
2024-05-11 12:23:00,159758308,-0.067352294921875,-0.08777125502114488,-0.046933334822605116,35.042492100000004,-84.95894145572973,Bradley,0.73,35.0425,-84.9587,0.021999245565364076
2024-05-11 12:24:00,159758308,-0.010041136707967772,-0.02855335331335554,0.008471079897419997,35.042492100000004,-84.95894145572973,Bradley,0.73,35.0425,-84.9587,0.021999245565364076
2024-05-11 12:25:00,159758308,0.1107018271307057,0.0744180941490808,0.1469855601123306,35.042492100000004,-84.95894145572973,Bradley,0.69,35.0425,-84.9587,0.021999245565364076
2024-05-11 12:26:00,159758308,0.21754000983786567,0.1442254350466668,0.29085458462906455,35.042492100000004,-84.95894145572973,Bradley,0.77,35.0425,-84.9587,0.021999245565364076
2024-05-11 12:27:00,159758308,0.04358656164296297,0.030123982479947055,0.057049140805978886,35.042492100000004,-84.95894145572973,Bradley,0.8,35.0425,-84.9587,0.021999245565364076
2024-05-11 12:28:00,159758308,0.25705142813235543,0.17781126073734665,0.3362915955273642,35.042492100000004,-84.95894145572973,Bradley,0.52,35.0425,-84.9587,0.021999245565364076
2024-05-11 12:29:00,159758308,-0.11628539464420813,-0.152024555868579,-0.08054623341983728,35.042492100000004,-84.95894145572973,Bradley,0.65,35.0425,-84.9587,0.021999245565364076
2024-05-11 12:30:00,159758308,0.41225131149651145,0.2892496855328484,0.5352529374601744,35.042492100000004,-84.95894145572973,Bradley,0.43,35.0425,-84.9587,0.021999245565364076
2024-05-11 12:31:00,159758308,0.5011491191892232,0.34979963213222265,0.6524986062462238,35.042492100000004,-84.95894145572973,Bradley,0.52,35.0425,-84.9587,0.021999245565364076
2024-05-11 12:32:00,159758308,0.1888105114113988,0.13106851586885226,0.24655250695394532,35.042492100000004,-84.95894145572973,Bradley,0.81,35.0425,-84.9587,0.021999245565364076
2024-05-11 12:33:00,159758308,0.3383716821830868,0.23999821824365025,0.4367451461225233,35.042492100000004,-84.95894145572973,Bradley,0.42,35.0425,-84.9587,0.021999245565364076
2024-05-11 12:34:00,159758308,0.7209009659234197,0.5096077557405253,0.932194176106314,35.042492100000004,-84.95894145572973,Bradley,0.26,35.0425,-84.9587,0.021999245565364076
2024-05-11 12:35:00,159758308,0.3059861081193258,0.21680673705541229,0.3951654791832393,35.042492100000004,-84.95894145572973,Bradley,0.77,35.0425,-84.9587,0.021999245565364076
2024-05-11 12:36:00,159758308,0.7611035550290014,0.5339502903061053,0.9882568197518975,35.042492100000004,-84.95894145572973,Bradley,0.89,35.0425,-84.9587,0.021999245565364076
2024-05-11 12:37:00,159758308,0.5478280842825319,0.3862373880186384,0.7094187805464255,35.042492100000004,-84.95894145572973,Bradley,0.99,35.0425,-84.9587,0.021999245565364076
2024-05-11 12:38:00,159758308,0.5899010499852891,0.41384872791141625,0.765953372059162,35.042492100000004,-84.95894145572973,Bradley,0.93,35.0425,-84.9587,0.021999245565364076
2024-05-11 12:39:00,159758308,1.1374444403581037,0.8028582415109402,1.472030639205267,35.042492100000004,-84.95894145572973,Bradley,0.92,35.0425,-84.9587,0.021999245565364076
2024-05-11 12:40:00,159758308,1.6359641633742434,1.1500020024707496,2.1219263242777373,35.042492100000004,-84.95894145572973,Bradley,0.93,35.0425,-84.9587,0.021999245565364076
2024-05-11 12:41:00,159758308,-0.11471083537796319,-0.14965486264226446,-0.07976680811366191,35.042492100000004,-84.95894145572973,Bradley,0.81,35.0425,-84.9587,0.021999245565364076
2024-05-11 12:42:00,159758308,-0.5580509598814728,-0.7213747592228194,-0.39472716054012624,35.042492100000004,-84.95894145572973,Bradley,0.31,35.0425,-84.9587,0.021999245565364076
2024-05-11 12:43:00,159758308,0.9147244872225958,0.6423070673045483,1.1871419071406433,35.042492100000004,-84.95894145572973,Bradley,0.64,35.0425,-84.9587,0.021999245565364076
2024-05-11 12:44:00,159758308,-1.324150121364324,-1.7143586507703559,-0.9339415919582923,35.042492100000004,-84.95894145572973,Bradley,0.71,35.0425,-84.9587,0.021999245565364076
2024-05-11 12:45:00,159758308,-0.31854900675647274,-0.41163161936366366,-0.2254663941492818,35.042492100000004,-84.95894145572973,Bradley,0.14,35.0425,-84.9587,0.021999245565364076
2024-05-11 12:46:00,159758308,-0.6446107147360457,-0.8331361237286672,-0.4560853057434242,35.042492100000004,-84.95894145572973,Bradley,0.38,35.0425,-84.9587,0.021999245565364076
2024-05-11 12:47:00,159758308,0.21621837500525387,0.14215826285576258,0.29027848715474514,35.042492100000004,-84.95894145572973,Bradley,0.42,35.0425,-84.9587,0.021999245565364076
2024-05-11 12:48:00,159758308,-0.21716148514994535,-0.2847885730427442,-0.1495343972571465,35.042492100000004,-84.95894145572973,Bradley,0.64,35.0425,-84.9587,0.021999245565364076
2024-05-11 12:49:00,159758308,0.20489218736865333,0.1352315139759247,0.27455286076138197,35.042492100000004,-84.95894145572973,Bradley,0.66,35.0425,-84.9587,0.021999245565364076
2024-05-11 12:50:00,159758308,-0.10696287995308297,-0.14291576568617387,-0.07100999421999206,35.042492100000004,-84.95894145572973,Bradley,0.26,35.0425,-84.9587,0.021999245565364076
2024-05-11 12:51:00,159758308,0.017629302742502077,-0.01119540508293176,0.04645401056793591,35.042492100000004,-84.95894145572973,Bradley,0.5,35.0425,-84.9587,0.021999245565364076
2024-05-11 12:52:00,159758308,-0.33635633169762946,-0.4348708447267746,-0.23784181866848428,35.042492100000004,-84.95894145572973,Bradley,0.54,35.0425,-84.9587,0.021999245565364076
2024-05-11 12:53:00,159758308,-0.3992832083788668,-0.5160904206684783,-0.2824759960892554,35.042492100000004,-84.95894145572973,Bradley,0.63,35.0425,-84.9587,0.021999245565364076
2024-05-11 12:54:00,159758308,-0.2374013093949647,-0.3072601428383596,-0.1675424759515698,35.042492100000004,-84.95894145572973,Bradley,0.44,35.0425,-84.9587,0.021999245565364076
2024-05-11 12:55:00,159758308,0.19005592412890887,0.13053877311671855,0.2495730751410992,35.042492100000004,-84.95894145572973,Bradley,0.61,35.0425,-84.9587,0.021999245565364076
2024-05-11 12:56:00,159758308,0.3664033603732347,0.25746415884158735,0.475342561904882,35.042492100000004,-84.95894145572973,Bradley,0.52,35.0425,-84.9587,0.021999245565364076
2024-05-11 12:57:00,159758308,0.5523120954522529,0.391589254201852,0.7130349367026538,35.042492100000004,-84.95894145572973,Bradley,0.07,35.0425,-84.9587,0.021999245565364076
2024-05-11 12:58:00,159758308,0.1970810829270343,0.139661093740451,0.2545010721136176,35.042492100000004,-84.95894145572973,Bradley,0.2,35.0425,-84.9587,0.021999245565364076
2024-05-11 12:59:00,159758308,0.651648105192922,0.4572614065004327,0.8460348038854114,35.042492100000004,-84.95894145572973,Bradley,0.34,35.0425,-84.9587,0.021999245565364076
2024-05-11 13:00:00,159758308,0.7844223504749496,0.5517320806718523,1.017112620278047,35.042492100000004,-84.95894145572973,Bradley,0.28,35.0425,-84.9587,0.021999245565364076
2024-05-11 13:01:00,159758308,0.43166541668417957,0.30564304093871597,0.5576877924296432,35.042492100000004,-84.95894145572973,Bradley,0.26,35.0425,-84.9587,0.021999245565364076
2024-05-11 13:02:00,159758308,0.19391398631893073,0.13464059754742852,0.25318737509043293,35.042492100000004,-84.95894145572973,Bradley,0.48,35.0425,-84.9587,0.021999245565364076
2024-05-11 13:03:00,159758308,-0.052277421983361,-0.06955639402360694,-0.03499844994311506,35.042492100000004,-84.95894145572973,Bradley,0.41,35.0425,-84.9587,0.021999245565364076
2024-05-11 13:04:00,159758308,0.411443857835617,0.2821807007132845,0.5407070149579495,35.042492100000004,-84.95894145572973,Bradley,0.37,35.0425,-84.9587,0.021999245565364076
2024-05-11 13:05:00,159758308,0.05120345771753636,0.034273403811006374,0.06813351162406633,35.042492100000004,-84.95894145572973,Bradley,0.38,35.0425,-84.9587,0.021999245565364076
2024-05-11 13:06:00,159758308,-0.3345627108114072,-0.43386637706882447,-0.23525904455398997,35.042492100000004,-84.95894145572973,Bradley,0.4,35.0425,-84.9587,0.021999245565364076
2024-05-11 13:07:00,159758308,-0.5311505048966039,-0.6902480337121578,-0.3720529760810499,35.042492100000004,-84.95894145572973,Bradley,0.58,35.0425,-84.9587,0.021999245565364076
2024-05-11 13:08:00,159758308,-0.6821811165517822,-0.8821263858562571,-0.4822358472473072,35.042492100000004,-84.95894145572973,Bradley,0.22,35.0425,-84.9587,0.021999245565364076
2024-05-11 13:09:00,159758308,-0.32790565105917957,-0.4242798560859317,-0.23153144603242742,35.042492100000004,-84.95894145572973,Bradley,0.21,35.0425,-84.9587,0.021999245565364076
2024-05-11 13:10:00,159758308,-0.5611779957548756,-0.7250600993214523,-0.39729589218829886,35.042492100000004,-84.95894145572973,Bradley,0.39,35.0425,-84.9587,0.021999245565364076
2024-05-11 13:11:00,159758308,-0.2833236355707801,-0.36599863769338137,-0.20064863344817888,35.042492100000004,-84.95894145572973,Bradley,0.03,35.0425,-84.9587,0.021999245565364076
2024-05-11 13:12:00,159758308,-0.8542787491593813,-1.1056264274911158,-0.6029310708276466,35.042492100000004,-84.95894145572973,Bradley,-0.28,35.0425,-84.9587,0.021999245565364076
2024-05-11 13:13:00,159758308,-1.0384908136138198,-1.3445078507236239,-0.7324737765040157,35.042492100000004,-84.95894145572973,Bradley,-0.1,35.0425,-84.9587,0.021999245565364076
2024-05-11 13:14:00,159758308,-1.8519736150806994,-2.3997766186372633,-1.3041706115241354,35.042492100000004,-84.95894145572973,Bradley,-0.01,35.0425,-84.9587,0.021999245565364076
2024-05-11 13:15:00,159758308,-1.0784779941787155,-1.3942189049939837,-0.7627370833634474,35.042492100000004,-84.95894145572973,Bradley,-0.03,35.0425,-84.9587,0.021999245565364076
2024-05-11 13:16:00,159758308,0.005377705015427487,-0.048836000070286316,0.059591410101141294,35.042492100000004,-84.95894145572973,Bradley,0.33,35.0425,-84.9587,0.021999245565364076
2024-05-11 13:17:00,159758308,0.5615457664340955,0.3892100866777634,0.7338814461904275,35.042492100000004,-84.95894145572973,Bradley,0.33,35.0425,-84.9587,0.021999245565364076
2024-05-11 13:18:00,159758308,0.4148944990700656,0.28817190821548555,0.5416170899246456,35.042492100000004,-84.95894145572973,Bradley,0.08,35.0425,-84.9587,0.021999245565364076
2024-05-11 13:19:00,159758308,-0.25644485278665097,-0.33634087994355766,-0.17654882562974428,35.042492100000004,-84.95894145572973,Bradley,0.47,35.0425,-84.9587,0.021999245565364076
2024-05-11 13:20:00,159758308,-0.2241808154395385,-0.29314131757328205,-0.15522031330579494,35.042492100000004,-84.95894145572973,Bradley,0.6,35.0425,-84.9587,0.021999245565364076
2024-05-11 13:21:00,159758308,-0.45743908141392065,-0.591454108171344,-0.3234240546564972,35.042492100000004,-84.95894145572973,Bradley,0.44,35.0425,-84.9587,0.021999245565364076
2024-05-11 13:22:00,159758308,0.00235195018015376,-0.0068719183500143225,0.011575818710321843,35.042492100000004,-84.95894145572973,Bradley,0.41,35.0425,-84.9587,0.021999245565364076
2024-05-11 13:23:00,159758308,-0.6128369698848353,-0.7942232626512843,-0.43145067711838625,35.042492100000004,-84.95894145572973,Bradley,0.33,35.0425,-84.9587,0.021999245565364076
2024-05-11 13:24:00,159758308,-0.8797347191282784,-1.1371419040262947,-0.6223275342302621,35.042492100000004,-84.95894145572973,Bradley,0.3,35.0425,-84.9587,0.021999245565364076
2024-05-11 13:25:00,159758308,-0.21843780538101043,-0.28201605542101776,-0.1548595553410031,35.042492100000004,-84.95894145572973,Bradley,0.62,35.0425,-84.9587,0.021999245565364076
2024-05-11 13:26:00,159758308,-0.047206363023810524,-0.07089460037507522,-0.023518125672545822,35.042492100000004,-84.95894145572973,Bradley,0.45,35.0425,-84.9587,0.021999245565364076
2024-05-11 13:27:00,159758308,0.02607758861303169,0.010700691274983682,0.0414544859510797,35.042492100000004,-84.95894145572973,Bradley,0.08,35.0425,-84.9587,0.021999245565364076
2024-05-11 13:28:00,159758308,0.05865730947508616,0.03727831797412799,0.08003630097604433,35.042492100000004,-84.95894145572973,Bradley,0.29,35.0425,-84.9587,0.021999245565364076
2024-05-11 13:29:00,159758308,0.6145515364933591,0.43066454485490935,0.7984385281318089,35.042492100000004,-84.95894145572973,Bradley,0.12,35.0425,-84.9587,0.021999245565364076
2024-05-11 13:30:00,159758308,0.7839156806909886,0.5509900173231799,1.0168413440587973,35.042492100000004,-84.95894145572973,Bradley,0.42,35.0425,-84.9587,0.021999245565364076
2024-05-11 13:31:00,159758308,1.1163741357389039,0.7831159160892773,1.4496323553885304,35.042492100000004,-84.95894145572973,Bradley,0.64,35.0425,-84.9587,0.021999245565364076
2024-05-11 13:32:00,159758308,0.5972815836205447,0.4227661908378091,0.7717969764032804,35.042492100000004,-84.95894145572973,Bradley,1.13,35.0425,-84.9587,0.021999245565364076
2024-05-11 13:33:00,159758308,0.14676455386789677,0.10391818727771829,0.18961092045807526,35.042492100000004,-84.95894145572973,Bradley,0.65,35.0425,-84.9587,0.021999245565364076
2024-05-11 13:34:00,159758308,-0.7096205854383827,-0.9206236262402193,-0.49861754463654606,35.042492100000004,-84.95894145572973,Bradley,0.71,35.0425,-84.9587,0.021999245565364076
2024-05-11 13:35:00,159758308,-0.07499894249254854,-0.10563313462427973,-0.044364750360817364,35.042492100000004,-84.95894145572973,Bradley,0.71,35.0425,-84.9587,0.021999245565364076
2024-05-11 13:36:00,159758308,0.452564560172537,0.31389724301120736,0.5912318773338666,35.042492100000004,-84.95894145572973,Bradley,0.73,35.0425,-84.9587,0.021999245565364076
2024-05-11 13:37:00,159758308,0.3978577686302118,0.28155053310266276,0.5141650041577609,35.042492100000004,-84.95894145572973,Bradley,0.29,35.0425,-84.9587,0.021999245565364076
2024-05-11 13:38:00,159758308,0.5543877012231002,0.3880330468814279,0.7207423555647725,35.042492100000004,-84.95894145572973,Bradley,0.46,35.0425,-84.9587,0.021999245565364076
2024-05-11 13:39:00,159758308,0.19761660793281355,0.1387809968914086,0.2564522189742185,35.042492100000004,-84.95894145572973,Bradley,0.39,35.0425,-84.9587,0.021999245565364076
2024-05-11 13:40:00,159758308,-0.09110564262015594,-0.1186414631943221,-0.06356982204598978,35.042492100000004,-84.95894145572973,Bradley,0.17,35.0425,-84.9587,0.021999245565364076
2024-05-11 13:41:00,159758308,-0.24608258553295226,-0.3197049030631217,-0.17246026800278283,35.042492100000004,-84.95894145572973,Bradley,0.14,35.0425,-84.9587,0.021999245565364076
2024-05-11 13:42:00,159758308,-1.0296725264794888,-1.3311034454491322,-0.7282416075098455,35.042492100000004,-84.95894145572973,Bradley,0.23,35.0425,-84.9587,0.021999245565364076
2024-05-11 13:43:00,159758308,-1.1723452210827168,-1.51830824148711,-0.8263822006783234,35.042492100000004,-84.95894145572973,Bradley,0.37,35.0425,-84.9587,0.021999245565364076
2024-05-11 13:44:00,159758308,-1.2269059715450572,-1.587657902259066,-0.8661540408310484,35.042492100000004,-84.95894145572973,Bradley,0.29,35.0425,-84.9587,0.021999245565364076
2024-05-11 13:45:00,159758308,-1.3225388260759918,-1.709339996021682,-0.9357376561303016,35.042492100000004,-84.95894145572973,Bradley,-0.02,35.0425,-84.9587,0.021999245565364076
2024-05-11 13:46:00,159758308,-0.2192479680669973,-0.2850020345483157,-0.15349390158567894,35.042492100000004,-84.95894145572973,Bradley,-0.08,35.0425,-84.9587,0.021999245565364076
2024-05-11 13:47:00,159758308,-0.2600983425363568,-0.33588402047337773,-0.18431266459933582,35.042492100000004,-84.95894145572973,Bradley,0.12,35.0425,-84.9587,0.021999245565364076
2024-05-11 13:48:00,159758308,-1.313263780892737,-1.6979433988946118,-0.9285841628908622,35.042492100000004,-84.95894145572973,Bradley,0.03,35.0425,-84.9587,0.021999245565364076
2024-05-11 13:49:00,159758308,-0.5185436872162912,-0.669873377472334,-0.3672139969602483,35.042492100000004,-84.95894145572973,Bradley,-0.19,35.0425,-84.9587,0.021999245565364076
2024-05-11 13:50:00,159758308,0.20831183899787745,0.1371046227362417,0.2795190552595132,35.042492100000004,-84.95894145572973,Bradley,-0.2,35.0425,-84.9587,0.021999245565364076
2024-05-11 13:51:00,159758308,0.6553880374705784,0.4624186743274748,0.848357400613682,35.042492100000004,-84.95894145572973,Bradley,-0.05,35.0425,-84.9587,0.021999245565364076
2024-05-11 13:52:00,159758308,-1.0726130369451916,-1.387771301799368,-0.7574547720910152,35.042492100000004,-84.95894145572973,Bradley,-0.06,35.0425,-84.9587,0.021999245565364076
2024-05-11 13:53:00,159758308,-0.5498017321998991,-0.7100187744510547,-0.3895846899487436,35.042492100000004,-84.95894145572973,Bradley,-0.1,35.0425,-84.9587,0.021999245565364076
2024-05-11 13:54:00,159758308,0.16359708127994704,0.10919532078405159,0.2179988417758425,35.042492100000004,-84.95894145572973,Bradley,0.47,35.0425,-84.9587,0.021999245565364076
2024-05-11 13:55:00,159758308,0.13031986341752216,0.06260298913111807,0.19803673770392627,35.042492100000004,-84.95894145572973,Bradley,0.06,35.0425,-84.9587,0.021999245565364076
2024-05-11 13:56:00,159758308,0.23553877255222344,0.15191010409579042,0.31916744100865646,35.042492100000004,-84.95894145572973,Bradley,-0.23,35.0425,-84.9587,0.021999245565364076
2024-05-11 13:57:00,159758308,0.5088711541694687,0.3566391193347787,0.6611031890041588,35.042492100000004,-84.95894145572973,Bradley,0.34,35.0425,-84.9587,0.021999245565364076
2024-05-11 13:58:00,159758308,0.37491856506388704,0.26255272196180157,0.4872844081659725,35.042492100000004,-84.95894145572973,Bradley,-0.04,35.0425,-84.9587,0.021999245565364076
2024-05-11 13:59:00,159758308,0.5252976972301614,0.37025638993667775,0.680339004523645,35.042492100000004,-84.95894145572973,Bradley,0.22,35.0425,-84.9587,0.021999245565364076
2024-05-11 14:00:00,159758308,0.19213111944140887,0.13607744580128675,0.248184793081531,35.042492100000004,-84.95894145572973,Bradley,0.66,35.0425,-84.9587,0.021999245565364076
2024-05-11 14:01:00,159758308,0.5204349150975117,0.365185113832336,0.6756847163626875,35.042492100000004,-84.95894145572973,Bradley,0.16,35.0425,-84.9587,0.021999245565364076
2024-05-11 14:02:00,159758308,0.44352930475580027,0.3118695651808119,0.5751890443307887,35.042492100000004,-84.95894145572973,Bradley,0.48,35.0425,-84.9587,0.021999245565364076
2024-05-11 14:03:00,159758308,0.41619343555606925,0.2946129048863867,0.5377739662257518,35.042492100000004,-84.95894145572973,Bradley,0.14,35.0425,-84.9587,0.021999245565364076
2024-05-11 14:04:00,159758308,0.3858459513702085,0.27272088271442785,0.49897102002598914,35.042492100000004,-84.95894145572973,Bradley,-0.06,35.0425,-84.9587,0.021999245565364076
2024-05-11 14:05:00,159758308,0.6055363935356423,0.4290922691185458,0.7819805179527387,35.042492100000004,-84.95894145572973,Bradley,0.14,35.0425,-84.9587,0.021999245565364076
2024-05-11 14:06:00,159758308,-0.15873479169731422,-0.2111335539682655,-0.10633602942636294,35.042492100000004,-84.95894145572973,Bradley,0.08,35.0425,-84.9587,0.021999245565364076
2024-05-11 14:07:00,159758308,-0.01452523714436247,-0.032118521007969775,0.0030680467192448317,35.042492100000004,-84.95894145572973,Bradley,-0.09,35.0425,-84.9587,0.021999245565364076
2024-05-11 14:08:00,159758308,-0.021129384967570507,-0.04734324044780043,0.005084470512659419,35.042492100000004,-84.95894145572973,Bradley,0.48,35.0425,-84.9587,0.021999245565364076
2024-05-11 14:09:00,159758308,-0.40177255616383656,-0.5219000750881522,-0.28164503723952095,35.042492100000004,-84.95894145572973,Bradley,-0.46,35.0425,-84.9587,0.021999245565364076
2024-05-11 14:10:00,159758308,0.008635123303534605,-0.006047732564489901,0.02331797917155911,35.042492100000004,-84.95894145572973,Bradley,-0.23,35.0425,-84.9587,0.021999245565364076
2024-05-11 14:11:00,159758308,-0.006149328749053175,-0.028629516775960755,0.016330859277854402,35.042492100000004,-84.95894145572973,Bradley,0.1,35.0425,-84.9587,0.021999245565364076
2024-05-11 14:12:00,159758308,-0.1480612738788248,-0.19132517592981557,-0.10479737182783404,35.042492100000004,-84.95894145572973,Bradley,0.22,35.0425,-84.9587,0.021999245565364076
2024-05-11 14:13:00,159758308,-0.3524438361634163,-0.4583519361175667,-0.2465357362092659,35.042492100000004,-84.95894145572973,Bradley,-0.08,35.0425,-84.9587,0.021999245565364076
2024-05-11 14:14:00,159758308,-0.4863399462004035,-0.6277931635405767,-0.34488672886023025,35.042492100000004,-84.95894145572973,Bradley,-0.12,35.0425,-84.9587,0.021999245565364076
2024-05-11 14:15:00,159758308,0.3258311945717048,0.2306126921387802,0.42104969700462935,35.042492100000004,-84.95894145572973,Bradley,-0.38,35.0425,-84.9587,0.021999245565364076
2024-05-11 14:16:00,159758308,-0.4605705502374748,-0.5955768296597114,-0.3255642708152382,35.042492100000004,-84.95894145572973,Bradley,-0.01,35.0425,-84.9587,0.021999245565364076
2024-05-11 14:17:00,159758308,0.3456706166988904,0.2444433976094414,0.44689783578833936,35.042492100000004,-84.95894145572973,Bradley,-0.25,35.0425,-84.9587,0.021999245565364076
2024-05-11 14:18:00,159758308,-0.20914067753866847,-0.2736769929324613,-0.14460436214487565,35.042492100000004,-84.95894145572973,Bradley,0.16,35.0425,-84.9587,0.021999245565364076
2024-05-11 14:19:00,159758308,-0.8015855841774546,-1.0394626609385265,-0.5637085074163828,35.042492100000004,-84.95894145572973,Bradley,-0.34,35.0425,-84.9587,0.021999245565364076
2024-05-11 14:20:00,159758308,-0.3620350984574647,-0.47384727446401365,-0.2502229224509157,35.042492100000004,-84.95894145572973,Bradley,-0.4,35.0425,-84.9587,0.021999245565364076
2024-05-11 14:21:00,159758308,-0.20315705679692753,-0.27093175414721554,-0.1353823594466395,35.042492100000004,-84.95894145572973,Bradley,-0.11,35.0425,-84.9587,0.021999245565364076
2024-05-11 14:22:00,159758308,0.08023448910742056,0.039509670744513094,0.12095930747032804,35.042492100000004,-84.95894145572973,Bradley,-0.47,35.0425,-84.9587,0.021999245565364076
2024-05-11 14:23:00,159758308,-0.09411373664327492,-0.1387829964849055,-0.049444476801644335,35.042492100000004,-84.95894145572973,Bradley,-0.24,35.0425,-84.9587,0.021999245565364076
2024-05-11 14:24:00,159758308,0.028099466348223502,-0.0036975101369376914,0.059896442833384696,35.042492100000004,-84.95894145572973,Bradley,0.28,35.0425,-84.9587,0.021999245565364076
2024-05-11 14:25:00,159758308,-0.28339497323154844,-0.36681681424413576,-0.19997313221896112,35.042492100000004,-84.95894145572973,Bradley,-0.23,35.0425,-84.9587,0.021999245565364076
2024-05-11 14:26:00,159758308,0.14559396770710742,0.10189787559283554,0.1892900598213793,35.042492100000004,-84.95894145572973,Bradley,-0.26,35.0425,-84.9587,0.021999245565364076
2024-05-11 14:27:00,159758308,0.3744046712130128,0.26488013928504495,0.48392920314098065,35.042492100000004,-84.95894145572973,Bradley,-0.2,35.0425,-84.9587,0.021999245565364076
2024-05-11 14:28:00,159758308,0.5557947524377942,0.3931974280571738,0.7183920768184147,35.042492100000004,-84.95894145572973,Bradley,-0.06,35.0425,-84.9587,0.021999245565364076
2024-05-11 14:29:00,159758308,0.3838617957191493,0.27026986976923645,0.49745372166906215,35.042492100000004,-84.95894145572973,Bradley,-0.41,35.0425,-84.9587,0.021999245565364076
2024-05-11 14:30:00,159758308,-0.08429442753948937,-0.12779194149376866,-0.040796913585210086,35.042492100000004,-84.95894145572973,Bradley,-0.44,35.0425,-84.9587,0.021999245565364076
2024-05-11 14:31:00,159758308,0.2601819118558759,0.18380740451151872,0.3365564192002331,35.042492100000004,-84.95894145572973,Bradley,0.08,35.0425,-84.9587,0.021999245565364076
2024-05-11 14:32:00,159758308,0.48878332265047075,0.3461304759956222,0.6314361693053193,35.042492100000004,-84.95894145572973,Bradley,-0.41,35.0425,-84.9587,0.021999245565364076
2024-05-11 14:33:00,159758308,0.007515910173632911,-0.0040845340463753835,0.019116354393641205,35.042492100000004,-84.95894145572973,Bradley,-0.68,35.0425,-84.9587,0.021999245565364076
2024-05-11 14:34:00,159758308,0.20157359058454521,0.14012547588406465,0.2630217052850258,35.042492100000004,-84.95894145572973,Bradley,-0.22,35.0425,-84.9587,0.021999245565364076
2024-05-11 14:35:00,159758308,0.61618466816577,0.43607598241424333,0.7962933539172967,35.042492100000004,-84.95894145572973,Bradley,-0.12,35.0425,-84.9587,0.021999245565364076
2024-05-11 14:36:00,159758308,0.4464353498549933,0.31603394958823683,0.5768367501217497,35.042492100000004,-84.95894145572973,Bradley,-0.07,35.0425,-84.9587,0.021999245565364076
2024-05-11 14:37:00,159758308,0.35457033876933425,0.25107674175039363,0.45806393578827487,35.042492100000004,-84.95894145572973,Bradley,-0.15,35.0425,-84.9587,0.021999245565364076
2024-05-11 14:38:00,159758308,0.0782839663492086,0.047949903118764035,0.10861802957965316,35.042492100000004,-84.95894145572973,Bradley,0.19,35.0425,-84.9587,0.021999245565364076
2024-05-11 14:39:00,159758308,0.3226297836457633,0.22690494564672448,0.4183546216448021,35.042492100000004,-84.95894145572973,Bradley,-0.06,35.0425,-84.9587,0.021999245565364076
2024-05-11 14:40:00,159758308,0.4603943815147949,0.32592927525195103,0.5948594877776388,35.042492100000004,-84.95894145572973,Bradley,-0.04,35.0425,-84.9587,0.021999245565364076
2024-05-11 14:41:00,159758308,0.43878095841039005,0.31081101320942234,0.5667509036113578,35.042492100000004,-84.95894145572973,Bradley,0.36,35.0425,-84.9587,0.021999245565364076
2024-05-11 14:42:00,159758308,0.1278366365926572,0.0905207706753313,0.1651525025099831,35.042492100000004,-84.95894145572973,Bradley,0.06,35.0425,-84.9587,0.021999245565364076
2024-05-11 14:43:00,159758308,-0.2297265181704985,-0.3010123735120297,-0.1584406628289673,35.042492100000004,-84.95894145572973,Bradley,-0.09,35.0425,-84.9587,0.021999245565364076
2024-05-11 14:44:00,159758308,0.20728647300037828,0.14654461991802087,0.2680283260827357,35.042492100000004,-84.95894145572973,Bradley,0.31,35.0425,-84.9587,0.021999245565364076
2024-05-11 14:45:00,159758308,0.611829540917115,0.4282487445242833,0.7954103373099466,35.042492100000004,-84.95894145572973,Bradley,0.31,35.0425,-84.9587,0.021999245565364076
2024-05-11 14:46:00,159758308,0.1539317312542031,0.10820957091213519,0.199653891596271,35.042492100000004,-84.95894145572973,Bradley,0.41,35.0425,-84.9587,0.021999245565364076
2024-05-11 14:47:00,159758308,-0.19403753428148118,-0.25065950518508817,-0.1374155633778742,35.042492100000004,-84.95894145572973,Bradley,-0.14,35.0425,-84.9587,0.021999245565364076
2024-05-11 14:48:00,159758308,-0.0974440019885886,-0.12595631334210844,-0.06893169063506877,35.042492100000004,-84.95894145572973,Bradley,0.22,35.0425,-84.9587,0.021999245565364076
2024-05-11 14:49:00,159758308,0.38253322414046736,0.27095987322043114,0.4941065750605036,35.042492100000004,-84.95894145572973,Bradley,0.45,35.0425,-84.9587,0.021999245565364076
2024-05-11 14:50:00,159758308,0.4928015456876261,0.34624758146655765,0.6393555099086945,35.042492100000004,-84.95894145572973,Bradley,0.08,35.0425,-84.9587,0.021999245565364076
2024-05-11 14:51:00,159758308,0.1439175737248865,0.10124470691464066,0.18659044053513235,35.042492100000004,-84.95894145572973,Bradley,0.08,35.0425,-84.9587,0.021999245565364076
2024-05-11 14:52:00,159758308,0.18262445261274798,0.12494332379511572,0.24030558143038025,35.042492100000004,-84.95894145572973,Bradley,0.15,35.0425,-84.9587,0.021999245565364076
2024-05-11 14:53:00,159758308,-0.044470309249169886,-0.057389754453651236,-0.031550864044688536,35.042492100000004,-84.95894145572973,Bradley,-0.24,35.0425,-84.9587,0.021999245565364076
2024-05-11 14:54:00,159758308,0.002134281593276577,-0.020344670283993255,0.024613233470546413,35.042492100000004,-84.95894145572973,Bradley,0.04,35.0425,-84.9587,0.021999245565364076
2024-05-11 14:55:00,159758308,-0.06582756529899757,-0.08585139932259662,-0.04580373127539851,35.042492100000004,-84.95894145572973,Bradley,0.16,35.0425,-84.9587,0.021999245565364076
2024-05-11 14:56:00,159758308,0.27584409938214527,0.19497535234152516,0.35671284642276535,35.042492100000004,-84.95894145572973,Bradley,-0.12,35.0425,-84.9587,0.021999245565364076
2024-05-11 14:57:00,159758308,-0.35901552057939645,-0.46381527879498907,-0.25421576236380383,35.042492100000004,-84.95894145572973,Bradley,0.03,35.0425,-84.9587,0.021999245565364076
2024-05-11 14:58:00,159758308,-0.617712722501261,-0.8001448360116936,-0.43528060899082827,35.042492100000004,-84.95894145572973,Bradley,-0.11,35.0425,-84.9587,0.021999245565364076
2024-05-11 14:59:00,159758308,-0.7973757591837592,-1.031003919736442,-0.5637475986310764,35.042492100000004,-84.95894145572973,Bradley,0.1,35.0425,-84.9587,0.021999245565364076
2024-05-11 15:00:00,159758308,-0.370833847774462,-0.4787788051337409,-0.2628888904151831,35.042492100000004,-84.95894145572973,Bradley,-0.31,35.0425,-84.9587,0.021999245565364076
2024-05-11 15:01:00,159758308,-0.5408171273432246,-0.6988466218740883,-0.38278763281236095,35.042492100000004,-84.95894145572973,Bradley,0.01,35.0425,-84.9587,0.021999245565364076
2024-05-11 15:02:00,159758308,-0.39998033083599527,-0.5169920942240176,-0.28296856744797294,35.042492100000004,-84.95894145572973,Bradley,-0.15,35.0425,-84.9587,0.021999245565364076
2024-05-11 15:03:00,159758308,0.07188401161301593,0.04050558170866756,0.1032624415173643,35.042492100000004,-84.95894145572973,Bradley,-0.12,35.0425,-84.9587,0.021999245565364076
2024-05-11 15:04:00,159758308,0.9404894502353732,0.6621611018266812,1.2188177986440651,35.042492100000004,-84.95894145572973,Bradley,0.35,35.0425,-84.9587,0.021999245565364076
2024-05-11 15:05:00,159758308,0.6528144636327337,0.4606882832194419,0.8449406440460254,35.042492100000004,-84.95894145572973,Bradley,-0.03,35.0425,-84.9587,0.021999245565364076
2024-05-11 15:06:00,159758308,0.24639445178526395,0.17469628898551115,0.31809261458501675,35.042492100000004,-84.95894145572973,Bradley,0.58,35.0425,-84.9587,0.021999245565364076
2024-05-11 15:07:00,159758308,-0.04179886161840114,-0.05440659966470685,-0.029191123572095433,35.042492100000004,-84.95894145572973,Bradley,0.29,35.0425,-84.9587,0.021999245565364076
2024-05-11 15:08:00,159758308,0.18059806079774715,0.1279980200394945,0.2331981015559998,35.042492100000004,-84.95894145572973,Bradley,0.55,35.0425,-84.9587,0.021999245565364076
2024-05-11 15:09:00,159758308,0.25594721308633156,0.18139918553219908,0.33049524064046404,35.042492100000004,-84.95894145572973,Bradley,0.52,35.0425,-84.9587,0.021999245565364076
2024-05-11 15:10:00,159758308,-0.2575891285673756,-0.33780919365110945,-0.17736906348364173,35.042492100000004,-84.95894145572973,Bradley,0.63,35.0425,-84.9587,0.021999245565364076
2024-05-11 15:11:00,159758308,-0.3218506516108356,-0.4158377198725631,-0.22786358334910803,35.042492100000004,-84.95894145572973,Bradley,0.56,35.0425,-84.9587,0.021999245565364076
2024-05-11 15:12:00,159758308,-0.7331758048924009,-0.9472095157221847,-0.519142094062617,35.042492100000004,-84.95894145572973,Bradley,0.31,35.0425,-84.9587,0.021999245565364076
2024-05-11 15:13:00,159758308,-0.30822343447902656,-0.39861078818466433,-0.21783608077338878,35.042492100000004,-84.95894145572973,Bradley,0.25,35.0425,-84.9587,0.021999245565364076
2024-05-11 15:14:00,159758308,-0.4515448995460659,-0.5844521964369408,-0.31863760265519103,35.042492100000004,-84.95894145572973,Bradley,0.36,35.0425,-84.9587,0.021999245565364076
2024-05-11 15:15:00,159758308,-0.015788870364447607,-0.027871626261075935,-0.0037061144678192798,35.042492100000004,-84.95894145572973,Bradley,0.2,35.0425,-84.9587,0.021999245565364076
2024-05-11 15:16:00,159758308,-0.18054946252942167,-0.2344256372295595,-0.12667328782928383,35.042492100000004,-84.95894145572973,Bradley,0.26,35.0425,-84.9587,0.021999245565364076
2024-05-11 15:17:00,159758308,-0.45179281638786145,-0.5845918798082465,-0.31899375296747645,35.042492100000004,-84.95894145572973,Bradley,0.41,35.0425,-84.9587,0.021999245565364076
2024-05-11 15:18:00,159758308,-0.5583689830089946,-0.7225590213040213,-0.39417894471396797,35.042492100000004,-84.95894145572973,Bradley,0.25,35.0425,-84.9587,0.021999245565364076
2024-05-11 15:19:00,159758308,-0.35555396115290855,-0.4595070582517733,-0.2516008640540438,35.042492100000004,-84.95894145572973,Bradley,0.07,35.0425,-84.9587,0.021999245565364076
2024-05-11 15:20:00,159758308,-0.3064990989618359,-0.39578625326722816,-0.21721194465644367,35.042492100000004,-84.95894145572973,Bradley,0.28,35.0425,-84.9587,0.021999245565364076
2024-05-11 15:21:00,159758308,-0.13647407577914844,-0.17618607571551184,-0.09676207584278504,35.042492100000004,-84.95894145572973,Bradley,0.07,35.0425,-84.9587,0.021999245565364076
2024-05-11 15:22:00,159758308,0.13112865619877478,0.08431711328682248,0.1779401991107271,35.042492100000004,-84.95894145572973,Bradley,0.04,35.0425,-84.9587,0.021999245565364076
2024-05-11 15:23:00,159758308,-0.07624729159059505,-0.10359964697865753,-0.04889493620253258,35.042492100000004,-84.95894145572973,Bradley,0.28,35.0425,-84.9587,0.021999245565364076
2024-05-11 15:24:00,159758308,-0.08702096637656566,-0.11657861312631133,-0.057463319626819984,35.042492100000004,-84.95894145572973,Bradley,0.39,35.0425,-84.9587,0.021999245565364076
2024-05-11 15:25:00,159758308,-0.14325566859396016,-0.19257914944656354,-0.09393218774135678,35.042492100000004,-84.95894145572973,Bradley,0.15,35.0425,-84.9587,0.021999245565364076
2024-05-11 15:26:00,159758308,0.003240809716389495,-0.016970811089387305,0.023452430522166293,35.042492100000004,-84.95894145572973,Bradley,0.18,35.0425,-84.9587,0.021999245565364076
2024-05-11 15:27:00,159758308,-0.12275590107756809,-0.15850491746028467,-0.08700688469485152,35.042492100000004,-84.95894145572973,Bradley,0.15,35.0425,-84.9587,0.021999245565364076
2024-05-11 15:28:00,159758308,-0.13691466176918712,-0.17816110933679352,-0.09566821420158073,35.042492100000004,-84.95894145572973,Bradley,0.17,35.0425,-84.9587,0.021999245565364076
2024-05-11 15:29:00,159758308,-0.07806581190631305,-0.11132412088042068,-0.04480750293220542,35.042492100000004,-84.95894145572973,Bradley,0.1,35.0425,-84.9587,0.021999245565364076
2024-05-11 15:30:00,159758308,-0.1954406450960407,-0.25228808951163,-0.1385932006804514,35.042492100000004,-84.95894145572973,Bradley,0.55,35.0425,-84.9587,0.021999245565364076
2024-05-11 15:31:00,159758308,0.07959639056064013,0.05426700265498091,0.10492577846629936,35.042492100000004,-84.95894145572973,Bradley,0.46,35.0425,-84.9587,0.021999245565364076
2024-05-11 15:32:00,159758308,0.3143171811953598,0.22254193645061154,0.406092425940108,35.042492100000004,-84.95894145572973,Bradley,0.2,35.0425,-84.9587,0.021999245565364076
2024-05-11 15:33:00,159758308,0.3134615397244872,0.2139924774323474,0.412930602016627,35.042492100000004,-84.95894145572973,Bradley,0.6,35.0425,-84.9587,0.021999245565364076
2024-05-11 15:34:00,159758308,0.16554495241310105,0.11735318959433864,0.21373671523186344,35.042492100000004,-84.95894145572973,Bradley,0.33,35.0425,-84.9587,0.021999245565364076
2024-05-11 15:35:00,159758308,0.0331472462267385,0.01633756941194533,0.04995692304153167,35.042492100000004,-84.95894145572973,Bradley,0.09,35.0425,-84.9587,0.021999245565364076
2024-05-11 15:36:00,159758308,0.3690419508132986,0.2596210615991664,0.4784628400274308,35.042492100000004,-84.95894145572973,Bradley,0.14,35.0425,-84.9587,0.021999245565364076
2024-05-11 15:37:00,159758308,0.3122364857410054,0.22113839762960813,0.4033345738524026,35.042492100000004,-84.95894145572973,Bradley,0.07,35.0425,-84.9587,0.021999245565364076
2024-05-11 15:38:00,159758308,0.20695687494746134,0.14661485804861202,0.26729889184631067,35.042492100000004,-84.95894145572973,Bradley,-0.19,35.0425,-84.9587,0.021999245565364076
2024-05-11 15:39:00,159758308,0.2570092330142485,0.18149591225855102,0.332522553769946,35.042492100000004,-84.95894145572973,Bradley,-0.03,35.0425,-84.9587,0.021999245565364076
2024-05-11 15:40:00,159758308,0.38365279032868194,0.271842399718564,0.4954631809387999,35.042492100000004,-84.95894145572973,Bradley,0.15,35.0425,-84.9587,0.021999245565364076
2024-05-11 15:41:00,159758308,0.36119168864534296,0.2555566732288165,0.46682670406186944,35.042492100000004,-84.95894145572973,Bradley,0.22,35.0425,-84.9587,0.021999245565364076
2024-05-11 15:42:00,159758308,0.21955942386096167,0.15563152817654258,0.28348731954538076,35.042492100000004,-84.95894145572973,Bradley,0.08,35.0425,-84.9587,0.021999245565364076
2024-05-11 15:43:00,159758308,0.4622690268787828,0.327638504092569,0.5968995496649966,35.042492100000004,-84.95894145572973,Bradley,0.12,35.0425,-84.9587,0.021999245565364076
2024-05-11 15:44:00,159758308,0.14969136815946538,0.1039785088967633,0.19540422742216745,35.042492100000004,-84.95894145572973,Bradley,0.04,35.0425,-84.9587,0.021999245565364076
2024-05-11 15:45:00,159758308,-0.00037985971972857375,-0.005263988931550642,0.004504269492093495,35.042492100000004,-84.95894145572973,Bradley,0.46,35.0425,-84.9587,0.021999245565364076
2024-05-11 15:46:00,159758308,0.38376000204900806,0.2714613174440461,0.49605868665397,35.042492100000004,-84.95894145572973,Bradley,0.17,35.0425,-84.9587,0.021999245565364076
2024-05-11 15:47:00,159758308,0.07695741018514626,0.05333254053447502,0.10058227983581751,35.042492100000004,-84.95894145572973,Bradley,-0.03,35.0425,-84.9587,0.021999245565364076
2024-05-11 15:48:00,159758308,-0.12503685915959145,-0.16489386915626397,-0.08517984916291893,35.042492100000004,-84.95894145572973,Bradley,0.47,35.0425,-84.9587,0.021999245565364076
2024-05-11 15:49:00,159758308,-0.5711010725769166,-0.7380829720618969,-0.4041191730919362,35.042492100000004,-84.95894145572973,Bradley,0.35,35.0425,-84.9587,0.021999245565364076
2024-05-11 15:50:00,159758308,0.2621696795403917,0.18557722579984767,0.33876213328093574,35.042492100000004,-84.95894145572973,Bradley,-0.09,35.0425,-84.9587,0.021999245565364076
2024-05-11 15:51:00,159758308,0.4533788274419973,0.3212831398276926,0.5854745150563021,35.042492100000004,-84.95894145572973,Bradley,0.16,35.0425,-84.9587,0.021999245565364076
2024-05-11 15:52:00,159758308,0.7482415964399798,0.530059499802867,0.9664236930770925,35.042492100000004,-84.95894145572973,Bradley,-0.32,35.0425,-84.9587,0.021999245565364076
2024-05-11 15:53:00,159758308,0.3244284121238231,0.22818109615723173,0.42067572809041454,35.042492100000004,-84.95894145572973,Bradley,0.13,35.0425,-84.9587,0.021999245565364076
2024-05-11 15:54:00,159758308,-0.06335589800733965,-0.08497049464708388,-0.04174130136759542,35.042492100000004,-84.95894145572973,Bradley,0.21,35.0425,-84.9587,0.021999245565364076
2024-05-11 15:55:00,159758308,0.07468230113457254,0.05141514729892521,0.09794945497021987,35.042492100000004,-84.95894145572973,Bradley,0.01,35.0425,-84.9587,0.021999245565364076
2024-05-11 15:56:00,159758308,0.5535426495775891,0.3919556309545098,0.7151296682006685,35.042492100000004,-84.95894145572973,Bradley,0.06,35.0425,-84.9587,0.021999245565364076
2024-05-11 15:57:00,159758308,0.6145957018115333,0.43544582863146963,0.793745574991597,35.042492100000004,-84.95894145572973,Bradley,0.16,35.0425,-84.9587,0.021999245565364076
2024-05-11 15:58:00,159758308,-0.12576353461772866,-0.1639191649082174,-0.08760790432723992,35.042492100000004,-84.95894145572973,Bradley,0.15,35.0425,-84.9587,0.021999245565364076
2024-05-11 15:59:00,159758308,-0.5508502070023538,-0.7123110589164334,-0.3893893550882741,35.042492100000004,-84.95894145572973,Bradley,0.05,35.0425,-84.9587,0.021999245565364076
2024-05-11 16:00:00,159758308,-0.004371903531087992,-0.009359003772003001,0.0006151967098270176,35.042492100000004,-84.95894145572973,Bradley,-0.1,35.0425,-84.9587,0.021999245565364076
2024-05-11 16:01:00,159758308,0.24394467218497815,0.17280929117613691,0.3150800531938194,35.042492100000004,-84.95894145572973,Bradley,-0.12,35.0425,-84.9587,0.021999245565364076
2024-05-11 16:02:00,159758308,0.04257399681517159,0.026439085768971148,0.058708907861372034,35.042492100000004,-84.95894145572973,Bradley,0.19,35.0425,-84.9587,0.021999245565364076
2024-05-11 16:03:00,159758308,0.08669184035074814,0.060556992541831625,0.11282668815966466,35.042492100000004,-84.95894145572973,Bradley,0.25,35.0425,-84.9587,0.021999245565364076
2024-05-11 16:04:00,159758308,0.22847925839042535,0.16085262621689375,0.296105890563957,35.042492100000004,-84.95894145572973,Bradley,0.14,35.0425,-84.9587,0.021999245565364076
2024-05-11 16:05:00,159758308,-0.03334980229042325,-0.04505144605570799,-0.021648158525138517,35.042492100000004,-84.95894145572973,Bradley,0.34,35.0425,-84.9587,0.021999245565364076
2024-05-11 16:06:00,159758308,-0.07539522623807372,-0.09743524381608704,-0.0533552086600604,35.042492100000004,-84.95894145572973,Bradley,0.25,35.0425,-84.9587,0.021999245565364076
2024-05-11 16:07:00,159758308,0.00714765752652546,0.0021972956982740906,0.012098019354776831,35.042492100000004,-84.95894145572973,Bradley,0.24,35.0425,-84.9587,0.021999245565364076
2024-05-11 16:08:00,159758308,0.3336693892642485,0.23621745522890902,0.43112132329958797,35.042492100000004,-84.95894145572973,Bradley,0.2,35.0425,-84.9587,0.021999245565364076
2024-05-11 16:09:00,159758308,0.35804183128782785,0.2526561942648535,0.4634274683108022,35.042492100000004,-84.95894145572973,Bradley,0.15,35.0425,-84.9587,0.021999245565364076
2024-05-11 16:10:00,159758308,0.33743944918459984,0.2388446584286809,0.43603423994051876,35.042492100000004,-84.95894145572973,Bradley,0.16,35.0425,-84.9587,0.021999245565364076
2024-05-11 16:11:00,159758308,0.050399031186953595,0.03558719386284158,0.06521086851106561,35.042492100000004,-84.95894145572973,Bradley,0.22,35.0425,-84.9587,0.021999245565364076
2024-05-11 16:12:00,159758308,0.10465230730129875,0.0739506826290171,0.1353539319735804,35.042492100000004,-84.95894145572973,Bradley,0.11,35.0425,-84.9587,0.021999245565364076
2024-05-11 16:13:00,159758308,-0.019187224336173925,-0.02528391394646461,-0.01309053472588324,35.042492100000004,-84.95894145572973,Bradley,0.22,35.0425,-84.9587,0.021999245565364076
2024-05-11 16:14:00,159758308,0.12130628533225454,0.08599907117126687,0.15661349949324221,35.042492100000004,-84.95894145572973,Bradley,0.25,35.0425,-84.9587,0.021999245565364076
2024-05-11 16:15:00,159758308,-0.08627389113856548,-0.11297402288658857,-0.059573759390542394,35.042492100000004,-84.95894145572973,Bradley,0.12,35.0425,-84.9587,0.021999245565364076
2024-05-11 16:16:00,159758308,-0.07598275631646141,-0.09936548411211024,-0.05260002852081258,35.042492100000004,-84.95894145572973,Bradley,0.04,35.0425,-84.9587,0.021999245565364076
2024-05-11 16:17:00,159758308,0.0357984326073365,0.02535706478882864,0.04623980042584436,35.042492100000004,-84.95894145572973,Bradley,0.14,35.0425,-84.9587,0.021999245565364076
2024-05-11 16:18:00,159758308,-0.02299610335472533,-0.02981663024975613,-0.01617557645969453,35.042492100000004,-84.95894145572973,Bradley,0.32,35.0425,-84.9587,0.021999245565364076
2024-05-11 16:19:00,159758308,-0.22091828726567753,-0.2859992623874351,-0.15583731214391994,35.042492100000004,-84.95894145572973,Bradley,0.28,35.0425,-84.9587,0.021999245565364076
2024-05-11 16:20:00,159758308,-0.3759797640751093,-0.486695004901721,-0.2652645232484976,35.042492100000004,-84.95894145572973,Bradley,0.24,35.0425,-84.9587,0.021999245565364076
2024-05-11 16:21:00,159758308,-0.11502532856369788,-0.14960778593347096,-0.08044287119392478,35.042492100000004,-84.95894145572973,Bradley,0.48,35.0425,-84.9587,0.021999245565364076
2024-05-11 16:22:00,159758308,-0.05956421719354195,-0.07697386749351402,-0.042154566893569875,35.042492100000004,-84.95894145572973,Bradley,0.3,35.0425,-84.9587,0.021999245565364076
2024-05-11 16:23:00,159758308,0.028918701767039603,0.01295982419861583,0.04487757933546338,35.042492100000004,-84.95894145572973,Bradley,0.41,35.0425,-84.9587,0.021999245565364076
2024-05-11 16:24:00,159758308,0.2014493448428043,0.14029356304566185,0.26260512663994673,35.042492100000004,-84.95894145572973,Bradley,0.4,35.0425,-84.9587,0.021999245565364076
2024-05-11 16:25:00,159758308,-0.018845256094813908,-0.026301459255286316,-0.0113890529343415,35.042492100000004,-84.95894145572973,Bradley,0.26,35.0425,-84.9587,0.021999245565364076
2024-05-11 16:26:00,159758308,-0.04311717173839946,-0.05595754142730223,-0.030276802049496697,35.042492100000004,-84.95894145572973,Bradley,0.48,35.0425,-84.9587,0.021999245565364076
2024-05-11 16:27:00,159758308,0.09294002202026942,0.06315664844899484,0.12272339559154401,35.042492100000004,-84.95894145572973,Bradley,0.32,35.0425,-84.9587,0.021999245565364076
2024-05-11 16:28:00,159758308,0.11411037586163417,0.07988499689722453,0.1483357548260438,35.042492100000004,-84.95894145572973,Bradley,0.45,35.0425,-84.9587,0.021999245565364076
2024-05-11 16:29:00,159758308,-0.012154201412649867,-0.019175529504261914,-0.005132873321037823,35.042492100000004,-84.95894145572973,Bradley,0.47,35.0425,-84.9587,0.021999245565364076
2024-05-11 16:30:00,159758308,-0.2407680529432162,-0.31231266935853796,-0.16922343652789446,35.042492100000004,-84.95894145572973,Bradley,0.54,35.0425,-84.9587,0.021999245565364076
2024-05-11 16:31:00,159758308,-0.20785930866993108,-0.2689693061007257,-0.14674931123913645,35.042492100000004,-84.95894145572973,Bradley,0.48,35.0425,-84.9587,0.021999245565364076
2024-05-11 16:32:00,159758308,-0.12291819630810777,-0.15898807380033267,-0.08684831881588287,35.042492100000004,-84.95894145572973,Bradley,0.32,35.0425,-84.9587,0.021999245565364076
2024-05-11 16:33:00,159758308,-0.0866251767844102,-0.11826260095722985,-0.05498775261159055,35.042492100000004,-84.95894145572973,Bradley,0.61,35.0425,-84.9587,0.021999245565364076
2024-05-11 16:34:00,159758308,-0.03871525736887662,-0.05691153121170746,-0.020518983526045777,35.042492100000004,-84.95894145572973,Bradley,0.73,35.0425,-84.9587,0.021999245565364076
2024-05-11 16:35:00,159758308,-0.2821969274073218,-0.36766005941242413,-0.1967337954022194,35.042492100000004,-84.95894145572973,Bradley,0.27,35.0425,-84.9587,0.021999245565364076
2024-05-11 16:36:00,159758308,-0.004307230607567013,-0.009141084789084705,0.0005266235739506799,35.042492100000004,-84.95894145572973,Bradley,0.27,35.0425,-84.9587,0.021999245565364076
2024-05-11 16:37:00,159758308,-0.013481317146881042,-0.018402151626216997,-0.008560482667545086,35.042492100000004,-84.95894145572973,Bradley,0.24,35.0425,-84.9587,0.021999245565364076
2024-05-11 16:38:00,159758308,-0.03216129962277236,-0.043356139333701804,-0.020966459911842913,35.042492100000004,-84.95894145572973,Bradley,0.44,35.0425,-84.9587,0.021999245565364076
2024-05-11 16:39:00,159758308,-0.2195907828786987,-0.2841152484232582,-0.15506631733413923,35.042492100000004,-84.95894145572973,Bradley,0.28,35.0425,-84.9587,0.021999245565364076
2024-05-11 16:40:00,159758308,0.10954786453298378,0.0760598038331547,0.14303592523281286,35.042492100000004,-84.95894145572973,Bradley,0.32,35.0425,-84.9587,0.021999245565364076
2024-05-11 16:41:00,159758308,-0.3419421772549596,-0.4427928104184059,-0.24109154409151334,35.042492100000004,-84.95894145572973,Bradley,0.31,35.0425,-84.9587,0.021999245565364076
2024-05-11 16:42:00,159758308,-1.4673945023537323,-1.8994527863192883,-1.0353362183881762,35.042492100000004,-84.95894145572973,Bradley,0.25,35.0425,-84.9587,0.021999245565364076
2024-05-11 16:43:00,159758308,-0.16956001492098186,-0.2195668770535013,-0.11955315278846242,35.042492100000004,-84.95894145572973,Bradley,0.22,35.0425,-84.9587,0.021999245565364076
2024-05-11 16:44:00,159758308,-0.6206287827841291,-0.801772661131801,-0.43948490443645727,35.042492100000004,-84.95894145572973,Bradley,0.36,35.0425,-84.9587,0.021999245565364076
2024-05-11 16:45:00,159758308,0.3540236082506725,0.24270538487089832,0.4653418316304466,35.042492100000004,-84.95894145572973,Bradley,0.45,35.0425,-84.9587,0.021999245565364076
2024-05-11 16:46:00,159758308,0.8486167225327841,0.5967717190610841,1.1004617260044842,35.042492100000004,-84.95894145572973,Bradley,0.37,35.0425,-84.9587,0.021999245565364076
2024-05-11 16:47:00,159758308,-0.22291656268388535,-0.2895144441438042,-0.15631868122396653,35.042492100000004,-84.95894145572973,Bradley,0.39,35.0425,-84.9587,0.021999245565364076
2024-05-11 16:48:00,159758308,0.1523578287213139,0.10751070674701879,0.197204950695609,35.042492100000004,-84.95894145572973,Bradley,0.12,35.0425,-84.9587,0.021999245565364076
2024-05-11 16:49:00,159758308,0.13845108945496384,0.09741575958042933,0.17948641932949835,35.042492100000004,-84.95894145572973,Bradley,0.23,35.0425,-84.9587,0.021999245565364076
2024-05-11 16:50:00,159758308,0.2047552584639795,0.14109982726475567,0.2684106896632033,35.042492100000004,-84.95894145572973,Bradley,0.33,35.0425,-84.9587,0.021999245565364076
2024-05-11 16:51:00,159758308,0.1665785686233818,0.11769155385086147,0.21546558339590213,35.042492100000004,-84.95894145572973,Bradley,0.32,35.0425,-84.9587,0.021999245565364076
2024-05-11 16:52:00,159758308,0.13518043420582548,0.09510373268968805,0.17525713572196291,35.042492100000004,-84.95894145572973,Bradley,0.06,35.0425,-84.9587,0.021999245565364076
2024-05-11 16:53:00,159758308,0.1821241449331708,0.12824547182806384,0.23600281803827777,35.042492100000004,-84.95894145572973,Bradley,0.15,35.0425,-84.9587,0.021999245565364076
2024-05-11 16:54:00,159758308,0.247691171796192,0.17436520731643246,0.3210171362759515,35.042492100000004,-84.95894145572973,Bradley,0.16,35.0425,-84.9587,0.021999245565364076
2024-05-11 16:55:00,159758308,0.1612971600222764,0.11408123122265305,0.20851308882189973,35.042492100000004,-84.95894145572973,Bradley,0.17,35.0425,-84.9587,0.021999245565364076
2024-05-11 16:56:00,159758308,-0.12297775381430733,-0.1603891224573798,-0.08556638517123485,35.042492100000004,-84.95894145572973,Bradley,0.11,35.0425,-84.9587,0.021999245565364076
2024-05-11 16:57:00,159758308,-0.23734540496805648,-0.3078651712745375,-0.16682563866157546,35.042492100000004,-84.95894145572973,Bradley,0.21,35.0425,-84.9587,0.021999245565364076
2024-05-11 16:58:00,159758308,-0.03908066278186995,-0.05089110461892587,-0.027270220944814037,35.042492100000004,-84.95894145572973,Bradley,0.12,35.0425,-84.9587,0.021999245565364076
2024-05-11 16:59:00,159758308,0.06946931593996931,0.04915782448941917,0.08978080739051947,35.042492100000004,-84.95894145572973,Bradley,0.18,35.0425,-84.9587,0.021999245565364076
2024-05-11 17:00:00,159758308,-0.005208472718147119,-0.00914800364393175,-0.0012689417923624864,35.042492100000004,-84.95894145572973,Bradley,0.21,35.0425,-84.9587,0.021999245565364076
2024-05-11 17:01:00,159758308,0.04052367014779128,0.028704811691960944,0.05234252860362161,35.042492100000004,-84.95894145572973,Bradley,0.14,35.0425,-84.9587,0.021999245565364076
2024-05-11 17:02:00,159758308,0.07707997304766308,0.05424717942763897,0.09991276666768718,35.042492100000004,-84.95894145572973,Bradley,0.01,35.0425,-84.9587,0.021999245565364076
2024-05-11 17:03:00,159758308,0.2607443218834062,0.18479906241957877,0.3366895813472336,35.042492100000004,-84.95894145572973,Bradley,-0.04,35.0425,-84.9587,0.021999245565364076
2024-05-11 17:04:00,159758308,0.09990145715996973,0.07053693009992587,0.1292659842200136,35.042492100000004,-84.95894145572973,Bradley,-0.05,35.0425,-84.9587,0.021999245565364076
2024-05-11 17:05:00,159758308,0.3298290588748319,0.23370641969049985,0.4259516980591639,35.042492100000004,-84.95894145572973,Bradley,0.03,35.0425,-84.9587,0.021999245565364076
2024-05-11 17:06:00,159758308,-0.6373618561386181,-0.8234714113411877,-0.4512523009360484,35.042492100000004,-84.95894145572973,Bradley,0.17,35.0425,-84.9587,0.021999245565364076
2024-05-11 17:07:00,159758308,-1.5542021740501009,-2.007866282621382,-1.1005380654788197,35.042492100000004,-84.95894145572973,Bradley,0.24,35.0425,-84.9587,0.021999245565364076
2024-05-11 17:08:00,159758308,-0.17948547240143745,-0.23203152387855508,-0.1269394209243198,35.042492100000004,-84.95894145572973,Bradley,-0.22,35.0425,-84.9587,0.021999245565364076
2024-05-11 17:09:00,159758308,-0.5825843836688803,-0.7533279359797692,-0.41184083135799143,35.042492100000004,-84.95894145572973,Bradley,-0.31,35.0425,-84.9587,0.021999245565364076
2024-05-11 17:10:00,159758308,-0.01628138959688393,-0.021375252159338214,-0.011187527034429648,35.042492100000004,-84.95894145572973,Bradley,-0.16,35.0425,-84.9587,0.021999245565364076
2024-05-11 17:11:00,159758308,-0.3494544680197125,-0.45198479039460826,-0.2469241456448168,35.042492100000004,-84.95894145572973,Bradley,-0.32,35.0425,-84.9587,0.021999245565364076
2024-05-11 17:12:00,159758308,-0.21747618356485374,-0.28095473091174006,-0.15399763621796742,35.042492100000004,-84.95894145572973,Bradley,-0.16,35.0425,-84.9587,0.021999245565364076
2024-05-11 17:13:00,159758308,-0.30214561354657027,-0.39023621995574864,-0.21405500713739187,35.042492100000004,-84.95894145572973,Bradley,-0.11,35.0425,-84.9587,0.021999245565364076
2024-05-11 17:14:00,159758308,-0.18044282545078177,-0.23301235647706503,-0.12787329442449852,35.042492100000004,-84.95894145572973,Bradley,-0.14,35.0425,-84.9587,0.021999245565364076
2024-05-11 17:15:00,159758308,-0.12431116880148789,-0.16114957356638696,-0.08747276403658882,35.042492100000004,-84.95894145572973,Bradley,-0.11,35.0425,-84.9587,0.021999245565364076
2024-05-11 17:16:00,159758308,0.12381640230959987,0.08708052584279756,0.16055227877640216,35.042492100000004,-84.95894145572973,Bradley,-0.18,35.0425,-84.9587,0.021999245565364076
2024-05-11 17:17:00,159758308,0.038305553238746216,0.025950039575227134,0.050661066902265295,35.042492100000004,-84.95894145572973,Bradley,-0.08,35.0425,-84.9587,0.021999245565364076
2024-05-11 17:18:00,159758308,0.1356585771346461,0.09413373680410858,0.17718341746518362,35.042492100000004,-84.95894145572973,Bradley,0.09,35.0425,-84.9587,0.021999245565364076
2024-05-11 17:19:00,159758308,-0.14002318597112476,-0.18093385820101376,-0.09911251374123574,35.042492100000004,-84.95894145572973,Bradley,0.03,35.0425,-84.9587,0.021999245565364076
2024-05-11 17:20:00,159758308,0.0039694043879711,-0.0025097080438908365,0.010448516819833036,35.042492100000004,-84.95894145572973,Bradley,0.07,35.0425,-84.9587,0.021999245565364076
2024-05-11 17:21:00,159758308,0.039216134559410726,0.02472751397346752,0.05370475514535393,35.042492100000004,-84.95894145572973,Bradley,0.04,35.0425,-84.9587,0.021999245565364076
2024-05-11 17:22:00,159758308,0.19563031789834817,0.13780376230260272,0.2534568734940936,35.042492100000004,-84.95894145572973,Bradley,-0.01,35.0425,-84.9587,0.021999245565364076
2024-05-11 17:23:00,159758308,0.0596632402698386,0.03996246554869548,0.07936401499098172,35.042492100000004,-84.95894145572973,Bradley,0.12,35.0425,-84.9587,0.021999245565364076
2024-05-11 17:24:00,159758308,-0.02397786841427791,-0.03186541242266422,-0.016090324405891598,35.042492100000004,-84.95894145572973,Bradley,0.28,35.0425,-84.9587,0.021999245565364076
2024-05-11 17:25:00,159758308,-0.25847054682246134,-0.3338177790743863,-0.18312331457053638,35.042492100000004,-84.95894145572973,Bradley,0.21,35.0425,-84.9587,0.021999245565364076
2024-05-11 17:26:00,159758308,-0.1555402764716081,-0.2013715621510149,-0.10970899079220128,35.042492100000004,-84.95894145572973,Bradley,-0.41,35.0425,-84.9587,0.021999245565364076
2024-05-11 17:27:00,159758308,-0.20565543466553884,-0.26749832704388654,-0.14381254228719118,35.042492100000004,-84.95894145572973,Bradley,-0.1,35.0425,-84.9587,0.021999245565364076
2024-05-11 17:28:00,159758308,-0.17378494478185944,-0.2244141124338181,-0.12315577712990078,35.042492100000004,-84.95894145572973,Bradley,0.07,35.0425,-84.9587,0.021999245565364076
2024-05-11 17:29:00,159758308,-0.2939744550426614,-0.37974913878804895,-0.20819977129727388,35.042492100000004,-84.95894145572973,Bradley,-0.14,35.0425,-84.9587,0.021999245565364076
2024-05-11 17:30:00,159758308,0.01481485527156581,0.009444030923099783,0.020185679620031836,35.042492100000004,-84.95894145572973,Bradley,-0.12,35.0425,-84.9587,0.021999245565364076
2024-05-11 17:31:00,159758308,-0.10423300357656985,-0.1359819425881443,-0.0724840645649954,35.042492100000004,-84.95894145572973,Bradley,-0.02,35.0425,-84.9587,0.021999245565364076
2024-05-11 17:32:00,159758308,0.12379177480875925,0.08750571570050678,0.16007783391701172,35.042492100000004,-84.95894145572973,Bradley,0.01,35.0425,-84.9587,0.021999245565364076
2024-05-11 17:33:00,159758308,0.24181940095410223,0.1710230803537222,0.31261572155448225,35.042492100000004,-84.95894145572973,Bradley,-0.06,35.0425,-84.9587,0.021999245565364076
2024-05-11 17:34:00,159758308,0.3426553075876345,0.24220284895703714,0.4431077662182319,35.042492100000004,-84.95894145572973,Bradley,0.1,35.0425,-84.9587,0.021999245565364076
2024-05-11 17:35:00,159758308,0.19081404069645258,0.13509462331177952,0.24653345808112564,35.042492100000004,-84.95894145572973,Bradley,0.12,35.0425,-84.9587,0.021999245565364076
2024-05-11 17:36:00,159758308,0.11466100573459566,0.08130543785581436,0.14801657361337694,35.042492100000004,-84.95894145572973,Bradley,0.09,35.0425,-84.9587,0.021999245565364076
2024-05-11 17:37:00,159758308,0.016780542862359197,0.011151547148687872,0.02240953857603052,35.042492100000004,-84.95894145572973,Bradley,-0.07,35.0425,-84.9587,0.021999245565364076
2024-05-11 17:38:00,159758308,0.0318608543739755,0.022128855113819085,0.04159285363413191,35.042492100000004,-84.95894145572973,Bradley,0.06,35.0425,-84.9587,0.021999245565364076
2024-05-11 17:39:00,159758308,-0.14875786274010172,-0.192463623818464,-0.10505210166173946,35.042492100000004,-84.95894145572973,Bradley,0.04,35.0425,-84.9587,0.021999245565364076
2024-05-11 17:40:00,159758308,-0.20328901915559852,-0.26335057327095845,-0.1432274650402386,35.042492100000004,-84.95894145572973,Bradley,-0.04,35.0425,-84.9587,0.021999245565364076
2024-05-11 17:41:00,159758308,-0.14140991949762524,-0.1826626081051151,-0.1001572308901354,35.042492100000004,-84.95894145572973,Bradley,0.13,35.0425,-84.9587,0.021999245565364076
2024-05-11 17:42:00,159758308,-0.08729599399220327,-0.11275746892402913,-0.06183451906037741,35.042492100000004,-84.95894145572973,Bradley,0.11,35.0425,-84.9587,0.021999245565364076
2024-05-11 17:43:00,159758308,0.2441309381830027,0.16898952948592827,0.3192723468800771,35.042492100000004,-84.95894145572973,Bradley,0.23,35.0425,-84.9587,0.021999245565364076
2024-05-11 17:44:00,159758308,0.10585630477156187,0.07496219543496917,0.13675041410815458,35.042492100000004,-84.95894145572973,Bradley,0.32,35.0425,-84.9587,0.021999245565364076
2024-05-11 17:45:00,159758308,-0.292580292220074,-0.37864392250710227,-0.2065166619330457,35.042492100000004,-84.95894145572973,Bradley,0.25,35.0425,-84.9587,0.021999245565364076
2024-05-11 17:46:00,159758308,0.05801693288447798,0.038115173397226046,0.07791869237172991,35.042492100000004,-84.95894145572973,Bradley,0.3,35.0425,-84.9587,0.021999245565364076
2024-05-11 17:47:00,159758308,0.2584230157458389,0.17913193981502018,0.33771409167665767,35.042492100000004,-84.95894145572973,Bradley,-0.25,35.0425,-84.9587,0.021999245565364076
2024-05-11 17:48:00,159758308,0.14177268258500755,0.09890386577286145,0.18464149939715366,35.042492100000004,-84.95894145572973,Bradley,0.54,35.0425,-84.9587,0.021999245565364076
2024-05-11 17:49:00,159758308,-0.1815125619956288,-0.24380185570708768,-0.1192232682841699,35.042492100000004,-84.95894145572973,Bradley,-0.53,35.0425,-84.9587,0.021999245565364076
2024-05-11 17:50:00,159758308,0.01735821424431663,0.007830076371705075,0.026886352116928185,35.042492100000004,-84.95894145572973,Bradley,0.09,35.0425,-84.9587,0.021999245565364076
2024-05-11 17:51:00,159758308,-0.08158333732846125,-0.10559621126132382,-0.05757046339559868,35.042492100000004,-84.95894145572973,Bradley,-0.06,35.0425,-84.9587,0.021999245565364076
2024-05-11 17:52:00,159758308,-0.047806319728664046,-0.06185919434624468,-0.03375344511108341,35.042492100000004,-84.95894145572973,Bradley,0.08,35.0425,-84.9587,0.021999245565364076
2024-05-11 17:53:00,159758308,0.23664270027740417,0.16518804627021977,0.30809735428458856,35.042492100000004,-84.95894145572973,Bradley,-0.12,35.0425,-84.9587,0.021999245565364076
2024-05-11 17:54:00,159758308,0.43991792803253194,0.3093525004219587,0.5704833556431052,35.042492100000004,-84.95894145572973,Bradley,-0.01,35.0425,-84.9587,0.021999245565364076
2024-05-11 17:55:00,159758308,0.12773008160568677,0.0906241804985959,0.16483598271277766,35.042492100000004,-84.95894145572973,Bradley,-0.08,35.0425,-84.9587,0.021999245565364076
2024-05-11 17:56:00,159758308,0.14739312978101882,0.10283926708329061,0.19194699247874702,35.042492100000004,-84.95894145572973,Bradley,0.11,35.0425,-84.9587,0.021999245565364076
2024-05-11 17:57:00,159758308,-0.2412563341932162,-0.31201940617332224,-0.17049326221311017,35.042492100000004,-84.95894145572973,Bradley,-0.1,35.0425,-84.9587,0.021999245565364076
2024-05-11 17:58:00,159758308,-0.3785817416305901,-0.4902551393953518,-0.2669083438658284,35.042492100000004,-84.95894145572973,Bradley,-0.09,35.0425,-84.9587,0.021999245565364076
2024-05-11 17:59:00,159758308,-0.01861469394501697,-0.030837788463430306,-0.006391599426603632,35.042492100000004,-84.95894145572973,Bradley,-0.17,35.0425,-84.9587,0.021999245565364076
2024-05-11 18:00:00,159758308,-0.05169657211457633,-0.06689930452116452,-0.03649383970798815,35.042492100000004,-84.95894145572973,Bradley,0.04,35.0425,-84.9587,0.021999245565364076
2024-05-11 18:01:00,159758308,-0.15501308377027992,-0.2002024361407897,-0.10982373139977014,35.042492100000004,-84.95894145572973,Bradley,-0.03,35.0425,-84.9587,0.021999245565364076
2024-05-11 18:02:00,159758308,-0.2842300917850538,-0.3671308230450303,-0.20132936052507736,35.042492100000004,-84.95894145572973,Bradley,0.18,35.0425,-84.9587,0.021999245565364076
2024-05-11 18:03:00,159758308,-0.3818154966743023,-0.4941948367806857,-0.2694361565679189,35.042492100000004,-84.95894145572973,Bradley,0.04,35.0425,-84.9587,0.021999245565364076
2024-05-11 18:04:00,159758308,-0.10684645344285894,-0.1380871335228023,-0.07560577336291557,35.042492100000004,-84.95894145572973,Bradley,0.13,35.0425,-84.9587,0.021999245565364076
2024-05-11 18:05:00,159758308,0.26365077744094656,0.1854371882692913,0.34186436661260183,35.042492100000004,-84.95894145572973,Bradley,0.13,35.0425,-84.9587,0.021999245565364076
2024-05-11 18:06:00,159758308,0.043815628185156774,0.026628515565627717,0.06100274080468583,35.042492100000004,-84.95894145572973,Bradley,0.37,35.0425,-84.9587,0.021999245565364076
2024-05-11 18:07:00,159758308,-0.046315098899117876,-0.06733113015316185,-0.02529906764507391,35.042492100000004,-84.95894145572973,Bradley,0.17,35.0425,-84.9587,0.021999245565364076
2024-05-11 18:08:00,159758308,-0.022911194914847954,-0.03653174577015226,-0.009290644059543648,35.042492100000004,-84.95894145572973,Bradley,0.15,35.0425,-84.9587,0.021999245565364076
2024-05-11 18:09:00,159758308,0.0961688926096482,0.0665569965396655,0.12578078867963088,35.042492100000004,-84.95894145572973,Bradley,0.28,35.0425,-84.9587,0.021999245565364076
2024-05-11 18:10:00,159758308,0.10605913276390173,0.07328346190300371,0.13883480362479977,35.042492100000004,-84.95894145572973,Bradley,0.12,35.0425,-84.9587,0.021999245565364076
2024-05-11 18:11:00,159758308,0.11613742440999075,0.08215676435975847,0.15011808446022304,35.042492100000004,-84.95894145572973,Bradley,0.18,35.0425,-84.9587,0.021999245565364076
2024-05-11 18:12:00,159758308,0.038425232631372944,0.02689800444947533,0.04995246081327055,35.042492100000004,-84.95894145572973,Bradley,0.18,35.0425,-84.9587,0.021999245565364076
2024-05-11 18:13:00,159758308,0.033195510997656774,0.023508678954712044,0.042882343040601505,35.042492100000004,-84.95894145572973,Bradley,0.22,35.0425,-84.9587,0.021999245565364076
2024-05-11 18:14:00,159758308,0.141997285392674,0.09864487396791279,0.18534969681743524,35.042492100000004,-84.95894145572973,Bradley,0.23,35.0425,-84.9587,0.021999245565364076
2024-05-11 18:15:00,159758308,0.316532342804304,0.22431511192060144,0.4087495736880065,35.042492100000004,-84.95894145572973,Bradley,0.3,35.0425,-84.9587,0.021999245565364076
2024-05-11 18:16:00,159758308,0.10485119489350411,0.07306321616463997,0.13663917362236827,35.042492100000004,-84.95894145572973,Bradley,0.22,35.0425,-84.9587,0.021999245565364076
2024-05-11 18:17:00,159758308,0.520631114187542,0.36890825064994986,0.6723539777251342,35.042492100000004,-84.95894145572973,Bradley,0.16,35.0425,-84.9587,0.021999245565364076
2024-05-11 18:18:00,159758308,-0.3742567420246301,-0.4835052316150722,-0.265008252434188,35.042492100000004,-84.95894145572973,Bradley,0.24,35.0425,-84.9587,0.021999245565364076
2024-05-11 18:19:00,159758308,-0.68069033183423,-0.87920642521048,-0.48217423845798,35.042492100000004,-84.95894145572973,Bradley,-0.28,35.0425,-84.9587,0.021999245565364076
2024-05-11 18:20:00,159758308,0.4065396194098857,0.2859826015227962,0.5270966372969752,35.042492100000004,-84.95894145572973,Bradley,-0.04,35.0425,-84.9587,0.021999245565364076
2024-05-11 18:21:00,159758308,0.09766388452526059,0.06864468278194903,0.12668308626857216,35.042492100000004,-84.95894145572973,Bradley,0.23,35.0425,-84.9587,0.021999245565364076
2024-05-11 18:22:00,159758308,-0.21539048051866175,-0.2800798140788689,-0.1507011469584546,35.042492100000004,-84.95894145572973,Bradley,0.17,35.0425,-84.9587,0.021999245565364076
2024-05-11 18:23:00,159758308,-0.2091022586373571,-0.2700590166584059,-0.14814550061630827,35.042492100000004,-84.95894145572973,Bradley,-0.23,35.0425,-84.9587,0.021999245565364076
2024-05-11 18:24:00,159758308,0.5695291812899294,0.403159203625403,0.7358991589544557,35.042492100000004,-84.95894145572973,Bradley,0.0,35.0425,-84.9587,0.021999245565364076
2024-05-11 18:25:00,159758308,-0.10680064629129539,-0.13818239262926363,-0.07541889995332714,35.042492100000004,-84.95894145572973,Bradley,-0.01,35.0425,-84.9587,0.021999245565364076
2024-05-11 18:26:00,159758308,-0.09252527438319604,-0.11949119525898662,-0.06555935350740545,35.042492100000004,-84.95894145572973,Bradley,0.11,35.0425,-84.9587,0.021999245565364076
2024-05-11 18:27:00,159758308,-0.0238950808896422,-0.034177501240361355,-0.013612660538923044,35.042492100000004,-84.95894145572973,Bradley,0.36,35.0425,-84.9587,0.021999245565364076
2024-05-11 18:28:00,159758308,-0.34950429766308005,-0.45217421096752725,-0.24683438435863286,35.042492100000004,-84.95894145572973,Bradley,-0.11,35.0425,-84.9587,0.021999245565364076
2024-05-11 18:29:00,159758308,0.1600021639364072,0.11242166912893312,0.2075826587438813,35.042492100000004,-84.95894145572973,Bradley,0.12,35.0425,-84.9587,0.021999245565364076
2024-05-11 18:30:00,159758308,-0.11661199635118948,-0.1512808766629915,-0.08194311603938746,35.042492100000004,-84.95894145572973,Bradley,0.19,35.0425,-84.9587,0.021999245565364076
2024-05-11 18:31:00,159758308,-0.28427860796170984,-0.36791285559594583,-0.20064436032747385,35.042492100000004,-84.95894145572973,Bradley,-0.2,35.0425,-84.9587,0.021999245565364076
2024-05-11 18:32:00,159758308,0.0906409627251282,0.06399482407094456,0.11728710137931184,35.042492100000004,-84.95894145572973,Bradley,0.12,35.0425,-84.9587,0.021999245565364076
2024-05-11 18:33:00,159758308,0.13713043972238567,0.09613872277743316,0.1781221566673382,35.042492100000004,-84.95894145572973,Bradley,0.09,35.0425,-84.9587,0.021999245565364076
2024-05-11 18:34:00,159758308,0.35117354967005715,0.24867542089132016,0.45367167844879414,35.042492100000004,-84.95894145572973,Bradley,0.62,35.0425,-84.9587,0.021999245565364076
2024-05-11 18:35:00,159758308,0.365145059263618,0.25869977313498077,0.47159034539225525,35.042492100000004,-84.95894145572973,Bradley,-0.01,35.0425,-84.9587,0.021999245565364076
2024-05-11 18:36:00,159758308,0.1561669642763324,0.11002421547536975,0.20230971307729503,35.042492100000004,-84.95894145572973,Bradley,-0.01,35.0425,-84.9587,0.021999245565364076
2024-05-11 18:37:00,159758308,-0.6443480213937458,-0.8323245575974431,-0.45637148519004855,35.042492100000004,-84.95894145572973,Bradley,-0.25,35.0425,-84.9587,0.021999245565364076
2024-05-11 18:38:00,159758308,0.4518415788395259,0.320019419554961,0.5836637381240908,35.042492100000004,-84.95894145572973,Bradley,0.35,35.0425,-84.9587,0.021999245565364076
2024-05-11 18:39:00,159758308,-0.07683685856853144,-0.09925292219413631,-0.05442079494292656,35.042492100000004,-84.95894145572973,Bradley,-0.06,35.0425,-84.9587,0.021999245565364076
2024-05-11 18:40:00,159758308,0.05668030606072945,0.03578826947791386,0.07757234264354504,35.042492100000004,-84.95894145572973,Bradley,0.05,35.0425,-84.9587,0.021999245565364076
2024-05-11 18:41:00,159758308,-0.4935738641139879,-0.6374872374427847,-0.3496604907851912,35.042492100000004,-84.95894145572973,Bradley,-0.25,35.0425,-84.9587,0.021999245565364076
2024-05-11 18:42:00,159758308,-0.20771096902320108,-0.27347225773121653,-0.14194968031518562,35.042492100000004,-84.95894145572973,Bradley,0.14,35.0425,-84.9587,0.021999245565364076
2024-05-11 18:43:00,159758308,-0.3788638086068847,-0.4900405191752375,-0.26768709803853186,35.042492100000004,-84.95894145572973,Bradley,0.33,35.0425,-84.9587,0.021999245565364076
2024-05-11 18:44:00,159758308,-0.3724503969296402,-0.4813813912302226,-0.2635194026290578,35.042492100000004,-84.95894145572973,Bradley,-0.06,35.0425,-84.9587,0.021999245565364076
2024-05-11 18:45:00,159758308,-0.29648966170351376,-0.38284384106614316,-0.21013548234088436,35.042492100000004,-84.95894145572973,Bradley,0.21,35.0425,-84.9587,0.021999245565364076
2024-05-11 18:46:00,159758308,-0.06196018570449101,-0.080009843025653,-0.04391052838332901,35.042492100000004,-84.95894145572973,Bradley,0.25,35.0425,-84.9587,0.021999245565364076
2024-05-11 18:47:00,159758308,0.48321816419384667,0.3408557338919273,0.625580594495766,35.042492100000004,-84.95894145572973,Bradley,0.09,35.0425,-84.9587,0.021999245565364076
2024-05-11 18:48:00,159758308,0.17358221940410642,0.11865251154685205,0.2285119272613608,35.042492100000004,-84.95894145572973,Bradley,0.33,35.0425,-84.9587,0.021999245565364076
2024-05-11 18:49:00,159758308,0.10279334144617938,0.07229503221927991,0.13329165067307885,35.042492100000004,-84.95894145572973,Bradley,0.29,35.0425,-84.9587,0.021999245565364076
2024-05-11 18:50:00,159758308,-0.012717664522377532,-0.01664599451616801,-0.008789334528587055,35.042492100000004,-84.95894145572973,Bradley,0.24,35.0425,-84.9587,0.021999245565364076
2024-05-11 18:51:00,159758308,0.6932444466627438,0.4908891605139969,0.8955997328114906,35.042492100000004,-84.95894145572973,Bradley,0.13,35.0425,-84.9587,0.021999245565364076
2024-05-11 18:52:00,159758308,0.4541874303862643,0.3213635732158706,0.587011287556658,35.042492100000004,-84.95894145572973,Bradley,0.21,35.0425,-84.9587,0.021999245565364076
2024-05-11 18:53:00,159758308,0.14050703427097344,0.09899259491086193,0.18202147363108495,35.042492100000004,-84.95894145572973,Bradley,0.22,35.0425,-84.9587,0.021999245565364076
2024-05-11 18:54:00,159758308,0.06402545818644398,0.04323109892492381,0.08481981744796416,35.042492100000004,-84.95894145572973,Bradley,0.25,35.0425,-84.9587,0.021999245565364076
2024-05-11 18:55:00,159758308,-0.19347208686218056,-0.2499024770797366,-0.13704169664462454,35.042492100000004,-84.95894145572973,Bradley,0.09,35.0425,-84.9587,0.021999245565364076
2024-05-11 18:56:00,159758308,-0.03785594742652467,-0.0503925117043381,-0.025319383148711235,35.042492100000004,-84.95894145572973,Bradley,0.05,35.0425,-84.9587,0.021999245565364076
2024-05-11 18:57:00,159758308,-0.29003060705804473,-0.3746238370312765,-0.20543737708481297,35.042492100000004,-84.95894145572973,Bradley,0.25,35.0425,-84.9587,0.021999245565364076
2024-05-11 18:58:00,159758308,-0.21461356495880968,-0.27762881123019695,-0.1515983186874224,35.042492100000004,-84.95894145572973,Bradley,-0.04,35.0425,-84.9587,0.021999245565364076
2024-05-11 18:59:00,159758308,0.2437347637861466,0.17097772431491104,0.3164918032573822,35.042492100000004,-84.95894145572973,Bradley,0.31,35.0425,-84.9587,0.021999245565364076
2024-05-11 19:00:00,159758308,0.10954435511411399,0.0726177157272461,0.1464709945009819,35.042492100000004,-84.95894145572973,Bradley,0.18,35.0425,-84.9587,0.021999245565364076
2024-05-11 19:01:00,159758308,-0.03827934932131533,-0.05267710904657556,-0.023881589596055103,35.042492100000004,-84.95894145572973,Bradley,0.11,35.0425,-84.9587,0.021999245565364076
2024-05-11 19:02:00,159758308,0.13063144747972008,0.09219778270076892,0.16906511225867124,35.042492100000004,-84.95894145572973,Bradley,0.21,35.0425,-84.9587,0.021999245565364076
2024-05-11 19:03:00,159758308,0.08205191657778875,0.05669437288153781,0.10740946027403969,35.042492100000004,-84.95894145572973,Bradley,0.23,35.0425,-84.9587,0.021999245565364076
2024-05-11 19:04:00,159758308,-0.13308918997194435,-0.17201338761566048,-0.09416499232822823,35.042492100000004,-84.95894145572973,Bradley,0.15,35.0425,-84.9587,0.021999245565364076
2024-05-11 19:05:00,159758308,-0.2432695502952673,-0.31478870359491185,-0.1717503969956228,35.042492100000004,-84.95894145572973,Bradley,0.15,35.0425,-84.9587,0.021999245565364076
2024-05-11 19:06:00,159758308,-0.10256208921328598,-0.13243207412726846,-0.0726921042993035,35.042492100000004,-84.95894145572973,Bradley,0.23,35.0425,-84.9587,0.021999245565364076
2024-05-11 19:07:00,159758308,-0.18747147314485962,-0.24257820871120128,-0.13236473757851797,35.042492100000004,-84.95894145572973,Bradley,0.17,35.0425,-84.9587,0.021999245565364076
2024-05-11 19:08:00,159758308,-0.4868604073848352,-0.6299390135050233,-0.343781801264647,35.042492100000004,-84.95894145572973,Bradley,0.4,35.0425,-84.9587,0.021999245565364076
2024-05-11 19:09:00,159758308,0.0681154190812563,0.04791176697201172,0.08831907119050089,35.042492100000004,-84.95894145572973,Bradley,0.08,35.0425,-84.9587,0.021999245565364076
2024-05-11 19:10:00,159758308,0.8118074746763618,0.5749759206146599,1.0486390287380638,35.042492100000004,-84.95894145572973,Bradley,0.44,35.0425,-84.9587,0.021999245565364076
2024-05-11 19:11:00,159758308,0.09901195287544133,0.06953643330950089,0.12848747244138176,35.042492100000004,-84.95894145572973,Bradley,0.34,35.0425,-84.9587,0.021999245565364076
2024-05-11 19:12:00,159758308,-0.1231412393740543,-0.15978206231783515,-0.08650041643027345,35.042492100000004,-84.95894145572973,Bradley,0.12,35.0425,-84.9587,0.021999245565364076
2024-05-11 19:13:00,159758308,-0.4100945170645595,-0.5298500990320222,-0.29033893509709685,35.042492100000004,-84.95894145572973,Bradley,0.12,35.0425,-84.9587,0.021999245565364076
2024-05-11 19:14:00,159758308,-0.34131113859175355,-0.446379465050448,-0.2362428121330591,35.042492100000004,-84.95894145572973,Bradley,0.12,35.0425,-84.9587,0.021999245565364076
2024-05-11 19:15:00,159758308,-0.5192237346061701,-0.6710572285455693,-0.36739024066677095,35.042492100000004,-84.95894145572973,Bradley,0.07,35.0425,-84.9587,0.021999245565364076
2024-05-11 19:16:00,159758308,-0.36568161041526565,-0.4721921469579135,-0.2591710738726178,35.042492100000004,-84.95894145572973,Bradley,0.19,35.0425,-84.9587,0.021999245565364076
2024-05-11 19:17:00,159758308,-0.3776346500399294,-0.4879772506521716,-0.2672920494276872,35.042492100000004,-84.95894145572973,Bradley,0.21,35.0425,-84.9587,0.021999245565364076
2024-05-11 19:18:00,159758308,-0.47300103501176866,-0.6107482512768225,-0.33525381874671484,35.042492100000004,-84.95894145572973,Bradley,0.32,35.0425,-84.9587,0.021999245565364076
2024-05-11 19:19:00,159758308,-0.4334400743947545,-0.560263930658395,-0.30661621813111406,35.042492100000004,-84.95894145572973,Bradley,0.17,35.0425,-84.9587,0.021999245565364076
2024-05-11 19:20:00,159758308,-0.3588783453997142,-0.4634163056675727,-0.2543403851318557,35.042492100000004,-84.95894145572973,Bradley,0.38,35.0425,-84.9587,0.021999245565364076
2024-05-11 19:21:00,159758308,-0.6355417196431573,-0.8207721445850615,-0.45031129470125303,35.042492100000004,-84.95894145572973,Bradley,0.32,35.0425,-84.9587,0.021999245565364076
2024-05-11 19:22:00,159758308,-0.553603561596335,-0.7161625711827411,-0.3910445520099288,35.042492100000004,-84.95894145572973,Bradley,0.13,35.0425,-84.9587,0.021999245565364076
2024-05-11 19:23:00,159758308,-0.08877711241567544,-0.11688082741541339,-0.0606733974159375,35.042492100000004,-84.95894145572973,Bradley,0.19,35.0425,-84.9587,0.021999245565364076
2024-05-11 19:24:00,159758308,-0.006167244494322089,-0.021756585466319284,0.009422096477675104,35.042492100000004,-84.95894145572973,Bradley,0.46,35.0425,-84.9587,0.021999245565364076
2024-05-11 19:25:00,159758308,0.3375830275145007,0.2388877317195834,0.43627832330941796,35.042492100000004,-84.95894145572973,Bradley,0.38,35.0425,-84.9587,0.021999245565364076
2024-05-11 19:26:00,159758308,1.118084926130632,0.7917757824935615,1.4443940697677027,35.042492100000004,-84.95894145572973,Bradley,0.36,35.0425,-84.9587,0.021999245565364076
2024-05-11 19:27:00,159758308,0.983529455804472,0.6962819487963778,1.2707769628125662,35.042492100000004,-84.95894145572973,Bradley,0.86,35.0425,-84.9587,0.021999245565364076
2024-05-11 19:28:00,159758308,0.616767519018998,0.4370064444232188,0.7965285936147771,35.042492100000004,-84.95894145572973,Bradley,0.11,35.0425,-84.9587,0.021999245565364076
2024-05-11 19:29:00,159758308,0.5046168354909213,0.3576471966975344,0.6515864742843082,35.042492100000004,-84.95894145572973,Bradley,-0.09,35.0425,-84.9587,0.021999245565364076
2024-05-11 19:30:00,159758308,-0.007732663366244636,-0.018828486666247743,0.003363159933758471,35.042492100000004,-84.95894145572973,Bradley,0.28,35.0425,-84.9587,0.021999245565364076
2024-05-11 19:31:00,159758308,0.3677271706350874,0.2602057227098107,0.47524861856036416,35.042492100000004,-84.95894145572973,Bradley,-0.06,35.0425,-84.9587,0.021999245565364076
2024-05-11 19:32:00,159758308,0.36773603653539005,0.2604491293383742,0.4750229437324059,35.042492100000004,-84.95894145572973,Bradley,0.34,35.0425,-84.9587,0.021999245565364076
2024-05-11 19:33:00,159758308,0.5398182359091291,0.3824621934936826,0.6971742783245757,35.042492100000004,-84.95894145572973,Bradley,0.06,35.0425,-84.9587,0.021999245565364076
2024-05-11 19:34:00,159758308,0.27662167167535306,0.19566811662086198,0.35757522672984415,35.042492100000004,-84.95894145572973,Bradley,0.15,35.0425,-84.9587,0.021999245565364076
2024-05-11 19:35:00,159758308,0.3979052176151648,0.28186148129726774,0.5139489539330618,35.042492100000004,-84.95894145572973,Bradley,0.29,35.0425,-84.9587,0.021999245565364076
2024-05-11 19:36:00,159758308,0.7244852523957633,0.5132483486658919,0.9357221561256348,35.042492100000004,-84.95894145572973,Bradley,0.25,35.0425,-84.9587,0.021999245565364076
2024-05-11 19:37:00,159758308,0.2508794480550185,0.17775580852060008,0.3240030875894369,35.042492100000004,-84.95894145572973,Bradley,0.31,35.0425,-84.9587,0.021999245565364076
2024-05-11 19:38:00,159758308,0.11639453551876681,0.08248662213160712,0.1503024489059265,35.042492100000004,-84.95894145572973,Bradley,-0.25,35.0425,-84.9587,0.021999245565364076
2024-05-11 19:39:00,159758308,-0.09739837954328136,-0.128251722208907,-0.06654503687765574,35.042492100000004,-84.95894145572973,Bradley,0.01,35.0425,-84.9587,0.021999245565364076
2024-05-11 19:40:00,159758308,-0.12484905394276437,-0.1654352879683575,-0.08426281991717126,35.042492100000004,-84.95894145572973,Bradley,-0.05,35.0425,-84.9587,0.021999245565364076
2024-05-11 19:41:00,159758308,0.2795984797936281,0.19755686088397706,0.3616400987032792,35.042492100000004,-84.95894145572973,Bradley,0.04,35.0425,-84.9587,0.021999245565364076
2024-05-11 19:42:00,159758308,-0.28682435272360457,-0.37155812791290865,-0.20209057753430051,35.042492100000004,-84.95894145572973,Bradley,0.33,35.0425,-84.9587,0.021999245565364076
2024-05-11 19:43:00,159758308,-0.15369600502532363,-0.1986366728687604,-0.10875533718188685,35.042492100000004,-84.95894145572973,Bradley,0.13,35.0425,-84.9587,0.021999245565364076
2024-05-11 19:44:00,159758308,0.290705975222764,0.20584478770635067,0.3755671627391773,35.042492100000004,-84.95894145572973,Bradley,0.08,35.0425,-84.9587,0.021999245565364076
2024-05-11 19:45:00,159758308,0.437767783025807,0.30969220903171846,0.5658433570198955,35.042492100000004,-84.95894145572973,Bradley,0.14,35.0425,-84.9587,0.021999245565364076
2024-05-11 19:46:00,159758308,0.09338756527929556,0.06611769528536969,0.12065743527322144,35.042492100000004,-84.95894145572973,Bradley,0.18,35.0425,-84.9587,0.021999245565364076
2024-05-11 19:47:00,159758308,0.5692192031460155,0.4032692547956004,0.7351691514964306,35.042492100000004,-84.95894145572973,Bradley,0.18,35.0425,-84.9587,0.021999245565364076
2024-05-11 19:48:00,159758308,0.3693882134751177,0.2616566941390823,0.47711973281115305,35.042492100000004,-84.95894145572973,Bradley,0.25,35.0425,-84.9587,0.021999245565364076
2024-05-11 19:49:00,159758308,0.3519082701118023,0.24931860993531862,0.454497930288286,35.042492100000004,-84.95894145572973,Bradley,0.02,35.0425,-84.9587,0.021999245565364076
2024-05-11 19:50:00,159758308,0.2601237088622226,0.18432827967563298,0.3359191380488122,35.042492100000004,-84.95894145572973,Bradley,0.15,35.0425,-84.9587,0.021999245565364076
2024-05-11 19:51:00,159758308,0.3156947615007145,0.22363369128644878,0.40775583171498025,35.042492100000004,-84.95894145572973,Bradley,0.23,35.0425,-84.9587,0.021999245565364076
2024-05-11 19:52:00,159758308,0.016249540594494735,0.008593607563539258,0.02390547362545021,35.042492100000004,-84.95894145572973,Bradley,-0.03,35.0425,-84.9587,0.021999245565364076
2024-05-11 19:53:00,159758308,0.07710704277567039,0.05334796481988798,0.10086612073145279,35.042492100000004,-84.95894145572973,Bradley,0.15,35.0425,-84.9587,0.021999245565364076
2024-05-11 19:54:00,159758308,0.06468047787859364,0.04582605156195538,0.08353490419523191,35.042492100000004,-84.95894145572973,Bradley,0.04,35.0425,-84.9587,0.021999245565364076
2024-05-11 19:55:00,159758308,0.16151355366299597,0.11411647204422604,0.2089106352817659,35.042492100000004,-84.95894145572973,Bradley,0.07,35.0425,-84.9587,0.021999245565364076
2024-05-11 19:56:00,159758308,0.3075249985551866,0.21762524382300275,0.3974247532873705,35.042492100000004,-84.95894145572973,Bradley,0.12,35.0425,-84.9587,0.021999245565364076
2024-05-11 19:57:00,159758308,0.26056306347721925,0.18446625352242663,0.33665987343201187,35.042492100000004,-84.95894145572973,Bradley,0.16,35.0425,-84.9587,0.021999245565364076
2024-05-11 19:58:00,159758308,0.3013556454112727,0.21336995403533116,0.3893413367872142,35.042492100000004,-84.95894145572973,Bradley,0.26,35.0425,-84.9587,0.021999245565364076
2024-05-11 19:59:00,159758308,0.2748560440484196,0.1947456429834169,0.35496644511342235,35.042492100000004,-84.95894145572973,Bradley,0.1,35.0425,-84.9587,0.021999245565364076
2024-05-11 20:00:00,159758308,0.3321002070023537,0.23485878252831976,0.42934163147638765,35.042492100000004,-84.95894145572973,Bradley,0.06,35.0425,-84.9587,0.021999245565364076
2024-05-11 20:01:00,159758308,0.1951271370103396,0.1315008405974034,0.2587534334232758,35.042492100000004,-84.95894145572973,Bradley,0.5,35.0425,-84.9587,0.021999245565364076
2024-05-11 20:02:00,159758308,-0.8472405377858103,-1.0950831080440269,-0.5993979675275938,35.042492100000004,-84.95894145572973,Bradley,0.14,35.0425,-84.9587,0.021999245565364076
2024-05-11 20:03:00,159758308,-0.5889026511012105,-0.766628568033175,-0.41117673416924605,35.042492100000004,-84.95894145572973,Bradley,-0.05,35.0425,-84.9587,0.021999245565364076
2024-05-11 20:04:00,159758308,0.20025926191051613,0.13965106903386507,0.2608674547871672,35.042492100000004,-84.95894145572973,Bradley,0.07,35.0425,-84.9587,0.021999245565364076
2024-05-11 20:05:00,159758308,0.7757603658792872,0.5495245497418667,1.0019961820167076,35.042492100000004,-84.95894145572973,Bradley,0.12,35.0425,-84.9587,0.021999245565364076
2024-05-11 20:06:00,159758308,0.8362629113777741,0.5925386852681341,1.079987137487414,35.042492100000004,-84.95894145572973,Bradley,0.17,35.0425,-84.9587,0.021999245565364076
2024-05-11 20:07:00,159758308,0.7884835895469066,0.5582103761217302,1.018756802972083,35.042492100000004,-84.95894145572973,Bradley,0.26,35.0425,-84.9587,0.021999245565364076
2024-05-11 20:08:00,159758308,0.36357768301845156,0.25631725904357905,0.47083810699332407,35.042492100000004,-84.95894145572973,Bradley,0.21,35.0425,-84.9587,0.021999245565364076
2024-05-11 20:09:00,159758308,0.13247641670519503,0.09387464348066286,0.17107818992972718,35.042492100000004,-84.95894145572973,Bradley,0.18,35.0425,-84.9587,0.021999245565364076
2024-05-11 20:10:00,159758308,-0.07482637201449016,-0.09909115311059156,-0.05056159091838876,35.042492100000004,-84.95894145572973,Bradley,0.0,35.0425,-84.9587,0.021999245565364076
2024-05-11 20:11:00,159758308,-0.010884692505372797,-0.029657048887205172,0.007887663876459578,35.042492100000004,-84.95894145572973,Bradley,0.19,35.0425,-84.9587,0.021999245565364076
2024-05-11 20:12:00,159758308,-0.023327354785172668,-0.033889232123670905,-0.01276547744667443,35.042492100000004,-84.95894145572973,Bradley,0.38,35.0425,-84.9587,0.021999245565364076
2024-05-11 20:13:00,159758308,-0.25408381428106086,-0.3283310375228316,-0.17983659103929012,35.042492100000004,-84.95894145572973,Bradley,0.14,35.0425,-84.9587,0.021999245565364076
2024-05-11 20:14:00,159758308,-0.731012196851883,-0.94431449390621,-0.517709899797556,35.042492100000004,-84.95894145572973,Bradley,0.24,35.0425,-84.9587,0.021999245565364076
2024-05-11 20:15:00,159758308,-0.735774170414425,-0.9503172337431803,-0.5212311070856698,35.042492100000004,-84.95894145572973,Bradley,0.22,35.0425,-84.9587,0.021999245565364076
2024-05-11 20:16:00,159758308,-0.4200315494704102,-0.5425284398318847,-0.29753465910893573,35.042492100000004,-84.95894145572973,Bradley,0.39,35.0425,-84.9587,0.021999245565364076
2024-05-11 20:17:00,159758308,-0.1425326051692796,-0.18404932213022668,-0.10101588820833252,35.042492100000004,-84.95894145572973,Bradley,0.6,35.0425,-84.9587,0.021999245565364076
2024-05-11 20:18:00,159758308,-0.18890278244788164,-0.24408537021936696,-0.13372019467639631,35.042492100000004,-84.95894145572973,Bradley,0.29,35.0425,-84.9587,0.021999245565364076
2024-05-11 20:19:00,159758308,-0.1390734264012063,-0.18139054200206944,-0.09675631080034314,35.042492100000004,-84.95894145572973,Bradley,0.19,35.0425,-84.9587,0.021999245565364076
2024-05-11 20:20:00,159758308,-0.33969967912008237,-0.4387813118192264,-0.2406180464209383,35.042492100000004,-84.95894145572973,Bradley,0.15,35.0425,-84.9587,0.021999245565364076
2024-05-11 20:21:00,159758308,-0.36511140167913586,-0.4721537117989208,-0.2580690915593509,35.042492100000004,-84.95894145572973,Bradley,0.2,35.0425,-84.9587,0.021999245565364076
2024-05-11 20:22:00,159758308,-0.23278693665412745,-0.3005827385952753,-0.1649911347129796,35.042492100000004,-84.95894145572973,Bradley,0.17,35.0425,-84.9587,0.021999245565364076
2024-05-11 20:23:00,159758308,0.27347649354299763,0.1935574780421165,0.35339550904387873,35.042492100000004,-84.95894145572973,Bradley,0.19,35.0425,-84.9587,0.021999245565364076
2024-05-11 20:24:00,159758308,-0.02490964173148283,-0.03539573139891864,-0.014423552064047015,35.042492100000004,-84.95894145572973,Bradley,0.03,35.0425,-84.9587,0.021999245565364076
2024-05-11 20:25:00,159758308,-0.2673003267905178,-0.34531293914923095,-0.18928771443180464,35.042492100000004,-84.95894145572973,Bradley,0.23,35.0425,-84.9587,0.021999245565364076
2024-05-11 20:26:00,159758308,-0.5799901227303296,-0.7491208752434937,-0.4108593702171654,35.042492100000004,-84.95894145572973,Bradley,0.17,35.0425,-84.9587,0.021999245565364076
2024-05-11 20:27:00,159758308,-0.2894646670887273,-0.3743993623366065,-0.20452997184084815,35.042492100000004,-84.95894145572973,Bradley,0.23,35.0425,-84.9587,0.021999245565364076
2024-05-11 20:28:00,159758308,-0.284620683948386,-0.36758755275990895,-0.20165381513686312,35.042492100000004,-84.95894145572973,Bradley,0.35,35.0425,-84.9587,0.021999245565364076
2024-05-11 20:29:00,159758308,-0.8088758169762945,-1.0446344538742307,-0.5731171800783583,35.042492100000004,-84.95894145572973,Bradley,0.27,35.0425,-84.9587,0.021999245565364076
2024-05-11 20:30:00,159758308,-0.42359662649209817,-0.5474662277018213,-0.29972702528237505,35.042492100000004,-84.95894145572973,Bradley,0.41,35.0425,-84.9587,0.021999245565364076
2024-05-11 20:31:00,159758308,-0.30457766134625086,-0.39328112723961556,-0.21587419545288616,35.042492100000004,-84.95894145572973,Bradley,0.49,35.0425,-84.9587,0.021999245565364076
2024-05-11 20:32:00,159758308,-0.4842582656460155,-0.625418022465813,-0.34309850882621795,35.042492100000004,-84.95894145572973,Bradley,0.07,35.0425,-84.9587,0.021999245565364076
2024-05-11 20:33:00,159758308,-0.11827806730597469,-0.1554629260612254,-0.081093208550724,35.042492100000004,-84.95894145572973,Bradley,0.22,35.0425,-84.9587,0.021999245565364076
2024-05-11 20:34:00,159758308,0.2191437937384415,0.15498989431639487,0.28329769316048814,35.042492100000004,-84.95894145572973,Bradley,0.22,35.0425,-84.9587,0.021999245565364076
2024-05-11 20:35:00,159758308,-0.1078294190930775,-0.13993817212624277,-0.07572066605991225,35.042492100000004,-84.95894145572973,Bradley,0.23,35.0425,-84.9587,0.021999245565364076
2024-05-11 20:36:00,159758308,-0.01838381369000084,-0.02423477619014821,-0.012532851189853469,35.042492100000004,-84.95894145572973,Bradley,0.18,35.0425,-84.9587,0.021999245565364076
2024-05-11 20:37:00,159758308,0.033133552310125255,0.02338689870054352,0.042880205919706996,35.042492100000004,-84.95894145572973,Bradley,0.1,35.0425,-84.9587,0.021999245565364076
2024-05-11 20:38:00,159758308,0.2167445826065484,0.1519615820699109,0.28152758314318593,35.042492100000004,-84.95894145572973,Bradley,0.25,35.0425,-84.9587,0.021999245565364076
2024-05-11 20:39:00,159758308,0.15654245157248234,0.11074532172113133,0.20233958142383335,35.042492100000004,-84.95894145572973,Bradley,0.13,35.0425,-84.9587,0.021999245565364076
2024-05-11 20:40:00,159758308,0.3489809632702169,0.24697106705956812,0.45099085948086565,35.042492100000004,-84.95894145572973,Bradley,0.16,35.0425,-84.9587,0.021999245565364076
2024-05-11 20:41:00,159758308,-0.07246282971298125,-0.10111130544162537,-0.043814353984337126,35.042492100000004,-84.95894145572973,Bradley,0.21,35.0425,-84.9587,0.021999245565364076
2024-05-11 20:42:00,159758308,0.12534285585753616,0.08856478814892074,0.16212092356615157,35.042492100000004,-84.95894145572973,Bradley,-0.06,35.0425,-84.9587,0.021999245565364076
2024-05-11 20:43:00,159758308,0.45389222874285473,0.32082452230441116,0.5869599351812983,35.042492100000004,-84.95894145572973,Bradley,0.26,35.0425,-84.9587,0.021999245565364076
2024-05-11 20:44:00,159758308,0.1530641043995881,0.10827540394491988,0.1978528048542563,35.042492100000004,-84.95894145572973,Bradley,0.22,35.0425,-84.9587,0.021999245565364076
2024-05-11 20:45:00,159758308,-0.12588297799680565,-0.16281291940115258,-0.0889530365924587,35.042492100000004,-84.95894145572973,Bradley,0.0,35.0425,-84.9587,0.021999245565364076
2024-05-11 20:46:00,159758308,-0.06998918709052675,-0.0984728331280721,-0.04150554105298139,35.042492100000004,-84.95894145572973,Bradley,0.23,35.0425,-84.9587,0.021999245565364076
2024-05-11 20:47:00,159758308,-0.14866358045771688,-0.19194855722129756,-0.10537860369413621,35.042492100000004,-84.95894145572973,Bradley,0.2,35.0425,-84.9587,0.021999245565364076
2024-05-11 20:48:00,159758308,-0.2905913752521856,-0.3759074386221999,-0.2052753118821713,35.042492100000004,-84.95894145572973,Bradley,0.08,35.0425,-84.9587,0.021999245565364076
2024-05-11 20:49:00,159758308,-0.10543180874873907,-0.13622832238899962,-0.07463529510847852,35.042492100000004,-84.95894145572973,Bradley,0.17,35.0425,-84.9587,0.021999245565364076
2024-05-11 20:50:00,159758308,-0.007709665272808267,-0.011744449289415551,-0.0036748812562009837,35.042492100000004,-84.95894145572973,Bradley,0.17,35.0425,-84.9587,0.021999245565364076
2024-05-11 20:51:00,159758308,0.16555287425920479,0.11720639275242838,0.21389935576598118,35.042492100000004,-84.95894145572973,Bradley,0.2,35.0425,-84.9587,0.021999245565364076
2024-05-11 20:52:00,159758308,0.019766370802817124,0.013602834648230765,0.025929906957403482,35.042492100000004,-84.95894145572973,Bradley,0.06,35.0425,-84.9587,0.021999245565364076
2024-05-11 20:53:00,159758308,0.08562602368311828,0.060535775575842145,0.11071627179039442,35.042492100000004,-84.95894145572973,Bradley,0.11,35.0425,-84.9587,0.021999245565364076
2024-05-11 20:54:00,159758308,0.11383520458557499,0.08062997327477564,0.14704043589637433,35.042492100000004,-84.95894145572973,Bradley,0.23,35.0425,-84.9587,0.021999245565364076
2024-05-11 20:55:00,159758308,0.05862746915323428,0.041150702006263806,0.07610423630020476,35.042492100000004,-84.95894145572973,Bradley,0.17,35.0425,-84.9587,0.021999245565364076
2024-05-11 20:56:00,159758308,-0.24609629484175352,-0.3188144651814882,-0.17337812450201884,35.042492100000004,-84.95894145572973,Bradley,-0.04,35.0425,-84.9587,0.021999245565364076
2024-05-11 20:57:00,159758308,0.24413684878320444,0.17286219578980533,0.31541150177660354,35.042492100000004,-84.95894145572973,Bradley,-0.16,35.0425,-84.9587,0.021999245565364076
2024-05-11 20:58:00,159758308,0.562389832979573,0.3982375642948722,0.7265421016642738,35.042492100000004,-84.95894145572973,Bradley,-0.08,35.0425,-84.9587,0.021999245565364076
2024-05-11 20:59:00,159758308,-0.06446633149732578,-0.09033095186367507,-0.0386017111309765,35.042492100000004,-84.95894145572973,Bradley,0.05,35.0425,-84.9587,0.021999245565364076
2024-05-11 21:00:00,159758308,-0.3243655299050101,-0.42094529795315255,-0.22778576185686766,35.042492100000004,-84.95894145572973,Bradley,0.16,35.0425,-84.9587,0.021999245565364076
2024-05-11 21:01:00,159758308,-0.20562953474382145,-0.26634921051380184,-0.14490985897384107,35.042492100000004,-84.95894145572973,Bradley,-0.13,35.0425,-84.9587,0.021999245565364076
2024-05-11 21:02:00,159758308,-0.2949788466186113,-0.38260537360909647,-0.2073523196281261,35.042492100000004,-84.95894145572973,Bradley,0.03,35.0425,-84.9587,0.021999245565364076
2024-05-11 21:03:00,159758308,-0.11462394134583054,-0.14820176195192072,-0.08104612073974035,35.042492100000004,-84.95894145572973,Bradley,-0.09,35.0425,-84.9587,0.021999245565364076
2024-05-11 21:04:00,159758308,0.07340713018688004,0.05011042205368807,0.09670383832007201,35.042492100000004,-84.95894145572973,Bradley,-0.08,35.0425,-84.9587,0.021999245565364076
2024-05-11 21:05:00,159758308,-0.430506610677959,-0.556437000892055,-0.304576220463863,35.042492100000004,-84.95894145572973,Bradley,-0.08,35.0425,-84.9587,0.021999245565364076
2024-05-11 21:06:00,159758308,-0.6896931610415266,-0.8908463990062631,-0.48853992307679006,35.042492100000004,-84.95894145572973,Bradley,0.11,35.0425,-84.9587,0.021999245565364076
2024-05-11 21:07:00,159758308,-0.4395153504854573,-0.5681701942479376,-0.31086050672297705,35.042492100000004,-84.95894145572973,Bradley,0.34,35.0425,-84.9587,0.021999245565364076
2024-05-11 21:08:00,159758308,-0.5229896078513786,-0.6754269153650396,-0.37055230033771763,35.042492100000004,-84.95894145572973,Bradley,0.32,35.0425,-84.9587,0.021999245565364076
2024-05-11 21:09:00,159758308,-0.6876123014038332,-0.8881499411615541,-0.48707466164611235,35.042492100000004,-84.95894145572973,Bradley,0.41,35.0425,-84.9587,0.021999245565364076
2024-05-11 21:10:00,159758308,-0.1043126530188719,-0.1380788839231773,-0.0705464221145665,35.042492100000004,-84.95894145572973,Bradley,0.98,35.0425,-84.9587,0.021999245565364076
2024-05-11 21:11:00,159758308,-0.5585710926992267,-0.7213915681930062,-0.39575061720544713,35.042492100000004,-84.95894145572973,Bradley,0.3,35.0425,-84.9587,0.021999245565364076
2024-05-11 21:12:00,159758308,-0.4752147189706624,-0.6137172256838576,-0.3367122122574673,35.042492100000004,-84.95894145572973,Bradley,0.34,35.0425,-84.9587,0.021999245565364076
2024-05-11 21:13:00,159758308,-0.20887560353795392,-0.2706375317945533,-0.14711367528135455,35.042492100000004,-84.95894145572973,Bradley,0.03,35.0425,-84.9587,0.021999245565364076
2024-05-11 21:14:00,159758308,0.12739613269428798,0.08956132301668665,0.16523094237188932,35.042492100000004,-84.95894145572973,Bradley,0.22,35.0425,-84.9587,0.021999245565364076
2024-05-11 21:15:00,159758308,-0.09659776257923489,-0.14084575216716658,-0.052349772991303195,35.042492100000004,-84.95894145572973,Bradley,0.05,35.0425,-84.9587,0.021999245565364076
2024-05-11 21:16:00,159758308,-0.3753951892968225,-0.4891899785830687,-0.2616004000105763,35.042492100000004,-84.95894145572973,Bradley,-0.04,35.0425,-84.9587,0.021999245565364076
2024-05-11 21:17:00,159758308,0.3404331681867855,0.23997045896311636,0.4408958774104546,35.042492100000004,-84.95894145572973,Bradley,-0.15,35.0425,-84.9587,0.021999245565364076
2024-05-11 21:18:00,159758308,-0.04972124131798504,-0.06509732838035437,-0.034345154255615705,35.042492100000004,-84.95894145572973,Bradley,-0.19,35.0425,-84.9587,0.021999245565364076
2024-05-11 21:19:00,159758308,-0.08854879495996554,-0.1153944645189316,-0.06170312540099948,35.042492100000004,-84.95894145572973,Bradley,0.06,35.0425,-84.9587,0.021999245565364076
2024-05-11 21:20:00,159758308,-0.3924211657279758,-0.5072888181829903,-0.2775535132729613,35.042492100000004,-84.95894145572973,Bradley,-0.01,35.0425,-84.9587,0.021999245565364076
2024-05-11 21:21:00,159758308,0.011684288253861141,0.0070255804608409245,0.01634299604688136,35.042492100000004,-84.95894145572973,Bradley,-0.03,35.0425,-84.9587,0.021999245565364076
2024-05-11 21:22:00,159758308,0.0852477863160411,0.06026088925338324,0.11023468337869896,35.042492100000004,-84.95894145572973,Bradley,-0.1,35.0425,-84.9587,0.021999245565364076
2024-05-11 21:23:00,159758308,0.1299354743059642,0.09074515978607472,0.16912578882585366,35.042492100000004,-84.95894145572973,Bradley,0.25,35.0425,-84.9587,0.021999245565364076
2024-05-11 21:24:00,159758308,0.28850714985604403,0.20397070183170019,0.3730435978803879,35.042492100000004,-84.95894145572973,Bradley,-0.11,35.0425,-84.9587,0.021999245565364076
2024-05-11 21:25:00,159758308,0.6858978989786483,0.483937964424348,0.8878578335329486,35.042492100000004,-84.95894145572973,Bradley,-0.16,35.0425,-84.9587,0.021999245565364076
2024-05-11 21:26:00,159758308,0.5345165917114997,0.37694555816376185,0.6920876252592375,35.042492100000004,-84.95894145572973,Bradley,-0.1,35.0425,-84.9587,0.021999245565364076
2024-05-11 21:27:00,159758308,0.729670654789425,0.5130220875541451,0.946319222024705,35.042492100000004,-84.95894145572973,Bradley,-0.12,35.0425,-84.9587,0.021999245565364076
2024-05-11 21:28:00,159758308,0.409226972301614,0.28905657701036397,0.529397367592864,35.042492100000004,-84.95894145572973,Bradley,-0.14,35.0425,-84.9587,0.021999245565364076
2024-05-11 21:29:00,159758308,0.13700377227639543,0.09622669316355542,0.17778085138923544,35.042492100000004,-84.95894145572973,Bradley,-0.08,35.0425,-84.9587,0.021999245565364076
2024-05-11 21:30:00,159758308,-0.1819201060887063,-0.23786709406403925,-0.12597311811337333,35.042492100000004,-84.95894145572973,Bradley,-0.06,35.0425,-84.9587,0.021999245565364076
2024-05-11 21:31:00,159758308,-0.2649715503110289,-0.3433764447356523,-0.18656665588640553,35.042492100000004,-84.95894145572973,Bradley,-0.11,35.0425,-84.9587,0.021999245565364076
2024-05-11 21:32:00,159758308,-0.1457770321300227,-0.18823148553520375,-0.10332257872484164,35.042492100000004,-84.95894145572973,Bradley,-0.02,35.0425,-84.9587,0.021999245565364076
2024-05-11 21:33:00,159758308,-0.2771824398694939,-0.35798316201785163,-0.19638171772113622,35.042492100000004,-84.95894145572973,Bradley,-0.28,35.0425,-84.9587,0.021999245565364076
2024-05-11 21:34:00,159758308,-0.4367486970410222,-0.5649578390185033,-0.30853955506354114,35.042492100000004,-84.95894145572973,Bradley,-0.13,35.0425,-84.9587,0.021999245565364076
2024-05-11 21:35:00,159758308,0.24964125940442167,0.17533636599749022,0.3239461528113531,35.042492100000004,-84.95894145572973,Bradley,0.03,35.0425,-84.9587,0.021999245565364076
2024-05-11 21:36:00,159758308,0.09022456299320675,0.05254446383488485,0.12790466215152865,35.042492100000004,-84.95894145572973,Bradley,-0.07,35.0425,-84.9587,0.021999245565364076
2024-05-11 21:37:00,159758308,-0.007319732047442068,-0.014274077363822472,-0.00036538673106166486,35.042492100000004,-84.95894145572973,Bradley,-0.26,35.0425,-84.9587,0.021999245565364076
2024-05-11 21:38:00,159758308,-0.0005610371966769251,-0.003943721123275787,0.002821646729921937,35.042492100000004,-84.95894145572973,Bradley,-0.28,35.0425,-84.9587,0.021999245565364076
2024-05-11 21:39:00,159758308,0.18014971714494368,0.1265410856071238,0.23375834868276357,35.042492100000004,-84.95894145572973,Bradley,-0.1,35.0425,-84.9587,0.021999245565364076
2024-05-11 21:40:00,159758308,0.6193314060398454,0.43662863499583293,0.8020341770838578,35.042492100000004,-84.95894145572973,Bradley,-0.07,35.0425,-84.9587,0.021999245565364076
2024-05-11 21:41:00,159758308,0.8154631809011432,0.5767050316173125,1.0542213301849739,35.042492100000004,-84.95894145572973,Bradley,-0.11,35.0425,-84.9587,0.021999245565364076
2024-05-11 21:42:00,159758308,0.25083676038689473,0.1779188145118462,0.32375470626194325,35.042492100000004,-84.95894145572973,Bradley,0.03,35.0425,-84.9587,0.021999245565364076
2024-05-11 21:43:00,159758308,0.4029087048692838,0.2856112718366218,0.5202061379019458,35.042492100000004,-84.95894145572973,Bradley,-0.11,35.0425,-84.9587,0.021999245565364076
2024-05-11 21:44:00,159758308,0.43221887871973774,0.3059158095550837,0.5585219478843918,35.042492100000004,-84.95894145572973,Bradley,-0.12,35.0425,-84.9587,0.021999245565364076
2024-05-11 21:45:00,159758308,0.21231442357199898,0.15053229596740592,0.27409655117659204,35.042492100000004,-84.95894145572973,Bradley,-0.2,35.0425,-84.9587,0.021999245565364076
2024-05-11 21:46:00,159758308,0.046056669192900974,0.032040329751411606,0.06007300863439034,35.042492100000004,-84.95894145572973,Bradley,-0.24,35.0425,-84.9587,0.021999245565364076
2024-05-11 21:47:00,159758308,0.031041564120489556,0.02103150710692823,0.04105162113405088,35.042492100000004,-84.95894145572973,Bradley,-0.17,35.0425,-84.9587,0.021999245565364076
2024-05-11 21:48:00,159758308,0.08758122149777237,0.06190184934951927,0.11326059364602546,35.042492100000004,-84.95894145572973,Bradley,-0.24,35.0425,-84.9587,0.021999245565364076
2024-05-11 21:49:00,159758308,-0.006837167111353819,-0.010209601543891274,-0.003464732678816365,35.042492100000004,-84.95894145572973,Bradley,-0.25,35.0425,-84.9587,0.021999245565364076
2024-05-11 21:50:00,159758308,0.06434457929004497,0.04523995610344313,0.08344920247664682,35.042492100000004,-84.95894145572973,Bradley,-0.18,35.0425,-84.9587,0.021999245565364076
2024-05-11 21:51:00,159758308,0.01402971258721419,0.008960221168917005,0.019099204005511378,35.042492100000004,-84.95894145572973,Bradley,-0.09,35.0425,-84.9587,0.021999245565364076
2024-05-11 21:52:00,159758308,0.07812645712713306,0.05538249485489546,0.10087041939937066,35.042492100000004,-84.95894145572973,Bradley,-0.12,35.0425,-84.9587,0.021999245565364076
2024-05-11 21:53:00,159758308,0.14996103929367013,0.10610147758152683,0.19382060100581344,35.042492100000004,-84.95894145572973,Bradley,-0.14,35.0425,-84.9587,0.021999245565364076
2024-05-11 21:54:00,159758308,0.005361634609117232,0.003162873521240976,0.007560395696993488,35.042492100000004,-84.95894145572973,Bradley,-0.12,35.0425,-84.9587,0.021999245565364076
2024-05-11 21:55:00,159758308,-0.03667982007804619,-0.04766919765509201,-0.025690442501000367,35.042492100000004,-84.95894145572973,Bradley,-0.11,35.0425,-84.9587,0.021999245565364076
2024-05-11 21:56:00,159758308,-0.05563686963448848,-0.07193120580423254,-0.03934253346474443,35.042492100000004,-84.95894145572973,Bradley,-0.09,35.0425,-84.9587,0.021999245565364076
2024-05-11 21:57:00,159758308,-0.08415514619541233,-0.10879374585500375,-0.059516546535820905,35.042492100000004,-84.95894145572973,Bradley,-0.11,35.0425,-84.9587,0.021999245565364076
2024-05-11 21:58:00,159758308,-0.11870163979751597,-0.15334178651698768,-0.08406149307804425,35.042492100000004,-84.95894145572973,Bradley,-0.08,35.0425,-84.9587,0.021999245565364076
2024-05-11 21:59:00,159758308,-0.2068666562027152,-0.26722715064933344,-0.14650616175609693,35.042492100000004,-84.95894145572973,Bradley,-0.04,35.0425,-84.9587,0.021999245565364076
2024-05-11 22:00:00,159758308,-0.2997634774819267,-0.38729446705278214,-0.21223248791107127,35.042492100000004,-84.95894145572973,Bradley,0.0,35.0425,-84.9587,0.021999245565364076
2024-05-11 22:01:00,159758308,-0.11597094250430817,-0.14978190497373928,-0.08215998003487708,35.042492100000004,-84.95894145572973,Bradley,-0.04,35.0425,-84.9587,0.021999245565364076
2024-05-11 22:02:00,159758308,-0.03340531678190148,-0.04853021553896426,-0.0182804180248387,35.042492100000004,-84.95894145572973,Bradley,0.09,35.0425,-84.9587,0.021999245565364076
2024-05-11 22:03:00,159758308,0.059716610116451956,0.039051815495372066,0.08038140473753184,35.042492100000004,-84.95894145572973,Bradley,0.01,35.0425,-84.9587,0.021999245565364076
2024-05-11 22:04:00,159758308,0.04183882999997373,0.029701058846834077,0.05397660115311338,35.042492100000004,-84.95894145572973,Bradley,0.03,35.0425,-84.9587,0.021999245565364076
2024-05-11 22:05:00,159758308,-0.11188626626071789,-0.14472033307054444,-0.07905219945089136,35.042492100000004,-84.95894145572973,Bradley,-0.09,35.0425,-84.9587,0.021999245565364076
2024-05-11 22:06:00,159758308,-0.24110528552139374,-0.3115405576217515,-0.17067001342103602,35.042492100000004,-84.95894145572973,Bradley,0.01,35.0425,-84.9587,0.021999245565364076
2024-05-11 22:07:00,159758308,-0.3160370016707297,-0.40990138693389655,-0.22217261640756278,35.042492100000004,-84.95894145572973,Bradley,0.14,35.0425,-84.9587,0.021999245565364076
2024-05-11 22:08:00,159758308,-0.5009893688004371,-0.6474248636878007,-0.35455387391307347,35.042492100000004,-84.95894145572973,Bradley,0.11,35.0425,-84.9587,0.021999245565364076
2024-05-11 22:09:00,159758308,-0.37280322692501683,-0.48250118469377073,-0.2631052691562629,35.042492100000004,-84.95894145572973,Bradley,-0.11,35.0425,-84.9587,0.021999245565364076
2024-05-11 22:10:00,159758308,-0.09951320460921738,-0.1285552016583773,-0.07047120756005747,35.042492100000004,-84.95894145572973,Bradley,-0.03,35.0425,-84.9587,0.021999245565364076
2024-05-11 22:11:00,159758308,-0.023157716198262547,-0.03522805219144721,-0.011087380205077884,35.042492100000004,-84.95894145572973,Bradley,0.11,35.0425,-84.9587,0.021999245565364076
2024-05-11 22:12:00,159758308,-0.13624988342982935,-0.17918637346657107,-0.09331339339308764,35.042492100000004,-84.95894145572973,Bradley,0.24,35.0425,-84.9587,0.021999245565364076
2024-05-11 22:13:00,159758308,-0.13568673457727387,-0.17639645798738532,-0.09497701116716242,35.042492100000004,-84.95894145572973,Bradley,0.19,35.0425,-84.9587,0.021999245565364076
2024-05-11 22:14:00,159758308,-0.03113932183066229,-0.043109954371274975,-0.019168689290049605,35.042492100000004,-84.95894145572973,Bradley,0.22,35.0425,-84.9587,0.021999245565364076
2024-05-11 22:15:00,159758308,0.016621718570219244,0.011002987613956176,0.02224044952648231,35.042492100000004,-84.95894145572973,Bradley,0.05,35.0425,-84.9587,0.021999245565364076
2024-05-11 22:16:00,159758308,0.1986088909875168,0.14072487884261156,0.256492903132422,35.042492100000004,-84.95894145572973,Bradley,0.15,35.0425,-84.9587,0.021999245565364076
2024-05-11 22:17:00,159758308,0.2415480058948386,0.17125232123467382,0.3118436905550034,35.042492100000004,-84.95894145572973,Bradley,0.01,35.0425,-84.9587,0.021999245565364076
2024-05-11 22:18:00,159758308,0.07921997973320864,0.056127588499726336,0.10231237096669095,35.042492100000004,-84.95894145572973,Bradley,0.13,35.0425,-84.9587,0.021999245565364076
2024-05-11 22:19:00,159758308,0.08653268512656566,0.060484389895459206,0.11258098035767211,35.042492100000004,-84.95894145572973,Bradley,0.03,35.0425,-84.9587,0.021999245565364076
2024-05-11 22:20:00,159758308,0.10561704860089526,0.07129234457994874,0.13994175262184178,35.042492100000004,-84.95894145572973,Bradley,0.01,35.0425,-84.9587,0.021999245565364076
2024-05-11 22:21:00,159758308,0.022109490236181018,0.012573499712188662,0.03164548076017337,35.042492100000004,-84.95894145572973,Bradley,0.08,35.0425,-84.9587,0.021999245565364076
2024-05-11 22:22:00,159758308,-0.1722936675142905,-0.22339024888664086,-0.12119708614194016,35.042492100000004,-84.95894145572973,Bradley,0.05,35.0425,-84.9587,0.021999245565364076
2024-05-11 22:23:00,159758308,-0.09337775532479405,-0.12082264020572725,-0.06593287044386084,35.042492100000004,-84.95894145572973,Bradley,0.1,35.0425,-84.9587,0.021999245565364076
2024-05-11 22:24:00,159758308,0.10784156866015887,0.0755286776697158,0.14015445965060194,35.042492100000004,-84.95894145572973,Bradley,0.01,35.0425,-84.9587,0.021999245565364076
2024-05-11 22:25:00,159758308,-0.05465381163114177,-0.07158765732531319,-0.03771996593697034,35.042492100000004,-84.95894145572973,Bradley,0.07,35.0425,-84.9587,0.021999245565364076
2024-05-11 22:26:00,159758308,0.010920091050538587,0.005054868991646222,0.016785313109430954,35.042492100000004,-84.95894145572973,Bradley,-0.01,35.0425,-84.9587,0.021999245565364076
2024-05-11 22:27:00,159758308,-0.08197741838774589,-0.10640180158738557,-0.05755303518810621,35.042492100000004,-84.95894145572973,Bradley,0.12,35.0425,-84.9587,0.021999245565364076
2024-05-11 22:28:00,159758308,0.014479205523390215,0.010269614210577059,0.01868879683620337,35.042492100000004,-84.95894145572973,Bradley,0.1,35.0425,-84.9587,0.021999245565364076
2024-05-11 22:29:00,159758308,-0.0508622334319309,-0.06616685117757803,-0.03555761568628377,35.042492100000004,-84.95894145572973,Bradley,0.02,35.0425,-84.9587,0.021999245565364076
2024-05-11 22:30:00,159758308,-0.23318434242602556,-0.30118775174895135,-0.16518093310309978,35.042492100000004,-84.95894145572973,Bradley,-0.01,35.0425,-84.9587,0.021999245565364076
2024-05-11 22:31:00,159758308,-0.04962593288973184,-0.06506826210934763,-0.03418360367011605,35.042492100000004,-84.95894145572973,Bradley,-0.11,35.0425,-84.9587,0.021999245565364076
2024-05-11 22:32:00,159758308,0.13195098897476043,0.0927793696335521,0.17112260831596876,35.042492100000004,-84.95894145572973,Bradley,0.01,35.0425,-84.9587,0.021999245565364076
2024-05-11 22:33:00,159758308,-0.07545638453182793,-0.09805085089222483,-0.05286191817143103,35.042492100000004,-84.95894145572973,Bradley,0.07,35.0425,-84.9587,0.021999245565364076
2024-05-11 22:34:00,159758308,0.07467417405929515,0.05296574672804172,0.09638260139054858,35.042492100000004,-84.95894145572973,Bradley,0.09,35.0425,-84.9587,0.021999245565364076
2024-05-11 22:35:00,159758308,-0.19830802501891392,-0.2562712622809065,-0.14034478775692133,35.042492100000004,-84.95894145572973,Bradley,0.04,35.0425,-84.9587,0.021999245565364076
2024-05-11 22:36:00,159758308,-0.300831161735037,-0.38869056615250996,-0.21297175731756401,35.042492100000004,-84.95894145572973,Bradley,-0.18,35.0425,-84.9587,0.021999245565364076
2024-05-11 22:37:00,159758308,-0.22796569290622898,-0.29525528374510424,-0.16067610206735372,35.042492100000004,-84.95894145572973,Bradley,-0.01,35.0425,-84.9587,0.021999245565364076
2024-05-11 22:38:00,159758308,-0.13956380098877774,-0.18102932523605553,-0.09809827674149996,35.042492100000004,-84.95894145572973,Bradley,-0.05,35.0425,-84.9587,0.021999245565364076
2024-05-11 22:39:00,159758308,0.020363459429968582,0.01221478345393187,0.028512135406005293,35.042492100000004,-84.95894145572973,Bradley,-0.1,35.0425,-84.9587,0.021999245565364076
2024-05-11 22:40:00,159758308,-0.12816340248297747,-0.16625556431375282,-0.09007124065220214,35.042492100000004,-84.95894145572973,Bradley,-0.14,35.0425,-84.9587,0.021999245565364076
2024-05-11 22:41:00,159758308,-0.05987708906880464,-0.07755910928931264,-0.04219506884829664,35.042492100000004,-84.95894145572973,Bradley,0.01,35.0425,-84.9587,0.021999245565364076
2024-05-11 22:42:00,159758308,-0.05207718500933875,-0.07093874957028178,-0.033215620448395725,35.042492100000004,-84.95894145572973,Bradley,0.07,35.0425,-84.9587,0.021999245565364076
2024-05-11 22:43:00,159758308,-0.09744724460953262,-0.1261760494209739,-0.06871843979809132,35.042492100000004,-84.95894145572973,Bradley,0.0,35.0425,-84.9587,0.021999245565364076
2024-05-11 22:44:00,159758308,-0.12868398680491341,-0.16621348689901863,-0.0911544867108082,35.042492100000004,-84.95894145572973,Bradley,0.05,35.0425,-84.9587,0.021999245565364076
2024-05-11 22:45:00,159758308,0.09807409659759583,0.06951043357485001,0.12663775962034166,35.042492100000004,-84.95894145572973,Bradley,0.14,35.0425,-84.9587,0.021999245565364076
2024-05-11 22:46:00,159758308,0.4421930165601883,0.3131782439431998,0.5712077891771767,35.042492100000004,-84.95894145572973,Bradley,0.04,35.0425,-84.9587,0.021999245565364076
2024-05-11 22:47:00,159758308,0.23514460940126933,0.1666902528935747,0.30359896590896396,35.042492100000004,-84.95894145572973,Bradley,0.04,35.0425,-84.9587,0.021999245565364076
2024-05-11 22:48:00,159758308,0.14719754637850957,0.1042820336132947,0.19011305914372445,35.042492100000004,-84.95894145572973,Bradley,0.07,35.0425,-84.9587,0.021999245565364076
2024-05-11 22:49:00,159758308,0.19899406510066409,0.14036161815877274,0.25762651204255543,35.042492100000004,-84.95894145572973,Bradley,0.11,35.0425,-84.9587,0.021999245565364076
2024-05-11 22:50:00,159758308,-0.0641068007694288,-0.08311210801799017,-0.04510149352086744,35.042492100000004,-84.95894145572973,Bradley,-0.01,35.0425,-84.9587,0.021999245565364076
2024-05-11 22:51:00,159758308,-0.1579567268540896,-0.20405488916206987,-0.11185856454610933,35.042492100000004,-84.95894145572973,Bradley,0.09,35.0425,-84.9587,0.021999245565364076
2024-05-11 22:52:00,159758308,-0.02873790256112874,-0.037425240171864646,-0.020050564950392834,35.042492100000004,-84.95894145572973,Bradley,0.02,35.0425,-84.9587,0.021999245565364076
2024-05-11 22:53:00,159758308,0.22451447703009414,0.15884695094219015,0.29018200311799813,35.042492100000004,-84.95894145572973,Bradley,0.01,35.0425,-84.9587,0.021999245565364076
2024-05-11 22:54:00,159758308,0.18890204362285642,0.13380014405375734,0.2440039431919555,35.042492100000004,-84.95894145572973,Bradley,0.07,35.0425,-84.9587,0.021999245565364076
2024-05-11 22:55:00,159758308,0.18426829724802454,0.13057561341257157,0.23796098108347752,35.042492100000004,-84.95894145572973,Bradley,0.08,35.0425,-84.9587,0.021999245565364076
2024-05-11 22:56:00,159758308,0.02591230729801509,0.018335566845759033,0.03348904775027115,35.042492100000004,-84.95894145572973,Bradley,-0.07,35.0425,-84.9587,0.021999245565364076
2024-05-11 22:57:00,159758308,-0.09147809252453556,-0.11863969231816379,-0.06431649273090734,35.042492100000004,-84.95894145572973,Bradley,-0.11,35.0425,-84.9587,0.021999245565364076
2024-05-11 22:58:00,159758308,0.03366569103453892,0.02318847982588189,0.04414290224319595,35.042492100000004,-84.95894145572973,Bradley,-0.12,35.0425,-84.9587,0.021999245565364076
2024-05-11 22:59:00,159758308,0.21950860911756054,0.1554898408469897,0.2835273773881314,35.042492100000004,-84.95894145572973,Bradley,-0.33,35.0425,-84.9587,0.021999245565364076
2024-05-11 23:00:00,159758308,0.1708685561323134,0.12097569054191944,0.22076142172270735,35.042492100000004,-84.95894145572973,Bradley,-0.5,35.0425,-84.9587,0.021999245565364076
2024-05-11 23:01:00,159758308,0.27177678552664764,0.19255836330601855,0.3509952077472767,35.042492100000004,-84.95894145572973,Bradley,0.48,35.0425,-84.9587,0.021999245565364076
2024-05-11 23:02:00,159758308,0.20163347645742266,0.14282481569447145,0.26044213722037385,35.042492100000004,-84.95894145572973,Bradley,-0.24,35.0425,-84.9587,0.021999245565364076
2024-05-11 23:03:00,159758308,0.18073975101925016,0.12782397797671746,0.23365552406178286,35.042492100000004,-84.95894145572973,Bradley,-0.45,35.0425,-84.9587,0.021999245565364076
2024-05-11 23:04:00,159758308,-0.03815797293995881,-0.04944203420290927,-0.026873911677008352,35.042492100000004,-84.95894145572973,Bradley,-0.27,35.0425,-84.9587,0.021999245565364076
2024-05-11 23:05:00,159758308,0.06125222714699269,0.04311369328319596,0.07939076101078942,35.042492100000004,-84.95894145572973,Bradley,-0.76,35.0425,-84.9587,0.021999245565364076
2024-05-11 23:06:00,159758308,-0.04143785324045372,-0.05454491244081087,-0.028330794040096578,35.042492100000004,-84.95894145572973,Bradley,-0.53,35.0425,-84.9587,0.021999245565364076
2024-05-11 23:07:00,159758308,0.017604907407164173,0.012452462051538705,0.022757352762789642,35.042492100000004,-84.95894145572973,Bradley,-0.28,35.0425,-84.9587,0.021999245565364076
2024-05-11 23:08:00,159758308,0.07649872298198974,0.05421503604954497,0.09878240991443452,35.042492100000004,-84.95894145572973,Bradley,0.48,35.0425,-84.9587,0.021999245565364076
2024-05-11 23:09:00,159758308,0.0437073595345862,0.030982428055461406,0.056432291013711,35.042492100000004,-84.95894145572973,Bradley,-0.05,35.0425,-84.9587,0.021999245565364076
2024-05-11 23:10:00,159758308,-0.02106784186911567,-0.027590413405645543,-0.014545270332585795,35.042492100000004,-84.95894145572973,Bradley,0.15,35.0425,-84.9587,0.021999245565364076
2024-05-11 23:11:00,159758308,-0.07597280270153833,-0.09857003900488753,-0.053375566398189134,35.042492100000004,-84.95894145572973,Bradley,-0.07,35.0425,-84.9587,0.021999245565364076
2024-05-11 23:12:00,159758308,-0.1580783046165728,-0.2045884913690605,-0.1115681178640851,35.042492100000004,-84.95894145572973,Bradley,-0.14,35.0425,-84.9587,0.021999245565364076
2024-05-11 23:13:00,159758308,-0.07821113468419007,-0.10125130511812945,-0.055170964250250684,35.042492100000004,-84.95894145572973,Bradley,-0.17,35.0425,-84.9587,0.021999245565364076
2024-05-11 23:14:00,159758308,-0.16754692195643495,-0.21647621180336346,-0.11861763210950643,35.042492100000004,-84.95894145572973,Bradley,-0.06,35.0425,-84.9587,0.021999245565364076
2024-05-11 23:15:00,159758308,-0.01031128576159397,-0.014165058638439339,-0.006457512884748601,35.042492100000004,-84.95894145572973,Bradley,0.04,35.0425,-84.9587,0.021999245565364076
2024-05-11 23:16:00,159758308,0.011284495329969108,0.007937691994087436,0.01463129866585078,35.042492100000004,-84.95894145572973,Bradley,0.0,35.0425,-84.9587,0.021999245565364076
2024-05-11 23:17:00,159758308,0.06280950611681448,0.04433901032814479,0.08128000190548416,35.042492100000004,-84.95894145572973,Bradley,0.01,35.0425,-84.9587,0.021999245565364076
2024-05-11 23:18:00,159758308,-0.04033421283611613,-0.053309077768245186,-0.027359347903987072,35.042492100000004,-84.95894145572973,Bradley,0.06,35.0425,-84.9587,0.021999245565364076
2024-05-11 23:19:00,159758308,-0.07341154261411399,-0.09508506182474835,-0.05173802340347963,35.042492100000004,-84.95894145572973,Bradley,-0.06,35.0425,-84.9587,0.021999245565364076
2024-05-11 23:20:00,159758308,-0.2722550515929724,-0.352027949189094,-0.1924821539968508,35.042492100000004,-84.95894145572973,Bradley,-0.05,35.0425,-84.9587,0.021999245565364076
2024-05-11 23:21:00,159758308,-0.14890706434936113,-0.19240806021718493,-0.10540606848153733,35.042492100000004,-84.95894145572973,Bradley,-0.03,35.0425,-84.9587,0.021999245565364076
2024-05-11 23:22:00,159758308,-0.15988005257807247,-0.20648175404118618,-0.11327835111495878,35.042492100000004,-84.95894145572973,Bradley,0.06,35.0425,-84.9587,0.021999245565364076
2024-05-11 23:23:00,159758308,-0.07733018845620376,-0.1001209116490056,-0.05453946526340193,35.042492100000004,-84.95894145572973,Bradley,0.03,35.0425,-84.9587,0.021999245565364076
2024-05-11 23:24:00,159758308,-0.13777732207779925,-0.1780050795711214,-0.09754956458447708,35.042492100000004,-84.95894145572973,Bradley,0.14,35.0425,-84.9587,0.021999245565364076
2024-05-11 23:25:00,159758308,-0.08935963490222554,-0.11612052891905476,-0.06259874088539631,35.042492100000004,-84.95894145572973,Bradley,0.07,35.0425,-84.9587,0.021999245565364076
2024-05-11 23:26:00,159758308,-0.23083931179598186,-0.29835551172913855,-0.1633231118628252,35.042492100000004,-84.95894145572973,Bradley,0.2,35.0425,-84.9587,0.021999245565364076
2024-05-11 23:27:00,159758308,-0.25610261261663586,-0.330896767956725,-0.1813084572765467,35.042492100000004,-84.95894145572973,Bradley,0.07,35.0425,-84.9587,0.021999245565364076
2024-05-11 23:28:00,159758308,-0.2550494585890215,-0.32946690170111137,-0.1806320154769316,35.042492100000004,-84.95894145572973,Bradley,0.15,35.0425,-84.9587,0.021999245565364076
2024-05-11 23:29:00,159758308,-0.4533830962088097,-0.5856835172254485,-0.3210826751921708,35.042492100000004,-84.95894145572973,Bradley,0.05,35.0425,-84.9587,0.021999245565364076
2024-05-11 23:30:00,159758308,-0.3617084557046486,-0.46789587418401707,-0.25552103722528013,35.042492100000004,-84.95894145572973,Bradley,0.03,35.0425,-84.9587,0.021999245565364076
2024-05-11 23:31:00,159758308,-0.11563420247614745,-0.15011612357783793,-0.08115228137445696,35.042492100000004,-84.95894145572973,Bradley,-0.06,35.0425,-84.9587,0.021999245565364076
2024-05-11 23:32:00,159758308,-0.018183371486804913,-0.025099656845438502,-0.011267086128171322,35.042492100000004,-84.95894145572973,Bradley,0.12,35.0425,-84.9587,0.021999245565364076
2024-05-11 23:33:00,159758308,-0.03592689580859638,-0.04637399035236541,-0.025479801264827344,35.042492100000004,-84.95894145572973,Bradley,0.08,35.0425,-84.9587,0.021999245565364076
2024-05-11 23:34:00,159758308,-0.07216247681731254,-0.093463717964749,-0.050861235669876076,35.042492100000004,-84.95894145572973,Bradley,0.06,35.0425,-84.9587,0.021999245565364076
2024-05-11 23:35:00,159758308,0.09650111759598815,0.06785991927796363,0.12514231591401265,35.042492100000004,-84.95894145572973,Bradley,0.18,35.0425,-84.9587,0.021999245565364076
2024-05-11 23:36:00,159758308,-0.0384377003036735,-0.05095320295158527,-0.02592219765576173,35.042492100000004,-84.95894145572973,Bradley,0.14,35.0425,-84.9587,0.021999245565364076
2024-05-11 23:37:00,159758308,-0.06952008963753573,-0.08982441139515521,-0.04921576787991624,35.042492100000004,-84.95894145572973,Bradley,0.07,35.0425,-84.9587,0.021999245565364076
2024-05-11 23:38:00,159758308,-0.20969619186596336,-0.2710519382677952,-0.1483404454641315,35.042492100000004,-84.95894145572973,Bradley,0.02,35.0425,-84.9587,0.021999245565364076
2024-05-11 23:39:00,159758308,-0.07920247368469444,-0.10239674972274851,-0.05600819764664036,35.042492100000004,-84.95894145572973,Bradley,0.07,35.0425,-84.9587,0.021999245565364076
2024-05-11 23:40:00,159758308,-0.09564007859784801,-0.12354537696903675,-0.06773478022665927,35.042492100000004,-84.95894145572973,Bradley,0.09,35.0425,-84.9587,0.021999245565364076
2024-05-11 23:41:00,159758308,-0.16446446185955363,-0.2125298646366794,-0.11639905908242787,35.042492100000004,-84.95894145572973,Bradley,-0.03,35.0425,-84.9587,0.021999245565364076
2024-05-11 23:42:00,159758308,-0.2984632275292115,-0.3854953795710138,-0.2114310754874092,35.042492100000004,-84.95894145572973,Bradley,0.17,35.0425,-84.9587,0.021999245565364076
2024-05-11 23:43:00,159758308,-0.18197022305291694,-0.23514086170028797,-0.1287995844055459,35.042492100000004,-84.95894145572973,Bradley,0.31,35.0425,-84.9587,0.021999245565364076
2024-05-11 23:44:00,159758308,-0.4519964037281439,-0.5839584341468403,-0.3200343733094475,35.042492100000004,-84.95894145572973,Bradley,0.13,35.0425,-84.9587,0.021999245565364076
2024-05-11 23:45:00,159758308,-0.17894637640803632,-0.2310793682882264,-0.12681338452784624,35.042492100000004,-84.95894145572973,Bradley,0.02,35.0425,-84.9587,0.021999245565364076
2024-05-11 23:46:00,159758308,-0.2053377809505296,-0.2652711323982883,-0.14540442950277088,35.042492100000004,-84.95894145572973,Bradley,0.15,35.0425,-84.9587,0.021999245565364076
2024-05-11 23:47:00,159758308,0.02779056982618895,0.016964919043512043,0.03861622060886586,35.042492100000004,-84.95894145572973,Bradley,0.13,35.0425,-84.9587,0.021999245565364076
2024-05-11 23:48:00,159758308,-0.18567510218771016,-0.24003266235532084,-0.1313175420200995,35.042492100000004,-84.95894145572973,Bradley,0.21,35.0425,-84.9587,0.021999245565364076
2024-05-11 23:49:00,159758308,-0.09838103734973941,-0.12719161109917704,-0.06957046360030177,35.042492100000004,-84.95894145572973,Bradley,0.17,35.0425,-84.9587,0.021999245565364076
2024-05-11 23:50:00,159758308,-0.2820957904705363,-0.36443694274787813,-0.19975463819319444,35.042492100000004,-84.95894145572973,Bradley,0.2,35.0425,-84.9587,0.021999245565364076
2024-05-11 23:51:00,159758308,-0.09908010948401774,-0.12945702172238643,-0.06870319724564904,35.042492100000004,-84.95894145572973,Bradley,0.24,35.0425,-84.9587,0.021999245565364076
2024-05-11 23:52:00,159758308,-0.35532656722848016,-0.45925224087768496,-0.25140089357927536,35.042492100000004,-84.95894145572973,Bradley,-0.04,35.0425,-84.9587,0.021999245565364076
2024-05-11 23:53:00,159758308,0.11406838597270091,0.08037454367339097,0.14776222827201085,35.042492100000004,-84.95894145572973,Bradley,-0.01,35.0425,-84.9587,0.021999245565364076
2024-05-11 23:54:00,159758308,-0.16186006259982347,-0.209773206719263,-0.11394691848038394,35.042492100000004,-84.95894145572973,Bradley,0.04,35.0425,-84.9587,0.021999245565364076
2024-05-11 23:55:00,159758308,0.1777168484285684,0.1255240980152727,0.22990959884186413,35.042492100000004,-84.95894145572973,Bradley,0.06,35.0425,-84.9587,0.021999245565364076
2024-05-11 23:56:00,159758308,-0.4151447965702757,-0.5361887259381086,-0.2941008672024428,35.042492100000004,-84.95894145572973,Bradley,0.07,35.0425,-84.9587,0.021999245565364076
2024-05-11 23:57:00,159758308,0.2659631355865417,0.18782838823412276,0.3440978829389607,35.042492100000004,-84.95894145572973,Bradley,-0.03,35.0425,-84.9587,0.021999245565364076
2024-05-11 23:58:00,159758308,-0.720619063130464,-0.9313475270240321,-0.5098905992368958,35.042492100000004,-84.95894145572973,Bradley,-0.0,35.0425,-84.9587,0.021999245565364076
2024-05-11 23:59:00,159758308,1.317934140152152,0.9313871340359318,1.7044811462683724,35.042492100000004,-84.95894145572973,Bradley,0.1,35.0425,-84.9587,0.021999245565364076
2024-05-12 00:00:00,159758308,3.6941303799596503,2.6148855968467135,4.773375163072587,35.042492100000004,-84.95894145572973,Bradley,0.04,35.0425,-84.9587,0.021999245565364076
2024-05-12 00:01:00,159758308,0.33332994021099527,0.23596642516195676,0.4306934552600338,35.042492100000004,-84.95894145572973,Bradley,-0.01,35.0425,-84.9587,0.021999245565364076
2024-05-12 00:02:00,159758308,1.1776618059641897,0.8344909588116028,1.5208326531167766,35.042492100000004,-84.95894145572973,Bradley,-0.03,35.0425,-84.9587,0.021999245565364076
2024-05-12 00:03:00,159758308,0.32956710435755715,0.23344679985312355,0.42568740886199075,35.042492100000004,-84.95894145572973,Bradley,-0.04,35.0425,-84.9587,0.021999245565364076
2024-05-12 00:04:00,159758308,0.7814036756052455,0.5537064014195809,1.00910094979091,35.042492100000004,-84.95894145572973,Bradley,0.04,35.0425,-84.9587,0.021999245565364076
2024-05-12 00:05:00,159758308,0.20763298193720578,0.14663690608856028,0.2686290577858513,35.042492100000004,-84.95894145572973,Bradley,0.09,35.0425,-84.9587,0.021999245565364076
2024-05-12 00:06:00,159758308,0.47849690809936113,0.3391503458378632,0.6178434703608591,35.042492100000004,-84.95894145572973,Bradley,0.02,35.0425,-84.9587,0.021999245565364076
2024-05-12 00:07:00,159758308,0.26449755301151645,0.18724281037957574,0.34175229564345716,35.042492100000004,-84.95894145572973,Bradley,-0.06,35.0425,-84.9587,0.021999245565364076
2024-05-12 00:08:00,159758308,0.4127063456203766,0.29238619523777554,0.5330264960029777,35.042492100000004,-84.95894145572973,Bradley,0.06,35.0425,-84.9587,0.021999245565364076
2024-05-12 00:09:00,159758308,0.1337619312032406,0.09436854272695772,0.17315531967952347,35.042492100000004,-84.95894145572973,Bradley,-0.07,35.0425,-84.9587,0.021999245565364076
2024-05-12 00:10:00,159758308,0.38819919116719903,0.2749889288759545,0.5014094534584436,35.042492100000004,-84.95894145572973,Bradley,0.0,35.0425,-84.9587,0.021999245565364076
2024-05-12 00:11:00,159758308,0.06803203446799344,0.048163110045886304,0.08790095889010058,35.042492100000004,-84.95894145572973,Bradley,0.06,35.0425,-84.9587,0.021999245565364076
2024-05-12 00:12:00,159758308,0.14194523927423083,0.10047006088892299,0.18342041765953868,35.042492100000004,-84.95894145572973,Bradley,-0.06,35.0425,-84.9587,0.021999245565364076
2024-05-12 00:13:00,159758308,-0.06125798382531418,-0.08529189695036136,-0.037224070700266995,35.042492100000004,-84.95894145572973,Bradley,-0.07,35.0425,-84.9587,0.021999245565364076
2024-05-12 00:14:00,159758308,0.30927642432330194,0.21904573039336633,0.39950711825323754,35.042492100000004,-84.95894145572973,Bradley,-0.03,35.0425,-84.9587,0.021999245565364076
2024-05-12 00:15:00,159758308,0.179227499330132,0.1269033524374612,0.23155164622280278,35.042492100000004,-84.95894145572973,Bradley,-0.03,35.0425,-84.9587,0.021999245565364076
2024-05-12 00:16:00,159758308,0.05867362519439307,0.04058766139502215,0.07675958899376399,35.042492100000004,-84.95894145572973,Bradley,-0.17,35.0425,-84.9587,0.021999245565364076
2024-05-12 00:17:00,159758308,-0.19754514713454102,-0.25953296519407765,-0.1355573290750044,35.042492100000004,-84.95894145572973,Bradley,-0.18,35.0425,-84.9587,0.021999245565364076
2024-05-12 00:18:00,159758308,0.18051642063246048,0.12702842591309496,0.234004415351826,35.042492100000004,-84.95894145572973,Bradley,-0.13,35.0425,-84.9587,0.021999245565364076
2024-05-12 00:19:00,159758308,0.02095057391927959,0.01468784693071546,0.02721330090784372,35.042492100000004,-84.95894145572973,Bradley,0.03,35.0425,-84.9587,0.021999245565364076
2024-05-12 00:20:00,159758308,-0.0079594152680803,-0.015804292451615347,-0.00011453808454525531,35.042492100000004,-84.95894145572973,Bradley,-0.07,35.0425,-84.9587,0.021999245565364076
2024-05-12 00:21:00,159758308,-0.05127166563340619,-0.06825850881574523,-0.03428482245106715,35.042492100000004,-84.95894145572973,Bradley,-0.16,35.0425,-84.9587,0.021999245565364076
2024-05-12 00:22:00,159758308,0.22571465723772696,0.15984392740418907,0.29158538707126486,35.042492100000004,-84.95894145572973,Bradley,-0.15,35.0425,-84.9587,0.021999245565364076
2024-05-12 00:23:00,159758308,0.16787040417997645,0.11886617402569097,0.21687463433426193,35.042492100000004,-84.95894145572973,Bradley,-0.03,35.0425,-84.9587,0.021999245565364076
2024-05-12 00:24:00,159758308,0.03714644965022382,0.025063026023496884,0.04922987327695075,35.042492100000004,-84.95894145572973,Bradley,0.15,35.0425,-84.9587,0.021999245565364076
2024-05-12 00:25:00,159758308,-0.11860756274430481,-0.15496414089805383,-0.08225098459055578,35.042492100000004,-84.95894145572973,Bradley,0.01,35.0425,-84.9587,0.021999245565364076
2024-05-12 00:26:00,159758308,-0.03638829203684537,-0.048802344466124435,-0.023974239607566304,35.042492100000004,-84.95894145572973,Bradley,0.07,35.0425,-84.9587,0.021999245565364076
2024-05-12 00:27:00,159758308,0.03117270043173651,0.021838327621861657,0.04050707324161136,35.042492100000004,-84.95894145572973,Bradley,0.05,35.0425,-84.9587,0.021999245565364076
2024-05-12 00:28:00,159758308,0.13426269038699984,0.0949400101947073,0.17358537057929238,35.042492100000004,-84.95894145572973,Bradley,-0.06,35.0425,-84.9587,0.021999245565364076
2024-05-12 00:29:00,159758308,0.004444498140377412,0.0020263651637076464,0.006862631117047177,35.042492100000004,-84.95894145572973,Bradley,-0.14,35.0425,-84.9587,0.021999245565364076
2024-05-12 00:30:00,159758308,0.10572450659622983,0.07480330977155439,0.13664570342090526,35.042492100000004,-84.95894145572973,Bradley,0.08,35.0425,-84.9587,0.021999245565364076
2024-05-12 00:31:00,159758308,-0.019032373793909194,-0.025067871144300695,-0.012996876443517692,35.042492100000004,-84.95894145572973,Bradley,0.04,35.0425,-84.9587,0.021999245565364076
2024-05-12 00:32:00,159758308,0.003184436829842091,-0.005789425021784388,0.01215829868146857,35.042492100000004,-84.95894145572973,Bradley,-0.11,35.0425,-84.9587,0.021999245565364076
2024-05-12 00:33:00,159758308,-0.16875711734774293,-0.22111099968958878,-0.11640323500589708,35.042492100000004,-84.95894145572973,Bradley,-0.08,35.0425,-84.9587,0.021999245565364076
2024-05-12 00:34:00,159758308,0.038595890950739745,0.02692292615602014,0.05026885574545935,35.042492100000004,-84.95894145572973,Bradley,-0.06,35.0425,-84.9587,0.021999245565364076
2024-05-12 00:35:00,159758308,0.0557169090122205,0.03836223796137725,0.07307158006306375,35.042492100000004,-84.95894145572973,Bradley,-0.06,35.0425,-84.9587,0.021999245565364076
2024-05-12 00:36:00,159758308,-0.11254542132071704,-0.14568026326753147,-0.07941057937390261,35.042492100000004,-84.95894145572973,Bradley,0.01,35.0425,-84.9587,0.021999245565364076
2024-05-12 00:37:00,159758308,-0.210497119239135,-0.2740339687122766,-0.1469602697659934,35.042492100000004,-84.95894145572973,Bradley,-0.3,35.0425,-84.9587,0.021999245565364076
2024-05-12 00:38:00,159758308,0.11503985878919384,0.08132707012773437,0.1487526474506533,35.042492100000004,-84.95894145572973,Bradley,-0.22,35.0425,-84.9587,0.021999245565364076
2024-05-12 00:39:00,159758308,0.12211841821830867,0.0860769132442152,0.15815992319240213,35.042492100000004,-84.95894145572973,Bradley,0.02,35.0425,-84.9587,0.021999245565364076
2024-05-12 00:40:00,159758308,-0.055345567345378696,-0.07491770678038803,-0.03577342791036935,35.042492100000004,-84.95894145572973,Bradley,-0.06,35.0425,-84.9587,0.021999245565364076
2024-05-12 00:41:00,159758308,-0.06285164992762798,-0.08260954941189168,-0.04309375044336429,35.042492100000004,-84.95894145572973,Bradley,-0.04,35.0425,-84.9587,0.021999245565364076
2024-05-12 00:42:00,159758308,0.09195933441387862,0.06502334384231799,0.11889532498543924,35.042492100000004,-84.95894145572973,Bradley,-0.07,35.0425,-84.9587,0.021999245565364076
2024-05-12 00:43:00,159758308,0.13526039149188804,0.09570624168630662,0.17481454129746946,35.042492100000004,-84.95894145572973,Bradley,-0.07,35.0425,-84.9587,0.021999245565364076
2024-05-12 00:44:00,159758308,-0.04999322128039362,-0.06661766547220466,-0.03336877708858258,35.042492100000004,-84.95894145572973,Bradley,-0.16,35.0425,-84.9587,0.021999245565364076
2024-05-12 00:45:00,159758308,-0.03405889986983545,-0.04395847074053357,-0.02415932899913733,35.042492100000004,-84.95894145572973,Bradley,-0.03,35.0425,-84.9587,0.021999245565364076
2024-05-12 00:46:00,159758308,0.22418528943552454,0.1582827603632565,0.2900878185077926,35.042492100000004,-84.95894145572973,Bradley,-0.0,35.0425,-84.9587,0.021999245565364076
2024-05-12 00:47:00,159758308,0.1311492406848941,0.0929084021220215,0.16939007924776667,35.042492100000004,-84.95894145572973,Bradley,0.04,35.0425,-84.9587,0.021999245565364076
2024-05-12 00:48:00,159758308,0.09867303741803968,0.0697550086829155,0.12759106615316385,35.042492100000004,-84.95894145572973,Bradley,-0.07,35.0425,-84.9587,0.021999245565364076
2024-05-12 00:49:00,159758308,0.011417694194411462,0.004660242738859704,0.01817514564996322,35.042492100000004,-84.95894145572973,Bradley,-0.07,35.0425,-84.9587,0.021999245565364076
2024-05-12 00:50:00,159758308,0.03822441588493506,0.026751110647215533,0.04969772112265459,35.042492100000004,-84.95894145572973,Bradley,-0.12,35.0425,-84.9587,0.021999245565364076
2024-05-12 00:51:00,159758308,-0.15930381010423672,-0.20663810606364225,-0.1119695141448312,35.042492100000004,-84.95894145572973,Bradley,-0.11,35.0425,-84.9587,0.021999245565364076
2024-05-12 00:52:00,159758308,-0.0654655820824752,-0.0844994632499782,-0.0464317009149722,35.042492100000004,-84.95894145572973,Bradley,-0.09,35.0425,-84.9587,0.021999245565364076
2024-05-12 00:53:00,159758308,-0.020535379908753468,-0.027122724582205604,-0.01394803523530133,35.042492100000004,-84.95894145572973,Bradley,-0.02,35.0425,-84.9587,0.021999245565364076
2024-05-12 00:54:00,159758308,0.05581831274693174,0.03948678536129361,0.07214984013256986,35.042492100000004,-84.95894145572973,Bradley,-0.12,35.0425,-84.9587,0.021999245565364076
2024-05-12 00:55:00,159758308,0.0425193955935162,0.02752624715796259,0.057512544029069815,35.042492100000004,-84.95894145572973,Bradley,-0.07,35.0425,-84.9587,0.021999245565364076
2024-05-12 00:56:00,159758308,0.12918125709272024,0.09143509237009503,0.16692742181534545,35.042492100000004,-84.95894145572973,Bradley,-0.12,35.0425,-84.9587,0.021999245565364076
2024-05-12 00:57:00,159758308,0.06450948093109028,0.045669949482678385,0.08334901237950218,35.042492100000004,-84.95894145572973,Bradley,-0.1,35.0425,-84.9587,0.021999245565364076
2024-05-12 00:58:00,159758308,-0.003403459368091986,-0.0048373947818538855,-0.0019695239543300862,35.042492100000004,-84.95894145572973,Bradley,-0.09,35.0425,-84.9587,0.021999245565364076
2024-05-12 00:59:00,159758308,-0.183310205373655,-0.23732892312227222,-0.12929148762503778,35.042492100000004,-84.95894145572973,Bradley,-0.18,35.0425,-84.9587,0.021999245565364076
2024-05-12 01:00:00,159758308,-0.12152120132292367,-0.15712447548207942,-0.08591792716376792,35.042492100000004,-84.95894145572973,Bradley,-0.15,35.0425,-84.9587,0.021999245565364076
2024-05-12 01:01:00,159758308,0.0512363251696999,0.036216519569755065,0.06625613076964473,35.042492100000004,-84.95894145572973,Bradley,-0.02,35.0425,-84.9587,0.021999245565364076
2024-05-12 01:02:00,159758308,-0.05513186220683423,-0.0711692757267899,-0.03909444868687856,35.042492100000004,-84.95894145572973,Bradley,-0.16,35.0425,-84.9587,0.021999245565364076
2024-05-12 01:03:00,159758308,-0.10320326619767149,-0.13324210861727281,-0.07316442377807017,35.042492100000004,-84.95894145572973,Bradley,-0.15,35.0425,-84.9587,0.021999245565364076
2024-05-12 01:04:00,159758308,-0.023482491365598206,-0.03357730903172685,-0.01338767369946956,35.042492100000004,-84.95894145572973,Bradley,-0.07,35.0425,-84.9587,0.021999245565364076
2024-05-12 01:05:00,159758308,-0.20930272649419973,-0.27142538127601284,-0.14718007171238662,35.042492100000004,-84.95894145572973,Bradley,-0.07,35.0425,-84.9587,0.021999245565364076
2024-05-12 01:06:00,159758308,-0.2712018975653581,-0.35213589892945757,-0.19026789620125867,35.042492100000004,-84.95894145572973,Bradley,-0.07,35.0425,-84.9587,0.021999245565364076
2024-05-12 01:07:00,159758308,-0.49536165649167785,-0.6407793192865612,-0.3499439936967946,35.042492100000004,-84.95894145572973,Bradley,-0.07,35.0425,-84.9587,0.021999245565364076
2024-05-12 01:08:00,159758308,-0.29081704525155516,-0.37570618373720505,-0.20592790676590528,35.042492100000004,-84.95894145572973,Bradley,-0.02,35.0425,-84.9587,0.021999245565364076
2024-05-12 01:09:00,159758308,-0.33842184019313215,-0.43707775595832443,-0.2397659244279399,35.042492100000004,-84.95894145572973,Bradley,-0.04,35.0425,-84.9587,0.021999245565364076
2024-05-12 01:10:00,159758308,0.1956641396661693,0.1335625649965123,0.2577657143358263,35.042492100000004,-84.95894145572973,Bradley,-0.03,35.0425,-84.9587,0.021999245565364076
2024-05-12 01:11:00,159758308,-0.2627082008921066,-0.3414803335757255,-0.18393606820848774,35.042492100000004,-84.95894145572973,Bradley,-0.1,35.0425,-84.9587,0.021999245565364076
2024-05-12 01:12:00,159758308,-0.6032260055901143,-0.7813550664351487,-0.4250969447450798,35.042492100000004,-84.95894145572973,Bradley,-0.1,35.0425,-84.9587,0.021999245565364076
2024-05-12 01:13:00,159758308,-0.3457895675279506,-0.446583736642323,-0.24499539841357823,35.042492100000004,-84.95894145572973,Bradley,-0.11,35.0425,-84.9587,0.021999245565364076
2024-05-12 01:14:00,159758308,-0.11451558034213181,-0.14778035778057366,-0.08125080290368997,35.042492100000004,-84.95894145572973,Bradley,-0.09,35.0425,-84.9587,0.021999245565364076
2024-05-12 01:15:00,159758308,-0.22290925652530263,-0.28827713170497976,-0.1575413813456255,35.042492100000004,-84.95894145572973,Bradley,-0.0,35.0425,-84.9587,0.021999245565364076
2024-05-12 01:16:00,159758308,-0.35822292551067586,-0.4631255413441446,-0.25332030967720714,35.042492100000004,-84.95894145572973,Bradley,-0.15,35.0425,-84.9587,0.021999245565364076
2024-05-12 01:17:00,159758308,-0.13923695300678798,-0.1801162157126898,-0.09835769030088617,35.042492100000004,-84.95894145572973,Bradley,-0.14,35.0425,-84.9587,0.021999245565364076
2024-05-12 01:18:00,159758308,-0.25432935046444183,-0.3286226346888491,-0.18003606624003454,35.042492100000004,-84.95894145572973,Bradley,-0.13,35.0425,-84.9587,0.021999245565364076
2024-05-12 01:19:00,159758308,-0.007939213622554325,-0.018774939810654784,0.0028965125655461346,35.042492100000004,-84.95894145572973,Bradley,-0.16,35.0425,-84.9587,0.021999245565364076
2024-05-12 01:20:00,159758308,0.024816039751741657,0.016536145191319587,0.033095934312163726,35.042492100000004,-84.95894145572973,Bradley,-0.18,35.0425,-84.9587,0.021999245565364076
2024-05-12 01:21:00,159758308,-0.12970134886463938,-0.16815266555129516,-0.0912500321779836,35.042492100000004,-84.95894145572973,Bradley,-0.12,35.0425,-84.9587,0.021999245565364076
2024-05-12 01:22:00,159758308,-0.10842294186333641,-0.14042747765437216,-0.07641840607230066,35.042492100000004,-84.95894145572973,Bradley,-0.03,35.0425,-84.9587,0.021999245565364076
2024-05-12 01:23:00,159758308,-0.09684674404736886,-0.12501799273053066,-0.06867549536420706,35.042492100000004,-84.95894145572973,Bradley,-0.1,35.0425,-84.9587,0.021999245565364076
2024-05-12 01:24:00,159758308,-0.028979739488654274,-0.038224139556773847,-0.019735339420534702,35.042492100000004,-84.95894145572973,Bradley,-0.04,35.0425,-84.9587,0.021999245565364076
2024-05-12 01:25:00,159758308,0.2465166041894334,0.17269023188227078,0.32034297649659604,35.042492100000004,-84.95894145572973,Bradley,-0.03,35.0425,-84.9587,0.021999245565364076
2024-05-12 01:26:00,159758308,0.048783733929734785,0.03264741462993043,0.06492005322953914,35.042492100000004,-84.95894145572973,Bradley,-0.13,35.0425,-84.9587,0.021999245565364076
2024-05-12 01:27:00,159758308,0.11028272863515047,0.07809402069886694,0.14247143657143402,35.042492100000004,-84.95894145572973,Bradley,-0.11,35.0425,-84.9587,0.021999245565364076
2024-05-12 01:28:00,159758308,-0.17034669938950067,-0.22002782818020028,-0.12066557059880105,35.042492100000004,-84.95894145572973,Bradley,-0.27,35.0425,-84.9587,0.021999245565364076
2024-05-12 01:29:00,159758308,-0.13842851424585995,-0.17912038681767634,-0.09773664167404356,35.042492100000004,-84.95894145572973,Bradley,-0.1,35.0425,-84.9587,0.021999245565364076
2024-05-12 01:30:00,159758308,-0.14504727823428043,-0.18848673977794728,-0.10160781669061357,35.042492100000004,-84.95894145572973,Bradley,-0.19,35.0425,-84.9587,0.021999245565364076
2024-05-12 01:31:00,159758308,0.14420616698890384,0.09417983014605083,0.19423250383175686,35.042492100000004,-84.95894145572973,Bradley,-0.11,35.0425,-84.9587,0.021999245565364076
2024-05-12 01:32:00,159758308,0.18054958566692586,0.12784233364315137,0.23325683769070035,35.042492100000004,-84.95894145572973,Bradley,-0.28,35.0425,-84.9587,0.021999245565364076
2024-05-12 01:33:00,159758308,0.09897999869310062,0.06817546350425437,0.12978453388194686,35.042492100000004,-84.95894145572973,Bradley,-0.3,35.0425,-84.9587,0.021999245565364076
2024-05-12 01:34:00,159758308,-0.19062666646089022,-0.24779793456402732,-0.1334553983577531,35.042492100000004,-84.95894145572973,Bradley,-0.12,35.0425,-84.9587,0.021999245565364076
2024-05-12 01:35:00,159758308,-0.10975212912953934,-0.1418377423946176,-0.07766651586446106,35.042492100000004,-84.95894145572973,Bradley,-0.28,35.0425,-84.9587,0.021999245565364076
2024-05-12 01:36:00,159758308,-0.16614619180029003,-0.21733322679048056,-0.1149591568100995,35.042492100000004,-84.95894145572973,Bradley,-0.42,35.0425,-84.9587,0.021999245565364076
2024-05-12 01:37:00,159758308,-0.16589860332517234,-0.2149416480547196,-0.11685555859562508,35.042492100000004,-84.95894145572973,Bradley,-0.24,35.0425,-84.9587,0.021999245565364076
2024-05-12 01:38:00,159758308,-0.44402054130590113,-0.5748024419226554,-0.31323864068914686,35.042492100000004,-84.95894145572973,Bradley,-0.21,35.0425,-84.9587,0.021999245565364076
2024-05-12 01:39:00,159758308,-0.2319317877332717,-0.30079468330634096,-0.16306889216020243,35.042492100000004,-84.95894145572973,Bradley,-0.42,35.0425,-84.9587,0.021999245565364076
2024-05-12 01:40:00,159758308,-0.3247104791001177,-0.42260067914428917,-0.2268202790559462,35.042492100000004,-84.95894145572973,Bradley,-0.35,35.0425,-84.9587,0.021999245565364076
2024-05-12 01:41:00,159758308,-0.344003252800311,-0.4449107974351181,-0.243095708165504,35.042492100000004,-84.95894145572973,Bradley,-0.31,35.0425,-84.9587,0.021999245565364076
2024-05-12 01:42:00,159758308,-0.14666251392274715,-0.19023902689407457,-0.10308600095141973,35.042492100000004,-84.95894145572973,Bradley,-0.38,35.0425,-84.9587,0.021999245565364076
2024-05-12 01:43:00,159758308,-0.29146647244872226,-0.3787000985588035,-0.20423284633864103,35.042492100000004,-84.95894145572973,Bradley,-0.28,35.0425,-84.9587,0.021999245565364076
2024-05-12 01:44:00,159758308,0.06399066158004792,0.04474572642643951,0.08323559673365633,35.042492100000004,-84.95894145572973,Bradley,-0.24,35.0425,-84.9587,0.021999245565364076
2024-05-12 01:45:00,159758308,-0.1919977204785222,-0.251566305470554,-0.13242913548649043,35.042492100000004,-84.95894145572973,Bradley,-0.25,35.0425,-84.9587,0.021999245565364076
2024-05-12 01:46:00,159758308,-0.12201272519386769,-0.15915356526335542,-0.08487188512437996,35.042492100000004,-84.95894145572973,Bradley,-0.34,35.0425,-84.9587,0.021999245565364076
2024-05-12 01:47:00,159758308,-0.30220948086541694,-0.39172107230311104,-0.21269788942772283,35.042492100000004,-84.95894145572973,Bradley,-0.31,35.0425,-84.9587,0.021999245565364076
2024-05-12 01:48:00,159758308,-0.10999241144607431,-0.14218272876505383,-0.0778020941270948,35.042492100000004,-84.95894145572973,Bradley,-0.39,35.0425,-84.9587,0.021999245565364076
2024-05-12 01:49:00,159758308,0.19310234598289341,0.13661196137044684,0.24959273059533998,35.042492100000004,-84.95894145572973,Bradley,-0.4,35.0425,-84.9587,0.021999245565364076
2024-05-12 01:50:00,159758308,-0.25465377674218226,-0.33136756172333237,-0.17793999176103215,35.042492100000004,-84.95894145572973,Bradley,-0.26,35.0425,-84.9587,0.021999245565364076
2024-05-12 01:51:00,159758308,-0.1659594742980834,-0.2149143179562354,-0.11700463063993137,35.042492100000004,-84.95894145572973,Bradley,-0.37,35.0425,-84.9587,0.021999245565364076
2024-05-12 01:52:00,159758308,0.04374401346500399,0.030822032347088357,0.05666599458291963,35.042492100000004,-84.95894145572973,Bradley,-0.32,35.0425,-84.9587,0.021999245565364076
2024-05-12 01:53:00,159758308,0.09860479871779379,0.068954917994499,0.1282546794410886,35.042492100000004,-84.95894145572973,Bradley,-0.34,35.0425,-84.9587,0.021999245565364076
2024-05-12 01:54:00,159758308,0.0799239773676551,0.05599273444534565,0.10385522028996454,35.042492100000004,-84.95894145572973,Bradley,-0.39,35.0425,-84.9587,0.021999245565364076
2024-05-12 01:55:00,159758308,-0.012761935020503216,-0.016773565214618574,-0.008750304826387858,35.042492100000004,-84.95894145572973,Bradley,-0.25,35.0425,-84.9587,0.021999245565364076
2024-05-12 01:56:00,159758308,-0.17367186350716626,-0.2243210818612553,-0.12302264515307723,35.042492100000004,-84.95894145572973,Bradley,-0.22,35.0425,-84.9587,0.021999245565364076
2024-05-12 01:57:00,159758308,-0.37149090949688973,-0.47998950644109384,-0.2629923125526856,35.042492100000004,-84.95894145572973,Bradley,-0.42,35.0425,-84.9587,0.021999245565364076
2024-05-12 01:58:00,159758308,-0.06489085830452462,-0.08725674581749851,-0.04252497079155074,35.042492100000004,-84.95894145572973,Bradley,-0.56,35.0425,-84.9587,0.021999245565364076
2024-05-12 01:59:00,159758308,-0.16620460002311702,-0.21480697824179532,-0.11760222180443872,35.042492100000004,-84.95894145572973,Bradley,-0.27,35.0425,-84.9587,0.021999245565364076
2024-05-12 02:00:00,159758308,-0.20910718413752521,-0.27063505669040056,-0.14757931158464987,35.042492100000004,-84.95894145572973,Bradley,0.15,35.0425,-84.9587,0.021999245565364076
2024-05-12 02:01:00,159758308,0.47514444850159715,0.3342211283316382,0.6160677686715561,35.042492100000004,-84.95894145572973,Bradley,-0.27,35.0425,-84.9587,0.021999245565364076
2024-05-12 02:02:00,159758308,0.3476872806510592,0.2464151118484264,0.448959449453692,35.042492100000004,-84.95894145572973,Bradley,-0.3,35.0425,-84.9587,0.021999245565364076
2024-05-12 02:03:00,159758308,-0.24640282513554976,-0.3198550465478536,-0.1729506037232459,35.042492100000004,-84.95894145572973,Bradley,-0.26,35.0425,-84.9587,0.021999245565364076
2024-05-12 02:04:00,159758308,0.07089935282211457,0.047614355038873096,0.09418435060535604,35.042492100000004,-84.95894145572973,Bradley,-0.25,35.0425,-84.9587,0.021999245565364076
2024-05-12 02:05:00,159758308,-0.007734738666095747,-0.013777392087087809,-0.001692085245103685,35.042492100000004,-84.95894145572973,Bradley,-0.48,35.0425,-84.9587,0.021999245565364076
2024-05-12 02:06:00,159758308,-0.19061739010224024,-0.24917985350336186,-0.13205492670111862,35.042492100000004,-84.95894145572973,Bradley,-0.21,35.0425,-84.9587,0.021999245565364076
2024-05-12 02:07:00,159758308,-0.17521719813908038,-0.226400167300045,-0.12403422897811575,35.042492100000004,-84.95894145572973,Bradley,-0.19,35.0425,-84.9587,0.021999245565364076
2024-05-12 02:08:00,159758308,0.16891165491551782,0.11745951931242896,0.2203637905186067,35.042492100000004,-84.95894145572973,Bradley,-0.44,35.0425,-84.9587,0.021999245565364076
2024-05-12 02:09:00,159758308,0.10232119120922999,0.07224948213325447,0.1323929002852055,35.042492100000004,-84.95894145572973,Bradley,-0.27,35.0425,-84.9587,0.021999245565364076
2024-05-12 02:10:00,159758308,-0.1303751572876387,-0.16846993143180916,-0.09228038314346826,35.042492100000004,-84.95894145572973,Bradley,-0.29,35.0425,-84.9587,0.021999245565364076
2024-05-12 02:11:00,159758308,-0.008243045152716774,-0.010831977446089085,-0.005654112859344463,35.042492100000004,-84.95894145572973,Bradley,-0.25,35.0425,-84.9587,0.021999245565364076
2024-05-12 02:12:00,159758308,-0.053438772831335114,-0.07129446803910898,-0.03558307762356125,35.042492100000004,-84.95894145572973,Bradley,-0.16,35.0425,-84.9587,0.021999245565364076
2024-05-12 02:13:00,159758308,0.09261794561656754,0.05860728691114486,0.12662860432199022,35.042492100000004,-84.95894145572973,Bradley,-0.22,35.0425,-84.9587,0.021999245565364076
2024-05-12 02:14:00,159758308,0.6501016623234701,0.450378113114443,0.8498252115324972,35.042492100000004,-84.95894145572973,Bradley,0.17,35.0425,-84.9587,0.021999245565364076
2024-05-12 02:15:00,159758308,-0.3071674893346503,-0.39725923049854406,-0.2170757481707566,35.042492100000004,-84.95894145572973,Bradley,0.13,35.0425,-84.9587,0.021999245565364076
2024-05-12 02:16:00,159758308,-0.01104240571402349,-0.01511513291470264,-0.00696967851334434,35.042492100000004,-84.95894145572973,Bradley,0.43,35.0425,-84.9587,0.021999245565364076
2024-05-12 02:17:00,159758308,0.42890721868169973,0.3003344965279159,0.5574799408354836,35.042492100000004,-84.95894145572973,Bradley,0.54,35.0425,-84.9587,0.021999245565364076
2024-05-12 02:18:00,159758308,0.5253029510970074,0.3701496864233743,0.6804562157706405,35.042492100000004,-84.95894145572973,Bradley,0.44,35.0425,-84.9587,0.021999245565364076
2024-05-12 02:19:00,159758308,0.4137623728564223,0.29251678437689627,0.5350079613359484,35.042492100000004,-84.95894145572973,Bradley,0.36,35.0425,-84.9587,0.021999245565364076
2024-05-12 02:20:00,159758308,0.11155679134530515,0.0791130062465376,0.14400057644407271,35.042492100000004,-84.95894145572973,Bradley,0.49,35.0425,-84.9587,0.021999245565364076
2024-05-12 02:21:00,159758308,-0.3868072448196873,-0.4997350942047327,-0.2738793954346419,35.042492100000004,-84.95894145572973,Bradley,0.69,35.0425,-84.9587,0.021999245565364076
2024-05-12 02:22:00,159758308,-0.19168548481369788,-0.2498044836954627,-0.13356648593193304,35.042492100000004,-84.95894145572973,Bradley,0.35,35.0425,-84.9587,0.021999245565364076
2024-05-12 02:23:00,159758308,0.18599452087361298,0.12945337528920636,0.2425356664580196,35.042492100000004,-84.95894145572973,Bradley,0.25,35.0425,-84.9587,0.021999245565364076
2024-05-12 02:24:00,159758308,0.3018618226452169,0.21302502859228117,0.3906986166981526,35.042492100000004,-84.95894145572973,Bradley,0.1,35.0425,-84.9587,0.021999245565364076
2024-05-12 02:25:00,159758308,0.3726705667871553,0.2599673672706203,0.48537376630369033,35.042492100000004,-84.95894145572973,Bradley,0.06,35.0425,-84.9587,0.021999245565364076
2024-05-12 02:26:00,159758308,0.2524694816009583,0.1774350699809174,0.32750389322099915,35.042492100000004,-84.95894145572973,Bradley,0.11,35.0425,-84.9587,0.021999245565364076
2024-05-12 02:27:00,159758308,0.01920887088326696,0.013513086606179881,0.024904655160354037,35.042492100000004,-84.95894145572973,Bradley,-0.01,35.0425,-84.9587,0.021999245565364076
2024-05-12 02:28:00,159758308,0.051975591437641855,0.03573777187919977,0.06821341099608394,35.042492100000004,-84.95894145572973,Bradley,-0.01,35.0425,-84.9587,0.021999245565364076
2024-05-12 02:29:00,159758308,0.03853892446285779,0.023314289027294405,0.05376355989842117,35.042492100000004,-84.95894145572973,Bradley,-0.06,35.0425,-84.9587,0.021999245565364076
2024-05-12 02:30:00,159758308,-0.025613852772202843,-0.03675925101424246,-0.014468454530163221,35.042492100000004,-84.95894145572973,Bradley,-0.03,35.0425,-84.9587,0.021999245565364076
2024-05-12 02:31:00,159758308,0.1222783122675164,0.08396270191820483,0.16059392261682798,35.042492100000004,-84.95894145572973,Bradley,-0.16,35.0425,-84.9587,0.021999245565364076
2024-05-12 02:32:00,159758308,0.10616595454879792,0.07456691812377494,0.1377649909738209,35.042492100000004,-84.95894145572973,Bradley,-0.05,35.0425,-84.9587,0.021999245565364076
2024-05-12 02:33:00,159758308,0.07609222555769797,0.0505298152842278,0.10165463583116814,35.042492100000004,-84.95894145572973,Bradley,-0.23,35.0425,-84.9587,0.021999245565364076
2024-05-12 02:34:00,159758308,0.08631266919093078,0.055548788612091594,0.11707654976976997,35.042492100000004,-84.95894145572973,Bradley,-0.08,35.0425,-84.9587,0.021999245565364076
2024-05-12 02:35:00,159758308,0.08023340139280011,0.054070352822759266,0.10639644996284095,35.042492100000004,-84.95894145572973,Bradley,-0.17,35.0425,-84.9587,0.021999245565364076
2024-05-12 02:36:00,159758308,0.01220977362483319,-0.0007773890309544888,0.02519693628062087,35.042492100000004,-84.95894145572973,Bradley,-0.17,35.0425,-84.9587,0.021999245565364076
2024-05-12 02:37:00,159758308,-0.043014598197398286,-0.05571177693621382,-0.030317419458582753,35.042492100000004,-84.95894145572973,Bradley,-0.17,35.0425,-84.9587,0.021999245565364076
2024-05-12 02:38:00,159758308,-0.03426160985540045,-0.051111821798782056,-0.017411397912018844,35.042492100000004,-84.95894145572973,Bradley,-0.17,35.0425,-84.9587,0.021999245565364076
2024-05-12 02:39:00,159758308,-0.06901255789104531,-0.08931265900612906,-0.04871245677596156,35.042492100000004,-84.95894145572973,Bradley,-0.18,35.0425,-84.9587,0.021999245565364076
2024-05-12 02:40:00,159758308,-0.033610833276416445,-0.04352694702069511,-0.023694719532137785,35.042492100000004,-84.95894145572973,Bradley,-0.18,35.0425,-84.9587,0.021999245565364076
2024-05-12 02:41:00,159758308,-0.010756689506484585,-0.018163474524833894,-0.003349904488135275,35.042492100000004,-84.95894145572973,Bradley,-0.3,35.0425,-84.9587,0.021999245565364076
2024-05-12 02:42:00,159758308,-0.11333222892674008,-0.1471241277044079,-0.07954033014907227,35.042492100000004,-84.95894145572973,Bradley,-0.19,35.0425,-84.9587,0.021999245565364076
2024-05-12 02:43:00,159758308,-0.16951240175268997,-0.21923725962826474,-0.11978754387711521,35.042492100000004,-84.95894145572973,Bradley,-0.19,35.0425,-84.9587,0.021999245565364076
2024-05-12 02:44:00,159758308,0.05977653190443479,0.03619393316124904,0.08335913064762054,35.042492100000004,-84.95894145572973,Bradley,-0.31,35.0425,-84.9587,0.021999245565364076
2024-05-12 02:45:00,159758308,0.15305474594926866,0.10847079535662923,0.19763869654190808,35.042492100000004,-84.95894145572973,Bradley,-0.25,35.0425,-84.9587,0.021999245565364076
2024-05-12 02:46:00,159758308,0.021452113615239958,0.012377192459868827,0.03052703477061109,35.042492100000004,-84.95894145572973,Bradley,0.02,35.0425,-84.9587,0.021999245565364076
2024-05-12 02:47:00,159758308,0.20161151693583979,0.1403095862637926,0.262913447607887,35.042492100000004,-84.95894145572973,Bradley,-0.07,35.0425,-84.9587,0.021999245565364076
2024-05-12 02:48:00,159758308,0.31130490947587425,0.21919960792206655,0.40341021102968194,35.042492100000004,-84.95894145572973,Bradley,-0.19,35.0425,-84.9587,0.021999245565364076
2024-05-12 02:49:00,159758308,0.18670551682288164,0.13223555128573983,0.24117548236002345,35.042492100000004,-84.95894145572973,Bradley,-0.28,35.0425,-84.9587,0.021999245565364076
2024-05-12 02:50:00,159758308,-0.05115829703786987,-0.06769751370431763,-0.03461908037142211,35.042492100000004,-84.95894145572973,Bradley,-0.27,35.0425,-84.9587,0.021999245565364076
2024-05-12 02:51:00,159758308,-0.26949496548209484,-0.34818768372846903,-0.19080224723572065,35.042492100000004,-84.95894145572973,Bradley,-0.56,35.0425,-84.9587,0.021999245565364076
2024-05-12 02:52:00,159758308,-0.23493190988567586,-0.3059847445608779,-0.16387907521047385,35.042492100000004,-84.95894145572973,Bradley,-0.28,35.0425,-84.9587,0.021999245565364076
2024-05-12 02:53:00,159758308,-0.11814885501823091,-0.15854495654591416,-0.07775275349054767,35.042492100000004,-84.95894145572973,Bradley,-0.43,35.0425,-84.9587,0.021999245565364076
2024-05-12 02:54:00,159758308,-0.4354951572482347,-0.5650845978710228,-0.3059057166254465,35.042492100000004,-84.95894145572973,Bradley,-0.33,35.0425,-84.9587,0.021999245565364076
2024-05-12 02:55:00,159758308,-0.4087496913353228,-0.5278471816339012,-0.28965220103674433,35.042492100000004,-84.95894145572973,Bradley,-0.3,35.0425,-84.9587,0.021999245565364076
2024-05-12 02:56:00,159758308,0.11083432308522823,0.07120411683755964,0.1504645293328968,35.042492100000004,-84.95894145572973,Bradley,-0.38,35.0425,-84.9587,0.021999245565364076
2024-05-12 02:57:00,159758308,0.07006660466556511,0.0472850020114004,0.09284820731972981,35.042492100000004,-84.95894145572973,Bradley,-0.29,35.0425,-84.9587,0.021999245565364076
2024-05-12 02:58:00,159758308,0.33485265858797075,0.23348657325381023,0.4362187439221313,35.042492100000004,-84.95894145572973,Bradley,-0.06,35.0425,-84.9587,0.021999245565364076
2024-05-12 02:59:00,159758308,0.30770133146120543,0.21513990215195572,0.40026276077045514,35.042492100000004,-84.95894145572973,Bradley,-0.12,35.0425,-84.9587,0.021999245565364076
2024-05-12 03:00:00,159758308,0.1193885469725249,0.073679908199297,0.16509718574575283,35.042492100000004,-84.95894145572973,Bradley,-0.31,35.0425,-84.9587,0.021999245565364076
2024-05-12 03:01:00,159758308,-0.1545081789572125,-0.20421365579601947,-0.10480270211840552,35.042492100000004,-84.95894145572973,Bradley,-0.38,35.0425,-84.9587,0.021999245565364076
2024-05-12 03:02:00,159758308,0.001320516253447645,-0.0057283131847179385,0.008369345691613229,35.042492100000004,-84.95894145572973,Bradley,-0.14,35.0425,-84.9587,0.021999245565364076
2024-05-12 03:03:00,159758308,0.24301736468665938,0.17138409723037829,0.3146506321429405,35.042492100000004,-84.95894145572973,Bradley,-0.32,35.0425,-84.9587,0.021999245565364076
2024-05-12 03:04:00,159758308,-0.1948067742702379,-0.25844645098120556,-0.13116709755927028,35.042492100000004,-84.95894145572973,Bradley,-0.15,35.0425,-84.9587,0.021999245565364076
2024-05-12 03:05:00,159758308,-0.7366348194771352,-0.9529545723585208,-0.5203150665957496,35.042492100000004,-84.95894145572973,Bradley,-0.16,35.0425,-84.9587,0.021999245565364076
2024-05-12 03:06:00,159758308,-0.15148293675395091,-0.19588786089369065,-0.10707801261421117,35.042492100000004,-84.95894145572973,Bradley,-0.17,35.0425,-84.9587,0.021999245565364076
2024-05-12 03:07:00,159758308,-0.029677503286950447,-0.039330793408335674,-0.020024213165565224,35.042492100000004,-84.95894145572973,Bradley,-0.09,35.0425,-84.9587,0.021999245565364076
2024-05-12 03:08:00,159758308,0.28087073648705446,0.1978894761971009,0.363851996777008,35.042492100000004,-84.95894145572973,Bradley,0.0,35.0425,-84.9587,0.021999245565364076
2024-05-12 03:09:00,159758308,0.1201662783183423,0.08449279760689275,0.15583975902979186,35.042492100000004,-84.95894145572973,Bradley,-0.13,35.0425,-84.9587,0.021999245565364076
2024-05-12 03:10:00,159758308,0.30935621742602554,0.21823343870990103,0.40047899614215005,35.042492100000004,-84.95894145572973,Bradley,-0.08,35.0425,-84.9587,0.021999245565364076
2024-05-12 03:11:00,159758308,0.11629725689044637,0.08190128748038203,0.1506932263005107,35.042492100000004,-84.95894145572973,Bradley,-0.13,35.0425,-84.9587,0.021999245565364076
2024-05-12 03:12:00,159758308,0.3078339095073974,0.2180398599110303,0.39762795910376453,35.042492100000004,-84.95894145572973,Bradley,-0.01,35.0425,-84.9587,0.021999245565364076
2024-05-12 03:13:00,159758308,0.10223298371038585,0.0721058087599906,0.1323601586607811,35.042492100000004,-84.95894145572973,Bradley,-0.06,35.0425,-84.9587,0.021999245565364076
2024-05-12 03:14:00,159758308,0.1480036865726925,0.10421920870822998,0.19178816443715502,35.042492100000004,-84.95894145572973,Bradley,-0.05,35.0425,-84.9587,0.021999245565364076
2024-05-12 03:15:00,159758308,0.033144162658404086,0.02346008926251106,0.042828236054297114,35.042492100000004,-84.95894145572973,Bradley,-0.07,35.0425,-84.9587,0.021999245565364076
2024-05-12 03:16:00,159758308,0.22226056815316073,0.15722733466690225,0.2872938016394192,35.042492100000004,-84.95894145572973,Bradley,0.02,35.0425,-84.9587,0.021999245565364076
2024-05-12 03:17:00,159758308,0.0009831504767263345,-0.006638904045061402,0.008605204998514072,35.042492100000004,-84.95894145572973,Bradley,0.14,35.0425,-84.9587,0.021999245565364076
2024-05-12 03:18:00,159758308,0.05891304554839862,0.0409639471335443,0.07686214396325294,35.042492100000004,-84.95894145572973,Bradley,0.05,35.0425,-84.9587,0.021999245565364076
2024-05-12 03:19:00,159758308,-0.02408345369340272,-0.031816769125445676,-0.01635013826135976,35.042492100000004,-84.95894145572973,Bradley,0.09,35.0425,-84.9587,0.021999245565364076
2024-05-12 03:20:00,159758308,0.1768633002952673,0.12500191060054544,0.22872468998998918,35.042492100000004,-84.95894145572973,Bradley,0.12,35.0425,-84.9587,0.021999245565364076
2024-05-12 03:21:00,159758308,0.06194173560177791,0.04369844323839982,0.080185027965156,35.042492100000004,-84.95894145572973,Bradley,0.05,35.0425,-84.9587,0.021999245565364076
2024-05-12 03:22:00,159758308,0.1014017234653455,0.07178290496506269,0.1310205419656283,35.042492100000004,-84.95894145572973,Bradley,0.09,35.0425,-84.9587,0.021999245565364076
2024-05-12 03:23:00,159758308,0.053619569471881304,0.037806826349922946,0.06943231259383967,35.042492100000004,-84.95894145572973,Bradley,0.02,35.0425,-84.9587,0.021999245565364076
2024-05-12 03:24:00,159758308,-0.0011842779529599753,-0.005950465032932088,0.003581909127012137,35.042492100000004,-84.95894145572973,Bradley,-0.05,35.0425,-84.9587,0.021999245565364076
2024-05-12 03:25:00,159758308,0.0577567022922621,0.040358418762401385,0.07515498582212282,35.042492100000004,-84.95894145572973,Bradley,0.03,35.0425,-84.9587,0.021999245565364076
2024-05-12 03:26:00,159758308,0.1392295647565358,0.09856372507669062,0.179895404436381,35.042492100000004,-84.95894145572973,Bradley,-0.07,35.0425,-84.9587,0.021999245565364076
2024-05-12 03:27:00,159758308,-0.04120624185650639,-0.05431029223238319,-0.028102191480629594,35.042492100000004,-84.95894145572973,Bradley,-0.1,35.0425,-84.9587,0.021999245565364076
2024-05-12 03:28:00,159758308,0.024875787094926865,0.0173780953133984,0.03237347887645533,35.042492100000004,-84.95894145572973,Bradley,-0.09,35.0425,-84.9587,0.021999245565364076
2024-05-12 03:29:00,159758308,-0.1373324262751135,-0.17867968361164382,-0.09598516893858318,35.042492100000004,-84.95894145572973,Bradley,-0.09,35.0425,-84.9587,0.021999245565364076
2024-05-12 03:30:00,159758308,-0.07806531935629624,-0.10118024757460693,-0.05495039113798554,35.042492100000004,-84.95894145572973,Bradley,-0.22,35.0425,-84.9587,0.021999245565364076
2024-05-12 03:31:00,159758308,-0.10250109510287071,-0.13237633263271623,-0.07262585757302521,35.042492100000004,-84.95894145572973,Bradley,-0.21,35.0425,-84.9587,0.021999245565364076
2024-05-12 03:32:00,159758308,0.03007332879421129,0.02071703334639184,0.03942962424203074,35.042492100000004,-84.95894145572973,Bradley,-0.25,35.0425,-84.9587,0.021999245565364076
2024-05-12 03:33:00,159758308,-0.13101317374274965,-0.16936241393570334,-0.09266393354979596,35.042492100000004,-84.95894145572973,Bradley,-0.3,35.0425,-84.9587,0.021999245565364076
2024-05-12 03:34:00,159758308,0.06395599837261474,0.04530362596330516,0.08260837078192433,35.042492100000004,-84.95894145572973,Bradley,-0.31,35.0425,-84.9587,0.021999245565364076
2024-05-12 03:35:00,159758308,-0.01230607228384935,-0.016822059841632337,-0.007790084726066363,35.042492100000004,-84.95894145572973,Bradley,-0.21,35.0425,-84.9587,0.021999245565364076
2024-05-12 03:36:00,159758308,0.05104474373607725,0.035906410217804545,0.06618307725434996,35.042492100000004,-84.95894145572973,Bradley,-0.21,35.0425,-84.9587,0.021999245565364076
2024-05-12 03:37:00,159758308,-0.06591530077074227,-0.08518277742808822,-0.04664782411339633,35.042492100000004,-84.95894145572973,Bradley,-0.2,35.0425,-84.9587,0.021999245565364076
2024-05-12 03:38:00,159758308,-0.026954999768501492,-0.03627257394896469,-0.0176374255880383,35.042492100000004,-84.95894145572973,Bradley,-0.38,35.0425,-84.9587,0.021999245565364076
2024-05-12 03:39:00,159758308,-0.3210611760255548,-0.4167073362508165,-0.22541501580029305,35.042492100000004,-84.95894145572973,Bradley,-0.49,35.0425,-84.9587,0.021999245565364076
2024-05-12 03:40:00,159758308,-0.27879455607452086,-0.3603772986978101,-0.1972118134512316,35.042492100000004,-84.95894145572973,Bradley,-0.24,35.0425,-84.9587,0.021999245565364076
2024-05-12 03:41:00,159758308,-0.1221297879145301,-0.1610478962992499,-0.08321167952981029,35.042492100000004,-84.95894145572973,Bradley,-0.01,35.0425,-84.9587,0.021999245565364076
2024-05-12 03:42:00,159758308,0.11974621524567082,0.07602329781908765,0.163469132672254,35.042492100000004,-84.95894145572973,Bradley,-0.1,35.0425,-84.9587,0.021999245565364076
2024-05-12 03:43:00,159758308,0.13168217980308508,0.09317136048897176,0.1701929991171984,35.042492100000004,-84.95894145572973,Bradley,-0.27,35.0425,-84.9587,0.021999245565364076
2024-05-12 03:44:00,159758308,0.16972062727229742,0.11984235371925914,0.2195989008253357,35.042492100000004,-84.95894145572973,Bradley,-0.3,35.0425,-84.9587,0.021999245565364076
2024-05-12 03:45:00,159758308,0.2443871462834146,0.17118517957601914,0.31758911299081005,35.042492100000004,-84.95894145572973,Bradley,-0.14,35.0425,-84.9587,0.021999245565364076
2024-05-12 03:46:00,159758308,0.3870146083767653,0.2735590333648229,0.5004701833887077,35.042492100000004,-84.95894145572973,Bradley,-0.17,35.0425,-84.9587,0.021999245565364076
2024-05-12 03:47:00,159758308,0.19510291996784634,0.13804554532735933,0.25216029460833334,35.042492100000004,-84.95894145572973,Bradley,-0.2,35.0425,-84.9587,0.021999245565364076
2024-05-12 03:48:00,159758308,0.09638928821925437,0.06825579245796988,0.12452278398053886,35.042492100000004,-84.95894145572973,Bradley,-0.2,35.0425,-84.9587,0.021999245565364076
2024-05-12 03:49:00,159758308,-0.06996943891329019,-0.0920296634564938,-0.04790921437008658,35.042492100000004,-84.95894145572973,Bradley,-0.27,35.0425,-84.9587,0.021999245565364076
2024-05-12 03:50:00,159758308,0.07820101688592804,0.05510315619436493,0.10129887757749115,35.042492100000004,-84.95894145572973,Bradley,-0.21,35.0425,-84.9587,0.021999245565364076
2024-05-12 03:51:00,159758308,-0.1299841136201244,-0.16795141013346834,-0.09201681710678047,35.042492100000004,-84.95894145572973,Bradley,-0.19,35.0425,-84.9587,0.021999245565364076
2024-05-12 03:52:00,159758308,-0.033081926911488105,-0.042892014513070995,-0.023271839309905215,35.042492100000004,-84.95894145572973,Bradley,-0.2,35.0425,-84.9587,0.021999245565364076
2024-05-12 03:53:00,159758308,-0.19802095045078177,-0.2559245672290533,-0.1401173336725102,35.042492100000004,-84.95894145572973,Bradley,-0.23,35.0425,-84.9587,0.021999245565364076
2024-05-12 03:54:00,159758308,-0.014348400144185808,-0.020849500524092655,-0.007847299764278962,35.042492100000004,-84.95894145572973,Bradley,-0.15,35.0425,-84.9587,0.021999245565364076
2024-05-12 03:55:00,159758308,0.03304427761957801,0.01959388859525269,0.04649466664390333,35.042492100000004,-84.95894145572973,Bradley,-0.06,35.0425,-84.9587,0.021999245565364076
2024-05-12 03:56:00,159758308,-0.17822667874180398,-0.23027168688123367,-0.12618167060237429,35.042492100000004,-84.95894145572973,Bradley,-0.22,35.0425,-84.9587,0.021999245565364076
2024-05-12 03:57:00,159758308,-0.25509715384898285,-0.3295754751363086,-0.18061883256165712,35.042492100000004,-84.95894145572973,Bradley,-0.11,35.0425,-84.9587,0.021999245565364076
2024-05-12 03:58:00,159758308,-0.053423642310506156,-0.0723507031423296,-0.03449658147868272,35.042492100000004,-84.95894145572973,Bradley,0.08,35.0425,-84.9587,0.021999245565364076
2024-05-12 03:59:00,159758308,-0.28405433352072124,-0.36698020704782597,-0.2011284599936165,35.042492100000004,-84.95894145572973,Bradley,-0.0,35.0425,-84.9587,0.021999245565364076
2024-05-12 04:00:00,159758308,-0.39108537008238065,-0.5051817679524502,-0.27698897221231106,35.042492100000004,-84.95894145572973,Bradley,0.01,35.0425,-84.9587,0.021999245565364076
2024-05-12 04:01:00,159758308,-0.5059183168186785,-0.6534031368896879,-0.3584334967476691,35.042492100000004,-84.95894145572973,Bradley,-0.16,35.0425,-84.9587,0.021999245565364076
2024-05-12 04:02:00,159758308,-0.12894067719388344,-0.17438030878891303,-0.08350104559885384,35.042492100000004,-84.95894145572973,Bradley,-0.01,35.0425,-84.9587,0.021999245565364076
2024-05-12 04:03:00,159758308,-0.04189789239079181,-0.06092680375564466,-0.02286898102593896,35.042492100000004,-84.95894145572973,Bradley,-0.07,35.0425,-84.9587,0.021999245565364076
2024-05-12 04:04:00,159758308,-0.16514442715776312,-0.21347841640162066,-0.11681043791390558,35.042492100000004,-84.95894145572973,Bradley,0.05,35.0425,-84.9587,0.021999245565364076
2024-05-12 04:05:00,159758308,-0.1642197876387021,-0.2124840277117242,-0.11595554756568,35.042492100000004,-84.95894145572973,Bradley,0.18,35.0425,-84.9587,0.021999245565364076
2024-05-12 04:06:00,159758308,0.054665489171123696,0.03812719061047162,0.07120378773177577,35.042492100000004,-84.95894145572973,Bradley,-0.03,35.0425,-84.9587,0.021999245565364076
2024-05-12 04:07:00,159758308,0.03117836475692985,0.0206916470854773,0.0416650824283824,35.042492100000004,-84.95894145572973,Bradley,0.08,35.0425,-84.9587,0.021999245565364076
2024-05-12 04:08:00,159758308,0.17479578055386263,0.12271042708851598,0.22688113401920929,35.042492100000004,-84.95894145572973,Bradley,0.2,35.0425,-84.9587,0.021999245565364076
2024-05-12 04:09:00,159758308,0.003761207808883862,-0.002231305201760882,0.009753720819528607,35.042492100000004,-84.95894145572973,Bradley,0.1,35.0425,-84.9587,0.021999245565364076
2024-05-12 04:10:00,159758308,0.15005819478448637,0.10632660127936609,0.19378978828960663,35.042492100000004,-84.95894145572973,Bradley,0.09,35.0425,-84.9587,0.021999245565364076
2024-05-12 04:11:00,159758308,-0.08995508682671696,-0.12069044090034639,-0.059219732753087534,35.042492100000004,-84.95894145572973,Bradley,0.05,35.0425,-84.9587,0.021999245565364076
2024-05-12 04:12:00,159758308,0.057989893940846714,0.03992457927715437,0.07605520860453906,35.042492100000004,-84.95894145572973,Bradley,-0.09,35.0425,-84.9587,0.021999245565364076
2024-05-12 04:13:00,159758308,0.15631058365206793,0.11071230382937763,0.20190886347475823,35.042492100000004,-84.95894145572973,Bradley,-0.05,35.0425,-84.9587,0.021999245565364076
2024-05-12 04:14:00,159758308,0.0015752515539516918,-0.01137282013253313,0.014523323240436514,35.042492100000004,-84.95894145572973,Bradley,-0.12,35.0425,-84.9587,0.021999245565364076
2024-05-12 04:15:00,159758308,0.02353255894653895,0.01319928933390171,0.03386582855917619,35.042492100000004,-84.95894145572973,Bradley,-0.17,35.0425,-84.9587,0.021999245565364076
2024-05-12 04:16:00,159758308,0.1284245360835575,0.09094306249877507,0.16590600966833993,35.042492100000004,-84.95894145572973,Bradley,0.08,35.0425,-84.9587,0.021999245565364076
2024-05-12 04:17:00,159758308,0.034449589517025155,0.017142241201769343,0.05175693783228097,35.042492100000004,-84.95894145572973,Bradley,-0.11,35.0425,-84.9587,0.021999245565364076
2024-05-12 04:18:00,159758308,0.28603602642169634,0.20234937167938513,0.3697226811640075,35.042492100000004,-84.95894145572973,Bradley,0.01,35.0425,-84.9587,0.021999245565364076
2024-05-12 04:19:00,159758308,-0.23176477223173755,-0.3053714547943605,-0.1581580896691146,35.042492100000004,-84.95894145572973,Bradley,-0.26,35.0425,-84.9587,0.021999245565364076
2024-05-12 04:20:00,159758308,0.19618316424638535,0.13876024620959687,0.25360608228317383,35.042492100000004,-84.95894145572973,Bradley,-0.32,35.0425,-84.9587,0.021999245565364076
2024-05-12 04:21:00,159758308,0.1645436392747562,0.11651716136386231,0.2125701171856501,35.042492100000004,-84.95894145572973,Bradley,-0.12,35.0425,-84.9587,0.021999245565364076
2024-05-12 04:22:00,159758308,0.461428408183423,0.32662280224523854,0.5962340141216075,35.042492100000004,-84.95894145572973,Bradley,-0.2,35.0425,-84.9587,0.021999245565364076
2024-05-12 04:23:00,159758308,0.18047923310619116,0.1255930192851023,0.23536544692728,35.042492100000004,-84.95894145572973,Bradley,-0.39,35.0425,-84.9587,0.021999245565364076
2024-05-12 04:24:00,159758308,0.26524524393703763,0.18789364644117074,0.34259684143290453,35.042492100000004,-84.95894145572973,Bradley,-0.23,35.0425,-84.9587,0.021999245565364076
2024-05-12 04:25:00,159758308,-0.1232905846437353,-0.17022068407695118,-0.07636048521051941,35.042492100000004,-84.95894145572973,Bradley,-0.38,35.0425,-84.9587,0.021999245565364076
2024-05-12 04:26:00,159758308,0.18912098210532952,0.13384560560090902,0.24439635860975,35.042492100000004,-84.95894145572973,Bradley,-0.22,35.0425,-84.9587,0.021999245565364076
2024-05-12 04:27:00,159758308,0.005543371255396193,-0.012277174331204226,0.02336391684199661,35.042492100000004,-84.95894145572973,Bradley,-0.26,35.0425,-84.9587,0.021999245565364076
2024-05-12 04:28:00,159758308,0.6394560146267653,0.45174829227904423,0.8271637369744863,35.042492100000004,-84.95894145572973,Bradley,-0.31,35.0425,-84.9587,0.021999245565364076
2024-05-12 04:29:00,159758308,1.0842162018745798,0.7629096198388574,1.4055227839103022,35.042492100000004,-84.95894145572973,Bradley,-0.86,35.0425,-84.9587,0.021999245565364076
2024-05-12 04:30:00,159758308,0.806609101798924,0.563241918171842,1.049976285426006,35.042492100000004,-84.95894145572973,Bradley,-1.64,35.0425,-84.9587,0.021999245565364076
2024-05-12 04:31:00,159758308,-1.2984140546191998,-1.6878072961590056,-0.909020813079394,35.042492100000004,-84.95894145572973,Bradley,-1.94,35.0425,-84.9587,0.021999245565364076
2024-05-12 04:32:00,159758308,-2.1474497730329523,-2.784581065327704,-1.5103184807382006,35.042492100000004,-84.95894145572973,Bradley,-1.56,35.0425,-84.9587,0.021999245565364076
2024-05-12 04:33:00,159758308,-1.2792827552328514,-1.652736949382738,-0.9058285610829648,35.042492100000004,-84.95894145572973,Bradley,-1.36,35.0425,-84.9587,0.021999245565364076
2024-05-12 04:34:00,159758308,-0.8380915854068595,-1.083361690600256,-0.5928214802134627,35.042492100000004,-84.95894145572973,Bradley,-0.43,35.0425,-84.9587,0.021999245565364076
2024-05-12 04:35:00,159758308,-0.02716705505689199,-0.08038757393153462,0.02605346381775064,35.042492100000004,-84.95894145572973,Bradley,0.29,35.0425,-84.9587,0.021999245565364076
2024-05-12 04:36:00,159758308,-1.567694760843981,-2.0267142243760885,-1.1086752973118739,35.042492100000004,-84.95894145572973,Bradley,0.74,35.0425,-84.9587,0.021999245565364076
2024-05-12 04:37:00,159758308,-0.40498192998171656,-0.531005982169353,-0.2789578777940801,35.042492100000004,-84.95894145572973,Bradley,1.17,35.0425,-84.9587,0.021999245565364076
2024-05-12 04:38:00,159758308,-0.1587201357689494,-0.21878747160681766,-0.0986527999310811,35.042492100000004,-84.95894145572973,Bradley,1.08,35.0425,-84.9587,0.021999245565364076
2024-05-12 04:39:00,159758308,0.22027509903539005,0.14272129023915497,0.29782890783162513,35.042492100000004,-84.95894145572973,Bradley,1.11,35.0425,-84.9587,0.021999245565364076
2024-05-12 04:40:00,159758308,-0.038776484606806355,-0.05472728970625815,-0.022825679507354563,35.042492100000004,-84.95894145572973,Bradley,1.03,35.0425,-84.9587,0.021999245565364076
2024-05-12 04:41:00,159758308,0.3967925471271856,0.2756908644760662,0.517894229778305,35.042492100000004,-84.95894145572973,Bradley,0.9,35.0425,-84.9587,0.021999245565364076
2024-05-12 04:42:00,159758308,0.2966192844496049,0.20585078687609873,0.3873877820231111,35.042492100000004,-84.95894145572973,Bradley,0.77,35.0425,-84.9587,0.021999245565364076
2024-05-12 04:43:00,159758308,0.5923908903202757,0.41514278201500726,0.7696389986255441,35.042492100000004,-84.95894145572973,Bradley,0.68,35.0425,-84.9587,0.021999245565364076
2024-05-12 04:44:00,159758308,0.1284510516927959,0.09101327960713092,0.16588882377846087,35.042492100000004,-84.95894145572973,Bradley,0.58,35.0425,-84.9587,0.021999245565364076
2024-05-12 04:45:00,159758308,0.2869301688855498,0.20299961094629226,0.3708607268248073,35.042492100000004,-84.95894145572973,Bradley,0.46,35.0425,-84.9587,0.021999245565364076
2024-05-12 04:46:00,159758308,0.11176596091911147,0.07924822490138048,0.14428369693684245,35.042492100000004,-84.95894145572973,Bradley,0.45,35.0425,-84.9587,0.021999245565364076
2024-05-12 04:47:00,159758308,0.24131125352009078,0.170959382269133,0.31166312477104857,35.042492100000004,-84.95894145572973,Bradley,0.36,35.0425,-84.9587,0.021999245565364076
2024-05-12 04:48:00,159758308,0.07364197393031272,0.05183168698684269,0.09545226087378274,35.042492100000004,-84.95894145572973,Bradley,0.27,35.0425,-84.9587,0.021999245565364076
2024-05-12 04:49:00,159758308,0.004714785082354671,-0.007871911291683598,0.017301481456392938,35.042492100000004,-84.95894145572973,Bradley,0.3,35.0425,-84.9587,0.021999245565364076
2024-05-12 04:50:00,159758308,0.06324073365653371,0.04471366884707006,0.08176779846599735,35.042492100000004,-84.95894145572973,Bradley,0.33,35.0425,-84.9587,0.021999245565364076
2024-05-12 04:51:00,159758308,0.3557270103921486,0.25121925576846427,0.46023476501583294,35.042492100000004,-84.95894145572973,Bradley,0.33,35.0425,-84.9587,0.021999245565364076
2024-05-12 04:52:00,159758308,0.4195821796717384,0.29641823170528,0.5427461276381967,35.042492100000004,-84.95894145572973,Bradley,0.47,35.0425,-84.9587,0.021999245565364076
2024-05-12 04:53:00,159758308,0.40085592058254876,0.28402420496631064,0.5176876361987869,35.042492100000004,-84.95894145572973,Bradley,0.45,35.0425,-84.9587,0.021999245565364076
2024-05-12 04:54:00,159758308,0.34095379355455613,0.24136325031122122,0.44054433679789107,35.042492100000004,-84.95894145572973,Bradley,0.25,35.0425,-84.9587,0.021999245565364076
2024-05-12 04:55:00,159758308,0.30439016397318425,0.21548169989954635,0.39329862804682214,35.042492100000004,-84.95894145572973,Bradley,0.09,35.0425,-84.9587,0.021999245565364076
2024-05-12 04:56:00,159758308,0.5539714964588938,0.3915237770379017,0.7164192158798859,35.042492100000004,-84.95894145572973,Bradley,0.08,35.0425,-84.9587,0.021999245565364076
2024-05-12 04:57:00,159758308,0.5609548705972596,0.3971700171314479,0.7247397240630713,35.042492100000004,-84.95894145572973,Bradley,0.16,35.0425,-84.9587,0.021999245565364076
2024-05-12 04:58:00,159758308,0.2982288558128783,0.21093336287491585,0.38552434875084074,35.042492100000004,-84.95894145572973,Bradley,0.21,35.0425,-84.9587,0.021999245565364076
2024-05-12 04:59:00,159758308,0.32783981354026565,0.232214426605364,0.4234652004751673,35.042492100000004,-84.95894145572973,Bradley,0.12,35.0425,-84.9587,0.021999245565364076
2024-05-12 05:00:00,159758308,0.3789395792178043,0.2684757838021309,0.4894033746334777,35.042492100000004,-84.95894145572973,Bradley,0.01,35.0425,-84.9587,0.021999245565364076
2024-05-12 05:01:00,159758308,0.2093398319287996,0.14705577788746324,0.2716238859701359,35.042492100000004,-84.95894145572973,Bradley,-0.14,35.0425,-84.9587,0.021999245565364076
2024-05-12 05:02:00,159758308,0.10185168842862097,0.06935763800385315,0.1343457388533888,35.042492100000004,-84.95894145572973,Bradley,-0.19,35.0425,-84.9587,0.021999245565364076
2024-05-12 05:03:00,159758308,0.07325330065975433,0.04941390371165076,0.0970926976078579,35.042492100000004,-84.95894145572973,Bradley,-0.19,35.0425,-84.9587,0.021999245565364076
2024-05-12 05:04:00,159758308,-0.1859943156444393,-0.2447181533603703,-0.1272704779285083,35.042492100000004,-84.95894145572973,Bradley,-0.23,35.0425,-84.9587,0.021999245565364076
2024-05-12 05:05:00,159758308,-0.04044180423041358,-0.056329765308338435,-0.02455384315248873,35.042492100000004,-84.95894145572973,Bradley,-0.23,35.0425,-84.9587,0.021999245565364076
2024-05-12 05:06:00,159758308,-0.02627714833078083,-0.036709343954965265,-0.015844952706596395,35.042492100000004,-84.95894145572973,Bradley,-0.21,35.0425,-84.9587,0.021999245565364076
2024-05-12 05:07:00,159758308,0.11184797049691073,0.07912756178597835,0.1445683792078431,35.042492100000004,-84.95894145572973,Bradley,-0.17,35.0425,-84.9587,0.021999245565364076
2024-05-12 05:08:00,159758308,-0.04118295347602398,-0.056126375253377096,-0.02623953169867086,35.042492100000004,-84.95894145572973,Bradley,0.04,35.0425,-84.9587,0.021999245565364076
2024-05-12 05:09:00,159758308,0.11536732245870461,0.08158657604163116,0.14914806887577806,35.042492100000004,-84.95894145572973,Bradley,0.14,35.0425,-84.9587,0.021999245565364076
2024-05-12 05:10:00,159758308,0.09255995811354657,0.0643734795676852,0.12074643665940794,35.042492100000004,-84.95894145572973,Bradley,0.02,35.0425,-84.9587,0.021999245565364076
2024-05-12 05:11:00,159758308,-0.022451847130288673,-0.03215818204741002,-0.012745512213167323,35.042492100000004,-84.95894145572973,Bradley,-0.16,35.0425,-84.9587,0.021999245565364076
2024-05-12 05:12:00,159758308,0.025942214319348414,0.01347057570877389,0.038413852929922936,35.042492100000004,-84.95894145572973,Bradley,-0.03,35.0425,-84.9587,0.021999245565364076
2024-05-12 05:13:00,159758308,-0.04422731598351895,-0.06645366763545532,-0.022000964331582586,35.042492100000004,-84.95894145572973,Bradley,0.12,35.0425,-84.9587,0.021999245565364076
2024-05-12 05:14:00,159758308,-0.13322564684951874,-0.1759306659099168,-0.09052062778912068,35.042492100000004,-84.95894145572973,Bradley,0.03,35.0425,-84.9587,0.021999245565364076
2024-05-12 05:15:00,159758308,0.07263485280635297,0.05103056717689905,0.09423913843580689,35.042492100000004,-84.95894145572973,Bradley,-0.13,35.0425,-84.9587,0.021999245565364076
2024-05-12 05:16:00,159758308,-0.04979590369136685,-0.06996599385232848,-0.02962581353040522,35.042492100000004,-84.95894145572973,Bradley,-0.21,35.0425,-84.9587,0.021999245565364076
2024-05-12 05:17:00,159758308,-0.1928483954033919,-0.2506377212538467,-0.13505906955293712,35.042492100000004,-84.95894145572973,Bradley,-0.28,35.0425,-84.9587,0.021999245565364076
2024-05-12 05:18:00,159758308,-0.041138865118789926,-0.05347568675512274,-0.02880204348245712,35.042492100000004,-84.95894145572973,Bradley,-0.15,35.0425,-84.9587,0.021999245565364076
2024-05-12 05:19:00,159758308,0.05079006459300921,0.03556875207503474,0.06601137711098368,35.042492100000004,-84.95894145572973,Bradley,0.09,35.0425,-84.9587,0.021999245565364076
2024-05-12 05:20:00,159758308,0.1274142749532406,0.09006508009853884,0.16476346980794235,35.042492100000004,-84.95894145572973,Bradley,0.06,35.0425,-84.9587,0.021999245565364076
2024-05-12 05:21:00,159758308,0.1097066913904884,0.07743261226599718,0.14198077051497962,35.042492100000004,-84.95894145572973,Bradley,0.03,35.0425,-84.9587,0.021999245565364076
2024-05-12 05:22:00,159758308,-0.0021337692418512116,-0.011090950634486197,0.0068234121507837735,35.042492100000004,-84.95894145572973,Bradley,0.03,35.0425,-84.9587,0.021999245565364076
2024-05-12 05:23:00,159758308,0.13826363312773202,0.09785828679513633,0.1786689794603277,35.042492100000004,-84.95894145572973,Bradley,0.08,35.0425,-84.9587,0.021999245565364076
2024-05-12 05:24:00,159758308,0.0555052869497888,0.03756927541413278,0.07344129848544481,35.042492100000004,-84.95894145572973,Bradley,0.04,35.0425,-84.9587,0.021999245565364076
2024-05-12 05:25:00,159758308,0.04166933122543817,0.029292888748823215,0.05404577370205313,35.042492100000004,-84.95894145572973,Bradley,0.03,35.0425,-84.9587,0.021999245565364076
2024-05-12 05:26:00,159758308,0.011632208705509598,0.005772260369043999,0.0174921570419752,35.042492100000004,-84.95894145572973,Bradley,0.05,35.0425,-84.9587,0.021999245565364076
2024-05-12 05:27:00,159758308,-0.004707831140324504,-0.010328090296526562,0.0009124280158775543,35.042492100000004,-84.95894145572973,Bradley,0.05,35.0425,-84.9587,0.021999245565364076
2024-05-12 05:28:00,159758308,0.0934835304409045,0.0661286517743069,0.1208384091075021,35.042492100000004,-84.95894145572973,Bradley,0.08,35.0425,-84.9587,0.021999245565364076
2024-05-12 05:29:00,159758308,0.13321552905125672,0.09430991820787987,0.17212113989463357,35.042492100000004,-84.95894145572973,Bradley,0.09,35.0425,-84.9587,0.021999245565364076
2024-05-12 05:30:00,159758308,-0.015132873268358325,-0.024543602825261947,-0.005722143711454705,35.042492100000004,-84.95894145572973,Bradley,0.03,35.0425,-84.9587,0.021999245565364076
2024-05-12 05:31:00,159758308,-0.035143613013631156,-0.048768962650822464,-0.021518263376439847,35.042492100000004,-84.95894145572973,Bradley,-0.02,35.0425,-84.9587,0.021999245565364076
2024-05-12 05:32:00,159758308,0.006281244730740966,0.00031030528470343474,0.012252184176778497,35.042492100000004,-84.95894145572973,Bradley,-0.1,35.0425,-84.9587,0.021999245565364076
2024-05-12 05:33:00,159758308,0.14060558532017065,0.09941487948026229,0.181796291160079,35.042492100000004,-84.95894145572973,Bradley,-0.13,35.0425,-84.9587,0.021999245565364076
2024-05-12 05:34:00,159758308,0.022911533542984513,0.012195225309119935,0.03362784177684909,35.042492100000004,-84.95894145572973,Bradley,-0.08,35.0425,-84.9587,0.021999245565364076
2024-05-12 05:35:00,159758308,0.05455071475574773,0.03837773051379816,0.07072369899769729,35.042492100000004,-84.95894145572973,Bradley,-0.08,35.0425,-84.9587,0.021999245565364076
2024-05-12 05:36:00,159758308,0.02872475506719039,0.017875539524683473,0.039573970609697307,35.042492100000004,-84.95894145572973,Bradley,-0.0,35.0425,-84.9587,0.021999245565364076
2024-05-12 05:37:00,159758308,0.05980745481017779,0.042165459821659854,0.07744944979869572,35.042492100000004,-84.95894145572973,Bradley,-0.06,35.0425,-84.9587,0.021999245565364076
2024-05-12 05:38:00,159758308,-0.12720879950456035,-0.16648601364257187,-0.08793158536654881,35.042492100000004,-84.95894145572973,Bradley,-0.19,35.0425,-84.9587,0.021999245565364076
2024-05-12 05:39:00,159758308,-0.12584665243306573,-0.16391677656646148,-0.08777652829966998,35.042492100000004,-84.95894145572973,Bradley,-0.23,35.0425,-84.9587,0.021999245565364076
2024-05-12 05:40:00,159758308,-0.19670785315179473,-0.2553706761387298,-0.13804503016485964,35.042492100000004,-84.95894145572973,Bradley,-0.23,35.0425,-84.9587,0.021999245565364076
2024-05-12 05:41:00,159758308,-0.15925759249432583,-0.2067441750362097,-0.11177100995244196,35.042492100000004,-84.95894145572973,Bradley,-0.28,35.0425,-84.9587,0.021999245565364076
2024-05-12 05:42:00,159758308,-0.20494989781228984,-0.265565211566462,-0.14433458405811767,35.042492100000004,-84.95894145572973,Bradley,-0.3,35.0425,-84.9587,0.021999245565364076
2024-05-12 05:43:00,159758308,-0.18864238767232683,-0.24425640935188442,-0.13302836599276924,35.042492100000004,-84.95894145572973,Bradley,-0.25,35.0425,-84.9587,0.021999245565364076
2024-05-12 05:44:00,159758308,-0.18598959537344487,-0.24098608073849276,-0.13099311000839697,35.042492100000004,-84.95894145572973,Bradley,-0.28,35.0425,-84.9587,0.021999245565364076
2024-05-12 05:45:00,159758308,-0.1968253673766392,-0.2546798156220863,-0.1389709191311921,35.042492100000004,-84.95894145572973,Bradley,-0.23,35.0425,-84.9587,0.021999245565364076
2024-05-12 05:46:00,159758308,-0.20614720481149126,-0.2664540319470234,-0.14584037767595917,35.042492100000004,-84.95894145572973,Bradley,-0.2,35.0425,-84.9587,0.021999245565364076
2024-05-12 05:47:00,159758308,-0.158902792298882,-0.205172181098188,-0.11263340349957598,35.042492100000004,-84.95894145572973,Bradley,-0.15,35.0425,-84.9587,0.021999245565364076
2024-05-12 05:48:00,159758308,-0.15014258502070024,-0.1938728404518617,-0.10641232958953876,35.042492100000004,-84.95894145572973,Bradley,-0.09,35.0425,-84.9587,0.021999245565364076
2024-05-12 05:49:00,159758308,-0.101103115017653,-0.1305911303586836,-0.07161509967662238,35.042492100000004,-84.95894145572973,Bradley,0.0,35.0425,-84.9587,0.021999245565364076
2024-05-12 05:50:00,159758308,-0.10995809712823638,-0.1421155731454859,-0.07780062111098689,35.042492100000004,-84.95894145572973,Bradley,0.0,35.0425,-84.9587,0.021999245565364076
2024-05-12 05:51:00,159758308,-0.042531858135087426,-0.054915553679108935,-0.030148162591065918,35.042492100000004,-84.95894145572973,Bradley,0.03,35.0425,-84.9587,0.021999245565364076
2024-05-12 05:52:00,159758308,0.03743280591624811,0.025450192490710583,0.049415419341785644,35.042492100000004,-84.95894145572973,Bradley,0.03,35.0425,-84.9587,0.021999245565364076
2024-05-12 05:53:00,159758308,0.12484542138639039,0.08738364554913217,0.1623071972236486,35.042492100000004,-84.95894145572973,Bradley,0.03,35.0425,-84.9587,0.021999245565364076
2024-05-12 05:54:00,159758308,0.05260101708294805,0.037200423691242705,0.0680016104746534,35.042492100000004,-84.95894145572973,Bradley,-0.01,35.0425,-84.9587,0.021999245565364076
2024-05-12 05:55:00,159758308,0.0029492625151212857,-0.0005780621276094242,0.006476587157851996,35.042492100000004,-84.95894145572973,Bradley,0.04,35.0425,-84.9587,0.021999245565364076
2024-05-12 05:56:00,159758308,-0.044866278416852305,-0.05804297397534633,-0.03168958285835828,35.042492100000004,-84.95894145572973,Bradley,0.03,35.0425,-84.9587,0.021999245565364076
2024-05-12 05:57:00,159758308,0.02098797693618128,0.014371818236116947,0.027604135636245614,35.042492100000004,-84.95894145572973,Bradley,0.05,35.0425,-84.9587,0.021999245565364076
2024-05-12 05:58:00,159758308,-0.002840092138868895,-0.003753767993105603,-0.0019264162846321872,35.042492100000004,-84.95894145572973,Bradley,0.04,35.0425,-84.9587,0.021999245565364076
2024-05-12 05:59:00,159758308,0.05561002565857221,0.03842687486041052,0.0727931764567339,35.042492100000004,-84.95894145572973,Bradley,0.11,35.0425,-84.9587,0.021999245565364076
2024-05-12 06:00:00,159758308,-0.006110022672487732,-0.008150992900955,-0.004069052444020463,35.042492100000004,-84.95894145572973,Bradley,0.01,35.0425,-84.9587,0.021999245565364076
2024-05-12 06:01:00,159758308,-0.08110944264353565,-0.10494257310682259,-0.05727631218024871,35.042492100000004,-84.95894145572973,Bradley,0.08,35.0425,-84.9587,0.021999245565364076
2024-05-12 06:02:00,159758308,-0.11003099453072461,-0.1426148008224893,-0.07744718823895991,35.042492100000004,-84.95894145572973,Bradley,-0.1,35.0425,-84.9587,0.021999245565364076
2024-05-12 06:03:00,159758308,-0.13091199576012946,-0.16917126778575742,-0.0926527237345015,35.042492100000004,-84.95894145572973,Bradley,-0.16,35.0425,-84.9587,0.021999245565364076
2024-05-12 06:04:00,159758308,-0.0997684686554304,-0.12884801408732116,-0.07068892322353965,35.042492100000004,-84.95894145572973,Bradley,-0.1,35.0425,-84.9587,0.021999245565364076
2024-05-12 06:05:00,159758308,-0.1796964479919721,-0.2321321333215188,-0.1272607626624254,35.042492100000004,-84.95894145572973,Bradley,-0.09,35.0425,-84.9587,0.021999245565364076
2024-05-12 06:06:00,159758308,-0.1430557753788038,-0.18471637058739518,-0.1013951801702124,35.042492100000004,-84.95894145572973,Bradley,-0.04,35.0425,-84.9587,0.021999245565364076
2024-05-12 06:07:00,159758308,-0.07753305749437836,-0.10042865287004815,-0.05463746211870857,35.042492100000004,-84.95894145572973,Bradley,-0.01,35.0425,-84.9587,0.021999245565364076
2024-05-12 06:08:00,159758308,-0.08782150381430733,-0.11356823580671332,-0.062074771821901326,35.042492100000004,-84.95894145572973,Bradley,-0.02,35.0425,-84.9587,0.021999245565364076
2024-05-12 06:09:00,159758308,-0.08756234041379456,-0.11310379144117697,-0.06202088938641214,35.042492100000004,-84.95894145572973,Bradley,0.05,35.0425,-84.9587,0.021999245565364076
2024-05-12 06:10:00,159758308,-0.0981896816682078,-0.12679698507482745,-0.06958237826158814,35.042492100000004,-84.95894145572973,Bradley,0.07,35.0425,-84.9587,0.021999245565364076
2024-05-12 06:11:00,159758308,-0.08426863792845284,-0.10882221911005766,-0.059715056746848016,35.042492100000004,-84.95894145572973,Bradley,0.04,35.0425,-84.9587,0.021999245565364076
2024-05-12 06:12:00,159758308,-0.09220491164309431,-0.11906103519816852,-0.06534878808802011,35.042492100000004,-84.95894145572973,Bradley,-0.01,35.0425,-84.9587,0.021999245565364076
2024-05-12 06:13:00,159758308,-0.05288885099902278,-0.06834449481811991,-0.03743320717992566,35.042492100000004,-84.95894145572973,Bradley,0.05,35.0425,-84.9587,0.021999245565364076
2024-05-12 06:14:00,159758308,-0.08480873954480497,-0.10957643372773845,-0.06004104536187149,35.042492100000004,-84.95894145572973,Bradley,0.05,35.0425,-84.9587,0.021999245565364076
2024-05-12 06:15:00,159758308,0.019549111992862293,0.010495046925483018,0.02860317706024157,35.042492100000004,-84.95894145572973,Bradley,0.04,35.0425,-84.9587,0.021999245565364076
2024-05-12 06:16:00,159758308,0.06106612533230708,0.0426469102229205,0.07948534044169366,35.042492100000004,-84.95894145572973,Bradley,-0.05,35.0425,-84.9587,0.021999245565364076
2024-05-12 06:17:00,159758308,-0.005875572712532049,-0.007697498689261692,-0.004053646735802406,35.042492100000004,-84.95894145572973,Bradley,-0.06,35.0425,-84.9587,0.021999245565364076
2024-05-12 06:18:00,159758308,-0.060364262081266815,-0.07797320854267614,-0.042755315619857494,35.042492100000004,-84.95894145572973,Bradley,-0.1,35.0425,-84.9587,0.021999245565364076
2024-05-12 06:19:00,159758308,-0.0036371111789644367,-0.007474978390012831,0.00020075603208395774,35.042492100000004,-84.95894145572973,Bradley,-0.04,35.0425,-84.9587,0.021999245565364076
2024-05-12 06:20:00,159758308,-0.02421207594727219,-0.0314996577008684,-0.016924494193675983,35.042492100000004,-84.95894145572973,Bradley,-0.06,35.0425,-84.9587,0.021999245565364076
2024-05-12 06:21:00,159758308,-0.013041087662363983,-0.01828914274589207,-0.007793032578835893,35.042492100000004,-84.95894145572973,Bradley,-0.05,35.0425,-84.9587,0.021999245565364076
2024-05-12 06:22:00,159758308,0.003773252075762258,-0.0005767339300143696,0.008123238081538885,35.042492100000004,-84.95894145572973,Bradley,0.01,35.0425,-84.9587,0.021999245565364076
2024-05-12 06:23:00,159758308,0.009580823825202537,0.0044076154940196725,0.014754032156385401,35.042492100000004,-84.95894145572973,Bradley,0.08,35.0425,-84.9587,0.021999245565364076
2024-05-12 06:24:00,159758308,0.0030856348559130096,0.0001479624568038562,0.006023307255022163,35.042492100000004,-84.95894145572973,Bradley,0.05,35.0425,-84.9587,0.021999245565364076
2024-05-12 06:25:00,159758308,0.002748700300959348,0.00044936966380346817,0.005048030938115228,35.042492100000004,-84.95894145572973,Bradley,0.09,35.0425,-84.9587,0.021999245565364076
2024-05-12 06:26:00,159758308,0.014350475524204565,0.009638179508545865,0.019062771539863264,35.042492100000004,-84.95894145572973,Bradley,0.06,35.0425,-84.9587,0.021999245565364076
2024-05-12 06:27:00,159758308,-0.0035621903450920346,-0.00606371546301028,-0.0010606652271737895,35.042492100000004,-84.95894145572973,Bradley,0.03,35.0425,-84.9587,0.021999245565364076
2024-05-12 06:28:00,159758308,-0.024575003217993444,-0.031774483808569134,-0.01737552262741775,35.042492100000004,-84.95894145572973,Bradley,-0.02,35.0425,-84.9587,0.021999245565364076
2024-05-12 06:29:00,159758308,-0.05563022020926152,-0.07187311993171067,-0.03938732048681238,35.042492100000004,-84.95894145572973,Bradley,-0.04,35.0425,-84.9587,0.021999245565364076
2024-05-12 06:30:00,159758308,-0.05070812684542073,-0.06595296664741833,-0.035463287043423136,35.042492100000004,-84.95894145572973,Bradley,-0.01,35.0425,-84.9587,0.021999245565364076
2024-05-12 06:31:00,159758308,0.04786203944931595,0.03210138304009258,0.06362269585853932,35.042492100000004,-84.95894145572973,Bradley,0.11,35.0425,-84.9587,0.021999245565364076
2024-05-12 06:32:00,159758308,-0.015689021240726925,-0.020347731982947682,-0.011030310498506167,35.042492100000004,-84.95894145572973,Bradley,0.08,35.0425,-84.9587,0.021999245565364076
2024-05-12 06:33:00,159758308,-0.018613447177786915,-0.025248238306074165,-0.011978656049499666,35.042492100000004,-84.95894145572973,Bradley,0.09,35.0425,-84.9587,0.021999245565364076
2024-05-12 06:34:00,159758308,-0.017788500295201643,-0.02370456406104693,-0.011872436529356357,35.042492100000004,-84.95894145572973,Bradley,-0.01,35.0425,-84.9587,0.021999245565364076
2024-05-12 06:35:00,159758308,-0.041730684486907366,-0.053980152189128314,-0.029481216784686414,35.042492100000004,-84.95894145572973,Bradley,-0.04,35.0425,-84.9587,0.021999245565364076
2024-05-12 06:36:00,159758308,-0.09579478034896184,-0.12396982685192613,-0.06761973384599755,35.042492100000004,-84.95894145572973,Bradley,-0.04,35.0425,-84.9587,0.021999245565364076
2024-05-12 06:37:00,159758308,-0.06486924767253699,-0.083814944479123,-0.045923550865950985,35.042492100000004,-84.95894145572973,Bradley,0.01,35.0425,-84.9587,0.021999245565364076
2024-05-12 06:38:00,159758308,-0.0556815069797621,-0.07206449529530673,-0.03929851866421748,35.042492100000004,-84.95894145572973,Bradley,0.02,35.0425,-84.9587,0.021999245565364076
2024-05-12 06:39:00,159758308,-0.05635482285274462,-0.07281054000723207,-0.039899105698257165,35.042492100000004,-84.95894145572973,Bradley,0.01,35.0425,-84.9587,0.021999245565364076
2024-05-12 06:40:00,159758308,-0.06516781507439476,-0.08429591061093669,-0.04603971953785282,35.042492100000004,-84.95894145572973,Bradley,0.01,35.0425,-84.9587,0.021999245565364076
2024-05-12 06:41:00,159758308,0.010576773748032262,0.005213643239193822,0.015939904256870703,35.042492100000004,-84.95894145572973,Bradley,-0.01,35.0425,-84.9587,0.021999245565364076
2024-05-12 06:42:00,159758308,-0.009149346162427891,-0.01233990821246047,-0.0059587841123953135,35.042492100000004,-84.95894145572973,Bradley,0.02,35.0425,-84.9587,0.021999245565364076
2024-05-12 06:43:00,159758308,0.035466648863719946,0.02386310376044542,0.047070193966994474,35.042492100000004,-84.95894145572973,Bradley,-0.01,35.0425,-84.9587,0.021999245565364076
2024-05-12 06:44:00,159758308,0.050238213606464355,0.035260816840511466,0.06521561037241724,35.042492100000004,-84.95894145572973,Bradley,-0.01,35.0425,-84.9587,0.021999245565364076
2024-05-12 06:45:00,159758308,0.09096331618821453,0.06429017007311992,0.11763646230330914,35.042492100000004,-84.95894145572973,Bradley,0.04,35.0425,-84.9587,0.021999245565364076
2024-05-12 06:46:00,159758308,0.035800474637614536,0.02538517919244202,0.04621577008278705,35.042492100000004,-84.95894145572973,Bradley,0.03,35.0425,-84.9587,0.021999245565364076
2024-05-12 06:47:00,159758308,-0.01068955134768252,-0.013858712748226788,-0.007520389947138252,35.042492100000004,-84.95894145572973,Bradley,-0.05,35.0425,-84.9587,0.021999245565364076
2024-05-12 06:48:00,159758308,-0.0777083847774462,-0.10073251259610959,-0.054684256958782804,35.042492100000004,-84.95894145572973,Bradley,-0.04,35.0425,-84.9587,0.021999245565364076
2024-05-12 06:49:00,159758308,-0.04217112681652446,-0.054465253264590965,-0.02987700036845796,35.042492100000004,-84.95894145572973,Bradley,-0.03,35.0425,-84.9587,0.021999245565364076
2024-05-12 06:50:00,159758308,0.0022749835080401403,0.0004116872922926224,0.004138279723787658,35.042492100000004,-84.95894145572973,Bradley,-0.07,35.0425,-84.9587,0.021999245565364076
2024-05-12 06:51:00,159758308,0.061416985127616425,0.042745600629419435,0.08008836962581342,35.042492100000004,-84.95894145572973,Bradley,-0.01,35.0425,-84.9587,0.021999245565364076
2024-05-12 06:52:00,159758308,0.046109618319708306,0.03248044255836959,0.05973879408104702,35.042492100000004,-84.95894145572973,Bradley,-0.01,35.0425,-84.9587,0.021999245565364076
2024-05-12 06:53:00,159758308,0.059385647289530094,0.04194306168499295,0.07682823289406723,35.042492100000004,-84.95894145572973,Bradley,-0.03,35.0425,-84.9587,0.021999245565364076
2024-05-12 06:54:00,159758308,0.05176476976898747,0.03657382574542971,0.06695571379254524,35.042492100000004,-84.95894145572973,Bradley,-0.04,35.0425,-84.9587,0.021999245565364076
2024-05-12 06:55:00,159758308,0.09559406621711079,0.06719695415826307,0.12399117827595851,35.042492100000004,-84.95894145572973,Bradley,-0.02,35.0425,-84.9587,0.021999245565364076
2024-05-12 06:56:00,159758308,0.06839516696788836,0.04835206709602741,0.08843826683974931,35.042492100000004,-84.95894145572973,Bradley,-0.09,35.0425,-84.9587,0.021999245565364076
2024-05-12 06:57:00,159758308,0.0310191787483713,0.02194505730508492,0.04009330019165768,35.042492100000004,-84.95894145572973,Bradley,-0.1,35.0425,-84.9587,0.021999245565364076
2024-05-12 06:58:00,159758308,0.02337186257953041,0.01649844720528461,0.03024527795377621,35.042492100000004,-84.95894145572973,Bradley,-0.08,35.0425,-84.9587,0.021999245565364076
2024-05-12 06:59:00,159758308,0.0402488067154926,0.02815582139241138,0.05234179203857382,35.042492100000004,-84.95894145572973,Bradley,-0.04,35.0425,-84.9587,0.021999245565364076
2024-05-12 07:00:00,159758308,-0.003565647815327237,-0.004908787258206899,-0.002222508372447575,35.042492100000004,-84.95894145572973,Bradley,-0.08,35.0425,-84.9587,0.021999245565364076
2024-05-12 07:01:00,159758308,-0.0311603866813162,-0.04069613931617155,-0.02162463404646085,35.042492100000004,-84.95894145572973,Bradley,-0.03,35.0425,-84.9587,0.021999245565364076
2024-05-12 07:02:00,159758308,-0.0638789142949836,-0.08277320628899704,-0.04498462230097017,35.042492100000004,-84.95894145572973,Bradley,-0.03,35.0425,-84.9587,0.021999245565364076
2024-05-12 07:03:00,159758308,-0.08849494282479405,-0.11471338966714559,-0.062276495982442504,35.042492100000004,-84.95894145572973,Bradley,-0.07,35.0425,-84.9587,0.021999245565364076
2024-05-12 07:04:00,159758308,-0.08521355408987265,-0.11016832324110033,-0.06025878493864496,35.042492100000004,-84.95894145572973,Bradley,-0.09,35.0425,-84.9587,0.021999245565364076
2024-05-12 07:05:00,159758308,-0.07339153276968098,-0.0948076354671124,-0.05197543007224956,35.042492100000004,-84.95894145572973,Bradley,-0.12,35.0425,-84.9587,0.021999245565364076
2024-05-12 07:06:00,159758308,-0.05116357142763324,-0.06616579532209504,-0.03616134753317143,35.042492100000004,-84.95894145572973,Bradley,-0.11,35.0425,-84.9587,0.021999245565364076
2024-05-12 07:07:00,159758308,-0.06987156512036609,-0.09023864139126975,-0.04950448884946243,35.042492100000004,-84.95894145572973,Bradley,-0.07,35.0425,-84.9587,0.021999245565364076
2024-05-12 07:08:00,159758308,-0.023592560902167745,-0.03048595750919985,-0.01669916429513564,35.042492100000004,-84.95894145572973,Bradley,-0.11,35.0425,-84.9587,0.021999245565364076
2024-05-12 07:09:00,159758308,-0.01567629190122993,-0.02026751608688278,-0.011085067715577077,35.042492100000004,-84.95894145572973,Bradley,-0.09,35.0425,-84.9587,0.021999245565364076
2024-05-12 07:10:00,159758308,-0.02494803802551803,-0.032238127384119665,-0.017657948666916397,35.042492100000004,-84.95894145572973,Bradley,-0.05,35.0425,-84.9587,0.021999245565364076
2024-05-12 07:11:00,159758308,-0.04986701560004413,-0.06444855479609993,-0.03528547640398834,35.042492100000004,-84.95894145572973,Bradley,-0.07,35.0425,-84.9587,0.021999245565364076
2024-05-12 07:12:00,159758308,-0.025708104270211626,-0.03321775160827483,-0.018198456932148426,35.042492100000004,-84.95894145572973,Bradley,-0.07,35.0425,-84.9587,0.021999245565364076
2024-05-12 07:13:00,159758308,-0.004627126451298625,-0.007718060681684227,-0.0015361922209130227,35.042492100000004,-84.95894145572973,Bradley,-0.04,35.0425,-84.9587,0.021999245565364076
2024-05-12 07:14:00,159758308,0.01735047453910453,0.010793254866083839,0.02390769421212522,35.042492100000004,-84.95894145572973,Bradley,-0.01,35.0425,-84.9587,0.021999245565364076
2024-05-12 07:15:00,159758308,0.0706683263413122,0.04948834946512039,0.09184830321750402,35.042492100000004,-84.95894145572973,Bradley,-0.05,35.0425,-84.9587,0.021999245565364076
2024-05-12 07:16:00,159758308,0.02585807548887231,0.017855779500321824,0.033860371477422796,35.042492100000004,-84.95894145572973,Bradley,-0.04,35.0425,-84.9587,0.021999245565364076
2024-05-12 07:17:00,159758308,0.03254201000139227,0.022809680480600378,0.042274339522184165,35.042492100000004,-84.95894145572973,Bradley,-0.07,35.0425,-84.9587,0.021999245565364076
2024-05-12 07:18:00,159758308,-0.018380673683643663,-0.0238401847132387,-0.012921162654048624,35.042492100000004,-84.95894145572973,Bradley,-0.07,35.0425,-84.9587,0.021999245565364076
2024-05-12 07:19:00,159758308,0.01893967690689097,0.013008307506659971,0.02487104630712197,35.042492100000004,-84.95894145572973,Bradley,-0.06,35.0425,-84.9587,0.021999245565364076
2024-05-12 07:20:00,159758308,-0.043827952197035766,-0.05685483425170561,-0.030801070142365924,35.042492100000004,-84.95894145572973,Bradley,-0.04,35.0425,-84.9587,0.021999245565364076
2024-05-12 07:21:00,159758308,-0.026702834682810924,-0.034958819457285586,-0.018446849908336258,35.042492100000004,-84.95894145572973,Bradley,-0.06,35.0425,-84.9587,0.021999245565364076
2024-05-12 07:22:00,159758308,-0.0054560278435240835,-0.008613789293647778,-0.0022982663934003884,35.042492100000004,-84.95894145572973,Bradley,-0.07,35.0425,-84.9587,0.021999245565364076
2024-05-12 07:23:00,159758308,0.015861458640492997,0.009365631023808333,0.02235728625717766,35.042492100000004,-84.95894145572973,Bradley,-0.08,35.0425,-84.9587,0.021999245565364076
2024-05-12 07:24:00,159758308,0.007827331014503627,0.004376094966514126,0.011278567062493128,35.042492100000004,-84.95894145572973,Bradley,-0.06,35.0425,-84.9587,0.021999245565364076
2024-05-12 07:25:00,159758308,0.01060182870276117,0.006784849570853377,0.014418807834668961,35.042492100000004,-84.95894145572973,Bradley,-0.07,35.0425,-84.9587,0.021999245565364076
2024-05-12 07:26:00,159758308,0.011587073679489824,0.007421847305394819,0.015752300053584828,35.042492100000004,-84.95894145572973,Bradley,0.02,35.0425,-84.9587,0.021999245565364076
2024-05-12 07:27:00,159758308,0.028002766530306932,0.019145231425770168,0.0368603016348437,35.042492100000004,-84.95894145572973,Bradley,-0.0,35.0425,-84.9587,0.021999245565364076
2024-05-12 07:28:00,159758308,0.023115254282229845,0.01621282491330858,0.030017683651151112,35.042492100000004,-84.95894145572973,Bradley,0.04,35.0425,-84.9587,0.021999245565364076
2024-05-12 07:29:00,159758308,-0.029134897874679513,-0.0377371451701786,-0.020532650579180425,35.042492100000004,-84.95894145572973,Bradley,0.09,35.0425,-84.9587,0.021999245565364076
2024-05-12 07:30:00,159758308,-0.009336198346279736,-0.012540924642155081,-0.006131472050404391,35.042492100000004,-84.95894145572973,Bradley,0.0,35.0425,-84.9587,0.021999245565364076
2024-05-12 07:31:00,159758308,0.014342707599981085,0.00958696628775482,0.01909844891220735,35.042492100000004,-84.95894145572973,Bradley,-0.0,35.0425,-84.9587,0.021999245565364076
2024-05-12 07:32:00,159758308,0.039441896911908414,0.027677122467335745,0.05120667135648108,35.042492100000004,-84.95894145572973,Bradley,-0.02,35.0425,-84.9587,0.021999245565364076
2024-05-12 07:33:00,159758308,0.04626394039685083,0.03238929753764313,0.06013858325605854,35.042492100000004,-84.95894145572973,Bradley,0.04,35.0425,-84.9587,0.021999245565364076
2024-05-12 07:34:00,159758308,0.05026615555845978,0.035419873387366956,0.06511243772955261,35.042492100000004,-84.95894145572973,Bradley,-0.02,35.0425,-84.9587,0.021999245565364076
2024-05-12 07:35:00,159758308,0.03609552235914383,0.0250814672148615,0.04710957750342616,35.042492100000004,-84.95894145572973,Bradley,-0.04,35.0425,-84.9587,0.021999245565364076
2024-05-12 07:36:00,159758308,0.04060247815048126,0.028500154589485106,0.05270480171147741,35.042492100000004,-84.95894145572973,Bradley,0.04,35.0425,-84.9587,0.021999245565364076
2024-05-12 07:37:00,159758308,0.08080338437683886,0.056911373437117566,0.10469539531656015,35.042492100000004,-84.95894145572973,Bradley,0.02,35.0425,-84.9587,0.021999245565364076
2024-05-12 07:38:00,159758308,0.024683538666489785,0.017474776690123685,0.031892300642855885,35.042492100000004,-84.95894145572973,Bradley,-0.04,35.0425,-84.9587,0.021999245565364076
2024-05-12 07:39:00,159758308,-0.028688144747972006,-0.03778967205260892,-0.01958661744333509,35.042492100000004,-84.95894145572973,Bradley,-0.09,35.0425,-84.9587,0.021999245565364076
2024-05-12 07:40:00,159758308,-0.04364013671875,-0.05696287769326168,-0.03031739574423832,35.042492100000004,-84.95894145572973,Bradley,-0.09,35.0425,-84.9587,0.021999245565364076
2024-05-12 07:41:00,159758308,-0.00990458310812852,-0.012828094240817264,-0.006981071975439776,35.042492100000004,-84.95894145572973,Bradley,-0.1,35.0425,-84.9587,0.021999245565364076
2024-05-12 07:42:00,159758308,0.0525690936849834,0.03662196447878446,0.06851622289118234,35.042492100000004,-84.95894145572973,Bradley,-0.05,35.0425,-84.9587,0.021999245565364076
2024-05-12 07:43:00,159758308,0.061044719929493105,0.04299100143882136,0.07909843842016484,35.042492100000004,-84.95894145572973,Bradley,-0.12,35.0425,-84.9587,0.021999245565364076
2024-05-12 07:44:00,159758308,0.01809609264997163,0.012844499012960413,0.023347686286982847,35.042492100000004,-84.95894145572973,Bradley,-0.09,35.0425,-84.9587,0.021999245565364076
2024-05-12 07:45:00,159758308,-0.007743481428894166,-0.010382274152922727,-0.005104688704865604,35.042492100000004,-84.95894145572973,Bradley,-0.03,35.0425,-84.9587,0.021999245565364076
2024-05-12 07:46:00,159758308,-0.0427191092331456,-0.05560267817285608,-0.029835540293435117,35.042492100000004,-84.95894145572973,Bradley,-0.03,35.0425,-84.9587,0.021999245565364076
2024-05-12 07:47:00,159758308,-0.01957811408180796,-0.02537273319300989,-0.01378349497060603,35.042492100000004,-84.95894145572973,Bradley,-0.03,35.0425,-84.9587,0.021999245565364076
2024-05-12 07:48:00,159758308,0.02188395620113904,0.015321253960004678,0.028446658442273398,35.042492100000004,-84.95894145572973,Bradley,-0.05,35.0425,-84.9587,0.021999245565364076
2024-05-12 07:49:00,159758308,-0.022099210819944728,-0.028580484943946417,-0.015617936695943038,35.042492100000004,-84.95894145572973,Bradley,-0.01,35.0425,-84.9587,0.021999245565364076
2024-05-12 07:50:00,159758308,-0.015132757826948133,-0.019581321807513284,-0.010684193846382984,35.042492100000004,-84.95894145572973,Bradley,-0.03,35.0425,-84.9587,0.021999245565364076
2024-05-12 07:51:00,159758308,0.03252569428208536,0.022632412274735454,0.04241897628943527,35.042492100000004,-84.95894145572973,Bradley,-0.01,35.0425,-84.9587,0.021999245565364076
2024-05-12 07:52:00,159758308,0.007027026383605834,0.00496531483016679,0.009088737937044879,35.042492100000004,-84.95894145572973,Bradley,-0.01,35.0425,-84.9587,0.021999245565364076
2024-05-12 07:53:00,159758308,0.03794771565153203,0.026641794948982826,0.04925363635408123,35.042492100000004,-84.95894145572973,Bradley,-0.01,35.0425,-84.9587,0.021999245565364076
2024-05-12 07:54:00,159758308,0.06022068375136601,0.04226281122597085,0.07817855627676117,35.042492100000004,-84.95894145572973,Bradley,-0.02,35.0425,-84.9587,0.021999245565364076
2024-05-12 07:55:00,159758308,0.08313891289614156,0.0588170617239727,0.10746076406831043,35.042492100000004,-84.95894145572973,Bradley,-0.01,35.0425,-84.9587,0.021999245565364076
2024-05-12 07:56:00,159758308,0.019874295694521794,0.014097996105809134,0.025650595283234455,35.042492100000004,-84.95894145572973,Bradley,0.02,35.0425,-84.9587,0.021999245565364076
2024-05-12 07:57:00,159758308,0.008252798669195528,0.005532496321443353,0.010973101016947703,35.042492100000004,-84.95894145572973,Bradley,0.0,35.0425,-84.9587,0.021999245565364076
2024-05-12 07:58:00,159758308,-0.006439520676182514,-0.008577744292055423,-0.004301297060309605,35.042492100000004,-84.95894145572973,Bradley,-0.01,35.0425,-84.9587,0.021999245565364076
2024-05-12 07:59:00,159758308,-0.033420103543864536,-0.04323799982353369,-0.02360220726419538,35.042492100000004,-84.95894145572973,Bradley,0.01,35.0425,-84.9587,0.021999245565364076
2024-05-12 08:00:00,159758308,0.015710483081563656,0.010264496128254464,0.021156470034872848,35.042492100000004,-84.95894145572973,Bradley,0.01,35.0425,-84.9587,0.021999245565364076
2024-05-12 08:01:00,159758308,0.02926927167614114,0.01999251562392075,0.03854602772836153,35.042492100000004,-84.95894145572973,Bradley,0.0,35.0425,-84.9587,0.021999245565364076
2024-05-12 08:02:00,159758308,0.050929733307151566,0.03561915789600986,0.06624030871829327,35.042492100000004,-84.95894145572973,Bradley,-0.03,35.0425,-84.9587,0.021999245565364076
2024-05-12 08:03:00,159758308,0.034026052940589274,0.023920340346427725,0.04413176553475082,35.042492100000004,-84.95894145572973,Bradley,0.03,35.0425,-84.9587,0.021999245565364076
2024-05-12 08:04:00,159758308,-0.019185797993416905,-0.025239342612562356,-0.013132253374271454,35.042492100000004,-84.95894145572973,Bradley,-0.06,35.0425,-84.9587,0.021999245565364076
2024-05-12 08:05:00,159758308,-0.005486327365652057,-0.007147892679310612,-0.003824762051993502,35.042492100000004,-84.95894145572973,Bradley,-0.06,35.0425,-84.9587,0.021999245565364076
2024-05-12 08:06:00,159758308,-0.02867366582976946,-0.03731011350465408,-0.020037218154884837,35.042492100000004,-84.95894145572973,Bradley,-0.12,35.0425,-84.9587,0.021999245565364076
2024-05-12 08:07:00,159758308,-0.0661344034365543,-0.08556618559743792,-0.04670262127567068,35.042492100000004,-84.95894145572973,Bradley,-0.08,35.0425,-84.9587,0.021999245565364076
2024-05-12 08:08:00,159758308,0.002295511716471956,0.0007383953866127767,0.0038526280463311354,35.042492100000004,-84.95894145572973,Bradley,-0.09,35.0425,-84.9587,0.021999245565364076
2024-05-12 08:09:00,159758308,0.014795414938089746,0.009802339098455518,0.019788490777723974,35.042492100000004,-84.95894145572973,Bradley,-0.08,35.0425,-84.9587,0.021999245565364076
2024-05-12 08:10:00,159758308,0.011902178704698533,0.008439478733926456,0.01536487867547061,35.042492100000004,-84.95894145572973,Bradley,-0.08,35.0425,-84.9587,0.021999245565364076
2024-05-12 08:11:00,159758308,-0.01672514124692649,-0.02196216280346721,-0.011488119690385766,35.042492100000004,-84.95894145572973,Bradley,-0.1,35.0425,-84.9587,0.021999245565364076
2024-05-12 08:12:00,159758308,-0.012935723084768515,-0.01674237477476128,-0.00912907139477575,35.042492100000004,-84.95894145572973,Bradley,-0.1,35.0425,-84.9587,0.021999245565364076
2024-05-12 08:13:00,159758308,0.0203121367443626,0.013670198930052922,0.02695407455867228,35.042492100000004,-84.95894145572973,Bradley,-0.07,35.0425,-84.9587,0.021999245565364076
2024-05-12 08:14:00,159758308,0.07202493222511769,0.050089011863912056,0.09396085258632332,35.042492100000004,-84.95894145572973,Bradley,-0.01,35.0425,-84.9587,0.021999245565364076
2024-05-12 08:15:00,159758308,0.09617695811617351,0.06759407457323807,0.12475984165910894,35.042492100000004,-84.95894145572973,Bradley,0.03,35.0425,-84.9587,0.021999245565364076
2024-05-12 08:16:00,159758308,0.022307487646845578,0.015844578320683825,0.02877039697300733,35.042492100000004,-84.95894145572973,Bradley,-0.03,35.0425,-84.9587,0.021999245565364076
2024-05-12 08:17:00,159758308,0.0021059235711985975,0.001115179739104282,0.003096667403292913,35.042492100000004,-84.95894145572973,Bradley,-0.0,35.0425,-84.9587,0.021999245565364076
2024-05-12 08:18:00,159758308,0.002487559725794122,0.0010708648684987184,0.0039042545830895257,35.042492100000004,-84.95894145572973,Bradley,0.12,35.0425,-84.9587,0.021999245565364076
2024-05-12 08:19:00,159758308,0.004222723647260634,0.002990802726494206,0.005454644568027063,35.042492100000004,-84.95894145572973,Bradley,-0.08,35.0425,-84.9587,0.021999245565364076
2024-05-12 08:20:00,159758308,0.0029656603260976642,0.0020904652446280475,0.003840855407567281,35.042492100000004,-84.95894145572973,Bradley,-0.09,35.0425,-84.9587,0.021999245565364076
2024-05-12 08:21:00,159758308,0.0746844560408961,0.05229180380638679,0.09707710827540542,35.042492100000004,-84.95894145572973,Bradley,-0.01,35.0425,-84.9587,0.021999245565364076
2024-05-12 08:22:00,159758308,0.03974405582430544,0.02814716606084726,0.051340945587763614,35.042492100000004,-84.95894145572973,Bradley,-0.07,35.0425,-84.9587,0.021999245565364076
2024-05-12 08:23:00,159758308,0.030808541785973226,0.021533107471258375,0.040083976100688076,35.042492100000004,-84.95894145572973,Bradley,-0.04,35.0425,-84.9587,0.021999245565364076
2024-05-12 08:24:00,159758308,0.03735445967919889,0.02646588169269415,0.048243037665703634,35.042492100000004,-84.95894145572973,Bradley,-0.1,35.0425,-84.9587,0.021999245565364076
2024-05-12 08:25:00,159758308,0.015113810043488883,0.010597610619989921,0.019630009466987845,35.042492100000004,-84.95894145572973,Bradley,-0.07,35.0425,-84.9587,0.021999245565364076
2024-05-12 08:26:00,159758308,0.004111134132123587,0.0025421762483328666,0.0056800920159143075,35.042492100000004,-84.95894145572973,Bradley,-0.04,35.0425,-84.9587,0.021999245565364076
2024-05-12 08:27:00,159758308,0.00537145242004805,0.0027599697545663783,0.007982935085529722,35.042492100000004,-84.95894145572973,Bradley,-0.03,35.0425,-84.9587,0.021999245565364076
2024-05-12 08:28:00,159758308,0.032601187833620544,0.022979556414391193,0.042222819252849896,35.042492100000004,-84.95894145572973,Bradley,-0.02,35.0425,-84.9587,0.021999245565364076
2024-05-12 08:29:00,159758308,0.012941941528730771,0.009048163040119035,0.016835720017342508,35.042492100000004,-84.95894145572973,Bradley,-0.03,35.0425,-84.9587,0.021999245565364076
2024-05-12 08:30:00,159758308,0.007784457998782416,0.005522627003735384,0.010046288993829448,35.042492100000004,-84.95894145572973,Bradley,-0.06,35.0425,-84.9587,0.021999245565364076
2024-05-12 08:31:00,159758308,-0.02101311750995608,-0.027662597676514265,-0.01436363734339789,35.042492100000004,-84.95894145572973,Bradley,-0.14,35.0425,-84.9587,0.021999245565364076
2024-05-12 08:32:00,159758308,-0.08124548906276269,-0.1054306868439887,-0.05706029128153668,35.042492100000004,-84.95894145572973,Bradley,-0.14,35.0425,-84.9587,0.021999245565364076
2024-05-12 08:33:00,159758308,-0.08907701380716207,-0.11509797509338254,-0.0630560525209416,35.042492100000004,-84.95894145572973,Bradley,-0.11,35.0425,-84.9587,0.021999245565364076
2024-05-12 08:34:00,159758308,-0.017170201232951203,-0.022316972924840743,-0.012023429541061663,35.042492100000004,-84.95894145572973,Bradley,-0.11,35.0425,-84.9587,0.021999245565364076
2024-05-12 08:35:00,159758308,-0.01029176846717778,-0.013345840026667548,-0.007237696907688013,35.042492100000004,-84.95894145572973,Bradley,-0.11,35.0425,-84.9587,0.021999245565364076
2024-05-12 08:36:00,159758308,-0.023173801034749076,-0.030069535345777023,-0.01627806672372113,35.042492100000004,-84.95894145572973,Bradley,-0.11,35.0425,-84.9587,0.021999245565364076
2024-05-12 08:37:00,159758308,0.0008421376718317172,-0.0022956542521935714,0.003979929595857006,35.042492100000004,-84.95894145572973,Bradley,-0.06,35.0425,-84.9587,0.021999245565364076
2024-05-12 08:38:00,159758308,0.04563110597837509,0.03190698515325892,0.05935522680349126,35.042492100000004,-84.95894145572973,Bradley,-0.01,35.0425,-84.9587,0.021999245565364076
2024-05-12 08:39:00,159758308,0.06199014916384709,0.04353020882673017,0.08045008950096401,35.042492100000004,-84.95894145572973,Bradley,0.01,35.0425,-84.9587,0.021999245565364076
2024-05-12 08:40:00,159758308,0.08946319354326034,0.06330746166923193,0.11561892541728874,35.042492100000004,-84.95894145572973,Bradley,-0.02,35.0425,-84.9587,0.021999245565364076
2024-05-12 08:41:00,159758308,0.018864132048062372,0.01338724010188947,0.024341023994235274,35.042492100000004,-84.95894145572973,Bradley,-0.03,35.0425,-84.9587,0.021999245565364076
2024-05-12 08:42:00,159758308,-0.026925082485709483,-0.03501932144167641,-0.01883084352974256,35.042492100000004,-84.95894145572973,Bradley,0.0,35.0425,-84.9587,0.021999245565364076
2024-05-12 08:43:00,159758308,0.00428788904063078,0.0028873152357106226,0.005688462845550937,35.042492100000004,-84.95894145572973,Bradley,-0.08,35.0425,-84.9587,0.021999245565364076
2024-05-12 08:44:00,159758308,0.0081284079843507,0.005407952134459996,0.010848863834241405,35.042492100000004,-84.95894145572973,Bradley,-0.0,35.0425,-84.9587,0.021999245565364076
2024-05-12 08:45:00,159758308,-8.848896744913436e-05,-0.00018871529072486302,1.173735582659429e-05,35.042492100000004,-84.95894145572973,Bradley,-0.05,35.0425,-84.9587,0.021999245565364076
2024-05-12 08:46:00,159758308,0.04391271184576223,0.031075254667044236,0.056750169024480226,35.042492100000004,-84.95894145572973,Bradley,-0.02,35.0425,-84.9587,0.021999245565364076
2024-05-12 08:47:00,159758308,0.06377744899152026,0.04511957653791022,0.0824353214451303,35.042492100000004,-84.95894145572973,Bradley,-0.02,35.0425,-84.9587,0.021999245565364076
2024-05-12 08:48:00,159758308,0.04418889900623109,0.031089687385105414,0.05728811062735677,35.042492100000004,-84.95894145572973,Bradley,-0.05,35.0425,-84.9587,0.021999245565364076
2024-05-12 08:49:00,159758308,0.12009075398243108,0.08402944847996201,0.15615205948490013,35.042492100000004,-84.95894145572973,Bradley,-0.04,35.0425,-84.9587,0.021999245565364076
2024-05-12 08:50:00,159758308,0.1189894121448386,0.08376531599556983,0.15421350829410738,35.042492100000004,-84.95894145572973,Bradley,0.06,35.0425,-84.9587,0.021999245565364076
2024-05-12 08:51:00,159758308,0.13557541827347427,0.09561150181668043,0.17553933473026812,35.042492100000004,-84.95894145572973,Bradley,0.02,35.0425,-84.9587,0.021999245565364076
2024-05-12 08:52:00,159758308,0.17761530103343562,0.12539135175284433,0.2298392503140269,35.042492100000004,-84.95894145572973,Bradley,0.0,35.0425,-84.9587,0.021999245565364076
2024-05-12 08:53:00,159758308,0.03652865853017821,0.025564527869722853,0.04749278919063357,35.042492100000004,-84.95894145572973,Bradley,-0.04,35.0425,-84.9587,0.021999245565364076
2024-05-12 08:54:00,159758308,-0.12415182887104909,-0.16178480793263794,-0.08651884980946023,35.042492100000004,-84.95894145572973,Bradley,-0.12,35.0425,-84.9587,0.021999245565364076
2024-05-12 08:55:00,159758308,-0.16887418006840535,-0.21893460703331702,-0.11881375310349368,35.042492100000004,-84.95894145572973,Bradley,-0.17,35.0425,-84.9587,0.021999245565364076
2024-05-12 08:56:00,159758308,-0.10703029773663417,-0.13828866662460504,-0.0757719288486633,35.042492100000004,-84.95894145572973,Bradley,-0.13,35.0425,-84.9587,0.021999245565364076
2024-05-12 08:57:00,159758308,0.04066092741914299,0.02731358160729288,0.0540082732309931,35.042492100000004,-84.95894145572973,Bradley,-0.07,35.0425,-84.9587,0.021999245565364076
2024-05-12 08:58:00,159758308,0.07307250401920813,0.051041437123785054,0.0951035709146312,35.042492100000004,-84.95894145572973,Bradley,-0.02,35.0425,-84.9587,0.021999245565364076
2024-05-12 08:59:00,159758308,0.11922263457779926,0.08371106269613102,0.1547342064594675,35.042492100000004,-84.95894145572973,Bradley,0.03,35.0425,-84.9587,0.021999245565364076
2024-05-12 09:00:00,159758308,0.10633567907542452,0.07527445946626196,0.13739689868458707,35.042492100000004,-84.95894145572973,Bradley,-0.01,35.0425,-84.9587,0.021999245565364076
2024-05-12 09:01:00,159758308,0.1076165553941451,0.07616751546484245,0.13906559532344775,35.042492100000004,-84.95894145572973,Bradley,-0.12,35.0425,-84.9587,0.021999245565364076
2024-05-12 09:02:00,159758308,0.03452999317654044,0.024087673602835556,0.04497231275024532,35.042492100000004,-84.95894145572973,Bradley,-0.05,35.0425,-84.9587,0.021999245565364076
2024-05-12 09:03:00,159758308,-0.07402905667477513,-0.09738262600520198,-0.05067548734434829,35.042492100000004,-84.95894145572973,Bradley,-0.11,35.0425,-84.9587,0.021999245565364076
2024-05-12 09:04:00,159758308,-0.02866269119970736,-0.038087090708404714,-0.01923829169101,35.042492100000004,-84.95894145572973,Bradley,-0.11,35.0425,-84.9587,0.021999245565364076
2024-05-12 09:05:00,159758308,-0.04846125732914425,-0.0628088773059348,-0.03411363735235369,35.042492100000004,-84.95894145572973,Bradley,-0.15,35.0425,-84.9587,0.021999245565364076
2024-05-12 09:06:00,159758308,0.0019234668992073967,5.830132347830726e-05,0.003788632474936486,35.042492100000004,-84.95894145572973,Bradley,-0.1,35.0425,-84.9587,0.021999245565364076
2024-05-12 09:07:00,159758308,0.03153045592728123,0.022255612214825738,0.040805299639736725,35.042492100000004,-84.95894145572973,Bradley,-0.06,35.0425,-84.9587,0.021999245565364076
2024-05-12 09:08:00,159758308,0.02541948022181826,0.01796274683715795,0.03287621360647857,35.042492100000004,-84.95894145572973,Bradley,-0.03,35.0425,-84.9587,0.021999245565364076
2024-05-12 09:09:00,159758308,-0.047591886026553044,-0.06184924335220714,-0.03333452870089895,35.042492100000004,-84.95894145572973,Bradley,-0.2,35.0425,-84.9587,0.021999245565364076
2024-05-12 09:10:00,159758308,-0.06616966180859113,-0.08563596609238959,-0.04670335752479267,35.042492100000004,-84.95894145572973,Bradley,-0.21,35.0425,-84.9587,0.021999245565364076
2024-05-12 09:11:00,159758308,0.001381621155549635,-0.00011462109880901444,0.0028778634099082844,35.042492100000004,-84.95894145572973,Bradley,-0.29,35.0425,-84.9587,0.021999245565364076
2024-05-12 09:12:00,159758308,0.011812383245123098,0.008182419128991869,0.015442347361254327,35.042492100000004,-84.95894145572973,Bradley,-0.04,35.0425,-84.9587,0.021999245565364076
2024-05-12 09:13:00,159758308,0.08301374362311911,0.05871839808662747,0.10730908915961077,35.042492100000004,-84.95894145572973,Bradley,-0.12,35.0425,-84.9587,0.021999245565364076
2024-05-12 09:14:00,159758308,-0.048315575400213306,-0.0628732285628317,-0.03375792223759491,35.042492100000004,-84.95894145572973,Bradley,0.06,35.0425,-84.9587,0.021999245565364076
2024-05-12 09:15:00,159758308,-0.11863149246595495,-0.15365266370824318,-0.08361032122366671,35.042492100000004,-84.95894145572973,Bradley,-0.06,35.0425,-84.9587,0.021999245565364076
2024-05-12 09:16:00,159758308,-0.1338356495224235,-0.1729144574348126,-0.09475684161003438,35.042492100000004,-84.95894145572973,Bradley,0.1,35.0425,-84.9587,0.021999245565364076
2024-05-12 09:17:00,159758308,-0.1523488807293418,-0.1969176863477221,-0.1077800751109615,35.042492100000004,-84.95894145572973,Bradley,0.01,35.0425,-84.9587,0.021999245565364076
2024-05-12 09:18:00,159758308,-0.1965985480938971,-0.25425800491537914,-0.13893909127241505,35.042492100000004,-84.95894145572973,Bradley,-0.06,35.0425,-84.9587,0.021999245565364076
2024-05-12 09:19:00,159758308,-0.29161505837046064,-0.3771212070478235,-0.2061089096930978,35.042492100000004,-84.95894145572973,Bradley,-0.15,35.0425,-84.9587,0.021999245565364076
2024-05-12 09:20:00,159758308,-0.10577031374779337,-0.13690787995510584,-0.07463274754048092,35.042492100000004,-84.95894145572973,Bradley,0.02,35.0425,-84.9587,0.021999245565364076
2024-05-12 09:21:00,159758308,0.05011633569631468,0.028599037916487685,0.07163363347614167,35.042492100000004,-84.95894145572973,Bradley,0.04,35.0425,-84.9587,0.021999245565364076
2024-05-12 09:22:00,159758308,0.15408852634288836,0.10763133825768852,0.20054571442808822,35.042492100000004,-84.95894145572973,Bradley,-0.01,35.0425,-84.9587,0.021999245565364076
2024-05-12 09:23:00,159758308,0.12328017952463013,0.08706289344271106,0.1594974656065492,35.042492100000004,-84.95894145572973,Bradley,-0.1,35.0425,-84.9587,0.021999245565364076
2024-05-12 09:24:00,159758308,0.0019657971799654215,-0.0036652808658001247,0.007596875225730968,35.042492100000004,-84.95894145572973,Bradley,-0.13,35.0425,-84.9587,0.021999245565364076
2024-05-12 09:25:00,159758308,-0.09164003886547999,-0.11911399974056266,-0.06416607799039731,35.042492100000004,-84.95894145572973,Bradley,-0.18,35.0425,-84.9587,0.021999245565364076
2024-05-12 09:26:00,159758308,-0.061514202187184765,-0.0800923784086909,-0.04293602596567862,35.042492100000004,-84.95894145572973,Bradley,-0.27,35.0425,-84.9587,0.021999245565364076
2024-05-12 09:27:00,159758308,-0.10779916831287828,-0.13981281473848114,-0.07578552188727541,35.042492100000004,-84.95894145572973,Bradley,-0.1,35.0425,-84.9587,0.021999245565364076
2024-05-12 09:28:00,159758308,-0.08225985477655304,-0.10693900750460678,-0.057580702048499306,35.042492100000004,-84.95894145572973,Bradley,-0.04,35.0425,-84.9587,0.021999245565364076
2024-05-12 09:29:00,159758308,-0.04662384053726042,-0.060671972804659795,-0.03257570826986105,35.042492100000004,-84.95894145572973,Bradley,-0.14,35.0425,-84.9587,0.021999245565364076
2024-05-12 09:30:00,159758308,-0.024109528059917725,-0.03156378657353652,-0.01665526954629893,35.042492100000004,-84.95894145572973,Bradley,-0.15,35.0425,-84.9587,0.021999245565364076
2024-05-12 09:31:00,159758308,-0.03370839922558003,-0.04366824916137153,-0.023748549289788517,35.042492100000004,-84.95894145572973,Bradley,-0.15,35.0425,-84.9587,0.021999245565364076
2024-05-12 09:32:00,159758308,0.01564857570132555,0.011019308384757683,0.02027784301789342,35.042492100000004,-84.95894145572973,Bradley,-0.15,35.0425,-84.9587,0.021999245565364076
2024-05-12 09:33:00,159758308,-0.020568863048438024,-0.028513241200410742,-0.012624484896465307,35.042492100000004,-84.95894145572973,Bradley,-0.16,35.0425,-84.9587,0.021999245565364076
2024-05-12 09:34:00,159758308,0.02405113009854941,0.016906035106542473,0.031196225090556345,35.042492100000004,-84.95894145572973,Bradley,-0.18,35.0425,-84.9587,0.021999245565364076
2024-05-12 09:35:00,159758308,0.07156835888244999,0.05039227490191931,0.09274444286298067,35.042492100000004,-84.95894145572973,Bradley,-0.09,35.0425,-84.9587,0.021999245565364076
2024-05-12 09:36:00,159758308,0.1232674963616972,0.08719515015210985,0.15933984257128456,35.042492100000004,-84.95894145572973,Bradley,-0.03,35.0425,-84.9587,0.021999245565364076
2024-05-12 09:37:00,159758308,0.211433662050269,0.14936183808257994,0.2735054860179581,35.042492100000004,-84.95894145572973,Bradley,-0.06,35.0425,-84.9587,0.021999245565364076
2024-05-12 09:38:00,159758308,0.09592932859522109,0.06795293556195538,0.1239057216284868,35.042492100000004,-84.95894145572973,Bradley,-0.14,35.0425,-84.9587,0.021999245565364076
2024-05-12 09:39:00,159758308,0.10324164405314812,0.07310516113904039,0.13337812696725584,35.042492100000004,-84.95894145572973,Bradley,-0.13,35.0425,-84.9587,0.021999245565364076
2024-05-12 09:40:00,159758308,0.12468829793102723,0.08829688549682296,0.1610797103652315,35.042492100000004,-84.95894145572973,Bradley,-0.07,35.0425,-84.9587,0.021999245565364076
2024-05-12 09:41:00,159758308,0.06615800479152656,0.04673251835809779,0.08558349122495533,35.042492100000004,-84.95894145572973,Bradley,-0.14,35.0425,-84.9587,0.021999245565364076
2024-05-12 09:42:00,159758308,-0.009697719155820168,-0.015110869836631843,-0.004284568475008493,35.042492100000004,-84.95894145572973,Bradley,-0.11,35.0425,-84.9587,0.021999245565364076
2024-05-12 09:43:00,159758308,0.011956646527391035,0.008071528881950356,0.015841764172831715,35.042492100000004,-84.95894145572973,Bradley,-0.07,35.0425,-84.9587,0.021999245565364076
2024-05-12 09:44:00,159758308,0.030950611681447547,0.02186242712472735,0.040038796238167744,35.042492100000004,-84.95894145572973,Bradley,-0.03,35.0425,-84.9587,0.021999245565364076
2024-05-12 09:45:00,159758308,0.020870986045729657,0.014133903680624657,0.027608068410834657,35.042492100000004,-84.95894145572973,Bradley,-0.13,35.0425,-84.9587,0.021999245565364076
2024-05-12 09:46:00,159758308,0.0018212333892765828,-0.002495537294690967,0.006138004073244132,35.042492100000004,-84.95894145572973,Bradley,-0.1,35.0425,-84.9587,0.021999245565364076
2024-05-12 09:47:00,159758308,-0.0020712164318954377,-0.0033783151746989435,-0.0007641176890919317,35.042492100000004,-84.95894145572973,Bradley,-0.15,35.0425,-84.9587,0.021999245565364076
2024-05-12 09:48:00,159758308,-0.027124770471692164,-0.035663722957910024,-0.018585817985474304,35.042492100000004,-84.95894145572973,Bradley,-0.06,35.0425,-84.9587,0.021999245565364076
2024-05-12 09:49:00,159758308,-0.051802460106732305,-0.06745944706204221,-0.0361454731514224,35.042492100000004,-84.95894145572973,Bradley,-0.06,35.0425,-84.9587,0.021999245565364076
2024-05-12 09:50:00,159758308,0.03737404880382587,0.026383696320833733,0.048364401286818,35.042492100000004,-84.95894145572973,Bradley,-0.15,35.0425,-84.9587,0.021999245565364076
2024-05-12 09:51:00,159758308,0.014353220464402424,0.008316940756397334,0.020389500172407517,35.042492100000004,-84.95894145572973,Bradley,-0.09,35.0425,-84.9587,0.021999245565364076
2024-05-12 09:52:00,159758308,0.034497279646257144,0.024145551617421105,0.044849007675093186,35.042492100000004,-84.95894145572973,Bradley,-0.14,35.0425,-84.9587,0.021999245565364076
2024-05-12 09:53:00,159758308,0.009750627236792764,0.005147582551435911,0.014353671922149615,35.042492100000004,-84.95894145572973,Bradley,-0.13,35.0425,-84.9587,0.021999245565364076
2024-05-12 09:54:00,159758308,0.06239012030041611,0.04397933674914907,0.08080090385168315,35.042492100000004,-84.95894145572973,Bradley,-0.17,35.0425,-84.9587,0.021999245565364076
2024-05-12 09:55:00,159758308,0.019919558988775114,0.01405674691315047,0.025782371064399758,35.042492100000004,-84.95894145572973,Bradley,-0.12,35.0425,-84.9587,0.021999245565364076
2024-05-12 09:56:00,159758308,-0.0074492597547888995,-0.009646472880118101,-0.005252046629459698,35.042492100000004,-84.95894145572973,Bradley,-0.05,35.0425,-84.9587,0.021999245565364076
2024-05-12 09:57:00,159758308,-0.0833702677436218,-0.10823640858020682,-0.05850412690703678,35.042492100000004,-84.95894145572973,Bradley,-0.3,35.0425,-84.9587,0.021999245565364076
2024-05-12 09:58:00,159758308,-0.16161185843718476,-0.20929384555639538,-0.11392987131797414,35.042492100000004,-84.95894145572973,Bradley,-0.13,35.0425,-84.9587,0.021999245565364076
2024-05-12 09:59:00,159758308,0.02893928881852356,0.018678766644631185,0.03919981099241593,35.042492100000004,-84.95894145572973,Bradley,-0.03,35.0425,-84.9587,0.021999245565364076
2024-05-12 10:00:00,159758308,0.03250136436354657,0.02294768463328291,0.04205504409381024,35.042492100000004,-84.95894145572973,Bradley,-0.12,35.0425,-84.9587,0.021999245565364076
2024-05-12 10:01:00,159758308,-0.030067695253394,-0.039041680061427955,-0.021093710445360042,35.042492100000004,-84.95894145572973,Bradley,-0.11,35.0425,-84.9587,0.021999245565364076
2024-05-12 10:02:00,159758308,-0.08996662070627733,-0.11691512580692305,-0.0630181156056316,35.042492100000004,-84.95894145572973,Bradley,-0.13,35.0425,-84.9587,0.021999245565364076
2024-05-12 10:03:00,159758308,-0.18473022707212508,-0.2396752667365319,-0.12978518740771827,35.042492100000004,-84.95894145572973,Bradley,-0.16,35.0425,-84.9587,0.021999245565364076
2024-05-12 10:04:00,159758308,-0.06548247244346839,-0.08474453794715822,-0.04622040693977855,35.042492100000004,-84.95894145572973,Bradley,-0.13,35.0425,-84.9587,0.021999245565364076
2024-05-12 10:05:00,159758308,-0.09750027582800941,-0.12664813413348555,-0.06835241752253327,35.042492100000004,-84.95894145572973,Bradley,-0.07,35.0425,-84.9587,0.021999245565364076
2024-05-12 10:06:00,159758308,-0.07834861770763282,-0.10132046685370757,-0.05537676856155808,35.042492100000004,-84.95894145572973,Bradley,-0.13,35.0425,-84.9587,0.021999245565364076
2024-05-12 10:07:00,159758308,0.009257831586313152,0.005709893603354116,0.012805769569272187,35.042492100000004,-84.95894145572973,Bradley,-0.17,35.0425,-84.9587,0.021999245565364076
2024-05-12 10:08:00,159758308,0.09336464118059642,0.06540145640484993,0.12132782595634292,35.042492100000004,-84.95894145572973,Bradley,-0.1,35.0425,-84.9587,0.021999245565364076
2024-05-12 10:09:00,159758308,0.03355393348801593,0.02370139267686039,0.043406474299171466,35.042492100000004,-84.95894145572973,Bradley,-0.14,35.0425,-84.9587,0.021999245565364076
2024-05-12 10:10:00,159758308,-0.013954691062778454,-0.019087860754294545,-0.008821521371262363,35.042492100000004,-84.95894145572973,Bradley,-0.13,35.0425,-84.9587,0.021999245565364076
2024-05-12 10:11:00,159758308,-0.02890685747835407,-0.037506277310172614,-0.02030743764653552,35.042492100000004,-84.95894145572973,Bradley,-0.03,35.0425,-84.9587,0.021999245565364076
2024-05-12 10:12:00,159758308,-0.021629430979951243,-0.02845209273088962,-0.014806769229012865,35.042492100000004,-84.95894145572973,Bradley,-0.19,35.0425,-84.9587,0.021999245565364076
2024-05-12 10:13:00,159758308,-0.11572663769596923,-0.150368974205055,-0.08108430118688348,35.042492100000004,-84.95894145572973,Bradley,-0.09,35.0425,-84.9587,0.021999245565364076
2024-05-12 10:14:00,159758308,-0.09115424088848142,-0.118101353030366,-0.06420712874659686,35.042492100000004,-84.95894145572973,Bradley,-0.07,35.0425,-84.9587,0.021999245565364076
2024-05-12 10:15:00,159758308,-0.13075347674638535,-0.16925495651198857,-0.09225199698078212,35.042492100000004,-84.95894145572973,Bradley,-0.09,35.0425,-84.9587,0.021999245565364076
2024-05-12 10:16:00,159758308,-0.018678081540670185,-0.024258643189324854,-0.013097519892015515,35.042492100000004,-84.95894145572973,Bradley,-0.09,35.0425,-84.9587,0.021999245565364076
2024-05-12 10:17:00,159758308,-0.004373867237575918,-0.005759009022688663,-0.002988725452463173,35.042492100000004,-84.95894145572973,Bradley,-0.09,35.0425,-84.9587,0.021999245565364076
2024-05-12 10:18:00,159758308,-0.010142061481078199,-0.013367541881733315,-0.006916581080423083,35.042492100000004,-84.95894145572973,Bradley,-0.18,35.0425,-84.9587,0.021999245565364076
2024-05-12 10:19:00,159758308,0.02869087429598184,0.02009323367947597,0.03728851491248771,35.042492100000004,-84.95894145572973,Bradley,-0.18,35.0425,-84.9587,0.021999245565364076
2024-05-12 10:20:00,159758308,-0.06936715285731548,-0.09021147255452422,-0.048522833160106756,35.042492100000004,-84.95894145572973,Bradley,-0.15,35.0425,-84.9587,0.021999245565364076
2024-05-12 10:21:00,159758308,-0.07113752127816073,-0.09223060314037242,-0.050044439415949035,35.042492100000004,-84.95894145572973,Bradley,-0.16,35.0425,-84.9587,0.021999245565364076
2024-05-12 10:22:00,159758308,-0.0416351708294805,-0.05416622333133423,-0.029104118327626764,35.042492100000004,-84.95894145572973,Bradley,-0.14,35.0425,-84.9587,0.021999245565364076
2024-05-12 10:23:00,159758308,0.10181168926267233,0.07188065439698835,0.1317427241283563,35.042492100000004,-84.95894145572973,Bradley,-0.19,35.0425,-84.9587,0.021999245565364076
2024-05-12 10:24:00,159758308,0.06805668249175142,0.048069336139636834,0.08804402884386602,35.042492100000004,-84.95894145572973,Bradley,-0.11,35.0425,-84.9587,0.021999245565364076
2024-05-12 10:25:00,159758308,-0.08294841917713937,-0.10895959486714761,-0.056937243487131126,35.042492100000004,-84.95894145572973,Bradley,-0.2,35.0425,-84.9587,0.021999245565364076
2024-05-12 10:26:00,159758308,-0.13831925023379707,-0.17970762481567282,-0.09693087565192134,35.042492100000004,-84.95894145572973,Bradley,-0.18,35.0425,-84.9587,0.021999245565364076
2024-05-12 10:27:00,159758308,-0.03648747929648096,-0.047314278765647165,-0.025660679827314757,35.042492100000004,-84.95894145572973,Bradley,-0.22,35.0425,-84.9587,0.021999245565364076
2024-05-12 10:28:00,159758308,-0.02821859066006956,-0.036698857469632015,-0.019738323850507108,35.042492100000004,-84.95894145572973,Bradley,-0.13,35.0425,-84.9587,0.021999245565364076
2024-05-12 10:29:00,159758308,0.0334002989286052,0.023596010638069504,0.0432045872191409,35.042492100000004,-84.95894145572973,Bradley,-0.2,35.0425,-84.9587,0.021999245565364076
2024-05-12 10:30:00,159758308,0.08290016979840913,0.0580790039844643,0.10772133561235395,35.042492100000004,-84.95894145572973,Bradley,-0.26,35.0425,-84.9587,0.021999245565364076
2024-05-12 10:31:00,159758308,0.03672300029618674,0.02463176399811387,0.04881423659425961,35.042492100000004,-84.95894145572973,Bradley,-0.06,35.0425,-84.9587,0.021999245565364076
2024-05-12 10:32:00,159758308,-0.13895180759288836,-0.1803821370622272,-0.09752147812354953,35.042492100000004,-84.95894145572973,Bradley,-0.18,35.0425,-84.9587,0.021999245565364076
2024-05-12 10:33:00,159758308,-0.07013384800431868,-0.09120703798897442,-0.04906065801966294,35.042492100000004,-84.95894145572973,Bradley,-0.27,35.0425,-84.9587,0.021999245565364076
2024-05-12 10:34:00,159758308,-0.0764158309187437,-0.09957879991926005,-0.05325286191822735,35.042492100000004,-84.95894145572973,Bradley,-0.26,35.0425,-84.9587,0.021999245565364076
2024-05-12 10:35:00,159758308,-0.09852781725474949,-0.12745580587464858,-0.0695998286348504,35.042492100000004,-84.95894145572973,Bradley,-0.21,35.0425,-84.9587,0.021999245565364076
2024-05-12 10:36:00,159758308,-0.014602484122650208,-0.019559035946564284,-0.009645932298736132,35.042492100000004,-84.95894145572973,Bradley,-0.08,35.0425,-84.9587,0.021999245565364076
2024-05-12 10:37:00,159758308,0.03824017748547306,0.026902919121078714,0.0495774358498674,35.042492100000004,-84.95894145572973,Bradley,-0.09,35.0425,-84.9587,0.021999245565364076
2024-05-12 10:38:00,159758308,0.05495052170897781,0.03889456227064465,0.07100648114731097,35.042492100000004,-84.95894145572973,Bradley,-0.1,35.0425,-84.9587,0.021999245565364076
2024-05-12 10:39:00,159758308,0.051895377615112225,0.03674503309189293,0.06704572213833153,35.042492100000004,-84.95894145572973,Bradley,-0.09,35.0425,-84.9587,0.021999245565364076
2024-05-12 10:40:00,159758308,0.06535360904531985,0.04628606399762399,0.0844211540930157,35.042492100000004,-84.95894145572973,Bradley,-0.17,35.0425,-84.9587,0.021999245565364076
2024-05-12 10:41:00,159758308,-0.0019971549150201405,-0.005852563685162446,0.0018582538551221652,35.042492100000004,-84.95894145572973,Bradley,-0.09,35.0425,-84.9587,0.021999245565364076
2024-05-12 10:42:00,159758308,0.03206703786330489,0.022682102786915525,0.04145197293969426,35.042492100000004,-84.95894145572973,Bradley,-0.13,35.0425,-84.9587,0.021999245565364076
2024-05-12 10:43:00,159758308,0.04780362096503026,0.03383774312566974,0.06176949880439078,35.042492100000004,-84.95894145572973,Bradley,-0.08,35.0425,-84.9587,0.021999245565364076
2024-05-12 10:44:00,159758308,0.0817859806145448,0.05791945843778834,0.10565250279130126,35.042492100000004,-84.95894145572973,Bradley,0.0,35.0425,-84.9587,0.021999245565364076
2024-05-12 10:45:00,159758308,0.11231913563382649,0.0795197027530677,0.14511856851458527,35.042492100000004,-84.95894145572973,Bradley,-0.12,35.0425,-84.9587,0.021999245565364076
2024-05-12 10:46:00,159758308,0.08166393082496218,0.05782251105561999,0.10550535059430437,35.042492100000004,-84.95894145572973,Bradley,-0.18,35.0425,-84.9587,0.021999245565364076
2024-05-12 10:47:00,159758308,0.057332657773621384,0.04047634292756465,0.07418897261967812,35.042492100000004,-84.95894145572973,Bradley,-0.14,35.0425,-84.9587,0.021999245565364076
2024-05-12 10:48:00,159758308,0.0223242149869307,0.013538597834529624,0.031109832139331772,35.042492100000004,-84.95894145572973,Bradley,-0.09,35.0425,-84.9587,0.021999245565364076
2024-05-12 10:49:00,159758308,0.004455077543944902,-0.0006811082366906069,0.00959126332458041,35.042492100000004,-84.95894145572973,Bradley,-0.09,35.0425,-84.9587,0.021999245565364076
2024-05-12 10:50:00,159758308,0.0017537058161342393,-0.0019696017989808334,0.005477013431249312,35.042492100000004,-84.95894145572973,Bradley,-0.12,35.0425,-84.9587,0.021999245565364076
2024-05-12 10:51:00,159758308,0.073914579841701,0.05220898043117188,0.09562017925223011,35.042492100000004,-84.95894145572973,Bradley,-0.16,35.0425,-84.9587,0.021999245565364076
2024-05-12 10:52:00,159758308,0.0856641552635865,0.060656772295992895,0.11067153823118012,35.042492100000004,-84.95894145572973,Bradley,-0.12,35.0425,-84.9587,0.021999245565364076
2024-05-12 10:53:00,159758308,0.034480656083189724,0.024126399596767677,0.04483491256961177,35.042492100000004,-84.95894145572973,Bradley,-0.17,35.0425,-84.9587,0.021999245565364076
2024-05-12 10:54:00,159758308,0.007911107487219968,0.00312357380929935,0.012698641165140585,35.042492100000004,-84.95894145572973,Bradley,-0.16,35.0425,-84.9587,0.021999245565364076
2024-05-12 10:55:00,159758308,0.06178479685267107,0.04375257372639316,0.07981701997894898,35.042492100000004,-84.95894145572973,Bradley,-0.1,35.0425,-84.9587,0.021999245565364076
2024-05-12 10:56:00,159758308,0.039704549208373616,0.0273534865734383,0.05205561184330893,35.042492100000004,-84.95894145572973,Bradley,-0.07,35.0425,-84.9587,0.021999245565364076
2024-05-12 10:57:00,159758308,0.06973336379481548,0.049271838474144694,0.09019488911548627,35.042492100000004,-84.95894145572973,Bradley,-0.3,35.0425,-84.9587,0.021999245565364076
2024-05-12 10:58:00,159758308,0.07972615696715282,0.05643829026413477,0.10301402367017087,35.042492100000004,-84.95894145572973,Bradley,0.13,35.0425,-84.9587,0.021999245565364076
2024-05-12 10:59:00,159758308,0.10378455730917956,0.07334002727798727,0.13422908734037184,35.042492100000004,-84.95894145572973,Bradley,0.07,35.0425,-84.9587,0.021999245565364076
2024-05-12 11:00:00,159758308,0.020068611806883616,0.01421999859961387,0.02591722501415336,35.042492100000004,-84.95894145572973,Bradley,0.15,35.0425,-84.9587,0.021999245565364076
2024-05-12 11:01:00,159758308,0.03237021266011159,0.02254022893272667,0.042200196387496516,35.042492100000004,-84.95894145572973,Bradley,0.17,35.0425,-84.9587,0.021999245565364076
2024-05-12 11:02:00,159758308,0.08840911598436449,0.06184269002306852,0.11497554194566045,35.042492100000004,-84.95894145572973,Bradley,0.09,35.0425,-84.9587,0.021999245565364076
2024-05-12 11:03:00,159758308,0.13757939906271016,0.09676397055447854,0.17839482757094177,35.042492100000004,-84.95894145572973,Bradley,0.04,35.0425,-84.9587,0.021999245565364076
2024-05-12 11:04:00,159758308,0.10703317094506556,0.07564928244921668,0.13841705944091445,35.042492100000004,-84.95894145572973,Bradley,0.05,35.0425,-84.9587,0.021999245565364076
2024-05-12 11:05:00,159758308,0.04982929447792325,0.03531231246695834,0.06434627648888816,35.042492100000004,-84.95894145572973,Bradley,0.05,35.0425,-84.9587,0.021999245565364076
2024-05-12 11:06:00,159758308,0.006484378001476665,0.0039586815577561975,0.009010074445197132,35.042492100000004,-84.95894145572973,Bradley,0.01,35.0425,-84.9587,0.021999245565364076
2024-05-12 11:07:00,159758308,-0.019265026715912913,-0.025508876491213025,-0.013021176940612802,35.042492100000004,-84.95894145572973,Bradley,-0.03,35.0425,-84.9587,0.021999245565364076
2024-05-12 11:08:00,159758308,-0.05387035952210827,-0.07022556694907632,-0.037515152095140225,35.042492100000004,-84.95894145572973,Bradley,0.18,35.0425,-84.9587,0.021999245565364076
2024-05-12 11:09:00,159758308,-0.058251674013323804,-0.07566591304130404,-0.04083743498534356,35.042492100000004,-84.95894145572973,Bradley,0.13,35.0425,-84.9587,0.021999245565364076
2024-05-12 11:10:00,159758308,-0.05585190876266182,-0.07249750425141928,-0.039206313273904364,35.042492100000004,-84.95894145572973,Bradley,0.09,35.0425,-84.9587,0.021999245565364076
2024-05-12 11:11:00,159758308,0.020175926141796613,0.014008675083341426,0.0263431772002518,35.042492100000004,-84.95894145572973,Bradley,0.15,35.0425,-84.9587,0.021999245565364076
2024-05-12 11:12:00,159758308,0.043801867569062077,0.030896955065213613,0.05670678007291054,35.042492100000004,-84.95894145572973,Bradley,0.15,35.0425,-84.9587,0.021999245565364076
2024-05-12 11:13:00,159758308,0.0375398124074006,0.02655425029975757,0.04852537451504363,35.042492100000004,-84.95894145572973,Bradley,-0.05,35.0425,-84.9587,0.021999245565364076
2024-05-12 11:14:00,159758308,0.01450516188313036,0.010145987905197416,0.018864335861063303,35.042492100000004,-84.95894145572973,Bradley,0.0,35.0425,-84.9587,0.021999245565364076
2024-05-12 11:15:00,159758308,0.010232039081545267,0.007167779472958398,0.013296298690132137,35.042492100000004,-84.95894145572973,Bradley,0.06,35.0425,-84.9587,0.021999245565364076
2024-05-12 11:16:00,159758308,-0.02289344259132534,-0.030209617557348144,-0.015577267625302534,35.042492100000004,-84.95894145572973,Bradley,-0.05,35.0425,-84.9587,0.021999245565364076
2024-05-12 11:17:00,159758308,-0.048937389012062876,-0.06415489893406909,-0.033719879090056665,35.042492100000004,-84.95894145572973,Bradley,0.26,35.0425,-84.9587,0.021999245565364076
2024-05-12 11:18:00,159758308,-0.04222911431954544,-0.054829948177516935,-0.02962828046157394,35.042492100000004,-84.95894145572973,Bradley,0.1,35.0425,-84.9587,0.021999245565364076
2024-05-12 11:19:00,159758308,-0.011791449869408572,-0.015322877675344106,-0.008260022063473038,35.042492100000004,-84.95894145572973,Bradley,0.0,35.0425,-84.9587,0.021999245565364076
2024-05-12 11:20:00,159758308,0.015130582397707213,0.010704376475087861,0.019556788320326562,35.042492100000004,-84.95894145572973,Bradley,0.26,35.0425,-84.9587,0.021999245565364076
2024-05-12 11:21:00,159758308,0.05949099142437584,0.04215989190694526,0.07682209094180642,35.042492100000004,-84.95894145572973,Bradley,0.24,35.0425,-84.9587,0.021999245565364076
2024-05-12 11:22:00,159758308,0.02921489620657679,0.020691866075986803,0.03773792633716678,35.042492100000004,-84.95894145572973,Bradley,0.57,35.0425,-84.9587,0.021999245565364076
2024-05-12 11:23:00,159758308,0.02605360758408814,0.01842912992038741,0.03367808524778887,35.042492100000004,-84.95894145572973,Bradley,0.52,35.0425,-84.9587,0.021999245565364076
2024-05-12 11:24:00,159758308,0.05209022219259625,0.03689462122000063,0.06728582316519187,35.042492100000004,-84.95894145572973,Bradley,0.96,35.0425,-84.9587,0.021999245565364076
2024-05-12 11:25:00,159758308,0.00888824462890625,0.006140955531644421,0.011635533726168079,35.042492100000004,-84.95894145572973,Bradley,0.26,35.0425,-84.9587,0.021999245565364076
2024-05-12 11:26:00,159758308,-0.060618930962876176,-0.07851049889301956,-0.0427273630327328,35.042492100000004,-84.95894145572973,Bradley,-0.0,35.0425,-84.9587,0.021999245565364076
2024-05-12 11:27:00,159758308,-0.03657017639201202,-0.04730577081148094,-0.025834581972543104,35.042492100000004,-84.95894145572973,Bradley,0.01,35.0425,-84.9587,0.021999245565364076
2024-05-12 11:28:00,159758308,-0.015385215364211184,-0.019871954904322503,-0.010898475824099866,35.042492100000004,-84.95894145572973,Bradley,0.18,35.0425,-84.9587,0.021999245565364076
2024-05-12 11:29:00,159758308,0.036029982422531734,0.02519561562831356,0.04686434921674991,35.042492100000004,-84.95894145572973,Bradley,0.29,35.0425,-84.9587,0.021999245565364076
2024-05-12 11:30:00,159758308,0.06713727631661903,0.04712102519221258,0.08715352744102547,35.042492100000004,-84.95894145572973,Bradley,0.04,35.0425,-84.9587,0.021999245565364076
2024-05-12 11:31:00,159758308,0.029947513049291778,0.020773175250929844,0.03912185084765371,35.042492100000004,-84.95894145572973,Bradley,0.1,35.0425,-84.9587,0.021999245565364076
2024-05-12 11:32:00,159758308,0.01233699005886301,0.008238825153790326,0.016435154963935696,35.042492100000004,-84.95894145572973,Bradley,0.29,35.0425,-84.9587,0.021999245565364076
2024-05-12 11:33:00,159758308,0.0027679750882464924,8.017091713881114e-05,0.0054557792593541736,35.042492100000004,-84.95894145572973,Bradley,0.18,35.0425,-84.9587,0.021999245565364076
2024-05-12 11:34:00,159758308,0.011954019593968036,0.006328709842773772,0.0175793293451623,35.042492100000004,-84.95894145572973,Bradley,0.33,35.0425,-84.9587,0.021999245565364076
2024-05-12 11:35:00,159758308,0.011676113639169679,0.007011419995463545,0.016340807282875812,35.042492100000004,-84.95894145572973,Bradley,0.3,35.0425,-84.9587,0.021999245565364076
2024-05-12 11:36:00,159758308,-0.016771133104746344,-0.02179065425640165,-0.01175161195309104,35.042492100000004,-84.95894145572973,Bradley,-0.01,35.0425,-84.9587,0.021999245565364076
2024-05-12 11:37:00,159758308,-0.037135736687358145,-0.04884758664942452,-0.02542388672529177,35.042492100000004,-84.95894145572973,Bradley,0.02,35.0425,-84.9587,0.021999245565364076
2024-05-12 11:38:00,159758308,-0.02108201294355771,-0.027341062171318417,-0.014822963715797,35.042492100000004,-84.95894145572973,Bradley,-0.03,35.0425,-84.9587,0.021999245565364076
2024-05-12 11:39:00,159758308,-0.06274196519575907,-0.08105821001826231,-0.04442572037325583,35.042492100000004,-84.95894145572973,Bradley,0.09,35.0425,-84.9587,0.021999245565364076
2024-05-12 11:40:00,159758308,-0.0531750020358734,-0.06874910617331448,-0.03760089789843232,35.042492100000004,-84.95894145572973,Bradley,0.04,35.0425,-84.9587,0.021999245565364076
2024-05-12 11:41:00,159758308,0.00960997662932262,0.003620322171817662,0.015599631086827576,35.042492100000004,-84.95894145572973,Bradley,0.12,35.0425,-84.9587,0.021999245565364076
2024-05-12 11:42:00,159758308,-0.05043268877143578,-0.06517215660738179,-0.035693220935489774,35.042492100000004,-84.95894145572973,Bradley,0.04,35.0425,-84.9587,0.021999245565364076
2024-05-12 11:43:00,159758308,-0.038438829064128696,-0.04967644250737578,-0.02720121562088161,35.042492100000004,-84.95894145572973,Bradley,0.0,35.0425,-84.9587,0.021999245565364076
2024-05-12 11:44:00,159758308,-0.021059504433935252,-0.027226554235371108,-0.014892454632499396,35.042492100000004,-84.95894145572973,Bradley,-0.12,35.0425,-84.9587,0.021999245565364076
2024-05-12 11:45:00,159758308,0.014585214087685724,0.009756675972918925,0.019413752202452523,35.042492100000004,-84.95894145572973,Bradley,-0.1,35.0425,-84.9587,0.021999245565364076
2024-05-12 11:46:00,159758308,-0.022906736311049933,-0.029622370928359835,-0.01619110169374003,35.042492100000004,-84.95894145572973,Bradley,-0.2,35.0425,-84.9587,0.021999245565364076
2024-05-12 11:47:00,159758308,-0.08046329911314727,-0.10417992735633567,-0.05674667086995887,35.042492100000004,-84.95894145572973,Bradley,-0.1,35.0425,-84.9587,0.021999245565364076
2024-05-12 11:48:00,159758308,-0.06718564883285348,-0.08702875937736355,-0.04734253828834341,35.042492100000004,-84.95894145572973,Bradley,-0.11,35.0425,-84.9587,0.021999245565364076
2024-05-12 11:49:00,159758308,-0.021281105764936744,-0.02752974752059213,-0.01503246400928136,35.042492100000004,-84.95894145572973,Bradley,-0.18,35.0425,-84.9587,0.021999245565364076
2024-05-12 11:50:00,159758308,0.03543356592092405,0.024689382901572385,0.04617774894027572,35.042492100000004,-84.95894145572973,Bradley,-0.11,35.0425,-84.9587,0.021999245565364076
2024-05-12 11:51:00,159758308,0.014744323135304147,0.010051493041273587,0.019437153229334706,35.042492100000004,-84.95894145572973,Bradley,-0.1,35.0425,-84.9587,0.021999245565364076
2024-05-12 11:52:00,159758308,-0.018901688986844318,-0.024547567643680004,-0.013255810330008631,35.042492100000004,-84.95894145572973,Bradley,-0.06,35.0425,-84.9587,0.021999245565364076
2024-05-12 11:53:00,159758308,0.01123998368756436,0.007259730157405211,0.015220237217723509,35.042492100000004,-84.95894145572973,Bradley,-0.06,35.0425,-84.9587,0.021999245565364076
2024-05-12 11:54:00,159758308,0.010662326415112616,0.006627774173039148,0.014696878657186083,35.042492100000004,-84.95894145572973,Bradley,-0.04,35.0425,-84.9587,0.021999245565364076
2024-05-12 11:55:00,159758308,0.024791489211841166,0.017034581702221878,0.032548396721460454,35.042492100000004,-84.95894145572973,Bradley,-0.07,35.0425,-84.9587,0.021999245565364076
2024-05-12 11:56:00,159758308,-2.5481286270151863e-05,-0.0019342156888054061,0.0018832531162651025,35.042492100000004,-84.95894145572973,Bradley,-0.02,35.0425,-84.9587,0.021999245565364076
2024-05-12 11:57:00,159758308,-0.012833989700697056,-0.01724959141561053,-0.008418387985783583,35.042492100000004,-84.95894145572973,Bradley,0.04,35.0425,-84.9587,0.021999245565364076
2024-05-12 11:58:00,159758308,-0.006500716167724446,-0.009598326860250195,-0.0034031054751986973,35.042492100000004,-84.95894145572973,Bradley,-0.02,35.0425,-84.9587,0.021999245565364076
2024-05-12 11:59:00,159758308,0.036363284862033454,0.023828709753278977,0.04889785997078793,35.042492100000004,-84.95894145572973,Bradley,0.05,35.0425,-84.9587,0.021999245565364076
2024-05-12 12:00:00,159758308,0.052686577125451835,0.03703518127771521,0.06833797297318846,35.042492100000004,-84.95894145572973,Bradley,-0.06,35.0425,-84.9587,0.021999245565364076
