timestamp,substation,Sim GIC (Median),Sim GIC (2.5),Sim GIC (97.5),sub lat,sub lon,site_1_device,site_1_gic,site_1_Latitude,site_1_Longitude,site_1_Distance
2024-05-10 12:00:00,98699542,-0.49027197298461667,-0.6427183307668248,-0.3378256152024085,34.377756449999964,-88.85918213085202,Union,-0.31,34.378,-88.8578,0.12970067710766434
2024-05-10 12:01:00,98699542,-0.4003848785831372,-0.524904323481644,-0.2758654336846305,34.377756449999964,-88.85918213085202,Union,-0.26,34.378,-88.8578,0.12970067710766434
2024-05-10 12:02:00,98699542,-0.21573181768031272,-0.2831037891938053,-0.14835984616682013,34.377756449999964,-88.85918213085202,Union,-0.1,34.378,-88.8578,0.12970067710766434
2024-05-10 12:03:00,98699542,-0.2915075182834566,-0.3822410861439562,-0.20077395042295704,34.377756449999964,-88.85918213085202,Union,-0.09,34.378,-88.8578,0.12970067710766434
2024-05-10 12:04:00,98699542,-0.2760256861550101,-0.3619548744545854,-0.19009649785543484,34.377756449999964,-88.85918213085202,Union,-0.09,34.378,-88.8578,0.12970067710766434
2024-05-10 12:05:00,98699542,-0.29744471618611296,-0.39003860407327307,-0.20485082829895282,34.377756449999964,-88.85918213085202,Union,-0.03,34.378,-88.8578,0.12970067710766434
2024-05-10 12:06:00,98699542,-0.3103337650260592,-0.4069978679309024,-0.21366966212121594,34.377756449999964,-88.85918213085202,Union,0.02,34.378,-88.8578,0.12970067710766434
2024-05-10 12:07:00,98699542,-0.3422731708662576,-0.44876413794509695,-0.2357822037874182,34.377756449999964,-88.85918213085202,Union,-0.06,34.378,-88.8578,0.12970067710766434
2024-05-10 12:08:00,98699542,-0.31233630921107935,-0.4095577561021918,-0.2151148623199669,34.377756449999964,-88.85918213085202,Union,-0.06,34.378,-88.8578,0.12970067710766434
2024-05-10 12:09:00,98699542,-0.2479384319046318,-0.32503473565141344,-0.17084212815785016,34.377756449999964,-88.85918213085202,Union,-0.01,34.378,-88.8578,0.12970067710766434
2024-05-10 12:10:00,98699542,-0.2383757375115585,-0.31277902620772524,-0.16397244881539175,34.377756449999964,-88.85918213085202,Union,0.05,34.378,-88.8578,0.12970067710766434
2024-05-10 12:11:00,98699542,-0.12597816328755465,-0.16516668811900773,-0.08678963845610158,34.377756449999964,-88.85918213085202,Union,0.04,34.378,-88.8578,0.12970067710766434
2024-05-10 12:12:00,98699542,-0.1858387929766308,-0.24368534451887833,-0.12799224143438329,34.377756449999964,-88.85918213085202,Union,0.04,34.378,-88.8578,0.12970067710766434
2024-05-10 12:13:00,98699542,-0.25235923248886183,-0.33088187974942457,-0.1738365852282991,34.377756449999964,-88.85918213085202,Union,-0.04,34.378,-88.8578,0.12970067710766434
2024-05-10 12:14:00,98699542,-0.4116749458851715,-0.5398439015191621,-0.28350599025118095,34.377756449999964,-88.85918213085202,Union,-0.11,34.378,-88.8578,0.12970067710766434
2024-05-10 12:15:00,98699542,-0.41905810645385005,-0.5494413821634222,-0.2886748307442779,34.377756449999964,-88.85918213085202,Union,-0.2,34.378,-88.8578,0.12970067710766434
2024-05-10 12:16:00,98699542,-0.40372124821368527,-0.5293505933347064,-0.2780919030926642,34.377756449999964,-88.85918213085202,Union,-0.24,34.378,-88.8578,0.12970067710766434
2024-05-10 12:17:00,98699542,-0.3911191918502018,-0.5128477499524113,-0.2693906337479922,34.377756449999964,-88.85918213085202,Union,-0.18,34.378,-88.8578,0.12970067710766434
2024-05-10 12:18:00,98699542,-0.4604884585680061,-0.6037978977390008,-0.3171790193970114,34.377756449999964,-88.85918213085202,Union,-0.26,34.378,-88.8578,0.12970067710766434
2024-05-10 12:19:00,98699542,-0.3839284541547579,-0.5034294060642855,-0.2644275022452303,34.377756449999964,-88.85918213085202,Union,-0.14,34.378,-88.8578,0.12970067710766434
2024-05-10 12:20:00,98699542,-0.47674868390635505,-0.625097134829561,-0.32840023298314913,34.377756449999964,-88.85918213085202,Union,-0.19,34.378,-88.8578,0.12970067710766434
2024-05-10 12:21:00,98699542,-0.4252341911146604,-0.5577786798083963,-0.29268970242092446,34.377756449999964,-88.85918213085202,Union,-0.12,34.378,-88.8578,0.12970067710766434
2024-05-10 12:22:00,98699542,-0.4508484338222932,-0.5912555111790678,-0.3104413564655187,34.377756449999964,-88.85918213085202,Union,-0.06,34.378,-88.8578,0.12970067710766434
2024-05-10 12:23:00,98699542,-0.44631237653412914,-0.5852294324773157,-0.3073953205909425,34.377756449999964,-88.85918213085202,Union,-0.17,34.378,-88.8578,0.12970067710766434
2024-05-10 12:24:00,98699542,-0.4489368472070444,-0.5886151728794697,-0.3092585215346191,34.377756449999964,-88.85918213085202,Union,-0.08,34.378,-88.8578,0.12970067710766434
2024-05-10 12:25:00,98699542,-0.4857810661146604,-0.6369055644060343,-0.33465656782328645,34.377756449999964,-88.85918213085202,Union,-0.15,34.378,-88.8578,0.12970067710766434
2024-05-10 12:26:00,98699542,-0.38251434305648957,-0.5016158417272201,-0.2634128443857591,34.377756449999964,-88.85918213085202,Union,-0.05,34.378,-88.8578,0.12970067710766434
2024-05-10 12:27:00,98699542,-0.29136287276185274,-0.3820150080095942,-0.20071073751411125,34.377756449999964,-88.85918213085202,Union,-0.04,34.378,-88.8578,0.12970067710766434
2024-05-10 12:28:00,98699542,-0.23689291568594487,-0.31054719331753394,-0.1632386380543558,34.377756449999964,-88.85918213085202,Union,0.02,34.378,-88.8578,0.12970067710766434
2024-05-10 12:29:00,98699542,-0.19718468261390384,-0.2585325537962621,-0.1358368114315456,34.377756449999964,-88.85918213085202,Union,0.06,34.378,-88.8578,0.12970067710766434
2024-05-10 12:30:00,98699542,-0.2647615598205279,-0.3471719873659958,-0.18235113227506,34.377756449999964,-88.85918213085202,Union,0.14,34.378,-88.8578,0.12970067710766434
2024-05-10 12:31:00,98699542,-0.3278488436239072,-0.42991096344327684,-0.22578672380453757,34.377756449999964,-88.85918213085202,Union,0.16,34.378,-88.8578,0.12970067710766434
2024-05-10 12:32:00,98699542,-0.3475375454459482,-0.45569645767732725,-0.2393786332145692,34.377756449999964,-88.85918213085202,Union,0.1,34.378,-88.8578,0.12970067710766434
2024-05-10 12:33:00,98699542,-0.31060466753530597,-0.40726435964527824,-0.2139449754253337,34.377756449999964,-88.85918213085202,Union,0.05,34.378,-88.8578,0.12970067710766434
2024-05-10 12:34:00,98699542,-0.35176444550689306,-0.4613116603486748,-0.2422172306651113,34.377756449999964,-88.85918213085202,Union,0.02,34.378,-88.8578,0.12970067710766434
2024-05-10 12:35:00,98699542,-0.3563847288479321,-0.4675630959986302,-0.245206361697234,34.377756449999964,-88.85918213085202,Union,0.08,34.378,-88.8578,0.12970067710766434
2024-05-10 12:36:00,98699542,-0.3386818245103396,-0.44411594347854927,-0.23324770554212998,34.377756449999964,-88.85918213085202,Union,0.06,34.378,-88.8578,0.12970067710766434
2024-05-10 12:37:00,98699542,-0.2614435787239408,-0.34289645836382254,-0.17999069908405907,34.377756449999964,-88.85918213085202,Union,0.12,34.378,-88.8578,0.12970067710766434
2024-05-10 12:38:00,98699542,-0.19480279282426866,-0.25541974751846336,-0.13418583813007398,34.377756449999964,-88.85918213085202,Union,0.22,34.378,-88.8578,0.12970067710766434
2024-05-10 12:39:00,98699542,-0.12801428296538753,-0.16788310477493207,-0.08814546115584299,34.377756449999964,-88.85918213085202,Union,0.28,34.378,-88.8578,0.12970067710766434
2024-05-10 12:40:00,98699542,-0.2156123743012357,-0.28269642619586394,-0.14852832240660746,34.377756449999964,-88.85918213085202,Union,0.23,34.378,-88.8578,0.12970067710766434
2024-05-10 12:41:00,98699542,-0.24318959300920479,-0.3188472993463239,-0.16753188667208568,34.377756449999964,-88.85918213085202,Union,0.21,34.378,-88.8578,0.12970067710766434
2024-05-10 12:42:00,98699542,-0.10453003175962508,-0.13740970533839203,-0.07165035818085813,34.377756449999964,-88.85918213085202,Union,0.37,34.378,-88.8578,0.12970067710766434
2024-05-10 12:43:00,98699542,-0.02808615114356979,-0.03741429436897945,-0.01875800791816013,34.377756449999964,-88.85918213085202,Union,0.39,34.378,-88.8578,0.12970067710766434
2024-05-10 12:44:00,98699542,-0.08276527266255464,-0.10873852522564274,-0.05679202009946653,34.377756449999964,-88.85918213085202,Union,0.45,34.378,-88.8578,0.12970067710766434
2024-05-10 12:45:00,98699542,0.059749723843623904,0.040296126967105515,0.0792033207201423,34.377756449999964,-88.85918213085202,Union,0.44,34.378,-88.8578,0.12970067710766434
2024-05-10 12:46:00,98699542,0.04407616662113315,0.029610207155585943,0.05854212608668036,34.377756449999964,-88.85918213085202,Union,0.55,34.378,-88.8578,0.12970067710766434
2024-05-10 12:47:00,98699542,-0.04430904016449857,-0.05841208966393388,-0.03020599066506326,34.377756449999964,-88.85918213085202,Union,0.47,34.378,-88.8578,0.12970067710766434
2024-05-10 12:48:00,98699542,-0.18215033217573134,-0.23887118960845216,-0.12542947474301053,34.377756449999964,-88.85918213085202,Union,0.41,34.378,-88.8578,0.12970067710766434
2024-05-10 12:49:00,98699542,-0.37585703702925355,-0.4929228328508016,-0.2587912412077055,34.377756449999964,-88.85918213085202,Union,0.36,34.378,-88.8578,0.12970067710766434
2024-05-10 12:50:00,98699542,-0.12763374703156524,-0.16766667232785815,-0.08760082173527234,34.377756449999964,-88.85918213085202,Union,0.35,34.378,-88.8578,0.12970067710766434
2024-05-10 12:51:00,98699542,-0.13838574448606675,-0.18175619718007713,-0.09501529179205637,34.377756449999964,-88.85918213085202,Union,0.39,34.378,-88.8578,0.12970067710766434
2024-05-10 12:52:00,98699542,-0.11410068904463685,-0.14991305930440735,-0.07828831878486635,34.377756449999964,-88.85918213085202,Union,0.47,34.378,-88.8578,0.12970067710766434
2024-05-10 12:53:00,98699542,-0.2132164468361214,-0.27963034486845806,-0.14680254880378477,34.377756449999964,-88.85918213085202,Union,0.46,34.378,-88.8578,0.12970067710766434
2024-05-10 12:54:00,98699542,-0.19727966267547914,-0.2586605895798662,-0.13589873577109207,34.377756449999964,-88.85918213085202,Union,0.44,34.378,-88.8578,0.12970067710766434
2024-05-10 12:55:00,98699542,-0.20772254394859616,-0.27233942261954036,-0.14310566527765198,34.377756449999964,-88.85918213085202,Union,0.43,34.378,-88.8578,0.12970067710766434
2024-05-10 12:56:00,98699542,-0.19680073987579857,-0.2581209584993654,-0.13548052125223176,34.377756449999964,-88.85918213085202,Union,0.4,34.378,-88.8578,0.12970067710766434
2024-05-10 12:57:00,98699542,-0.058056993619178716,-0.07687543942109268,-0.03923854781726476,34.377756449999964,-88.85918213085202,Union,0.47,34.378,-88.8578,0.12970067710766434
2024-05-10 12:58:00,98699542,-0.11419456086867434,-0.14988411556915546,-0.07850500616819323,34.377756449999964,-88.85918213085202,Union,0.4,34.378,-88.8578,0.12970067710766434
2024-05-10 12:59:00,98699542,-0.11409937557792535,-0.14968276639481812,-0.07851598476103258,34.377756449999964,-88.85918213085202,Union,0.6,34.378,-88.8578,0.12970067710766434
2024-05-10 13:00:00,98699542,-0.1814681504024462,-0.2380554669745367,-0.12488083383035573,34.377756449999964,-88.85918213085202,Union,0.64,34.378,-88.8578,0.12970067710766434
2024-05-10 13:01:00,98699542,-0.009459117153144637,-0.01569310438192889,-0.0032251299243603853,34.377756449999964,-88.85918213085202,Union,0.59,34.378,-88.8578,0.12970067710766434
2024-05-10 13:02:00,98699542,-0.18520200789656188,-0.2432031470999158,-0.12720086869320796,34.377756449999964,-88.85918213085202,Union,0.63,34.378,-88.8578,0.12970067710766434
2024-05-10 13:03:00,98699542,0.0055628624552436215,-0.0014175409840564996,0.012543265894543743,34.377756449999964,-88.85918213085202,Union,0.57,34.378,-88.8578,0.12970067710766434
2024-05-10 13:04:00,98699542,-0.03347589509472722,-0.047535364911175396,-0.01941642527827904,34.377756449999964,-88.85918213085202,Union,0.68,34.378,-88.8578,0.12970067710766434
2024-05-10 13:05:00,98699542,0.13496153676918712,0.09176134722830756,0.1781617263100667,34.377756449999964,-88.85918213085202,Union,0.76,34.378,-88.8578,0.12970067710766434
2024-05-10 13:06:00,98699542,-0.004705901144331706,-0.011489322517931617,0.0020775202292682053,34.377756449999964,-88.85918213085202,Union,0.76,34.378,-88.8578,0.12970067710766434
2024-05-10 13:07:00,98699542,-0.013448503006202067,-0.022314311005029876,-0.004582695007374259,34.377756449999964,-88.85918213085202,Union,0.83,34.378,-88.8578,0.12970067710766434
2024-05-10 13:08:00,98699542,0.05948618906171192,0.038854679970866,0.08011769815255784,34.377756449999964,-88.85918213085202,Union,0.77,34.378,-88.8578,0.12970067710766434
2024-05-10 13:09:00,98699542,0.03386695928515888,0.020755082881370353,0.0469788356889474,34.377756449999964,-88.85918213085202,Union,0.74,34.378,-88.8578,0.12970067710766434
2024-05-10 13:10:00,98699542,0.21920035489870546,0.14906020767678818,0.28934050212062273,34.377756449999964,-88.85918213085202,Union,0.83,34.378,-88.8578,0.12970067710766434
2024-05-10 13:11:00,98699542,0.5608887047116677,0.3855239097554795,0.736253499667856,34.377756449999964,-88.85918213085202,Union,0.92,34.378,-88.8578,0.12970067710766434
2024-05-10 13:12:00,98699542,0.6722476961793881,0.46161490083296275,0.8828804915258134,34.377756449999964,-88.85918213085202,Union,1.07,34.378,-88.8578,0.12970067710766434
2024-05-10 13:13:00,98699542,0.8214805002732011,0.5650759363556394,1.0778850641907627,34.377756449999964,-88.85918213085202,Union,1.3,34.378,-88.8578,0.12970067710766434
2024-05-10 13:14:00,98699542,0.6578123686533288,0.4526275746160062,0.8629971626906514,34.377756449999964,-88.85918213085202,Union,1.53,34.378,-88.8578,0.12970067710766434
2024-05-10 13:15:00,98699542,0.623382794111466,0.4287411958495143,0.8180243923734177,34.377756449999964,-88.85918213085202,Union,1.54,34.378,-88.8578,0.12970067710766434
2024-05-10 13:16:00,98699542,0.4051806739135003,0.27827013174842397,0.5320912160785767,34.377756449999964,-88.85918213085202,Union,1.45,34.378,-88.8578,0.12970067710766434
2024-05-10 13:17:00,98699542,0.20476404227261263,0.14048316810018766,0.2690449164450376,34.377756449999964,-88.85918213085202,Union,1.21,34.378,-88.8578,0.12970067710766434
2024-05-10 13:18:00,98699542,-0.04224484513570738,-0.0559686584539052,-0.028521031817509555,34.377756449999964,-88.85918213085202,Union,0.84,34.378,-88.8578,0.12970067710766434
2024-05-10 13:19:00,98699542,0.08928614233513366,0.06119096775114877,0.11738131691911854,34.377756449999964,-88.85918213085202,Union,0.72,34.378,-88.8578,0.12970067710766434
2024-05-10 13:20:00,98699542,-0.0729160578201181,-0.09572878907254098,-0.05010332656769522,34.377756449999964,-88.85918213085202,Union,0.68,34.378,-88.8578,0.12970067710766434
2024-05-10 13:21:00,98699542,-0.021745452162557268,-0.02917905432044189,-0.014311850004672645,34.377756449999964,-88.85918213085202,Union,0.51,34.378,-88.8578,0.12970067710766434
2024-05-10 13:22:00,98699542,-0.22975800032573973,-0.3012184814930529,-0.15829751915842655,34.377756449999964,-88.85918213085202,Union,0.49,34.378,-88.8578,0.12970067710766434
2024-05-10 13:23:00,98699542,-0.17166189002605917,-0.22508033250113268,-0.11824344755098565,34.377756449999964,-88.85918213085202,Union,0.42,34.378,-88.8578,0.12970067710766434
2024-05-10 13:24:00,98699542,-0.17825697056783793,-0.23386490393360096,-0.1226490372020749,34.377756449999964,-88.85918213085202,Union,0.44,34.378,-88.8578,0.12970067710766434
2024-05-10 13:25:00,98699542,-0.06643069279458431,-0.08781491046992972,-0.04504647511923891,34.377756449999964,-88.85918213085202,Union,0.56,34.378,-88.8578,0.12970067710766434
2024-05-10 13:26:00,98699542,-0.21773526487369704,-0.28558679630958367,-0.14988373343781042,34.377756449999964,-88.85918213085202,Union,0.51,34.378,-88.8578,0.12970067710766434
2024-05-10 13:27:00,98699542,-0.12460641149073218,-0.16343964478391887,-0.0857731781975455,34.377756449999964,-88.85918213085202,Union,0.53,34.378,-88.8578,0.12970067710766434
2024-05-10 13:28:00,98699542,-0.3395326225727135,-0.4451627455158809,-0.23390249962954607,34.377756449999964,-88.85918213085202,Union,0.48,34.378,-88.8578,0.12970067710766434
2024-05-10 13:29:00,98699542,-0.12060300599991594,-0.15859151256595455,-0.08261449943387732,34.377756449999964,-88.85918213085202,Union,0.41,34.378,-88.8578,0.12970067710766434
2024-05-10 13:30:00,98699542,-0.19786842412890887,-0.25964793791344587,-0.1360889103443719,34.377756449999964,-88.85918213085202,Union,0.6,34.378,-88.8578,0.12970067710766434
2024-05-10 13:31:00,98699542,0.02308378046442377,0.01168350322602826,0.034484057702819274,34.377756449999964,-88.85918213085202,Union,0.55,34.378,-88.8578,0.12970067710766434
2024-05-10 13:32:00,98699542,0.04984824739211184,0.032801567242119814,0.06689492754210387,34.377756449999964,-88.85918213085202,Union,0.79,34.378,-88.8578,0.12970067710766434
2024-05-10 13:33:00,98699542,0.056594058500493864,0.03704556084773195,0.07614255615325577,34.377756449999964,-88.85918213085202,Union,0.88,34.378,-88.8578,0.12970067710766434
2024-05-10 13:34:00,98699542,0.05802194047631557,0.038095030913518346,0.0779488500391128,34.377756449999964,-88.85918213085202,Union,0.66,34.378,-88.8578,0.12970067710766434
2024-05-10 13:35:00,98699542,0.18768117631451747,0.12857859167158434,0.2467837609574506,34.377756449999964,-88.85918213085202,Union,0.77,34.378,-88.8578,0.12970067710766434
2024-05-10 13:36:00,98699542,0.21482125688256556,0.14690391889886684,0.2827385948662643,34.377756449999964,-88.85918213085202,Union,0.98,34.378,-88.8578,0.12970067710766434
2024-05-10 13:37:00,98699542,0.1609971149703682,0.10984754723226468,0.2121466827084717,34.377756449999964,-88.85918213085202,Union,0.83,34.378,-88.8578,0.12970067710766434
2024-05-10 13:38:00,98699542,0.10661536539330448,0.07250277614697262,0.14072795463963633,34.377756449999964,-88.85918213085202,Union,0.83,34.378,-88.8578,0.12970067710766434
2024-05-10 13:39:00,98699542,0.020694401733973078,0.013089597391774361,0.028299206076171795,34.377756449999964,-88.85918213085202,Union,0.79,34.378,-88.8578,0.12970067710766434
2024-05-10 13:40:00,98699542,0.03531151613134142,0.021126015833789657,0.049497016428893176,34.377756449999964,-88.85918213085202,Union,0.73,34.378,-88.8578,0.12970067710766434
2024-05-10 13:41:00,98699542,0.022941640662762167,0.01400407974250921,0.031879201583015125,34.377756449999964,-88.85918213085202,Union,0.72,34.378,-88.8578,0.12970067710766434
2024-05-10 13:42:00,98699542,0.015840271894933398,0.006186252836276865,0.025494290953589932,34.377756449999964,-88.85918213085202,Union,0.92,34.378,-88.8578,0.12970067710766434
2024-05-10 13:43:00,98699542,0.013670237976669383,0.0060159749461561746,0.02132450100718259,34.377756449999964,-88.85918213085202,Union,0.92,34.378,-88.8578,0.12970067710766434
2024-05-10 13:44:00,98699542,-0.012708288435175985,-0.02199983049236727,-0.003416746377984699,34.377756449999964,-88.85918213085202,Union,0.55,34.378,-88.8578,0.12970067710766434
2024-05-10 13:45:00,98699542,0.08614338590702757,0.05781745071153138,0.11446932110252375,34.377756449999964,-88.85918213085202,Union,0.66,34.378,-88.8578,0.12970067710766434
2024-05-10 13:46:00,98699542,0.060850839929125336,0.0407549929037022,0.08094668695454847,34.377756449999964,-88.85918213085202,Union,0.79,34.378,-88.8578,0.12970067710766434
2024-05-10 13:47:00,98699542,-0.07701975880810777,-0.10129448819629223,-0.0527450294199233,34.377756449999964,-88.85918213085202,Union,0.6,34.378,-88.8578,0.12970067710766434
2024-05-10 13:48:00,98699542,0.12557443645710742,0.08520263182559057,0.16594624108862427,34.377756449999964,-88.85918213085202,Union,0.74,34.378,-88.8578,0.12970067710766434
2024-05-10 13:49:00,98699542,-0.12194454806237391,-0.16018360375171722,-0.0837054923730306,34.377756449999964,-88.85918213085202,Union,0.8,34.378,-88.8578,0.12970067710766434
2024-05-10 13:50:00,98699542,-0.15802104567711836,-0.20742969507267758,-0.10861239628155914,34.377756449999964,-88.85918213085202,Union,0.35,34.378,-88.8578,0.12970067710766434
2024-05-10 13:51:00,98699542,-0.17370301729572965,-0.22808959966355255,-0.11931643492790675,34.377756449999964,-88.85918213085202,Union,0.55,34.378,-88.8578,0.12970067710766434
2024-05-10 13:52:00,98699542,-0.12616869805239156,-0.16663015275642443,-0.08570724334835869,34.377756449999964,-88.85918213085202,Union,0.6,34.378,-88.8578,0.12970067710766434
2024-05-10 13:53:00,98699542,0.29090816700466543,0.19893412407315464,0.3828822099361762,34.377756449999964,-88.85918213085202,Union,0.92,34.378,-88.8578,0.12970067710766434
2024-05-10 13:54:00,98699542,0.6259519349991594,0.43005851817342605,0.8218453518248927,34.377756449999964,-88.85918213085202,Union,1.22,34.378,-88.8578,0.12970067710766434
2024-05-10 13:55:00,98699542,0.4921804401164257,0.33825506734340877,0.6461058128894426,34.377756449999964,-88.85918213085202,Union,1.23,34.378,-88.8578,0.12970067710766434
2024-05-10 13:56:00,98699542,0.669543924953766,0.46018768931901,0.878900160588522,34.377756449999964,-88.85918213085202,Union,1.27,34.378,-88.8578,0.12970067710766434
2024-05-10 13:57:00,98699542,0.574880408855918,0.3951878736391018,0.7545729440727341,34.377756449999964,-88.85918213085202,Union,1.32,34.378,-88.8578,0.12970067710766434
2024-05-10 13:58:00,98699542,0.49991823669720914,0.3437713320701318,0.6560651413242865,34.377756449999964,-88.85918213085202,Union,1.43,34.378,-88.8578,0.12970067710766434
2024-05-10 13:59:00,98699542,0.34320392621469403,0.23582695677706766,0.4505808956523204,34.377756449999964,-88.85918213085202,Union,1.2,34.378,-88.8578,0.12970067710766434
2024-05-10 14:00:00,98699542,0.36048767048797914,0.24759949366855805,0.47337584730740023,34.377756449999964,-88.85918213085202,Union,0.93,34.378,-88.8578,0.12970067710766434
2024-05-10 14:01:00,98699542,0.23288840195759078,0.15960642919923956,0.306170374715942,34.377756449999964,-88.85918213085202,Union,0.98,34.378,-88.8578,0.12970067710766434
2024-05-10 14:02:00,98699542,0.13680346860289172,0.09324740937604016,0.1803595278297433,34.377756449999964,-88.85918213085202,Union,0.85,34.378,-88.8578,0.12970067710766434
2024-05-10 14:03:00,98699542,0.2173785765698554,0.14862426853359711,0.2861328846061137,34.377756449999964,-88.85918213085202,Union,0.89,34.378,-88.8578,0.12970067710766434
2024-05-10 14:04:00,98699542,0.5002464391917452,0.3436456013651642,0.6568472770183261,34.377756449999964,-88.85918213085202,Union,1.13,34.378,-88.8578,0.12970067710766434
2024-05-10 14:05:00,98699542,0.2619862867507986,0.18000478536947884,0.34396778813211837,34.377756449999964,-88.85918213085202,Union,1.05,34.378,-88.8578,0.12970067710766434
2024-05-10 14:06:00,98699542,0.19110423474802454,0.13091530413820845,0.25129316535784063,34.377756449999964,-88.85918213085202,Union,1.05,34.378,-88.8578,0.12970067710766434
2024-05-10 14:07:00,98699542,0.28848785831371887,0.1982641048090874,0.37871161181835034,34.377756449999964,-88.85918213085202,Union,1.1,34.378,-88.8578,0.12970067710766434
2024-05-10 14:08:00,98699542,0.17182500617329355,0.11732828921667175,0.22632172312991533,34.377756449999964,-88.85918213085202,Union,0.98,34.378,-88.8578,0.12970067710766434
2024-05-10 14:09:00,98699542,0.2607762555428295,0.17878570276660535,0.3427668083190537,34.377756449999964,-88.85918213085202,Union,1.11,34.378,-88.8578,0.12970067710766434
2024-05-10 14:10:00,98699542,0.17833306954543543,0.12195450730056381,0.23471163179030705,34.377756449999964,-88.85918213085202,Union,0.9,34.378,-88.8578,0.12970067710766434
2024-05-10 14:11:00,98699542,0.15920201643409548,0.10943230331326032,0.20897172955493065,34.377756449999964,-88.85918213085202,Union,0.9,34.378,-88.8578,0.12970067710766434
2024-05-10 14:12:00,98699542,0.22649559528938298,0.1554476238696516,0.29754356670911436,34.377756449999964,-88.85918213085202,Union,0.95,34.378,-88.8578,0.12970067710766434
2024-05-10 14:13:00,98699542,0.40040802843392737,0.2753988188293688,0.525417238038486,34.377756449999964,-88.85918213085202,Union,1.02,34.378,-88.8578,0.12970067710766434
2024-05-10 14:14:00,98699542,0.12539834982609702,0.08558929763593529,0.16520740201625875,34.377756449999964,-88.85918213085202,Union,0.98,34.378,-88.8578,0.12970067710766434
2024-05-10 14:15:00,98699542,0.3509124981611466,0.24122541781951812,0.4605995785027751,34.377756449999964,-88.85918213085202,Union,0.85,34.378,-88.8578,0.12970067710766434
2024-05-10 14:16:00,98699542,0.31273166269124075,0.21449019995427873,0.41097312542820275,34.377756449999964,-88.85918213085202,Union,0.99,34.378,-88.8578,0.12970067710766434
2024-05-10 14:17:00,98699542,0.24297180381010425,0.16709623948588642,0.3188473681343221,34.377756449999964,-88.85918213085202,Union,0.76,34.378,-88.8578,0.12970067710766434
2024-05-10 14:18:00,98699542,0.3852264876323974,0.264865647399467,0.5055873278653279,34.377756449999964,-88.85918213085202,Union,0.77,34.378,-88.8578,0.12970067710766434
2024-05-10 14:19:00,98699542,0.17505843285032785,0.11983386756451797,0.23028299813613773,34.377756449999964,-88.85918213085202,Union,0.89,34.378,-88.8578,0.12970067710766434
2024-05-10 14:20:00,98699542,0.3189098817354573,0.21938798774606055,0.41843177572485407,34.377756449999964,-88.85918213085202,Union,0.77,34.378,-88.8578,0.12970067710766434
2024-05-10 14:21:00,98699542,0.07379427450009457,0.0500036327897683,0.09758491621042084,34.377756449999964,-88.85918213085202,Union,0.71,34.378,-88.8578,0.12970067710766434
2024-05-10 14:22:00,98699542,0.46247409186911564,0.31791062582479557,0.6070375579134357,34.377756449999964,-88.85918213085202,Union,0.5,34.378,-88.8578,0.12970067710766434
2024-05-10 14:23:00,98699542,0.6652039025722932,0.4577008091924271,0.8727069959521594,34.377756449999964,-88.85918213085202,Union,0.61,34.378,-88.8578,0.12970067710766434
2024-05-10 14:24:00,98699542,0.1664873237327673,0.11385059879942357,0.21912404866611107,34.377756449999964,-88.85918213085202,Union,0.85,34.378,-88.8578,0.12970067710766434
2024-05-10 14:25:00,98699542,0.6288369646309684,0.4330192461089003,0.8246546831530365,34.377756449999964,-88.85918213085202,Union,0.71,34.378,-88.8578,0.12970067710766434
2024-05-10 14:26:00,98699542,0.19215024680039508,0.1319420299292582,0.252358463671532,34.377756449999964,-88.85918213085202,Union,0.85,34.378,-88.8578,0.12970067710766434
2024-05-10 14:27:00,98699542,0.4896316579627606,0.33680210558870505,0.6424612103368161,34.377756449999964,-88.85918213085202,Union,0.61,34.378,-88.8578,0.12970067710766434
2024-05-10 14:28:00,98699542,0.14868081970830532,0.1021125411645945,0.19524909825201614,34.377756449999964,-88.85918213085202,Union,0.73,34.378,-88.8578,0.12970067710766434
2024-05-10 14:29:00,98699542,-0.5132582971692166,-0.6736232707757643,-0.3528933235626687,34.377756449999964,-88.85918213085202,Union,0.28,34.378,-88.8578,0.12970067710766434
2024-05-10 14:30:00,98699542,-0.6215508364156019,-0.8152012584753356,-0.4279004143558683,34.377756449999964,-88.85918213085202,Union,-0.09,34.378,-88.8578,0.12970067710766434
2024-05-10 14:31:00,98699542,-0.49018626928169134,-0.6426268094841953,-0.33774572907918743,34.377756449999964,-88.85918213085202,Union,-0.13,34.378,-88.8578,0.12970067710766434
2024-05-10 14:32:00,98699542,-0.8684126360751513,-1.1386791462928356,-0.598146125857467,34.377756449999964,-88.85918213085202,Union,-0.2,34.378,-88.8578,0.12970067710766434
2024-05-10 14:33:00,98699542,-0.62808730350538,-0.8236400875174035,-0.43253451949335653,34.377756449999964,-88.85918213085202,Union,-0.45,34.378,-88.8578,0.12970067710766434
2024-05-10 14:34:00,98699542,-1.4333409076580363,-1.8801920345316268,-0.9864897807844459,34.377756449999964,-88.85918213085202,Union,-0.68,34.378,-88.8578,0.12970067710766434
2024-05-10 14:35:00,98699542,-0.8654757245082381,-1.1347706904715014,-0.5961807585449749,34.377756449999964,-88.85918213085202,Union,-0.56,34.378,-88.8578,0.12970067710766434
2024-05-10 14:36:00,98699542,-0.9489389815904505,-1.2440882116284404,-0.6537897515524607,34.377756449999964,-88.85918213085202,Union,-0.52,34.378,-88.8578,0.12970067710766434
2024-05-10 14:37:00,98699542,-0.6281838433086752,-0.8238412328323352,-0.4325264537850151,34.377756449999964,-88.85918213085202,Union,-0.78,34.378,-88.8578,0.12970067710766434
2024-05-10 14:38:00,98699542,-0.43634447766055817,-0.5721644333089615,-0.3005245220121549,34.377756449999964,-88.85918213085202,Union,-0.43,34.378,-88.8578,0.12970067710766434
2024-05-10 14:39:00,98699542,-1.3007773095998656,-1.7058592719303856,-0.8956953472693456,34.377756449999964,-88.85918213085202,Union,-0.73,34.378,-88.8578,0.12970067710766434
2024-05-10 14:40:00,98699542,-0.7050574378992939,-0.9246250518635815,-0.4854898239350063,34.377756449999964,-88.85918213085202,Union,-0.76,34.378,-88.8578,0.12970067710766434
2024-05-10 14:41:00,98699542,-1.1614487012441157,-1.5232066649327913,-0.7996907375554401,34.377756449999964,-88.85918213085202,Union,-0.72,34.378,-88.8578,0.12970067710766434
2024-05-10 14:42:00,98699542,-1.2113532122141897,-1.588609971248701,-0.8340964531796784,34.377756449999964,-88.85918213085202,Union,-1.03,34.378,-88.8578,0.12970067710766434
2024-05-10 14:43:00,98699542,-1.3040846187794217,-1.7101411182224824,-0.8980281193363611,34.377756449999964,-88.85918213085202,Union,-1.07,34.378,-88.8578,0.12970067710766434
2024-05-10 14:44:00,98699542,-1.3700547978312039,-1.7964690807124706,-0.9436405149499372,34.377756449999964,-88.85918213085202,Union,-1.28,34.378,-88.8578,0.12970067710766434
2024-05-10 14:45:00,98699542,-0.9971947634709146,-1.3072855837294417,-0.6871039432123875,34.377756449999964,-88.85918213085202,Union,-1.21,34.378,-88.8578,0.12970067710766434
2024-05-10 14:46:00,98699542,-1.0864320202168796,-1.424666172518438,-0.7481978679153211,34.377756449999964,-88.85918213085202,Union,-0.88,34.378,-88.8578,0.12970067710766434
2024-05-10 14:47:00,98699542,-0.772056718119536,-1.012345271419691,-0.531768164819381,34.377756449999964,-88.85918213085202,Union,-0.8,34.378,-88.8578,0.12970067710766434
2024-05-10 14:48:00,98699542,-0.7481897145048756,-0.9811330974365423,-0.5152463315732089,34.377756449999964,-88.85918213085202,Union,-0.58,34.378,-88.8578,0.12970067710766434
2024-05-10 14:49:00,98699542,-0.4287800586856927,-0.5622241483653727,-0.29533596900601267,34.377756449999964,-88.85918213085202,Union,-0.24,34.378,-88.8578,0.12970067710766434
2024-05-10 14:50:00,98699542,-0.3981636421906523,-0.5221070390275405,-0.2742202453537641,34.377756449999964,-88.85918213085202,Union,-0.28,34.378,-88.8578,0.12970067710766434
2024-05-10 14:51:00,98699542,-0.5018654510970074,-0.6581297509315494,-0.3456011512624655,34.377756449999964,-88.85918213085202,Union,-0.18,34.378,-88.8578,0.12970067710766434
2024-05-10 14:52:00,98699542,-1.1552011968308675,-1.5148335900406336,-0.7955688036211015,34.377756449999964,-88.85918213085202,Union,-0.64,34.378,-88.8578,0.12970067710766434
2024-05-10 14:53:00,98699542,0.2845080541778749,0.19468490974724062,0.37433119860850916,34.377756449999964,-88.85918213085202,Union,0.1,34.378,-88.8578,0.12970067710766434
2024-05-10 14:54:00,98699542,-0.09300284267033036,-0.1234025257160044,-0.06260315962465633,34.377756449999964,-88.85918213085202,Union,0.21,34.378,-88.8578,0.12970067710766434
2024-05-10 14:55:00,98699542,-0.11819923878036735,-0.1582505113161513,-0.0781479662445834,34.377756449999964,-88.85918213085202,Union,0.05,34.378,-88.8578,0.12970067710766434
2024-05-10 14:56:00,98699542,0.18494350122940484,0.12631881967933245,0.24356818277947723,34.377756449999964,-88.85918213085202,Union,0.39,34.378,-88.8578,0.12970067710766434
2024-05-10 14:57:00,98699542,0.453292959555733,0.31079606760356593,0.5957898515079001,34.377756449999964,-88.85918213085202,Union,0.71,34.378,-88.8578,0.12970067710766434
2024-05-10 14:58:00,98699542,0.41468951617140215,0.28415180666045753,0.5452272256823467,34.377756449999964,-88.85918213085202,Union,1.32,34.378,-88.8578,0.12970067710766434
2024-05-10 14:59:00,98699542,0.2511442757807246,0.1701988435609684,0.3320897080004809,34.377756449999964,-88.85918213085202,Union,1.38,34.378,-88.8578,0.12970067710766434
2024-05-10 15:00:00,98699542,0.781168565063887,0.5359667865379104,1.0263703435898637,34.377756449999964,-88.85918213085202,Union,1.55,34.378,-88.8578,0.12970067710766434
2024-05-10 15:01:00,98699542,0.4656953689790686,0.3202028833359457,0.6111878546221915,34.377756449999964,-88.85918213085202,Union,1.22,34.378,-88.8578,0.12970067710766434
2024-05-10 15:02:00,98699542,0.3453888780892737,0.2374363713054331,0.4533413848731143,34.377756449999964,-88.85918213085202,Union,1.03,34.378,-88.8578,0.12970067710766434
2024-05-10 15:03:00,98699542,0.05046429406418124,0.03457890520492261,0.06634968292343987,34.377756449999964,-88.85918213085202,Union,0.87,34.378,-88.8578,0.12970067710766434
2024-05-10 15:04:00,98699542,0.2553091966312206,0.17499023603096925,0.33562815723147194,34.377756449999964,-88.85918213085202,Union,1.17,34.378,-88.8578,0.12970067710766434
2024-05-10 15:05:00,98699542,-0.28836176550941495,-0.37902218329366266,-0.19770134772516723,34.377756449999964,-88.85918213085202,Union,0.41,34.378,-88.8578,0.12970067710766434
2024-05-10 15:06:00,98699542,-0.1824337126187374,-0.23953920346824337,-0.12532822176923142,34.377756449999964,-88.85918213085202,Union,0.25,34.378,-88.8578,0.12970067710766434
2024-05-10 15:07:00,98699542,-0.26927939275806995,-0.3533214502929044,-0.18523733522323546,34.377756449999964,-88.85918213085202,Union,0.34,34.378,-88.8578,0.12970067710766434
2024-05-10 15:08:00,98699542,0.08299845404968056,0.05613537180917513,0.109861536290186,34.377756449999964,-88.85918213085202,Union,0.28,34.378,-88.8578,0.12970067710766434
2024-05-10 15:09:00,98699542,-0.44826993448428043,-0.5879798851626942,-0.3085599838058667,34.377756449999964,-88.85918213085202,Union,0.2,34.378,-88.8578,0.12970067710766434
2024-05-10 15:10:00,98699542,-0.587449628551614,-0.7703402409877391,-0.40455901611548883,34.377756449999964,-88.85918213085202,Union,-0.04,34.378,-88.8578,0.12970067710766434
2024-05-10 15:11:00,98699542,-0.4715867597301614,-0.6183455283093067,-0.3248279911510162,34.377756449999964,-88.85918213085202,Union,-0.2,34.378,-88.8578,0.12970067710766434
2024-05-10 15:12:00,98699542,-0.48137323601420645,-0.6310912213493787,-0.3316552506790343,34.377756449999964,-88.85918213085202,Union,-0.12,34.378,-88.8578,0.12970067710766434
2024-05-10 15:13:00,98699542,-0.7479667535305985,-0.9811085020250774,-0.5148250050361196,34.377756449999964,-88.85918213085202,Union,-0.38,34.378,-88.8578,0.12970067710766434
2024-05-10 15:14:00,98699542,-0.872217420771688,-1.1438469010032257,-0.6005879405401502,34.377756449999964,-88.85918213085202,Union,-0.79,34.378,-88.8578,0.12970067710766434
2024-05-10 15:15:00,98699542,-1.0074572072545394,-1.321095531664104,-0.6938188828449747,34.377756449999964,-88.85918213085202,Union,-0.82,34.378,-88.8578,0.12970067710766434
2024-05-10 15:16:00,98699542,-1.4647091196620712,-1.9208766163114623,-1.00854162301268,34.377756449999964,-88.85918213085202,Union,-1.34,34.378,-88.8578,0.12970067710766434
2024-05-10 15:17:00,98699542,-0.8932299328555817,-1.1712050541197936,-0.6152548115913699,34.377756449999964,-88.85918213085202,Union,-1.03,34.378,-88.8578,0.12970067710766434
2024-05-10 15:18:00,98699542,-0.07560363646393746,-0.10033962354105176,-0.05086764938682316,34.377756449999964,-88.85918213085202,Union,-0.74,34.378,-88.8578,0.12970067710766434
2024-05-10 15:19:00,98699542,-0.8959189275806994,-1.174942607805153,-0.6168952473562458,34.377756449999964,-88.85918213085202,Union,-0.98,34.378,-88.8578,0.12970067710766434
2024-05-10 15:20:00,98699542,-1.0663057697965703,-1.398311229484764,-0.7343003101083767,34.377756449999964,-88.85918213085202,Union,-0.82,34.378,-88.8578,0.12970067710766434
2024-05-10 15:21:00,98699542,-1.0092750451832548,-1.3231778671772614,-0.6953722231892483,34.377756449999964,-88.85918213085202,Union,-0.64,34.378,-88.8578,0.12970067710766434
2024-05-10 15:22:00,98699542,-0.2228618075403497,-0.29319630678859754,-0.15252730829210184,34.377756449999964,-88.85918213085202,Union,-0.64,34.378,-88.8578,0.12970067710766434
2024-05-10 15:23:00,98699542,0.16335856393430565,0.1121405609273071,0.21457656694130417,34.377756449999964,-88.85918213085202,Union,-0.35,34.378,-88.8578,0.12970067710766434
2024-05-10 15:24:00,98699542,-0.19340370450151312,-0.25380380039893874,-0.13300360860408747,34.377756449999964,-88.85918213085202,Union,0.03,34.378,-88.8578,0.12970067710766434
2024-05-10 15:25:00,98699542,0.2665501731149126,0.1835268533860157,0.34957349284380945,34.377756449999964,-88.85918213085202,Union,0.02,34.378,-88.8578,0.12970067710766434
2024-05-10 15:26:00,98699542,-0.34063035237684935,-0.4475441019158478,-0.2337166028378509,34.377756449999964,-88.85918213085202,Union,-0.17,34.378,-88.8578,0.12970067710766434
2024-05-10 15:27:00,98699542,-0.7495888849193006,-0.9836038524039216,-0.5155739174346797,34.377756449999964,-88.85918213085202,Union,-0.78,34.378,-88.8578,0.12970067710766434
2024-05-10 15:28:00,98699542,-0.6831783661524883,-0.8965436715874318,-0.4698130607175448,34.377756449999964,-88.85918213085202,Union,-0.91,34.378,-88.8578,0.12970067710766434
2024-05-10 15:29:00,98699542,-0.9018679466837592,-1.1832903000944293,-0.6204455932730893,34.377756449999964,-88.85918213085202,Union,-1.0,34.378,-88.8578,0.12970067710766434
2024-05-10 15:30:00,98699542,-1.2068348867266308,-1.5828715709282624,-0.8307982025249991,34.377756449999964,-88.85918213085202,Union,-1.13,34.378,-88.8578,0.12970067710766434
2024-05-10 15:31:00,98699542,-1.4545487979152656,-1.9076186491209675,-1.0014789467095637,34.377756449999964,-88.85918213085202,Union,-1.16,34.378,-88.8578,0.12970067710766434
2024-05-10 15:32:00,98699542,-1.0925751040265637,-1.4326973596592198,-0.7524528483939075,34.377756449999964,-88.85918213085202,Union,-1.14,34.378,-88.8578,0.12970067710766434
2024-05-10 15:33:00,98699542,-0.4683451238861802,-0.6140530333066944,-0.32263721446566607,34.377756449999964,-88.85918213085202,Union,-0.23,34.378,-88.8578,0.12970067710766434
2024-05-10 15:34:00,98699542,-0.0602031161340997,-0.08240207363811736,-0.03800415863008204,34.377756449999964,-88.85918213085202,Union,-0.27,34.378,-88.8578,0.12970067710766434
2024-05-10 15:35:00,98699542,0.3914741562289845,0.2695958876563873,0.5133524248015817,34.377756449999964,-88.85918213085202,Union,-0.13,34.378,-88.8578,0.12970067710766434
2024-05-10 15:36:00,98699542,0.522185273673924,0.3595827850775841,0.6847877622702638,34.377756449999964,-88.85918213085202,Union,0.08,34.378,-88.8578,0.12970067710766434
2024-05-10 15:37:00,98699542,0.187871464804346,0.12928408880111436,0.24645884080757763,34.377756449999964,-88.85918213085202,Union,-0.38,34.378,-88.8578,0.12970067710766434
2024-05-10 15:38:00,98699542,0.30622047983565903,0.21057907066246928,0.4018618890088488,34.377756449999964,-88.85918213085202,Union,-0.12,34.378,-88.8578,0.12970067710766434
2024-05-10 15:39:00,98699542,-0.5970523836793881,-0.7847557746376499,-0.40934899272112624,34.377756449999964,-88.85918213085202,Union,0.05,34.378,-88.8578,0.12970067710766434
2024-05-10 15:40:00,98699542,-0.9005157327042703,-1.1813124841428364,-0.6197189812657042,34.377756449999964,-88.85918213085202,Union,-0.49,34.378,-88.8578,0.12970067710766434
2024-05-10 15:41:00,98699542,0.07016469394912156,0.044234959439289824,0.0960944284589533,34.377756449999964,-88.85918213085202,Union,-0.4,34.378,-88.8578,0.12970067710766434
2024-05-10 15:42:00,98699542,0.5856140588222932,0.40303278705585843,0.768195330588728,34.377756449999964,-88.85918213085202,Union,-0.15,34.378,-88.8578,0.12970067710766434
2024-05-10 15:43:00,98699542,0.4814929256682919,0.3305254690534346,0.6324603822831492,34.377756449999964,-88.85918213085202,Union,0.17,34.378,-88.8578,0.12970067710766434
2024-05-10 15:44:00,98699542,-0.6663479320780095,-0.8739550415165294,-0.4587408226394896,34.377756449999964,-88.85918213085202,Union,-0.18,34.378,-88.8578,0.12970067710766434
2024-05-10 15:45:00,98699542,-0.5702904994325824,-0.7482743463979775,-0.39230665246718727,34.377756449999964,-88.85918213085202,Union,-0.5,34.378,-88.8578,0.12970067710766434
2024-05-10 15:46:00,98699542,0.09695200609054515,0.054879356225972856,0.13902465595511743,34.377756449999964,-88.85918213085202,Union,-0.43,34.378,-88.8578,0.12970067710766434
2024-05-10 15:47:00,98699542,0.623692443888702,0.42949501477195273,0.8178898730054514,34.377756449999964,-88.85918213085202,Union,-0.36,34.378,-88.8578,0.12970067710766434
2024-05-10 15:48:00,98699542,0.21784896183591124,0.14566533113936164,0.29003259253246083,34.377756449999964,-88.85918213085202,Union,-0.08,34.378,-88.8578,0.12970067710766434
2024-05-10 15:49:00,98699542,0.4364352710469906,0.29889551401935466,0.5739750280746265,34.377756449999964,-88.85918213085202,Union,-0.05,34.378,-88.8578,0.12970067710766434
2024-05-10 15:50:00,98699542,-0.03932378239173094,-0.0562702785934593,-0.02237728619000258,34.377756449999964,-88.85918213085202,Union,-0.05,34.378,-88.8578,0.12970067710766434
2024-05-10 15:51:00,98699542,-0.8527626802076328,-1.1184493385305052,-0.5870760218847604,34.377756449999964,-88.85918213085202,Union,-0.53,34.378,-88.8578,0.12970067710766434
2024-05-10 15:52:00,98699542,-0.7377883716165098,-0.967761998411323,-0.5078147448216965,34.377756449999964,-88.85918213085202,Union,-0.34,34.378,-88.8578,0.12970067710766434
2024-05-10 15:53:00,98699542,-0.5946635160978481,-0.7799041684253655,-0.40942286377033066,34.377756449999964,-88.85918213085202,Union,-0.4,34.378,-88.8578,0.12970067710766434
2024-05-10 15:54:00,98699542,-0.16827807141055817,-0.22109012242663462,-0.11546602039448171,34.377756449999964,-88.85918213085202,Union,-0.38,34.378,-88.8578,0.12970067710766434
2024-05-10 15:55:00,98699542,-0.5188420083431405,-0.68219689454402,-0.3554871221422611,34.377756449999964,-88.85918213085202,Union,-0.59,34.378,-88.8578,0.12970067710766434
2024-05-10 15:56:00,98699542,-1.0138459093392738,-1.3297927155346414,-0.6978991031439061,34.377756449999964,-88.85918213085202,Union,-0.7,34.378,-88.8578,0.12970067710766434
2024-05-10 15:57:00,98699542,-0.8256937731170141,-1.0827560257908484,-0.5686315204431799,34.377756449999964,-88.85918213085202,Union,-0.59,34.378,-88.8578,0.12970067710766434
2024-05-10 15:58:00,98699542,-0.5012642117098184,-0.6572834292422629,-0.3452449941773739,34.377756449999964,-88.85918213085202,Union,-0.61,34.378,-88.8578,0.12970067710766434
2024-05-10 15:59:00,98699542,-0.09902746820097091,-0.13081549417661117,-0.06723944222533065,34.377756449999964,-88.85918213085202,Union,-0.58,34.378,-88.8578,0.12970067710766434
2024-05-10 16:00:00,98699542,-0.5748035710532953,-0.7546897994474386,-0.3949173426591519,34.377756449999964,-88.85918213085202,Union,-0.73,34.378,-88.8578,0.12970067710766434
2024-05-10 16:01:00,98699542,-0.7681166463517148,-1.0083041634721923,-0.5279291292312374,34.377756449999964,-88.85918213085202,Union,-0.92,34.378,-88.8578,0.12970067710766434
2024-05-10 16:02:00,98699542,-1.1139800142905179,-1.4611115245132407,-0.766848504067795,34.377756449999964,-88.85918213085202,Union,-1.15,34.378,-88.8578,0.12970067710766434
2024-05-10 16:03:00,98699542,-0.9004999711037324,-1.1809560976221736,-0.6200438445852912,34.377756449999964,-88.85918213085202,Union,-1.0,34.378,-88.8578,0.12970067710766434
2024-05-10 16:04:00,98699542,-0.8520038248150639,-1.1173459713281977,-0.5866616783019301,34.377756449999964,-88.85918213085202,Union,-0.84,34.378,-88.8578,0.12970067710766434
2024-05-10 16:05:00,98699542,-0.4507037883006893,-0.5915166651632727,-0.3098909114381059,34.377756449999964,-88.85918213085202,Union,-0.85,34.378,-88.8578,0.12970067710766434
2024-05-10 16:06:00,98699542,-0.6967208646814055,-0.9140558315535623,-0.47938589780924873,34.377756449999964,-88.85918213085202,Union,-0.81,34.378,-88.8578,0.12970067710766434
2024-05-10 16:07:00,98699542,-0.7981132707422663,-1.0469462881323381,-0.5492802533521945,34.377756449999964,-88.85918213085202,Union,-1.23,34.378,-88.8578,0.12970067710766434
2024-05-10 16:08:00,98699542,-0.7606876786314728,-0.9977602858693266,-0.523615071393619,34.377756449999964,-88.85918213085202,Union,-1.01,34.378,-88.8578,0.12970067710766434
2024-05-10 16:09:00,98699542,-0.2829803282090619,-0.37306030020822156,-0.1929003562099022,34.377756449999964,-88.85918213085202,Union,-1.2,34.378,-88.8578,0.12970067710766434
2024-05-10 16:10:00,98699542,-1.2537499474613316,-1.6449013254900695,-0.8625985694325936,34.377756449999964,-88.85918213085202,Union,-1.26,34.378,-88.8578,0.12970067710766434
2024-05-10 16:11:00,98699542,-1.005300494914257,-1.318366222353779,-0.6922347674747348,34.377756449999964,-88.85918213085202,Union,-1.24,34.378,-88.8578,0.12970067710766434
2024-05-10 16:12:00,98699542,-0.939962421717384,-1.232438108549308,-0.6474867348854602,34.377756449999964,-88.85918213085202,Union,-1.04,34.378,-88.8578,0.12970067710766434
2024-05-10 16:13:00,98699542,-0.6368182451033961,-0.8357684584755156,-0.4378680317312767,34.377756449999964,-88.85918213085202,Union,-1.2,34.378,-88.8578,0.12970067710766434
2024-05-10 16:14:00,98699542,-0.6922137036608944,-0.9082104933053242,-0.4762169140164646,34.377756449999964,-88.85918213085202,Union,-1.19,34.378,-88.8578,0.12970067710766434
2024-05-10 16:15:00,98699542,-0.48033001507859785,-0.6312715683476195,-0.32938846180957615,34.377756449999964,-88.85918213085202,Union,-1.06,34.378,-88.8578,0.12970067710766434
2024-05-10 16:16:00,98699542,-0.3859722083578514,-0.5071689687359686,-0.2647754479797341,34.377756449999964,-88.85918213085202,Union,-0.9,34.378,-88.8578,0.12970067710766434
2024-05-10 16:17:00,98699542,-0.3032788890435861,-0.4007931840192584,-0.20576459406791375,34.377756449999964,-88.85918213085202,Union,-1.04,34.378,-88.8578,0.12970067710766434
2024-05-10 16:18:00,98699542,-0.5345804590303463,-0.7020740169179542,-0.36708690114273845,34.377756449999964,-88.85918213085202,Union,-1.26,34.378,-88.8578,0.12970067710766434
2024-05-10 16:19:00,98699542,-0.2719313641402572,-0.35849230494237505,-0.18537042333813936,34.377756449999964,-88.85918213085202,Union,-1.08,34.378,-88.8578,0.12970067710766434
2024-05-10 16:20:00,98699542,-0.5987756520048756,-0.786096566873435,-0.4114547371363162,34.377756449999964,-88.85918213085202,Union,-1.23,34.378,-88.8578,0.12970067710766434
2024-05-10 16:21:00,98699542,-0.6571930690988568,-0.8623525769283505,-0.452033561269363,34.377756449999964,-88.85918213085202,Union,-1.13,34.378,-88.8578,0.12970067710766434
2024-05-10 16:22:00,98699542,-0.7202401279841963,-0.9446931274687378,-0.49578712849965495,34.377756449999964,-88.85918213085202,Union,-1.18,34.378,-88.8578,0.12970067710766434
2024-05-10 16:23:00,98699542,-0.24560423737495796,-0.32369848590145356,-0.16750998884846235,34.377756449999964,-88.85918213085202,Union,-0.85,34.378,-88.8578,0.12970067710766434
2024-05-10 16:24:00,98699542,-0.7301722348898789,-0.9592140995506189,-0.501130370229139,34.377756449999964,-88.85918213085202,Union,-1.37,34.378,-88.8578,0.12970067710766434
2024-05-10 16:25:00,98699542,-0.7633392395553127,-1.0018658387400827,-0.5248126403705428,34.377756449999964,-88.85918213085202,Union,-1.36,34.378,-88.8578,0.12970067710766434
2024-05-10 16:26:00,98699542,-0.9000931247898454,-1.1805678314169548,-0.6196184181627359,34.377756449999964,-88.85918213085202,Union,-1.33,34.378,-88.8578,0.12970067710766434
2024-05-10 16:27:00,98699542,-0.2549592398442754,-0.3369338057782443,-0.1729846739103065,34.377756449999964,-88.85918213085202,Union,-1.16,34.378,-88.8578,0.12970067710766434
2024-05-10 16:28:00,98699542,-0.857490175268998,-1.1250868498328608,-0.5898935007051351,34.377756449999964,-88.85918213085202,Union,-1.19,34.378,-88.8578,0.12970067710766434
2024-05-10 16:29:00,98699542,-0.3255547098289341,-0.42727847527536494,-0.22383094438250323,34.377756449999964,-88.85918213085202,Union,-1.08,34.378,-88.8578,0.12970067710766434
2024-05-10 16:30:00,98699542,-0.17955697424554473,-0.23596819370163893,-0.12314575478945053,34.377756449999964,-88.85918213085202,Union,-1.09,34.378,-88.8578,0.12970067710766434
2024-05-10 16:31:00,98699542,-0.060891924244329765,-0.09158978627611732,-0.030194062212542214,34.377756449999964,-88.85918213085202,Union,-0.97,34.378,-88.8578,0.12970067710766434
2024-05-10 16:32:00,98699542,-0.4629288797179724,-0.6084028993026678,-0.31745486013327706,34.377756449999964,-88.85918213085202,Union,-0.69,34.378,-88.8578,0.12970067710766434
2024-05-10 16:33:00,98699542,-0.22787046656964527,-0.3009557939261251,-0.15478513921316545,34.377756449999964,-88.85918213085202,Union,-0.72,34.378,-88.8578,0.12970067710766434
2024-05-10 16:34:00,98699542,-0.18581137435902825,-0.24447351422904257,-0.12714923448901394,34.377756449999964,-88.85918213085202,Union,-0.68,34.378,-88.8578,0.12970067710766434
2024-05-10 16:35:00,98699542,-0.19569110677958979,-0.25780656586394074,-0.13357564769523883,34.377756449999964,-88.85918213085202,Union,-0.91,34.378,-88.8578,0.12970067710766434
2024-05-10 16:36:00,98699542,-0.6375459056615669,-0.8365011003088046,-0.4385907110143291,34.377756449999964,-88.85918213085202,Union,-0.67,34.378,-88.8578,0.12970067710766434
2024-05-10 16:37:00,98699542,-0.5992606495880969,-0.7872552452328141,-0.41126605394337973,34.377756449999964,-88.85918213085202,Union,-1.04,34.378,-88.8578,0.12970067710766434
2024-05-10 16:38:00,98699542,-0.9920883332632818,-1.3009894670423614,-0.6831871994842023,34.377756449999964,-88.85918213085202,Union,-1.17,34.378,-88.8578,0.12970067710766434
2024-05-10 16:39:00,98699542,-0.5895583993569267,-0.7738254291603339,-0.4052913695535194,34.377756449999964,-88.85918213085202,Union,-1.12,34.378,-88.8578,0.12970067710766434
2024-05-10 16:40:00,98699542,-0.7810904137945528,-1.0242570955116022,-0.5379237320775034,34.377756449999964,-88.85918213085202,Union,-1.03,34.378,-88.8578,0.12970067710766434
2024-05-10 16:41:00,98699542,-0.31317610698974446,-0.412241097958954,-0.21411111602053495,34.377756449999964,-88.85918213085202,Union,-0.85,34.378,-88.8578,0.12970067710766434
2024-05-10 16:42:00,98699542,-0.7112852403118696,-0.933401804795016,-0.48916867582872314,34.377756449999964,-88.85918213085202,Union,-0.87,34.378,-88.8578,0.12970067710766434
2024-05-10 16:43:00,98699542,-0.372684686554304,-0.4891101029861601,-0.25625927012244787,34.377756449999964,-88.85918213085202,Union,-0.78,34.378,-88.8578,0.12970067710766434
2024-05-10 16:44:00,98699542,-0.33201565258280097,-0.4355473182376707,-0.22848398692793126,34.377756449999964,-88.85918213085202,Union,-0.69,34.378,-88.8578,0.12970067710766434
2024-05-10 16:45:00,98699542,-0.002363396877399129,-0.01388383121496387,0.009157037460165612,34.377756449999964,-88.85918213085202,Union,-0.66,34.378,-88.8578,0.12970067710766434
2024-05-10 16:46:00,98699542,-1.02604735835575,-1.3456699116959792,-0.7064248050155207,34.377756449999964,-88.85918213085202,Union,-1.03,34.378,-88.8578,0.12970067710766434
2024-05-10 16:47:00,98699542,-0.8264207769418291,-1.0843532889315575,-0.5684882649521009,34.377756449999964,-88.85918213085202,Union,-0.87,34.378,-88.8578,0.12970067710766434
2024-05-10 16:48:00,98699542,-0.3217651941829186,-0.42366728300599876,-0.21986310535983844,34.377756449999964,-88.85918213085202,Union,-0.76,34.378,-88.8578,0.12970067710766434
2024-05-10 16:49:00,98699542,0.034740297723794514,0.004586833311534245,0.06489376213605479,34.377756449999964,-88.85918213085202,Union,-0.88,34.378,-88.8578,0.12970067710766434
2024-05-10 16:50:00,98699542,-0.2087837429598184,-0.2762936227421857,-0.1412738631774511,34.377756449999964,-88.85918213085202,Union,-1.09,34.378,-88.8578,0.12970067710766434
2024-05-10 16:51:00,98699542,-0.2882335383217048,-0.3816216986805952,-0.19484537796281437,34.377756449999964,-88.85918213085202,Union,-1.35,34.378,-88.8578,0.12970067710766434
2024-05-10 16:52:00,98699542,-0.9557995465912912,-1.2535590520654576,-0.6580400411171248,34.377756449999964,-88.85918213085202,Union,-1.18,34.378,-88.8578,0.12970067710766434
2024-05-10 16:53:00,98699542,-0.3479337198428043,-0.45764524654509503,-0.23822219314051357,34.377756449999964,-88.85918213085202,Union,-1.33,34.378,-88.8578,0.12970067710766434
2024-05-10 16:54:00,98699542,-0.014582713177802183,-0.02336962734345143,-0.005795799012152934,34.377756449999964,-88.85918213085202,Union,-0.9,34.378,-88.8578,0.12970067710766434
2024-05-10 16:55:00,98699542,1.006544347890047,0.693417515341302,1.3196711804387922,34.377756449999964,-88.85918213085202,Union,-0.22,34.378,-88.8578,0.12970067710766434
2024-05-10 16:56:00,98699542,0.7186590424302286,0.4949481161060848,0.9423699687543724,34.377756449999964,-88.85918213085202,Union,-0.14,34.378,-88.8578,0.12970067710766434
2024-05-10 16:57:00,98699542,-0.1681063356380296,-0.22315251373187978,-0.11306015754417942,34.377756449999964,-88.85918213085202,Union,-0.78,34.378,-88.8578,0.12970067710766434
2024-05-10 16:58:00,98699542,-0.8166919290097512,-1.0710455595494455,-0.5623382984700569,34.377756449999964,-88.85918213085202,Union,-0.99,34.378,-88.8578,0.12970067710766434
2024-05-10 16:59:00,98699542,-0.9411681841585406,-1.2365384742967593,-0.645797894020322,34.377756449999964,-88.85918213085202,Union,-1.28,34.378,-88.8578,0.12970067710766434
2024-05-10 17:00:00,98699542,-1.0543499390551445,-1.3829176474305114,-0.7257822306797777,34.377756449999964,-88.85918213085202,Union,-1.28,34.378,-88.8578,0.12970067710766434
2024-05-10 17:01:00,98699542,0.041107699585666416,0.008842235344769064,0.07337316382656377,34.377756449999964,-88.85918213085202,Union,-1.09,34.378,-88.8578,0.12970067710766434
2024-05-10 17:02:00,98699542,0.4680376084923504,0.3224845022192995,0.6135907147654013,34.377756449999964,-88.85918213085202,Union,-0.72,34.378,-88.8578,0.12970067710766434
2024-05-10 17:03:00,98699542,-0.6675185592846334,-0.8778044001179605,-0.4572327184513064,34.377756449999964,-88.85918213085202,Union,-0.75,34.378,-88.8578,0.12970067710766434
2024-05-10 17:04:00,98699542,0.25934580820233694,0.17796249538056816,0.3407291210241057,34.377756449999964,-88.85918213085202,Union,-0.87,34.378,-88.8578,0.12970067710766434
2024-05-10 17:05:00,98699542,-1.4366278581035643,-1.8872921622959877,-0.985963553911141,34.377756449999964,-88.85918213085202,Union,-1.14,34.378,-88.8578,0.12970067710766434
2024-05-10 17:06:00,98699542,-7.8741751429051785,-10.324894111639752,-5.423456174170605,34.377756449999964,-88.85918213085202,Union,-4.72,34.378,-88.8578,0.12970067710766434
2024-05-10 17:07:00,98699542,4.624653244788164,3.1743118407815873,6.074994648794741,34.377756449999964,-88.85918213085202,Union,3.82,34.378,-88.8578,0.12970067710766434
2024-05-10 17:08:00,98699542,5.823514731842637,4.009086855425864,7.637942608259409,34.377756449999964,-88.85918213085202,Union,6.04,34.378,-88.8578,0.12970067710766434
2024-05-10 17:09:00,98699542,-2.6708439286314727,-3.5047866398068432,-1.836901217456102,34.377756449999964,-88.85918213085202,Union,-0.01,34.378,-88.8578,0.12970067710766434
2024-05-10 17:10:00,98699542,-8.590329732683255,-11.26432669794264,-5.916332767423871,34.377756449999964,-88.85918213085202,Union,-3.11,34.378,-88.8578,0.12970067710766434
2024-05-10 17:11:00,98699542,-1.501373229446873,-1.9689965070551658,-1.03374995183858,34.377756449999964,-88.85918213085202,Union,-0.1,34.378,-88.8578,0.12970067710766434
2024-05-10 17:12:00,98699542,-1.017370597259583,-1.337550060494013,-0.6971911340251531,34.377756449999964,-88.85918213085202,Union,0.58,34.378,-88.8578,0.12970067710766434
2024-05-10 17:13:00,98699542,3.1154366488735707,2.144793732194771,4.08607956555237,34.377756449999964,-88.85918213085202,Union,0.7,34.378,-88.8578,0.12970067710766434
2024-05-10 17:14:00,98699542,-2.088678048293544,-2.7399740003941426,-1.4373820961929455,34.377756449999964,-88.85918213085202,Union,0.41,34.378,-88.8578,0.12970067710766434
2024-05-10 17:15:00,98699542,-2.063950723982851,-2.711555296193827,-1.4163461517718754,34.377756449999964,-88.85918213085202,Union,-1.11,34.378,-88.8578,0.12970067710766434
2024-05-10 17:16:00,98699542,8.687253068258238,5.982813296102732,11.391692840413745,34.377756449999964,-88.85918213085202,Union,3.35,34.378,-88.8578,0.12970067710766434
2024-05-10 17:17:00,98699542,-0.5591160172011601,-0.7388084333471273,-0.3794236010551929,34.377756449999964,-88.85918213085202,Union,0.59,34.378,-88.8578,0.12970067710766434
2024-05-10 17:18:00,98699542,2.939258731926698,2.0227986831609703,3.855718780692426,34.377756449999964,-88.85918213085202,Union,1.63,34.378,-88.8578,0.12970067710766434
2024-05-10 17:19:00,98699542,4.810926466879623,3.3130244635341457,6.308828470225101,34.377756449999964,-88.85918213085202,Union,2.97,34.378,-88.8578,0.12970067710766434
2024-05-10 17:20:00,98699542,6.466871742602556,4.454914955980528,8.478828529224582,34.377756449999964,-88.85918213085202,Union,3.19,34.378,-88.8578,0.12970067710766434
2024-05-10 17:21:00,98699542,6.241785579186281,4.300076039769355,8.183495118603208,34.377756449999964,-88.85918213085202,Union,5.91,34.378,-88.8578,0.12970067710766434
2024-05-10 17:22:00,98699542,7.559736466039005,5.2078406680510305,9.911632264026979,34.377756449999964,-88.85918213085202,Union,7.03,34.378,-88.8578,0.12970067710766434
2024-05-10 17:23:00,98699542,5.569429850369872,3.8357207037236343,7.303138997016109,34.377756449999964,-88.85918213085202,Union,5.4,34.378,-88.8578,0.12970067710766434
2024-05-10 17:24:00,98699542,2.3472635234532615,1.6164148176697517,3.0781122292367713,34.377756449999964,-88.85918213085202,Union,3.32,34.378,-88.8578,0.12970067710766434
2024-05-10 17:25:00,98699542,3.3741475601042366,2.3241306558824286,4.4241644643260445,34.377756449999964,-88.85918213085202,Union,2.8,34.378,-88.8578,0.12970067710766434
2024-05-10 17:26:00,98699542,4.5589431321452585,3.1397326200473263,5.978153644243191,34.377756449999964,-88.85918213085202,Union,3.67,34.378,-88.8578,0.12970067710766434
2024-05-10 17:27:00,98699542,5.320399188802959,3.6636466872213203,6.9771516903845985,34.377756449999964,-88.85918213085202,Union,4.89,34.378,-88.8578,0.12970067710766434
2024-05-10 17:28:00,98699542,5.241914298924008,3.6088800238025356,6.874948574045479,34.377756449999964,-88.85918213085202,Union,3.52,34.378,-88.8578,0.12970067710766434
2024-05-10 17:29:00,98699542,6.612461646772024,4.553779412523358,8.67114388102069,34.377756449999964,-88.85918213085202,Union,4.03,34.378,-88.8578,0.12970067710766434
2024-05-10 17:30:00,98699542,5.735961667787492,3.950295659548739,7.521627676026244,34.377756449999964,-88.85918213085202,Union,3.11,34.378,-88.8578,0.12970067710766434
2024-05-10 17:31:00,98699542,4.935311764458642,3.3990943379241427,6.471529190993141,34.377756449999964,-88.85918213085202,Union,1.48,34.378,-88.8578,0.12970067710766434
2024-05-10 17:32:00,98699542,5.117521120544721,3.5244502869399685,6.710591954149473,34.377756449999964,-88.85918213085202,Union,1.95,34.378,-88.8578,0.12970067710766434
2024-05-10 17:33:00,98699542,8.037654463685273,5.537830451475248,10.537478475895298,34.377756449999964,-88.85918213085202,Union,3.06,34.378,-88.8578,0.12970067710766434
2024-05-10 17:34:00,98699542,6.0160295477471415,4.142444597235566,7.889614498258717,34.377756449999964,-88.85918213085202,Union,3.48,34.378,-88.8578,0.12970067710766434
2024-05-10 17:35:00,98699542,7.7989607851378615,5.3734600428284285,10.224461527447295,34.377756449999964,-88.85918213085202,Union,4.8,34.378,-88.8578,0.12970067710766434
2024-05-10 17:36:00,98699542,5.224618569266981,3.598652905722939,6.8505842328110225,34.377756449999964,-88.85918213085202,Union,3.05,34.378,-88.8578,0.12970067710766434
2024-05-10 17:37:00,98699542,7.311893178379287,5.035523301914209,9.588263054844365,34.377756449999964,-88.85918213085202,Union,3.4,34.378,-88.8578,0.12970067710766434
2024-05-10 17:38:00,98699542,3.569847532784129,2.4567122727720125,4.6829827927962455,34.377756449999964,-88.85918213085202,Union,4.06,34.378,-88.8578,0.12970067710766434
2024-05-10 17:39:00,98699542,2.38128887861466,1.6301308087289066,3.132446948500414,34.377756449999964,-88.85918213085202,Union,1.77,34.378,-88.8578,0.12970067710766434
2024-05-10 17:40:00,98699542,4.577000672494957,3.151129216315401,6.002872128674512,34.377756449999964,-88.85918213085202,Union,2.67,34.378,-88.8578,0.12970067710766434
2024-05-10 17:41:00,98699542,0.3722535411062542,0.2547956186001116,0.4897114636123968,34.377756449999964,-88.85918213085202,Union,0.6,34.378,-88.8578,0.12970067710766434
2024-05-10 17:42:00,98699542,-0.21979609414404003,-0.29197090351250377,-0.14762128477557632,34.377756449999964,-88.85918213085202,Union,-1.79,34.378,-88.8578,0.12970067710766434
2024-05-10 17:43:00,98699542,1.09723134351883,0.7557783363756096,1.4386843506620501,34.377756449999964,-88.85918213085202,Union,-11.68,34.378,-88.8578,0.12970067710766434
2024-05-10 17:44:00,98699542,5.859485331203766,4.0343732031211985,7.6845974592863335,34.377756449999964,-88.85918213085202,Union,-2.03,34.378,-88.8578,0.12970067710766434
2024-05-10 17:45:00,98699542,2.9848268325487557,2.0554848913866706,3.914168773710841,34.377756449999964,-88.85918213085202,Union,-0.8,34.378,-88.8578,0.12970067710766434
2024-05-10 17:46:00,98699542,4.611397738735709,3.1764499389897782,6.04634553848164,34.377756449999964,-88.85918213085202,Union,-0.75,34.378,-88.8578,0.12970067710766434
2024-05-10 17:47:00,98699542,-2.4528623066577,-3.2170134456131305,-1.68871116770227,34.377756449999964,-88.85918213085202,Union,-2.79,34.378,-88.8578,0.12970067710766434
2024-05-10 17:48:00,98699542,1.7532153665097512,1.2076152214996554,2.298815511519847,34.377756449999964,-88.85918213085202,Union,-2.36,34.378,-88.8578,0.12970067710766434
2024-05-10 17:49:00,98699542,-2.8401156376092804,-3.7251389164428614,-1.9550923587756992,34.377756449999964,-88.85918213085202,Union,-4.28,34.378,-88.8578,0.12970067710766434
2024-05-10 17:50:00,98699542,4.985688466711499,3.432678345169512,6.538698588253487,34.377756449999964,-88.85918213085202,Union,-1.89,34.378,-88.8578,0.12970067710766434
2024-05-10 17:51:00,98699542,-1.090303463349025,-1.4307907555727932,-0.7498161711252567,34.377756449999964,-88.85918213085202,Union,-1.52,34.378,-88.8578,0.12970067710766434
2024-05-10 17:52:00,98699542,1.7755232851378615,1.2148732059609226,2.3361733643148,34.377756449999964,-88.85918213085202,Union,-1.44,34.378,-88.8578,0.12970067710766434
2024-05-10 17:53:00,98699542,6.961544321620713,4.795231329432944,9.127857313808482,34.377756449999964,-88.85918213085202,Union,0.64,34.378,-88.8578,0.12970067710766434
2024-05-10 17:54:00,98699542,7.817189076160054,5.386254193533396,10.248123958786714,34.377756449999964,-88.85918213085202,Union,-0.19,34.378,-88.8578,0.12970067710766434
2024-05-10 17:55:00,98699542,4.512861466039005,3.1078875708489746,5.917835361229034,34.377756449999964,-88.85918213085202,Union,1.68,34.378,-88.8578,0.12970067710766434
2024-05-10 17:56:00,98699542,7.007991131472764,4.826759260301834,9.189223002643693,34.377756449999964,-88.85918213085202,Union,0.68,34.378,-88.8578,0.12970067710766434
2024-05-10 17:57:00,98699542,1.5860524283372561,1.09088447249876,2.081220384175752,34.377756449999964,-88.85918213085202,Union,0.49,34.378,-88.8578,0.12970067710766434
2024-05-10 17:58:00,98699542,1.2905926887188972,0.8848207779915289,1.6963645994462655,34.377756449999964,-88.85918213085202,Union,-1.7,34.378,-88.8578,0.12970067710766434
2024-05-10 17:59:00,98699542,-2.8542879434263617,-3.7470110538276655,-1.961564833025058,34.377756449999964,-88.85918213085202,Union,-3.02,34.378,-88.8578,0.12970067710766434
2024-05-10 18:00:00,98699542,-3.293991940568258,-4.319500076090006,-2.26848380504651,34.377756449999964,-88.85918213085202,Union,-5.22,34.378,-88.8578,0.12970067710766434
2024-05-10 18:01:00,98699542,-4.36194151395427,-5.720335832200174,-3.0035471957083657,34.377756449999964,-88.85918213085202,Union,-4.51,34.378,-88.8578,0.12970067710766434
2024-05-10 18:02:00,98699542,-4.6530582758910555,-6.102791353275477,-3.2033251985066338,34.377756449999964,-88.85918213085202,Union,-5.24,34.378,-88.8578,0.12970067710766434
2024-05-10 18:03:00,98699542,-4.263066366845998,-5.59137984398353,-2.9347528897084665,34.377756449999964,-88.85918213085202,Union,-2.96,34.378,-88.8578,0.12970067710766434
2024-05-10 18:04:00,98699542,-0.9925670918796234,-1.3024878294780864,-0.6826463542811605,34.377756449999964,-88.85918213085202,Union,-4.68,34.378,-88.8578,0.12970067710766434
2024-05-10 18:05:00,98699542,-1.2185214567921991,-1.5984493256467098,-0.8385935879376885,34.377756449999964,-88.85918213085202,Union,-2.64,34.378,-88.8578,0.12970067710766434
2024-05-10 18:06:00,98699542,0.6388206251050773,0.4363200046634248,0.8413212455467298,34.377756449999964,-88.85918213085202,Union,-6.06,34.378,-88.8578,0.12970067710766434
2024-05-10 18:07:00,98699542,0.6990933139290518,0.4812475375333529,0.9169390903247507,34.377756449999964,-88.85918213085202,Union,-2.41,34.378,-88.8578,0.12970067710766434
2024-05-10 18:08:00,98699542,4.563887020847344,3.1431860155730598,5.984588026121628,34.377756449999964,-88.85918213085202,Union,-2.36,34.378,-88.8578,0.12970067710766434
2024-05-10 18:09:00,98699542,0.7506399866551782,0.5162933517822612,0.9849866215280951,34.377756449999964,-88.85918213085202,Union,-1.77,34.378,-88.8578,0.12970067710766434
2024-05-10 18:10:00,98699542,-0.03485999655707538,-0.04939348396007585,-0.02032650915407492,34.377756449999964,-88.85918213085202,Union,-5.58,34.378,-88.8578,0.12970067710766434
2024-05-10 18:11:00,98699542,1.0209271367476462,0.7019432654891355,1.339911008006157,34.377756449999964,-88.85918213085202,Union,-2.43,34.378,-88.8578,0.12970067710766434
2024-05-10 18:12:00,98699542,3.877489019418292,2.6715728776814966,5.0834051611550874,34.377756449999964,-88.85918213085202,Union,-1.72,34.378,-88.8578,0.12970067710766434
2024-05-10 18:13:00,98699542,6.03106611466039,4.153194484566207,7.908937744754573,34.377756449999964,-88.85918213085202,Union,-1.47,34.378,-88.8578,0.12970067710766434
2024-05-10 18:14:00,98699542,6.185929093813046,4.261214623492011,8.110643564134081,34.377756449999964,-88.85918213085202,Union,0.57,34.378,-88.8578,0.12970067710766434
2024-05-10 18:15:00,98699542,9.351079144250168,6.439621541595954,12.262536746904381,34.377756449999964,-88.85918213085202,Union,-0.13,34.378,-88.8578,0.12970067710766434
2024-05-10 18:16:00,98699542,7.407082737895091,5.102464648561928,9.711700827228253,34.377756449999964,-88.85918213085202,Union,2.11,34.378,-88.8578,0.12970067710766434
2024-05-10 18:17:00,98699542,7.449554997478144,5.131775226591606,9.76733476836468,34.377756449999964,-88.85918213085202,Union,0.76,34.378,-88.8578,0.12970067710766434
2024-05-10 18:18:00,98699542,7.28843203597848,5.020211289610549,9.556652782346411,34.377756449999964,-88.85918213085202,Union,1.33,34.378,-88.8578,0.12970067710766434
2024-05-10 18:19:00,98699542,5.353212214189644,3.68626742088188,7.020157007497408,34.377756449999964,-88.85918213085202,Union,-0.11,34.378,-88.8578,0.12970067710766434
2024-05-10 18:20:00,98699542,2.4404802559683927,1.6794585499263617,3.2015019620104237,34.377756449999964,-88.85918213085202,Union,-1.26,34.378,-88.8578,0.12970067710766434
2024-05-10 18:21:00,98699542,-0.3660741727786651,-0.4880581819182973,-0.2440901636390329,34.377756449999964,-88.85918213085202,Union,-3.24,34.378,-88.8578,0.12970067710766434
2024-05-10 18:22:00,98699542,-3.0844191324815062,-4.044902136641172,-2.1239361283218408,34.377756449999964,-88.85918213085202,Union,-4.85,34.378,-88.8578,0.12970067710766434
2024-05-10 18:23:00,98699542,-6.284809494788164,-8.240880840076278,-4.328738149500051,34.377756449999964,-88.85918213085202,Union,-8.88,34.378,-88.8578,0.12970067710766434
2024-05-10 18:24:00,98699542,-7.94617938802959,-10.41847316117529,-5.473885614883889,34.377756449999964,-88.85918213085202,Union,-9.14,34.378,-88.8578,0.12970067710766434
2024-05-10 18:25:00,98699542,-8.529889248486887,-11.185934490863433,-5.873844006110341,34.377756449999964,-88.85918213085202,Union,-9.8,34.378,-88.8578,0.12970067710766434
2024-05-10 18:26:00,98699542,-11.233944182918629,-14.733844908714929,-7.73404345712233,34.377756449999964,-88.85918213085202,Union,-10.13,34.378,-88.8578,0.12970067710766434
2024-05-10 18:27:00,98699542,-20.506661903160726,-26.889963874967574,-14.123359931353878,34.377756449999964,-88.85918213085202,Union,-16.91,34.378,-88.8578,0.12970067710766434
2024-05-10 18:28:00,98699542,-14.830762441156692,-19.445502373350237,-10.216022508963146,34.377756449999964,-88.85918213085202,Union,-12.86,34.378,-88.8578,0.12970067710766434
2024-05-10 18:29:00,98699542,-16.181442291526565,-21.213998311293487,-11.148886271759642,34.377756449999964,-88.85918213085202,Union,-11.43,34.378,-88.8578,0.12970067710766434
2024-05-10 18:30:00,98699542,-10.43839315736382,-13.686884860818198,-7.189901453909441,34.377756449999964,-88.85918213085202,Union,-11.22,34.378,-88.8578,0.12970067710766434
2024-05-10 18:31:00,98699542,-8.081957695864157,-10.597099721833464,-5.566815669894849,34.377756449999964,-88.85918213085202,Union,-7.64,34.378,-88.8578,0.12970067710766434
2024-05-10 18:32:00,98699542,-2.714804345998655,-3.561941226490197,-1.8676674655071133,34.377756449999964,-88.85918213085202,Union,-5.7,34.378,-88.8578,0.12970067710766434
2024-05-10 18:33:00,98699542,1.6664188592804303,1.1414887268913452,2.1913489916695155,34.377756449999964,-88.85918213085202,Union,-3.08,34.378,-88.8578,0.12970067710766434
2024-05-10 18:34:00,98699542,1.7763231863651647,1.2231071112980025,2.329539261432327,34.377756449999964,-88.85918213085202,Union,-2.41,34.378,-88.8578,0.12970067710766434
2024-05-10 18:35:00,98699542,3.8052404694855415,2.6216452551387324,4.988835683832351,34.377756449999964,-88.85918213085202,Union,0.0,34.378,-88.8578,0.12970067710766434
2024-05-10 18:36:00,98699542,3.853160988987895,2.65473754378439,5.0515844341914,34.377756449999964,-88.85918213085202,Union,-1.18,34.378,-88.8578,0.12970067710766434
2024-05-10 18:37:00,98699542,4.484713874411567,3.0851764035495,5.8842513452736345,34.377756449999964,-88.85918213085202,Union,-0.82,34.378,-88.8578,0.12970067710766434
2024-05-10 18:38:00,98699542,5.21188319603228,3.5881804484388864,6.835585943625673,34.377756449999964,-88.85918213085202,Union,-0.42,34.378,-88.8578,0.12970067710766434
2024-05-10 18:39:00,98699542,5.960527698386012,4.103479899948843,7.817575496823181,34.377756449999964,-88.85918213085202,Union,0.4,34.378,-88.8578,0.12970067710766434
2024-05-10 18:40:00,98699542,3.78486728732347,2.606935992853281,4.96279858179366,34.377756449999964,-88.85918213085202,Union,-0.58,34.378,-88.8578,0.12970067710766434
2024-05-10 18:41:00,98699542,1.9094758742434432,1.3142755773390546,2.504676171147832,34.377756449999964,-88.85918213085202,Union,-0.88,34.378,-88.8578,0.12970067710766434
2024-05-10 18:42:00,98699542,2.3596915454774714,1.6248039068914322,3.0945791840635106,34.377756449999964,-88.85918213085202,Union,-1.4,34.378,-88.8578,0.12970067710766434
2024-05-10 18:43:00,98699542,0.5203249122604237,0.35844358540653154,0.6822062391143158,34.377756449999964,-88.85918213085202,Union,-1.92,34.378,-88.8578,0.12970067710766434
2024-05-10 18:44:00,98699542,0.587047707737895,0.40411909100339,0.7699763244724,34.377756449999964,-88.85918213085202,Union,-2.05,34.378,-88.8578,0.12970067710766434
2024-05-10 18:45:00,98699542,-1.3503646183591123,-1.770818884602953,-0.9299103521152716,34.377756449999964,-88.85918213085202,Union,-1.77,34.378,-88.8578,0.12970067710766434
2024-05-10 18:46:00,98699542,-1.7814003919384667,-2.336241002372621,-1.2265597815043123,34.377756449999964,-88.85918213085202,Union,-5.05,34.378,-88.8578,0.12970067710766434
2024-05-10 18:47:00,98699542,-1.1971172032616006,-1.5699733314982178,-0.8242610750249835,34.377756449999964,-88.85918213085202,Union,-5.29,34.378,-88.8578,0.12970067710766434
2024-05-10 18:48:00,98699542,0.5831447414046739,0.4013743430666168,0.764915139742731,34.377756449999964,-88.85918213085202,Union,-4.7,34.378,-88.8578,0.12970067710766434
2024-05-10 18:49:00,98699542,0.31267148949752016,0.20602959884898517,0.4193133801460551,34.377756449999964,-88.85918213085202,Union,-4.13,34.378,-88.8578,0.12970067710766434
2024-05-10 18:50:00,98699542,-2.75197939433423,-3.6096241825185587,-1.8943346061499018,34.377756449999964,-88.85918213085202,Union,-3.05,34.378,-88.8578,0.12970067710766434
2024-05-10 18:51:00,98699542,-4.830105707800941,-6.334499409342381,-3.325712006259501,34.377756449999964,-88.85918213085202,Union,-4.4,34.378,-88.8578,0.12970067710766434
2024-05-10 18:52:00,98699542,-5.215408540685945,-6.839417277143415,-3.591399804228475,34.377756449999964,-88.85918213085202,Union,-5.56,34.378,-88.8578,0.12970067710766434
2024-05-10 18:53:00,98699542,-3.3509898285137862,-4.394821317690717,-2.307158339336856,34.377756449999964,-88.85918213085202,Union,-3.13,34.378,-88.8578,0.12970067710766434
2024-05-10 18:54:00,98699542,-0.8109944387819435,-1.0657556582418188,-0.5562332193220683,34.377756449999964,-88.85918213085202,Union,-3.37,34.378,-88.8578,0.12970067710766434
2024-05-10 18:55:00,98699542,-0.09364670815689097,-0.13070549279369606,-0.05658792352008588,34.377756449999964,-88.85918213085202,Union,-1.72,34.378,-88.8578,0.12970067710766434
2024-05-10 18:56:00,98699542,0.15386757661451328,0.07118685700029169,0.23654829622873486,34.377756449999964,-88.85918213085202,Union,-1.0,34.378,-88.8578,0.12970067710766434
2024-05-10 18:57:00,98699542,1.1164122262735374,0.762616226269366,1.470208226277709,34.377756449999964,-88.85918213085202,Union,-1.16,34.378,-88.8578,0.12970067710766434
2024-05-10 18:58:00,98699542,4.7581172242770675,3.2746709705590296,6.241563477995106,34.377756449999964,-88.85918213085202,Union,4.13,34.378,-88.8578,0.12970067710766434
2024-05-10 18:59:00,98699542,4.742810083221251,3.263883134343156,6.2217370320993455,34.377756449999964,-88.85918213085202,Union,1.28,34.378,-88.8578,0.12970067710766434
2024-05-10 19:00:00,98699542,1.9528511421906523,1.3326166156900756,2.573085668691229,34.377756449999964,-88.85918213085202,Union,-1.17,34.378,-88.8578,0.12970067710766434
2024-05-10 19:01:00,98699542,0.7225570832632818,0.47638097044567096,0.9687331960808927,34.377756449999964,-88.85918213085202,Union,-1.13,34.378,-88.8578,0.12970067710766434
2024-05-10 19:02:00,98699542,1.7259156176445865,1.1848020260764172,2.2670292092127555,34.377756449999964,-88.85918213085202,Union,-0.62,34.378,-88.8578,0.12970067710766434
2024-05-10 19:03:00,98699542,2.612795267316745,1.7986670889701601,3.4269234456633297,34.377756449999964,-88.85918213085202,Union,-1.3,34.378,-88.8578,0.12970067710766434
2024-05-10 19:04:00,98699542,8.40548818930733,5.788260098065141,11.02271628054952,34.377756449999964,-88.85918213085202,Union,0.79,34.378,-88.8578,0.12970067710766434
2024-05-10 19:05:00,98699542,7.042682414256893,4.85043987020665,9.234924958307136,34.377756449999964,-88.85918213085202,Union,1.65,34.378,-88.8578,0.12970067710766434
2024-05-10 19:06:00,98699542,4.076146919132482,2.8078845229956935,5.34440931526927,34.377756449999964,-88.85918213085202,Union,-1.32,34.378,-88.8578,0.12970067710766434
2024-05-10 19:07:00,98699542,2.3661997730329523,1.6262351136596036,3.1061644324063007,34.377756449999964,-88.85918213085202,Union,-1.39,34.378,-88.8578,0.12970067710766434
2024-05-10 19:08:00,98699542,-1.0269910841879624,-1.3488507238855008,-0.705131444490424,34.377756449999964,-88.85918213085202,Union,-2.68,34.378,-88.8578,0.12970067710766434
2024-05-10 19:09:00,98699542,-1.1581492728648286,-1.5189643999884481,-0.7973341457412091,34.377756449999964,-88.85918213085202,Union,-2.83,34.378,-88.8578,0.12970067710766434
2024-05-10 19:10:00,98699542,0.40530840855119366,0.2719990187854103,0.5386177983169771,34.377756449999964,-88.85918213085202,Union,-2.7,34.378,-88.8578,0.12970067710766434
2024-05-10 19:11:00,98699542,0.46677471024924344,0.32116842561506664,0.6123809948834202,34.377756449999964,-88.85918213085202,Union,-2.97,34.378,-88.8578,0.12970067710766434
2024-05-10 19:12:00,98699542,2.8229328660894417,1.9429938896457943,3.702871842533089,34.377756449999964,-88.85918213085202,Union,-2.03,34.378,-88.8578,0.12970067710766434
2024-05-10 19:13:00,98699542,4.172016854404842,2.8725743997811266,5.471459309028558,34.377756449999964,-88.85918213085202,Union,-0.58,34.378,-88.8578,0.12970067710766434
2024-05-10 19:14:00,98699542,4.289256893073302,2.951840505861619,5.626673280284986,34.377756449999964,-88.85918213085202,Union,-0.35,34.378,-88.8578,0.12970067710766434
2024-05-10 19:15:00,98699542,5.3629213601210495,3.690522892055096,7.035319828187003,34.377756449999964,-88.85918213085202,Union,-0.46,34.378,-88.8578,0.12970067710766434
2024-05-10 19:16:00,98699542,7.208594275386685,4.961799401938638,9.455389148834731,34.377756449999964,-88.85918213085202,Union,-0.28,34.378,-88.8578,0.12970067710766434
2024-05-10 19:17:00,98699542,6.434121763618023,4.431533530015254,8.436709997220792,34.377756449999964,-88.85918213085202,Union,0.57,34.378,-88.8578,0.12970067710766434
2024-05-10 19:18:00,98699542,2.8038061638365837,1.9304398988420246,3.6771724288311427,34.377756449999964,-88.85918213085202,Union,-0.6,34.378,-88.8578,0.12970067710766434
2024-05-10 19:19:00,98699542,2.080443268745797,1.432571367674388,2.728315169817206,34.377756449999964,-88.85918213085202,Union,-1.38,34.378,-88.8578,0.12970067710766434
2024-05-10 19:20:00,98699542,2.960890215198386,2.038543027252695,3.8832374031440766,34.377756449999964,-88.85918213085202,Union,-1.16,34.378,-88.8578,0.12970067710766434
2024-05-10 19:21:00,98699542,2.263201653917283,1.557575716406633,2.968827591427933,34.377756449999964,-88.85918213085202,Union,-1.87,34.378,-88.8578,0.12970067710766434
2024-05-10 19:22:00,98699542,1.160723667619368,0.797036804082053,1.524410531156683,34.377756449999964,-88.85918213085202,Union,-4.34,34.378,-88.8578,0.12970067710766434
2024-05-10 19:23:00,98699542,1.5754540654421654,1.0843281663319904,2.06657996455234,34.377756449999964,-88.85918213085202,Union,-3.43,34.378,-88.8578,0.12970067710766434
2024-05-10 19:24:00,98699542,1.9431196673251514,1.336008628352936,2.550230706297367,34.377756449999964,-88.85918213085202,Union,-0.03,34.378,-88.8578,0.12970067710766434
2024-05-10 19:25:00,98699542,4.399241341627437,3.0258918519430082,5.772590831311867,34.377756449999964,-88.85918213085202,Union,1.58,34.378,-88.8578,0.12970067710766434
2024-05-10 19:26:00,98699542,-0.4691169497625252,-0.6198951029269046,-0.31833879659814573,34.377756449999964,-88.85918213085202,Union,0.13,34.378,-88.8578,0.12970067710766434
2024-05-10 19:27:00,98699542,-0.7234348073932414,-0.9492456797412315,-0.49762393504525126,34.377756449999964,-88.85918213085202,Union,-0.64,34.378,-88.8578,0.12970067710766434
2024-05-10 19:28:00,98699542,-1.2842440473688634,-1.6838543905241279,-0.884633704213599,34.377756449999964,-88.85918213085202,Union,-1.92,34.378,-88.8578,0.12970067710766434
2024-05-10 19:29:00,98699542,-0.9684022596881304,-1.269722637244677,-0.6670818821315838,34.377756449999964,-88.85918213085202,Union,-3.16,34.378,-88.8578,0.12970067710766434
2024-05-10 19:30:00,98699542,-1.4998778475958305,-1.9679106077657018,-1.0318450874259593,34.377756449999964,-88.85918213085202,Union,-5.63,34.378,-88.8578,0.12970067710766434
2024-05-10 19:31:00,98699542,-1.0348219727219234,-1.3566711697552594,-0.7129727756885875,34.377756449999964,-88.85918213085202,Union,-5.46,34.378,-88.8578,0.12970067710766434
2024-05-10 19:32:00,98699542,-0.35565279952294887,-0.46731012005379785,-0.2439954789920999,34.377756449999964,-88.85918213085202,Union,-5.28,34.378,-88.8578,0.12970067710766434
2024-05-10 19:33:00,98699542,0.3080447209145931,0.20985824534458425,0.406231196484602,34.377756449999964,-88.85918213085202,Union,-3.84,34.378,-88.8578,0.12970067710766434
2024-05-10 19:34:00,98699542,-0.7656900166022192,-1.0040008791778383,-0.5273791540266002,34.377756449999964,-88.85918213085202,Union,-5.15,34.378,-88.8578,0.12970067710766434
2024-05-10 19:35:00,98699542,-1.4038148327168796,-1.840917521220198,-0.9667121442135611,34.377756449999964,-88.85918213085202,Union,-4.77,34.378,-88.8578,0.12970067710766434
2024-05-10 19:36:00,98699542,-1.524611082506725,-2.002661196150309,-1.046560968863141,34.377756449999964,-88.85918213085202,Union,-5.84,34.378,-88.8578,0.12970067710766434
2024-05-10 19:37:00,98699542,-1.8314973257817755,-2.4019896782671157,-1.2610049732964352,34.377756449999964,-88.85918213085202,Union,-6.53,34.378,-88.8578,0.12970067710766434
2024-05-10 19:38:00,98699542,-6.323496343308675,-8.290916333653005,-4.356076352964346,34.377756449999964,-88.85918213085202,Union,-10.45,34.378,-88.8578,0.12970067710766434
2024-05-10 19:39:00,98699542,-13.141113609616678,-17.230820510827726,-9.05140670840563,34.377756449999964,-88.85918213085202,Union,-10.7,34.378,-88.8578,0.12970067710766434
2024-05-10 19:40:00,98699542,-12.500772318426362,-16.389581007595382,-8.611963629257342,34.377756449999964,-88.85918213085202,Union,-9.83,34.378,-88.8578,0.12970067710766434
2024-05-10 19:41:00,98699542,-4.9418213054808335,-6.482288922973908,-3.4013536879877595,34.377756449999964,-88.85918213085202,Union,-5.67,34.378,-88.8578,0.12970067710766434
2024-05-10 19:42:00,98699542,-2.839951454270343,-3.724559111246239,-1.9553437972944465,34.377756449999964,-88.85918213085202,Union,-5.3,34.378,-88.8578,0.12970067710766434
2024-05-10 19:43:00,98699542,-3.178593382229321,-4.167197112856591,-2.189989651602051,34.377756449999964,-88.85918213085202,Union,-6.66,34.378,-88.8578,0.12970067710766434
2024-05-10 19:44:00,98699542,-1.2549110520342972,-1.646440645689034,-0.8633814583795605,34.377756449999964,-88.85918213085202,Union,-5.26,34.378,-88.8578,0.12970067710766434
2024-05-10 19:45:00,98699542,-3.9479604488903832,-5.175495193226032,-2.7204257045547346,34.377756449999964,-88.85918213085202,Union,-5.62,34.378,-88.8578,0.12970067710766434
2024-05-10 19:46:00,98699542,-2.4171228774377944,-3.1694960398707672,-1.6647497150048216,34.377756449999964,-88.85918213085202,Union,-5.14,34.378,-88.8578,0.12970067710766434
2024-05-10 19:47:00,98699542,-12.245728606254204,-16.058697538897952,-8.432759673610454,34.377756449999964,-88.85918213085202,Union,-12.59,34.378,-88.8578,0.12970067710766434
2024-05-10 19:48:00,98699542,-23.26167409213181,-30.505139047037304,-16.018209137226314,34.377756449999964,-88.85918213085202,Union,-17.26,34.378,-88.8578,0.12970067710766434
2024-05-10 19:49:00,98699542,-9.809825781775388,-12.864473562265893,-6.755178001284882,34.377756449999964,-88.85918213085202,Union,-6.32,34.378,-88.8578,0.12970067710766434
2024-05-10 19:50:00,98699542,-3.1415352324310692,-4.1212990307469255,-2.1617714341152126,34.377756449999964,-88.85918213085202,Union,-1.75,34.378,-88.8578,0.12970067710766434
2024-05-10 19:51:00,98699542,-8.370560482515131,-10.975680622903749,-5.765440342126514,34.377756449999964,-88.85918213085202,Union,-6.58,34.378,-88.8578,0.12970067710766434
2024-05-10 19:52:00,98699542,-5.31226357599193,-6.96679906745804,-3.6577280845258207,34.377756449999964,-88.85918213085202,Union,-3.98,34.378,-88.8578,0.12970067710766434
2024-05-10 19:53:00,98699542,-2.5141539172831204,-3.2967128489720086,-1.7315949855942325,34.377756449999964,-88.85918213085202,Union,-5.07,34.378,-88.8578,0.12970067710766434
2024-05-10 19:54:00,98699542,-7.756874684767989,-10.169248107247258,-5.34450126228872,34.377756449999964,-88.85918213085202,Union,-7.39,34.378,-88.8578,0.12970067710766434
2024-05-10 19:55:00,98699542,-10.078902572293208,-13.217509602994554,-6.940295541591861,34.377756449999964,-88.85918213085202,Union,-7.49,34.378,-88.8578,0.12970067710766434
2024-05-10 19:56:00,98699542,-7.088877038500336,-9.29503432001636,-4.882719756984314,34.377756449999964,-88.85918213085202,Union,-6.88,34.378,-88.8578,0.12970067710766434
2024-05-10 19:57:00,98699542,-11.610656943510424,-15.225764272111537,-7.995549614909312,34.377756449999964,-88.85918213085202,Union,-9.07,34.378,-88.8578,0.12970067710766434
2024-05-10 19:58:00,98699542,-7.325061995628783,-9.604810458263291,-5.045313532994275,34.377756449999964,-88.85918213085202,Union,-5.34,34.378,-88.8578,0.12970067710766434
2024-05-10 19:59:00,98699542,2.264151290349697,1.5585077670209042,2.96979481367849,34.377756449999964,-88.85918213085202,Union,-1.9,34.378,-88.8578,0.12970067710766434
2024-05-10 20:00:00,98699542,3.5251187373907196,2.4272675919158297,4.622969882865609,34.377756449999964,-88.85918213085202,Union,-1.93,34.378,-88.8578,0.12970067710766434
2024-05-10 20:01:00,98699542,5.068321284465367,3.4896462639304557,6.646996305000278,34.377756449999964,-88.85918213085202,Union,0.47,34.378,-88.8578,0.12970067710766434
2024-05-10 20:02:00,98699542,2.7159313004371217,1.8698480701931377,3.5620145306811057,34.377756449999964,-88.85918213085202,Union,-0.41,34.378,-88.8578,0.12970067710766434
2024-05-10 20:03:00,98699542,3.8936643619704103,2.682110168168258,5.105218555772563,34.377756449999964,-88.85918213085202,Union,0.77,34.378,-88.8578,0.12970067710766434
2024-05-10 20:04:00,98699542,8.083720368190988,5.5691949968250505,10.598245739556926,34.377756449999964,-88.85918213085202,Union,1.86,34.378,-88.8578,0.12970067710766434
2024-05-10 20:05:00,98699542,2.218120849445192,1.5267410273302837,2.9095006715601,34.377756449999964,-88.85918213085202,Union,-0.84,34.378,-88.8578,0.12970067710766434
2024-05-10 20:06:00,98699542,0.39321712655514457,0.2455430953581441,0.540891157752145,34.377756449999964,-88.85918213085202,Union,0.33,34.378,-88.8578,0.12970067710766434
2024-05-10 20:07:00,98699542,0.1939465754290275,0.08953025413843958,0.2983628967196154,34.377756449999964,-88.85918213085202,Union,-0.95,34.378,-88.8578,0.12970067710766434
2024-05-10 20:08:00,98699542,1.7039583946284464,1.1704807005902635,2.2374360886666294,34.377756449999964,-88.85918213085202,Union,-0.92,34.378,-88.8578,0.12970067710766434
2024-05-10 20:09:00,98699542,-0.4824025013660054,-0.6376084637680803,-0.3271965389639304,34.377756449999964,-88.85918213085202,Union,-2.23,34.378,-88.8578,0.12970067710766434
2024-05-10 20:10:00,98699542,-2.7131874684767987,-3.5611235777944925,-1.865251359159105,34.377756449999964,-88.85918213085202,Union,-3.78,34.378,-88.8578,0.12970067710766434
2024-05-10 20:11:00,98699542,0.4702765766854405,0.31461415827017386,0.625938995100707,34.377756449999964,-88.85918213085202,Union,-2.14,34.378,-88.8578,0.12970067710766434
2024-05-10 20:12:00,98699542,-1.826688724150975,-2.4055808820358915,-1.2477965662660586,34.377756449999964,-88.85918213085202,Union,-0.65,34.378,-88.8578,0.12970067710766434
2024-05-10 20:13:00,98699542,-6.471108986213854,-8.485954529203362,-4.456263443224346,34.377756449999964,-88.85918213085202,Union,-1.99,34.378,-88.8578,0.12970067710766434
2024-05-10 20:14:00,98699542,-1.6657496479909213,-2.1860692432611595,-1.145430052720683,34.377756449999964,-88.85918213085202,Union,-3.42,34.378,-88.8578,0.12970067710766434
2024-05-10 20:15:00,98699542,-3.366608261180229,-4.416995212680014,-2.316221309680443,34.377756449999964,-88.85918213085202,Union,-3.67,34.378,-88.8578,0.12970067710766434
2024-05-10 20:16:00,98699542,-4.427360036987222,-5.805796013158781,-3.048924060815664,34.377756449999964,-88.85918213085202,Union,-2.01,34.378,-88.8578,0.12970067710766434
2024-05-10 20:17:00,98699542,-3.8005829165265634,-4.984129856189464,-2.617035976863663,34.377756449999964,-88.85918213085202,Union,-1.47,34.378,-88.8578,0.12970067710766434
2024-05-10 20:18:00,98699542,-3.8882896561869535,-5.097542807057684,-2.679036505316223,34.377756449999964,-88.85918213085202,Union,-2.81,34.378,-88.8578,0.12970067710766434
2024-05-10 20:19:00,98699542,0.4697465928673504,0.3150694774438456,0.6244237082908551,34.377756449999964,-88.85918213085202,Union,-1.75,34.378,-88.8578,0.12970067710766434
2024-05-10 20:20:00,98699542,3.827589105581708,2.634859680260554,5.020318530902862,34.377756449999964,-88.85918213085202,Union,-0.38,34.378,-88.8578,0.12970067710766434
2024-05-10 20:21:00,98699542,7.692832674848689,5.300122003580242,10.085543346117136,34.377756449999964,-88.85918213085202,Union,2.51,34.378,-88.8578,0.12970067710766434
2024-05-10 20:22:00,98699542,3.3030719359448555,2.274753748220167,4.331390123669544,34.377756449999964,-88.85918213085202,Union,-0.14,34.378,-88.8578,0.12970067710766434
2024-05-10 20:23:00,98699542,-0.9313395127563887,-1.2214940704491362,-0.6411849550636413,34.377756449999964,-88.85918213085202,Union,-1.44,34.378,-88.8578,0.12970067710766434
2024-05-10 20:24:00,98699542,0.6013566140929725,0.4128162391037344,0.7898969890822105,34.377756449999964,-88.85918213085202,Union,-0.26,34.378,-88.8578,0.12970067710766434
2024-05-10 20:25:00,98699542,2.4350293691156693,1.6655309924587756,3.204527745772563,34.377756449999964,-88.85918213085202,Union,-0.57,34.378,-88.8578,0.12970067710766434
2024-05-10 20:26:00,98699542,2.668898684431742,1.8365256585596104,3.5012717103038735,34.377756449999964,-88.85918213085202,Union,3.15,34.378,-88.8578,0.12970067710766434
2024-05-10 20:27:00,98699542,3.7858668354909213,2.607474728357536,4.964258942624307,34.377756449999964,-88.85918213085202,Union,1.48,34.378,-88.8578,0.12970067710766434
2024-05-10 20:28:00,98699542,-2.8177880169804976,-3.695217815457169,-1.9403582185038264,34.377756449999964,-88.85918213085202,Union,-1.2,34.378,-88.8578,0.12970067710766434
2024-05-10 20:29:00,98699542,6.401306111297915,4.408870035728466,8.393742186867364,34.377756449999964,-88.85918213085202,Union,-0.45,34.378,-88.8578,0.12970067710766434
2024-05-10 20:30:00,98699542,1.59396475180733,1.0953678814847287,2.0925616221299315,34.377756449999964,-88.85918213085202,Union,-2.77,34.378,-88.8578,0.12970067710766434
2024-05-10 20:31:00,98699542,-3.7872945738063213,-4.9670946683249415,-2.607494479287701,34.377756449999964,-88.85918213085202,Union,-7.59,34.378,-88.8578,0.12970067710766434
2024-05-10 20:32:00,98699542,-1.381749248697041,-1.812971281902091,-0.9505272154919913,34.377756449999964,-88.85918213085202,Union,-5.68,34.378,-88.8578,0.12970067710766434
2024-05-10 20:33:00,98699542,1.8265357052790854,1.255342859847215,2.397728550710956,34.377756449999964,-88.85918213085202,Union,-3.83,34.378,-88.8578,0.12970067710766434
2024-05-10 20:34:00,98699542,-0.674282256115501,-0.884047736264616,-0.46451677596638596,34.377756449999964,-88.85918213085202,Union,-3.72,34.378,-88.8578,0.12970067710766434
2024-05-10 20:35:00,98699542,2.9766715177370546,2.04626469635015,3.9070783391239594,34.377756449999964,-88.85918213085202,Union,-3.02,34.378,-88.8578,0.12970067710766434
2024-05-10 20:36:00,98699542,0.2728118383411441,0.14143633176617015,0.404187344916118,34.377756449999964,-88.85918213085202,Union,-2.01,34.378,-88.8578,0.12970067710766434
2024-05-10 20:37:00,98699542,3.108471334902488,2.1383119422161,4.078630727588877,34.377756449999964,-88.85918213085202,Union,-0.15,34.378,-88.8578,0.12970067710766434
2024-05-10 20:38:00,98699542,4.448790559852051,3.062160027561637,5.8354210921424645,34.377756449999964,-88.85918213085202,Union,-0.06,34.378,-88.8578,0.12970067710766434
2024-05-10 20:39:00,98699542,-2.6227277025891054,-3.4424029317652853,-1.8030524734129254,34.377756449999964,-88.85918213085202,Union,-2.05,34.378,-88.8578,0.12970067710766434
2024-05-10 20:40:00,98699542,-1.327780871721587,-1.7493428810024487,-0.9062188624407254,34.377756449999964,-88.85918213085202,Union,-3.99,34.378,-88.8578,0.12970067710766434
2024-05-10 20:41:00,98699542,-3.766505022696705,-4.939520196869617,-2.593489848523793,34.377756449999964,-88.85918213085202,Union,-5.61,34.378,-88.8578,0.12970067710766434
2024-05-10 20:42:00,98699542,-2.8572104068594486,-3.7481600595193854,-1.9662607541995119,34.377756449999964,-88.85918213085202,Union,-6.27,34.378,-88.8578,0.12970067710766434
2024-05-10 20:43:00,98699542,-5.680470326160054,-7.449086152067986,-3.911854500252123,34.377756449999964,-88.85918213085202,Union,-6.49,34.378,-88.8578,0.12970067710766434
2024-05-10 20:44:00,98699542,-6.261222259583053,-8.210456226025594,-4.311988293140512,34.377756449999964,-88.85918213085202,Union,-9.88,34.378,-88.8578,0.12970067710766434
2024-05-10 20:45:00,98699542,-6.453555817081372,-8.461847270661004,-4.445264363501741,34.377756449999964,-88.85918213085202,Union,-9.87,34.378,-88.8578,0.12970067710766434
2024-05-10 20:46:00,98699542,-4.975141329018157,-6.523939735742118,-3.426342922294197,34.377756449999964,-88.85918213085202,Union,-9.14,34.378,-88.8578,0.12970067710766434
2024-05-10 20:47:00,98699542,-8.471592341963685,-11.109792491549486,-5.833392192377884,34.377756449999964,-88.85918213085202,Union,-14.56,34.378,-88.8578,0.12970067710766434
2024-05-10 20:48:00,98699542,-11.59275176529926,-15.202824864433191,-7.982678666165329,34.377756449999964,-88.85918213085202,Union,-9.83,34.378,-88.8578,0.12970067710766434
2024-05-10 20:49:00,98699542,-4.125110331203766,-5.40839898464586,-2.841821677761672,34.377756449999964,-88.85918213085202,Union,-2.88,34.378,-88.8578,0.12970067710766434
2024-05-10 20:50:00,98699542,-7.231120229488904,-9.482053615543194,-4.980186843434614,34.377756449999964,-88.85918213085202,Union,-5.12,34.378,-88.8578,0.12970067710766434
2024-05-10 20:51:00,98699542,-6.210249243443174,-8.142080989242933,-4.2784174976434155,34.377756449999964,-88.85918213085202,Union,-5.56,34.378,-88.8578,0.12970067710766434
2024-05-10 20:52:00,98699542,-7.138297536987222,-9.359190081053487,-4.917404992920957,34.377756449999964,-88.85918213085202,Union,-5.62,34.378,-88.8578,0.12970067710766434
2024-05-10 20:53:00,98699542,-6.009259940316072,-7.87998573077459,-4.138534149857555,34.377756449999964,-88.85918213085202,Union,-5.99,34.378,-88.8578,0.12970067710766434
2024-05-10 20:54:00,98699542,-10.073669720914593,-13.209757995053604,-6.9375814467755825,34.377756449999964,-88.85918213085202,Union,-8.24,34.378,-88.8578,0.12970067710766434
2024-05-10 20:55:00,98699542,-9.163636936785474,-12.0161367694238,-6.311137104147148,34.377756449999964,-88.85918213085202,Union,-8.84,34.378,-88.8578,0.12970067710766434
2024-05-10 20:56:00,98699542,-7.18506483271688,-9.420729506241761,-4.949400159191999,34.377756449999964,-88.85918213085202,Union,-5.61,34.378,-88.8578,0.12970067710766434
2024-05-10 20:57:00,98699542,-3.23630185566577,-4.242726770218682,-2.229876941112858,34.377756449999964,-88.85918213085202,Union,-3.5,34.378,-88.8578,0.12970067710766434
2024-05-10 20:58:00,98699542,-0.4749275623108608,-0.6420660135401208,-0.3077891110816008,34.377756449999964,-88.85918213085202,Union,-3.49,34.378,-88.8578,0.12970067710766434
2024-05-10 20:59:00,98699542,1.1000569387819434,0.7469523315773976,1.4531615459864893,34.377756449999964,-88.85918213085202,Union,-3.59,34.378,-88.8578,0.12970067710766434
2024-05-10 21:00:00,98699542,1.9644155598520512,1.3528503620604155,2.575980757643687,34.377756449999964,-88.85918213085202,Union,-4.14,34.378,-88.8578,0.12970067710766434
2024-05-10 21:01:00,98699542,-3.698234963433087,-4.861044794406616,-2.535425132459558,34.377756449999964,-88.85918213085202,Union,-2.99,34.378,-88.8578,0.12970067710766434
2024-05-10 21:02:00,98699542,-2.4021743127942163,-3.1550445793152013,-1.6493040462732316,34.377756449999964,-88.85918213085202,Union,-2.32,34.378,-88.8578,0.12970067710766434
2024-05-10 21:03:00,98699542,-7.297970431237391,-9.571033486202888,-5.024907376271894,34.377756449999964,-88.85918213085202,Union,-3.68,34.378,-88.8578,0.12970067710766434
2024-05-10 21:04:00,98699542,-2.4381974508238065,-3.1969206947663418,-1.679474206881271,34.377756449999964,-88.85918213085202,Union,-0.17,34.378,-88.8578,0.12970067710766434
2024-05-10 21:05:00,98699542,0.8959455252816073,0.6153426172480914,1.1765484333151233,34.377756449999964,-88.85918213085202,Union,-0.58,34.378,-88.8578,0.12970067710766434
2024-05-10 21:06:00,98699542,2.811156323554136,1.9312375173968153,3.6910751297114563,34.377756449999964,-88.85918213085202,Union,-1.2,34.378,-88.8578,0.12970067710766434
2024-05-10 21:07:00,98699542,-8.857830363147276,-11.616387118734739,-6.099273607559812,34.377756449999964,-88.85918213085202,Union,-5.94,34.378,-88.8578,0.12970067710766434
2024-05-10 21:08:00,98699542,-5.061735562373907,-6.637052538957759,-3.4864185857900547,34.377756449999964,-88.85918213085202,Union,-4.88,34.378,-88.8578,0.12970067710766434
2024-05-10 21:09:00,98699542,-0.851683338937458,-1.1237196887165566,-0.5796469891583594,34.377756449999964,-88.85918213085202,Union,-1.2,34.378,-88.8578,0.12970067710766434
2024-05-10 21:10:00,98699542,1.2793605781355077,0.880168004018871,1.6785531522521446,34.377756449999964,-88.85918213085202,Union,-1.77,34.378,-88.8578,0.12970067710766434
2024-05-10 21:11:00,98699542,2.268221723688635,1.5587090486045825,2.977734398772687,34.377756449999964,-88.85918213085202,Union,0.64,34.378,-88.8578,0.12970067710766434
2024-05-10 21:12:00,98699542,8.945643493611298,6.160245785668858,11.731041201553738,34.377756449999964,-88.85918213085202,Union,3.54,34.378,-88.8578,0.12970067710766434
2024-05-10 21:13:00,98699542,0.9840801267232683,0.6776641222802567,1.2904961311662797,34.377756449999964,-88.85918213085202,Union,1.61,34.378,-88.8578,0.12970067710766434
2024-05-10 21:14:00,98699542,1.2700618905514458,0.8731915508251072,1.6669322302777845,34.377756449999964,-88.85918213085202,Union,2.65,34.378,-88.8578,0.12970067710766434
2024-05-10 21:15:00,98699542,1.2178299165685944,0.8364098378691003,1.5992499952680885,34.377756449999964,-88.85918213085202,Union,2.29,34.378,-88.8578,0.12970067710766434
2024-05-10 21:16:00,98699542,1.6065385686365166,1.102619358654521,2.110457778618512,34.377756449999964,-88.85918213085202,Union,3.6,34.378,-88.8578,0.12970067710766434
2024-05-10 21:17:00,98699542,-0.3718309331918292,-0.5112207079608554,-0.232441158422803,34.377756449999964,-88.85918213085202,Union,4.05,34.378,-88.8578,0.12970067710766434
2024-05-10 21:18:00,98699542,5.795834734364492,3.989355082468908,7.602314386260076,34.377756449999964,-88.85918213085202,Union,6.19,34.378,-88.8578,0.12970067710766434
2024-05-10 21:19:00,98699542,5.737154295561533,3.9497496627539106,7.524558928369155,34.377756449999964,-88.85918213085202,Union,8.98,34.378,-88.8578,0.12970067710766434
2024-05-10 21:20:00,98699542,-2.248469811281103,-2.9488002665411326,-1.5481393560210732,34.377756449999964,-88.85918213085202,Union,4.73,34.378,-88.8578,0.12970067710766434
2024-05-10 21:21:00,98699542,-8.504218855077337,-11.151374182386906,-5.857063527767768,34.377756449999964,-88.85918213085202,Union,1.87,34.378,-88.8578,0.12970067710766434
2024-05-10 21:22:00,98699542,-6.418607094821789,-8.416709870104427,-4.420504319539152,34.377756449999964,-88.85918213085202,Union,1.47,34.378,-88.8578,0.12970067710766434
2024-05-10 21:23:00,98699542,-3.424356138618023,-4.494289623527187,-2.354422653708858,34.377756449999964,-88.85918213085202,Union,2.72,34.378,-88.8578,0.12970067710766434
2024-05-10 21:24:00,98699542,0.6923033477639543,0.4592592910036873,0.9253474045242214,34.377756449999964,-88.85918213085202,Union,3.46,34.378,-88.8578,0.12970067710766434
2024-05-10 21:25:00,98699542,-3.4628499075319437,-4.542220564816528,-2.383479250247359,34.377756449999964,-88.85918213085202,Union,0.21,34.378,-88.8578,0.12970067710766434
2024-05-10 21:26:00,98699542,-4.443505169804976,-5.827037806409836,-3.0599725332001175,34.377756449999964,-88.85918213085202,Union,-0.6,34.378,-88.8578,0.12970067710766434
2024-05-10 21:27:00,98699542,-5.801474760423671,-7.60817710954934,-3.9947724112980025,34.377756449999964,-88.85918213085202,Union,-1.85,34.378,-88.8578,0.12970067710766434
2024-05-10 21:28:00,98699542,-3.284959229993275,-4.3077881476018,-2.26213031238475,34.377756449999964,-88.85918213085202,Union,-1.34,34.378,-88.8578,0.12970067710766434
2024-05-10 21:29:00,98699542,-1.423072224907532,-1.8712349658930127,-0.9749094839220513,34.377756449999964,-88.85918213085202,Union,0.99,34.378,-88.8578,0.12970067710766434
2024-05-10 21:30:00,98699542,-1.450802134120713,-1.9225789295434366,-0.9790253386979891,34.377756449999964,-88.85918213085202,Union,-0.32,34.378,-88.8578,0.12970067710766434
2024-05-10 21:31:00,98699542,-4.858190253026227,-6.375542130822675,-3.3408383752297794,34.377756449999964,-88.85918213085202,Union,-0.9,34.378,-88.8578,0.12970067710766434
2024-05-10 21:32:00,98699542,-5.480471376933423,-7.190631367871268,-3.7703113859955772,34.377756449999964,-88.85918213085202,Union,-3.53,34.378,-88.8578,0.12970067710766434
2024-05-10 21:33:00,98699542,-7.855321641728312,-10.301290903471841,-5.409352379984784,34.377756449999964,-88.85918213085202,Union,-6.24,34.378,-88.8578,0.12970067710766434
2024-05-10 21:34:00,98699542,-6.884611949394754,-9.031598026884286,-4.737625871905223,34.377756449999964,-88.85918213085202,Union,-7.42,34.378,-88.8578,0.12970067710766434
2024-05-10 21:35:00,98699542,-8.913069519166106,-11.690715480573463,-6.13542355775875,34.377756449999964,-88.85918213085202,Union,-8.33,34.378,-88.8578,0.12970067710766434
2024-05-10 21:36:00,98699542,-13.213974235036988,-17.32789368091376,-9.100054789160215,34.377756449999964,-88.85918213085202,Union,-9.61,34.378,-88.8578,0.12970067710766434
2024-05-10 21:37:00,98699542,-19.52842341963685,-25.609126864282068,-13.447719974991637,34.377756449999964,-88.85918213085202,Union,-12.03,34.378,-88.8578,0.12970067710766434
2024-05-10 21:38:00,98699542,-19.48710701075992,-25.55408487646238,-13.420129145057462,34.377756449999964,-88.85918213085202,Union,-8.7,34.378,-88.8578,0.12970067710766434
2024-05-10 21:39:00,98699542,-15.333730875924681,-20.102428989264055,-10.565032762585307,34.377756449999964,-88.85918213085202,Union,-1.63,34.378,-88.8578,0.12970067710766434
2024-05-10 21:40:00,98699542,-5.9012640803631475,-7.739161706381194,-4.063366454345101,34.377756449999964,-88.85918213085202,Union,3.55,34.378,-88.8578,0.12970067710766434
2024-05-10 21:41:00,98699542,-5.770542619367855,-7.569809954882781,-3.971275283852928,34.377756449999964,-88.85918213085202,Union,1.85,34.378,-88.8578,0.12970067710766434
2024-05-10 21:42:00,98699542,12.427496637525218,8.551390558542106,16.30360271650833,34.377756449999964,-88.85918213085202,Union,10.92,34.378,-88.8578,0.12970067710766434
2024-05-10 21:43:00,98699542,30.621669048419637,21.095856873096004,40.14748122374327,34.377756449999964,-88.85918213085202,Union,25.63,34.378,-88.8578,0.12970067710766434
2024-05-10 21:44:00,98699542,18.75121889710827,12.91108422907039,24.59135356514615,34.377756449999964,-88.85918213085202,Union,20.11,34.378,-88.8578,0.12970067710766434
2024-05-10 21:45:00,98699542,16.987359196368526,11.697799840689244,22.27691855204781,34.377756449999964,-88.85918213085202,Union,13.95,34.378,-88.8578,0.12970067710766434
2024-05-10 21:46:00,98699542,14.206660852387357,9.783526432802613,18.6297952719721,34.377756449999964,-88.85918213085202,Union,10.55,34.378,-88.8578,0.12970067710766434
2024-05-10 21:47:00,98699542,12.438119956287828,8.567282775291591,16.308957137284064,34.377756449999964,-88.85918213085202,Union,12.82,34.378,-88.8578,0.12970067710766434
2024-05-10 21:48:00,98699542,7.37903759667115,5.081194236877396,9.676880956464904,34.377756449999964,-88.85918213085202,Union,10.57,34.378,-88.8578,0.12970067710766434
2024-05-10 21:49:00,98699542,9.030588012777404,6.21833818608874,11.842837839466068,34.377756449999964,-88.85918213085202,Union,9.29,34.378,-88.8578,0.12970067710766434
2024-05-10 21:50:00,98699542,5.693626008742434,3.9204101591447023,7.466841858340167,34.377756449999964,-88.85918213085202,Union,7.1,34.378,-88.8578,0.12970067710766434
2024-05-10 21:51:00,98699542,3.234438046402152,2.2279140029333586,4.240962089870945,34.377756449999964,-88.85918213085202,Union,5.04,34.378,-88.8578,0.12970067710766434
2024-05-10 21:52:00,98699542,2.1925437121721587,1.5091323658009472,2.8759550585433704,34.377756449999964,-88.85918213085202,Union,3.27,34.378,-88.8578,0.12970067710766434
2024-05-10 21:53:00,98699542,2.2703075088264963,1.563380835126417,2.977234182526576,34.377756449999964,-88.85918213085202,Union,1.98,34.378,-88.8578,0.12970067710766434
2024-05-10 21:54:00,98699542,2.8458804430060525,1.9596286941253531,3.732132191886752,34.377756449999964,-88.85918213085202,Union,0.61,34.378,-88.8578,0.12970067710766434
2024-05-10 21:55:00,98699542,-0.8680711347301614,-1.1480093818830845,-0.5881328875772383,34.377756449999964,-88.85918213085202,Union,-0.38,34.378,-88.8578,0.12970067710766434
2024-05-10 21:56:00,98699542,-1.5199029610793544,-1.9999631361423063,-1.0398427860164026,34.377756449999964,-88.85918213085202,Union,-2.23,34.378,-88.8578,0.12970067710766434
2024-05-10 21:57:00,98699542,-2.545042713937458,-3.3396568073902353,-1.7504286204846808,34.377756449999964,-88.85918213085202,Union,-1.89,34.378,-88.8578,0.12970067710766434
2024-05-10 21:58:00,98699542,2.283987264626765,1.5723900802488373,2.995584449004693,34.377756449999964,-88.85918213085202,Union,0.12,34.378,-88.8578,0.12970067710766434
2024-05-10 21:59:00,98699542,7.615695401815737,5.247120350978481,9.984270452652993,34.377756449999964,-88.85918213085202,Union,3.01,34.378,-88.8578,0.12970067710766434
2024-05-10 22:00:00,98699542,8.993674344317418,6.194072826269647,11.793275862365189,34.377756449999964,-88.85918213085202,Union,4.47,34.378,-88.8578,0.12970067710766434
2024-05-10 22:01:00,98699542,5.574628551613988,3.8394475231714633,7.309809580056513,34.377756449999964,-88.85918213085202,Union,4.41,34.378,-88.8578,0.12970067710766434
2024-05-10 22:02:00,98699542,2.1391040055480834,1.4727515675995948,2.8054564434965723,34.377756449999964,-88.85918213085202,Union,3.64,34.378,-88.8578,0.12970067710766434
2024-05-10 22:03:00,98699542,-3.687886159213181,-4.836648039109003,-2.5391242793173587,34.377756449999964,-88.85918213085202,Union,2.37,34.378,-88.8578,0.12970067710766434
2024-05-10 22:04:00,98699542,-19.55881178547411,-25.647968883487454,-13.469654687460764,34.377756449999964,-88.85918213085202,Union,-6.9,34.378,-88.8578,0.12970067710766434
2024-05-10 22:05:00,98699542,-14.981438088433087,-19.642847874067748,-10.320028302798427,34.377756449999964,-88.85918213085202,Union,-7.46,34.378,-88.8578,0.12970067710766434
2024-05-10 22:06:00,98699542,-10.717420771687962,-14.055014470093742,-7.379827073282183,34.377756449999964,-88.85918213085202,Union,-7.15,34.378,-88.8578,0.12970067710766434
2024-05-10 22:07:00,98699542,-8.88399462004035,-11.650393580121882,-6.117595659958816,34.377756449999964,-88.85918213085202,Union,-5.27,34.378,-88.8578,0.12970067710766434
2024-05-10 22:08:00,98699542,-12.480376807330195,-16.364385921970594,-8.596367692689794,34.377756449999964,-88.85918213085202,Union,-8.85,34.378,-88.8578,0.12970067710766434
2024-05-10 22:09:00,98699542,-4.768005001681237,-6.252851945002875,-3.283158058359599,34.377756449999964,-88.85918213085202,Union,-4.18,34.378,-88.8578,0.12970067710766434
2024-05-10 22:10:00,98699542,1.4147632344905852,0.9700566249554101,1.8594698440257602,34.377756449999964,-88.85918213085202,Union,0.07,34.378,-88.8578,0.12970067710766434
2024-05-10 22:11:00,98699542,4.9982898663416275,3.4416747322514225,6.554905000431832,34.377756449999964,-88.85918213085202,Union,2.69,34.378,-88.8578,0.12970067710766434
2024-05-10 22:12:00,98699542,7.616780325319435,5.246881433515047,9.986679217123822,34.377756449999964,-88.85918213085202,Union,2.34,34.378,-88.8578,0.12970067710766434
2024-05-10 22:13:00,98699542,6.324720494283793,4.357487627659274,8.29195336090831,34.377756449999964,-88.85918213085202,Union,2.24,34.378,-88.8578,0.12970067710766434
2024-05-10 22:14:00,98699542,-0.49280170987096505,-0.6645948358238205,-0.32100858391810966,34.377756449999964,-88.85918213085202,Union,-0.55,34.378,-88.8578,0.12970067710766434
2024-05-10 22:15:00,98699542,0.1401414184980771,0.08559136322166062,0.19469147377449358,34.377756449999964,-88.85918213085202,Union,0.14,34.378,-88.8578,0.12970067710766434
2024-05-10 22:16:00,98699542,6.3311065694351045,4.3606243302335095,8.3015888086367,34.377756449999964,-88.85918213085202,Union,1.28,34.378,-88.8578,0.12970067710766434
2024-05-10 22:17:00,98699542,14.255600622057834,9.818855692746183,18.692345551369485,34.377756449999964,-88.85918213085202,Union,4.51,34.378,-88.8578,0.12970067710766434
2024-05-10 22:18:00,98699542,5.922287428547411,4.076664536717484,7.767910320377338,34.377756449999964,-88.85918213085202,Union,3.86,34.378,-88.8578,0.12970067710766434
2024-05-10 22:19:00,98699542,4.492242665601883,3.094132283437961,5.890353047765805,34.377756449999964,-88.85918213085202,Union,2.0,34.378,-88.8578,0.12970067710766434
2024-05-10 22:20:00,98699542,2.2213257082212507,1.5293467648852261,2.9133046515572754,34.377756449999964,-88.85918213085202,Union,0.31,34.378,-88.8578,0.12970067710766434
2024-05-10 22:21:00,98699542,3.106012525218561,2.139756020872936,4.072269029564186,34.377756449999964,-88.85918213085202,Union,0.69,34.378,-88.8578,0.12970067710766434
2024-05-10 22:22:00,98699542,6.859359238399462,4.723637801094141,8.995080675704784,34.377756449999964,-88.85918213085202,Union,2.38,34.378,-88.8578,0.12970067710766434
2024-05-10 22:23:00,98699542,2.197646530346335,1.5101494226421348,2.8851436380505353,34.377756449999964,-88.85918213085202,Union,0.71,34.378,-88.8578,0.12970067710766434
2024-05-10 22:24:00,98699542,4.73321914929388,3.2592848263820766,6.207153472205684,34.377756449999964,-88.85918213085202,Union,1.74,34.378,-88.8578,0.12970067710766434
2024-05-10 22:25:00,98699542,-3.1865779463685273,-4.1838859263584895,-2.1892699663785655,34.377756449999964,-88.85918213085202,Union,1.09,34.378,-88.8578,0.12970067710766434
2024-05-10 22:26:00,98699542,-12.103264752858104,-15.87297403051466,-8.333555475201548,34.377756449999964,-88.85918213085202,Union,-5.9,34.378,-88.8578,0.12970067710766434
2024-05-10 22:27:00,98699542,-2.5948927160390047,-3.4029215159917494,-1.78686391608626,34.377756449999964,-88.85918213085202,Union,-3.11,34.378,-88.8578,0.12970067710766434
2024-05-10 22:28:00,98699542,1.2884963958473437,0.8875357690392659,1.6894570226554215,34.377756449999964,-88.85918213085202,Union,0.43,34.378,-88.8578,0.12970067710766434
2024-05-10 22:29:00,98699542,6.698044510759919,4.614045844582485,8.782043176937353,34.377756449999964,-88.85918213085202,Union,2.26,34.378,-88.8578,0.12970067710766434
2024-05-10 22:30:00,98699542,2.7988031691324817,1.9276645164721373,3.6699418217928264,34.377756449999964,-88.85918213085202,Union,2.23,34.378,-88.8578,0.12970067710766434
2024-05-10 22:31:00,98699542,-6.32592625672495,-8.295447515817212,-4.356404997632686,34.377756449999964,-88.85918213085202,Union,-0.35,34.378,-88.8578,0.12970067710766434
2024-05-10 22:32:00,98699542,-11.194198680228649,-14.680927272071425,-7.707470088385871,34.377756449999964,-88.85918213085202,Union,-6.53,34.378,-88.8578,0.12970067710766434
2024-05-10 22:33:00,98699542,-9.727807666442501,-12.756511483869849,-6.699103849015154,34.377756449999964,-88.85918213085202,Union,-4.28,34.378,-88.8578,0.12970067710766434
2024-05-10 22:34:00,98699542,-26.02925353059852,-34.13020160523271,-17.928305455964328,34.377756449999964,-88.85918213085202,Union,-13.32,34.378,-88.8578,0.12970067710766434
2024-05-10 22:35:00,98699542,-48.04081203765972,-63.00506203538845,-33.07656203993099,34.377756449999964,-88.85918213085202,Union,-33.13,34.378,-88.8578,0.12970067710766434
2024-05-10 22:36:00,98699542,-8.374280220242099,-10.982853375142547,-5.765707065341651,34.377756449999964,-88.85918213085202,Union,-0.59,34.378,-88.8578,0.12970067710766434
2024-05-10 22:37:00,98699542,30.573890383322126,21.064152155178952,40.0836286114653,34.377756449999964,-88.85918213085202,Union,13.56,34.378,-88.8578,0.12970067710766434
2024-05-10 22:38:00,98699542,22.62100706119704,15.575657029218316,29.666357093175765,34.377756449999964,-88.85918213085202,Union,9.11,34.378,-88.8578,0.12970067710766434
2024-05-10 22:39:00,98699542,5.778260549764627,3.9767706647549432,7.579750434774311,34.377756449999964,-88.85918213085202,Union,4.86,34.378,-88.8578,0.12970067710766434
2024-05-10 22:40:00,98699542,5.3953009414929385,3.713410140843511,7.077191742142366,34.377756449999964,-88.85918213085202,Union,2.38,34.378,-88.8578,0.12970067710766434
2024-05-10 22:41:00,98699542,8.080040034465366,5.56635593989799,10.593724129032742,34.377756449999964,-88.85918213085202,Union,4.23,34.378,-88.8578,0.12970067710766434
2024-05-10 22:42:00,98699542,10.576175815400134,7.282388336772337,13.869963294027931,34.377756449999964,-88.85918213085202,Union,4.34,34.378,-88.8578,0.12970067710766434
2024-05-10 22:43:00,98699542,9.33533330531271,6.4295287852718115,12.24113782535361,34.377756449999964,-88.85918213085202,Union,6.14,34.378,-88.8578,0.12970067710766434
2024-05-10 22:44:00,98699542,12.556904631809012,8.650637289055647,16.46317197456238,34.377756449999964,-88.85918213085202,Union,10.0,34.378,-88.8578,0.12970067710766434
2024-05-10 22:45:00,98699542,11.23156418123739,7.734279806543599,14.728848555931181,34.377756449999964,-88.85918213085202,Union,9.07,34.378,-88.8578,0.12970067710766434
2024-05-10 22:46:00,98699542,9.592294678883658,6.606177185617149,12.578412172150166,34.377756449999964,-88.85918213085202,Union,9.49,34.378,-88.8578,0.12970067710766434
2024-05-10 22:47:00,98699542,9.470341921654338,6.522295154014079,12.418388689294597,34.377756449999964,-88.85918213085202,Union,5.96,34.378,-88.8578,0.12970067710766434
2024-05-10 22:48:00,98699542,18.92522696704775,13.030827593331859,24.81962634076364,34.377756449999964,-88.85918213085202,Union,18.48,34.378,-88.8578,0.12970067710766434
2024-05-10 22:49:00,98699542,16.25892631977135,11.202005582892188,21.315847056650515,34.377756449999964,-88.85918213085202,Union,14.54,34.378,-88.8578,0.12970067710766434
2024-05-10 22:50:00,98699542,9.172920519502354,6.3175366970856235,12.028304341919084,34.377756449999964,-88.85918213085202,Union,10.34,34.378,-88.8578,0.12970067710766434
2024-05-10 22:51:00,98699542,10.489513281775388,7.225057469679566,13.75396909387121,34.377756449999964,-88.85918213085202,Union,12.16,34.378,-88.8578,0.12970067710766434
2024-05-10 22:52:00,98699542,16.609600916274378,11.441111979116126,21.77808985343263,34.377756449999964,-88.85918213085202,Union,12.89,34.378,-88.8578,0.12970067710766434
2024-05-10 22:53:00,98699542,24.317753866845997,16.746107948174934,31.88939978551706,34.377756449999964,-88.85918213085202,Union,17.29,34.378,-88.8578,0.12970067710766434
2024-05-10 22:54:00,98699542,20.357231422326834,14.02032984562797,26.694132999025697,34.377756449999964,-88.85918213085202,Union,15.45,34.378,-88.8578,0.12970067710766434
2024-05-10 22:55:00,98699542,16.561916820780095,11.409961182022109,21.71387245953808,34.377756449999964,-88.85918213085202,Union,12.16,34.378,-88.8578,0.12970067710766434
2024-05-10 22:56:00,98699542,13.80895363987895,9.51283391437763,18.10507336538027,34.377756449999964,-88.85918213085202,Union,11.59,34.378,-88.8578,0.12970067710766434
2024-05-10 22:57:00,98699542,13.015582969065232,8.96619214972333,17.064973788407134,34.377756449999964,-88.85918213085202,Union,9.29,34.378,-88.8578,0.12970067710766434
2024-05-10 22:58:00,98699542,9.466301698049765,6.518531964867174,12.414071431232356,34.377756449999964,-88.85918213085202,Union,7.07,34.378,-88.8578,0.12970067710766434
2024-05-10 22:59:00,98699542,10.349072167114997,7.128310770991185,13.56983356323881,34.377756449999964,-88.85918213085202,Union,8.34,34.378,-88.8578,0.12970067710766434
2024-05-10 23:00:00,98699542,8.777367392400807,6.045993074061502,11.50874171074011,34.377756449999964,-88.85918213085202,Union,8.45,34.378,-88.8578,0.12970067710766434
2024-05-10 23:01:00,98699542,2.9254830930564895,2.003024934951307,3.847941251161672,34.377756449999964,-88.85918213085202,Union,8.2,34.378,-88.8578,0.12970067710766434
2024-05-10 23:02:00,98699542,-7.071846629119031,-9.289263213662062,-4.8544300445760005,34.377756449999964,-88.85918213085202,Union,5.2,34.378,-88.8578,0.12970067710766434
2024-05-10 23:03:00,98699542,-8.310918586079355,-10.903586414159557,-5.718250757999153,34.377756449999964,-88.85918213085202,Union,3.25,34.378,-88.8578,0.12970067710766434
2024-05-10 23:04:00,98699542,-3.500115585070612,-4.59069814643749,-2.409533023703734,34.377756449999964,-88.85918213085202,Union,3.83,34.378,-88.8578,0.12970067710766434
2024-05-10 23:05:00,98699542,-1.3669064181237391,-1.7985192686784295,-0.9352935675690488,34.377756449999964,-88.85918213085202,Union,1.53,34.378,-88.8578,0.12970067710766434
2024-05-10 23:06:00,98699542,-2.960169121973773,-3.8833210062239543,-2.0370172377235916,34.377756449999964,-88.85918213085202,Union,-0.13,34.378,-88.8578,0.12970067710766434
2024-05-10 23:07:00,98699542,-0.6113960969023201,-0.8045724538434855,-0.4182197399611547,34.377756449999964,-88.85918213085202,Union,-1.63,34.378,-88.8578,0.12970067710766434
2024-05-10 23:08:00,98699542,-0.1476705585779884,-0.20046645697404475,-0.09487466018193204,34.377756449999964,-88.85918213085202,Union,-3.31,34.378,-88.8578,0.12970067710766434
2024-05-10 23:09:00,98699542,1.8051807067501682,1.2404154771962415,2.369945936304095,34.377756449999964,-88.85918213085202,Union,-3.29,34.378,-88.8578,0.12970067710766434
2024-05-10 23:10:00,98699542,15.506320401815737,10.680096353714475,20.332544449917,34.377756449999964,-88.85918213085202,Union,0.95,34.378,-88.8578,0.12970067710766434
2024-05-10 23:11:00,98699542,25.859196368527236,17.81150408970881,33.90688864734567,34.377756449999964,-88.85918213085202,Union,4.49,34.378,-88.8578,0.12970067710766434
2024-05-10 23:12:00,98699542,20.797600033624747,14.324330505300201,27.27086956194929,34.377756449999964,-88.85918213085202,Union,2.02,34.378,-88.8578,0.12970067710766434
2024-05-10 23:13:00,98699542,14.694834398117013,10.122481272555722,19.267187523678302,34.377756449999964,-88.85918213085202,Union,2.4,34.378,-88.8578,0.12970067710766434
2024-05-10 23:14:00,98699542,12.044789214862138,8.294172330095943,15.795406099628334,34.377756449999964,-88.85918213085202,Union,1.96,34.378,-88.8578,0.12970067710766434
2024-05-10 23:15:00,98699542,11.649771982178883,8.022007835035746,15.277536129322021,34.377756449999964,-88.85918213085202,Union,1.44,34.378,-88.8578,0.12970067710766434
2024-05-10 23:16:00,98699542,13.81489050941493,9.515599528771311,18.11418149005855,34.377756449999964,-88.85918213085202,Union,4.35,34.378,-88.8578,0.12970067710766434
2024-05-10 23:17:00,98699542,13.326711709818426,9.179553588369439,17.473869831267415,34.377756449999964,-88.85918213085202,Union,7.36,34.378,-88.8578,0.12970067710766434
2024-05-10 23:18:00,98699542,12.769996217215871,8.797624801165037,16.742367633266706,34.377756449999964,-88.85918213085202,Union,7.91,34.378,-88.8578,0.12970067710766434
2024-05-10 23:19:00,98699542,9.5914540601883,6.605627239733643,12.577280880642956,34.377756449999964,-88.85918213085202,Union,7.3,34.378,-88.8578,0.12970067710766434
2024-05-10 23:20:00,98699542,8.668234070275723,5.969757666844327,11.36671047370712,34.377756449999964,-88.85918213085202,Union,7.74,34.378,-88.8578,0.12970067710766434
2024-05-10 23:21:00,98699542,6.8012409633490245,4.684766874439728,8.91771505225832,34.377756449999964,-88.85918213085202,Union,7.48,34.378,-88.8578,0.12970067710766434
2024-05-10 23:22:00,98699542,6.217081897276396,4.282780914205045,8.151382880347747,34.377756449999964,-88.85918213085202,Union,6.48,34.378,-88.8578,0.12970067710766434
2024-05-10 23:23:00,98699542,6.309310902824479,4.346743310652958,8.271878494996,34.377756449999964,-88.85918213085202,Union,7.68,34.378,-88.8578,0.12970067710766434
2024-05-10 23:24:00,98699542,5.030354215702757,3.464027338422418,6.596681092983096,34.377756449999964,-88.85918213085202,Union,5.72,34.378,-88.8578,0.12970067710766434
2024-05-10 23:25:00,98699542,3.773736970410222,2.60034690692628,4.947127033894164,34.377756449999964,-88.85918213085202,Union,4.87,34.378,-88.8578,0.12970067710766434
2024-05-10 23:26:00,98699542,1.160720383952589,0.7994700501906348,1.5219707177145434,34.377756449999964,-88.85918213085202,Union,3.0,34.378,-88.8578,0.12970067710766434
2024-05-10 23:27:00,98699542,-0.28700602158813887,-0.38324670564638885,-0.1907653375298889,34.377756449999964,-88.85918213085202,Union,2.13,34.378,-88.8578,0.12970067710766434
2024-05-10 23:28:00,98699542,1.4764199888618024,1.016776577669071,1.9360634000545338,34.377756449999964,-88.85918213085202,Union,0.66,34.378,-88.8578,0.12970067710766434
2024-05-10 23:29:00,98699542,0.5812682900239576,0.3987549970329568,0.7637815830149585,34.377756449999964,-88.85918213085202,Union,1.73,34.378,-88.8578,0.12970067710766434
2024-05-10 23:30:00,98699542,1.159489008910558,0.7983899867518981,1.520588031069218,34.377756449999964,-88.85918213085202,Union,1.21,34.378,-88.8578,0.12970067710766434
2024-05-10 23:31:00,98699542,3.9599957443678546,2.728164115178486,5.191827373557223,34.377756449999964,-88.85918213085202,Union,2.91,34.378,-88.8578,0.12970067710766434
2024-05-10 23:32:00,98699542,6.438834482178883,4.435716582972196,8.44195238138557,34.377756449999964,-88.85918213085202,Union,4.52,34.378,-88.8578,0.12970067710766434
2024-05-10 23:33:00,98699542,5.220242098184263,3.595591631119554,6.844892565248973,34.377756449999964,-88.85918213085202,Union,4.04,34.378,-88.8578,0.12970067710766434
2024-05-10 23:34:00,98699542,2.7394476084398116,1.887365726228016,3.5915294906516073,34.377756449999964,-88.85918213085202,Union,2.19,34.378,-88.8578,0.12970067710766434
2024-05-10 23:35:00,98699542,2.4362942375588434,1.6734029572222253,3.1991855178954616,34.377756449999964,-88.85918213085202,Union,1.85,34.378,-88.8578,0.12970067710766434
2024-05-10 23:36:00,98699542,2.910274462004035,1.9976990136982207,3.822849910309849,34.377756449999964,-88.85918213085202,Union,1.43,34.378,-88.8578,0.12970067710766434
2024-05-10 23:37:00,98699542,2.29861797032616,1.5819065077172727,3.0153294329350473,34.377756449999964,-88.85918213085202,Union,1.14,34.378,-88.8578,0.12970067710766434
2024-05-10 23:38:00,98699542,1.8271123171654338,1.2519868183964202,2.4022378159344475,34.377756449999964,-88.85918213085202,Union,1.03,34.378,-88.8578,0.12970067710766434
2024-05-10 23:39:00,98699542,-0.7285484616677875,-0.9659725557827789,-0.4911243675527962,34.377756449999964,-88.85918213085202,Union,1.09,34.378,-88.8578,0.12970067710766434
2024-05-10 23:40:00,98699542,-3.138503751260928,-4.115739491275969,-2.1612680112458875,34.377756449999964,-88.85918213085202,Union,-0.01,34.378,-88.8578,0.12970067710766434
2024-05-10 23:41:00,98699542,-6.6843187836247475,-8.765196189700516,-4.603441377548979,34.377756449999964,-88.85918213085202,Union,-1.65,34.378,-88.8578,0.12970067710766434
2024-05-10 23:42:00,98699542,-3.1303195401815738,-4.105135761087846,-2.155503319275302,34.377756449999964,-88.85918213085202,Union,0.16,34.378,-88.8578,0.12970067710766434
2024-05-10 23:43:00,98699542,1.833147039971419,1.2613245346306772,2.4049695453121607,34.377756449999964,-88.85918213085202,Union,1.7,34.378,-88.8578,0.12970067710766434
2024-05-10 23:44:00,98699542,4.198661840114324,2.8896311820798077,5.507692498148841,34.377756449999964,-88.85918213085202,Union,1.58,34.378,-88.8578,0.12970067710766434
2024-05-10 23:45:00,98699542,-0.44542726415391726,-0.5953230107001382,-0.29553151760769636,34.377756449999964,-88.85918213085202,Union,0.09,34.378,-88.8578,0.12970067710766434
2024-05-10 23:46:00,98699542,9.926571956960323,6.835739002258887,13.01740491166176,34.377756449999964,-88.85918213085202,Union,3.21,34.378,-88.8578,0.12970067710766434
2024-05-10 23:47:00,98699542,8.029537239408205,5.532186837665112,10.526887641151298,34.377756449999964,-88.85918213085202,Union,4.68,34.378,-88.8578,0.12970067710766434
2024-05-10 23:48:00,98699542,6.535763071620713,4.502077554754297,8.56944858848713,34.377756449999964,-88.85918213085202,Union,3.9,34.378,-88.8578,0.12970067710766434
2024-05-10 23:49:00,98699542,4.337999642737055,2.987754795952915,5.688244489521194,34.377756449999964,-88.85918213085202,Union,4.56,34.378,-88.8578,0.12970067710766434
2024-05-10 23:50:00,98699542,5.896596019670477,4.060148869913492,7.733043169427463,34.377756449999964,-88.85918213085202,Union,4.06,34.378,-88.8578,0.12970067710766434
2024-05-10 23:51:00,98699542,2.085827168796234,1.43700530683369,2.734649030758778,34.377756449999964,-88.85918213085202,Union,4.35,34.378,-88.8578,0.12970067710766434
2024-05-10 23:52:00,98699542,2.7943097995124413,1.9246982178953846,3.663921381129498,34.377756449999964,-88.85918213085202,Union,3.88,34.378,-88.8578,0.12970067710766434
2024-05-10 23:53:00,98699542,-1.4395023800016813,-1.8882834073106205,-0.9907213526927421,34.377756449999964,-88.85918213085202,Union,2.36,34.378,-88.8578,0.12970067710766434
2024-05-10 23:54:00,98699542,2.4962159024041695,1.718071527009609,3.27436027779873,34.377756449999964,-88.85918213085202,Union,2.36,34.378,-88.8578,0.12970067710766434
2024-05-10 23:55:00,98699542,-3.957356989744452,-5.188484596895188,-2.7262293825937163,34.377756449999964,-88.85918213085202,Union,1.61,34.378,-88.8578,0.12970067710766434
2024-05-10 23:56:00,98699542,1.5633997246973772,1.0749994843985264,2.0517999649962277,34.377756449999964,-88.85918213085202,Union,1.46,34.378,-88.8578,0.12970067710766434
2024-05-10 23:57:00,98699542,-4.833455047915265,-6.338780778183335,-3.3281293176471953,34.377756449999964,-88.85918213085202,Union,1.08,34.378,-88.8578,0.12970067710766434
2024-05-10 23:58:00,98699542,4.685172536987222,3.224031961134426,6.146313112840019,34.377756449999964,-88.85918213085202,Union,1.27,34.378,-88.8578,0.12970067710766434
2024-05-10 23:59:00,98699542,-15.064265299260256,-19.751843827765086,-10.376686770755427,34.377756449999964,-88.85918213085202,Union,0.42,34.378,-88.8578,0.12970067710766434
2024-05-11 00:00:00,98699542,-49.99848688634835,-65.55997925184927,-34.43699452084744,34.377756449999964,-88.85918213085202,Union,0.48,34.378,-88.8578,0.12970067710766434
2024-05-11 00:01:00,98699542,-15.410048545729657,-20.202397154251035,-10.617699937208279,34.377756449999964,-88.85918213085202,Union,-0.9,34.378,-88.8578,0.12970067710766434
2024-05-11 00:02:00,98699542,-22.60401605581708,-29.643901896315768,-15.564130215318393,34.377756449999964,-88.85918213085202,Union,-1.86,34.378,-88.8578,0.12970067710766434
2024-05-11 00:03:00,98699542,-13.991310104236717,-18.345833051880398,-9.636787156593037,34.377756449999964,-88.85918213085202,Union,-1.84,34.378,-88.8578,0.12970067710766434
2024-05-11 00:04:00,98699542,-17.312058675184936,-22.70150077441029,-11.92261657595958,34.377756449999964,-88.85918213085202,Union,-3.01,34.378,-88.8578,0.12970067710766434
2024-05-11 00:05:00,98699542,-10.749774083725622,-14.096413217424843,-7.403134950026402,34.377756449999964,-88.85918213085202,Union,-1.65,34.378,-88.8578,0.12970067710766434
2024-05-11 00:06:00,98699542,-13.531580993611298,-17.742902594795677,-9.32025939242692,34.377756449999964,-88.85918213085202,Union,-2.6,34.378,-88.8578,0.12970067710766434
2024-05-11 00:07:00,98699542,-9.62925563214526,-12.626753933863512,-6.631757330427007,34.377756449999964,-88.85918213085202,Union,-2.45,34.378,-88.8578,0.12970067710766434
2024-05-11 00:08:00,98699542,-11.309027194014796,-14.83254951027473,-7.785504877754862,34.377756449999964,-88.85918213085202,Union,-1.83,34.378,-88.8578,0.12970067710766434
2024-05-11 00:09:00,98699542,-9.101835701075991,-11.935711703776391,-6.267959698375591,34.377756449999964,-88.85918213085202,Union,-0.84,34.378,-88.8578,0.12970067710766434
2024-05-11 00:10:00,98699542,-9.92913584398117,-13.020588881276257,-6.837682806686082,34.377756449999964,-88.85918213085202,Union,-1.57,34.378,-88.8578,0.12970067710766434
2024-05-11 00:11:00,98699542,-9.086499663752521,-11.915342358315911,-6.2576569691891315,34.377756449999964,-88.85918213085202,Union,-1.86,34.378,-88.8578,0.12970067710766434
2024-05-11 00:12:00,98699542,-11.391486634162744,-14.939886152564036,-7.843087115761453,34.377756449999964,-88.85918213085202,Union,-2.4,34.378,-88.8578,0.12970067710766434
2024-05-11 00:13:00,98699542,-7.132294994115669,-9.35171159766678,-4.912878390564558,34.377756449999964,-88.85918213085202,Union,-2.87,34.378,-88.8578,0.12970067710766434
2024-05-11 00:14:00,98699542,-7.650236949394754,-10.029285719838857,-5.271188178950652,34.377756449999964,-88.85918213085202,Union,-1.61,34.378,-88.8578,0.12970067710766434
2024-05-11 00:15:00,98699542,-5.1583909507397445,-6.763982255123728,-3.552799646355761,34.377756449999964,-88.85918213085202,Union,-1.49,34.378,-88.8578,0.12970067710766434
2024-05-11 00:16:00,98699542,-6.221505653160726,-8.157363505041017,-4.285647801280435,34.377756449999964,-88.85918213085202,Union,-1.22,34.378,-88.8578,0.12970067710766434
2024-05-11 00:17:00,98699542,-5.650809620880969,-7.4109373021542,-3.8906819396077372,34.377756449999964,-88.85918213085202,Union,-1.59,34.378,-88.8578,0.12970067710766434
2024-05-11 00:18:00,98699542,-6.534636117182246,-8.568009536020478,-4.501262698344014,34.377756449999964,-88.85918213085202,Union,-1.36,34.378,-88.8578,0.12970067710766434
2024-05-11 00:19:00,98699542,-5.586846418964358,-7.32605580591682,-3.8476370320118964,34.377756449999964,-88.85918213085202,Union,-2.08,34.378,-88.8578,0.12970067710766434
2024-05-11 00:20:00,98699542,-7.482646477807666,-9.81056611690325,-5.154726838712082,34.377756449999964,-88.85918213085202,Union,-2.9,34.378,-88.8578,0.12970067710766434
2024-05-11 00:21:00,98699542,-6.751048146435776,-8.851613991194158,-4.650482301677394,34.377756449999964,-88.85918213085202,Union,-2.68,34.378,-88.8578,0.12970067710766434
2024-05-11 00:22:00,98699542,-7.111481800605246,-9.324842923690118,-4.898120677520373,34.377756449999964,-88.85918213085202,Union,-3.04,34.378,-88.8578,0.12970067710766434
2024-05-11 00:23:00,98699542,-6.466966312205783,-8.479441070972639,-4.4544915534389276,34.377756449999964,-88.85918213085202,Union,-3.03,34.378,-88.8578,0.12970067710766434
2024-05-11 00:24:00,98699542,-13.590802580699394,-17.822645144960134,-9.358960016438655,34.377756449999964,-88.85918213085202,Union,-3.15,34.378,-88.8578,0.12970067710766434
2024-05-11 00:25:00,98699542,-10.35614387188971,-13.580253394810933,-7.132034348968487,34.377756449999964,-88.85918213085202,Union,-4.15,34.378,-88.8578,0.12970067710766434
2024-05-11 00:26:00,98699542,-6.881470137020847,-9.022968293479558,-4.739971980562136,34.377756449999964,-88.85918213085202,Union,-2.52,34.378,-88.8578,0.12970067710766434
2024-05-11 00:27:00,98699542,-6.980723562542031,-9.15340925177897,-4.808037873305093,34.377756449999964,-88.85918213085202,Union,-2.81,34.378,-88.8578,0.12970067710766434
2024-05-11 00:28:00,98699542,-9.53677706792199,-12.506751788841326,-6.566802347002655,34.377756449999964,-88.85918213085202,Union,-3.04,34.378,-88.8578,0.12970067710766434
2024-05-11 00:29:00,98699542,-13.502038500336248,-17.704113137905935,-9.29996386276656,34.377756449999964,-88.85918213085202,Union,-6.7,34.378,-88.8578,0.12970067710766434
2024-05-11 00:30:00,98699542,-16.32878173335575,-21.408511649099644,-11.249051817611857,34.377756449999964,-88.85918213085202,Union,-6.58,34.378,-88.8578,0.12970067710766434
2024-05-11 00:31:00,98699542,-12.137651311365165,-15.917646613577537,-8.357656009152793,34.377756449999964,-88.85918213085202,Union,-5.67,34.378,-88.8578,0.12970067710766434
2024-05-11 00:32:00,98699542,-8.186822251176865,-10.7353294175624,-5.63831508479133,34.377756449999964,-88.85918213085202,Union,-5.8,34.378,-88.8578,0.12970067710766434
2024-05-11 00:33:00,98699542,1.4504744241761938,0.9748663125830115,1.926082535769376,34.377756449999964,-88.85918213085202,Union,-1.06,34.378,-88.8578,0.12970067710766434
2024-05-11 00:34:00,98699542,-0.7533463848142232,-0.9991471577283142,-0.5075456119001323,34.377756449999964,-88.85918213085202,Union,-0.85,34.378,-88.8578,0.12970067710766434
2024-05-11 00:35:00,98699542,-4.147962025050437,-5.438389472939932,-2.8575345771609424,34.377756449999964,-88.85918213085202,Union,1.77,34.378,-88.8578,0.12970067710766434
2024-05-11 00:36:00,98699542,2.058306757523537,1.3997439255606343,2.71686958948644,34.377756449999964,-88.85918213085202,Union,3.23,34.378,-88.8578,0.12970067710766434
2024-05-11 00:37:00,98699542,5.476278791190316,3.770453033106213,7.182104549274419,34.377756449999964,-88.85918213085202,Union,7.14,34.378,-88.8578,0.12970067710766434
2024-05-11 00:38:00,98699542,5.068689055144587,3.4901710633640377,6.647207046925136,34.377756449999964,-88.85918213085202,Union,7.36,34.378,-88.8578,0.12970067710766434
2024-05-11 00:39:00,98699542,4.375165496805649,3.011685373383811,5.738645620227487,34.377756449999964,-88.85918213085202,Union,6.76,34.378,-88.8578,0.12970067710766434
2024-05-11 00:40:00,98699542,2.9442669804976465,2.024019322230935,3.864514638764358,34.377756449999964,-88.85918213085202,Union,5.7,34.378,-88.8578,0.12970067710766434
2024-05-11 00:41:00,98699542,0.505029920771688,0.34514675823068064,0.6649130833126953,34.377756449999964,-88.85918213085202,Union,3.64,34.378,-88.8578,0.12970067710766434
2024-05-11 00:42:00,98699542,-0.48579879791526565,-0.6372403464230262,-0.3343572494075051,34.377756449999964,-88.85918213085202,Union,2.55,34.378,-88.8578,0.12970067710766434
2024-05-11 00:43:00,98699542,-1.0220954653875252,-1.3399241472564525,-0.7042667835185978,34.377756449999964,-88.85918213085202,Union,1.21,34.378,-88.8578,0.12970067710766434
2024-05-11 00:44:00,98699542,-3.4507266097848017,-4.524417277100544,-2.3770359424690595,34.377756449999964,-88.85918213085202,Union,1.03,34.378,-88.8578,0.12970067710766434
2024-05-11 00:45:00,98699542,-3.9211197566408877,-5.141986648002469,-2.7002528652793067,34.377756449999964,-88.85918213085202,Union,-1.39,34.378,-88.8578,0.12970067710766434
2024-05-11 00:46:00,98699542,-7.872575340450572,-10.32188278728962,-5.423267893611523,34.377756449999964,-88.85918213085202,Union,-4.0,34.378,-88.8578,0.12970067710766434
2024-05-11 00:47:00,98699542,-8.286099319098856,-10.86366397572019,-5.708534662477523,34.377756449999964,-88.85918213085202,Union,-4.1,34.378,-88.8578,0.12970067710766434
2024-05-11 00:48:00,98699542,-9.696620712844654,-12.715258411381706,-6.6779830143076016,34.377756449999964,-88.85918213085202,Union,-3.66,34.378,-88.8578,0.12970067710766434
2024-05-11 00:49:00,98699542,-4.18206093434768,-5.483806696790199,-2.8803151719051607,34.377756449999964,-88.85918213085202,Union,-3.05,34.378,-88.8578,0.12970067710766434
2024-05-11 00:50:00,98699542,-4.834206350874243,-6.339640443469694,-3.328772258278793,34.377756449999964,-88.85918213085202,Union,-3.45,34.378,-88.8578,0.12970067710766434
2024-05-11 00:51:00,98699542,-5.810787239408205,-7.620809005032001,-4.0007654737844085,34.377756449999964,-88.85918213085202,Union,-5.92,34.378,-88.8578,0.12970067710766434
2024-05-11 00:52:00,98699542,-2.7876176866173505,-3.6553601574628516,-1.9198752157718495,34.377756449999964,-88.85918213085202,Union,-2.37,34.378,-88.8578,0.12970067710766434
2024-05-11 00:53:00,98699542,-1.546140115374916,-2.02716927651608,-1.0651109542337516,34.377756449999964,-88.85918213085202,Union,-3.03,34.378,-88.8578,0.12970067710766434
2024-05-11 00:54:00,98699542,0.24122489308380968,0.1340121321274634,0.3484376540401559,34.377756449999964,-88.85918213085202,Union,-0.66,34.378,-88.8578,0.12970067710766434
2024-05-11 00:55:00,98699542,0.9722165670183255,0.6660770769519605,1.2783560570846904,34.377756449999964,-88.85918213085202,Union,0.7,34.378,-88.8578,0.12970067710766434
2024-05-11 00:56:00,98699542,0.4281179072797579,0.2931121162475212,0.5631236983119946,34.377756449999964,-88.85918213085202,Union,0.68,34.378,-88.8578,0.12970067710766434
2024-05-11 00:57:00,98699542,0.01378257653820651,-0.01270632023043085,0.04027147330684387,34.377756449999964,-88.85918213085202,Union,2.11,34.378,-88.8578,0.12970067710766434
2024-05-11 00:58:00,98699542,-0.4674687132229321,-0.6153961283536659,-0.31954129809219833,34.377756449999964,-88.85918213085202,Union,1.61,34.378,-88.8578,0.12970067710766434
2024-05-11 00:59:00,98699542,0.8739377337970746,0.5903824131393225,1.1574930544548268,34.377756449999964,-88.85918213085202,Union,2.3,34.378,-88.8578,0.12970067710766434
2024-05-11 01:00:00,98699542,1.346750614702421,0.9204662151526455,1.7730350142521967,34.377756449999964,-88.85918213085202,Union,2.22,34.378,-88.8578,0.12970067710766434
2024-05-11 01:01:00,98699542,1.137866063172495,0.7825886706023933,1.4931434557425969,34.377756449999964,-88.85918213085202,Union,3.02,34.378,-88.8578,0.12970067710766434
2024-05-11 01:02:00,98699542,-0.5670884317732852,-0.7698880652964926,-0.36428879825007776,34.377756449999964,-88.85918213085202,Union,3.3,34.378,-88.8578,0.12970067710766434
2024-05-11 01:03:00,98699542,-0.797139991909045,-1.0625900235405317,-0.5316899602775584,34.377756449999964,-88.85918213085202,Union,3.04,34.378,-88.8578,0.12970067710766434
2024-05-11 01:04:00,98699542,-0.9212277892779085,-1.2117667726639183,-0.6306888058918987,34.377756449999964,-88.85918213085202,Union,3.78,34.378,-88.8578,0.12970067710766434
2024-05-11 01:05:00,98699542,1.6131052454606591,1.1100918755452942,2.116118615376024,34.377756449999964,-88.85918213085202,Union,3.83,34.378,-88.8578,0.12970067710766434
2024-05-11 01:06:00,98699542,-0.6659433843308675,-0.8779836722048711,-0.453903096456864,34.377756449999964,-88.85918213085202,Union,3.44,34.378,-88.8578,0.12970067710766434
2024-05-11 01:07:00,98699542,-3.371372204942838,-4.422822371657004,-2.319922038228672,34.377756449999964,-88.85918213085202,Union,1.13,34.378,-88.8578,0.12970067710766434
2024-05-11 01:08:00,98699542,-2.333795235793544,-3.0619705145719913,-1.6056199570150969,34.377756449999964,-88.85918213085202,Union,1.75,34.378,-88.8578,0.12970067710766434
2024-05-11 01:09:00,98699542,0.1456958024230834,0.09577171592522174,0.19561988892094503,34.377756449999964,-88.85918213085202,Union,1.04,34.378,-88.8578,0.12970067710766434
2024-05-11 01:10:00,98699542,2.1402624831876262,1.4730606406234759,2.8074643257517766,34.377756449999964,-88.85918213085202,Union,1.83,34.378,-88.8578,0.12970067710766434
2024-05-11 01:11:00,98699542,3.9283109868863484,2.7058005177381808,5.150821456034516,34.377756449999964,-88.85918213085202,Union,2.36,34.378,-88.8578,0.12970067710766434
2024-05-11 01:12:00,98699542,2.058612138533961,1.4171940723363718,2.70003020473155,34.377756449999964,-88.85918213085202,Union,1.93,34.378,-88.8578,0.12970067710766434
2024-05-11 01:13:00,98699542,1.1951870639290518,0.8216025073275119,1.5687716205305917,34.377756449999964,-88.85918213085202,Union,1.98,34.378,-88.8578,0.12970067710766434
2024-05-11 01:14:00,98699542,0.7171754817795898,0.4875393569470388,0.9468116066121408,34.377756449999964,-88.85918213085202,Union,2.29,34.378,-88.8578,0.12970067710766434
2024-05-11 01:15:00,98699542,-0.22946152626145344,-0.3382533185820333,-0.12066973394087362,34.377756449999964,-88.85918213085202,Union,2.51,34.378,-88.8578,0.12970067710766434
2024-05-11 01:16:00,98699542,-0.33843177328513785,-0.4597933373819974,-0.2170702091882783,34.377756449999964,-88.85918213085202,Union,3.03,34.378,-88.8578,0.12970067710766434
2024-05-11 01:17:00,98699542,-1.46333720368191,-1.928027686138137,-0.9986467212256829,34.377756449999964,-88.85918213085202,Union,2.87,34.378,-88.8578,0.12970067710766434
2024-05-11 01:18:00,98699542,-3.4531525828009415,-4.532018959282757,-2.374286206319126,34.377756449999964,-88.85918213085202,Union,3.36,34.378,-88.8578,0.12970067710766434
2024-05-11 01:19:00,98699542,0.7922939564769671,0.5308012889692368,1.0537866239846974,34.377756449999964,-88.85918213085202,Union,4.37,34.378,-88.8578,0.12970067710766434
2024-05-11 01:20:00,98699542,-1.8990679640215198,-2.4942634120909073,-1.303872515952132,34.377756449999964,-88.85918213085202,Union,4.54,34.378,-88.8578,0.12970067710766434
2024-05-11 01:21:00,98699542,-0.7540169095704439,-1.0027194131032016,-0.5053144060376862,34.377756449999964,-88.85918213085202,Union,3.31,34.378,-88.8578,0.12970067710766434
2024-05-11 01:22:00,98699542,-0.7772744646309684,-1.0307521249438796,-0.5237968043180572,34.377756449999964,-88.85918213085202,Union,3.62,34.378,-88.8578,0.12970067710766434
2024-05-11 01:23:00,98699542,1.75818486781271,1.2064628337942571,2.3099069018311633,34.377756449999964,-88.85918213085202,Union,3.22,34.378,-88.8578,0.12970067710766434
2024-05-11 01:24:00,98699542,4.485861844317418,3.0875567603262155,5.88416692830862,34.377756449999964,-88.85918213085202,Union,5.19,34.378,-88.8578,0.12970067710766434
2024-05-11 01:25:00,98699542,5.54202305396772,3.815925490537632,7.268120617397809,34.377756449999964,-88.85918213085202,Union,4.95,34.378,-88.8578,0.12970067710766434
2024-05-11 01:26:00,98699542,2.761947293207801,1.8998275211754363,3.6240670652401654,34.377756449999964,-88.85918213085202,Union,3.65,34.378,-88.8578,0.12970067710766434
2024-05-11 01:27:00,98699542,6.5359705993611295,4.501522255842196,8.570418942880064,34.377756449999964,-88.85918213085202,Union,4.07,34.378,-88.8578,0.12970067710766434
2024-05-11 01:28:00,98699542,8.760654841963685,6.032373576894926,11.488936107032444,34.377756449999964,-88.85918213085202,Union,5.14,34.378,-88.8578,0.12970067710766434
2024-05-11 01:29:00,98699542,7.6098793712172155,5.241895704345854,9.977863038088577,34.377756449999964,-88.85918213085202,Union,3.84,34.378,-88.8578,0.12970067710766434
2024-05-11 01:30:00,98699542,2.271263712592468,1.5598189478269568,2.982708477357979,34.377756449999964,-88.85918213085202,Union,1.97,34.378,-88.8578,0.12970067710766434
2024-05-11 01:31:00,98699542,-2.03241044783961,-2.6696941413566213,-1.3951267543225985,34.377756449999964,-88.85918213085202,Union,-0.05,34.378,-88.8578,0.12970067710766434
2024-05-11 01:32:00,98699542,3.438535011768662,2.367131632371093,4.509938391166231,34.377756449999964,-88.85918213085202,Union,3.3,34.378,-88.8578,0.12970067710766434
2024-05-11 01:33:00,98699542,1.9886660957464695,1.3662090981687962,2.6111230933241427,34.377756449999964,-88.85918213085202,Union,3.06,34.378,-88.8578,0.12970067710766434
2024-05-11 01:34:00,98699542,0.3664274953240585,0.22199102903832396,0.510863961609793,34.377756449999964,-88.85918213085202,Union,1.62,34.378,-88.8578,0.12970067710766434
2024-05-11 01:35:00,98699542,-0.3188160509572545,-0.466702759588013,-0.170929342326496,34.377756449999964,-88.85918213085202,Union,0.8,34.378,-88.8578,0.12970067710766434
2024-05-11 01:36:00,98699542,0.7704556021982178,0.5234107193088388,1.0175004850875968,34.377756449999964,-88.85918213085202,Union,1.12,34.378,-88.8578,0.12970067710766434
2024-05-11 01:37:00,98699542,2.220816083137189,1.5264740118026137,2.915158154471764,34.377756449999964,-88.85918213085202,Union,1.19,34.378,-88.8578,0.12970067710766434
2024-05-11 01:38:00,98699542,0.522232558475538,0.3439255311493689,0.7005395858017069,34.377756449999964,-88.85918213085202,Union,-0.42,34.378,-88.8578,0.12970067710766434
2024-05-11 01:39:00,98699542,1.765008327378951,1.2086633061620444,2.3213533485958573,34.377756449999964,-88.85918213085202,Union,0.44,34.378,-88.8578,0.12970067710766434
2024-05-11 01:40:00,98699542,0.038346879980912046,-0.022963951242267,0.09965771120409109,34.377756449999964,-88.85918213085202,Union,-1.5,34.378,-88.8578,0.12970067710766434
2024-05-11 01:41:00,98699542,1.1854555890635508,0.8155833583686495,1.555327819758452,34.377756449999964,-88.85918213085202,Union,-0.77,34.378,-88.8578,0.12970067710766434
2024-05-11 01:42:00,98699542,0.032568320381457,0.007650446366266366,0.057486194396647636,34.377756449999964,-88.85918213085202,Union,-0.65,34.378,-88.8578,0.12970067710766434
2024-05-11 01:43:00,98699542,3.4092105539677204,2.347702571546759,4.470718536388682,34.377756449999964,-88.85918213085202,Union,0.01,34.378,-88.8578,0.12970067710766434
2024-05-11 01:44:00,98699542,3.5939693489408207,2.47400060878541,4.7139380890962315,34.377756449999964,-88.85918213085202,Union,0.81,34.378,-88.8578,0.12970067710766434
2024-05-11 01:45:00,98699542,2.527404169468729,1.7390167512739367,3.3157915876635213,34.377756449999964,-88.85918213085202,Union,0.03,34.378,-88.8578,0.12970067710766434
2024-05-11 01:46:00,98699542,2.268312352891728,1.5580929395252352,2.978531766258221,34.377756449999964,-88.85918213085202,Union,0.19,34.378,-88.8578,0.12970067710766434
2024-05-11 01:47:00,98699542,3.203395574142569,2.204490602060392,4.202300546224746,34.377756449999964,-88.85918213085202,Union,-0.62,34.378,-88.8578,0.12970067710766434
2024-05-11 01:48:00,98699542,0.3210713553925689,0.21820349830643496,0.4239392124787029,34.377756449999964,-88.85918213085202,Union,-3.13,34.378,-88.8578,0.12970067710766434
2024-05-11 01:49:00,98699542,-1.8168337834145931,-2.3825586476775578,-1.2511089191516285,34.377756449999964,-88.85918213085202,Union,-6.47,34.378,-88.8578,0.12970067710766434
2024-05-11 01:50:00,98699542,-1.4012719611634163,-1.8391321275006187,-0.963411794826214,34.377756449999964,-88.85918213085202,Union,-4.53,34.378,-88.8578,0.12970067710766434
2024-05-11 01:51:00,98699542,0.09692329452914845,0.06399264032459137,0.12985394873370554,34.377756449999964,-88.85918213085202,Union,-3.33,34.378,-88.8578,0.12970067710766434
2024-05-11 01:52:00,98699542,0.7981970042451244,0.5492322151147915,1.0471617933754573,34.377756449999964,-88.85918213085202,Union,-1.31,34.378,-88.8578,0.12970067710766434
2024-05-11 01:53:00,98699542,0.8461608681489576,0.5824196011513637,1.1099021351465517,34.377756449999964,-88.85918213085202,Union,-1.33,34.378,-88.8578,0.12970067710766434
2024-05-11 01:54:00,98699542,0.012884496079247994,-0.015473496915174708,0.041242489073670695,34.377756449999964,-88.85918213085202,Union,-1.62,34.378,-88.8578,0.12970067710766434
2024-05-11 01:55:00,98699542,-1.0931126402782447,-1.4374490455263238,-0.7487762350301657,34.377756449999964,-88.85918213085202,Union,-2.43,34.378,-88.8578,0.12970067710766434
2024-05-11 01:56:00,98699542,-0.25387571189895763,-0.3720779216910147,-0.13567350210690055,34.377756449999964,-88.85918213085202,Union,-1.97,34.378,-88.8578,0.12970067710766434
2024-05-11 01:57:00,98699542,0.45653541631640887,0.30997889143518753,0.6030919411976302,34.377756449999964,-88.85918213085202,Union,-2.78,34.378,-88.8578,0.12970067710766434
2024-05-11 01:58:00,98699542,0.42614836394586414,0.29228011317345337,0.5600166147182749,34.377756449999964,-88.85918213085202,Union,-2.56,34.378,-88.8578,0.12970067710766434
2024-05-11 01:59:00,98699542,-0.04291165299919041,-0.08319068014083242,-0.0026326258575484,34.377756449999964,-88.85918213085202,Union,-5.58,34.378,-88.8578,0.12970067710766434
2024-05-11 02:00:00,98699542,0.32202821589189645,0.22035713360739617,0.42369929817639673,34.377756449999964,-88.85918213085202,Union,-5.06,34.378,-88.8578,0.12970067710766434
2024-05-11 02:01:00,98699542,-1.7319391759835239,-2.276538260856787,-1.187340091110261,34.377756449999964,-88.85918213085202,Union,-3.92,34.378,-88.8578,0.12970067710766434
2024-05-11 02:02:00,98699542,0.4948691064748655,0.3379257590395306,0.6518124539102004,34.377756449999964,-88.85918213085202,Union,-1.58,34.378,-88.8578,0.12970067710766434
2024-05-11 02:03:00,98699542,4.808630527067922,3.3075488822431716,6.309712171892672,34.377756449999964,-88.85918213085202,Union,5.89,34.378,-88.8578,0.12970067710766434
2024-05-11 02:04:00,98699542,3.7557556111297914,2.570580031235248,4.940931191024335,34.377756449999964,-88.85918213085202,Union,4.85,34.378,-88.8578,0.12970067710766434
2024-05-11 02:05:00,98699542,14.278628320443847,9.813312572723547,18.743944068164147,34.377756449999964,-88.85918213085202,Union,11.45,34.378,-88.8578,0.12970067710766434
2024-05-11 02:06:00,98699542,15.582438424680564,10.733134327760023,20.431742521601105,34.377756449999964,-88.85918213085202,Union,5.7,34.378,-88.8578,0.12970067710766434
2024-05-11 02:07:00,98699542,4.50466806069267,3.1018734478302568,5.9074626735550835,34.377756449999964,-88.85918213085202,Union,6.72,34.378,-88.8578,0.12970067710766434
2024-05-11 02:08:00,98699542,3.641453797494956,2.505238098125065,4.777669496864847,34.377756449999964,-88.85918213085202,Union,5.63,34.378,-88.8578,0.12970067710766434
2024-05-11 02:09:00,98699542,8.978422368863484,6.182257237996831,11.774587499730137,34.377756449999964,-88.85918213085202,Union,13.79,34.378,-88.8578,0.12970067710766434
2024-05-11 02:10:00,98699542,9.138323806321452,6.293751810837602,11.982895801805302,34.377756449999964,-88.85918213085202,Union,4.82,34.378,-88.8578,0.12970067710766434
2024-05-11 02:11:00,98699542,15.792062457969065,10.881132862862367,20.70299205307576,34.377756449999964,-88.85918213085202,Union,8.27,34.378,-88.8578,0.12970067710766434
2024-05-11 02:12:00,98699542,17.159749075319436,11.815900854861486,22.503597295777386,34.377756449999964,-88.85918213085202,Union,2.25,34.378,-88.8578,0.12970067710766434
2024-05-11 02:13:00,98699542,11.10439958809684,7.645314242046986,14.563484934146693,34.377756449999964,-88.85918213085202,Union,-3.05,34.378,-88.8578,0.12970067710766434
2024-05-11 02:14:00,98699542,6.2850065147948895,4.313521558324396,8.256491471265383,34.377756449999964,-88.85918213085202,Union,-0.28,34.378,-88.8578,0.12970067710766434
2024-05-11 02:15:00,98699542,1.0886580179261938,0.7229344450806539,1.4543815907717337,34.377756449999964,-88.85918213085202,Union,-2.13,34.378,-88.8578,0.12970067710766434
2024-05-11 02:16:00,98699542,-0.23703046540886905,-0.3543962958051511,-0.11966463501258703,34.377756449999964,-88.85918213085202,Union,-2.59,34.378,-88.8578,0.12970067710766434
2024-05-11 02:17:00,98699542,-11.911535390047074,-15.629297607187203,-8.193773172906946,34.377756449999964,-88.85918213085202,Union,-5.48,34.378,-88.8578,0.12970067710766434
2024-05-11 02:18:00,98699542,-7.737713832380632,-10.188121493372646,-5.287306171388618,34.377756449999964,-88.85918213085202,Union,-10.82,34.378,-88.8578,0.12970067710766434
2024-05-11 02:19:00,98699542,-6.677044804976463,-8.79177653402635,-4.562313075926575,34.377756449999964,-88.85918213085202,Union,-8.01,34.378,-88.8578,0.12970067710766434
2024-05-11 02:20:00,98699542,-3.890060209314055,-5.126770454258794,-2.6533499643693164,34.377756449999964,-88.85918213085202,Union,-2.16,34.378,-88.8578,0.12970067710766434
2024-05-11 02:21:00,98699542,-11.97485499327505,-15.724814800271647,-8.224895186278454,34.377756449999964,-88.85918213085202,Union,-15.41,34.378,-88.8578,0.12970067710766434
2024-05-11 02:22:00,98699542,-8.45640866677875,-11.10234791567166,-5.810469417885839,34.377756449999964,-88.85918213085202,Union,-14.64,34.378,-88.8578,0.12970067710766434
2024-05-11 02:23:00,98699542,-4.825836940988568,-6.32970986701711,-3.3219640149600256,34.377756449999964,-88.85918213085202,Union,-5.46,34.378,-88.8578,0.12970067710766434
2024-05-11 02:24:00,98699542,-6.5855881178547415,-8.636231124994325,-4.534945110715158,34.377756449999964,-88.85918213085202,Union,-4.98,34.378,-88.8578,0.12970067710766434
2024-05-11 02:25:00,98699542,-2.3141418333893746,-3.038668242650914,-1.5896154241278353,34.377756449999964,-88.85918213085202,Union,-8.42,34.378,-88.8578,0.12970067710766434
2024-05-11 02:26:00,98699542,-8.184909843644922,-10.740068406607062,-5.629751280682783,34.377756449999964,-88.85918213085202,Union,-4.84,34.378,-88.8578,0.12970067710766434
2024-05-11 02:27:00,98699542,-8.752999957969065,-11.47976101345823,-6.026238902479899,34.377756449999964,-88.85918213085202,Union,-13.0,34.378,-88.8578,0.12970067710766434
2024-05-11 02:28:00,98699542,-4.707183612138534,-6.172939023467105,-3.2414282008099633,34.377756449999964,-88.85918213085202,Union,-0.35,34.378,-88.8578,0.12970067710766434
2024-05-11 02:29:00,98699542,1.4618549564979826,0.9945989551355819,1.9291109578603831,34.377756449999964,-88.85918213085202,Union,-7.73,34.378,-88.8578,0.12970067710766434
2024-05-11 02:30:00,98699542,-2.2612288269166108,-2.9745772167684015,-1.5478804370648198,34.377756449999964,-88.85918213085202,Union,-1.39,34.378,-88.8578,0.12970067710766434
2024-05-11 02:31:00,98699542,-4.383666253362475,-5.750565420283498,-3.016767086441452,34.377756449999964,-88.85918213085202,Union,-10.19,34.378,-88.8578,0.12970067710766434
2024-05-11 02:32:00,98699542,-4.995581497982515,-6.553315716408359,-3.4378472795566717,34.377756449999964,-88.85918213085202,Union,-2.74,34.378,-88.8578,0.12970067710766434
2024-05-11 02:33:00,98699542,-10.926713811365165,-14.329903856466514,-7.523523766263816,34.377756449999964,-88.85918213085202,Union,-7.51,34.378,-88.8578,0.12970067710766434
2024-05-11 02:34:00,98699542,-3.702491909045057,-4.890153678081121,-2.5148301400089936,34.377756449999964,-88.85918213085202,Union,-0.74,34.378,-88.8578,0.12970067710766434
2024-05-11 02:35:00,98699542,0.632061689591039,0.38509313572395654,0.8790302434581215,34.377756449999964,-88.85918213085202,Union,2.56,34.378,-88.8578,0.12970067710766434
2024-05-11 02:36:00,98699542,2.370504003446537,1.6273093539439993,3.113698652949074,34.377756449999964,-88.85918213085202,Union,3.48,34.378,-88.8578,0.12970067710766434
2024-05-11 02:37:00,98699542,-1.9865441902740417,-2.604354007983489,-1.3687343725645946,34.377756449999964,-88.85918213085202,Union,-1.91,34.378,-88.8578,0.12970067710766434
2024-05-11 02:38:00,98699542,-4.170665297158709,-5.47791313990189,-2.8634174544155275,34.377756449999964,-88.85918213085202,Union,-5.58,34.378,-88.8578,0.12970067710766434
2024-05-11 02:39:00,98699542,-4.7839005758238065,-6.279540580753587,-3.2882605708940256,34.377756449999964,-88.85918213085202,Union,6.16,34.378,-88.8578,0.12970067710766434
2024-05-11 02:40:00,98699542,-2.269339483860121,-2.976019818113112,-1.5626591496071298,34.377756449999964,-88.85918213085202,Union,8.13,34.378,-88.8578,0.12970067710766434
2024-05-11 02:41:00,98699542,1.9745325371973772,1.3049193639297236,2.6441457104650308,34.377756449999964,-88.85918213085202,Union,14.68,34.378,-88.8578,0.12970067710766434
2024-05-11 02:42:00,98699542,-1.1989366830237054,-1.7295221746611058,-0.6683511913863048,34.377756449999964,-88.85918213085202,Union,9.11,34.378,-88.8578,0.12970067710766434
2024-05-11 02:43:00,98699542,0.5686988291839825,0.1947923707164007,0.9426052876515643,34.377756449999964,-88.85918213085202,Union,5.99,34.378,-88.8578,0.12970067710766434
2024-05-11 02:44:00,98699542,3.3541881199562877,2.30292158668408,4.405454653228496,34.377756449999964,-88.85918213085202,Union,4.51,34.378,-88.8578,0.12970067710766434
2024-05-11 02:45:00,98699542,3.47573895637189,2.393481753835588,4.557996158908192,34.377756449999964,-88.85918213085202,Union,7.95,34.378,-88.8578,0.12970067710766434
2024-05-11 02:46:00,98699542,-0.976935360362727,-1.3819065418446113,-0.5719641788808427,34.377756449999964,-88.85918213085202,Union,4.2,34.378,-88.8578,0.12970067710766434
2024-05-11 02:47:00,98699542,-5.78830068930733,-7.6202503590892565,-3.9563510195254032,34.377756449999964,-88.85918213085202,Union,3.31,34.378,-88.8578,0.12970067710766434
2024-05-11 02:48:00,98699542,-12.437568300268998,-16.308937361102686,-8.56619923943531,34.377756449999964,-88.85918213085202,Union,4.33,34.378,-88.8578,0.12970067710766434
2024-05-11 02:49:00,98699542,-15.77057414256893,-20.67733215602597,-10.863816129111893,34.377756449999964,-88.85918213085202,Union,7.47,34.378,-88.8578,0.12970067710766434
2024-05-11 02:50:00,98699542,-6.924664803295225,-9.081246395122179,-4.768083211468271,34.377756449999964,-88.85918213085202,Union,13.1,34.378,-88.8578,0.12970067710766434
2024-05-11 02:51:00,98699542,-4.268085123150639,-5.607252017158795,-2.928918229142483,34.377756449999964,-88.85918213085202,Union,17.64,34.378,-88.8578,0.12970067710766434
2024-05-11 02:52:00,98699542,-1.6401666001176867,-2.157275335416356,-1.1230578648190175,34.377756449999964,-88.85918213085202,Union,12.71,34.378,-88.8578,0.12970067710766434
2024-05-11 02:53:00,98699542,-5.839904169468729,-7.6588433774185045,-4.020964961518953,34.377756449999964,-88.85918213085202,Union,8.37,34.378,-88.8578,0.12970067710766434
2024-05-11 02:54:00,98699542,-6.736027341123067,-8.83198372339612,-4.640070958850014,34.377756449999964,-88.85918213085202,Union,4.05,34.378,-88.8578,0.12970067710766434
2024-05-11 02:55:00,98699542,-3.727462224697377,-4.8874478505575984,-2.567476598837156,34.377756449999964,-88.85918213085202,Union,4.33,34.378,-88.8578,0.12970067710766434
2024-05-11 02:56:00,98699542,-3.2839912050269,-4.314540366234188,-2.2534420438196117,34.377756449999964,-88.85918213085202,Union,5.08,34.378,-88.8578,0.12970067710766434
2024-05-11 02:57:00,98699542,-1.9121822724024882,-2.5290917031309768,-1.2952728416739998,34.377756449999964,-88.85918213085202,Union,4.07,34.378,-88.8578,0.12970067710766434
2024-05-11 02:58:00,98699542,-1.2528311774966374,-1.656549964071788,-0.8491123909214868,34.377756449999964,-88.85918213085202,Union,2.4,34.378,-88.8578,0.12970067710766434
2024-05-11 02:59:00,98699542,-1.3390464757061198,-1.7807449998896225,-0.897347951522617,34.377756449999964,-88.85918213085202,Union,2.21,34.378,-88.8578,0.12970067710766434
2024-05-11 03:00:00,98699542,0.5273744522843813,0.34329959407702404,0.7114493104917385,34.377756449999964,-88.85918213085202,Union,2.29,34.378,-88.8578,0.12970067710766434
2024-05-11 03:01:00,98699542,3.283497341543376,2.26035336194444,4.306641321142312,34.377756449999964,-88.85918213085202,Union,2.67,34.378,-88.8578,0.12970067710766434
2024-05-11 03:02:00,98699542,5.226389122394082,3.5994543118196254,6.853323932968538,34.377756449999964,-88.85918213085202,Union,2.58,34.378,-88.8578,0.12970067710766434
2024-05-11 03:03:00,98699542,6.097385675857431,4.198488649302894,7.9962827024119685,34.377756449999964,-88.85918213085202,Union,2.46,34.378,-88.8578,0.12970067710766434
2024-05-11 03:04:00,98699542,3.3496317039340955,2.297417165814158,4.401846242054033,34.377756449999964,-88.85918213085202,Union,3.38,34.378,-88.8578,0.12970067710766434
2024-05-11 03:05:00,98699542,2.433893220410222,1.661323008192983,3.206463432627461,34.377756449999964,-88.85918213085202,Union,2.24,34.378,-88.8578,0.12970067710766434
2024-05-11 03:06:00,98699542,-0.6577302769838601,-0.8823009092474041,-0.4331596447203161,34.377756449999964,-88.85918213085202,Union,1.05,34.378,-88.8578,0.12970067710766434
2024-05-11 03:07:00,98699542,-1.4495792966123067,-1.9011406945639522,-0.9980178986606612,34.377756449999964,-88.85918213085202,Union,-0.43,34.378,-88.8578,0.12970067710766434
2024-05-11 03:08:00,98699542,-1.1398684431741761,-1.5017780743777287,-0.7779588119706236,34.377756449999964,-88.85918213085202,Union,-0.19,34.378,-88.8578,0.12970067710766434
2024-05-11 03:09:00,98699542,-3.3383858019502353,-4.385030230897454,-2.291741373003017,34.377756449999964,-88.85918213085202,Union,-0.58,34.378,-88.8578,0.12970067710766434
2024-05-11 03:10:00,98699542,-2.839269765047075,-3.723430430819156,-1.9551090992749938,34.377756449999964,-88.85918213085202,Union,-1.09,34.378,-88.8578,0.12970067710766434
2024-05-11 03:11:00,98699542,-1.0432688771435776,-1.4065345895950228,-0.6800031646921325,34.377756449999964,-88.85918213085202,Union,-0.95,34.378,-88.8578,0.12970067710766434
2024-05-11 03:12:00,98699542,0.9361753688214526,0.5567931435893739,1.3155575940535313,34.377756449999964,-88.85918213085202,Union,-0.87,34.378,-88.8578,0.12970067710766434
2024-05-11 03:13:00,98699542,-0.7467453936722428,-1.0715423126635009,-0.42194847468098473,34.377756449999964,-88.85918213085202,Union,2.55,34.378,-88.8578,0.12970067710766434
2024-05-11 03:14:00,98699542,1.7287605865416946,1.1742670268975908,2.2832541461857985,34.377756449999964,-88.85918213085202,Union,6.08,34.378,-88.8578,0.12970067710766434
2024-05-11 03:15:00,98699542,0.41490352915370715,0.25502222906652244,0.5747848292408919,34.377756449999964,-88.85918213085202,Union,7.3,34.378,-88.8578,0.12970067710766434
2024-05-11 03:16:00,98699542,-1.6272460280766645,-2.1368712468704087,-1.1176208092829203,34.377756449999964,-88.85918213085202,Union,6.47,34.378,-88.8578,0.12970067710766434
2024-05-11 03:17:00,98699542,1.9328385066408877,1.3312082078057257,2.53446880547605,34.377756449999964,-88.85918213085202,Union,6.47,34.378,-88.8578,0.12970067710766434
2024-05-11 03:18:00,98699542,2.6560359049260254,1.8263653428057338,3.4857064670463167,34.377756449999964,-88.85918213085202,Union,4.8,34.378,-88.8578,0.12970067710766434
2024-05-11 03:19:00,98699542,4.999377416778749,3.439279726043366,6.559475107514133,34.377756449999964,-88.85918213085202,Union,2.85,34.378,-88.8578,0.12970067710766434
2024-05-11 03:20:00,98699542,5.982504623402824,4.1060019729139405,7.859007273891708,34.377756449999964,-88.85918213085202,Union,-0.41,34.378,-88.8578,0.12970067710766434
2024-05-11 03:21:00,98699542,6.44455068930733,4.430139826076437,8.458961552538224,34.377756449999964,-88.85918213085202,Union,-2.95,34.378,-88.8578,0.12970067710766434
2024-05-11 03:22:00,98699542,7.183283771856086,4.940922766997139,9.425644776715032,34.377756449999964,-88.85918213085202,Union,-6.52,34.378,-88.8578,0.12970067710766434
2024-05-11 03:23:00,98699542,6.059465891896436,4.171167193086251,7.947764590706622,34.377756449999964,-88.85918213085202,Union,-8.52,34.378,-88.8578,0.12970067710766434
2024-05-11 03:24:00,98699542,3.4946909675521183,2.405968214432415,4.583413720671821,34.377756449999964,-88.85918213085202,Union,-9.37,34.378,-88.8578,0.12970067710766434
2024-05-11 03:25:00,98699542,0.05517623788491142,0.028839588323439493,0.08151288744638334,34.377756449999964,-88.85918213085202,Union,-9.35,34.378,-88.8578,0.12970067710766434
2024-05-11 03:26:00,98699542,-1.5319513912239409,-2.0099844731350895,-1.0539183093127922,34.377756449999964,-88.85918213085202,Union,-8.88,34.378,-88.8578,0.12970067710766434
2024-05-11 03:27:00,98699542,-2.1604123760087424,-2.8339363985624617,-1.4868883534550232,34.377756449999964,-88.85918213085202,Union,-7.48,34.378,-88.8578,0.12970067710766434
2024-05-11 03:28:00,98699542,-1.7161624705783456,-2.250259988550264,-1.182064952606427,34.377756449999964,-88.85918213085202,Union,-5.36,34.378,-88.8578,0.12970067710766434
2024-05-11 03:29:00,98699542,-1.8513175384583054,-2.428012397654374,-1.2746226792622366,34.377756449999964,-88.85918213085202,Union,-2.97,34.378,-88.8578,0.12970067710766434
2024-05-11 03:30:00,98699542,-0.8605879865080699,-1.1293030319151918,-0.591872941100948,34.377756449999964,-88.85918213085202,Union,-0.95,34.378,-88.8578,0.12970067710766434
2024-05-11 03:31:00,98699542,-0.5384313792451244,-0.7147107412048613,-0.3621520172853875,34.377756449999964,-88.85918213085202,Union,0.52,34.378,-88.8578,0.12970067710766434
2024-05-11 03:32:00,98699542,0.25506825758132984,0.16247539870529293,0.34766111645736675,34.377756449999964,-88.85918213085202,Union,1.53,34.378,-88.8578,0.12970067710766434
2024-05-11 03:33:00,98699542,0.416146807487811,0.27602124467972156,0.5562723702959005,34.377756449999964,-88.85918213085202,Union,1.94,34.378,-88.8578,0.12970067710766434
2024-05-11 03:34:00,98699542,1.4437363399462004,0.9921667126586892,1.8953059672337118,34.377756449999964,-88.85918213085202,Union,2.57,34.378,-88.8578,0.12970067710766434
2024-05-11 03:35:00,98699542,2.230003782784129,1.5353117836107835,2.9246957819574746,34.377756449999964,-88.85918213085202,Union,2.94,34.378,-88.8578,0.12970067710766434
2024-05-11 03:36:00,98699542,2.6409284108103566,1.8187651342303894,3.4630916873903237,34.377756449999964,-88.85918213085202,Union,3.21,34.378,-88.8578,0.12970067710766434
2024-05-11 03:37:00,98699542,2.8052982620208473,1.9318536245110776,3.678742899530617,34.377756449999964,-88.85918213085202,Union,2.73,34.378,-88.8578,0.12970067710766434
2024-05-11 03:38:00,98699542,2.764370639290518,1.904148401227324,3.6245928773537117,34.377756449999964,-88.85918213085202,Union,2.42,34.378,-88.8578,0.12970067710766434
2024-05-11 03:39:00,98699542,2.1042314643577673,1.4492968180437522,2.7591661106717824,34.377756449999964,-88.85918213085202,Union,2.42,34.378,-88.8578,0.12970067710766434
2024-05-11 03:40:00,98699542,1.7609516854404843,1.2128748832065197,2.309028487674449,34.377756449999964,-88.85918213085202,Union,2.82,34.378,-88.8578,0.12970067710766434
2024-05-11 03:41:00,98699542,1.7060014920981843,1.1741423286008614,2.237860655595507,34.377756449999964,-88.85918213085202,Union,3.26,34.378,-88.8578,0.12970067710766434
2024-05-11 03:42:00,98699542,2.4341454060188297,1.674055166649064,3.1942356453885954,34.377756449999964,-88.85918213085202,Union,3.6,34.378,-88.8578,0.12970067710766434
2024-05-11 03:43:00,98699542,3.804632334398117,2.6193795260438435,4.9898851427523905,34.377756449999964,-88.85918213085202,Union,4.52,34.378,-88.8578,0.12970067710766434
2024-05-11 03:44:00,98699542,3.502003036735037,2.410135071059318,4.593871002410756,34.377756449999964,-88.85918213085202,Union,5.46,34.378,-88.8578,0.12970067710766434
2024-05-11 03:45:00,98699542,4.085178316240754,2.8115198372658066,5.3588367952157006,34.377756449999964,-88.85918213085202,Union,6.28,34.378,-88.8578,0.12970067710766434
2024-05-11 03:46:00,98699542,4.253768335995293,2.9278565612838707,5.579680110706715,34.377756449999964,-88.85918213085202,Union,6.67,34.378,-88.8578,0.12970067710766434
2024-05-11 03:47:00,98699542,4.0244278539004705,2.7719301585292984,5.276925549271643,34.377756449999964,-88.85918213085202,Union,6.58,34.378,-88.8578,0.12970067710766434
2024-05-11 03:48:00,98699542,4.05633458725622,2.794454655131178,5.318214519381263,34.377756449999964,-88.85918213085202,Union,6.33,34.378,-88.8578,0.12970067710766434
2024-05-11 03:49:00,98699542,4.160489870544721,2.865587581350412,5.45539215973903,34.377756449999964,-88.85918213085202,Union,5.7,34.378,-88.8578,0.12970067710766434
2024-05-11 03:50:00,98699542,4.0730904820948215,2.8057495722388035,5.3404313919508395,34.377756449999964,-88.85918213085202,Union,4.74,34.378,-88.8578,0.12970067710766434
2024-05-11 03:51:00,98699542,3.723905356842636,2.5645487804179616,4.883261933267311,34.377756449999964,-88.85918213085202,Union,3.89,34.378,-88.8578,0.12970067710766434
2024-05-11 03:52:00,98699542,3.944414088769334,2.7175955757775596,5.171232601761108,34.377756449999964,-88.85918213085202,Union,3.37,34.378,-88.8578,0.12970067710766434
2024-05-11 03:53:00,98699542,4.208436659381305,2.8983741758520725,5.518499142910537,34.377756449999964,-88.85918213085202,Union,3.21,34.378,-88.8578,0.12970067710766434
2024-05-11 03:54:00,98699542,3.5249269712508404,2.4277907706562623,4.622063171845419,34.377756449999964,-88.85918213085202,Union,2.83,34.378,-88.8578,0.12970067710766434
2024-05-11 03:55:00,98699542,3.4460940126933424,2.3737520793325806,4.518435946054105,34.377756449999964,-88.85918213085202,Union,2.45,34.378,-88.8578,0.12970067710766434
2024-05-11 03:56:00,98699542,3.166231033540686,2.1806039134031385,4.1518581536782335,34.377756449999964,-88.85918213085202,Union,2.37,34.378,-88.8578,0.12970067710766434
2024-05-11 03:57:00,98699542,3.247466322713517,2.236208625375844,4.25872402005119,34.377756449999964,-88.85918213085202,Union,2.19,34.378,-88.8578,0.12970067710766434
2024-05-11 03:58:00,98699542,2.61232635970074,1.7985681451648121,3.4260845742366675,34.377756449999964,-88.85918213085202,Union,2.32,34.378,-88.8578,0.12970067710766434
2024-05-11 03:59:00,98699542,1.2642688456203766,0.8708276913289791,1.657709999911774,34.377756449999964,-88.85918213085202,Union,2.41,34.378,-88.8578,0.12970067710766434
2024-05-11 04:00:00,98699542,1.4234439359868865,0.9800755957836351,1.8668122761901378,34.377756449999964,-88.85918213085202,Union,2.45,34.378,-88.8578,0.12970067710766434
2024-05-11 04:01:00,98699542,1.66933935251345,1.1490692278835426,2.189609477143357,34.377756449999964,-88.85918213085202,Union,2.4,34.378,-88.8578,0.12970067710766434
2024-05-11 04:02:00,98699542,1.5807158130884331,1.0885833203323514,2.0728483058445146,34.377756449999964,-88.85918213085202,Union,2.12,34.378,-88.8578,0.12970067710766434
2024-05-11 04:03:00,98699542,2.1721915454774714,1.4962800702778316,2.848103020677111,34.377756449999964,-88.85918213085202,Union,1.61,34.378,-88.8578,0.12970067710766434
2024-05-11 04:04:00,98699542,1.681779852471419,1.1583390448605297,2.205220660082308,34.377756449999964,-88.85918213085202,Union,1.49,34.378,-88.8578,0.12970067710766434
2024-05-11 04:05:00,98699542,0.7521327415727975,0.5179686276289293,0.9862968555166658,34.377756449999964,-88.85918213085202,Union,1.64,34.378,-88.8578,0.12970067710766434
2024-05-11 04:06:00,98699542,0.5535451123276731,0.37870653205587335,0.7283836925994729,34.377756449999964,-88.85918213085202,Union,2.08,34.378,-88.8578,0.12970067710766434
2024-05-11 04:07:00,98699542,0.621889054093813,0.4273597040668169,0.8164184041208091,34.377756449999964,-88.85918213085202,Union,2.42,34.378,-88.8578,0.12970067710766434
2024-05-11 04:08:00,98699542,0.6259867418670141,0.4310518224046323,0.8209216613293959,34.377756449999964,-88.85918213085202,Union,2.7,34.378,-88.8578,0.12970067710766434
2024-05-11 04:09:00,98699542,0.8483362973898789,0.5839137409211526,1.1127588538586053,34.377756449999964,-88.85918213085202,Union,2.59,34.378,-88.8578,0.12970067710766434
2024-05-11 04:10:00,98699542,0.8520944540181573,0.5869536819913781,1.1172352260449365,34.377756449999964,-88.85918213085202,Union,2.34,34.378,-88.8578,0.12970067710766434
2024-05-11 04:11:00,98699542,0.5327058136663584,0.3665561117968079,0.6988555155359089,34.377756449999964,-88.85918213085202,Union,1.38,34.378,-88.8578,0.12970067710766434
2024-05-11 04:12:00,98699542,0.5293114873171655,0.3638725202329529,0.6947504544013781,34.377756449999964,-88.85918213085202,Union,0.64,34.378,-88.8578,0.12970067710766434
2024-05-11 04:13:00,98699542,-0.040645889251442184,-0.07775818278455746,-0.0035335957183269193,34.377756449999964,-88.85918213085202,Union,0.03,34.378,-88.8578,0.12970067710766434
2024-05-11 04:14:00,98699542,-1.1556740448470073,-1.5175062879581631,-0.7938418017358515,34.377756449999964,-88.85918213085202,Union,-0.52,34.378,-88.8578,0.12970067710766434
2024-05-11 04:15:00,98699542,-1.5526404621301277,-2.037429266374409,-1.0678516578858464,34.377756449999964,-88.85918213085202,Union,-0.77,34.378,-88.8578,0.12970067710766434
2024-05-11 04:16:00,98699542,-0.04929130672205993,-0.06944068547435284,-0.029141927969767025,34.377756449999964,-88.85918213085202,Union,-0.54,34.378,-88.8578,0.12970067710766434
2024-05-11 04:17:00,98699542,-0.4949395411272697,-0.6523474617450589,-0.33753162050948043,34.377756449999964,-88.85918213085202,Union,-0.18,34.378,-88.8578,0.12970067710766434
2024-05-11 04:18:00,98699542,-0.9386519103059852,-1.2314004013400461,-0.6459034192719242,34.377756449999964,-88.85918213085202,Union,0.13,34.378,-88.8578,0.12970067710766434
2024-05-11 04:19:00,98699542,-0.6999999343266644,-0.9188356006151583,-0.48116426803817053,34.377756449999964,-88.85918213085202,Union,-0.69,34.378,-88.8578,0.12970067710766434
2024-05-11 04:20:00,98699542,-0.656554724277068,-0.8618691884809565,-0.4512402600731794,34.377756449999964,-88.85918213085202,Union,-0.71,34.378,-88.8578,0.12970067710766434
2024-05-11 04:21:00,98699542,-0.15118810452305398,-0.20082320437206128,-0.10155300467404668,34.377756449999964,-88.85918213085202,Union,-0.58,34.378,-88.8578,0.12970067710766434
2024-05-11 04:22:00,98699542,1.7756152278076665,1.2230572327863616,2.3281732228289713,34.377756449999964,-88.85918213085202,Union,-0.09,34.378,-88.8578,0.12970067710766434
2024-05-11 04:23:00,98699542,3.7716433044720916,2.5979950599369754,4.945291549007208,34.377756449999964,-88.85918213085202,Union,0.87,34.378,-88.8578,0.12970067710766434
2024-05-11 04:24:00,98699542,3.1591947923671824,2.1740013859119522,4.144388198822413,34.377756449999964,-88.85918213085202,Union,1.6,34.378,-88.8578,0.12970067710766434
2024-05-11 04:25:00,98699542,2.638459093392737,1.8164515998084747,3.4604665869769997,34.377756449999964,-88.85918213085202,Union,1.8,34.378,-88.8578,0.12970067710766434
2024-05-11 04:26:00,98699542,3.1630971019670477,2.1789482281960013,4.147245975738095,34.377756449999964,-88.85918213085202,Union,2.12,34.378,-88.8578,0.12970067710766434
2024-05-11 04:27:00,98699542,2.321590503110289,1.5990582242626026,3.0441227819579755,34.377756449999964,-88.85918213085202,Union,1.89,34.378,-88.8578,0.12970067710766434
2024-05-11 04:28:00,98699542,-0.08120558738067155,-0.12597747978112822,-0.03643369498021488,34.377756449999964,-88.85918213085202,Union,0.97,34.378,-88.8578,0.12970067710766434
2024-05-11 04:29:00,98699542,1.4141899062710155,0.9737459923798248,1.8546338201622061,34.377756449999964,-88.85918213085202,Union,-1.54,34.378,-88.8578,0.12970067710766434
2024-05-11 04:30:00,98699542,0.6533505222343645,0.440415722478959,0.86628532198977,34.377756449999964,-88.85918213085202,Union,-2.24,34.378,-88.8578,0.12970067710766434
2024-05-11 04:31:00,98699542,1.8393728721839273,1.2671588394387343,2.4115869049291203,34.377756449999964,-88.85918213085202,Union,-0.29,34.378,-88.8578,0.12970067710766434
2024-05-11 04:32:00,98699542,2.1609929282952254,1.488569923586661,2.83341593300379,34.377756449999964,-88.85918213085202,Union,1.32,34.378,-88.8578,0.12970067710766434
2024-05-11 04:33:00,98699542,1.8221093224613316,1.2551127143527505,2.3891059305699125,34.377756449999964,-88.85918213085202,Union,2.21,34.378,-88.8578,0.12970067710766434
2024-05-11 04:34:00,98699542,2.3675250609448555,1.6299724524799206,3.1050776694097904,34.377756449999964,-88.85918213085202,Union,3.92,34.378,-88.8578,0.12970067710766434
2024-05-11 04:35:00,98699542,1.7449260780934768,1.2021171077734445,2.2877350484135093,34.377756449999964,-88.85918213085202,Union,4.88,34.378,-88.8578,0.12970067710766434
2024-05-11 04:36:00,98699542,1.2462467688718897,0.8579247486703295,1.63456878907345,34.377756449999964,-88.85918213085202,Union,4.25,34.378,-88.8578,0.12970067710766434
2024-05-11 04:37:00,98699542,1.4673019029505716,1.0090332285774382,1.925570577323705,34.377756449999964,-88.85918213085202,Union,3.65,34.378,-88.8578,0.12970067710766434
2024-05-11 04:38:00,98699542,1.65210732599193,1.1289634759033336,2.1752511760805264,34.377756449999964,-88.85918213085202,Union,3.39,34.378,-88.8578,0.12970067710766434
2024-05-11 04:39:00,98699542,2.215061128740753,1.5169467347460905,2.9131755227354157,34.377756449999964,-88.85918213085202,Union,2.65,34.378,-88.8578,0.12970067710766434
2024-05-11 04:40:00,98699542,2.9737543081708138,2.0441386763638487,3.903369939977779,34.377756449999964,-88.85918213085202,Union,2.05,34.378,-88.8578,0.12970067710766434
2024-05-11 04:41:00,98699542,1.4926084660810357,1.020385403544935,1.9648315286171365,34.377756449999964,-88.85918213085202,Union,1.57,34.378,-88.8578,0.12970067710766434
2024-05-11 04:42:00,98699542,1.9735211678295226,1.3484026519023415,2.5986396837567036,34.377756449999964,-88.85918213085202,Union,-0.07,34.378,-88.8578,0.12970067710766434
2024-05-11 04:43:00,98699542,3.076636842215871,2.1190456631130385,4.034228021318704,34.377756449999964,-88.85918213085202,Union,-0.76,34.378,-88.8578,0.12970067710766434
2024-05-11 04:44:00,98699542,3.1419384667115,2.1639701007949106,4.119906832628089,34.377756449999964,-88.85918213085202,Union,0.49,34.378,-88.8578,0.12970067710766434
2024-05-11 04:45:00,98699542,2.889856621973773,1.989700342493083,3.790012901454463,34.377756449999964,-88.85918213085202,Union,1.87,34.378,-88.8578,0.12970067710766434
2024-05-11 04:46:00,98699542,2.2301075466543376,1.5355530117282599,2.9246620815804154,34.377756449999964,-88.85918213085202,Union,2.87,34.378,-88.8578,0.12970067710766434
2024-05-11 04:47:00,98699542,-0.26140228661419806,-0.3454698551658545,-0.17733471806254167,34.377756449999964,-88.85918213085202,Union,3.32,34.378,-88.8578,0.12970067710766434
2024-05-11 04:48:00,98699542,-1.5231840009246806,-2.0088848781424584,-1.0374831237069029,34.377756449999964,-88.85918213085202,Union,3.81,34.378,-88.8578,0.12970067710766434
2024-05-11 04:49:00,98699542,-2.1156848940820443,-2.7868409505951117,-1.4445288375689769,34.377756449999964,-88.85918213085202,Union,3.94,34.378,-88.8578,0.12970067710766434
2024-05-11 04:50:00,98699542,-1.1884588306993948,-1.579413760657678,-0.7975039007411117,34.377756449999964,-88.85918213085202,Union,3.71,34.378,-88.8578,0.12970067710766434
2024-05-11 04:51:00,98699542,0.47432911404043376,0.317526902580436,0.6311313255004316,34.377756449999964,-88.85918213085202,Union,2.92,34.378,-88.8578,0.12970067710766434
2024-05-11 04:52:00,98699542,0.5972182088517148,0.41002495712907366,0.784411460574356,34.377756449999964,-88.85918213085202,Union,1.52,34.378,-88.8578,0.12970067710766434
2024-05-11 04:53:00,98699542,-1.095666347932078,-1.4379556617326157,-0.7533770341315404,34.377756449999964,-88.85918213085202,Union,0.3,34.378,-88.8578,0.12970067710766434
2024-05-11 04:54:00,98699542,-1.9883882975369873,-2.6097434511544555,-1.3670331439195191,34.377756449999964,-88.85918213085202,Union,-1.07,34.378,-88.8578,0.12970067710766434
2024-05-11 04:55:00,98699542,-2.179204144250168,-2.859315150072487,-1.4990931384278494,34.377756449999964,-88.85918213085202,Union,-1.79,34.378,-88.8578,0.12970067710766434
2024-05-11 04:56:00,98699542,-2.0413801120124413,-2.6770545103321584,-1.4057057136927242,34.377756449999964,-88.85918213085202,Union,-2.36,34.378,-88.8578,0.12970067710766434
2024-05-11 04:57:00,98699542,-2.3838553925689308,-3.1264840588562053,-1.6412267262816562,34.377756449999964,-88.85918213085202,Union,-2.72,34.378,-88.8578,0.12970067710766434
2024-05-11 04:58:00,98699542,-2.728171496721587,-3.5776211215608873,-1.878721871882287,34.377756449999964,-88.85918213085202,Union,-3.05,34.378,-88.8578,0.12970067710766434
2024-05-11 04:59:00,98699542,-3.206262871973773,-4.204567318259372,-2.207958425688174,34.377756449999964,-88.85918213085202,Union,-3.02,34.378,-88.8578,0.12970067710766434
2024-05-11 05:00:00,98699542,-3.0632132124243445,-4.0174111722089325,-2.109015252639756,34.377756449999964,-88.85918213085202,Union,-2.98,34.378,-88.8578,0.12970067710766434
2024-05-11 05:01:00,98699542,-2.304138470914593,-3.0220314261613583,-1.586245515667828,34.377756449999964,-88.85918213085202,Union,-2.8,34.378,-88.8578,0.12970067710766434
2024-05-11 05:02:00,98699542,-2.479096177286483,-3.251195208494039,-1.706997146078927,34.377756449999964,-88.85918213085202,Union,-2.7,34.378,-88.8578,0.12970067710766434
2024-05-11 05:03:00,98699542,-3.2417553694519166,-4.250513952304287,-2.2329967865995464,34.377756449999964,-88.85918213085202,Union,-2.73,34.378,-88.8578,0.12970067710766434
2024-05-11 05:04:00,98699542,-2.4512677580699394,-3.2146333670677136,-1.687902149072165,34.377756449999964,-88.85918213085202,Union,-2.3,34.378,-88.8578,0.12970067710766434
2024-05-11 05:05:00,98699542,-1.9725301571956961,-2.5869988262662744,-1.3580614881251178,34.377756449999964,-88.85918213085202,Union,-1.81,34.378,-88.8578,0.12970067710766434
2024-05-11 05:06:00,98699542,-2.680797379371217,-3.516078599277188,-1.845516159465246,34.377756449999964,-88.85918213085202,Union,-1.71,34.378,-88.8578,0.12970067710766434
2024-05-11 05:07:00,98699542,-2.4624033288500335,-3.229469282870379,-1.695337374829688,34.377756449999964,-88.85918213085202,Union,-1.35,34.378,-88.8578,0.12970067710766434
2024-05-11 05:08:00,98699542,-1.9851499453597847,-2.6027426739638955,-1.367557216755674,34.377756449999964,-88.85918213085202,Union,-1.07,34.378,-88.8578,0.12970067710766434
2024-05-11 05:09:00,98699542,-1.7634939002605918,-2.312674070097834,-1.2143137304233496,34.377756449999964,-88.85918213085202,Union,-1.18,34.378,-88.8578,0.12970067710766434
2024-05-11 05:10:00,98699542,-0.9822987374957969,-1.290003579561964,-0.6745938954296298,34.377756449999964,-88.85918213085202,Union,-1.44,34.378,-88.8578,0.12970067710766434
2024-05-11 05:11:00,98699542,-0.9620040349697377,-1.2623528878757158,-0.6616551820637597,34.377756449999964,-88.85918213085202,Union,-1.31,34.378,-88.8578,0.12970067710766434
2024-05-11 05:12:00,98699542,-1.328122373066577,-1.74237362226584,-0.9138711238673141,34.377756449999964,-88.85918213085202,Union,-1.21,34.378,-88.8578,0.12970067710766434
2024-05-11 05:13:00,98699542,-2.2990159507397445,-3.014806537137356,-1.583225364342133,34.377756449999964,-88.85918213085202,Union,-2.04,34.378,-88.8578,0.12970067710766434
2024-05-11 05:14:00,98699542,-3.912689927286483,-5.129732409978251,-2.6956474445947154,34.377756449999964,-88.85918213085202,Union,-3.09,34.378,-88.8578,0.12970067710766434
2024-05-11 05:15:00,98699542,-5.081450697713517,-6.663554649242802,-3.4993467461842327,34.377756449999964,-88.85918213085202,Union,-4.28,34.378,-88.8578,0.12970067710766434
2024-05-11 05:16:00,98699542,-4.815699604909213,-6.315173610706331,-3.3162255991120944,34.377756449999964,-88.85918213085202,Union,-4.8,34.378,-88.8578,0.12970067710766434
2024-05-11 05:17:00,98699542,-3.108380705699395,-4.075581348273863,-2.141180063124927,34.377756449999964,-88.85918213085202,Union,-2.58,34.378,-88.8578,0.12970067710766434
2024-05-11 05:18:00,98699542,-0.8726291925857431,-1.1483643311119593,-0.5968940540595269,34.377756449999964,-88.85918213085202,Union,-0.38,34.378,-88.8578,0.12970067710766434
2024-05-11 05:19:00,98699542,-0.43480197519124075,-0.5721340315422994,-0.29746991884018215,34.377756449999964,-88.85918213085202,Union,0.6,34.378,-88.8578,0.12970067710766434
2024-05-11 05:20:00,98699542,-1.7007167587844654,-2.2300059517295603,-1.1714275658393707,34.377756449999964,-88.85918213085202,Union,0.29,34.378,-88.8578,0.12970067710766434
2024-05-11 05:21:00,98699542,-2.8839236928379286,-3.7822517383280565,-1.9855956473478007,34.377756449999964,-88.85918213085202,Union,-1.02,34.378,-88.8578,0.12970067710766434
2024-05-11 05:22:00,98699542,-2.5637753761768662,-3.3622152513644297,-1.7653355009893028,34.377756449999964,-88.85918213085202,Union,-2.0,34.378,-88.8578,0.12970067710766434
2024-05-11 05:23:00,98699542,-1.5295103133406187,-2.0063974976666104,-1.0526231290146273,34.377756449999964,-88.85918213085202,Union,-2.1,34.378,-88.8578,0.12970067710766434
2024-05-11 05:24:00,98699542,-0.9642349581792199,-1.2686045264198982,-0.6598653899385415,34.377756449999964,-88.85918213085202,Union,-2.09,34.378,-88.8578,0.12970067710766434
2024-05-11 05:25:00,98699542,-0.22248254402740417,-0.30088270607787176,-0.14408238197693657,34.377756449999964,-88.85918213085202,Union,-1.76,34.378,-88.8578,0.12970067710766434
2024-05-11 05:26:00,98699542,-1.680932009709146,-2.204155118460217,-1.1577089009580752,34.377756449999964,-88.85918213085202,Union,-1.97,34.378,-88.8578,0.12970067710766434
2024-05-11 05:27:00,98699542,-3.382087466375252,-4.434859140917895,-2.3293157918326095,34.377756449999964,-88.85918213085202,Union,-2.87,34.378,-88.8578,0.12970067710766434
2024-05-11 05:28:00,98699542,-3.107251124327505,-4.073988421214733,-2.1405138274402766,34.377756449999964,-88.85918213085202,Union,-2.77,34.378,-88.8578,0.12970067710766434
2024-05-11 05:29:00,98699542,-1.6943359375,-2.2224732537298566,-1.1661986212701434,34.377756449999964,-88.85918213085202,Union,-2.87,34.378,-88.8578,0.12970067710766434
2024-05-11 05:30:00,98699542,-1.2870029841963686,-1.6880837676470548,-0.8859222007456824,34.377756449999964,-88.85918213085202,Union,-2.08,34.378,-88.8578,0.12970067710766434
2024-05-11 05:31:00,98699542,-0.9824284423335575,-1.2881997965807945,-0.6766570880863205,34.377756449999964,-88.85918213085202,Union,-1.51,34.378,-88.8578,0.12970067710766434
2024-05-11 05:32:00,98699542,-0.6409287391770343,-0.841006884345272,-0.44085059400879656,34.377756449999964,-88.85918213085202,Union,-1.48,34.378,-88.8578,0.12970067710766434
2024-05-11 05:33:00,98699542,-0.8400870697083053,-1.1019730063319058,-0.5782011330847048,34.377756449999964,-88.85918213085202,Union,-1.29,34.378,-88.8578,0.12970067710766434
2024-05-11 05:34:00,98699542,-1.6345397087256222,-2.1431448543330913,-1.125934563118153,34.377756449999964,-88.85918213085202,Union,-1.57,34.378,-88.8578,0.12970067710766434
2024-05-11 05:35:00,98699542,-1.0746889710827168,-1.4092372161979565,-0.740140725967477,34.377756449999964,-88.85918213085202,Union,-1.47,34.378,-88.8578,0.12970067710766434
2024-05-11 05:36:00,98699542,-0.5900906817417619,-0.7737482839422222,-0.4064330795413017,34.377756449999964,-88.85918213085202,Union,-1.48,34.378,-88.8578,0.12970067710766434
2024-05-11 05:37:00,98699542,0.6591310892316745,0.45381141411645254,0.8644507643468965,34.377756449999964,-88.85918213085202,Union,-1.18,34.378,-88.8578,0.12970067710766434
2024-05-11 05:38:00,98699542,1.5235176214694015,1.0487811788439636,1.9982540640948394,34.377756449999964,-88.85918213085202,Union,-0.57,34.378,-88.8578,0.12970067710766434
2024-05-11 05:39:00,98699542,2.1360410011768662,1.4708895184627042,2.801192483891028,34.377756449999964,-88.85918213085202,Union,0.07,34.378,-88.8578,0.12970067710766434
2024-05-11 05:40:00,98699542,2.41229326033961,1.6611089844235463,3.1634775362556735,34.377756449999964,-88.85918213085202,Union,0.57,34.378,-88.8578,0.12970067710766434
2024-05-11 05:41:00,98699542,1.5599269187121723,1.0734502371645078,2.0464036002598367,34.377756449999964,-88.85918213085202,Union,0.55,34.378,-88.8578,0.12970067710766434
2024-05-11 05:42:00,98699542,1.2058327116257566,0.829709654751457,1.5819557685000563,34.377756449999964,-88.85918213085202,Union,0.23,34.378,-88.8578,0.12970067710766434
2024-05-11 05:43:00,98699542,1.2208009782700067,0.8400853099330946,1.6015166466069188,34.377756449999964,-88.85918213085202,Union,0.03,34.378,-88.8578,0.12970067710766434
2024-05-11 05:44:00,98699542,1.3820428085070613,0.951657432528733,1.8124281844853896,34.377756449999964,-88.85918213085202,Union,0.27,34.378,-88.8578,0.12970067710766434
2024-05-11 05:45:00,98699542,0.36893523164298925,0.25307208333571507,0.4847983799502634,34.377756449999964,-88.85918213085202,Union,0.23,34.378,-88.8578,0.12970067710766434
2024-05-11 05:46:00,98699542,-0.5828761374621722,-0.7664076616705542,-0.39934461325379017,34.377756449999964,-88.85918213085202,Union,-0.04,34.378,-88.8578,0.12970067710766434
2024-05-11 05:47:00,98699542,-0.9146443657531943,-1.2031290733399005,-0.6261596581664881,34.377756449999964,-88.85918213085202,Union,-0.6,34.378,-88.8578,0.12970067710766434
2024-05-11 05:48:00,98699542,1.1318602366341628,0.7791182588843866,1.484602214383939,34.377756449999964,-88.85918213085202,Union,-0.06,34.378,-88.8578,0.12970067710766434
2024-05-11 05:49:00,98699542,0.03685142501697656,-0.0035532131822759647,0.07725606321622908,34.377756449999964,-88.85918213085202,Union,-0.77,34.378,-88.8578,0.12970067710766434
2024-05-11 05:50:00,98699542,-0.3962379358082549,-0.5237162231621889,-0.2687596484543209,34.377756449999964,-88.85918213085202,Union,-0.7,34.378,-88.8578,0.12970067710766434
2024-05-11 05:51:00,98699542,-1.0018027330615333,-1.3154922625434242,-0.6881132035796425,34.377756449999964,-88.85918213085202,Union,-0.7,34.378,-88.8578,0.12970067710766434
2024-05-11 05:52:00,98699542,-0.9057397181825824,-1.1890007882904485,-0.6224786480747162,34.377756449999964,-88.85918213085202,Union,-1.41,34.378,-88.8578,0.12970067710766434
2024-05-11 05:53:00,98699542,0.013710559416554803,-0.0004464291058597653,0.027867547938969374,34.377756449999964,-88.85918213085202,Union,-1.53,34.378,-88.8578,0.12970067710766434
2024-05-11 05:54:00,98699542,0.7526049328555817,0.5100831344377647,0.9951267312733988,34.377756449999964,-88.85918213085202,Union,-1.35,34.378,-88.8578,0.12970067710766434
2024-05-11 05:55:00,98699542,1.2085286020511097,0.8193648872134449,1.5976923168887744,34.377756449999964,-88.85918213085202,Union,-2.67,34.378,-88.8578,0.12970067710766434
2024-05-11 05:56:00,98699542,0.786909728059852,0.5366492747544169,1.0371701813652872,34.377756449999964,-88.85918213085202,Union,-2.04,34.378,-88.8578,0.12970067710766434
2024-05-11 05:57:00,98699542,0.702796961688803,0.4789426646305893,0.9266512587470167,34.377756449999964,-88.85918213085202,Union,-2.12,34.378,-88.8578,0.12970067710766434
2024-05-11 05:58:00,98699542,-0.9110641838643242,-1.1948615303321446,-0.6272668373965038,34.377756449999964,-88.85918213085202,Union,-3.11,34.378,-88.8578,0.12970067710766434
2024-05-11 05:59:00,98699542,-0.550628887861466,-0.722335530943916,-0.37892224477901604,34.377756449999964,-88.85918213085202,Union,-2.46,34.378,-88.8578,0.12970067710766434
2024-05-11 06:00:00,98699542,0.5083577528686113,0.3500210881320688,0.6666944176051538,34.377756449999964,-88.85918213085202,Union,-1.76,34.378,-88.8578,0.12970067710766434
2024-05-11 06:01:00,98699542,0.5149838640614492,0.35459293919381696,0.6753747889290815,34.377756449999964,-88.85918213085202,Union,-1.94,34.378,-88.8578,0.12970067710766434
2024-05-11 06:02:00,98699542,0.21730970165917116,0.1393187009374418,0.2953007023809005,34.377756449999964,-88.85918213085202,Union,-2.24,34.378,-88.8578,0.12970067710766434
2024-05-11 06:03:00,98699542,-0.5180898844674681,-0.6847150723758508,-0.35146469655908535,34.377756449999964,-88.85918213085202,Union,-2.01,34.378,-88.8578,0.12970067710766434
2024-05-11 06:04:00,98699542,-0.8760067722343645,-1.151640740204073,-0.6003728042646561,34.377756449999964,-88.85918213085202,Union,-1.75,34.378,-88.8578,0.12970067710766434
2024-05-11 06:05:00,98699542,-0.26628271845578344,-0.3634825160504409,-0.16908292086112595,34.377756449999964,-88.85918213085202,Union,-1.01,34.378,-88.8578,0.12970067710766434
2024-05-11 06:06:00,98699542,0.2683952654778917,0.1613077358640691,0.37548279509171434,34.377756449999964,-88.85918213085202,Union,-0.67,34.378,-88.8578,0.12970067710766434
2024-05-11 06:07:00,98699542,-0.2358900017600454,-0.3171208418666023,-0.15465916165348856,34.377756449999964,-88.85918213085202,Union,-0.53,34.378,-88.8578,0.12970067710766434
2024-05-11 06:08:00,98699542,-0.7381564706624075,-0.968336944375879,-0.507975996948936,34.377756449999964,-88.85918213085202,Union,-0.26,34.378,-88.8578,0.12970067710766434
2024-05-11 06:09:00,98699542,-0.5127274924344317,-0.6769868738663584,-0.3484681110025051,34.377756449999964,-88.85918213085202,Union,-0.03,34.378,-88.8578,0.12970067710766434
2024-05-11 06:10:00,98699542,-0.24287378635675858,-0.31857626084729673,-0.1671713118662204,34.377756449999964,-88.85918213085202,Union,0.58,34.378,-88.8578,0.12970067710766434
2024-05-11 06:11:00,98699542,-1.53389072482347,-2.011595537544189,-1.0561859121027513,34.377756449999964,-88.85918213085202,Union,0.95,34.378,-88.8578,0.12970067710766434
2024-05-11 06:12:00,98699542,-3.504549848688635,-4.5954990783666,-2.41360061901067,34.377756449999964,-88.85918213085202,Union,0.44,34.378,-88.8578,0.12970067710766434
2024-05-11 06:13:00,98699542,-3.9789188592804305,-5.217784976046886,-2.7400527425139756,34.377756449999964,-88.85918213085202,Union,-1.18,34.378,-88.8578,0.12970067710766434
2024-05-11 06:14:00,98699542,-2.028667724445192,-2.665980446016472,-1.3913550028739117,34.377756449999964,-88.85918213085202,Union,-1.52,34.378,-88.8578,0.12970067710766434
2024-05-11 06:15:00,98699542,-2.0225101925016813,-2.653451274107581,-1.3915691108957815,34.377756449999964,-88.85918213085202,Union,-1.25,34.378,-88.8578,0.12970067710766434
2024-05-11 06:16:00,98699542,-3.7712203681909884,-4.944449539782615,-2.597991196599362,34.377756449999964,-88.85918213085202,Union,-0.7,34.378,-88.8578,0.12970067710766434
2024-05-11 06:17:00,98699542,-2.7261356233187626,-3.574923737340524,-1.8773475092970013,34.377756449999964,-88.85918213085202,Union,-0.9,34.378,-88.8578,0.12970067710766434
2024-05-11 06:18:00,98699542,-2.1500885276563553,-2.8209807131596363,-1.4791963421530743,34.377756449999964,-88.85918213085202,Union,-0.73,34.378,-88.8578,0.12970067710766434
2024-05-11 06:19:00,98699542,-0.7255189506977135,-0.9526665805405281,-0.498371320854899,34.377756449999964,-88.85918213085202,Union,-0.86,34.378,-88.8578,0.12970067710766434
2024-05-11 06:20:00,98699542,0.2919641121490417,0.19169026257627114,0.3922379617218123,34.377756449999964,-88.85918213085202,Union,-0.81,34.378,-88.8578,0.12970067710766434
2024-05-11 06:21:00,98699542,0.8961267836877942,0.6145711190123176,1.1776824483632709,34.377756449999964,-88.85918213085202,Union,-0.15,34.378,-88.8578,0.12970067710766434
2024-05-11 06:22:00,98699542,0.34976181923020344,0.23400343524984246,0.4655202032105644,34.377756449999964,-88.85918213085202,Union,-0.41,34.378,-88.8578,0.12970067710766434
2024-05-11 06:23:00,98699542,0.25500636046255043,0.17395727201002645,0.33605544891507444,34.377756449999964,-88.85918213085202,Union,-1.27,34.378,-88.8578,0.12970067710766434
2024-05-11 06:24:00,98699542,0.9462168218308675,0.651094646533985,1.24133899712775,34.377756449999964,-88.85918213085202,Union,-1.75,34.378,-88.8578,0.12970067710766434
2024-05-11 06:25:00,98699542,1.6510480150891056,1.1351042641964346,2.1669917659817766,34.377756449999964,-88.85918213085202,Union,-1.97,34.378,-88.8578,0.12970067710766434
2024-05-11 06:26:00,98699542,1.0858488409969738,0.7420071354022169,1.4296905465917307,34.377756449999964,-88.85918213085202,Union,-2.53,34.378,-88.8578,0.12970067710766434
2024-05-11 06:27:00,98699542,-1.9893247993022865,-2.617122996147527,-1.361526602457046,34.377756449999964,-88.85918213085202,Union,-2.63,34.378,-88.8578,0.12970067710766434
2024-05-11 06:28:00,98699542,-1.166911080930565,-1.5378540410795898,-0.79596812078154,34.377756449999964,-88.85918213085202,Union,-2.88,34.378,-88.8578,0.12970067710766434
2024-05-11 06:29:00,98699542,-1.847044831245797,-2.4230230511379727,-1.2710666113536215,34.377756449999964,-88.85918213085202,Union,-1.74,34.378,-88.8578,0.12970067710766434
2024-05-11 06:30:00,98699542,-3.1277687878278413,-4.103471753430101,-2.1520658222255817,34.377756449999964,-88.85918213085202,Union,-2.1,34.378,-88.8578,0.12970067710766434
2024-05-11 06:31:00,98699542,-2.2362112264626766,-2.933705923070329,-1.5387165298550243,34.377756449999964,-88.85918213085202,Union,-2.85,34.378,-88.8578,0.12970067710766434
2024-05-11 06:32:00,98699542,-2.1118101672831204,-2.7698317724412123,-1.4537885621250286,34.377756449999964,-88.85918213085202,Union,-2.76,34.378,-88.8578,0.12970067710766434
2024-05-11 06:33:00,98699542,-0.8298239691913248,-1.1077969481135979,-0.5518509902690517,34.377756449999964,-88.85918213085202,Union,-2.99,34.378,-88.8578,0.12970067710766434
2024-05-11 06:34:00,98699542,0.08951240749910684,0.04864093657015946,0.1303838784280542,34.377756449999964,-88.85918213085202,Union,-2.19,34.378,-88.8578,0.12970067710766434
2024-05-11 06:35:00,98699542,1.3941358965198385,0.959434143485778,1.828837649553899,34.377756449999964,-88.85918213085202,Union,-2.0,34.378,-88.8578,0.12970067710766434
2024-05-11 06:36:00,98699542,0.29180206319351043,0.2007675567000076,0.3828365696870133,34.377756449999964,-88.85918213085202,Union,-1.97,34.378,-88.8578,0.12970067710766434
2024-05-11 06:37:00,98699542,1.291315095410222,0.8890089015861806,1.6936212892342632,34.377756449999964,-88.85918213085202,Union,-1.44,34.378,-88.8578,0.12970067710766434
2024-05-11 06:38:00,98699542,1.1773360662197376,0.8003330884914968,1.5543390439479785,34.377756449999964,-88.85918213085202,Union,-0.17,34.378,-88.8578,0.12970067710766434
2024-05-11 06:39:00,98699542,2.024558543838265,1.390727952255134,2.658389135421396,34.377756449999964,-88.85918213085202,Union,-0.03,34.378,-88.8578,0.12970067710766434
2024-05-11 06:40:00,98699542,2.161530136180229,1.488037211594201,2.8350230607662565,34.377756449999964,-88.85918213085202,Union,0.1,34.378,-88.8578,0.12970067710766434
2024-05-11 06:41:00,98699542,2.8937195275722933,1.992074675160765,3.7953643799838215,34.377756449999964,-88.85918213085202,Union,0.67,34.378,-88.8578,0.12970067710766434
2024-05-11 06:42:00,98699542,1.3564223268325488,0.9336546087493686,1.7791900449157292,34.377756449999964,-88.85918213085202,Union,0.62,34.378,-88.8578,0.12970067710766434
2024-05-11 06:43:00,98699542,0.9577359248907196,0.6527980187986678,1.2626738309827714,34.377756449999964,-88.85918213085202,Union,-0.17,34.378,-88.8578,0.12970067710766434
2024-05-11 06:44:00,98699542,1.192797867980834,0.8164164140646968,1.5691793218969712,34.377756449999964,-88.85918213085202,Union,0.47,34.378,-88.8578,0.12970067710766434
2024-05-11 06:45:00,98699542,-0.14507547672274293,-0.21024530581067413,-0.07990564763481173,34.377756449999964,-88.85918213085202,Union,1.32,34.378,-88.8578,0.12970067710766434
2024-05-11 06:46:00,98699542,-0.251533759706519,-0.36035547006732466,-0.1427120493457133,34.377756449999964,-88.85918213085202,Union,1.76,34.378,-88.8578,0.12970067710766434
2024-05-11 06:47:00,98699542,0.7053439378257398,0.4340208372069554,0.9766670384445242,34.377756449999964,-88.85918213085202,Union,2.62,34.378,-88.8578,0.12970067710766434
2024-05-11 06:48:00,98699542,1.7072919731422327,1.160713150939392,2.2538707953450734,34.377756449999964,-88.85918213085202,Union,3.35,34.378,-88.8578,0.12970067710766434
2024-05-11 06:49:00,98699542,-0.29941036016570693,-0.44366700491355926,-0.15515371541785464,34.377756449999964,-88.85918213085202,Union,3.14,34.378,-88.8578,0.12970067710766434
2024-05-11 06:50:00,98699542,1.176343085385844,0.8015142314790024,1.551171939292686,34.377756449999964,-88.85918213085202,Union,1.0,34.378,-88.8578,0.12970067710766434
2024-05-11 06:51:00,98699542,3.2761366740921316,2.254523591044408,4.297749757139855,34.377756449999964,-88.85918213085202,Union,3.4,34.378,-88.8578,0.12970067710766434
2024-05-11 06:52:00,98699542,2.396473867266308,1.6501987436660583,3.142748990866558,34.377756449999964,-88.85918213085202,Union,4.7,34.378,-88.8578,0.12970067710766434
2024-05-11 06:53:00,98699542,2.4744373108607935,1.6971022175171937,3.2517724042043934,34.377756449999964,-88.85918213085202,Union,2.77,34.378,-88.8578,0.12970067710766434
2024-05-11 06:54:00,98699542,3.1890866677874916,2.194546989492421,4.183626346082562,34.377756449999964,-88.85918213085202,Union,2.23,34.378,-88.8578,0.12970067710766434
2024-05-11 06:55:00,98699542,1.4070939023621385,0.9570653774386029,1.8571224272856741,34.377756449999964,-88.85918213085202,Union,2.22,34.378,-88.8578,0.12970067710766434
2024-05-11 06:56:00,98699542,4.300082485709482,2.9585580979553465,5.641606873463617,34.377756449999964,-88.85918213085202,Union,0.93,34.378,-88.8578,0.12970067710766434
2024-05-11 06:57:00,98699542,2.354688550773369,1.6012362863566052,3.108140815190133,34.377756449999964,-88.85918213085202,Union,0.14,34.378,-88.8578,0.12970067710766434
2024-05-11 06:58:00,98699542,6.015501534129119,4.129344620749331,7.901658447508908,34.377756449999964,-88.85918213085202,Union,-0.63,34.378,-88.8578,0.12970067710766434
2024-05-11 06:59:00,98699542,3.1142571557666443,2.1441278708438474,4.084386440689441,34.377756449999964,-88.85918213085202,Union,-1.52,34.378,-88.8578,0.12970067710766434
2024-05-11 07:00:00,98699542,-0.3274951927118359,-0.43160427212441266,-0.22338611329925914,34.377756449999964,-88.85918213085202,Union,-3.69,34.378,-88.8578,0.12970067710766434
2024-05-11 07:01:00,98699542,0.685512724865501,0.4677557891874322,0.9032696605435697,34.377756449999964,-88.85918213085202,Union,-3.33,34.378,-88.8578,0.12970067710766434
2024-05-11 07:02:00,98699542,0.8611869273285138,0.5742972537681469,1.1480766008888805,34.377756449999964,-88.85918213085202,Union,-2.49,34.378,-88.8578,0.12970067710766434
2024-05-11 07:03:00,98699542,0.8126668102723604,0.539695178094099,1.0856384424506218,34.377756449999964,-88.85918213085202,Union,-4.39,34.378,-88.8578,0.12970067710766434
2024-05-11 07:04:00,98699542,-1.6414249012273032,-2.163766200342943,-1.1190836021116635,34.377756449999964,-88.85918213085202,Union,-5.96,34.378,-88.8578,0.12970067710766434
2024-05-11 07:05:00,98699542,-5.057269775554809,-6.63411452581291,-3.4804250252967073,34.377756449999964,-88.85918213085202,Union,-6.93,34.378,-88.8578,0.12970067710766434
2024-05-11 07:06:00,98699542,-4.744128803799597,-6.223743200239462,-3.264514407359731,34.377756449999964,-88.85918213085202,Union,-6.33,34.378,-88.8578,0.12970067710766434
2024-05-11 07:07:00,98699542,-4.2320790601882985,-5.55375771830993,-2.910400402066667,34.377756449999964,-88.85918213085202,Union,-7.83,34.378,-88.8578,0.12970067710766434
2024-05-11 07:08:00,98699542,-1.4800852177202422,-1.9456337282312828,-1.0145367072092015,34.377756449999964,-88.85918213085202,Union,-4.77,34.378,-88.8578,0.12970067710766434
2024-05-11 07:09:00,98699542,-3.188513996301278,-4.189510991092424,-2.1875170015101313,34.377756449999964,-88.85918213085202,Union,-3.23,34.378,-88.8578,0.12970067710766434
2024-05-11 07:10:00,98699542,-2.3918662260423673,-3.1369276916028723,-1.6468047604818623,34.377756449999964,-88.85918213085202,Union,-2.04,34.378,-88.8578,0.12970067710766434
2024-05-11 07:11:00,98699542,-2.5496293396940146,-3.343361601778327,-1.7558970776097023,34.377756449999964,-88.85918213085202,Union,0.21,34.378,-88.8578,0.12970067710766434
2024-05-11 07:12:00,98699542,-0.5413474395279926,-0.7106002150516716,-0.37209466400431357,34.377756449999964,-88.85918213085202,Union,2.65,34.378,-88.8578,0.12970067710766434
2024-05-11 07:13:00,98699542,-1.1656248686533288,-1.5333896233940405,-0.7978601139126171,34.377756449999964,-88.85918213085202,Union,4.11,34.378,-88.8578,0.12970067710766434
2024-05-11 07:14:00,98699542,-0.5438968784150134,-0.7157628245270578,-0.37203093230296913,34.377756449999964,-88.85918213085202,Union,2.85,34.378,-88.8578,0.12970067710766434
2024-05-11 07:15:00,98699542,-2.639391654757902,-3.462614955602598,-1.816168353913206,34.377756449999964,-88.85918213085202,Union,1.82,34.378,-88.8578,0.12970067710766434
2024-05-11 07:16:00,98699542,-1.8864074583893746,-2.4780579567456225,-1.2947569600331268,34.377756449999964,-88.85918213085202,Union,0.48,34.378,-88.8578,0.12970067710766434
2024-05-11 07:17:00,98699542,0.7368797810188299,0.4876301913309176,0.9861293707067422,34.377756449999964,-88.85918213085202,Union,1.7,34.378,-88.8578,0.12970067710766434
2024-05-11 07:18:00,98699542,1.6630196074310692,1.111651270916708,2.2143879439454306,34.377756449999964,-88.85918213085202,Union,1.8,34.378,-88.8578,0.12970067710766434
2024-05-11 07:19:00,98699542,2.5578962991761935,1.7462584262036862,3.369534172148701,34.377756449999964,-88.85918213085202,Union,4.01,34.378,-88.8578,0.12970067710766434
2024-05-11 07:20:00,98699542,0.08063161525456955,-0.020020767038632717,0.1812839975477718,34.377756449999964,-88.85918213085202,Union,5.99,34.378,-88.8578,0.12970067710766434
2024-05-11 07:21:00,98699542,-0.5635645647696704,-0.7484395667057393,-0.37868956283360156,34.377756449999964,-88.85918213085202,Union,6.63,34.378,-88.8578,0.12970067710766434
2024-05-11 07:22:00,98699542,-2.041837198428043,-2.678878156871936,-1.40479623998415,34.377756449999964,-88.85918213085202,Union,6.44,34.378,-88.8578,0.12970067710766434
2024-05-11 07:23:00,98699542,1.4117455447209146,0.9620815286021903,1.8614095608396388,34.377756449999964,-88.85918213085202,Union,6.57,34.378,-88.8578,0.12970067710766434
2024-05-11 07:24:00,98699542,2.920113641139879,1.9906911091903057,3.8495361730894526,34.377756449999964,-88.85918213085202,Union,7.8,34.378,-88.8578,0.12970067710766434
2024-05-11 07:25:00,98699542,3.4912221019670477,2.396844310412156,4.585599893521939,34.377756449999964,-88.85918213085202,Union,6.17,34.378,-88.8578,0.12970067710766434
2024-05-11 07:26:00,98699542,2.210173062373907,1.5164392213841174,2.903906903363697,34.377756449999964,-88.85918213085202,Union,5.01,34.378,-88.8578,0.12970067710766434
2024-05-11 07:27:00,98699542,1.3170373707548755,0.8992888534312573,1.7347858880784937,34.377756449999964,-88.85918213085202,Union,3.75,34.378,-88.8578,0.12970067710766434
2024-05-11 07:28:00,98699542,0.40828702268619704,0.28075910206032023,0.5358149433120738,34.377756449999964,-88.85918213085202,Union,2.51,34.378,-88.8578,0.12970067710766434
2024-05-11 07:29:00,98699542,-0.9314971287617687,-1.225699454818038,-0.6372948027054994,34.377756449999964,-88.85918213085202,Union,1.79,34.378,-88.8578,0.12970067710766434
2024-05-11 07:30:00,98699542,-2.3750065673335574,-3.115121065676898,-1.6348920689902169,34.377756449999964,-88.85918213085202,Union,-0.31,34.378,-88.8578,0.12970067710766434
2024-05-11 07:31:00,98699542,-0.9485091496091123,-1.243477557130837,-0.6535407420873875,34.377756449999964,-88.85918213085202,Union,-1.34,34.378,-88.8578,0.12970067710766434
2024-05-11 07:32:00,98699542,0.21309889156544218,0.13931426992731671,0.28688351320356764,34.377756449999964,-88.85918213085202,Union,-1.05,34.378,-88.8578,0.12970067710766434
2024-05-11 07:33:00,98699542,0.045801523113379,-0.04715706197053224,0.13876010819729023,34.377756449999964,-88.85918213085202,Union,-0.99,34.378,-88.8578,0.12970067710766434
2024-05-11 07:34:00,98699542,0.9698329533036315,0.66616758257528,1.273498324031983,34.377756449999964,-88.85918213085202,Union,-1.95,34.378,-88.8578,0.12970067710766434
2024-05-11 07:35:00,98699542,1.3643005001681237,0.9391126271051597,1.7894883732310876,34.377756449999964,-88.85918213085202,Union,0.58,34.378,-88.8578,0.12970067710766434
2024-05-11 07:36:00,98699542,-1.6052966858607935,-2.1047430451579436,-1.1058503265636435,34.377756449999964,-88.85918213085202,Union,0.28,34.378,-88.8578,0.12970067710766434
2024-05-11 07:37:00,98699542,2.298709912995965,1.5823203799354353,3.015099446056495,34.377756449999964,-88.85918213085202,Union,1.63,34.378,-88.8578,0.12970067710766434
2024-05-11 07:38:00,98699542,-3.298956844737727,-4.325792699648556,-2.2721209898268984,34.377756449999964,-88.85918213085202,Union,3.36,34.378,-88.8578,0.12970067710766434
2024-05-11 07:39:00,98699542,-2.135850548503699,-2.8010471484461164,-1.4706539485612817,34.377756449999964,-88.85918213085202,Union,2.08,34.378,-88.8578,0.12970067710766434
2024-05-11 07:40:00,98699542,-0.8575804761054135,-1.1250184538346333,-0.5901424983761938,34.377756449999964,-88.85918213085202,Union,3.79,34.378,-88.8578,0.12970067710766434
2024-05-11 07:41:00,98699542,0.6058529390131137,0.3925244589039456,0.8191814191222817,34.377756449999964,-88.85918213085202,Union,3.77,34.378,-88.8578,0.12970067710766434
2024-05-11 07:42:00,98699542,0.5164043783099361,0.34386636479235266,0.6889423918275196,34.377756449999964,-88.85918213085202,Union,4.42,34.378,-88.8578,0.12970067710766434
2024-05-11 07:43:00,98699542,1.787786467089778,1.229690381772931,2.345882552406625,34.377756449999964,-88.85918213085202,Union,4.48,34.378,-88.8578,0.12970067710766434
2024-05-11 07:44:00,98699542,-2.0781026710659045,-2.7300873038335847,-1.4261180382982244,34.377756449999964,-88.85918213085202,Union,3.0,34.378,-88.8578,0.12970067710766434
2024-05-11 07:45:00,98699542,-3.5630161924176194,-4.672174986447379,-2.45385739838786,34.377756449999964,-88.85918213085202,Union,0.47,34.378,-88.8578,0.12970067710766434
2024-05-11 07:46:00,98699542,-3.6872281123907196,-4.838135094609999,-2.53632113017144,34.377756449999964,-88.85918213085202,Union,-0.6,34.378,-88.8578,0.12970067710766434
2024-05-11 07:47:00,98699542,-2.366339000504371,-3.1090970955296133,-1.623580905479129,34.377756449999964,-88.85918213085202,Union,-1.14,34.378,-88.8578,0.12970067710766434
2024-05-11 07:48:00,98699542,-1.4870327998907196,-1.9502786526512477,-1.0237869471301915,34.377756449999964,-88.85918213085202,Union,-1.25,34.378,-88.8578,0.12970067710766434
2024-05-11 07:49:00,98699542,1.0621998728564224,0.7311515326769593,1.3932482130358854,34.377756449999964,-88.85918213085202,Union,-0.67,34.378,-88.8578,0.12970067710766434
2024-05-11 07:50:00,98699542,-0.6447877043754203,-0.8507779142334172,-0.43879749451742345,34.377756449999964,-88.85918213085202,Union,-0.25,34.378,-88.8578,0.12970067710766434
2024-05-11 07:51:00,98699542,-2.56345489029926,-3.36154279440458,-1.7653669861939405,34.377756449999964,-88.85918213085202,Union,0.01,34.378,-88.8578,0.12970067710766434
2024-05-11 07:52:00,98699542,-3.5725926782111634,-4.686134481703292,-2.4590508747190345,34.377756449999964,-88.85918213085202,Union,-0.01,34.378,-88.8578,0.12970067710766434
2024-05-11 07:53:00,98699542,-4.150855592215871,-5.44251548962572,-2.8591956948060218,34.377756449999964,-88.85918213085202,Union,0.35,34.378,-88.8578,0.12970067710766434
2024-05-11 07:54:00,98699542,-5.029510970073974,-6.5972768905893435,-3.4617450495586044,34.377756449999964,-88.85918213085202,Union,0.6,34.378,-88.8578,0.12970067710766434
2024-05-11 07:55:00,98699542,-5.187602450403497,-6.804048858176616,-3.5711560426303777,34.377756449999964,-88.85918213085202,Union,0.5,34.378,-88.8578,0.12970067710766434
2024-05-11 07:56:00,98699542,-4.232783078345663,-5.550709504072581,-2.9148566526187443,34.377756449999964,-88.85918213085202,Union,1.2,34.378,-88.8578,0.12970067710766434
2024-05-11 07:57:00,98699542,-0.09048212560616489,-0.15723780805885199,-0.0237264431534778,34.377756449999964,-88.85918213085202,Union,2.06,34.378,-88.8578,0.12970067710766434
2024-05-11 07:58:00,98699542,3.5998668144754538,2.475264248648774,4.724469380302134,34.377756449999964,-88.85918213085202,Union,4.19,34.378,-88.8578,0.12970067710766434
2024-05-11 07:59:00,98699542,5.71930165601883,3.9371071051581588,7.5014962068795015,34.377756449999964,-88.85918213085202,Union,7.39,34.378,-88.8578,0.12970067710766434
2024-05-11 08:00:00,98699542,2.32585664298924,1.6016934280923019,3.050019857886178,34.377756449999964,-88.85918213085202,Union,7.29,34.378,-88.8578,0.12970067710766434
2024-05-11 08:01:00,98699542,1.78064120817922,1.2236747749338996,2.3376076414245404,34.377756449999964,-88.85918213085202,Union,6.86,34.378,-88.8578,0.12970067710766434
2024-05-11 08:02:00,98699542,2.3131659276227303,1.5929886132999975,3.033343241945463,34.377756449999964,-88.85918213085202,Union,5.48,34.378,-88.8578,0.12970067710766434
2024-05-11 08:03:00,98699542,4.827132019166107,3.324499516181369,6.329764522150844,34.377756449999964,-88.85918213085202,Union,6.0,34.378,-88.8578,0.12970067710766434
2024-05-11 08:04:00,98699542,3.9343017085574985,2.7091154202599315,5.1594879968550655,34.377756449999964,-88.85918213085202,Union,6.66,34.378,-88.8578,0.12970067710766434
2024-05-11 08:05:00,98699542,5.321736297915265,3.659996203876272,6.983476391954259,34.377756449999964,-88.85918213085202,Union,6.91,34.378,-88.8578,0.12970067710766434
2024-05-11 08:06:00,98699542,3.802539981926698,2.6112073087053753,4.993872655148021,34.377756449999964,-88.85918213085202,Union,5.84,34.378,-88.8578,0.12970067710766434
2024-05-11 08:07:00,98699542,5.936412449562878,4.087263715744119,7.785561183381637,34.377756449999964,-88.85918213085202,Union,4.82,34.378,-88.8578,0.12970067710766434
2024-05-11 08:08:00,98699542,3.2371359070275725,2.228996617331711,4.2452751967234335,34.377756449999964,-88.85918213085202,Union,3.88,34.378,-88.8578,0.12970067710766434
2024-05-11 08:09:00,98699542,6.809000924680565,4.689541794929171,8.928460054431959,34.377756449999964,-88.85918213085202,Union,5.26,34.378,-88.8578,0.12970067710766434
2024-05-11 08:10:00,98699542,5.896611781271015,4.059989437027034,7.733234125514996,34.377756449999964,-88.85918213085202,Union,7.36,34.378,-88.8578,0.12970067710766434
2024-05-11 08:11:00,98699542,4.045108387273033,2.7868412511782763,5.30337552336779,34.377756449999964,-88.85918213085202,Union,8.11,34.378,-88.8578,0.12970067710766434
2024-05-11 08:12:00,98699542,4.5575140803631475,3.138528100087182,5.976500060639113,34.377756449999964,-88.85918213085202,Union,6.92,34.378,-88.8578,0.12970067710766434
2024-05-11 08:13:00,98699542,3.7094519691492938,2.5552624877359653,4.863641450562622,34.377756449999964,-88.85918213085202,Union,4.62,34.378,-88.8578,0.12970067710766434
2024-05-11 08:14:00,98699542,3.635959566240753,2.504429738963863,4.767489393517643,34.377756449999964,-88.85918213085202,Union,3.49,34.378,-88.8578,0.12970067710766434
2024-05-11 08:15:00,98699542,2.1150321011264293,1.4541242761176578,2.7759399261352007,34.377756449999964,-88.85918213085202,Union,2.69,34.378,-88.8578,0.12970067710766434
2024-05-11 08:16:00,98699542,4.8390740585070615,3.331089548184077,6.347058568830046,34.377756449999964,-88.85918213085202,Union,3.06,34.378,-88.8578,0.12970067710766434
2024-05-11 08:17:00,98699542,4.348092320948218,2.9938687685282686,5.702315873368167,34.377756449999964,-88.85918213085202,Union,2.47,34.378,-88.8578,0.12970067710766434
2024-05-11 08:18:00,98699542,4.291949499831876,2.9527733255701882,5.631125674093564,34.377756449999964,-88.85918213085202,Union,1.23,34.378,-88.8578,0.12970067710766434
2024-05-11 08:19:00,98699542,1.5871097690400136,1.0834880685763157,2.0907314695037114,34.377756449999964,-88.85918213085202,Union,-0.08,34.378,-88.8578,0.12970067710766434
2024-05-11 08:20:00,98699542,4.992113945864156,3.4375136192950833,6.546714272433228,34.377756449999964,-88.85918213085202,Union,-5.34,34.378,-88.8578,0.12970067710766434
2024-05-11 08:21:00,98699542,2.692923304051782,1.8548357916334177,3.531010816470146,34.377756449999964,-88.85918213085202,Union,-6.43,34.378,-88.8578,0.12970067710766434
2024-05-11 08:22:00,98699542,8.700960406859448,5.991078243233692,11.410842570485205,34.377756449999964,-88.85918213085202,Union,-2.61,34.378,-88.8578,0.12970067710766434
2024-05-11 08:23:00,98699542,11.403050395090787,7.850941693170439,14.955159097011135,34.377756449999964,-88.85918213085202,Union,0.18,34.378,-88.8578,0.12970067710766434
2024-05-11 08:24:00,98699542,9.043817249495628,6.2260405393931215,11.861593959598135,34.377756449999964,-88.85918213085202,Union,1.67,34.378,-88.8578,0.12970067710766434
2024-05-11 08:25:00,98699542,4.695202168796234,3.2326465336817964,6.1577578039106715,34.377756449999964,-88.85918213085202,Union,-0.28,34.378,-88.8578,0.12970067710766434
2024-05-11 08:26:00,98699542,-1.758991336373571,-2.3093807479406903,-1.2086019248064517,34.377756449999964,-88.85918213085202,Union,-1.05,34.378,-88.8578,0.12970067710766434
2024-05-11 08:27:00,98699542,-1.4105364986129791,-1.8563983069010015,-0.9646746903249568,34.377756449999964,-88.85918213085202,Union,-2.47,34.378,-88.8578,0.12970067710766434
2024-05-11 08:28:00,98699542,-6.482459965534633,-8.50039996631089,-4.464519964758375,34.377756449999964,-88.85918213085202,Union,-3.11,34.378,-88.8578,0.12970067710766434
2024-05-11 08:29:00,98699542,-7.506580468224613,-9.841911578148803,-5.1712493583004235,34.377756449999964,-88.85918213085202,Union,-4.06,34.378,-88.8578,0.12970067710766434
2024-05-11 08:30:00,98699542,-6.691077883322125,-8.773754980232173,-4.608400786412076,34.377756449999964,-88.85918213085202,Union,-6.03,34.378,-88.8578,0.12970067710766434
2024-05-11 08:31:00,98699542,-2.628172022108272,-3.447004009020279,-1.8093400351962647,34.377756449999964,-88.85918213085202,Union,-5.07,34.378,-88.8578,0.12970067710766434
2024-05-11 08:32:00,98699542,1.3844260938550774,0.943031676112658,1.8258205115974968,34.377756449999964,-88.85918213085202,Union,-2.17,34.378,-88.8578,0.12970067710766434
2024-05-11 08:33:00,98699542,1.7198178484364492,1.1477280689404838,2.2919076279324146,34.377756449999964,-88.85918213085202,Union,-1.33,34.378,-88.8578,0.12970067710766434
2024-05-11 08:34:00,98699542,3.5394210764122396,2.4377618783949035,4.641080274429576,34.377756449999964,-88.85918213085202,Union,-2.18,34.378,-88.8578,0.12970067710766434
2024-05-11 08:35:00,98699542,6.323257292367182,4.356139472694555,8.29037511203981,34.377756449999964,-88.85918213085202,Union,-1.25,34.378,-88.8578,0.12970067710766434
2024-05-11 08:36:00,98699542,3.816177706792199,2.627664524489054,5.004690889095344,34.377756449999964,-88.85918213085202,Union,-1.37,34.378,-88.8578,0.12970067710766434
2024-05-11 08:37:00,98699542,5.537588790349697,3.8107414478575774,7.264436132841817,34.377756449999964,-88.85918213085202,Union,1.15,34.378,-88.8578,0.12970067710766434
2024-05-11 08:38:00,98699542,3.5266279106422327,2.4284381336782053,4.62481768760626,34.377756449999964,-88.85918213085202,Union,4.75,34.378,-88.8578,0.12970067710766434
2024-05-11 08:39:00,98699542,1.6186776279841963,1.115209274024091,2.1221459819443016,34.377756449999964,-88.85918213085202,Union,5.36,34.378,-88.8578,0.12970067710766434
2024-05-11 08:40:00,98699542,-1.710585490921318,-2.2446336836063976,-1.1765372982362388,34.377756449999964,-88.85918213085202,Union,1.84,34.378,-88.8578,0.12970067710766434
2024-05-11 08:41:00,98699542,-0.34806276794720914,-0.457081311807492,-0.23904422408692627,34.377756449999964,-88.85918213085202,Union,-0.38,34.378,-88.8578,0.12970067710766434
2024-05-11 08:42:00,98699542,-0.10966210022177886,-0.18179236534509013,-0.037531835098467595,34.377756449999964,-88.85918213085202,Union,-0.83,34.378,-88.8578,0.12970067710766434
2024-05-11 08:43:00,98699542,1.2811725054640215,0.8797995116325006,1.6825454992955424,34.377756449999964,-88.85918213085202,Union,-1.94,34.378,-88.8578,0.12970067710766434
2024-05-11 08:44:00,98699542,0.9535393987474782,0.6492178506317644,1.2578609468631918,34.377756449999964,-88.85918213085202,Union,-3.24,34.378,-88.8578,0.12970067710766434
2024-05-11 08:45:00,98699542,2.7365658624747815,1.8850441112336083,3.5880876137159547,34.377756449999964,-88.85918213085202,Union,-1.39,34.378,-88.8578,0.12970067710766434
2024-05-11 08:46:00,98699542,1.6515977009078682,1.1116418791897973,2.191553522625939,34.377756449999964,-88.85918213085202,Union,-3.45,34.378,-88.8578,0.12970067710766434
2024-05-11 08:47:00,98699542,2.8598714904169467,1.9679988800963837,3.7517441007375094,34.377756449999964,-88.85918213085202,Union,-3.99,34.378,-88.8578,0.12970067710766434
2024-05-11 08:48:00,98699542,1.8744286419804976,1.2773778742053197,2.4714794097556756,34.377756449999964,-88.85918213085202,Union,-6.92,34.378,-88.8578,0.12970067710766434
2024-05-11 08:49:00,98699542,1.2354776553043039,0.837067326290404,1.6338879843182037,34.377756449999964,-88.85918213085202,Union,-10.55,34.378,-88.8578,0.12970067710766434
2024-05-11 08:50:00,98699542,1.9652502679472093,1.3419394887084222,2.5885610471859963,34.377756449999964,-88.85918213085202,Union,-9.56,34.378,-88.8578,0.12970067710766434
2024-05-11 08:51:00,98699542,1.4597409318258239,0.9594099463589565,1.9600719172926913,34.377756449999964,-88.85918213085202,Union,-8.74,34.378,-88.8578,0.12970067710766434
2024-05-11 08:52:00,98699542,-1.881161472343645,-2.503401708041986,-1.2589212366453038,34.377756449999964,-88.85918213085202,Union,-8.49,34.378,-88.8578,0.12970067710766434
2024-05-11 08:53:00,98699542,-4.432680890635508,-5.8263094643607065,-3.0390523169103094,34.377756449999964,-88.85918213085202,Union,-14.68,34.378,-88.8578,0.12970067710766434
2024-05-11 08:54:00,98699542,-3.9676532552958976,-5.202496205992663,-2.7328103045991328,34.377756449999964,-88.85918213085202,Union,-17.45,34.378,-88.8578,0.12970067710766434
2024-05-11 08:55:00,98699542,-3.439266612726967,-4.510868732661423,-2.36766449279251,34.377756449999964,-88.85918213085202,Union,-15.12,34.378,-88.8578,0.12970067710766434
2024-05-11 08:56:00,98699542,-3.1819374684767987,-4.1736984792465215,-2.1901764577070755,34.377756449999964,-88.85918213085202,Union,-11.75,34.378,-88.8578,0.12970067710766434
2024-05-11 08:57:00,98699542,-0.6195366352135171,-0.8133119217352577,-0.4257613486917765,34.377756449999964,-88.85918213085202,Union,-8.61,34.378,-88.8578,0.12970067710766434
2024-05-11 08:58:00,98699542,1.05300166547579,0.7226821311835571,1.383321199768023,34.377756449999964,-88.85918213085202,Union,-6.1,34.378,-88.8578,0.12970067710766434
2024-05-11 08:59:00,98699542,1.8002046381136516,1.2364216913090929,2.3639875849182106,34.377756449999964,-88.85918213085202,Union,-3.4,34.378,-88.8578,0.12970067710766434
2024-05-11 09:00:00,98699542,0.06172059860178185,0.034840382124146474,0.08860081507941722,34.377756449999964,-88.85918213085202,Union,-2.87,34.378,-88.8578,0.12970067710766434
2024-05-11 09:01:00,98699542,-2.887091774546066,-3.7864845236740425,-1.9876990254180888,34.377756449999964,-88.85918213085202,Union,-1.82,34.378,-88.8578,0.12970067710766434
2024-05-11 09:02:00,98699542,-4.5554020258910555,-5.9781403356374065,-3.1326637161447044,34.377756449999964,-88.85918213085202,Union,-0.58,34.378,-88.8578,0.12970067710766434
2024-05-11 09:03:00,98699542,-2.08654629182078,-2.7382429960789874,-1.434849587562573,34.377756449999964,-88.85918213085202,Union,1.1,34.378,-88.8578,0.12970067710766434
2024-05-11 09:04:00,98699542,-1.7730093098520512,-2.3271646239365475,-1.218853995767555,34.377756449999964,-88.85918213085202,Union,2.64,34.378,-88.8578,0.12970067710766434
2024-05-11 09:05:00,98699542,2.3377264416610624,1.609615612496298,3.065837270825827,34.377756449999964,-88.85918213085202,Union,3.56,34.378,-88.8578,0.12970067710766434
2024-05-11 09:06:00,98699542,3.795880705699395,2.6147703588016507,4.976991052597139,34.377756449999964,-88.85918213085202,Union,5.68,34.378,-88.8578,0.12970067710766434
2024-05-11 09:07:00,98699542,0.19409345923130675,0.07297735708316157,0.31520956137945194,34.377756449999964,-88.85918213085202,Union,7.09,34.378,-88.8578,0.12970067710766434
2024-05-11 09:08:00,98699542,3.8941437773201075,2.679070338166074,5.109217216474141,34.377756449999964,-88.85918213085202,Union,6.96,34.378,-88.8578,0.12970067710766434
2024-05-11 09:09:00,98699542,7.682540349697377,5.275082784773213,10.089997914621541,34.377756449999964,-88.85918213085202,Union,6.05,34.378,-88.8578,0.12970067710766434
2024-05-11 09:10:00,98699542,5.209878845830532,3.5778885217938554,6.841869169867207,34.377756449999964,-88.85918213085202,Union,4.59,34.378,-88.8578,0.12970067710766434
2024-05-11 09:11:00,98699542,1.9589732105329523,1.3419021715557293,2.576044249510175,34.377756449999964,-88.85918213085202,Union,3.84,34.378,-88.8578,0.12970067710766434
2024-05-11 09:12:00,98699542,1.9205950266896437,1.3200451460865514,2.5211449072927357,34.377756449999964,-88.85918213085202,Union,3.36,34.378,-88.8578,0.12970067710766434
2024-05-11 09:13:00,98699542,-0.32450984705993613,-0.4263715519670062,-0.22264814215286605,34.377756449999964,-88.85918213085202,Union,2.27,34.378,-88.8578,0.12970067710766434
2024-05-11 09:14:00,98699542,-0.5683912265677539,-0.7463663472092629,-0.39041610592624487,34.377756449999964,-88.85918213085202,Union,1.1,34.378,-88.8578,0.12970067710766434
2024-05-11 09:15:00,98699542,-2.224577851798924,-2.9171106105778954,-1.5320450930199523,34.377756449999964,-88.85918213085202,Union,1.22,34.378,-88.8578,0.12970067710766434
2024-05-11 09:16:00,98699542,-1.8107458652067923,-2.374250650619966,-1.2472410797936184,34.377756449999964,-88.85918213085202,Union,1.2,34.378,-88.8578,0.12970067710766434
2024-05-11 09:17:00,98699542,-6.8044274335911235,-8.922291996508644,-4.686562870673603,34.377756449999964,-88.85918213085202,Union,1.19,34.378,-88.8578,0.12970067710766434
2024-05-11 09:18:00,98699542,-4.499616467720242,-5.9015090723661885,-3.097723863074295,34.377756449999964,-88.85918213085202,Union,-0.54,34.378,-88.8578,0.12970067710766434
2024-05-11 09:19:00,98699542,-2.454338643241426,-3.22539011176141,-1.6832871747214417,34.377756449999964,-88.85918213085202,Union,-0.07,34.378,-88.8578,0.12970067710766434
2024-05-11 09:20:00,98699542,-7.493548251513114,-9.828968535874749,-5.158127967151479,34.377756449999964,-88.85918213085202,Union,-0.48,34.378,-88.8578,0.12970067710766434
2024-05-11 09:21:00,98699542,-6.461602114156019,-8.473951914797922,-4.449252313514115,34.377756449999964,-88.85918213085202,Union,0.34,34.378,-88.8578,0.12970067710766434
2024-05-11 09:22:00,98699542,-8.338312247814391,-10.934636871488818,-5.7419876241399646,34.377756449999964,-88.85918213085202,Union,-0.7,34.378,-88.8578,0.12970067710766434
2024-05-11 09:23:00,98699542,-5.751928169132482,-7.544080654874732,-3.959775683390231,34.377756449999964,-88.85918213085202,Union,0.46,34.378,-88.8578,0.12970067710766434
2024-05-11 09:24:00,98699542,-7.09647412995965,-9.306057962595577,-4.886890297323722,34.377756449999964,-88.85918213085202,Union,0.35,34.378,-88.8578,0.12970067710766434
2024-05-11 09:25:00,98699542,-6.295803211163416,-8.258797735727658,-4.332808686599174,34.377756449999964,-88.85918213085202,Union,-1.06,34.378,-88.8578,0.12970067710766434
2024-05-11 09:26:00,98699542,-5.213356905682582,-6.836086831236141,-3.590626980129023,34.377756449999964,-88.85918213085202,Union,-0.93,34.378,-88.8578,0.12970067710766434
2024-05-11 09:27:00,98699542,-4.405291169300606,-5.777673063136775,-3.0329092754644362,34.377756449999964,-88.85918213085202,Union,1.47,34.378,-88.8578,0.12970067710766434
2024-05-11 09:28:00,98699542,-7.111663059011432,-9.325315186358146,-4.898010931664719,34.377756449999964,-88.85918213085202,Union,1.53,34.378,-88.8578,0.12970067710766434
2024-05-11 09:29:00,98699542,-3.245402866509751,-4.254997447838835,-2.235808285180667,34.377756449999964,-88.85918213085202,Union,0.41,34.378,-88.8578,0.12970067710766434
2024-05-11 09:30:00,98699542,-2.8205239681405514,-3.7002841029320512,-1.9407638333490518,34.377756449999964,-88.85918213085202,Union,0.16,34.378,-88.8578,0.12970067710766434
2024-05-11 09:31:00,98699542,-2.6906799029085406,-3.528476471034108,-1.852883334782973,34.377756449999964,-88.85918213085202,Union,0.19,34.378,-88.8578,0.12970067710766434
2024-05-11 09:32:00,98699542,-3.2775053064055144,-4.2974278784120274,-2.2575827343990014,34.377756449999964,-88.85918213085202,Union,1.31,34.378,-88.8578,0.12970067710766434
2024-05-11 09:33:00,98699542,-3.9390656523201075,-5.170614779680469,-2.707516524959746,34.377756449999964,-88.85918213085202,Union,2.06,34.378,-88.8578,0.12970067710766434
2024-05-11 09:34:00,98699542,-7.56755421990585,-9.92130158907791,-5.213806850733792,34.377756449999964,-88.85918213085202,Union,2.07,34.378,-88.8578,0.12970067710766434
2024-05-11 09:35:00,98699542,-10.745697083053127,-14.094798428680251,-7.3965957374260025,34.377756449999964,-88.85918213085202,Union,-0.17,34.378,-88.8578,0.12970067710766434
2024-05-11 09:36:00,98699542,-13.436470242098185,-17.62572368955507,-9.2472167946413,34.377756449999964,-88.85918213085202,Union,-5.07,34.378,-88.8578,0.12970067710766434
2024-05-11 09:37:00,98699542,-12.226788416274378,-16.047530183716674,-8.40604664883208,34.377756449999964,-88.85918213085202,Union,-9.27,34.378,-88.8578,0.12970067710766434
2024-05-11 09:38:00,98699542,-15.037722763954271,-19.723281710991273,-10.352163816917269,34.377756449999964,-88.85918213085202,Union,-9.63,34.378,-88.8578,0.12970067710766434
2024-05-11 09:39:00,98699542,-18.51535179892401,-24.285963270084004,-12.744740327764015,34.377756449999964,-88.85918213085202,Union,-9.48,34.378,-88.8578,0.12970067710766434
2024-05-11 09:40:00,98699542,-22.022686197041022,-28.884845662994252,-15.160526731087794,34.377756449999964,-88.85918213085202,Union,-15.79,34.378,-88.8578,0.12970067710766434
2024-05-11 09:41:00,98699542,-22.766707296570274,-29.857056459514,-15.67635813362655,34.377756449999964,-88.85918213085202,Union,-13.92,34.378,-88.8578,0.12970067710766434
2024-05-11 09:42:00,98699542,-23.97863777740417,-31.4448713675929,-16.51240418721544,34.377756449999964,-88.85918213085202,Union,-11.05,34.378,-88.8578,0.12970067710766434
2024-05-11 09:43:00,98699542,-17.96422116677875,-23.55757127608075,-12.370871057476748,34.377756449999964,-88.85918213085202,Union,-8.98,34.378,-88.8578,0.12970067710766434
2024-05-11 09:44:00,98699542,-16.590555648957633,-21.757447525460385,-11.42366377245488,34.377756449999964,-88.85918213085202,Union,-9.14,34.378,-88.8578,0.12970067710766434
2024-05-11 09:45:00,98699542,-12.450235373234701,-16.32393661515904,-8.576534131310362,34.377756449999964,-88.85918213085202,Union,-5.13,34.378,-88.8578,0.12970067710766434
2024-05-11 09:46:00,98699542,-14.258138239744452,-18.697316836384427,-9.818959643104478,34.377756449999964,-88.85918213085202,Union,-6.05,34.378,-88.8578,0.12970067710766434
2024-05-11 09:47:00,98699542,-15.282158918964358,-20.0349601300651,-10.529357707863614,34.377756449999964,-88.85918213085202,Union,-6.66,34.378,-88.8578,0.12970067710766434
2024-05-11 09:48:00,98699542,-12.144754539340955,-15.927156926116574,-8.362352152565336,34.377756449999964,-88.85918213085202,Union,-3.72,34.378,-88.8578,0.12970067710766434
2024-05-11 09:49:00,98699542,-8.528066156691326,-11.183474818658308,-5.872657494724343,34.377756449999964,-88.85918213085202,Union,0.37,34.378,-88.8578,0.12970067710766434
2024-05-11 09:50:00,98699542,-4.445803736550101,-5.8298293993287835,-3.061778073771418,34.377756449999964,-88.85918213085202,Union,2.56,34.378,-88.8578,0.12970067710766434
2024-05-11 09:51:00,98699542,-7.877886999831876,-10.33088235439651,-5.424891645267243,34.377756449999964,-88.85918213085202,Union,2.99,34.378,-88.8578,0.12970067710766434
2024-05-11 09:52:00,98699542,-8.37142737054472,-10.977376552245827,-5.765478188843614,34.377756449999964,-88.85918213085202,Union,1.62,34.378,-88.8578,0.12970067710766434
2024-05-11 09:53:00,98699542,-6.3283876933423,-8.297308408207453,-4.359466978477148,34.377756449999964,-88.85918213085202,Union,0.93,34.378,-88.8578,0.12970067710766434
2024-05-11 09:54:00,98699542,-5.807997436112979,-7.619084595630282,-3.996910276595676,34.377756449999964,-88.85918213085202,Union,2.76,34.378,-88.8578,0.12970067710766434
2024-05-11 09:55:00,98699542,-2.6408679913416275,-3.463379345992463,-1.8183566366907922,34.377756449999964,-88.85918213085202,Union,4.01,34.378,-88.8578,0.12970067710766434
2024-05-11 09:56:00,98699542,0.8597099340114324,0.5812712994678897,1.138148568554975,34.377756449999964,-88.85918213085202,Union,6.16,34.378,-88.8578,0.12970067710766434
2024-05-11 09:57:00,98699542,-1.0692738761978817,-1.43511421541204,-0.7034335369837235,34.377756449999964,-88.85918213085202,Union,4.41,34.378,-88.8578,0.12970067710766434
2024-05-11 09:58:00,98699542,2.1387743254034968,1.4047756258673454,2.872773024939648,34.377756449999964,-88.85918213085202,Union,5.73,34.378,-88.8578,0.12970067710766434
2024-05-11 09:59:00,98699542,4.566374726798924,3.1399397987039506,5.992809654893897,34.377756449999964,-88.85918213085202,Union,5.56,34.378,-88.8578,0.12970067710766434
2024-05-11 10:00:00,98699542,5.400940967552119,3.717063148918927,7.084818786185311,34.377756449999964,-88.85918213085202,Union,6.57,34.378,-88.8578,0.12970067710766434
2024-05-11 10:01:00,98699542,5.116457212508406,3.520431645978046,6.712482779038766,34.377756449999964,-88.85918213085202,Union,5.9,34.378,-88.8578,0.12970067710766434
2024-05-11 10:02:00,98699542,3.943601052874916,2.713876695615321,5.173325410134511,34.377756449999964,-88.85918213085202,Union,5.5,34.378,-88.8578,0.12970067710766434
2024-05-11 10:03:00,98699542,8.390443741593813,5.774648731499391,11.006238751688237,34.377756449999964,-88.85918213085202,Union,5.45,34.378,-88.8578,0.12970067710766434
2024-05-11 10:04:00,98699542,9.289214862138534,6.396957948223345,12.181471776053723,34.377756449999964,-88.85918213085202,Union,4.77,34.378,-88.8578,0.12970067710766434
2024-05-11 10:05:00,98699542,5.837526794720914,4.0181599336616145,7.656893655780214,34.377756449999964,-88.85918213085202,Union,3.51,34.378,-88.8578,0.12970067710766434
2024-05-11 10:06:00,98699542,8.040767379791527,5.538550535181162,10.542984224401891,34.377756449999964,-88.85918213085202,Union,2.69,34.378,-88.8578,0.12970067710766434
2024-05-11 10:07:00,98699542,7.360790917114997,5.069471213388167,9.652110620841828,34.377756449999964,-88.85918213085202,Union,2.25,34.378,-88.8578,0.12970067710766434
2024-05-11 10:08:00,98699542,6.955552286482852,4.789838664736383,9.12126590822932,34.377756449999964,-88.85918213085202,Union,3.27,34.378,-88.8578,0.12970067710766434
2024-05-11 10:09:00,98699542,7.475921528244788,5.149541748586708,9.802301307902868,34.377756449999964,-88.85918213085202,Union,4.16,34.378,-88.8578,0.12970067710766434
2024-05-11 10:10:00,98699542,8.2885371133154,5.709222680587881,10.867851546042917,34.377756449999964,-88.85918213085202,Union,5.64,34.378,-88.8578,0.12970067710766434
2024-05-11 10:11:00,98699542,9.922132439475455,6.831774943917667,13.012489935033242,34.377756449999964,-88.85918213085202,Union,5.07,34.378,-88.8578,0.12970067710766434
2024-05-11 10:12:00,98699542,8.312993863483523,5.719849646272516,10.90613808069453,34.377756449999964,-88.85918213085202,Union,5.35,34.378,-88.8578,0.12970067710766434
2024-05-11 10:13:00,98699542,9.150197545393409,6.300060717440656,12.000334373346162,34.377756449999964,-88.85918213085202,Union,6.08,34.378,-88.8578,0.12970067710766434
2024-05-11 10:14:00,98699542,7.16988641139879,4.936575567082345,9.403197255715234,34.377756449999964,-88.85918213085202,Union,5.78,34.378,-88.8578,0.12970067710766434
2024-05-11 10:15:00,98699542,8.449762525218562,5.819139887185852,11.080385163251272,34.377756449999964,-88.85918213085202,Union,6.44,34.378,-88.8578,0.12970067710766434
2024-05-11 10:16:00,98699542,7.163411020511096,4.9330484463366275,9.393773594685564,34.377756449999964,-88.85918213085202,Union,6.52,34.378,-88.8578,0.12970067710766434
2024-05-11 10:17:00,98699542,8.08837266728312,5.57249534662,10.604249987946242,34.377756449999964,-88.85918213085202,Union,5.81,34.378,-88.8578,0.12970067710766434
2024-05-11 10:18:00,98699542,3.13703398201076,2.1588677149306745,4.1152002490908455,34.377756449999964,-88.85918213085202,Union,4.72,34.378,-88.8578,0.12970067710766434
2024-05-11 10:19:00,98699542,0.8639176246217216,0.5943424220260491,1.133492827217394,34.377756449999964,-88.85918213085202,Union,2.58,34.378,-88.8578,0.12970067710766434
2024-05-11 10:20:00,98699542,5.170293586079354,3.5598381787755216,6.780748993383186,34.377756449999964,-88.85918213085202,Union,5.28,34.378,-88.8578,0.12970067710766434
2024-05-11 10:21:00,98699542,7.683204963853396,5.291405324099417,10.075004603607375,34.377756449999964,-88.85918213085202,Union,8.31,34.378,-88.8578,0.12970067710766434
2024-05-11 10:22:00,98699542,6.642287848856759,4.574068799019889,8.710506898693628,34.377756449999964,-88.85918213085202,Union,9.42,34.378,-88.8578,0.12970067710766434
2024-05-11 10:23:00,98699542,5.277414677202421,3.6337537183019806,6.921075636102861,34.377756449999964,-88.85918213085202,Union,7.43,34.378,-88.8578,0.12970067710766434
2024-05-11 10:24:00,98699542,6.0223368148957634,4.14363314803469,7.901040481756837,34.377756449999964,-88.85918213085202,Union,6.54,34.378,-88.8578,0.12970067710766434
2024-05-11 10:25:00,98699542,7.028885759919301,4.840366153694944,9.217405366143657,34.377756449999964,-88.85918213085202,Union,7.63,34.378,-88.8578,0.12970067710766434
2024-05-11 10:26:00,98699542,5.093266644250168,3.506963716088616,6.67956957241172,34.377756449999964,-88.85918213085202,Union,7.64,34.378,-88.8578,0.12970067710766434
2024-05-11 10:27:00,98699542,4.445425458137189,3.0599567593996166,5.830894156874761,34.377756449999964,-88.85918213085202,Union,5.69,34.378,-88.8578,0.12970067710766434
2024-05-11 10:28:00,98699542,4.8891591711499665,3.3657375189252194,6.4125808233747135,34.377756449999964,-88.85918213085202,Union,4.96,34.378,-88.8578,0.12970067710766434
2024-05-11 10:29:00,98699542,8.376749537659718,5.768728233687504,10.984770841631931,34.377756449999964,-88.85918213085202,Union,5.88,34.378,-88.8578,0.12970067710766434
2024-05-11 10:30:00,98699542,6.542007292367182,4.505445516653748,8.578569068080615,34.377756449999964,-88.85918213085202,Union,7.53,34.378,-88.8578,0.12970067710766434
2024-05-11 10:31:00,98699542,8.424667430228649,5.800889237821917,11.04844562263538,34.377756449999964,-88.85918213085202,Union,7.32,34.378,-88.8578,0.12970067710766434
2024-05-11 10:32:00,98699542,10.221040685944855,7.036523801667084,13.405557570222626,34.377756449999964,-88.85918213085202,Union,6.71,34.378,-88.8578,0.12970067710766434
2024-05-11 10:33:00,98699542,2.7481611466039007,1.8871387165176592,3.609183576690142,34.377756449999964,-88.85918213085202,Union,4.75,34.378,-88.8578,0.12970067710766434
2024-05-11 10:34:00,98699542,4.3715429556153325,3.0106480925953236,5.732437818635342,34.377756449999964,-88.85918213085202,Union,2.46,34.378,-88.8578,0.12970067710766434
2024-05-11 10:35:00,98699542,2.521581571536651,1.7309510412549098,3.3122121018183925,34.377756449999964,-88.85918213085202,Union,1.48,34.378,-88.8578,0.12970067710766434
2024-05-11 10:36:00,98699542,3.3511146078513785,2.304399775797103,4.397829439905654,34.377756449999964,-88.85918213085202,Union,0.16,34.378,-88.8578,0.12970067710766434
2024-05-11 10:37:00,98699542,0.713420937184768,0.4605421009416546,0.9662997734278813,34.377756449999964,-88.85918213085202,Union,-1.2,34.378,-88.8578,0.12970067710766434
2024-05-11 10:38:00,98699542,-1.1254784302496637,-1.4861580013721218,-0.7647988591272055,34.377756449999964,-88.85918213085202,Union,-0.15,34.378,-88.8578,0.12970067710766434
2024-05-11 10:39:00,98699542,2.4479420603564224,1.6807976764637316,3.2150864442491134,34.377756449999964,-88.85918213085202,Union,1.24,34.378,-88.8578,0.12970067710766434
2024-05-11 10:40:00,98699542,2.928414750756557,2.014849996209637,3.841979505303477,34.377756449999964,-88.85918213085202,Union,4.6,34.378,-88.8578,0.12970067710766434
2024-05-11 10:41:00,98699542,-3.7585099508238065,-4.934514963637857,-2.5825049380097562,34.377756449999964,-88.85918213085202,Union,2.37,34.378,-88.8578,0.12970067710766434
2024-05-11 10:42:00,98699542,9.273048713853395,6.386683043025599,12.159414384681192,34.377756449999964,-88.85918213085202,Union,0.43,34.378,-88.8578,0.12970067710766434
2024-05-11 10:43:00,98699542,7.098688634835239,4.887427979421364,9.309949290249113,34.377756449999964,-88.85918213085202,Union,1.71,34.378,-88.8578,0.12970067710766434
2024-05-11 10:44:00,98699542,7.914900491761937,5.45048664867149,10.379314334852385,34.377756449999964,-88.85918213085202,Union,4.01,34.378,-88.8578,0.12970067710766434
2024-05-11 10:45:00,98699542,-2.6825180207632817,-3.5188868705010257,-1.8461491710255378,34.377756449999964,-88.85918213085202,Union,4.6,34.378,-88.8578,0.12970067710766434
2024-05-11 10:46:00,98699542,3.037127763533961,2.089070169590307,3.9851853574776146,34.377756449999964,-88.85918213085202,Union,2.62,34.378,-88.8578,0.12970067710766434
2024-05-11 10:47:00,98699542,6.0355056321452585,4.155130278940915,7.915880985349602,34.377756449999964,-88.85918213085202,Union,0.63,34.378,-88.8578,0.12970067710766434
2024-05-11 10:48:00,98699542,7.725456561028917,5.322858374551743,10.128054747506091,34.377756449999964,-88.85918213085202,Union,0.49,34.378,-88.8578,0.12970067710766434
2024-05-11 10:49:00,98699542,4.338693153160726,2.988396349822401,5.688989956499051,34.377756449999964,-88.85918213085202,Union,-0.66,34.378,-88.8578,0.12970067710766434
2024-05-11 10:50:00,98699542,4.375598940820444,3.0119642177791572,5.7392336638617305,34.377756449999964,-88.85918213085202,Union,-0.37,34.378,-88.8578,0.12970067710766434
2024-05-11 10:51:00,98699542,0.6892295072923672,0.4719729032969561,0.9064861112877782,34.377756449999964,-88.85918213085202,Union,0.92,34.378,-88.8578,0.12970067710766434
2024-05-11 10:52:00,98699542,4.177375798587761,2.8764493816199797,5.4783022155555425,34.377756449999964,-88.85918213085202,Union,-0.38,34.378,-88.8578,0.12970067710766434
2024-05-11 10:53:00,98699542,0.5613142679261937,0.38251113857461616,0.7401173972777711,34.377756449999964,-88.85918213085202,Union,-0.21,34.378,-88.8578,0.12970067710766434
2024-05-11 10:54:00,98699542,2.5633668880295897,1.7634197966980503,3.363313979361129,34.377756449999964,-88.85918213085202,Union,-1.16,34.378,-88.8578,0.12970067710766434
2024-05-11 10:55:00,98699542,-0.44447023947125086,-0.6417826682461235,-0.24715781069637824,34.377756449999964,-88.85918213085202,Union,-1.24,34.378,-88.8578,0.12970067710766434
2024-05-11 10:56:00,98699542,0.09868533854205574,0.014126688955392958,0.18324398812871853,34.377756449999964,-88.85918213085202,Union,-1.9,34.378,-88.8578,0.12970067710766434
2024-05-11 10:57:00,98699542,0.42103716215994347,0.15862335232311914,0.6834509719967679,34.377756449999964,-88.85918213085202,Union,-3.81,34.378,-88.8578,0.12970067710766434
2024-05-11 10:58:00,98699542,1.503706603059852,1.0140773748746352,1.9933358312450689,34.377756449999964,-88.85918213085202,Union,-3.61,34.378,-88.8578,0.12970067710766434
2024-05-11 10:59:00,98699542,-2.834139364071957,-3.7336823264556935,-1.9345964016882204,34.377756449999964,-88.85918213085202,Union,-2.93,34.378,-88.8578,0.12970067710766434
2024-05-11 11:00:00,98699542,-6.062003509583053,-7.952089455228878,-4.171917563937228,34.377756449999964,-88.85918213085202,Union,-5.03,34.378,-88.8578,0.12970067710766434
2024-05-11 11:01:00,98699542,-0.7977865458977808,-1.0617681072773144,-0.5338049845182471,34.377756449999964,-88.85918213085202,Union,-4.32,34.378,-88.8578,0.12970067710766434
2024-05-11 11:02:00,98699542,-2.662140898201076,-3.5097323174395623,-1.8145494789625902,34.377756449999964,-88.85918213085202,Union,-4.45,34.378,-88.8578,0.12970067710766434
2024-05-11 11:03:00,98699542,-2.144703970872562,-2.8254517315483314,-1.4639562101967927,34.377756449999964,-88.85918213085202,Union,-3.26,34.378,-88.8578,0.12970067710766434
2024-05-11 11:04:00,98699542,-1.7096910200907869,-2.2506557029479604,-1.1687263372336134,34.377756449999964,-88.85918213085202,Union,-1.77,34.378,-88.8578,0.12970067710766434
2024-05-11 11:05:00,98699542,0.17552233287449562,0.11829678255861474,0.23274788319037648,34.377756449999964,-88.85918213085202,Union,-1.09,34.378,-88.8578,0.12970067710766434
2024-05-11 11:06:00,98699542,-0.22850790838306995,-0.30893918440862533,-0.1480766323575146,34.377756449999964,-88.85918213085202,Union,-0.11,34.378,-88.8578,0.12970067710766434
2024-05-11 11:07:00,98699542,-2.0902581487474783,-2.7526075564562613,-1.4279087410386953,34.377756449999964,-88.85918213085202,Union,-0.27,34.378,-88.8578,0.12970067710766434
2024-05-11 11:08:00,98699542,-1.3677181405514458,-1.8017435723667152,-0.9336927087361764,34.377756449999964,-88.85918213085202,Union,-0.98,34.378,-88.8578,0.12970067710766434
2024-05-11 11:09:00,98699542,-2.2495547347848017,-2.9567482534389478,-1.5423612161306557,34.377756449999964,-88.85918213085202,Union,-1.04,34.378,-88.8578,0.12970067710766434
2024-05-11 11:10:00,98699542,-1.8911031018829858,-2.485758072554578,-1.2964481312113936,34.377756449999964,-88.85918213085202,Union,-0.93,34.378,-88.8578,0.12970067710766434
2024-05-11 11:11:00,98699542,-2.572415360205111,-3.3767168395992813,-1.7681138808109407,34.377756449999964,-88.85918213085202,Union,-1.66,34.378,-88.8578,0.12970067710766434
2024-05-11 11:12:00,98699542,-0.7352612616635844,-0.9728770721487882,-0.49764545117838066,34.377756449999964,-88.85918213085202,Union,-0.64,34.378,-88.8578,0.12970067710766434
2024-05-11 11:13:00,98699542,0.252411114423966,0.17024744494755892,0.3345747839003731,34.377756449999964,-88.85918213085202,Union,0.73,34.378,-88.8578,0.12970067710766434
2024-05-11 11:14:00,98699542,-0.16742472850643073,-0.22212356842394765,-0.11272588858891382,34.377756449999964,-88.85918213085202,Union,-0.7,34.378,-88.8578,0.12970067710766434
2024-05-11 11:15:00,98699542,-2.0477773516308004,-2.687109898913338,-1.408444804348263,34.377756449999964,-88.85918213085202,Union,-0.46,34.378,-88.8578,0.12970067710766434
2024-05-11 11:16:00,98699542,-0.9573028092426026,-1.2555511502117411,-0.659054468273464,34.377756449999964,-88.85918213085202,Union,-0.12,34.378,-88.8578,0.12970067710766434
2024-05-11 11:17:00,98699542,-1.7505312972848017,-2.29622246402383,-1.2048401305457737,34.377756449999964,-88.85918213085202,Union,-1.24,34.378,-88.8578,0.12970067710766434
2024-05-11 11:18:00,98699542,-0.9561456450697714,-1.2539311968303366,-0.6583600933092062,34.377756449999964,-88.85918213085202,Union,-0.17,34.378,-88.8578,0.12970067710766434
2024-05-11 11:19:00,98699542,-2.3819705678379286,-3.12650328128787,-1.6374378543879873,34.377756449999964,-88.85918213085202,Union,-0.04,34.378,-88.8578,0.12970067710766434
2024-05-11 11:20:00,98699542,-0.4281801327652152,-0.572375251887898,-0.2839850136425325,34.377756449999964,-88.85918213085202,Union,-1.07,34.378,-88.8578,0.12970067710766434
2024-05-11 11:21:00,98699542,-0.30988423104404844,-0.42522217138783747,-0.19454629070025942,34.377756449999964,-88.85918213085202,Union,0.42,34.378,-88.8578,0.12970067710766434
2024-05-11 11:22:00,98699542,0.2340922147215976,0.1134184185326701,0.3547660109105251,34.377756449999964,-88.85918213085202,Union,1.44,34.378,-88.8578,0.12970067710766434
2024-05-11 11:23:00,98699542,-0.08738079083871746,-0.1821076302431074,0.007346048565672489,34.377756449999964,-88.85918213085202,Union,0.49,34.378,-88.8578,0.12970067710766434
2024-05-11 11:24:00,98699542,2.7873024546065905,1.9189910922601494,3.6556138169530317,34.377756449999964,-88.85918213085202,Union,2.29,34.378,-88.8578,0.12970067710766434
2024-05-11 11:25:00,98699542,3.1684744346839273,2.1800040774865987,4.156944791881256,34.377756449999964,-88.85918213085202,Union,0.58,34.378,-88.8578,0.12970067710766434
2024-05-11 11:26:00,98699542,4.111665685944855,2.830213225511758,5.393118146377953,34.377756449999964,-88.85918213085202,Union,3.83,34.378,-88.8578,0.12970067710766434
2024-05-11 11:27:00,98699542,5.653625693510424,3.8929797684576073,7.414271618563241,34.377756449999964,-88.85918213085202,Union,2.94,34.378,-88.8578,0.12970067710766434
2024-05-11 11:28:00,98699542,7.2770810566577,5.012732795562331,9.541429317753067,34.377756449999964,-88.85918213085202,Union,5.42,34.378,-88.8578,0.12970067710766434
2024-05-11 11:29:00,98699542,7.147896351714862,4.9231316538056396,9.372661049624085,34.377756449999964,-88.85918213085202,Union,7.1,34.378,-88.8578,0.12970067710766434
2024-05-11 11:30:00,98699542,5.069905325319435,3.4887340999387098,6.65107655070016,34.377756449999964,-88.85918213085202,Union,5.78,34.378,-88.8578,0.12970067710766434
2024-05-11 11:31:00,98699542,10.998124369535978,7.575115219059068,14.421133520012887,34.377756449999964,-88.85918213085202,Union,7.21,34.378,-88.8578,0.12970067710766434
2024-05-11 11:32:00,98699542,9.557293417955615,6.580682990789742,12.533903845121486,34.377756449999964,-88.85918213085202,Union,5.52,34.378,-88.8578,0.12970067710766434
2024-05-11 11:33:00,98699542,1.1719649724697376,0.8044792292255728,1.5394507157139024,34.377756449999964,-88.85918213085202,Union,5.3,34.378,-88.8578,0.12970067710766434
2024-05-11 11:34:00,98699542,-2.5732270826328176,-3.3783968544224185,-1.7680573108432167,34.377756449999964,-88.85918213085202,Union,5.88,34.378,-88.8578,0.12970067710766434
2024-05-11 11:35:00,98699542,-4.644599550268998,-6.110501492300198,-3.178697608237797,34.377756449999964,-88.85918213085202,Union,3.71,34.378,-88.8578,0.12970067710766434
2024-05-11 11:36:00,98699542,6.8883185524546064,4.732115974983596,9.044521129925617,34.377756449999964,-88.85918213085202,Union,3.62,34.378,-88.8578,0.12970067710766434
2024-05-11 11:37:00,98699542,13.674832927034297,9.416550803703675,17.93311505036492,34.377756449999964,-88.85918213085202,Union,5.54,34.378,-88.8578,0.12970067710766434
2024-05-11 11:38:00,98699542,9.593455783456625,6.606775504335459,12.58013606257779,34.377756449999964,-88.85918213085202,Union,4.74,34.378,-88.8578,0.12970067710766434
2024-05-11 11:39:00,98699542,5.916689433423,4.072203109593657,7.761175757252342,34.377756449999964,-88.85918213085202,Union,5.58,34.378,-88.8578,0.12970067710766434
2024-05-11 11:40:00,98699542,6.238536062542031,4.295273590958114,8.181798534125948,34.377756449999964,-88.85918213085202,Union,8.05,34.378,-88.8578,0.12970067710766434
2024-05-11 11:41:00,98699542,12.057797789172831,8.30282975486649,15.812765823479172,34.377756449999964,-88.85918213085202,Union,9.18,34.378,-88.8578,0.12970067710766434
2024-05-11 11:42:00,98699542,8.758752942165433,6.031866145742926,11.48563973858794,34.377756449999964,-88.85918213085202,Union,6.7,34.378,-88.8578,0.12970067710766434
2024-05-11 11:43:00,98699542,7.464961962004035,5.142584402726218,9.787339521281853,34.377756449999964,-88.85918213085202,Union,5.42,34.378,-88.8578,0.12970067710766434
2024-05-11 11:44:00,98699542,5.362700697713517,3.6932800465686997,7.032121348858335,34.377756449999964,-88.85918213085202,Union,4.07,34.378,-88.8578,0.12970067710766434
2024-05-11 11:45:00,98699542,5.458313193510424,3.759234563281336,7.157391823739513,34.377756449999964,-88.85918213085202,Union,2.77,34.378,-88.8578,0.12970067710766434
2024-05-11 11:46:00,98699542,8.092263155682582,5.575190621441019,10.609335689924146,34.377756449999964,-88.85918213085202,Union,4.79,34.378,-88.8578,0.12970067710766434
2024-05-11 11:47:00,98699542,9.873008784465366,6.797168159946839,12.948849408983893,34.377756449999964,-88.85918213085202,Union,7.58,34.378,-88.8578,0.12970067710766434
2024-05-11 11:48:00,98699542,10.304866131472764,7.097160850212687,13.512571412732841,34.377756449999964,-88.85918213085202,Union,6.29,34.378,-88.8578,0.12970067710766434
2024-05-11 11:49:00,98699542,1.4464762315063886,0.9941305599228559,1.8988219030899214,34.377756449999964,-88.85918213085202,Union,2.29,34.378,-88.8578,0.12970067710766434
2024-05-11 11:50:00,98699542,1.1003501702252858,0.7572559307867663,1.4434444096638053,34.377756449999964,-88.85918213085202,Union,0.15,34.378,-88.8578,0.12970067710766434
2024-05-11 11:51:00,98699542,3.76982021267653,2.5960565883078894,4.94358383704517,34.377756449999964,-88.85918213085202,Union,1.43,34.378,-88.8578,0.12970067710766434
2024-05-11 11:52:00,98699542,2.5358182372225957,1.725377982058693,3.3462584923864984,34.377756449999964,-88.85918213085202,Union,2.04,34.378,-88.8578,0.12970067710766434
2024-05-11 11:53:00,98699542,5.983263807162071,4.114589278208347,7.851938336115796,34.377756449999964,-88.85918213085202,Union,1.8,34.378,-88.8578,0.12970067710766434
2024-05-11 11:54:00,98699542,2.8848273579354404,1.9705714871742086,3.7990832286966723,34.377756449999964,-88.85918213085202,Union,1.51,34.378,-88.8578,0.12970067710766434
2024-05-11 11:55:00,98699542,5.4244257523537325,3.7352234102170225,7.113628094490442,34.377756449999964,-88.85918213085202,Union,0.99,34.378,-88.8578,0.12970067710766434
2024-05-11 11:56:00,98699542,4.032778875252186,2.7784865425020673,5.287071208002304,34.377756449999964,-88.85918213085202,Union,-0.26,34.378,-88.8578,0.12970067710766434
2024-05-11 11:57:00,98699542,6.264482283960995,4.314581061399731,8.21438350652226,34.377756449999964,-88.85918213085202,Union,-0.58,34.378,-88.8578,0.12970067710766434
2024-05-11 11:58:00,98699542,4.273631893073302,2.9400548606404846,5.60720892550612,34.377756449999964,-88.85918213085202,Union,-1.07,34.378,-88.8578,0.12970067710766434
2024-05-11 11:59:00,98699542,1.643139632019166,1.1125700659352864,2.1737091981030456,34.377756449999964,-88.85918213085202,Union,-3.43,34.378,-88.8578,0.12970067710766434
2024-05-11 12:00:00,98699542,-0.21870539087373775,-0.3706178281346273,-0.06679295361284823,34.377756449999964,-88.85918213085202,Union,-2.38,34.378,-88.8578,0.12970067710766434
2024-05-11 12:01:00,98699542,-1.1398796076412239,-1.5221492263536907,-0.7576099889287571,34.377756449999964,-88.85918213085202,Union,-6.5,34.378,-88.8578,0.12970067710766434
2024-05-11 12:02:00,98699542,-3.685439170729657,-4.835810950910007,-2.5350673905493073,34.377756449999964,-88.85918213085202,Union,-6.59,34.378,-88.8578,0.12970067710766434
2024-05-11 12:03:00,98699542,-3.0359390761600538,-3.983969308838903,-2.0879088434812045,34.377756449999964,-88.85918213085202,Union,-8.08,34.378,-88.8578,0.12970067710766434
2024-05-11 12:04:00,98699542,-4.638289656186954,-6.082896396841184,-3.193682915532724,34.377756449999964,-88.85918213085202,Union,-3.42,34.378,-88.8578,0.12970067710766434
2024-05-11 12:05:00,98699542,-1.3659686028917284,-1.7916477259346757,-0.940289479848781,34.377756449999964,-88.85918213085202,Union,-3.89,34.378,-88.8578,0.12970067710766434
2024-05-11 12:06:00,98699542,-3.755772686197041,-4.924769033536284,-2.5867763388577973,34.377756449999964,-88.85918213085202,Union,-6.36,34.378,-88.8578,0.12970067710766434
2024-05-11 12:07:00,98699542,-3.5074644313214525,-4.602269990365305,-2.4126588722776,34.377756449999964,-88.85918213085202,Union,-0.37,34.378,-88.8578,0.12970067710766434
2024-05-11 12:08:00,98699542,-1.3024572335238735,-1.7173043077420838,-0.8876101593056634,34.377756449999964,-88.85918213085202,Union,-4.05,34.378,-88.8578,0.12970067710766434
2024-05-11 12:09:00,98699542,0.009173103082717146,-0.04546170917836109,0.06380791534379539,34.377756449999964,-88.85918213085202,Union,-2.02,34.378,-88.8578,0.12970067710766434
2024-05-11 12:10:00,98699542,-3.529023673924008,-4.628166252282153,-2.4298810955658636,34.377756449999964,-88.85918213085202,Union,-5.93,34.378,-88.8578,0.12970067710766434
2024-05-11 12:11:00,98699542,-4.6312363399462,-6.075350843801607,-3.187121836090794,34.377756449999964,-88.85918213085202,Union,-8.04,34.378,-88.8578,0.12970067710766434
2024-05-11 12:12:00,98699542,-3.9786404043375923,-5.217402620934009,-2.7398781877411755,34.377756449999964,-88.85918213085202,Union,-6.25,34.378,-88.8578,0.12970067710766434
2024-05-11 12:13:00,98699542,-3.1845407594989914,-4.177851777187836,-2.191229741810147,34.377756449999964,-88.85918213085202,Union,-4.83,34.378,-88.8578,0.12970067710766434
2024-05-11 12:14:00,98699542,-5.024690547242771,-6.589737843906966,-3.4596432505785755,34.377756449999964,-88.85918213085202,Union,-6.11,34.378,-88.8578,0.12970067710766434
2024-05-11 12:15:00,98699542,-0.3338650137125925,-0.4672935186677939,-0.20043650875739108,34.377756449999964,-88.85918213085202,Union,-3.37,34.378,-88.8578,0.12970067710766434
2024-05-11 12:16:00,98699542,0.14494961480125934,0.06726145305616375,0.22263777654635492,34.377756449999964,-88.85918213085202,Union,-1.43,34.378,-88.8578,0.12970067710766434
2024-05-11 12:17:00,98699542,0.8417906360331204,0.5699552398479104,1.1136260322183305,34.377756449999964,-88.85918213085202,Union,-1.16,34.378,-88.8578,0.12970067710766434
2024-05-11 12:18:00,98699542,2.3284573070780095,1.6005728758740696,3.056341738281949,34.377756449999964,-88.85918213085202,Union,0.3,34.378,-88.8578,0.12970067710766434
2024-05-11 12:19:00,98699542,3.0760759919300606,2.115506934361127,4.036645049498994,34.377756449999964,-88.85918213085202,Union,1.6,34.378,-88.8578,0.12970067710766434
2024-05-11 12:20:00,98699542,1.4202502416778748,0.9777006412822896,1.8627998420734602,34.377756449999964,-88.85918213085202,Union,-0.17,34.378,-88.8578,0.12970067710766434
2024-05-11 12:21:00,98699542,0.5387686118233019,0.3694607798539651,0.7080764437926388,34.377756449999964,-88.85918213085202,Union,-1.92,34.378,-88.8578,0.12970067710766434
2024-05-11 12:22:00,98699542,-3.7318137399125755,-4.896526016711026,-2.567101463114125,34.377756449999964,-88.85918213085202,Union,-3.87,34.378,-88.8578,0.12970067710766434
2024-05-11 12:23:00,98699542,-3.374574436785474,-4.425208267414051,-2.3239406061568966,34.377756449999964,-88.85918213085202,Union,-6.14,34.378,-88.8578,0.12970067710766434
2024-05-11 12:24:00,98699542,-3.9687381787995966,-5.203820518811382,-2.7336558387878114,34.377756449999964,-88.85918213085202,Union,-8.15,34.378,-88.8578,0.12970067710766434
2024-05-11 12:25:00,98699542,-3.2581185377437794,-4.272767564614309,-2.2434695108732496,34.377756449999964,-88.85918213085202,Union,-5.34,34.378,-88.8578,0.12970067710766434
2024-05-11 12:26:00,98699542,-5.619772402488231,-7.372943157039315,-3.8666016479371477,34.377756449999964,-88.85918213085202,Union,-7.26,34.378,-88.8578,0.12970067710766434
2024-05-11 12:27:00,98699542,-4.151777645847344,-5.4436725264772186,-2.8598827652174688,34.377756449999964,-88.85918213085202,Union,-6.59,34.378,-88.8578,0.12970067710766434
2024-05-11 12:28:00,98699542,-3.790345756977135,-4.9717237651112836,-2.6089677488429865,34.377756449999964,-88.85918213085202,Union,-6.41,34.378,-88.8578,0.12970067710766434
2024-05-11 12:29:00,98699542,-3.2180223394418292,-4.219383404293147,-2.216661274590511,34.377756449999964,-88.85918213085202,Union,-6.52,34.378,-88.8578,0.12970067710766434
2024-05-11 12:30:00,98699542,-0.9475775733439812,-1.2475535124580366,-0.6476016342299258,34.377756449999964,-88.85918213085202,Union,-3.06,34.378,-88.8578,0.12970067710766434
2024-05-11 12:31:00,98699542,-3.5809936112979153,-4.700721811624861,-2.4612654109709697,34.377756449999964,-88.85918213085202,Union,-5.56,34.378,-88.8578,0.12970067710766434
2024-05-11 12:32:00,98699542,-4.9510497225958305,-6.493856386225892,-3.408243058965769,34.377756449999964,-88.85918213085202,Union,-6.04,34.378,-88.8578,0.12970067710766434
2024-05-11 12:33:00,98699542,-0.511605627679472,-0.6722228341787128,-0.3509884211802313,34.377756449999964,-88.85918213085202,Union,-3.31,34.378,-88.8578,0.12970067710766434
2024-05-11 12:34:00,98699542,1.3343278465450572,0.9118090335681324,1.756846659521982,34.377756449999964,-88.85918213085202,Union,-2.87,34.378,-88.8578,0.12970067710766434
2024-05-11 12:35:00,98699542,-0.2519769315841459,-0.340844874920397,-0.16310898824789483,34.377756449999964,-88.85918213085202,Union,-4.32,34.378,-88.8578,0.12970067710766434
2024-05-11 12:36:00,98699542,-1.9563778003110288,-2.5802008402191072,-1.3325547604029502,34.377756449999964,-88.85918213085202,Union,-5.99,34.378,-88.8578,0.12970067710766434
2024-05-11 12:37:00,98699542,-3.485134183759247,-4.574930630654487,-2.3953377368640063,34.377756449999964,-88.85918213085202,Union,-6.89,34.378,-88.8578,0.12970067710766434
2024-05-11 12:38:00,98699542,-5.194886936785474,-6.816465015907147,-3.5733088576638017,34.377756449999964,-88.85918213085202,Union,-7.51,34.378,-88.8578,0.12970067710766434
2024-05-11 12:39:00,98699542,-3.0712490017652994,-4.039812482787871,-2.1026855207427273,34.377756449999964,-88.85918213085202,Union,-5.71,34.378,-88.8578,0.12970067710766434
2024-05-11 12:40:00,98699542,-4.559148032952253,-6.004391834310516,-3.1139042315939904,34.377756449999964,-88.85918213085202,Union,-7.72,34.378,-88.8578,0.12970067710766434
2024-05-11 12:41:00,98699542,-12.441445654001345,-16.312791067699326,-8.570100240303367,34.377756449999964,-88.85918213085202,Union,-10.53,34.378,-88.8578,0.12970067710766434
2024-05-11 12:42:00,98699542,-10.25823280934768,-13.451722685462553,-7.064742933232807,34.377756449999964,-88.85918213085202,Union,-4.84,34.378,-88.8578,0.12970067710766434
2024-05-11 12:43:00,98699542,-6.121429997478144,-8.033520820649903,-4.209339174306384,34.377756449999964,-88.85918213085202,Union,-7.54,34.378,-88.8578,0.12970067710766434
2024-05-11 12:44:00,98699542,-11.711783372562206,-15.360802055109442,-8.06276469001497,34.377756449999964,-88.85918213085202,Union,-5.72,34.378,-88.8578,0.12970067710766434
2024-05-11 12:45:00,98699542,-6.186538542367182,-8.111846866728818,-4.2612302180055455,34.377756449999964,-88.85918213085202,Union,-3.66,34.378,-88.8578,0.12970067710766434
2024-05-11 12:46:00,98699542,-6.421811953597848,-8.42075252230485,-4.422871384890845,34.377756449999964,-88.85918213085202,Union,-3.17,34.378,-88.8578,0.12970067710766434
2024-05-11 12:47:00,98699542,-5.302128866845998,-6.953289641976203,-3.650968091715794,34.377756449999964,-88.85918213085202,Union,-1.96,34.378,-88.8578,0.12970067710766434
2024-05-11 12:48:00,98699542,-7.586602114156019,-9.946228737946534,-5.226975490365504,34.377756449999964,-88.85918213085202,Union,-4.77,34.378,-88.8578,0.12970067710766434
2024-05-11 12:49:00,98699542,-6.441387861466039,-8.446247683830844,-4.436528039101233,34.377756449999964,-88.85918213085202,Union,-6.53,34.378,-88.8578,0.12970067710766434
2024-05-11 12:50:00,98699542,-7.209009330867518,-9.452570275248442,-4.965448386486594,34.377756449999964,-88.85918213085202,Union,-4.43,34.378,-88.8578,0.12970067710766434
2024-05-11 12:51:00,98699542,-7.828148642400807,-10.262745498784772,-5.393551786016841,34.377756449999964,-88.85918213085202,Union,-3.18,34.378,-88.8578,0.12970067710766434
2024-05-11 12:52:00,98699542,-7.41605108860121,-9.723334492615434,-5.1087676845869865,34.377756449999964,-88.85918213085202,Union,-4.65,34.378,-88.8578,0.12970067710766434
2024-05-11 12:53:00,98699542,-6.917774356926698,-9.070622205213736,-4.764926508639659,34.377756449999964,-88.85918213085202,Union,-4.46,34.378,-88.8578,0.12970067710766434
2024-05-11 12:54:00,98699542,-5.102820801109616,-6.69101982030629,-3.5146217819129424,34.377756449999964,-88.85918213085202,Union,-4.41,34.378,-88.8578,0.12970067710766434
2024-05-11 12:55:00,98699542,-2.758491562289845,-3.6174129159292527,-1.8995702086504376,34.377756449999964,-88.85918213085202,Union,-4.27,34.378,-88.8578,0.12970067710766434
2024-05-11 12:56:00,98699542,-2.2482294468728985,-2.9495603120304077,-1.5468985817153893,34.377756449999964,-88.85918213085202,Union,-3.37,34.378,-88.8578,0.12970067710766434
2024-05-11 12:57:00,98699542,2.2762273032952254,1.5667013617974306,2.9857532447930204,34.377756449999964,-88.85918213085202,Union,0.13,34.378,-88.8578,0.12970067710766434
2024-05-11 12:58:00,98699542,2.201195517400807,1.515342152780557,2.8870488820210567,34.377756449999964,-88.85918213085202,Union,0.95,34.378,-88.8578,0.12970067710766434
2024-05-11 12:59:00,98699542,0.7295726373360794,0.4869739481030583,0.9721713265691004,34.377756449999964,-88.85918213085202,Union,0.14,34.378,-88.8578,0.12970067710766434
2024-05-11 13:00:00,98699542,-2.0342355098352387,-2.6780089179313427,-1.3904621017391348,34.377756449999964,-88.85918213085202,Union,-0.2,34.378,-88.8578,0.12970067710766434
2024-05-11 13:01:00,98699542,-2.0017383731926697,-2.6268926045960637,-1.3765841417892757,34.377756449999964,-88.85918213085202,Union,-0.07,34.378,-88.8578,0.12970067710766434
2024-05-11 13:02:00,98699542,-4.179527257061197,-5.481623104132476,-2.877431409989919,34.377756449999964,-88.85918213085202,Union,-1.37,34.378,-88.8578,0.12970067710766434
2024-05-11 13:03:00,98699542,-5.1112401227303295,-6.702320944879993,-3.5201593005806657,34.377756449999964,-88.85918213085202,Union,-1.64,34.378,-88.8578,0.12970067710766434
2024-05-11 13:04:00,98699542,-6.686591081035642,-8.769977069953924,-4.60320509211736,34.377756449999964,-88.85918213085202,Union,-2.39,34.378,-88.8578,0.12970067710766434
2024-05-11 13:05:00,98699542,-7.179498360793544,-9.413937182550256,-4.945059539036831,34.377756449999964,-88.85918213085202,Union,-3.2,34.378,-88.8578,0.12970067710766434
2024-05-11 13:06:00,98699542,-5.815384372898453,-7.626561605587025,-4.004207140209882,34.377756449999964,-88.85918213085202,Union,-2.63,34.378,-88.8578,0.12970067710766434
2024-05-11 13:07:00,98699542,-2.3129689076160056,-3.03717621868428,-1.588761596547731,34.377756449999964,-88.85918213085202,Union,-2.78,34.378,-88.8578,0.12970067710766434
2024-05-11 13:08:00,98699542,-2.1358728774377944,-2.805349889733888,-1.4663958651417008,34.377756449999964,-88.85918213085202,Union,-1.68,34.378,-88.8578,0.12970067710766434
2024-05-11 13:09:00,98699542,-4.388452526059179,-5.7541565659322345,-3.0227484861861242,34.377756449999964,-88.85918213085202,Union,-1.25,34.378,-88.8578,0.12970067710766434
2024-05-11 13:10:00,98699542,-4.205086005800269,-5.514969806705785,-2.895202204894754,34.377756449999964,-88.85918213085202,Union,-1.56,34.378,-88.8578,0.12970067710766434
2024-05-11 13:11:00,98699542,-2.7318899209818426,-3.5824106305600956,-1.8813692114035896,34.377756449999964,-88.85918213085202,Union,0.09,34.378,-88.8578,0.12970067710766434
2024-05-11 13:12:00,98699542,-1.4670063729404843,-1.9395676084062292,-0.9944451374747394,34.377756449999964,-88.85918213085202,Union,-0.65,34.378,-88.8578,0.12970067710766434
2024-05-11 13:13:00,98699542,0.24818919117048271,0.07477362793648865,0.42160475440447676,34.377756449999964,-88.85918213085202,Union,0.85,34.378,-88.8578,0.12970067710766434
2024-05-11 13:14:00,98699542,2.910639605749832,1.9620004610982873,3.8592787504013764,34.377756449999964,-88.85918213085202,Union,0.09,34.378,-88.8578,0.12970067710766434
2024-05-11 13:15:00,98699542,5.9434920351378615,4.084019631053333,7.80296443922239,34.377756449999964,-88.85918213085202,Union,0.64,34.378,-88.8578,0.12970067710766434
2024-05-11 13:16:00,98699542,1.3877616425689308,0.9538731486399932,1.8216501364978683,34.377756449999964,-88.85918213085202,Union,-0.36,34.378,-88.8578,0.12970067710766434
2024-05-11 13:17:00,98699542,0.7162731301487895,0.4766072978264897,0.9559389624710892,34.377756449999964,-88.85918213085202,Union,-0.65,34.378,-88.8578,0.12970067710766434
2024-05-11 13:18:00,98699542,-1.0667667966123067,-1.4085448709183597,-0.7249887223062537,34.377756449999964,-88.85918213085202,Union,-0.13,34.378,-88.8578,0.12970067710766434
2024-05-11 13:19:00,98699542,1.020815163710491,0.6981787704578684,1.3434515569631136,34.377756449999964,-88.85918213085202,Union,-2.18,34.378,-88.8578,0.12970067710766434
2024-05-11 13:20:00,98699542,4.573464820107599,3.148122114378509,5.998807525836689,34.377756449999964,-88.85918213085202,Union,-2.49,34.378,-88.8578,0.12970067710766434
2024-05-11 13:21:00,98699542,2.5185658519670477,1.7318584616356167,3.3052732422984787,34.377756449999964,-88.85918213085202,Union,-2.72,34.378,-88.8578,0.12970067710766434
2024-05-11 13:22:00,98699542,2.8197542766476125,1.9409944026318449,3.69851415066338,34.377756449999964,-88.85918213085202,Union,-2.7,34.378,-88.8578,0.12970067710766434
2024-05-11 13:23:00,98699542,1.8369987811028918,1.2593018372780067,2.414695724927777,34.377756449999964,-88.85918213085202,Union,-2.19,34.378,-88.8578,0.12970067710766434
2024-05-11 13:24:00,98699542,0.5078798151689644,0.32135287614674257,0.6944067541911862,34.377756449999964,-88.85918213085202,Union,-2.97,34.378,-88.8578,0.12970067710766434
2024-05-11 13:25:00,98699542,1.4903066156691325,1.0250916453586412,1.9555215859796238,34.377756449999964,-88.85918213085202,Union,-3.62,34.378,-88.8578,0.12970067710766434
2024-05-11 13:26:00,98699542,0.5832747746091123,0.3997046344657669,0.7668449147524576,34.377756449999964,-88.85918213085202,Union,-3.65,34.378,-88.8578,0.12970067710766434
2024-05-11 13:27:00,98699542,-0.7918096156271015,-1.0399548158055147,-0.5436644154486882,34.377756449999964,-88.85918213085202,Union,-2.2,34.378,-88.8578,0.12970067710766434
2024-05-11 13:28:00,98699542,-1.1675622320527907,-1.5321888981962,-0.8029355659093815,34.377756449999964,-88.85918213085202,Union,-2.0,34.378,-88.8578,0.12970067710766434
2024-05-11 13:29:00,98699542,-1.56210595998655,-2.0605345904607035,-1.0636773295123967,34.377756449999964,-88.85918213085202,Union,-2.4,34.378,-88.8578,0.12970067710766434
2024-05-11 13:30:00,98699542,-1.8121729467888366,-2.39201219769167,-1.2323336958860032,34.377756449999964,-88.85918213085202,Union,-2.99,34.378,-88.8578,0.12970067710766434
2024-05-11 13:31:00,98699542,-5.635323848352387,-7.402255245625036,-3.868392451079738,34.377756449999964,-88.85918213085202,Union,-3.94,34.378,-88.8578,0.12970067710766434
2024-05-11 13:32:00,98699542,-4.703206434936113,-6.171681075114081,-3.2347317947581447,34.377756449999964,-88.85918213085202,Union,-8.52,34.378,-88.8578,0.12970067710766434
2024-05-11 13:33:00,98699542,-5.573677601714862,-7.309777904628277,-3.837577298801447,34.377756449999964,-88.85918213085202,Union,-5.7,34.378,-88.8578,0.12970067710766434
2024-05-11 13:34:00,98699542,-6.1984490585070615,-8.12772231223114,-4.269175804782982,34.377756449999964,-88.85918213085202,Union,-5.9,34.378,-88.8578,0.12970067710766434
2024-05-11 13:35:00,98699542,-5.453419216543376,-7.150952775182439,-3.755885657904313,34.377756449999964,-88.85918213085202,Union,-8.28,34.378,-88.8578,0.12970067710766434
2024-05-11 13:36:00,98699542,-7.12476357599193,-9.344679577666632,-4.904847574317229,34.377756449999964,-88.85918213085202,Union,-6.97,34.378,-88.8578,0.12970067710766434
2024-05-11 13:37:00,98699542,-3.457511978816409,-4.5342225414906965,-2.3808014161421216,34.377756449999964,-88.85918213085202,Union,-3.29,34.378,-88.8578,0.12970067710766434
2024-05-11 13:38:00,98699542,-5.104383826496301,-6.696952457081224,-3.5118151959113777,34.377756449999964,-88.85918213085202,Union,-3.23,34.378,-88.8578,0.12970067710766434
2024-05-11 13:39:00,98699542,-6.436882670645595,-8.439745240238363,-4.434020101052828,34.377756449999964,-88.85918213085202,Union,-3.39,34.378,-88.8578,0.12970067710766434
2024-05-11 13:40:00,98699542,-5.459405997814391,-7.158169903484179,-3.760642092144604,34.377756449999964,-88.85918213085202,Union,-1.95,34.378,-88.8578,0.12970067710766434
2024-05-11 13:41:00,98699542,-2.820301992266308,-3.6991637873396486,-1.9414401971929673,34.377756449999964,-88.85918213085202,Union,-1.51,34.378,-88.8578,0.12970067710766434
2024-05-11 13:42:00,98699542,-6.939625189139207,-9.10106121851475,-4.778189159763663,34.377756449999964,-88.85918213085202,Union,-2.37,34.378,-88.8578,0.12970067710766434
2024-05-11 13:43:00,98699542,-3.343045981842636,-4.396859824166324,-2.2892321395189486,34.377756449999964,-88.85918213085202,Union,-2.14,34.378,-88.8578,0.12970067710766434
2024-05-11 13:44:00,98699542,-1.5652865196284464,-2.08009027989115,-1.0504827593657429,34.377756449999964,-88.85918213085202,Union,-0.68,34.378,-88.8578,0.12970067710766434
2024-05-11 13:45:00,98699542,-2.449208242266308,-3.2283235427987935,-1.6700929417338224,34.377756449999964,-88.85918213085202,Union,-0.36,34.378,-88.8578,0.12970067710766434
2024-05-11 13:46:00,98699542,0.707054892400807,0.4836280082629101,0.9304817765387039,34.377756449999964,-88.85918213085202,Union,-0.45,34.378,-88.8578,0.12970067710766434
2024-05-11 13:47:00,98699542,-0.8028548855707801,-1.0535286242793604,-0.5521811468621998,34.377756449999964,-88.85918213085202,Union,-1.19,34.378,-88.8578,0.12970067710766434
2024-05-11 13:48:00,98699542,-2.473395731758574,-3.2565742712234327,-1.690217192293716,34.377756449999964,-88.85918213085202,Union,-2.12,34.378,-88.8578,0.12970067710766434
2024-05-11 13:49:00,98699542,-2.352392610961668,-3.0860031904132517,-1.6187820315100843,34.377756449999964,-88.85918213085202,Union,-1.0,34.378,-88.8578,0.12970067710766434
2024-05-11 13:50:00,98699542,-1.3687905861213854,-1.796313176512201,-0.94126799573057,34.377756449999964,-88.85918213085202,Union,0.32,34.378,-88.8578,0.12970067710766434
2024-05-11 13:51:00,98699542,1.3771350401395428,0.9407960069168244,1.8134740733622612,34.377756449999964,-88.85918213085202,Union,0.56,34.378,-88.8578,0.12970067710766434
2024-05-11 13:52:00,98699542,-3.3928710280766645,-4.452669818572542,-2.3330722375807866,34.377756449999964,-88.85918213085202,Union,-0.91,34.378,-88.8578,0.12970067710766434
2024-05-11 13:53:00,98699542,-2.211511484952925,-2.9020545570224976,-1.5209684128833527,34.377756449999964,-88.85918213085202,Union,-1.71,34.378,-88.8578,0.12970067710766434
2024-05-11 13:54:00,98699542,-0.8369567501681238,-1.1021353186210918,-0.5717781817151557,34.377756449999964,-88.85918213085202,Union,-3.08,34.378,-88.8578,0.12970067710766434
2024-05-11 13:55:00,98699542,-6.922145574142569,-9.078841886443147,-4.76544926184199,34.377756449999964,-88.85918213085202,Union,-4.8,34.378,-88.8578,0.12970067710766434
2024-05-11 13:56:00,98699542,-9.00715576664425,-11.812433532588965,-6.2018780006995335,34.377756449999964,-88.85918213085202,Union,-2.15,34.378,-88.8578,0.12970067710766434
2024-05-11 13:57:00,98699542,-6.94659969737727,-9.111077037973669,-4.782122356780872,34.377756449999964,-88.85918213085202,Union,-2.72,34.378,-88.8578,0.12970067710766434
2024-05-11 13:58:00,98699542,-6.779644943678547,-8.890134178859027,-4.669155708498067,34.377756449999964,-88.85918213085202,Union,-2.4,34.378,-88.8578,0.12970067710766434
2024-05-11 13:59:00,98699542,-5.298398621385339,-6.94987994109201,-3.646917301678669,34.377756449999964,-88.85918213085202,Union,-0.84,34.378,-88.8578,0.12970067710766434
2024-05-11 14:00:00,98699542,-3.8317646162575656,-5.0240775164995375,-2.6394517160155937,34.377756449999964,-88.85918213085202,Union,-3.53,34.378,-88.8578,0.12970067710766434
2024-05-11 14:01:00,98699542,-3.3252458809683927,-4.363379832737199,-2.287111929199586,34.377756449999964,-88.85918213085202,Union,-1.64,34.378,-88.8578,0.12970067710766434
2024-05-11 14:02:00,98699542,-4.148746164677203,-5.4422131418499795,-2.855279187504425,34.377756449999964,-88.85918213085202,Union,-2.39,34.378,-88.8578,0.12970067710766434
2024-05-11 14:03:00,98699542,-2.133986739240081,-2.7998105532837934,-1.4681629251963684,34.377756449999964,-88.85918213085202,Union,-1.53,34.378,-88.8578,0.12970067710766434
2024-05-11 14:04:00,98699542,-2.078452709944519,-2.726112948316059,-1.4307924715729792,34.377756449999964,-88.85918213085202,Union,1.08,34.378,-88.8578,0.12970067710766434
2024-05-11 14:05:00,98699542,1.0954942837928716,0.7526716780987882,1.4383168894869551,34.377756449999964,-88.85918213085202,Union,1.51,34.378,-88.8578,0.12970067710766434
2024-05-11 14:06:00,98699542,-0.04044913059124308,-0.08999139197215728,0.009093130789671118,34.377756449999964,-88.85918213085202,Union,2.08,34.378,-88.8578,0.12970067710766434
2024-05-11 14:07:00,98699542,1.5833617917787493,1.0874699750536796,2.079253608503819,34.377756449999964,-88.85918213085202,Union,2.53,34.378,-88.8578,0.12970067710766434
2024-05-11 14:08:00,98699542,4.2701564601546735,2.9394054708163404,5.600907449493007,34.377756449999964,-88.85918213085202,Union,1.85,34.378,-88.8578,0.12970067710766434
2024-05-11 14:09:00,98699542,3.0164209608271686,2.0719940597576194,3.960847861896718,34.377756449999964,-88.85918213085202,Union,3.95,34.378,-88.8578,0.12970067710766434
2024-05-11 14:10:00,98699542,5.011490206792199,3.449844536400942,6.573135877183455,34.377756449999964,-88.85918213085202,Union,4.43,34.378,-88.8578,0.12970067710766434
2024-05-11 14:11:00,98699542,7.064291568594485,4.86386793720045,9.26471519998852,34.377756449999964,-88.85918213085202,Union,3.21,34.378,-88.8578,0.12970067710766434
2024-05-11 14:12:00,98699542,3.095823963937458,2.131527854677243,4.060120073197673,34.377756449999964,-88.85918213085202,Union,2.52,34.378,-88.8578,0.12970067710766434
2024-05-11 14:13:00,98699542,3.3813125210154675,2.3257140098600555,4.43691103217088,34.377756449999964,-88.85918213085202,Union,3.11,34.378,-88.8578,0.12970067710766434
2024-05-11 14:14:00,98699542,-0.9822498108607935,-1.291255356513795,-0.6732442652077921,34.377756449999964,-88.85918213085202,Union,2.77,34.378,-88.8578,0.12970067710766434
2024-05-11 14:15:00,98699542,4.457212508406187,3.0691150883844447,5.845309928427929,34.377756449999964,-88.85918213085202,Union,3.93,34.378,-88.8578,0.12970067710766434
2024-05-11 14:16:00,98699542,1.6051791305901144,1.1018486677948363,2.1085095933853926,34.377756449999964,-88.85918213085202,Union,2.73,34.378,-88.8578,0.12970067710766434
2024-05-11 14:17:00,98699542,5.900822755548083,4.062482808287321,7.739162702808846,34.377756449999964,-88.85918213085202,Union,3.79,34.378,-88.8578,0.12970067710766434
2024-05-11 14:18:00,98699542,5.090461079354405,3.5048464680161997,6.676075690692611,34.377756449999964,-88.85918213085202,Union,3.44,34.378,-88.8578,0.12970067710766434
2024-05-11 14:19:00,98699542,1.8115457664340955,1.2305780557643895,2.3925134771038015,34.377756449999964,-88.85918213085202,Union,2.61,34.378,-88.8578,0.12970067710766434
2024-05-11 14:20:00,98699542,7.40019754539341,5.093752120887693,9.706642969899127,34.377756449999964,-88.85918213085202,Union,6.86,34.378,-88.8578,0.12970067710766434
2024-05-11 14:21:00,98699542,8.379830930564896,5.768136689464374,10.991525171665419,34.377756449999964,-88.85918213085202,Union,5.48,34.378,-88.8578,0.12970067710766434
2024-05-11 14:22:00,98699542,12.585506682918629,8.668224085349753,16.502789280487505,34.377756449999964,-88.85918213085202,Union,9.14,34.378,-88.8578,0.12970067710766434
2024-05-11 14:23:00,98699542,11.20499012273033,7.713779919972774,14.696200325487885,34.377756449999964,-88.85918213085202,Union,9.71,34.378,-88.8578,0.12970067710766434
2024-05-11 14:24:00,98699542,13.052470368190988,8.99027014793181,17.114670588450167,34.377756449999964,-88.85918213085202,Union,5.6,34.378,-88.8578,0.12970067710766434
2024-05-11 14:25:00,98699542,7.093920750672495,4.884848044456699,9.302993456888291,34.377756449999964,-88.85918213085202,Union,5.0,34.378,-88.8578,0.12970067710766434
2024-05-11 14:26:00,98699542,8.76554619199731,6.036390385221351,11.494701998773268,34.377756449999964,-88.85918213085202,Union,5.77,34.378,-88.8578,0.12970067710766434
2024-05-11 14:27:00,98699542,7.783532805144587,5.362810878372644,10.20425473191653,34.377756449999964,-88.85918213085202,Union,4.89,34.378,-88.8578,0.12970067710766434
2024-05-11 14:28:00,98699542,9.858812836247479,6.789198135728291,12.928427536766666,34.377756449999964,-88.85918213085202,Union,5.27,34.378,-88.8578,0.12970067710766434
2024-05-11 14:29:00,98699542,9.00110331203766,6.19884802860727,11.803358595468051,34.377756449999964,-88.85918213085202,Union,7.32,34.378,-88.8578,0.12970067710766434
2024-05-11 14:30:00,98699542,7.56440978059852,5.2104817032028965,9.918337857994144,34.377756449999964,-88.85918213085202,Union,8.16,34.378,-88.8578,0.12970067710766434
2024-05-11 14:31:00,98699542,6.764482283960995,4.659215559247853,8.869749008674138,34.377756449999964,-88.85918213085202,Union,4.62,34.378,-88.8578,0.12970067710766434
2024-05-11 14:32:00,98699542,7.216212382313382,4.97040906011229,9.462015704514474,34.377756449999964,-88.85918213085202,Union,5.55,34.378,-88.8578,0.12970067710766434
2024-05-11 14:33:00,98699542,2.881006483271688,1.983814026930505,3.7781989396128717,34.377756449999964,-88.85918213085202,Union,6.31,34.378,-88.8578,0.12970067710766434
2024-05-11 14:34:00,98699542,4.58317921990585,3.156028809997081,6.01032962981462,34.377756449999964,-88.85918213085202,Union,5.4,34.378,-88.8578,0.12970067710766434
2024-05-11 14:35:00,98699542,5.342841081035642,3.6790762713894636,7.00660589068182,34.377756449999964,-88.85918213085202,Union,4.78,34.378,-88.8578,0.12970067710766434
2024-05-11 14:36:00,98699542,2.532549018577673,1.7422773766170736,3.3228206605382726,34.377756449999964,-88.85918213085202,Union,3.25,34.378,-88.8578,0.12970067710766434
2024-05-11 14:37:00,98699542,2.027958452420982,1.3960702320145018,2.659846672827462,34.377756449999964,-88.85918213085202,Union,1.72,34.378,-88.8578,0.12970067710766434
2024-05-11 14:38:00,98699542,1.8574671896015467,1.279559793894259,2.4353745853088347,34.377756449999964,-88.85918213085202,Union,0.85,34.378,-88.8578,0.12970067710766434
2024-05-11 14:39:00,98699542,4.381173293544048,3.0171451393013635,5.745201447786733,34.377756449999964,-88.85918213085202,Union,2.22,34.378,-88.8578,0.12970067710766434
2024-05-11 14:40:00,98699542,3.43263885970074,2.3636687756475983,4.501608943753881,34.377756449999964,-88.85918213085202,Union,2.02,34.378,-88.8578,0.12970067710766434
2024-05-11 14:41:00,98699542,3.261198617182246,2.2459382477401646,4.276458986624327,34.377756449999964,-88.85918213085202,Union,0.53,34.378,-88.8578,0.12970067710766434
2024-05-11 14:42:00,98699542,0.44995166442501683,0.30697297802570234,0.5929303508243313,34.377756449999964,-88.85918213085202,Union,1.31,34.378,-88.8578,0.12970067710766434
2024-05-11 14:43:00,98699542,-1.1605588275470746,-1.5237420461509499,-0.7973756089431994,34.377756449999964,-88.85918213085202,Union,0.22,34.378,-88.8578,0.12970067710766434
2024-05-11 14:44:00,98699542,0.9165344443510424,0.6307653187394748,1.20230356996261,34.377756449999964,-88.85918213085202,Union,0.33,34.378,-88.8578,0.12970067710766434
2024-05-11 14:45:00,98699542,-2.87768866635844,-3.7826953538385046,-1.9726819788783754,34.377756449999964,-88.85918213085202,Union,-1.38,34.378,-88.8578,0.12970067710766434
2024-05-11 14:46:00,98699542,-4.124535032784129,-5.409667443444112,-2.839402622124146,34.377756449999964,-88.85918213085202,Union,-3.18,34.378,-88.8578,0.12970067710766434
2024-05-11 14:47:00,98699542,-6.650454984868864,-8.72022014145737,-4.580689828280358,34.377756449999964,-88.85918213085202,Union,-2.93,34.378,-88.8578,0.12970067710766434
2024-05-11 14:48:00,98699542,-5.030212361297915,-6.596697788397759,-3.4637269341980703,34.377756449999964,-88.85918213085202,Union,-2.86,34.378,-88.8578,0.12970067710766434
2024-05-11 14:49:00,98699542,-2.2033706182750503,-2.8899285192752577,-1.516812717274843,34.377756449999964,-88.85918213085202,Union,-2.53,34.378,-88.8578,0.12970067710766434
2024-05-11 14:50:00,98699542,6.353099256052454,4.376016142992707,8.330182369112201,34.377756449999964,-88.85918213085202,Union,0.38,34.378,-88.8578,0.12970067710766434
2024-05-11 14:51:00,98699542,0.42216626124327505,0.28902846116343117,0.5553040613231189,34.377756449999964,-88.85918213085202,Union,0.19,34.378,-88.8578,0.12970067710766434
2024-05-11 14:52:00,98699542,3.2275239576328176,2.223268474847285,4.23177944041835,34.377756449999964,-88.85918213085202,Union,0.19,34.378,-88.8578,0.12970067710766434
2024-05-11 14:53:00,98699542,-0.44449700135549763,-0.5834924630772969,-0.3055015396336984,34.377756449999964,-88.85918213085202,Union,1.62,34.378,-88.8578,0.12970067710766434
2024-05-11 14:54:00,98699542,2.0353118958053127,1.4007322460838219,2.6698915455268035,34.377756449999964,-88.85918213085202,Union,0.94,34.378,-88.8578,0.12970067710766434
2024-05-11 14:55:00,98699542,1.2413810314391391,0.8547273038780283,1.62803475900025,34.377756449999964,-88.85918213085202,Union,1.08,34.378,-88.8578,0.12970067710766434
2024-05-11 14:56:00,98699542,3.5303121847679892,2.4315645230103735,4.629059846525605,34.377756449999964,-88.85918213085202,Union,1.53,34.378,-88.8578,0.12970067710766434
2024-05-11 14:57:00,98699542,-1.1930080226546738,-1.5656140017471474,-0.8204020435622001,34.377756449999964,-88.85918213085202,Union,1.08,34.378,-88.8578,0.12970067710766434
2024-05-11 14:58:00,98699542,-2.868654642316745,-3.76562985729101,-1.97167942734248,34.377756449999964,-88.85918213085202,Union,0.19,34.378,-88.8578,0.12970067710766434
2024-05-11 14:59:00,98699542,-2.6735746259246804,-3.5104133285973056,-1.8367359232520553,34.377756449999964,-88.85918213085202,Union,-0.59,34.378,-88.8578,0.12970067710766434
2024-05-11 15:00:00,98699542,-2.3446549785642232,-3.07554735503935,-1.6137626020890963,34.377756449999964,-88.85918213085202,Union,0.68,34.378,-88.8578,0.12970067710766434
2024-05-11 15:01:00,98699542,-2.6078566324815062,-3.4208083225584915,-1.794904942404521,34.377756449999964,-88.85918213085202,Union,-0.54,34.378,-88.8578,0.12970067710766434
2024-05-11 15:02:00,98699542,-2.2024025933086753,-2.889431170049782,-1.5153740165675686,34.377756449999964,-88.85918213085202,Union,-0.04,34.378,-88.8578,0.12970067710766434
2024-05-11 15:03:00,98699542,-1.8157908908456624,-2.3821112190449765,-1.2494705626463483,34.377756449999964,-88.85918213085202,Union,0.77,34.378,-88.8578,0.12970067710766434
2024-05-11 15:04:00,98699542,-0.8278288132565568,-1.1133272733531345,-0.542330353159979,34.377756449999964,-88.85918213085202,Union,-0.92,34.378,-88.8578,0.12970067710766434
2024-05-11 15:05:00,98699542,-1.433960863945864,-1.8919867344594845,-0.9759349934322437,34.377756449999964,-88.85918213085202,Union,1.16,34.378,-88.8578,0.12970067710766434
2024-05-11 15:06:00,98699542,-2.4858907405850705,-3.2616830875647063,-1.710098393605435,34.377756449999964,-88.85918213085202,Union,-1.69,34.378,-88.8578,0.12970067710766434
2024-05-11 15:07:00,98699542,-3.9298937142737054,-5.152917345825396,-2.7068700827220145,34.377756449999964,-88.85918213085202,Union,-1.22,34.378,-88.8578,0.12970067710766434
2024-05-11 15:08:00,98699542,-2.983426677034297,-3.912893430136533,-2.0539599239320614,34.377756449999964,-88.85918213085202,Union,-2.04,34.378,-88.8578,0.12970067710766434
2024-05-11 15:09:00,98699542,0.3970141946347512,0.2705535614306953,0.523474827838807,34.377756449999964,-88.85918213085202,Union,-1.35,34.378,-88.8578,0.12970067710766434
2024-05-11 15:10:00,98699542,-8.12825739744452,-10.657910804614467,-5.598603990274573,34.377756449999964,-88.85918213085202,Union,-4.84,34.378,-88.8578,0.12970067710766434
2024-05-11 15:11:00,98699542,-7.582916526563551,-9.941836854742881,-5.223996198384221,34.377756449999964,-88.85918213085202,Union,-5.23,34.378,-88.8578,0.12970067710766434
2024-05-11 15:12:00,98699542,-9.457207254539341,-12.402140287895598,-6.512274221183083,34.377756449999964,-88.85918213085202,Union,-5.63,34.378,-88.8578,0.12970067710766434
2024-05-11 15:13:00,98699542,-5.5512304556153325,-7.279682746887235,-3.82277816434343,34.377756449999964,-88.85918213085202,Union,-3.15,34.378,-88.8578,0.12970067710766434
2024-05-11 15:14:00,98699542,-3.4109942417619368,-4.474179159356168,-2.347809324167706,34.377756449999964,-88.85918213085202,Union,-2.71,34.378,-88.8578,0.12970067710766434
2024-05-11 15:15:00,98699542,-1.888687636600538,-2.4763573059139072,-1.301017967287169,34.377756449999964,-88.85918213085202,Union,-0.33,34.378,-88.8578,0.12970067710766434
2024-05-11 15:16:00,98699542,-4.013158309515804,-5.261678322862338,-2.76463829616927,34.377756449999964,-88.85918213085202,Union,-2.23,34.378,-88.8578,0.12970067710766434
2024-05-11 15:17:00,98699542,-2.610604404841964,-3.4248572225133564,-1.796351587170571,34.377756449999964,-88.85918213085202,Union,-2.87,34.378,-88.8578,0.12970067710766434
2024-05-11 15:18:00,98699542,-1.7063055596418963,-2.2417535087841887,-1.170857610499604,34.377756449999964,-88.85918213085202,Union,-2.33,34.378,-88.8578,0.12970067710766434
2024-05-11 15:19:00,98699542,-0.8316973010886012,-1.0960469834083817,-0.5673476187688208,34.377756449999964,-88.85918213085202,Union,-0.23,34.378,-88.8578,0.12970067710766434
2024-05-11 15:20:00,98699542,-1.3654438729404843,-1.7919595957038355,-0.9389281501771332,34.377756449999964,-88.85918213085202,Union,-0.98,34.378,-88.8578,0.12970067710766434
2024-05-11 15:21:00,98699542,-0.16442555040822546,-0.22212504315639023,-0.10672605766006069,34.377756449999964,-88.85918213085202,Union,0.43,34.378,-88.8578,0.12970067710766434
2024-05-11 15:22:00,98699542,-1.229127700487559,-1.6143818811412691,-0.8438735198338487,34.377756449999964,-88.85918213085202,Union,-0.2,34.378,-88.8578,0.12970067710766434
2024-05-11 15:23:00,98699542,-3.232910484616678,-4.239396752484563,-2.2264242167487924,34.377756449999964,-88.85918213085202,Union,-2.02,34.378,-88.8578,0.12970067710766434
2024-05-11 15:24:00,98699542,-4.151285095830532,-5.4433947838589605,-2.8591754078021028,34.377756449999964,-88.85918213085202,Union,-2.74,34.378,-88.8578,0.12970067710766434
2024-05-11 15:25:00,98699542,0.5132540284024042,0.34355782878472896,0.6829502280200794,34.377756449999964,-88.85918213085202,Union,-0.53,34.378,-88.8578,0.12970067710766434
2024-05-11 15:26:00,98699542,5.43664099277068,3.7432634910782787,7.13001849446308,34.377756449999964,-88.85918213085202,Union,0.89,34.378,-88.8578,0.12970067710766434
2024-05-11 15:27:00,98699542,3.0004610268157363,2.0658506567153663,3.9350713969161064,34.377756449999964,-88.85918213085202,Union,0.62,34.378,-88.8578,0.12970067710766434
2024-05-11 15:28:00,98699542,2.9004339694014796,1.996838351757018,3.804029587045941,34.377756449999964,-88.85918213085202,Union,0.39,34.378,-88.8578,0.12970067710766434
2024-05-11 15:29:00,98699542,6.14206193258238,4.229085084462431,8.05503878070233,34.377756449999964,-88.85918213085202,Union,1.65,34.378,-88.8578,0.12970067710766434
2024-05-11 15:30:00,98699542,3.3371905472427708,2.298986243786457,4.3753948506990845,34.377756449999964,-88.85918213085202,Union,-0.68,34.378,-88.8578,0.12970067710766434
2024-05-11 15:31:00,98699542,4.472976735877606,3.080428040903005,5.865525430852207,34.377756449999964,-88.85918213085202,Union,-0.51,34.378,-88.8578,0.12970067710766434
2024-05-11 15:32:00,98699542,7.140690673335575,4.919192978273868,9.362188368397282,34.377756449999964,-88.85918213085202,Union,1.86,34.378,-88.8578,0.12970067710766434
2024-05-11 15:33:00,98699542,0.4548449846587088,0.28926801704055616,0.6204219522768615,34.377756449999964,-88.85918213085202,Union,-1.95,34.378,-88.8578,0.12970067710766434
2024-05-11 15:34:00,98699542,0.4726657726336584,0.3233651739967445,0.6219663712705723,34.377756449999964,-88.85918213085202,Union,-1.75,34.378,-88.8578,0.12970067710766434
2024-05-11 15:35:00,98699542,2.648232599193006,1.8238453901238625,3.4726198082621496,34.377756449999964,-88.85918213085202,Union,-0.14,34.378,-88.8578,0.12970067710766434
2024-05-11 15:36:00,98699542,1.528640798377606,1.050071003047088,2.007210593708124,34.377756449999964,-88.85918213085202,Union,-0.77,34.378,-88.8578,0.12970067710766434
2024-05-11 15:37:00,98699542,2.7231540538836585,1.8758531535466925,3.5704549542206245,34.377756449999964,-88.85918213085202,Union,0.78,34.378,-88.8578,0.12970067710766434
2024-05-11 15:38:00,98699542,2.4706335112642903,1.7014622612799095,3.239804761248671,34.377756449999964,-88.85918213085202,Union,2.03,34.378,-88.8578,0.12970067710766434
2024-05-11 15:39:00,98699542,0.8622462382313383,0.5920039240797802,1.1324885523828963,34.377756449999964,-88.85918213085202,Union,0.7,34.378,-88.8578,0.12970067710766434
2024-05-11 15:40:00,98699542,2.873661577420982,1.9784502978591085,3.7688728569828553,34.377756449999964,-88.85918213085202,Union,0.8,34.378,-88.8578,0.12970067710766434
2024-05-11 15:41:00,98699542,1.721750614702421,1.1848402688004573,2.258660960604385,34.377756449999964,-88.85918213085202,Union,0.56,34.378,-88.8578,0.12970067710766434
2024-05-11 15:42:00,98699542,1.950129639164425,1.343846785709501,2.5564124926193488,34.377756449999964,-88.85918213085202,Union,1.71,34.378,-88.8578,0.12970067710766434
2024-05-11 15:43:00,98699542,3.9367828471755213,2.712489860483638,5.161075833867405,34.377756449999964,-88.85918213085202,Union,1.39,34.378,-88.8578,0.12970067710766434
2024-05-11 15:44:00,98699542,4.507641749327505,3.104255261612092,5.911028237042919,34.377756449999964,-88.85918213085202,Union,1.75,34.378,-88.8578,0.12970067710766434
2024-05-11 15:45:00,98699542,1.9885294952084733,1.3702705048617527,2.606788485555194,34.377756449999964,-88.85918213085202,Union,1.13,34.378,-88.8578,0.12970067710766434
2024-05-11 15:46:00,98699542,6.150728185944855,4.236460714135368,8.064995657754341,34.377756449999964,-88.85918213085202,Union,1.38,34.378,-88.8578,0.12970067710766434
2024-05-11 15:47:00,98699542,2.102847070443847,1.448200232362234,2.7574939085254595,34.377756449999964,-88.85918213085202,Union,1.89,34.378,-88.8578,0.12970067710766434
2024-05-11 15:48:00,98699542,-2.785610709482179,-3.6546717656995344,-1.9165496532648234,34.377756449999964,-88.85918213085202,Union,-1.29,34.378,-88.8578,0.12970067710766434
2024-05-11 15:49:00,98699542,-5.250047284801614,-6.884885073172246,-3.6152094964309818,34.377756449999964,-88.85918213085202,Union,-2.14,34.378,-88.8578,0.12970067710766434
2024-05-11 15:50:00,98699542,0.932562021898117,0.6423176337218011,1.222806410074433,34.377756449999964,-88.85918213085202,Union,1.25,34.378,-88.8578,0.12970067710766434
2024-05-11 15:51:00,98699542,4.074608849613315,2.807248746739675,5.341968952486956,34.377756449999964,-88.85918213085202,Union,1.06,34.378,-88.8578,0.12970067710766434
2024-05-11 15:52:00,98699542,9.20341396267653,6.338596457539303,12.068231467813757,34.377756449999964,-88.85918213085202,Union,4.84,34.378,-88.8578,0.12970067710766434
2024-05-11 15:53:00,98699542,3.1728771751008744,2.184758239855321,4.160996110346428,34.377756449999964,-88.85918213085202,Union,2.99,34.378,-88.8578,0.12970067710766434
2024-05-11 15:54:00,98699542,0.6247836063592804,0.4301493564915747,0.8194178562269862,34.377756449999964,-88.85918213085202,Union,1.06,34.378,-88.8578,0.12970067710766434
2024-05-11 15:55:00,98699542,2.840433496553463,1.956130874174475,3.7247361189324515,34.377756449999964,-88.85918213085202,Union,2.07,34.378,-88.8578,0.12970067710766434
2024-05-11 15:56:00,98699542,4.858158729825151,3.3455767174784476,6.370740742171854,34.377756449999964,-88.85918213085202,Union,2.08,34.378,-88.8578,0.12970067710766434
2024-05-11 15:57:00,98699542,6.268840366509751,4.318682603604259,8.218998129415244,34.377756449999964,-88.85918213085202,Union,2.86,34.378,-88.8578,0.12970067710766434
2024-05-11 15:58:00,98699542,1.6631660589694015,1.1459760825583856,2.1803560353804174,34.377756449999964,-88.85918213085202,Union,1.25,34.378,-88.8578,0.12970067710766434
2024-05-11 15:59:00,98699542,-1.9776592447041021,-2.594472668411553,-1.3608458209966514,34.377756449999964,-88.85918213085202,Union,-0.31,34.378,-88.8578,0.12970067710766434
2024-05-11 16:00:00,98699542,0.9756591632691661,0.6721276202164729,1.2791907063218595,34.377756449999964,-88.85918213085202,Union,1.12,34.378,-88.8578,0.12970067710766434
2024-05-11 16:01:00,98699542,4.1616220788500335,2.866747502641732,5.456496655058335,34.377756449999964,-88.85918213085202,Union,1.83,34.378,-88.8578,0.12970067710766434
2024-05-11 16:02:00,98699542,0.3624826622394082,0.24469986114717424,0.4802654633316422,34.377756449999964,-88.85918213085202,Union,0.33,34.378,-88.8578,0.12970067710766434
2024-05-11 16:03:00,98699542,-0.46577056494830194,-0.6136713266461051,-0.31786980325049874,34.377756449999964,-88.85918213085202,Union,-0.42,34.378,-88.8578,0.12970067710766434
2024-05-11 16:04:00,98699542,0.13172400550867938,0.07169545489855585,0.19175255611880293,34.377756449999964,-88.85918213085202,Union,-0.29,34.378,-88.8578,0.12970067710766434
2024-05-11 16:05:00,98699542,-0.14401883379917618,-0.19031719387160567,-0.09772047372674668,34.377756449999964,-88.85918213085202,Union,-0.67,34.378,-88.8578,0.12970067710766434
2024-05-11 16:06:00,98699542,-0.02713901241433324,-0.042384519855171984,-0.011893504973494496,34.377756449999964,-88.85918213085202,Union,-1.14,34.378,-88.8578,0.12970067710766434
2024-05-11 16:07:00,98699542,-0.6747498502647948,-0.885886764976722,-0.46361293555286764,34.377756449999964,-88.85918213085202,Union,-1.95,34.378,-88.8578,0.12970067710766434
2024-05-11 16:08:00,98699542,2.1459222112474783,1.4775291173163165,2.8143153051786403,34.377756449999964,-88.85918213085202,Union,-0.4,34.378,-88.8578,0.12970067710766434
2024-05-11 16:09:00,98699542,1.4554590303463348,0.999918025997242,1.9110000346954277,34.377756449999964,-88.85918213085202,Union,0.33,34.378,-88.8578,0.12970067710766434
2024-05-11 16:10:00,98699542,1.7354632071704774,1.1939359737628639,2.276990440578091,34.377756449999964,-88.85918213085202,Union,0.29,34.378,-88.8578,0.12970067710766434
2024-05-11 16:11:00,98699542,-0.2747851989376681,-0.36463234643771847,-0.1849380514376178,34.377756449999964,-88.85918213085202,Union,-0.69,34.378,-88.8578,0.12970067710766434
2024-05-11 16:12:00,98699542,0.9628348026647613,0.6633658944101914,1.2623037109193311,34.377756449999964,-88.85918213085202,Union,-0.51,34.378,-88.8578,0.12970067710766434
2024-05-11 16:13:00,98699542,0.4616640112747982,0.31792127935501413,0.6054067431945823,34.377756449999964,-88.85918213085202,Union,-0.63,34.378,-88.8578,0.12970067710766434
2024-05-11 16:14:00,98699542,1.469716054766308,1.012160109863812,1.927271999668804,34.377756449999964,-88.85918213085202,Union,-0.48,34.378,-88.8578,0.12970067710766434
2024-05-11 16:15:00,98699542,1.1022665181573639,0.7591119328222562,1.4454211034924715,34.377756449999964,-88.85918213085202,Union,-0.52,34.378,-88.8578,0.12970067710766434
2024-05-11 16:16:00,98699542,1.271597333137189,0.8755167762333012,1.667677890041077,34.377756449999964,-88.85918213085202,Union,0.17,34.378,-88.8578,0.12970067710766434
2024-05-11 16:17:00,98699542,1.870379224108944,1.288781650349644,2.451976797868244,34.377756449999964,-88.85918213085202,Union,0.09,34.378,-88.8578,0.12970067710766434
2024-05-11 16:18:00,98699542,0.8218026279841963,0.5659623302794147,1.077642925688978,34.377756449999964,-88.85918213085202,Union,-0.94,34.378,-88.8578,0.12970067710766434
2024-05-11 16:19:00,98699542,-0.06370839963603837,-0.08897389465242309,-0.03844290461965367,34.377756449999964,-88.85918213085202,Union,-1.43,34.378,-88.8578,0.12970067710766434
2024-05-11 16:20:00,98699542,-0.11269482815915013,-0.16333213275827604,-0.062057523560024225,34.377756449999964,-88.85918213085202,Union,-1.22,34.378,-88.8578,0.12970067710766434
2024-05-11 16:21:00,98699542,-1.0737708578513787,-1.4087371543157081,-0.7388045613870493,34.377756449999964,-88.85918213085202,Union,-2.64,34.378,-88.8578,0.12970067710766434
2024-05-11 16:22:00,98699542,-0.22442778822713516,-0.2946104011445796,-0.15424517530969073,34.377756449999964,-88.85918213085202,Union,-2.09,34.378,-88.8578,0.12970067710766434
2024-05-11 16:23:00,98699542,-0.995109306699731,-1.3065971556728155,-0.6836214577266464,34.377756449999964,-88.85918213085202,Union,-1.95,34.378,-88.8578,0.12970067710766434
2024-05-11 16:24:00,98699542,-1.4688642716039004,-1.9297846618228083,-1.0079438813849926,34.377756449999964,-88.85918213085202,Union,-3.14,34.378,-88.8578,0.12970067710766434
2024-05-11 16:25:00,98699542,-0.5124462463748318,-0.67231315038632,-0.3525793423633436,34.377756449999964,-88.85918213085202,Union,-2.12,34.378,-88.8578,0.12970067710766434
2024-05-11 16:26:00,98699542,-0.8815627364240081,-1.1565524605039033,-0.6065730123441129,34.377756449999964,-88.85918213085202,Union,-2.62,34.378,-88.8578,0.12970067710766434
2024-05-11 16:27:00,98699542,-1.43668565063887,-1.885990173167354,-0.9873811281103861,34.377756449999964,-88.85918213085202,Union,-2.5,34.378,-88.8578,0.12970067710766434
2024-05-11 16:28:00,98699542,-1.1244798671822462,-1.476535105193785,-0.7724246291707076,34.377756449999964,-88.85918213085202,Union,-3.01,34.378,-88.8578,0.12970067710766434
2024-05-11 16:29:00,98699542,-2.330862264626765,-3.05742021208565,-1.6043043171678801,34.377756449999964,-88.85918213085202,Union,-3.19,34.378,-88.8578,0.12970067710766434
2024-05-11 16:30:00,98699542,-1.6350079596082716,-2.1440953177024005,-1.1259206015141427,34.377756449999964,-88.85918213085202,Union,-3.77,34.378,-88.8578,0.12970067710766434
2024-05-11 16:31:00,98699542,-0.6719886148705447,-0.8822097637434203,-0.46176746599766916,34.377756449999964,-88.85918213085202,Union,-2.83,34.378,-88.8578,0.12970067710766434
2024-05-11 16:32:00,98699542,0.0005104482053668209,-0.01327333288441418,0.014294229295147821,34.377756449999964,-88.85918213085202,Union,-2.11,34.378,-88.8578,0.12970067710766434
2024-05-11 16:33:00,98699542,-2.615197597932078,-3.4304027793546528,-1.799992416509503,34.377756449999964,-88.85918213085202,Union,-3.79,34.378,-88.8578,0.12970067710766434
2024-05-11 16:34:00,98699542,-4.322450823806322,-5.669209485363316,-2.9756921622493273,34.377756449999964,-88.85918213085202,Union,-7.29,34.378,-88.8578,0.12970067710766434
2024-05-11 16:35:00,98699542,-0.40665881651395425,-0.5430806201348329,-0.27023701289307556,34.377756449999964,-88.85918213085202,Union,-3.16,34.378,-88.8578,0.12970067710766434
2024-05-11 16:36:00,98699542,0.4868260930669973,0.3354468170403011,0.6382053690936935,34.377756449999964,-88.85918213085202,Union,-1.64,34.378,-88.8578,0.12970067710766434
2024-05-11 16:37:00,98699542,0.33897489177034296,0.23339719352950938,0.44455259001117653,34.377756449999964,-88.85918213085202,Union,-1.42,34.378,-88.8578,0.12970067710766434
2024-05-11 16:38:00,98699542,-0.5333970255232852,-0.6999734758722483,-0.366820575174322,34.377756449999964,-88.85918213085202,Union,-2.15,34.378,-88.8578,0.12970067710766434
2024-05-11 16:39:00,98699542,-0.7328986634162744,-0.9621286102274327,-0.5036687166051161,34.377756449999964,-88.85918213085202,Union,-1.62,34.378,-88.8578,0.12970067710766434
2024-05-11 16:40:00,98699542,0.8896093618653329,0.6125225986785124,1.1666961250521535,34.377756449999964,-88.85918213085202,Union,-1.43,34.378,-88.8578,0.12970067710766434
2024-05-11 16:41:00,98699542,-1.1199372425605245,-1.4698280246587774,-0.7700464604622717,34.377756449999964,-88.85918213085202,Union,-1.26,34.378,-88.8578,0.12970067710766434
2024-05-11 16:42:00,98699542,-4.890068090114324,-6.421388878642848,-3.3587473015858005,34.377756449999964,-88.85918213085202,Union,-1.36,34.378,-88.8578,0.12970067710766434
2024-05-11 16:43:00,98699542,0.504956202452505,0.34541025065633135,0.6645021542486788,34.377756449999964,-88.85918213085202,Union,-0.94,34.378,-88.8578,0.12970067710766434
2024-05-11 16:44:00,98699542,-2.7064244283792873,-3.5501229368454306,-1.862725919913144,34.377756449999964,-88.85918213085202,Union,-1.93,34.378,-88.8578,0.12970067710766434
2024-05-11 16:45:00,98699542,-0.36327747378320446,-0.4922067469754148,-0.23434820059099412,34.377756449999964,-88.85918213085202,Union,-2.83,34.378,-88.8578,0.12970067710766434
2024-05-11 16:46:00,98699542,1.0605508154001344,0.7043945315660707,1.4167070992341981,34.377756449999964,-88.85918213085202,Union,-4.0,34.378,-88.8578,0.12970067710766434
2024-05-11 16:47:00,98699542,-1.7898604310272361,-2.346985547224799,-1.2327353148296734,34.377756449999964,-88.85918213085202,Union,-4.22,34.378,-88.8578,0.12970067710766434
2024-05-11 16:48:00,98699542,0.20740706566282785,0.1408764275303932,0.2739377037952625,34.377756449999964,-88.85918213085202,Union,-2.23,34.378,-88.8578,0.12970067710766434
2024-05-11 16:49:00,98699542,0.1939345092362979,0.12998605482737657,0.25788296364521923,34.377756449999964,-88.85918213085202,Union,-1.09,34.378,-88.8578,0.12970067710766434
2024-05-11 16:50:00,98699542,-1.9626732462592469,-2.576323683287055,-1.3490228092314387,34.377756449999964,-88.85918213085202,Union,-2.28,34.378,-88.8578,0.12970067710766434
2024-05-11 16:51:00,98699542,-1.2506317774882314,-1.6411843253422642,-0.8600792296341986,34.377756449999964,-88.85918213085202,Union,-2.28,34.378,-88.8578,0.12970067710766434
2024-05-11 16:52:00,98699542,-0.9929125336247479,-1.3028719951156533,-0.6829530721338424,34.377756449999964,-88.85918213085202,Union,-0.89,34.378,-88.8578,0.12970067710766434
2024-05-11 16:53:00,98699542,-0.9396061438718897,-1.2332724751781734,-0.645939812565606,34.377756449999964,-88.85918213085202,Union,-0.86,34.378,-88.8578,0.12970067710766434
2024-05-11 16:54:00,98699542,-0.7344866446704774,-0.9669504450848304,-0.5020228442561244,34.377756449999964,-88.85918213085202,Union,-0.37,34.378,-88.8578,0.12970067710766434
2024-05-11 16:55:00,98699542,-0.8721369709356086,-1.14487723388159,-0.5993967079896272,34.377756449999964,-88.85918213085202,Union,-0.62,34.378,-88.8578,0.12970067710766434
2024-05-11 16:56:00,98699542,-0.6820412323470074,-0.8946457074561335,-0.46943675723788136,34.377756449999964,-88.85918213085202,Union,-0.51,34.378,-88.8578,0.12970067710766434
2024-05-11 16:57:00,98699542,-0.11578802174181448,-0.1643924416664852,-0.06718360181714376,34.377756449999964,-88.85918213085202,Union,-0.91,34.378,-88.8578,0.12970067710766434
2024-05-11 16:58:00,98699542,0.1934439294195528,0.13326558967849528,0.2536222691606103,34.377756449999964,-88.85918213085202,Union,-0.32,34.378,-88.8578,0.12970067710766434
2024-05-11 16:59:00,98699542,1.035618590282448,0.7134734299059695,1.3577637506589264,34.377756449999964,-88.85918213085202,Union,-0.37,34.378,-88.8578,0.12970067710766434
2024-05-11 17:00:00,98699542,0.35183717872604237,0.2419889663555956,0.4616853910964891,34.377756449999964,-88.85918213085202,Union,-0.36,34.378,-88.8578,0.12970067710766434
2024-05-11 17:01:00,98699542,0.5913122057834567,0.40720751746226647,0.7754168941046469,34.377756449999964,-88.85918213085202,Union,-0.29,34.378,-88.8578,0.12970067710766434
2024-05-11 17:02:00,98699542,0.9028169263828177,0.6218419087623506,1.183791944003285,34.377756449999964,-88.85918213085202,Union,0.27,34.378,-88.8578,0.12970067710766434
2024-05-11 17:03:00,98699542,3.07780976798924,2.119702775399957,4.035916760578523,34.377756449999964,-88.85918213085202,Union,1.28,34.378,-88.8578,0.12970067710766434
2024-05-11 17:04:00,98699542,2.110886800184936,1.4539657344640489,2.767807865905823,34.377756449999964,-88.85918213085202,Union,1.83,34.378,-88.8578,0.12970067710766434
2024-05-11 17:05:00,98699542,3.054307908120377,2.103262435948724,4.005353380292029,34.377756449999964,-88.85918213085202,Union,1.47,34.378,-88.8578,0.12970067710766434
2024-05-11 17:06:00,98699542,-2.4102127290685944,-3.1608822350318304,-1.6595432231053584,34.377756449999964,-88.85918213085202,Union,-0.18,34.378,-88.8578,0.12970067710766434
2024-05-11 17:07:00,98699542,-9.696447335238735,-12.716616164359152,-6.676278506118318,34.377756449999964,-88.85918213085202,Union,-1.42,34.378,-88.8578,0.12970067710766434
2024-05-11 17:08:00,98699542,-1.6380006935104237,-2.1494995800778764,-1.1265018069429709,34.377756449999964,-88.85918213085202,Union,0.39,34.378,-88.8578,0.12970067710766434
2024-05-11 17:09:00,98699542,-0.17076910207475202,-0.26113397261697757,-0.08040423153252646,34.377756449999964,-88.85918213085202,Union,2.19,34.378,-88.8578,0.12970067710766434
2024-05-11 17:10:00,98699542,2.559308275891056,1.7620286442557118,3.3565879075264,34.377756449999964,-88.85918213085202,Union,2.43,34.378,-88.8578,0.12970067710766434
2024-05-11 17:11:00,98699542,2.085875110331204,1.434811134075518,2.7369390865868897,34.377756449999964,-88.85918213085202,Union,3.89,34.378,-88.8578,0.12970067710766434
2024-05-11 17:12:00,98699542,2.206412607178884,1.518574332322915,2.8942508820348527,34.377756449999964,-88.85918213085202,Union,3.15,34.378,-88.8578,0.12970067710766434
2024-05-11 17:13:00,98699542,1.1460450203850034,0.7882471748099177,1.503842865960089,34.377756449999964,-88.85918213085202,Union,2.62,34.378,-88.8578,0.12970067710766434
2024-05-11 17:14:00,98699542,1.2916434620880968,0.889123410212739,1.6941635139634545,34.377756449999964,-88.85918213085202,Union,2.37,34.378,-88.8578,0.12970067710766434
2024-05-11 17:15:00,98699542,0.7059666852303296,0.4861199636050244,0.9258134068556347,34.377756449999964,-88.85918213085202,Union,1.68,34.378,-88.8578,0.12970067710766434
2024-05-11 17:16:00,98699542,2.1109721755211837,1.453964823465125,2.7679795275772423,34.377756449999964,-88.85918213085202,Union,2.38,34.378,-88.8578,0.12970067710766434
2024-05-11 17:17:00,98699542,1.9610964294720914,1.3511968230032374,2.5709960359409454,34.377756449999964,-88.85918213085202,Union,2.35,34.378,-88.8578,0.12970067710766434
2024-05-11 17:18:00,98699542,0.8259755117266308,0.5669615024216746,1.084989521031587,34.377756449999964,-88.85918213085202,Union,1.19,34.378,-88.8578,0.12970067710766434
2024-05-11 17:19:00,98699542,-0.8315314759162744,-1.0904363889672408,-0.572626562865308,34.377756449999964,-88.85918213085202,Union,0.56,34.378,-88.8578,0.12970067710766434
2024-05-11 17:20:00,98699542,-0.46403826653917285,-0.6089842287676048,-0.31909230431074087,34.377756449999964,-88.85918213085202,Union,0.23,34.378,-88.8578,0.12970067710766434
2024-05-11 17:21:00,98699542,-0.5325229134267822,-0.6993012130826568,-0.36574461377090756,34.377756449999964,-88.85918213085202,Union,0.55,34.378,-88.8578,0.12970067710766434
2024-05-11 17:22:00,98699542,0.6125345441745125,0.4203512896330178,0.8047177987160071,34.377756449999964,-88.85918213085202,Union,0.87,34.378,-88.8578,0.12970067710766434
2024-05-11 17:23:00,98699542,-0.4593749671633322,-0.6045896021231916,-0.31416033220347284,34.377756449999964,-88.85918213085202,Union,0.31,34.378,-88.8578,0.12970067710766434
2024-05-11 17:24:00,98699542,-1.1140627626933424,-1.4611763623828025,-0.7669491630038823,34.377756449999964,-88.85918213085202,Union,-0.51,34.378,-88.8578,0.12970067710766434
2024-05-11 17:25:00,98699542,-2.581839483860121,-3.385579720726015,-1.7780992469942265,34.377756449999964,-88.85918213085202,Union,-1.26,34.378,-88.8578,0.12970067710766434
2024-05-11 17:26:00,98699542,-0.8863099334860457,-1.1643819575642638,-0.6082379094078276,34.377756449999964,-88.85918213085202,Union,0.73,34.378,-88.8578,0.12970067710766434
2024-05-11 17:27:00,98699542,2.158210349066913,1.4846154582282187,2.8318052399056075,34.377756449999964,-88.85918213085202,Union,1.87,34.378,-88.8578,0.12970067710766434
2024-05-11 17:28:00,98699542,0.6364435787239409,0.43767734301716327,0.8352098144307185,34.377756449999964,-88.85918213085202,Union,0.65,34.378,-88.8578,0.12970067710766434
2024-05-11 17:29:00,98699542,-0.43128040675437124,-0.5687274265094513,-0.2938333869992912,34.377756449999964,-88.85918213085202,Union,1.35,34.378,-88.8578,0.12970067710766434
2024-05-11 17:30:00,98699542,1.3060252658456624,0.8994091454654289,1.7126413862258958,34.377756449999964,-88.85918213085202,Union,1.62,34.378,-88.8578,0.12970067710766434
2024-05-11 17:31:00,98699542,2.5071846629119032,1.7259318892319855,3.288437436591821,34.377756449999964,-88.85918213085202,Union,2.18,34.378,-88.8578,0.12970067710766434
2024-05-11 17:32:00,98699542,3.6329661756052456,2.502463225726789,4.763469125483702,34.377756449999964,-88.85918213085202,Union,2.0,34.378,-88.8578,0.12970067710766434
2024-05-11 17:33:00,98699542,3.9783987264626766,2.740900837658367,5.215896615266987,34.377756449999964,-88.85918213085202,Union,2.58,34.378,-88.8578,0.12970067710766434
2024-05-11 17:34:00,98699542,3.733395153833221,2.5715284533677525,4.89526185429869,34.377756449999964,-88.85918213085202,Union,2.88,34.378,-88.8578,0.12970067710766434
2024-05-11 17:35:00,98699542,2.397443205699395,1.6507173365167536,3.1441690748820363,34.377756449999964,-88.85918213085202,Union,2.5,34.378,-88.8578,0.12970067710766434
2024-05-11 17:36:00,98699542,1.8398109133322125,1.2673444767558413,2.4122773499085834,34.377756449999964,-88.85918213085202,Union,1.95,34.378,-88.8578,0.12970067710766434
2024-05-11 17:37:00,98699542,1.528787906649294,1.0528101394137208,2.004765673884867,34.377756449999964,-88.85918213085202,Union,2.34,34.378,-88.8578,0.12970067710766434
2024-05-11 17:38:00,98699542,0.725328498024546,0.4994159092069857,0.9512410868421064,34.377756449999964,-88.85918213085202,Union,1.5,34.378,-88.8578,0.12970067710766434
2024-05-11 17:39:00,98699542,-0.22235127944792368,-0.2921986231929119,-0.15250393570293547,34.377756449999964,-88.85918213085202,Union,0.97,34.378,-88.8578,0.12970067710766434
2024-05-11 17:40:00,98699542,0.34510681111297914,0.23478112807953738,0.4554324941464209,34.377756449999964,-88.85918213085202,Union,0.72,34.378,-88.8578,0.12970067710766434
2024-05-11 17:41:00,98699542,0.35981402624831876,0.24732170724409924,0.4723063452525383,34.377756449999964,-88.85918213085202,Union,-0.3,34.378,-88.8578,0.12970067710766434
2024-05-11 17:42:00,98699542,0.14696288734133323,0.10113762281874217,0.19278815186392428,34.377756449999964,-88.85918213085202,Union,-0.14,34.378,-88.8578,0.12970067710766434
2024-05-11 17:43:00,98699542,-0.7733632891308003,-1.020037009191864,-0.5266895690697365,34.377756449999964,-88.85918213085202,Union,-0.18,34.378,-88.8578,0.12970067710766434
2024-05-11 17:44:00,98699542,-0.6354371348562542,-0.8344718559420364,-0.43640241377047195,34.377756449999964,-88.85918213085202,Union,-0.75,34.378,-88.8578,0.12970067710766434
2024-05-11 17:45:00,98699542,-1.5100322587424344,-1.9806196049854936,-1.0394449124993752,34.377756449999964,-88.85918213085202,Union,-1.21,34.378,-88.8578,0.12970067710766434
2024-05-11 17:46:00,98699542,-1.142056021982179,-1.4979248040995372,-0.7861872398648206,34.377756449999964,-88.85918213085202,Union,-1.69,34.378,-88.8578,0.12970067710766434
2024-05-11 17:47:00,98699542,-2.0512948154841966,-2.692173241913961,-1.4104163890544323,34.377756449999964,-88.85918213085202,Union,-0.57,34.378,-88.8578,0.12970067710766434
2024-05-11 17:48:00,98699542,0.6266477439895763,0.4306881556299469,0.8226073323492058,34.377756449999964,-88.85918213085202,Union,-0.58,34.378,-88.8578,0.12970067710766434
2024-05-11 17:49:00,98699542,4.494099907531943,3.092841540017747,5.8953582750461395,34.377756449999964,-88.85918213085202,Union,3.09,34.378,-88.8578,0.12970067710766434
2024-05-11 17:50:00,98699542,1.6186172085154673,1.1150397358068758,2.122194681224059,34.377756449999964,-88.85918213085202,Union,1.56,34.378,-88.8578,0.12970067710766434
2024-05-11 17:51:00,98699542,0.5674816508700403,0.3904078219866806,0.7445554797534,34.377756449999964,-88.85918213085202,Union,0.87,34.378,-88.8578,0.12970067710766434
2024-05-11 17:52:00,98699542,0.6150885801950235,0.4231239906625499,0.8070531697274972,34.377756449999964,-88.85918213085202,Union,0.92,34.378,-88.8578,0.12970067710766434
2024-05-11 17:53:00,98699542,0.18967772780766645,0.12281807666229869,0.2565373789530342,34.377756449999964,-88.85918213085202,Union,1.62,34.378,-88.8578,0.12970067710766434
2024-05-11 17:54:00,98699542,-0.8635242413416274,-1.1397568663916597,-0.5872916162915951,34.377756449999964,-88.85918213085202,Union,1.16,34.378,-88.8578,0.12970067710766434
2024-05-11 17:55:00,98699542,-0.4878057750504371,-0.6403849882255127,-0.3352265618753615,34.377756449999964,-88.85918213085202,Union,1.41,34.378,-88.8578,0.12970067710766434
2024-05-11 17:56:00,98699542,-1.8840931300437123,-2.4712225071448133,-1.2969637529426115,34.377756449999964,-88.85918213085202,Union,0.05,34.378,-88.8578,0.12970067710766434
2024-05-11 17:57:00,98699542,-3.2852206098688637,-4.307290400434955,-2.2631508193027727,34.377756449999964,-88.85918213085202,Union,-0.04,34.378,-88.8578,0.12970067710766434
2024-05-11 17:58:00,98699542,-2.3339856884667114,-3.062093040159852,-1.605878336773571,34.377756449999964,-88.85918213085202,Union,0.42,34.378,-88.8578,0.12970067710766434
2024-05-11 17:59:00,98699542,1.412773332422663,0.9711835007746223,1.8543631640707037,34.377756449999964,-88.85918213085202,Union,1.75,34.378,-88.8578,0.12970067710766434
2024-05-11 18:00:00,98699542,0.48461634950823806,0.33365163972343037,0.6355810592930458,34.377756449999964,-88.85918213085202,Union,1.75,34.378,-88.8578,0.12970067710766434
2024-05-11 18:01:00,98699542,-0.9766278449688971,-1.2803664932074257,-0.6728891967303685,34.377756449999964,-88.85918213085202,Union,1.05,34.378,-88.8578,0.12970067710766434
2024-05-11 18:02:00,98699542,-2.0266673146435776,-2.6573974921850554,-1.3959371371020999,34.377756449999964,-88.85918213085202,Union,-0.07,34.378,-88.8578,0.12970067710766434
2024-05-11 18:03:00,98699542,-1.29064785432078,-1.6948018664961007,-0.8864938421454592,34.377756449999964,-88.85918213085202,Union,0.07,34.378,-88.8578,0.12970067710766434
2024-05-11 18:04:00,98699542,0.749015556699731,0.5144342094077454,0.9835969039917165,34.377756449999964,-88.85918213085202,Union,0.44,34.378,-88.8578,0.12970067710766434
2024-05-11 18:05:00,98699542,1.6240063624327505,1.1179648045097486,2.1300479203557527,34.377756449999964,-88.85918213085202,Union,0.02,34.378,-88.8578,0.12970067710766434
2024-05-11 18:06:00,98699542,-0.7045212151143242,-0.9257094955158073,-0.4833329347128411,34.377756449999964,-88.85918213085202,Union,-0.72,34.378,-88.8578,0.12970067710766434
2024-05-11 18:07:00,98699542,-3.362687563046402,-4.409845736629071,-2.3155293894637325,34.377756449999964,-88.85918213085202,Union,-1.52,34.378,-88.8578,0.12970067710766434
2024-05-11 18:08:00,98699542,-3.971147076748487,-5.206506419241331,-2.735787734255643,34.377756449999964,-88.85918213085202,Union,-1.86,34.378,-88.8578,0.12970067710766434
2024-05-11 18:09:00,98699542,-2.7387974424176194,-3.5916119255203887,-1.88598295931485,34.377756449999964,-88.85918213085202,Union,-1.55,34.378,-88.8578,0.12970067710766434
2024-05-11 18:10:00,98699542,-2.990644176613988,-3.9223649267236773,-2.0589234265042986,34.377756449999964,-88.85918213085202,Union,-1.16,34.378,-88.8578,0.12970067710766434
2024-05-11 18:11:00,98699542,-1.6504871648032953,-2.1642458772542623,-1.136728452352328,34.377756449999964,-88.85918213085202,Union,-0.68,34.378,-88.8578,0.12970067710766434
2024-05-11 18:12:00,98699542,-1.743841154589778,-2.28668265388431,-1.200999655295246,34.377756449999964,-88.85918213085202,Union,-0.94,34.378,-88.8578,0.12970067710766434
2024-05-11 18:13:00,98699542,-0.9150682871343309,-1.1998131553079323,-0.6303234189607294,34.377756449999964,-88.85918213085202,Union,-0.71,34.378,-88.8578,0.12970067710766434
2024-05-11 18:14:00,98699542,-1.9099395279926026,-2.504498398221139,-1.315380657764066,34.377756449999964,-88.85918213085202,Union,-1.1,34.378,-88.8578,0.12970067710766434
2024-05-11 18:15:00,98699542,1.440739008910558,0.9917165742425227,1.8897614435785934,34.377756449999964,-88.85918213085202,Union,0.24,34.378,-88.8578,0.12970067710766434
2024-05-11 18:16:00,98699542,-0.9741306163836584,-1.2779460509387799,-0.6703151818285369,34.377756449999964,-88.85918213085202,Union,-0.21,34.378,-88.8578,0.12970067710766434
2024-05-11 18:17:00,98699542,3.9958218623907196,2.7527705867217658,5.238873138059674,34.377756449999964,-88.85918213085202,Union,0.82,34.378,-88.8578,0.12970067710766434
2024-05-11 18:18:00,98699542,-2.4998647129287157,-3.2785317985000173,-1.721197627357414,34.377756449999964,-88.85918213085202,Union,-1.61,34.378,-88.8578,0.12970067710766434
2024-05-11 18:19:00,98699542,-8.18019449815064,-10.725017043796957,-5.635371952504322,34.377756449999964,-88.85918213085202,Union,0.07,34.378,-88.8578,0.12970067710766434
2024-05-11 18:20:00,98699542,5.1456660852387355,3.5427312417373518,6.748600928740119,34.377756449999964,-88.85918213085202,Union,2.08,34.378,-88.8578,0.12970067710766434
2024-05-11 18:21:00,98699542,4.39127385255548,3.0240680996667786,5.758479605444182,34.377756449999964,-88.85918213085202,Union,0.6,34.378,-88.8578,0.12970067710766434
2024-05-11 18:22:00,98699542,-2.583897686197041,-3.3883673894929194,-1.7794279829011626,34.377756449999964,-88.85918213085202,Union,0.13,34.378,-88.8578,0.12970067710766434
2024-05-11 18:23:00,98699542,-3.2840595052958976,-4.305870298052026,-2.2622487125397686,34.377756449999964,-88.85918213085202,Union,1.13,34.378,-88.8578,0.12970067710766434
2024-05-11 18:24:00,98699542,3.1374897549596503,2.160778160133666,4.114201349785635,34.377756449999964,-88.85918213085202,Union,1.74,34.378,-88.8578,0.12970067710766434
2024-05-11 18:25:00,98699542,-0.47127546811953597,-0.6178532641381328,-0.32469767210093914,34.377756449999964,-88.85918213085202,Union,0.87,34.378,-88.8578,0.12970067710766434
2024-05-11 18:26:00,98699542,-1.1196115028160727,-1.4680834853454139,-0.7711395202867315,34.377756449999964,-88.85918213085202,Union,-0.06,34.378,-88.8578,0.12970067710766434
2024-05-11 18:27:00,98699542,-1.8343698774798252,-2.405413366657254,-1.2633263883023962,34.377756449999964,-88.85918213085202,Union,-1.35,34.378,-88.8578,0.12970067710766434
2024-05-11 18:28:00,98699542,-2.9861691955279084,-3.916442455967737,-2.05589593508808,34.377756449999964,-88.85918213085202,Union,0.46,34.378,-88.8578,0.12970067710766434
2024-05-11 18:29:00,98699542,2.4495090261432413,1.6864458250525867,3.212572227233896,34.377756449999964,-88.85918213085202,Union,0.72,34.378,-88.8578,0.12970067710766434
2024-05-11 18:30:00,98699542,-0.8682832596040686,-1.1388345509799047,-0.5977319682282325,34.377756449999964,-88.85918213085202,Union,-0.07,34.378,-88.8578,0.12970067710766434
2024-05-11 18:31:00,98699542,-1.7615223867266308,-2.3103917859321332,-1.2126529875211283,34.377756449999964,-88.85918213085202,Union,0.0,34.378,-88.8578,0.12970067710766434
2024-05-11 18:32:00,98699542,0.8671050799638534,0.5970285817599834,1.1371815781677235,34.377756449999964,-88.85918213085202,Union,-0.74,34.378,-88.8578,0.12970067710766434
2024-05-11 18:33:00,98699542,-0.4408982667493275,-0.5796430352070323,-0.30215349829162275,34.377756449999964,-88.85918213085202,Union,-0.19,34.378,-88.8578,0.12970067710766434
2024-05-11 18:34:00,98699542,1.8699582580279086,1.287589832088248,2.452326683967569,34.377756449999964,-88.85918213085202,Union,-0.78,34.378,-88.8578,0.12970067710766434
2024-05-11 18:35:00,98699542,2.787351052874916,1.9192462311069658,3.6554558746428665,34.377756449999964,-88.85918213085202,Union,1.3,34.378,-88.8578,0.12970067710766434
2024-05-11 18:36:00,98699542,1.3126228091375252,0.9029909410341679,1.7222546772408824,34.377756449999964,-88.85918213085202,Union,-0.45,34.378,-88.8578,0.12970067710766434
2024-05-11 18:37:00,98699542,-6.667485394250168,-8.742249687886122,-4.592721100614214,34.377756449999964,-88.85918213085202,Union,-0.11,34.378,-88.8578,0.12970067710766434
2024-05-11 18:38:00,98699542,3.051064958809684,2.1005660926412633,4.0015638249781045,34.377756449999964,-88.85918213085202,Union,0.04,34.378,-88.8578,0.12970067710766434
2024-05-11 18:39:00,98699542,-0.3735576493674344,-0.48998512326535615,-0.25713017546951267,34.377756449999964,-88.85918213085202,Union,0.04,34.378,-88.8578,0.12970067710766434
2024-05-11 18:40:00,98699542,-1.8011700361466039,-2.3621315508409593,-1.2402085214522485,34.377756449999964,-88.85918213085202,Union,-0.36,34.378,-88.8578,0.12970067710766434
2024-05-11 18:41:00,98699542,-6.774719443510424,-8.88291327557896,-4.666525611441887,34.377756449999964,-88.85918213085202,Union,-2.17,34.378,-88.8578,0.12970067710766434
2024-05-11 18:42:00,98699542,-0.8181318168922327,-1.0798153815506941,-0.5564482522337714,34.377756449999964,-88.85918213085202,Union,-1.11,34.378,-88.8578,0.12970067710766434
2024-05-11 18:43:00,98699542,-0.543958282983776,-0.7182133377036325,-0.36970322826391955,34.377756449999964,-88.85918213085202,Union,0.1,34.378,-88.8578,0.12970067710766434
2024-05-11 18:44:00,98699542,-1.5378665885591796,-2.018481394091784,-1.0572517830265753,34.377756449999964,-88.85918213085202,Union,-0.87,34.378,-88.8578,0.12970067710766434
2024-05-11 18:45:00,98699542,-1.5657751292451245,-2.053135577157342,-1.078414681332907,34.377756449999964,-88.85918213085202,Union,-0.75,34.378,-88.8578,0.12970067710766434
2024-05-11 18:46:00,98699542,-0.7431302407321789,-0.9749920543306883,-0.5112684271336696,34.377756449999964,-88.85918213085202,Union,0.01,34.378,-88.8578,0.12970067710766434
2024-05-11 18:47:00,98699542,2.2445530535474107,1.5438843623729999,2.9452217447218216,34.377756449999964,-88.85918213085202,Union,0.27,34.378,-88.8578,0.12970067710766434
2024-05-11 18:48:00,98699542,-2.461470767484869,-3.2298163046754254,-1.6931252302943123,34.377756449999964,-88.85918213085202,Union,-1.51,34.378,-88.8578,0.12970067710766434
2024-05-11 18:49:00,98699542,-0.3979575921002858,-0.5218244849281475,-0.27409069927242413,34.377756449999964,-88.85918213085202,Union,-0.69,34.378,-88.8578,0.12970067710766434
2024-05-11 18:50:00,98699542,-1.278409628236382,-1.676305858772415,-0.880513397700349,34.377756449999964,-88.85918213085202,Union,0.55,34.378,-88.8578,0.12970067710766434
2024-05-11 18:51:00,98699542,6.167291001176866,4.247413890942541,8.087168111411192,34.377756449999964,-88.85918213085202,Union,1.82,34.378,-88.8578,0.12970067710766434
2024-05-11 18:52:00,98699542,4.40244882733692,3.031024435322424,5.773873219351415,34.377756449999964,-88.85918213085202,Union,0.99,34.378,-88.8578,0.12970067710766434
2024-05-11 18:53:00,98699542,-0.7717434563088433,-1.0142080522856554,-0.5292788603320314,34.377756449999964,-88.85918213085202,Union,0.13,34.378,-88.8578,0.12970067710766434
2024-05-11 18:54:00,98699542,0.7855174533456624,0.540902100912469,1.0301328057788557,34.377756449999964,-88.85918213085202,Union,-0.27,34.378,-88.8578,0.12970067710766434
2024-05-11 18:55:00,98699542,-2.861488367938803,-3.7527334021468337,-1.9702433337307723,34.377756449999964,-88.85918213085202,Union,-0.44,34.378,-88.8578,0.12970067710766434
2024-05-11 18:56:00,98699542,-1.3550937552538669,-1.7767053860255375,-0.9334821244821963,34.377756449999964,-88.85918213085202,Union,-0.27,34.378,-88.8578,0.12970067710766434
2024-05-11 18:57:00,98699542,-3.6286159738567587,-4.7576362767934945,-2.499595670920023,34.377756449999964,-88.85918213085202,Union,-1.21,34.378,-88.8578,0.12970067710766434
2024-05-11 18:58:00,98699542,-3.015899514542703,-3.9550961310324335,-2.076702898052973,34.377756449999964,-88.85918213085202,Union,-0.89,34.378,-88.8578,0.12970067710766434
2024-05-11 18:59:00,98699542,-1.1767952463012776,-1.5449126100600838,-0.8086778825424713,34.377756449999964,-88.85918213085202,Union,-1.43,34.378,-88.8578,0.12970067710766434
2024-05-11 19:00:00,98699542,-4.0204217804303966,-5.271502521530704,-2.7693410393300892,34.377756449999964,-88.85918213085202,Union,-1.57,34.378,-88.8578,0.12970067710766434
2024-05-11 19:01:00,98699542,-4.953503278412912,-6.495905149162484,-3.41110140766334,34.377756449999964,-88.85918213085202,Union,-1.75,34.378,-88.8578,0.12970067710766434
2024-05-11 19:02:00,98699542,-3.4066322188130465,-4.467019798261587,-2.346244639364506,34.377756449999964,-88.85918213085202,Union,-1.7,34.378,-88.8578,0.12970067710766434
2024-05-11 19:03:00,98699542,-0.8081182750504371,-1.0594950172231794,-0.5567415328776948,34.377756449999964,-88.85918213085202,Union,-0.24,34.378,-88.8578,0.12970067710766434
2024-05-11 19:04:00,98699542,-2.2705780829690654,-2.9773954147098163,-1.5637607512283145,34.377756449999964,-88.85918213085202,Union,-1.43,34.378,-88.8578,0.12970067710766434
2024-05-11 19:05:00,98699542,-2.4866210280766645,-3.261129930117756,-1.712112126035573,34.377756449999964,-88.85918213085202,Union,-1.1,34.378,-88.8578,0.12970067710766434
2024-05-11 19:06:00,98699542,-1.8749717604657028,-2.4582578668975135,-1.291685654033892,34.377756449999964,-88.85918213085202,Union,-0.86,34.378,-88.8578,0.12970067710766434
2024-05-11 19:07:00,98699542,-2.0197867192753867,-2.648006079864585,-1.3915673586861887,34.377756449999964,-88.85918213085202,Union,-0.86,34.378,-88.8578,0.12970067710766434
2024-05-11 19:08:00,98699542,-2.187665496805649,-2.8707388733200707,-1.5045921202912274,34.377756449999964,-88.85918213085202,Union,-1.4,34.378,-88.8578,0.12970067710766434
2024-05-11 19:09:00,98699542,0.6519168733187626,0.44714737708836616,0.856686369549159,34.377756449999964,-88.85918213085202,Union,-0.33,34.378,-88.8578,0.12970067710766434
2024-05-11 19:10:00,98699542,6.47999590198386,4.463309175446323,8.496682628521397,34.377756449999964,-88.85918213085202,Union,0.94,34.378,-88.8578,0.12970067710766434
2024-05-11 19:11:00,98699542,1.2970818710070613,0.892908321194058,1.7012554208200645,34.377756449999964,-88.85918213085202,Union,-0.35,34.378,-88.8578,0.12970067710766434
2024-05-11 19:12:00,98699542,-2.6056880989408207,-3.416768499403991,-1.7946076984776504,34.377756449999964,-88.85918213085202,Union,-0.64,34.378,-88.8578,0.12970067710766434
2024-05-11 19:13:00,98699542,-4.621545582548756,-6.060431779486518,-3.182659385610994,34.377756449999964,-88.85918213085202,Union,-2.44,34.378,-88.8578,0.12970067710766434
2024-05-11 19:14:00,98699542,0.1538719338864068,0.057595336130014316,0.25014853164279927,34.377756449999964,-88.85918213085202,Union,0.5,34.378,-88.8578,0.12970067710766434
2024-05-11 19:15:00,98699542,-0.649456093434768,-0.8594929569368102,-0.43941922993272575,34.377756449999964,-88.85918213085202,Union,-0.63,34.378,-88.8578,0.12970067710766434
2024-05-11 19:16:00,98699542,-2.561660694771352,-3.35967258679046,-1.7636488027522437,34.377756449999964,-88.85918213085202,Union,-1.52,34.378,-88.8578,0.12970067710766434
2024-05-11 19:17:00,98699542,-1.379216228143914,-1.8105388984270636,-0.9478935578607645,34.377756449999964,-88.85918213085202,Union,-1.44,34.378,-88.8578,0.12970067710766434
2024-05-11 19:18:00,98699542,-2.6094446137357097,-3.4225523075660487,-1.7963369199053707,34.377756449999964,-88.85918213085202,Union,-2.14,34.378,-88.8578,0.12970067710766434
2024-05-11 19:19:00,98699542,-1.4422245397612643,-1.894670228531265,-0.9897788509912635,34.377756449999964,-88.85918213085202,Union,-1.74,34.378,-88.8578,0.12970067710766434
2024-05-11 19:20:00,98699542,-1.0796617560524546,-1.4175394689216292,-0.7417840431832801,34.377756449999964,-88.85918213085202,Union,-2.13,34.378,-88.8578,0.12970067710766434
2024-05-11 19:21:00,98699542,-4.839549533456624,-6.346377490776174,-3.332721576137074,34.377756449999964,-88.85918213085202,Union,-4.33,34.378,-88.8578,0.12970067710766434
2024-05-11 19:22:00,98699542,-2.4404553001008744,-3.204036522002928,-1.676874078198821,34.377756449999964,-88.85918213085202,Union,-2.27,34.378,-88.8578,0.12970067710766434
2024-05-11 19:23:00,98699542,3.1204619725117686,2.1481170090169512,4.092806936006586,34.377756449999964,-88.85918213085202,Union,-0.65,34.378,-88.8578,0.12970067710766434
2024-05-11 19:24:00,98699542,0.7196750089315737,0.49541492872184034,0.943935089141307,34.377756449999964,-88.85918213085202,Union,-1.87,34.378,-88.8578,0.12970067710766434
2024-05-11 19:25:00,98699542,2.8723454837760594,1.9776170506185529,3.767073916933566,34.377756449999964,-88.85918213085202,Union,-0.77,34.378,-88.8578,0.12970067710766434
2024-05-11 19:26:00,98699542,9.24728375084062,6.36765458789754,12.126912913783698,34.377756449999964,-88.85918213085202,Union,2.11,34.378,-88.8578,0.12970067710766434
2024-05-11 19:27:00,98699542,7.68928631472764,5.296545208742069,10.08202742071321,34.377756449999964,-88.85918213085202,Union,1.82,34.378,-88.8578,0.12970067710766434
2024-05-11 19:28:00,98699542,6.467841081035642,4.455437570413549,8.480244591657735,34.377756449999964,-88.85918213085202,Union,1.85,34.378,-88.8578,0.12970067710766434
2024-05-11 19:29:00,98699542,5.749059557834566,3.9587869806159834,7.539332135053149,34.377756449999964,-88.85918213085202,Union,2.92,34.378,-88.8578,0.12970067710766434
2024-05-11 19:30:00,98699542,1.7472364660390047,1.2032610408389344,2.291211891239075,34.377756449999964,-88.85918213085202,Union,2.74,34.378,-88.8578,0.12970067710766434
2024-05-11 19:31:00,98699542,4.769087298251513,3.2837496071508796,6.254424989352147,34.377756449999964,-88.85918213085202,Union,2.81,34.378,-88.8578,0.12970067710766434
2024-05-11 19:32:00,98699542,3.5444766097848017,2.4410493278321646,4.647903891737439,34.377756449999964,-88.85918213085202,Union,2.02,34.378,-88.8578,0.12970067710766434
2024-05-11 19:33:00,98699542,4.780522339441829,3.2917979738107794,6.269246705072878,34.377756449999964,-88.85918213085202,Union,2.18,34.378,-88.8578,0.12970067710766434
2024-05-11 19:34:00,98699542,3.5598362895090787,2.451757003312953,4.667915575705204,34.377756449999964,-88.85918213085202,Union,1.73,34.378,-88.8578,0.12970067710766434
2024-05-11 19:35:00,98699542,3.8104378572629454,2.6251908341404304,4.99568488038546,34.377756449999964,-88.85918213085202,Union,1.79,34.378,-88.8578,0.12970067710766434
2024-05-11 19:36:00,98699542,6.042333032111634,4.160277256091225,7.9243888081320435,34.377756449999964,-88.85918213085202,Union,2.17,34.378,-88.8578,0.12970067710766434
2024-05-11 19:37:00,98699542,3.2099471460995295,2.2110573047317965,4.208836987467262,34.377756449999964,-88.85918213085202,Union,1.73,34.378,-88.8578,0.12970067710766434
2024-05-11 19:38:00,98699542,0.016805942257378994,0.00322175548586931,0.030390129028888678,34.377756449999964,-88.85918213085202,Union,2.62,34.378,-88.8578,0.12970067710766434
2024-05-11 19:39:00,98699542,-0.13709879338380548,-0.18254164340919726,-0.0916559433584137,34.377756449999964,-88.85918213085202,Union,0.96,34.378,-88.8578,0.12970067710766434
2024-05-11 19:40:00,98699542,0.11035873525961983,0.059785417843276435,0.16093205267596322,34.377756449999964,-88.85918213085202,Union,0.79,34.378,-88.8578,0.12970067710766434
2024-05-11 19:41:00,98699542,4.163831329858776,2.8677794416895734,5.459883218027978,34.377756449999964,-88.85918213085202,Union,2.26,34.378,-88.8578,0.12970067710766434
2024-05-11 19:42:00,98699542,-3.8210624894922662,-5.00973723965176,-2.6323877393327724,34.377756449999964,-88.85918213085202,Union,-1.22,34.378,-88.8578,0.12970067710766434
2024-05-11 19:43:00,98699542,-3.7595567837928714,-4.929048158293393,-2.5900654092923494,34.377756449999964,-88.85918213085202,Union,-1.23,34.378,-88.8578,0.12970067710766434
2024-05-11 19:44:00,98699542,0.27504222795477473,0.18811705350507618,0.3619674024044733,34.377756449999964,-88.85918213085202,Union,0.34,34.378,-88.8578,0.12970067710766434
2024-05-11 19:45:00,98699542,0.945601134309852,0.6485422795420981,1.242659989077606,34.377756449999964,-88.85918213085202,Union,0.24,34.378,-88.8578,0.12970067710766434
2024-05-11 19:46:00,98699542,-0.7935529143199395,-1.0406300700689464,-0.5464757585709326,34.377756449999964,-88.85918213085202,Union,-0.22,34.378,-88.8578,0.12970067710766434
2024-05-11 19:47:00,98699542,3.3351323449058508,2.2970102025200925,4.373254487291609,34.377756449999964,-88.85918213085202,Union,1.38,34.378,-88.8578,0.12970067710766434
2024-05-11 19:48:00,98699542,2.339104268241426,1.6103803417772005,3.067828194705651,34.377756449999964,-88.85918213085202,Union,0.7,34.378,-88.8578,0.12970067710766434
2024-05-11 19:49:00,98699542,1.9183962834145931,1.3215431806387925,2.5152493861903937,34.377756449999964,-88.85918213085202,Union,1.7,34.378,-88.8578,0.12970067710766434
2024-05-11 19:50:00,98699542,1.354549980035306,0.9323636944438527,1.7767362656267593,34.377756449999964,-88.85918213085202,Union,1.35,34.378,-88.8578,0.12970067710766434
2024-05-11 19:51:00,98699542,0.8367554613945865,0.5750595668183028,1.09845135597087,34.377756449999964,-88.85918213085202,Union,0.64,34.378,-88.8578,0.12970067710766434
2024-05-11 19:52:00,98699542,-0.45520750147108274,-0.5968885575839593,-0.3135264453582062,34.377756449999964,-88.85918213085202,Union,0.63,34.378,-88.8578,0.12970067710766434
2024-05-11 19:53:00,98699542,-2.0728415801529927,-2.718081232792665,-1.4276019275133203,34.377756449999964,-88.85918213085202,Union,-0.11,34.378,-88.8578,0.12970067710766434
2024-05-11 19:54:00,98699542,-1.9281750430817082,-2.5278965233559725,-1.3284535628074439,34.377756449999964,-88.85918213085202,Union,-0.23,34.378,-88.8578,0.12970067710766434
2024-05-11 19:55:00,98699542,0.0483824288035369,0.032820776743377314,0.06394408086369649,34.377756449999964,-88.85918213085202,Union,0.4,34.378,-88.8578,0.12970067710766434
2024-05-11 19:56:00,98699542,0.3629024790370713,0.24675373757453534,0.47905122049960724,34.377756449999964,-88.85918213085202,Union,0.13,34.378,-88.8578,0.12970067710766434
2024-05-11 19:57:00,98699542,-0.4923689225895259,-0.6479108098652777,-0.33682703531377406,34.377756449999964,-88.85918213085202,Union,0.66,34.378,-88.8578,0.12970067710766434
2024-05-11 19:58:00,98699542,1.3106874159381305,0.9025077762652305,1.7188670556110306,34.377756449999964,-88.85918213085202,Union,0.48,34.378,-88.8578,0.12970067710766434
2024-05-11 19:59:00,98699542,1.2227987611381976,0.8417879926022788,1.6038095296741166,34.377756449999964,-88.85918213085202,Union,1.05,34.378,-88.8578,0.12970067710766434
2024-05-11 20:00:00,98699542,2.851504707464694,1.9634887169705153,3.739520697958873,34.377756449999964,-88.85918213085202,Union,1.67,34.378,-88.8578,0.12970067710766434
2024-05-11 20:01:00,98699542,-1.549507844023201,-2.037771807461821,-1.0612438805845807,34.377756449999964,-88.85918213085202,Union,0.17,34.378,-88.8578,0.12970067710766434
2024-05-11 20:02:00,98699542,-14.7694970998655,-19.365437738830845,-10.173556460900155,34.377756449999964,-88.85918213085202,Union,-5.8,34.378,-88.8578,0.12970067710766434
2024-05-11 20:03:00,98699542,-5.799748865164761,-7.608805161645927,-3.990692568683596,34.377756449999964,-88.85918213085202,Union,-2.1,34.378,-88.8578,0.12970067710766434
2024-05-11 20:04:00,98699542,2.790829112726967,1.921004233186009,3.6606539922679247,34.377756449999964,-88.85918213085202,Union,0.42,34.378,-88.8578,0.12970067710766434
2024-05-11 20:05:00,98699542,7.7906176445864155,5.3679420510413385,10.213293238131492,34.377756449999964,-88.85918213085202,Union,2.23,34.378,-88.8578,0.12970067710766434
2024-05-11 20:06:00,98699542,9.50909969737727,6.54800558683992,12.470193807914619,34.377756449999964,-88.85918213085202,Union,3.94,34.378,-88.8578,0.12970067710766434
2024-05-11 20:07:00,98699542,6.902477723604573,4.753314832418732,9.051640614790415,34.377756449999964,-88.85918213085202,Union,3.26,34.378,-88.8578,0.12970067710766434
2024-05-11 20:08:00,98699542,0.9411757365921318,0.641916255315345,1.2404352178689186,34.377756449999964,-88.85918213085202,Union,1.92,34.378,-88.8578,0.12970067710766434
2024-05-11 20:09:00,98699542,-1.5393343876092804,-2.019436382208189,-1.0592323930103718,34.377756449999964,-88.85918213085202,Union,0.8,34.378,-88.8578,0.12970067710766434
2024-05-11 20:10:00,98699542,-2.225094044216543,-2.9177681960328927,-1.532419892400194,34.377756449999964,-88.85918213085202,Union,0.23,34.378,-88.8578,0.12970067710766434
2024-05-11 20:11:00,98699542,0.18135995358208643,0.11981023319766537,0.24290967396650748,34.377756449999964,-88.85918213085202,Union,1.3,34.378,-88.8578,0.12970067710766434
2024-05-11 20:12:00,98699542,0.07724553142206414,0.05176675466158853,0.10272430818253975,34.377756449999964,-88.85918213085202,Union,-0.2,34.378,-88.8578,0.12970067710766434
2024-05-11 20:13:00,98699542,-2.143793081708137,-2.8112250502560587,-1.4763611131602157,34.377756449999964,-88.85918213085202,Union,-0.0,34.378,-88.8578,0.12970067710766434
2024-05-11 20:14:00,98699542,-8.863152530262273,-11.622960854761239,-6.103344205763307,34.377756449999964,-88.85918213085202,Union,-2.71,34.378,-88.8578,0.12970067710766434
2024-05-11 20:15:00,98699542,-9.908756094485542,-12.993700686360546,-6.823811502610537,34.377756449999964,-88.85918213085202,Union,-3.63,34.378,-88.8578,0.12970067710766434
2024-05-11 20:16:00,98699542,-6.274433107767317,-8.226549476891186,-4.322316738643448,34.377756449999964,-88.85918213085202,Union,-3.12,34.378,-88.8578,0.12970067710766434
2024-05-11 20:17:00,98699542,-3.365822808086752,-4.413199324555413,-2.3184462916180903,34.377756449999964,-88.85918213085202,Union,-2.66,34.378,-88.8578,0.12970067710766434
2024-05-11 20:18:00,98699542,-3.6814895763281776,-4.826928251895179,-2.536050900761176,34.377756449999964,-88.85918213085202,Union,-2.46,34.378,-88.8578,0.12970067710766434
2024-05-11 20:19:00,98699542,-4.675560587592468,-6.131625686175589,-3.219495489009347,34.377756449999964,-88.85918213085202,Union,-2.76,34.378,-88.8578,0.12970067710766434
2024-05-11 20:20:00,98699542,-5.55374180396772,-7.2826549841039725,-3.824828623831468,34.377756449999964,-88.85918213085202,Union,-2.73,34.378,-88.8578,0.12970067710766434
2024-05-11 20:21:00,98699542,-3.6455124096334903,-4.780505035908687,-2.5105197833582933,34.377756449999964,-88.85918213085202,Union,-2.15,34.378,-88.8578,0.12970067710766434
2024-05-11 20:22:00,98699542,-3.5036987222595832,-4.594246584090676,-2.4131508604284906,34.377756449999964,-88.85918213085202,Union,-1.72,34.378,-88.8578,0.12970067710766434
2024-05-11 20:23:00,98699542,0.6067661267442838,0.4176054092812669,0.7959268442073006,34.377756449999964,-88.85918213085202,Union,-0.35,34.378,-88.8578,0.12970067710766434
2024-05-11 20:24:00,98699542,-1.3286976714862138,-1.7425956352852092,-0.9147997076872183,34.377756449999964,-88.85918213085202,Union,-0.45,34.378,-88.8578,0.12970067710766434
2024-05-11 20:25:00,98699542,-2.872973320864156,-3.767612898873227,-1.9783337428550851,34.377756449999964,-88.85918213085202,Union,-0.86,34.378,-88.8578,0.12970067710766434
2024-05-11 20:26:00,98699542,-5.336680922158709,-6.99834597057871,-3.6750158737387073,34.377756449999964,-88.85918213085202,Union,-2.02,34.378,-88.8578,0.12970067710766434
2024-05-11 20:27:00,98699542,-2.6129384351882985,-3.4272937242810846,-1.7985831460955124,34.377756449999964,-88.85918213085202,Union,-1.8,34.378,-88.8578,0.12970067710766434
2024-05-11 20:28:00,98699542,-1.404811753950908,-1.8430653357761835,-0.9665581721256323,34.377756449999964,-88.85918213085202,Union,-1.04,34.378,-88.8578,0.12970067710766434
2024-05-11 20:29:00,98699542,-6.390953366677875,-8.379964571398725,-4.401942161957026,34.377756449999964,-88.85918213085202,Union,-2.67,34.378,-88.8578,0.12970067710766434
2024-05-11 20:30:00,98699542,-2.640871931741762,-3.4645965283914872,-1.817147335092037,34.377756449999964,-88.85918213085202,Union,-2.41,34.378,-88.8578,0.12970067710766434
2024-05-11 20:31:00,98699542,-0.89106074258154,-1.170463964927778,-0.6116575202353021,34.377756449999964,-88.85918213085202,Union,-1.34,34.378,-88.8578,0.12970067710766434
2024-05-11 20:32:00,98699542,-4.322400912071284,-5.668161500929963,-2.9766403232126057,34.377756449999964,-88.85918213085202,Union,-2.33,34.378,-88.8578,0.12970067710766434
2024-05-11 20:33:00,98699542,0.7004750809095495,0.47569114001838053,0.9252590218007184,34.377756449999964,-88.85918213085202,Union,-0.8,34.378,-88.8578,0.12970067710766434
2024-05-11 20:34:00,98699542,4.004425069351043,2.758852268961394,5.249997869740691,34.377756449999964,-88.85918213085202,Union,0.51,34.378,-88.8578,0.12970067710766434
2024-05-11 20:35:00,98699542,-0.045286362012441156,-0.059656958685156775,-0.030915765339725537,34.377756449999964,-88.85918213085202,Union,-0.49,34.378,-88.8578,0.12970067710766434
2024-05-11 20:36:00,98699542,1.0640663090534634,0.7324069215908727,1.3957256965160543,34.377756449999964,-88.85918213085202,Union,0.01,34.378,-88.8578,0.12970067710766434
2024-05-11 20:37:00,98699542,1.9245951895595157,1.3259665921320742,2.523223786986957,34.377756449999964,-88.85918213085202,Union,0.24,34.378,-88.8578,0.12970067710766434
2024-05-11 20:38:00,98699542,1.2280591953177538,0.8448394853539951,1.6112789052815124,34.377756449999964,-88.85918213085202,Union,0.16,34.378,-88.8578,0.12970067710766434
2024-05-11 20:39:00,98699542,2.2602371595494284,1.556477338793395,2.9639969803054615,34.377756449999964,-88.85918213085202,Union,0.81,34.378,-88.8578,0.12970067710766434
2024-05-11 20:40:00,98699542,3.2861216480329523,2.2634247665546843,4.30881852951122,34.377756449999964,-88.85918213085202,Union,1.25,34.378,-88.8578,0.12970067710766434
2024-05-11 20:41:00,98699542,2.895561007901816,1.9931722733742547,3.797949742429377,34.377756449999964,-88.85918213085202,Union,1.11,34.378,-88.8578,0.12970067710766434
2024-05-11 20:42:00,98699542,3.217235572881641,2.2164236773366106,4.218047468426671,34.377756449999964,-88.85918213085202,Union,0.99,34.378,-88.8578,0.12970067710766434
2024-05-11 20:43:00,98699542,2.656137041862811,1.82823841641158,3.4840356673140427,34.377756449999964,-88.85918213085202,Union,1.0,34.378,-88.8578,0.12970067710766434
2024-05-11 20:44:00,98699542,3.088525029421654,2.127442214851632,4.0496078439916765,34.377756449999964,-88.85918213085202,Union,0.78,34.378,-88.8578,0.12970067710766434
2024-05-11 20:45:00,98699542,-0.001382682334679281,-0.006980155937256068,0.004214791267897505,34.377756449999964,-88.85918213085202,Union,0.0,34.378,-88.8578,0.12970067710766434
2024-05-11 20:46:00,98699542,2.892452032195696,1.9909713537174527,3.793932710673939,34.377756449999964,-88.85918213085202,Union,-0.09,34.378,-88.8578,0.12970067710766434
2024-05-11 20:47:00,98699542,0.7385511674092132,0.5084720092468716,0.9686303255715548,34.377756449999964,-88.85918213085202,Union,-0.31,34.378,-88.8578,0.12970067710766434
2024-05-11 20:48:00,98699542,-0.2896909938214526,-0.38480506706202566,-0.19457692058087953,34.377756449999964,-88.85918213085202,Union,-0.75,34.378,-88.8578,0.12970067710766434
2024-05-11 20:49:00,98699542,0.47563749106842634,0.3269756109411893,0.6242993711956634,34.377756449999964,-88.85918213085202,Union,-0.95,34.378,-88.8578,0.12970067710766434
2024-05-11 20:50:00,98699542,1.1895437542030936,0.8189172177845249,1.5601702906216621,34.377756449999964,-88.85918213085202,Union,-0.38,34.378,-88.8578,0.12970067710766434
2024-05-11 20:51:00,98699542,2.0348613767232684,1.4017361210536696,2.667986632392867,34.377756449999964,-88.85918213085202,Union,0.1,34.378,-88.8578,0.12970067710766434
2024-05-11 20:52:00,98699542,1.2921215639710828,0.8898625832634395,1.6943805446787261,34.377756449999964,-88.85918213085202,Union,-0.35,34.378,-88.8578,0.12970067710766434
2024-05-11 20:53:00,98699542,0.9100669342636181,0.6267309875028342,1.193402881024402,34.377756449999964,-88.85918213085202,Union,-0.27,34.378,-88.8578,0.12970067710766434
2024-05-11 20:54:00,98699542,0.9338620255758238,0.6431816564916204,1.2245423946600271,34.377756449999964,-88.85918213085202,Union,0.49,34.378,-88.8578,0.12970067710766434
2024-05-11 20:55:00,98699542,0.8471108329480498,0.5834583144883266,1.110763351407773,34.377756449999964,-88.85918213085202,Union,0.46,34.378,-88.8578,0.12970067710766434
2024-05-11 20:56:00,98699542,-0.280442792614114,-0.37198042325833713,-0.18890516196989085,34.377756449999964,-88.85918213085202,Union,0.21,34.378,-88.8578,0.12970067710766434
2024-05-11 20:57:00,98699542,2.5164853206960323,1.7326497614439083,3.3003208799481563,34.377756449999964,-88.85918213085202,Union,1.32,34.378,-88.8578,0.12970067710766434
2024-05-11 20:58:00,98699542,6.767261579522528,4.660908521041968,8.873614638003088,34.377756449999964,-88.85918213085202,Union,2.86,34.378,-88.8578,0.12970067710766434
2024-05-11 20:59:00,98699542,3.9906362958137187,2.74898367353524,5.232288918092197,34.377756449999964,-88.85918213085202,Union,3.16,34.378,-88.8578,0.12970067710766434
2024-05-11 21:00:00,98699542,1.93586210701076,1.3314818242737032,2.540242389747817,34.377756449999964,-88.85918213085202,Union,1.93,34.378,-88.8578,0.12970067710766434
2024-05-11 21:01:00,98699542,1.4945661882145258,1.0278344013559757,1.961297975073076,34.377756449999964,-88.85918213085202,Union,2.06,34.378,-88.8578,0.12970067710766434
2024-05-11 21:02:00,98699542,1.2824176719065232,0.8800300887695025,1.684805255043544,34.377756449999964,-88.85918213085202,Union,1.86,34.378,-88.8578,0.12970067710766434
2024-05-11 21:03:00,98699542,1.5071294973100202,1.0371011122590086,1.9771578823610318,34.377756449999964,-88.85918213085202,Union,1.6,34.378,-88.8578,0.12970067710766434
2024-05-11 21:04:00,98699542,0.5845649272864829,0.4021177919165271,0.7670120626564387,34.377756449999964,-88.85918213085202,Union,1.68,34.378,-88.8578,0.12970067710766434
2024-05-11 21:05:00,98699542,-1.9653290759498991,-2.5772672719425107,-1.3533908799572876,34.377756449999964,-88.85918213085202,Union,1.33,34.378,-88.8578,0.12970067710766434
2024-05-11 21:06:00,98699542,-4.592904127437794,-6.022930982267359,-3.16287727260823,34.377756449999964,-88.85918213085202,Union,-0.89,34.378,-88.8578,0.12970067710766434
2024-05-11 21:07:00,98699542,-6.452005926361802,-8.459120531843192,-4.444891320880412,34.377756449999964,-88.85918213085202,Union,-2.52,34.378,-88.8578,0.12970067710766434
2024-05-11 21:08:00,98699542,-6.918840891896436,-9.072387404393657,-4.765294379399215,34.377756449999964,-88.85918213085202,Union,-3.15,34.378,-88.8578,0.12970067710766434
2024-05-11 21:09:00,98699542,-7.74063760928043,-10.148036242409995,-5.333238976150865,34.377756449999964,-88.85918213085202,Union,-3.85,34.378,-88.8578,0.12970067710766434
2024-05-11 21:10:00,98699542,-4.783724571284465,-6.272820092714431,-3.2946290498544992,34.377756449999964,-88.85918213085202,Union,-4.66,34.378,-88.8578,0.12970067710766434
2024-05-11 21:11:00,98699542,-6.469727219233356,-8.482691506931028,-4.456762931535684,34.377756449999964,-88.85918213085202,Union,-3.98,34.378,-88.8578,0.12970067710766434
2024-05-11 21:12:00,98699542,-5.261238021183591,-6.899395156077012,-3.623080886290171,34.377756449999964,-88.85918213085202,Union,-4.66,34.378,-88.8578,0.12970067710766434
2024-05-11 21:13:00,98699542,-0.7714866735667452,-1.0162824540545172,-0.5266908930789731,34.377756449999964,-88.85918213085202,Union,-1.06,34.378,-88.8578,0.12970067710766434
2024-05-11 21:14:00,98699542,3.245925626260928,2.235341607532241,4.256509644989615,34.377756449999964,-88.85918213085202,Union,-0.08,34.378,-88.8578,0.12970067710766434
2024-05-11 21:15:00,98699542,6.918622856422327,4.763719091745445,9.073526621099209,34.377756449999964,-88.85918213085202,Union,1.55,34.378,-88.8578,0.12970067710766434
2024-05-11 21:16:00,98699542,6.85567890467384,4.719409528122345,8.991948281225335,34.377756449999964,-88.85918213085202,Union,2.55,34.378,-88.8578,0.12970067710766434
2024-05-11 21:17:00,98699542,7.007710049596503,4.826931826190904,9.188488273002102,34.377756449999964,-88.85918213085202,Union,3.09,34.378,-88.8578,0.12970067710766434
2024-05-11 21:18:00,98699542,2.7286903160726292,1.8793565459317678,3.5780240862134907,34.377756449999964,-88.85918213085202,Union,3.48,34.378,-88.8578,0.12970067710766434
2024-05-11 21:19:00,98699542,2.7026666001176864,1.8607652738793594,3.5445679263560135,34.377756449999964,-88.85918213085202,Union,3.03,34.378,-88.8578,0.12970067710766434
2024-05-11 21:20:00,98699542,1.0167204312373908,0.697312099728249,1.3361287627465326,34.377756449999964,-88.85918213085202,Union,1.42,34.378,-88.8578,0.12970067710766434
2024-05-11 21:21:00,98699542,2.550276878782784,1.7557383245686715,3.3448154329968967,34.377756449999964,-88.85918213085202,Union,1.58,34.378,-88.8578,0.12970067710766434
2024-05-11 21:22:00,98699542,3.7110543985373234,2.556403022311077,4.86570577476357,34.377756449999964,-88.85918213085202,Union,2.06,34.378,-88.8578,0.12970067710766434
2024-05-11 21:23:00,98699542,1.798431458053127,1.2385941768410118,2.3582687392652426,34.377756449999964,-88.85918213085202,Union,1.4,34.378,-88.8578,0.12970067710766434
2024-05-11 21:24:00,98699542,2.393695885171486,1.6481842694364284,3.1392075009065437,34.377756449999964,-88.85918213085202,Union,3.7,34.378,-88.8578,0.12970067710766434
2024-05-11 21:25:00,98699542,2.7087124873907196,1.8623131146579615,3.5551118601234775,34.377756449999964,-88.85918213085202,Union,2.85,34.378,-88.8578,0.12970067710766434
2024-05-11 21:26:00,98699542,0.6863444776605582,0.46072648297297436,0.911962472348142,34.377756449999964,-88.85918213085202,Union,2.35,34.378,-88.8578,0.12970067710766434
2024-05-11 21:27:00,98699542,-1.2921117129707465,-1.7106569679643024,-0.8735664579771905,34.377756449999964,-88.85918213085202,Union,1.51,34.378,-88.8578,0.12970067710766434
2024-05-11 21:28:00,98699542,-2.772113525554808,-3.6380894747285297,-1.9061375763810866,34.377756449999964,-88.85918213085202,Union,0.68,34.378,-88.8578,0.12970067710766434
2024-05-11 21:29:00,98699542,-0.9597599770931405,-1.2584013727911862,-0.6611185813950948,34.377756449999964,-88.85918213085202,Union,0.81,34.378,-88.8578,0.12970067710766434
2024-05-11 21:30:00,98699542,-0.6529610793544048,-0.8581406463416147,-0.447781512367195,34.377756449999964,-88.85918213085202,Union,0.4,34.378,-88.8578,0.12970067710766434
2024-05-11 21:31:00,98699542,-0.6171274088979489,-0.8127357033331587,-0.42151911446273915,34.377756449999964,-88.85918213085202,Union,0.84,34.378,-88.8578,0.12970067710766434
2024-05-11 21:32:00,98699542,-0.6175132397444519,-0.8103549436378378,-0.4246715358510661,34.377756449999964,-88.85918213085202,Union,-0.02,34.378,-88.8578,0.12970067710766434
2024-05-11 21:33:00,98699542,-2.342406323554136,-3.072098164271149,-1.6127144828371227,34.377756449999964,-88.85918213085202,Union,0.3,34.378,-88.8578,0.12970067710766434
2024-05-11 21:34:00,98699542,-1.9316898800016813,-2.5345786882134207,-1.328801071789942,34.377756449999964,-88.85918213085202,Union,0.07,34.378,-88.8578,0.12970067710766434
2024-05-11 21:35:00,98699542,1.5034202673167452,1.0350614941079184,1.971779040525572,34.377756449999964,-88.85918213085202,Union,0.17,34.378,-88.8578,0.12970067710766434
2024-05-11 21:36:00,98699542,-2.4212721187794215,-3.1770783869143755,-1.6654658506444675,34.377756449999964,-88.85918213085202,Union,0.12,34.378,-88.8578,0.12970067710766434
2024-05-11 21:37:00,98699542,-2.7790643913920645,-3.644376255568908,-1.913752527215221,34.377756449999964,-88.85918213085202,Union,-0.7,34.378,-88.8578,0.12970067710766434
2024-05-11 21:38:00,98699542,-0.6496747856422327,-0.85198489420717,-0.4473646770772953,34.377756449999964,-88.85918213085202,Union,1.98,34.378,-88.8578,0.12970067710766434
2024-05-11 21:39:00,98699542,0.01929102961297154,-0.003294885679520191,0.04187694490546327,34.377756449999964,-88.85918213085202,Union,0.22,34.378,-88.8578,0.12970067710766434
2024-05-11 21:40:00,98699542,0.6000224602807667,0.40088612847838034,0.799158792083153,34.377756449999964,-88.85918213085202,Union,1.14,34.378,-88.8578,0.12970067710766434
2024-05-11 21:41:00,98699542,2.5395734385507733,1.744905322659613,3.3342415544419337,34.377756449999964,-88.85918213085202,Union,1.01,34.378,-88.8578,0.12970067710766434
2024-05-11 21:42:00,98699542,0.17377936254833556,0.11123124882373797,0.23632747627293316,34.377756449999964,-88.85918213085202,Union,1.81,34.378,-88.8578,0.12970067710766434
2024-05-11 21:43:00,98699542,2.399716816577001,1.6523435198488188,3.147090113305183,34.377756449999964,-88.85918213085202,Union,1.42,34.378,-88.8578,0.12970067710766434
2024-05-11 21:44:00,98699542,2.0266962109112305,1.3949222297440478,2.658470192078413,34.377756449999964,-88.85918213085202,Union,2.29,34.378,-88.8578,0.12970067710766434
2024-05-11 21:45:00,98699542,0.437006464883154,0.29924653327447015,0.5747663964918378,34.377756449999964,-88.85918213085202,Union,2.23,34.378,-88.8578,0.12970067710766434
2024-05-11 21:46:00,98699542,0.3097323614555313,0.21331893396287066,0.4061457889481919,34.377756449999964,-88.85918213085202,Union,2.25,34.378,-88.8578,0.12970067710766434
2024-05-11 21:47:00,98699542,-0.8118757749453598,-1.0648629780611116,-0.5588885718296079,34.377756449999964,-88.85918213085202,Union,1.38,34.378,-88.8578,0.12970067710766434
2024-05-11 21:48:00,98699542,-0.5872765793123739,-0.7706659301539269,-0.4038872284708208,34.377756449999964,-88.85918213085202,Union,1.59,34.378,-88.8578,0.12970067710766434
2024-05-11 21:49:00,98699542,-0.556929259309852,-0.7303741756581285,-0.38348434296157563,34.377756449999964,-88.85918213085202,Union,1.66,34.378,-88.8578,0.12970067710766434
2024-05-11 21:50:00,98699542,0.7705964715030262,0.5306356255235385,1.010557317482514,34.377756449999964,-88.85918213085202,Union,1.85,34.378,-88.8578,0.12970067710766434
2024-05-11 21:51:00,98699542,0.8307466795561533,0.5722381703464162,1.0892551887658906,34.377756449999964,-88.85918213085202,Union,2.18,34.378,-88.8578,0.12970067710766434
2024-05-11 21:52:00,98699542,1.0146789756010424,0.6990864976642771,1.3302714535378075,34.377756449999964,-88.85918213085202,Union,2.08,34.378,-88.8578,0.12970067710766434
2024-05-11 21:53:00,98699542,1.2171817207464695,0.8381093026354254,1.5962541388575135,34.377756449999964,-88.85918213085202,Union,2.21,34.378,-88.8578,0.12970067710766434
2024-05-11 21:54:00,98699542,0.09269097641801866,0.06279462701020432,0.122587325825833,34.377756449999964,-88.85918213085202,Union,1.64,34.378,-88.8578,0.12970067710766434
2024-05-11 21:55:00,98699542,-0.6454825282658037,-0.8465382363347229,-0.4444268201968844,34.377756449999964,-88.85918213085202,Union,1.23,34.378,-88.8578,0.12970067710766434
2024-05-11 21:56:00,98699542,-0.9004743585028581,-1.180741861623079,-0.6202068553826372,34.377756449999964,-88.85918213085202,Union,0.91,34.378,-88.8578,0.12970067710766434
2024-05-11 21:57:00,98699542,-0.7572227534465367,-0.9930705227873337,-0.5213749841057397,34.377756449999964,-88.85918213085202,Union,1.05,34.378,-88.8578,0.12970067710766434
2024-05-11 21:58:00,98699542,-1.2663566009583054,-1.6606052940810219,-0.8721079078355889,34.377756449999964,-88.85918213085202,Union,0.68,34.378,-88.8578,0.12970067710766434
2024-05-11 21:59:00,98699542,-2.2736673566745123,-2.9815391640607527,-1.5657955492882718,34.377756449999964,-88.85918213085202,Union,0.6,34.378,-88.8578,0.12970067710766434
2024-05-11 22:00:00,98699542,-2.7202854425857432,-3.5672280889608246,-1.873342796210662,34.377756449999964,-88.85918213085202,Union,0.27,34.378,-88.8578,0.12970067710766434
2024-05-11 22:01:00,98699542,-1.0317717746511432,-1.3529501505332489,-0.7105933987690377,34.377756449999964,-88.85918213085202,Union,0.67,34.378,-88.8578,0.12970067710766434
2024-05-11 22:02:00,98699542,-1.638936538542367,-2.14926921489837,-1.128603862186364,34.377756449999964,-88.85918213085202,Union,0.42,34.378,-88.8578,0.12970067710766434
2024-05-11 22:03:00,98699542,-1.7433965461079355,-2.2865013804884318,-1.2002917117274392,34.377756449999964,-88.85918213085202,Union,0.16,34.378,-88.8578,0.12970067710766434
2024-05-11 22:04:00,98699542,-0.3814594651038164,-0.5003098966559779,-0.2626090335516549,34.377756449999964,-88.85918213085202,Union,0.81,34.378,-88.8578,0.12970067710766434
2024-05-11 22:05:00,98699542,-0.6791404411146604,-0.8907034725535565,-0.46757740967576433,34.377756449999964,-88.85918213085202,Union,0.71,34.378,-88.8578,0.12970067710766434
2024-05-11 22:06:00,98699542,-1.150587645006725,-1.5092112113052631,-0.7919640787081867,34.377756449999964,-88.85918213085202,Union,1.0,34.378,-88.8578,0.12970067710766434
2024-05-11 22:07:00,98699542,-4.680278560020175,-6.1379337203892845,-3.2226233996510647,34.377756449999964,-88.85918213085202,Union,-1.37,34.378,-88.8578,0.12970067710766434
2024-05-11 22:08:00,98699542,-7.925423987054472,-10.390723813860715,-5.460124160248229,34.377756449999964,-88.85918213085202,Union,-1.77,34.378,-88.8578,0.12970067710766434
2024-05-11 22:09:00,98699542,-3.6524527677370546,-4.789659482639742,-2.5152460528343674,34.377756449999964,-88.85918213085202,Union,-0.48,34.378,-88.8578,0.12970067710766434
2024-05-11 22:10:00,98699542,-0.6435829270342972,-0.8445887952345444,-0.44257705883404996,34.377756449999964,-88.85918213085202,Union,0.31,34.378,-88.8578,0.12970067710766434
2024-05-11 22:11:00,98699542,-0.7551392668754203,-0.9905520676584567,-0.5197264660923839,34.377756449999964,-88.85918213085202,Union,0.03,34.378,-88.8578,0.12970067710766434
2024-05-11 22:12:00,98699542,-3.041940305564896,-3.9896051725427015,-2.0942754385870903,34.377756449999964,-88.85918213085202,Union,-1.04,34.378,-88.8578,0.12970067710766434
2024-05-11 22:13:00,98699542,-3.325687205783457,-4.360580394118292,-2.2907940174486217,34.377756449999964,-88.85918213085202,Union,-0.81,34.378,-88.8578,0.12970067710766434
2024-05-11 22:14:00,98699542,-2.486320244199731,-3.260574057372388,-1.7120664310270746,34.377756449999964,-88.85918213085202,Union,-0.12,34.378,-88.8578,0.12970067710766434
2024-05-11 22:15:00,98699542,-1.0553954585574983,-1.3838363613886449,-0.7269545557263516,34.377756449999964,-88.85918213085202,Union,0.19,34.378,-88.8578,0.12970067710766434
2024-05-11 22:16:00,98699542,1.3654294248066576,0.9403478493311406,1.7905110002821747,34.377756449999964,-88.85918213085202,Union,1.44,34.378,-88.8578,0.12970067710766434
2024-05-11 22:17:00,98699542,3.014002868611298,2.0751666335512984,3.9528391036712978,34.377756449999964,-88.85918213085202,Union,1.61,34.378,-88.8578,0.12970067710766434
2024-05-11 22:18:00,98699542,1.8334136737138533,1.2630369340600245,2.403790413367682,34.377756449999964,-88.85918213085202,Union,1.48,34.378,-88.8578,0.12970067710766434
2024-05-11 22:19:00,98699542,0.8688575729236718,0.5981418984634346,1.139573247383909,34.377756449999964,-88.85918213085202,Union,1.47,34.378,-88.8578,0.12970067710766434
2024-05-11 22:20:00,98699542,-0.6046527588054809,-0.7961569964733433,-0.41314852113761846,34.377756449999964,-88.85918213085202,Union,1.0,34.378,-88.8578,0.12970067710766434
2024-05-11 22:21:00,98699542,-1.5722590576664426,-2.061862533725396,-1.0826555816074894,34.377756449999964,-88.85918213085202,Union,0.12,34.378,-88.8578,0.12970067710766434
2024-05-11 22:22:00,98699542,-0.9543681962424344,-1.2515612570223567,-0.6571751354625122,34.377756449999964,-88.85918213085202,Union,0.76,34.378,-88.8578,0.12970067710766434
2024-05-11 22:23:00,98699542,-0.19234808772381473,-0.25346832741501035,-0.1312278480326191,34.377756449999964,-88.85918213085202,Union,1.0,34.378,-88.8578,0.12970067710766434
2024-05-11 22:24:00,98699542,0.5100371842426026,0.35068172410041215,0.6693926443847931,34.377756449999964,-88.85918213085202,Union,1.21,34.378,-88.8578,0.12970067710766434
2024-05-11 22:25:00,98699542,-0.8961540381220578,-1.1752503806355845,-0.6170576956085312,34.377756449999964,-88.85918213085202,Union,0.82,34.378,-88.8578,0.12970067710766434
2024-05-11 22:26:00,98699542,-0.6945802423083389,-0.9110747199486626,-0.4780857646680152,34.377756449999964,-88.85918213085202,Union,0.76,34.378,-88.8578,0.12970067710766434
2024-05-11 22:27:00,98699542,-0.1576528645395511,-0.20755227970823897,-0.10775344937086324,34.377756449999964,-88.85918213085202,Union,1.23,34.378,-88.8578,0.12970067710766434
2024-05-11 22:28:00,98699542,0.7282778875252186,0.501439252942589,0.9551165221078483,34.377756449999964,-88.85918213085202,Union,1.31,34.378,-88.8578,0.12970067710766434
2024-05-11 22:29:00,98699542,-0.3211388347448722,-0.42131499748529805,-0.22096267200444636,34.377756449999964,-88.85918213085202,Union,1.45,34.378,-88.8578,0.12970067710766434
2024-05-11 22:30:00,98699542,-1.5484518167871553,-2.0304821416128966,-1.0664214919614137,34.377756449999964,-88.85918213085202,Union,0.64,34.378,-88.8578,0.12970067710766434
2024-05-11 22:31:00,98699542,-1.0943995092888366,-1.435118208555507,-0.7536808100221661,34.377756449999964,-88.85918213085202,Union,1.14,34.378,-88.8578,0.12970067710766434
2024-05-11 22:32:00,98699542,0.2744602801099109,0.1872839322824318,0.36163662793739004,34.377756449999964,-88.85918213085202,Union,1.24,34.378,-88.8578,0.12970067710766434
2024-05-11 22:33:00,98699542,-1.225367902025891,-1.607032315072058,-0.8437034889797239,34.377756449999964,-88.85918213085202,Union,0.81,34.378,-88.8578,0.12970067710766434
2024-05-11 22:34:00,98699542,0.43223644633700403,0.29760449510641507,0.566868397567593,34.377756449999964,-88.85918213085202,Union,1.24,34.378,-88.8578,0.12970067710766434
2024-05-11 22:35:00,98699542,-1.428246627017485,-1.8730364143534186,-0.9834568396815513,34.377756449999964,-88.85918213085202,Union,1.17,34.378,-88.8578,0.12970067710766434
2024-05-11 22:36:00,98699542,-3.9541009057666443,-5.183726503834645,-2.724475307698643,34.377756449999964,-88.85918213085202,Union,-0.24,34.378,-88.8578,0.12970067710766434
2024-05-11 22:37:00,98699542,-0.9890982262945528,-1.2980242013447552,-0.6801722512443504,34.377756449999964,-88.85918213085202,Union,1.1,34.378,-88.8578,0.12970067710766434
2024-05-11 22:38:00,98699542,-1.5248153265803632,-1.9997522983112161,-1.0498783548495103,34.377756449999964,-88.85918213085202,Union,0.56,34.378,-88.8578,0.12970067710766434
2024-05-11 22:39:00,98699542,-0.763286044153497,-1.0010164758252629,-0.5255556124817311,34.377756449999964,-88.85918213085202,Union,0.74,34.378,-88.8578,0.12970067710766434
2024-05-11 22:40:00,98699542,0.46657933207590785,0.3200363513243957,0.61312231282742,34.377756449999964,-88.85918213085202,Union,1.37,34.378,-88.8578,0.12970067710766434
2024-05-11 22:41:00,98699542,0.31287450219611634,0.21544283327819405,0.41030617111403866,34.377756449999964,-88.85918213085202,Union,1.1,34.378,-88.8578,0.12970067710766434
2024-05-11 22:42:00,98699542,-1.1754272707212507,-1.5418447350981779,-0.8090098063443236,34.377756449999964,-88.85918213085202,Union,0.57,34.378,-88.8578,0.12970067710766434
2024-05-11 22:43:00,98699542,-1.3286576107515131,-1.7422733582366037,-0.9150418632664226,34.377756449999964,-88.85918213085202,Union,0.3,34.378,-88.8578,0.12970067710766434
2024-05-11 22:44:00,98699542,-0.9800934268871889,-1.2849688982101253,-0.6752179555642526,34.377756449999964,-88.85918213085202,Union,0.61,34.378,-88.8578,0.12970067710766434
2024-05-11 22:45:00,98699542,1.1615800479152656,0.7999005386452285,1.5232595571853027,34.377756449999964,-88.85918213085202,Union,1.48,34.378,-88.8578,0.12970067710766434
2024-05-11 22:46:00,98699542,4.200379854572966,2.893072038177105,5.507687670968827,34.377756449999964,-88.85918213085202,Union,1.83,34.378,-88.8578,0.12970067710766434
2024-05-11 22:47:00,98699542,3.882641749327505,2.675147305815915,5.090136192839095,34.377756449999964,-88.85918213085202,Union,2.67,34.378,-88.8578,0.12970067710766434
2024-05-11 22:48:00,98699542,2.918737128026227,2.0098257748565054,3.827648481195949,34.377756449999964,-88.85918213085202,Union,2.37,34.378,-88.8578,0.12970067710766434
2024-05-11 22:49:00,98699542,1.8034626922915267,1.2416443272518523,2.365281057331201,34.377756449999964,-88.85918213085202,Union,2.43,34.378,-88.8578,0.12970067710766434
2024-05-11 22:50:00,98699542,0.2740709193216207,0.18875456958171097,0.3593872690615304,34.377756449999964,-88.85918213085202,Union,1.62,34.378,-88.8578,0.12970067710766434
2024-05-11 22:51:00,98699542,-0.7257731065063887,-0.9518316053166829,-0.49971460769609455,34.377756449999964,-88.85918213085202,Union,0.79,34.378,-88.8578,0.12970067710766434
2024-05-11 22:52:00,98699542,0.12199199704732683,0.08382302490598251,0.16016096918867115,34.377756449999964,-88.85918213085202,Union,1.26,34.378,-88.8578,0.12970067710766434
2024-05-11 22:53:00,98699542,1.7199111045729658,1.184239806661758,2.2555824024841735,34.377756449999964,-88.85918213085202,Union,1.77,34.378,-88.8578,0.12970067710766434
2024-05-11 22:54:00,98699542,1.9347128236381976,1.3326852987713562,2.536740348505039,34.377756449999964,-88.85918213085202,Union,1.69,34.378,-88.8578,0.12970067710766434
2024-05-11 22:55:00,98699542,2.230526542535306,1.535983135923313,2.9250699491472987,34.377756449999964,-88.85918213085202,Union,1.77,34.378,-88.8578,0.12970067710766434
2024-05-11 22:56:00,98699542,1.0354649146772024,0.7132071051143747,1.35772272424003,34.377756449999964,-88.85918213085202,Union,1.67,34.378,-88.8578,0.12970067710766434
2024-05-11 22:57:00,98699542,0.4087771099529254,0.2815196729150352,0.5360345469908155,34.377756449999964,-88.85918213085202,Union,1.43,34.378,-88.8578,0.12970067710766434
2024-05-11 22:58:00,98699542,1.2485899934852052,0.8598068096674741,1.637373177302936,34.377756449999964,-88.85918213085202,Union,1.57,34.378,-88.8578,0.12970067710766434
2024-05-11 22:59:00,98699542,3.3008587445359785,2.2735536368588423,4.328163852213114,34.377756449999964,-88.85918213085202,Union,2.21,34.378,-88.8578,0.12970067710766434
2024-05-11 23:00:00,98699542,2.4195055060524546,1.6661820042961577,3.1728290078087515,34.377756449999964,-88.85918213085202,Union,2.12,34.378,-88.8578,0.12970067710766434
2024-05-11 23:01:00,98699542,2.8700035726294555,1.9760017793399278,3.764005365918983,34.377756449999964,-88.85918213085202,Union,2.35,34.378,-88.8578,0.12970067710766434
2024-05-11 23:02:00,98699542,3.022804409045057,2.0817118477381893,3.963896970351925,34.377756449999964,-88.85918213085202,Union,2.44,34.378,-88.8578,0.12970067710766434
2024-05-11 23:03:00,98699542,3.28029510970074,2.259612415586292,4.300977803815188,34.377756449999964,-88.85918213085202,Union,2.59,34.378,-88.8578,0.12970067710766434
2024-05-11 23:04:00,98699542,0.5284611818048084,0.3634192490681732,0.6935031145414436,34.377756449999964,-88.85918213085202,Union,1.65,34.378,-88.8578,0.12970067710766434
2024-05-11 23:05:00,98699542,-0.08963349271157321,-0.12354848885004971,-0.055718496573096715,34.377756449999964,-88.85918213085202,Union,0.97,34.378,-88.8578,0.12970067710766434
2024-05-11 23:06:00,98699542,-0.00170971999331938,-0.0056094641454532065,0.0021900241588144465,34.377756449999964,-88.85918213085202,Union,1.12,34.378,-88.8578,0.12970067710766434
2024-05-11 23:07:00,98699542,-0.18467678539530094,-0.24325389740353998,-0.1260996733870619,34.377756449999964,-88.85918213085202,Union,0.87,34.378,-88.8578,0.12970067710766434
2024-05-11 23:08:00,98699542,0.4067849093182582,0.27955836380870996,0.5340114548278065,34.377756449999964,-88.85918213085202,Union,1.07,34.378,-88.8578,0.12970067710766434
2024-05-11 23:09:00,98699542,0.20333137845704438,0.13872546366366842,0.26793729325042037,34.377756449999964,-88.85918213085202,Union,1.03,34.378,-88.8578,0.12970067710766434
2024-05-11 23:10:00,98699542,-0.28737436690904505,-0.3772717889660286,-0.19747694485206152,34.377756449999964,-88.85918213085202,Union,0.88,34.378,-88.8578,0.12970067710766434
2024-05-11 23:11:00,98699542,-0.33868412307708473,-0.444149434244663,-0.23321881190950644,34.377756449999964,-88.85918213085202,Union,0.81,34.378,-88.8578,0.12970067710766434
2024-05-11 23:12:00,98699542,-0.839171911777068,-1.1004957563646929,-0.577848067189443,34.377756449999964,-88.85918213085202,Union,0.68,34.378,-88.8578,0.12970067710766434
2024-05-11 23:13:00,98699542,-0.2867926653391896,-0.3761148629318193,-0.19747046774655996,34.377756449999964,-88.85918213085202,Union,0.66,34.378,-88.8578,0.12970067710766434
2024-05-11 23:14:00,98699542,-1.2096923335574983,-1.586335214946687,-0.8330494521683096,34.377756449999964,-88.85918213085202,Union,0.52,34.378,-88.8578,0.12970067710766434
2024-05-11 23:15:00,98699542,-0.023708905320722302,-0.031193529594653144,-0.01622428104679146,34.377756449999964,-88.85918213085202,Union,0.81,34.378,-88.8578,0.12970067710766434
2024-05-11 23:16:00,98699542,0.2352657767054052,0.16186458670032128,0.3086669667104891,34.377756449999964,-88.85918213085202,Union,1.04,34.378,-88.8578,0.12970067710766434
2024-05-11 23:17:00,98699542,0.8451829921822461,0.5821328223240256,1.1082331620404666,34.377756449999964,-88.85918213085202,Union,1.25,34.378,-88.8578,0.12970067710766434
2024-05-11 23:18:00,98699542,0.5874542256851042,0.40458317961256973,0.7703252717576387,34.377756449999964,-88.85918213085202,Union,1.43,34.378,-88.8578,0.12970067710766434
2024-05-11 23:19:00,98699542,0.10175668784412828,0.0700668897122477,0.13344648597600886,34.377756449999964,-88.85918213085202,Union,1.16,34.378,-88.8578,0.12970067710766434
2024-05-11 23:20:00,98699542,-1.2577290948638198,-1.6497590959577422,-0.8656990937698974,34.377756449999964,-88.85918213085202,Union,0.96,34.378,-88.8578,0.12970067710766434
2024-05-11 23:21:00,98699542,-0.7579277567039341,-0.9940704271524228,-0.5217850862554454,34.377756449999964,-88.85918213085202,Union,0.71,34.378,-88.8578,0.12970067710766434
2024-05-11 23:22:00,98699542,-1.4055486087760591,-1.8434477233523854,-0.967649494199733,34.377756449999964,-88.85918213085202,Union,0.36,34.378,-88.8578,0.12970067710766434
2024-05-11 23:23:00,98699542,-1.4221514847427708,-1.865126031582225,-0.9791769379033166,34.377756449999964,-88.85918213085202,Union,-0.02,34.378,-88.8578,0.12970067710766434
2024-05-11 23:24:00,98699542,-1.5743908141392065,-2.064337489097507,-1.0844441391809059,34.377756449999964,-88.85918213085202,Union,0.06,34.378,-88.8578,0.12970067710766434
2024-05-11 23:25:00,98699542,-0.4252593111655178,-0.5579557623636765,-0.2925628599673591,34.377756449999964,-88.85918213085202,Union,0.58,34.378,-88.8578,0.12970067710766434
2024-05-11 23:26:00,98699542,-1.233140998024546,-1.617391781872951,-0.848890214176141,34.377756449999964,-88.85918213085202,Union,0.72,34.378,-88.8578,0.12970067710766434
2024-05-11 23:27:00,98699542,-1.38294384667115,-1.813906970014398,-0.9519807233279018,34.377756449999964,-88.85918213085202,Union,0.49,34.378,-88.8578,0.12970067710766434
2024-05-11 23:28:00,98699542,-2.6183788143073303,-3.4335333310423812,-1.8032242975722794,34.377756449999964,-88.85918213085202,Union,-0.3,34.378,-88.8578,0.12970067710766434
2024-05-11 23:29:00,98699542,-3.791650029421654,-4.971112122715663,-2.612187936127645,34.377756449999964,-88.85918213085202,Union,-0.51,34.378,-88.8578,0.12970067710766434
2024-05-11 23:30:00,98699542,-2.0039180712004034,-2.628305432311203,-1.3795307100896037,34.377756449999964,-88.85918213085202,Union,0.23,34.378,-88.8578,0.12970067710766434
2024-05-11 23:31:00,98699542,0.4485244186596335,0.3062757309499051,0.5907731063693619,34.377756449999964,-88.85918213085202,Union,0.92,34.378,-88.8578,0.12970067710766434
2024-05-11 23:32:00,98699542,1.6232734480077338,1.118089247491577,2.1284576485238906,34.377756449999964,-88.85918213085202,Union,1.53,34.378,-88.8578,0.12970067710766434
2024-05-11 23:33:00,98699542,1.3314493842468056,0.9169489628636305,1.7459498056299807,34.377756449999964,-88.85918213085202,Union,1.37,34.378,-88.8578,0.12970067710766434
2024-05-11 23:34:00,98699542,-0.02411375065016602,-0.03260279210864198,-0.015624709191690062,34.377756449999964,-88.85918213085202,Union,0.96,34.378,-88.8578,0.12970067710766434
2024-05-11 23:35:00,98699542,0.7493839841123067,0.5157190674158855,0.9830489008087279,34.377756449999964,-88.85918213085202,Union,0.85,34.378,-88.8578,0.12970067710766434
2024-05-11 23:36:00,98699542,-0.744198417535306,-0.9765037057738242,-0.5118931292967879,34.377756449999964,-88.85918213085202,Union,0.45,34.378,-88.8578,0.12970067710766434
2024-05-11 23:37:00,98699542,-0.9757343592383995,-1.2792445483124273,-0.6722241701643716,34.377756449999964,-88.85918213085202,Union,0.32,34.378,-88.8578,0.12970067710766434
2024-05-11 23:38:00,98699542,-1.3673825498066576,-1.7931853710828654,-0.9415797285304499,34.377756449999964,-88.85918213085202,Union,0.41,34.378,-88.8578,0.12970067710766434
2024-05-11 23:39:00,98699542,-0.3031057577126765,-0.3979387350978775,-0.20827278032747548,34.377756449999964,-88.85918213085202,Union,0.42,34.378,-88.8578,0.12970067710766434
2024-05-11 23:40:00,98699542,-0.6439674444140888,-0.8445752257496028,-0.4433596630785749,34.377756449999964,-88.85918213085202,Union,0.44,34.378,-88.8578,0.12970067710766434
2024-05-11 23:41:00,98699542,-0.8104289913626429,-1.0629715772508366,-0.5578864054744492,34.377756449999964,-88.85918213085202,Union,0.23,34.378,-88.8578,0.12970067710766434
2024-05-11 23:42:00,98699542,-2.3741777698386013,-3.1138120091915917,-1.6345435304856109,34.377756449999964,-88.85918213085202,Union,-0.04,34.378,-88.8578,0.12970067710766434
2024-05-11 23:43:00,98699542,-2.3419242812710155,-3.0712025356376085,-1.6126460269044227,34.377756449999964,-88.85918213085202,Union,-0.88,34.378,-88.8578,0.12970067710766434
2024-05-11 23:44:00,98699542,-3.0046680606926697,-3.9409340881806916,-2.0684020332046478,34.377756449999964,-88.85918213085202,Union,-0.48,34.378,-88.8578,0.12970067710766434
2024-05-11 23:45:00,98699542,-1.612144444561197,-2.114097962993745,-1.1101909261286491,34.377756449999964,-88.85918213085202,Union,-0.34,34.378,-88.8578,0.12970067710766434
2024-05-11 23:46:00,98699542,-0.9046817207464694,-1.18721891450894,-0.6221445269839987,34.377756449999964,-88.85918213085202,Union,0.4,34.378,-88.8578,0.12970067710766434
2024-05-11 23:47:00,98699542,0.41812308233860124,0.28802029626747394,0.5482258684097285,34.377756449999964,-88.85918213085202,Union,0.23,34.378,-88.8578,0.12970067710766434
2024-05-11 23:48:00,98699542,-1.4641384183759247,-1.9202689671565136,-1.0080078695953358,34.377756449999964,-88.85918213085202,Union,-0.12,34.378,-88.8578,0.12970067710766434
2024-05-11 23:49:00,98699542,-0.8245159218434768,-1.081300327086625,-0.5677315166003285,34.377756449999964,-88.85918213085202,Union,-0.12,34.378,-88.8578,0.12970067710766434
2024-05-11 23:50:00,98699542,-2.5124753068258237,-3.2950813409230433,-1.729869272728604,34.377756449999964,-88.85918213085202,Union,-0.11,34.378,-88.8578,0.12970067710766434
2024-05-11 23:51:00,98699542,-2.2078337781607265,-2.89517456863162,-1.5204929876898332,34.377756449999964,-88.85918213085202,Union,-0.5,34.378,-88.8578,0.12970067710766434
2024-05-11 23:52:00,98699542,-2.3171562394922662,-3.039435459839251,-1.5948770191452817,34.377756449999964,-88.85918213085202,Union,0.3,34.378,-88.8578,0.12970067710766434
2024-05-11 23:53:00,98699542,1.1666336110877606,0.8034161456703175,1.5298510765052038,34.377756449999964,-88.85918213085202,Union,0.59,34.378,-88.8578,0.12970067710766434
2024-05-11 23:54:00,98699542,-1.4517603080867518,-1.9041576296968872,-0.9993629864766164,34.377756449999964,-88.85918213085202,Union,0.06,34.378,-88.8578,0.12970067710766434
2024-05-11 23:55:00,98699542,1.130594054724277,0.7785714192195303,1.4826166902290236,34.377756449999964,-88.85918213085202,Union,0.23,34.378,-88.8578,0.12970067710766434
2024-05-11 23:56:00,98699542,-2.086696683759247,-2.7367231089267148,-1.436670258591779,34.377756449999964,-88.85918213085202,Union,0.29,34.378,-88.8578,0.12970067710766434
2024-05-11 23:57:00,98699542,1.505956571536651,1.0368586175816525,1.9750545254916494,34.377756449999964,-88.85918213085202,Union,0.34,34.378,-88.8578,0.12970067710766434
2024-05-11 23:58:00,98699542,-3.5137073386012103,-4.608696129849211,-2.41871854735321,34.377756449999964,-88.85918213085202,Union,0.77,34.378,-88.8578,0.12970067710766434
2024-05-11 23:59:00,98699542,6.702171423167451,4.614937581268453,8.78940526506645,34.377756449999964,-88.85918213085202,Union,0.31,34.378,-88.8578,0.12970067710766434
2024-05-12 00:00:00,98699542,25.77387357094822,17.748281521611034,33.7994656202854,34.377756449999964,-88.85918213085202,Union,0.2,34.378,-88.8578,0.12970067710766434
2024-05-12 00:01:00,98699542,5.36533025806994,3.6943957701627115,7.036264745977168,34.377756449999964,-88.85918213085202,Union,0.36,34.378,-88.8578,0.12970067710766434
2024-05-12 00:02:00,98699542,9.72327883322125,6.695384057128873,12.751173609313629,34.377756449999964,-88.85918213085202,Union,1.12,34.378,-88.8578,0.12970067710766434
2024-05-12 00:03:00,98699542,4.182188340618695,2.880174880972511,5.484201800264879,34.377756449999964,-88.85918213085202,Union,0.72,34.378,-88.8578,0.12970067710766434
2024-05-12 00:04:00,98699542,6.037911903160726,4.1569645560630795,7.918859250258373,34.377756449999964,-88.85918213085202,Union,0.53,34.378,-88.8578,0.12970067710766434
2024-05-12 00:05:00,98699542,2.8723244683086753,1.9777078609809604,3.76694107563639,34.377756449999964,-88.85918213085202,Union,0.47,34.378,-88.8578,0.12970067710766434
2024-05-12 00:06:00,98699542,3.8046993212004034,2.620972511299861,4.988426131100946,34.377756449999964,-88.85918213085202,Union,0.57,34.378,-88.8578,0.12970067710766434
2024-05-12 00:07:00,98699542,2.8485586016308004,1.9612787934662206,3.73583840979538,34.377756449999964,-88.85918213085202,Union,0.74,34.378,-88.8578,0.12970067710766434
2024-05-12 00:08:00,98699542,3.0264978774377944,2.083405022401753,3.969590732473836,34.377756449999964,-88.85918213085202,Union,0.42,34.378,-88.8578,0.12970067710766434
2024-05-12 00:09:00,98699542,1.3079094338433086,0.9006715760667764,1.7151472916198407,34.377756449999964,-88.85918213085202,Union,0.57,34.378,-88.8578,0.12970067710766434
2024-05-12 00:10:00,98699542,3.4407482031775385,2.3697950611953655,4.511701345159711,34.377756449999964,-88.85918213085202,Union,0.82,34.378,-88.8578,0.12970067710766434
2024-05-12 00:11:00,98699542,0.580120155934768,0.398092215242392,0.7621480966271439,34.377756449999964,-88.85918213085202,Union,0.24,34.378,-88.8578,0.12970067710766434
2024-05-12 00:12:00,98699542,0.5393600002101546,0.37092508187752615,0.7077949185427831,34.377756449999964,-88.85918213085202,Union,-0.27,34.378,-88.8578,0.12970067710766434
2024-05-12 00:13:00,98699542,0.9415307009709146,0.6480888551307087,1.2349725468111206,34.377756449999964,-88.85918213085202,Union,0.76,34.378,-88.8578,0.12970067710766434
2024-05-12 00:14:00,98699542,2.7364949352723604,1.8846969828031035,3.588292887741617,34.377756449999964,-88.85918213085202,Union,0.85,34.378,-88.8578,0.12970067710766434
2024-05-12 00:15:00,98699542,1.5810816135675858,1.0888080111867369,2.0733552159484345,34.377756449999964,-88.85918213085202,Union,0.8,34.378,-88.8578,0.12970067710766434
2024-05-12 00:16:00,98699542,0.8890196153118696,0.6123944232472316,1.1656448073765076,34.377756449999964,-88.85918213085202,Union,0.11,34.378,-88.8578,0.12970067710766434
2024-05-12 00:17:00,98699542,1.0624067438634834,0.7292671458948655,1.3955463418321012,34.377756449999964,-88.85918213085202,Union,1.47,34.378,-88.8578,0.12970067710766434
2024-05-12 00:18:00,98699542,1.1667892568930733,0.8029973467909379,1.5305811669952087,34.377756449999964,-88.85918213085202,Union,1.11,34.378,-88.8578,0.12970067710766434
2024-05-12 00:19:00,98699542,-0.10522551238336415,-0.1394933136941755,-0.0709577110725528,34.377756449999964,-88.85918213085202,Union,0.59,34.378,-88.8578,0.12970067710766434
2024-05-12 00:20:00,98699542,0.6631870744367855,0.4566579729227296,0.8697161759508414,34.377756449999964,-88.85918213085202,Union,0.81,34.378,-88.8578,0.12970067710766434
2024-05-12 00:21:00,98699542,0.4680535342762273,0.32209896573685126,0.6140081028156034,34.377756449999964,-88.85918213085202,Union,0.86,34.378,-88.8578,0.12970067710766434
2024-05-12 00:22:00,98699542,1.7718974602807667,1.2203185682053208,2.3234763523562125,34.377756449999964,-88.85918213085202,Union,1.27,34.378,-88.8578,0.12970067710766434
2024-05-12 00:23:00,98699542,1.7841941356338265,1.2288756317354006,2.339512639532252,34.377756449999964,-88.85918213085202,Union,1.1,34.378,-88.8578,0.12970067710766434
2024-05-12 00:24:00,98699542,1.2500321799344318,0.8610057402713509,1.6390586195975128,34.377756449999964,-88.85918213085202,Union,0.71,34.378,-88.8578,0.12970067710766434
2024-05-12 00:25:00,98699542,0.559898350811197,0.3847422974831729,0.7350544041392211,34.377756449999964,-88.85918213085202,Union,0.54,34.378,-88.8578,0.12970067710766434
2024-05-12 00:26:00,98699542,0.9239167840030262,0.6362328965104298,1.2116006714956227,34.377756449999964,-88.85918213085202,Union,0.91,34.378,-88.8578,0.12970067710766434
2024-05-12 00:27:00,98699542,0.7453894034759583,0.5133662401799228,0.9774125667719937,34.377756449999964,-88.85918213085202,Union,0.94,34.378,-88.8578,0.12970067710766434
2024-05-12 00:28:00,98699542,0.9651343545099192,0.664736111664902,1.2655325973549365,34.377756449999964,-88.85918213085202,Union,1.08,34.378,-88.8578,0.12970067710766434
2024-05-12 00:29:00,98699542,-0.06329624814801194,-0.08377988356644675,-0.04281261272957712,34.377756449999964,-88.85918213085202,Union,0.56,34.378,-88.8578,0.12970067710766434
2024-05-12 00:30:00,98699542,0.9588681331960323,0.6607307631837414,1.2570055032083232,34.377756449999964,-88.85918213085202,Union,0.59,34.378,-88.8578,0.12970067710766434
2024-05-12 00:31:00,98699542,-0.09463474296769922,-0.1245110152923233,-0.06475847064307515,34.377756449999964,-88.85918213085202,Union,0.64,34.378,-88.8578,0.12970067710766434
2024-05-12 00:32:00,98699542,0.8326252653202757,0.5733231900936602,1.0919273405468912,34.377756449999964,-88.85918213085202,Union,0.9,34.378,-88.8578,0.12970067710766434
2024-05-12 00:33:00,98699542,1.2790486297915267,0.8791648851827869,1.6789323744002664,34.377756449999964,-88.85918213085202,Union,1.32,34.378,-88.8578,0.12970067710766434
2024-05-12 00:34:00,98699542,1.8238582033876933,1.2563503618201481,2.3913660449552383,34.377756449999964,-88.85918213085202,Union,1.25,34.378,-88.8578,0.12970067710766434
2024-05-12 00:35:00,98699542,0.4838522402488231,0.3326946055240955,0.6350098749735507,34.377756449999964,-88.85918213085202,Union,0.41,34.378,-88.8578,0.12970067710766434
2024-05-12 00:36:00,98699542,-0.5926112243611298,-0.7774205041411962,-0.40780194458106334,34.377756449999964,-88.85918213085202,Union,0.33,34.378,-88.8578,0.12970067710766434
2024-05-12 00:37:00,98699542,0.10129289043454733,0.05142304454290604,0.1511627363261886,34.377756449999964,-88.85918213085202,Union,1.17,34.378,-88.8578,0.12970067710766434
2024-05-12 00:38:00,98699542,1.4740432708473437,1.0151356274224497,1.9329509142722376,34.377756449999964,-88.85918213085202,Union,1.7,34.378,-88.8578,0.12970067710766434
2024-05-12 00:39:00,98699542,0.5972149251849361,0.41053302738806535,0.7838968229818069,34.377756449999964,-88.85918213085202,Union,0.82,34.378,-88.8578,0.12970067710766434
2024-05-12 00:40:00,98699542,1.1247517547915267,0.7742151977468015,1.4752883118362519,34.377756449999964,-88.85918213085202,Union,0.76,34.378,-88.8578,0.12970067710766434
2024-05-12 00:41:00,98699542,1.1275290801529927,0.7762136177909142,1.4788445425150711,34.377756449999964,-88.85918213085202,Union,0.84,34.378,-88.8578,0.12970067710766434
2024-05-12 00:42:00,98699542,1.6900494388870209,1.164205412945925,2.2158934648281168,34.377756449999964,-88.85918213085202,Union,1.11,34.378,-88.8578,0.12970067710766434
2024-05-12 00:43:00,98699542,1.317845152782448,0.907602849402979,1.728087456161917,34.377756449999964,-88.85918213085202,Union,1.17,34.378,-88.8578,0.12970067710766434
2024-05-12 00:44:00,98699542,0.7880343839315737,0.5427307545103432,1.033338013352804,34.377756449999964,-88.85918213085202,Union,1.14,34.378,-88.8578,0.12970067710766434
2024-05-12 00:45:00,98699542,0.20341642542661398,0.1401260455398985,0.26670680531332946,34.377756449999964,-88.85918213085202,Union,0.85,34.378,-88.8578,0.12970067710766434
2024-05-12 00:46:00,98699542,0.6269826780010087,0.4301960508957605,0.8237693051062569,34.377756449999964,-88.85918213085202,Union,0.62,34.378,-88.8578,0.12970067710766434
2024-05-12 00:47:00,98699542,0.6911097348898789,0.4756404024411035,0.9065790673386543,34.377756449999964,-88.85918213085202,Union,0.7,34.378,-88.8578,0.12970067710766434
2024-05-12 00:48:00,98699542,0.7997511637315063,0.5509581284320721,1.0485441990309405,34.377756449999964,-88.85918213085202,Union,0.73,34.378,-88.8578,0.12970067710766434
2024-05-12 00:49:00,98699542,0.6278521929640215,0.43240437634916107,0.8233000095788819,34.377756449999964,-88.85918213085202,Union,0.94,34.378,-88.8578,0.12970067710766434
2024-05-12 00:50:00,98699542,0.4438212227324311,0.3057446694951774,0.5818977759696847,34.377756449999964,-88.85918213085202,Union,0.84,34.378,-88.8578,0.12970067710766434
2024-05-12 00:51:00,98699542,-0.37891035458347344,-0.4982130391552714,-0.2596076700116755,34.377756449999964,-88.85918213085202,Union,0.7,34.378,-88.8578,0.12970067710766434
2024-05-12 00:52:00,98699542,-0.7535617933549092,-0.988359496202606,-0.5187640905072125,34.377756449999964,-88.85918213085202,Union,0.38,34.378,-88.8578,0.12970067710766434
2024-05-12 00:53:00,98699542,-1.2279915517821116,-1.6104014359193577,-0.8455816676448655,34.377756449999964,-88.85918213085202,Union,0.13,34.378,-88.8578,0.12970067710766434
2024-05-12 00:54:00,98699542,-0.5064839284213181,-0.6640407464542,-0.3489271103884362,34.377756449999964,-88.85918213085202,Union,0.8,34.378,-88.8578,0.12970067710766434
2024-05-12 00:55:00,98699542,0.8982293155262273,0.6184737219346267,1.177984909117828,34.377756449999964,-88.85918213085202,Union,1.01,34.378,-88.8578,0.12970067710766434
2024-05-12 00:56:00,98699542,0.8721826139038332,0.6006476688351547,1.1437175589725117,34.377756449999964,-88.85918213085202,Union,1.37,34.378,-88.8578,0.12970067710766434
2024-05-12 00:57:00,98699542,0.34283714063550774,0.2359317963287903,0.4497424849422252,34.377756449999964,-88.85918213085202,Union,0.9,34.378,-88.8578,0.12970067710766434
2024-05-12 00:58:00,98699542,-0.28154257470998656,-0.3693666770686645,-0.19371847235130862,34.377756449999964,-88.85918213085202,Union,1.06,34.378,-88.8578,0.12970067710766434
2024-05-12 00:59:00,98699542,-1.273956976084398,-1.6710239348131872,-0.8768900173556088,34.377756449999964,-88.85918213085202,Union,0.99,34.378,-88.8578,0.12970067710766434
2024-05-12 01:00:00,98699542,-1.0754048104404843,-1.4104606978054761,-0.7403489230754925,34.377756449999964,-88.85918213085202,Union,1.5,34.378,-88.8578,0.12970067710766434
2024-05-12 01:01:00,98699542,0.2144339483860121,0.14771847599268922,0.28114942077933497,34.377756449999964,-88.85918213085202,Union,0.87,34.378,-88.8578,0.12970067710766434
2024-05-12 01:02:00,98699542,-0.8105117397654674,-1.0627590575722023,-0.5582644219587324,34.377756449999964,-88.85918213085202,Union,1.07,34.378,-88.8578,0.12970067710766434
2024-05-12 01:03:00,98699542,-1.306034460112643,-1.7126099781376023,-0.8994589420876837,34.377756449999964,-88.85918213085202,Union,0.79,34.378,-88.8578,0.12970067710766434
2024-05-12 01:04:00,98699542,-1.952702720452253,-2.5601774590417397,-1.3452279818627662,34.377756449999964,-88.85918213085202,Union,0.48,34.378,-88.8578,0.12970067710766434
2024-05-12 01:05:00,98699542,-1.565258936827505,-2.052972290643524,-1.077545583011486,34.377756449999964,-88.85918213085202,Union,0.4,34.378,-88.8578,0.12970067710766434
2024-05-12 01:06:00,98699542,0.18907004422442417,0.11502237287667008,0.2631177155721782,34.377756449999964,-88.85918213085202,Union,0.5,34.378,-88.8578,0.12970067710766434
2024-05-12 01:07:00,98699542,-0.8472628667199058,-1.1176774257780644,-0.5768483076617473,34.377756449999964,-88.85918213085202,Union,0.4,34.378,-88.8578,0.12970067710766434
2024-05-12 01:08:00,98699542,-0.24909124521898118,-0.33437345887277675,-0.16380903156518561,34.377756449999964,-88.85918213085202,Union,0.17,34.378,-88.8578,0.12970067710766434
2024-05-12 01:09:00,98699542,-1.0664935955363146,-1.400256947354133,-0.732730243718496,34.377756449999964,-88.85918213085202,Union,0.25,34.378,-88.8578,0.12970067710766434
2024-05-12 01:10:00,98699542,-0.9895973436449227,-1.2995852371576069,-0.6796094501322385,34.377756449999964,-88.85918213085202,Union,0.15,34.378,-88.8578,0.12970067710766434
2024-05-12 01:11:00,98699542,-0.6716458000588433,-0.8839845301974667,-0.45930706992021997,34.377756449999964,-88.85918213085202,Union,0.21,34.378,-88.8578,0.12970067710766434
2024-05-12 01:12:00,98699542,0.4298998711489156,0.272124763894355,0.5876749784034762,34.377756449999964,-88.85918213085202,Union,0.08,34.378,-88.8578,0.12970067710766434
2024-05-12 01:13:00,98699542,-0.1685814822209146,-0.23515230270785326,-0.10201066173397595,34.377756449999964,-88.85918213085202,Union,-0.07,34.378,-88.8578,0.12970067710766434
2024-05-12 01:14:00,98699542,0.6376174895973437,0.4381545551004208,0.8370804240942665,34.377756449999964,-88.85918213085202,Union,0.38,34.378,-88.8578,0.12970067710766434
2024-05-12 01:15:00,98699542,0.428311971986382,0.29150568107870933,0.5651182628940546,34.377756449999964,-88.85918213085202,Union,0.42,34.378,-88.8578,0.12970067710766434
2024-05-12 01:16:00,98699542,0.344716054766308,0.22815648898573937,0.46127562054687665,34.377756449999964,-88.85918213085202,Union,0.48,34.378,-88.8578,0.12970067710766434
2024-05-12 01:17:00,98699542,-0.6819568421107935,-0.8943961387669815,-0.46951754545460556,34.377756449999964,-88.85918213085202,Union,0.14,34.378,-88.8578,0.12970067710766434
2024-05-12 01:18:00,98699542,-0.46941510670603565,-0.6186722820676165,-0.32015793134445486,34.377756449999964,-88.85918213085202,Union,0.61,34.378,-88.8578,0.12970067710766434
2024-05-12 01:19:00,98699542,-0.778480227072125,-1.0208272719873634,-0.5361331821568867,34.377756449999964,-88.85918213085202,Union,0.52,34.378,-88.8578,0.12970067710766434
2024-05-12 01:20:00,98699542,-0.34786197172368866,-0.4562411937633162,-0.23948274968406114,34.377756449999964,-88.85918213085202,Union,0.51,34.378,-88.8578,0.12970067710766434
2024-05-12 01:21:00,98699542,-0.03078074028769354,-0.051718683756126684,-0.009842796819260397,34.377756449999964,-88.85918213085202,Union,0.3,34.378,-88.8578,0.12970067710766434
2024-05-12 01:22:00,98699542,0.6445870723352387,0.4429051213246302,0.8462690233458472,34.377756449999964,-88.85918213085202,Union,0.47,34.378,-88.8578,0.12970067710766434
2024-05-12 01:23:00,98699542,-0.20540238709440148,-0.2697146590976899,-0.14109011509111308,34.377756449999964,-88.85918213085202,Union,0.22,34.378,-88.8578,0.12970067710766434
2024-05-12 01:24:00,98699542,-0.18704077920099194,-0.24533171908624238,-0.1287498393157415,34.377756449999964,-88.85918213085202,Union,0.02,34.378,-88.8578,0.12970067710766434
2024-05-12 01:25:00,98699542,-0.48593917467005715,-0.6415454412029465,-0.33033290813716776,34.377756449999964,-88.85918213085202,Union,0.26,34.378,-88.8578,0.12970067710766434
2024-05-12 01:26:00,98699542,0.5997236466039004,0.41280482844357835,0.7866424647642225,34.377756449999964,-88.85918213085202,Union,0.68,34.378,-88.8578,0.12970067710766434
2024-05-12 01:27:00,98699542,0.9705363147276396,0.668691482246154,1.272381147209125,34.377756449999964,-88.85918213085202,Union,0.9,34.378,-88.8578,0.12970067710766434
2024-05-12 01:28:00,98699542,-1.5599807708473437,-2.0455011797404103,-1.074460361954277,34.377756449999964,-88.85918213085202,Union,0.49,34.378,-88.8578,0.12970067710766434
2024-05-12 01:29:00,98699542,-2.719175563214526,-3.5654987184566185,-1.8728524079724334,34.377756449999964,-88.85918213085202,Union,-0.13,34.378,-88.8578,0.12970067710766434
2024-05-12 01:30:00,98699542,-3.8400342026731673,-5.0341663600613735,-2.645902045284961,34.377756449999964,-88.85918213085202,Union,-0.62,34.378,-88.8578,0.12970067710766434
2024-05-12 01:31:00,98699542,-4.806592026731675,-6.303865727317717,-3.309318326145633,34.377756449999964,-88.85918213085202,Union,-1.1,34.378,-88.8578,0.12970067710766434
2024-05-12 01:32:00,98699542,-2.4254673314559514,-3.180694728142438,-1.6702399347694652,34.377756449999964,-88.85918213085202,Union,0.12,34.378,-88.8578,0.12970067710766434
2024-05-12 01:33:00,98699542,0.5788227791904842,0.39777164399222276,0.7598739143887456,34.377756449999964,-88.85918213085202,Union,1.18,34.378,-88.8578,0.12970067710766434
2024-05-12 01:34:00,98699542,0.2101365315809936,0.13771745294210735,0.28255561021987985,34.377756449999964,-88.85918213085202,Union,0.56,34.378,-88.8578,0.12970067710766434
2024-05-12 01:35:00,98699542,-0.37578167687668124,-0.494642919469438,-0.25692043428392447,34.377756449999964,-88.85918213085202,Union,0.51,34.378,-88.8578,0.12970067710766434
2024-05-12 01:36:00,98699542,1.4261089599445191,0.9791953404447565,1.8730225794442816,34.377756449999964,-88.85918213085202,Union,1.58,34.378,-88.8578,0.12970067710766434
2024-05-12 01:37:00,98699542,1.5617303085070613,1.0745253743479835,2.048935242666139,34.377756449999964,-88.85918213085202,Union,1.43,34.378,-88.8578,0.12970067710766434
2024-05-12 01:38:00,98699542,0.3788384422810188,0.24474810982130138,0.5129287747407363,34.377756449999964,-88.85918213085202,Union,0.76,34.378,-88.8578,0.12970067710766434
2024-05-12 01:39:00,98699542,2.069102140425353,1.4223655401904598,2.7158387406602467,34.377756449999964,-88.85918213085202,Union,1.87,34.378,-88.8578,0.12970067710766434
2024-05-12 01:40:00,98699542,3.478941188214526,2.393502890047822,4.56437948638123,34.377756449999964,-88.85918213085202,Union,2.27,34.378,-88.8578,0.12970067710766434
2024-05-12 01:41:00,98699542,2.894586415601883,1.9909343106296764,3.7982385205740896,34.377756449999964,-88.85918213085202,Union,1.66,34.378,-88.8578,0.12970067710766434
2024-05-12 01:42:00,98699542,3.064631756472764,2.109558934715253,4.019704578230274,34.377756449999964,-88.85918213085202,Union,2.45,34.378,-88.8578,0.12970067710766434
2024-05-12 01:43:00,98699542,4.2410487243611295,2.9192488092309095,5.5628486394913494,34.377756449999964,-88.85918213085202,Union,2.21,34.378,-88.8578,0.12970067710766434
2024-05-12 01:44:00,98699542,3.7995781144922662,2.61789234188364,4.9812638871008925,34.377756449999964,-88.85918213085202,Union,2.28,34.378,-88.8578,0.12970067710766434
2024-05-12 01:45:00,98699542,4.27991026395427,2.946644367628669,5.613176160279871,34.377756449999964,-88.85918213085202,Union,2.27,34.378,-88.8578,0.12970067710766434
2024-05-12 01:46:00,98699542,4.284848898789509,2.9502822430897737,5.619415554489244,34.377756449999964,-88.85918213085202,Union,2.48,34.378,-88.8578,0.12970067710766434
2024-05-12 01:47:00,98699542,2.9736334692333557,2.046159003487061,3.9011079349796502,34.377756449999964,-88.85918213085202,Union,2.0,34.378,-88.8578,0.12970067710766434
2024-05-12 01:48:00,98699542,2.8372509667115,1.9526957895867292,3.7218061438362704,34.377756449999964,-88.85918213085202,Union,2.05,34.378,-88.8578,0.12970067710766434
2024-05-12 01:49:00,98699542,4.516050563214526,3.110049058760614,5.922052067668437,34.377756449999964,-88.85918213085202,Union,3.03,34.378,-88.8578,0.12970067710766434
2024-05-12 01:50:00,98699542,3.2555007985877604,2.24159342217063,4.269408175004891,34.377756449999964,-88.85918213085202,Union,1.89,34.378,-88.8578,0.12970067710766434
2024-05-12 01:51:00,98699542,2.2332217762273032,1.5369845200572227,2.929459032397384,34.377756449999964,-88.85918213085202,Union,2.12,34.378,-88.8578,0.12970067710766434
2024-05-12 01:52:00,98699542,2.618556132313383,1.8033145650658144,3.433797699560951,34.377756449999964,-88.85918213085202,Union,2.01,34.378,-88.8578,0.12970067710766434
2024-05-12 01:53:00,98699542,1.4211525933086753,0.9784845502979369,1.8638206363194136,34.377756449999964,-88.85918213085202,Union,1.92,34.378,-88.8578,0.12970067710766434
2024-05-12 01:54:00,98699542,0.5321385602303296,0.36598680830273855,0.6982903121579206,34.377756449999964,-88.85918213085202,Union,1.37,34.378,-88.8578,0.12970067710766434
2024-05-12 01:55:00,98699542,-0.49730558722469737,-0.6520399180762821,-0.3425712563731126,34.377756449999964,-88.85918213085202,Union,0.78,34.378,-88.8578,0.12970067710766434
2024-05-12 01:56:00,98699542,-1.7912001670729658,-2.3487415620457135,-1.2336587721002181,34.377756449999964,-88.85918213085202,Union,0.33,34.378,-88.8578,0.12970067710766434
2024-05-12 01:57:00,98699542,-5.221552937962341,-6.84689382729212,-3.5962120486325615,34.377756449999964,-88.85918213085202,Union,-0.38,34.378,-88.8578,0.12970067710766434
2024-05-12 01:58:00,98699542,-4.567446515635508,-5.989489449642855,-3.1454035816281603,34.377756449999964,-88.85918213085202,Union,0.44,34.378,-88.8578,0.12970067710766434
2024-05-12 01:59:00,98699542,-2.9965468960154675,-3.9296018755366666,-2.0634919164942684,34.377756449999964,-88.85918213085202,Union,0.05,34.378,-88.8578,0.12970067710766434
2024-05-12 02:00:00,98699542,-4.36412186869536,-5.722877256371006,-3.0053664810197143,34.377756449999964,-88.85918213085202,Union,-1.55,34.378,-88.8578,0.12970067710766434
2024-05-12 02:01:00,98699542,-1.727518047032616,-2.2671236686714016,-1.18791242539383,34.377756449999964,-88.85918213085202,Union,0.13,34.378,-88.8578,0.12970067710766434
2024-05-12 02:02:00,98699542,0.9335346439979825,0.642319777211782,1.224749510784183,34.377756449999964,-88.85918213085202,Union,1.39,34.378,-88.8578,0.12970067710766434
2024-05-12 02:03:00,98699542,-0.7890010954312374,-1.0366022899374892,-0.5413999009249857,34.377756449999964,-88.85918213085202,Union,0.88,34.378,-88.8578,0.12970067710766434
2024-05-12 02:04:00,98699542,-0.9435074683717216,-1.2371418792633282,-0.649873057480115,34.377756449999964,-88.85918213085202,Union,0.73,34.378,-88.8578,0.12970067710766434
2024-05-12 02:05:00,98699542,-0.2227675663037996,-0.2947040338022141,-0.1508310988053851,34.377756449999964,-88.85918213085202,Union,2.01,34.378,-88.8578,0.12970067710766434
2024-05-12 02:06:00,98699542,1.6733730087844654,1.1508682222773778,2.195877795291553,34.377756449999964,-88.85918213085202,Union,1.62,34.378,-88.8578,0.12970067710766434
2024-05-12 02:07:00,98699542,-0.6369696221418965,-0.8357440915404272,-0.43819515274336573,34.377756449999964,-88.85918213085202,Union,0.65,34.378,-88.8578,0.12970067710766434
2024-05-12 02:08:00,98699542,-0.42866480198175855,-0.563341978625317,-0.2939876253382001,34.377756449999964,-88.85918213085202,Union,1.48,34.378,-88.8578,0.12970067710766434
2024-05-12 02:09:00,98699542,0.1219933926057078,0.08293768958161946,0.16104909562979614,34.377756449999964,-88.85918213085202,Union,1.29,34.378,-88.8578,0.12970067710766434
2024-05-12 02:10:00,98699542,-1.3192485919636854,-1.730023728088602,-0.9084734558387688,34.377756449999964,-88.85918213085202,Union,0.96,34.378,-88.8578,0.12970067710766434
2024-05-12 02:11:00,98699542,-0.3877233878509583,-0.508436952026083,-0.26700982367583354,34.377756449999964,-88.85918213085202,Union,0.88,34.378,-88.8578,0.12970067710766434
2024-05-12 02:12:00,98699542,-1.4595137020847344,-1.9144919930108397,-1.004535411158629,34.377756449999964,-88.85918213085202,Union,-0.08,34.378,-88.8578,0.12970067710766434
2024-05-12 02:13:00,98699542,-1.9001916347932077,-2.492647605489233,-1.3077356640971824,34.377756449999964,-88.85918213085202,Union,-0.21,34.378,-88.8578,0.12970067710766434
2024-05-12 02:14:00,98699542,-4.503809053463349,-5.913648730883171,-3.0939693760435265,34.377756449999964,-88.85918213085202,Union,-2.61,34.378,-88.8578,0.12970067710766434
2024-05-12 02:15:00,98699542,-9.484684978143914,-12.438275357883406,-6.531094598404422,34.377756449999964,-88.85918213085202,Union,-4.61,34.378,-88.8578,0.12970067710766434
2024-05-12 02:16:00,98699542,-4.229255106758575,-5.545524183308355,-2.9129860302087947,34.377756449999964,-88.85918213085202,Union,-5.38,34.378,-88.8578,0.12970067710766434
2024-05-12 02:17:00,98699542,-3.129397486550101,-4.106319631227045,-2.152475341873157,34.377756449999964,-88.85918213085202,Union,-5.04,34.378,-88.8578,0.12970067710766434
2024-05-12 02:18:00,98699542,-2.0488530808675183,-2.6909975517044105,-1.4067086100306259,34.377756449999964,-88.85918213085202,Union,-4.12,34.378,-88.8578,0.12970067710766434
2024-05-12 02:19:00,98699542,-1.2364233513365837,-1.6259435355568992,-0.8469031671162681,34.377756449999964,-88.85918213085202,Union,-4.39,34.378,-88.8578,0.12970067710766434
2024-05-12 02:20:00,98699542,-1.5183688319603228,-1.9920316484804246,-1.044706015440221,34.377756449999964,-88.85918213085202,Union,-4.23,34.378,-88.8578,0.12970067710766434
2024-05-12 02:21:00,98699542,-5.221450487558843,-6.846737319813567,-3.5961636553041187,34.377756449999964,-88.85918213085202,Union,-7.51,34.378,-88.8578,0.12970067710766434
2024-05-12 02:22:00,98699542,-6.40779989071957,-8.401458825297965,-4.414140956141175,34.377756449999964,-88.85918213085202,Union,-7.14,34.378,-88.8578,0.12970067710766434
2024-05-12 02:23:00,98699542,-4.377802937962341,-5.741591364579438,-3.014014511345243,34.377756449999964,-88.85918213085202,Union,-4.57,34.378,-88.8578,0.12970067710766434
2024-05-12 02:24:00,98699542,-2.0254096702673166,-2.6564224306561686,-1.3943969098784643,34.377756449999964,-88.85918213085202,Union,-3.08,34.378,-88.8578,0.12970067710766434
2024-05-12 02:25:00,98699542,-3.5981593077505045,-4.720529909730197,-2.475788705770812,34.377756449999964,-88.85918213085202,Union,-3.06,34.378,-88.8578,0.12970067710766434
2024-05-12 02:26:00,98699542,-3.7926758469233355,-4.973377057979682,-2.6119746358669893,34.377756449999964,-88.85918213085202,Union,-3.5,34.378,-88.8578,0.12970067710766434
2024-05-12 02:27:00,98699542,-3.1564194372057837,-4.138271206994102,-2.174567667417465,34.377756449999964,-88.85918213085202,Union,-2.79,34.378,-88.8578,0.12970067710766434
2024-05-12 02:28:00,98699542,-2.5861936260087424,-3.39115521404055,-1.7812320379769349,34.377756449999964,-88.85918213085202,Union,-2.19,34.378,-88.8578,0.12970067710766434
2024-05-12 02:29:00,98699542,-3.667100548503699,-4.808449246770849,-2.525751850236549,34.377756449999964,-88.85918213085202,Union,-2.24,34.378,-88.8578,0.12970067710766434
2024-05-12 02:30:00,98699542,-1.2613345609868865,-1.6542692735409172,-0.8683998484328557,34.377756449999964,-88.85918213085202,Union,-1.55,34.378,-88.8578,0.12970067710766434
2024-05-12 02:31:00,98699542,-1.8093135297579017,-2.3727282180643545,-1.245898841451449,34.377756449999964,-88.85918213085202,Union,-0.9,34.378,-88.8578,0.12970067710766434
2024-05-12 02:32:00,98699542,-1.856174738357431,-2.433746679271512,-1.2786027974433498,34.377756449999964,-88.85918213085202,Union,-0.91,34.378,-88.8578,0.12970067710766434
2024-05-12 02:33:00,98699542,-2.530501323974445,-3.3187469808680854,-1.742255667080805,34.377756449999964,-88.85918213085202,Union,-0.4,34.378,-88.8578,0.12970067710766434
2024-05-12 02:34:00,98699542,-3.6981758574310692,-4.849244104313032,-2.547107610549107,34.377756449999964,-88.85918213085202,Union,-1.47,34.378,-88.8578,0.12970067710766434
2024-05-12 02:35:00,98699542,-3.6379717972427708,-4.770068729874824,-2.5058748646107176,34.377756449999964,-88.85918213085202,Union,-1.02,34.378,-88.8578,0.12970067710766434
2024-05-12 02:36:00,98699542,-0.4951895923524714,-0.6507182734433717,-0.33966091126157105,34.377756449999964,-88.85918213085202,Union,-0.16,34.378,-88.8578,0.12970067710766434
2024-05-12 02:37:00,98699542,-0.4918312221545057,-0.6448805062082487,-0.33878193810076274,34.377756449999964,-88.85918213085202,Union,-0.25,34.378,-88.8578,0.12970067710766434
2024-05-12 02:38:00,98699542,-2.865820181153329,-3.7584239628191067,-1.9732163994875516,34.377756449999964,-88.85918213085202,Union,-0.81,34.378,-88.8578,0.12970067710766434
2024-05-12 02:39:00,98699542,-2.2854701685440486,-2.9968719759779527,-1.5740683611101445,34.377756449999964,-88.85918213085202,Union,-0.79,34.378,-88.8578,0.12970067710766434
2024-05-12 02:40:00,98699542,-1.148017847385676,-1.5053184265019781,-0.7907172682693737,34.377756449999964,-88.85918213085202,Union,-0.28,34.378,-88.8578,0.12970067710766434
2024-05-12 02:41:00,98699542,-1.454243416904842,-1.9070220774340636,-1.0014647563756203,34.377756449999964,-88.85918213085202,Union,-0.18,34.378,-88.8578,0.12970067710766434
2024-05-12 02:42:00,98699542,-2.9055722511768662,-3.8101990564539703,-2.000945445899762,34.377756449999964,-88.85918213085202,Union,-0.47,34.378,-88.8578,0.12970067710766434
2024-05-12 02:43:00,98699542,-3.288337466375252,-4.311447525338082,-2.2652274074124223,34.377756449999964,-88.85918213085202,Union,-0.78,34.378,-88.8578,0.12970067710766434
2024-05-12 02:44:00,98699542,-3.0881966627437794,-4.049290903621257,-2.1271024218663017,34.377756449999964,-88.85918213085202,Union,-0.24,34.378,-88.8578,0.12970067710766434
2024-05-12 02:45:00,98699542,-0.8312815888744116,-1.0898677129374752,-0.5726954648113479,34.377756449999964,-88.85918213085202,Union,0.7,34.378,-88.8578,0.12970067710766434
2024-05-12 02:46:00,98699542,0.5612436690904505,0.3854170741566059,0.7370702640242952,34.377756449999964,-88.85918213085202,Union,0.86,34.378,-88.8578,0.12970067710766434
2024-05-12 02:47:00,98699542,-0.5687842814811701,-0.7481425884958426,-0.3894259744664976,34.377756449999964,-88.85918213085202,Union,0.89,34.378,-88.8578,0.12970067710766434
2024-05-12 02:48:00,98699542,-0.7513157652782448,-0.9880989623754253,-0.5145325681810644,34.377756449999964,-88.85918213085202,Union,0.76,34.378,-88.8578,0.12970067710766434
2024-05-12 02:49:00,98699542,-0.21681066640047075,-0.28585146234007064,-0.1477698704608709,34.377756449999964,-88.85918213085202,Union,1.19,34.378,-88.8578,0.12970067710766434
2024-05-12 02:50:00,98699542,-0.6303077189811701,-0.826859519446189,-0.43375591851615125,34.377756449999964,-88.85918213085202,Union,1.06,34.378,-88.8578,0.12970067710766434
2024-05-12 02:51:00,98699542,-3.046315463180901,-3.99493347669144,-2.097697449670362,34.377756449999964,-88.85918213085202,Union,0.02,34.378,-88.8578,0.12970067710766434
2024-05-12 02:52:00,98699542,-6.634485856590451,-8.698779025069802,-4.570192688111099,34.377756449999964,-88.85918213085202,Union,0.07,34.378,-88.8578,0.12970067710766434
2024-05-12 02:53:00,98699542,-0.9873811969359448,-1.2987676460656665,-0.6759947478062232,34.377756449999964,-88.85918213085202,Union,1.41,34.378,-88.8578,0.12970067710766434
2024-05-12 02:54:00,98699542,0.6613503554240922,0.44291694993280994,0.8797837609153744,34.377756449999964,-88.85918213085202,Union,1.74,34.378,-88.8578,0.12970067710766434
2024-05-12 02:55:00,98699542,-1.564413720998655,-2.0530308234119956,-1.0757966185853147,34.377756449999964,-88.85918213085202,Union,0.57,34.378,-88.8578,0.12970067710766434
2024-05-12 02:56:00,98699542,-1.1289548482683256,-1.4808238519173287,-0.7770858446193225,34.377756449999964,-88.85918213085202,Union,1.73,34.378,-88.8578,0.12970067710766434
2024-05-12 02:57:00,98699542,1.6446527456708138,1.1317076120382055,2.157597879303422,34.377756449999964,-88.85918213085202,Union,1.23,34.378,-88.8578,0.12970067710766434
2024-05-12 02:58:00,98699542,9.076385970073975,6.249581208630378,11.903190731517572,34.377756449999964,-88.85918213085202,Union,3.76,34.378,-88.8578,0.12970067710766434
2024-05-12 02:59:00,98699542,10.818484154337593,7.450504990688218,14.186463317986968,34.377756449999964,-88.85918213085202,Union,5.51,34.378,-88.8578,0.12970067710766434
2024-05-12 03:00:00,98699542,10.805071032279757,7.44097232920126,14.169169735358254,34.377756449999964,-88.85918213085202,Union,6.16,34.378,-88.8578,0.12970067710766434
2024-05-12 03:01:00,98699542,7.592591522360458,5.230349155768451,9.954833888952464,34.377756449999964,-88.85918213085202,Union,6.21,34.378,-88.8578,0.12970067710766434
2024-05-12 03:02:00,98699542,4.386195990248823,3.0204403127470414,5.751951667750605,34.377756449999964,-88.85918213085202,Union,2.79,34.378,-88.8578,0.12970067710766434
2024-05-12 03:03:00,98699542,2.9845313025386684,2.054705829915491,3.9143567751618455,34.377756449999964,-88.85918213085202,Union,2.59,34.378,-88.8578,0.12970067710766434
2024-05-12 03:04:00,98699542,4.632744199731002,3.1894795380962044,6.0760088613658,34.377756449999964,-88.85918213085202,Union,1.66,34.378,-88.8578,0.12970067710766434
2024-05-12 03:05:00,98699542,0.3276599506924596,0.197854062636411,0.4574658387485082,34.377756449999964,-88.85918213085202,Union,0.23,34.378,-88.8578,0.12970067710766434
2024-05-12 03:06:00,98699542,2.36079354404842,1.6246076366192568,3.0969794514775826,34.377756449999964,-88.85918213085202,Union,0.14,34.378,-88.8578,0.12970067710766434
2024-05-12 03:07:00,98699542,1.8061086709818426,1.2438018139025815,2.368415528061104,34.377756449999964,-88.85918213085202,Union,-0.08,34.378,-88.8578,0.12970067710766434
2024-05-12 03:08:00,98699542,2.0318390898201075,1.3987823911044623,2.6648957885357527,34.377756449999964,-88.85918213085202,Union,-0.34,34.378,-88.8578,0.12970067710766434
2024-05-12 03:09:00,98699542,0.30064152997856425,0.20369858136108068,0.39758447859604784,34.377756449999964,-88.85918213085202,Union,-0.61,34.378,-88.8578,0.12970067710766434
2024-05-12 03:10:00,98699542,0.5480090143220411,0.3714383712708535,0.7245796573732286,34.377756449999964,-88.85918213085202,Union,-0.84,34.378,-88.8578,0.12970067710766434
2024-05-12 03:11:00,98699542,-1.1782380894838602,-1.5462483663179087,-0.8102278126498117,34.377756449999964,-88.85918213085202,Union,-0.84,34.378,-88.8578,0.12970067710766434
2024-05-12 03:12:00,98699542,0.5358034607220915,0.3660621862489691,0.705544735195214,34.377756449999964,-88.85918213085202,Union,-0.79,34.378,-88.8578,0.12970067710766434
2024-05-12 03:13:00,98699542,0.32795556279421656,0.22544247912758403,0.4304686464608491,34.377756449999964,-88.85918213085202,Union,-0.53,34.378,-88.8578,0.12970067710766434
2024-05-12 03:14:00,98699542,1.7759232357515131,1.2230745344021523,2.328771937100874,34.377756449999964,-88.85918213085202,Union,-0.34,34.378,-88.8578,0.12970067710766434
2024-05-12 03:15:00,98699542,0.3892007095347175,0.2678475846949491,0.510553834374486,34.377756449999964,-88.85918213085202,Union,-0.7,34.378,-88.8578,0.12970067710766434
2024-05-12 03:16:00,98699542,0.5403974747289004,0.37027973279874515,0.7105152166590557,34.377756449999964,-88.85918213085202,Union,-1.06,34.378,-88.8578,0.12970067710766434
2024-05-12 03:17:00,98699542,0.29132314039382984,0.2003699147547891,0.3822763660328706,34.377756449999964,-88.85918213085202,Union,-1.17,34.378,-88.8578,0.12970067710766434
2024-05-12 03:18:00,98699542,0.8935855539677202,0.6152353247720324,1.171935783163408,34.377756449999964,-88.85918213085202,Union,-1.23,34.378,-88.8578,0.12970067710766434
2024-05-12 03:19:00,98699542,-0.03708561972314749,-0.04946285809964604,-0.024708381346648933,34.377756449999964,-88.85918213085202,Union,-1.28,34.378,-88.8578,0.12970067710766434
2024-05-12 03:20:00,98699542,0.34513045351378613,0.23603308049817068,0.4542278265294016,34.377756449999964,-88.85918213085202,Union,-1.2,34.378,-88.8578,0.12970067710766434
2024-05-12 03:21:00,98699542,-0.7932173235751513,-1.0403946106501885,-0.5460400365001141,34.377756449999964,-88.85918213085202,Union,-1.3,34.378,-88.8578,0.12970067710766434
2024-05-12 03:22:00,98699542,0.12026536296339106,0.08170098556100425,0.15882974036577788,34.377756449999964,-88.85918213085202,Union,-1.52,34.378,-88.8578,0.12970067710766434
2024-05-12 03:23:00,98699542,0.06436959672631556,0.043189057279956505,0.08555013617267462,34.377756449999964,-88.85918213085202,Union,-1.51,34.378,-88.8578,0.12970067710766434
2024-05-12 03:24:00,98699542,-0.028800494051973692,-0.0396803699571222,-0.017920618146825183,34.377756449999964,-88.85918213085202,Union,-1.6,34.378,-88.8578,0.12970067710766434
2024-05-12 03:25:00,98699542,-0.6300023379707465,-0.8264892681056668,-0.4335154078358261,34.377756449999964,-88.85918213085202,Union,-1.65,34.378,-88.8578,0.12970067710766434
2024-05-12 03:26:00,98699542,-0.34914457196746806,-0.4587402011364283,-0.2395489427985078,34.377756449999964,-88.85918213085202,Union,-1.46,34.378,-88.8578,0.12970067710766434
2024-05-12 03:27:00,98699542,-0.7132124243443174,-0.9353071767465606,-0.49111767194207423,34.377756449999964,-88.85918213085202,Union,-1.24,34.378,-88.8578,0.12970067710766434
2024-05-12 03:28:00,98699542,-0.4275534449604909,-0.5605604559489099,-0.294546433972072,34.377756449999964,-88.85918213085202,Union,-1.49,34.378,-88.8578,0.12970067710766434
2024-05-12 03:29:00,98699542,-0.5361428276836752,-0.7040201931475956,-0.36826546221975476,34.377756449999964,-88.85918213085202,Union,-1.3,34.378,-88.8578,0.12970067710766434
2024-05-12 03:30:00,98699542,-0.4519901647612643,-0.5930427771979391,-0.31093755232458953,34.377756449999964,-88.85918213085202,Union,-1.09,34.378,-88.8578,0.12970067710766434
2024-05-12 03:31:00,98699542,-1.347459229993275,-1.7668630855517877,-0.9280553744347624,34.377756449999964,-88.85918213085202,Union,-1.03,34.378,-88.8578,0.12970067710766434
2024-05-12 03:32:00,98699542,-0.020741460783496028,-0.03211155479784496,-0.009371366769147097,34.377756449999964,-88.85918213085202,Union,-0.69,34.378,-88.8578,0.12970067710766434
2024-05-12 03:33:00,98699542,-0.996374831876261,-1.3064761212024794,-0.6862735425500426,34.377756449999964,-88.85918213085202,Union,-0.56,34.378,-88.8578,0.12970067710766434
2024-05-12 03:34:00,98699542,-0.23435759656607263,-0.30740832420195185,-0.16130686893019341,34.377756449999964,-88.85918213085202,Union,0.02,34.378,-88.8578,0.12970067710766434
2024-05-12 03:35:00,98699542,-0.1469111285437332,-0.19332569403248717,-0.10049656305497921,34.377756449999964,-88.85918213085202,Union,0.21,34.378,-88.8578,0.12970067710766434
2024-05-12 03:36:00,98699542,0.5164703800121889,0.3553538719025636,0.6775868881218142,34.377756449999964,-88.85918213085202,Union,0.2,34.378,-88.8578,0.12970067710766434
2024-05-12 03:37:00,98699542,-0.5007726467930397,-0.6565487942914108,-0.34499649929466863,34.377756449999964,-88.85918213085202,Union,0.25,34.378,-88.8578,0.12970067710766434
2024-05-12 03:38:00,98699542,-0.3910807729488904,-0.513973240644319,-0.26818830525346177,34.377756449999964,-88.85918213085202,Union,1.01,34.378,-88.8578,0.12970067710766434
2024-05-12 03:39:00,98699542,-0.2605972957033877,-0.35672919188447155,-0.16446539952230382,34.377756449999964,-88.85918213085202,Union,1.75,34.378,-88.8578,0.12970067710766434
2024-05-12 03:40:00,98699542,-0.4815691067375588,-0.6339613471347197,-0.3291768663403979,34.377756449999964,-88.85918213085202,Union,0.57,34.378,-88.8578,0.12970067710766434
2024-05-12 03:41:00,98699542,-2.72819119872226,-3.577424798208169,-1.8789575992363505,34.377756449999964,-88.85918213085202,Union,-0.74,34.378,-88.8578,0.12970067710766434
2024-05-12 03:42:00,98699542,-4.425442375588433,-5.80442155356809,-3.0464631976087757,34.377756449999964,-88.85918213085202,Union,-1.61,34.378,-88.8578,0.12970067710766434
2024-05-12 03:43:00,98699542,-2.4274125756556826,-3.183178521649525,-1.6716466296618397,34.377756449999964,-88.85918213085202,Union,-0.75,34.378,-88.8578,0.12970067710766434
2024-05-12 03:44:00,98699542,-1.2858714326244116,-1.6865461381000801,-0.8851967271487431,34.377756449999964,-88.85918213085202,Union,0.16,34.378,-88.8578,0.12970067710766434
2024-05-12 03:45:00,98699542,-2.1969963643241424,-2.882570144195569,-1.5114225844527156,34.377756449999964,-88.85918213085202,Union,-0.53,34.378,-88.8578,0.12970067710766434
2024-05-12 03:46:00,98699542,-1.1450047547494957,-1.5042388235808986,-0.7857706859180927,34.377756449999964,-88.85918213085202,Union,-0.04,34.378,-88.8578,0.12970067710766434
2024-05-12 03:47:00,98699542,-1.6286888712592469,-2.1361877759954098,-1.1211899665230842,34.377756449999964,-88.85918213085202,Union,0.33,34.378,-88.8578,0.12970067710766434
2024-05-12 03:48:00,98699542,-1.285833342089778,-1.6860854658262725,-0.8855812183532836,34.377756449999964,-88.85918213085202,Union,0.45,34.378,-88.8578,0.12970067710766434
2024-05-12 03:49:00,98699542,-1.110033703555817,-1.4557209644229445,-0.7643464426886896,34.377756449999964,-88.85918213085202,Union,0.88,34.378,-88.8578,0.12970067710766434
2024-05-12 03:50:00,98699542,-1.0916780062626092,-1.431567279058382,-0.7517887334668365,34.377756449999964,-88.85918213085202,Union,0.74,34.378,-88.8578,0.12970067710766434
2024-05-12 03:51:00,98699542,-2.5931037743779424,-3.400384655658602,-1.7858228930972828,34.377756449999964,-88.85918213085202,Union,0.31,34.378,-88.8578,0.12970067710766434
2024-05-12 03:52:00,98699542,-1.8031704459482178,-2.3642002775736106,-1.242140614322825,34.377756449999964,-88.85918213085202,Union,0.18,34.378,-88.8578,0.12970067710766434
2024-05-12 03:53:00,98699542,-2.2935506157531944,-3.007539433823559,-1.57956179768283,34.377756449999964,-88.85918213085202,Union,0.16,34.378,-88.8578,0.12970067710766434
2024-05-12 03:54:00,98699542,-2.067390036566913,-2.710537873556963,-1.424242199576863,34.377756449999964,-88.85918213085202,Union,-0.27,34.378,-88.8578,0.12970067710766434
2024-05-12 03:55:00,98699542,-1.9967544237558843,-2.618158758673581,-1.3753500888381875,34.377756449999964,-88.85918213085202,Union,-0.39,34.378,-88.8578,0.12970067710766434
2024-05-12 03:56:00,98699542,-3.502957927034297,-4.593100440058592,-2.4128154140100024,34.377756449999964,-88.85918213085202,Union,-0.47,34.378,-88.8578,0.12970067710766434
2024-05-12 03:57:00,98699542,-2.9311795981842637,-3.8440181614206286,-2.0183410349478987,34.377756449999964,-88.85918213085202,Union,-0.84,34.378,-88.8578,0.12970067710766434
2024-05-12 03:58:00,98699542,-3.2098355014290516,-4.208498312098337,-2.211172690759766,34.377756449999964,-88.85918213085202,Union,-1.95,34.378,-88.8578,0.12970067710766434
2024-05-12 03:59:00,98699542,-3.484572020006725,-4.5689532076137045,-2.400190832399746,34.377756449999964,-88.85918213085202,Union,-1.75,34.378,-88.8578,0.12970067710766434
2024-05-12 04:00:00,98699542,-5.350685104236718,-7.0163470940445745,-3.685023114428862,34.377756449999964,-88.85918213085202,Union,-2.73,34.378,-88.8578,0.12970067710766434
2024-05-12 04:01:00,98699542,-5.327893829858776,-6.9868660051878795,-3.6689216545296723,34.377756449999964,-88.85918213085202,Union,-2.47,34.378,-88.8578,0.12970067710766434
2024-05-12 04:02:00,98699542,-5.8180165601882985,-7.630027095238166,-4.006006025138431,34.377756449999964,-88.85918213085202,Union,-3.21,34.378,-88.8578,0.12970067710766434
2024-05-12 04:03:00,98699542,-5.292246343308675,-6.939622782737315,-3.644869903880036,34.377756449999964,-88.85918213085202,Union,-3.04,34.378,-88.8578,0.12970067710766434
2024-05-12 04:04:00,98699542,-4.060682162071284,-5.323820255361904,-2.797544068780665,34.377756449999964,-88.85918213085202,Union,-2.71,34.378,-88.8578,0.12970067710766434
2024-05-12 04:05:00,98699542,-3.8080460343813045,-4.992222646952847,-2.6238694218097622,34.377756449999964,-88.85918213085202,Union,-3.75,34.378,-88.8578,0.12970067710766434
2024-05-12 04:06:00,98699542,-1.918485599150975,-2.5149560706760092,-1.3220151276259409,34.377756449999964,-88.85918213085202,Union,-1.97,34.378,-88.8578,0.12970067710766434
2024-05-12 04:07:00,98699542,0.5725680507103228,0.39382889642705377,0.7513072049935918,34.377756449999964,-88.85918213085202,Union,-1.18,34.378,-88.8578,0.12970067710766434
2024-05-12 04:08:00,98699542,0.32842233602681575,0.22345875171871865,0.43338592033491286,34.377756449999964,-88.85918213085202,Union,-1.34,34.378,-88.8578,0.12970067710766434
2024-05-12 04:09:00,98699542,0.6687637257271352,0.46029297297385113,0.8772344784804191,34.377756449999964,-88.85918213085202,Union,-1.35,34.378,-88.8578,0.12970067710766434
2024-05-12 04:10:00,98699542,2.0825921002858103,1.434277275559794,2.7309069250118267,34.377756449999964,-88.85918213085202,Union,-0.87,34.378,-88.8578,0.12970067710766434
2024-05-12 04:11:00,98699542,2.3368148957632817,1.6085665051991316,3.065063286327432,34.377756449999964,-88.85918213085202,Union,-1.06,34.378,-88.8578,0.12970067710766434
2024-05-12 04:12:00,98699542,3.2467334082885,2.2361207581380294,4.257346058438971,34.377756449999964,-88.85918213085202,Union,0.27,34.378,-88.8578,0.12970067710766434
2024-05-12 04:13:00,98699542,3.2745289908372563,2.2554750053049344,4.293582976369578,34.377756449999964,-88.85918213085202,Union,0.16,34.378,-88.8578,0.12970067710766434
2024-05-12 04:14:00,98699542,3.2543593960154675,2.241185332207385,4.26753345982355,34.377756449999964,-88.85918213085202,Union,0.03,34.378,-88.8578,0.12970067710766434
2024-05-12 04:15:00,98699542,3.74015556699731,2.5765861772967114,4.903724956697909,34.377756449999964,-88.85918213085202,Union,0.44,34.378,-88.8578,0.12970067710766434
2024-05-12 04:16:00,98699542,3.125231170141224,2.1527406306211794,4.097721709661268,34.377756449999964,-88.85918213085202,Union,-1.13,34.378,-88.8578,0.12970067710766434
2024-05-12 04:17:00,98699542,3.8771304430060525,2.6707329530128816,5.083527932999223,34.377756449999964,-88.85918213085202,Union,-0.21,34.378,-88.8578,0.12970067710766434
2024-05-12 04:18:00,98699542,3.5238486150806994,2.426628508110924,4.621068722050475,34.377756449999964,-88.85918213085202,Union,-0.69,34.378,-88.8578,0.12970067710766434
2024-05-12 04:19:00,98699542,2.6887477933759247,1.8498822594951312,3.5276133272567183,34.377756449999964,-88.85918213085202,Union,-0.11,34.378,-88.8578,0.12970067710766434
2024-05-12 04:20:00,98699542,4.514597869031607,3.108992707373649,5.9202030306895645,34.377756449999964,-88.85918213085202,Union,1.18,34.378,-88.8578,0.12970067710766434
2024-05-12 04:21:00,98699542,2.9993380127774043,2.0649698794247326,3.933706146130076,34.377756449999964,-88.85918213085202,Union,0.63,34.378,-88.8578,0.12970067710766434
2024-05-12 04:22:00,98699542,3.2287848856758576,2.2231859271069205,4.234383844244794,34.377756449999964,-88.85918213085202,Union,0.67,34.378,-88.8578,0.12970067710766434
2024-05-12 04:23:00,98699542,3.7606811112979153,2.590510056992838,4.930852165602992,34.377756449999964,-88.85918213085202,Union,1.86,34.378,-88.8578,0.12970067710766434
2024-05-12 04:24:00,98699542,3.3420346124747815,2.301709537065825,4.3823596878837385,34.377756449999964,-88.85918213085202,Union,1.02,34.378,-88.8578,0.12970067710766434
2024-05-12 04:25:00,98699542,3.23701112768998,2.2286450508866826,4.245377204493277,34.377756449999964,-88.85918213085202,Union,1.87,34.378,-88.8578,0.12970067710766434
2024-05-12 04:26:00,98699542,3.252821326496301,2.2407059052948837,4.2649367476977185,34.377756449999964,-88.85918213085202,Union,1.32,34.378,-88.8578,0.12970067710766434
2024-05-12 04:27:00,98699542,2.6382949100537996,1.8166978720855593,3.45989194802204,34.377756449999964,-88.85918213085202,Union,0.91,34.378,-88.8578,0.12970067710766434
2024-05-12 04:28:00,98699542,3.6368960680060525,2.5034862713901407,4.770305864621964,34.377756449999964,-88.85918213085202,Union,1.39,34.378,-88.8578,0.12970067710766434
2024-05-12 04:29:00,98699542,-0.4927828287869872,-0.7063938486104023,-0.2791718089635721,34.377756449999964,-88.85918213085202,Union,6.12,34.378,-88.8578,0.12970067710766434
2024-05-12 04:30:00,98699542,-9.175037827841292,-12.035619563990794,-6.31445609169179,34.377756449999964,-88.85918213085202,Union,10.85,34.378,-88.8578,0.12970067710766434
2024-05-12 04:31:00,98699542,-10.787953934095494,-14.15042201474618,-7.425485853444807,34.377756449999964,-88.85918213085202,Union,11.99,34.378,-88.8578,0.12970067710766434
2024-05-12 04:32:00,98699542,-1.5511926934473772,-2.148807477762536,-0.9535779091322187,34.377756449999964,-88.85918213085202,Union,10.91,34.378,-88.8578,0.12970067710766434
2024-05-12 04:33:00,98699542,-1.8897187079690652,-2.505908129115299,-1.2735292868228312,34.377756449999964,-88.85918213085202,Union,11.44,34.378,-88.8578,0.12970067710766434
2024-05-12 04:34:00,98699542,-6.070120733860121,-7.962184056055503,-4.1780574116647395,34.377756449999964,-88.85918213085202,Union,6.92,34.378,-88.8578,0.12970067710766434
2024-05-12 04:35:00,98699542,-6.987682309179556,-9.163378177838775,-4.811986440520338,34.377756449999964,-88.85918213085202,Union,0.66,34.378,-88.8578,0.12970067710766434
2024-05-12 04:36:00,98699542,-7.930275933086752,-10.401132850964554,-5.459419015208949,34.377756449999964,-88.85918213085202,Union,-2.57,34.378,-88.8578,0.12970067710766434
2024-05-12 04:37:00,98699542,-7.942567354572966,-10.413379547285118,-5.4717551618608145,34.377756449999964,-88.85918213085202,Union,-6.4,34.378,-88.8578,0.12970067710766434
2024-05-12 04:38:00,98699542,-8.25267947209146,-10.821223807698063,-5.684135136484857,34.377756449999964,-88.85918213085202,Union,-9.08,34.378,-88.8578,0.12970067710766434
2024-05-12 04:39:00,98699542,-6.743406397108272,-8.84477088354716,-4.642041910669384,34.377756449999964,-88.85918213085202,Union,-9.38,34.378,-88.8578,0.12970067710766434
2024-05-12 04:40:00,98699542,-5.015409591459314,-6.57791583669397,-3.4529033462246588,34.377756449999964,-88.85918213085202,Union,-9.19,34.378,-88.8578,0.12970067710766434
2024-05-12 04:41:00,98699542,-3.305181363483524,-4.3387057744381465,-2.271656952528901,34.377756449999964,-88.85918213085202,Union,-8.03,34.378,-88.8578,0.12970067710766434
2024-05-12 04:42:00,98699542,-4.083191041106255,-5.356632407620346,-2.8097496745921635,34.377756449999964,-88.85918213085202,Union,-7.11,34.378,-88.8578,0.12970067710766434
2024-05-12 04:43:00,98699542,-3.5136836962004034,-4.613571169938042,-2.413796222462765,34.377756449999964,-88.85918213085202,Union,-6.2,34.378,-88.8578,0.12970067710766434
2024-05-12 04:44:00,98699542,-2.2848003005211837,-2.996581747637939,-1.5730188534044283,34.377756449999964,-88.85918213085202,Union,-5.22,34.378,-88.8578,0.12970067710766434
2024-05-12 04:45:00,98699542,0.3553257463117855,0.2398246775918318,0.4708268150317392,34.377756449999964,-88.85918213085202,Union,-3.62,34.378,-88.8578,0.12970067710766434
2024-05-12 04:46:00,98699542,-0.3301574255527068,-0.43428594099910417,-0.22602891010630938,34.377756449999964,-88.85918213085202,Union,-3.58,34.378,-88.8578,0.12970067710766434
2024-05-12 04:47:00,98699542,2.019539130800269,1.3913180435545498,2.647760218045988,34.377756449999964,-88.85918213085202,Union,-2.56,34.378,-88.8578,0.12970067710766434
2024-05-12 04:48:00,98699542,0.49495825802790855,0.34044925752453786,0.6494672585312793,34.377756449999964,-88.85918213085202,Union,-2.92,34.378,-88.8578,0.12970067710766434
2024-05-12 04:49:00,98699542,2.380066041106254,1.6387263934821967,3.1214056887303117,34.377756449999964,-88.85918213085202,Union,-2.53,34.378,-88.8578,0.12970067710766434
2024-05-12 04:50:00,98699542,2.458364418712172,1.69310414553104,3.223624691893304,34.377756449999964,-88.85918213085202,Union,-2.15,34.378,-88.8578,0.12970067710766434
2024-05-12 04:51:00,98699542,2.950143430564896,2.0311514862205153,3.8691353749092765,34.377756449999964,-88.85918213085202,Union,-1.84,34.378,-88.8578,0.12970067710766434
2024-05-12 04:52:00,98699542,2.454542230581708,1.689087832366978,3.219996628796438,34.377756449999964,-88.85918213085202,Union,-2.23,34.378,-88.8578,0.12970067710766434
2024-05-12 04:53:00,98699542,2.9353143913920645,2.020594911795288,3.850033870988841,34.377756449999964,-88.85918213085202,Union,-1.99,34.378,-88.8578,0.12970067710766434
2024-05-12 04:54:00,98699542,4.308428253194351,2.9670967145138185,5.649759791874883,34.377756449999964,-88.85918213085202,Union,-1.22,34.378,-88.8578,0.12970067710766434
2024-05-12 04:55:00,98699542,4.435028055648957,3.0544034067933294,5.815652704504585,34.377756449999964,-88.85918213085202,Union,-0.69,34.378,-88.8578,0.12970067710766434
2024-05-12 04:56:00,98699542,3.707385886012105,2.5523985197300725,4.862373252294137,34.377756449999964,-88.85918213085202,Union,-0.79,34.378,-88.8578,0.12970067710766434
2024-05-12 04:57:00,98699542,3.0213018031271015,2.0787965939899777,3.9638070122642253,34.377756449999964,-88.85918213085202,Union,-0.7,34.378,-88.8578,0.12970067710766434
2024-05-12 04:58:00,98699542,3.2920361886348353,2.267402964374975,4.316669412894695,34.377756449999964,-88.85918213085202,Union,-0.64,34.378,-88.8578,0.12970067710766434
2024-05-12 04:59:00,98699542,3.3212739576328176,2.2874123927068872,4.355135522558748,34.377756449999964,-88.85918213085202,Union,-0.69,34.378,-88.8578,0.12970067710766434
2024-05-12 05:00:00,98699542,2.9931883616341626,2.060562118369306,3.9258146048990192,34.377756449999964,-88.85918213085202,Union,-0.32,34.378,-88.8578,0.12970067710766434
2024-05-12 05:01:00,98699542,2.9804385402656357,2.052346960611257,3.908530119920014,34.377756449999964,-88.85918213085202,Union,0.28,34.378,-88.8578,0.12970067710766434
2024-05-12 05:02:00,98699542,3.2281938256556826,2.2235209896406283,4.232866661670737,34.377756449999964,-88.85918213085202,Union,0.94,34.378,-88.8578,0.12970067710766434
2024-05-12 05:03:00,98699542,2.4960950634667114,1.7187975105901847,3.273392616343238,34.377756449999964,-88.85918213085202,Union,1.14,34.378,-88.8578,0.12970067710766434
2024-05-12 05:04:00,98699542,2.3866412554640215,1.642049211258494,3.131233299669549,34.377756449999964,-88.85918213085202,Union,1.01,34.378,-88.8578,0.12970067710766434
2024-05-12 05:05:00,98699542,2.4775935713685273,1.7056835521106783,3.249503590626376,34.377756449999964,-88.85918213085202,Union,1.08,34.378,-88.8578,0.12970067710766434
2024-05-12 05:06:00,98699542,2.2388972658876933,1.5416195267287631,2.9361750050466235,34.377756449999964,-88.85918213085202,Union,1.09,34.378,-88.8578,0.12970067710766434
2024-05-12 05:07:00,98699542,1.9401183958893746,1.3367217195586305,2.543515072220119,34.377756449999964,-88.85918213085202,Union,0.62,34.378,-88.8578,0.12970067710766434
2024-05-12 05:08:00,98699542,1.6513757250336247,1.1374059345845333,2.1653455154827164,34.377756449999964,-88.85918213085202,Union,-0.08,34.378,-88.8578,0.12970067710766434
2024-05-12 05:09:00,98699542,1.8023258868527237,1.2413272679210703,2.363324505784377,34.377756449999964,-88.85918213085202,Union,-0.62,34.378,-88.8578,0.12970067710766434
2024-05-12 05:10:00,98699542,2.507132124243443,1.7266242468440582,3.2876400016428278,34.377756449999964,-88.85918213085202,Union,-0.25,34.378,-88.8578,0.12970067710766434
2024-05-12 05:11:00,98699542,1.6005767432330196,1.1024559748113498,2.0986975116546893,34.377756449999964,-88.85918213085202,Union,0.34,34.378,-88.8578,0.12970067710766434
2024-05-12 05:12:00,98699542,2.364485698974445,1.627967158071712,3.101004239877178,34.377756449999964,-88.85918213085202,Union,0.23,34.378,-88.8578,0.12970067710766434
2024-05-12 05:13:00,98699542,3.3232178883658374,2.288538092728503,4.357897684003172,34.377756449999964,-88.85918213085202,Union,-0.16,34.378,-88.8578,0.12970067710766434
2024-05-12 05:14:00,98699542,3.365573249411567,2.3176276341924087,4.413518864630725,34.377756449999964,-88.85918213085202,Union,-0.33,34.378,-88.8578,0.12970067710766434
2024-05-12 05:15:00,98699542,2.856632481506389,1.9669335878037697,3.746331375209008,34.377756449999964,-88.85918213085202,Union,0.12,34.378,-88.8578,0.12970067710766434
2024-05-12 05:16:00,98699542,2.965752668964358,2.042012196526133,3.889493141402583,34.377756449999964,-88.85918213085202,Union,0.67,34.378,-88.8578,0.12970067710766434
2024-05-12 05:17:00,98699542,1.9516204238819772,1.343548516786296,2.5596923309776587,34.377756449999964,-88.85918213085202,Union,0.88,34.378,-88.8578,0.12970067710766434
2024-05-12 05:18:00,98699542,1.7109125441324815,1.1782875808918503,2.2435375073731127,34.377756449999964,-88.85918213085202,Union,0.44,34.378,-88.8578,0.12970067710766434
2024-05-12 05:19:00,98699542,1.0823346608103563,0.7454041795770763,1.4192651420436364,34.377756449999964,-88.85918213085202,Union,-0.37,34.378,-88.8578,0.12970067710766434
2024-05-12 05:20:00,98699542,1.0065748859910895,0.6931550245872997,1.3199947473948792,34.377756449999964,-88.85918213085202,Union,-0.73,34.378,-88.8578,0.12970067710766434
2024-05-12 05:21:00,98699542,1.3084840755295897,0.9012312020394495,1.7157369490197298,34.377756449999964,-88.85918213085202,Union,-0.61,34.378,-88.8578,0.12970067710766434
2024-05-12 05:22:00,98699542,1.5143870576244116,1.0427818418861277,1.9859922733626956,34.377756449999964,-88.85918213085202,Union,-0.51,34.378,-88.8578,0.12970067710766434
2024-05-12 05:23:00,98699542,1.2923665255127774,0.889999852644463,1.6947331983810918,34.377756449999964,-88.85918213085202,Union,-0.52,34.378,-88.8578,0.12970067710766434
2024-05-12 05:24:00,98699542,1.6565008721418963,1.1409355043249234,2.1720662399588693,34.377756449999964,-88.85918213085202,Union,-0.27,34.378,-88.8578,0.12970067710766434
2024-05-12 05:25:00,98699542,1.0048388113651647,0.6923835874468174,1.317294035283512,34.377756449999964,-88.85918213085202,Union,-0.57,34.378,-88.8578,0.12970067710766434
2024-05-12 05:26:00,98699542,0.661187978101883,0.4554783769968508,0.8668975792069152,34.377756449999964,-88.85918213085202,Union,-0.61,34.378,-88.8578,0.12970067710766434
2024-05-12 05:27:00,98699542,0.6837727098394418,0.4710229069509496,0.896522512727934,34.377756449999964,-88.85918213085202,Union,-0.82,34.378,-88.8578,0.12970067710766434
2024-05-12 05:28:00,98699542,0.8732586715072294,0.6014742687378278,1.1450430742766309,34.377756449999964,-88.85918213085202,Union,-0.92,34.378,-88.8578,0.12970067710766434
2024-05-12 05:29:00,98699542,0.9449526101210491,0.6508335162664391,1.2390717039756591,34.377756449999964,-88.85918213085202,Union,-1.05,34.378,-88.8578,0.12970067710766434
2024-05-12 05:30:00,98699542,0.7506124038542367,0.5168476949878704,0.9843771127206029,34.377756449999964,-88.85918213085202,Union,-0.84,34.378,-88.8578,0.12970067710766434
2024-05-12 05:31:00,98699542,0.8778206697629455,0.6043374158410444,1.1513039236848466,34.377756449999964,-88.85918213085202,Union,-0.6,34.378,-88.8578,0.12970067710766434
2024-05-12 05:32:00,98699542,1.121868038626429,0.7725818149681616,1.4711542622846965,34.377756449999964,-88.85918213085202,Union,-0.17,34.378,-88.8578,0.12970067710766434
2024-05-12 05:33:00,98699542,0.969852655304304,0.6682039420723771,1.2715013685362309,34.377756449999964,-88.85918213085202,Union,0.14,34.378,-88.8578,0.12970067710766434
2024-05-12 05:34:00,98699542,1.315395537365501,0.9058678713738882,1.7249232033571138,34.377756449999964,-88.85918213085202,Union,0.09,34.378,-88.8578,0.12970067710766434
2024-05-12 05:35:00,98699542,1.0632880800268998,0.7322870907142676,1.394289069339532,34.377756449999964,-88.85918213085202,Union,0.26,34.378,-88.8578,0.12970067710766434
2024-05-12 05:36:00,98699542,1.4081597805985204,0.9695662523150665,1.8467533088819743,34.377756449999964,-88.85918213085202,Union,0.23,34.378,-88.8578,0.12970067710766434
2024-05-12 05:37:00,98699542,1.1587015856170142,0.7981613005359929,1.5192418706980355,34.377756449999964,-88.85918213085202,Union,0.18,34.378,-88.8578,0.12970067710766434
2024-05-12 05:38:00,98699542,0.7084340324478816,0.4864714993857061,0.9303965655100571,34.377756449999964,-88.85918213085202,Union,0.72,34.378,-88.8578,0.12970067710766434
2024-05-12 05:39:00,98699542,1.088061375672495,0.7483312575046399,1.4277914938403502,34.377756449999964,-88.85918213085202,Union,0.84,34.378,-88.8578,0.12970067710766434
2024-05-12 05:40:00,98699542,0.8191967100285811,0.5620404513144615,1.0763529687427007,34.377756449999964,-88.85918213085202,Union,0.91,34.378,-88.8578,0.12970067710766434
2024-05-12 05:41:00,98699542,1.2155668134246806,0.8358569348784161,1.5952766919709451,34.377756449999964,-88.85918213085202,Union,1.17,34.378,-88.8578,0.12970067710766434
2024-05-12 05:42:00,98699542,1.043848115963349,0.7171655242256505,1.3705307077010476,34.377756449999964,-88.85918213085202,Union,1.37,34.378,-88.8578,0.12970067710766434
2024-05-12 05:43:00,98699542,1.0673351993317082,0.7335698861569496,1.4011005125064666,34.377756449999964,-88.85918213085202,Union,1.31,34.378,-88.8578,0.12970067710766434
2024-05-12 05:44:00,98699542,1.2854721387441157,0.8840429365628366,1.6869013409253948,34.377756449999964,-88.85918213085202,Union,1.25,34.378,-88.8578,0.12970067710766434
2024-05-12 05:45:00,98699542,1.1079400376176867,0.7618696103030111,1.4540104649323622,34.377756449999964,-88.85918213085202,Union,1.04,34.378,-88.8578,0.12970067710766434
2024-05-12 05:46:00,98699542,0.7533572209145931,0.5173130893609166,0.9894013524682697,34.377756449999964,-88.85918213085202,Union,0.92,34.378,-88.8578,0.12970067710766434
2024-05-12 05:47:00,98699542,0.4665464954081204,0.3204015083670005,0.6126914824492402,34.377756449999964,-88.85918213085202,Union,0.61,34.378,-88.8578,0.12970067710766434
2024-05-12 05:48:00,98699542,0.12380675653843728,0.08269127581975128,0.1649222372571233,34.377756449999964,-88.85918213085202,Union,0.21,34.378,-88.8578,0.12970067710766434
2024-05-12 05:49:00,98699542,0.4041661850622058,0.2780005273400155,0.5303318427843962,34.377756449999964,-88.85918213085202,Union,-0.04,34.378,-88.8578,0.12970067710766434
2024-05-12 05:50:00,98699542,0.45424423782153667,0.3124467600042202,0.5960417156388531,34.377756449999964,-88.85918213085202,Union,-0.26,34.378,-88.8578,0.12970067710766434
2024-05-12 05:51:00,98699542,0.4061488630632145,0.27984758715341423,0.5324501389730147,34.377756449999964,-88.85918213085202,Union,-0.48,34.378,-88.8578,0.12970067710766434
2024-05-12 05:52:00,98699542,0.36179424149924344,0.2487031255202498,0.47488535747823707,34.377756449999964,-88.85918213085202,Union,-0.52,34.378,-88.8578,0.12970067710766434
2024-05-12 05:53:00,98699542,0.09889363825681952,0.060094907254436544,0.13769236925920247,34.377756449999964,-88.85918213085202,Union,-0.38,34.378,-88.8578,0.12970067710766434
2024-05-12 05:54:00,98699542,-0.03986533856985147,-0.05813083153424243,-0.021599845605460515,34.377756449999964,-88.85918213085202,Union,-0.38,34.378,-88.8578,0.12970067710766434
2024-05-12 05:55:00,98699542,0.39373725937289844,0.27126194374543805,0.5162125750003589,34.377756449999964,-88.85918213085202,Union,-0.51,34.378,-88.8578,0.12970067710766434
2024-05-12 05:56:00,98699542,0.13494983870628782,0.09255928962717896,0.17734038778539668,34.377756449999964,-88.85918213085202,Union,-0.6,34.378,-88.8578,0.12970067710766434
2024-05-12 05:57:00,98699542,-0.049513344165055484,-0.06809305022562456,-0.0309336381044864,34.377756449999964,-88.85918213085202,Union,-0.76,34.378,-88.8578,0.12970067710766434
2024-05-12 05:58:00,98699542,0.09244414729084356,0.06280305945569556,0.12208523512599156,34.377756449999964,-88.85918213085202,Union,-0.89,34.378,-88.8578,0.12970067710766434
2024-05-12 05:59:00,98699542,-0.37270126907153667,-0.49041822190696,-0.25498431623611334,34.377756449999964,-88.85918213085202,Union,-1.13,34.378,-88.8578,0.12970067710766434
2024-05-12 06:00:00,98699542,-0.23419078629371218,-0.3076233600681501,-0.16075821251927425,34.377756449999964,-88.85918213085202,Union,-0.87,34.378,-88.8578,0.12970067710766434
2024-05-12 06:01:00,98699542,-0.3952351039740249,-0.5186750423839676,-0.2717951655640823,34.377756449999964,-88.85918213085202,Union,-0.86,34.378,-88.8578,0.12970067710766434
2024-05-12 06:02:00,98699542,-0.054906818156444395,-0.07791388579328574,-0.031899750519603046,34.377756449999964,-88.85918213085202,Union,-0.67,34.378,-88.8578,0.12970067710766434
2024-05-12 06:03:00,98699542,-0.19649207519859616,-0.2596948611225276,-0.1332892892746647,34.377756449999964,-88.85918213085202,Union,-0.28,34.378,-88.8578,0.12970067710766434
2024-05-12 06:04:00,98699542,-0.11970303502753027,-0.15915901531303878,-0.08024705474202178,34.377756449999964,-88.85918213085202,Union,-0.29,34.378,-88.8578,0.12970067710766434
2024-05-12 06:05:00,98699542,-0.596194033183423,-0.782736246736943,-0.40965181962990305,34.377756449999964,-88.85918213085202,Union,-0.46,34.378,-88.8578,0.12970067710766434
2024-05-12 06:06:00,98699542,-0.710950634667115,-0.9328830926157577,-0.48901817671847214,34.377756449999964,-88.85918213085202,Union,-0.57,34.378,-88.8578,0.12970067710766434
2024-05-12 06:07:00,98699542,-0.769680985205111,-1.0095468265321441,-0.5298151438780779,34.377756449999964,-88.85918213085202,Union,-0.76,34.378,-88.8578,0.12970067710766434
2024-05-12 06:08:00,98699542,-0.9495274146772025,-1.2451345426706029,-0.653920286683802,34.377756449999964,-88.85918213085202,Union,-0.79,34.378,-88.8578,0.12970067710766434
2024-05-12 06:09:00,98699542,-0.7189647518073302,-0.9431890371247114,-0.49474046648994907,34.377756449999964,-88.85918213085202,Union,-0.95,34.378,-88.8578,0.12970067710766434
2024-05-12 06:10:00,98699542,-0.5771628856338265,-0.7571991770918123,-0.39712659417584056,34.377756449999964,-88.85918213085202,Union,-1.01,34.378,-88.8578,0.12970067710766434
2024-05-12 06:11:00,98699542,-0.45373280672074645,-0.5953375960028072,-0.3121280174386857,34.377756449999964,-88.85918213085202,Union,-0.9,34.378,-88.8578,0.12970067710766434
2024-05-12 06:12:00,98699542,-0.2687877457496217,-0.3531573363204305,-0.18441815517881294,34.377756449999964,-88.85918213085202,Union,-0.82,34.378,-88.8578,0.12970067710766434
2024-05-12 06:13:00,98699542,-0.15526957919153497,-0.20420807422986262,-0.10633108415320733,34.377756449999964,-88.85918213085202,Union,-0.89,34.378,-88.8578,0.12970067710766434
2024-05-12 06:14:00,98699542,0.10789086470767485,0.0732823078947954,0.1424994215205543,34.377756449999964,-88.85918213085202,Union,-0.93,34.378,-88.8578,0.12970067710766434
2024-05-12 06:15:00,98699542,-0.05271425227952148,-0.0738700044514417,-0.03155850010760125,34.377756449999964,-88.85918213085202,Union,-0.89,34.378,-88.8578,0.12970067710766434
2024-05-12 06:16:00,98699542,0.052735467845349805,0.03173652792111365,0.07373440776958595,34.377756449999964,-88.85918213085202,Union,-0.62,34.378,-88.8578,0.12970067710766434
2024-05-12 06:17:00,98699542,0.30434878977177204,0.20961727999644075,0.39908029954710333,34.377756449999964,-88.85918213085202,Union,-0.42,34.378,-88.8578,0.12970067710766434
2024-05-12 06:18:00,98699542,0.15766041697314223,0.1082371032867315,0.20708373065955296,34.377756449999964,-88.85918213085202,Union,-0.33,34.378,-88.8578,0.12970067710766434
2024-05-12 06:19:00,98699542,-0.005484482788286036,-0.013470152449997212,0.0025011868734251402,34.377756449999964,-88.85918213085202,Union,-0.31,34.378,-88.8578,0.12970067710766434
2024-05-12 06:20:00,98699542,-0.10719140263796655,-0.14136860111993807,-0.07301420415599502,34.377756449999964,-88.85918213085202,Union,-0.38,34.378,-88.8578,0.12970067710766434
2024-05-12 06:21:00,98699542,-0.23049165357578177,-0.30288402668934317,-0.15809928046222038,34.377756449999964,-88.85918213085202,Union,-0.42,34.378,-88.8578,0.12970067710766434
2024-05-12 06:22:00,98699542,-0.2961614592089778,-0.389165371067414,-0.2031575473505416,34.377756449999964,-88.85918213085202,Union,-0.64,34.378,-88.8578,0.12970067710766434
2024-05-12 06:23:00,98699542,-0.3779633450844822,-0.4964565531490255,-0.25947013701993893,34.377756449999964,-88.85918213085202,Union,-0.86,34.378,-88.8578,0.12970067710766434
2024-05-12 06:24:00,98699542,-0.2896066035852387,-0.3804654453255621,-0.19874776184491533,34.377756449999964,-88.85918213085202,Union,-0.94,34.378,-88.8578,0.12970067710766434
2024-05-12 06:25:00,98699542,-0.2098276206287828,-0.2758172627700437,-0.1438379784875219,34.377756449999964,-88.85918213085202,Union,-0.98,34.378,-88.8578,0.12970067710766434
2024-05-12 06:26:00,98699542,0.047259260843324435,0.030374111577045265,0.0641444101096036,34.377756449999964,-88.85918213085202,Union,-1.05,34.378,-88.8578,0.12970067710766434
2024-05-12 06:27:00,98699542,-0.17604000294216543,-0.23174460349500417,-0.12033540238932669,34.377756449999964,-88.85918213085202,Union,-0.89,34.378,-88.8578,0.12970067710766434
2024-05-12 06:28:00,98699542,0.11709362817596251,0.08047233048301795,0.15371492586890706,34.377756449999964,-88.85918213085202,Union,-0.64,34.378,-88.8578,0.12970067710766434
2024-05-12 06:29:00,98699542,-0.13685391393378027,-0.17999795312835729,-0.09370987473920325,34.377756449999964,-88.85918213085202,Union,-0.63,34.378,-88.8578,0.12970067710766434
2024-05-12 06:30:00,98699542,-0.526004999054304,-0.6900447421276512,-0.36196525598095675,34.377756449999964,-88.85918213085202,Union,-0.88,34.378,-88.8578,0.12970067710766434
2024-05-12 06:31:00,98699542,-0.5055663077399967,-0.6638153007802807,-0.3473173146997126,34.377756449999964,-88.85918213085202,Union,-1.13,34.378,-88.8578,0.12970067710766434
2024-05-12 06:32:00,98699542,-0.24501761030493444,-0.32160673703746223,-0.16842848357240667,34.377756449999964,-88.85918213085202,Union,-1.12,34.378,-88.8578,0.12970067710766434
2024-05-12 06:33:00,98699542,-0.6087077589105582,-0.7985646953681622,-0.41885082245295413,34.377756449999964,-88.85918213085202,Union,-1.03,34.378,-88.8578,0.12970067710766434
2024-05-12 06:34:00,98699542,-0.5580903638828177,-0.7321128463104215,-0.384067881455214,34.377756449999964,-88.85918213085202,Union,-0.69,34.378,-88.8578,0.12970067710766434
2024-05-12 06:35:00,98699542,-0.4717703167030935,-0.6187466886249581,-0.3247939447812289,34.377756449999964,-88.85918213085202,Union,-0.55,34.378,-88.8578,0.12970067710766434
2024-05-12 06:36:00,98699542,0.06779953033714063,0.04298301975296282,0.09261604092131845,34.377756449999964,-88.85918213085202,Union,-0.43,34.378,-88.8578,0.12970067710766434
2024-05-12 06:37:00,98699542,0.08625121331487474,0.05876795626389829,0.1137344703658512,34.377756449999964,-88.85918213085202,Union,-0.51,34.378,-88.8578,0.12970067710766434
2024-05-12 06:38:00,98699542,-0.2107761077778245,-0.2767031329586046,-0.14484908259704435,34.377756449999964,-88.85918213085202,Union,-0.58,34.378,-88.8578,0.12970067710766434
2024-05-12 06:39:00,98699542,0.0029589035964765723,-0.002236089136824782,0.008153896329777926,34.377756449999964,-88.85918213085202,Union,-0.62,34.378,-88.8578,0.12970067710766434
2024-05-12 06:40:00,98699542,-0.19770522589000505,-0.25956481460081265,-0.13584563717919745,34.377756449999964,-88.85918213085202,Union,-0.73,34.378,-88.8578,0.12970067710766434
2024-05-12 06:41:00,98699542,0.006518034183025039,-0.001692797708693552,0.014728866074743632,34.377756449999964,-88.85918213085202,Union,-0.69,34.378,-88.8578,0.12970067710766434
2024-05-12 06:42:00,98699542,0.22772943308149798,0.1568393597113,0.298619506451696,34.377756449999964,-88.85918213085202,Union,-0.6,34.378,-88.8578,0.12970067710766434
2024-05-12 06:43:00,98699542,0.13445154227261263,0.0912210399257302,0.17768204461949505,34.377756449999964,-88.85918213085202,Union,-0.66,34.378,-88.8578,0.12970067710766434
2024-05-12 06:44:00,98699542,0.3863818457885003,0.26582217006900355,0.5069415215079971,34.377756449999964,-88.85918213085202,Union,-0.64,34.378,-88.8578,0.12970067710766434
2024-05-12 06:45:00,98699542,0.8535980450361466,0.5878446103112088,1.1193514797610842,34.377756449999964,-88.85918213085202,Union,-0.63,34.378,-88.8578,0.12970067710766434
2024-05-12 06:46:00,98699542,0.8904105765593476,0.613381291935689,1.1674398611830061,34.377756449999964,-88.85918213085202,Union,-0.45,34.378,-88.8578,0.12970067710766434
2024-05-12 06:47:00,98699542,0.5334674601756894,0.36745611518830146,0.6994788051630773,34.377756449999964,-88.85918213085202,Union,-0.23,34.378,-88.8578,0.12970067710766434
2024-05-12 06:48:00,98699542,0.4858074996322293,0.3344537811138649,0.6371612181505937,34.377756449999964,-88.85918213085202,Union,-0.11,34.378,-88.8578,0.12970067710766434
2024-05-12 06:49:00,98699542,0.4235291471397949,0.2917576156578442,0.5553006786217456,34.377756449999964,-88.85918213085202,Union,-0.22,34.378,-88.8578,0.12970067710766434
2024-05-12 06:50:00,98699542,0.5328507875546402,0.36700153517654444,0.698700039932736,34.377756449999964,-88.85918213085202,Union,-0.24,34.378,-88.8578,0.12970067710766434
2024-05-12 06:51:00,98699542,0.43977426761096167,0.30234431270283213,0.5772042225190912,34.377756449999964,-88.85918213085202,Union,-0.29,34.378,-88.8578,0.12970067710766434
2024-05-12 06:52:00,98699542,0.4024818281880464,0.2770420540546117,0.5279216023214811,34.377756449999964,-88.85918213085202,Union,-0.21,34.378,-88.8578,0.12970067710766434
2024-05-12 06:53:00,98699542,0.5496165333935776,0.3783424141380329,0.7208906526491223,34.377756449999964,-88.85918213085202,Union,-0.19,34.378,-88.8578,0.12970067710766434
2024-05-12 06:54:00,98699542,0.5067799509814224,0.3490302926158959,0.6645296093469488,34.377756449999964,-88.85918213085202,Union,-0.23,34.378,-88.8578,0.12970067710766434
2024-05-12 06:55:00,98699542,0.3023776046044889,0.2068337623308619,0.3979214468781159,34.377756449999964,-88.85918213085202,Union,-0.25,34.378,-88.8578,0.12970067710766434
2024-05-12 06:56:00,98699542,0.21006970896204608,0.14377605279344574,0.2763633651306464,34.377756449999964,-88.85918213085202,Union,-0.1,34.378,-88.8578,0.12970067710766434
2024-05-12 06:57:00,98699542,0.20423208825445527,0.14042536681301881,0.2680388096958917,34.377756449999964,-88.85918213085202,Union,-0.0,34.378,-88.8578,0.12970067710766434
2024-05-12 06:58:00,98699542,0.1941418727933759,0.13355534667573404,0.2547283989110178,34.377756449999964,-88.85918213085202,Union,-0.08,34.378,-88.8578,0.12970067710766434
2024-05-12 06:59:00,98699542,0.10249321430260172,0.06941722334178796,0.13556920526341548,34.377756449999964,-88.85918213085202,Union,-0.09,34.378,-88.8578,0.12970067710766434
2024-05-12 07:00:00,98699542,0.14681709253635675,0.10108596190765878,0.1925482231650547,34.377756449999964,-88.85918213085202,Union,-0.1,34.378,-88.8578,0.12970067710766434
2024-05-12 07:01:00,98699542,0.459953056699731,0.31679019950170273,0.6031159138977593,34.377756449999964,-88.85918213085202,Union,-0.0,34.378,-88.8578,0.12970067710766434
2024-05-12 07:02:00,98699542,0.40614229572965704,0.27955148808751396,0.5327331033718001,34.377756449999964,-88.85918213085202,Union,-0.02,34.378,-88.8578,0.12970067710766434
2024-05-12 07:03:00,98699542,0.5354966020616173,0.36834260910686434,0.7026505950163703,34.377756449999964,-88.85918213085202,Union,-0.01,34.378,-88.8578,0.12970067710766434
2024-05-12 07:04:00,98699542,0.5521242697125084,0.3799761989219532,0.7242723405030635,34.377756449999964,-88.85918213085202,Union,0.03,34.378,-88.8578,0.12970067710766434
2024-05-12 07:05:00,98699542,0.38102520017232683,0.2621781616230058,0.4998722387216479,34.377756449999964,-88.85918213085202,Union,0.04,34.378,-88.8578,0.12970067710766434
2024-05-12 07:06:00,98699542,0.7188875856380296,0.49490977110846535,0.9428654001675938,34.377756449999964,-88.85918213085202,Union,0.03,34.378,-88.8578,0.12970067710766434
2024-05-12 07:07:00,98699542,0.36286898563592807,0.24978845503100713,0.475949516240849,34.377756449999964,-88.85918213085202,Union,-0.01,34.378,-88.8578,0.12970067710766434
2024-05-12 07:08:00,98699542,0.5478784885675857,0.37736896360795635,0.718388013527215,34.377756449999964,-88.85918213085202,Union,-0.05,34.378,-88.8578,0.12970067710766434
2024-05-12 07:09:00,98699542,0.6839753120796906,0.47117273170448337,0.8967778924548979,34.377756449999964,-88.85918213085202,Union,0.08,34.378,-88.8578,0.12970067710766434
2024-05-12 07:10:00,98699542,0.4825042950361466,0.3325258753412573,0.6324827147310359,34.377756449999964,-88.85918213085202,Union,-0.11,34.378,-88.8578,0.12970067710766434
2024-05-12 07:11:00,98699542,0.35357686538542366,0.24345120160492245,0.46370252916592486,34.377756449999964,-88.85918213085202,Union,-0.08,34.378,-88.8578,0.12970067710766434
2024-05-12 07:12:00,98699542,0.44918607751555145,0.30946861661977276,0.5889035384113301,34.377756449999964,-88.85918213085202,Union,-0.2,34.378,-88.8578,0.12970067710766434
2024-05-12 07:13:00,98699542,0.2459788216627438,0.16932289928728161,0.32263474403820597,34.377756449999964,-88.85918213085202,Union,-0.27,34.378,-88.8578,0.12970067710766434
2024-05-12 07:14:00,98699542,0.035961194734246284,0.021433389781114608,0.05048899968737796,34.377756449999964,-88.85918213085202,Union,-0.44,34.378,-88.8578,0.12970067710766434
2024-05-12 07:15:00,98699542,0.13026507235888113,0.0875142976868643,0.17301584703089795,34.377756449999964,-88.85918213085202,Union,-0.41,34.378,-88.8578,0.12970067710766434
2024-05-12 07:16:00,98699542,-0.07706289798041359,-0.10306727829489237,-0.0510585176659348,34.377756449999964,-88.85918213085202,Union,-0.41,34.378,-88.8578,0.12970067710766434
2024-05-12 07:17:00,98699542,-0.04633131713456729,-0.06294511005735283,-0.02971752421178175,34.377756449999964,-88.85918213085202,Union,-0.3,34.378,-88.8578,0.12970067710766434
2024-05-12 07:18:00,98699542,0.051627327791379456,0.03547283333889922,0.06778182224385969,34.377756449999964,-88.85918213085202,Union,-0.14,34.378,-88.8578,0.12970067710766434
2024-05-12 07:19:00,98699542,0.05783216505942124,0.03902755395468553,0.07663677616415694,34.377756449999964,-88.85918213085202,Union,-0.26,34.378,-88.8578,0.12970067710766434
2024-05-12 07:20:00,98699542,0.13023564249537659,0.08950939452289289,0.17096189046786028,34.377756449999964,-88.85918213085202,Union,-0.18,34.378,-88.8578,0.12970067710766434
2024-05-12 07:21:00,98699542,-0.28175075918375925,-0.36960754871154333,-0.1938939696559752,34.377756449999964,-88.85918213085202,Union,-0.16,34.378,-88.8578,0.12970067710766434
2024-05-12 07:22:00,98699542,-0.3311541826033961,-0.4344299032762749,-0.22787846193051725,34.377756449999964,-88.85918213085202,Union,-0.24,34.378,-88.8578,0.12970067710766434
2024-05-12 07:23:00,98699542,-0.3681821226672831,-0.48331220230253397,-0.25305204303203227,34.377756449999964,-88.85918213085202,Union,-0.36,34.378,-88.8578,0.12970067710766434
2024-05-12 07:24:00,98699542,-0.38101239387188973,-0.4999255557477286,-0.26209923199605084,34.377756449999964,-88.85918213085202,Union,-0.4,34.378,-88.8578,0.12970067710766434
2024-05-12 07:25:00,98699542,-0.17761632717930398,-0.2333042463777292,-0.12192840798087876,34.377756449999964,-88.85918213085202,Union,-0.33,34.378,-88.8578,0.12970067710766434
2024-05-12 07:26:00,98699542,-0.17368799452021688,-0.2282036972289661,-0.11917229181146766,34.377756449999964,-88.85918213085202,Union,-0.36,34.378,-88.8578,0.12970067710766434
2024-05-12 07:27:00,98699542,-0.15775219545960828,-0.20762646610591123,-0.10787792481330534,34.377756449999964,-88.85918213085202,Union,-0.46,34.378,-88.8578,0.12970067710766434
2024-05-12 07:28:00,98699542,-0.03199323745245251,-0.04407625054889764,-0.019910224356007374,34.377756449999964,-88.85918213085202,Union,-0.5,34.378,-88.8578,0.12970067710766434
2024-05-12 07:29:00,98699542,-0.0017320460012957965,-0.003817427255318346,0.0003533352527267529,34.377756449999964,-88.85918213085202,Union,-0.55,34.378,-88.8578,0.12970067710766434
2024-05-12 07:30:00,98699542,-0.06226860410668502,-0.08201593980769577,-0.04252126840567427,34.377756449999964,-88.85918213085202,Union,-0.45,34.378,-88.8578,0.12970067710766434
2024-05-12 07:31:00,98699542,0.002048852745125417,-0.0025193376059816377,0.006617043096232471,34.377756449999964,-88.85918213085202,Union,-0.4,34.378,-88.8578,0.12970067710766434
2024-05-12 07:32:00,98699542,0.2014748753520091,0.138458550996385,0.2644911997076332,34.377756449999964,-88.85918213085202,Union,-0.35,34.378,-88.8578,0.12970067710766434
2024-05-12 07:33:00,98699542,0.08806330482672747,0.05911323439205026,0.11701337526140468,34.377756449999964,-88.85918213085202,Union,-0.43,34.378,-88.8578,0.12970067710766434
2024-05-12 07:34:00,98699542,0.20757798051866175,0.14241749638037973,0.27273846465694374,34.377756449999964,-88.85918213085202,Union,-0.44,34.378,-88.8578,0.12970067710766434
2024-05-12 07:35:00,98699542,-0.08589715194445612,-0.11444000226160846,-0.057354301627303775,34.377756449999964,-88.85918213085202,Union,-0.43,34.378,-88.8578,0.12970067710766434
2024-05-12 07:36:00,98699542,-0.032940046852999436,-0.046021352003833664,-0.019858741702165207,34.377756449999964,-88.85918213085202,Union,-0.43,34.378,-88.8578,0.12970067710766434
2024-05-12 07:37:00,98699542,0.0540028554766308,0.032823693379133746,0.07518201757412785,34.377756449999964,-88.85918213085202,Union,-0.45,34.378,-88.8578,0.12970067710766434
2024-05-12 07:38:00,98699542,0.14070544983607935,0.09682614750742102,0.1845847521647377,34.377756449999964,-88.85918213085202,Union,-0.34,34.378,-88.8578,0.12970067710766434
2024-05-12 07:39:00,98699542,0.28676327652151984,0.1972981282494536,0.3762284247935861,34.377756449999964,-88.85918213085202,Union,-0.14,34.378,-88.8578,0.12970067710766434
2024-05-12 07:40:00,98699542,0.4786146275533793,0.3294774052727705,0.6277518498339881,34.377756449999964,-88.85918213085202,Union,0.02,34.378,-88.8578,0.12970067710766434
2024-05-12 07:41:00,98699542,0.5769865527278076,0.39732535869673236,0.7566477467588829,34.377756449999964,-88.85918213085202,Union,0.12,34.378,-88.8578,0.12970067710766434
2024-05-12 07:42:00,98699542,0.37740840539887355,0.2596451409319855,0.4951716698657616,34.377756449999964,-88.85918213085202,Union,-0.04,34.378,-88.8578,0.12970067710766434
2024-05-12 07:43:00,98699542,0.2432037127763534,0.16705587466440747,0.3193515508882993,34.377756449999964,-88.85918213085202,Union,-0.08,34.378,-88.8578,0.12970067710766434
2024-05-12 07:44:00,98699542,0.19698987908225454,0.13561892612643392,0.25836083203807514,34.377756449999964,-88.85918213085202,Union,0.01,34.378,-88.8578,0.12970067710766434
2024-05-12 07:45:00,98699542,0.2747311005274882,0.189182148945483,0.36028005210949343,34.377756449999964,-88.85918213085202,Union,-0.07,34.378,-88.8578,0.12970067710766434
2024-05-12 07:46:00,98699542,0.3727457627563887,0.2564700653673422,0.48902146014543524,34.377756449999964,-88.85918213085202,Union,-0.04,34.378,-88.8578,0.12970067710766434
2024-05-12 07:47:00,98699542,0.45142012020847344,0.3109071386709148,0.5919331017460321,34.377756449999964,-88.85918213085202,Union,-0.17,34.378,-88.8578,0.12970067710766434
2024-05-12 07:48:00,98699542,0.40187500656733355,0.2768353276504319,0.5269146854842353,34.377756449999964,-88.85918213085202,Union,-0.17,34.378,-88.8578,0.12970067710766434
2024-05-12 07:49:00,98699542,0.08218082102177203,0.05659051999372609,0.10777112204981797,34.377756449999964,-88.85918213085202,Union,-0.27,34.378,-88.8578,0.12970067710766434
2024-05-12 07:50:00,98699542,0.13095517597827,0.09018420424364476,0.17172614771289524,34.377756449999964,-88.85918213085202,Union,-0.4,34.378,-88.8578,0.12970067710766434
2024-05-12 07:51:00,98699542,0.11327283560387945,0.07720943230623598,0.14933623890152292,34.377756449999964,-88.85918213085202,Union,-0.38,34.378,-88.8578,0.12970067710766434
2024-05-12 07:52:00,98699542,0.15536439506977134,0.10689542922469285,0.20383336091484983,34.377756449999964,-88.85918213085202,Union,-0.49,34.378,-88.8578,0.12970067710766434
2024-05-12 07:53:00,98699542,0.20466192023579355,0.1406015262269481,0.268722314244639,34.377756449999964,-88.85918213085202,Union,-0.46,34.378,-88.8578,0.12970067710766434
2024-05-12 07:54:00,98699542,-0.0013433884836798477,-0.012700104421309056,0.010013327453949361,34.377756449999964,-88.85918213085202,Union,-0.45,34.378,-88.8578,0.12970067710766434
2024-05-12 07:55:00,98699542,0.2062691109406523,0.14125208369360406,0.27128613818770053,34.377756449999964,-88.85918213085202,Union,-0.47,34.378,-88.8578,0.12970067710766434
2024-05-12 07:56:00,98699542,0.11055289231937206,0.0759683185294424,0.14513746610930173,34.377756449999964,-88.85918213085202,Union,-0.42,34.378,-88.8578,0.12970067710766434
2024-05-12 07:57:00,98699542,-0.17522557148936618,-0.23004790016367235,-0.12040324281506001,34.377756449999964,-88.85918213085202,Union,-0.55,34.378,-88.8578,0.12970067710766434
2024-05-12 07:58:00,98699542,-0.35288417587844656,-0.46281901895834504,-0.24294933279854808,34.377756449999964,-88.85918213085202,Union,-0.62,34.378,-88.8578,0.12970067710766434
2024-05-12 07:59:00,98699542,-0.38384160116846,-0.50328799745614,-0.26439520488078005,34.377756449999964,-88.85918213085202,Union,-0.62,34.378,-88.8578,0.12970067710766434
2024-05-12 08:00:00,98699542,-0.3431579548797915,-0.4501510042463693,-0.23616490551321373,34.377756449999964,-88.85918213085202,Union,-0.64,34.378,-88.8578,0.12970067710766434
2024-05-12 08:01:00,98699542,-0.5433611481800605,-0.7127914448133817,-0.37393085154673933,34.377756449999964,-88.85918213085202,Union,-0.76,34.378,-88.8578,0.12970067710766434
2024-05-12 08:02:00,98699542,-0.4820834931384499,-0.6323926736382341,-0.3317743126386656,34.377756449999964,-88.85918213085202,Union,-0.68,34.378,-88.8578,0.12970067710766434
2024-05-12 08:03:00,98699542,-0.5223028289446032,-0.6850620448323563,-0.35954361305685006,34.377756449999964,-88.85918213085202,Union,-0.71,34.378,-88.8578,0.12970067710766434
2024-05-12 08:04:00,98699542,-0.24800476197356255,-0.32512774036590086,-0.17088178358122427,34.377756449999964,-88.85918213085202,Union,-0.52,34.378,-88.8578,0.12970067710766434
2024-05-12 08:05:00,98699542,-0.19109930924785642,-0.2505694201025913,-0.13162919839312154,34.377756449999964,-88.85918213085202,Union,-0.38,34.378,-88.8578,0.12970067710766434
2024-05-12 08:06:00,98699542,-0.05818222446095326,-0.07695772523849276,-0.03940672368341376,34.377756449999964,-88.85918213085202,Union,-0.29,34.378,-88.8578,0.12970067710766434
2024-05-12 08:07:00,98699542,-0.1897754989860037,-0.24941133481110656,-0.13013966316090086,34.377756449999964,-88.85918213085202,Union,-0.22,34.378,-88.8578,0.12970067710766434
2024-05-12 08:08:00,98699542,-0.00939083740706402,-0.012704089337910032,-0.006077585476218009,34.377756449999964,-88.85918213085202,Union,-0.14,34.378,-88.8578,0.12970067710766434
2024-05-12 08:09:00,98699542,-0.21883012146940148,-0.28704311318914355,-0.1506171297496594,34.377756449999964,-88.85918213085202,Union,-0.19,34.378,-88.8578,0.12970067710766434
2024-05-12 08:10:00,98699542,-0.09662579431899378,-0.12670511021091835,-0.0665464784270692,34.377756449999964,-88.85918213085202,Union,-0.14,34.378,-88.8578,0.12970067710766434
2024-05-12 08:11:00,98699542,0.012512575481750858,0.006681638530770964,0.018343512432730753,34.377756449999964,-88.85918213085202,Union,0.04,34.378,-88.8578,0.12970067710766434
2024-05-12 08:12:00,98699542,0.021043712049021203,0.01388673470592926,0.028200689392113145,34.377756449999964,-88.85918213085202,Union,-0.01,34.378,-88.8578,0.12970067710766434
2024-05-12 08:13:00,98699542,-0.1942125537207885,-0.25485935008611726,-0.13356575735545972,34.377756449999964,-88.85918213085202,Union,-0.09,34.378,-88.8578,0.12970067710766434
2024-05-12 08:14:00,98699542,-0.3881927880169805,-0.5097795263524482,-0.2666060496815128,34.377756449999964,-88.85918213085202,Union,-0.18,34.378,-88.8578,0.12970067710766434
2024-05-12 08:15:00,98699542,-0.46831573506851043,-0.6148991553229243,-0.3217323148140966,34.377756449999964,-88.85918213085202,Union,-0.31,34.378,-88.8578,0.12970067710766434
2024-05-12 08:16:00,98699542,-0.3751175552706792,-0.4919682631094774,-0.258266847431881,34.377756449999964,-88.85918213085202,Union,-0.37,34.378,-88.8578,0.12970067710766434
2024-05-12 08:17:00,98699542,-0.3088255768745797,-0.40492787632262534,-0.21272327742653402,34.377756449999964,-88.85918213085202,Union,-0.36,34.378,-88.8578,0.12970067710766434
2024-05-12 08:18:00,98699542,-0.06769223652514501,-0.0888313297128231,-0.04655314333746692,34.377756449999964,-88.85918213085202,Union,-0.26,34.378,-88.8578,0.12970067710766434
2024-05-12 08:19:00,98699542,-0.14344977434641895,-0.18809805305475347,-0.09880149563808444,34.377756449999964,-88.85918213085202,Union,-0.2,34.378,-88.8578,0.12970067710766434
2024-05-12 08:20:00,98699542,-0.07894706597805985,-0.10356926803697195,-0.05432486391914776,34.377756449999964,-88.85918213085202,Union,-0.11,34.378,-88.8578,0.12970067710766434
2024-05-12 08:21:00,98699542,-0.2372023191881725,-0.3119560021060736,-0.1624486362702714,34.377756449999964,-88.85918213085202,Union,-0.2,34.378,-88.8578,0.12970067710766434
2024-05-12 08:22:00,98699542,-0.23423437697020008,-0.30732971908060386,-0.1611390348597963,34.377756449999964,-88.85918213085202,Union,-0.21,34.378,-88.8578,0.12970067710766434
2024-05-12 08:23:00,98699542,-0.4869221403202757,-0.6384962063265602,-0.3353480743139912,34.377756449999964,-88.85918213085202,Union,-0.27,34.378,-88.8578,0.12970067710766434
2024-05-12 08:24:00,98699542,-0.31971536519628446,-0.4193185721781638,-0.22011215821440508,34.377756449999964,-88.85918213085202,Union,-0.15,34.378,-88.8578,0.12970067710766434
2024-05-12 08:25:00,98699542,-0.4117174693699563,-0.5398627023422082,-0.28357223639770435,34.377756449999964,-88.85918213085202,Union,-0.14,34.378,-88.8578,0.12970067710766434
2024-05-12 08:26:00,98699542,-0.5397471445233692,-0.7077437585408173,-0.3717505305059212,34.377756449999964,-88.85918213085202,Union,-0.18,34.378,-88.8578,0.12970067710766434
2024-05-12 08:27:00,98699542,-0.66683457149462,-0.8744313160614723,-0.4592378269277677,34.377756449999964,-88.85918213085202,Union,-0.21,34.378,-88.8578,0.12970067710766434
2024-05-12 08:28:00,98699542,-0.45644150344653667,-0.5985057188326732,-0.31437728806040005,34.377756449999964,-88.85918213085202,Union,-0.26,34.378,-88.8578,0.12970067710766434
2024-05-12 08:29:00,98699542,-0.4739544476609785,-0.6213246710690621,-0.32658422425289485,34.377756449999964,-88.85918213085202,Union,-0.32,34.378,-88.8578,0.12970067710766434
2024-05-12 08:30:00,98699542,-0.37441452221334903,-0.4909458325692957,-0.2578832118574024,34.377756449999964,-88.85918213085202,Union,-0.25,34.378,-88.8578,0.12970067710766434
2024-05-12 08:31:00,98699542,-0.18836688802958979,-0.24737389130342907,-0.1293598847557505,34.377756449999964,-88.85918213085202,Union,0.01,34.378,-88.8578,0.12970067710766434
2024-05-12 08:32:00,98699542,-0.18099989951979656,-0.23904530301219634,-0.12295449602739676,34.377756449999964,-88.85918213085202,Union,0.18,34.378,-88.8578,0.12970067710766434
2024-05-12 08:33:00,98699542,-0.4403679545645595,-0.5777008817573908,-0.3030350273717283,34.377756449999964,-88.85918213085202,Union,0.08,34.378,-88.8578,0.12970067710766434
2024-05-12 08:34:00,98699542,-0.3598478480161399,-0.47188387438335666,-0.24781182164892313,34.377756449999964,-88.85918213085202,Union,0.15,34.378,-88.8578,0.12970067710766434
2024-05-12 08:35:00,98699542,-0.22621402086310524,-0.2965969139006307,-0.15583112782557978,34.377756449999964,-88.85918213085202,Union,0.21,34.378,-88.8578,0.12970067710766434
2024-05-12 08:36:00,98699542,-0.457984170099193,-0.6004201640912655,-0.3155481761071205,34.377756449999964,-88.85918213085202,Union,0.1,34.378,-88.8578,0.12970067710766434
2024-05-12 08:37:00,98699542,-0.6384315105917956,-0.837200740435775,-0.4396622807478162,34.377756449999964,-88.85918213085202,Union,-0.1,34.378,-88.8578,0.12970067710766434
2024-05-12 08:38:00,98699542,-0.44143662391770344,-0.5790140168341927,-0.30385923100121415,34.377756449999964,-88.85918213085202,Union,-0.1,34.378,-88.8578,0.12970067710766434
2024-05-12 08:39:00,98699542,-0.42366098636096167,-0.5559106170313979,-0.29141135569052545,34.377756449999964,-88.85918213085202,Union,-0.27,34.378,-88.8578,0.12970067710766434
2024-05-12 08:40:00,98699542,-0.06868560729446872,-0.09216362854768954,-0.0452075860412479,34.377756449999964,-88.85918213085202,Union,-0.17,34.378,-88.8578,0.12970067710766434
2024-05-12 08:41:00,98699542,-0.19100900841144083,-0.2505379474524344,-0.13148006937044726,34.377756449999964,-88.85918213085202,Union,-0.14,34.378,-88.8578,0.12970067710766434
2024-05-12 08:42:00,98699542,-0.3535164459166947,-0.46360471327138597,-0.24342817856200338,34.377756449999964,-88.85918213085202,Union,-0.1,34.378,-88.8578,0.12970067710766434
2024-05-12 08:43:00,98699542,-0.26210663313823973,-0.3436537619445555,-0.18055950433192397,34.377756449999964,-88.85918213085202,Union,-0.03,34.378,-88.8578,0.12970067710766434
2024-05-12 08:44:00,98699542,-0.4166360738378447,-0.5462670789321142,-0.2870050687435751,34.377756449999964,-88.85918213085202,Union,-0.12,34.378,-88.8578,0.12970067710766434
2024-05-12 08:45:00,98699542,-0.3698699273915602,-0.4850059248447319,-0.25473392993838856,34.377756449999964,-88.85918213085202,Union,-0.22,34.378,-88.8578,0.12970067710766434
2024-05-12 08:46:00,98699542,-0.03276615104341796,-0.04419195058275665,-0.021340351504079265,34.377756449999964,-88.85918213085202,Union,-0.17,34.378,-88.8578,0.12970067710766434
2024-05-12 08:47:00,98699542,-0.01621191374952551,-0.025694191799618217,-0.006729635699432799,34.377756449999964,-88.85918213085202,Union,-0.19,34.378,-88.8578,0.12970067710766434
2024-05-12 08:48:00,98699542,-0.30387725522234366,-0.3987389220446483,-0.20901558840003903,34.377756449999964,-88.85918213085202,Union,-0.12,34.378,-88.8578,0.12970067710766434
2024-05-12 08:49:00,98699542,-0.6616900507523538,-0.8688021984351625,-0.45457790306954504,34.377756449999964,-88.85918213085202,Union,-0.41,34.378,-88.8578,0.12970067710766434
2024-05-12 08:50:00,98699542,-0.8574832795687626,-1.1251609656184745,-0.5898055935190507,34.377756449999964,-88.85918213085202,Union,-0.64,34.378,-88.8578,0.12970067710766434
2024-05-12 08:51:00,98699542,-0.780906200088265,-1.0247290362023396,-0.5370833639741902,34.377756449999964,-88.85918213085202,Union,-0.74,34.378,-88.8578,0.12970067710766434
2024-05-12 08:52:00,98699542,-0.7153931074520847,-0.9395090273774801,-0.49127718752668936,34.377756449999964,-88.85918213085202,Union,-0.59,34.378,-88.8578,0.12970067710766434
2024-05-12 08:53:00,98699542,-0.6819735888113652,-0.894155957600721,-0.46979122002200935,34.377756449999964,-88.85918213085202,Union,-0.45,34.378,-88.8578,0.12970067710766434
2024-05-12 08:54:00,98699542,-0.6547450955152992,-0.8594415205504022,-0.45004867048019626,34.377756449999964,-88.85918213085202,Union,-0.1,34.378,-88.8578,0.12970067710766434
2024-05-12 08:55:00,98699542,-0.5998730534423335,-0.7881717297251647,-0.41157437715950235,34.377756449999964,-88.85918213085202,Union,0.05,34.378,-88.8578,0.12970067710766434
2024-05-12 08:56:00,98699542,-0.5850594475033625,-0.7676992232591376,-0.4024196717475873,34.377756449999964,-88.85918213085202,Union,0.05,34.378,-88.8578,0.12970067710766434
2024-05-12 08:57:00,98699542,-0.5746452983145595,-0.7536643159619592,-0.39562628066715977,34.377756449999964,-88.85918213085202,Union,-0.1,34.378,-88.8578,0.12970067710766434
2024-05-12 08:58:00,98699542,-0.6234182577126766,-0.817924324859798,-0.4289121905655551,34.377756449999964,-88.85918213085202,Union,-0.35,34.378,-88.8578,0.12970067710766434
2024-05-12 08:59:00,98699542,-0.707721805123571,-0.9291040834015619,-0.48633952684558,34.377756449999964,-88.85918213085202,Union,-0.54,34.378,-88.8578,0.12970067710766434
2024-05-12 09:00:00,98699542,-0.4745152979467888,-0.6226556328192301,-0.32637496307434755,34.377756449999964,-88.85918213085202,Union,-0.5,34.378,-88.8578,0.12970067710766434
2024-05-12 09:01:00,98699542,-0.2603284454858776,-0.34230823658920656,-0.1783486543825486,34.377756449999964,-88.85918213085202,Union,-0.4,34.378,-88.8578,0.12970067710766434
2024-05-12 09:02:00,98699542,-0.274904970683423,-0.3604719045751502,-0.18933803679169578,34.377756449999964,-88.85918213085202,Union,-0.26,34.378,-88.8578,0.12970067710766434
2024-05-12 09:03:00,98699542,0.03754642655886334,0.015240326730597713,0.059852526387128964,34.377756449999964,-88.85918213085202,Union,0.02,34.378,-88.8578,0.12970067710766434
2024-05-12 09:04:00,98699542,0.3041084253635676,0.20838715283486237,0.3998296978922728,34.377756449999964,-88.85918213085202,Union,0.17,34.378,-88.8578,0.12970067710766434
2024-05-12 09:05:00,98699542,-0.01904623093184963,-0.030669813852546017,-0.007422648011153244,34.377756449999964,-88.85918213085202,Union,0.21,34.378,-88.8578,0.12970067710766434
2024-05-12 09:06:00,98699542,-0.3151425308401984,-0.41323445691341276,-0.217050604766984,34.377756449999964,-88.85918213085202,Union,0.09,34.378,-88.8578,0.12970067710766434
2024-05-12 09:07:00,98699542,-0.20811838997877438,-0.2729497816246555,-0.14328699833289327,34.377756449999964,-88.85918213085202,Union,-0.04,34.378,-88.8578,0.12970067710766434
2024-05-12 09:08:00,98699542,-0.34644408440862473,-0.45426598847782135,-0.2386221803394281,34.377756449999964,-88.85918213085202,Union,-0.05,34.378,-88.8578,0.12970067710766434
2024-05-12 09:09:00,98699542,-0.5267255997289004,-0.6907224304667449,-0.362728768991056,34.377756449999964,-88.85918213085202,Union,0.01,34.378,-88.8578,0.12970067710766434
2024-05-12 09:10:00,98699542,-0.5568652278076665,-0.7303430446438769,-0.383387410971456,34.377756449999964,-88.85918213085202,Union,-0.02,34.378,-88.8578,0.12970067710766434
2024-05-12 09:11:00,98699542,-0.5267549885465703,-0.6906585407742849,-0.36285143631885575,34.377756449999964,-88.85918213085202,Union,-0.07,34.378,-88.8578,0.12970067710766434
2024-05-12 09:12:00,98699542,-0.595065108544889,-0.7802843527419955,-0.4098458643477826,34.377756449999964,-88.85918213085202,Union,-0.16,34.378,-88.8578,0.12970067710766434
2024-05-12 09:13:00,98699542,-0.15685788881241594,-0.20619760374871426,-0.1075181738761176,34.377756449999964,-88.85918213085202,Union,0.05,34.378,-88.8578,0.12970067710766434
2024-05-12 09:14:00,98699542,-0.5598569766097848,-0.7341790077216653,-0.38553494549790435,34.377756449999964,-88.85918213085202,Union,0.04,34.378,-88.8578,0.12970067710766434
2024-05-12 09:15:00,98699542,-0.653286162365501,-0.857232333703712,-0.44933999102728994,34.377756449999964,-88.85918213085202,Union,0.19,34.378,-88.8578,0.12970067710766434
2024-05-12 09:16:00,98699542,-1.69317548966039,-2.2199574851874755,-1.1663934941333047,34.377756449999964,-88.85918213085202,Union,-0.18,34.378,-88.8578,0.12970067710766434
2024-05-12 09:17:00,98699542,-2.8560913332212507,-3.745357984526638,-1.9668246819158637,34.377756449999964,-88.85918213085202,Union,-0.91,34.378,-88.8578,0.12970067710766434
2024-05-12 09:18:00,98699542,-2.226880358944183,-2.9202721063764345,-1.533488611511931,34.377756449999964,-88.85918213085202,Union,-1.06,34.378,-88.8578,0.12970067710766434
2024-05-12 09:19:00,98699542,-1.9365884541022191,-2.539500163346594,-1.3336767448578444,34.377756449999964,-88.85918213085202,Union,-0.64,34.378,-88.8578,0.12970067710766434
2024-05-12 09:20:00,98699542,-1.6788875987726968,-2.2011939284001474,-1.1565812691452462,34.377756449999964,-88.85918213085202,Union,-0.96,34.378,-88.8578,0.12970067710766434
2024-05-12 09:21:00,98699542,-2.3643963832380632,-3.1009490351097964,-1.62784373136633,34.377756449999964,-88.85918213085202,Union,-1.46,34.378,-88.8578,0.12970067710766434
2024-05-12 09:22:00,98699542,-1.8226432466795561,-2.390303885236593,-1.254982608122519,34.377756449999964,-88.85918213085202,Union,-1.17,34.378,-88.8578,0.12970067710766434
2024-05-12 09:23:00,98699542,-1.3480069456119703,-1.7676580774304018,-0.9283558137935388,34.377756449999964,-88.85918213085202,Union,-0.5,34.378,-88.8578,0.12970067710766434
2024-05-12 09:24:00,98699542,-0.6175309715450572,-0.8099441467533904,-0.425117796336724,34.377756449999964,-88.85918213085202,Union,0.08,34.378,-88.8578,0.12970067710766434
2024-05-12 09:25:00,98699542,-0.5221816616404674,-0.6857716408408484,-0.35859168244008643,34.377756449999964,-88.85918213085202,Union,0.47,34.378,-88.8578,0.12970067710766434
2024-05-12 09:26:00,98699542,-0.07959286061885297,-0.11068907152900868,-0.048496649708697256,34.377756449999964,-88.85918213085202,Union,0.55,34.378,-88.8578,0.12970067710766434
2024-05-12 09:27:00,98699542,0.10836560083221251,0.06720168709615337,0.14952951456827165,34.377756449999964,-88.85918213085202,Union,0.64,34.378,-88.8578,0.12970067710766434
2024-05-12 09:28:00,98699542,0.46732275423461667,0.3197998267779334,0.6148456816912999,34.377756449999964,-88.85918213085202,Union,0.8,34.378,-88.8578,0.12970067710766434
2024-05-12 09:29:00,98699542,0.7543741725159717,0.5185470005726436,0.9902013444592999,34.377756449999964,-88.85918213085202,Union,1.06,34.378,-88.8578,0.12970067710766434
2024-05-12 09:30:00,98699542,0.8121732751555144,0.5589613355831051,1.0653852147279237,34.377756449999964,-88.85918213085202,Union,0.96,34.378,-88.8578,0.12970067710766434
2024-05-12 09:31:00,98699542,0.6178314270553127,0.4250324641685404,0.810630389942085,34.377756449999964,-88.85918213085202,Union,0.84,34.378,-88.8578,0.12970067710766434
2024-05-12 09:32:00,98699542,0.39797712991761935,0.2738684830223867,0.522085776812852,34.377756449999964,-88.85918213085202,Union,0.8,34.378,-88.8578,0.12970067710766434
2024-05-12 09:33:00,98699542,0.7005558591123067,0.4817101124563691,0.9194016057682443,34.377756449999964,-88.85918213085202,Union,0.97,34.378,-88.8578,0.12970067710766434
2024-05-12 09:34:00,98699542,0.5042454527782448,0.3471722993302576,0.6613186062262321,34.377756449999964,-88.85918213085202,Union,1.0,34.378,-88.8578,0.12970067710766434
2024-05-12 09:35:00,98699542,0.12337232742360878,0.0840235849894799,0.16272106985773765,34.377756449999964,-88.85918213085202,Union,0.69,34.378,-88.8578,0.12970067710766434
2024-05-12 09:36:00,98699542,0.47347224119451914,0.3256468534572482,0.6212976289317901,34.377756449999964,-88.85918213085202,Union,0.53,34.378,-88.8578,0.12970067710766434
2024-05-12 09:37:00,98699542,0.4199210540833053,0.28704113048665647,0.5528009776799542,34.377756449999964,-88.85918213085202,Union,0.57,34.378,-88.8578,0.12970067710766434
2024-05-12 09:38:00,98699542,0.1783423459040854,0.12224640160151036,0.23443829020666046,34.377756449999964,-88.85918213085202,Union,0.78,34.378,-88.8578,0.12970067710766434
2024-05-12 09:39:00,98699542,0.23096918081708137,0.15845685843554097,0.30348150319862177,34.377756449999964,-88.85918213085202,Union,0.65,34.378,-88.8578,0.12970067710766434
2024-05-12 09:40:00,98699542,0.0814830623542052,0.05334676035072297,0.10961936435768743,34.377756449999964,-88.85918213085202,Union,0.51,34.378,-88.8578,0.12970067710766434
2024-05-12 09:41:00,98699542,0.12269191062121722,0.0841944281116245,0.16118939313080993,34.377756449999964,-88.85918213085202,Union,0.59,34.378,-88.8578,0.12970067710766434
2024-05-12 09:42:00,98699542,0.0030953305314351987,-0.004581171945500194,0.010771833008370592,34.377756449999964,-88.85918213085202,Union,0.55,34.378,-88.8578,0.12970067710766434
2024-05-12 09:43:00,98699542,-0.03440546524468571,-0.045842192457368744,-0.02296873803200268,34.377756449999964,-88.85918213085202,Union,0.48,34.378,-88.8578,0.12970067710766434
2024-05-12 09:44:00,98699542,-0.026619008826824667,-0.03545703683642355,-0.017780980817225782,34.377756449999964,-88.85918213085202,Union,0.31,34.378,-88.8578,0.12970067710766434
2024-05-12 09:45:00,98699542,0.1319182343986424,0.09045011229721316,0.17338635650007161,34.377756449999964,-88.85918213085202,Union,0.41,34.378,-88.8578,0.12970067710766434
2024-05-12 09:46:00,98699542,0.3491066456161735,0.24001915759511455,0.45819413363723244,34.377756449999964,-88.85918213085202,Union,0.41,34.378,-88.8578,0.12970067710766434
2024-05-12 09:47:00,98699542,0.052738274354299765,0.03573109456214431,0.06974545414645522,34.377756449999964,-88.85918213085202,Union,0.36,34.378,-88.8578,0.12970067710766434
2024-05-12 09:48:00,98699542,-0.11065456285200907,-0.1456506098155611,-0.07565851588845705,34.377756449999964,-88.85918213085202,Union,0.23,34.378,-88.8578,0.12970067710766434
2024-05-12 09:49:00,98699542,-0.02743923483715814,-0.040646649303921076,-0.014231820370395203,34.377756449999964,-88.85918213085202,Union,0.19,34.378,-88.8578,0.12970067710766434
2024-05-12 09:50:00,98699542,0.23782596960112642,0.1636572380264803,0.31199470117577255,34.377756449999964,-88.85918213085202,Union,0.08,34.378,-88.8578,0.12970067710766434
2024-05-12 09:51:00,98699542,0.5631242250546402,0.38754714480795704,0.7387013053013234,34.377756449999964,-88.85918213085202,Union,0.34,34.378,-88.8578,0.12970067710766434
2024-05-12 09:52:00,98699542,0.5941614434473773,0.40896258297687027,0.7793603039178844,34.377756449999964,-88.85918213085202,Union,0.36,34.378,-88.8578,0.12970067710766434
2024-05-12 09:53:00,98699542,0.5785085322797578,0.3981749783987964,0.7588420861607192,34.377756449999964,-88.85918213085202,Union,0.41,34.378,-88.8578,0.12970067710766434
2024-05-12 09:54:00,98699542,0.19749564585785137,0.13560302782790995,0.2593882638877928,34.377756449999964,-88.85918213085202,Union,0.3,34.378,-88.8578,0.12970067710766434
2024-05-12 09:55:00,98699542,-0.21574454188908038,-0.28288978915856483,-0.14859929461959592,34.377756449999964,-88.85918213085202,Union,0.16,34.378,-88.8578,0.12970067710766434
2024-05-12 09:56:00,98699542,-0.6388255506052455,-0.8376849311846286,-0.43996617002586236,34.377756449999964,-88.85918213085202,Union,-0.17,34.378,-88.8578,0.12970067710766434
2024-05-12 09:57:00,98699542,-0.8929412985457297,-1.1709377872066737,-0.6149448098847856,34.377756449999964,-88.85918213085202,Union,0.1,34.378,-88.8578,0.12970067710766434
2024-05-12 09:58:00,98699542,-0.7537075881598857,-0.9893032455687983,-0.5181119307509731,34.377756449999964,-88.85918213085202,Union,0.07,34.378,-88.8578,0.12970067710766434
2024-05-12 09:59:00,98699542,-0.7956347590576665,-1.0432762306261436,-0.5479932874891893,34.377756449999964,-88.85918213085202,Union,-0.27,34.378,-88.8578,0.12970067710766434
2024-05-12 10:00:00,98699542,-0.6153522586373571,-0.8068645774169778,-0.4238399398577364,34.377756449999964,-88.85918213085202,Union,-0.17,34.378,-88.8578,0.12970067710766434
2024-05-12 10:01:00,98699542,-0.6298614686659382,-0.8259585635928288,-0.4337643737390476,34.377756449999964,-88.85918213085202,Union,-0.04,34.378,-88.8578,0.12970067710766434
2024-05-12 10:02:00,98699542,-0.5652297121931742,-0.7417654448371573,-0.388693979549191,34.377756449999964,-88.85918213085202,Union,0.1,34.378,-88.8578,0.12970067710766434
2024-05-12 10:03:00,98699542,-0.23579461124012274,-0.3151319534134259,-0.15645726906681956,34.377756449999964,-88.85918213085202,Union,0.24,34.378,-88.8578,0.12970067710766434
2024-05-12 10:04:00,98699542,0.08160402442916737,0.052074119049686195,0.11113392980864853,34.377756449999964,-88.85918213085202,Union,0.25,34.378,-88.8578,0.12970067710766434
2024-05-12 10:05:00,98699542,0.21945845110751513,0.14805832225824372,0.29085857995678654,34.377756449999964,-88.85918213085202,Union,0.39,34.378,-88.8578,0.12970067710766434
2024-05-12 10:06:00,98699542,0.09458218377632187,0.06135931686802014,0.1278050506846236,34.377756449999964,-88.85918213085202,Union,0.47,34.378,-88.8578,0.12970067710766434
2024-05-12 10:07:00,98699542,-0.053435663609353985,-0.07037560998660623,-0.03649571723210174,34.377756449999964,-88.85918213085202,Union,0.51,34.378,-88.8578,0.12970067710766434
2024-05-12 10:08:00,98699542,-0.16550591782426866,-0.21816830485427513,-0.11284353079426217,34.377756449999964,-88.85918213085202,Union,0.4,34.378,-88.8578,0.12970067710766434
2024-05-12 10:09:00,98699542,-0.47800567154926027,-0.6266446909357551,-0.3293666521627654,34.377756449999964,-88.85918213085202,Union,0.4,34.378,-88.8578,0.12970067710766434
2024-05-12 10:10:00,98699542,-0.24790543105350538,-0.32520925903088277,-0.17060160307612798,34.377756449999964,-88.85918213085202,Union,0.37,34.378,-88.8578,0.12970067710766434
2024-05-12 10:11:00,98699542,-0.4018341249159381,-0.5269279516718227,-0.2767402981600535,34.377756449999964,-88.85918213085202,Union,0.47,34.378,-88.8578,0.12970067710766434
2024-05-12 10:12:00,98699542,-0.2979300421360121,-0.3909478862252841,-0.2049121980467401,34.377756449999964,-88.85918213085202,Union,0.53,34.378,-88.8578,0.12970067710766434
2024-05-12 10:13:00,98699542,-0.16813638118905513,-0.22453333638259867,-0.1117394259955116,34.377756449999964,-88.85918213085202,Union,0.61,34.378,-88.8578,0.12970067710766434
2024-05-12 10:14:00,98699542,-0.034560825733346436,-0.055460573926551744,-0.013661077540141127,34.377756449999964,-88.85918213085202,Union,0.69,34.378,-88.8578,0.12970067710766434
2024-05-12 10:15:00,98699542,-0.12670684999159382,-0.17124844955172241,-0.08216525043146522,34.377756449999964,-88.85918213085202,Union,0.59,34.378,-88.8578,0.12970067710766434
2024-05-12 10:16:00,98699542,-0.10932036799396856,-0.14376575395281527,-0.07487498203512186,34.377756449999964,-88.85918213085202,Union,0.51,34.378,-88.8578,0.12970067710766434
2024-05-12 10:17:00,98699542,-0.2128793784412828,-0.27916905838348005,-0.14658969849908554,34.377756449999964,-88.85918213085202,Union,0.54,34.378,-88.8578,0.12970067710766434
2024-05-12 10:18:00,98699542,-0.07789826280892737,-0.10297673013859199,-0.05281979547926275,34.377756449999964,-88.85918213085202,Union,0.59,34.378,-88.8578,0.12970067710766434
2024-05-12 10:19:00,98699542,0.3430834156439139,0.2361370149643524,0.45002981632347544,34.377756449999964,-88.85918213085202,Union,0.67,34.378,-88.8578,0.12970067710766434
2024-05-12 10:20:00,98699542,0.14880543486255884,0.10058523865798562,0.19702563106713206,34.377756449999964,-88.85918213085202,Union,0.64,34.378,-88.8578,0.12970067710766434
2024-05-12 10:21:00,98699542,-0.019546309251791693,-0.033868402589412656,-0.005224215914170731,34.377756449999964,-88.85918213085202,Union,0.57,34.378,-88.8578,0.12970067710766434
2024-05-12 10:22:00,98699542,0.2888397032090619,0.19789534784012905,0.3797840585779947,34.377756449999964,-88.85918213085202,Union,0.59,34.378,-88.8578,0.12970067710766434
2024-05-12 10:23:00,98699542,0.7000019045267317,0.4819641675172746,0.9180396415361889,34.377756449999964,-88.85918213085202,Union,0.81,34.378,-88.8578,0.12970067710766434
2024-05-12 10:24:00,98699542,0.31735605061575317,0.21840288710503142,0.4163092141264749,34.377756449999964,-88.85918213085202,Union,0.57,34.378,-88.8578,0.12970067710766434
2024-05-12 10:25:00,98699542,0.34070407069603226,0.23311116407527438,0.44829697731679014,34.377756449999964,-88.85918213085202,Union,0.63,34.378,-88.8578,0.12970067710766434
2024-05-12 10:26:00,98699542,0.5287306066640047,0.3619851239927012,0.6954760893353082,34.377756449999964,-88.85918213085202,Union,0.73,34.378,-88.8578,0.12970067710766434
2024-05-12 10:27:00,98699542,0.4621752781922495,0.31779622989394374,0.6065543264905553,34.377756449999964,-88.85918213085202,Union,0.82,34.378,-88.8578,0.12970067710766434
2024-05-12 10:28:00,98699542,0.44733376108565903,0.30765734852516924,0.5870101736461488,34.377756449999964,-88.85918213085202,Union,0.85,34.378,-88.8578,0.12970067710766434
2024-05-12 10:29:00,98699542,0.5058728380337929,0.34847555255093055,0.6632701235166553,34.377756449999964,-88.85918213085202,Union,1.04,34.378,-88.8578,0.12970067710766434
2024-05-12 10:30:00,98699542,0.2644569997267989,0.18166811240035885,0.347245887053239,34.377756449999964,-88.85918213085202,Union,0.94,34.378,-88.8578,0.12970067710766434
2024-05-12 10:31:00,98699542,-0.8608014248486886,-1.12902746671999,-0.5925753829773872,34.377756449999964,-88.85918213085202,Union,0.26,34.378,-88.8578,0.12970067710766434
2024-05-12 10:32:00,98699542,-0.7914244415139543,-1.0383894655500867,-0.5444594174778218,34.377756449999964,-88.85918213085202,Union,0.37,34.378,-88.8578,0.12970067710766434
2024-05-12 10:33:00,98699542,-0.08551041808958894,-0.11681875534439091,-0.05420208083478696,34.377756449999964,-88.85918213085202,Union,0.65,34.378,-88.8578,0.12970067710766434
2024-05-12 10:34:00,98699542,0.2351425571095326,0.15946693016373412,0.3108181840553311,34.377756449999964,-88.85918213085202,Union,0.84,34.378,-88.8578,0.12970067710766434
2024-05-12 10:35:00,98699542,0.08051536575450782,0.05013593351220656,0.11089479799680908,34.377756449999964,-88.85918213085202,Union,0.86,34.378,-88.8578,0.12970067710766434
2024-05-12 10:36:00,98699542,-0.1209692990290854,-0.15867111775027154,-0.08326748030789925,34.377756449999964,-88.85918213085202,Union,0.54,34.378,-88.8578,0.12970067710766434
2024-05-12 10:37:00,98699542,0.14207752999957968,0.09783931236212318,0.18631574763703618,34.377756449999964,-88.85918213085202,Union,0.64,34.378,-88.8578,0.12970067710766434
2024-05-12 10:38:00,98699542,0.4693729115879287,0.3233478493183415,0.6153979738575159,34.377756449999964,-88.85918213085202,Union,0.66,34.378,-88.8578,0.12970067710766434
2024-05-12 10:39:00,98699542,0.43694752306447543,0.3009514377656268,0.5729436083633241,34.377756449999964,-88.85918213085202,Union,0.7,34.378,-88.8578,0.12970067710766434
2024-05-12 10:40:00,98699542,0.5170701417493275,0.35625866175349974,0.6778816217451553,34.377756449999964,-88.85918213085202,Union,1.0,34.378,-88.8578,0.12970067710766434
2024-05-12 10:41:00,98699542,0.5476568410600202,0.3769568212238421,0.7183568608961983,34.377756449999964,-88.85918213085202,Union,0.9,34.378,-88.8578,0.12970067710766434
2024-05-12 10:42:00,98699542,0.5911976058128783,0.4070868679351365,0.7753083436906201,34.377756449999964,-88.85918213085202,Union,0.87,34.378,-88.8578,0.12970067710766434
2024-05-12 10:43:00,98699542,0.5051796559767989,0.34813081494938536,0.6622284970042125,34.377756449999964,-88.85918213085202,Union,0.71,34.378,-88.8578,0.12970067710766434
2024-05-12 10:44:00,98699542,0.8729079758952589,0.6012083867146285,1.1446075650758893,34.377756449999964,-88.85918213085202,Union,0.85,34.378,-88.8578,0.12970067710766434
2024-05-12 10:45:00,98699542,0.759615889794889,0.5230083784094904,0.9962234011802876,34.377756449999964,-88.85918213085202,Union,0.86,34.378,-88.8578,0.12970067710766434
2024-05-12 10:46:00,98699542,0.8020379092762273,0.5525591309800731,1.0515166875723816,34.377756449999964,-88.85918213085202,Union,0.99,34.378,-88.8578,0.12970067710766434
2024-05-12 10:47:00,98699542,0.8035891134625084,0.5536447836654739,1.053533443259543,34.377756449999964,-88.85918213085202,Union,0.9,34.378,-88.8578,0.12970067710766434
2024-05-12 10:48:00,98699542,1.2090382271351714,0.8325137385248376,1.5855627157455052,34.377756449999964,-88.85918213085202,Union,1.05,34.378,-88.8578,0.12970067710766434
2024-05-12 10:49:00,98699542,1.2408635255548084,0.8543694608539343,1.6273575902556825,34.377756449999964,-88.85918213085202,Union,1.09,34.378,-88.8578,0.12970067710766434
2024-05-12 10:50:00,98699542,1.1303510633826497,0.7783338393017647,1.4823682874635347,34.377756449999964,-88.85918213085202,Union,1.05,34.378,-88.8578,0.12970067710766434
2024-05-12 10:51:00,98699542,0.8633771330699395,0.5946922962445488,1.13206196989533,34.377756449999964,-88.85918213085202,Union,0.95,34.378,-88.8578,0.12970067710766434
2024-05-12 10:52:00,98699542,0.813817735478312,0.5605901387097519,1.067045332246872,34.377756449999964,-88.85918213085202,Union,0.81,34.378,-88.8578,0.12970067710766434
2024-05-12 10:53:00,98699542,0.7401430890635508,0.5096324955525907,0.9706536825745108,34.377756449999964,-88.85918213085202,Union,0.77,34.378,-88.8578,0.12970067710766434
2024-05-12 10:54:00,98699542,0.9075664220116005,0.6250910642701433,1.1900417797530578,34.377756449999964,-88.85918213085202,Union,0.72,34.378,-88.8578,0.12970067710766434
2024-05-12 10:55:00,98699542,0.7240718387483187,0.49863110187276816,0.9495125756238693,34.377756449999964,-88.85918213085202,Union,0.82,34.378,-88.8578,0.12970067710766434
2024-05-12 10:56:00,98699542,0.9377551409087088,0.6459830805003397,1.229527201317078,34.377756449999964,-88.85918213085202,Union,0.95,34.378,-88.8578,0.12970067710766434
2024-05-12 10:57:00,98699542,1.2167187237306658,0.8379343529934321,1.5955030944678996,34.377756449999964,-88.85918213085202,Union,0.99,34.378,-88.8578,0.12970067710766434
2024-05-12 10:58:00,98699542,0.8752771414761265,0.6028826834382724,1.1476715995139806,34.377756449999964,-88.85918213085202,Union,0.76,34.378,-88.8578,0.12970067710766434
2024-05-12 10:59:00,98699542,0.46241958300058844,0.3180582691496441,0.6067808968515328,34.377756449999964,-88.85918213085202,Union,0.53,34.378,-88.8578,0.12970067710766434
2024-05-12 11:00:00,98699542,-0.05844422002406271,-0.07785052990958216,-0.039037910138543255,34.377756449999964,-88.85918213085202,Union,0.14,34.378,-88.8578,0.12970067710766434
2024-05-12 11:01:00,98699542,-0.36152957795687624,-0.4746903520725175,-0.248368803841235,34.377756449999964,-88.85918213085202,Union,-0.27,34.378,-88.8578,0.12970067710766434
2024-05-12 11:02:00,98699542,-0.6192312542030934,-0.8131219209256767,-0.4253405874805102,34.377756449999964,-88.85918213085202,Union,-0.56,34.378,-88.8578,0.12970067710766434
2024-05-12 11:03:00,98699542,-0.7901960217720242,-1.0374078098703234,-0.542984233673725,34.377756449999964,-88.85918213085202,Union,-0.52,34.378,-88.8578,0.12970067710766434
2024-05-12 11:04:00,98699542,-0.7401040134288837,-0.9713304540395312,-0.5088775728182361,34.377756449999964,-88.85918213085202,Union,-0.44,34.378,-88.8578,0.12970067710766434
2024-05-12 11:05:00,98699542,-0.7725456561028917,-1.0132386063051726,-0.5318527059006108,34.377756449999964,-88.85918213085202,Union,-0.41,34.378,-88.8578,0.12970067710766434
2024-05-12 11:06:00,98699542,-0.6363529495208473,-0.8345676080118524,-0.43813829102984225,34.377756449999964,-88.85918213085202,Union,-0.28,34.378,-88.8578,0.12970067710766434
2024-05-12 11:07:00,98699542,-0.49124229651773704,-0.6441719969063971,-0.33831259612907694,34.377756449999964,-88.85918213085202,Union,-0.1,34.378,-88.8578,0.12970067710766434
2024-05-12 11:08:00,98699542,-0.2830446880779254,-0.3719015420318324,-0.19418783412401835,34.377756449999964,-88.85918213085202,Union,0.12,34.378,-88.8578,0.12970067710766434
2024-05-12 11:09:00,98699542,-0.12866477735425774,-0.17050042652374986,-0.08682912818476564,34.377756449999964,-88.85918213085202,Union,0.18,34.378,-88.8578,0.12970067710766434
2024-05-12 11:10:00,98699542,0.07177457315615543,0.046375796156518656,0.0971733501557922,34.377756449999964,-88.85918213085202,Union,0.28,34.378,-88.8578,0.12970067710766434
2024-05-12 11:11:00,98699542,0.07633770017232683,0.052555804292717806,0.10011959605193585,34.377756449999964,-88.85918213085202,Union,0.34,34.378,-88.8578,0.12970067710766434
2024-05-12 11:12:00,98699542,0.09253906578366677,0.06359073023466948,0.12148740133266407,34.377756449999964,-88.85918213085202,Union,0.41,34.378,-88.8578,0.12970067710766434
2024-05-12 11:13:00,98699542,0.10447310118684852,0.07188871269489058,0.13705748967880646,34.377756449999964,-88.85918213085202,Union,0.37,34.378,-88.8578,0.12970067710766434
2024-05-12 11:14:00,98699542,0.1854907242980834,0.12771996936315733,0.24326147923300945,34.377756449999964,-88.85918213085202,Union,0.44,34.378,-88.8578,0.12970067710766434
2024-05-12 11:15:00,98699542,0.2093976244641056,0.14421870207765,0.2745765468505612,34.377756449999964,-88.85918213085202,Union,0.55,34.378,-88.8578,0.12970067710766434
2024-05-12 11:16:00,98699542,0.1953909796360121,0.13414682598523475,0.25663513328678944,34.377756449999964,-88.85918213085202,Union,0.61,34.378,-88.8578,0.12970067710766434
2024-05-12 11:17:00,98699542,0.4867441655808675,0.33471377981867856,0.6387745513430565,34.377756449999964,-88.85918213085202,Union,0.72,34.378,-88.8578,0.12970067710766434
2024-05-12 11:18:00,98699542,0.49597783656271016,0.34139492378451997,0.6505607493409004,34.377756449999964,-88.85918213085202,Union,0.74,34.378,-88.8578,0.12970067710766434
2024-05-12 11:19:00,98699542,0.4515036895279926,0.31091965625442897,0.5920877228015562,34.377756449999964,-88.85918213085202,Union,0.79,34.378,-88.8578,0.12970067710766434
2024-05-12 11:20:00,98699542,0.41749820055060527,0.28761423250376794,0.5473821685974426,34.377756449999964,-88.85918213085202,Union,0.81,34.378,-88.8578,0.12970067710766434
2024-05-12 11:21:00,98699542,0.6213758169762945,0.42795621136437645,0.8147954225882126,34.377756449999964,-88.85918213085202,Union,0.95,34.378,-88.8578,0.12970067710766434
2024-05-12 11:22:00,98699542,0.43816247977261263,0.30181990171359885,0.5745050578316264,34.377756449999964,-88.85918213085202,Union,0.86,34.378,-88.8578,0.12970067710766434
2024-05-12 11:23:00,98699542,0.16342489400323637,0.11252496175821924,0.2143248262482535,34.377756449999964,-88.85918213085202,Union,0.64,34.378,-88.8578,0.12970067710766434
2024-05-12 11:24:00,98699542,0.5950201223100202,0.40978832078744215,0.7802519238325982,34.377756449999964,-88.85918213085202,Union,0.84,34.378,-88.8578,0.12970067710766434
2024-05-12 11:25:00,98699542,0.16236944140887694,0.11169503454534971,0.21304384827240416,34.377756449999964,-88.85918213085202,Union,0.5,34.378,-88.8578,0.12970067710766434
2024-05-12 11:26:00,98699542,-0.15237592993443175,-0.20027964443778487,-0.10447221543107862,34.377756449999964,-88.85918213085202,Union,0.41,34.378,-88.8578,0.12970067710766434
2024-05-12 11:27:00,98699542,-0.06803131616588559,-0.08984638257079956,-0.04621624976097162,34.377756449999964,-88.85918213085202,Union,0.56,34.378,-88.8578,0.12970067710766434
2024-05-12 11:28:00,98699542,-0.07883098835743108,-0.10354681206683153,-0.054115164648030616,34.377756449999964,-88.85918213085202,Union,0.51,34.378,-88.8578,0.12970067710766434
2024-05-12 11:29:00,98699542,-0.05596730912701749,-0.07414975687935134,-0.037784861374683634,34.377756449999964,-88.85918213085202,Union,0.54,34.378,-88.8578,0.12970067710766434
2024-05-12 11:30:00,98699542,-0.17516572666232347,-0.23088827695256137,-0.11944317637208558,34.377756449999964,-88.85918213085202,Union,0.62,34.378,-88.8578,0.12970067710766434
2024-05-12 11:31:00,98699542,-0.439093399304388,-0.5762103868796586,-0.30197641172911743,34.377756449999964,-88.85918213085202,Union,0.29,34.378,-88.8578,0.12970067710766434
2024-05-12 11:32:00,98699542,-0.5853865007145259,-0.7679372081426521,-0.4028357932863997,34.377756449999964,-88.85918213085202,Union,0.09,34.378,-88.8578,0.12970067710766434
2024-05-12 11:33:00,98699542,-0.6905482278707128,-0.9057358553633192,-0.47536060037810635,34.377756449999964,-88.85918213085202,Union,0.01,34.378,-88.8578,0.12970067710766434
2024-05-12 11:34:00,98699542,-0.8899019365753195,-1.167319031222441,-0.612484841928198,34.377756449999964,-88.85918213085202,Union,-0.28,34.378,-88.8578,0.12970067710766434
2024-05-12 11:35:00,98699542,-0.8761663584398117,-1.1491558940925055,-0.6031768227871179,34.377756449999964,-88.85918213085202,Union,-0.4,34.378,-88.8578,0.12970067710766434
2024-05-12 11:36:00,98699542,-0.5965664009961331,-0.7824187511206392,-0.41071405087162705,34.377756449999964,-88.85918213085202,Union,-0.19,34.378,-88.8578,0.12970067710766434
2024-05-12 11:37:00,98699542,-0.04154118612939749,-0.05790255933642417,-0.025179812922370804,34.377756449999964,-88.85918213085202,Union,0.16,34.378,-88.8578,0.12970067710766434
2024-05-12 11:38:00,98699542,0.14905712792114997,0.10235007776748906,0.1957641780748109,34.377756449999964,-88.85918213085202,Union,0.37,34.378,-88.8578,0.12970067710766434
2024-05-12 11:39:00,98699542,-0.2051789335701076,-0.2693297928610868,-0.14102807427912842,34.377756449999964,-88.85918213085202,Union,0.27,34.378,-88.8578,0.12970067710766434
2024-05-12 11:40:00,98699542,-0.34382683780262274,-0.4509854077309964,-0.23666826787424913,34.377756449999964,-88.85918213085202,Union,0.14,34.378,-88.8578,0.12970067710766434
2024-05-12 11:41:00,98699542,-0.5947498765341291,-0.7803117531542725,-0.40918799991398586,34.377756449999964,-88.85918213085202,Union,-0.09,34.378,-88.8578,0.12970067710766434
2024-05-12 11:42:00,98699542,-0.5180857798839946,-0.6793265662751208,-0.35684499349286847,34.377756449999964,-88.85918213085202,Union,0.06,34.378,-88.8578,0.12970067710766434
2024-05-12 11:43:00,98699542,-0.3844178846881305,-0.5042003199357642,-0.2646354494404967,34.377756449999964,-88.85918213085202,Union,0.1,34.378,-88.8578,0.12970067710766434
2024-05-12 11:44:00,98699542,-0.1360621808275891,-0.17861619752835264,-0.09350816412682558,34.377756449999964,-88.85918213085202,Union,0.24,34.378,-88.8578,0.12970067710766434
2024-05-12 11:45:00,98699542,-0.07651317111581624,-0.10056259137393292,-0.052463750857699554,34.377756449999964,-88.85918213085202,Union,0.41,34.378,-88.8578,0.12970067710766434
2024-05-12 11:46:00,98699542,-0.09252576693321285,-0.12151862150891274,-0.06353291235751296,34.377756449999964,-88.85918213085202,Union,0.48,34.378,-88.8578,0.12970067710766434
2024-05-12 11:47:00,98699542,-0.025659385429746606,-0.03868398930227109,-0.012634781557222119,34.377756449999964,-88.85918213085202,Union,0.47,34.378,-88.8578,0.12970067710766434
2024-05-12 11:48:00,98699542,0.28591346355917957,0.19620759088906245,0.37561933622929666,34.377756449999964,-88.85918213085202,Union,0.66,34.378,-88.8578,0.12970067710766434
2024-05-12 11:49:00,98699542,0.31936860998444855,0.21991635892945682,0.4188208610394403,34.377756449999964,-88.85918213085202,Union,0.72,34.378,-88.8578,0.12970067710766434
2024-05-12 11:50:00,98699542,0.38086265866677876,0.2622236606438381,0.4995016566897194,34.377756449999964,-88.85918213085202,Union,0.8,34.378,-88.8578,0.12970067710766434
2024-05-12 11:51:00,98699542,0.21018340592426027,0.14467277307655302,0.2756940387719675,34.377756449999964,-88.85918213085202,Union,0.66,34.378,-88.8578,0.12970067710766434
2024-05-12 11:52:00,98699542,0.2966247845914593,0.20427402082390322,0.3889755483590154,34.377756449999964,-88.85918213085202,Union,0.49,34.378,-88.8578,0.12970067710766434
2024-05-12 11:53:00,98699542,0.2221858647339442,0.15290675794800102,0.2914649715198874,34.377756449999964,-88.85918213085202,Union,0.52,34.378,-88.8578,0.12970067710766434
2024-05-12 11:54:00,98699542,-0.005341472365989249,-0.012905600839509736,0.0022226561075312365,34.377756449999964,-88.85918213085202,Union,0.28,34.378,-88.8578,0.12970067710766434
2024-05-12 11:55:00,98699542,-0.06547157477434642,-0.0876060461808092,-0.043337103367883656,34.377756449999964,-88.85918213085202,Union,0.24,34.378,-88.8578,0.12970067710766434
2024-05-12 11:56:00,98699542,-0.18331537714883153,-0.24093992010095264,-0.12569083419671043,34.377756449999964,-88.85918213085202,Union,0.16,34.378,-88.8578,0.12970067710766434
2024-05-12 11:57:00,98699542,-0.3693540633406187,-0.48470914691091693,-0.2539989797703205,34.377756449999964,-88.85918213085202,Union,-0.06,34.378,-88.8578,0.12970067710766434
2024-05-12 11:58:00,98699542,-0.35128798545729656,-0.4610134304082949,-0.2415625405062982,34.377756449999964,-88.85918213085202,Union,-0.11,34.378,-88.8578,0.12970067710766434
2024-05-12 11:59:00,98699542,-0.6549802060566577,-0.8596340735945057,-0.45032633851880977,34.377756449999964,-88.85918213085202,Union,-0.37,34.378,-88.8578,0.12970067710766434
2024-05-12 12:00:00,98699542,-0.4447885909654506,-0.5837772694921173,-0.3057999124387839,34.377756449999964,-88.85918213085202,Union,-0.24,34.378,-88.8578,0.12970067710766434
