timestamp,substation,Sim GIC (Median),Sim GIC (2.5),Sim GIC (97.5),sub lat,sub lon,site_1_device,site_1_gic,site_1_Latitude,site_1_Longitude,site_1_Distance
2024-05-10 12:00:00,708931360,-0.0391645948479902,-0.0638547208846817,-0.014474468811298703,36.59478086320661,-87.25291537754502,Montgomery,0.12,36.5949,-87.2533,0.036804079901321056
2024-05-10 12:01:00,708931360,-0.04033980606117094,-0.06444979156069705,-0.01622982056164483,36.59478086320661,-87.25291537754502,Montgomery,0.04,36.5949,-87.2533,0.036804079901321056
2024-05-10 12:02:00,708931360,0.091879990544721,0.045276419734737894,0.1384835613547041,36.59478086320661,-87.25291537754502,Montgomery,-0.11,36.5949,-87.2533,0.036804079901321056
2024-05-10 12:03:00,708931360,0.012896858141576652,0.0058338653564972715,0.01995985092665603,36.59478086320661,-87.25291537754502,Montgomery,-0.03,36.5949,-87.2533,0.036804079901321056
2024-05-10 12:04:00,708931360,0.026265511181868408,0.01315472578429424,0.039376296579442575,36.59478086320661,-87.25291537754502,Montgomery,0.01,36.5949,-87.2533,0.036804079901321056
2024-05-10 12:05:00,708931360,-0.03879998004653918,-0.061407628314255114,-0.016192331778823246,36.59478086320661,-87.25291537754502,Montgomery,-0.02,36.5949,-87.2533,0.036804079901321056
2024-05-10 12:06:00,708931360,0.03630153582499066,0.017671817448720012,0.05493125420126131,36.59478086320661,-87.25291537754502,Montgomery,-0.15,36.5949,-87.2533,0.036804079901321056
2024-05-10 12:07:00,708931360,-0.007792929147773091,-0.015687666173510022,0.00010180787796383768,36.59478086320661,-87.25291537754502,Montgomery,-0.01,36.5949,-87.2533,0.036804079901321056
2024-05-10 12:08:00,708931360,-0.0313692357717753,-0.05026069423651913,-0.012477777307031469,36.59478086320661,-87.25291537754502,Montgomery,0.08,36.5949,-87.2533,0.036804079901321056
2024-05-10 12:09:00,708931360,0.022389442042242223,0.011561295336799424,0.03321758874768502,36.59478086320661,-87.25291537754502,Montgomery,-0.04,36.5949,-87.2533,0.036804079901321056
2024-05-10 12:10:00,708931360,0.10325593150974739,0.050351705127028884,0.1561601578924659,36.59478086320661,-87.25291537754502,Montgomery,-0.1,36.5949,-87.2533,0.036804079901321056
2024-05-10 12:11:00,708931360,0.024999466306152976,0.012954764739950964,0.03704416787235499,36.59478086320661,-87.25291537754502,Montgomery,-0.09,36.5949,-87.2533,0.036804079901321056
2024-05-10 12:12:00,708931360,0.002434034410205733,-0.0009944201174609223,0.005862488937872388,36.59478086320661,-87.25291537754502,Montgomery,-0.01,36.5949,-87.2533,0.036804079901321056
2024-05-10 12:13:00,708931360,-0.04482846497567175,-0.07051841558858454,-0.01913851436275896,36.59478086320661,-87.25291537754502,Montgomery,0.1,36.5949,-87.2533,0.036804079901321056
2024-05-10 12:14:00,708931360,-0.10686697160122265,-0.1639866771681134,-0.04974726603433189,36.59478086320661,-87.25291537754502,Montgomery,0.14,36.5949,-87.2533,0.036804079901321056
2024-05-10 12:15:00,708931360,-0.04886923835026818,-0.07576545864333431,-0.021973018057202042,36.59478086320661,-87.25291537754502,Montgomery,0.15,36.5949,-87.2533,0.036804079901321056
2024-05-10 12:16:00,708931360,-0.07865444922796191,-0.12088769176415504,-0.03642120669176879,36.59478086320661,-87.25291537754502,Montgomery,0.24,36.5949,-87.2533,0.036804079901321056
2024-05-10 12:17:00,708931360,-0.08433568392027789,-0.1292851334081618,-0.039386234432393974,36.59478086320661,-87.25291537754502,Montgomery,0.09,36.5949,-87.2533,0.036804079901321056
2024-05-10 12:18:00,708931360,-0.09459547173117103,-0.14524851898688107,-0.043942424475460984,36.59478086320661,-87.25291537754502,Montgomery,0.18,36.5949,-87.2533,0.036804079901321056
2024-05-10 12:19:00,708931360,-0.06475883130447176,-0.0995467704225098,-0.029970892186433715,36.59478086320661,-87.25291537754502,Montgomery,0.06,36.5949,-87.2533,0.036804079901321056
2024-05-10 12:20:00,708931360,-0.10381894192689292,-0.15869576603569538,-0.04894211781809046,36.59478086320661,-87.25291537754502,Montgomery,0.08,36.5949,-87.2533,0.036804079901321056
2024-05-10 12:21:00,708931360,-0.16340114455728472,-0.2496933139469316,-0.07710897516763784,36.59478086320661,-87.25291537754502,Montgomery,0.02,36.5949,-87.2533,0.036804079901321056
2024-05-10 12:22:00,708931360,-0.11592071572462223,-0.17706721433603478,-0.05477421711320967,36.59478086320661,-87.25291537754502,Montgomery,-0.01,36.5949,-87.2533,0.036804079901321056
2024-05-10 12:23:00,708931360,-0.09245430649506782,-0.14139061554764976,-0.04351799744248587,36.59478086320661,-87.25291537754502,Montgomery,0.09,36.5949,-87.2533,0.036804079901321056
2024-05-10 12:24:00,708931360,-0.039641335064616465,-0.06067440220171575,-0.01860826792751718,36.59478086320661,-87.25291537754502,Montgomery,0.02,36.5949,-87.2533,0.036804079901321056
2024-05-10 12:25:00,708931360,-0.10287349399343777,-0.1572844357500081,-0.04846255223686744,36.59478086320661,-87.25291537754502,Montgomery,0.09,36.5949,-87.2533,0.036804079901321056
2024-05-10 12:26:00,708931360,-0.0682719493801834,-0.10454767271549403,-0.031996226044872754,36.59478086320661,-87.25291537754502,Montgomery,0.07,36.5949,-87.2533,0.036804079901321056
2024-05-10 12:27:00,708931360,0.012766435978710092,0.004020645569639507,0.021512226387780678,36.59478086320661,-87.25291537754502,Montgomery,0.1,36.5949,-87.2533,0.036804079901321056
2024-05-10 12:28:00,708931360,0.00035117017739088555,-0.00809268670475366,0.008795027059535433,36.59478086320661,-87.25291537754502,Montgomery,-0.05,36.5949,-87.2533,0.036804079901321056
2024-05-10 12:29:00,708931360,0.0265400970761984,0.01117273344924413,0.04190746070315267,36.59478086320661,-87.25291537754502,Montgomery,-0.04,36.5949,-87.2533,0.036804079901321056
2024-05-10 12:30:00,708931360,-0.02449713450699536,-0.038910451566584084,-0.010083817447406631,36.59478086320661,-87.25291537754502,Montgomery,-0.12,36.5949,-87.2533,0.036804079901321056
2024-05-10 12:31:00,708931360,-0.07387050317645885,-0.11329256153737058,-0.03444844481554712,36.59478086320661,-87.25291537754502,Montgomery,-0.13,36.5949,-87.2533,0.036804079901321056
2024-05-10 12:32:00,708931360,0.007046455942225038,0.0017477281259591464,0.012345183758490929,36.59478086320661,-87.25291537754502,Montgomery,-0.04,36.5949,-87.2533,0.036804079901321056
2024-05-10 12:33:00,708931360,-0.0029464182388317097,-0.007814566010096783,0.0019217295324333635,36.59478086320661,-87.25291537754502,Montgomery,0.03,36.5949,-87.2533,0.036804079901321056
2024-05-10 12:34:00,708931360,-0.033371314355627374,-0.05174960638798336,-0.01499302232327139,36.59478086320661,-87.25291537754502,Montgomery,0.06,36.5949,-87.2533,0.036804079901321056
2024-05-10 12:35:00,708931360,-0.1249924401494728,-0.19117542993142406,-0.058809450367521554,36.59478086320661,-87.25291537754502,Montgomery,-0.02,36.5949,-87.2533,0.036804079901321056
2024-05-10 12:36:00,708931360,-0.0655348052692023,-0.10001727825187214,-0.031052332286532466,36.59478086320661,-87.25291537754502,Montgomery,0.03,36.5949,-87.2533,0.036804079901321056
2024-05-10 12:37:00,708931360,-0.07923118489033502,-0.12152501621384693,-0.03693735356682313,36.59478086320661,-87.25291537754502,Montgomery,-0.07,36.5949,-87.2533,0.036804079901321056
2024-05-10 12:38:00,708931360,0.02674698414161787,0.010695604829155724,0.042798363454080016,36.59478086320661,-87.25291537754502,Montgomery,-0.17,36.5949,-87.2533,0.036804079901321056
2024-05-10 12:39:00,708931360,0.0015793017712078757,-0.009069701807212139,0.01222830534962789,36.59478086320661,-87.25291537754502,Montgomery,-0.24,36.5949,-87.2533,0.036804079901321056
2024-05-10 12:40:00,708931360,-0.002162483198567475,-0.01040499525537037,0.00608002885823542,36.59478086320661,-87.25291537754502,Montgomery,-0.03,36.5949,-87.2533,0.036804079901321056
2024-05-10 12:41:00,708931360,-0.03970338543078292,-0.06188439241723006,-0.017522378444335775,36.59478086320661,-87.25291537754502,Montgomery,-0.06,36.5949,-87.2533,0.036804079901321056
2024-05-10 12:42:00,708931360,0.06378525413075616,0.028449173661407666,0.09912133460010464,36.59478086320661,-87.25291537754502,Montgomery,-0.22,36.5949,-87.2533,0.036804079901321056
2024-05-10 12:43:00,708931360,0.038034237300648,0.014734460390112437,0.06133401421118356,36.59478086320661,-87.25291537754502,Montgomery,-0.25,36.5949,-87.2533,0.036804079901321056
2024-05-10 12:44:00,708931360,0.030566095674097103,0.01113993862565069,0.04999225272254351,36.59478086320661,-87.25291537754502,Montgomery,-0.27,36.5949,-87.2533,0.036804079901321056
2024-05-10 12:45:00,708931360,0.07963413320744951,0.035797548257494594,0.12347071815740443,36.59478086320661,-87.25291537754502,Montgomery,-0.26,36.5949,-87.2533,0.036804079901321056
2024-05-10 12:46:00,708931360,0.06588744974243198,0.029026737097043114,0.10274816238782083,36.59478086320661,-87.25291537754502,Montgomery,-0.27,36.5949,-87.2533,0.036804079901321056
2024-05-10 12:47:00,708931360,-0.003553906615605657,-0.015442483605754644,0.00833467037454333,36.59478086320661,-87.25291537754502,Montgomery,-0.2,36.5949,-87.2533,0.036804079901321056
2024-05-10 12:48:00,708931360,-0.0030437701129014407,-0.010758336847867818,0.004670796622064936,36.59478086320661,-87.25291537754502,Montgomery,-0.11,36.5949,-87.2533,0.036804079901321056
2024-05-10 12:49:00,708931360,-0.11233034134109535,-0.17045877814034321,-0.05420190454184747,36.59478086320661,-87.25291537754502,Montgomery,-0.17,36.5949,-87.2533,0.036804079901321056
2024-05-10 12:50:00,708931360,0.05114397287675422,0.022168720542139038,0.08011922521136941,36.59478086320661,-87.25291537754502,Montgomery,-0.1,36.5949,-87.2533,0.036804079901321056
2024-05-10 12:51:00,708931360,0.07990208464612797,0.0361733148534674,0.12363085443878855,36.59478086320661,-87.25291537754502,Montgomery,-0.21,36.5949,-87.2533,0.036804079901321056
2024-05-10 12:52:00,708931360,0.05747256544659341,0.02501815932600407,0.08992697156718275,36.59478086320661,-87.25291537754502,Montgomery,-0.34,36.5949,-87.2533,0.036804079901321056
2024-05-10 12:53:00,708931360,-0.06729904278344884,-0.1029124823672444,-0.031685603199653266,36.59478086320661,-87.25291537754502,Montgomery,-0.27,36.5949,-87.2533,0.036804079901321056
2024-05-10 12:54:00,708931360,-0.03426096601756205,-0.05275128463843974,-0.01577064739668436,36.59478086320661,-87.25291537754502,Montgomery,-0.21,36.5949,-87.2533,0.036804079901321056
2024-05-10 12:55:00,708931360,-0.02474917335868148,-0.03904478662736503,-0.010453560089997923,36.59478086320661,-87.25291537754502,Montgomery,-0.15,36.5949,-87.2533,0.036804079901321056
2024-05-10 12:56:00,708931360,0.023361414865407402,0.007605537946325701,0.039117291784489104,36.59478086320661,-87.25291537754502,Montgomery,-0.22,36.5949,-87.2533,0.036804079901321056
2024-05-10 12:57:00,708931360,0.075119214162152,0.033025115617858924,0.11721331270644508,36.59478086320661,-87.25291537754502,Montgomery,-0.33,36.5949,-87.2533,0.036804079901321056
2024-05-10 12:58:00,708931360,0.03128811896470536,0.011097057345281373,0.05147918058412935,36.59478086320661,-87.25291537754502,Montgomery,-0.24,36.5949,-87.2533,0.036804079901321056
2024-05-10 12:59:00,708931360,-0.0022397194510016503,-0.012309457627144632,0.007830018725141332,36.59478086320661,-87.25291537754502,Montgomery,-0.36,36.5949,-87.2533,0.036804079901321056
2024-05-10 13:00:00,708931360,0.0021256021612730833,-0.006154371436800642,0.010405575759346808,36.59478086320661,-87.25291537754502,Montgomery,-0.43,36.5949,-87.2533,0.036804079901321056
2024-05-10 13:01:00,708931360,0.05895538013959467,0.024353661167617502,0.09355709911157184,36.59478086320661,-87.25291537754502,Montgomery,-0.34,36.5949,-87.2533,0.036804079901321056
2024-05-10 13:02:00,708931360,0.07101002289828398,0.03155133237242222,0.11046871342414574,36.59478086320661,-87.25291537754502,Montgomery,-0.34,36.5949,-87.2533,0.036804079901321056
2024-05-10 13:03:00,708931360,0.0853827274753858,0.03742819843484631,0.13333725651592532,36.59478086320661,-87.25291537754502,Montgomery,-0.28,36.5949,-87.2533,0.036804079901321056
2024-05-10 13:04:00,708931360,0.12751148278077476,0.05851414031705161,0.19650882524449792,36.59478086320661,-87.25291537754502,Montgomery,-0.43,36.5949,-87.2533,0.036804079901321056
2024-05-10 13:05:00,708931360,0.13989859908518093,0.0644042397409684,0.21539295842939346,36.59478086320661,-87.25291537754502,Montgomery,-0.49,36.5949,-87.2533,0.036804079901321056
2024-05-10 13:06:00,708931360,0.07384517281780131,0.03250246964142108,0.11518787599418154,36.59478086320661,-87.25291537754502,Montgomery,-0.45,36.5949,-87.2533,0.036804079901321056
2024-05-10 13:07:00,708931360,0.07140094675368776,0.0315998674603148,0.11120202604706073,36.59478086320661,-87.25291537754502,Montgomery,-0.52,36.5949,-87.2533,0.036804079901321056
2024-05-10 13:08:00,708931360,0.11313870757990949,0.05138753392604486,0.1748898812337741,36.59478086320661,-87.25291537754502,Montgomery,-0.44,36.5949,-87.2533,0.036804079901321056
2024-05-10 13:09:00,708931360,0.09289467543273706,0.041384497025902814,0.1444048538395713,36.59478086320661,-87.25291537754502,Montgomery,-0.33,36.5949,-87.2533,0.036804079901321056
2024-05-10 13:10:00,708931360,0.241182973545061,0.11282367883494476,0.3695422682551772,36.59478086320661,-87.25291537754502,Montgomery,-0.51,36.5949,-87.2533,0.036804079901321056
2024-05-10 13:11:00,708931360,0.28722571917419454,0.1342510992739981,0.440200339074391,36.59478086320661,-87.25291537754502,Montgomery,-0.45,36.5949,-87.2533,0.036804079901321056
2024-05-10 13:12:00,708931360,0.4131649961428983,0.19480034432884158,0.631529647956955,36.59478086320661,-87.25291537754502,Montgomery,-0.67,36.5949,-87.2533,0.036804079901321056
2024-05-10 13:13:00,708931360,0.36796202501054515,0.173334394164846,0.5625896558562443,36.59478086320661,-87.25291537754502,Montgomery,-0.88,36.5949,-87.2533,0.036804079901321056
2024-05-10 13:14:00,708931360,0.18799446525199096,0.08713131563612794,0.288857614867854,36.59478086320661,-87.25291537754502,Montgomery,-1.07,36.5949,-87.2533,0.036804079901321056
2024-05-10 13:15:00,708931360,0.17716200374183755,0.08169194047147124,0.2726320670122039,36.59478086320661,-87.25291537754502,Montgomery,-1.01,36.5949,-87.2533,0.036804079901321056
2024-05-10 13:16:00,708931360,0.1886085078399891,0.08796530507668947,0.2892517106032887,36.59478086320661,-87.25291537754502,Montgomery,-0.87,36.5949,-87.2533,0.036804079901321056
2024-05-10 13:17:00,708931360,0.0887267777765109,0.03909286257898625,0.13836069297403555,36.59478086320661,-87.25291537754502,Montgomery,-0.62,36.5949,-87.2533,0.036804079901321056
2024-05-10 13:18:00,708931360,-0.010618516157047455,-0.018241224355529426,-0.0029958079585654836,36.59478086320661,-87.25291537754502,Montgomery,-0.16,36.5949,-87.2533,0.036804079901321056
2024-05-10 13:19:00,708931360,-0.04326648211459989,-0.06755543547214152,-0.018977528757058257,36.59478086320661,-87.25291537754502,Montgomery,-0.2,36.5949,-87.2533,0.036804079901321056
2024-05-10 13:20:00,708931360,-0.06825042643057962,-0.1026999140511343,-0.03380093881002494,36.59478086320661,-87.25291537754502,Montgomery,-0.25,36.5949,-87.2533,0.036804079901321056
2024-05-10 13:21:00,708931360,-0.013917797827699795,-0.027112690919105772,-0.0007229047362938192,36.59478086320661,-87.25291537754502,Montgomery,-0.15,36.5949,-87.2533,0.036804079901321056
2024-05-10 13:22:00,708931360,-0.04830547639245825,-0.07197998477656233,-0.02463096800835418,36.59478086320661,-87.25291537754502,Montgomery,-0.23,36.5949,-87.2533,0.036804079901321056
2024-05-10 13:23:00,708931360,-0.03911155136458939,-0.05995805933004174,-0.018265043399137038,36.59478086320661,-87.25291537754502,Montgomery,-0.17,36.5949,-87.2533,0.036804079901321056
2024-05-10 13:24:00,708931360,0.006620311926792539,-0.005908806888156794,0.01914943074174187,36.59478086320661,-87.25291537754502,Montgomery,-0.15,36.5949,-87.2533,0.036804079901321056
2024-05-10 13:25:00,708931360,0.04827797116553014,0.01696175615498964,0.07959418617607064,36.59478086320661,-87.25291537754502,Montgomery,-0.35,36.5949,-87.2533,0.036804079901321056
2024-05-10 13:26:00,708931360,0.01544744679510283,-4.1816912179673885e-05,0.030936710502385334,36.59478086320661,-87.25291537754502,Montgomery,-0.21,36.5949,-87.2533,0.036804079901321056
2024-05-10 13:27:00,708931360,-0.004506420158928418,-0.016725611792403478,0.007712771474546642,36.59478086320661,-87.25291537754502,Montgomery,-0.26,36.5949,-87.2533,0.036804079901321056
2024-05-10 13:28:00,708931360,-0.05529768927779077,-0.08190162625707781,-0.028693752298503718,36.59478086320661,-87.25291537754502,Montgomery,-0.24,36.5949,-87.2533,0.036804079901321056
2024-05-10 13:29:00,708931360,0.04827026903680654,0.0169541097273401,0.07958642834627298,36.59478086320661,-87.25291537754502,Montgomery,-0.11,36.5949,-87.2533,0.036804079901321056
2024-05-10 13:30:00,708931360,0.05778868640667962,0.0220891091501356,0.09348826366322363,36.59478086320661,-87.25291537754502,Montgomery,-0.3,36.5949,-87.2533,0.036804079901321056
2024-05-10 13:31:00,708931360,0.1053960340384646,0.045036931119520826,0.1657551369574084,36.59478086320661,-87.25291537754502,Montgomery,-0.33,36.5949,-87.2533,0.036804079901321056
2024-05-10 13:32:00,708931360,0.0959380031974734,0.04032365387027108,0.15155235252467575,36.59478086320661,-87.25291537754502,Montgomery,-0.52,36.5949,-87.2533,0.036804079901321056
2024-05-10 13:33:00,708931360,0.09686541287412279,0.041184780756991016,0.15254604499125457,36.59478086320661,-87.25291537754502,Montgomery,-0.62,36.5949,-87.2533,0.036804079901321056
2024-05-10 13:34:00,708931360,0.11549271713506971,0.0497987218940911,0.18118671237604833,36.59478086320661,-87.25291537754502,Montgomery,-0.26,36.5949,-87.2533,0.036804079901321056
2024-05-10 13:35:00,708931360,0.09611126925664391,0.04007887261671603,0.1521436658965718,36.59478086320661,-87.25291537754502,Montgomery,-0.37,36.5949,-87.2533,0.036804079901321056
2024-05-10 13:36:00,708931360,0.1756159714776159,0.07963156517866626,0.27160037777656554,36.59478086320661,-87.25291537754502,Montgomery,-0.61,36.5949,-87.2533,0.036804079901321056
2024-05-10 13:37:00,708931360,0.13909793296947906,0.06154873358493912,0.216647132354019,36.59478086320661,-87.25291537754502,Montgomery,-0.39,36.5949,-87.2533,0.036804079901321056
2024-05-10 13:38:00,708931360,0.10750626723566804,0.04648011514906513,0.16853241932227095,36.59478086320661,-87.25291537754502,Montgomery,-0.28,36.5949,-87.2533,0.036804079901321056
2024-05-10 13:39:00,708931360,0.005795329239132408,-0.009479817741969026,0.021070476220233843,36.59478086320661,-87.25291537754502,Montgomery,-0.2,36.5949,-87.2533,0.036804079901321056
2024-05-10 13:40:00,708931360,0.09819236520446141,0.03852273766504998,0.15786199274387283,36.59478086320661,-87.25291537754502,Montgomery,-0.28,36.5949,-87.2533,0.036804079901321056
2024-05-10 13:41:00,708931360,0.05352198784204578,0.019257885929667304,0.08778608975442426,36.59478086320661,-87.25291537754502,Montgomery,-0.3,36.5949,-87.2533,0.036804079901321056
2024-05-10 13:42:00,708931360,0.08892532368424001,0.037291473336106606,0.14055917403237342,36.59478086320661,-87.25291537754502,Montgomery,-0.5,36.5949,-87.2533,0.036804079901321056
2024-05-10 13:43:00,708931360,0.07192405713091891,0.02916773325740315,0.11468038100443467,36.59478086320661,-87.25291537754502,Montgomery,-0.61,36.5949,-87.2533,0.036804079901321056
2024-05-10 13:44:00,708931360,0.10328975600535623,0.04416863747083705,0.1624108745398754,36.59478086320661,-87.25291537754502,Montgomery,-0.13,36.5949,-87.2533,0.036804079901321056
2024-05-10 13:45:00,708931360,0.11901786086370673,0.05227608556962249,0.18575963615779098,36.59478086320661,-87.25291537754502,Montgomery,-0.25,36.5949,-87.2533,0.036804079901321056
2024-05-10 13:46:00,708931360,0.0855038618137313,0.03514543002049723,0.1358622936069654,36.59478086320661,-87.25291537754502,Montgomery,-0.37,36.5949,-87.2533,0.036804079901321056
2024-05-10 13:47:00,708931360,0.008091199731770164,-0.0059699519267522,0.022152351390292528,36.59478086320661,-87.25291537754502,Montgomery,-0.18,36.5949,-87.2533,0.036804079901321056
2024-05-10 13:48:00,708931360,0.1362277640267287,0.05990969080646144,0.21254583724699597,36.59478086320661,-87.25291537754502,Montgomery,-0.35,36.5949,-87.2533,0.036804079901321056
2024-05-10 13:49:00,708931360,0.052927635650951085,0.019978131956043525,0.08587713934585864,36.59478086320661,-87.25291537754502,Montgomery,-0.53,36.5949,-87.2533,0.036804079901321056
2024-05-10 13:50:00,708931360,0.030464599598868734,0.0070996653385723765,0.05382953385916509,36.59478086320661,-87.25291537754502,Montgomery,0.06,36.5949,-87.2533,0.036804079901321056
2024-05-10 13:51:00,708931360,0.04808900923057364,0.01791078975952852,0.07826722870161876,36.59478086320661,-87.25291537754502,Montgomery,-0.1,36.5949,-87.2533,0.036804079901321056
2024-05-10 13:52:00,708931360,0.10484330185199883,0.04534813767794143,0.16433846602605623,36.59478086320661,-87.25291537754502,Montgomery,-0.36,36.5949,-87.2533,0.036804079901321056
2024-05-10 13:53:00,708931360,0.22113289796796284,0.10180130739508805,0.34046448854083766,36.59478086320661,-87.25291537754502,Montgomery,-0.69,36.5949,-87.2533,0.036804079901321056
2024-05-10 13:54:00,708931360,0.3304103195887843,0.15380053190279713,0.5070201072747715,36.59478086320661,-87.25291537754502,Montgomery,-0.95,36.5949,-87.2533,0.036804079901321056
2024-05-10 13:55:00,708931360,0.26595682035694335,0.12354471775553141,0.40836892295835525,36.59478086320661,-87.25291537754502,Montgomery,-0.87,36.5949,-87.2533,0.036804079901321056
2024-05-10 13:56:00,708931360,0.3340131625066859,0.15566874933477887,0.512357575678593,36.59478086320661,-87.25291537754502,Montgomery,-0.8,36.5949,-87.2533,0.036804079901321056
2024-05-10 13:57:00,708931360,0.269063875212894,0.12459555604536432,0.41353219438042366,36.59478086320661,-87.25291537754502,Montgomery,-0.73,36.5949,-87.2533,0.036804079901321056
2024-05-10 13:58:00,708931360,0.21713046761732058,0.10012741344806886,0.3341335217865723,36.59478086320661,-87.25291537754502,Montgomery,-0.9,36.5949,-87.2533,0.036804079901321056
2024-05-10 13:59:00,708931360,0.15025726725323416,0.06801318981126285,0.23250134469520545,36.59478086320661,-87.25291537754502,Montgomery,-0.56,36.5949,-87.2533,0.036804079901321056
2024-05-10 14:00:00,708931360,0.16949954778942183,0.07691184856449101,0.26208724701435265,36.59478086320661,-87.25291537754502,Montgomery,-0.24,36.5949,-87.2533,0.036804079901321056
2024-05-10 14:01:00,708931360,0.14402681689027855,0.06493647699480803,0.22311715678574906,36.59478086320661,-87.25291537754502,Montgomery,-0.44,36.5949,-87.2533,0.036804079901321056
2024-05-10 14:02:00,708931360,0.09986804143336303,0.043003484618101336,0.15673259824862473,36.59478086320661,-87.25291537754502,Montgomery,-0.32,36.5949,-87.2533,0.036804079901321056
2024-05-10 14:03:00,708931360,0.14076052587301374,0.06394051614535544,0.21758053560067203,36.59478086320661,-87.25291537754502,Montgomery,-0.48,36.5949,-87.2533,0.036804079901321056
2024-05-10 14:04:00,708931360,0.26338949701569353,0.12188719054052682,0.40489180349086024,36.59478086320661,-87.25291537754502,Montgomery,-0.68,36.5949,-87.2533,0.036804079901321056
2024-05-10 14:05:00,708931360,0.11762266605187974,0.05190225949614019,0.18334307260761928,36.59478086320661,-87.25291537754502,Montgomery,-0.58,36.5949,-87.2533,0.036804079901321056
2024-05-10 14:06:00,708931360,0.08618804990322117,0.03745018207412998,0.13492591773231236,36.59478086320661,-87.25291537754502,Montgomery,-0.56,36.5949,-87.2533,0.036804079901321056
2024-05-10 14:07:00,708931360,0.09951673578462192,0.042986306787343186,0.15604716478190064,36.59478086320661,-87.25291537754502,Montgomery,-0.6,36.5949,-87.2533,0.036804079901321056
2024-05-10 14:08:00,708931360,0.11873407883647354,0.052710706690777376,0.1847574509821697,36.59478086320661,-87.25291537754502,Montgomery,-0.52,36.5949,-87.2533,0.036804079901321056
2024-05-10 14:09:00,708931360,0.15894480839250305,0.07245242451386444,0.24543719227114166,36.59478086320661,-87.25291537754502,Montgomery,-0.64,36.5949,-87.2533,0.036804079901321056
2024-05-10 14:10:00,708931360,0.13082320708555362,0.058875401706695335,0.2027710124644119,36.59478086320661,-87.25291537754502,Montgomery,-0.33,36.5949,-87.2533,0.036804079901321056
2024-05-10 14:11:00,708931360,0.021576000448435377,0.0027183681633652194,0.04043363273350553,36.59478086320661,-87.25291537754502,Montgomery,-0.27,36.5949,-87.2533,0.036804079901321056
2024-05-10 14:12:00,708931360,0.09290720819554556,0.03991462484492146,0.14589979154616967,36.59478086320661,-87.25291537754502,Montgomery,-0.33,36.5949,-87.2533,0.036804079901321056
2024-05-10 14:13:00,708931360,0.16780908271920497,0.07600926564294391,0.25960889979546603,36.59478086320661,-87.25291537754502,Montgomery,-0.41,36.5949,-87.2533,0.036804079901321056
2024-05-10 14:14:00,708931360,0.11019008761207062,0.048159230572444756,0.1722209446516965,36.59478086320661,-87.25291537754502,Montgomery,-0.42,36.5949,-87.2533,0.036804079901321056
2024-05-10 14:15:00,708931360,0.12698291136210965,0.0563514150843714,0.1976144076398479,36.59478086320661,-87.25291537754502,Montgomery,-0.34,36.5949,-87.2533,0.036804079901321056
2024-05-10 14:16:00,708931360,0.21261917268533498,0.09798260714500251,0.32725573822566745,36.59478086320661,-87.25291537754502,Montgomery,-0.5,36.5949,-87.2533,0.036804079901321056
2024-05-10 14:17:00,708931360,0.09537434419672493,0.04096595238045605,0.1497827360129938,36.59478086320661,-87.25291537754502,Montgomery,-0.28,36.5949,-87.2533,0.036804079901321056
2024-05-10 14:18:00,708931360,0.15950540360099785,0.0719038719927829,0.24710693520921279,36.59478086320661,-87.25291537754502,Montgomery,-0.18,36.5949,-87.2533,0.036804079901321056
2024-05-10 14:19:00,708931360,0.12848454089248834,0.05806683468700419,0.1989022470979725,36.59478086320661,-87.25291537754502,Montgomery,-0.35,36.5949,-87.2533,0.036804079901321056
2024-05-10 14:20:00,708931360,0.09351447106850433,0.03964754706355719,0.14738139507345147,36.59478086320661,-87.25291537754502,Montgomery,-0.12,36.5949,-87.2533,0.036804079901321056
2024-05-10 14:21:00,708931360,0.06813486490366479,0.02815345444636299,0.10811627536096657,36.59478086320661,-87.25291537754502,Montgomery,-0.18,36.5949,-87.2533,0.036804079901321056
2024-05-10 14:22:00,708931360,0.2146194886260028,0.09878401997783515,0.33045495727417046,36.59478086320661,-87.25291537754502,Montgomery,-0.06,36.5949,-87.2533,0.036804079901321056
2024-05-10 14:23:00,708931360,0.2772460975935784,0.12836209348306185,0.42613010170409493,36.59478086320661,-87.25291537754502,Montgomery,-0.13,36.5949,-87.2533,0.036804079901321056
2024-05-10 14:24:00,708931360,0.13669101310597967,0.061908329202946574,0.21147369700901275,36.59478086320661,-87.25291537754502,Montgomery,-0.49,36.5949,-87.2533,0.036804079901321056
2024-05-10 14:25:00,708931360,0.052428325563482474,0.014258073795811094,0.09059857733115385,36.59478086320661,-87.25291537754502,Montgomery,0.1,36.5949,-87.2533,0.036804079901321056
2024-05-10 14:26:00,708931360,0.08004973494076639,0.033961863714910286,0.1261376061666225,36.59478086320661,-87.25291537754502,Montgomery,-0.4,36.5949,-87.2533,0.036804079901321056
2024-05-10 14:27:00,708931360,0.23486568150726903,0.10883207214947804,0.36089929086506,36.59478086320661,-87.25291537754502,Montgomery,0.06,36.5949,-87.2533,0.036804079901321056
2024-05-10 14:28:00,708931360,0.09708093440244477,0.04291635418583472,0.1512455146190548,36.59478086320661,-87.25291537754502,Montgomery,-0.32,36.5949,-87.2533,0.036804079901321056
2024-05-10 14:29:00,708931360,-0.3127001457121737,-0.47331934344623183,-0.15208094797811558,36.59478086320661,-87.25291537754502,Montgomery,0.19,36.5949,-87.2533,0.036804079901321056
2024-05-10 14:30:00,708931360,-0.2818051784376341,-0.4257350038376347,-0.13787535303763349,36.59478086320661,-87.25291537754502,Montgomery,0.54,36.5949,-87.2533,0.036804079901321056
2024-05-10 14:31:00,708931360,-0.0710499935735596,-0.10552308642144231,-0.036576900725676875,36.59478086320661,-87.25291537754502,Montgomery,0.37,36.5949,-87.2533,0.036804079901321056
2024-05-10 14:32:00,708931360,-0.10254192112319802,-0.15483079433829905,-0.05025304790809698,36.59478086320661,-87.25291537754502,Montgomery,0.25,36.5949,-87.2533,0.036804079901321056
2024-05-10 14:33:00,708931360,-0.013403234852690607,-0.025182693613970873,-0.0016237760914103432,36.59478086320661,-87.25291537754502,Montgomery,0.47,36.5949,-87.2533,0.036804079901321056
2024-05-10 14:34:00,708931360,-0.48183255303618416,-0.730401751797739,-0.23326335427462924,36.59478086320661,-87.25291537754502,Montgomery,0.77,36.5949,-87.2533,0.036804079901321056
2024-05-10 14:35:00,708931360,-0.20774572509437808,-0.3135851038708347,-0.10190634631792142,36.59478086320661,-87.25291537754502,Montgomery,0.43,36.5949,-87.2533,0.036804079901321056
2024-05-10 14:36:00,708931360,-0.10625608320894155,-0.15907897303596838,-0.05343319338191471,36.59478086320661,-87.25291537754502,Montgomery,0.31,36.5949,-87.2533,0.036804079901321056
2024-05-10 14:37:00,708931360,-0.15135131441616922,-0.22772303253680992,-0.07497959629552854,36.59478086320661,-87.25291537754502,Montgomery,0.68,36.5949,-87.2533,0.036804079901321056
2024-05-10 14:38:00,708931360,-0.019841649840586763,-0.03266613448475601,-0.0070171651964175165,36.59478086320661,-87.25291537754502,Montgomery,0.3,36.5949,-87.2533,0.036804079901321056
2024-05-10 14:39:00,708931360,-0.27334919646189765,-0.41360910052053096,-0.13308929240326434,36.59478086320661,-87.25291537754502,Montgomery,0.44,36.5949,-87.2533,0.036804079901321056
2024-05-10 14:40:00,708931360,-0.029432511019560143,-0.04382863544332793,-0.015036386595792357,36.59478086320661,-87.25291537754502,Montgomery,0.46,36.5949,-87.2533,0.036804079901321056
2024-05-10 14:41:00,708931360,-0.22715986472668878,-0.34292559342457696,-0.11139413602880059,36.59478086320661,-87.25291537754502,Montgomery,0.48,36.5949,-87.2533,0.036804079901321056
2024-05-10 14:42:00,708931360,-0.28156530047839223,-0.4262482400920631,-0.13688236086472141,36.59478086320661,-87.25291537754502,Montgomery,0.69,36.5949,-87.2533,0.036804079901321056
2024-05-10 14:43:00,708931360,-0.28421907245653,-0.4297528585722227,-0.13868528634083732,36.59478086320661,-87.25291537754502,Montgomery,0.77,36.5949,-87.2533,0.036804079901321056
2024-05-10 14:44:00,708931360,-0.23844455859001218,-0.36069663046792555,-0.11619248671209882,36.59478086320661,-87.25291537754502,Montgomery,0.96,36.5949,-87.2533,0.036804079901321056
2024-05-10 14:45:00,708931360,-0.10393419269971867,-0.15622296012180592,-0.05164542527763142,36.59478086320661,-87.25291537754502,Montgomery,0.89,36.5949,-87.2533,0.036804079901321056
2024-05-10 14:46:00,708931360,-0.02310894390732808,-0.040981497083142464,-0.005236390731513697,36.59478086320661,-87.25291537754502,Montgomery,0.34,36.5949,-87.2533,0.036804079901321056
2024-05-10 14:47:00,708931360,0.012547890114503735,0.0015030873801510827,0.023592692848856386,36.59478086320661,-87.25291537754502,Montgomery,0.32,36.5949,-87.2533,0.036804079901321056
2024-05-10 14:48:00,708931360,0.0027725919490477436,-0.006206645882791003,0.01175182978088649,36.59478086320661,-87.25291537754502,Montgomery,0.16,36.5949,-87.2533,0.036804079901321056
2024-05-10 14:49:00,708931360,-0.016825903953478456,-0.02768383532968796,-0.00596797257726895,36.59478086320661,-87.25291537754502,Montgomery,-0.12,36.5949,-87.2533,0.036804079901321056
2024-05-10 14:50:00,708931360,0.0688925702832006,0.03109984524765083,0.10668529531875037,36.59478086320661,-87.25291537754502,Montgomery,0.08,36.5949,-87.2533,0.036804079901321056
2024-05-10 14:51:00,708931360,0.12966058561712607,0.06019051362369396,0.19913065761055818,36.59478086320661,-87.25291537754502,Montgomery,-0.05,36.5949,-87.2533,0.036804079901321056
2024-05-10 14:52:00,708931360,-0.057150183243205525,-0.09330511576042391,-0.02099525072598714,36.59478086320661,-87.25291537754502,Montgomery,0.37,36.5949,-87.2533,0.036804079901321056
2024-05-10 14:53:00,708931360,0.24280407321996045,0.11611645086934436,0.36949169557057654,36.59478086320661,-87.25291537754502,Montgomery,-0.07,36.5949,-87.2533,0.036804079901321056
2024-05-10 14:54:00,708931360,0.21836363217900776,0.10360740196279794,0.33311986239521757,36.59478086320661,-87.25291537754502,Montgomery,-0.09,36.5949,-87.2533,0.036804079901321056
2024-05-10 14:55:00,708931360,0.25731813879321824,0.12353159491338087,0.39110468267305565,36.59478086320661,-87.25291537754502,Montgomery,-0.1,36.5949,-87.2533,0.036804079901321056
2024-05-10 14:56:00,708931360,0.22921388982859367,0.10983818976025873,0.3485895898969286,36.59478086320661,-87.25291537754502,Montgomery,-0.18,36.5949,-87.2533,0.036804079901321056
2024-05-10 14:57:00,708931360,0.3340198243559714,0.16073194492521625,0.5073077037867265,36.59478086320661,-87.25291537754502,Montgomery,-0.59,36.5949,-87.2533,0.036804079901321056
2024-05-10 14:58:00,708931360,0.3845660488254258,0.18431142268896047,0.584820674961891,36.59478086320661,-87.25291537754502,Montgomery,-1.32,36.5949,-87.2533,0.036804079901321056
2024-05-10 14:59:00,708931360,0.3044047750366903,0.14714793961757588,0.46166161045580467,36.59478086320661,-87.25291537754502,Montgomery,-1.22,36.5949,-87.2533,0.036804079901321056
2024-05-10 15:00:00,708931360,0.5739400721841345,0.2753547723870759,0.872525371981193,36.59478086320661,-87.25291537754502,Montgomery,-1.12,36.5949,-87.2533,0.036804079901321056
2024-05-10 15:01:00,708931360,0.25420724032423403,0.12316660110302474,0.3852478795454433,36.59478086320661,-87.25291537754502,Montgomery,-1.0,36.5949,-87.2533,0.036804079901321056
2024-05-10 15:02:00,708931360,0.16766457149950334,0.08144189595446481,0.25388724704454185,36.59478086320661,-87.25291537754502,Montgomery,-0.44,36.5949,-87.2533,0.036804079901321056
2024-05-10 15:03:00,708931360,-0.03157681546420242,-0.05294892712700103,-0.010204703801403814,36.59478086320661,-87.25291537754502,Montgomery,-0.33,36.5949,-87.2533,0.036804079901321056
2024-05-10 15:04:00,708931360,0.1827042328128428,0.08765201041443506,0.27775645521125053,36.59478086320661,-87.25291537754502,Montgomery,-0.78,36.5949,-87.2533,0.036804079901321056
2024-05-10 15:05:00,708931360,-0.24317228250213685,-0.3721528222117565,-0.1141917427925172,36.59478086320661,-87.25291537754502,Montgomery,0.25,36.5949,-87.2533,0.036804079901321056
2024-05-10 15:06:00,708931360,0.009660764375081598,-0.005153293212007769,0.024474821962170965,36.59478086320661,-87.25291537754502,Montgomery,0.05,36.5949,-87.2533,0.036804079901321056
2024-05-10 15:07:00,708931360,0.052958617305335236,0.021074111232455936,0.08484312337821454,36.59478086320661,-87.25291537754502,Montgomery,-0.28,36.5949,-87.2533,0.036804079901321056
2024-05-10 15:08:00,708931360,0.10211349035645917,0.04910538554652079,0.15512159516639756,36.59478086320661,-87.25291537754502,Montgomery,-0.11,36.5949,-87.2533,0.036804079901321056
2024-05-10 15:09:00,708931360,-0.1574132433142904,-0.24213259433445455,-0.07269389229412626,36.59478086320661,-87.25291537754502,Montgomery,-0.06,36.5949,-87.2533,0.036804079901321056
2024-05-10 15:10:00,708931360,-0.11284615234722778,-0.17592828885424244,-0.0497640158402131,36.59478086320661,-87.25291537754502,Montgomery,0.14,36.5949,-87.2533,0.036804079901321056
2024-05-10 15:11:00,708931360,-0.1353841503343328,-0.20840183484190744,-0.06236646582675816,36.59478086320661,-87.25291537754502,Montgomery,0.35,36.5949,-87.2533,0.036804079901321056
2024-05-10 15:12:00,708931360,-0.10203695837361622,-0.15781401833295447,-0.046259898414277974,36.59478086320661,-87.25291537754502,Montgomery,0.06,36.5949,-87.2533,0.036804079901321056
2024-05-10 15:13:00,708931360,-0.2205994257941105,-0.3376843408618652,-0.10351451072635574,36.59478086320661,-87.25291537754502,Montgomery,0.28,36.5949,-87.2533,0.036804079901321056
2024-05-10 15:14:00,708931360,-0.25007570745177765,-0.38236243594983355,-0.11778897895372173,36.59478086320661,-87.25291537754502,Montgomery,0.82,36.5949,-87.2533,0.036804079901321056
2024-05-10 15:15:00,708931360,-0.2800912527960636,-0.42797416861405635,-0.1322083369780709,36.59478086320661,-87.25291537754502,Montgomery,0.7,36.5949,-87.2533,0.036804079901321056
2024-05-10 15:16:00,708931360,-0.31021320692272003,-0.47509979779888734,-0.14532661604655273,36.59478086320661,-87.25291537754502,Montgomery,0.98,36.5949,-87.2533,0.036804079901321056
2024-05-10 15:17:00,708931360,-0.16441836595762274,-0.25324746318442504,-0.07558926873082047,36.59478086320661,-87.25291537754502,Montgomery,0.57,36.5949,-87.2533,0.036804079901321056
2024-05-10 15:18:00,708931360,0.16248526017970516,0.077578135166299,0.24739238519311132,36.59478086320661,-87.25291537754502,Montgomery,0.33,36.5949,-87.2533,0.036804079901321056
2024-05-10 15:19:00,708931360,-0.16440031321361034,-0.25204466422852173,-0.07675596219869894,36.59478086320661,-87.25291537754502,Montgomery,0.61,36.5949,-87.2533,0.036804079901321056
2024-05-10 15:20:00,708931360,-0.22075737814388627,-0.3395040586892028,-0.10201069759856973,36.59478086320661,-87.25291537754502,Montgomery,0.54,36.5949,-87.2533,0.036804079901321056
2024-05-10 15:21:00,708931360,-0.06927531883575694,-0.11549421423378267,-0.023056423437731205,36.59478086320661,-87.25291537754502,Montgomery,0.02,36.5949,-87.2533,0.036804079901321056
2024-05-10 15:22:00,708931360,0.19008801823579952,0.0913676413092298,0.2888083951623692,36.59478086320661,-87.25291537754502,Montgomery,0.25,36.5949,-87.2533,0.036804079901321056
2024-05-10 15:23:00,708931360,0.01770477154166013,0.00363518113873728,0.03177436194458298,36.59478086320661,-87.25291537754502,Montgomery,0.3,36.5949,-87.2533,0.036804079901321056
2024-05-10 15:24:00,708931360,-0.09175986160636812,-0.1425893758571353,-0.04093034735560095,36.59478086320661,-87.25291537754502,Montgomery,-0.17,36.5949,-87.2533,0.036804079901321056
2024-05-10 15:25:00,708931360,0.04247593979797919,0.020235328233655807,0.06471655136230256,36.59478086320661,-87.25291537754502,Montgomery,-0.18,36.5949,-87.2533,0.036804079901321056
2024-05-10 15:26:00,708931360,-0.18649540344647944,-0.28616678925166666,-0.0868240176412922,36.59478086320661,-87.25291537754502,Montgomery,0.07,36.5949,-87.2533,0.036804079901321056
2024-05-10 15:27:00,708931360,-0.3121225493145321,-0.4784457002303737,-0.1457993983986905,36.59478086320661,-87.25291537754502,Montgomery,0.93,36.5949,-87.2533,0.036804079901321056
2024-05-10 15:28:00,708931360,-0.31590896987727957,-0.4831033595618213,-0.1487145801927378,36.59478086320661,-87.25291537754502,Montgomery,1.18,36.5949,-87.2533,0.036804079901321056
2024-05-10 15:29:00,708931360,-0.3600205170960203,-0.5504769591698673,-0.16956407502217333,36.59478086320661,-87.25291537754502,Montgomery,0.95,36.5949,-87.2533,0.036804079901321056
2024-05-10 15:30:00,708931360,-0.31950607235960077,-0.489033014294382,-0.14997913042481953,36.59478086320661,-87.25291537754502,Montgomery,0.9,36.5949,-87.2533,0.036804079901321056
2024-05-10 15:31:00,708931360,-0.31720445170133627,-0.4871915276536546,-0.14721737574901791,36.59478086320661,-87.25291537754502,Montgomery,0.64,36.5949,-87.2533,0.036804079901321056
2024-05-10 15:32:00,708931360,-0.2738139013203099,-0.4215989265225477,-0.12602887611807212,36.59478086320661,-87.25291537754502,Montgomery,0.71,36.5949,-87.2533,0.036804079901321056
2024-05-10 15:33:00,708931360,-0.009920799033817528,-0.02789360510582746,0.008052007038192402,36.59478086320661,-87.25291537754502,Montgomery,-0.38,36.5949,-87.2533,0.036804079901321056
2024-05-10 15:34:00,708931360,-0.12637272324052146,-0.19676013003123322,-0.05598531644980971,36.59478086320661,-87.25291537754502,Montgomery,0.1,36.5949,-87.2533,0.036804079901321056
2024-05-10 15:35:00,708931360,0.023746009143466192,0.002488733201084392,0.04500328508584799,36.59478086320661,-87.25291537754502,Montgomery,0.33,36.5949,-87.2533,0.036804079901321056
2024-05-10 15:36:00,708931360,0.2801500164377351,0.13565316741133032,0.42464686546413993,36.59478086320661,-87.25291537754502,Montgomery,-0.05,36.5949,-87.2533,0.036804079901321056
2024-05-10 15:37:00,708931360,0.09811167495283193,0.04895635302327908,0.1472669968823848,36.59478086320661,-87.25291537754502,Montgomery,0.45,36.5949,-87.2533,0.036804079901321056
2024-05-10 15:38:00,708931360,-0.022326697745094343,-0.042066465603651765,-0.002586929886536922,36.59478086320661,-87.25291537754502,Montgomery,-0.29,36.5949,-87.2533,0.036804079901321056
2024-05-10 15:39:00,708931360,-0.42747862840101936,-0.6551861122525058,-0.1997711445495329,36.59478086320661,-87.25291537754502,Montgomery,-0.4,36.5949,-87.2533,0.036804079901321056
2024-05-10 15:40:00,708931360,-0.3901774498746663,-0.5987126597353012,-0.18164224001403137,36.59478086320661,-87.25291537754502,Montgomery,0.82,36.5949,-87.2533,0.036804079901321056
2024-05-10 15:41:00,708931360,0.24837635247442955,0.12104412443295628,0.37570858051590283,36.59478086320661,-87.25291537754502,Montgomery,0.4,36.5949,-87.2533,0.036804079901321056
2024-05-10 15:42:00,708931360,0.3440789463801454,0.1677739585005406,0.5203839342597503,36.59478086320661,-87.25291537754502,Montgomery,0.12,36.5949,-87.2533,0.036804079901321056
2024-05-10 15:43:00,708931360,-0.18111778488958208,-0.2825270600557499,-0.07970850972341423,36.59478086320661,-87.25291537754502,Montgomery,-0.27,36.5949,-87.2533,0.036804079901321056
2024-05-10 15:44:00,708931360,-0.21139702163762145,-0.3281116886398031,-0.09468235463543978,36.59478086320661,-87.25291537754502,Montgomery,0.13,36.5949,-87.2533,0.036804079901321056
2024-05-10 15:45:00,708931360,0.1412220392099005,0.06384987903026616,0.21859419938953484,36.59478086320661,-87.25291537754502,Montgomery,0.24,36.5949,-87.2533,0.036804079901321056
2024-05-10 15:46:00,708931360,0.5257681517005154,0.2535778078168236,0.7979584955842072,36.59478086320661,-87.25291537754502,Montgomery,0.25,36.5949,-87.2533,0.036804079901321056
2024-05-10 15:47:00,708931360,0.13030645091385396,0.06606666901161744,0.19454623281609046,36.59478086320661,-87.25291537754502,Montgomery,0.28,36.5949,-87.2533,0.036804079901321056
2024-05-10 15:48:00,708931360,-0.34144127977900945,-0.5265754114310467,-0.1563071481269722,36.59478086320661,-87.25291537754502,Montgomery,-0.1,36.5949,-87.2533,0.036804079901321056
2024-05-10 15:49:00,708931360,-0.3158479603901704,-0.48825230571187067,-0.1434436150684701,36.59478086320661,-87.25291537754502,Montgomery,0.13,36.5949,-87.2533,0.036804079901321056
2024-05-10 15:50:00,708931360,-0.156972132752157,-0.2435453643396726,-0.07039890116464136,36.59478086320661,-87.25291537754502,Montgomery,0.02,36.5949,-87.2533,0.036804079901321056
2024-05-10 15:51:00,708931360,-0.2613354882109307,-0.4051745085197247,-0.11749646790213672,36.59478086320661,-87.25291537754502,Montgomery,0.67,36.5949,-87.2533,0.036804079901321056
2024-05-10 15:52:00,708931360,0.05969621420493361,0.011590962530123927,0.10780146587974329,36.59478086320661,-87.25291537754502,Montgomery,0.16,36.5949,-87.2533,0.036804079901321056
2024-05-10 15:53:00,708931360,0.034945005837934126,-0.0014136420967340024,0.07130365377260225,36.59478086320661,-87.25291537754502,Montgomery,0.32,36.5949,-87.2533,0.036804079901321056
2024-05-10 15:54:00,708931360,-0.09466038464964192,-0.1507041677084762,-0.03861660159080766,36.59478086320661,-87.25291537754502,Montgomery,0.12,36.5949,-87.2533,0.036804079901321056
2024-05-10 15:55:00,708931360,-0.40665499366954655,-0.6242625049011415,-0.18904748243795155,36.59478086320661,-87.25291537754502,Montgomery,0.48,36.5949,-87.2533,0.036804079901321056
2024-05-10 15:56:00,708931360,-0.4453881250350728,-0.6837974323288849,-0.20697881774126067,36.59478086320661,-87.25291537754502,Montgomery,0.38,36.5949,-87.2533,0.036804079901321056
2024-05-10 15:57:00,708931360,-0.21452432827391477,-0.33394059469168014,-0.09510806185614941,36.59478086320661,-87.25291537754502,Montgomery,0.07,36.5949,-87.2533,0.036804079901321056
2024-05-10 15:58:00,708931360,0.011128804077339455,-0.016241605314244963,0.03849921346892387,36.59478086320661,-87.25291537754502,Montgomery,0.18,36.5949,-87.2533,0.036804079901321056
2024-05-10 15:59:00,708931360,-0.06592267431682886,-0.10679272175314669,-0.02505262688051102,36.59478086320661,-87.25291537754502,Montgomery,0.33,36.5949,-87.2533,0.036804079901321056
2024-05-10 16:00:00,708931360,-0.30622158516977416,-0.4714604575680247,-0.14098271277152366,36.59478086320661,-87.25291537754502,Montgomery,0.44,36.5949,-87.2533,0.036804079901321056
2024-05-10 16:01:00,708931360,-0.41484622454141173,-0.6368291142017025,-0.19286333488112095,36.59478086320661,-87.25291537754502,Montgomery,0.61,36.5949,-87.2533,0.036804079901321056
2024-05-10 16:02:00,708931360,-0.33253571381944147,-0.5121787732284776,-0.1528926544104053,36.59478086320661,-87.25291537754502,Montgomery,0.81,36.5949,-87.2533,0.036804079901321056
2024-05-10 16:03:00,708931360,-0.24194550548270485,-0.375747558893305,-0.10814345207210471,36.59478086320661,-87.25291537754502,Montgomery,0.52,36.5949,-87.2533,0.036804079901321056
2024-05-10 16:04:00,708931360,-0.21293093210709443,-0.3311576659893425,-0.0947041982248464,36.59478086320661,-87.25291537754502,Montgomery,0.2,36.5949,-87.2533,0.036804079901321056
2024-05-10 16:05:00,708931360,-0.21153549842634484,-0.327279916767888,-0.09579108008480171,36.59478086320661,-87.25291537754502,Montgomery,0.7,36.5949,-87.2533,0.036804079901321056
2024-05-10 16:06:00,708931360,-0.2405481617635158,-0.37154148045754554,-0.10955484306948607,36.59478086320661,-87.25291537754502,Montgomery,0.44,36.5949,-87.2533,0.036804079901321056
2024-05-10 16:07:00,708931360,-0.28361493674717275,-0.43712012928155175,-0.13010974421279373,36.59478086320661,-87.25291537754502,Montgomery,1.15,36.5949,-87.2533,0.036804079901321056
2024-05-10 16:08:00,708931360,-0.182618211792901,-0.285304835951806,-0.07993158763399598,36.59478086320661,-87.25291537754502,Montgomery,0.56,36.5949,-87.2533,0.036804079901321056
2024-05-10 16:09:00,708931360,-0.24331452271836407,-0.3752920907733564,-0.11133695466337173,36.59478086320661,-87.25291537754502,Montgomery,1.16,36.5949,-87.2533,0.036804079901321056
2024-05-10 16:10:00,708931360,-0.4574298744800648,-0.7014238290728,-0.21343591988732957,36.59478086320661,-87.25291537754502,Montgomery,0.97,36.5949,-87.2533,0.036804079901321056
2024-05-10 16:11:00,708931360,-0.32323038595335274,-0.4982920290912616,-0.14816874281544393,36.59478086320661,-87.25291537754502,Montgomery,0.69,36.5949,-87.2533,0.036804079901321056
2024-05-10 16:12:00,708931360,-0.14723355704066543,-0.23376749382178605,-0.06069962025954481,36.59478086320661,-87.25291537754502,Montgomery,0.33,36.5949,-87.2533,0.036804079901321056
2024-05-10 16:13:00,708931360,-0.26225894335003797,-0.4048103466192549,-0.11970754008082102,36.59478086320661,-87.25291537754502,Montgomery,0.98,36.5949,-87.2533,0.036804079901321056
2024-05-10 16:14:00,708931360,-0.2527094471363472,-0.3898005147554249,-0.11561837951726947,36.59478086320661,-87.25291537754502,Montgomery,0.9,36.5949,-87.2533,0.036804079901321056
2024-05-10 16:15:00,708931360,-0.32646103517960856,-0.5017717706623126,-0.15115029969690455,36.59478086320661,-87.25291537754502,Montgomery,0.73,36.5949,-87.2533,0.036804079901321056
2024-05-10 16:16:00,708931360,-0.24001909303478897,-0.36960206898053943,-0.1104361170890385,36.59478086320661,-87.25291537754502,Montgomery,0.39,36.5949,-87.2533,0.036804079901321056
2024-05-10 16:17:00,708931360,-0.32338193419833205,-0.49657208908490313,-0.150191779311761,36.59478086320661,-87.25291537754502,Montgomery,0.76,36.5949,-87.2533,0.036804079901321056
2024-05-10 16:18:00,708931360,-0.2996545247000732,-0.46020402328184273,-0.13910502611830364,36.59478086320661,-87.25291537754502,Montgomery,1.02,36.5949,-87.2533,0.036804079901321056
2024-05-10 16:19:00,708931360,-0.22482627616703035,-0.3472578633850295,-0.1023946889490312,36.59478086320661,-87.25291537754502,Montgomery,0.76,36.5949,-87.2533,0.036804079901321056
2024-05-10 16:20:00,708931360,-0.27648079747326537,-0.424965831531107,-0.1279957634154237,36.59478086320661,-87.25291537754502,Montgomery,0.87,36.5949,-87.2533,0.036804079901321056
2024-05-10 16:21:00,708931360,-0.2410534970791436,-0.372034672573309,-0.11007232158497823,36.59478086320661,-87.25291537754502,Montgomery,0.62,36.5949,-87.2533,0.036804079901321056
2024-05-10 16:22:00,708931360,-0.14740338729272007,-0.23181210898436408,-0.06299466560107606,36.59478086320661,-87.25291537754502,Montgomery,0.57,36.5949,-87.2533,0.036804079901321056
2024-05-10 16:23:00,708931360,-0.19661779102652258,-0.30437915434194635,-0.0888564277110988,36.59478086320661,-87.25291537754502,Montgomery,0.3,36.5949,-87.2533,0.036804079901321056
2024-05-10 16:24:00,708931360,-0.4350435043218893,-0.6662784659826764,-0.20380854266110227,36.59478086320661,-87.25291537754502,Montgomery,1.11,36.5949,-87.2533,0.036804079901321056
2024-05-10 16:25:00,708931360,-0.34463927910002623,-0.529417648162254,-0.15986091003779848,36.59478086320661,-87.25291537754502,Montgomery,0.92,36.5949,-87.2533,0.036804079901321056
2024-05-10 16:26:00,708931360,-0.26147345802958244,-0.4040154560511978,-0.11893146000796703,36.59478086320661,-87.25291537754502,Montgomery,0.69,36.5949,-87.2533,0.036804079901321056
2024-05-10 16:27:00,708931360,-0.2980381356975161,-0.45785830066940264,-0.13821797072562952,36.59478086320661,-87.25291537754502,Montgomery,0.67,36.5949,-87.2533,0.036804079901321056
2024-05-10 16:28:00,708931360,-0.3271019188285295,-0.502415848496514,-0.151787989160545,36.59478086320661,-87.25291537754502,Montgomery,0.81,36.5949,-87.2533,0.036804079901321056
2024-05-10 16:29:00,708931360,-0.11531712235865373,-0.18132867313320356,-0.04930557158410388,36.59478086320661,-87.25291537754502,Montgomery,0.5,36.5949,-87.2533,0.036804079901321056
2024-05-10 16:30:00,708931360,-0.009619354774912879,-0.02454244094239532,0.005303731392569564,36.59478086320661,-87.25291537754502,Montgomery,0.67,36.5949,-87.2533,0.036804079901321056
2024-05-10 16:31:00,708931360,-0.3002201079330839,-0.46169085023232215,-0.13874936563384563,36.59478086320661,-87.25291537754502,Montgomery,0.62,36.5949,-87.2533,0.036804079901321056
2024-05-10 16:32:00,708931360,-0.3318040242928073,-0.5089715945756904,-0.15463645400992418,36.59478086320661,-87.25291537754502,Montgomery,0.17,36.5949,-87.2533,0.036804079901321056
2024-05-10 16:33:00,708931360,-0.26223418538269616,-0.40388523626047357,-0.12058313450491875,36.59478086320661,-87.25291537754502,Montgomery,0.1,36.5949,-87.2533,0.036804079901321056
2024-05-10 16:34:00,708931360,-0.11081694001868778,-0.1733795639703419,-0.04825431606703365,36.59478086320661,-87.25291537754502,Montgomery,0.15,36.5949,-87.2533,0.036804079901321056
2024-05-10 16:35:00,708931360,-0.1332665211503583,-0.20836896935621282,-0.05816407294450379,36.59478086320661,-87.25291537754502,Montgomery,0.58,36.5949,-87.2533,0.036804079901321056
2024-05-10 16:36:00,708931360,-0.22323939630663708,-0.34553539686984097,-0.10094339574343318,36.59478086320661,-87.25291537754502,Montgomery,0.21,36.5949,-87.2533,0.036804079901321056
2024-05-10 16:37:00,708931360,-0.37710370356975625,-0.5786579770271575,-0.17554943011235502,36.59478086320661,-87.25291537754502,Montgomery,0.54,36.5949,-87.2533,0.036804079901321056
2024-05-10 16:38:00,708931360,-0.29683524346662415,-0.45782365164276917,-0.13584683529047917,36.59478086320661,-87.25291537754502,Montgomery,0.7,36.5949,-87.2533,0.036804079901321056
2024-05-10 16:39:00,708931360,-0.2613245990540322,-0.4030205002010212,-0.1196286979070432,36.59478086320661,-87.25291537754502,Montgomery,0.53,36.5949,-87.2533,0.036804079901321056
2024-05-10 16:40:00,708931360,-0.14700617817802972,-0.23272006450005522,-0.06129229185600421,36.59478086320661,-87.25291537754502,Montgomery,0.21,36.5949,-87.2533,0.036804079901321056
2024-05-10 16:41:00,708931360,-0.25990114991368146,-0.3998016889039375,-0.12000061092342543,36.59478086320661,-87.25291537754502,Montgomery,0.24,36.5949,-87.2533,0.036804079901321056
2024-05-10 16:42:00,708931360,-0.30720294662495506,-0.4721828387114183,-0.14222305453849185,36.59478086320661,-87.25291537754502,Montgomery,0.25,36.5949,-87.2533,0.036804079901321056
2024-05-10 16:43:00,708931360,-0.14380956162934316,-0.2249501400358922,-0.06266898322279411,36.59478086320661,-87.25291537754502,Montgomery,0.13,36.5949,-87.2533,0.036804079901321056
2024-05-10 16:44:00,708931360,0.05456147173315726,0.016465092325782714,0.0926578511405318,36.59478086320661,-87.25291537754502,Montgomery,0.15,36.5949,-87.2533,0.036804079901321056
2024-05-10 16:45:00,708931360,-0.09758322671733279,-0.15353234082170522,-0.04163411261296036,36.59478086320661,-87.25291537754502,Montgomery,0.07,36.5949,-87.2533,0.036804079901321056
2024-05-10 16:46:00,708931360,-0.31845981000602697,-0.49071245853512,-0.14620716147693394,36.59478086320661,-87.25291537754502,Montgomery,0.52,36.5949,-87.2533,0.036804079901321056
2024-05-10 16:47:00,708931360,-0.40160240802183317,-0.6163819506586543,-0.186822865385012,36.59478086320661,-87.25291537754502,Montgomery,0.08,36.5949,-87.2533,0.036804079901321056
2024-05-10 16:48:00,708931360,-0.3071357899832418,-0.46981084712513194,-0.1444607328413517,36.59478086320661,-87.25291537754502,Montgomery,0.47,36.5949,-87.2533,0.036804079901321056
2024-05-10 16:49:00,708931360,-0.3764426555145499,-0.5762697894367309,-0.1766155215923689,36.59478086320661,-87.25291537754502,Montgomery,0.49,36.5949,-87.2533,0.036804079901321056
2024-05-10 16:50:00,708931360,-0.24990806186351142,-0.3814761536206751,-0.11833997010634775,36.59478086320661,-87.25291537754502,Montgomery,0.71,36.5949,-87.2533,0.036804079901321056
2024-05-10 16:51:00,708931360,-0.3560643600455175,-0.5440645232407699,-0.16806419685026514,36.59478086320661,-87.25291537754502,Montgomery,0.78,36.5949,-87.2533,0.036804079901321056
2024-05-10 16:52:00,708931360,-0.29849121381191973,-0.45779478312865346,-0.139187644495186,36.59478086320661,-87.25291537754502,Montgomery,0.23,36.5949,-87.2533,0.036804079901321056
2024-05-10 16:53:00,708931360,-0.2709494493794505,-0.41528013731026814,-0.12661876144863285,36.59478086320661,-87.25291537754502,Montgomery,0.88,36.5949,-87.2533,0.036804079901321056
2024-05-10 16:54:00,708931360,-0.08019372111851324,-0.12495642504230206,-0.03543101719472442,36.59478086320661,-87.25291537754502,Montgomery,0.39,36.5949,-87.2533,0.036804079901321056
2024-05-10 16:55:00,708931360,0.04425301580026951,0.015606667223509795,0.07289936437702922,36.59478086320661,-87.25291537754502,Montgomery,-0.18,36.5949,-87.2533,0.036804079901321056
2024-05-10 16:56:00,708931360,0.1664938918137771,0.07975998940818368,0.25322779421937053,36.59478086320661,-87.25291537754502,Montgomery,-0.01,36.5949,-87.2533,0.036804079901321056
2024-05-10 16:57:00,708931360,-0.2011246821325346,-0.30889049660865975,-0.09335886765640945,36.59478086320661,-87.25291537754502,Montgomery,0.4,36.5949,-87.2533,0.036804079901321056
2024-05-10 16:58:00,708931360,-0.21823152703469978,-0.3398406869109734,-0.09662236715842616,36.59478086320661,-87.25291537754502,Montgomery,0.41,36.5949,-87.2533,0.036804079901321056
2024-05-10 16:59:00,708931360,-0.6935021051942116,-1.058284374930647,-0.3287198354577762,36.59478086320661,-87.25291537754502,Montgomery,0.85,36.5949,-87.2533,0.036804079901321056
2024-05-10 17:00:00,708931360,-0.44177081604969026,-0.6761781015394943,-0.20736353055988624,36.59478086320661,-87.25291537754502,Montgomery,0.8,36.5949,-87.2533,0.036804079901321056
2024-05-10 17:01:00,708931360,-0.43349759432867657,-0.6620758424148793,-0.2049193462424739,36.59478086320661,-87.25291537754502,Montgomery,0.53,36.5949,-87.2533,0.036804079901321056
2024-05-10 17:02:00,708931360,0.012344695959101025,0.004385191500274992,0.02030420041792706,36.59478086320661,-87.25291537754502,Montgomery,-0.04,36.5949,-87.2533,0.036804079901321056
2024-05-10 17:03:00,708931360,-0.4153634967624658,-0.633910394220343,-0.1968165993045886,36.59478086320661,-87.25291537754502,Montgomery,0.9,36.5949,-87.2533,0.036804079901321056
2024-05-10 17:04:00,708931360,0.054316592171639706,0.021566782346251458,0.08706640199702795,36.59478086320661,-87.25291537754502,Montgomery,0.47,36.5949,-87.2533,0.036804079901321056
2024-05-10 17:05:00,708931360,-0.6750615361977583,-1.0272552170565779,-0.3228678553389389,36.59478086320661,-87.25291537754502,Montgomery,0.79,36.5949,-87.2533,0.036804079901321056
2024-05-10 17:06:00,708931360,0.13320702798089423,-0.1345814125087441,0.4009954684705326,36.59478086320661,-87.25291537754502,Montgomery,4.84,36.5949,-87.2533,0.036804079901321056
2024-05-10 17:07:00,708931360,3.0028950546104882,1.4440248378617762,4.5617652713592,36.59478086320661,-87.25291537754502,Montgomery,-6.98,36.5949,-87.2533,0.036804079901321056
2024-05-10 17:08:00,708931360,0.015023222688543504,-0.15353367676799212,0.18358012214507913,36.59478086320661,-87.25291537754502,Montgomery,-4.88,36.5949,-87.2533,0.036804079901321056
2024-05-10 17:09:00,708931360,0.5856891699867057,0.2400440547512463,0.9313342852221651,36.59478086320661,-87.25291537754502,Montgomery,-0.5,36.5949,-87.2533,0.036804079901321056
2024-05-10 17:10:00,708931360,-1.6996244205180018,-2.6262589516465575,-0.7729898893894461,36.59478086320661,-87.25291537754502,Montgomery,2.5,36.5949,-87.2533,0.036804079901321056
2024-05-10 17:11:00,708931360,-0.5662950106702727,-0.8809801566499513,-0.251609864690594,36.59478086320661,-87.25291537754502,Montgomery,-1.56,36.5949,-87.2533,0.036804079901321056
2024-05-10 17:12:00,708931360,-0.8915651502967538,-1.3591716692793196,-0.4239586313141879,36.59478086320661,-87.25291537754502,Montgomery,0.44,36.5949,-87.2533,0.036804079901321056
2024-05-10 17:13:00,708931360,0.9061896099689207,0.43468156928812407,1.3776976506497174,36.59478086320661,-87.25291537754502,Montgomery,0.78,36.5949,-87.2533,0.036804079901321056
2024-05-10 17:14:00,708931360,-0.2307744953652405,-0.36161348139386973,-0.0999355093366113,36.59478086320661,-87.25291537754502,Montgomery,-1.94,36.5949,-87.2533,0.036804079901321056
2024-05-10 17:15:00,708931360,0.5996205050096775,0.2728170355413284,0.9264239744780265,36.59478086320661,-87.25291537754502,Montgomery,0.62,36.5949,-87.2533,0.036804079901321056
2024-05-10 17:16:00,708931360,1.7259219055493504,0.8053972134670045,2.646446597631696,36.59478086320661,-87.25291537754502,Montgomery,-0.41,36.5949,-87.2533,0.036804079901321056
2024-05-10 17:17:00,708931360,-0.6202049937861753,-0.9456351882554597,-0.294774799316891,36.59478086320661,-87.25291537754502,Montgomery,-0.23,36.5949,-87.2533,0.036804079901321056
2024-05-10 17:18:00,708931360,0.8997816579976005,0.4342975425170901,1.3652657734781108,36.59478086320661,-87.25291537754502,Montgomery,1.08,36.5949,-87.2533,0.036804079901321056
2024-05-10 17:19:00,708931360,0.5297992761727693,0.2371684398939779,0.8224301124515607,36.59478086320661,-87.25291537754502,Montgomery,-2.27,36.5949,-87.2533,0.036804079901321056
2024-05-10 17:20:00,708931360,0.5644983023296829,0.2337614164581846,0.8952351882011812,36.59478086320661,-87.25291537754502,Montgomery,-2.7,36.5949,-87.2533,0.036804079901321056
2024-05-10 17:21:00,708931360,1.0390805611935419,0.49047210187219703,1.5876890205148868,36.59478086320661,-87.25291537754502,Montgomery,-3.47,36.5949,-87.2533,0.036804079901321056
2024-05-10 17:22:00,708931360,1.62057037353644,0.7700174450003994,2.4711233020724808,36.59478086320661,-87.25291537754502,Montgomery,-4.59,36.5949,-87.2533,0.036804079901321056
2024-05-10 17:23:00,708931360,0.44568445163027365,0.1991132336063528,0.6922556696541945,36.59478086320661,-87.25291537754502,Montgomery,-4.54,36.5949,-87.2533,0.036804079901321056
2024-05-10 17:24:00,708931360,0.23123006544713126,0.11119573366346329,0.3512643972307992,36.59478086320661,-87.25291537754502,Montgomery,-1.78,36.5949,-87.2533,0.036804079901321056
2024-05-10 17:25:00,708931360,-0.13045659204370186,-0.2137897771234639,-0.04712340696393982,36.59478086320661,-87.25291537754502,Montgomery,-0.84,36.5949,-87.2533,0.036804079901321056
2024-05-10 17:26:00,708931360,0.5655246286694997,0.26845129806553475,0.8625979592734647,36.59478086320661,-87.25291537754502,Montgomery,-1.83,36.5949,-87.2533,0.036804079901321056
2024-05-10 17:27:00,708931360,1.4803678048042264,0.7080394146883957,2.2526961949200572,36.59478086320661,-87.25291537754502,Montgomery,-2.75,36.5949,-87.2533,0.036804079901321056
2024-05-10 17:28:00,708931360,1.7980686602779934,0.858255177214975,2.737882143341012,36.59478086320661,-87.25291537754502,Montgomery,-3.2,36.5949,-87.2533,0.036804079901321056
2024-05-10 17:29:00,708931360,1.7251310154035884,0.8253654439722689,2.624896586834908,36.59478086320661,-87.25291537754502,Montgomery,-2.64,36.5949,-87.2533,0.036804079901321056
2024-05-10 17:30:00,708931360,0.37015842889373735,0.15300371260653592,0.5873131451809388,36.59478086320661,-87.25291537754502,Montgomery,-1.01,36.5949,-87.2533,0.036804079901321056
2024-05-10 17:31:00,708931360,0.4730124990397453,0.22233469665058242,0.7236903014289082,36.59478086320661,-87.25291537754502,Montgomery,-0.12,36.5949,-87.2533,0.036804079901321056
2024-05-10 17:32:00,708931360,0.5903740134720403,0.2777479477903396,0.903000079153741,36.59478086320661,-87.25291537754502,Montgomery,-0.95,36.5949,-87.2533,0.036804079901321056
2024-05-10 17:33:00,708931360,0.6405715226384818,0.2725066450811689,1.0086364001957948,36.59478086320661,-87.25291537754502,Montgomery,-0.59,36.5949,-87.2533,0.036804079901321056
2024-05-10 17:34:00,708931360,1.1091865462456412,0.5263728703515805,1.692000222139702,36.59478086320661,-87.25291537754502,Montgomery,-2.2,36.5949,-87.2533,0.036804079901321056
2024-05-10 17:35:00,708931360,1.3440738215769423,0.6376596765059019,2.0504879666479825,36.59478086320661,-87.25291537754502,Montgomery,-2.02,36.5949,-87.2533,0.036804079901321056
2024-05-10 17:36:00,708931360,0.8328739735607132,0.3956824051780964,1.27006554194333,36.59478086320661,-87.25291537754502,Montgomery,-2.46,36.5949,-87.2533,0.036804079901321056
2024-05-10 17:37:00,708931360,1.650017034176931,0.789762152727437,2.510271915626425,36.59478086320661,-87.25291537754502,Montgomery,-2.25,36.5949,-87.2533,0.036804079901321056
2024-05-10 17:38:00,708931360,1.6568809250710452,0.7863858897570692,2.5273759603850214,36.59478086320661,-87.25291537754502,Montgomery,-4.63,36.5949,-87.2533,0.036804079901321056
2024-05-10 17:39:00,708931360,1.7613227290421127,0.8419314745219129,2.6807139835623124,36.59478086320661,-87.25291537754502,Montgomery,-4.46,36.5949,-87.2533,0.036804079901321056
2024-05-10 17:40:00,708931360,1.4147718007428884,0.6755069247748743,2.1540366767109025,36.59478086320661,-87.25291537754502,Montgomery,-1.12,36.5949,-87.2533,0.036804079901321056
2024-05-10 17:41:00,708931360,-0.06776756217192557,-0.16857604228069115,0.03304091793684,36.59478086320661,-87.25291537754502,Montgomery,0.23,36.5949,-87.2533,0.036804079901321056
2024-05-10 17:42:00,708931360,0.04572671302585127,-0.044386751045833006,0.13584017709753554,36.59478086320661,-87.25291537754502,Montgomery,2.4,36.5949,-87.2533,0.036804079901321056
2024-05-10 17:43:00,708931360,-0.3740373805502574,-0.5782582666261589,-0.16981649447435598,36.59478086320661,-87.25291537754502,Montgomery,10.86,36.5949,-87.2533,0.036804079901321056
2024-05-10 17:44:00,708931360,1.4531452265776108,0.6886049961672855,2.217685456987936,36.59478086320661,-87.25291537754502,Montgomery,1.94,36.5949,-87.2533,0.036804079901321056
2024-05-10 17:45:00,708931360,0.21626425712585437,0.10140942122416713,0.3311190930275416,36.59478086320661,-87.25291537754502,Montgomery,-1.58,36.5949,-87.2533,0.036804079901321056
2024-05-10 17:46:00,708931360,0.36251669982039747,0.15171477142412546,0.5733186282166695,36.59478086320661,-87.25291537754502,Montgomery,2.73,36.5949,-87.2533,0.036804079901321056
2024-05-10 17:47:00,708931360,-0.599248553547462,-0.9318747735385995,-0.26662233355632453,36.59478086320661,-87.25291537754502,Montgomery,4.17,36.5949,-87.2533,0.036804079901321056
2024-05-10 17:48:00,708931360,0.11956511369706797,0.05223311616540645,0.18689711122872948,36.59478086320661,-87.25291537754502,Montgomery,3.13,36.5949,-87.2533,0.036804079901321056
2024-05-10 17:49:00,708931360,-0.36765024088708287,-0.6016712973162198,-0.13362918445794592,36.59478086320661,-87.25291537754502,Montgomery,1.12,36.5949,-87.2533,0.036804079901321056
2024-05-10 17:50:00,708931360,1.1884247061284725,0.5602875467143291,1.816561865542616,36.59478086320661,-87.25291537754502,Montgomery,2.17,36.5949,-87.2533,0.036804079901321056
2024-05-10 17:51:00,708931360,-0.21909143072658016,-0.35403166022519544,-0.08415120122796488,36.59478086320661,-87.25291537754502,Montgomery,-0.06,36.5949,-87.2533,0.036804079901321056
2024-05-10 17:52:00,708931360,1.1908346619083543,0.5647309828668794,1.8169383409498292,36.59478086320661,-87.25291537754502,Montgomery,-0.22,36.5949,-87.2533,0.036804079901321056
2024-05-10 17:53:00,708931360,1.4099834878767903,0.6628663303335001,2.1571006454200807,36.59478086320661,-87.25291537754502,Montgomery,-1.23,36.5949,-87.2533,0.036804079901321056
2024-05-10 17:54:00,708931360,0.7313122647513348,0.29053349732451655,1.172091032178153,36.59478086320661,-87.25291537754502,Montgomery,2.49,36.5949,-87.2533,0.036804079901321056
2024-05-10 17:55:00,708931360,1.0428544664638757,0.49451226999019615,1.5911966629375551,36.59478086320661,-87.25291537754502,Montgomery,-1.03,36.5949,-87.2533,0.036804079901321056
2024-05-10 17:56:00,708931360,0.6116249610443499,0.2475566092011507,0.9756933128875491,36.59478086320661,-87.25291537754502,Montgomery,-0.38,36.5949,-87.2533,0.036804079901321056
2024-05-10 17:57:00,708931360,-0.6363495223733006,-0.9710108436372766,-0.3016882011093244,36.59478086320661,-87.25291537754502,Montgomery,0.07,36.5949,-87.2533,0.036804079901321056
2024-05-10 17:58:00,708931360,-1.1147057559588611,-1.6974316612182312,-0.5319798506994909,36.59478086320661,-87.25291537754502,Montgomery,2.97,36.5949,-87.2533,0.036804079901321056
2024-05-10 17:59:00,708931360,-1.8452028576512225,-2.8099436157092095,-0.8804620995932353,36.59478086320661,-87.25291537754502,Montgomery,5.43,36.5949,-87.2533,0.036804079901321056
2024-05-10 18:00:00,708931360,-1.1258447906288334,-1.7134839527552796,-0.5382056285023871,36.59478086320661,-87.25291537754502,Montgomery,4.67,36.5949,-87.2533,0.036804079901321056
2024-05-10 18:01:00,708931360,-0.5621250482718986,-0.9041422677450583,-0.22010782879873875,36.59478086320661,-87.25291537754502,Montgomery,1.76,36.5949,-87.2533,0.036804079901321056
2024-05-10 18:02:00,708931360,-0.22943140954195865,-0.43985395849875863,-0.019008860585158688,36.59478086320661,-87.25291537754502,Montgomery,2.36,36.5949,-87.2533,0.036804079901321056
2024-05-10 18:03:00,708931360,0.1293930161092,-0.11027323588103247,0.36905926809943246,36.59478086320661,-87.25291537754502,Montgomery,1.51,36.5949,-87.2533,0.036804079901321056
2024-05-10 18:04:00,708931360,0.12610644783884786,-0.038742734936567796,0.29095563061426355,36.59478086320661,-87.25291537754502,Montgomery,1.99,36.5949,-87.2533,0.036804079901321056
2024-05-10 18:05:00,708931360,0.02678777896228741,-0.17571069913324208,0.22928625705781688,36.59478086320661,-87.25291537754502,Montgomery,0.28,36.5949,-87.2533,0.036804079901321056
2024-05-10 18:06:00,708931360,-0.427856109095714,-0.7486395725300494,-0.10707264566137847,36.59478086320661,-87.25291537754502,Montgomery,3.87,36.5949,-87.2533,0.036804079901321056
2024-05-10 18:07:00,708931360,0.02400911275243718,-0.562624571125869,0.6106427966307435,36.59478086320661,-87.25291537754502,Montgomery,0.67,36.5949,-87.2533,0.036804079901321056
2024-05-10 18:08:00,708931360,0.1964424146493077,-0.07874405672632015,0.4716288860249356,36.59478086320661,-87.25291537754502,Montgomery,2.05,36.5949,-87.2533,0.036804079901321056
2024-05-10 18:09:00,708931360,-0.054446914416634205,-0.18341757316576404,0.07452374433249562,36.59478086320661,-87.25291537754502,Montgomery,0.95,36.5949,-87.2533,0.036804079901321056
2024-05-10 18:10:00,708931360,0.008665323563218863,-0.1993021273443812,0.21663277447081894,36.59478086320661,-87.25291537754502,Montgomery,1.66,36.5949,-87.2533,0.036804079901321056
2024-05-10 18:11:00,708931360,0.5225715735246822,0.23645497481677935,0.808688172232585,36.59478086320661,-87.25291537754502,Montgomery,0.33,36.5949,-87.2533,0.036804079901321056
2024-05-10 18:12:00,708931360,0.6759760396903437,0.3124529375357305,1.0394991418449568,36.59478086320661,-87.25291537754502,Montgomery,-0.69,36.5949,-87.2533,0.036804079901321056
2024-05-10 18:13:00,708931360,0.9863752548123026,0.4368828204631745,1.5358676891614307,36.59478086320661,-87.25291537754502,Montgomery,2.07,36.5949,-87.2533,0.036804079901321056
2024-05-10 18:14:00,708931360,0.6711040961621493,0.28503108317325526,1.0571771091510433,36.59478086320661,-87.25291537754502,Montgomery,2.28,36.5949,-87.2533,0.036804079901321056
2024-05-10 18:15:00,708931360,0.7705642633235787,0.2767742644728225,1.264354262174335,36.59478086320661,-87.25291537754502,Montgomery,1.69,36.5949,-87.2533,0.036804079901321056
2024-05-10 18:16:00,708931360,0.5742504237704609,0.2040747967767806,0.9444260507641411,36.59478086320661,-87.25291537754502,Montgomery,-0.8,36.5949,-87.2533,0.036804079901321056
2024-05-10 18:17:00,708931360,0.2472109945076938,-0.016511834918097157,0.5109338239334847,36.59478086320661,-87.25291537754502,Montgomery,1.25,36.5949,-87.2533,0.036804079901321056
2024-05-10 18:18:00,708931360,0.15578143095964084,-0.07960391417089135,0.39116677609017303,36.59478086320661,-87.25291537754502,Montgomery,1.45,36.5949,-87.2533,0.036804079901321056
2024-05-10 18:19:00,708931360,-0.12163665693879923,-0.30418146471638097,0.060908150838782496,36.59478086320661,-87.25291537754502,Montgomery,1.76,36.5949,-87.2533,0.036804079901321056
2024-05-10 18:20:00,708931360,-0.44087218768418507,-0.6802650189535011,-0.20147935641486903,36.59478086320661,-87.25291537754502,Montgomery,2.86,36.5949,-87.2533,0.036804079901321056
2024-05-10 18:21:00,708931360,-0.8736582658461349,-1.321173812898313,-0.4261427187939569,36.59478086320661,-87.25291537754502,Montgomery,3.99,36.5949,-87.2533,0.036804079901321056
2024-05-10 18:22:00,708931360,-0.7893796927351207,-1.2043510065429683,-0.374408378927273,36.59478086320661,-87.25291537754502,Montgomery,4.72,36.5949,-87.2533,0.036804079901321056
2024-05-10 18:23:00,708931360,-1.5428104756751861,-2.3540940028574635,-0.7315269484929087,36.59478086320661,-87.25291537754502,Montgomery,6.65,36.5949,-87.2533,0.036804079901321056
2024-05-10 18:24:00,708931360,-2.4442682260726776,-3.724786102815391,-1.1637503493299644,36.59478086320661,-87.25291537754502,Montgomery,6.07,36.5949,-87.2533,0.036804079901321056
2024-05-10 18:25:00,708931360,-2.700675971537623,-4.110853400910507,-1.2904985421647392,36.59478086320661,-87.25291537754502,Montgomery,5.74,36.5949,-87.2533,0.036804079901321056
2024-05-10 18:26:00,708931360,-2.536697721102959,-3.8685259834364913,-1.2048694587694264,36.59478086320661,-87.25291537754502,Montgomery,5.75,36.5949,-87.2533,0.036804079901321056
2024-05-10 18:27:00,708931360,-3.148921620747294,-4.8576061246429525,-1.4402371168516352,36.59478086320661,-87.25291537754502,Montgomery,7.49,36.5949,-87.2533,0.036804079901321056
2024-05-10 18:28:00,708931360,-1.5394417804375262,-2.433066868857972,-0.6458166920170806,36.59478086320661,-87.25291537754502,Montgomery,5.6,36.5949,-87.2533,0.036804079901321056
2024-05-10 18:29:00,708931360,-2.036747466166802,-3.1547551979914616,-0.9187397343421426,36.59478086320661,-87.25291537754502,Montgomery,2.33,36.5949,-87.2533,0.036804079901321056
2024-05-10 18:30:00,708931360,-1.8919527230905635,-2.8890140052327773,-0.8948914409483497,36.59478086320661,-87.25291537754502,Montgomery,3.11,36.5949,-87.2533,0.036804079901321056
2024-05-10 18:31:00,708931360,-2.137311178962128,-3.2418063314680463,-1.0328160264562098,36.59478086320661,-87.25291537754502,Montgomery,3.1,36.5949,-87.2533,0.036804079901321056
2024-05-10 18:32:00,708931360,-1.2032897515049703,-1.830244617015813,-0.5763348859941276,36.59478086320661,-87.25291537754502,Montgomery,2.57,36.5949,-87.2533,0.036804079901321056
2024-05-10 18:33:00,708931360,-0.5121550130457115,-0.8493055313137523,-0.17500449477767072,36.59478086320661,-87.25291537754502,Montgomery,0.69,36.5949,-87.2533,0.036804079901321056
2024-05-10 18:34:00,708931360,0.30376843286370087,0.06653362851195219,0.5410032372154495,36.59478086320661,-87.25291537754502,Montgomery,0.89,36.5949,-87.2533,0.036804079901321056
2024-05-10 18:35:00,708931360,1.6570874134076872,0.763434409875469,2.5507404169399055,36.59478086320661,-87.25291537754502,Montgomery,0.35,36.5949,-87.2533,0.036804079901321056
2024-05-10 18:36:00,708931360,1.5475224198681305,0.7170649226355328,2.3779799171007285,36.59478086320661,-87.25291537754502,Montgomery,0.44,36.5949,-87.2533,0.036804079901321056
2024-05-10 18:37:00,708931360,2.6667464129777887,1.2588388908522343,4.074653935103343,36.59478086320661,-87.25291537754502,Montgomery,0.22,36.5949,-87.2533,0.036804079901321056
2024-05-10 18:38:00,708931360,2.2784508743649,1.0774805582108566,3.479421190518943,36.59478086320661,-87.25291537754502,Montgomery,-0.73,36.5949,-87.2533,0.036804079901321056
2024-05-10 18:39:00,708931360,2.188240034359987,1.0316989176504539,3.34478115106952,36.59478086320661,-87.25291537754502,Montgomery,-0.97,36.5949,-87.2533,0.036804079901321056
2024-05-10 18:40:00,708931360,1.5029759527771105,0.7109155176626365,2.2950363878915843,36.59478086320661,-87.25291537754502,Montgomery,-0.61,36.5949,-87.2533,0.036804079901321056
2024-05-10 18:41:00,708931360,1.007603889014362,0.4771584890163819,1.538049289012342,36.59478086320661,-87.25291537754502,Montgomery,0.21,36.5949,-87.2533,0.036804079901321056
2024-05-10 18:42:00,708931360,0.40873548955794303,0.18799984960690874,0.6294711295089773,36.59478086320661,-87.25291537754502,Montgomery,0.09,36.5949,-87.2533,0.036804079901321056
2024-05-10 18:43:00,708931360,0.021390557660160903,0.0017698070246898838,0.04101130829563192,36.59478086320661,-87.25291537754502,Montgomery,0.83,36.5949,-87.2533,0.036804079901321056
2024-05-10 18:44:00,708931360,-0.155219541730728,-0.23667727555531065,-0.07376180790614534,36.59478086320661,-87.25291537754502,Montgomery,1.66,36.5949,-87.2533,0.036804079901321056
2024-05-10 18:45:00,708931360,-0.24213958064366697,-0.37057806702838075,-0.1137010942589532,36.59478086320661,-87.25291537754502,Montgomery,0.36,36.5949,-87.2533,0.036804079901321056
2024-05-10 18:46:00,708931360,-0.06487724596847311,-0.13605209080403827,0.006297598867092052,36.59478086320661,-87.25291537754502,Montgomery,1.9,36.5949,-87.2533,0.036804079901321056
2024-05-10 18:47:00,708931360,-0.06805840990673351,-0.11121966579748227,-0.024897154015984753,36.59478086320661,-87.25291537754502,Montgomery,2.05,36.5949,-87.2533,0.036804079901321056
2024-05-10 18:48:00,708931360,-0.07359813160191811,-0.12864109502212362,-0.0185551681817126,36.59478086320661,-87.25291537754502,Montgomery,1.68,36.5949,-87.2533,0.036804079901321056
2024-05-10 18:49:00,708931360,-0.6043132227661093,-0.9188838083849937,-0.28974263714722487,36.59478086320661,-87.25291537754502,Montgomery,2.21,36.5949,-87.2533,0.036804079901321056
2024-05-10 18:50:00,708931360,-1.0292584830866618,-1.5608047612800076,-0.4977122048933159,36.59478086320661,-87.25291537754502,Montgomery,0.94,36.5949,-87.2533,0.036804079901321056
2024-05-10 18:51:00,708931360,-1.3645838677044608,-2.0758422197814337,-0.6533255156274879,36.59478086320661,-87.25291537754502,Montgomery,0.59,36.5949,-87.2533,0.036804079901321056
2024-05-10 18:52:00,708931360,-1.5926033736960519,-2.42353402454983,-0.7616727228422738,36.59478086320661,-87.25291537754502,Montgomery,2.33,36.5949,-87.2533,0.036804079901321056
2024-05-10 18:53:00,708931360,-1.5367316249758005,-2.3319716531711565,-0.7414915967804446,36.59478086320661,-87.25291537754502,Montgomery,-0.17,36.5949,-87.2533,0.036804079901321056
2024-05-10 18:54:00,708931360,-0.8402191142045092,-1.272725463833786,-0.40771276457523253,36.59478086320661,-87.25291537754502,Montgomery,0.63,36.5949,-87.2533,0.036804079901321056
2024-05-10 18:55:00,708931360,-0.39095044564128967,-0.5904785277316552,-0.19142236355092415,36.59478086320661,-87.25291537754502,Montgomery,-0.44,36.5949,-87.2533,0.036804079901321056
2024-05-10 18:56:00,708931360,-0.998453274355235,-1.5215439600368128,-0.4753625886736572,36.59478086320661,-87.25291537754502,Montgomery,0.45,36.5949,-87.2533,0.036804079901321056
2024-05-10 18:57:00,708931360,-0.9322678354010919,-1.4242993747811696,-0.4402362960210143,36.59478086320661,-87.25291537754502,Montgomery,1.29,36.5949,-87.2533,0.036804079901321056
2024-05-10 18:58:00,708931360,-0.8302092661189481,-1.2984095329694005,-0.3620089992684956,36.59478086320661,-87.25291537754502,Montgomery,-4.73,36.5949,-87.2533,0.036804079901321056
2024-05-10 18:59:00,708931360,-0.5614414391489198,-0.928074207179592,-0.19480867111824757,36.59478086320661,-87.25291537754502,Montgomery,0.84,36.5949,-87.2533,0.036804079901321056
2024-05-10 19:00:00,708931360,-1.644382673780198,-2.5084967067928488,-0.7802686407675474,36.59478086320661,-87.25291537754502,Montgomery,3.98,36.5949,-87.2533,0.036804079901321056
2024-05-10 19:01:00,708931360,-1.7041507633099504,-2.588033704438323,-0.8202678221815779,36.59478086320661,-87.25291537754502,Montgomery,2.78,36.5949,-87.2533,0.036804079901321056
2024-05-10 19:02:00,708931360,-0.8634807919070386,-1.3150143263675795,-0.4119472574464977,36.59478086320661,-87.25291537754502,Montgomery,2.54,36.5949,-87.2533,0.036804079901321056
2024-05-10 19:03:00,708931360,-0.2239074476365523,-0.38650385564444306,-0.06131103962866152,36.59478086320661,-87.25291537754502,Montgomery,2.05,36.5949,-87.2533,0.036804079901321056
2024-05-10 19:04:00,708931360,2.181411544465574,1.011607342537151,3.351215746393997,36.59478086320661,-87.25291537754502,Montgomery,1.75,36.5949,-87.2533,0.036804079901321056
2024-05-10 19:05:00,708931360,1.7365959300232157,0.7974848540425014,2.67570700600393,36.59478086320661,-87.25291537754502,Montgomery,0.76,36.5949,-87.2533,0.036804079901321056
2024-05-10 19:06:00,708931360,0.564916582396464,0.2337794978011255,0.8960536669918026,36.59478086320661,-87.25291537754502,Montgomery,3.81,36.5949,-87.2533,0.036804079901321056
2024-05-10 19:07:00,708931360,-0.5682957407862023,-0.8904632270146767,-0.2461282545577278,36.59478086320661,-87.25291537754502,Montgomery,4.41,36.5949,-87.2533,0.036804079901321056
2024-05-10 19:08:00,708931360,-0.8840037526917016,-1.3397368979863165,-0.4282706073970868,36.59478086320661,-87.25291537754502,Montgomery,2.83,36.5949,-87.2533,0.036804079901321056
2024-05-10 19:09:00,708931360,-0.007801500033093546,-0.06856331723969933,0.05296031717351224,36.59478086320661,-87.25291537754502,Montgomery,0.74,36.5949,-87.2533,0.036804079901321056
2024-05-10 19:10:00,708931360,0.7184769515042444,0.33890005377243243,1.0980538492360563,36.59478086320661,-87.25291537754502,Montgomery,0.78,36.5949,-87.2533,0.036804079901321056
2024-05-10 19:11:00,708931360,0.19563427978794248,0.08623637670689681,0.30503218286898814,36.59478086320661,-87.25291537754502,Montgomery,1.1,36.5949,-87.2533,0.036804079901321056
2024-05-10 19:12:00,708931360,0.6270446564591102,0.2858874237976305,0.9682018891205899,36.59478086320661,-87.25291537754502,Montgomery,1.94,36.5949,-87.2533,0.036804079901321056
2024-05-10 19:13:00,708931360,1.5567185560236674,0.7324722680281586,2.380964844019176,36.59478086320661,-87.25291537754502,Montgomery,-0.22,36.5949,-87.2533,0.036804079901321056
2024-05-10 19:14:00,708931360,1.7921002111030055,0.8505321834857829,2.7336682387202282,36.59478086320661,-87.25291537754502,Montgomery,-0.75,36.5949,-87.2533,0.036804079901321056
2024-05-10 19:15:00,708931360,2.310345639394162,1.1004150702932698,3.520276208495054,36.59478086320661,-87.25291537754502,Montgomery,0.66,36.5949,-87.2533,0.036804079901321056
2024-05-10 19:16:00,708931360,2.9223636403227022,1.3938441050632762,4.4508831755821285,36.59478086320661,-87.25291537754502,Montgomery,0.53,36.5949,-87.2533,0.036804079901321056
2024-05-10 19:17:00,708931360,1.8719934768073803,0.8849807339821236,2.859006219632637,36.59478086320661,-87.25291537754502,Montgomery,0.7,36.5949,-87.2533,0.036804079901321056
2024-05-10 19:18:00,708931360,0.02948721059071698,-0.04571742881171849,0.10469184999315244,36.59478086320661,-87.25291537754502,Montgomery,1.54,36.5949,-87.2533,0.036804079901321056
2024-05-10 19:19:00,708931360,-0.18590563080445127,-0.3024013507024973,-0.06940991090640523,36.59478086320661,-87.25291537754502,Montgomery,1.23,36.5949,-87.2533,0.036804079901321056
2024-05-10 19:20:00,708931360,0.10773445967553337,0.012584054875056316,0.20288486447601042,36.59478086320661,-87.25291537754502,Montgomery,1.47,36.5949,-87.2533,0.036804079901321056
2024-05-10 19:21:00,708931360,-0.3474203497118884,-0.5498603121189878,-0.14498038730478907,36.59478086320661,-87.25291537754502,Montgomery,2.8,36.5949,-87.2533,0.036804079901321056
2024-05-10 19:22:00,708931360,-0.6479482546654112,-1.0040672626245675,-0.291829246706255,36.59478086320661,-87.25291537754502,Montgomery,5.92,36.5949,-87.2533,0.036804079901321056
2024-05-10 19:23:00,708931360,0.5303066428033005,0.24727438736748153,0.8133388982391195,36.59478086320661,-87.25291537754502,Montgomery,3.95,36.5949,-87.2533,0.036804079901321056
2024-05-10 19:24:00,708931360,0.8902370810752646,0.426046966401149,1.35442719574938,36.59478086320661,-87.25291537754502,Montgomery,-2.89,36.5949,-87.2533,0.036804079901321056
2024-05-10 19:25:00,708931360,2.1384053336092292,1.0180859808449387,3.2587246863735198,36.59478086320661,-87.25291537754502,Montgomery,-3.64,36.5949,-87.2533,0.036804079901321056
2024-05-10 19:26:00,708931360,0.605858208486731,0.28460138870079726,0.9271150282726648,36.59478086320661,-87.25291537754502,Montgomery,-2.29,36.5949,-87.2533,0.036804079901321056
2024-05-10 19:27:00,708931360,-0.050500730108245066,-0.09474930116147354,-0.006252159055016589,36.59478086320661,-87.25291537754502,Montgomery,-0.64,36.5949,-87.2533,0.036804079901321056
2024-05-10 19:28:00,708931360,-0.470437954713294,-0.7180419425926222,-0.2228339668339658,36.59478086320661,-87.25291537754502,Montgomery,1.3,36.5949,-87.2533,0.036804079901321056
2024-05-10 19:29:00,708931360,-0.06325766276243765,-0.10022941123002799,-0.0262859142948473,36.59478086320661,-87.25291537754502,Montgomery,1.73,36.5949,-87.2533,0.036804079901321056
2024-05-10 19:30:00,708931360,-0.7926524671046693,-1.208401898194167,-0.37690303601517144,36.59478086320661,-87.25291537754502,Montgomery,3.21,36.5949,-87.2533,0.036804079901321056
2024-05-10 19:31:00,708931360,-0.06980810832082122,-0.11754594973280624,-0.022070266908836213,36.59478086320661,-87.25291537754502,Montgomery,2.96,36.5949,-87.2533,0.036804079901321056
2024-05-10 19:32:00,708931360,-0.12890120204228833,-0.2244387296362802,-0.033363674448296465,36.59478086320661,-87.25291537754502,Montgomery,2.75,36.5949,-87.2533,0.036804079901321056
2024-05-10 19:33:00,708931360,0.36993670594682426,0.16662917817345355,0.573244233720195,36.59478086320661,-87.25291537754502,Montgomery,2.14,36.5949,-87.2533,0.036804079901321056
2024-05-10 19:34:00,708931360,0.22737032154465286,0.10025138918019752,0.35448925390910824,36.59478086320661,-87.25291537754502,Montgomery,2.92,36.5949,-87.2533,0.036804079901321056
2024-05-10 19:35:00,708931360,-0.2902746251189059,-0.4414440228086163,-0.13910522742919548,36.59478086320661,-87.25291537754502,Montgomery,3.16,36.5949,-87.2533,0.036804079901321056
2024-05-10 19:36:00,708931360,-0.9778891902669031,-1.4929012898791258,-0.4628770906546804,36.59478086320661,-87.25291537754502,Montgomery,4.48,36.5949,-87.2533,0.036804079901321056
2024-05-10 19:37:00,708931360,-0.6438633807885804,-0.978661078675572,-0.30906568290158887,36.59478086320661,-87.25291537754502,Montgomery,4.81,36.5949,-87.2533,0.036804079901321056
2024-05-10 19:38:00,708931360,-1.359331317442028,-2.065750350136847,-0.6529122847472093,36.59478086320661,-87.25291537754502,Montgomery,8.41,36.5949,-87.2533,0.036804079901321056
2024-05-10 19:39:00,708931360,-2.4425537593588045,-3.738944680038893,-1.1461628386787164,36.59478086320661,-87.25291537754502,Montgomery,3.76,36.5949,-87.2533,0.036804079901321056
2024-05-10 19:40:00,708931360,-2.122779523085495,-3.260991609367389,-0.9845674368036008,36.59478086320661,-87.25291537754502,Montgomery,0.52,36.5949,-87.2533,0.036804079901321056
2024-05-10 19:41:00,708931360,0.5416347119667775,0.23380286616978274,0.8494665577637722,36.59478086320661,-87.25291537754502,Montgomery,-1.15,36.5949,-87.2533,0.036804079901321056
2024-05-10 19:42:00,708931360,0.5241525367883129,0.24503943585821525,0.8032656377184104,36.59478086320661,-87.25291537754502,Montgomery,0.84,36.5949,-87.2533,0.036804079901321056
2024-05-10 19:43:00,708931360,-0.2535284857923879,-0.3878123164216194,-0.11924465516315641,36.59478086320661,-87.25291537754502,Montgomery,3.48,36.5949,-87.2533,0.036804079901321056
2024-05-10 19:44:00,708931360,-0.25204189803803173,-0.41183592296432436,-0.09224787311173907,36.59478086320661,-87.25291537754502,Montgomery,2.91,36.5949,-87.2533,0.036804079901321056
2024-05-10 19:45:00,708931360,-0.310678042319252,-0.47146243040437885,-0.14989365423412518,36.59478086320661,-87.25291537754502,Montgomery,2.69,36.5949,-87.2533,0.036804079901321056
2024-05-10 19:46:00,708931360,-0.20202383145882968,-0.32217848603897253,-0.08186917687868682,36.59478086320661,-87.25291537754502,Montgomery,1.85,36.5949,-87.2533,0.036804079901321056
2024-05-10 19:47:00,708931360,-1.4626645601487585,-2.2416304269318506,-0.6836986933656666,36.59478086320661,-87.25291537754502,Montgomery,10.23,36.5949,-87.2533,0.036804079901321056
2024-05-10 19:48:00,708931360,-2.7677524438697407,-4.33749700176107,-1.198007885978411,36.59478086320661,-87.25291537754502,Montgomery,5.85,36.5949,-87.2533,0.036804079901321056
2024-05-10 19:49:00,708931360,-0.40510295605973196,-0.7748612959494403,-0.0353446161700236,36.59478086320661,-87.25291537754502,Montgomery,-1.04,36.5949,-87.2533,0.036804079901321056
2024-05-10 19:50:00,708931360,0.9944431708966917,0.4705699902032213,1.5183163515901619,36.59478086320661,-87.25291537754502,Montgomery,-3.17,36.5949,-87.2533,0.036804079901321056
2024-05-10 19:51:00,708931360,-0.17307404747764832,-0.35039536451329956,0.004247269558002892,36.59478086320661,-87.25291537754502,Montgomery,0.56,36.5949,-87.2533,0.036804079901321056
2024-05-10 19:52:00,708931360,0.2917918978836084,0.09067736974590895,0.4929064260213078,36.59478086320661,-87.25291537754502,Montgomery,0.77,36.5949,-87.2533,0.036804079901321056
2024-05-10 19:53:00,708931360,0.2948749702987506,0.1410459293676914,0.4487040112298098,36.59478086320661,-87.25291537754502,Montgomery,1.56,36.5949,-87.2533,0.036804079901321056
2024-05-10 19:54:00,708931360,-0.3350357737113257,-0.5596591494746378,-0.11041239794801364,36.59478086320661,-87.25291537754502,Montgomery,3.73,36.5949,-87.2533,0.036804079901321056
2024-05-10 19:55:00,708931360,-0.0847108155040065,-0.36813696755126696,0.19871533654325396,36.59478086320661,-87.25291537754502,Montgomery,2.83,36.5949,-87.2533,0.036804079901321056
2024-05-10 19:56:00,708931360,-0.833990923307584,-1.293299015306295,-0.3746828313088728,36.59478086320661,-87.25291537754502,Montgomery,2.02,36.5949,-87.2533,0.036804079901321056
2024-05-10 19:57:00,708931360,-0.6437321069783398,-1.0881826343632142,-0.19928157959346549,36.59478086320661,-87.25291537754502,Montgomery,2.75,36.5949,-87.2533,0.036804079901321056
2024-05-10 19:58:00,708931360,-0.08712657592942084,-0.318158091112386,0.14390493925354436,36.59478086320661,-87.25291537754502,Montgomery,-4.13,36.5949,-87.2533,0.036804079901321056
2024-05-10 19:59:00,708931360,0.4790584173716983,0.19179491734473758,0.7663219173986591,36.59478086320661,-87.25291537754502,Montgomery,0.31,36.5949,-87.2533,0.036804079901321056
2024-05-10 20:00:00,708931360,1.201828547147684,0.5537279884292549,1.8499291058661131,36.59478086320661,-87.25291537754502,Montgomery,0.34,36.5949,-87.2533,0.036804079901321056
2024-05-10 20:01:00,708931360,0.7950955334564153,0.3287062432503715,1.261484823662459,36.59478086320661,-87.25291537754502,Montgomery,-1.09,36.5949,-87.2533,0.036804079901321056
2024-05-10 20:02:00,708931360,0.6386068298856035,0.27718572707348055,1.0000279326977264,36.59478086320661,-87.25291537754502,Montgomery,0.71,36.5949,-87.2533,0.036804079901321056
2024-05-10 20:03:00,708931360,0.21631918375393175,0.036465792217979826,0.3961725752898837,36.59478086320661,-87.25291537754502,Montgomery,-0.16,36.5949,-87.2533,0.036804079901321056
2024-05-10 20:04:00,708931360,1.8116905433271677,0.8405328115732421,2.7828482750810934,36.59478086320661,-87.25291537754502,Montgomery,0.37,36.5949,-87.2533,0.036804079901321056
2024-05-10 20:05:00,708931360,0.3300382189148043,0.12313680022260959,0.536939637606999,36.59478086320661,-87.25291537754502,Montgomery,0.85,36.5949,-87.2533,0.036804079901321056
2024-05-10 20:06:00,708931360,1.0535606156409085,0.5040450469268196,1.6030761843549974,36.59478086320661,-87.25291537754502,Montgomery,-0.29,36.5949,-87.2533,0.036804079901321056
2024-05-10 20:07:00,708931360,1.3011540709656282,0.6206406920055969,1.9816674499256595,36.59478086320661,-87.25291537754502,Montgomery,0.74,36.5949,-87.2533,0.036804079901321056
2024-05-10 20:08:00,708931360,0.9130490710001841,0.4442836416913571,1.381814500309011,36.59478086320661,-87.25291537754502,Montgomery,0.14,36.5949,-87.2533,0.036804079901321056
2024-05-10 20:09:00,708931360,0.6440116633149914,0.3085202195870709,0.9795031070429119,36.59478086320661,-87.25291537754502,Montgomery,1.76,36.5949,-87.2533,0.036804079901321056
2024-05-10 20:10:00,708931360,0.6096415412390516,0.2580083572177075,0.9612747252603957,36.59478086320661,-87.25291537754502,Montgomery,2.85,36.5949,-87.2533,0.036804079901321056
2024-05-10 20:11:00,708931360,0.6426251745948517,0.3149055868502078,0.9703447623394956,36.59478086320661,-87.25291537754502,Montgomery,0.94,36.5949,-87.2533,0.036804079901321056
2024-05-10 20:12:00,708931360,1.2478424581818115,0.5765863172685818,1.919098599095041,36.59478086320661,-87.25291537754502,Montgomery,-0.27,36.5949,-87.2533,0.036804079901321056
2024-05-10 20:13:00,708931360,0.17265856939031396,-0.13431840281207816,0.47963554159270605,36.59478086320661,-87.25291537754502,Montgomery,-0.64,36.5949,-87.2533,0.036804079901321056
2024-05-10 20:14:00,708931360,0.16108395408705942,0.03383184400612432,0.2883360641679945,36.59478086320661,-87.25291537754502,Montgomery,1.64,36.5949,-87.2533,0.036804079901321056
2024-05-10 20:15:00,708931360,0.7531292538945201,0.32904126723335664,1.1772172405556836,36.59478086320661,-87.25291537754502,Montgomery,0.0,36.5949,-87.2533,0.036804079901321056
2024-05-10 20:16:00,708931360,-0.556263893758668,-0.9058410905080745,-0.2066866970092615,36.59478086320661,-87.25291537754502,Montgomery,-1.92,36.5949,-87.2533,0.036804079901321056
2024-05-10 20:17:00,708931360,0.25962702224380774,0.03769477638479429,0.4815592681028212,36.59478086320661,-87.25291537754502,Montgomery,-4.09,36.5949,-87.2533,0.036804079901321056
2024-05-10 20:18:00,708931360,-0.17878354824207054,-0.3502739170589567,-0.007293179425184371,36.59478086320661,-87.25291537754502,Montgomery,-0.73,36.5949,-87.2533,0.036804079901321056
2024-05-10 20:19:00,708931360,0.7226257897647363,0.355338042291998,1.0899135372374746,36.59478086320661,-87.25291537754502,Montgomery,-1.25,36.5949,-87.2533,0.036804079901321056
2024-05-10 20:20:00,708931360,1.5960817975989943,0.7684598959014465,2.423703699296542,36.59478086320661,-87.25291537754502,Montgomery,-3.69,36.5949,-87.2533,0.036804079901321056
2024-05-10 20:21:00,708931360,1.5603379426631414,0.7261158766974446,2.3945600086288383,36.59478086320661,-87.25291537754502,Montgomery,-4.2,36.5949,-87.2533,0.036804079901321056
2024-05-10 20:22:00,708931360,1.1830262791203163,0.5634014468813325,1.8026511113593,36.59478086320661,-87.25291537754502,Montgomery,1.13,36.5949,-87.2533,0.036804079901321056
2024-05-10 20:23:00,708931360,-0.3242825927369805,-0.5029218602032114,-0.14564332527074964,36.59478086320661,-87.25291537754502,Montgomery,-1.74,36.5949,-87.2533,0.036804079901321056
2024-05-10 20:24:00,708931360,-0.33030511439780247,-0.5189622277829614,-0.14164800101264355,36.59478086320661,-87.25291537754502,Montgomery,-3.9,36.5949,-87.2533,0.036804079901321056
2024-05-10 20:25:00,708931360,2.37151923734592,1.1361181307736543,3.6069203439181856,36.59478086320661,-87.25291537754502,Montgomery,-3.2,36.5949,-87.2533,0.036804079901321056
2024-05-10 20:26:00,708931360,1.0154250018405997,0.49535563706724983,1.5354943666139496,36.59478086320661,-87.25291537754502,Montgomery,-5.52,36.5949,-87.2533,0.036804079901321056
2024-05-10 20:27:00,708931360,1.0670784714469514,0.5094638528546032,1.6246930900392997,36.59478086320661,-87.25291537754502,Montgomery,-1.06,36.5949,-87.2533,0.036804079901321056
2024-05-10 20:28:00,708931360,-0.36445643426033486,-0.5868501571576002,-0.1420627113630695,36.59478086320661,-87.25291537754502,Montgomery,3.15,36.5949,-87.2533,0.036804079901321056
2024-05-10 20:29:00,708931360,0.2597639442259273,-0.009601196326068206,0.5291290847779229,36.59478086320661,-87.25291537754502,Montgomery,1.76,36.5949,-87.2533,0.036804079901321056
2024-05-10 20:30:00,708931360,1.5086180424915259,0.7197259969659927,2.297510088017059,36.59478086320661,-87.25291537754502,Montgomery,3.72,36.5949,-87.2533,0.036804079901321056
2024-05-10 20:31:00,708931360,-1.2428250697804357,-1.9005218573957574,-0.585128282165114,36.59478086320661,-87.25291537754502,Montgomery,6.79,36.5949,-87.2533,0.036804079901321056
2024-05-10 20:32:00,708931360,-0.9782746869575858,-1.495960145448039,-0.4605892284671327,36.59478086320661,-87.25291537754502,Montgomery,2.63,36.5949,-87.2533,0.036804079901321056
2024-05-10 20:33:00,708931360,-0.4101391701281005,-0.6827504031038614,-0.13752793715233974,36.59478086320661,-87.25291537754502,Montgomery,1.43,36.5949,-87.2533,0.036804079901321056
2024-05-10 20:34:00,708931360,0.15095857561176135,0.06993555021027738,0.23198160101324533,36.59478086320661,-87.25291537754502,Montgomery,1.53,36.5949,-87.2533,0.036804079901321056
2024-05-10 20:35:00,708931360,-0.5044512674086267,-0.8416411725981562,-0.16726136221909715,36.59478086320661,-87.25291537754502,Montgomery,2.38,36.5949,-87.2533,0.036804079901321056
2024-05-10 20:36:00,708931360,-1.3995464885406625,-2.143874606990436,-0.6552183700908893,36.59478086320661,-87.25291537754502,Montgomery,0.97,36.5949,-87.2533,0.036804079901321056
2024-05-10 20:37:00,708931360,-0.8141430231852266,-1.2818695214253362,-0.346416524945117,36.59478086320661,-87.25291537754502,Montgomery,1.18,36.5949,-87.2533,0.036804079901321056
2024-05-10 20:38:00,708931360,-0.13751929975774888,-0.3571562446073838,0.08211764509188607,36.59478086320661,-87.25291537754502,Montgomery,0.52,36.5949,-87.2533,0.036804079901321056
2024-05-10 20:39:00,708931360,-1.3041443876746486,-1.9873533903452874,-0.6209353850040097,36.59478086320661,-87.25291537754502,Montgomery,1.6,36.5949,-87.2533,0.036804079901321056
2024-05-10 20:40:00,708931360,-1.581138766144302,-2.412299426064183,-0.7499781062244206,36.59478086320661,-87.25291537754502,Montgomery,4.06,36.5949,-87.2533,0.036804079901321056
2024-05-10 20:41:00,708931360,-1.3787233551360496,-2.0995437570934774,-0.6579029531786218,36.59478086320661,-87.25291537754502,Montgomery,4.8,36.5949,-87.2533,0.036804079901321056
2024-05-10 20:42:00,708931360,-1.1518568249806216,-1.752873898993963,-0.5508397509672801,36.59478086320661,-87.25291537754502,Montgomery,4.63,36.5949,-87.2533,0.036804079901321056
2024-05-10 20:43:00,708931360,-0.4269771300265589,-0.6832162665248012,-0.1707379935283166,36.59478086320661,-87.25291537754502,Montgomery,2.37,36.5949,-87.2533,0.036804079901321056
2024-05-10 20:44:00,708931360,-1.7923332184254377,-2.732273350582244,-0.8523930862686314,36.59478086320661,-87.25291537754502,Montgomery,5.85,36.5949,-87.2533,0.036804079901321056
2024-05-10 20:45:00,708931360,-1.7311358311151406,-2.6393840142622507,-0.8228876479680305,36.59478086320661,-87.25291537754502,Montgomery,6.59,36.5949,-87.2533,0.036804079901321056
2024-05-10 20:46:00,708931360,-1.0032247257504128,-1.5309852011842469,-0.4754642503165786,36.59478086320661,-87.25291537754502,Montgomery,5.43,36.5949,-87.2533,0.036804079901321056
2024-05-10 20:47:00,708931360,-2.1240694031450795,-3.2364064723482695,-1.0117323339418898,36.59478086320661,-87.25291537754502,Montgomery,10.39,36.5949,-87.2533,0.036804079901321056
2024-05-10 20:48:00,708931360,-1.045750607673387,-1.6729168602488742,-0.4185843550978995,36.59478086320661,-87.25291537754502,Montgomery,4.49,36.5949,-87.2533,0.036804079901321056
2024-05-10 20:49:00,708931360,-0.3143882042691018,-0.5062109344182848,-0.12256547411991883,36.59478086320661,-87.25291537754502,Montgomery,-0.11,36.5949,-87.2533,0.036804079901321056
2024-05-10 20:50:00,708931360,-1.661757736235745,-2.5366513168041847,-0.7868641556673052,36.59478086320661,-87.25291537754502,Montgomery,0.68,36.5949,-87.2533,0.036804079901321056
2024-05-10 20:51:00,708931360,-1.1071303738097318,-1.6983855026932524,-0.5158752449262111,36.59478086320661,-87.25291537754502,Montgomery,-0.45,36.5949,-87.2533,0.036804079901321056
2024-05-10 20:52:00,708931360,-0.5411707250200641,-0.8620041221282995,-0.22033732791182875,36.59478086320661,-87.25291537754502,Montgomery,-0.44,36.5949,-87.2533,0.036804079901321056
2024-05-10 20:53:00,708931360,-0.7444510793402082,-1.149541349680575,-0.3393608089998413,36.59478086320661,-87.25291537754502,Montgomery,1.67,36.5949,-87.2533,0.036804079901321056
2024-05-10 20:54:00,708931360,-0.7299780139447491,-1.1714238069169445,-0.2885322209725539,36.59478086320661,-87.25291537754502,Montgomery,3.08,36.5949,-87.2533,0.036804079901321056
2024-05-10 20:55:00,708931360,-1.2478343716351068,-1.9350850428042934,-0.5605837004659202,36.59478086320661,-87.25291537754502,Montgomery,3.21,36.5949,-87.2533,0.036804079901321056
2024-05-10 20:56:00,708931360,-1.0579667558186316,-1.6338216026174353,-0.48211190901982814,36.59478086320661,-87.25291537754502,Montgomery,4.12,36.5949,-87.2533,0.036804079901321056
2024-05-10 20:57:00,708931360,-0.4682596651790547,-0.7232994121132911,-0.21321991824481834,36.59478086320661,-87.25291537754502,Montgomery,1.28,36.5949,-87.2533,0.036804079901321056
2024-05-10 20:58:00,708931360,-0.9538578639824625,-1.4744428272879895,-0.4332729006769356,36.59478086320661,-87.25291537754502,Montgomery,2.37,36.5949,-87.2533,0.036804079901321056
2024-05-10 20:59:00,708931360,-1.0619519882482993,-1.6400315517188524,-0.48387242477774606,36.59478086320661,-87.25291537754502,Montgomery,3.04,36.5949,-87.2533,0.036804079901321056
2024-05-10 21:00:00,708931360,0.2904306233675079,0.10796829865980687,0.472892948075209,36.59478086320661,-87.25291537754502,Montgomery,7.55,36.5949,-87.2533,0.036804079901321056
2024-05-10 21:01:00,708931360,2.719387461358966,1.2809199072795203,4.157855015438411,36.59478086320661,-87.25291537754502,Montgomery,4.25,36.5949,-87.2533,0.036804079901321056
2024-05-10 21:02:00,708931360,1.6058010133566862,0.7574029930272883,2.454199033686084,36.59478086320661,-87.25291537754502,Montgomery,0.73,36.5949,-87.2533,0.036804079901321056
2024-05-10 21:03:00,708931360,0.8364532354339155,0.3110731928040875,1.3618332780637434,36.59478086320661,-87.25291537754502,Montgomery,-2.97,36.5949,-87.2533,0.036804079901321056
2024-05-10 21:04:00,708931360,-0.15702748487360382,-0.2895547804315368,-0.0245001893156708,36.59478086320661,-87.25291537754502,Montgomery,-5.59,36.5949,-87.2533,0.036804079901321056
2024-05-10 21:05:00,708931360,0.32649717510521487,0.1623350096997836,0.49065934051064614,36.59478086320661,-87.25291537754502,Montgomery,-1.96,36.5949,-87.2533,0.036804079901321056
2024-05-10 21:06:00,708931360,2.1370583260770335,1.027970226747691,3.2461464254063763,36.59478086320661,-87.25291537754502,Montgomery,-0.56,36.5949,-87.2533,0.036804079901321056
2024-05-10 21:07:00,708931360,0.3527040940728085,0.005812457622928979,0.6995957305226881,36.59478086320661,-87.25291537754502,Montgomery,4.05,36.5949,-87.2533,0.036804079901321056
2024-05-10 21:08:00,708931360,-0.4718446037697053,-0.7744609024832048,-0.16922830505620584,36.59478086320661,-87.25291537754502,Montgomery,2.66,36.5949,-87.2533,0.036804079901321056
2024-05-10 21:09:00,708931360,-0.8688223028376367,-1.3466400852649958,-0.39100452041027756,36.59478086320661,-87.25291537754502,Montgomery,0.2,36.5949,-87.2533,0.036804079901321056
2024-05-10 21:10:00,708931360,0.30529155527473995,0.11068845743028818,0.4998946531191917,36.59478086320661,-87.25291537754502,Montgomery,-1.68,36.5949,-87.2533,0.036804079901321056
2024-05-10 21:11:00,708931360,1.6130673689029547,0.7807241317589625,2.4454106060469467,36.59478086320661,-87.25291537754502,Montgomery,-4.63,36.5949,-87.2533,0.036804079901321056
2024-05-10 21:12:00,708931360,1.5503036491829612,0.7094974885387391,2.3911098098271832,36.59478086320661,-87.25291537754502,Montgomery,-2.18,36.5949,-87.2533,0.036804079901321056
2024-05-10 21:13:00,708931360,0.43534796742166865,0.2151990806698155,0.6554968541735218,36.59478086320661,-87.25291537754502,Montgomery,-0.5,36.5949,-87.2533,0.036804079901321056
2024-05-10 21:14:00,708931360,0.1321987343784585,0.05888922361750466,0.20550824513941235,36.59478086320661,-87.25291537754502,Montgomery,-1.19,36.5949,-87.2533,0.036804079901321056
2024-05-10 21:15:00,708931360,0.5784718571720939,0.28724083583329973,0.8697028785108881,36.59478086320661,-87.25291537754502,Montgomery,-0.15,36.5949,-87.2533,0.036804079901321056
2024-05-10 21:16:00,708931360,0.9636127857916188,0.4735937708376808,1.4536318007455569,36.59478086320661,-87.25291537754502,Montgomery,-3.46,36.5949,-87.2533,0.036804079901321056
2024-05-10 21:17:00,708931360,1.057016065731682,0.5087125891921984,1.6053195422711657,36.59478086320661,-87.25291537754502,Montgomery,-7.13,36.5949,-87.2533,0.036804079901321056
2024-05-10 21:18:00,708931360,1.2238319057686473,0.6001956549917592,1.8474681565455353,36.59478086320661,-87.25291537754502,Montgomery,-8.98,36.5949,-87.2533,0.036804079901321056
2024-05-10 21:19:00,708931360,1.1417917556941677,0.5524560105011369,1.7311275008871985,36.59478086320661,-87.25291537754502,Montgomery,-8.1,36.5949,-87.2533,0.036804079901321056
2024-05-10 21:20:00,708931360,-0.9741362408176998,-1.5110742152669858,-0.43719826636841375,36.59478086320661,-87.25291537754502,Montgomery,-2.81,36.5949,-87.2533,0.036804079901321056
2024-05-10 21:21:00,708931360,-1.911924272084744,-2.9677726690012873,-0.8560758751682009,36.59478086320661,-87.25291537754502,Montgomery,-1.71,36.5949,-87.2533,0.036804079901321056
2024-05-10 21:22:00,708931360,-0.37509720782191497,-0.7825335976170773,0.032339181973247366,36.59478086320661,-87.25291537754502,Montgomery,-4.7,36.5949,-87.2533,0.036804079901321056
2024-05-10 21:23:00,708931360,0.6119792597143114,0.19409491498143266,1.0298636044471903,36.59478086320661,-87.25291537754502,Montgomery,-3.61,36.5949,-87.2533,0.036804079901321056
2024-05-10 21:24:00,708931360,1.2068680119338937,0.5702939184315959,1.8434421054361914,36.59478086320661,-87.25291537754502,Montgomery,-3.76,36.5949,-87.2533,0.036804079901321056
2024-05-10 21:25:00,708931360,0.63670245287263,0.2689871829905597,1.0044177227547004,36.59478086320661,-87.25291537754502,Montgomery,-2.08,36.5949,-87.2533,0.036804079901321056
2024-05-10 21:26:00,708931360,-0.6201478152230667,-0.9805307613002372,-0.25976486914589625,36.59478086320661,-87.25291537754502,Montgomery,-0.47,36.5949,-87.2533,0.036804079901321056
2024-05-10 21:27:00,708931360,-1.2110689941605197,-1.8678501072725568,-0.5542878810484826,36.59478086320661,-87.25291537754502,Montgomery,-1.78,36.5949,-87.2533,0.036804079901321056
2024-05-10 21:28:00,708931360,-1.338081024790006,-2.0516203472509114,-0.6245417023291006,36.59478086320661,-87.25291537754502,Montgomery,-3.36,36.5949,-87.2533,0.036804079901321056
2024-05-10 21:29:00,708931360,-1.1049653936754025,-1.6964747370662778,-0.5134560502845271,36.59478086320661,-87.25291537754502,Montgomery,-5.23,36.5949,-87.2533,0.036804079901321056
2024-05-10 21:30:00,708931360,-2.148249062067621,-3.2912910251916605,-1.0052070989435817,36.59478086320661,-87.25291537754502,Montgomery,-4.62,36.5949,-87.2533,0.036804079901321056
2024-05-10 21:31:00,708931360,-2.362662121290598,-3.6065866221072183,-1.1187376204739772,36.59478086320661,-87.25291537754502,Montgomery,-2.94,36.5949,-87.2533,0.036804079901321056
2024-05-10 21:32:00,708931360,-2.5327692625610587,-3.8637952116485628,-1.2017433134735547,36.59478086320661,-87.25291537754502,Montgomery,0.06,36.5949,-87.2533,0.036804079901321056
2024-05-10 21:33:00,708931360,-2.752716250698967,-4.195455134110055,-1.3099773672878785,36.59478086320661,-87.25291537754502,Montgomery,3.68,36.5949,-87.2533,0.036804079901321056
2024-05-10 21:34:00,708931360,-2.820291549952369,-4.29829484395187,-1.3422882559528684,36.59478086320661,-87.25291537754502,Montgomery,5.14,36.5949,-87.2533,0.036804079901321056
2024-05-10 21:35:00,708931360,-2.782979431619312,-4.235320409464243,-1.330638453774381,36.59478086320661,-87.25291537754502,Montgomery,11.97,36.5949,-87.2533,0.036804079901321056
2024-05-10 21:36:00,708931360,-3.4398095500458163,-5.245309096620671,-1.6343100034709612,36.59478086320661,-87.25291537754502,Montgomery,15.85,36.5949,-87.2533,0.036804079901321056
2024-05-10 21:37:00,708931360,-3.8044098928608094,-5.833729156891693,-1.7750906288299255,36.59478086320661,-87.25291537754502,Montgomery,14.66,36.5949,-87.2533,0.036804079901321056
2024-05-10 21:38:00,708931360,-3.4539854908630456,-5.32526200071756,-1.582708981008531,36.59478086320661,-87.25291537754502,Montgomery,5.87,36.5949,-87.2533,0.036804079901321056
2024-05-10 21:39:00,708931360,-2.0119563719225035,-3.138277525028794,-0.8856352188162127,36.59478086320661,-87.25291537754502,Montgomery,-3.21,36.5949,-87.2533,0.036804079901321056
2024-05-10 21:40:00,708931360,0.013820436482377121,-0.08173161175597467,0.1093724847207289,36.59478086320661,-87.25291537754502,Montgomery,-9.17,36.5949,-87.2533,0.036804079901321056
2024-05-10 21:41:00,708931360,1.1694435935168712,0.5594986408088347,1.7793885462249077,36.59478086320661,-87.25291537754502,Montgomery,-8.34,36.5949,-87.2533,0.036804079901321056
2024-05-10 21:42:00,708931360,5.466949740096806,2.619627637747767,8.314271842445844,36.59478086320661,-87.25291537754502,Montgomery,-24.15,36.5949,-87.2533,0.036804079901321056
2024-05-10 21:43:00,708931360,7.2877746334108044,3.4342992912141845,11.141249975607424,36.59478086320661,-87.25291537754502,Montgomery,-27.4,36.5949,-87.2533,0.036804079901321056
2024-05-10 21:44:00,708931360,5.765581056302913,2.7458633420136778,8.785298770592147,36.59478086320661,-87.25291537754502,Montgomery,-15.16,36.5949,-87.2533,0.036804079901321056
2024-05-10 21:45:00,708931360,4.350869629508757,2.0772073430397637,6.624531915977752,36.59478086320661,-87.25291537754502,Montgomery,-8.36,36.5949,-87.2533,0.036804079901321056
2024-05-10 21:46:00,708931360,3.6030914790106747,1.7279250277141491,5.4782579303072,36.59478086320661,-87.25291537754502,Montgomery,-6.17,36.5949,-87.2533,0.036804079901321056
2024-05-10 21:47:00,708931360,2.6745945710664323,1.2863115845608322,4.062877557572032,36.59478086320661,-87.25291537754502,Montgomery,-10.03,36.5949,-87.2533,0.036804079901321056
2024-05-10 21:48:00,708931360,2.1738497747533154,1.0557858449484392,3.2919137045581914,36.59478086320661,-87.25291537754502,Montgomery,-6.82,36.5949,-87.2533,0.036804079901321056
2024-05-10 21:49:00,708931360,1.8972264951944613,0.9226177064500669,2.8718352839388555,36.59478086320661,-87.25291537754502,Montgomery,-3.09,36.5949,-87.2533,0.036804079901321056
2024-05-10 21:50:00,708931360,0.7335413669546446,0.3640821221835096,1.1030006117257796,36.59478086320661,-87.25291537754502,Montgomery,-2.13,36.5949,-87.2533,0.036804079901321056
2024-05-10 21:51:00,708931360,0.3832567414049442,0.19366025403133288,0.5728532287785555,36.59478086320661,-87.25291537754502,Montgomery,-1.9,36.5949,-87.2533,0.036804079901321056
2024-05-10 21:52:00,708931360,0.6551812889665963,0.3159916252847226,0.9943709526484701,36.59478086320661,-87.25291537754502,Montgomery,-0.62,36.5949,-87.2533,0.036804079901321056
2024-05-10 21:53:00,708931360,0.3798297116915721,0.18728073599849868,0.5723786873846455,36.59478086320661,-87.25291537754502,Montgomery,0.73,36.5949,-87.2533,0.036804079901321056
2024-05-10 21:54:00,708931360,-0.17194417287594987,-0.27729854021289546,-0.06658980553900426,36.59478086320661,-87.25291537754502,Montgomery,1.92,36.5949,-87.2533,0.036804079901321056
2024-05-10 21:55:00,708931360,-1.537694496365368,-2.346687592241153,-0.7287014004895831,36.59478086320661,-87.25291537754502,Montgomery,3.52,36.5949,-87.2533,0.036804079901321056
2024-05-10 21:56:00,708931360,-1.8925443876074874,-2.885465282595823,-0.8996234926191515,36.59478086320661,-87.25291537754502,Montgomery,3.96,36.5949,-87.2533,0.036804079901321056
2024-05-10 21:57:00,708931360,-1.5149779700356674,-2.3095981428731314,-0.7203577971982031,36.59478086320661,-87.25291537754502,Montgomery,4.66,36.5949,-87.2533,0.036804079901321056
2024-05-10 21:58:00,708931360,-0.5981745258053032,-0.9166692480151719,-0.27967980359543443,36.59478086320661,-87.25291537754502,Montgomery,2.1,36.5949,-87.2533,0.036804079901321056
2024-05-10 21:59:00,708931360,0.6839976999721954,0.2743412754837863,1.0936541244606044,36.59478086320661,-87.25291537754502,Montgomery,-0.18,36.5949,-87.2533,0.036804079901321056
2024-05-10 22:00:00,708931360,1.2207003209301104,0.5408511933089459,1.9005494485512748,36.59478086320661,-87.25291537754502,Montgomery,-0.76,36.5949,-87.2533,0.036804079901321056
2024-05-10 22:01:00,708931360,0.8774621387445286,0.39656365428643114,1.3583606232026262,36.59478086320661,-87.25291537754502,Montgomery,-0.17,36.5949,-87.2533,0.036804079901321056
2024-05-10 22:02:00,708931360,0.6379128079919756,0.30699981893503625,0.9688257970489149,36.59478086320661,-87.25291537754502,Montgomery,-0.79,36.5949,-87.2533,0.036804079901321056
2024-05-10 22:03:00,708931360,-0.8426038962491277,-1.293600697168892,-0.39160709532936333,36.59478086320661,-87.25291537754502,Montgomery,-0.4,36.5949,-87.2533,0.036804079901321056
2024-05-10 22:04:00,708931360,-3.4041217844793223,-5.254506723847325,-1.5537368451113194,36.59478086320661,-87.25291537754502,Montgomery,3.96,36.5949,-87.2533,0.036804079901321056
2024-05-10 22:05:00,708931360,-1.384794781033538,-2.258995552458514,-0.5105940096085619,36.59478086320661,-87.25291537754502,Montgomery,1.33,36.5949,-87.2533,0.036804079901321056
2024-05-10 22:06:00,708931360,-1.4414063749839563,-2.2367126120283176,-0.6461001379395949,36.59478086320661,-87.25291537754502,Montgomery,1.21,36.5949,-87.2533,0.036804079901321056
2024-05-10 22:07:00,708931360,-1.2513446956651197,-1.9203968534944333,-0.5822925378358061,36.59478086320661,-87.25291537754502,Montgomery,0.94,36.5949,-87.2533,0.036804079901321056
2024-05-10 22:08:00,708931360,-1.356599941147132,-2.102759484114015,-0.6104403981802489,36.59478086320661,-87.25291537754502,Montgomery,2.83,36.5949,-87.2533,0.036804079901321056
2024-05-10 22:09:00,708931360,-0.7788679583405465,-1.1874329191376134,-0.3703029975434795,36.59478086320661,-87.25291537754502,Montgomery,-0.07,36.5949,-87.2533,0.036804079901321056
2024-05-10 22:10:00,708931360,-0.3523401309238828,-0.6007587224904766,-0.10392153935728901,36.59478086320661,-87.25291537754502,Montgomery,-1.5,36.5949,-87.2533,0.036804079901321056
2024-05-10 22:11:00,708931360,0.6007762072365124,0.19473762695610303,1.0068147875169218,36.59478086320661,-87.25291537754502,Montgomery,-1.65,36.5949,-87.2533,0.036804079901321056
2024-05-10 22:12:00,708931360,0.4493596224425907,0.025347282746291444,0.87337196213889,36.59478086320661,-87.25291537754502,Montgomery,-0.21,36.5949,-87.2533,0.036804079901321056
2024-05-10 22:13:00,708931360,1.0115394194173932,0.4092340735523198,1.6138447652824666,36.59478086320661,-87.25291537754502,Montgomery,0.42,36.5949,-87.2533,0.036804079901321056
2024-05-10 22:14:00,708931360,-0.5856164610340145,-0.9013147872720462,-0.269918134795983,36.59478086320661,-87.25291537754502,Montgomery,0.8,36.5949,-87.2533,0.036804079901321056
2024-05-10 22:15:00,708931360,-0.2304559285413441,-0.3656919263504097,-0.09521993073227852,36.59478086320661,-87.25291537754502,Montgomery,1.46,36.5949,-87.2533,0.036804079901321056
2024-05-10 22:16:00,708931360,0.6379303033303184,0.22400107996602925,1.0518595266946076,36.59478086320661,-87.25291537754502,Montgomery,0.45,36.5949,-87.2533,0.036804079901321056
2024-05-10 22:17:00,708931360,1.3137599810080272,0.4886989069975085,2.138821055018546,36.59478086320661,-87.25291537754502,Montgomery,-0.06,36.5949,-87.2533,0.036804079901321056
2024-05-10 22:18:00,708931360,-0.09464105151045417,-0.34787966317981556,0.15859756015890725,36.59478086320661,-87.25291537754502,Montgomery,0.8,36.5949,-87.2533,0.036804079901321056
2024-05-10 22:19:00,708931360,0.42232372917533667,0.16155097464307633,0.683096483707597,36.59478086320661,-87.25291537754502,Montgomery,3.31,36.5949,-87.2533,0.036804079901321056
2024-05-10 22:20:00,708931360,0.09029025595313064,0.0016804507109707684,0.1789000611952905,36.59478086320661,-87.25291537754502,Montgomery,6.51,36.5949,-87.2533,0.036804079901321056
2024-05-10 22:21:00,708931360,-0.02677858740803128,-0.08075652941544509,0.027199354599382535,36.59478086320661,-87.25291537754502,Montgomery,6.29,36.5949,-87.2533,0.036804079901321056
2024-05-10 22:22:00,708931360,-0.13411981660363126,-0.348376137500478,0.0801365042932155,36.59478086320661,-87.25291537754502,Montgomery,4.8,36.5949,-87.2533,0.036804079901321056
2024-05-10 22:23:00,708931360,-0.856272328598308,-1.3034312883584758,-0.40911336883814037,36.59478086320661,-87.25291537754502,Montgomery,4.59,36.5949,-87.2533,0.036804079901321056
2024-05-10 22:24:00,708931360,-0.13323921901181912,-0.2986957986948149,0.032217360671176615,36.59478086320661,-87.25291537754502,Montgomery,3.98,36.5949,-87.2533,0.036804079901321056
2024-05-10 22:25:00,708931360,-1.6689119052496695,-2.5229675080181004,-0.8148563024812386,36.59478086320661,-87.25291537754502,Montgomery,0.73,36.5949,-87.2533,0.036804079901321056
2024-05-10 22:26:00,708931360,-2.387148213320713,-3.6582609009790463,-1.1160355256623793,36.59478086320661,-87.25291537754502,Montgomery,3.15,36.5949,-87.2533,0.036804079901321056
2024-05-10 22:27:00,708931360,-0.7297181779921217,-1.1117712274320841,-0.3476651285521593,36.59478086320661,-87.25291537754502,Montgomery,0.21,36.5949,-87.2533,0.036804079901321056
2024-05-10 22:28:00,708931360,0.18168330197467616,0.06705677257809016,0.29630983137126216,36.59478086320661,-87.25291537754502,Montgomery,-0.78,36.5949,-87.2533,0.036804079901321056
2024-05-10 22:29:00,708931360,1.2688915467235191,0.5745486470275692,1.9632344464194689,36.59478086320661,-87.25291537754502,Montgomery,-1.37,36.5949,-87.2533,0.036804079901321056
2024-05-10 22:30:00,708931360,0.4767807317468195,0.19616957775023708,0.7573918857434019,36.59478086320661,-87.25291537754502,Montgomery,-1.86,36.5949,-87.2533,0.036804079901321056
2024-05-10 22:31:00,708931360,-1.115240901435873,-1.7092745500013655,-0.5212072528703807,36.59478086320661,-87.25291537754502,Montgomery,-1.18,36.5949,-87.2533,0.036804079901321056
2024-05-10 22:32:00,708931360,-2.1999580440599296,-3.3696775723561494,-1.03023851576371,36.59478086320661,-87.25291537754502,Montgomery,-1.11,36.5949,-87.2533,0.036804079901321056
2024-05-10 22:33:00,708931360,-1.7322566166443092,-2.660312841664216,-0.8042003916244024,36.59478086320661,-87.25291537754502,Montgomery,-1.8,36.5949,-87.2533,0.036804079901321056
2024-05-10 22:34:00,708931360,-4.838020081045969,-7.400181934592386,-2.2758582274995534,36.59478086320661,-87.25291537754502,Montgomery,2.48,36.5949,-87.2533,0.036804079901321056
2024-05-10 22:35:00,708931360,-8.508154789840145,-13.066419469709835,-3.949890109970455,36.59478086320661,-87.25291537754502,Montgomery,8.38,36.5949,-87.2533,0.036804079901321056
2024-05-10 22:36:00,708931360,-0.9245632116993269,-1.4796778813998979,-0.3694485419987559,36.59478086320661,-87.25291537754502,Montgomery,2.95,36.5949,-87.2533,0.036804079901321056
2024-05-10 22:37:00,708931360,5.093032424676612,2.283019750529427,7.903045098823798,36.59478086320661,-87.25291537754502,Montgomery,-5.14,36.5949,-87.2533,0.036804079901321056
2024-05-10 22:38:00,708931360,1.7893663349615079,0.4698871338190196,3.1088455361039964,36.59478086320661,-87.25291537754502,Montgomery,2.03,36.5949,-87.2533,0.036804079901321056
2024-05-10 22:39:00,708931360,-0.1226062475924616,-0.4676372008523976,0.22242470566747446,36.59478086320661,-87.25291537754502,Montgomery,2.99,36.5949,-87.2533,0.036804079901321056
2024-05-10 22:40:00,708931360,-0.6248281043399835,-1.033160003537688,-0.21649620514227902,36.59478086320661,-87.25291537754502,Montgomery,3.55,36.5949,-87.2533,0.036804079901321056
2024-05-10 22:41:00,708931360,-0.38215012714514196,-0.7286792053872817,-0.03562104890300222,36.59478086320661,-87.25291537754502,Montgomery,3.18,36.5949,-87.2533,0.036804079901321056
2024-05-10 22:42:00,708931360,-0.4238213263888246,-0.8487868406984211,0.0011441879207719774,36.59478086320661,-87.25291537754502,Montgomery,4.31,36.5949,-87.2533,0.036804079901321056
2024-05-10 22:43:00,708931360,0.725628347362492,0.26258965169028237,1.1886670430347017,36.59478086320661,-87.25291537754502,Montgomery,1.06,36.5949,-87.2533,0.036804079901321056
2024-05-10 22:44:00,708931360,0.9703794223230734,0.36098187932848425,1.5797769653176625,36.59478086320661,-87.25291537754502,Montgomery,-2.23,36.5949,-87.2533,0.036804079901321056
2024-05-10 22:45:00,708931360,1.5706538042184293,0.702712169044006,2.4385954393928526,36.59478086320661,-87.25291537754502,Montgomery,-1.0,36.5949,-87.2533,0.036804079901321056
2024-05-10 22:46:00,708931360,1.465604338332203,0.6681268704922545,2.263081806172152,36.59478086320661,-87.25291537754502,Montgomery,-1.86,36.5949,-87.2533,0.036804079901321056
2024-05-10 22:47:00,708931360,0.8787061004108168,0.3817852626789497,1.3756269381426838,36.59478086320661,-87.25291537754502,Montgomery,-0.16,36.5949,-87.2533,0.036804079901321056
2024-05-10 22:48:00,708931360,3.685935287351223,1.7277168655307342,5.644153709171712,36.59478086320661,-87.25291537754502,Montgomery,-5.06,36.5949,-87.2533,0.036804079901321056
2024-05-10 22:49:00,708931360,1.5369989715229468,0.6446782644583412,2.4293196785875524,36.59478086320661,-87.25291537754502,Montgomery,-5.04,36.5949,-87.2533,0.036804079901321056
2024-05-10 22:50:00,708931360,1.5959580054449474,0.7473428559022348,2.44457315498766,36.59478086320661,-87.25291537754502,Montgomery,-5.59,36.5949,-87.2533,0.036804079901321056
2024-05-10 22:51:00,708931360,1.4465370986746031,0.6754289062352051,2.217645291114001,36.59478086320661,-87.25291537754502,Montgomery,-2.61,36.5949,-87.2533,0.036804079901321056
2024-05-10 22:52:00,708931360,2.9683812562852427,1.3973996053283375,4.539362907242148,36.59478086320661,-87.25291537754502,Montgomery,-3.77,36.5949,-87.2533,0.036804079901321056
2024-05-10 22:53:00,708931360,4.084253095692598,1.9023187025593868,6.26618748882581,36.59478086320661,-87.25291537754502,Montgomery,-6.99,36.5949,-87.2533,0.036804079901321056
2024-05-10 22:54:00,708931360,2.455150178084815,1.1150177662826042,3.7952825898870257,36.59478086320661,-87.25291537754502,Montgomery,-4.24,36.5949,-87.2533,0.036804079901321056
2024-05-10 22:55:00,708931360,2.0587723944324505,0.9458234236781484,3.1717213651867526,36.59478086320661,-87.25291537754502,Montgomery,-2.54,36.5949,-87.2533,0.036804079901321056
2024-05-10 22:56:00,708931360,1.1901172262623458,0.5294537223592348,1.8507807301654569,36.59478086320661,-87.25291537754502,Montgomery,-2.53,36.5949,-87.2533,0.036804079901321056
2024-05-10 22:57:00,708931360,1.1644418132106276,0.5203511913561863,1.8085324350650689,36.59478086320661,-87.25291537754502,Montgomery,-1.46,36.5949,-87.2533,0.036804079901321056
2024-05-10 22:58:00,708931360,1.517974936722528,0.7163587657588629,2.319591107686193,36.59478086320661,-87.25291537754502,Montgomery,-2.17,36.5949,-87.2533,0.036804079901321056
2024-05-10 22:59:00,708931360,1.333638830392862,0.6277139507322895,2.039563710053434,36.59478086320661,-87.25291537754502,Montgomery,-1.28,36.5949,-87.2533,0.036804079901321056
2024-05-10 23:00:00,708931360,0.06508202365269558,-0.028897320743987903,0.15906136804937906,36.59478086320661,-87.25291537754502,Montgomery,-3.86,36.5949,-87.2533,0.036804079901321056
2024-05-10 23:01:00,708931360,-2.8737807775471818,-4.363838282152962,-1.3837232729414015,36.59478086320661,-87.25291537754502,Montgomery,-4.41,36.5949,-87.2533,0.036804079901321056
2024-05-10 23:02:00,708931360,-6.627221500883836,-10.082334786204722,-3.1721082155629508,36.59478086320661,-87.25291537754502,Montgomery,-3.8,36.5949,-87.2533,0.036804079901321056
2024-05-10 23:03:00,708931360,-6.056725616284406,-9.221794434640092,-2.8916567979287198,36.59478086320661,-87.25291537754502,Montgomery,-1.23,36.5949,-87.2533,0.036804079901321056
2024-05-10 23:04:00,708931360,-1.4704488039630603,-2.2613155867387875,-0.6795820211873332,36.59478086320661,-87.25291537754502,Montgomery,-3.35,36.5949,-87.2533,0.036804079901321056
2024-05-10 23:05:00,708931360,-1.6507426400092386,-2.497265720269853,-0.8042195597486241,36.59478086320661,-87.25291537754502,Montgomery,1.25,36.5949,-87.2533,0.036804079901321056
2024-05-10 23:06:00,708931360,-0.6052417916935497,-0.9258434737116967,-0.28464010967540276,36.59478086320661,-87.25291537754502,Montgomery,-0.12,36.5949,-87.2533,0.036804079901321056
2024-05-10 23:07:00,708931360,0.010780330320576445,-0.04305578629097005,0.06461644693212294,36.59478086320661,-87.25291537754502,Montgomery,2.17,36.5949,-87.2533,0.036804079901321056
2024-05-10 23:08:00,708931360,-0.24850015433267095,-0.3654611362709108,-0.13153917239443108,36.59478086320661,-87.25291537754502,Montgomery,4.12,36.5949,-87.2533,0.036804079901321056
2024-05-10 23:09:00,708931360,0.8336279244485421,0.3859768785726653,1.2812789703244187,36.59478086320661,-87.25291537754502,Montgomery,5.9,36.5949,-87.2533,0.036804079901321056
2024-05-10 23:10:00,708931360,4.717863227518504,2.226358162856843,7.209368292180165,36.59478086320661,-87.25291537754502,Montgomery,2.74,36.5949,-87.2533,0.036804079901321056
2024-05-10 23:11:00,708931360,7.380499227266562,3.466431189856199,11.294567264676926,36.59478086320661,-87.25291537754502,Montgomery,1.2,36.5949,-87.2533,0.036804079901321056
2024-05-10 23:12:00,708931360,4.19339957813056,1.923504895905444,6.463294260355676,36.59478086320661,-87.25291537754502,Montgomery,6.38,36.5949,-87.2533,0.036804079901321056
2024-05-10 23:13:00,708931360,3.625336544140053,1.7011083311096775,5.549564757170428,36.59478086320661,-87.25291537754502,Montgomery,4.72,36.5949,-87.2533,0.036804079901321056
2024-05-10 23:14:00,708931360,2.7059751757394923,1.2707797317143639,4.141170619764621,36.59478086320661,-87.25291537754502,Montgomery,1.65,36.5949,-87.2533,0.036804079901321056
2024-05-10 23:15:00,708931360,2.218498701680181,1.0384255312812485,3.3985718720791134,36.59478086320661,-87.25291537754502,Montgomery,5.79,36.5949,-87.2533,0.036804079901321056
2024-05-10 23:16:00,708931360,1.3956975663713365,0.6082041840326574,2.1831909487100156,36.59478086320661,-87.25291537754502,Montgomery,1.59,36.5949,-87.2533,0.036804079901321056
2024-05-10 23:17:00,708931360,1.399792786561569,0.6168041869320908,2.182781386191047,36.59478086320661,-87.25291537754502,Montgomery,-2.45,36.5949,-87.2533,0.036804079901321056
2024-05-10 23:18:00,708931360,0.8910069143619006,0.3490041630266012,1.4330096656972,36.59478086320661,-87.25291537754502,Montgomery,-1.05,36.5949,-87.2533,0.036804079901321056
2024-05-10 23:19:00,708931360,0.7647786756888741,0.32765705862633343,1.2019002927514149,36.59478086320661,-87.25291537754502,Montgomery,-0.46,36.5949,-87.2533,0.036804079901321056
2024-05-10 23:20:00,708931360,1.0473621845232632,0.4849260246388706,1.6097983444076558,36.59478086320661,-87.25291537754502,Montgomery,-2.36,36.5949,-87.2533,0.036804079901321056
2024-05-10 23:21:00,708931360,0.952499719222256,0.4478604063209414,1.4571390321235707,36.59478086320661,-87.25291537754502,Montgomery,-3.68,36.5949,-87.2533,0.036804079901321056
2024-05-10 23:22:00,708931360,0.4564458286263665,0.2097748199135706,0.7031168373391624,36.59478086320661,-87.25291537754502,Montgomery,-1.89,36.5949,-87.2533,0.036804079901321056
2024-05-10 23:23:00,708931360,0.5787295449115476,0.2659372476012845,0.8915218422218107,36.59478086320661,-87.25291537754502,Montgomery,-3.47,36.5949,-87.2533,0.036804079901321056
2024-05-10 23:24:00,708931360,-0.5236831450517427,-0.8158719647147661,-0.2314943253887194,36.59478086320661,-87.25291537754502,Montgomery,-3.37,36.5949,-87.2533,0.036804079901321056
2024-05-10 23:25:00,708931360,-0.13232735152832492,-0.2221167706437796,-0.04253793241287024,36.59478086320661,-87.25291537754502,Montgomery,-4.23,36.5949,-87.2533,0.036804079901321056
2024-05-10 23:26:00,708931360,-0.2814035148063399,-0.4253675931021053,-0.1374394365105745,36.59478086320661,-87.25291537754502,Montgomery,-2.35,36.5949,-87.2533,0.036804079901321056
2024-05-10 23:27:00,708931360,-0.03667811941803868,-0.10211970167932197,0.028763462843244603,36.59478086320661,-87.25291537754502,Montgomery,-1.5,36.5949,-87.2533,0.036804079901321056
2024-05-10 23:28:00,708931360,-0.26770390094232216,-0.403955372198118,-0.13145242968652632,36.59478086320661,-87.25291537754502,Montgomery,1.16,36.5949,-87.2533,0.036804079901321056
2024-05-10 23:29:00,708931360,-0.6615213129744121,-1.0034293088446082,-0.3196133171042158,36.59478086320661,-87.25291537754502,Montgomery,-1.09,36.5949,-87.2533,0.036804079901321056
2024-05-10 23:30:00,708931360,-0.3435494555977353,-0.523510695612734,-0.16358821558273662,36.59478086320661,-87.25291537754502,Montgomery,-0.73,36.5949,-87.2533,0.036804079901321056
2024-05-10 23:31:00,708931360,0.7261185997666413,0.3349610600435031,1.1172761394897794,36.59478086320661,-87.25291537754502,Montgomery,-2.54,36.5949,-87.2533,0.036804079901321056
2024-05-10 23:32:00,708931360,0.7575701482851935,0.3287555769010548,1.1863847196693322,36.59478086320661,-87.25291537754502,Montgomery,-3.42,36.5949,-87.2533,0.036804079901321056
2024-05-10 23:33:00,708931360,0.1398674885599382,-0.04673712970261143,0.32647210682248784,36.59478086320661,-87.25291537754502,Montgomery,-1.82,36.5949,-87.2533,0.036804079901321056
2024-05-10 23:34:00,708931360,0.19463691352411433,0.06113216538763447,0.3281416616605942,36.59478086320661,-87.25291537754502,Montgomery,-0.19,36.5949,-87.2533,0.036804079901321056
2024-05-10 23:35:00,708931360,-1.0413681916322999,-1.6026126112985621,-0.4801237719660375,36.59478086320661,-87.25291537754502,Montgomery,0.47,36.5949,-87.2533,0.036804079901321056
2024-05-10 23:36:00,708931360,-1.4594088879724343,-2.2407852144814315,-0.6780325614634373,36.59478086320661,-87.25291537754502,Montgomery,1.49,36.5949,-87.2533,0.036804079901321056
2024-05-10 23:37:00,708931360,-0.46939356248583036,-0.7332799122449636,-0.20550721272669714,36.59478086320661,-87.25291537754502,Montgomery,0.69,36.5949,-87.2533,0.036804079901321056
2024-05-10 23:38:00,708931360,-1.0646547457684101,-1.6283683336965535,-0.5009411578402666,36.59478086320661,-87.25291537754502,Montgomery,1.09,36.5949,-87.2533,0.036804079901321056
2024-05-10 23:39:00,708931360,-1.171684506174205,-1.7778106769664803,-0.5655583353819297,36.59478086320661,-87.25291537754502,Montgomery,0.3,36.5949,-87.2533,0.036804079901321056
2024-05-10 23:40:00,708931360,-0.5876568266860049,-0.8992510401907085,-0.27606261318130143,36.59478086320661,-87.25291537754502,Montgomery,0.26,36.5949,-87.2533,0.036804079901321056
2024-05-10 23:41:00,708931360,-0.5493799926699104,-0.9159516457218781,-0.18280833961794268,36.59478086320661,-87.25291537754502,Montgomery,0.64,36.5949,-87.2533,0.036804079901321056
2024-05-10 23:42:00,708931360,-1.1126234947545057,-1.6968196474705963,-0.5284273420384151,36.59478086320661,-87.25291537754502,Montgomery,1.13,36.5949,-87.2533,0.036804079901321056
2024-05-10 23:43:00,708931360,-0.7733294130898172,-1.1765866207541464,-0.37007220542548797,36.59478086320661,-87.25291537754502,Montgomery,-0.14,36.5949,-87.2533,0.036804079901321056
2024-05-10 23:44:00,708931360,-0.4355155732762769,-0.7102048264295403,-0.16082632012301346,36.59478086320661,-87.25291537754502,Montgomery,0.94,36.5949,-87.2533,0.036804079901321056
2024-05-10 23:45:00,708931360,-0.6527884880986466,-0.989767346244137,-0.31580962995315637,36.59478086320661,-87.25291537754502,Montgomery,3.5,36.5949,-87.2533,0.036804079901321056
2024-05-10 23:46:00,708931360,0.813686478355512,0.26884009087072414,1.3585328658402998,36.59478086320661,-87.25291537754502,Montgomery,1.58,36.5949,-87.2533,0.036804079901321056
2024-05-10 23:47:00,708931360,0.999908058733719,0.4085493648120264,1.5912667526554116,36.59478086320661,-87.25291537754502,Montgomery,-0.39,36.5949,-87.2533,0.036804079901321056
2024-05-10 23:48:00,708931360,0.7299921982408148,0.29747872628669936,1.1625056701949303,36.59478086320661,-87.25291537754502,Montgomery,0.75,36.5949,-87.2533,0.036804079901321056
2024-05-10 23:49:00,708931360,0.29491893318306683,0.09341965663135723,0.49641820973477646,36.59478086320661,-87.25291537754502,Montgomery,-0.57,36.5949,-87.2533,0.036804079901321056
2024-05-10 23:50:00,708931360,0.17324419136997662,-0.015442262567923665,0.3619306453078769,36.59478086320661,-87.25291537754502,Montgomery,-0.23,36.5949,-87.2533,0.036804079901321056
2024-05-10 23:51:00,708931360,0.22380096558802398,0.09633166504223548,0.3512702661338125,36.59478086320661,-87.25291537754502,Montgomery,-1.19,36.5949,-87.2533,0.036804079901321056
2024-05-10 23:52:00,708931360,0.13620127530702575,0.056130725219515856,0.21627182539453566,36.59478086320661,-87.25291537754502,Montgomery,-1.16,36.5949,-87.2533,0.036804079901321056
2024-05-10 23:53:00,708931360,-0.1376698005777891,-0.2682042673858698,-0.007135333769708402,36.59478086320661,-87.25291537754502,Montgomery,-0.42,36.5949,-87.2533,0.036804079901321056
2024-05-10 23:54:00,708931360,-0.38946462141695365,-0.6000226467042057,-0.17890659612970164,36.59478086320661,-87.25291537754502,Montgomery,-0.06,36.5949,-87.2533,0.036804079901321056
2024-05-10 23:55:00,708931360,-0.5309237426912463,-0.8444524860811056,-0.217394999301387,36.59478086320661,-87.25291537754502,Montgomery,-0.1,36.5949,-87.2533,0.036804079901321056
2024-05-10 23:56:00,708931360,-0.5752405375800239,-0.8862219819140132,-0.2642590932460346,36.59478086320661,-87.25291537754502,Montgomery,-0.14,36.5949,-87.2533,0.036804079901321056
2024-05-10 23:57:00,708931360,-0.5767983188199108,-0.9161635746621581,-0.23743306297766353,36.59478086320661,-87.25291537754502,Montgomery,-0.03,36.5949,-87.2533,0.036804079901321056
2024-05-10 23:58:00,708931360,-0.6993494483830178,-1.1076327212739943,-0.2910661754920414,36.59478086320661,-87.25291537754502,Montgomery,-0.37,36.5949,-87.2533,0.036804079901321056
2024-05-10 23:59:00,708931360,-0.967993419613038,-1.6580824215067407,-0.2779044177193353,36.59478086320661,-87.25291537754502,Montgomery,0.06,36.5949,-87.2533,0.036804079901321056
2024-05-11 00:00:00,708931360,-1.8548902795515267,-3.861975191316551,0.1521946322134975,36.59478086320661,-87.25291537754502,Montgomery,-0.17,36.5949,-87.2533,0.036804079901321056
2024-05-11 00:01:00,708931360,-1.809146443339891,-2.925264099008796,-0.693028787670986,36.59478086320661,-87.25291537754502,Montgomery,0.87,36.5949,-87.2533,0.036804079901321056
2024-05-11 00:02:00,708931360,-1.7257262608479886,-2.8760026383869652,-0.575449883309012,36.59478086320661,-87.25291537754502,Montgomery,1.31,36.5949,-87.2533,0.036804079901321056
2024-05-11 00:03:00,708931360,-1.5608849598977126,-2.480092777202964,-0.6416771425924611,36.59478086320661,-87.25291537754502,Montgomery,1.17,36.5949,-87.2533,0.036804079901321056
2024-05-11 00:04:00,708931360,-1.6087195261061789,-2.590727403551722,-0.6267116486606359,36.59478086320661,-87.25291537754502,Montgomery,1.55,36.5949,-87.2533,0.036804079901321056
2024-05-11 00:05:00,708931360,-1.5218160876205988,-2.3694583234143436,-0.6741738518268542,36.59478086320661,-87.25291537754502,Montgomery,0.93,36.5949,-87.2533,0.036804079901321056
2024-05-11 00:06:00,708931360,-0.863555110197393,-1.4426432500676563,-0.28446697032712975,36.59478086320661,-87.25291537754502,Montgomery,1.56,36.5949,-87.2533,0.036804079901321056
2024-05-11 00:07:00,708931360,-0.7206638069370561,-1.168955560751454,-0.2723720531226584,36.59478086320661,-87.25291537754502,Montgomery,1.42,36.5949,-87.2533,0.036804079901321056
2024-05-11 00:08:00,708931360,-1.1277480260854154,-1.7825900015477565,-0.4729060506230741,36.59478086320661,-87.25291537754502,Montgomery,1.05,36.5949,-87.2533,0.036804079901321056
2024-05-11 00:09:00,708931360,-0.9030406582671076,-1.4355266512840767,-0.37055466525013836,36.59478086320661,-87.25291537754502,Montgomery,-0.12,36.5949,-87.2533,0.036804079901321056
2024-05-11 00:10:00,708931360,-0.5774116390186331,-0.9716657992457951,-0.18315747879147115,36.59478086320661,-87.25291537754502,Montgomery,1.5,36.5949,-87.2533,0.036804079901321056
2024-05-11 00:11:00,708931360,-0.5579570453557977,-0.9330198598478352,-0.18289423086376017,36.59478086320661,-87.25291537754502,Montgomery,0.82,36.5949,-87.2533,0.036804079901321056
2024-05-11 00:12:00,708931360,-0.8553405135524527,-1.3906731181741852,-0.32000790893072006,36.59478086320661,-87.25291537754502,Montgomery,0.96,36.5949,-87.2533,0.036804079901321056
2024-05-11 00:13:00,708931360,-0.76909590268713,-1.1964822758259608,-0.34170952954829936,36.59478086320661,-87.25291537754502,Montgomery,2.14,36.5949,-87.2533,0.036804079901321056
2024-05-11 00:14:00,708931360,-0.30113830442194894,-0.5423361819769305,-0.05994042686696746,36.59478086320661,-87.25291537754502,Montgomery,0.61,36.5949,-87.2533,0.036804079901321056
2024-05-11 00:15:00,708931360,0.17461205683537714,0.023878247068762987,0.3253458666019913,36.59478086320661,-87.25291537754502,Montgomery,1.13,36.5949,-87.2533,0.036804079901321056
2024-05-11 00:16:00,708931360,0.06758955863806204,-0.08974509024098734,0.22492420751711142,36.59478086320661,-87.25291537754502,Montgomery,0.28,36.5949,-87.2533,0.036804079901321056
2024-05-11 00:17:00,708931360,0.6715698949879414,0.2834608263808378,1.059678963595045,36.59478086320661,-87.25291537754502,Montgomery,0.79,36.5949,-87.2533,0.036804079901321056
2024-05-11 00:18:00,708931360,0.2946246285178234,0.05908940092110515,0.5301598561145416,36.59478086320661,-87.25291537754502,Montgomery,-0.41,36.5949,-87.2533,0.036804079901321056
2024-05-11 00:19:00,708931360,-0.32886194494228466,-0.5378024971728891,-0.1199213927116802,36.59478086320661,-87.25291537754502,Montgomery,0.01,36.5949,-87.2533,0.036804079901321056
2024-05-11 00:20:00,708931360,-1.2220442710318287,-1.8827599097064973,-0.5613286323571599,36.59478086320661,-87.25291537754502,Montgomery,2.41,36.5949,-87.2533,0.036804079901321056
2024-05-11 00:21:00,708931360,-0.843380881373054,-1.3178071374380083,-0.36895462530809986,36.59478086320661,-87.25291537754502,Montgomery,1.79,36.5949,-87.2533,0.036804079901321056
2024-05-11 00:22:00,708931360,0.04745328268160521,-0.16448982325316472,0.25939638861637515,36.59478086320661,-87.25291537754502,Montgomery,0.23,36.5949,-87.2533,0.036804079901321056
2024-05-11 00:23:00,708931360,0.09445293566259033,-0.11788205768530399,0.3067879290104847,36.59478086320661,-87.25291537754502,Montgomery,0.2,36.5949,-87.2533,0.036804079901321056
2024-05-11 00:24:00,708931360,0.2781134484053349,-0.23508956452635044,0.7913164613370203,36.59478086320661,-87.25291537754502,Montgomery,0.73,36.5949,-87.2533,0.036804079901321056
2024-05-11 00:25:00,708931360,0.17095988093185902,-0.21246724263814984,0.5543870045018678,36.59478086320661,-87.25291537754502,Montgomery,0.58,36.5949,-87.2533,0.036804079901321056
2024-05-11 00:26:00,708931360,0.020437227938454816,-0.1807801073379649,0.22165456321487453,36.59478086320661,-87.25291537754502,Montgomery,-1.06,36.5949,-87.2533,0.036804079901321056
2024-05-11 00:27:00,708931360,0.18387287733262347,-0.03372830624382134,0.4014740609090683,36.59478086320661,-87.25291537754502,Montgomery,0.84,36.5949,-87.2533,0.036804079901321056
2024-05-11 00:28:00,708931360,0.2262481002850419,-0.0960977857136478,0.5485939862837316,36.59478086320661,-87.25291537754502,Montgomery,-0.34,36.5949,-87.2533,0.036804079901321056
2024-05-11 00:29:00,708931360,-0.49082347204445403,-0.9804161594235558,-0.0012307846653523136,36.59478086320661,-87.25291537754502,Montgomery,1.34,36.5949,-87.2533,0.036804079901321056
2024-05-11 00:30:00,708931360,-1.0873953365090736,-1.8593109698076273,-0.3154797032105199,36.59478086320661,-87.25291537754502,Montgomery,0.68,36.5949,-87.2533,0.036804079901321056
2024-05-11 00:31:00,708931360,-1.9328812510942233,-2.999505696630149,-0.8662568055582973,36.59478086320661,-87.25291537754502,Montgomery,1.78,36.5949,-87.2533,0.036804079901321056
2024-05-11 00:32:00,708931360,-2.311674946687566,-3.5361666099235993,-1.0871832834515327,36.59478086320661,-87.25291537754502,Montgomery,2.79,36.5949,-87.2533,0.036804079901321056
2024-05-11 00:33:00,708931360,-1.4062830932755817,-2.188433384175644,-0.6241328023755192,36.59478086320661,-87.25291537754502,Montgomery,1.32,36.5949,-87.2533,0.036804079901321056
2024-05-11 00:34:00,708931360,-0.14327116184961283,-0.2642470064150458,-0.02229531728417987,36.59478086320661,-87.25291537754502,Montgomery,1.7,36.5949,-87.2533,0.036804079901321056
2024-05-11 00:35:00,708931360,0.15600515666150008,0.022176696025302395,0.28983361729769774,36.59478086320661,-87.25291537754502,Montgomery,-2.27,36.5949,-87.2533,0.036804079901321056
2024-05-11 00:36:00,708931360,3.167154589009688,1.5153541796731351,4.818954998346241,36.59478086320661,-87.25291537754502,Montgomery,-4.24,36.5949,-87.2533,0.036804079901321056
2024-05-11 00:37:00,708931360,2.4573493862972784,1.1799945120650086,3.734704260529548,36.59478086320661,-87.25291537754502,Montgomery,-8.05,36.5949,-87.2533,0.036804079901321056
2024-05-11 00:38:00,708931360,1.423218682816224,0.6764117528480412,2.170025612784407,36.59478086320661,-87.25291537754502,Montgomery,-5.66,36.5949,-87.2533,0.036804079901321056
2024-05-11 00:39:00,708931360,1.8376260589852573,0.8870014314827052,2.7882506864878094,36.59478086320661,-87.25291537754502,Montgomery,-6.64,36.5949,-87.2533,0.036804079901321056
2024-05-11 00:40:00,708931360,2.015087523990145,0.977899585189222,3.0522754627910675,36.59478086320661,-87.25291537754502,Montgomery,-6.32,36.5949,-87.2533,0.036804079901321056
2024-05-11 00:41:00,708931360,0.8200713454799395,0.40745675720271457,1.2326859337571645,36.59478086320661,-87.25291537754502,Montgomery,-3.98,36.5949,-87.2533,0.036804079901321056
2024-05-11 00:42:00,708931360,0.04322800345844394,-0.019840650238821464,0.10629665715570934,36.59478086320661,-87.25291537754502,Montgomery,-1.8,36.5949,-87.2533,0.036804079901321056
2024-05-11 00:43:00,708931360,-0.028803206737440565,-0.09687978560344322,0.03927337212856209,36.59478086320661,-87.25291537754502,Montgomery,0.2,36.5949,-87.2533,0.036804079901321056
2024-05-11 00:44:00,708931360,-0.42473173111835894,-0.6904253953103117,-0.1590380669264062,36.59478086320661,-87.25291537754502,Montgomery,-1.51,36.5949,-87.2533,0.036804079901321056
2024-05-11 00:45:00,708931360,-1.3396561548812898,-2.0571904162724257,-0.6221218934901538,36.59478086320661,-87.25291537754502,Montgomery,3.15,36.5949,-87.2533,0.036804079901321056
2024-05-11 00:46:00,708931360,-2.0045821991443336,-3.0713444209238627,-0.9378199773648044,36.59478086320661,-87.25291537754502,Montgomery,4.03,36.5949,-87.2533,0.036804079901321056
2024-05-11 00:47:00,708931360,-1.764500367396831,-2.7155707061570835,-0.8134300286365781,36.59478086320661,-87.25291537754502,Montgomery,1.73,36.5949,-87.2533,0.036804079901321056
2024-05-11 00:48:00,708931360,-1.4369786806231863,-2.2381153229205006,-0.6358420383258723,36.59478086320661,-87.25291537754502,Montgomery,1.62,36.5949,-87.2533,0.036804079901321056
2024-05-11 00:49:00,708931360,-1.076190898835631,-1.6511874515106186,-0.5011943461606434,36.59478086320661,-87.25291537754502,Montgomery,4.67,36.5949,-87.2533,0.036804079901321056
2024-05-11 00:50:00,708931360,-1.0311833499690966,-1.5760581171893775,-0.4863085827488156,36.59478086320661,-87.25291537754502,Montgomery,6.29,36.5949,-87.2533,0.036804079901321056
2024-05-11 00:51:00,708931360,-1.0506560863783456,-1.6090905971715035,-0.49222157558518775,36.59478086320661,-87.25291537754502,Montgomery,6.25,36.5949,-87.2533,0.036804079901321056
2024-05-11 00:52:00,708931360,0.4063784118349615,0.1946269939515302,0.6181298297183928,36.59478086320661,-87.25291537754502,Montgomery,2.35,36.5949,-87.2533,0.036804079901321056
2024-05-11 00:53:00,708931360,0.28415419244298473,0.1386883321961253,0.42962005268984416,36.59478086320661,-87.25291537754502,Montgomery,3.88,36.5949,-87.2533,0.036804079901321056
2024-05-11 00:54:00,708931360,-0.7049342549002185,-1.1019295153198077,-0.3079389944806295,36.59478086320661,-87.25291537754502,Montgomery,1.25,36.5949,-87.2533,0.036804079901321056
2024-05-11 00:55:00,708931360,-0.05723554423338486,-0.1733928854313559,0.05892179696458618,36.59478086320661,-87.25291537754502,Montgomery,-0.94,36.5949,-87.2533,0.036804079901321056
2024-05-11 00:56:00,708931360,0.5291136145591152,0.25262387885828214,0.8056033502599482,36.59478086320661,-87.25291537754502,Montgomery,-0.13,36.5949,-87.2533,0.036804079901321056
2024-05-11 00:57:00,708931360,0.5506441253622559,0.267932302212624,0.8333559485118879,36.59478086320661,-87.25291537754502,Montgomery,-1.52,36.5949,-87.2533,0.036804079901321056
2024-05-11 00:58:00,708931360,-0.2367538622438086,-0.372276123051577,-0.10123160143604018,36.59478086320661,-87.25291537754502,Montgomery,-0.22,36.5949,-87.2533,0.036804079901321056
2024-05-11 00:59:00,708931360,-0.8860558075445207,-1.3735220308034948,-0.39858958428554675,36.59478086320661,-87.25291537754502,Montgomery,-0.72,36.5949,-87.2533,0.036804079901321056
2024-05-11 01:00:00,708931360,-0.6858117782550498,-1.0753166957421099,-0.2963068607679897,36.59478086320661,-87.25291537754502,Montgomery,-0.66,36.5949,-87.2533,0.036804079901321056
2024-05-11 01:01:00,708931360,0.3889583142735134,0.18352517855927417,0.5943914499877526,36.59478086320661,-87.25291537754502,Montgomery,-1.47,36.5949,-87.2533,0.036804079901321056
2024-05-11 01:02:00,708931360,1.4810666759267337,0.7005079410301571,2.26162541082331,36.59478086320661,-87.25291537754502,Montgomery,-2.0,36.5949,-87.2533,0.036804079901321056
2024-05-11 01:03:00,708931360,1.33519498487575,0.6280882463441085,2.0423017234073915,36.59478086320661,-87.25291537754502,Montgomery,-1.44,36.5949,-87.2533,0.036804079901321056
2024-05-11 01:04:00,708931360,0.5030898707557031,0.23037899385261157,0.7758007476587947,36.59478086320661,-87.25291537754502,Montgomery,-2.38,36.5949,-87.2533,0.036804079901321056
2024-05-11 01:05:00,708931360,0.20762953335853448,0.10362855218796582,0.3116305145291032,36.59478086320661,-87.25291537754502,Montgomery,-1.27,36.5949,-87.2533,0.036804079901321056
2024-05-11 01:06:00,708931360,-0.7965126773333737,-1.2204045354537254,-0.37262081921302204,36.59478086320661,-87.25291537754502,Montgomery,-1.49,36.5949,-87.2533,0.036804079901321056
2024-05-11 01:07:00,708931360,-1.6756894431872886,-2.560525122951204,-0.7908537634233733,36.59478086320661,-87.25291537754502,Montgomery,0.47,36.5949,-87.2533,0.036804079901321056
2024-05-11 01:08:00,708931360,-1.3224055432477606,-2.022138941007525,-0.6226721454879965,36.59478086320661,-87.25291537754502,Montgomery,-1.41,36.5949,-87.2533,0.036804079901321056
2024-05-11 01:09:00,708931360,0.2847244843940821,0.1354635568630431,0.4339854119251211,36.59478086320661,-87.25291537754502,Montgomery,-0.23,36.5949,-87.2533,0.036804079901321056
2024-05-11 01:10:00,708931360,0.6514279224802909,0.3097641650586889,0.993091679901893,36.59478086320661,-87.25291537754502,Montgomery,-0.17,36.5949,-87.2533,0.036804079901321056
2024-05-11 01:11:00,708931360,0.7316650250485461,0.3388892782840769,1.1244407718130154,36.59478086320661,-87.25291537754502,Montgomery,-0.17,36.5949,-87.2533,0.036804079901321056
2024-05-11 01:12:00,708931360,0.2385007794983268,0.08782780303220694,0.38917375596444664,36.59478086320661,-87.25291537754502,Montgomery,-0.15,36.5949,-87.2533,0.036804079901321056
2024-05-11 01:13:00,708931360,0.4744879784398621,0.23052874103340137,0.7184472158463229,36.59478086320661,-87.25291537754502,Montgomery,-0.72,36.5949,-87.2533,0.036804079901321056
2024-05-11 01:14:00,708931360,0.861831408687272,0.4179468861559798,1.3057159312185642,36.59478086320661,-87.25291537754502,Montgomery,-1.63,36.5949,-87.2533,0.036804079901321056
2024-05-11 01:15:00,708931360,1.0900562443259292,0.5227205725450407,1.6573919161068176,36.59478086320661,-87.25291537754502,Montgomery,-2.08,36.5949,-87.2533,0.036804079901321056
2024-05-11 01:16:00,708931360,0.5726432815978402,0.2735307438280788,0.8717558193676016,36.59478086320661,-87.25291537754502,Montgomery,-2.77,36.5949,-87.2533,0.036804079901321056
2024-05-11 01:17:00,708931360,0.77512475450927,0.3513108191183386,1.1989386899002015,36.59478086320661,-87.25291537754502,Montgomery,-2.2,36.5949,-87.2533,0.036804079901321056
2024-05-11 01:18:00,708931360,0.3564093890100984,0.06821984011905508,0.6445989379011416,36.59478086320661,-87.25291537754502,Montgomery,-2.6,36.5949,-87.2533,0.036804079901321056
2024-05-11 01:19:00,708931360,0.6931186074713119,0.324299348504216,1.0619378664384078,36.59478086320661,-87.25291537754502,Montgomery,-3.23,36.5949,-87.2533,0.036804079901321056
2024-05-11 01:20:00,708931360,0.37317257416597976,0.11726043020601334,0.6290847181259462,36.59478086320661,-87.25291537754502,Montgomery,-3.76,36.5949,-87.2533,0.036804079901321056
2024-05-11 01:21:00,708931360,0.5550446074413962,0.24716613994139142,0.862923074941401,36.59478086320661,-87.25291537754502,Montgomery,-3.47,36.5949,-87.2533,0.036804079901321056
2024-05-11 01:22:00,708931360,0.673875753135236,0.3105491639700596,1.0372023423004122,36.59478086320661,-87.25291537754502,Montgomery,-3.79,36.5949,-87.2533,0.036804079901321056
2024-05-11 01:23:00,708931360,0.8326076098944161,0.4079217907911772,1.257293428997655,36.59478086320661,-87.25291537754502,Montgomery,-3.85,36.5949,-87.2533,0.036804079901321056
2024-05-11 01:24:00,708931360,1.337042018910755,0.6441203066941209,2.0299637311273893,36.59478086320661,-87.25291537754502,Montgomery,-4.66,36.5949,-87.2533,0.036804079901321056
2024-05-11 01:25:00,708931360,1.3243276763230067,0.631377318434351,2.0172780342116625,36.59478086320661,-87.25291537754502,Montgomery,-3.39,36.5949,-87.2533,0.036804079901321056
2024-05-11 01:26:00,708931360,1.1786574000013246,0.5696548890392146,1.7876599109634346,36.59478086320661,-87.25291537754502,Montgomery,-3.4,36.5949,-87.2533,0.036804079901321056
2024-05-11 01:27:00,708931360,0.7592868185920155,0.32895217533417576,1.1896214618498553,36.59478086320661,-87.25291537754502,Montgomery,-2.13,36.5949,-87.2533,0.036804079901321056
2024-05-11 01:28:00,708931360,0.7356564132531727,0.2713964617639704,1.199916364742375,36.59478086320661,-87.25291537754502,Montgomery,-1.51,36.5949,-87.2533,0.036804079901321056
2024-05-11 01:29:00,708931360,-0.02266752507773133,-0.2866717551397868,0.24133670498432414,36.59478086320661,-87.25291537754502,Montgomery,0.08,36.5949,-87.2533,0.036804079901321056
2024-05-11 01:30:00,708931360,-0.7283510215169654,-1.139369560579155,-0.3173324824547758,36.59478086320661,-87.25291537754502,Montgomery,-0.64,36.5949,-87.2533,0.036804079901321056
2024-05-11 01:31:00,708931360,-1.556473514093156,-2.3846156647249024,-0.7283313634614096,36.59478086320661,-87.25291537754502,Montgomery,-0.79,36.5949,-87.2533,0.036804079901321056
2024-05-11 01:32:00,708931360,-0.18863356340283244,-0.4013899675059974,0.024122840700332576,36.59478086320661,-87.25291537754502,Montgomery,-4.04,36.5949,-87.2533,0.036804079901321056
2024-05-11 01:33:00,708931360,-0.6015398217062291,-0.9486402384255717,-0.25443940498688655,36.59478086320661,-87.25291537754502,Montgomery,-2.92,36.5949,-87.2533,0.036804079901321056
2024-05-11 01:34:00,708931360,-1.2886037968593955,-1.9719009204216353,-0.6053066732971557,36.59478086320661,-87.25291537754502,Montgomery,0.3,36.5949,-87.2533,0.036804079901321056
2024-05-11 01:35:00,708931360,-1.7511548801350938,-2.670722342709628,-0.8315874175605596,36.59478086320661,-87.25291537754502,Montgomery,0.97,36.5949,-87.2533,0.036804079901321056
2024-05-11 01:36:00,708931360,-0.9568251437953391,-1.4636299286881376,-0.45002035890254055,36.59478086320661,-87.25291537754502,Montgomery,0.74,36.5949,-87.2533,0.036804079901321056
2024-05-11 01:37:00,708931360,-0.46375029522547484,-0.7477627415107574,-0.1797378489401923,36.59478086320661,-87.25291537754502,Montgomery,1.08,36.5949,-87.2533,0.036804079901321056
2024-05-11 01:38:00,708931360,-0.8134300906705976,-1.2527324235059727,-0.3741277578352225,36.59478086320661,-87.25291537754502,Montgomery,2.33,36.5949,-87.2533,0.036804079901321056
2024-05-11 01:39:00,708931360,-0.904903388136349,-1.4121764729219042,-0.39763030335079375,36.59478086320661,-87.25291537754502,Montgomery,-0.45,36.5949,-87.2533,0.036804079901321056
2024-05-11 01:40:00,708931360,-0.8093263170166048,-1.237624677977019,-0.3810279560561906,36.59478086320661,-87.25291537754502,Montgomery,4.24,36.5949,-87.2533,0.036804079901321056
2024-05-11 01:41:00,708931360,-0.10920087134560108,-0.2213986765553595,0.0029969338641573223,36.59478086320661,-87.25291537754502,Montgomery,3.02,36.5949,-87.2533,0.036804079901321056
2024-05-11 01:42:00,708931360,0.4518600767075707,0.20717869022998672,0.6965414631851548,36.59478086320661,-87.25291537754502,Montgomery,1.72,36.5949,-87.2533,0.036804079901321056
2024-05-11 01:43:00,708931360,0.7549318390242513,0.3387960324535835,1.1710676455949192,36.59478086320661,-87.25291537754502,Montgomery,2.41,36.5949,-87.2533,0.036804079901321056
2024-05-11 01:44:00,708931360,1.3767232341285711,0.6458257729582222,2.10762069529892,36.59478086320661,-87.25291537754502,Montgomery,1.01,36.5949,-87.2533,0.036804079901321056
2024-05-11 01:45:00,708931360,1.0890648107786656,0.5143697398884429,1.6637598816688883,36.59478086320661,-87.25291537754502,Montgomery,0.65,36.5949,-87.2533,0.036804079901321056
2024-05-11 01:46:00,708931360,1.3997939883254338,0.6664508649730696,2.133137111677798,36.59478086320661,-87.25291537754502,Montgomery,2.07,36.5949,-87.2533,0.036804079901321056
2024-05-11 01:47:00,708931360,1.4642147989578913,0.6963675015480896,2.232062096367693,36.59478086320661,-87.25291537754502,Montgomery,2.7,36.5949,-87.2533,0.036804079901321056
2024-05-11 01:48:00,708931360,0.6524870964146469,0.30859089306509674,0.996383299764197,36.59478086320661,-87.25291537754502,Montgomery,3.25,36.5949,-87.2533,0.036804079901321056
2024-05-11 01:49:00,708931360,0.30407951644520836,0.14655843545071515,0.4616005974397016,36.59478086320661,-87.25291537754502,Montgomery,6.78,36.5949,-87.2533,0.036804079901321056
2024-05-11 01:50:00,708931360,0.47237847074527844,0.2253779579454297,0.7193789835451272,36.59478086320661,-87.25291537754502,Montgomery,3.3,36.5949,-87.2533,0.036804079901321056
2024-05-11 01:51:00,708931360,-0.08013532404892292,-0.1571676592019613,-0.003102988895884534,36.59478086320661,-87.25291537754502,Montgomery,1.96,36.5949,-87.2533,0.036804079901321056
2024-05-11 01:52:00,708931360,-0.20163642971561685,-0.33277505502923627,-0.07049780440199743,36.59478086320661,-87.25291537754502,Montgomery,1.92,36.5949,-87.2533,0.036804079901321056
2024-05-11 01:53:00,708931360,0.06434712249816735,-0.008436593306003465,0.13713083830233816,36.59478086320661,-87.25291537754502,Montgomery,1.48,36.5949,-87.2533,0.036804079901321056
2024-05-11 01:54:00,708931360,0.30466780892966017,0.14364753146182394,0.46568808639749637,36.59478086320661,-87.25291537754502,Montgomery,1.74,36.5949,-87.2533,0.036804079901321056
2024-05-11 01:55:00,708931360,0.6122044049142709,0.294270295940386,0.9301385138881557,36.59478086320661,-87.25291537754502,Montgomery,0.87,36.5949,-87.2533,0.036804079901321056
2024-05-11 01:56:00,708931360,1.2692772596631021,0.6077246582443669,1.9308298610818373,36.59478086320661,-87.25291537754502,Montgomery,0.31,36.5949,-87.2533,0.036804079901321056
2024-05-11 01:57:00,708931360,0.6815380370469045,0.3284225248117433,1.0346535492820657,36.59478086320661,-87.25291537754502,Montgomery,2.19,36.5949,-87.2533,0.036804079901321056
2024-05-11 01:58:00,708931360,0.21737932475164262,0.09591178677478358,0.3388468627285017,36.59478086320661,-87.25291537754502,Montgomery,4.67,36.5949,-87.2533,0.036804079901321056
2024-05-11 01:59:00,708931360,-0.5313777843689228,-0.8329378025865549,-0.22981776615129068,36.59478086320661,-87.25291537754502,Montgomery,5.76,36.5949,-87.2533,0.036804079901321056
2024-05-11 02:00:00,708931360,-0.18848086620463914,-0.326734256485347,-0.050227475923931286,36.59478086320661,-87.25291537754502,Montgomery,5.52,36.5949,-87.2533,0.036804079901321056
2024-05-11 02:01:00,708931360,-1.3549519963142342,-2.0713345965022025,-0.6385693961262658,36.59478086320661,-87.25291537754502,Montgomery,4.47,36.5949,-87.2533,0.036804079901321056
2024-05-11 02:02:00,708931360,-0.01192450532892737,-0.09219572369474799,0.06834671303689324,36.59478086320661,-87.25291537754502,Montgomery,0.81,36.5949,-87.2533,0.036804079901321056
2024-05-11 02:03:00,708931360,2.467143860235075,1.1715543702776943,3.7627333501924554,36.59478086320661,-87.25291537754502,Montgomery,-12.58,36.5949,-87.2533,0.036804079901321056
2024-05-11 02:04:00,708931360,3.5580644628179945,1.6971286470352587,5.4190002786007305,36.59478086320661,-87.25291537754502,Montgomery,-10.13,36.5949,-87.2533,0.036804079901321056
2024-05-11 02:05:00,708931360,9.229711185795432,4.410037867826712,14.049384503764152,36.59478086320661,-87.25291537754502,Montgomery,-18.63,36.5949,-87.2533,0.036804079901321056
2024-05-11 02:06:00,708931360,5.301546300731058,2.5151105978151618,8.087982003646953,36.59478086320661,-87.25291537754502,Montgomery,5.63,36.5949,-87.2533,0.036804079901321056
2024-05-11 02:07:00,708931360,0.06366435556382308,-0.09112191982558879,0.21845063095323494,36.59478086320661,-87.25291537754502,Montgomery,-18.92,36.5949,-87.2533,0.036804079901321056
2024-05-11 02:08:00,708931360,0.84201672833756,0.40770747690708237,1.2763259797680377,36.59478086320661,-87.25291537754502,Montgomery,-5.44,36.5949,-87.2533,0.036804079901321056
2024-05-11 02:09:00,708931360,-0.788762781633657,-1.4030326745104391,-0.17449288875687485,36.59478086320661,-87.25291537754502,Montgomery,-7.69,36.5949,-87.2533,0.036804079901321056
2024-05-11 02:10:00,708931360,0.4732281200495551,-0.0002512868973265636,0.9467075269964368,36.59478086320661,-87.25291537754502,Montgomery,0.12,36.5949,-87.2533,0.036804079901321056
2024-05-11 02:11:00,708931360,0.5789589453818286,-0.10883644392113145,1.2667543346847885,36.59478086320661,-87.25291537754502,Montgomery,12.17,36.5949,-87.2533,0.036804079901321056
2024-05-11 02:12:00,708931360,0.44061048415668275,-0.41582354674881,1.2970445150621754,36.59478086320661,-87.25291537754502,Montgomery,16.25,36.5949,-87.2533,0.036804079901321056
2024-05-11 02:13:00,708931360,0.1410118624077305,-0.47790036394882623,0.7599240887642873,36.59478086320661,-87.25291537754502,Montgomery,24.41,36.5949,-87.2533,0.036804079901321056
2024-05-11 02:14:00,708931360,-3.152622579800007,-4.854660512169709,-1.450584647430305,36.59478086320661,-87.25291537754502,Montgomery,6.35,36.5949,-87.2533,0.036804079901321056
2024-05-11 02:15:00,708931360,-2.154079731983275,-3.2861311219048863,-1.022028342061664,36.59478086320661,-87.25291537754502,Montgomery,7.7,36.5949,-87.2533,0.036804079901321056
2024-05-11 02:16:00,708931360,-1.044437042127053,-1.5799266082644772,-0.5089474759896289,36.59478086320661,-87.25291537754502,Montgomery,12.47,36.5949,-87.2533,0.036804079901321056
2024-05-11 02:17:00,708931360,-5.373965214247019,-8.164001693800769,-2.5839287346932704,36.59478086320661,-87.25291537754502,Montgomery,10.62,36.5949,-87.2533,0.036804079901321056
2024-05-11 02:18:00,708931360,-8.979264255491714,-13.66423508052133,-4.294293430462097,36.59478086320661,-87.25291537754502,Montgomery,20.94,36.5949,-87.2533,0.036804079901321056
2024-05-11 02:19:00,708931360,-7.7051397302283675,-11.706825472983205,-3.7034539874735293,36.59478086320661,-87.25291537754502,Montgomery,9.04,36.5949,-87.2533,0.036804079901321056
2024-05-11 02:20:00,708931360,-4.603300706541777,-6.978259167976366,-2.2283422451071884,36.59478086320661,-87.25291537754502,Montgomery,12.95,36.5949,-87.2533,0.036804079901321056
2024-05-11 02:21:00,708931360,-6.697078634025459,-10.163557966305905,-3.2305993017450128,36.59478086320661,-87.25291537754502,Montgomery,14.46,36.5949,-87.2533,0.036804079901321056
2024-05-11 02:22:00,708931360,-4.921549419300598,-7.473991104789128,-2.369107733812069,36.59478086320661,-87.25291537754502,Montgomery,17.46,36.5949,-87.2533,0.036804079901321056
2024-05-11 02:23:00,708931360,-0.33033301869061843,-0.5246468835103006,-0.13601915387093627,36.59478086320661,-87.25291537754502,Montgomery,15.16,36.5949,-87.2533,0.036804079901321056
2024-05-11 02:24:00,708931360,1.3890830116891502,0.6234846037820947,2.154681419596206,36.59478086320661,-87.25291537754502,Montgomery,-1.46,36.5949,-87.2533,0.036804079901321056
2024-05-11 02:25:00,708931360,-0.41991031956497143,-0.6417480441133296,-0.1980725950166132,36.59478086320661,-87.25291537754502,Montgomery,6.32,36.5949,-87.2533,0.036804079901321056
2024-05-11 02:26:00,708931360,-3.4509862177634147,-5.242649813480763,-1.6593226220460668,36.59478086320661,-87.25291537754502,Montgomery,16.04,36.5949,-87.2533,0.036804079901321056
2024-05-11 02:27:00,708931360,-2.291775423510556,-3.4810330630236788,-1.1025177839974332,36.59478086320661,-87.25291537754502,Montgomery,4.37,36.5949,-87.2533,0.036804079901321056
2024-05-11 02:28:00,708931360,-0.38287972976257534,-0.6246774203384339,-0.1410820391867168,36.59478086320661,-87.25291537754502,Montgomery,-4.37,36.5949,-87.2533,0.036804079901321056
2024-05-11 02:29:00,708931360,2.9151912201055907,1.3710556932116957,4.459326746999485,36.59478086320661,-87.25291537754502,Montgomery,-0.73,36.5949,-87.2533,0.036804079901321056
2024-05-11 02:30:00,708931360,2.7528551621432227,1.297288514060625,4.20842181022582,36.59478086320661,-87.25291537754502,Montgomery,-4.43,36.5949,-87.2533,0.036804079901321056
2024-05-11 02:31:00,708931360,1.1350034741838848,0.5210933826682838,1.7489135656994859,36.59478086320661,-87.25291537754502,Montgomery,0.11,36.5949,-87.2533,0.036804079901321056
2024-05-11 02:32:00,708931360,0.8502547113962453,0.3315474052642692,1.3689620175282213,36.59478086320661,-87.25291537754502,Montgomery,1.29,36.5949,-87.2533,0.036804079901321056
2024-05-11 02:33:00,708931360,0.340638895307145,-0.25429368559228993,0.9355714762065799,36.59478086320661,-87.25291537754502,Montgomery,4.07,36.5949,-87.2533,0.036804079901321056
2024-05-11 02:34:00,708931360,3.360765379958583,1.5216240562403158,5.1999067036768505,36.59478086320661,-87.25291537754502,Montgomery,5.14,36.5949,-87.2533,0.036804079901321056
2024-05-11 02:35:00,708931360,2.383229014372691,1.1076423370507735,3.658815691694609,36.59478086320661,-87.25291537754502,Montgomery,-5.7,36.5949,-87.2533,0.036804079901321056
2024-05-11 02:36:00,708931360,1.3018625517116678,0.6278818608458356,1.9758432425774999,36.59478086320661,-87.25291537754502,Montgomery,-2.11,36.5949,-87.2533,0.036804079901321056
2024-05-11 02:37:00,708931360,0.028288205246420495,-0.017570962446331616,0.0741473729391726,36.59478086320661,-87.25291537754502,Montgomery,1.27,36.5949,-87.2533,0.036804079901321056
2024-05-11 02:38:00,708931360,-2.8741120358737637,-4.406876421589137,-1.3413476501583905,36.59478086320661,-87.25291537754502,Montgomery,1.83,36.5949,-87.2533,0.036804079901321056
2024-05-11 02:39:00,708931360,-3.2510264218833886,-4.959884935113776,-1.5421679086530007,36.59478086320661,-87.25291537754502,Montgomery,-13.47,36.5949,-87.2533,0.036804079901321056
2024-05-11 02:40:00,708931360,-1.632286306053113,-2.4878889001854767,-0.7766837119207494,36.59478086320661,-87.25291537754502,Montgomery,-28.65,36.5949,-87.2533,0.036804079901321056
2024-05-11 02:41:00,708931360,4.1970174741139985,1.9855165762400802,6.408518371987917,36.59478086320661,-87.25291537754502,Montgomery,-25.1,36.5949,-87.2533,0.036804079901321056
2024-05-11 02:42:00,708931360,5.8583953435110265,2.7745928927661345,8.942197794255918,36.59478086320661,-87.25291537754502,Montgomery,-12.24,36.5949,-87.2533,0.036804079901321056
2024-05-11 02:43:00,708931360,5.426135706395509,2.5862838609533783,8.26598755183764,36.59478086320661,-87.25291537754502,Montgomery,-7.54,36.5949,-87.2533,0.036804079901321056
2024-05-11 02:44:00,708931360,2.5898832899161186,1.251433635462604,3.9283329443696333,36.59478086320661,-87.25291537754502,Montgomery,-4.83,36.5949,-87.2533,0.036804079901321056
2024-05-11 02:45:00,708931360,0.6521191129187837,0.31099750128044235,0.993240724557125,36.59478086320661,-87.25291537754502,Montgomery,-3.47,36.5949,-87.2533,0.036804079901321056
2024-05-11 02:46:00,708931360,-3.800176005147603,-5.806994585849639,-1.7933574244455666,36.59478086320661,-87.25291537754502,Montgomery,8.41,36.5949,-87.2533,0.036804079901321056
2024-05-11 02:47:00,708931360,-6.340578830191739,-9.664455978955854,-3.016701681427624,36.59478086320661,-87.25291537754502,Montgomery,2.0,36.5949,-87.2533,0.036804079901321056
2024-05-11 02:48:00,708931360,-4.132324507924492,-6.297296602330811,-1.9673524135181735,36.59478086320661,-87.25291537754502,Montgomery,-6.54,36.5949,-87.2533,0.036804079901321056
2024-05-11 02:49:00,708931360,-0.6300310184589014,-1.341142121575547,0.08108008465774408,36.59478086320661,-87.25291537754502,Montgomery,-21.66,36.5949,-87.2533,0.036804079901321056
2024-05-11 02:50:00,708931360,-0.38383893572929884,-0.7902225133180516,0.022544641859453984,36.59478086320661,-87.25291537754502,Montgomery,-29.7,36.5949,-87.2533,0.036804079901321056
2024-05-11 02:51:00,708931360,1.2634448439214276,0.5174533959737959,2.0094362918690596,36.59478086320661,-87.25291537754502,Montgomery,-32.01,36.5949,-87.2533,0.036804079901321056
2024-05-11 02:52:00,708931360,0.7182589445151109,0.3170824399255198,1.1194354491047018,36.59478086320661,-87.25291537754502,Montgomery,-16.59,36.5949,-87.2533,0.036804079901321056
2024-05-11 02:53:00,708931360,-1.0324139975619393,-1.6052059947522967,-0.45962200037158185,36.59478086320661,-87.25291537754502,Montgomery,-8.48,36.5949,-87.2533,0.036804079901321056
2024-05-11 02:54:00,708931360,-1.0225841605937795,-1.5940883992026038,-0.4510799219849553,36.59478086320661,-87.25291537754502,Montgomery,0.29,36.5949,-87.2533,0.036804079901321056
2024-05-11 02:55:00,708931360,-0.5150820247334122,-0.807689668090877,-0.22247438137594744,36.59478086320661,-87.25291537754502,Montgomery,-1.86,36.5949,-87.2533,0.036804079901321056
2024-05-11 02:56:00,708931360,0.9915247406993752,0.3906548737199004,1.59239460767885,36.59478086320661,-87.25291537754502,Montgomery,-2.06,36.5949,-87.2533,0.036804079901321056
2024-05-11 02:57:00,708931360,1.9787306851219564,0.9001999130035268,3.057261457240386,36.59478086320661,-87.25291537754502,Montgomery,1.04,36.5949,-87.2533,0.036804079901321056
2024-05-11 02:58:00,708931360,1.303843108502994,0.5975525532125806,2.0101336637934075,36.59478086320661,-87.25291537754502,Montgomery,-1.28,36.5949,-87.2533,0.036804079901321056
2024-05-11 02:59:00,708931360,2.0437983760988354,0.9558336606202633,3.1317630915774073,36.59478086320661,-87.25291537754502,Montgomery,-2.2,36.5949,-87.2533,0.036804079901321056
2024-05-11 03:00:00,708931360,1.3894411947480159,0.6637238195079715,2.1151585699880604,36.59478086320661,-87.25291537754502,Montgomery,-1.89,36.5949,-87.2533,0.036804079901321056
2024-05-11 03:01:00,708931360,1.518905113636893,0.7271966913985731,2.3106135358752127,36.59478086320661,-87.25291537754502,Montgomery,-6.03,36.5949,-87.2533,0.036804079901321056
2024-05-11 03:02:00,708931360,0.6136920629501025,0.23062424674653764,0.9967598791536674,36.59478086320661,-87.25291537754502,Montgomery,-3.09,36.5949,-87.2533,0.036804079901321056
2024-05-11 03:03:00,708931360,0.7779867194831035,0.2962493113044531,1.259724127661754,36.59478086320661,-87.25291537754502,Montgomery,-5.07,36.5949,-87.2533,0.036804079901321056
2024-05-11 03:04:00,708931360,-1.640886248315785,-2.539250962892883,-0.7425215337386866,36.59478086320661,-87.25291537754502,Montgomery,-3.43,36.5949,-87.2533,0.036804079901321056
2024-05-11 03:05:00,708931360,-2.1041260489115587,-3.2361897681315335,-0.972062329691584,36.59478086320661,-87.25291537754502,Montgomery,-0.45,36.5949,-87.2533,0.036804079901321056
2024-05-11 03:06:00,708931360,-1.6475503247483332,-2.508251842742275,-0.7868488067543913,36.59478086320661,-87.25291537754502,Montgomery,0.95,36.5949,-87.2533,0.036804079901321056
2024-05-11 03:07:00,708931360,-0.41636628759070826,-0.6324498228541354,-0.20028275232728113,36.59478086320661,-87.25291537754502,Montgomery,4.91,36.5949,-87.2533,0.036804079901321056
2024-05-11 03:08:00,708931360,-1.0054455158489763,-1.528866556449488,-0.4820244752484647,36.59478086320661,-87.25291537754502,Montgomery,2.8,36.5949,-87.2533,0.036804079901321056
2024-05-11 03:09:00,708931360,-2.5680049139175347,-3.9079778234618274,-1.228032004373242,36.59478086320661,-87.25291537754502,Montgomery,4.7,36.5949,-87.2533,0.036804079901321056
2024-05-11 03:10:00,708931360,-0.4622848602052647,-0.7082309307830044,-0.21633878962752512,36.59478086320661,-87.25291537754502,Montgomery,6.46,36.5949,-87.2533,0.036804079901321056
2024-05-11 03:11:00,708931360,2.732448335624951,1.2891520224153743,4.175744648834528,36.59478086320661,-87.25291537754502,Montgomery,7.38,36.5949,-87.2533,0.036804079901321056
2024-05-11 03:12:00,708931360,4.695199172201574,2.2210130014973775,7.16938534290577,36.59478086320661,-87.25291537754502,Montgomery,4.2,36.5949,-87.2533,0.036804079901321056
2024-05-11 03:13:00,708931360,3.611038459637634,1.661919780777378,5.56015713849789,36.59478086320661,-87.25291537754502,Montgomery,-0.74,36.5949,-87.2533,0.036804079901321056
2024-05-11 03:14:00,708931360,1.6403111059377367,0.7032588173237837,2.5773633945516896,36.59478086320661,-87.25291537754502,Montgomery,-6.92,36.5949,-87.2533,0.036804079901321056
2024-05-11 03:15:00,708931360,0.8897898984293368,0.29765192327041035,1.4819278735882633,36.59478086320661,-87.25291537754502,Montgomery,-6.11,36.5949,-87.2533,0.036804079901321056
2024-05-11 03:16:00,708931360,-0.18172885378834208,-0.5000835295323025,0.1366258219556183,36.59478086320661,-87.25291537754502,Montgomery,-10.55,36.5949,-87.2533,0.036804079901321056
2024-05-11 03:17:00,708931360,0.34191980899222907,0.14685386506365133,0.5369857529208069,36.59478086320661,-87.25291537754502,Montgomery,-12.63,36.5949,-87.2533,0.036804079901321056
2024-05-11 03:18:00,708931360,-0.881334778131511,-1.3610375553449032,-0.40163200091811874,36.59478086320661,-87.25291537754502,Montgomery,-9.73,36.5949,-87.2533,0.036804079901321056
2024-05-11 03:19:00,708931360,-0.8764031874646145,-1.4249734765467421,-0.3278328983824871,36.59478086320661,-87.25291537754502,Montgomery,-7.18,36.5949,-87.2533,0.036804079901321056
2024-05-11 03:20:00,708931360,-2.332016707064215,-3.64310558157663,-1.0209278325518005,36.59478086320661,-87.25291537754502,Montgomery,0.64,36.5949,-87.2533,0.036804079901321056
2024-05-11 03:21:00,708931360,-1.770138365643701,-2.8178514699106865,-0.7224252613767157,36.59478086320661,-87.25291537754502,Montgomery,6.13,36.5949,-87.2533,0.036804079901321056
2024-05-11 03:22:00,708931360,-1.2028170783606063,-1.994358207043907,-0.4112759496773055,36.59478086320661,-87.25291537754502,Montgomery,10.49,36.5949,-87.2533,0.036804079901321056
2024-05-11 03:23:00,708931360,0.17128949083632133,-0.15919832369799913,0.5017773053706418,36.59478086320661,-87.25291537754502,Montgomery,16.42,36.5949,-87.2533,0.036804079901321056
2024-05-11 03:24:00,708931360,0.0899573260596645,-0.0949299772748188,0.2748446293941478,36.59478086320661,-87.25291537754502,Montgomery,17.16,36.5949,-87.2533,0.036804079901321056
2024-05-11 03:25:00,708931360,0.3964846049139876,0.16165656701580708,0.6313126428121681,36.59478086320661,-87.25291537754502,Montgomery,17.63,36.5949,-87.2533,0.036804079901321056
2024-05-11 03:26:00,708931360,0.37071295068505916,0.11668758597924672,0.6247383153908717,36.59478086320661,-87.25291537754502,Montgomery,15.92,36.5949,-87.2533,0.036804079901321056
2024-05-11 03:27:00,708931360,0.26219462948083355,0.04229352647016224,0.48209573249150484,36.59478086320661,-87.25291537754502,Montgomery,12.84,36.5949,-87.2533,0.036804079901321056
2024-05-11 03:28:00,708931360,-0.18461046678485013,-0.32512418214758965,-0.04409675142211064,36.59478086320661,-87.25291537754502,Montgomery,8.35,36.5949,-87.2533,0.036804079901321056
2024-05-11 03:29:00,708931360,0.07007589715781787,-0.07543731408607271,0.21558910840170845,36.59478086320661,-87.25291537754502,Montgomery,4.34,36.5949,-87.2533,0.036804079901321056
2024-05-11 03:30:00,708931360,0.18191936827978974,0.0461367442031439,0.3177019923564356,36.59478086320661,-87.25291537754502,Montgomery,0.03,36.5949,-87.2533,0.036804079901321056
2024-05-11 03:31:00,708931360,0.6441353371618945,0.2842386685267163,1.0040320057970726,36.59478086320661,-87.25291537754502,Montgomery,-1.19,36.5949,-87.2533,0.036804079901321056
2024-05-11 03:32:00,708931360,0.6936896395750511,0.3178669499198273,1.069512329230275,36.59478086320661,-87.25291537754502,Montgomery,-3.35,36.5949,-87.2533,0.036804079901321056
2024-05-11 03:33:00,708931360,0.7407265053245059,0.3402554309261022,1.1411975797229097,36.59478086320661,-87.25291537754502,Montgomery,-3.17,36.5949,-87.2533,0.036804079901321056
2024-05-11 03:34:00,708931360,0.7587056225912651,0.35857632957872243,1.1588349156038076,36.59478086320661,-87.25291537754502,Montgomery,-4.12,36.5949,-87.2533,0.036804079901321056
2024-05-11 03:35:00,708931360,0.6115942769937736,0.2900768945509626,0.9331116594365845,36.59478086320661,-87.25291537754502,Montgomery,-4.38,36.5949,-87.2533,0.036804079901321056
2024-05-11 03:36:00,708931360,0.10018407780604721,0.026468054715801312,0.1739001008962931,36.59478086320661,-87.25291537754502,Montgomery,-4.92,36.5949,-87.2533,0.036804079901321056
2024-05-11 03:37:00,708931360,0.49670534559938695,0.23215656742649904,0.7612541237722749,36.59478086320661,-87.25291537754502,Montgomery,-3.8,36.5949,-87.2533,0.036804079901321056
2024-05-11 03:38:00,708931360,0.3664165571568893,0.1662807000237493,0.5665524142900293,36.59478086320661,-87.25291537754502,Montgomery,-2.52,36.5949,-87.2533,0.036804079901321056
2024-05-11 03:39:00,708931360,0.052619058938538625,-0.00034698878776914105,0.10558510666484638,36.59478086320661,-87.25291537754502,Montgomery,-2.2,36.5949,-87.2533,0.036804079901321056
2024-05-11 03:40:00,708931360,-0.006316110645932491,-0.039380487284296106,0.02674826599243112,36.59478086320661,-87.25291537754502,Montgomery,-2.46,36.5949,-87.2533,0.036804079901321056
2024-05-11 03:41:00,708931360,0.5799171194305205,0.2728099902876974,0.8870242485733435,36.59478086320661,-87.25291537754502,Montgomery,-2.73,36.5949,-87.2533,0.036804079901321056
2024-05-11 03:42:00,708931360,1.175991058382871,0.5588996812044795,1.7930824355612625,36.59478086320661,-87.25291537754502,Montgomery,-3.82,36.5949,-87.2533,0.036804079901321056
2024-05-11 03:43:00,708931360,1.539284015073497,0.7322347046225196,2.3463333255244745,36.59478086320661,-87.25291537754502,Montgomery,-5.04,36.5949,-87.2533,0.036804079901321056
2024-05-11 03:44:00,708931360,1.2850687570139336,0.6112177409837162,1.9589197730441512,36.59478086320661,-87.25291537754502,Montgomery,-6.34,36.5949,-87.2533,0.036804079901321056
2024-05-11 03:45:00,708931360,1.5535025294557363,0.7407554412051652,2.3662496177063073,36.59478086320661,-87.25291537754502,Montgomery,-7.68,36.5949,-87.2533,0.036804079901321056
2024-05-11 03:46:00,708931360,1.3655676456322348,0.6518937495852154,2.079241541679254,36.59478086320661,-87.25291537754502,Montgomery,-8.4,36.5949,-87.2533,0.036804079901321056
2024-05-11 03:47:00,708931360,0.8908774173027254,0.4271089271427356,1.3546459074627153,36.59478086320661,-87.25291537754502,Montgomery,-8.26,36.5949,-87.2533,0.036804079901321056
2024-05-11 03:48:00,708931360,0.593021126200543,0.2849658624932978,0.9010763899077883,36.59478086320661,-87.25291537754502,Montgomery,-7.44,36.5949,-87.2533,0.036804079901321056
2024-05-11 03:49:00,708931360,0.7213695843299655,0.34553526853677463,1.0972039001231564,36.59478086320661,-87.25291537754502,Montgomery,-5.91,36.5949,-87.2533,0.036804079901321056
2024-05-11 03:50:00,708931360,0.7585219509555622,0.3613383208105675,1.1557055811005568,36.59478086320661,-87.25291537754502,Montgomery,-4.03,36.5949,-87.2533,0.036804079901321056
2024-05-11 03:51:00,708931360,0.9853276210483717,0.47032684457291407,1.5003283975238293,36.59478086320661,-87.25291537754502,Montgomery,-2.47,36.5949,-87.2533,0.036804079901321056
2024-05-11 03:52:00,708931360,0.8832409251190986,0.42077011607381787,1.3457117341643792,36.59478086320661,-87.25291537754502,Montgomery,-1.71,36.5949,-87.2533,0.036804079901321056
2024-05-11 03:53:00,708931360,0.6880634512980894,0.3219494392343077,1.0541774633618712,36.59478086320661,-87.25291537754502,Montgomery,-1.64,36.5949,-87.2533,0.036804079901321056
2024-05-11 03:54:00,708931360,0.10368031159190363,0.0010885831859952788,0.206272039997812,36.59478086320661,-87.25291537754502,Montgomery,-0.99,36.5949,-87.2533,0.036804079901321056
2024-05-11 03:55:00,708931360,-0.05369132004964109,-0.15324777119306277,0.04586513109378058,36.59478086320661,-87.25291537754502,Montgomery,-0.98,36.5949,-87.2533,0.036804079901321056
2024-05-11 03:56:00,708931360,-0.22333819737172403,-0.37729095856594264,-0.0693854361775054,36.59478086320661,-87.25291537754502,Montgomery,-1.3,36.5949,-87.2533,0.036804079901321056
2024-05-11 03:57:00,708931360,-0.4129330221934706,-0.6549973384073914,-0.17086870597954984,36.59478086320661,-87.25291537754502,Montgomery,-1.22,36.5949,-87.2533,0.036804079901321056
2024-05-11 03:58:00,708931360,-0.32976780340360257,-0.5130219472129397,-0.14651365959426546,36.59478086320661,-87.25291537754502,Montgomery,-1.36,36.5949,-87.2533,0.036804079901321056
2024-05-11 03:59:00,708931360,-0.20850102155280292,-0.3122294768659538,-0.10477256623965205,36.59478086320661,-87.25291537754502,Montgomery,-1.48,36.5949,-87.2533,0.036804079901321056
2024-05-11 04:00:00,708931360,0.14691709140435277,0.060889580586115544,0.23294460222259,36.59478086320661,-87.25291537754502,Montgomery,-1.53,36.5949,-87.2533,0.036804079901321056
2024-05-11 04:01:00,708931360,0.4553521244873043,0.20892257505207645,0.7017816739225321,36.59478086320661,-87.25291537754502,Montgomery,-1.1,36.5949,-87.2533,0.036804079901321056
2024-05-11 04:02:00,708931360,0.37533175025630117,0.17330721032664495,0.5773562901859574,36.59478086320661,-87.25291537754502,Montgomery,-0.95,36.5949,-87.2533,0.036804079901321056
2024-05-11 04:03:00,708931360,0.26065073178335324,0.11911679881411683,0.4021846647525896,36.59478086320661,-87.25291537754502,Montgomery,-0.25,36.5949,-87.2533,0.036804079901321056
2024-05-11 04:04:00,708931360,-0.1243934115198882,-0.1898470143653384,-0.058939808674437974,36.59478086320661,-87.25291537754502,Montgomery,-0.11,36.5949,-87.2533,0.036804079901321056
2024-05-11 04:05:00,708931360,-0.09001591286512867,-0.14356458070240335,-0.03646724502785397,36.59478086320661,-87.25291537754502,Montgomery,-0.36,36.5949,-87.2533,0.036804079901321056
2024-05-11 04:06:00,708931360,0.2736731296251143,0.11001455126320192,0.4373317079870267,36.59478086320661,-87.25291537754502,Montgomery,-1.43,36.5949,-87.2533,0.036804079901321056
2024-05-11 04:07:00,708931360,0.14610816738340668,0.04629004224323645,0.2459262925235769,36.59478086320661,-87.25291537754502,Montgomery,-2.32,36.5949,-87.2533,0.036804079901321056
2024-05-11 04:08:00,708931360,-0.18148937219238015,-0.27736677784553665,-0.08561196653922366,36.59478086320661,-87.25291537754502,Montgomery,-3.16,36.5949,-87.2533,0.036804079901321056
2024-05-11 04:09:00,708931360,0.1720426014884501,0.07705728932801005,0.26702791364889017,36.59478086320661,-87.25291537754502,Montgomery,-3.69,36.5949,-87.2533,0.036804079901321056
2024-05-11 04:10:00,708931360,-0.012179295406582255,-0.027782181521724934,0.003423590708560423,36.59478086320661,-87.25291537754502,Montgomery,-3.53,36.5949,-87.2533,0.036804079901321056
2024-05-11 04:11:00,708931360,-0.09972853030143469,-0.15539904438167826,-0.04405801622119113,36.59478086320661,-87.25291537754502,Montgomery,-2.06,36.5949,-87.2533,0.036804079901321056
2024-05-11 04:12:00,708931360,-0.057552657555788755,-0.1066380067942338,-0.00846730831734372,36.59478086320661,-87.25291537754502,Montgomery,-0.86,36.5949,-87.2533,0.036804079901321056
2024-05-11 04:13:00,708931360,-0.486747370537996,-0.7423805631202824,-0.2311141779557095,36.59478086320661,-87.25291537754502,Montgomery,0.28,36.5949,-87.2533,0.036804079901321056
2024-05-11 04:14:00,708931360,-0.6416129724099681,-0.9737293654708317,-0.3094965793491045,36.59478086320661,-87.25291537754502,Montgomery,1.14,36.5949,-87.2533,0.036804079901321056
2024-05-11 04:15:00,708931360,-0.8914863055849622,-1.3551374152584421,-0.4278351959114824,36.59478086320661,-87.25291537754502,Montgomery,1.47,36.5949,-87.2533,0.036804079901321056
2024-05-11 04:16:00,708931360,-0.02426323548703627,-0.04251023666495958,-0.00601623430911296,36.59478086320661,-87.25291537754502,Montgomery,1.35,36.5949,-87.2533,0.036804079901321056
2024-05-11 04:17:00,708931360,-0.51830365183182,-0.783823942438998,-0.25278336122464207,36.59478086320661,-87.25291537754502,Montgomery,1.18,36.5949,-87.2533,0.036804079901321056
2024-05-11 04:18:00,708931360,-0.2972944239008574,-0.4528903133759654,-0.14169853442574945,36.59478086320661,-87.25291537754502,Montgomery,-0.08,36.5949,-87.2533,0.036804079901321056
2024-05-11 04:19:00,708931360,0.025936787560544815,0.0034185089151295353,0.048455066205960094,36.59478086320661,-87.25291537754502,Montgomery,1.03,36.5949,-87.2533,0.036804079901321056
2024-05-11 04:20:00,708931360,-0.025488634794885712,-0.04287742092537044,-0.008099848664400985,36.59478086320661,-87.25291537754502,Montgomery,0.74,36.5949,-87.2533,0.036804079901321056
2024-05-11 04:21:00,708931360,0.053618800786690304,0.01895805646991742,0.0882795451034632,36.59478086320661,-87.25291537754502,Montgomery,0.39,36.5949,-87.2533,0.036804079901321056
2024-05-11 04:22:00,708931360,0.1781655496133977,0.06476044522168913,0.2915706540051063,36.59478086320661,-87.25291537754502,Montgomery,0.56,36.5949,-87.2533,0.036804079901321056
2024-05-11 04:23:00,708931360,0.021690392239860898,-0.09285595924578155,0.13623674372550335,36.59478086320661,-87.25291537754502,Montgomery,0.55,36.5949,-87.2533,0.036804079901321056
2024-05-11 04:24:00,708931360,-0.7617598299198506,-1.1677122014384476,-0.3558074584012535,36.59478086320661,-87.25291537754502,Montgomery,-0.52,36.5949,-87.2533,0.036804079901321056
2024-05-11 04:25:00,708931360,-0.4673077537745872,-0.7181115328445552,-0.21650397470461924,36.59478086320661,-87.25291537754502,Montgomery,-0.35,36.5949,-87.2533,0.036804079901321056
2024-05-11 04:26:00,708931360,-0.038434463944819676,-0.12029585160505993,0.04342692371542057,36.59478086320661,-87.25291537754502,Montgomery,-0.29,36.5949,-87.2533,0.036804079901321056
2024-05-11 04:27:00,708931360,0.16563517086276142,0.06657851377101738,0.26469182795450547,36.59478086320661,-87.25291537754502,Montgomery,-0.28,36.5949,-87.2533,0.036804079901321056
2024-05-11 04:28:00,708931360,0.6727752070593879,0.3216343344850431,1.0239160796337328,36.59478086320661,-87.25291537754502,Montgomery,-1.35,36.5949,-87.2533,0.036804079901321056
2024-05-11 04:29:00,708931360,1.2389899360774292,0.5811081019744723,1.896871770180386,36.59478086320661,-87.25291537754502,Montgomery,1.61,36.5949,-87.2533,0.036804079901321056
2024-05-11 04:30:00,708931360,-0.2023923875554523,-0.39717487760974585,-0.007609897501158758,36.59478086320661,-87.25291537754502,Montgomery,1.88,36.5949,-87.2533,0.036804079901321056
2024-05-11 04:31:00,708931360,0.17398413581853,0.06221630059742017,0.28575197103963984,36.59478086320661,-87.25291537754502,Montgomery,0.47,36.5949,-87.2533,0.036804079901321056
2024-05-11 04:32:00,708931360,0.13356728439877524,0.058858940955434494,0.208275627842116,36.59478086320661,-87.25291537754502,Montgomery,-0.55,36.5949,-87.2533,0.036804079901321056
2024-05-11 04:33:00,708931360,-0.4563394073941943,-0.6983872469821291,-0.21429156780625963,36.59478086320661,-87.25291537754502,Montgomery,-0.15,36.5949,-87.2533,0.036804079901321056
2024-05-11 04:34:00,708931360,-0.8327310868319506,-1.2698176212229533,-0.39564455244094787,36.59478086320661,-87.25291537754502,Montgomery,-0.65,36.5949,-87.2533,0.036804079901321056
2024-05-11 04:35:00,708931360,-0.4556064582587381,-0.7082701962155116,-0.20294272030196464,36.59478086320661,-87.25291537754502,Montgomery,-1.26,36.5949,-87.2533,0.036804079901321056
2024-05-11 04:36:00,708931360,-0.6794637904095727,-1.0399480906360647,-0.3189794901830807,36.59478086320661,-87.25291537754502,Montgomery,-1.13,36.5949,-87.2533,0.036804079901321056
2024-05-11 04:37:00,708931360,0.24280169851993932,0.08919868419820978,0.3964047128416689,36.59478086320661,-87.25291537754502,Montgomery,-1.31,36.5949,-87.2533,0.036804079901321056
2024-05-11 04:38:00,708931360,1.4740389925719504,0.6918352189320008,2.2562427662119,36.59478086320661,-87.25291537754502,Montgomery,-1.91,36.5949,-87.2533,0.036804079901321056
2024-05-11 04:39:00,708931360,1.891417243198158,0.8998770859422351,2.8829574004540808,36.59478086320661,-87.25291537754502,Montgomery,-1.72,36.5949,-87.2533,0.036804079901321056
2024-05-11 04:40:00,708931360,1.733687771029098,0.8297784628131326,2.6375970792450634,36.59478086320661,-87.25291537754502,Montgomery,-1.4,36.5949,-87.2533,0.036804079901321056
2024-05-11 04:41:00,708931360,1.5108389855644906,0.726435412912687,2.295242558216294,36.59478086320661,-87.25291537754502,Montgomery,-2.45,36.5949,-87.2533,0.036804079901321056
2024-05-11 04:42:00,708931360,2.4646318610290763,1.1865954014145184,3.7426683206436344,36.59478086320661,-87.25291537754502,Montgomery,-1.04,36.5949,-87.2533,0.036804079901321056
2024-05-11 04:43:00,708931360,0.9105012844127596,0.43341997487638917,1.38758259394913,36.59478086320661,-87.25291537754502,Montgomery,0.32,36.5949,-87.2533,0.036804079901321056
2024-05-11 04:44:00,708931360,-0.20737910062514647,-0.3565261100867466,-0.0582320911635463,36.59478086320661,-87.25291537754502,Montgomery,-0.9,36.5949,-87.2533,0.036804079901321056
2024-05-11 04:45:00,708931360,0.6046818712665548,0.2916991170890514,0.9176646254440582,36.59478086320661,-87.25291537754502,Montgomery,-1.94,36.5949,-87.2533,0.036804079901321056
2024-05-11 04:46:00,708931360,0.353549183985886,0.159847253398238,0.5472511145735339,36.59478086320661,-87.25291537754502,Montgomery,-2.11,36.5949,-87.2533,0.036804079901321056
2024-05-11 04:47:00,708931360,-0.8236379043113342,-1.2701487078223832,-0.37712710080028516,36.59478086320661,-87.25291537754502,Montgomery,-2.38,36.5949,-87.2533,0.036804079901321056
2024-05-11 04:48:00,708931360,-2.538608744488399,-3.872091440483649,-1.2051260484931492,36.59478086320661,-87.25291537754502,Montgomery,-3.05,36.5949,-87.2533,0.036804079901321056
2024-05-11 04:49:00,708931360,-3.052942666678834,-4.6519298412559085,-1.4539554921017595,36.59478086320661,-87.25291537754502,Montgomery,-2.91,36.5949,-87.2533,0.036804079901321056
2024-05-11 04:50:00,708931360,-2.7815251240849888,-4.237063907427996,-1.3259863407419816,36.59478086320661,-87.25291537754502,Montgomery,-3.12,36.5949,-87.2533,0.036804079901321056
2024-05-11 04:51:00,708931360,-1.0452366557011945,-1.591731586038123,-0.4987417253642661,36.59478086320661,-87.25291537754502,Montgomery,-2.39,36.5949,-87.2533,0.036804079901321056
2024-05-11 04:52:00,708931360,-0.1733177022863749,-0.2611053212661498,-0.08553008330659997,36.59478086320661,-87.25291537754502,Montgomery,-0.55,36.5949,-87.2533,0.036804079901321056
2024-05-11 04:53:00,708931360,-0.46300907468183705,-0.7094234409144541,-0.21659470844922002,36.59478086320661,-87.25291537754502,Montgomery,0.99,36.5949,-87.2533,0.036804079901321056
2024-05-11 04:54:00,708931360,-1.1933674668170509,-1.8172077417115968,-0.5695271919225048,36.59478086320661,-87.25291537754502,Montgomery,2.59,36.5949,-87.2533,0.036804079901321056
2024-05-11 04:55:00,708931360,-1.0371665136420627,-1.5796543905596745,-0.4946786367244508,36.59478086320661,-87.25291537754502,Montgomery,2.9,36.5949,-87.2533,0.036804079901321056
2024-05-11 04:56:00,708931360,-0.5491334216010973,-0.8440814480768486,-0.25418539512534605,36.59478086320661,-87.25291537754502,Montgomery,2.96,36.5949,-87.2533,0.036804079901321056
2024-05-11 04:57:00,708931360,-0.37092651403625787,-0.5858566333388883,-0.15599639473362747,36.59478086320661,-87.25291537754502,Montgomery,2.71,36.5949,-87.2533,0.036804079901321056
2024-05-11 04:58:00,708931360,-0.32438431665030565,-0.5203145282488061,-0.12845410505180518,36.59478086320661,-87.25291537754502,Montgomery,2.33,36.5949,-87.2533,0.036804079901321056
2024-05-11 04:59:00,708931360,-0.8459400207452438,-1.2980840625566474,-0.39379597893384016,36.59478086320661,-87.25291537754502,Montgomery,2.14,36.5949,-87.2533,0.036804079901321056
2024-05-11 05:00:00,708931360,-0.8150947956075976,-1.2497647455869947,-0.3804248456282005,36.59478086320661,-87.25291537754502,Montgomery,1.87,36.5949,-87.2533,0.036804079901321056
2024-05-11 05:01:00,708931360,0.1491649975512354,0.025657213270982956,0.27267278183148785,36.59478086320661,-87.25291537754502,Montgomery,1.28,36.5949,-87.2533,0.036804079901321056
2024-05-11 05:02:00,708931360,0.09391884084019589,-0.005948545300966501,0.19378622698135828,36.59478086320661,-87.25291537754502,Montgomery,0.93,36.5949,-87.2533,0.036804079901321056
2024-05-11 05:03:00,708931360,-0.2699345584980966,-0.4499792402756725,-0.0898898767205207,36.59478086320661,-87.25291537754502,Montgomery,1.33,36.5949,-87.2533,0.036804079901321056
2024-05-11 05:04:00,708931360,0.010092149609232834,-0.08786524484674506,0.10804954406521074,36.59478086320661,-87.25291537754502,Montgomery,0.89,36.5949,-87.2533,0.036804079901321056
2024-05-11 05:05:00,708931360,0.36089045584240037,0.14918280665183617,0.5725981050329646,36.59478086320661,-87.25291537754502,Montgomery,0.19,36.5949,-87.2533,0.036804079901321056
2024-05-11 05:06:00,708931360,-0.6812459218437156,-1.0480044019435295,-0.3144874417439016,36.59478086320661,-87.25291537754502,Montgomery,0.35,36.5949,-87.2533,0.036804079901321056
2024-05-11 05:07:00,708931360,-0.7361417785298574,-1.132117620261818,-0.340165936797897,36.59478086320661,-87.25291537754502,Montgomery,-0.01,36.5949,-87.2533,0.036804079901321056
2024-05-11 05:08:00,708931360,-0.31917757390389095,-0.5027173604343455,-0.13563778737343643,36.59478086320661,-87.25291537754502,Montgomery,-0.45,36.5949,-87.2533,0.036804079901321056
2024-05-11 05:09:00,708931360,-0.25346292890398237,-0.3988483130781758,-0.10807754472978892,36.59478086320661,-87.25291537754502,Montgomery,-0.53,36.5949,-87.2533,0.036804079901321056
2024-05-11 05:10:00,708931360,-0.4713591838417164,-0.7222519036612443,-0.22046646402218856,36.59478086320661,-87.25291537754502,Montgomery,0.53,36.5949,-87.2533,0.036804079901321056
2024-05-11 05:11:00,708931360,-0.3746809404879344,-0.5741052419603301,-0.17525663901553867,36.59478086320661,-87.25291537754502,Montgomery,0.27,36.5949,-87.2533,0.036804079901321056
2024-05-11 05:12:00,708931360,-0.36455400424652307,-0.5606794513995056,-0.16842855709354052,36.59478086320661,-87.25291537754502,Montgomery,0.04,36.5949,-87.2533,0.036804079901321056
2024-05-11 05:13:00,708931360,-0.07253670064188043,-0.1364358459105134,-0.008637555373247466,36.59478086320661,-87.25291537754502,Montgomery,0.79,36.5949,-87.2533,0.036804079901321056
2024-05-11 05:14:00,708931360,-0.06649639462411505,-0.16423348966209406,0.03124070041386394,36.59478086320661,-87.25291537754502,Montgomery,0.34,36.5949,-87.2533,0.036804079901321056
2024-05-11 05:15:00,708931360,-0.04897532136198964,-0.15696587756394245,0.05901523483996316,36.59478086320661,-87.25291537754502,Montgomery,0.8,36.5949,-87.2533,0.036804079901321056
2024-05-11 05:16:00,708931360,-0.3954254870907226,-0.6290968820563353,-0.16175409212510994,36.59478086320661,-87.25291537754502,Montgomery,1.09,36.5949,-87.2533,0.036804079901321056
2024-05-11 05:17:00,708931360,-0.47227384409876566,-0.7339196554031091,-0.21062803279442216,36.59478086320661,-87.25291537754502,Montgomery,-0.65,36.5949,-87.2533,0.036804079901321056
2024-05-11 05:18:00,708931360,-0.9550774791645572,-1.4586894581926932,-0.45146550013642106,36.59478086320661,-87.25291537754502,Montgomery,-0.56,36.5949,-87.2533,0.036804079901321056
2024-05-11 05:19:00,708931360,-0.6750342830114608,-1.0332545623973566,-0.3168140036255652,36.59478086320661,-87.25291537754502,Montgomery,-0.67,36.5949,-87.2533,0.036804079901321056
2024-05-11 05:20:00,708931360,-0.347157145136113,-0.5551618190686709,-0.1391524712035551,36.59478086320661,-87.25291537754502,Montgomery,-0.49,36.5949,-87.2533,0.036804079901321056
2024-05-11 05:21:00,708931360,-0.6984347593334543,-1.076747524615234,-0.3201219940516746,36.59478086320661,-87.25291537754502,Montgomery,1.3,36.5949,-87.2533,0.036804079901321056
2024-05-11 05:22:00,708931360,-0.4548760464176872,-0.7032952506458958,-0.2064568421894786,36.59478086320661,-87.25291537754502,Montgomery,1.91,36.5949,-87.2533,0.036804079901321056
2024-05-11 05:23:00,708931360,-0.25398086274788484,-0.39207638858019633,-0.11588533691557337,36.59478086320661,-87.25291537754502,Montgomery,1.67,36.5949,-87.2533,0.036804079901321056
2024-05-11 05:24:00,708931360,-0.6153439787478492,-0.944849018210332,-0.28583893928536636,36.59478086320661,-87.25291537754502,Montgomery,1.2,36.5949,-87.2533,0.036804079901321056
2024-05-11 05:25:00,708931360,-0.3207013973374536,-0.497612558896223,-0.14379023577868424,36.59478086320661,-87.25291537754502,Montgomery,1.25,36.5949,-87.2533,0.036804079901321056
2024-05-11 05:26:00,708931360,-0.12450447281295046,-0.20038514041979816,-0.04862380520610275,36.59478086320661,-87.25291537754502,Montgomery,0.71,36.5949,-87.2533,0.036804079901321056
2024-05-11 05:27:00,708931360,0.12415445385336159,0.01123232978540635,0.2370765779213168,36.59478086320661,-87.25291537754502,Montgomery,1.29,36.5949,-87.2533,0.036804079901321056
2024-05-11 05:28:00,708931360,-0.1040974376708363,-0.21776462117764095,0.009569745835968327,36.59478086320661,-87.25291537754502,Montgomery,1.35,36.5949,-87.2533,0.036804079901321056
2024-05-11 05:29:00,708931360,-0.505529927192075,-0.7772490919276989,-0.23381076245645122,36.59478086320661,-87.25291537754502,Montgomery,1.89,36.5949,-87.2533,0.036804079901321056
2024-05-11 05:30:00,708931360,-0.40182533909923823,-0.6185516358973411,-0.18509904230113533,36.59478086320661,-87.25291537754502,Montgomery,1.2,36.5949,-87.2533,0.036804079901321056
2024-05-11 05:31:00,708931360,0.19065167443659903,0.08582893197863295,0.2954744168945651,36.59478086320661,-87.25291537754502,Montgomery,0.52,36.5949,-87.2533,0.036804079901321056
2024-05-11 05:32:00,708931360,0.37898777049492327,0.18271969177790645,0.5752558492119401,36.59478086320661,-87.25291537754502,Montgomery,0.55,36.5949,-87.2533,0.036804079901321056
2024-05-11 05:33:00,708931360,0.3434725259792498,0.16529697299660362,0.521648078961896,36.59478086320661,-87.25291537754502,Montgomery,0.09,36.5949,-87.2533,0.036804079901321056
2024-05-11 05:34:00,708931360,0.08040647733580779,0.01972519615814205,0.14108775851347352,36.59478086320661,-87.25291537754502,Montgomery,0.26,36.5949,-87.2533,0.036804079901321056
2024-05-11 05:35:00,708931360,0.10917605833575844,0.048074424204630886,0.170277692466886,36.59478086320661,-87.25291537754502,Montgomery,0.17,36.5949,-87.2533,0.036804079901321056
2024-05-11 05:36:00,708931360,0.10861544595928606,0.05592917682332238,0.16130171509524974,36.59478086320661,-87.25291537754502,Montgomery,0.25,36.5949,-87.2533,0.036804079901321056
2024-05-11 05:37:00,708931360,0.2285429125530342,0.11308389910429223,0.34400192600177615,36.59478086320661,-87.25291537754502,Montgomery,0.3,36.5949,-87.2533,0.036804079901321056
2024-05-11 05:38:00,708931360,0.07391740256230207,0.012245879206933041,0.1355889259176711,36.59478086320661,-87.25291537754502,Montgomery,0.17,36.5949,-87.2533,0.036804079901321056
2024-05-11 05:39:00,708931360,0.13570448023698614,0.049174242674411575,0.22223471779956072,36.59478086320661,-87.25291537754502,Montgomery,-0.12,36.5949,-87.2533,0.036804079901321056
2024-05-11 05:40:00,708931360,0.4885052000872679,0.23654657592225453,0.7404638242522812,36.59478086320661,-87.25291537754502,Montgomery,-0.59,36.5949,-87.2533,0.036804079901321056
2024-05-11 05:41:00,708931360,0.7775771459167763,0.3782473579563498,1.176906933877203,36.59478086320661,-87.25291537754502,Montgomery,-0.91,36.5949,-87.2533,0.036804079901321056
2024-05-11 05:42:00,708931360,0.6445513624478514,0.3166617954109681,0.9724409294847347,36.59478086320661,-87.25291537754502,Montgomery,-0.4,36.5949,-87.2533,0.036804079901321056
2024-05-11 05:43:00,708931360,0.5684066813504487,0.2804619892273964,0.856351373473501,36.59478086320661,-87.25291537754502,Montgomery,-0.33,36.5949,-87.2533,0.036804079901321056
2024-05-11 05:44:00,708931360,0.35828598839625303,0.17952948273551517,0.5370424940569909,36.59478086320661,-87.25291537754502,Montgomery,-0.77,36.5949,-87.2533,0.036804079901321056
2024-05-11 05:45:00,708931360,0.2251047359121249,0.11382721871236084,0.33638225311188896,36.59478086320661,-87.25291537754502,Montgomery,-0.95,36.5949,-87.2533,0.036804079901321056
2024-05-11 05:46:00,708931360,0.30344474967569113,0.14473280801800079,0.46215669133338144,36.59478086320661,-87.25291537754502,Montgomery,-0.79,36.5949,-87.2533,0.036804079901321056
2024-05-11 05:47:00,708931360,0.7026519969264442,0.34051343464974465,1.0647905592031437,36.59478086320661,-87.25291537754502,Montgomery,-0.7,36.5949,-87.2533,0.036804079901321056
2024-05-11 05:48:00,708931360,0.08513577776201849,0.031530907907096124,0.13874064761694085,36.59478086320661,-87.25291537754502,Montgomery,-0.02,36.5949,-87.2533,0.036804079901321056
2024-05-11 05:49:00,708931360,0.7545268685372551,0.36842963382062244,1.140624103253888,36.59478086320661,-87.25291537754502,Montgomery,-0.92,36.5949,-87.2533,0.036804079901321056
2024-05-11 05:50:00,708931360,0.6222206126002217,0.3037007699050851,0.9407404552953582,36.59478086320661,-87.25291537754502,Montgomery,-0.86,36.5949,-87.2533,0.036804079901321056
2024-05-11 05:51:00,708931360,0.43267816975526047,0.20814694672585554,0.6572093927846654,36.59478086320661,-87.25291537754502,Montgomery,-1.01,36.5949,-87.2533,0.036804079901321056
2024-05-11 05:52:00,708931360,0.47109330643463254,0.2299598045602267,0.7122268083090384,36.59478086320661,-87.25291537754502,Montgomery,0.37,36.5949,-87.2533,0.036804079901321056
2024-05-11 05:53:00,708931360,0.335627542316148,0.16760651166867238,0.5036485729636236,36.59478086320661,-87.25291537754502,Montgomery,0.77,36.5949,-87.2533,0.036804079901321056
2024-05-11 05:54:00,708931360,-0.5129383384369146,-0.8111487104610051,-0.21472796641282416,36.59478086320661,-87.25291537754502,Montgomery,-0.35,36.5949,-87.2533,0.036804079901321056
2024-05-11 05:55:00,708931360,-1.0899333125890647,-1.6903833170687714,-0.4894833081093578,36.59478086320661,-87.25291537754502,Montgomery,2.3,36.5949,-87.2533,0.036804079901321056
2024-05-11 05:56:00,708931360,-0.5034331941655031,-0.7858845400749924,-0.22098184825601386,36.59478086320661,-87.25291537754502,Montgomery,2.18,36.5949,-87.2533,0.036804079901321056
2024-05-11 05:57:00,708931360,-0.415418374251789,-0.6482540050287385,-0.18258274347483952,36.59478086320661,-87.25291537754502,Montgomery,2.12,36.5949,-87.2533,0.036804079901321056
2024-05-11 05:58:00,708931360,-0.23735746814484796,-0.3617382886605083,-0.1129766476291876,36.59478086320661,-87.25291537754502,Montgomery,4.43,36.5949,-87.2533,0.036804079901321056
2024-05-11 05:59:00,708931360,-0.20981135775608958,-0.32123145167737344,-0.09839126383480576,36.59478086320661,-87.25291537754502,Montgomery,3.61,36.5949,-87.2533,0.036804079901321056
2024-05-11 06:00:00,708931360,0.1613396393897579,0.07512488165805803,0.24755439712145777,36.59478086320661,-87.25291537754502,Montgomery,1.87,36.5949,-87.2533,0.036804079901321056
2024-05-11 06:01:00,708931360,0.23186484036309513,0.10973403547818286,0.3539956452480074,36.59478086320661,-87.25291537754502,Montgomery,1.89,36.5949,-87.2533,0.036804079901321056
2024-05-11 06:02:00,708931360,-0.4527248307528035,-0.6935939900673742,-0.21185567143823286,36.59478086320661,-87.25291537754502,Montgomery,2.82,36.5949,-87.2533,0.036804079901321056
2024-05-11 06:03:00,708931360,-0.7529169062892428,-1.1478793671747487,-0.35795444540373683,36.59478086320661,-87.25291537754502,Montgomery,2.23,36.5949,-87.2533,0.036804079901321056
2024-05-11 06:04:00,708931360,-0.8076722883878458,-1.2314284373649207,-0.3839161394107708,36.59478086320661,-87.25291537754502,Montgomery,1.62,36.5949,-87.2533,0.036804079901321056
2024-05-11 06:05:00,708931360,-0.8657601623723569,-1.3214816656425354,-0.41003865910217824,36.59478086320661,-87.25291537754502,Montgomery,0.62,36.5949,-87.2533,0.036804079901321056
2024-05-11 06:06:00,708931360,-0.9710320177485695,-1.4860868133065486,-0.45597722219059045,36.59478086320661,-87.25291537754502,Montgomery,0.07,36.5949,-87.2533,0.036804079901321056
2024-05-11 06:07:00,708931360,-0.5311513282148573,-0.8135740896058095,-0.2487285668239052,36.59478086320661,-87.25291537754502,Montgomery,-0.27,36.5949,-87.2533,0.036804079901321056
2024-05-11 06:08:00,708931360,0.10781703312253407,0.05155269430150004,0.1640813719435681,36.59478086320661,-87.25291537754502,Montgomery,-1.33,36.5949,-87.2533,0.036804079901321056
2024-05-11 06:09:00,708931360,0.560384534536289,0.26878384146844303,0.851985227604135,36.59478086320661,-87.25291537754502,Montgomery,-0.96,36.5949,-87.2533,0.036804079901321056
2024-05-11 06:10:00,708931360,-0.19634097496679,-0.30159429517082115,-0.09108765476275889,36.59478086320661,-87.25291537754502,Montgomery,-0.66,36.5949,-87.2533,0.036804079901321056
2024-05-11 06:11:00,708931360,-0.3377117115285313,-0.5434039254640832,-0.13201949759297932,36.59478086320661,-87.25291537754502,Montgomery,-0.61,36.5949,-87.2533,0.036804079901321056
2024-05-11 06:12:00,708931360,-0.9761192051581175,-1.5002323247249545,-0.4520060855912805,36.59478086320661,-87.25291537754502,Montgomery,-0.48,36.5949,-87.2533,0.036804079901321056
2024-05-11 06:13:00,708931360,-1.5639456834020864,-2.3859013996122993,-0.7419899671918733,36.59478086320661,-87.25291537754502,Montgomery,1.25,36.5949,-87.2533,0.036804079901321056
2024-05-11 06:14:00,708931360,-1.673551413067208,-2.553111652057967,-0.7939911740764491,36.59478086320661,-87.25291537754502,Montgomery,1.22,36.5949,-87.2533,0.036804079901321056
2024-05-11 06:15:00,708931360,-1.07133842607666,-1.6309688906079076,-0.5117079615454124,36.59478086320661,-87.25291537754502,Montgomery,0.36,36.5949,-87.2533,0.036804079901321056
2024-05-11 06:16:00,708931360,-0.24593674101374277,-0.40767260506211456,-0.08420087696537099,36.59478086320661,-87.25291537754502,Montgomery,-0.2,36.5949,-87.2533,0.036804079901321056
2024-05-11 06:17:00,708931360,0.010730982545150834,-0.05686238701431392,0.07832435210461558,36.59478086320661,-87.25291537754502,Montgomery,0.59,36.5949,-87.2533,0.036804079901321056
2024-05-11 06:18:00,708931360,0.5064223143097041,0.22984498169041895,0.7829996469289893,36.59478086320661,-87.25291537754502,Montgomery,-0.09,36.5949,-87.2533,0.036804079901321056
2024-05-11 06:19:00,708931360,0.4527085064097414,0.21706969371723514,0.6883473191022477,36.59478086320661,-87.25291537754502,Montgomery,0.09,36.5949,-87.2533,0.036804079901321056
2024-05-11 06:20:00,708931360,0.87227892980664,0.41665512392445575,1.3279027356888242,36.59478086320661,-87.25291537754502,Montgomery,-0.16,36.5949,-87.2533,0.036804079901321056
2024-05-11 06:21:00,708931360,0.8044234408609969,0.3840649107497635,1.2247819709722303,36.59478086320661,-87.25291537754502,Montgomery,-0.74,36.5949,-87.2533,0.036804079901321056
2024-05-11 06:22:00,708931360,0.7462618264240122,0.3565720198590142,1.13595163298901,36.59478086320661,-87.25291537754502,Montgomery,0.22,36.5949,-87.2533,0.036804079901321056
2024-05-11 06:23:00,708931360,0.4913770903017428,0.23607589201806778,0.7466782885854178,36.59478086320661,-87.25291537754502,Montgomery,1.31,36.5949,-87.2533,0.036804079901321056
2024-05-11 06:24:00,708931360,0.14086197080635665,0.02942365905551894,0.2523002825571944,36.59478086320661,-87.25291537754502,Montgomery,2.07,36.5949,-87.2533,0.036804079901321056
2024-05-11 06:25:00,708931360,-0.12136447349581331,-0.28543081279519245,0.0427018658035658,36.59478086320661,-87.25291537754502,Montgomery,2.4,36.5949,-87.2533,0.036804079901321056
2024-05-11 06:26:00,708931360,-0.41276235411580847,-0.6794960135983075,-0.14602869463330947,36.59478086320661,-87.25291537754502,Montgomery,3.64,36.5949,-87.2533,0.036804079901321056
2024-05-11 06:27:00,708931360,-1.7240244547385992,-2.6331286411095363,-0.8149202683676624,36.59478086320661,-87.25291537754502,Montgomery,2.55,36.5949,-87.2533,0.036804079901321056
2024-05-11 06:28:00,708931360,-1.3377913485764337,-2.0424249972726596,-0.6331576998802078,36.59478086320661,-87.25291537754502,Montgomery,3.49,36.5949,-87.2533,0.036804079901321056
2024-05-11 06:29:00,708931360,-0.8290995268015784,-1.2587029642441074,-0.3994960893590494,36.59478086320661,-87.25291537754502,Montgomery,1.03,36.5949,-87.2533,0.036804079901321056
2024-05-11 06:30:00,708931360,-1.5040978337603068,-2.2895341220771854,-0.7186615454434281,36.59478086320661,-87.25291537754502,Montgomery,1.71,36.5949,-87.2533,0.036804079901321056
2024-05-11 06:31:00,708931360,-0.9778196363077315,-1.4875424697302622,-0.46809680288520084,36.59478086320661,-87.25291537754502,Montgomery,2.45,36.5949,-87.2533,0.036804079901321056
2024-05-11 06:32:00,708931360,-0.5552608630010732,-0.8418769140142133,-0.2686448119879333,36.59478086320661,-87.25291537754502,Montgomery,0.92,36.5949,-87.2533,0.036804079901321056
2024-05-11 06:33:00,708931360,-1.3660699259723188,-2.089389368643652,-0.6427504833009854,36.59478086320661,-87.25291537754502,Montgomery,1.75,36.5949,-87.2533,0.036804079901321056
2024-05-11 06:34:00,708931360,-0.19912064137735028,-0.33200479427900836,-0.06623648847569219,36.59478086320661,-87.25291537754502,Montgomery,0.83,36.5949,-87.2533,0.036804079901321056
2024-05-11 06:35:00,708931360,1.0388701250786314,0.48542037471023924,1.5923198754470236,36.59478086320661,-87.25291537754502,Montgomery,0.26,36.5949,-87.2533,0.036804079901321056
2024-05-11 06:36:00,708931360,0.5008752715492616,0.23039945929694644,0.7713510838015767,36.59478086320661,-87.25291537754502,Montgomery,-0.26,36.5949,-87.2533,0.036804079901321056
2024-05-11 06:37:00,708931360,0.59525466613309,0.2750761285652679,0.9154332037009121,36.59478086320661,-87.25291537754502,Montgomery,-0.3,36.5949,-87.2533,0.036804079901321056
2024-05-11 06:38:00,708931360,1.5179669432363059,0.7239281852746252,2.3120057011979864,36.59478086320661,-87.25291537754502,Montgomery,-1.53,36.5949,-87.2533,0.036804079901321056
2024-05-11 06:39:00,708931360,1.586493189957951,0.7598898244779874,2.4130965554379147,36.59478086320661,-87.25291537754502,Montgomery,-1.34,36.5949,-87.2533,0.036804079901321056
2024-05-11 06:40:00,708931360,0.6626470431698286,0.31547512220836926,1.0098189641312878,36.59478086320661,-87.25291537754502,Montgomery,-0.43,36.5949,-87.2533,0.036804079901321056
2024-05-11 06:41:00,708931360,0.9351664913846249,0.44293149924850594,1.427401483520744,36.59478086320661,-87.25291537754502,Montgomery,-1.47,36.5949,-87.2533,0.036804079901321056
2024-05-11 06:42:00,708931360,0.08900519565702182,-0.027559829286101165,0.2055702206001448,36.59478086320661,-87.25291537754502,Montgomery,-0.9,36.5949,-87.2533,0.036804079901321056
2024-05-11 06:43:00,708931360,1.2820173961584245,0.6170228659765087,1.9470119263403403,36.59478086320661,-87.25291537754502,Montgomery,0.2,36.5949,-87.2533,0.036804079901321056
2024-05-11 06:44:00,708931360,1.575046873947881,0.7546775498866856,2.3954161980090762,36.59478086320661,-87.25291537754502,Montgomery,-2.67,36.5949,-87.2533,0.036804079901321056
2024-05-11 06:45:00,708931360,0.7379597119775771,0.3600931313689395,1.1158262925862148,36.59478086320661,-87.25291537754502,Montgomery,-4.49,36.5949,-87.2533,0.036804079901321056
2024-05-11 06:46:00,708931360,0.9655923138216213,0.46408777362510023,1.4670968540181422,36.59478086320661,-87.25291537754502,Montgomery,-2.47,36.5949,-87.2533,0.036804079901321056
2024-05-11 06:47:00,708931360,2.3290515415286435,1.1084687840896346,3.5496342989676526,36.59478086320661,-87.25291537754502,Montgomery,-4.35,36.5949,-87.2533,0.036804079901321056
2024-05-11 06:48:00,708931360,2.155238409309571,1.025669005529748,3.284807813089394,36.59478086320661,-87.25291537754502,Montgomery,-5.83,36.5949,-87.2533,0.036804079901321056
2024-05-11 06:49:00,708931360,1.4004866071885689,0.6596347964029675,2.14133841797417,36.59478086320661,-87.25291537754502,Montgomery,-5.67,36.5949,-87.2533,0.036804079901321056
2024-05-11 06:50:00,708931360,1.4428771878534317,0.6958520963695963,2.189902279337267,36.59478086320661,-87.25291537754502,Montgomery,-3.14,36.5949,-87.2533,0.036804079901321056
2024-05-11 06:51:00,708931360,0.9506565480852467,0.4559300100672953,1.445383086103198,36.59478086320661,-87.25291537754502,Montgomery,-5.29,36.5949,-87.2533,0.036804079901321056
2024-05-11 06:52:00,708931360,0.22660741366371326,0.11004716753530078,0.3431676597921257,36.59478086320661,-87.25291537754502,Montgomery,-7.21,36.5949,-87.2533,0.036804079901321056
2024-05-11 06:53:00,708931360,-1.6091558009031273,-2.473688334641386,-0.7446232671648689,36.59478086320661,-87.25291537754502,Montgomery,-4.63,36.5949,-87.2533,0.036804079901321056
2024-05-11 06:54:00,708931360,-0.8508600446881077,-1.33440781950183,-0.36731226987438526,36.59478086320661,-87.25291537754502,Montgomery,-3.06,36.5949,-87.2533,0.036804079901321056
2024-05-11 06:55:00,708931360,-1.6519219298755987,-2.541436537780069,-0.7624073219711285,36.59478086320661,-87.25291537754502,Montgomery,-3.96,36.5949,-87.2533,0.036804079901321056
2024-05-11 06:56:00,708931360,-0.7427647049348559,-1.243030180424836,-0.24249922944487567,36.59478086320661,-87.25291537754502,Montgomery,0.5,36.5949,-87.2533,0.036804079901321056
2024-05-11 06:57:00,708931360,-2.0170086974600205,-3.1341188784439344,-0.8998985164761064,36.59478086320661,-87.25291537754502,Montgomery,0.61,36.5949,-87.2533,0.036804079901321056
2024-05-11 06:58:00,708931360,-2.27810628663277,-3.597570209443619,-0.958642363821921,36.59478086320661,-87.25291537754502,Montgomery,3.04,36.5949,-87.2533,0.036804079901321056
2024-05-11 06:59:00,708931360,-0.0055672564017972635,-0.26417642617726966,0.2530419133736751,36.59478086320661,-87.25291537754502,Montgomery,4.72,36.5949,-87.2533,0.036804079901321056
2024-05-11 07:00:00,708931360,-0.03539322323281556,-0.1531923295563663,0.08240588309073518,36.59478086320661,-87.25291537754502,Montgomery,8.22,36.5949,-87.2533,0.036804079901321056
2024-05-11 07:01:00,708931360,-0.40213590993529613,-0.6410666350059167,-0.16320518486467556,36.59478086320661,-87.25291537754502,Montgomery,6.43,36.5949,-87.2533,0.036804079901321056
2024-05-11 07:02:00,708931360,-1.393564966360205,-2.133965501356002,-0.653164431364408,36.59478086320661,-87.25291537754502,Montgomery,7.39,36.5949,-87.2533,0.036804079901321056
2024-05-11 07:03:00,708931360,-1.4012179143894883,-2.138644546333304,-0.6637912824456723,36.59478086320661,-87.25291537754502,Montgomery,9.75,36.5949,-87.2533,0.036804079901321056
2024-05-11 07:04:00,708931360,-1.6793341061618543,-2.5533450859061175,-0.8053231264175912,36.59478086320661,-87.25291537754502,Montgomery,10.75,36.5949,-87.2533,0.036804079901321056
2024-05-11 07:05:00,708931360,-2.030176744264151,-3.076457386659028,-0.9838961018692747,36.59478086320661,-87.25291537754502,Montgomery,9.65,36.5949,-87.2533,0.036804079901321056
2024-05-11 07:06:00,708931360,-2.0763352196958302,-3.147301750124605,-1.0053686892670557,36.59478086320661,-87.25291537754502,Montgomery,11.82,36.5949,-87.2533,0.036804079901321056
2024-05-11 07:07:00,708931360,-2.070514682507642,-3.1349343416570847,-1.0060950233581996,36.59478086320661,-87.25291537754502,Montgomery,14.9,36.5949,-87.2533,0.036804079901321056
2024-05-11 07:08:00,708931360,-0.8680858175249252,-1.3050999633123253,-0.4310716717375252,36.59478086320661,-87.25291537754502,Montgomery,10.9,36.5949,-87.2533,0.036804079901321056
2024-05-11 07:09:00,708931360,-2.0190433154447485,-3.0631301378168674,-0.9749564930726298,36.59478086320661,-87.25291537754502,Montgomery,5.53,36.5949,-87.2533,0.036804079901321056
2024-05-11 07:10:00,708931360,-0.566749828977319,-0.8544137195574752,-0.27908593839716267,36.59478086320661,-87.25291537754502,Montgomery,4.32,36.5949,-87.2533,0.036804079901321056
2024-05-11 07:11:00,708931360,0.020755794698709366,-0.0332631967176957,0.07477478611511443,36.59478086320661,-87.25291537754502,Montgomery,-0.41,36.5949,-87.2533,0.036804079901321056
2024-05-11 07:12:00,708931360,-0.03895580668802467,-0.07552301531631217,-0.0023885980597371653,36.59478086320661,-87.25291537754502,Montgomery,-4.74,36.5949,-87.2533,0.036804079901321056
2024-05-11 07:13:00,708931360,0.5509356050787115,0.23875391038700144,0.8631172997704216,36.59478086320661,-87.25291537754502,Montgomery,-7.96,36.5949,-87.2533,0.036804079901321056
2024-05-11 07:14:00,708931360,0.21501444058812558,0.09379005475675793,0.3362388264194932,36.59478086320661,-87.25291537754502,Montgomery,-7.37,36.5949,-87.2533,0.036804079901321056
2024-05-11 07:15:00,708931360,0.3458089618123764,0.12663080674454147,0.5649871168802114,36.59478086320661,-87.25291537754502,Montgomery,-6.35,36.5949,-87.2533,0.036804079901321056
2024-05-11 07:16:00,708931360,0.6842640277679851,0.30107042812014206,1.0674576274158283,36.59478086320661,-87.25291537754502,Montgomery,-0.41,36.5949,-87.2533,0.036804079901321056
2024-05-11 07:17:00,708931360,1.2495749032026844,0.58399456250134,1.915155243904029,36.59478086320661,-87.25291537754502,Montgomery,-0.74,36.5949,-87.2533,0.036804079901321056
2024-05-11 07:18:00,708931360,3.0187445785336777,1.4322875195776004,4.605201637489755,36.59478086320661,-87.25291537754502,Montgomery,-2.32,36.5949,-87.2533,0.036804079901321056
2024-05-11 07:19:00,708931360,2.73869183535844,1.2970513173808402,4.1803323533360395,36.59478086320661,-87.25291537754502,Montgomery,-5.22,36.5949,-87.2533,0.036804079901321056
2024-05-11 07:20:00,708931360,1.1271090085867952,0.5196351292253643,1.7345828879482261,36.59478086320661,-87.25291537754502,Montgomery,-7.89,36.5949,-87.2533,0.036804079901321056
2024-05-11 07:21:00,708931360,0.3050705511283414,0.08956318390901569,0.5205779183476671,36.59478086320661,-87.25291537754502,Montgomery,-8.01,36.5949,-87.2533,0.036804079901321056
2024-05-11 07:22:00,708931360,-0.28860800479988646,-0.5294393708410036,-0.047776638758769335,36.59478086320661,-87.25291537754502,Montgomery,-6.49,36.5949,-87.2533,0.036804079901321056
2024-05-11 07:23:00,708931360,0.7097466907751068,0.3204529384778085,1.099040443072405,36.59478086320661,-87.25291537754502,Montgomery,-4.12,36.5949,-87.2533,0.036804079901321056
2024-05-11 07:24:00,708931360,2.821159915844525,1.3401609444524902,4.302158887236559,36.59478086320661,-87.25291537754502,Montgomery,-9.66,36.5949,-87.2533,0.036804079901321056
2024-05-11 07:25:00,708931360,2.410924450211918,1.151079201069471,3.670769699354365,36.59478086320661,-87.25291537754502,Montgomery,-9.36,36.5949,-87.2533,0.036804079901321056
2024-05-11 07:26:00,708931360,1.2362600122029919,0.591754690180797,1.8807653342251869,36.59478086320661,-87.25291537754502,Montgomery,-7.74,36.5949,-87.2533,0.036804079901321056
2024-05-11 07:27:00,708931360,1.1109741837122387,0.5242822896185179,1.6976660778059594,36.59478086320661,-87.25291537754502,Montgomery,-6.07,36.5949,-87.2533,0.036804079901321056
2024-05-11 07:28:00,708931360,-0.3690231304445344,-0.5800405698919263,-0.15800569099714246,36.59478086320661,-87.25291537754502,Montgomery,-2.62,36.5949,-87.2533,0.036804079901321056
2024-05-11 07:29:00,708931360,0.17727233630644137,0.019605658211481525,0.3349390144014012,36.59478086320661,-87.25291537754502,Montgomery,-1.91,36.5949,-87.2533,0.036804079901321056
2024-05-11 07:30:00,708931360,0.04275690833815943,-0.07134278302123444,0.15685659969755328,36.59478086320661,-87.25291537754502,Montgomery,-0.48,36.5949,-87.2533,0.036804079901321056
2024-05-11 07:31:00,708931360,0.03214890735088509,0.0027201455283046745,0.06157766917346551,36.59478086320661,-87.25291537754502,Montgomery,1.63,36.5949,-87.2533,0.036804079901321056
2024-05-11 07:32:00,708931360,0.5815141383979897,0.2754239950297603,0.8876042817662191,36.59478086320661,-87.25291537754502,Montgomery,0.13,36.5949,-87.2533,0.036804079901321056
2024-05-11 07:33:00,708931360,1.6799418219705964,0.7960696946320137,2.563813949309179,36.59478086320661,-87.25291537754502,Montgomery,0.66,36.5949,-87.2533,0.036804079901321056
2024-05-11 07:34:00,708931360,0.9393072420893701,0.4478762311690249,1.4307382530097152,36.59478086320661,-87.25291537754502,Montgomery,1.1,36.5949,-87.2533,0.036804079901321056
2024-05-11 07:35:00,708931360,-0.14438612581485122,-0.24490476091170896,-0.04386749071799348,36.59478086320661,-87.25291537754502,Montgomery,-0.44,36.5949,-87.2533,0.036804079901321056
2024-05-11 07:36:00,708931360,-0.563950352682821,-0.8600641788576768,-0.2678365265079652,36.59478086320661,-87.25291537754502,Montgomery,-3.53,36.5949,-87.2533,0.036804079901321056
2024-05-11 07:37:00,708931360,-0.718531919482227,-1.0904902307542939,-0.3465736082101603,36.59478086320661,-87.25291537754502,Montgomery,-1.24,36.5949,-87.2533,0.036804079901321056
2024-05-11 07:38:00,708931360,-0.8323040664295799,-1.2952666640538348,-0.36934146880532487,36.59478086320661,-87.25291537754502,Montgomery,-5.9,36.5949,-87.2533,0.036804079901321056
2024-05-11 07:39:00,708931360,-1.156840629277828,-1.7628677341982333,-0.5508135243574225,36.59478086320661,-87.25291537754502,Montgomery,-2.44,36.5949,-87.2533,0.036804079901321056
2024-05-11 07:40:00,708931360,-0.505426180694558,-0.7787701483483,-0.232082213040816,36.59478086320661,-87.25291537754502,Montgomery,-3.83,36.5949,-87.2533,0.036804079901321056
2024-05-11 07:41:00,708931360,1.2177367487800936,0.5615622223857972,1.87391127517439,36.59478086320661,-87.25291537754502,Montgomery,-4.37,36.5949,-87.2533,0.036804079901321056
2024-05-11 07:42:00,708931360,0.8221886450060665,0.37761198532093704,1.266765304691196,36.59478086320661,-87.25291537754502,Montgomery,-5.45,36.5949,-87.2533,0.036804079901321056
2024-05-11 07:43:00,708931360,0.5253008184538756,0.24490014700284785,0.8057014899049033,36.59478086320661,-87.25291537754502,Montgomery,-5.28,36.5949,-87.2533,0.036804079901321056
2024-05-11 07:44:00,708931360,0.8988167284742782,0.4036892858382416,1.3939441711103147,36.59478086320661,-87.25291537754502,Montgomery,-7.14,36.5949,-87.2533,0.036804079901321056
2024-05-11 07:45:00,708931360,-0.30363156305997163,-0.47658300821218835,-0.1306801179077549,36.59478086320661,-87.25291537754502,Montgomery,-1.98,36.5949,-87.2533,0.036804079901321056
2024-05-11 07:46:00,708931360,-2.019051868678596,-3.0731141374506006,-0.9649895999065912,36.59478086320661,-87.25291537754502,Montgomery,-0.82,36.5949,-87.2533,0.036804079901321056
2024-05-11 07:47:00,708931360,-1.8794408473174524,-2.8616505089425965,-0.8972311856923083,36.59478086320661,-87.25291537754502,Montgomery,0.56,36.5949,-87.2533,0.036804079901321056
2024-05-11 07:48:00,708931360,-0.39129158203258996,-0.5881779392696042,-0.19440522479557573,36.59478086320661,-87.25291537754502,Montgomery,0.94,36.5949,-87.2533,0.036804079901321056
2024-05-11 07:49:00,708931360,-0.03180976884976003,-0.09463606272627806,0.031016525026758,36.59478086320661,-87.25291537754502,Montgomery,1.51,36.5949,-87.2533,0.036804079901321056
2024-05-11 07:50:00,708931360,-0.8824733588354368,-1.3331841624429852,-0.43176255522788826,36.59478086320661,-87.25291537754502,Montgomery,1.17,36.5949,-87.2533,0.036804079901321056
2024-05-11 07:51:00,708931360,-0.6731089952823129,-1.0236285695647727,-0.32258942099985327,36.59478086320661,-87.25291537754502,Montgomery,-0.17,36.5949,-87.2533,0.036804079901321056
2024-05-11 07:52:00,708931360,-1.5903315545311536,-2.4149647642712724,-0.765698344791035,36.59478086320661,-87.25291537754502,Montgomery,1.18,36.5949,-87.2533,0.036804079901321056
2024-05-11 07:53:00,708931360,-1.4307233219602167,-2.1799154370032205,-0.6815312069172128,36.59478086320661,-87.25291537754502,Montgomery,0.41,36.5949,-87.2533,0.036804079901321056
2024-05-11 07:54:00,708931360,0.06390569339902713,-0.16377835812144276,0.291589744919497,36.59478086320661,-87.25291537754502,Montgomery,-2.11,36.5949,-87.2533,0.036804079901321056
2024-05-11 07:55:00,708931360,0.35907636136913623,0.06749762904675116,0.6506550936915213,36.59478086320661,-87.25291537754502,Montgomery,-1.75,36.5949,-87.2533,0.036804079901321056
2024-05-11 07:56:00,708931360,-0.29464442948422703,-0.5161637726685772,-0.0731250862998769,36.59478086320661,-87.25291537754502,Montgomery,-2.66,36.5949,-87.2533,0.036804079901321056
2024-05-11 07:57:00,708931360,0.6112106248064149,0.2778462236801283,0.9445750259327015,36.59478086320661,-87.25291537754502,Montgomery,-2.38,36.5949,-87.2533,0.036804079901321056
2024-05-11 07:58:00,708931360,1.826710723131022,0.8626180718215254,2.7908033744405185,36.59478086320661,-87.25291537754502,Montgomery,-4.11,36.5949,-87.2533,0.036804079901321056
2024-05-11 07:59:00,708931360,1.403210857016655,0.659223519376233,2.147198194657077,36.59478086320661,-87.25291537754502,Montgomery,-6.14,36.5949,-87.2533,0.036804079901321056
2024-05-11 08:00:00,708931360,0.41455908109466627,0.19278820444972855,0.636329957739604,36.59478086320661,-87.25291537754502,Montgomery,-8.34,36.5949,-87.2533,0.036804079901321056
2024-05-11 08:01:00,708931360,-1.0002376549996268,-1.5270783052210013,-0.4733970047782522,36.59478086320661,-87.25291537754502,Montgomery,-5.52,36.5949,-87.2533,0.036804079901321056
2024-05-11 08:02:00,708931360,0.24683616766784885,0.10802071980804231,0.38565161552765537,36.59478086320661,-87.25291537754502,Montgomery,-5.01,36.5949,-87.2533,0.036804079901321056
2024-05-11 08:03:00,708931360,0.5855622401923165,0.24683013095873474,0.9242943494258983,36.59478086320661,-87.25291537754502,Montgomery,-3.88,36.5949,-87.2533,0.036804079901321056
2024-05-11 08:04:00,708931360,1.3533513325845408,0.6411799682818723,2.0655226968872094,36.59478086320661,-87.25291537754502,Montgomery,-5.05,36.5949,-87.2533,0.036804079901321056
2024-05-11 08:05:00,708931360,2.61719573741199,1.2476029070615973,3.9867885677623827,36.59478086320661,-87.25291537754502,Montgomery,-4.72,36.5949,-87.2533,0.036804079901321056
2024-05-11 08:06:00,708931360,2.861644524842837,1.3651078546828717,4.3581811950028015,36.59478086320661,-87.25291537754502,Montgomery,-4.9,36.5949,-87.2533,0.036804079901321056
2024-05-11 08:07:00,708931360,1.4899585436315352,0.7077450100903414,2.272172077172729,36.59478086320661,-87.25291537754502,Montgomery,-2.65,36.5949,-87.2533,0.036804079901321056
2024-05-11 08:08:00,708931360,1.125535780258652,0.5387191411765218,1.7123524193407824,36.59478086320661,-87.25291537754502,Montgomery,-1.32,36.5949,-87.2533,0.036804079901321056
2024-05-11 08:09:00,708931360,0.19660813001364955,-0.007776355716095834,0.40099261574339495,36.59478086320661,-87.25291537754502,Montgomery,-2.51,36.5949,-87.2533,0.036804079901321056
2024-05-11 08:10:00,708931360,0.7708459288558169,0.3570449588215894,1.1846468988900445,36.59478086320661,-87.25291537754502,Montgomery,-3.65,36.5949,-87.2533,0.036804079901321056
2024-05-11 08:11:00,708931360,0.36448533329085675,0.17255024936682328,0.5564204172148902,36.59478086320661,-87.25291537754502,Montgomery,-3.24,36.5949,-87.2533,0.036804079901321056
2024-05-11 08:12:00,708931360,0.3089649936678542,0.13969726118712883,0.47823272614857953,36.59478086320661,-87.25291537754502,Montgomery,-2.79,36.5949,-87.2533,0.036804079901321056
2024-05-11 08:13:00,708931360,0.5123631652709526,0.23744497096865008,0.7872813595732551,36.59478086320661,-87.25291537754502,Montgomery,-1.2,36.5949,-87.2533,0.036804079901321056
2024-05-11 08:14:00,708931360,0.422867151513523,0.18198125174857216,0.6637530512784738,36.59478086320661,-87.25291537754502,Montgomery,-0.15,36.5949,-87.2533,0.036804079901321056
2024-05-11 08:15:00,708931360,1.0406983183626257,0.49690845230363856,1.584488184421613,36.59478086320661,-87.25291537754502,Montgomery,-1.12,36.5949,-87.2533,0.036804079901321056
2024-05-11 08:16:00,708931360,1.570275339245432,0.7452225271510882,2.395328151339776,36.59478086320661,-87.25291537754502,Montgomery,0.04,36.5949,-87.2533,0.036804079901321056
2024-05-11 08:17:00,708931360,1.1764125882904395,0.5564190479000262,1.7964061286808528,36.59478086320661,-87.25291537754502,Montgomery,0.65,36.5949,-87.2533,0.036804079901321056
2024-05-11 08:18:00,708931360,2.0158919661882377,0.959547137860411,3.0722367945160647,36.59478086320661,-87.25291537754502,Montgomery,0.17,36.5949,-87.2533,0.036804079901321056
2024-05-11 08:19:00,708931360,2.3387734339079986,1.1181806226159687,3.5593662452000285,36.59478086320661,-87.25291537754502,Montgomery,0.75,36.5949,-87.2533,0.036804079901321056
2024-05-11 08:20:00,708931360,2.1603554161919054,1.0021990802113594,3.3185117521724514,36.59478086320661,-87.25291537754502,Montgomery,8.65,36.5949,-87.2533,0.036804079901321056
2024-05-11 08:21:00,708931360,1.227918832846462,0.5606303310096589,1.8952073346832652,36.59478086320661,-87.25291537754502,Montgomery,8.06,36.5949,-87.2533,0.036804079901321056
2024-05-11 08:22:00,708931360,2.416794937148919,1.1270952131877718,3.7064946611100655,36.59478086320661,-87.25291537754502,Montgomery,3.0,36.5949,-87.2533,0.036804079901321056
2024-05-11 08:23:00,708931360,3.21190167048988,1.5095305021408343,4.914272838838926,36.59478086320661,-87.25291537754502,Montgomery,1.94,36.5949,-87.2533,0.036804079901321056
2024-05-11 08:24:00,708931360,3.3215436318417764,1.5830943952808316,5.0599928684027216,36.59478086320661,-87.25291537754502,Montgomery,-3.78,36.5949,-87.2533,0.036804079901321056
2024-05-11 08:25:00,708931360,1.9269586236758525,0.9171636139841186,2.9367536333675863,36.59478086320661,-87.25291537754502,Montgomery,1.73,36.5949,-87.2533,0.036804079901321056
2024-05-11 08:26:00,708931360,-1.6323794130434897,-2.4931624125580134,-0.771596413528966,36.59478086320661,-87.25291537754502,Montgomery,2.17,36.5949,-87.2533,0.036804079901321056
2024-05-11 08:27:00,708931360,-1.9287451575157164,-2.9371160078584158,-0.920374307173017,36.59478086320661,-87.25291537754502,Montgomery,4.12,36.5949,-87.2533,0.036804079901321056
2024-05-11 08:28:00,708931360,-2.7293557172272362,-4.164466164950178,-1.2942452695042945,36.59478086320661,-87.25291537754502,Montgomery,5.41,36.5949,-87.2533,0.036804079901321056
2024-05-11 08:29:00,708931360,-2.136950969154524,-3.2751742016441634,-0.9987277366648843,36.59478086320661,-87.25291537754502,Montgomery,3.43,36.5949,-87.2533,0.036804079901321056
2024-05-11 08:30:00,708931360,-2.2940654688033937,-3.494809686316006,-1.0933212512907815,36.59478086320661,-87.25291537754502,Montgomery,6.87,36.5949,-87.2533,0.036804079901321056
2024-05-11 08:31:00,708931360,-1.190570503773219,-1.8057788376824035,-0.5753621698640345,36.59478086320661,-87.25291537754502,Montgomery,6.01,36.5949,-87.2533,0.036804079901321056
2024-05-11 08:32:00,708931360,1.3994397254365165,0.658692575687883,2.14018687518515,36.59478086320661,-87.25291537754502,Montgomery,2.73,36.5949,-87.2533,0.036804079901321056
2024-05-11 08:33:00,708931360,3.6361922448673716,1.7242602861859082,5.548124203548835,36.59478086320661,-87.25291537754502,Montgomery,-0.17,36.5949,-87.2533,0.036804079901321056
2024-05-11 08:34:00,708931360,1.166067936810149,0.5496241924597668,1.782511681160531,36.59478086320661,-87.25291537754502,Montgomery,1.99,36.5949,-87.2533,0.036804079901321056
2024-05-11 08:35:00,708931360,1.1340229673553865,0.5025174024290502,1.765528532281723,36.59478086320661,-87.25291537754502,Montgomery,0.73,36.5949,-87.2533,0.036804079901321056
2024-05-11 08:36:00,708931360,-0.26828500780234354,-0.4863764218480149,-0.050193593756672206,36.59478086320661,-87.25291537754502,Montgomery,0.57,36.5949,-87.2533,0.036804079901321056
2024-05-11 08:37:00,708931360,-1.221230576435725,-1.8833061346681639,-0.5591550182032861,36.59478086320661,-87.25291537754502,Montgomery,-0.21,36.5949,-87.2533,0.036804079901321056
2024-05-11 08:38:00,708931360,-1.003175396971722,-1.5242961967912083,-0.48205459715223586,36.59478086320661,-87.25291537754502,Montgomery,-5.43,36.5949,-87.2533,0.036804079901321056
2024-05-11 08:39:00,708931360,-0.09115434910500723,-0.14914785294213584,-0.03316084526787864,36.59478086320661,-87.25291537754502,Montgomery,-6.59,36.5949,-87.2533,0.036804079901321056
2024-05-11 08:40:00,708931360,-1.0376094621349417,-1.5795107406312456,-0.4957081836386378,36.59478086320661,-87.25291537754502,Montgomery,-3.37,36.5949,-87.2533,0.036804079901321056
2024-05-11 08:41:00,708931360,-0.2942446196955958,-0.4435376221801891,-0.14495161721100247,36.59478086320661,-87.25291537754502,Montgomery,-0.28,36.5949,-87.2533,0.036804079901321056
2024-05-11 08:42:00,708931360,1.0147048288525635,0.4735067470401758,1.5559029106649511,36.59478086320661,-87.25291537754502,Montgomery,-0.74,36.5949,-87.2533,0.036804079901321056
2024-05-11 08:43:00,708931360,1.3229720048363645,0.6257477485646479,2.0201962611080813,36.59478086320661,-87.25291537754502,Montgomery,0.37,36.5949,-87.2533,0.036804079901321056
2024-05-11 08:44:00,708931360,1.4832308448966065,0.6999369715572926,2.2665247182359205,36.59478086320661,-87.25291537754502,Montgomery,3.06,36.5949,-87.2533,0.036804079901321056
2024-05-11 08:45:00,708931360,0.4999102228808387,0.22669817820350008,0.7731222675581773,36.59478086320661,-87.25291537754502,Montgomery,-1.26,36.5949,-87.2533,0.036804079901321056
2024-05-11 08:46:00,708931360,-2.3947331458330154,-3.6509683045650054,-1.1384979871010255,36.59478086320661,-87.25291537754502,Montgomery,5.55,36.5949,-87.2533,0.036804079901321056
2024-05-11 08:47:00,708931360,-0.3940050665004398,-0.6457915391796603,-0.14221859382121937,36.59478086320661,-87.25291537754502,Montgomery,7.14,36.5949,-87.2533,0.036804079901321056
2024-05-11 08:48:00,708931360,-1.0877042341893328,-1.680914984800649,-0.4944934835780167,36.59478086320661,-87.25291537754502,Montgomery,12.63,36.5949,-87.2533,0.036804079901321056
2024-05-11 08:49:00,708931360,-1.1194693162234355,-1.7269280524488,-0.512010579998071,36.59478086320661,-87.25291537754502,Montgomery,17.64,36.5949,-87.2533,0.036804079901321056
2024-05-11 08:50:00,708931360,-0.8755521844129515,-1.375718828706323,-0.37538554011958003,36.59478086320661,-87.25291537754502,Montgomery,15.61,36.5949,-87.2533,0.036804079901321056
2024-05-11 08:51:00,708931360,-2.3574051068241433,-3.6264554303098038,-1.0883547833384826,36.59478086320661,-87.25291537754502,Montgomery,11.95,36.5949,-87.2533,0.036804079901321056
2024-05-11 08:52:00,708931360,-2.738847107208686,-4.187178544688326,-1.290515669729046,36.59478086320661,-87.25291537754502,Montgomery,9.11,36.5949,-87.2533,0.036804079901321056
2024-05-11 08:53:00,708931360,-2.7812503968881335,-4.243924002426271,-1.3185767913499957,36.59478086320661,-87.25291537754502,Montgomery,15.03,36.5949,-87.2533,0.036804079901321056
2024-05-11 08:54:00,708931360,-0.19323589147340195,-0.3387137005436184,-0.04775808240318552,36.59478086320661,-87.25291537754502,Montgomery,16.0,36.5949,-87.2533,0.036804079901321056
2024-05-11 08:55:00,708931360,1.4168221228890223,0.6696128327948325,2.164031412983212,36.59478086320661,-87.25291537754502,Montgomery,12.46,36.5949,-87.2533,0.036804079901321056
2024-05-11 08:56:00,708931360,-0.2674132137307559,-0.4473975246259635,-0.0874289028355483,36.59478086320661,-87.25291537754502,Montgomery,8.1,36.5949,-87.2533,0.036804079901321056
2024-05-11 08:57:00,708931360,0.48551253188065346,0.18171853930781046,0.7893065244534965,36.59478086320661,-87.25291537754502,Montgomery,0.74,36.5949,-87.2533,0.036804079901321056
2024-05-11 08:58:00,708931360,2.1127173174639466,0.9996901250720471,3.225744509855846,36.59478086320661,-87.25291537754502,Montgomery,-3.17,36.5949,-87.2533,0.036804079901321056
2024-05-11 08:59:00,708931360,0.5901311483423233,0.1893597267661244,0.9909025699185221,36.59478086320661,-87.25291537754502,Montgomery,-4.77,36.5949,-87.2533,0.036804079901321056
2024-05-11 09:00:00,708931360,0.7506625516827972,0.33603509801939346,1.165290005346201,36.59478086320661,-87.25291537754502,Montgomery,-4.18,36.5949,-87.2533,0.036804079901321056
2024-05-11 09:01:00,708931360,0.2855239714516845,0.12837911398007318,0.44266882892329584,36.59478086320661,-87.25291537754502,Montgomery,-5.95,36.5949,-87.2533,0.036804079901321056
2024-05-11 09:02:00,708931360,0.9835583501018964,0.42227527480520155,1.5448414253985914,36.59478086320661,-87.25291537754502,Montgomery,-7.69,36.5949,-87.2533,0.036804079901321056
2024-05-11 09:03:00,708931360,0.5719412809732676,0.25604465676976185,0.8878379051767733,36.59478086320661,-87.25291537754502,Montgomery,-10.11,36.5949,-87.2533,0.036804079901321056
2024-05-11 09:04:00,708931360,-1.037821969756726,-1.590597839162575,-0.4850461003508768,36.59478086320661,-87.25291537754502,Montgomery,-12.32,36.5949,-87.2533,0.036804079901321056
2024-05-11 09:05:00,708931360,0.4575516431823485,0.19395459781563118,0.7211486885490658,36.59478086320661,-87.25291537754502,Montgomery,-11.85,36.5949,-87.2533,0.036804079901321056
2024-05-11 09:06:00,708931360,1.5074799101395482,0.7167031495009571,2.298256670778139,36.59478086320661,-87.25291537754502,Montgomery,-9.87,36.5949,-87.2533,0.036804079901321056
2024-05-11 09:07:00,708931360,-1.9634807786779107,-3.002091372538979,-0.9248701848168426,36.59478086320661,-87.25291537754502,Montgomery,-8.83,36.5949,-87.2533,0.036804079901321056
2024-05-11 09:08:00,708931360,1.3920018346361667,0.6753126296493265,2.108691039623007,36.59478086320661,-87.25291537754502,Montgomery,-8.33,36.5949,-87.2533,0.036804079901321056
2024-05-11 09:09:00,708931360,6.166056961584416,2.951977038346724,9.380136884822107,36.59478086320661,-87.25291537754502,Montgomery,-6.17,36.5949,-87.2533,0.036804079901321056
2024-05-11 09:10:00,708931360,4.157884444887364,1.9966482833809605,6.319120606393769,36.59478086320661,-87.25291537754502,Montgomery,-3.05,36.5949,-87.2533,0.036804079901321056
2024-05-11 09:11:00,708931360,1.5300729699376832,0.7452842298129561,2.3148617100624103,36.59478086320661,-87.25291537754502,Montgomery,-1.64,36.5949,-87.2533,0.036804079901321056
2024-05-11 09:12:00,708931360,0.6950555497729091,0.34573930396958896,1.0443717955762293,36.59478086320661,-87.25291537754502,Montgomery,-0.89,36.5949,-87.2533,0.036804079901321056
2024-05-11 09:13:00,708931360,-0.40338230029887573,-0.6424325216789305,-0.16433207891882093,36.59478086320661,-87.25291537754502,Montgomery,0.35,36.5949,-87.2533,0.036804079901321056
2024-05-11 09:14:00,708931360,-0.3518804905254553,-0.5619351870194923,-0.14182579403141823,36.59478086320661,-87.25291537754502,Montgomery,1.69,36.5949,-87.2533,0.036804079901321056
2024-05-11 09:15:00,708931360,-1.0984909886781378,-1.6989339113049593,-0.49804806605131624,36.59478086320661,-87.25291537754502,Montgomery,1.4,36.5949,-87.2533,0.036804079901321056
2024-05-11 09:16:00,708931360,-1.0121516718308587,-1.5712095373543487,-0.45309380630736873,36.59478086320661,-87.25291537754502,Montgomery,1.3,36.5949,-87.2533,0.036804079901321056
2024-05-11 09:17:00,708931360,-1.8800579490382832,-2.9145091801602883,-0.8456067179162781,36.59478086320661,-87.25291537754502,Montgomery,-0.33,36.5949,-87.2533,0.036804079901321056
2024-05-11 09:18:00,708931360,-2.4124089097090646,-3.691244657509074,-1.133573161909055,36.59478086320661,-87.25291537754502,Montgomery,3.85,36.5949,-87.2533,0.036804079901321056
2024-05-11 09:19:00,708931360,-2.4178995676595427,-3.6807462559392685,-1.155052879379817,36.59478086320661,-87.25291537754502,Montgomery,2.44,36.5949,-87.2533,0.036804079901321056
2024-05-11 09:20:00,708931360,-4.093937877304199,-6.239045967462264,-1.9488297871461335,36.59478086320661,-87.25291537754502,Montgomery,3.95,36.5949,-87.2533,0.036804079901321056
2024-05-11 09:21:00,708931360,-2.9517862422198915,-4.49931266728942,-1.4042598171503626,36.59478086320661,-87.25291537754502,Montgomery,0.72,36.5949,-87.2533,0.036804079901321056
2024-05-11 09:22:00,708931360,-2.935611673880527,-4.478927844614031,-1.3922955031470234,36.59478086320661,-87.25291537754502,Montgomery,1.65,36.5949,-87.2533,0.036804079901321056
2024-05-11 09:23:00,708931360,-2.2441028137843038,-3.4220163109218618,-1.0661893166467455,36.59478086320661,-87.25291537754502,Montgomery,-0.43,36.5949,-87.2533,0.036804079901321056
2024-05-11 09:24:00,708931360,-1.9855338593579905,-3.0280933946444404,-0.9429743240715407,36.59478086320661,-87.25291537754502,Montgomery,-1.44,36.5949,-87.2533,0.036804079901321056
2024-05-11 09:25:00,708931360,-2.6806972397778437,-4.079908335715594,-1.2814861438400942,36.59478086320661,-87.25291537754502,Montgomery,0.19,36.5949,-87.2533,0.036804079901321056
2024-05-11 09:26:00,708931360,-1.431369035295269,-2.1785409544232124,-0.6841971161673259,36.59478086320661,-87.25291537754502,Montgomery,2.38,36.5949,-87.2533,0.036804079901321056
2024-05-11 09:27:00,708931360,0.037076475819483166,-0.20251551053787759,0.27666846217684393,36.59478086320661,-87.25291537754502,Montgomery,-2.18,36.5949,-87.2533,0.036804079901321056
2024-05-11 09:28:00,708931360,-1.6414707596533415,-2.5211182909757257,-0.7618232283309574,36.59478086320661,-87.25291537754502,Montgomery,-3.15,36.5949,-87.2533,0.036804079901321056
2024-05-11 09:29:00,708931360,-0.23843078338789092,-0.3984078750291669,-0.07845369174661493,36.59478086320661,-87.25291537754502,Montgomery,-0.98,36.5949,-87.2533,0.036804079901321056
2024-05-11 09:30:00,708931360,-0.7459276927704223,-1.1307700321295533,-0.3610853534112913,36.59478086320661,-87.25291537754502,Montgomery,-0.15,36.5949,-87.2533,0.036804079901321056
2024-05-11 09:31:00,708931360,0.11049504541285175,0.005925957391934508,0.215064133433769,36.59478086320661,-87.25291537754502,Montgomery,0.58,36.5949,-87.2533,0.036804079901321056
2024-05-11 09:32:00,708931360,-0.2877320297818659,-0.46241489137001596,-0.11304916819371585,36.59478086320661,-87.25291537754502,Montgomery,-2.25,36.5949,-87.2533,0.036804079901321056
2024-05-11 09:33:00,708931360,-2.4621109273319686,-3.7454249250409473,-1.1787969296229899,36.59478086320661,-87.25291537754502,Montgomery,-4.02,36.5949,-87.2533,0.036804079901321056
2024-05-11 09:34:00,708931360,-1.2733685120001883,-1.9763083856701977,-0.5704286383301789,36.59478086320661,-87.25291537754502,Montgomery,-4.66,36.5949,-87.2533,0.036804079901321056
2024-05-11 09:35:00,708931360,-3.6552585143934966,-5.571399744064532,-1.7391172847224612,36.59478086320661,-87.25291537754502,Montgomery,-1.03,36.5949,-87.2533,0.036804079901321056
2024-05-11 09:36:00,708931360,-5.550305816906278,-8.455481548180167,-2.6451300856323887,36.59478086320661,-87.25291537754502,Montgomery,5.95,36.5949,-87.2533,0.036804079901321056
2024-05-11 09:37:00,708931360,-5.927821794977612,-9.030624294445616,-2.825019295509609,36.59478086320661,-87.25291537754502,Montgomery,5.94,36.5949,-87.2533,0.036804079901321056
2024-05-11 09:38:00,708931360,-5.188841597935684,-7.890844184475643,-2.486839011395725,36.59478086320661,-87.25291537754502,Montgomery,6.15,36.5949,-87.2533,0.036804079901321056
2024-05-11 09:39:00,708931360,-4.711181774817145,-7.162829937796067,-2.2595336118382234,36.59478086320661,-87.25291537754502,Montgomery,5.05,36.5949,-87.2533,0.036804079901321056
2024-05-11 09:40:00,708931360,-6.665326417996816,-10.137286101279525,-3.1933667347141075,36.59478086320661,-87.25291537754502,Montgomery,10.37,36.5949,-87.2533,0.036804079901321056
2024-05-11 09:41:00,708931360,-2.0608641653383537,-3.2126228317168106,-0.9091054989598968,36.59478086320661,-87.25291537754502,Montgomery,11.24,36.5949,-87.2533,0.036804079901321056
2024-05-11 09:42:00,708931360,-2.368636498561498,-3.6946650093127547,-1.042607987810241,36.59478086320661,-87.25291537754502,Montgomery,3.19,36.5949,-87.2533,0.036804079901321056
2024-05-11 09:43:00,708931360,-2.805122142975081,-4.294223032266956,-1.3160212536832063,36.59478086320661,-87.25291537754502,Montgomery,1.53,36.5949,-87.2533,0.036804079901321056
2024-05-11 09:44:00,708931360,-4.977834171165344,-7.5736988552892,-2.381969487041488,36.59478086320661,-87.25291537754502,Montgomery,5.05,36.5949,-87.2533,0.036804079901321056
2024-05-11 09:45:00,708931360,-1.8897536528660894,-2.8758053260510104,-0.9037019796811686,36.59478086320661,-87.25291537754502,Montgomery,0.41,36.5949,-87.2533,0.036804079901321056
2024-05-11 09:46:00,708931360,-2.1191673995425138,-3.223689505890019,-1.0146452931950083,36.59478086320661,-87.25291537754502,Montgomery,-0.25,36.5949,-87.2533,0.036804079901321056
2024-05-11 09:47:00,708931360,-0.9916725552834589,-1.5877328552545453,-0.39561225531237243,36.59478086320661,-87.25291537754502,Montgomery,0.14,36.5949,-87.2533,0.036804079901321056
2024-05-11 09:48:00,708931360,-1.2557243377654195,-1.9380517854798045,-0.5733968900510346,36.59478086320661,-87.25291537754502,Montgomery,0.28,36.5949,-87.2533,0.036804079901321056
2024-05-11 09:49:00,708931360,-1.2653847995684933,-1.9394157043059002,-0.5913538948310865,36.59478086320661,-87.25291537754502,Montgomery,-6.58,36.5949,-87.2533,0.036804079901321056
2024-05-11 09:50:00,708931360,0.03264595487052245,-0.08625972560565491,0.1515516353466998,36.59478086320661,-87.25291537754502,Montgomery,-7.24,36.5949,-87.2533,0.036804079901321056
2024-05-11 09:51:00,708931360,1.2278789786451536,0.5113984522910364,1.9443595049992708,36.59478086320661,-87.25291537754502,Montgomery,-4.55,36.5949,-87.2533,0.036804079901321056
2024-05-11 09:52:00,708931360,0.6442715071887478,0.2357817847042209,1.0527612296732747,36.59478086320661,-87.25291537754502,Montgomery,-0.93,36.5949,-87.2533,0.036804079901321056
2024-05-11 09:53:00,708931360,-0.40890179250043884,-0.6565612013628318,-0.16124238363804588,36.59478086320661,-87.25291537754502,Montgomery,-2.73,36.5949,-87.2533,0.036804079901321056
2024-05-11 09:54:00,708931360,-1.7000218016922037,-2.6018025301094534,-0.7982410732749543,36.59478086320661,-87.25291537754502,Montgomery,-5.55,36.5949,-87.2533,0.036804079901321056
2024-05-11 09:55:00,708931360,-0.846107063951545,-1.302051311397034,-0.390162816506056,36.59478086320661,-87.25291537754502,Montgomery,-2.61,36.5949,-87.2533,0.036804079901321056
2024-05-11 09:56:00,708931360,2.044803738687421,0.9827306124685258,3.106876864906316,36.59478086320661,-87.25291537754502,Montgomery,-6.94,36.5949,-87.2533,0.036804079901321056
2024-05-11 09:57:00,708931360,2.703600166183441,1.2913874061346142,4.115812926232268,36.59478086320661,-87.25291537754502,Montgomery,-4.98,36.5949,-87.2533,0.036804079901321056
2024-05-11 09:58:00,708931360,5.5470144400620525,2.643154730211272,8.450874149912833,36.59478086320661,-87.25291537754502,Montgomery,-5.19,36.5949,-87.2533,0.036804079901321056
2024-05-11 09:59:00,708931360,2.982531757114973,1.43807651944661,4.5269869947833365,36.59478086320661,-87.25291537754502,Montgomery,-2.07,36.5949,-87.2533,0.036804079901321056
2024-05-11 10:00:00,708931360,2.3702812446678116,1.148907538970412,3.5916549503652115,36.59478086320661,-87.25291537754502,Montgomery,-3.91,36.5949,-87.2533,0.036804079901321056
2024-05-11 10:01:00,708931360,2.4899064297029248,1.2033696279304344,3.7764432314754153,36.59478086320661,-87.25291537754502,Montgomery,-3.94,36.5949,-87.2533,0.036804079901321056
2024-05-11 10:02:00,708931360,1.783269181707524,0.869401897564265,2.697136465850783,36.59478086320661,-87.25291537754502,Montgomery,-2.33,36.5949,-87.2533,0.036804079901321056
2024-05-11 10:03:00,708931360,3.3165355123682203,1.603203299684095,5.029867725052346,36.59478086320661,-87.25291537754502,Montgomery,-3.15,36.5949,-87.2533,0.036804079901321056
2024-05-11 10:04:00,708931360,1.7983989022632934,0.8539435799477361,2.7428542245788505,36.59478086320661,-87.25291537754502,Montgomery,-1.84,36.5949,-87.2533,0.036804079901321056
2024-05-11 10:05:00,708931360,0.21427404786778712,0.004247150739726674,0.4243009449958476,36.59478086320661,-87.25291537754502,Montgomery,-1.02,36.5949,-87.2533,0.036804079901321056
2024-05-11 10:06:00,708931360,0.4024836971188334,0.0775287868838847,0.7274386073537822,36.59478086320661,-87.25291537754502,Montgomery,1.0,36.5949,-87.2533,0.036804079901321056
2024-05-11 10:07:00,708931360,0.10580421021176219,-0.11643256402292397,0.32804098444644836,36.59478086320661,-87.25291537754502,Montgomery,1.82,36.5949,-87.2533,0.036804079901321056
2024-05-11 10:08:00,708931360,0.5218221880375924,0.2034236065671819,0.8402207695080028,36.59478086320661,-87.25291537754502,Montgomery,0.31,36.5949,-87.2533,0.036804079901321056
2024-05-11 10:09:00,708931360,0.4706293431518863,0.1624344241981161,0.7788242621056565,36.59478086320661,-87.25291537754502,Montgomery,-1.07,36.5949,-87.2533,0.036804079901321056
2024-05-11 10:10:00,708931360,1.9704001876811512,0.9444455793749835,2.996354795987319,36.59478086320661,-87.25291537754502,Montgomery,-2.38,36.5949,-87.2533,0.036804079901321056
2024-05-11 10:11:00,708931360,2.812944847266458,1.3474093750159784,4.278480319516938,36.59478086320661,-87.25291537754502,Montgomery,-1.15,36.5949,-87.2533,0.036804079901321056
2024-05-11 10:12:00,708931360,3.8757894395063994,1.8614753139797906,5.890103565033009,36.59478086320661,-87.25291537754502,Montgomery,-0.27,36.5949,-87.2533,0.036804079901321056
2024-05-11 10:13:00,708931360,2.5103398072299896,1.2120254888532913,3.808654125606688,36.59478086320661,-87.25291537754502,Montgomery,-2.9,36.5949,-87.2533,0.036804079901321056
2024-05-11 10:14:00,708931360,1.7237648343653382,0.8386177959527393,2.608911872777937,36.59478086320661,-87.25291537754502,Montgomery,-2.08,36.5949,-87.2533,0.036804079901321056
2024-05-11 10:15:00,708931360,1.1952144064112475,0.5821016532317976,1.8083271595906973,36.59478086320661,-87.25291537754502,Montgomery,-3.31,36.5949,-87.2533,0.036804079901321056
2024-05-11 10:16:00,708931360,1.30504975676826,0.6373548624958981,1.972744651040622,36.59478086320661,-87.25291537754502,Montgomery,-3.54,36.5949,-87.2533,0.036804079901321056
2024-05-11 10:17:00,708931360,1.080371114960363,0.521268175510477,1.639474054410249,36.59478086320661,-87.25291537754502,Montgomery,-2.62,36.5949,-87.2533,0.036804079901321056
2024-05-11 10:18:00,708931360,-0.97884681089612,-1.507363080240773,-0.450330541551467,36.59478086320661,-87.25291537754502,Montgomery,-1.03,36.5949,-87.2533,0.036804079901321056
2024-05-11 10:19:00,708931360,-0.5819638967963361,-0.9092642008040704,-0.25466359278860173,36.59478086320661,-87.25291537754502,Montgomery,-4.21,36.5949,-87.2533,0.036804079901321056
2024-05-11 10:20:00,708931360,0.8238450551503583,0.4015720684818193,1.2461180418188973,36.59478086320661,-87.25291537754502,Montgomery,-3.91,36.5949,-87.2533,0.036804079901321056
2024-05-11 10:21:00,708931360,1.9321341926189965,0.9308963612609802,2.9333720239770127,36.59478086320661,-87.25291537754502,Montgomery,-5.73,36.5949,-87.2533,0.036804079901321056
2024-05-11 10:22:00,708931360,1.458947191114087,0.7037120771194371,2.214182305108737,36.59478086320661,-87.25291537754502,Montgomery,-7.58,36.5949,-87.2533,0.036804079901321056
2024-05-11 10:23:00,708931360,0.9363974314696508,0.4587218814132203,1.4140729815260813,36.59478086320661,-87.25291537754502,Montgomery,-5.88,36.5949,-87.2533,0.036804079901321056
2024-05-11 10:24:00,708931360,2.156529973942628,1.0358714072139839,3.277188540671272,36.59478086320661,-87.25291537754502,Montgomery,-5.1,36.5949,-87.2533,0.036804079901321056
2024-05-11 10:25:00,708931360,1.3191170234864527,0.6384067101692443,1.999827336803661,36.59478086320661,-87.25291537754502,Montgomery,-6.04,36.5949,-87.2533,0.036804079901321056
2024-05-11 10:26:00,708931360,0.8711171198500913,0.4222880344427378,1.3199462052574449,36.59478086320661,-87.25291537754502,Montgomery,-6.01,36.5949,-87.2533,0.036804079901321056
2024-05-11 10:27:00,708931360,0.9222074827660146,0.45057815772618914,1.39383680780584,36.59478086320661,-87.25291537754502,Montgomery,-3.83,36.5949,-87.2533,0.036804079901321056
2024-05-11 10:28:00,708931360,1.3028142235666644,0.6277991776049631,1.9778292695283657,36.59478086320661,-87.25291537754502,Montgomery,-3.5,36.5949,-87.2533,0.036804079901321056
2024-05-11 10:29:00,708931360,1.3882024040478362,0.6643662756989267,2.112038532396746,36.59478086320661,-87.25291537754502,Montgomery,-2.69,36.5949,-87.2533,0.036804079901321056
2024-05-11 10:30:00,708931360,1.3131476236147839,0.6294027726021872,1.9968924746273804,36.59478086320661,-87.25291537754502,Montgomery,-6.22,36.5949,-87.2533,0.036804079901321056
2024-05-11 10:31:00,708931360,1.6973737068773356,0.8161634647109896,2.5785839490436815,36.59478086320661,-87.25291537754502,Montgomery,-5.46,36.5949,-87.2533,0.036804079901321056
2024-05-11 10:32:00,708931360,2.956627882219662,1.4072161389256477,4.506039625513676,36.59478086320661,-87.25291537754502,Montgomery,-1.48,36.5949,-87.2533,0.036804079901321056
2024-05-11 10:33:00,708931360,1.187036663368531,0.5515646735950833,1.8225086531419787,36.59478086320661,-87.25291537754502,Montgomery,-6.27,36.5949,-87.2533,0.036804079901321056
2024-05-11 10:34:00,708931360,-0.22002576788689562,-0.3533497578647955,-0.08670177790899572,36.59478086320661,-87.25291537754502,Montgomery,-0.19,36.5949,-87.2533,0.036804079901321056
2024-05-11 10:35:00,708931360,-1.7146326520954047,-2.6236386742399382,-0.8056266299508714,36.59478086320661,-87.25291537754502,Montgomery,-0.24,36.5949,-87.2533,0.036804079901321056
2024-05-11 10:36:00,708931360,-1.2641884741702474,-1.9479175647546088,-0.5804593835858861,36.59478086320661,-87.25291537754502,Montgomery,2.26,36.5949,-87.2533,0.036804079901321056
2024-05-11 10:37:00,708931360,-2.0571892096154523,-3.1411344861840624,-0.9732439330468421,36.59478086320661,-87.25291537754502,Montgomery,2.63,36.5949,-87.2533,0.036804079901321056
2024-05-11 10:38:00,708931360,-1.947640883778327,-2.9645530267841904,-0.9307287407724634,36.59478086320661,-87.25291537754502,Montgomery,1.55,36.5949,-87.2533,0.036804079901321056
2024-05-11 10:39:00,708931360,-1.5827923908381534,-2.4167244923764084,-0.7488602892998986,36.59478086320661,-87.25291537754502,Montgomery,-2.72,36.5949,-87.2533,0.036804079901321056
2024-05-11 10:40:00,708931360,-0.8947146730240724,-1.361182546792915,-0.42824679925522974,36.59478086320661,-87.25291537754502,Montgomery,-1.17,36.5949,-87.2533,0.036804079901321056
2024-05-11 10:41:00,708931360,0.9010138857997674,0.3697823469932351,1.4322454246062997,36.59478086320661,-87.25291537754502,Montgomery,-6.48,36.5949,-87.2533,0.036804079901321056
2024-05-11 10:42:00,708931360,1.9752470133661288,0.9046082988407267,3.0458857278915312,36.59478086320661,-87.25291537754502,Montgomery,1.2,36.5949,-87.2533,0.036804079901321056
2024-05-11 10:43:00,708931360,2.4746286499469816,1.168357298702483,3.78090000119148,36.59478086320661,-87.25291537754502,Montgomery,-0.35,36.5949,-87.2533,0.036804079901321056
2024-05-11 10:44:00,708931360,2.9359161137745606,1.3928122978779038,4.479019929671217,36.59478086320661,-87.25291537754502,Montgomery,-2.67,36.5949,-87.2533,0.036804079901321056
2024-05-11 10:45:00,708931360,-1.641850028275734,-2.513280677741064,-0.7704193788104038,36.59478086320661,-87.25291537754502,Montgomery,-3.33,36.5949,-87.2533,0.036804079901321056
2024-05-11 10:46:00,708931360,0.46685183844424055,0.2235245334500414,0.7101791434384397,36.59478086320661,-87.25291537754502,Montgomery,-2.54,36.5949,-87.2533,0.036804079901321056
2024-05-11 10:47:00,708931360,1.6646666262105672,0.785252002561751,2.544081249859383,36.59478086320661,-87.25291537754502,Montgomery,3.31,36.5949,-87.2533,0.036804079901321056
2024-05-11 10:48:00,708931360,1.6135961388256448,0.7468074708126582,2.4803848068386314,36.59478086320661,-87.25291537754502,Montgomery,0.85,36.5949,-87.2533,0.036804079901321056
2024-05-11 10:49:00,708931360,0.6769637967095732,0.3069862998728298,1.0469412935463165,36.59478086320661,-87.25291537754502,Montgomery,3.21,36.5949,-87.2533,0.036804079901321056
2024-05-11 10:50:00,708931360,-0.7776519921830013,-1.2090893223955144,-0.3462146619704882,36.59478086320661,-87.25291537754502,Montgomery,0.87,36.5949,-87.2533,0.036804079901321056
2024-05-11 10:51:00,708931360,0.16218323104989768,0.03571811903510291,0.28864834306469245,36.59478086320661,-87.25291537754502,Montgomery,-0.41,36.5949,-87.2533,0.036804079901321056
2024-05-11 10:52:00,708931360,-0.397794429486195,-0.6269076907675545,-0.16868116820483545,36.59478086320661,-87.25291537754502,Montgomery,0.83,36.5949,-87.2533,0.036804079901321056
2024-05-11 10:53:00,708931360,-0.9471762480288931,-1.4315008635623239,-0.4628516324954623,36.59478086320661,-87.25291537754502,Montgomery,-0.06,36.5949,-87.2533,0.036804079901321056
2024-05-11 10:54:00,708931360,-0.7881045699875829,-1.2019666543194152,-0.3742424856557508,36.59478086320661,-87.25291537754502,Montgomery,2.38,36.5949,-87.2533,0.036804079901321056
2024-05-11 10:55:00,708931360,-2.4077737508598425,-3.6581596772739307,-1.157387824445754,36.59478086320661,-87.25291537754502,Montgomery,2.5,36.5949,-87.2533,0.036804079901321056
2024-05-11 10:56:00,708931360,-1.3412911538641554,-2.0372845718946806,-0.64529773583363,36.59478086320661,-87.25291537754502,Montgomery,4.04,36.5949,-87.2533,0.036804079901321056
2024-05-11 10:57:00,708931360,-3.136288834787102,-4.7820922929642045,-1.4904853766099995,36.59478086320661,-87.25291537754502,Montgomery,5.76,36.5949,-87.2533,0.036804079901321056
2024-05-11 10:58:00,708931360,-2.0508504964803396,-3.131908092372629,-0.9697929005880503,36.59478086320661,-87.25291537754502,Montgomery,4.76,36.5949,-87.2533,0.036804079901321056
2024-05-11 10:59:00,708931360,-2.642809001873609,-4.012160080579492,-1.2734579231677259,36.59478086320661,-87.25291537754502,Montgomery,2.79,36.5949,-87.2533,0.036804079901321056
2024-05-11 11:00:00,708931360,-2.2320777655749544,-3.388416451280028,-1.075739079869881,36.59478086320661,-87.25291537754502,Montgomery,7.31,36.5949,-87.2533,0.036804079901321056
2024-05-11 11:01:00,708931360,-1.0290789128208817,-1.5669159429276502,-0.4912418827141132,36.59478086320661,-87.25291537754502,Montgomery,4.38,36.5949,-87.2533,0.036804079901321056
2024-05-11 11:02:00,708931360,-2.719342341744586,-4.133765555826307,-1.3049191276628649,36.59478086320661,-87.25291537754502,Montgomery,6.45,36.5949,-87.2533,0.036804079901321056
2024-05-11 11:03:00,708931360,-2.084216076525904,-3.16700935280219,-1.001422800249618,36.59478086320661,-87.25291537754502,Montgomery,2.86,36.5949,-87.2533,0.036804079901321056
2024-05-11 11:04:00,708931360,-1.449174306110332,-2.1989078248404024,-0.6994407873802613,36.59478086320661,-87.25291537754502,Montgomery,0.26,36.5949,-87.2533,0.036804079901321056
2024-05-11 11:05:00,708931360,0.6005534185872724,0.2639750632779027,0.937131773896642,36.59478086320661,-87.25291537754502,Montgomery,0.07,36.5949,-87.2533,0.036804079901321056
2024-05-11 11:06:00,708931360,0.7948649434114861,0.36253108645547516,1.227198800367497,36.59478086320661,-87.25291537754502,Montgomery,-1.47,36.5949,-87.2533,0.036804079901321056
2024-05-11 11:07:00,708931360,1.6477545645265352,0.7553408491431789,2.5401682799098917,36.59478086320661,-87.25291537754502,Montgomery,-0.49,36.5949,-87.2533,0.036804079901321056
2024-05-11 11:08:00,708931360,1.1823264588076705,0.543078926849105,1.821573990766236,36.59478086320661,-87.25291537754502,Montgomery,1.33,36.5949,-87.2533,0.036804079901321056
2024-05-11 11:09:00,708931360,1.0303102913020845,0.45742087829375655,1.6031997043104125,36.59478086320661,-87.25291537754502,Montgomery,0.59,36.5949,-87.2533,0.036804079901321056
2024-05-11 11:10:00,708931360,0.9449521902257711,0.4229125619812324,1.46699181847031,36.59478086320661,-87.25291537754502,Montgomery,-0.43,36.5949,-87.2533,0.036804079901321056
2024-05-11 11:11:00,708931360,0.559022247325629,0.2225417797770855,0.8955027148741725,36.59478086320661,-87.25291537754502,Montgomery,1.02,36.5949,-87.2533,0.036804079901321056
2024-05-11 11:12:00,708931360,0.6283888290391156,0.2816646143462345,0.9751130437319968,36.59478086320661,-87.25291537754502,Montgomery,-0.26,36.5949,-87.2533,0.036804079901321056
2024-05-11 11:13:00,708931360,0.28838616266862993,0.1247021382708268,0.4520701870664331,36.59478086320661,-87.25291537754502,Montgomery,-1.64,36.5949,-87.2533,0.036804079901321056
2024-05-11 11:14:00,708931360,0.06675116674342009,0.008209639160977701,0.12529269432586249,36.59478086320661,-87.25291537754502,Montgomery,0.3,36.5949,-87.2533,0.036804079901321056
2024-05-11 11:15:00,708931360,0.24388262349878786,0.053483132371851594,0.43428211462572414,36.59478086320661,-87.25291537754502,Montgomery,-0.5,36.5949,-87.2533,0.036804079901321056
2024-05-11 11:16:00,708931360,-0.4173284594585505,-0.6393307199746641,-0.19532619894243694,36.59478086320661,-87.25291537754502,Montgomery,0.15,36.5949,-87.2533,0.036804079901321056
2024-05-11 11:17:00,708931360,-0.8301032708338076,-1.263724100996163,-0.3964824406714522,36.59478086320661,-87.25291537754502,Montgomery,0.88,36.5949,-87.2533,0.036804079901321056
2024-05-11 11:18:00,708931360,-0.3603122720508288,-0.550760220968258,-0.1698643231333995,36.59478086320661,-87.25291537754502,Montgomery,-1.56,36.5949,-87.2533,0.036804079901321056
2024-05-11 11:19:00,708931360,0.27048251837575726,0.054647373153139056,0.48631766359837547,36.59478086320661,-87.25291537754502,Montgomery,-1.24,36.5949,-87.2533,0.036804079901321056
2024-05-11 11:20:00,708931360,0.49968798956448646,0.2164078934010235,0.7829680857279494,36.59478086320661,-87.25291537754502,Montgomery,1.31,36.5949,-87.2533,0.036804079901321056
2024-05-11 11:21:00,708931360,0.5286163569248298,0.22560469864054072,0.8316280152091189,36.59478086320661,-87.25291537754502,Montgomery,-1.28,36.5949,-87.2533,0.036804079901321056
2024-05-11 11:22:00,708931360,1.0295760693929548,0.46684149164190536,1.592310647144004,36.59478086320661,-87.25291537754502,Montgomery,-2.46,36.5949,-87.2533,0.036804079901321056
2024-05-11 11:23:00,708931360,1.0109459003596974,0.4585797289590434,1.5633120717603515,36.59478086320661,-87.25291537754502,Montgomery,0.54,36.5949,-87.2533,0.036804079901321056
2024-05-11 11:24:00,708931360,0.5670499187843981,0.2699646185773901,0.8641352189914062,36.59478086320661,-87.25291537754502,Montgomery,-0.88,36.5949,-87.2533,0.036804079901321056
2024-05-11 11:25:00,708931360,-0.8074357462183276,-1.250295056678643,-0.36457643575801213,36.59478086320661,-87.25291537754502,Montgomery,-1.98,36.5949,-87.2533,0.036804079901321056
2024-05-11 11:26:00,708931360,-1.148779920920879,-1.7760484537983512,-0.5215113880434071,36.59478086320661,-87.25291537754502,Montgomery,-4.95,36.5949,-87.2533,0.036804079901321056
2024-05-11 11:27:00,708931360,0.45836094128321575,0.1632988721265124,0.7534230104399191,36.59478086320661,-87.25291537754502,Montgomery,-2.64,36.5949,-87.2533,0.036804079901321056
2024-05-11 11:28:00,708931360,1.0772390064648014,0.4803100350460757,1.6741679778835272,36.59478086320661,-87.25291537754502,Montgomery,-5.94,36.5949,-87.2533,0.036804079901321056
2024-05-11 11:29:00,708931360,1.7438667470607954,0.8191402585664669,2.668593235555124,36.59478086320661,-87.25291537754502,Montgomery,-2.69,36.5949,-87.2533,0.036804079901321056
2024-05-11 11:30:00,708931360,2.083543633116073,0.9987934345574121,3.1682938316747338,36.59478086320661,-87.25291537754502,Montgomery,-9.75,36.5949,-87.2533,0.036804079901321056
2024-05-11 11:31:00,708931360,1.673835575740194,0.7597169870810403,2.5879541643993473,36.59478086320661,-87.25291537754502,Montgomery,-3.25,36.5949,-87.2533,0.036804079901321056
2024-05-11 11:32:00,708931360,0.23956990927848196,-0.09927787925047973,0.5784176978074437,36.59478086320661,-87.25291537754502,Montgomery,0.45,36.5949,-87.2533,0.036804079901321056
2024-05-11 11:33:00,708931360,-0.8983391645261032,-1.363336115943127,-0.4333422131090795,36.59478086320661,-87.25291537754502,Montgomery,-5.01,36.5949,-87.2533,0.036804079901321056
2024-05-11 11:34:00,708931360,-0.15380168138406425,-0.4052131017646114,0.0976097389964829,36.59478086320661,-87.25291537754502,Montgomery,-10.21,36.5949,-87.2533,0.036804079901321056
2024-05-11 11:35:00,708931360,1.9637781415297475,0.8259647786499711,3.101591504409524,36.59478086320661,-87.25291537754502,Montgomery,-3.15,36.5949,-87.2533,0.036804079901321056
2024-05-11 11:36:00,708931360,3.7275187410694315,1.7848996923363754,5.670137789802488,36.59478086320661,-87.25291537754502,Montgomery,-4.6,36.5949,-87.2533,0.036804079901321056
2024-05-11 11:37:00,708931360,3.850188726667819,1.8297468396071204,5.870630613728517,36.59478086320661,-87.25291537754502,Montgomery,-0.36,36.5949,-87.2533,0.036804079901321056
2024-05-11 11:38:00,708931360,1.6967989970091963,0.7992974716313621,2.5943005223870306,36.59478086320661,-87.25291537754502,Montgomery,-1.54,36.5949,-87.2533,0.036804079901321056
2024-05-11 11:39:00,708931360,1.5499883049184031,0.7440003837510875,2.3559762260857187,36.59478086320661,-87.25291537754502,Montgomery,-1.37,36.5949,-87.2533,0.036804079901321056
2024-05-11 11:40:00,708931360,1.4149956930811542,0.6877075099967576,2.1422838761655507,36.59478086320661,-87.25291537754502,Montgomery,-6.57,36.5949,-87.2533,0.036804079901321056
2024-05-11 11:41:00,708931360,1.7169320894647997,0.8021203188460899,2.6317438600835095,36.59478086320661,-87.25291537754502,Montgomery,-5.38,36.5949,-87.2533,0.036804079901321056
2024-05-11 11:42:00,708931360,1.0124657974449478,0.46752119771674394,1.5574103971731517,36.59478086320661,-87.25291537754502,Montgomery,-3.38,36.5949,-87.2533,0.036804079901321056
2024-05-11 11:43:00,708931360,0.46693849911531643,0.19745921944204198,0.7364177787885908,36.59478086320661,-87.25291537754502,Montgomery,-2.08,36.5949,-87.2533,0.036804079901321056
2024-05-11 11:44:00,708931360,0.5472817421146569,0.26258583248989054,0.8319776517394232,36.59478086320661,-87.25291537754502,Montgomery,-0.46,36.5949,-87.2533,0.036804079901321056
2024-05-11 11:45:00,708931360,0.1924565933602611,0.0730996687116883,0.31181351800883395,36.59478086320661,-87.25291537754502,Montgomery,1.67,36.5949,-87.2533,0.036804079901321056
2024-05-11 11:46:00,708931360,1.3113190548373084,0.6199188922856215,2.002719217388995,36.59478086320661,-87.25291537754502,Montgomery,-2.73,36.5949,-87.2533,0.036804079901321056
2024-05-11 11:47:00,708931360,2.287713246243506,1.0924268911640518,3.4829996013229607,36.59478086320661,-87.25291537754502,Montgomery,-2.0,36.5949,-87.2533,0.036804079901321056
2024-05-11 11:48:00,708931360,0.21826042799734396,-0.08244194792494697,0.5189628039196349,36.59478086320661,-87.25291537754502,Montgomery,1.14,36.5949,-87.2533,0.036804079901321056
2024-05-11 11:49:00,708931360,-1.0523408843621023,-1.6009802417324221,-0.5037015269917824,36.59478086320661,-87.25291537754502,Montgomery,1.73,36.5949,-87.2533,0.036804079901321056
2024-05-11 11:50:00,708931360,-0.20040557856431096,-0.31933205950122434,-0.08147909762739755,36.59478086320661,-87.25291537754502,Montgomery,-0.12,36.5949,-87.2533,0.036804079901321056
2024-05-11 11:51:00,708931360,0.9735178768554268,0.45967724116433617,1.4873585125465174,36.59478086320661,-87.25291537754502,Montgomery,-1.39,36.5949,-87.2533,0.036804079901321056
2024-05-11 11:52:00,708931360,2.6303993569206177,1.2409472240863348,4.019851489754901,36.59478086320661,-87.25291537754502,Montgomery,-1.71,36.5949,-87.2533,0.036804079901321056
2024-05-11 11:53:00,708931360,2.757706794600682,1.3119356968472784,4.203477892354085,36.59478086320661,-87.25291537754502,Montgomery,1.09,36.5949,-87.2533,0.036804079901321056
2024-05-11 11:54:00,708931360,2.4636886463521566,1.1618316290780992,3.765545663626214,36.59478086320661,-87.25291537754502,Montgomery,-0.16,36.5949,-87.2533,0.036804079901321056
2024-05-11 11:55:00,708931360,1.1436111531379298,0.5480476575645541,1.7391746487113056,36.59478086320661,-87.25291537754502,Montgomery,2.11,36.5949,-87.2533,0.036804079901321056
2024-05-11 11:56:00,708931360,0.3295258952156357,0.15694980964083635,0.502101980790435,36.59478086320661,-87.25291537754502,Montgomery,2.57,36.5949,-87.2533,0.036804079901321056
2024-05-11 11:57:00,708931360,0.9599506979899243,0.4530276410898342,1.4668737548900144,36.59478086320661,-87.25291537754502,Montgomery,2.9,36.5949,-87.2533,0.036804079901321056
2024-05-11 11:58:00,708931360,-0.8821297075650784,-1.3741669124889322,-0.3900925026412246,36.59478086320661,-87.25291537754502,Montgomery,3.81,36.5949,-87.2533,0.036804079901321056
2024-05-11 11:59:00,708931360,-1.7978628653482087,-2.750337953858486,-0.8453877768379313,36.59478086320661,-87.25291537754502,Montgomery,4.23,36.5949,-87.2533,0.036804079901321056
2024-05-11 12:00:00,708931360,-1.9777411833536207,-3.016170761642867,-0.9393116050643744,36.59478086320661,-87.25291537754502,Montgomery,0.46,36.5949,-87.2533,0.036804079901321056
2024-05-11 12:01:00,708931360,-2.1336526747204756,-3.249101205643507,-1.0182041437974438,36.59478086320661,-87.25291537754502,Montgomery,4.75,36.5949,-87.2533,0.036804079901321056
2024-05-11 12:02:00,708931360,-1.6795748707261824,-2.54716119647674,-0.8119885449756244,36.59478086320661,-87.25291537754502,Montgomery,6.98,36.5949,-87.2533,0.036804079901321056
2024-05-11 12:03:00,708931360,-1.271871770851146,-1.9249310073752608,-0.6188125343270311,36.59478086320661,-87.25291537754502,Montgomery,5.65,36.5949,-87.2533,0.036804079901321056
2024-05-11 12:04:00,708931360,-0.5042064452808196,-0.7923270003554472,-0.216085890206192,36.59478086320661,-87.25291537754502,Montgomery,-0.73,36.5949,-87.2533,0.036804079901321056
2024-05-11 12:05:00,708931360,-0.22803202235515704,-0.34058265773255947,-0.11548138697775462,36.59478086320661,-87.25291537754502,Montgomery,3.94,36.5949,-87.2533,0.036804079901321056
2024-05-11 12:06:00,708931360,-0.7966570457042997,-1.208751588854775,-0.38456250255382446,36.59478086320661,-87.25291537754502,Montgomery,3.23,36.5949,-87.2533,0.036804079901321056
2024-05-11 12:07:00,708931360,0.6075869279319566,0.24929582099229747,0.9658780348716156,36.59478086320661,-87.25291537754502,Montgomery,-3.4,36.5949,-87.2533,0.036804079901321056
2024-05-11 12:08:00,708931360,1.1162923767294426,0.5183954006158668,1.7141893528430185,36.59478086320661,-87.25291537754502,Montgomery,2.0,36.5949,-87.2533,0.036804079901321056
2024-05-11 12:09:00,708931360,0.8326441216852077,0.3906573592672718,1.2746308841031437,36.59478086320661,-87.25291537754502,Montgomery,2.11,36.5949,-87.2533,0.036804079901321056
2024-05-11 12:10:00,708931360,-0.4600070286798933,-0.7057163684264415,-0.21429768893334508,36.59478086320661,-87.25291537754502,Montgomery,5.8,36.5949,-87.2533,0.036804079901321056
2024-05-11 12:11:00,708931360,-1.62004231776325,-2.4622578238608464,-0.7778268116656536,36.59478086320661,-87.25291537754502,Montgomery,6.86,36.5949,-87.2533,0.036804079901321056
2024-05-11 12:12:00,708931360,-1.4295742845549049,-2.1735048743171204,-0.6856436947926893,36.59478086320661,-87.25291537754502,Montgomery,4.73,36.5949,-87.2533,0.036804079901321056
2024-05-11 12:13:00,708931360,-1.2371032058814526,-1.8777366338085604,-0.5964697779543447,36.59478086320661,-87.25291537754502,Montgomery,3.62,36.5949,-87.2533,0.036804079901321056
2024-05-11 12:14:00,708931360,-0.3852872113238572,-0.6074714730162513,-0.16310294963146313,36.59478086320661,-87.25291537754502,Montgomery,4.7,36.5949,-87.2533,0.036804079901321056
2024-05-11 12:15:00,708931360,1.2933873389462442,0.6122787282424821,1.9744959496500063,36.59478086320661,-87.25291537754502,Montgomery,0.89,36.5949,-87.2533,0.036804079901321056
2024-05-11 12:16:00,708931360,1.0905978211696565,0.5166427807336185,1.6645528616056946,36.59478086320661,-87.25291537754502,Montgomery,0.03,36.5949,-87.2533,0.036804079901321056
2024-05-11 12:17:00,708931360,1.2827918130512301,0.6128785128780359,1.9527051132244244,36.59478086320661,-87.25291537754502,Montgomery,-1.45,36.5949,-87.2533,0.036804079901321056
2024-05-11 12:18:00,708931360,1.1934661290737891,0.571973957459834,1.8149583006877443,36.59478086320661,-87.25291537754502,Montgomery,0.95,36.5949,-87.2533,0.036804079901321056
2024-05-11 12:19:00,708931360,1.4407941006849938,0.6899684028055845,2.1916197985644033,36.59478086320661,-87.25291537754502,Montgomery,-0.77,36.5949,-87.2533,0.036804079901321056
2024-05-11 12:20:00,708931360,0.4368347731475219,0.21038426467425866,0.6632852816207851,36.59478086320661,-87.25291537754502,Montgomery,0.63,36.5949,-87.2533,0.036804079901321056
2024-05-11 12:21:00,708931360,-0.22713005438885817,-0.35594330108322203,-0.09831680769449427,36.59478086320661,-87.25291537754502,Montgomery,2.95,36.5949,-87.2533,0.036804079901321056
2024-05-11 12:22:00,708931360,-1.7386408762593186,-2.6474671944368673,-0.82981455808177,36.59478086320661,-87.25291537754502,Montgomery,3.75,36.5949,-87.2533,0.036804079901321056
2024-05-11 12:23:00,708931360,-0.7866043178431741,-1.1978767443936509,-0.37533189129269723,36.59478086320661,-87.25291537754502,Montgomery,4.75,36.5949,-87.2533,0.036804079901321056
2024-05-11 12:24:00,708931360,-0.8967091070706483,-1.3634527190496843,-0.42996549509161225,36.59478086320661,-87.25291537754502,Montgomery,6.4,36.5949,-87.2533,0.036804079901321056
2024-05-11 12:25:00,708931360,-0.8440119199318237,-1.2822467936943514,-0.405777046169296,36.59478086320661,-87.25291537754502,Montgomery,4.17,36.5949,-87.2533,0.036804079901321056
2024-05-11 12:26:00,708931360,-1.8560388568073352,-2.821195797292434,-0.890881916322236,36.59478086320661,-87.25291537754502,Montgomery,4.92,36.5949,-87.2533,0.036804079901321056
2024-05-11 12:27:00,708931360,-0.8026174013949301,-1.2194769378702643,-0.38575786491959585,36.59478086320661,-87.25291537754502,Montgomery,4.25,36.5949,-87.2533,0.036804079901321056
2024-05-11 12:28:00,708931360,-1.1441710818544926,-1.7358131174687466,-0.5525290462402386,36.59478086320661,-87.25291537754502,Montgomery,3.34,36.5949,-87.2533,0.036804079901321056
2024-05-11 12:29:00,708931360,-0.160933428710644,-0.24981195551035523,-0.07205490191093279,36.59478086320661,-87.25291537754502,Montgomery,3.17,36.5949,-87.2533,0.036804079901321056
2024-05-11 12:30:00,708931360,-0.3924259283792293,-0.6108595384171219,-0.1739923183413367,36.59478086320661,-87.25291537754502,Montgomery,1.66,36.5949,-87.2533,0.036804079901321056
2024-05-11 12:31:00,708931360,-1.7145908910799819,-2.6066115618626022,-0.8225702202973614,36.59478086320661,-87.25291537754502,Montgomery,2.26,36.5949,-87.2533,0.036804079901321056
2024-05-11 12:32:00,708931360,-1.3750908183182513,-2.0876341612098583,-0.662547475426644,36.59478086320661,-87.25291537754502,Montgomery,4.18,36.5949,-87.2533,0.036804079901321056
2024-05-11 12:33:00,708931360,-0.034543101841974705,-0.11502434231076145,0.045938138626812036,36.59478086320661,-87.25291537754502,Montgomery,1.58,36.5949,-87.2533,0.036804079901321056
2024-05-11 12:34:00,708931360,-0.3628118155911602,-0.6238658455813884,-0.10175778560093207,36.59478086320661,-87.25291537754502,Montgomery,1.08,36.5949,-87.2533,0.036804079901321056
2024-05-11 12:35:00,708931360,-0.17903352745885687,-0.31964396131419925,-0.03842309360351448,36.59478086320661,-87.25291537754502,Montgomery,3.74,36.5949,-87.2533,0.036804079901321056
2024-05-11 12:36:00,708931360,-1.6259082439623977,-2.4851331620950927,-0.7666833258297029,36.59478086320661,-87.25291537754502,Montgomery,5.01,36.5949,-87.2533,0.036804079901321056
2024-05-11 12:37:00,708931360,-1.7026823413019117,-2.5923086405228095,-0.8130560420810137,36.59478086320661,-87.25291537754502,Montgomery,6.94,36.5949,-87.2533,0.036804079901321056
2024-05-11 12:38:00,708931360,-2.078227175679758,-3.161634281088321,-0.9948200702711949,36.59478086320661,-87.25291537754502,Montgomery,5.64,36.5949,-87.2533,0.036804079901321056
2024-05-11 12:39:00,708931360,-2.439267393192253,-3.7231361905869975,-1.1553985957975086,36.59478086320661,-87.25291537754502,Montgomery,5.74,36.5949,-87.2533,0.036804079901321056
2024-05-11 12:40:00,708931360,-3.82508352903047,-5.835571982909455,-1.8145950751514848,36.59478086320661,-87.25291537754502,Montgomery,7.25,36.5949,-87.2533,0.036804079901321056
2024-05-11 12:41:00,708931360,-2.7529846588663176,-4.1902489693622,-1.3157203483704354,36.59478086320661,-87.25291537754502,Montgomery,7.46,36.5949,-87.2533,0.036804079901321056
2024-05-11 12:42:00,708931360,-0.3503553935707101,-0.6509105214681903,-0.04980026567322987,36.59478086320661,-87.25291537754502,Montgomery,1.66,36.5949,-87.2533,0.036804079901321056
2024-05-11 12:43:00,708931360,-2.445882348497783,-3.7181294042015436,-1.173635292794023,36.59478086320661,-87.25291537754502,Montgomery,2.78,36.5949,-87.2533,0.036804079901321056
2024-05-11 12:44:00,708931360,0.28153669188309105,-0.10606781478544852,0.6691411985516307,36.59478086320661,-87.25291537754502,Montgomery,2.39,36.5949,-87.2533,0.036804079901321056
2024-05-11 12:45:00,708931360,0.21769660231563961,0.04573927010892928,0.38965393452235,36.59478086320661,-87.25291537754502,Montgomery,-1.09,36.5949,-87.2533,0.036804079901321056
2024-05-11 12:46:00,708931360,0.40684287477854203,0.12063091784798274,0.6930548317091013,36.59478086320661,-87.25291537754502,Montgomery,-0.23,36.5949,-87.2533,0.036804079901321056
2024-05-11 12:47:00,708931360,-1.207806062185991,-1.8421909101370104,-0.5734212142349715,36.59478086320661,-87.25291537754502,Montgomery,0.75,36.5949,-87.2533,0.036804079901321056
2024-05-11 12:48:00,708931360,-1.1413740667218066,-1.7440407276619188,-0.5387074057816946,36.59478086320661,-87.25291537754502,Montgomery,3.65,36.5949,-87.2533,0.036804079901321056
2024-05-11 12:49:00,708931360,-1.4256249787866542,-2.1720006818731328,-0.6792492757001756,36.59478086320661,-87.25291537754502,Montgomery,3.27,36.5949,-87.2533,0.036804079901321056
2024-05-11 12:50:00,708931360,-1.1520953701323546,-1.7619472598199617,-0.5422434804447475,36.59478086320661,-87.25291537754502,Montgomery,0.45,36.5949,-87.2533,0.036804079901321056
2024-05-11 12:51:00,708931360,-1.5048783227689284,-2.2977069544211486,-0.7120496911167081,36.59478086320661,-87.25291537754502,Montgomery,1.69,36.5949,-87.2533,0.036804079901321056
2024-05-11 12:52:00,708931360,-0.7453398203890407,-1.165296014541828,-0.32538362623625333,36.59478086320661,-87.25291537754502,Montgomery,2.27,36.5949,-87.2533,0.036804079901321056
2024-05-11 12:53:00,708931360,-0.37878085261871364,-0.6287928799091547,-0.12876882532827266,36.59478086320661,-87.25291537754502,Montgomery,1.7,36.5949,-87.2533,0.036804079901321056
2024-05-11 12:54:00,708931360,-0.03211604570913865,-0.09497549252702717,0.030743401108749867,36.59478086320661,-87.25291537754502,Montgomery,1.23,36.5949,-87.2533,0.036804079901321056
2024-05-11 12:55:00,708931360,-0.28804762907592313,-0.44292975243612576,-0.13316550571572053,36.59478086320661,-87.25291537754502,Montgomery,2.13,36.5949,-87.2533,0.036804079901321056
2024-05-11 12:56:00,708931360,-0.636217945072109,-0.9769497339525761,-0.2954861561916419,36.59478086320661,-87.25291537754502,Montgomery,2.27,36.5949,-87.2533,0.036804079901321056
2024-05-11 12:57:00,708931360,0.3989421709564358,0.14121972246969738,0.6566646194431742,36.59478086320661,-87.25291537754502,Montgomery,-0.57,36.5949,-87.2533,0.036804079901321056
2024-05-11 12:58:00,708931360,0.9496796815784503,0.44227777229343923,1.4570815908634613,36.59478086320661,-87.25291537754502,Montgomery,-0.5,36.5949,-87.2533,0.036804079901321056
2024-05-11 12:59:00,708931360,-0.4837497059100618,-0.7875105714264461,-0.17998884039367746,36.59478086320661,-87.25291537754502,Montgomery,0.88,36.5949,-87.2533,0.036804079901321056
2024-05-11 13:00:00,708931360,-1.8295145695025385,-2.7978533074363936,-0.8611758315686837,36.59478086320661,-87.25291537754502,Montgomery,0.69,36.5949,-87.2533,0.036804079901321056
2024-05-11 13:01:00,708931360,-1.0082746450566071,-1.541415444318579,-0.47513384579463536,36.59478086320661,-87.25291537754502,Montgomery,0.39,36.5949,-87.2533,0.036804079901321056
2024-05-11 13:02:00,708931360,-1.1376729720134409,-1.7342717761260937,-0.541074167900788,36.59478086320661,-87.25291537754502,Montgomery,1.86,36.5949,-87.2533,0.036804079901321056
2024-05-11 13:03:00,708931360,-0.7903119250846079,-1.2136477026080799,-0.36697614756113595,36.59478086320661,-87.25291537754502,Montgomery,1.81,36.5949,-87.2533,0.036804079901321056
2024-05-11 13:04:00,708931360,-2.2671967965345314,-3.455969600882361,-1.078423992186702,36.59478086320661,-87.25291537754502,Montgomery,1.42,36.5949,-87.2533,0.036804079901321056
2024-05-11 13:05:00,708931360,-1.6880174169158166,-2.581784678117083,-0.7942501557145506,36.59478086320661,-87.25291537754502,Montgomery,1.51,36.5949,-87.2533,0.036804079901321056
2024-05-11 13:06:00,708931360,-0.28592395284102257,-0.498287165733301,-0.0735607399487441,36.59478086320661,-87.25291537754502,Montgomery,2.02,36.5949,-87.2533,0.036804079901321056
2024-05-11 13:07:00,708931360,1.2063669060405933,0.574169613923304,1.8385641981578824,36.59478086320661,-87.25291537754502,Montgomery,2.83,36.5949,-87.2533,0.036804079901321056
2024-05-11 13:08:00,708931360,1.6484076969727015,0.7857600906454725,2.5110553032999308,36.59478086320661,-87.25291537754502,Montgomery,0.75,36.5949,-87.2533,0.036804079901321056
2024-05-11 13:09:00,708931360,-0.15246278361620424,-0.2890208769009398,-0.015904690331468685,36.59478086320661,-87.25291537754502,Montgomery,0.76,36.5949,-87.2533,0.036804079901321056
2024-05-11 13:10:00,708931360,0.35342576157156946,0.12140852048214362,0.5854430026609954,36.59478086320661,-87.25291537754502,Montgomery,1.32,36.5949,-87.2533,0.036804079901321056
2024-05-11 13:11:00,708931360,0.19997813473198853,0.07263968814822841,0.32731658131574864,36.59478086320661,-87.25291537754502,Montgomery,-1.46,36.5949,-87.2533,0.036804079901321056
2024-05-11 13:12:00,708931360,1.8759632673590703,0.898693571941507,2.8532329627766337,36.59478086320661,-87.25291537754502,Montgomery,-2.71,36.5949,-87.2533,0.036804079901321056
2024-05-11 13:13:00,708931360,2.6980498070760928,1.2949808218253647,4.101118792326821,36.59478086320661,-87.25291537754502,Montgomery,-2.14,36.5949,-87.2533,0.036804079901321056
2024-05-11 13:14:00,708931360,5.166304056675064,2.474433410875535,7.858174702474593,36.59478086320661,-87.25291537754502,Montgomery,-1.13,36.5949,-87.2533,0.036804079901321056
2024-05-11 13:15:00,708931360,4.388996561979852,2.1090941192365724,6.668899004723131,36.59478086320661,-87.25291537754502,Montgomery,-0.79,36.5949,-87.2533,0.036804079901321056
2024-05-11 13:16:00,708931360,0.05007375167658842,-0.021597485278525043,0.12174498863170188,36.59478086320661,-87.25291537754502,Montgomery,1.51,36.5949,-87.2533,0.036804079901321056
2024-05-11 13:17:00,708931360,-1.3981332288457449,-2.155921840504212,-0.6403446171872775,36.59478086320661,-87.25291537754502,Montgomery,1.29,36.5949,-87.2533,0.036804079901321056
2024-05-11 13:18:00,708931360,-1.5806909404948288,-2.4255997903573543,-0.7357820906323034,36.59478086320661,-87.25291537754502,Montgomery,-0.01,36.5949,-87.2533,0.036804079901321056
2024-05-11 13:19:00,708931360,0.8547517770439162,0.42047714126325547,1.289026412824577,36.59478086320661,-87.25291537754502,Montgomery,1.73,36.5949,-87.2533,0.036804079901321056
2024-05-11 13:20:00,708931360,2.049624337321661,0.9792714607128323,3.1199772139304898,36.59478086320661,-87.25291537754502,Montgomery,3.7,36.5949,-87.2533,0.036804079901321056
2024-05-11 13:21:00,708931360,1.7672887165280278,0.8504718416750214,2.684105591381034,36.59478086320661,-87.25291537754502,Montgomery,3.28,36.5949,-87.2533,0.036804079901321056
2024-05-11 13:22:00,708931360,0.8528734209593082,0.4077978913910325,1.2979489505275839,36.59478086320661,-87.25291537754502,Montgomery,2.17,36.5949,-87.2533,0.036804079901321056
2024-05-11 13:23:00,708931360,1.6398266508129604,0.7907074448462463,2.4889458567796745,36.59478086320661,-87.25291537754502,Montgomery,2.25,36.5949,-87.2533,0.036804079901321056
2024-05-11 13:24:00,708931360,1.9344392249682791,0.928601163448092,2.9402772864884663,36.59478086320661,-87.25291537754502,Montgomery,1.94,36.5949,-87.2533,0.036804079901321056
2024-05-11 13:25:00,708931360,0.723473696221357,0.35400047967976117,1.092946912762953,36.59478086320661,-87.25291537754502,Montgomery,3.44,36.5949,-87.2533,0.036804079901321056
2024-05-11 13:26:00,708931360,0.0007646954933053328,-0.03016549753300806,0.03169488851961873,36.59478086320661,-87.25291537754502,Montgomery,2.58,36.5949,-87.2533,0.036804079901321056
2024-05-11 13:27:00,708931360,-0.5531605121298555,-0.8497404809748519,-0.2565805432848591,36.59478086320661,-87.25291537754502,Montgomery,-0.41,36.5949,-87.2533,0.036804079901321056
2024-05-11 13:28:00,708931360,-0.6971969482639774,-1.0671384064889675,-0.32725549003898724,36.59478086320661,-87.25291537754502,Montgomery,1.15,36.5949,-87.2533,0.036804079901321056
2024-05-11 13:29:00,708931360,-1.9008042528025602,-2.9051164850351725,-0.8964920205699476,36.59478086320661,-87.25291537754502,Montgomery,-0.18,36.5949,-87.2533,0.036804079901321056
2024-05-11 13:30:00,708931360,-2.171102617622206,-3.3135805751244987,-1.0286246601199136,36.59478086320661,-87.25291537754502,Montgomery,2.95,36.5949,-87.2533,0.036804079901321056
2024-05-11 13:31:00,708931360,-3.9722771114975512,-6.052696671412142,-1.8918575515829605,36.59478086320661,-87.25291537754502,Montgomery,3.36,36.5949,-87.2533,0.036804079901321056
2024-05-11 13:32:00,708931360,-2.4218783361701886,-3.6843680833015093,-1.1593885890388678,36.59478086320661,-87.25291537754502,Montgomery,8.1,36.5949,-87.2533,0.036804079901321056
2024-05-11 13:33:00,708931360,-1.4234611319546076,-2.1618860091875582,-0.6850362547216569,36.59478086320661,-87.25291537754502,Montgomery,3.85,36.5949,-87.2533,0.036804079901321056
2024-05-11 13:34:00,708931360,0.2760639037647492,0.060896666802010585,0.49123114072748786,36.59478086320661,-87.25291537754502,Montgomery,4.07,36.5949,-87.2533,0.036804079901321056
2024-05-11 13:35:00,708931360,-0.6146627703376982,-0.9356751130430111,-0.29365042763238536,36.59478086320661,-87.25291537754502,Montgomery,5.4,36.5949,-87.2533,0.036804079901321056
2024-05-11 13:36:00,708931360,-2.5036894717752083,-3.8131790963709356,-1.194199847179481,36.59478086320661,-87.25291537754502,Montgomery,6.25,36.5949,-87.2533,0.036804079901321056
2024-05-11 13:37:00,708931360,-1.044955352174216,-1.591429468611725,-0.4984812357367072,36.59478086320661,-87.25291537754502,Montgomery,1.45,36.5949,-87.2533,0.036804079901321056
2024-05-11 13:38:00,708931360,-2.000753754798911,-3.0457565085263427,-0.9557510010714789,36.59478086320661,-87.25291537754502,Montgomery,2.07,36.5949,-87.2533,0.036804079901321056
2024-05-11 13:39:00,708931360,-1.6760902603163867,-2.5525687062230396,-0.7996118144097341,36.59478086320661,-87.25291537754502,Montgomery,1.97,36.5949,-87.2533,0.036804079901321056
2024-05-11 13:40:00,708931360,-0.6567645242731238,-1.0118567069028397,-0.3016723416434079,36.59478086320661,-87.25291537754502,Montgomery,0.24,36.5949,-87.2533,0.036804079901321056
2024-05-11 13:41:00,708931360,0.5845115329220629,0.27662094486593236,0.8924021209781935,36.59478086320661,-87.25291537754502,Montgomery,-0.24,36.5949,-87.2533,0.036804079901321056
2024-05-11 13:42:00,708931360,0.6695191500040897,0.24061847266665626,1.098419827341523,36.59478086320661,-87.25291537754502,Montgomery,1.04,36.5949,-87.2533,0.036804079901321056
2024-05-11 13:43:00,708931360,2.206209886931163,1.0366048755114923,3.375814898350834,36.59478086320661,-87.25291537754502,Montgomery,0.73,36.5949,-87.2533,0.036804079901321056
2024-05-11 13:44:00,708931360,2.5010019895389566,1.1782605514569628,3.8237434276209505,36.59478086320661,-87.25291537754502,Montgomery,0.53,36.5949,-87.2533,0.036804079901321056
2024-05-11 13:45:00,708931360,2.182782334875418,1.023608424550612,3.3419562452002243,36.59478086320661,-87.25291537754502,Montgomery,-0.98,36.5949,-87.2533,0.036804079901321056
2024-05-11 13:46:00,708931360,0.8436833224912876,0.4079993750064027,1.2793672699761727,36.59478086320661,-87.25291537754502,Montgomery,-2.01,36.5949,-87.2533,0.036804079901321056
2024-05-11 13:47:00,708931360,-0.04459595167309158,-0.09354225276876876,0.004350349422585602,36.59478086320661,-87.25291537754502,Montgomery,0.16,36.5949,-87.2533,0.036804079901321056
2024-05-11 13:48:00,708931360,2.0396741494387016,0.9571560047983496,3.1221922940790536,36.59478086320661,-87.25291537754502,Montgomery,-0.81,36.5949,-87.2533,0.036804079901321056
2024-05-11 13:49:00,708931360,0.5550154803325433,0.2519331432527508,0.8580978174123359,36.59478086320661,-87.25291537754502,Montgomery,-2.21,36.5949,-87.2533,0.036804079901321056
2024-05-11 13:50:00,708931360,-0.8260663241380826,-1.2673189724477678,-0.3848136758283973,36.59478086320661,-87.25291537754502,Montgomery,-2.8,36.5949,-87.2533,0.036804079901321056
2024-05-11 13:51:00,708931360,-1.1659945504539144,-1.7972839127614073,-0.5347051881464215,36.59478086320661,-87.25291537754502,Montgomery,-0.64,36.5949,-87.2533,0.036804079901321056
2024-05-11 13:52:00,708931360,1.081910743744563,0.49162548760090063,1.6721959998882254,36.59478086320661,-87.25291537754502,Montgomery,-0.37,36.5949,-87.2533,0.036804079901321056
2024-05-11 13:53:00,708931360,0.8340854633571511,0.39148246215284505,1.2766884645614571,36.59478086320661,-87.25291537754502,Montgomery,-1.21,36.5949,-87.2533,0.036804079901321056
2024-05-11 13:54:00,708931360,-0.6739438981293959,-1.029718581561669,-0.3181692146971228,36.59478086320661,-87.25291537754502,Montgomery,3.41,36.5949,-87.2533,0.036804079901321056
2024-05-11 13:55:00,708931360,-2.521255060519211,-3.8411731085168874,-1.2013370125215344,36.59478086320661,-87.25291537754502,Montgomery,1.22,36.5949,-87.2533,0.036804079901321056
2024-05-11 13:56:00,708931360,-2.9896272969499864,-4.560758614681037,-1.4184959792189367,36.59478086320661,-87.25291537754502,Montgomery,-3.22,36.5949,-87.2533,0.036804079901321056
2024-05-11 13:57:00,708931360,-2.856186507615193,-4.3492883880162445,-1.3630846272141413,36.59478086320661,-87.25291537754502,Montgomery,1.27,36.5949,-87.2533,0.036804079901321056
2024-05-11 13:58:00,708931360,-2.3841327824371628,-3.6287211911071084,-1.139544373767217,36.59478086320661,-87.25291537754502,Montgomery,-1.34,36.5949,-87.2533,0.036804079901321056
2024-05-11 13:59:00,708931360,-2.2140196055392116,-3.3676043601864203,-1.060434850892003,36.59478086320661,-87.25291537754502,Montgomery,-0.12,36.5949,-87.2533,0.036804079901321056
2024-05-11 14:00:00,708931360,-0.9232740050956681,-1.3974588957545997,-0.44908911443673655,36.59478086320661,-87.25291537754502,Montgomery,4.12,36.5949,-87.2533,0.036804079901321056
2024-05-11 14:01:00,708931360,-1.270006521649304,-1.9265039012996201,-0.6135091419989879,36.59478086320661,-87.25291537754502,Montgomery,-0.93,36.5949,-87.2533,0.036804079901321056
2024-05-11 14:02:00,708931360,-1.4182007736187978,-2.1535851542852606,-0.6828163929523352,36.59478086320661,-87.25291537754502,Montgomery,1.6,36.5949,-87.2533,0.036804079901321056
2024-05-11 14:03:00,708931360,-0.5842362983586421,-0.8888071353943487,-0.27966546132293546,36.59478086320661,-87.25291537754502,Montgomery,-0.88,36.5949,-87.2533,0.036804079901321056
2024-05-11 14:04:00,708931360,-0.5241574669784322,-0.7965771060145304,-0.2517378279423342,36.59478086320661,-87.25291537754502,Montgomery,-2.74,36.5949,-87.2533,0.036804079901321056
2024-05-11 14:05:00,708931360,-0.18509226614877203,-0.331145788095628,-0.039038744201916054,36.59478086320661,-87.25291537754502,Montgomery,-1.6,36.5949,-87.2533,0.036804079901321056
2024-05-11 14:06:00,708931360,0.8476372980652727,0.39849677536356065,1.2967778207669847,36.59478086320661,-87.25291537754502,Montgomery,-1.29,36.5949,-87.2533,0.036804079901321056
2024-05-11 14:07:00,708931360,1.0854863861711685,0.5191634716226284,1.6518093007197088,36.59478086320661,-87.25291537754502,Montgomery,-2.17,36.5949,-87.2533,0.036804079901321056
2024-05-11 14:08:00,708931360,1.6663570617311598,0.7898725388989982,2.5428415845633214,36.59478086320661,-87.25291537754502,Montgomery,2.26,36.5949,-87.2533,0.036804079901321056
2024-05-11 14:09:00,708931360,2.0859032469278755,0.998096793321994,3.173709700533757,36.59478086320661,-87.25291537754502,Montgomery,-4.42,36.5949,-87.2533,0.036804079901321056
2024-05-11 14:10:00,708931360,1.712607055182982,0.8196598649361443,2.6055542454298197,36.59478086320661,-87.25291537754502,Montgomery,-2.94,36.5949,-87.2533,0.036804079901321056
2024-05-11 14:11:00,708931360,2.1522013418315757,1.0242243401134619,3.2801783435496894,36.59478086320661,-87.25291537754502,Montgomery,-0.69,36.5949,-87.2533,0.036804079901321056
2024-05-11 14:12:00,708931360,0.994671480715004,0.4809576597058399,1.508385301724168,36.59478086320661,-87.25291537754502,Montgomery,0.1,36.5949,-87.2533,0.036804079901321056
2024-05-11 14:13:00,708931360,1.4657669118827297,0.7068652707686383,2.224668552996821,36.59478086320661,-87.25291537754502,Montgomery,-0.95,36.5949,-87.2533,0.036804079901321056
2024-05-11 14:14:00,708931360,0.3276811388743117,0.11299329437950897,0.5423689833691144,36.59478086320661,-87.25291537754502,Montgomery,-1.69,36.5949,-87.2533,0.036804079901321056
2024-05-11 14:15:00,708931360,0.44575199875224936,0.21255169296427578,0.6789523045402229,36.59478086320661,-87.25291537754502,Montgomery,-3.16,36.5949,-87.2533,0.036804079901321056
2024-05-11 14:16:00,708931360,1.1858445292357402,0.567659953676331,1.8040291047951493,36.59478086320661,-87.25291537754502,Montgomery,-1.71,36.5949,-87.2533,0.036804079901321056
2024-05-11 14:17:00,708931360,1.0749937434392494,0.511480917307733,1.6385065695707657,36.59478086320661,-87.25291537754502,Montgomery,-2.98,36.5949,-87.2533,0.036804079901321056
2024-05-11 14:18:00,708931360,1.4730534545130758,0.7006471128893912,2.2454597961367604,36.59478086320661,-87.25291537754502,Montgomery,0.25,36.5949,-87.2533,0.036804079901321056
2024-05-11 14:19:00,708931360,1.849622371744243,0.8830459759642179,2.816198767524268,36.59478086320661,-87.25291537754502,Montgomery,-3.01,36.5949,-87.2533,0.036804079901321056
2024-05-11 14:20:00,708931360,2.7569333025135268,1.3245811505985816,4.189285454428472,36.59478086320661,-87.25291537754502,Montgomery,-5.61,36.5949,-87.2533,0.036804079901321056
2024-05-11 14:21:00,708931360,2.5658078110078932,1.235438878765675,3.8961767432501118,36.59478086320661,-87.25291537754502,Montgomery,-5.21,36.5949,-87.2533,0.036804079901321056
2024-05-11 14:22:00,708931360,3.042554975870091,1.4515249325966266,4.633585019143555,36.59478086320661,-87.25291537754502,Montgomery,-6.6,36.5949,-87.2533,0.036804079901321056
2024-05-11 14:23:00,708931360,2.7095079154732,1.2988100180755373,4.1202058128708625,36.59478086320661,-87.25291537754502,Montgomery,-6.43,36.5949,-87.2533,0.036804079901321056
2024-05-11 14:24:00,708931360,2.8307142112663635,1.3452096475476574,4.316218774985069,36.59478086320661,-87.25291537754502,Montgomery,-0.27,36.5949,-87.2533,0.036804079901321056
2024-05-11 14:25:00,708931360,1.5297686915003221,0.7381179823075575,2.321419400693087,36.59478086320661,-87.25291537754502,Montgomery,-1.85,36.5949,-87.2533,0.036804079901321056
2024-05-11 14:26:00,708931360,1.3314983440299908,0.6356954222414906,2.0273012658184912,36.59478086320661,-87.25291537754502,Montgomery,-2.89,36.5949,-87.2533,0.036804079901321056
2024-05-11 14:27:00,708931360,0.543464314183124,0.23477563275245472,0.8521529956137933,36.59478086320661,-87.25291537754502,Montgomery,-2.17,36.5949,-87.2533,0.036804079901321056
2024-05-11 14:28:00,708931360,0.8793022004885784,0.3871116227546888,1.3714927782224682,36.59478086320661,-87.25291537754502,Montgomery,-2.21,36.5949,-87.2533,0.036804079901321056
2024-05-11 14:29:00,708931360,0.8563943042432689,0.3921240124354087,1.3206645960511292,36.59478086320661,-87.25291537754502,Montgomery,-3.61,36.5949,-87.2533,0.036804079901321056
2024-05-11 14:30:00,708931360,1.3306611240955237,0.6379786899718569,2.0233435582191905,36.59478086320661,-87.25291537754502,Montgomery,-3.96,36.5949,-87.2533,0.036804079901321056
2024-05-11 14:31:00,708931360,0.37142210278979837,0.1683737645318013,0.5744704410477954,36.59478086320661,-87.25291537754502,Montgomery,-0.17,36.5949,-87.2533,0.036804079901321056
2024-05-11 14:32:00,708931360,-0.011516563394680978,-0.13850879332375934,0.11547566653439738,36.59478086320661,-87.25291537754502,Montgomery,-3.29,36.5949,-87.2533,0.036804079901321056
2024-05-11 14:33:00,708931360,-0.26902742569791716,-0.4142490493131568,-0.1238058020826775,36.59478086320661,-87.25291537754502,Montgomery,-5.18,36.5949,-87.2533,0.036804079901321056
2024-05-11 14:34:00,708931360,0.08516787368623904,0.034169649759986744,0.13616609761249135,36.59478086320661,-87.25291537754502,Montgomery,-2.35,36.5949,-87.2533,0.036804079901321056
2024-05-11 14:35:00,708931360,-0.5510692800532905,-0.8639500559385183,-0.23818850416806275,36.59478086320661,-87.25291537754502,Montgomery,-0.89,36.5949,-87.2533,0.036804079901321056
2024-05-11 14:36:00,708931360,-1.0654470768843527,-1.6230545247098032,-0.5078396290589022,36.59478086320661,-87.25291537754502,Montgomery,-0.86,36.5949,-87.2533,0.036804079901321056
2024-05-11 14:37:00,708931360,-0.7577672779354685,-1.1561028536882603,-0.3594317021826766,36.59478086320661,-87.25291537754502,Montgomery,-0.46,36.5949,-87.2533,0.036804079901321056
2024-05-11 14:38:00,708931360,-0.054908988183745906,-0.08467040197349784,-0.025147574393993975,36.59478086320661,-87.25291537754502,Montgomery,1.71,36.5949,-87.2533,0.036804079901321056
2024-05-11 14:39:00,708931360,0.32777398464066865,0.13922216592745432,0.516325803353883,36.59478086320661,-87.25291537754502,Montgomery,0.05,36.5949,-87.2533,0.036804079901321056
2024-05-11 14:40:00,708931360,-0.36690025873199794,-0.583609433258286,-0.15019108420570995,36.59478086320661,-87.25291537754502,Montgomery,0.29,36.5949,-87.2533,0.036804079901321056
2024-05-11 14:41:00,708931360,-0.328983782984335,-0.5201731756001892,-0.13779439036848085,36.59478086320661,-87.25291537754502,Montgomery,2.14,36.5949,-87.2533,0.036804079901321056
2024-05-11 14:42:00,708931360,-0.5690694210028514,-0.8594009912590581,-0.2787378507466447,36.59478086320661,-87.25291537754502,Montgomery,-0.55,36.5949,-87.2533,0.036804079901321056
2024-05-11 14:43:00,708931360,-0.0695006073582223,-0.16533236751280816,0.02633115279636357,36.59478086320661,-87.25291537754502,Montgomery,0.24,36.5949,-87.2533,0.036804079901321056
2024-05-11 14:44:00,708931360,-0.30688562477124215,-0.4631697135537574,-0.1506015359887269,36.59478086320661,-87.25291537754502,Montgomery,1.11,36.5949,-87.2533,0.036804079901321056
2024-05-11 14:45:00,708931360,-2.5113061322249415,-3.8194875805578095,-1.2031246838920735,36.59478086320661,-87.25291537754502,Montgomery,1.97,36.5949,-87.2533,0.036804079901321056
2024-05-11 14:46:00,708931360,-1.75625455267564,-2.6652517888147584,-0.8472573165365214,36.59478086320661,-87.25291537754502,Montgomery,2.78,36.5949,-87.2533,0.036804079901321056
2024-05-11 14:47:00,708931360,-1.5145167650446005,-2.311279600536876,-0.7177539295523251,36.59478086320661,-87.25291537754502,Montgomery,-0.82,36.5949,-87.2533,0.036804079901321056
2024-05-11 14:48:00,708931360,-1.0425797815155704,-1.5907404602813164,-0.49441910274982426,36.59478086320661,-87.25291537754502,Montgomery,1.47,36.5949,-87.2533,0.036804079901321056
2024-05-11 14:49:00,708931360,-1.0514454669645874,-1.5980500452059303,-0.5048408887232445,36.59478086320661,-87.25291537754502,Montgomery,1.84,36.5949,-87.2533,0.036804079901321056
2024-05-11 14:50:00,708931360,1.3719098821753883,0.6190123662778436,2.124807398072933,36.59478086320661,-87.25291537754502,Montgomery,0.04,36.5949,-87.2533,0.036804079901321056
2024-05-11 14:51:00,708931360,0.04436757396101335,-0.02469242241997375,0.11342757034200046,36.59478086320661,-87.25291537754502,Montgomery,0.19,36.5949,-87.2533,0.036804079901321056
2024-05-11 14:52:00,708931360,0.8085994043041436,0.3719890048602146,1.2452098037480726,36.59478086320661,-87.25291537754502,Montgomery,0.63,36.5949,-87.2533,0.036804079901321056
2024-05-11 14:53:00,708931360,0.035842903937565576,0.005228308381047927,0.06645749949408322,36.59478086320661,-87.25291537754502,Montgomery,-2.83,36.5949,-87.2533,0.036804079901321056
2024-05-11 14:54:00,708931360,0.7579379600051436,0.3602856555003806,1.1555902645099065,36.59478086320661,-87.25291537754502,Montgomery,-1.45,36.5949,-87.2533,0.036804079901321056
2024-05-11 14:55:00,708931360,0.6130340667696055,0.28741723991738277,0.9386508936218282,36.59478086320661,-87.25291537754502,Montgomery,0.5,36.5949,-87.2533,0.036804079901321056
2024-05-11 14:56:00,708931360,0.577285554111214,0.2557527541175099,0.898818354104918,36.59478086320661,-87.25291537754502,Montgomery,-1.6,36.5949,-87.2533,0.036804079901321056
2024-05-11 14:57:00,708931360,0.2337709281219442,0.08664931761984629,0.3808925386240421,36.59478086320661,-87.25291537754502,Montgomery,-0.62,36.5949,-87.2533,0.036804079901321056
2024-05-11 14:58:00,708931360,0.27428209592114416,0.048951085994430266,0.49961310584785806,36.59478086320661,-87.25291537754502,Montgomery,-1.61,36.5949,-87.2533,0.036804079901321056
2024-05-11 14:59:00,708931360,0.7213617590148664,0.2953422042315484,1.1473813137981845,36.59478086320661,-87.25291537754502,Montgomery,-0.53,36.5949,-87.2533,0.036804079901321056
2024-05-11 15:00:00,708931360,-0.06005628161989549,-0.1815693186501071,0.06145675541031611,36.59478086320661,-87.25291537754502,Montgomery,-2.15,36.5949,-87.2533,0.036804079901321056
2024-05-11 15:01:00,708931360,0.17149155978918693,0.011910595237811572,0.3310725243405623,36.59478086320661,-87.25291537754502,Montgomery,0.04,36.5949,-87.2533,0.036804079901321056
2024-05-11 15:02:00,708931360,0.07722650848438006,-0.04844310288570586,0.20289611985446598,36.59478086320661,-87.25291537754502,Montgomery,-1.39,36.5949,-87.2533,0.036804079901321056
2024-05-11 15:03:00,708931360,-0.7823597304164117,-1.1901305806414466,-0.37458888019137687,36.59478086320661,-87.25291537754502,Montgomery,-1.61,36.5949,-87.2533,0.036804079901321056
2024-05-11 15:04:00,708931360,-2.341197488306646,-3.568723574091354,-1.113671402521938,36.59478086320661,-87.25291537754502,Montgomery,1.39,36.5949,-87.2533,0.036804079901321056
2024-05-11 15:05:00,708931360,-1.968183816538979,-2.994090923363313,-0.9422767097146449,36.59478086320661,-87.25291537754502,Montgomery,-0.98,36.5949,-87.2533,0.036804079901321056
2024-05-11 15:06:00,708931360,-1.2181161439751174,-1.8476559311111156,-0.5885763568391191,36.59478086320661,-87.25291537754502,Montgomery,3.72,36.5949,-87.2533,0.036804079901321056
2024-05-11 15:07:00,708931360,-0.9386957519398716,-1.4262116710062793,-0.4511798328734639,36.59478086320661,-87.25291537754502,Montgomery,1.37,36.5949,-87.2533,0.036804079901321056
2024-05-11 15:08:00,708931360,-0.9738479570510743,-1.480813611193275,-0.46688230290887356,36.59478086320661,-87.25291537754502,Montgomery,2.84,36.5949,-87.2533,0.036804079901321056
2024-05-11 15:09:00,708931360,-0.16639876703324408,-0.2690064583712999,-0.0637910756951883,36.59478086320661,-87.25291537754502,Montgomery,2.95,36.5949,-87.2533,0.036804079901321056
2024-05-11 15:10:00,708931360,-1.850321067204783,-2.817995591892289,-0.8826465425172766,36.59478086320661,-87.25291537754502,Montgomery,4.54,36.5949,-87.2533,0.036804079901321056
2024-05-11 15:11:00,708931360,-1.3436787045072942,-2.0597742422199463,-0.6275831667946422,36.59478086320661,-87.25291537754502,Montgomery,3.76,36.5949,-87.2533,0.036804079901321056
2024-05-11 15:12:00,708931360,-0.9352611053739686,-1.487774210199059,-0.38274800054887803,36.59478086320661,-87.25291537754502,Montgomery,2.44,36.5949,-87.2533,0.036804079901321056
2024-05-11 15:13:00,708931360,-0.47918127758666534,-0.7743667859511851,-0.18399576922214556,36.59478086320661,-87.25291537754502,Montgomery,1.01,36.5949,-87.2533,0.036804079901321056
2024-05-11 15:14:00,708931360,0.38240591498829407,0.14506960218494783,0.6197422277916403,36.59478086320661,-87.25291537754502,Montgomery,1.83,36.5949,-87.2533,0.036804079901321056
2024-05-11 15:15:00,708931360,-0.07771675078598984,-0.12514061140643964,-0.030292890165540036,36.59478086320661,-87.25291537754502,Montgomery,-0.6,36.5949,-87.2533,0.036804079901321056
2024-05-11 15:16:00,708931360,-0.5973861517587719,-0.9134996112500626,-0.28127269226748103,36.59478086320661,-87.25291537754502,Montgomery,0.19,36.5949,-87.2533,0.036804079901321056
2024-05-11 15:17:00,708931360,0.5470866195852857,0.2428665611174528,0.8513066780531187,36.59478086320661,-87.25291537754502,Montgomery,1.93,36.5949,-87.2533,0.036804079901321056
2024-05-11 15:18:00,708931360,1.0167378255009727,0.4722638186194764,1.5612118323824689,36.59478086320661,-87.25291537754502,Montgomery,0.8,36.5949,-87.2533,0.036804079901321056
2024-05-11 15:19:00,708931360,0.7582219725890192,0.3537946404468201,1.1626493047312185,36.59478086320661,-87.25291537754502,Montgomery,-1.07,36.5949,-87.2533,0.036804079901321056
2024-05-11 15:20:00,708931360,0.3209499021312852,0.1406270843606851,0.5012727199018854,36.59478086320661,-87.25291537754502,Montgomery,0.37,36.5949,-87.2533,0.036804079901321056
2024-05-11 15:21:00,708931360,0.33682604332951677,0.15729508063637898,0.5163570060226546,36.59478086320661,-87.25291537754502,Montgomery,-0.67,36.5949,-87.2533,0.036804079901321056
2024-05-11 15:22:00,708931360,-0.6893497903272277,-1.0480500221881008,-0.33064955846635447,36.59478086320661,-87.25291537754502,Montgomery,-1.34,36.5949,-87.2533,0.036804079901321056
2024-05-11 15:23:00,708931360,-0.8440427395512518,-1.2872564611019641,-0.40082901800053944,36.59478086320661,-87.25291537754502,Montgomery,0.68,36.5949,-87.2533,0.036804079901321056
2024-05-11 15:24:00,708931360,-1.0028321740257187,-1.5319997128126892,-0.47366463523874824,36.59478086320661,-87.25291537754502,Montgomery,1.11,36.5949,-87.2533,0.036804079901321056
2024-05-11 15:25:00,708931360,0.759334113214277,0.3608229030529986,1.1578453233755555,36.59478086320661,-87.25291537754502,Montgomery,-0.44,36.5949,-87.2533,0.036804079901321056
2024-05-11 15:26:00,708931360,2.0190742943333206,0.953685095403727,3.0844634932629145,36.59478086320661,-87.25291537754502,Montgomery,-0.58,36.5949,-87.2533,0.036804079901321056
2024-05-11 15:27:00,708931360,1.2323043122840929,0.5817200406983635,1.8828885838698222,36.59478086320661,-87.25291537754502,Montgomery,-0.94,36.5949,-87.2533,0.036804079901321056
2024-05-11 15:28:00,708931360,1.1264860928029448,0.5360182244677038,1.7169539611381857,36.59478086320661,-87.25291537754502,Montgomery,-0.48,36.5949,-87.2533,0.036804079901321056
2024-05-11 15:29:00,708931360,1.988170707269944,0.9431513060494612,3.0331901084904267,36.59478086320661,-87.25291537754502,Montgomery,-0.58,36.5949,-87.2533,0.036804079901321056
2024-05-11 15:30:00,708931360,1.1720549757522356,0.5534632353479618,1.7906467161565094,36.59478086320661,-87.25291537754502,Montgomery,2.51,36.5949,-87.2533,0.036804079901321056
2024-05-11 15:31:00,708931360,0.9672535607313508,0.4573152239242606,1.477191897538441,36.59478086320661,-87.25291537754502,Montgomery,2.36,36.5949,-87.2533,0.036804079901321056
2024-05-11 15:32:00,708931360,1.2061406495827156,0.5534743821611844,1.8588069170042467,36.59478086320661,-87.25291537754502,Montgomery,0.16,36.5949,-87.2533,0.036804079901321056
2024-05-11 15:33:00,708931360,-1.0571656840384231,-1.615597408218983,-0.4987339598578633,36.59478086320661,-87.25291537754502,Montgomery,2.82,36.5949,-87.2533,0.036804079901321056
2024-05-11 15:34:00,708931360,-0.5983389691860511,-0.9139690357134886,-0.28270890265861365,36.59478086320661,-87.25291537754502,Montgomery,2.96,36.5949,-87.2533,0.036804079901321056
2024-05-11 15:35:00,708931360,0.5599269684655639,0.2647068092952739,0.8551471276358539,36.59478086320661,-87.25291537754502,Montgomery,-0.21,36.5949,-87.2533,0.036804079901321056
2024-05-11 15:36:00,708931360,-0.5963147206694112,-0.916684334069801,-0.2759451072690214,36.59478086320661,-87.25291537754502,Montgomery,0.45,36.5949,-87.2533,0.036804079901321056
2024-05-11 15:37:00,708931360,-0.08819666597248174,-0.16398874084755866,-0.012404591097404827,36.59478086320661,-87.25291537754502,Montgomery,-0.52,36.5949,-87.2533,0.036804079901321056
2024-05-11 15:38:00,708931360,0.03343681148088532,-0.02700484316207942,0.09387846612385006,36.59478086320661,-87.25291537754502,Montgomery,-2.31,36.5949,-87.2533,0.036804079901321056
2024-05-11 15:39:00,708931360,-0.5167055614175915,-0.7895722010779902,-0.24383892175719274,36.59478086320661,-87.25291537754502,Montgomery,-0.82,36.5949,-87.2533,0.036804079901321056
2024-05-11 15:40:00,708931360,-0.09581798098644097,-0.19744126220309868,0.005805300230216748,36.59478086320661,-87.25291537754502,Montgomery,0.33,36.5949,-87.2533,0.036804079901321056
2024-05-11 15:41:00,708931360,-0.48548016777229414,-0.7434803168594211,-0.22748001868516726,36.59478086320661,-87.25291537754502,Montgomery,0.56,36.5949,-87.2533,0.036804079901321056
2024-05-11 15:42:00,708931360,-0.04631322644004889,-0.09657764385393905,0.003951190973841265,36.59478086320661,-87.25291537754502,Montgomery,-0.55,36.5949,-87.2533,0.036804079901321056
2024-05-11 15:43:00,708931360,0.10884639998547205,-0.020455292991850393,0.2381480929627945,36.59478086320661,-87.25291537754502,Montgomery,-0.14,36.5949,-87.2533,0.036804079901321056
2024-05-11 15:44:00,708931360,0.8565610781213827,0.3928115791718542,1.3203105770709112,36.59478086320661,-87.25291537754502,Montgomery,-1.74,36.5949,-87.2533,0.036804079901321056
2024-05-11 15:45:00,708931360,0.4220591342283231,0.19864186040950063,0.6454764080471456,36.59478086320661,-87.25291537754502,Montgomery,1.85,36.5949,-87.2533,0.036804079901321056
2024-05-11 15:46:00,708931360,0.8612912020548001,0.38800074676384666,1.3345816573457536,36.59478086320661,-87.25291537754502,Montgomery,0.03,36.5949,-87.2533,0.036804079901321056
2024-05-11 15:47:00,708931360,-0.012572572512571307,-0.050077023367296865,0.024931878342154247,36.59478086320661,-87.25291537754502,Montgomery,-1.48,36.5949,-87.2533,0.036804079901321056
2024-05-11 15:48:00,708931360,-1.128995376798957,-1.718899203894635,-0.5390915497032788,36.59478086320661,-87.25291537754502,Montgomery,2.34,36.5949,-87.2533,0.036804079901321056
2024-05-11 15:49:00,708931360,-0.6968383087932989,-1.12457017078392,-0.26910644680267787,36.59478086320661,-87.25291537754502,Montgomery,1.54,36.5949,-87.2533,0.036804079901321056
2024-05-11 15:50:00,708931360,-0.247516610134477,-0.3794432564046098,-0.11558996386434423,36.59478086320661,-87.25291537754502,Montgomery,-2.11,36.5949,-87.2533,0.036804079901321056
2024-05-11 15:51:00,708931360,0.23210346964094555,0.07123544125238476,0.39297149802950637,36.59478086320661,-87.25291537754502,Montgomery,-0.68,36.5949,-87.2533,0.036804079901321056
2024-05-11 15:52:00,708931360,1.159726715444781,0.5000450407416008,1.8194083901479612,36.59478086320661,-87.25291537754502,Montgomery,-4.32,36.5949,-87.2533,0.036804079901321056
2024-05-11 15:53:00,708931360,-0.18881047795903647,-0.3308325653259945,-0.04678839059207848,36.59478086320661,-87.25291537754502,Montgomery,-1.84,36.5949,-87.2533,0.036804079901321056
2024-05-11 15:54:00,708931360,-0.11230657051695525,-0.17654391655889007,-0.04806922447502045,36.59478086320661,-87.25291537754502,Montgomery,0.49,36.5949,-87.2533,0.036804079901321056
2024-05-11 15:55:00,708931360,0.48414301616081357,0.2285465876406476,0.7397394446809795,36.59478086320661,-87.25291537754502,Montgomery,-1.39,36.5949,-87.2533,0.036804079901321056
2024-05-11 15:56:00,708931360,0.09066221059797579,-0.06517620433666828,0.24650062553261987,36.59478086320661,-87.25291537754502,Montgomery,-0.6,36.5949,-87.2533,0.036804079901321056
2024-05-11 15:57:00,708931360,0.26756514594154923,0.03641806006006629,0.49871223182303215,36.59478086320661,-87.25291537754502,Montgomery,-0.89,36.5949,-87.2533,0.036804079901321056
2024-05-11 15:58:00,708931360,0.20261406985540142,0.08923510287803701,0.3159930368327658,36.59478086320661,-87.25291537754502,Montgomery,0.43,36.5949,-87.2533,0.036804079901321056
2024-05-11 15:59:00,708931360,0.10156826479767478,-0.05987239270856548,0.26300892230391504,36.59478086320661,-87.25291537754502,Montgomery,0.15,36.5949,-87.2533,0.036804079901321056
2024-05-11 16:00:00,708931360,0.04753826274802059,0.014207535481881244,0.08086899001415992,36.59478086320661,-87.25291537754502,Montgomery,-1.86,36.5949,-87.2533,0.036804079901321056
2024-05-11 16:01:00,708931360,0.46211851867065207,0.2054844118895907,0.7187526254517134,36.59478086320661,-87.25291537754502,Montgomery,-2.13,36.5949,-87.2533,0.036804079901321056
2024-05-11 16:02:00,708931360,-0.5240475377388868,-0.794224859375863,-0.25387021610191063,36.59478086320661,-87.25291537754502,Montgomery,0.29,36.5949,-87.2533,0.036804079901321056
2024-05-11 16:03:00,708931360,-0.7643209975396443,-1.163427043909933,-0.36521495116935554,36.59478086320661,-87.25291537754502,Montgomery,1.09,36.5949,-87.2533,0.036804079901321056
2024-05-11 16:04:00,708931360,-0.7639225902652046,-1.1609620693555154,-0.3668831111748938,36.59478086320661,-87.25291537754502,Montgomery,0.2,36.5949,-87.2533,0.036804079901321056
2024-05-11 16:05:00,708931360,-0.22233471764706164,-0.33703757873355245,-0.10763185656057087,36.59478086320661,-87.25291537754502,Montgomery,1.15,36.5949,-87.2533,0.036804079901321056
2024-05-11 16:06:00,708931360,-0.022302763958523292,-0.043729407889277566,-0.0008761200277690173,36.59478086320661,-87.25291537754502,Montgomery,0.26,36.5949,-87.2533,0.036804079901321056
2024-05-11 16:07:00,708931360,-0.3321744676012392,-0.50493262047334,-0.15941631472913848,36.59478086320661,-87.25291537754502,Montgomery,1.46,36.5949,-87.2533,0.036804079901321056
2024-05-11 16:08:00,708931360,-0.10756667992065108,-0.20104044818678413,-0.01409291165451805,36.59478086320661,-87.25291537754502,Montgomery,-0.17,36.5949,-87.2533,0.036804079901321056
2024-05-11 16:09:00,708931360,-0.4406285306443472,-0.6783839994534431,-0.20287306183525128,36.59478086320661,-87.25291537754502,Montgomery,-0.65,36.5949,-87.2533,0.036804079901321056
2024-05-11 16:10:00,708931360,-0.310105572716347,-0.48835431933112433,-0.13185682610156962,36.59478086320661,-87.25291537754502,Montgomery,-0.62,36.5949,-87.2533,0.036804079901321056
2024-05-11 16:11:00,708931360,-0.3431146226445199,-0.518014679021652,-0.1682145662673878,36.59478086320661,-87.25291537754502,Montgomery,0.56,36.5949,-87.2533,0.036804079901321056
2024-05-11 16:12:00,708931360,0.003222926032529992,-0.028138270818480374,0.03458412288354036,36.59478086320661,-87.25291537754502,Montgomery,-0.13,36.5949,-87.2533,0.036804079901321056
2024-05-11 16:13:00,708931360,0.11156261767631859,0.04774100564899188,0.1753842297036453,36.59478086320661,-87.25291537754502,Montgomery,0.5,36.5949,-87.2533,0.036804079901321056
2024-05-11 16:14:00,708931360,0.1657052443684884,0.0639018618498961,0.2675086268870807,36.59478086320661,-87.25291537754502,Montgomery,0.37,36.5949,-87.2533,0.036804079901321056
2024-05-11 16:15:00,708931360,0.4112369271890184,0.19200834096168362,0.6304655134163532,36.59478086320661,-87.25291537754502,Montgomery,-0.06,36.5949,-87.2533,0.036804079901321056
2024-05-11 16:16:00,708931360,0.43758728249987033,0.20783232294288437,0.6673422420568563,36.59478086320661,-87.25291537754502,Montgomery,-0.97,36.5949,-87.2533,0.036804079901321056
2024-05-11 16:17:00,708931360,0.3183284003105491,0.146475480166156,0.4901813204549422,36.59478086320661,-87.25291537754502,Montgomery,-0.18,36.5949,-87.2533,0.036804079901321056
2024-05-11 16:18:00,708931360,0.039140796384401856,0.010581386710150645,0.06770020605865307,36.59478086320661,-87.25291537754502,Montgomery,1.05,36.5949,-87.2533,0.036804079901321056
2024-05-11 16:19:00,708931360,0.17406786106231292,0.07311590328217381,0.275019818842452,36.59478086320661,-87.25291537754502,Montgomery,0.96,36.5949,-87.2533,0.036804079901321056
2024-05-11 16:20:00,708931360,0.5060375173573842,0.23098485682551506,0.7810901778892534,36.59478086320661,-87.25291537754502,Montgomery,0.7,36.5949,-87.2533,0.036804079901321056
2024-05-11 16:21:00,708931360,-0.3771781378266936,-0.5778686915858177,-0.17648758406756962,36.59478086320661,-87.25291537754502,Montgomery,2.07,36.5949,-87.2533,0.036804079901321056
2024-05-11 16:22:00,708931360,-0.21114759447367018,-0.32419372204300634,-0.098101466904334,36.59478086320661,-87.25291537754502,Montgomery,1.08,36.5949,-87.2533,0.036804079901321056
2024-05-11 16:23:00,708931360,-0.6068921694548813,-0.923363371286741,-0.2904209676230217,36.59478086320661,-87.25291537754502,Montgomery,1.5,36.5949,-87.2533,0.036804079901321056
2024-05-11 16:24:00,708931360,-1.0959072049058283,-1.667802624616361,-0.5240117851952955,36.59478086320661,-87.25291537754502,Montgomery,2.0,36.5949,-87.2533,0.036804079901321056
2024-05-11 16:25:00,708931360,-0.2398250137674879,-0.3638122807486796,-0.1158377467862962,36.59478086320661,-87.25291537754502,Montgomery,1.0,36.5949,-87.2533,0.036804079901321056
2024-05-11 16:26:00,708931360,-0.24628678380468227,-0.3746379521309783,-0.11793561547838624,36.59478086320661,-87.25291537754502,Montgomery,1.91,36.5949,-87.2533,0.036804079901321056
2024-05-11 16:27:00,708931360,-0.7225409940571231,-1.09877305444327,-0.3463089336709763,36.59478086320661,-87.25291537754502,Montgomery,1.48,36.5949,-87.2533,0.036804079901321056
2024-05-11 16:28:00,708931360,-0.6212183867154041,-0.9430834773124424,-0.2993532961183658,36.59478086320661,-87.25291537754502,Montgomery,1.84,36.5949,-87.2533,0.036804079901321056
2024-05-11 16:29:00,708931360,-0.7319207081721774,-1.1129939520546337,-0.35084746428972097,36.59478086320661,-87.25291537754502,Montgomery,1.84,36.5949,-87.2533,0.036804079901321056
2024-05-11 16:30:00,708931360,0.04851833773435667,-0.014050773757767726,0.11108744922648106,36.59478086320661,-87.25291537754502,Montgomery,2.24,36.5949,-87.2533,0.036804079901321056
2024-05-11 16:31:00,708931360,0.33292952353802313,0.15046719612682538,0.5153918509492209,36.59478086320661,-87.25291537754502,Montgomery,1.54,36.5949,-87.2533,0.036804079901321056
2024-05-11 16:32:00,708931360,0.3173485793284768,0.14945042980670062,0.485246728850253,36.59478086320661,-87.25291537754502,Montgomery,0.43,36.5949,-87.2533,0.036804079901321056
2024-05-11 16:33:00,708931360,-0.6665985791816027,-1.01440854671491,-0.3187886116482955,36.59478086320661,-87.25291537754502,Montgomery,1.86,36.5949,-87.2533,0.036804079901321056
2024-05-11 16:34:00,708931360,-1.3064510924902097,-1.9918020324605457,-0.6211001525198739,36.59478086320661,-87.25291537754502,Montgomery,4.97,36.5949,-87.2533,0.036804079901321056
2024-05-11 16:35:00,708931360,0.7260324185023219,0.34341678014027144,1.1086480568643724,36.59478086320661,-87.25291537754502,Montgomery,0.69,36.5949,-87.2533,0.036804079901321056
2024-05-11 16:36:00,708931360,0.3651686114630922,0.1731700405823839,0.5571671823438005,36.59478086320661,-87.25291537754502,Montgomery,0.01,36.5949,-87.2533,0.036804079901321056
2024-05-11 16:37:00,708931360,0.1938313684342146,0.08937582142932649,0.29828691543910274,36.59478086320661,-87.25291537754502,Montgomery,-0.23,36.5949,-87.2533,0.036804079901321056
2024-05-11 16:38:00,708931360,-0.07762653494257693,-0.11923235867345677,-0.03602071121169709,36.59478086320661,-87.25291537754502,Montgomery,0.37,36.5949,-87.2533,0.036804079901321056
2024-05-11 16:39:00,708931360,0.22660831746617263,0.10049840077419067,0.3527182341581546,36.59478086320661,-87.25291537754502,Montgomery,-0.11,36.5949,-87.2533,0.036804079901321056
2024-05-11 16:40:00,708931360,0.12099501014282148,0.0489940690082553,0.19299595127738767,36.59478086320661,-87.25291537754502,Montgomery,0.03,36.5949,-87.2533,0.036804079901321056
2024-05-11 16:41:00,708931360,0.1502917126182322,0.041455937058128625,0.2591274881783358,36.59478086320661,-87.25291537754502,Montgomery,-0.04,36.5949,-87.2533,0.036804079901321056
2024-05-11 16:42:00,708931360,1.2129666770045133,0.4874569594838851,1.9384763945251415,36.59478086320661,-87.25291537754502,Montgomery,0.36,36.5949,-87.2533,0.036804079901321056
2024-05-11 16:43:00,708931360,0.4068423495219465,0.19108864636968936,0.6225960526742036,36.59478086320661,-87.25291537754502,Montgomery,-0.05,36.5949,-87.2533,0.036804079901321056
2024-05-11 16:44:00,708931360,-0.007000461239636651,-0.16004471110912663,0.14604378862985332,36.59478086320661,-87.25291537754502,Montgomery,0.94,36.5949,-87.2533,0.036804079901321056
2024-05-11 16:45:00,708931360,-0.940584188605248,-1.440484213127451,-0.44068416408304506,36.59478086320661,-87.25291537754502,Montgomery,1.46,36.5949,-87.2533,0.036804079901321056
2024-05-11 16:46:00,708931360,-1.543362824008205,-2.374904049117284,-0.711821598899126,36.59478086320661,-87.25291537754502,Montgomery,1.75,36.5949,-87.2533,0.036804079901321056
2024-05-11 16:47:00,708931360,-0.05197619835690377,-0.09319342650813045,-0.010758970205677086,36.59478086320661,-87.25291537754502,Montgomery,1.57,36.5949,-87.2533,0.036804079901321056
2024-05-11 16:48:00,708931360,-0.03434637514812339,-0.0773934142738885,0.008700663977641729,36.59478086320661,-87.25291537754502,Montgomery,-0.58,36.5949,-87.2533,0.036804079901321056
2024-05-11 16:49:00,708931360,-0.1304728531297343,-0.2040683986482154,-0.0568773076112532,36.59478086320661,-87.25291537754502,Montgomery,-0.75,36.5949,-87.2533,0.036804079901321056
2024-05-11 16:50:00,708931360,-1.0468670943621219,-1.5951180994016703,-0.4986160893225736,36.59478086320661,-87.25291537754502,Montgomery,0.67,36.5949,-87.2533,0.036804079901321056
2024-05-11 16:51:00,708931360,-0.6269939190379935,-0.9557041632089184,-0.29828367486706864,36.59478086320661,-87.25291537754502,Montgomery,0.34,36.5949,-87.2533,0.036804079901321056
2024-05-11 16:52:00,708931360,-0.44460984591332225,-0.6771916723350833,-0.2120280194915612,36.59478086320661,-87.25291537754502,Montgomery,-1.4,36.5949,-87.2533,0.036804079901321056
2024-05-11 16:53:00,708931360,-0.506425801635487,-0.7721307421319825,-0.24072086113899144,36.59478086320661,-87.25291537754502,Montgomery,-0.89,36.5949,-87.2533,0.036804079901321056
2024-05-11 16:54:00,708931360,-0.6452516305836893,-0.9834066026176074,-0.30709665854977125,36.59478086320661,-87.25291537754502,Montgomery,-0.92,36.5949,-87.2533,0.036804079901321056
2024-05-11 16:55:00,708931360,-0.505615875418012,-0.7695378623829414,-0.24169388845308265,36.59478086320661,-87.25291537754502,Montgomery,-0.76,36.5949,-87.2533,0.036804079901321056
2024-05-11 16:56:00,708931360,0.14424041191023776,0.06519097301984485,0.22328985080063068,36.59478086320661,-87.25291537754502,Montgomery,-0.67,36.5949,-87.2533,0.036804079901321056
2024-05-11 16:57:00,708931360,0.6602262069954348,0.3136318788883724,1.0068205351024972,36.59478086320661,-87.25291537754502,Montgomery,-0.44,36.5949,-87.2533,0.036804079901321056
2024-05-11 16:58:00,708931360,0.22606684615592504,0.1091639748489153,0.3429697174629348,36.59478086320661,-87.25291537754502,Montgomery,-1.01,36.5949,-87.2533,0.036804079901321056
2024-05-11 16:59:00,708931360,0.22356641539765387,0.10606662994008599,0.34106620085522177,36.59478086320661,-87.25291537754502,Montgomery,-0.48,36.5949,-87.2533,0.036804079901321056
2024-05-11 17:00:00,708931360,0.056810556197377626,0.021980950840906434,0.09164016155384883,36.59478086320661,-87.25291537754502,Montgomery,-0.45,36.5949,-87.2533,0.036804079901321056
2024-05-11 17:01:00,708931360,0.12429270149809063,0.05979937679978614,0.18878602619639512,36.59478086320661,-87.25291537754502,Montgomery,-0.86,36.5949,-87.2533,0.036804079901321056
2024-05-11 17:02:00,708931360,0.06752208404270418,0.02004252059144361,0.11500164749396476,36.59478086320661,-87.25291537754502,Montgomery,-1.49,36.5949,-87.2533,0.036804079901321056
2024-05-11 17:03:00,708931360,0.4667332443708605,0.2182457523298655,0.7152207364118555,36.59478086320661,-87.25291537754502,Montgomery,-2.25,36.5949,-87.2533,0.036804079901321056
2024-05-11 17:04:00,708931360,0.27012370490553067,0.1136073484852099,0.4266400613258514,36.59478086320661,-87.25291537754502,Montgomery,-2.2,36.5949,-87.2533,0.036804079901321056
2024-05-11 17:05:00,708931360,0.2347658593256469,0.09848203073839282,0.37104968791290094,36.59478086320661,-87.25291537754502,Montgomery,-1.41,36.5949,-87.2533,0.036804079901321056
2024-05-11 17:06:00,708931360,-0.01622655141498736,-0.10685707886628826,0.07440397603631355,36.59478086320661,-87.25291537754502,Montgomery,0.39,36.5949,-87.2533,0.036804079901321056
2024-05-11 17:07:00,708931360,-0.05240358648652341,-0.4268094447412535,0.3220022717682067,36.59478086320661,-87.25291537754502,Montgomery,0.26,36.5949,-87.2533,0.036804079901321056
2024-05-11 17:08:00,708931360,0.18482819359786318,-0.04414200753094166,0.413798394726668,36.59478086320661,-87.25291537754502,Montgomery,-2.53,36.5949,-87.2533,0.036804079901321056
2024-05-11 17:09:00,708931360,1.170690933535375,0.5544374331626333,1.7869444339081166,36.59478086320661,-87.25291537754502,Montgomery,-3.79,36.5949,-87.2533,0.036804079901321056
2024-05-11 17:10:00,708931360,0.8995288127361047,0.43375345468062343,1.365304170791586,36.59478086320661,-87.25291537754502,Montgomery,-3.24,36.5949,-87.2533,0.036804079901321056
2024-05-11 17:11:00,708931360,1.150359398180911,0.5551153582110083,1.7456034381508139,36.59478086320661,-87.25291537754502,Montgomery,-4.59,36.5949,-87.2533,0.036804079901321056
2024-05-11 17:12:00,708931360,0.8848473732032928,0.4287639975691202,1.3409307488374653,36.59478086320661,-87.25291537754502,Montgomery,-2.86,36.5949,-87.2533,0.036804079901321056
2024-05-11 17:13:00,708931360,0.5870792588013642,0.2750133228623462,0.8991451947403823,36.59478086320661,-87.25291537754502,Montgomery,-2.09,36.5949,-87.2533,0.036804079901321056
2024-05-11 17:14:00,708931360,0.36256848207807235,-0.008806842870196119,0.7339438070263409,36.59478086320661,-87.25291537754502,Montgomery,-1.92,36.5949,-87.2533,0.036804079901321056
2024-05-11 17:15:00,708931360,-0.00815170365070602,-0.25011231040340753,0.2338089031019955,36.59478086320661,-87.25291537754502,Montgomery,-1.44,36.5949,-87.2533,0.036804079901321056
2024-05-11 17:16:00,708931360,0.00799903468290002,-0.17191906923886635,0.1879171386046664,36.59478086320661,-87.25291537754502,Montgomery,-2.16,36.5949,-87.2533,0.036804079901321056
2024-05-11 17:17:00,708931360,0.09357922096512282,-0.08188672578715188,0.2690451677173975,36.59478086320661,-87.25291537754502,Montgomery,-1.38,36.5949,-87.2533,0.036804079901321056
2024-05-11 17:18:00,708931360,-0.4507252529571968,-0.7005828860640906,-0.20086761985030302,36.59478086320661,-87.25291537754502,Montgomery,-0.23,36.5949,-87.2533,0.036804079901321056
2024-05-11 17:19:00,708931360,-0.37317797128796193,-0.5846027581001431,-0.1617531844757808,36.59478086320661,-87.25291537754502,Montgomery,-0.07,36.5949,-87.2533,0.036804079901321056
2024-05-11 17:20:00,708931360,-0.37676033338200404,-0.5827825565879755,-0.17073811017603258,36.59478086320661,-87.25291537754502,Montgomery,-0.18,36.5949,-87.2533,0.036804079901321056
2024-05-11 17:21:00,708931360,-0.46059821975377463,-0.7056539126382781,-0.21554252686927106,36.59478086320661,-87.25291537754502,Montgomery,-0.67,36.5949,-87.2533,0.036804079901321056
2024-05-11 17:22:00,708931360,-0.33880347240789743,-0.5184629096313756,-0.15914403518441922,36.59478086320661,-87.25291537754502,Montgomery,-1.02,36.5949,-87.2533,0.036804079901321056
2024-05-11 17:23:00,708931360,-0.4194207587401922,-0.6397665841876127,-0.19907493329277168,36.59478086320661,-87.25291537754502,Montgomery,-0.21,36.5949,-87.2533,0.036804079901321056
2024-05-11 17:24:00,708931360,-0.38036606721197813,-0.5829444801529889,-0.1777876542709673,36.59478086320661,-87.25291537754502,Montgomery,0.71,36.5949,-87.2533,0.036804079901321056
2024-05-11 17:25:00,708931360,-0.23676529754406042,-0.3809201706010348,-0.09261042448708606,36.59478086320661,-87.25291537754502,Montgomery,0.55,36.5949,-87.2533,0.036804079901321056
2024-05-11 17:26:00,708931360,0.2614749901412162,0.11351941521498593,0.4094305650674465,36.59478086320661,-87.25291537754502,Montgomery,-3.69,36.5949,-87.2533,0.036804079901321056
2024-05-11 17:27:00,708931360,1.1542063797287232,0.5524695344361821,1.7559432250212643,36.59478086320661,-87.25291537754502,Montgomery,-2.63,36.5949,-87.2533,0.036804079901321056
2024-05-11 17:28:00,708931360,0.5025552551029834,0.24193767220452955,0.7631728380014372,36.59478086320661,-87.25291537754502,Montgomery,-0.43,36.5949,-87.2533,0.036804079901321056
2024-05-11 17:29:00,708931360,0.34567695125274567,0.16184154889170077,0.5295123536137906,36.59478086320661,-87.25291537754502,Montgomery,-2.46,36.5949,-87.2533,0.036804079901321056
2024-05-11 17:30:00,708931360,0.2442755613739796,0.12073761091618873,0.36781351183177047,36.59478086320661,-87.25291537754502,Montgomery,-2.26,36.5949,-87.2533,0.036804079901321056
2024-05-11 17:31:00,708931360,0.823064919365955,0.39589736015947313,1.250232478572437,36.59478086320661,-87.25291537754502,Montgomery,-2.24,36.5949,-87.2533,0.036804079901321056
2024-05-11 17:32:00,708931360,0.7240125700273553,0.3426489737963642,1.1053761662583463,36.59478086320661,-87.25291537754502,Montgomery,-1.93,36.5949,-87.2533,0.036804079901321056
2024-05-11 17:33:00,708931360,0.4312560513319756,0.1871642203264269,0.6753478823375243,36.59478086320661,-87.25291537754502,Montgomery,-1.53,36.5949,-87.2533,0.036804079901321056
2024-05-11 17:34:00,708931360,0.10328037966563325,-0.0034910771005761815,0.21005183643184266,36.59478086320661,-87.25291537754502,Montgomery,-1.05,36.5949,-87.2533,0.036804079901321056
2024-05-11 17:35:00,708931360,-0.07002503479780468,-0.13668815180040023,-0.0033619177952091267,36.59478086320661,-87.25291537754502,Montgomery,-0.72,36.5949,-87.2533,0.036804079901321056
2024-05-11 17:36:00,708931360,0.03190106985142879,0.005233463239440742,0.05856867646341685,36.59478086320661,-87.25291537754502,Montgomery,-0.35,36.5949,-87.2533,0.036804079901321056
2024-05-11 17:37:00,708931360,0.1593896748596116,0.07839316638470142,0.2403861833345218,36.59478086320661,-87.25291537754502,Montgomery,-1.51,36.5949,-87.2533,0.036804079901321056
2024-05-11 17:38:00,708931360,-0.06034018106310439,-0.10059156070510603,-0.02008880142110276,36.59478086320661,-87.25291537754502,Montgomery,-0.74,36.5949,-87.2533,0.036804079901321056
2024-05-11 17:39:00,708931360,-0.007281168915833997,-0.04608014090601207,0.031517803074344077,36.59478086320661,-87.25291537754502,Montgomery,-0.36,36.5949,-87.2533,0.036804079901321056
2024-05-11 17:40:00,708931360,0.39552036957829295,0.18808207439100458,0.6029586647655814,36.59478086320661,-87.25291537754502,Montgomery,-0.55,36.5949,-87.2533,0.036804079901321056
2024-05-11 17:41:00,708931360,0.23948108711814448,0.11709739185538943,0.36186478238089953,36.59478086320661,-87.25291537754502,Montgomery,0.46,36.5949,-87.2533,0.036804079901321056
2024-05-11 17:42:00,708931360,0.09020146119926489,0.04065741202217093,0.13974551037635885,36.59478086320661,-87.25291537754502,Montgomery,0.43,36.5949,-87.2533,0.036804079901321056
2024-05-11 17:43:00,708931360,-0.9810838983844258,-1.4990330236126366,-0.4631347731562151,36.59478086320661,-87.25291537754502,Montgomery,0.44,36.5949,-87.2533,0.036804079901321056
2024-05-11 17:44:00,708931360,-0.6214576463225556,-0.9496883009405653,-0.2932269917045459,36.59478086320661,-87.25291537754502,Montgomery,1.02,36.5949,-87.2533,0.036804079901321056
2024-05-11 17:45:00,708931360,0.09717757809314326,0.016042750404258857,0.17831240578202767,36.59478086320661,-87.25291537754502,Montgomery,0.98,36.5949,-87.2533,0.036804079901321056
2024-05-11 17:46:00,708931360,-0.4635004270589854,-0.7111056548666255,-0.21589519925134534,36.59478086320661,-87.25291537754502,Montgomery,1.04,36.5949,-87.2533,0.036804079901321056
2024-05-11 17:47:00,708931360,-1.3028518035589194,-1.9868730141101347,-0.618830593007704,36.59478086320661,-87.25291537754502,Montgomery,-1.66,36.5949,-87.2533,0.036804079901321056
2024-05-11 17:48:00,708931360,0.020173832098428244,-0.0011856258507625533,0.04153329004761904,36.59478086320661,-87.25291537754502,Montgomery,1.28,36.5949,-87.2533,0.036804079901321056
2024-05-11 17:49:00,708931360,2.018747014912046,0.9637012063126777,3.0737928235114147,36.59478086320661,-87.25291537754502,Montgomery,-4.63,36.5949,-87.2533,0.036804079901321056
2024-05-11 17:50:00,708931360,0.46128001578156846,0.2178938957265661,0.7046661358365709,36.59478086320661,-87.25291537754502,Montgomery,-0.26,36.5949,-87.2533,0.036804079901321056
2024-05-11 17:51:00,708931360,0.2145181959451183,0.10594824609976015,0.32308814579047646,36.59478086320661,-87.25291537754502,Montgomery,-0.32,36.5949,-87.2533,0.036804079901321056
2024-05-11 17:52:00,708931360,0.20072907040521204,0.09876414250683475,0.30269399830358934,36.59478086320661,-87.25291537754502,Montgomery,-0.46,36.5949,-87.2533,0.036804079901321056
2024-05-11 17:53:00,708931360,-0.5764857758450606,-0.8843474080727475,-0.26862414361737363,36.59478086320661,-87.25291537754502,Montgomery,-1.68,36.5949,-87.2533,0.036804079901321056
2024-05-11 17:54:00,708931360,-1.3826665119272377,-2.1115690677797643,-0.6537639560747108,36.59478086320661,-87.25291537754502,Montgomery,-0.83,36.5949,-87.2533,0.036804079901321056
2024-05-11 17:55:00,708931360,-0.5338408514340279,-0.8160866127904076,-0.2515950900776482,36.59478086320661,-87.25291537754502,Montgomery,-0.96,36.5949,-87.2533,0.036804079901321056
2024-05-11 17:56:00,708931360,-0.8888496267947749,-1.3569162100039962,-0.42078304358555346,36.59478086320661,-87.25291537754502,Montgomery,-0.07,36.5949,-87.2533,0.036804079901321056
2024-05-11 17:57:00,708931360,-0.518895442458103,-0.8077744883150615,-0.23001639660114453,36.59478086320661,-87.25291537754502,Montgomery,-0.75,36.5949,-87.2533,0.036804079901321056
2024-05-11 17:58:00,708931360,0.2961162136982015,0.11071228822635945,0.48152013917004355,36.59478086320661,-87.25291537754502,Montgomery,-1.42,36.5949,-87.2533,0.036804079901321056
2024-05-11 17:59:00,708931360,0.7038009234273428,0.34060389906000454,1.0669979477946812,36.59478086320661,-87.25291537754502,Montgomery,-2.28,36.5949,-87.2533,0.036804079901321056
2024-05-11 18:00:00,708931360,0.3159399156439419,0.15148691078648857,0.48039292050139526,36.59478086320661,-87.25291537754502,Montgomery,-1.22,36.5949,-87.2533,0.036804079901321056
2024-05-11 18:01:00,708931360,-0.020048114453617785,-0.06747302778639802,0.02737679887916245,36.59478086320661,-87.25291537754502,Montgomery,-1.4,36.5949,-87.2533,0.036804079901321056
2024-05-11 18:02:00,708931360,-0.06123220251210203,-0.14796748855187386,0.025503083527669806,36.59478086320661,-87.25291537754502,Montgomery,0.54,36.5949,-87.2533,0.036804079901321056
2024-05-11 18:03:00,708931360,0.42842333170732383,0.19360644413254818,0.6632402192820994,36.59478086320661,-87.25291537754502,Montgomery,-0.56,36.5949,-87.2533,0.036804079901321056
2024-05-11 18:04:00,708931360,0.5889554786709439,0.2854031745341535,0.8925077828077344,36.59478086320661,-87.25291537754502,Montgomery,-0.62,36.5949,-87.2533,0.036804079901321056
2024-05-11 18:05:00,708931360,-0.06819134400947426,-0.15568585491685638,0.01930316689790787,36.59478086320661,-87.25291537754502,Montgomery,-0.49,36.5949,-87.2533,0.036804079901321056
2024-05-11 18:06:00,708931360,-0.4116749527693766,-0.6298306994553713,-0.19351920608338188,36.59478086320661,-87.25291537754502,Montgomery,1.1,36.5949,-87.2533,0.036804079901321056
2024-05-11 18:07:00,708931360,-0.9952125812187455,-1.5203651461948164,-0.47006001624267446,36.59478086320661,-87.25291537754502,Montgomery,0.54,36.5949,-87.2533,0.036804079901321056
2024-05-11 18:08:00,708931360,-1.1182282928536111,-1.7106533731086422,-0.5258032125985801,36.59478086320661,-87.25291537754502,Montgomery,0.47,36.5949,-87.2533,0.036804079901321056
2024-05-11 18:09:00,708931360,-0.8821072962084309,-1.3464070250106022,-0.41780756740625946,36.59478086320661,-87.25291537754502,Montgomery,0.58,36.5949,-87.2533,0.036804079901321056
2024-05-11 18:10:00,708931360,-0.9568940116253618,-1.4596126228824828,-0.4541754003682409,36.59478086320661,-87.25291537754502,Montgomery,-0.13,36.5949,-87.2533,0.036804079901321056
2024-05-11 18:11:00,708931360,-0.49648194722796235,-0.7567432708181493,-0.2362206236377754,36.59478086320661,-87.25291537754502,Montgomery,-0.28,36.5949,-87.2533,0.036804079901321056
2024-05-11 18:12:00,708931360,-0.3358511719174326,-0.5120802348198625,-0.15962210901500265,36.59478086320661,-87.25291537754502,Montgomery,0.03,36.5949,-87.2533,0.036804079901321056
2024-05-11 18:13:00,708931360,-0.04635481956490155,-0.07242746052911843,-0.020282178600684663,36.59478086320661,-87.25291537754502,Montgomery,0.24,36.5949,-87.2533,0.036804079901321056
2024-05-11 18:14:00,708931360,-0.5934798918722225,-0.9053015938035325,-0.2816581899409126,36.59478086320661,-87.25291537754502,Montgomery,0.18,36.5949,-87.2533,0.036804079901321056
2024-05-11 18:15:00,708931360,0.10724516056735071,0.01065934850093106,0.20383097263377037,36.59478086320661,-87.25291537754502,Montgomery,-0.17,36.5949,-87.2533,0.036804079901321056
2024-05-11 18:16:00,708931360,-0.2687413396633564,-0.410518564224273,-0.12696411510243977,36.59478086320661,-87.25291537754502,Montgomery,-0.1,36.5949,-87.2533,0.036804079901321056
2024-05-11 18:17:00,708931360,0.5084045931310591,0.206977458381693,0.8098317278804252,36.59478086320661,-87.25291537754502,Montgomery,-0.45,36.5949,-87.2533,0.036804079901321056
2024-05-11 18:18:00,708931360,0.10142122018545054,0.03451071901882144,0.16833172135207963,36.59478086320661,-87.25291537754502,Montgomery,0.38,36.5949,-87.2533,0.036804079901321056
2024-05-11 18:19:00,708931360,-0.8630498637699693,-1.3891973243152014,-0.3369024032247372,36.59478086320661,-87.25291537754502,Montgomery,-2.11,36.5949,-87.2533,0.036804079901321056
2024-05-11 18:20:00,708931360,1.19012776002659,0.5638893578591354,1.8163661621940448,36.59478086320661,-87.25291537754502,Montgomery,-1.44,36.5949,-87.2533,0.036804079901321056
2024-05-11 18:21:00,708931360,1.3137225521466753,0.6095818364453576,2.017863267847993,36.59478086320661,-87.25291537754502,Montgomery,0.56,36.5949,-87.2533,0.036804079901321056
2024-05-11 18:22:00,708931360,-0.34115890245188246,-0.5263233103327782,-0.15599449457098669,36.59478086320661,-87.25291537754502,Montgomery,0.04,36.5949,-87.2533,0.036804079901321056
2024-05-11 18:23:00,708931360,-0.47362995646744593,-0.7514421012996588,-0.19581781163523304,36.59478086320661,-87.25291537754502,Montgomery,-2.6,36.5949,-87.2533,0.036804079901321056
2024-05-11 18:24:00,708931360,-0.014468446390889253,-0.14618203566103963,0.11724514287926112,36.59478086320661,-87.25291537754502,Montgomery,-0.68,36.5949,-87.2533,0.036804079901321056
2024-05-11 18:25:00,708931360,0.02245296932534829,0.008787382053001598,0.03611855659769498,36.59478086320661,-87.25291537754502,Montgomery,-1.07,36.5949,-87.2533,0.036804079901321056
2024-05-11 18:26:00,708931360,-0.017108255702870043,-0.0425392613704681,0.008322749964728017,36.59478086320661,-87.25291537754502,Montgomery,0.74,36.5949,-87.2533,0.036804079901321056
2024-05-11 18:27:00,708931360,-0.4543570609935991,-0.6945055436333043,-0.2142085783538939,36.59478086320661,-87.25291537754502,Montgomery,1.9,36.5949,-87.2533,0.036804079901321056
2024-05-11 18:28:00,708931360,-0.07319359633307945,-0.18680204239046175,0.04041484972430284,36.59478086320661,-87.25291537754502,Montgomery,-0.54,36.5949,-87.2533,0.036804079901321056
2024-05-11 18:29:00,708931360,0.6820983460387752,0.32261136699117415,1.0415853250863762,36.59478086320661,-87.25291537754502,Montgomery,-0.07,36.5949,-87.2533,0.036804079901321056
2024-05-11 18:30:00,708931360,-0.022960001239217195,-0.03677348447763248,-0.009146518000801915,36.59478086320661,-87.25291537754502,Montgomery,0.78,36.5949,-87.2533,0.036804079901321056
2024-05-11 18:31:00,708931360,0.16819947010010042,0.06485674390753995,0.27154219629266085,36.59478086320661,-87.25291537754502,Montgomery,-0.65,36.5949,-87.2533,0.036804079901321056
2024-05-11 18:32:00,708931360,0.21939625092804327,0.09952537940621868,0.33926712244986784,36.59478086320661,-87.25291537754502,Montgomery,0.43,36.5949,-87.2533,0.036804079901321056
2024-05-11 18:33:00,708931360,-0.36602619625184507,-0.5629162540616469,-0.16913613844204323,36.59478086320661,-87.25291537754502,Montgomery,-0.23,36.5949,-87.2533,0.036804079901321056
2024-05-11 18:34:00,708931360,-0.06293308791365441,-0.15618503553141913,0.0303188597041103,36.59478086320661,-87.25291537754502,Montgomery,2.13,36.5949,-87.2533,0.036804079901321056
2024-05-11 18:35:00,708931360,0.18452845037757842,0.045874862927609644,0.3231820378275472,36.59478086320661,-87.25291537754502,Montgomery,-1.21,36.5949,-87.2533,0.036804079901321056
2024-05-11 18:36:00,708931360,0.07888442585743333,-0.023917825550673677,0.18168667726554033,36.59478086320661,-87.25291537754502,Montgomery,-0.33,36.5949,-87.2533,0.036804079901321056
2024-05-11 18:37:00,708931360,-0.6746717713315759,-1.0781981811317962,-0.27114536153135543,36.59478086320661,-87.25291537754502,Montgomery,-1.99,36.5949,-87.2533,0.036804079901321056
2024-05-11 18:38:00,708931360,0.3396104958786175,0.14637783008222957,0.5328431616750055,36.59478086320661,-87.25291537754502,Montgomery,1.18,36.5949,-87.2533,0.036804079901321056
2024-05-11 18:39:00,708931360,0.03170017197723489,0.008984181673416032,0.05441616228105375,36.59478086320661,-87.25291537754502,Montgomery,-0.31,36.5949,-87.2533,0.036804079901321056
2024-05-11 18:40:00,708931360,-0.5369014843696154,-0.8205617409284454,-0.25324122781078534,36.59478086320661,-87.25291537754502,Montgomery,0.45,36.5949,-87.2533,0.036804079901321056
2024-05-11 18:41:00,708931360,-0.9798496628569948,-1.519189209752602,-0.44051011596138756,36.59478086320661,-87.25291537754502,Montgomery,-1.49,36.5949,-87.2533,0.036804079901321056
2024-05-11 18:42:00,708931360,0.6173835050660118,0.29220248176185065,0.9425645283701729,36.59478086320661,-87.25291537754502,Montgomery,0.79,36.5949,-87.2533,0.036804079901321056
2024-05-11 18:43:00,708931360,0.8315115700531891,0.393733787209561,1.2692893528968172,36.59478086320661,-87.25291537754502,Montgomery,0.83,36.5949,-87.2533,0.036804079901321056
2024-05-11 18:44:00,708931360,0.5568855051464754,0.2609912131278197,0.8527797971651311,36.59478086320661,-87.25291537754502,Montgomery,-0.73,36.5949,-87.2533,0.036804079901321056
2024-05-11 18:45:00,708931360,0.2012466108496476,0.08832268120861839,0.31417054049067683,36.59478086320661,-87.25291537754502,Montgomery,0.82,36.5949,-87.2533,0.036804079901321056
2024-05-11 18:46:00,708931360,0.07026253675838891,0.02704967795879306,0.11347539555798475,36.59478086320661,-87.25291537754502,Montgomery,1.26,36.5949,-87.2533,0.036804079901321056
2024-05-11 18:47:00,708931360,-0.29647988202003644,-0.49670272159458917,-0.09625704244548375,36.59478086320661,-87.25291537754502,Montgomery,0.09,36.5949,-87.2533,0.036804079901321056
2024-05-11 18:48:00,708931360,-1.1607218981291025,-1.7666597518106606,-0.5547840444475445,36.59478086320661,-87.25291537754502,Montgomery,1.94,36.5949,-87.2533,0.036804079901321056
2024-05-11 18:49:00,708931360,-0.2665489630480145,-0.4051230266948488,-0.12797489940118026,36.59478086320661,-87.25291537754502,Montgomery,1.19,36.5949,-87.2533,0.036804079901321056
2024-05-11 18:50:00,708931360,-0.16810107719105244,-0.2565459806271672,-0.07965617375493766,36.59478086320661,-87.25291537754502,Montgomery,1.42,36.5949,-87.2533,0.036804079901321056
2024-05-11 18:51:00,708931360,0.7277648576866733,0.3033173600419304,1.1522123553314163,36.59478086320661,-87.25291537754502,Montgomery,0.11,36.5949,-87.2533,0.036804079901321056
2024-05-11 18:52:00,708931360,0.42753735249091807,0.13008064520660406,0.724994059775232,36.59478086320661,-87.25291537754502,Montgomery,0.34,36.5949,-87.2533,0.036804079901321056
2024-05-11 18:53:00,708931360,-0.5820851535944823,-0.8869142802733794,-0.27725602691558526,36.59478086320661,-87.25291537754502,Montgomery,0.62,36.5949,-87.2533,0.036804079901321056
2024-05-11 18:54:00,708931360,0.1938227553076384,0.08576049027007929,0.3018850203451975,36.59478086320661,-87.25291537754502,Montgomery,0.8,36.5949,-87.2533,0.036804079901321056
2024-05-11 18:55:00,708931360,-0.4302736381263216,-0.6621094787529781,-0.19843779749966506,36.59478086320661,-87.25291537754502,Montgomery,0.12,36.5949,-87.2533,0.036804079901321056
2024-05-11 18:56:00,708931360,-0.19345751358604615,-0.30208106106174537,-0.08483396611034695,36.59478086320661,-87.25291537754502,Montgomery,-0.29,36.5949,-87.2533,0.036804079901321056
2024-05-11 18:57:00,708931360,-0.46052121705739446,-0.7135480265539171,-0.20749440756087173,36.59478086320661,-87.25291537754502,Montgomery,0.77,36.5949,-87.2533,0.036804079901321056
2024-05-11 18:58:00,708931360,-0.26331980234271096,-0.43225151846278653,-0.09438808622263536,36.59478086320661,-87.25291537754502,Montgomery,-0.63,36.5949,-87.2533,0.036804079901321056
2024-05-11 18:59:00,708931360,-0.6586229587545651,-1.0000544864723595,-0.3171914310367708,36.59478086320661,-87.25291537754502,Montgomery,1.16,36.5949,-87.2533,0.036804079901321056
2024-05-11 19:00:00,708931360,-1.3425599933939782,-2.0414918912663773,-0.6436280955215791,36.59478086320661,-87.25291537754502,Montgomery,0.56,36.5949,-87.2533,0.036804079901321056
2024-05-11 19:01:00,708931360,-1.2139079292622257,-1.8522982501251097,-0.5755176083993417,36.59478086320661,-87.25291537754502,Montgomery,-0.1,36.5949,-87.2533,0.036804079901321056
2024-05-11 19:02:00,708931360,-0.9261827616143288,-1.411532940079343,-0.4408325831493145,36.59478086320661,-87.25291537754502,Montgomery,0.46,36.5949,-87.2533,0.036804079901321056
2024-05-11 19:03:00,708931360,0.016131737022703162,-0.011735651090344901,0.04399912513575123,36.59478086320661,-87.25291537754502,Montgomery,0.43,36.5949,-87.2533,0.036804079901321056
2024-05-11 19:04:00,708931360,-0.012945612141211177,-0.04294038697644102,0.017049162694018672,36.59478086320661,-87.25291537754502,Montgomery,0.15,36.5949,-87.2533,0.036804079901321056
2024-05-11 19:05:00,708931360,0.13623386820606692,0.040440099264681645,0.2320276371474522,36.59478086320661,-87.25291537754502,Montgomery,0.34,36.5949,-87.2533,0.036804079901321056
2024-05-11 19:06:00,708931360,0.01648743478169005,-0.018721465701701894,0.051696335265081994,36.59478086320661,-87.25291537754502,Montgomery,0.08,36.5949,-87.2533,0.036804079901321056
2024-05-11 19:07:00,708931360,0.033924612711899796,-0.013884319475103213,0.0817335448989028,36.59478086320661,-87.25291537754502,Montgomery,-0.01,36.5949,-87.2533,0.036804079901321056
2024-05-11 19:08:00,708931360,0.6665023557869787,0.3056768211857408,1.0273278903882166,36.59478086320661,-87.25291537754502,Montgomery,0.85,36.5949,-87.2533,0.036804079901321056
2024-05-11 19:09:00,708931360,0.45203371390010016,0.217985574058882,0.6860818537413184,36.59478086320661,-87.25291537754502,Montgomery,-1.37,36.5949,-87.2533,0.036804079901321056
2024-05-11 19:10:00,708931360,0.5177265701495709,0.16385738847836706,0.8715957518207748,36.59478086320661,-87.25291537754502,Montgomery,1.0,36.5949,-87.2533,0.036804079901321056
2024-05-11 19:11:00,708931360,0.16959965707890906,0.03022866794753848,0.30897064621027964,36.59478086320661,-87.25291537754502,Montgomery,0.86,36.5949,-87.2533,0.036804079901321056
2024-05-11 19:12:00,708931360,-0.49999078071869235,-0.7689196862881993,-0.23106187514918547,36.59478086320661,-87.25291537754502,Montgomery,0.08,36.5949,-87.2533,0.036804079901321056
2024-05-11 19:13:00,708931360,-0.4412540652938561,-0.718209083658961,-0.1642990469287512,36.59478086320661,-87.25291537754502,Montgomery,-0.16,36.5949,-87.2533,0.036804079901321056
2024-05-11 19:14:00,708931360,1.1086362751788998,0.5266361934465871,1.6906363569112126,36.59478086320661,-87.25291537754502,Montgomery,-0.82,36.5949,-87.2533,0.036804079901321056
2024-05-11 19:15:00,708931360,1.0843522213551129,0.5123300513504923,1.6563743913597335,36.59478086320661,-87.25291537754502,Montgomery,-0.12,36.5949,-87.2533,0.036804079901321056
2024-05-11 19:16:00,708931360,0.12067555900151669,0.013717373180846426,0.22763374482218696,36.59478086320661,-87.25291537754502,Montgomery,0.63,36.5949,-87.2533,0.036804079901321056
2024-05-11 19:17:00,708931360,0.4611164167252624,0.21367771276735223,0.7085551206831725,36.59478086320661,-87.25291537754502,Montgomery,0.51,36.5949,-87.2533,0.036804079901321056
2024-05-11 19:18:00,708931360,0.33038410304504023,0.13557022047581152,0.525197985614269,36.59478086320661,-87.25291537754502,Montgomery,1.11,36.5949,-87.2533,0.036804079901321056
2024-05-11 19:19:00,708931360,0.5950787613929289,0.27445333537668787,0.91570418740917,36.59478086320661,-87.25291537754502,Montgomery,-0.06,36.5949,-87.2533,0.036804079901321056
2024-05-11 19:20:00,708931360,0.5633714439389401,0.26697245894092864,0.8597704289369517,36.59478086320661,-87.25291537754502,Montgomery,1.43,36.5949,-87.2533,0.036804079901321056
2024-05-11 19:21:00,708931360,-0.11744237006188225,-0.2633403830558023,0.028455642932037797,36.59478086320661,-87.25291537754502,Montgomery,1.23,36.5949,-87.2533,0.036804079901321056
2024-05-11 19:22:00,708931360,0.6562613814527678,0.29101360346553823,1.0215091594399974,36.59478086320661,-87.25291537754502,Montgomery,-0.13,36.5949,-87.2533,0.036804079901321056
2024-05-11 19:23:00,708931360,1.4027834693500936,0.666927420295923,2.138639518404264,36.59478086320661,-87.25291537754502,Montgomery,-0.17,36.5949,-87.2533,0.036804079901321056
2024-05-11 19:24:00,708931360,0.30959416806749196,0.13408740006782457,0.4851009360671593,36.59478086320661,-87.25291537754502,Montgomery,1.27,36.5949,-87.2533,0.036804079901321056
2024-05-11 19:25:00,708931360,0.27160100715718044,0.0930722513864157,0.45012976292794515,36.59478086320661,-87.25291537754502,Montgomery,0.85,36.5949,-87.2533,0.036804079901321056
2024-05-11 19:26:00,708931360,0.5959172128072383,0.15378447331519934,1.0380499522992772,36.59478086320661,-87.25291537754502,Montgomery,0.6,36.5949,-87.2533,0.036804079901321056
2024-05-11 19:27:00,708931360,0.08875799634780722,-0.2321617384199018,0.40967773111551625,36.59478086320661,-87.25291537754502,Montgomery,3.02,36.5949,-87.2533,0.036804079901321056
2024-05-11 19:28:00,708931360,0.6138181534355371,0.22624319092915157,1.0013931159419227,36.59478086320661,-87.25291537754502,Montgomery,-1.34,36.5949,-87.2533,0.036804079901321056
2024-05-11 19:29:00,708931360,0.5582747330602006,0.2027450346003799,0.9138044315200213,36.59478086320661,-87.25291537754502,Montgomery,-1.45,36.5949,-87.2533,0.036804079901321056
2024-05-11 19:30:00,708931360,0.4324476347505617,0.20118068046673837,0.663714589034385,36.59478086320661,-87.25291537754502,Montgomery,0.16,36.5949,-87.2533,0.036804079901321056
2024-05-11 19:31:00,708931360,0.6359135127045158,0.2831757888194837,0.9886512365895479,36.59478086320661,-87.25291537754502,Montgomery,-1.31,36.5949,-87.2533,0.036804079901321056
2024-05-11 19:32:00,708931360,0.08444568640904042,-0.02661435441112449,0.19550572722920534,36.59478086320661,-87.25291537754502,Montgomery,1.58,36.5949,-87.2533,0.036804079901321056
2024-05-11 19:33:00,708931360,0.11532328759053405,-0.04920501044824631,0.2798515856293144,36.59478086320661,-87.25291537754502,Montgomery,-0.2,36.5949,-87.2533,0.036804079901321056
2024-05-11 19:34:00,708931360,0.2691556290700917,0.09362283390499401,0.4446884242351894,36.59478086320661,-87.25291537754502,Montgomery,0.85,36.5949,-87.2533,0.036804079901321056
2024-05-11 19:35:00,708931360,0.14319352174922065,0.012662210016317482,0.27372483348212384,36.59478086320661,-87.25291537754502,Montgomery,1.16,36.5949,-87.2533,0.036804079901321056
2024-05-11 19:36:00,708931360,0.1572891375591579,-0.053142799331036744,0.36772107444935254,36.59478086320661,-87.25291537754502,Montgomery,0.76,36.5949,-87.2533,0.036804079901321056
2024-05-11 19:37:00,708931360,0.20091936216125222,0.04549518556537155,0.35634353875713287,36.59478086320661,-87.25291537754502,Montgomery,0.53,36.5949,-87.2533,0.036804079901321056
2024-05-11 19:38:00,708931360,-0.40624138584972025,-0.6174999065367769,-0.19498286516266358,36.59478086320661,-87.25291537754502,Montgomery,-1.98,36.5949,-87.2533,0.036804079901321056
2024-05-11 19:39:00,708931360,0.03716215337927157,0.008150081657247905,0.06617422510129523,36.59478086320661,-87.25291537754502,Montgomery,-0.8,36.5949,-87.2533,0.036804079901321056
2024-05-11 19:40:00,708931360,0.32766613455134486,0.15055888748954754,0.5047733816131421,36.59478086320661,-87.25291537754502,Montgomery,-0.68,36.5949,-87.2533,0.036804079901321056
2024-05-11 19:41:00,708931360,0.6410266975802195,0.28587544520844266,0.9961779499519963,36.59478086320661,-87.25291537754502,Montgomery,0.66,36.5949,-87.2533,0.036804079901321056
2024-05-11 19:42:00,708931360,-0.7634409392415371,-1.161629176379241,-0.3652527021038332,36.59478086320661,-87.25291537754502,Montgomery,0.95,36.5949,-87.2533,0.036804079901321056
2024-05-11 19:43:00,708931360,-0.8930150527036738,-1.3760037793889635,-0.4100263260183842,36.59478086320661,-87.25291537754502,Montgomery,0.79,36.5949,-87.2533,0.036804079901321056
2024-05-11 19:44:00,708931360,-0.40980786955997084,-0.6241655512064018,-0.19545018791353985,36.59478086320661,-87.25291537754502,Montgomery,0.17,36.5949,-87.2533,0.036804079901321056
2024-05-11 19:45:00,708931360,-0.6449641881085801,-0.9864247350983906,-0.30350364111876965,36.59478086320661,-87.25291537754502,Montgomery,0.28,36.5949,-87.2533,0.036804079901321056
2024-05-11 19:46:00,708931360,-0.3824210418808393,-0.5777476050140524,-0.18709447874762614,36.59478086320661,-87.25291537754502,Montgomery,0.67,36.5949,-87.2533,0.036804079901321056
2024-05-11 19:47:00,708931360,-0.0314258549110642,-0.14745441264370268,0.08460270282157428,36.59478086320661,-87.25291537754502,Montgomery,0.25,36.5949,-87.2533,0.036804079901321056
2024-05-11 19:48:00,708931360,-0.007978874104484114,-0.11963297342418928,0.10367522521522106,36.59478086320661,-87.25291537754502,Montgomery,0.36,36.5949,-87.2533,0.036804079901321056
2024-05-11 19:49:00,708931360,-0.12637225525887838,-0.22148606605864357,-0.03125844445911319,36.59478086320661,-87.25291537754502,Montgomery,-0.58,36.5949,-87.2533,0.036804079901321056
2024-05-11 19:50:00,708931360,-0.08013786961402232,-0.1611460254478783,0.0008702862198336492,36.59478086320661,-87.25291537754502,Montgomery,-0.16,36.5949,-87.2533,0.036804079901321056
2024-05-11 19:51:00,708931360,-0.37853000265193687,-0.5792577838651103,-0.1778022214387634,36.59478086320661,-87.25291537754502,Montgomery,0.71,36.5949,-87.2533,0.036804079901321056
2024-05-11 19:52:00,708931360,-0.13707701554568602,-0.20389051110312578,-0.07026351998824626,36.59478086320661,-87.25291537754502,Montgomery,-0.04,36.5949,-87.2533,0.036804079901321056
2024-05-11 19:53:00,708931360,-0.7224429953436485,-1.0962964316416333,-0.34858955904566385,36.59478086320661,-87.25291537754502,Montgomery,0.54,36.5949,-87.2533,0.036804079901321056
2024-05-11 19:54:00,708931360,-0.6133294420895683,-0.9315602646275457,-0.2950986195515909,36.59478086320661,-87.25291537754502,Montgomery,0.27,36.5949,-87.2533,0.036804079901321056
2024-05-11 19:55:00,708931360,-0.11241381168178748,-0.16862197594846634,-0.05620564741510861,36.59478086320661,-87.25291537754502,Montgomery,0.23,36.5949,-87.2533,0.036804079901321056
2024-05-11 19:56:00,708931360,-0.3808093548525956,-0.5807468841329217,-0.18087182557226944,36.59478086320661,-87.25291537754502,Montgomery,0.34,36.5949,-87.2533,0.036804079901321056
2024-05-11 19:57:00,708931360,-0.5876375737630373,-0.8914112316378107,-0.2838639158882639,36.59478086320661,-87.25291537754502,Montgomery,-0.01,36.5949,-87.2533,0.036804079901321056
2024-05-11 19:58:00,708931360,-0.028175765502705223,-0.08395704462465611,0.027605513619245674,36.59478086320661,-87.25291537754502,Montgomery,0.24,36.5949,-87.2533,0.036804079901321056
2024-05-11 19:59:00,708931360,-0.038457792358396206,-0.10434165675426861,0.0274260720374762,36.59478086320661,-87.25291537754502,Montgomery,0.27,36.5949,-87.2533,0.036804079901321056
2024-05-11 20:00:00,708931360,0.3341841929726989,0.13842729092917472,0.5299410950162231,36.59478086320661,-87.25291537754502,Montgomery,-1.0,36.5949,-87.2533,0.036804079901321056
2024-05-11 20:01:00,708931360,-0.9387971587609827,-1.4237886624695935,-0.4538056550523718,36.59478086320661,-87.25291537754502,Montgomery,2.33,36.5949,-87.2533,0.036804079901321056
2024-05-11 20:02:00,708931360,-2.726137107378222,-4.18238955189935,-1.2698846628570934,36.59478086320661,-87.25291537754502,Montgomery,1.56,36.5949,-87.2533,0.036804079901321056
2024-05-11 20:03:00,708931360,-0.03839964319745844,-0.31989973522546994,0.24310044883055307,36.59478086320661,-87.25291537754502,Montgomery,-0.14,36.5949,-87.2533,0.036804079901321056
2024-05-11 20:04:00,708931360,1.044271696288895,0.48837163520394866,1.6001717573738412,36.59478086320661,-87.25291537754502,Montgomery,0.14,36.5949,-87.2533,0.036804079901321056
2024-05-11 20:05:00,708931360,1.0441632869473674,0.44997318763362415,1.6383533862611106,36.59478086320661,-87.25291537754502,Montgomery,-0.81,36.5949,-87.2533,0.036804079901321056
2024-05-11 20:06:00,708931360,1.2255380474553819,0.512670309149675,1.9384057857610886,36.59478086320661,-87.25291537754502,Montgomery,-1.01,36.5949,-87.2533,0.036804079901321056
2024-05-11 20:07:00,708931360,0.326404966720185,0.01671167515137756,0.6360982582889925,36.59478086320661,-87.25291537754502,Montgomery,-0.19,36.5949,-87.2533,0.036804079901321056
2024-05-11 20:08:00,708931360,-0.6648971104812353,-1.0246017805462375,-0.3051924404162331,36.59478086320661,-87.25291537754502,Montgomery,-0.01,36.5949,-87.2533,0.036804079901321056
2024-05-11 20:09:00,708931360,-0.8410845906043339,-1.2771383470033335,-0.40503083420533426,36.59478086320661,-87.25291537754502,Montgomery,-0.17,36.5949,-87.2533,0.036804079901321056
2024-05-11 20:10:00,708931360,-0.4863257791796223,-0.746786842665865,-0.22586471569337951,36.59478086320661,-87.25291537754502,Montgomery,-0.28,36.5949,-87.2533,0.036804079901321056
2024-05-11 20:11:00,708931360,0.23941904093683897,0.10717396560578393,0.371664116267894,36.59478086320661,-87.25291537754502,Montgomery,0.61,36.5949,-87.2533,0.036804079901321056
2024-05-11 20:12:00,708931360,0.20981209118381366,0.0951083652717045,0.3245158170959228,36.59478086320661,-87.25291537754502,Montgomery,0.38,36.5949,-87.2533,0.036804079901321056
2024-05-11 20:13:00,708931360,-0.07774890307577755,-0.15135213170372835,-0.004145674447826736,36.59478086320661,-87.25291537754502,Montgomery,0.06,36.5949,-87.2533,0.036804079901321056
2024-05-11 20:14:00,708931360,-1.123328631477113,-1.7471041491203247,-0.4995531138339012,36.59478086320661,-87.25291537754502,Montgomery,0.55,36.5949,-87.2533,0.036804079901321056
2024-05-11 20:15:00,708931360,-1.2292006982544106,-1.9338165308894646,-0.5245848656193565,36.59478086320661,-87.25291537754502,Montgomery,-0.38,36.5949,-87.2533,0.036804079901321056
2024-05-11 20:16:00,708931360,-0.6153397574322882,-0.9823257147797512,-0.24835380008482522,36.59478086320661,-87.25291537754502,Montgomery,1.1,36.5949,-87.2533,0.036804079901321056
2024-05-11 20:17:00,708931360,-0.3072965354127646,-0.4813892923416776,-0.13320377848385154,36.59478086320661,-87.25291537754502,Montgomery,1.47,36.5949,-87.2533,0.036804079901321056
2024-05-11 20:18:00,708931360,-0.3729018095519976,-0.5739801054481284,-0.17182351365586684,36.59478086320661,-87.25291537754502,Montgomery,0.77,36.5949,-87.2533,0.036804079901321056
2024-05-11 20:19:00,708931360,-0.7853941761307289,-1.1982318597380204,-0.3725564925234374,36.59478086320661,-87.25291537754502,Montgomery,0.64,36.5949,-87.2533,0.036804079901321056
2024-05-11 20:20:00,708931360,-0.5972717205514895,-0.9311970991251215,-0.26334634197785745,36.59478086320661,-87.25291537754502,Montgomery,0.22,36.5949,-87.2533,0.036804079901321056
2024-05-11 20:21:00,708931360,0.14214223317649066,0.012372305031980918,0.2719121613210004,36.59478086320661,-87.25291537754502,Montgomery,0.34,36.5949,-87.2533,0.036804079901321056
2024-05-11 20:22:00,708931360,-0.13410408659871692,-0.24649532785891237,-0.021712845338521455,36.59478086320661,-87.25291537754502,Montgomery,-0.08,36.5949,-87.2533,0.036804079901321056
2024-05-11 20:23:00,708931360,0.06474706483993002,0.0026271831789677694,0.12686694650089228,36.59478086320661,-87.25291537754502,Montgomery,0.14,36.5949,-87.2533,0.036804079901321056
2024-05-11 20:24:00,708931360,-0.09312706631036442,-0.13848827342522818,-0.04776585919550066,36.59478086320661,-87.25291537754502,Montgomery,-0.22,36.5949,-87.2533,0.036804079901321056
2024-05-11 20:25:00,708931360,-0.005326324788431275,-0.0744250368378861,0.06377238726102355,36.59478086320661,-87.25291537754502,Montgomery,-0.24,36.5949,-87.2533,0.036804079901321056
2024-05-11 20:26:00,708931360,-0.10827550635527805,-0.2670651655971532,0.05051415288659708,36.59478086320661,-87.25291537754502,Montgomery,0.14,36.5949,-87.2533,0.036804079901321056
2024-05-11 20:27:00,708931360,0.2972570521181349,0.11852678537951808,0.4759873188567517,36.59478086320661,-87.25291537754502,Montgomery,0.23,36.5949,-87.2533,0.036804079901321056
2024-05-11 20:28:00,708931360,0.46642012437712166,0.21402043629134165,0.7188198124629017,36.59478086320661,-87.25291537754502,Montgomery,-0.11,36.5949,-87.2533,0.036804079901321056
2024-05-11 20:29:00,708931360,-0.03647289907458077,-0.2397488747647198,0.16680307661555827,36.59478086320661,-87.25291537754502,Montgomery,-0.38,36.5949,-87.2533,0.036804079901321056
2024-05-11 20:30:00,708931360,0.5086367376624865,0.2246232422205745,0.7926502331043985,36.59478086320661,-87.25291537754502,Montgomery,0.61,36.5949,-87.2533,0.036804079901321056
2024-05-11 20:31:00,708931360,0.6947697116053876,0.3280876908388381,1.061451732371937,36.59478086320661,-87.25291537754502,Montgomery,0.04,36.5949,-87.2533,0.036804079901321056
2024-05-11 20:32:00,708931360,-0.09966791380422346,-0.23310265713410516,0.03376682952565824,36.59478086320661,-87.25291537754502,Montgomery,-0.94,36.5949,-87.2533,0.036804079901321056
2024-05-11 20:33:00,708931360,0.825094901825906,0.39586583880591436,1.2543239648458975,36.59478086320661,-87.25291537754502,Montgomery,-0.31,36.5949,-87.2533,0.036804079901321056
2024-05-11 20:34:00,708931360,0.9903705082241478,0.4555795236247768,1.5251614928235189,36.59478086320661,-87.25291537754502,Montgomery,-0.66,36.5949,-87.2533,0.036804079901321056
2024-05-11 20:35:00,708931360,0.23255438400240777,0.10905443959579479,0.35605432840902074,36.59478086320661,-87.25291537754502,Montgomery,-0.15,36.5949,-87.2533,0.036804079901321056
2024-05-11 20:36:00,708931360,0.46212970242977963,0.22003122864367128,0.704228176215888,36.59478086320661,-87.25291537754502,Montgomery,-0.06,36.5949,-87.2533,0.036804079901321056
2024-05-11 20:37:00,708931360,0.6036952721552554,0.283665335315462,0.9237252089950488,36.59478086320661,-87.25291537754502,Montgomery,-0.24,36.5949,-87.2533,0.036804079901321056
2024-05-11 20:38:00,708931360,-0.05484721528939605,-0.12222684092292749,0.012532410344135402,36.59478086320661,-87.25291537754502,Montgomery,-0.13,36.5949,-87.2533,0.036804079901321056
2024-05-11 20:39:00,708931360,0.39849665794197126,0.18095327134050535,0.6160400445434372,36.59478086320661,-87.25291537754502,Montgomery,-0.48,36.5949,-87.2533,0.036804079901321056
2024-05-11 20:40:00,708931360,0.3081381641880359,0.11341755021954575,0.5028587781565261,36.59478086320661,-87.25291537754502,Montgomery,-1.01,36.5949,-87.2533,0.036804079901321056
2024-05-11 20:41:00,708931360,0.9730198839461993,0.4617743407739897,1.4842654271184088,36.59478086320661,-87.25291537754502,Montgomery,0.41,36.5949,-87.2533,0.036804079901321056
2024-05-11 20:42:00,708931360,0.774952688732915,0.360571766490642,1.189333610975188,36.59478086320661,-87.25291537754502,Montgomery,-0.96,36.5949,-87.2533,0.036804079901321056
2024-05-11 20:43:00,708931360,-0.28825889575188074,-0.47146288887087995,-0.1050549026328815,36.59478086320661,-87.25291537754502,Montgomery,0.57,36.5949,-87.2533,0.036804079901321056
2024-05-11 20:44:00,708931360,0.5285467043977679,0.2349657884830349,0.8221276203125008,36.59478086320661,-87.25291537754502,Montgomery,0.22,36.5949,-87.2533,0.036804079901321056
2024-05-11 20:45:00,708931360,0.14537218883621944,0.06571576522735675,0.22502861244508213,36.59478086320661,-87.25291537754502,Montgomery,0.44,36.5949,-87.2533,0.036804079901321056
2024-05-11 20:46:00,708931360,1.0621968841506693,0.5051582069167159,1.6192355613846225,36.59478086320661,-87.25291537754502,Montgomery,0.81,36.5949,-87.2533,0.036804079901321056
2024-05-11 20:47:00,708931360,0.39518469985502125,0.18551406379087262,0.6048553359191698,36.59478086320661,-87.25291537754502,Montgomery,0.66,36.5949,-87.2533,0.036804079901321056
2024-05-11 20:48:00,708931360,0.4224308030796529,0.19640782717824185,0.648453778981064,36.59478086320661,-87.25291537754502,Montgomery,0.17,36.5949,-87.2533,0.036804079901321056
2024-05-11 20:49:00,708931360,0.2791607117707512,0.13178364643012602,0.42653777711137636,36.59478086320661,-87.25291537754502,Montgomery,0.61,36.5949,-87.2533,0.036804079901321056
2024-05-11 20:50:00,708931360,0.3052771842257583,0.1454528441794757,0.4651015242720409,36.59478086320661,-87.25291537754502,Montgomery,-0.26,36.5949,-87.2533,0.036804079901321056
2024-05-11 20:51:00,708931360,0.13432265126629545,0.05004870414697139,0.2185965983856195,36.59478086320661,-87.25291537754502,Montgomery,0.43,36.5949,-87.2533,0.036804079901321056
2024-05-11 20:52:00,708931360,0.20106473491641805,0.09161074473115473,0.3105187251016814,36.59478086320661,-87.25291537754502,Montgomery,0.03,36.5949,-87.2533,0.036804079901321056
2024-05-11 20:53:00,708931360,-0.034914062761005484,-0.058705766704420126,-0.011122358817590838,36.59478086320661,-87.25291537754502,Montgomery,0.3,36.5949,-87.2533,0.036804079901321056
2024-05-11 20:54:00,708931360,-0.07831757020947516,-0.1238429713493531,-0.03279216906959723,36.59478086320661,-87.25291537754502,Montgomery,0.23,36.5949,-87.2533,0.036804079901321056
2024-05-11 20:55:00,708931360,-0.0137973275276474,-0.026035374220729164,-0.0015592808345656368,36.59478086320661,-87.25291537754502,Montgomery,-0.06,36.5949,-87.2533,0.036804079901321056
2024-05-11 20:56:00,708931360,0.320116187637219,0.14343857419044054,0.49679380108399745,36.59478086320661,-87.25291537754502,Montgomery,-0.25,36.5949,-87.2533,0.036804079901321056
2024-05-11 20:57:00,708931360,0.24955977536583282,0.11451031811659562,0.38460923261507,36.59478086320661,-87.25291537754502,Montgomery,-1.6,36.5949,-87.2533,0.036804079901321056
2024-05-11 20:58:00,708931360,0.795246341265738,0.34401155193605465,1.2464811305954213,36.59478086320661,-87.25291537754502,Montgomery,-1.26,36.5949,-87.2533,0.036804079901321056
2024-05-11 20:59:00,708931360,1.0763331780962606,0.5067347779351262,1.645931578257395,36.59478086320661,-87.25291537754502,Montgomery,-1.52,36.5949,-87.2533,0.036804079901321056
2024-05-11 21:00:00,708931360,1.0367081098919058,0.49367645178705266,1.5797397679967589,36.59478086320661,-87.25291537754502,Montgomery,-1.26,36.5949,-87.2533,0.036804079901321056
2024-05-11 21:01:00,708931360,0.6523641638870918,0.3118732555969904,0.9928550721771933,36.59478086320661,-87.25291537754502,Montgomery,-1.5,36.5949,-87.2533,0.036804079901321056
2024-05-11 21:02:00,708931360,0.7348750812120568,0.35003335693926674,1.1197168054848468,36.59478086320661,-87.25291537754502,Montgomery,-1.5,36.5949,-87.2533,0.036804079901321056
2024-05-11 21:03:00,708931360,0.44361320199482235,0.2135946596551683,0.6736317443344764,36.59478086320661,-87.25291537754502,Montgomery,-1.04,36.5949,-87.2533,0.036804079901321056
2024-05-11 21:04:00,708931360,-0.31248268985071626,-0.47833088804152385,-0.14663449165990866,36.59478086320661,-87.25291537754502,Montgomery,-0.84,36.5949,-87.2533,0.036804079901321056
2024-05-11 21:05:00,708931360,-0.09498747126186904,-0.22551650576844495,0.035541563244706864,36.59478086320661,-87.25291537754502,Montgomery,-1.74,36.5949,-87.2533,0.036804079901321056
2024-05-11 21:06:00,708931360,-0.1972052882033643,-0.4172444266756882,0.022833850268959538,36.59478086320661,-87.25291537754502,Montgomery,-0.02,36.5949,-87.2533,0.036804079901321056
2024-05-11 21:07:00,708931360,-1.1761469249844079,-1.8217964227727446,-0.5304974271960712,36.59478086320661,-87.25291537754502,Montgomery,1.33,36.5949,-87.2533,0.036804079901321056
2024-05-11 21:08:00,708931360,-1.0784433972309893,-1.6813965647961782,-0.47549022966580023,36.59478086320661,-87.25291537754502,Montgomery,0.6,36.5949,-87.2533,0.036804079901321056
2024-05-11 21:09:00,708931360,-0.8640531484658519,-1.3862399349802108,-0.341866361951493,36.59478086320661,-87.25291537754502,Montgomery,0.82,36.5949,-87.2533,0.036804079901321056
2024-05-11 21:10:00,708931360,-1.0109460921876394,-1.5507448984036456,-0.47114728597163325,36.59478086320661,-87.25291537754502,Montgomery,2.2,36.5949,-87.2533,0.036804079901321056
2024-05-11 21:11:00,708931360,-0.6436146003915403,-1.0143986933447415,-0.27283050743833903,36.59478086320661,-87.25291537754502,Montgomery,1.86,36.5949,-87.2533,0.036804079901321056
2024-05-11 21:12:00,708931360,-0.23198066907468015,-0.4334534383793931,-0.030507899769967206,36.59478086320661,-87.25291537754502,Montgomery,1.34,36.5949,-87.2533,0.036804079901321056
2024-05-11 21:13:00,708931360,0.5681516580927864,0.2650284360101697,0.8712748801754032,36.59478086320661,-87.25291537754502,Montgomery,-0.65,36.5949,-87.2533,0.036804079901321056
2024-05-11 21:14:00,708931360,1.11661266049844,0.5284603443347218,1.7047649766621584,36.59478086320661,-87.25291537754502,Montgomery,-0.65,36.5949,-87.2533,0.036804079901321056
2024-05-11 21:15:00,708931360,2.5232426740379683,1.1954628494562813,3.8510224986196553,36.59478086320661,-87.25291537754502,Montgomery,-1.08,36.5949,-87.2533,0.036804079901321056
2024-05-11 21:16:00,708931360,3.024220899433682,1.440285624358867,4.608156174508497,36.59478086320661,-87.25291537754502,Montgomery,-1.39,36.5949,-87.2533,0.036804079901321056
2024-05-11 21:17:00,708931360,1.2741573483356097,0.5849764561918722,1.9633382404793471,36.59478086320661,-87.25291537754502,Montgomery,-1.49,36.5949,-87.2533,0.036804079901321056
2024-05-11 21:18:00,708931360,0.5251141716335156,0.2479252762085299,0.8023030670585013,36.59478086320661,-87.25291537754502,Montgomery,-2.45,36.5949,-87.2533,0.036804079901321056
2024-05-11 21:19:00,708931360,0.6769549337651622,0.32549594656592024,1.0284139209644043,36.59478086320661,-87.25291537754502,Montgomery,-1.51,36.5949,-87.2533,0.036804079901321056
2024-05-11 21:20:00,708931360,0.8539783288339587,0.40956064179330276,1.2983960158746148,36.59478086320661,-87.25291537754502,Montgomery,-0.51,36.5949,-87.2533,0.036804079901321056
2024-05-11 21:21:00,708931360,0.5529069132778995,0.26705889677351347,0.8387549297822856,36.59478086320661,-87.25291537754502,Montgomery,-1.51,36.5949,-87.2533,0.036804079901321056
2024-05-11 21:22:00,708931360,0.6957043691644478,0.32502063974475426,1.0663880985841412,36.59478086320661,-87.25291537754502,Montgomery,-0.85,36.5949,-87.2533,0.036804079901321056
2024-05-11 21:23:00,708931360,-0.05434015477125773,-0.11518271716053313,0.0065024076180176665,36.59478086320661,-87.25291537754502,Montgomery,-1.06,36.5949,-87.2533,0.036804079901321056
2024-05-11 21:24:00,708931360,-0.15966841364358897,-0.2644516504364809,-0.05488517685069706,36.59478086320661,-87.25291537754502,Montgomery,-2.39,36.5949,-87.2533,0.036804079901321056
2024-05-11 21:25:00,708931360,-0.9634271422097632,-1.484707935896415,-0.4421463485231114,36.59478086320661,-87.25291537754502,Montgomery,-1.64,36.5949,-87.2533,0.036804079901321056
2024-05-11 21:26:00,708931360,-1.2380053559271502,-1.8901226431783122,-0.5858880686759881,36.59478086320661,-87.25291537754502,Montgomery,-1.07,36.5949,-87.2533,0.036804079901321056
2024-05-11 21:27:00,708931360,-2.16531837168138,-3.2994234583662783,-1.031213284996482,36.59478086320661,-87.25291537754502,Montgomery,-0.2,36.5949,-87.2533,0.036804079901321056
2024-05-11 21:28:00,708931360,-1.832952257515956,-2.7899476944743133,-0.8759568205575987,36.59478086320661,-87.25291537754502,Montgomery,0.14,36.5949,-87.2533,0.036804079901321056
2024-05-11 21:29:00,708931360,-0.450448454262801,-0.6831451474970893,-0.21775176102851262,36.59478086320661,-87.25291537754502,Montgomery,0.22,36.5949,-87.2533,0.036804079901321056
2024-05-11 21:30:00,708931360,0.37443224293644306,0.17020658676886696,0.5786578991040192,36.59478086320661,-87.25291537754502,Montgomery,0.23,36.5949,-87.2533,0.036804079901321056
2024-05-11 21:31:00,708931360,0.6058452091014064,0.2836579825710348,0.928032435631778,36.59478086320661,-87.25291537754502,Montgomery,0.21,36.5949,-87.2533,0.036804079901321056
2024-05-11 21:32:00,708931360,0.3285542525313701,0.1551163077738177,0.5019921972889225,36.59478086320661,-87.25291537754502,Montgomery,0.42,36.5949,-87.2533,0.036804079901321056
2024-05-11 21:33:00,708931360,-0.11105051488654742,-0.21179910373710925,-0.010301926035985579,36.59478086320661,-87.25291537754502,Montgomery,-0.53,36.5949,-87.2533,0.036804079901321056
2024-05-11 21:34:00,708931360,0.41005814475665875,0.1712047184040754,0.6489115711092421,36.59478086320661,-87.25291537754502,Montgomery,-0.38,36.5949,-87.2533,0.036804079901321056
2024-05-11 21:35:00,708931360,0.10945153347815254,0.023139113477126924,0.19576395347917813,36.59478086320661,-87.25291537754502,Montgomery,0.44,36.5949,-87.2533,0.036804079901321056
2024-05-11 21:36:00,708931360,-1.0081524680494647,-1.534535598035534,-0.4817693380633953,36.59478086320661,-87.25291537754502,Montgomery,0.08,36.5949,-87.2533,0.036804079901321056
2024-05-11 21:37:00,708931360,-0.7526098999771333,-1.150245955360772,-0.3549738445934947,36.59478086320661,-87.25291537754502,Montgomery,-0.91,36.5949,-87.2533,0.036804079901321056
2024-05-11 21:38:00,708931360,-0.06578928361256446,-0.10482276102211294,-0.026755806203015993,36.59478086320661,-87.25291537754502,Montgomery,0.31,36.5949,-87.2533,0.036804079901321056
2024-05-11 21:39:00,708931360,-0.22932692222591294,-0.35048726320254264,-0.10816658124928323,36.59478086320661,-87.25291537754502,Montgomery,-0.06,36.5949,-87.2533,0.036804079901321056
2024-05-11 21:40:00,708931360,-1.0155022435268402,-1.5549264670361964,-0.4760780200174838,36.59478086320661,-87.25291537754502,Montgomery,0.58,36.5949,-87.2533,0.036804079901321056
2024-05-11 21:41:00,708931360,-0.8699014453698221,-1.3514740832228598,-0.38832880751678434,36.59478086320661,-87.25291537754502,Montgomery,0.02,36.5949,-87.2533,0.036804079901321056
2024-05-11 21:42:00,708931360,-0.449615966823923,-0.6837978651501427,-0.2154340684977033,36.59478086320661,-87.25291537754502,Montgomery,-0.83,36.5949,-87.2533,0.036804079901321056
2024-05-11 21:43:00,708931360,0.1033352966854211,-0.002302817142451702,0.2089734105132939,36.59478086320661,-87.25291537754502,Montgomery,-0.02,36.5949,-87.2533,0.036804079901321056
2024-05-11 21:44:00,708931360,-0.21505159162653653,-0.36063279645770757,-0.06947038679536549,36.59478086320661,-87.25291537754502,Montgomery,-0.23,36.5949,-87.2533,0.036804079901321056
2024-05-11 21:45:00,708931360,-0.2984953262962233,-0.4561499268695343,-0.14084072572291223,36.59478086320661,-87.25291537754502,Montgomery,-0.49,36.5949,-87.2533,0.036804079901321056
2024-05-11 21:46:00,708931360,0.05347001364916787,0.02270787897173313,0.08423214832660261,36.59478086320661,-87.25291537754502,Montgomery,-0.72,36.5949,-87.2533,0.036804079901321056
2024-05-11 21:47:00,708931360,-0.22682473740523232,-0.34547862160608694,-0.10817085320437769,36.59478086320661,-87.25291537754502,Montgomery,-0.13,36.5949,-87.2533,0.036804079901321056
2024-05-11 21:48:00,708931360,-0.2884927893344565,-0.4391554645841754,-0.13783011408473758,36.59478086320661,-87.25291537754502,Montgomery,-0.3,36.5949,-87.2533,0.036804079901321056
2024-05-11 21:49:00,708931360,-0.08487592965996425,-0.13437353831076929,-0.035378321009159226,36.59478086320661,-87.25291537754502,Montgomery,-0.78,36.5949,-87.2533,0.036804079901321056
2024-05-11 21:50:00,708931360,0.18575806915165563,0.08840439703769962,0.28311174126561167,36.59478086320661,-87.25291537754502,Montgomery,-0.7,36.5949,-87.2533,0.036804079901321056
2024-05-11 21:51:00,708931360,0.23676405423707605,0.11238206568261942,0.3611460427915327,36.59478086320661,-87.25291537754502,Montgomery,-0.68,36.5949,-87.2533,0.036804079901321056
2024-05-11 21:52:00,708931360,0.1494829864929618,0.06944457133929735,0.22952140164662624,36.59478086320661,-87.25291537754502,Montgomery,-0.67,36.5949,-87.2533,0.036804079901321056
2024-05-11 21:53:00,708931360,0.0109841941499445,-0.026582942929877344,0.04855133122976635,36.59478086320661,-87.25291537754502,Montgomery,-0.67,36.5949,-87.2533,0.036804079901321056
2024-05-11 21:54:00,708931360,-0.05743823017865066,-0.08871880804840634,-0.02615765230889496,36.59478086320661,-87.25291537754502,Montgomery,-0.5,36.5949,-87.2533,0.036804079901321056
2024-05-11 21:55:00,708931360,-0.1597247870280384,-0.24713026141459266,-0.07231931264148418,36.59478086320661,-87.25291537754502,Montgomery,-0.29,36.5949,-87.2533,0.036804079901321056
2024-05-11 21:56:00,708931360,-0.17286631154429802,-0.2695830440810048,-0.07614957900759124,36.59478086320661,-87.25291537754502,Montgomery,-0.24,36.5949,-87.2533,0.036804079901321056
2024-05-11 21:57:00,708931360,-0.04534214603969066,-0.08366607621043498,-0.00701821586894634,36.59478086320661,-87.25291537754502,Montgomery,-0.37,36.5949,-87.2533,0.036804079901321056
2024-05-11 21:58:00,708931360,-0.13325382162406013,-0.21388403130680356,-0.052623611941316706,36.59478086320661,-87.25291537754502,Montgomery,-0.37,36.5949,-87.2533,0.036804079901321056
2024-05-11 21:59:00,708931360,-0.2832919994353394,-0.4488649287500641,-0.1177190701206147,36.59478086320661,-87.25291537754502,Montgomery,-0.38,36.5949,-87.2533,0.036804079901321056
2024-05-11 22:00:00,708931360,-0.185391163865144,-0.3235091249767943,-0.047273202753493754,36.59478086320661,-87.25291537754502,Montgomery,-0.18,36.5949,-87.2533,0.036804079901321056
2024-05-11 22:01:00,708931360,0.008905751755706143,-0.03394065870797704,0.05175216221938932,36.59478086320661,-87.25291537754502,Montgomery,-0.21,36.5949,-87.2533,0.036804079901321056
2024-05-11 22:02:00,708931360,-0.394724033708173,-0.6047319866401909,-0.1847160807761551,36.59478086320661,-87.25291537754502,Montgomery,-0.02,36.5949,-87.2533,0.036804079901321056
2024-05-11 22:03:00,708931360,-0.6003115448643314,-0.91875428890287,-0.2818688008257927,36.59478086320661,-87.25291537754502,Montgomery,-0.02,36.5949,-87.2533,0.036804079901321056
2024-05-11 22:04:00,708931360,-0.10759073317076902,-0.16666260303623487,-0.048518863305303174,36.59478086320661,-87.25291537754502,Montgomery,-0.11,36.5949,-87.2533,0.036804079901321056
2024-05-11 22:05:00,708931360,0.09204051360307187,0.03960944146531853,0.14447158574082522,36.59478086320661,-87.25291537754502,Montgomery,-0.54,36.5949,-87.2533,0.036804079901321056
2024-05-11 22:06:00,708931360,0.20820323812348165,0.09210560588420419,0.3243008703627591,36.59478086320661,-87.25291537754502,Montgomery,-0.56,36.5949,-87.2533,0.036804079901321056
2024-05-11 22:07:00,708931360,-0.7303451446476124,-1.126021183964017,-0.3346691053312077,36.59478086320661,-87.25291537754502,Montgomery,0.46,36.5949,-87.2533,0.036804079901321056
2024-05-11 22:08:00,708931360,-1.3143023601207966,-2.034626932152475,-0.593977788089118,36.59478086320661,-87.25291537754502,Montgomery,0.74,36.5949,-87.2533,0.036804079901321056
2024-05-11 22:09:00,708931360,-0.09989785855038023,-0.2557795034277653,0.055983786327004806,36.59478086320661,-87.25291537754502,Montgomery,-0.91,36.5949,-87.2533,0.036804079901321056
2024-05-11 22:10:00,708931360,0.24392028776625344,0.11440410946723548,0.37343646606527137,36.59478086320661,-87.25291537754502,Montgomery,-0.94,36.5949,-87.2533,0.036804079901321056
2024-05-11 22:11:00,708931360,-0.04785061953549202,-0.07612365452854848,-0.019577584542435567,36.59478086320661,-87.25291537754502,Montgomery,-0.03,36.5949,-87.2533,0.036804079901321056
2024-05-11 22:12:00,708931360,-0.5401413136507317,-0.8264587374432959,-0.25382388985816756,36.59478086320661,-87.25291537754502,Montgomery,1.18,36.5949,-87.2533,0.036804079901321056
2024-05-11 22:13:00,708931360,-0.546602554803983,-0.8408736637964721,-0.2523314458114939,36.59478086320661,-87.25291537754502,Montgomery,0.73,36.5949,-87.2533,0.036804079901321056
2024-05-11 22:14:00,708931360,-0.5292008017646563,-0.8128049658612339,-0.24559663766807882,36.59478086320661,-87.25291537754502,Montgomery,-0.17,36.5949,-87.2533,0.036804079901321056
2024-05-11 22:15:00,708931360,-0.17819978168685302,-0.27649900659751103,-0.07990055677619502,36.59478086320661,-87.25291537754502,Montgomery,-0.41,36.5949,-87.2533,0.036804079901321056
2024-05-11 22:16:00,708931360,0.19856129059880823,0.08497326167978834,0.3121493195178281,36.59478086320661,-87.25291537754502,Montgomery,-0.42,36.5949,-87.2533,0.036804079901321056
2024-05-11 22:17:00,708931360,0.5431570430260845,0.2443825176629666,0.8419315683892024,36.59478086320661,-87.25291537754502,Montgomery,-0.65,36.5949,-87.2533,0.036804079901321056
2024-05-11 22:18:00,708931360,0.4160103874667203,0.19202211276749426,0.6399986621659464,36.59478086320661,-87.25291537754502,Montgomery,0.07,36.5949,-87.2533,0.036804079901321056
2024-05-11 22:19:00,708931360,0.06803372414358996,0.01619932766918314,0.11986812061799679,36.59478086320661,-87.25291537754502,Montgomery,-0.2,36.5949,-87.2533,0.036804079901321056
2024-05-11 22:20:00,708931360,-0.42014796973934354,-0.6450152852807157,-0.1952806541979714,36.59478086320661,-87.25291537754502,Montgomery,-0.05,36.5949,-87.2533,0.036804079901321056
2024-05-11 22:21:00,708931360,-0.5329530628714337,-0.8158239740515258,-0.2500821516913416,36.59478086320661,-87.25291537754502,Montgomery,0.34,36.5949,-87.2533,0.036804079901321056
2024-05-11 22:22:00,708931360,0.10157411274302372,0.035895895457794355,0.16725233002825307,36.59478086320661,-87.25291537754502,Montgomery,-0.05,36.5949,-87.2533,0.036804079901321056
2024-05-11 22:23:00,708931360,0.21253951862080953,0.10257980481563643,0.3224992324259826,36.59478086320661,-87.25291537754502,Montgomery,-0.62,36.5949,-87.2533,0.036804079901321056
2024-05-11 22:24:00,708931360,-0.07925956349757607,-0.12933973212150937,-0.02917939487364276,36.59478086320661,-87.25291537754502,Montgomery,-0.4,36.5949,-87.2533,0.036804079901321056
2024-05-11 22:25:00,708931360,-0.19808384952839128,-0.305914174536115,-0.09025352452066752,36.59478086320661,-87.25291537754502,Montgomery,-0.36,36.5949,-87.2533,0.036804079901321056
2024-05-11 22:26:00,708931360,-0.22381622555378572,-0.34498721173251157,-0.10264523937505986,36.59478086320661,-87.25291537754502,Montgomery,-0.46,36.5949,-87.2533,0.036804079901321056
2024-05-11 22:27:00,708931360,0.13214868761104226,0.06483801849943019,0.19945935672265433,36.59478086320661,-87.25291537754502,Montgomery,-0.33,36.5949,-87.2533,0.036804079901321056
2024-05-11 22:28:00,708931360,0.23097736700096594,0.11219827724200385,0.34975645675992806,36.59478086320661,-87.25291537754502,Montgomery,-0.56,36.5949,-87.2533,0.036804079901321056
2024-05-11 22:29:00,708931360,-0.09729027773608409,-0.15281021844397985,-0.041770337028188324,36.59478086320661,-87.25291537754502,Montgomery,-0.62,36.5949,-87.2533,0.036804079901321056
2024-05-11 22:30:00,708931360,-0.07212741941931886,-0.14514132309415273,0.0008864842555150326,36.59478086320661,-87.25291537754502,Montgomery,-0.52,36.5949,-87.2533,0.036804079901321056
2024-05-11 22:31:00,708931360,-0.24236126984213566,-0.38038296931010673,-0.10433957037416461,36.59478086320661,-87.25291537754502,Montgomery,-0.88,36.5949,-87.2533,0.036804079901321056
2024-05-11 22:32:00,708931360,-0.21654544123146452,-0.33709540093524293,-0.09599548152768612,36.59478086320661,-87.25291537754502,Montgomery,-0.71,36.5949,-87.2533,0.036804079901321056
2024-05-11 22:33:00,708931360,-0.26987717191174915,-0.41690489519198026,-0.12284944863151803,36.59478086320661,-87.25291537754502,Montgomery,-0.88,36.5949,-87.2533,0.036804079901321056
2024-05-11 22:34:00,708931360,-0.008348003261255513,-0.025859700434818906,0.009163693912307879,36.59478086320661,-87.25291537754502,Montgomery,-0.26,36.5949,-87.2533,0.036804079901321056
2024-05-11 22:35:00,708931360,-0.09473210897846357,-0.1583206982244389,-0.031143519732488245,36.59478086320661,-87.25291537754502,Montgomery,-0.34,36.5949,-87.2533,0.036804079901321056
2024-05-11 22:36:00,708931360,-0.6097172884641677,-0.9532752973006369,-0.26615927962769853,36.59478086320661,-87.25291537754502,Montgomery,-0.33,36.5949,-87.2533,0.036804079901321056
2024-05-11 22:37:00,708931360,0.23452470448500662,0.10236813261206695,0.3666812763579463,36.59478086320661,-87.25291537754502,Montgomery,-0.23,36.5949,-87.2533,0.036804079901321056
2024-05-11 22:38:00,708931360,-0.11729759464573167,-0.1952528321193815,-0.03934235717208183,36.59478086320661,-87.25291537754502,Montgomery,-0.84,36.5949,-87.2533,0.036804079901321056
2024-05-11 22:39:00,708931360,-0.27323920485787656,-0.42338126473050075,-0.12309714498525237,36.59478086320661,-87.25291537754502,Montgomery,-0.02,36.5949,-87.2533,0.036804079901321056
2024-05-11 22:40:00,708931360,0.437354491624449,0.2116778840511544,0.6630310991977436,36.59478086320661,-87.25291537754502,Montgomery,-0.5,36.5949,-87.2533,0.036804079901321056
2024-05-11 22:41:00,708931360,0.2021054510321272,0.10029734731538179,0.3039135547488726,36.59478086320661,-87.25291537754502,Montgomery,-0.56,36.5949,-87.2533,0.036804079901321056
2024-05-11 22:42:00,708931360,-0.32909905801020695,-0.5072233008195186,-0.15097481520089528,36.59478086320661,-87.25291537754502,Montgomery,0.05,36.5949,-87.2533,0.036804079901321056
2024-05-11 22:43:00,708931360,-0.24560583116694407,-0.38265538467595517,-0.10855627765793294,36.59478086320661,-87.25291537754502,Montgomery,-0.07,36.5949,-87.2533,0.036804079901321056
2024-05-11 22:44:00,708931360,-0.01950799733710886,-0.059422390978465724,0.020406396304248002,36.59478086320661,-87.25291537754502,Montgomery,-0.07,36.5949,-87.2533,0.036804079901321056
2024-05-11 22:45:00,708931360,0.1839463101760636,0.08990974239148136,0.27798287796064586,36.59478086320661,-87.25291537754502,Montgomery,-0.62,36.5949,-87.2533,0.036804079901321056
2024-05-11 22:46:00,708931360,0.3413866346784842,0.12580492838529186,0.5569683409716765,36.59478086320661,-87.25291537754502,Montgomery,-0.54,36.5949,-87.2533,0.036804079901321056
2024-05-11 22:47:00,708931360,0.5012624128972575,0.22436576671666525,0.7781590590778498,36.59478086320661,-87.25291537754502,Montgomery,-0.76,36.5949,-87.2533,0.036804079901321056
2024-05-11 22:48:00,708931360,0.4286148874035145,0.19492919307395543,0.6623005817330736,36.59478086320661,-87.25291537754502,Montgomery,-0.57,36.5949,-87.2533,0.036804079901321056
2024-05-11 22:49:00,708931360,-0.07748956547965963,-0.15672408693909473,0.0017449559797754616,36.59478086320661,-87.25291537754502,Montgomery,-0.2,36.5949,-87.2533,0.036804079901321056
2024-05-11 22:50:00,708931360,-0.021906850563086812,-0.04109459955158945,-0.0027191015745841735,36.59478086320661,-87.25291537754502,Montgomery,-0.51,36.5949,-87.2533,0.036804079901321056
2024-05-11 22:51:00,708931360,-0.05323491583685221,-0.10091344016625586,-0.005556391507448563,36.59478086320661,-87.25291537754502,Montgomery,0.57,36.5949,-87.2533,0.036804079901321056
2024-05-11 22:52:00,708931360,-0.021990627495072027,-0.05244545012894432,0.00846419513880026,36.59478086320661,-87.25291537754502,Montgomery,-0.26,36.5949,-87.2533,0.036804079901321056
2024-05-11 22:53:00,708931360,-0.09495178859372784,-0.1664740632702608,-0.02342951391719489,36.59478086320661,-87.25291537754502,Montgomery,-0.43,36.5949,-87.2533,0.036804079901321056
2024-05-11 22:54:00,708931360,0.03310127420450568,-0.026664832639541766,0.09286738104855313,36.59478086320661,-87.25291537754502,Montgomery,-0.26,36.5949,-87.2533,0.036804079901321056
2024-05-11 22:55:00,708931360,0.12824282499921874,0.038987743908798625,0.21749790608963887,36.59478086320661,-87.25291537754502,Montgomery,-0.17,36.5949,-87.2533,0.036804079901321056
2024-05-11 22:56:00,708931360,0.04770421127785513,0.018315240867468337,0.07709318168824192,36.59478086320661,-87.25291537754502,Montgomery,-0.29,36.5949,-87.2533,0.036804079901321056
2024-05-11 22:57:00,708931360,0.1313608941566059,0.06552957904364198,0.19719220926956982,36.59478086320661,-87.25291537754502,Montgomery,-0.52,36.5949,-87.2533,0.036804079901321056
2024-05-11 22:58:00,708931360,0.18370625386854872,0.09122408067041166,0.2761884270666858,36.59478086320661,-87.25291537754502,Montgomery,-0.67,36.5949,-87.2533,0.036804079901321056
2024-05-11 22:59:00,708931360,0.36317194597725583,0.16290097887284202,0.5634429130816696,36.59478086320661,-87.25291537754502,Montgomery,-0.56,36.5949,-87.2533,0.036804079901321056
2024-05-11 23:00:00,708931360,0.14389654231951926,0.05001496079248399,0.23777812384655453,36.59478086320661,-87.25291537754502,Montgomery,-0.51,36.5949,-87.2533,0.036804079901321056
2024-05-11 23:01:00,708931360,0.05053029270694016,-0.02906218947451141,0.13012277488839172,36.59478086320661,-87.25291537754502,Montgomery,-0.32,36.5949,-87.2533,0.036804079901321056
2024-05-11 23:02:00,708931360,0.2595185569037023,0.10982808614610301,0.40920902766130157,36.59478086320661,-87.25291537754502,Montgomery,-0.49,36.5949,-87.2533,0.036804079901321056
2024-05-11 23:03:00,708931360,0.3461167497337471,0.15334687308318992,0.5388866263843043,36.59478086320661,-87.25291537754502,Montgomery,-0.58,36.5949,-87.2533,0.036804079901321056
2024-05-11 23:04:00,708931360,-0.056244298649089114,-0.09126385654735125,-0.02122474075082697,36.59478086320661,-87.25291537754502,Montgomery,-0.11,36.5949,-87.2533,0.036804079901321056
2024-05-11 23:05:00,708931360,-0.3943262756218606,-0.6053851095124672,-0.18326744173125414,36.59478086320661,-87.25291537754502,Montgomery,-0.16,36.5949,-87.2533,0.036804079901321056
2024-05-11 23:06:00,708931360,-0.14954519097356164,-0.23334668419707538,-0.0657436977500479,36.59478086320661,-87.25291537754502,Montgomery,0.09,36.5949,-87.2533,0.036804079901321056
2024-05-11 23:07:00,708931360,-0.2911428694909714,-0.44833047676191917,-0.13395526222002366,36.59478086320661,-87.25291537754502,Montgomery,-0.07,36.5949,-87.2533,0.036804079901321056
2024-05-11 23:08:00,708931360,-0.22668102207196233,-0.34801033771059775,-0.1053517064333269,36.59478086320661,-87.25291537754502,Montgomery,-0.04,36.5949,-87.2533,0.036804079901321056
2024-05-11 23:09:00,708931360,-0.21747534276272332,-0.333427409929796,-0.10152327559565062,36.59478086320661,-87.25291537754502,Montgomery,-0.17,36.5949,-87.2533,0.036804079901321056
2024-05-11 23:10:00,708931360,-0.21793318612712265,-0.33545731714677285,-0.10040905510747242,36.59478086320661,-87.25291537754502,Montgomery,-0.09,36.5949,-87.2533,0.036804079901321056
2024-05-11 23:11:00,708931360,-0.0932482838774226,-0.14952831235145583,-0.036968255403389355,36.59478086320661,-87.25291537754502,Montgomery,-0.16,36.5949,-87.2533,0.036804079901321056
2024-05-11 23:12:00,708931360,-0.0497762084546377,-0.1035559105827163,0.004003493673440911,36.59478086320661,-87.25291537754502,Montgomery,-0.23,36.5949,-87.2533,0.036804079901321056
2024-05-11 23:13:00,708931360,-0.04411622088784434,-0.0804000920217495,-0.007832349753939177,36.59478086320661,-87.25291537754502,Montgomery,-0.03,36.5949,-87.2533,0.036804079901321056
2024-05-11 23:14:00,708931360,-0.14492162004962825,-0.2358439805473982,-0.0539992595518583,36.59478086320661,-87.25291537754502,Montgomery,-0.15,36.5949,-87.2533,0.036804079901321056
2024-05-11 23:15:00,708931360,-0.088027652533069,-0.13972736869072777,-0.03632793637541024,36.59478086320661,-87.25291537754502,Montgomery,-0.23,36.5949,-87.2533,0.036804079901321056
2024-05-11 23:16:00,708931360,-0.07426576365475755,-0.1151256935147788,-0.03340583379473631,36.59478086320661,-87.25291537754502,Montgomery,-0.25,36.5949,-87.2533,0.036804079901321056
2024-05-11 23:17:00,708931360,-0.009816373123061098,-0.024930658640025347,0.00529791239390315,36.59478086320661,-87.25291537754502,Montgomery,-0.44,36.5949,-87.2533,0.036804079901321056
2024-05-11 23:18:00,708931360,0.10189988305570469,0.04975025114063344,0.15404951497077593,36.59478086320661,-87.25291537754502,Montgomery,-0.58,36.5949,-87.2533,0.036804079901321056
2024-05-11 23:19:00,708931360,0.01352053487415078,-0.0023571197038104383,0.029398189452112,36.59478086320661,-87.25291537754502,Montgomery,-0.47,36.5949,-87.2533,0.036804079901321056
2024-05-11 23:20:00,708931360,0.01944469042860178,-0.04635078588313163,0.08524016674033519,36.59478086320661,-87.25291537754502,Montgomery,-0.57,36.5949,-87.2533,0.036804079901321056
2024-05-11 23:21:00,708931360,-0.0222480600503988,-0.06772201370701868,0.023225893606221074,36.59478086320661,-87.25291537754502,Montgomery,-0.18,36.5949,-87.2533,0.036804079901321056
2024-05-11 23:22:00,708931360,-0.21963719568416046,-0.3446398302794297,-0.0946345610888912,36.59478086320661,-87.25291537754502,Montgomery,0.12,36.5949,-87.2533,0.036804079901321056
2024-05-11 23:23:00,708931360,-0.3605833188986597,-0.5551389185026053,-0.16602771929471405,36.59478086320661,-87.25291537754502,Montgomery,0.38,36.5949,-87.2533,0.036804079901321056
2024-05-11 23:24:00,708931360,-0.2730502939029109,-0.4257951661031068,-0.12030542170271502,36.59478086320661,-87.25291537754502,Montgomery,-0.01,36.5949,-87.2533,0.036804079901321056
2024-05-11 23:25:00,708931360,-0.016980985245957123,-0.05675933193069198,0.022797361438777728,36.59478086320661,-87.25291537754502,Montgomery,-0.38,36.5949,-87.2533,0.036804079901321056
2024-05-11 23:26:00,708931360,-0.016877520669940235,-0.08018248917188546,0.04642744783200499,36.59478086320661,-87.25291537754502,Montgomery,-0.85,36.5949,-87.2533,0.036804079901321056
2024-05-11 23:27:00,708931360,0.042039738307789946,-0.026894265921882092,0.11097374253746198,36.59478086320661,-87.25291537754502,Montgomery,-0.43,36.5949,-87.2533,0.036804079901321056
2024-05-11 23:28:00,708931360,-0.3340952021978973,-0.521447772884226,-0.1467426315115687,36.59478086320661,-87.25291537754502,Montgomery,0.3,36.5949,-87.2533,0.036804079901321056
2024-05-11 23:29:00,708931360,-0.2432409832255511,-0.42408778470145025,-0.06239418174965192,36.59478086320661,-87.25291537754502,Montgomery,-0.23,36.5949,-87.2533,0.036804079901321056
2024-05-11 23:30:00,708931360,0.1575870108600317,0.02500132608181435,0.2901726956382491,36.59478086320661,-87.25291537754502,Montgomery,-0.56,36.5949,-87.2533,0.036804079901321056
2024-05-11 23:31:00,708931360,0.3601183536938651,0.17163082057552495,0.5486058868122052,36.59478086320661,-87.25291537754502,Montgomery,-0.78,36.5949,-87.2533,0.036804079901321056
2024-05-11 23:32:00,708931360,0.4312845630233379,0.2058701228683268,0.6566990031783491,36.59478086320661,-87.25291537754502,Montgomery,-0.82,36.5949,-87.2533,0.036804079901321056
2024-05-11 23:33:00,708931360,0.3164077906281148,0.1498027834229174,0.4830127978333122,36.59478086320661,-87.25291537754502,Montgomery,-0.49,36.5949,-87.2533,0.036804079901321056
2024-05-11 23:34:00,708931360,-0.0026021629518897926,-0.008138781705648593,0.0029344558018690086,36.59478086320661,-87.25291537754502,Montgomery,-0.06,36.5949,-87.2533,0.036804079901321056
2024-05-11 23:35:00,708931360,-0.10062315547598098,-0.16310806257239313,-0.038138248379568834,36.59478086320661,-87.25291537754502,Montgomery,0.11,36.5949,-87.2533,0.036804079901321056
2024-05-11 23:36:00,708931360,-0.29480769205149143,-0.4500624035871395,-0.13955298051584336,36.59478086320661,-87.25291537754502,Montgomery,0.21,36.5949,-87.2533,0.036804079901321056
2024-05-11 23:37:00,708931360,-0.2746885357032773,-0.4213512403148887,-0.1280258310916659,36.59478086320661,-87.25291537754502,Montgomery,0.07,36.5949,-87.2533,0.036804079901321056
2024-05-11 23:38:00,708931360,-0.07020700283647331,-0.1368312381366013,-0.00358276753634533,36.59478086320661,-87.25291537754502,Montgomery,-0.18,36.5949,-87.2533,0.036804079901321056
2024-05-11 23:39:00,708931360,0.028785546155572626,0.002951658095015283,0.05461943421612997,36.59478086320661,-87.25291537754502,Montgomery,-0.09,36.5949,-87.2533,0.036804079901321056
2024-05-11 23:40:00,708931360,-0.07100666311864307,-0.11354482131783689,-0.028468504919449245,36.59478086320661,-87.25291537754502,Montgomery,0.0,36.5949,-87.2533,0.036804079901321056
2024-05-11 23:41:00,708931360,0.003652058578644688,-0.03162613877336647,0.03893025593065585,36.59478086320661,-87.25291537754502,Montgomery,-0.18,36.5949,-87.2533,0.036804079901321056
2024-05-11 23:42:00,708931360,-0.1721698524661474,-0.28761513497020674,-0.05672456996208808,36.59478086320661,-87.25291537754502,Montgomery,0.11,36.5949,-87.2533,0.036804079901321056
2024-05-11 23:43:00,708931360,-0.3694282889619696,-0.5726528489924657,-0.16620372893147353,36.59478086320661,-87.25291537754502,Montgomery,1.42,36.5949,-87.2533,0.036804079901321056
2024-05-11 23:44:00,708931360,-0.003968101513832276,-0.11962126847396758,0.11168506544630304,36.59478086320661,-87.25291537754502,Montgomery,0.23,36.5949,-87.2533,0.036804079901321056
2024-05-11 23:45:00,708931360,-0.09769537433300472,-0.17918163563859535,-0.016209113027414096,36.59478086320661,-87.25291537754502,Montgomery,-0.18,36.5949,-87.2533,0.036804079901321056
2024-05-11 23:46:00,708931360,0.1039317288559778,0.029677472185152445,0.17818598552680315,36.59478086320661,-87.25291537754502,Montgomery,-0.35,36.5949,-87.2533,0.036804079901321056
2024-05-11 23:47:00,708931360,0.05589012080864201,0.021088330112590536,0.09069191150469348,36.59478086320661,-87.25291537754502,Montgomery,0.29,36.5949,-87.2533,0.036804079901321056
2024-05-11 23:48:00,708931360,-0.12776389337309788,-0.20141532005422366,-0.05411246669197209,36.59478086320661,-87.25291537754502,Montgomery,0.47,36.5949,-87.2533,0.036804079901321056
2024-05-11 23:49:00,708931360,-0.05000643777739219,-0.0848636701880055,-0.015149205366778891,36.59478086320661,-87.25291537754502,Montgomery,-0.01,36.5949,-87.2533,0.036804079901321056
2024-05-11 23:50:00,708931360,-0.23386062411206276,-0.37589456889697165,-0.09182667932715388,36.59478086320661,-87.25291537754502,Montgomery,0.28,36.5949,-87.2533,0.036804079901321056
2024-05-11 23:51:00,708931360,-0.45049714304496274,-0.6927479721071621,-0.20824631398276341,36.59478086320661,-87.25291537754502,Montgomery,0.31,36.5949,-87.2533,0.036804079901321056
2024-05-11 23:52:00,708931360,0.04994558800900452,-0.05056607537146182,0.15045725138947086,36.59478086320661,-87.25291537754502,Montgomery,-0.56,36.5949,-87.2533,0.036804079901321056
2024-05-11 23:53:00,708931360,0.19157983882065027,0.08937663828575185,0.2937830393555487,36.59478086320661,-87.25291537754502,Montgomery,-0.23,36.5949,-87.2533,0.036804079901321056
2024-05-11 23:54:00,708931360,-0.17973894620468003,-0.2749517815330158,-0.08452611087634428,36.59478086320661,-87.25291537754502,Montgomery,0.42,36.5949,-87.2533,0.036804079901321056
2024-05-11 23:55:00,708931360,-0.0011160012093328043,-0.04351059399626188,0.041278591577596266,36.59478086320661,-87.25291537754502,Montgomery,0.32,36.5949,-87.2533,0.036804079901321056
2024-05-11 23:56:00,708931360,0.08541611961927834,-0.0058368206332527345,0.17666905987180942,36.59478086320661,-87.25291537754502,Montgomery,0.25,36.5949,-87.2533,0.036804079901321056
2024-05-11 23:57:00,708931360,-0.06686495521463533,-0.12838030610220624,-0.005349604327064397,36.59478086320661,-87.25291537754502,Montgomery,-0.1,36.5949,-87.2533,0.036804079901321056
2024-05-11 23:58:00,708931360,0.16593048786513978,-0.0026524769547642546,0.33451345268504384,36.59478086320661,-87.25291537754502,Montgomery,-0.48,36.5949,-87.2533,0.036804079901321056
2024-05-11 23:59:00,708931360,-0.2800237586671302,-0.5796702978604953,0.01962278052623495,36.59478086320661,-87.25291537754502,Montgomery,0.05,36.5949,-87.2533,0.036804079901321056
2024-05-12 00:00:00,708931360,-0.25981782609841203,-1.2662152141964826,0.7465795619996585,36.59478086320661,-87.25291537754502,Montgomery,0.18,36.5949,-87.2533,0.036804079901321056
2024-05-12 00:01:00,708931360,0.3532674299338004,0.03531373527813986,0.6712211245894609,36.59478086320661,-87.25291537754502,Montgomery,-0.08,36.5949,-87.2533,0.036804079901321056
2024-05-12 00:02:00,708931360,0.40200829448909,0.004522219152760354,0.7994943698254195,36.59478086320661,-87.25291537754502,Montgomery,-0.47,36.5949,-87.2533,0.036804079901321056
2024-05-12 00:03:00,708931360,0.27549673590451984,0.06573053873551071,0.48526293307352897,36.59478086320661,-87.25291537754502,Montgomery,-0.68,36.5949,-87.2533,0.036804079901321056
2024-05-12 00:04:00,708931360,0.05827606995527483,-0.15041847516505658,0.2669706150756062,36.59478086320661,-87.25291537754502,Montgomery,0.03,36.5949,-87.2533,0.036804079901321056
2024-05-12 00:05:00,708931360,0.1520508005894151,0.02902005968831066,0.27508154149051955,36.59478086320661,-87.25291537754502,Montgomery,0.18,36.5949,-87.2533,0.036804079901321056
2024-05-12 00:06:00,708931360,-0.010629416740080604,-0.12703743075537177,0.10577859727521058,36.59478086320661,-87.25291537754502,Montgomery,-0.31,36.5949,-87.2533,0.036804079901321056
2024-05-12 00:07:00,708931360,0.049782990999725975,-0.03538013919688401,0.13494612119633595,36.59478086320661,-87.25291537754502,Montgomery,-0.47,36.5949,-87.2533,0.036804079901321056
2024-05-12 00:08:00,708931360,-0.16855929617917068,-0.2978831775276785,-0.03923541483066284,36.59478086320661,-87.25291537754502,Montgomery,0.28,36.5949,-87.2533,0.036804079901321056
2024-05-12 00:09:00,708931360,-0.12965281563307704,-0.20259403230514644,-0.05671159896100764,36.59478086320661,-87.25291537754502,Montgomery,-0.84,36.5949,-87.2533,0.036804079901321056
2024-05-12 00:10:00,708931360,0.04958412784965692,-0.044522347304443155,0.143690603003757,36.59478086320661,-87.25291537754502,Montgomery,-0.49,36.5949,-87.2533,0.036804079901321056
2024-05-12 00:11:00,708931360,-0.23511599099268218,-0.3568117998774795,-0.11342018210788485,36.59478086320661,-87.25291537754502,Montgomery,0.22,36.5949,-87.2533,0.036804079901321056
2024-05-12 00:12:00,708931360,-0.27766284677328396,-0.42114489820724127,-0.13418079533932664,36.59478086320661,-87.25291537754502,Montgomery,-0.31,36.5949,-87.2533,0.036804079901321056
2024-05-12 00:13:00,708931360,0.24704261676464953,0.1121317117605379,0.3819535217687612,36.59478086320661,-87.25291537754502,Montgomery,-0.78,36.5949,-87.2533,0.036804079901321056
2024-05-12 00:14:00,708931360,0.06666725811059156,-0.013036032815260681,0.1463705490364438,36.59478086320661,-87.25291537754502,Montgomery,-0.61,36.5949,-87.2533,0.036804079901321056
2024-05-12 00:15:00,708931360,-0.13092779273133406,-0.21457358218472666,-0.04728200327794148,36.59478086320661,-87.25291537754502,Montgomery,0.0,36.5949,-87.2533,0.036804079901321056
2024-05-12 00:16:00,708931360,-0.009597778134916905,-0.033889965467692185,0.014694409197858374,36.59478086320661,-87.25291537754502,Montgomery,-0.99,36.5949,-87.2533,0.036804079901321056
2024-05-12 00:17:00,708931360,0.5636325623007972,0.26189465850858673,0.8653704660930076,36.59478086320661,-87.25291537754502,Montgomery,-1.33,36.5949,-87.2533,0.036804079901321056
2024-05-12 00:18:00,708931360,-0.19978858115044154,-0.307113363814483,-0.09246379848640007,36.59478086320661,-87.25291537754502,Montgomery,-0.8,36.5949,-87.2533,0.036804079901321056
2024-05-12 00:19:00,708931360,-0.31814670417443813,-0.48122621503253593,-0.15506719331634033,36.59478086320661,-87.25291537754502,Montgomery,0.21,36.5949,-87.2533,0.036804079901321056
2024-05-12 00:20:00,708931360,0.09439163000374229,0.04093073681617723,0.14785252319130734,36.59478086320661,-87.25291537754502,Montgomery,-0.15,36.5949,-87.2533,0.036804079901321056
2024-05-12 00:21:00,708931360,0.08816373735470207,0.035899505015890204,0.14042796969351393,36.59478086320661,-87.25291537754502,Montgomery,-0.75,36.5949,-87.2533,0.036804079901321056
2024-05-12 00:22:00,708931360,-0.07825627772459634,-0.13609309703214403,-0.020419458417048654,36.59478086320661,-87.25291537754502,Montgomery,-0.58,36.5949,-87.2533,0.036804079901321056
2024-05-12 00:23:00,708931360,0.004295571268627005,-0.05162684839433252,0.060217990931586536,36.59478086320661,-87.25291537754502,Montgomery,-0.24,36.5949,-87.2533,0.036804079901321056
2024-05-12 00:24:00,708931360,0.1695355573356301,0.07064696101223135,0.2684241536590289,36.59478086320661,-87.25291537754502,Montgomery,-0.1,36.5949,-87.2533,0.036804079901321056
2024-05-12 00:25:00,708931360,0.2727516854843031,0.1257465520959547,0.41975681887265154,36.59478086320661,-87.25291537754502,Montgomery,-0.73,36.5949,-87.2533,0.036804079901321056
2024-05-12 00:26:00,708931360,0.23239689770457803,0.10749235364536083,0.3573014417637952,36.59478086320661,-87.25291537754502,Montgomery,-0.42,36.5949,-87.2533,0.036804079901321056
2024-05-12 00:27:00,708931360,-0.00803015252659818,-0.017559975833271107,0.001499670780074746,36.59478086320661,-87.25291537754502,Montgomery,-0.36,36.5949,-87.2533,0.036804079901321056
2024-05-12 00:28:00,708931360,-0.15444142911303088,-0.2372064112262703,-0.07167644699979148,36.59478086320661,-87.25291537754502,Montgomery,-0.31,36.5949,-87.2533,0.036804079901321056
2024-05-12 00:29:00,708931360,-0.20514381142510546,-0.3095134347332902,-0.10077418811692072,36.59478086320661,-87.25291537754502,Montgomery,-0.9,36.5949,-87.2533,0.036804079901321056
2024-05-12 00:30:00,708931360,-0.038951006730234154,-0.06662362168014938,-0.01127839178031893,36.59478086320661,-87.25291537754502,Montgomery,-0.2,36.5949,-87.2533,0.036804079901321056
2024-05-12 00:31:00,708931360,-0.1360292668765957,-0.2041971901192654,-0.067861343633926,36.59478086320661,-87.25291537754502,Montgomery,-0.17,36.5949,-87.2533,0.036804079901321056
2024-05-12 00:32:00,708931360,0.1656384697402209,0.07576018363358092,0.25551675584686084,36.59478086320661,-87.25291537754502,Montgomery,-0.57,36.5949,-87.2533,0.036804079901321056
2024-05-12 00:33:00,708931360,0.6402405102391211,0.30100597397027967,0.9794750465079625,36.59478086320661,-87.25291537754502,Montgomery,-0.8,36.5949,-87.2533,0.036804079901321056
2024-05-12 00:34:00,708931360,0.3761619955885112,0.17420021373070738,0.578123777446315,36.59478086320661,-87.25291537754502,Montgomery,-0.59,36.5949,-87.2533,0.036804079901321056
2024-05-12 00:35:00,708931360,-0.17518970125091068,-0.26671113179875766,-0.08366827070306372,36.59478086320661,-87.25291537754502,Montgomery,-0.19,36.5949,-87.2533,0.036804079901321056
2024-05-12 00:36:00,708931360,-0.08846813693739557,-0.1407310226454315,-0.03620525122935963,36.59478086320661,-87.25291537754502,Montgomery,-0.43,36.5949,-87.2533,0.036804079901321056
2024-05-12 00:37:00,708931360,0.3597413689787395,0.16091268811144713,0.5585700498460319,36.59478086320661,-87.25291537754502,Montgomery,-1.29,36.5949,-87.2533,0.036804079901321056
2024-05-12 00:38:00,708931360,0.09441555011317246,0.039201446217862694,0.14962965400848222,36.59478086320661,-87.25291537754502,Montgomery,-0.9,36.5949,-87.2533,0.036804079901321056
2024-05-12 00:39:00,708931360,-0.2840421461735976,-0.43209080419951945,-0.1359934881476757,36.59478086320661,-87.25291537754502,Montgomery,0.24,36.5949,-87.2533,0.036804079901321056
2024-05-12 00:40:00,708931360,0.3708777769374101,0.1727886715239568,0.5689668823508633,36.59478086320661,-87.25291537754502,Montgomery,-0.17,36.5949,-87.2533,0.036804079901321056
2024-05-12 00:41:00,708931360,0.39260874484183694,0.1829160069091307,0.6023014827745432,36.59478086320661,-87.25291537754502,Montgomery,-0.29,36.5949,-87.2533,0.036804079901321056
2024-05-12 00:42:00,708931360,0.2266085046240803,0.1000624837488564,0.3531545254993042,36.59478086320661,-87.25291537754502,Montgomery,-0.28,36.5949,-87.2533,0.036804079901321056
2024-05-12 00:43:00,708931360,-0.05957224450300548,-0.10616546231441079,-0.012979026691600164,36.59478086320661,-87.25291537754502,Montgomery,-0.42,36.5949,-87.2533,0.036804079901321056
2024-05-12 00:44:00,708931360,0.17738475944133825,0.08080346590134642,0.2739660529813301,36.59478086320661,-87.25291537754502,Montgomery,-0.74,36.5949,-87.2533,0.036804079901321056
2024-05-12 00:45:00,708931360,0.0033735235116390022,-0.009126483256027731,0.015873530279305735,36.59478086320661,-87.25291537754502,Montgomery,-0.23,36.5949,-87.2533,0.036804079901321056
2024-05-12 00:46:00,708931360,-0.40719391929363846,-0.6198373603653107,-0.19455047822196628,36.59478086320661,-87.25291537754502,Montgomery,0.13,36.5949,-87.2533,0.036804079901321056
2024-05-12 00:47:00,708931360,-0.19111806802909104,-0.29050606305989823,-0.09173007299828383,36.59478086320661,-87.25291537754502,Montgomery,0.1,36.5949,-87.2533,0.036804079901321056
2024-05-12 00:48:00,708931360,-0.027263244311679022,-0.050950528068854944,-0.0035759605545030958,36.59478086320661,-87.25291537754502,Montgomery,-0.02,36.5949,-87.2533,0.036804079901321056
2024-05-12 00:49:00,708931360,0.0961164315470394,0.040569727106254186,0.1516631359878246,36.59478086320661,-87.25291537754502,Montgomery,-0.54,36.5949,-87.2533,0.036804079901321056
2024-05-12 00:50:00,708931360,-0.023949355023191253,-0.035775832234207466,-0.012122877812175041,36.59478086320661,-87.25291537754502,Montgomery,-0.36,36.5949,-87.2533,0.036804079901321056
2024-05-12 00:51:00,708931360,0.12184108528401937,0.04437527496713159,0.19930689560090714,36.59478086320661,-87.25291537754502,Montgomery,-0.4,36.5949,-87.2533,0.036804079901321056
2024-05-12 00:52:00,708931360,-0.13113288385996344,-0.20272001773129344,-0.05954574998863345,36.59478086320661,-87.25291537754502,Montgomery,-0.14,36.5949,-87.2533,0.036804079901321056
2024-05-12 00:53:00,708931360,-0.38366662357581655,-0.5829894021448252,-0.18434384500680792,36.59478086320661,-87.25291537754502,Montgomery,-0.07,36.5949,-87.2533,0.036804079901321056
2024-05-12 00:54:00,708931360,-0.2763452234765209,-0.4197197571339978,-0.132970689819044,36.59478086320661,-87.25291537754502,Montgomery,-0.95,36.5949,-87.2533,0.036804079901321056
2024-05-12 00:55:00,708931360,0.17203715567729136,0.07778688625130888,0.26628742510327386,36.59478086320661,-87.25291537754502,Montgomery,-0.48,36.5949,-87.2533,0.036804079901321056
2024-05-12 00:56:00,708931360,-0.0442857874907789,-0.0737222476048563,-0.014849327376701499,36.59478086320661,-87.25291537754502,Montgomery,-0.58,36.5949,-87.2533,0.036804079901321056
2024-05-12 00:57:00,708931360,-0.10243491205459176,-0.15405492115090128,-0.05081490295828226,36.59478086320661,-87.25291537754502,Montgomery,-0.41,36.5949,-87.2533,0.036804079901321056
2024-05-12 00:58:00,708931360,-0.10078483803914323,-0.15098407246712897,-0.05058560361115748,36.59478086320661,-87.25291537754502,Montgomery,-0.51,36.5949,-87.2533,0.036804079901321056
2024-05-12 00:59:00,708931360,-0.028996932026254165,-0.09023731974882597,0.03224345569631765,36.59478086320661,-87.25291537754502,Montgomery,-1.25,36.5949,-87.2533,0.036804079901321056
2024-05-12 01:00:00,708931360,-0.04304692911200094,-0.10429455482018149,0.0182006965961796,36.59478086320661,-87.25291537754502,Montgomery,-1.13,36.5949,-87.2533,0.036804079901321056
2024-05-12 01:01:00,708931360,-0.02390207713388168,-0.035129094177589956,-0.012675060090173404,36.59478086320661,-87.25291537754502,Montgomery,-0.41,36.5949,-87.2533,0.036804079901321056
2024-05-12 01:02:00,708931360,-0.1603496816800849,-0.24740828675568732,-0.07329107660448249,36.59478086320661,-87.25291537754502,Montgomery,-0.96,36.5949,-87.2533,0.036804079901321056
2024-05-12 01:03:00,708931360,-0.17415216313599186,-0.27523220004469046,-0.07307212622729327,36.59478086320661,-87.25291537754502,Montgomery,-0.76,36.5949,-87.2533,0.036804079901321056
2024-05-12 01:04:00,708931360,-0.5170758450222913,-0.788819640138025,-0.24533204990655766,36.59478086320661,-87.25291537754502,Montgomery,-0.37,36.5949,-87.2533,0.036804079901321056
2024-05-12 01:05:00,708931360,0.04277006639057889,-0.02817328978641074,0.11371342256756853,36.59478086320661,-87.25291537754502,Montgomery,-0.44,36.5949,-87.2533,0.036804079901321056
2024-05-12 01:06:00,708931360,0.7720070003874993,0.36247838331957616,1.1815356174554223,36.59478086320661,-87.25291537754502,Montgomery,-0.56,36.5949,-87.2533,0.036804079901321056
2024-05-12 01:07:00,708931360,0.8550523930581702,0.397507661339207,1.3125971247771333,36.59478086320661,-87.25291537754502,Montgomery,-0.89,36.5949,-87.2533,0.036804079901321056
2024-05-12 01:08:00,708931360,0.5952951571610021,0.2793818641833414,0.9112084501386628,36.59478086320661,-87.25291537754502,Montgomery,0.01,36.5949,-87.2533,0.036804079901321056
2024-05-12 01:09:00,708931360,0.38092632889794303,0.16914084761809842,0.5927118101777876,36.59478086320661,-87.25291537754502,Montgomery,-0.39,36.5949,-87.2533,0.036804079901321056
2024-05-12 01:10:00,708931360,-0.7596625421138744,-1.1575138760900554,-0.36181120813769346,36.59478086320661,-87.25291537754502,Montgomery,-0.34,36.5949,-87.2533,0.036804079901321056
2024-05-12 01:11:00,708931360,0.23535314562280732,0.10104378996286129,0.36966250128275335,36.59478086320661,-87.25291537754502,Montgomery,-0.24,36.5949,-87.2533,0.036804079901321056
2024-05-12 01:12:00,708931360,1.5407187859352707,0.7289938140679467,2.3524437578025945,36.59478086320661,-87.25291537754502,Montgomery,-0.27,36.5949,-87.2533,0.036804079901321056
2024-05-12 01:13:00,708931360,0.7020968585006687,0.33131970094599367,1.0728740160553438,36.59478086320661,-87.25291537754502,Montgomery,-0.35,36.5949,-87.2533,0.036804079901321056
2024-05-12 01:14:00,708931360,0.4100073372617243,0.19612514427912786,0.6238895302443207,36.59478086320661,-87.25291537754502,Montgomery,-0.58,36.5949,-87.2533,0.036804079901321056
2024-05-12 01:15:00,708931360,0.46328926707774326,0.21957264279418642,0.7070058913613001,36.59478086320661,-87.25291537754502,Montgomery,-0.49,36.5949,-87.2533,0.036804079901321056
2024-05-12 01:16:00,708931360,0.811153708929126,0.38351539809683705,1.2387920197614148,36.59478086320661,-87.25291537754502,Montgomery,-0.79,36.5949,-87.2533,0.036804079901321056
2024-05-12 01:17:00,708931360,-0.06477352524748688,-0.1166654168109231,-0.012881633684050653,36.59478086320661,-87.25291537754502,Montgomery,-0.59,36.5949,-87.2533,0.036804079901321056
2024-05-12 01:18:00,708931360,0.29631375568804513,0.13138020377379406,0.4612473076022962,36.59478086320661,-87.25291537754502,Montgomery,-0.93,36.5949,-87.2533,0.036804079901321056
2024-05-12 01:19:00,708931360,-0.33739570171728656,-0.5171024831293627,-0.15768892030521045,36.59478086320661,-87.25291537754502,Montgomery,-0.69,36.5949,-87.2533,0.036804079901321056
2024-05-12 01:20:00,708931360,-0.2728917078779693,-0.4167537245522752,-0.12902969120366337,36.59478086320661,-87.25291537754502,Montgomery,-0.54,36.5949,-87.2533,0.036804079901321056
2024-05-12 01:21:00,708931360,0.19857628787412568,0.09011167096534707,0.3070409047829043,36.59478086320661,-87.25291537754502,Montgomery,-0.22,36.5949,-87.2533,0.036804079901321056
2024-05-12 01:22:00,708931360,0.42785479453842234,0.20198205627209231,0.6537275328047524,36.59478086320661,-87.25291537754502,Montgomery,-0.12,36.5949,-87.2533,0.036804079901321056
2024-05-12 01:23:00,708931360,0.06051560840687056,0.02102659345560786,0.10000462335813326,36.59478086320661,-87.25291537754502,Montgomery,-0.3,36.5949,-87.2533,0.036804079901321056
2024-05-12 01:24:00,708931360,-0.008363636577937393,-0.02536976608874698,0.008642492932872194,36.59478086320661,-87.25291537754502,Montgomery,-0.02,36.5949,-87.2533,0.036804079901321056
2024-05-12 01:25:00,708931360,-0.732275102684335,-1.1151708822735378,-0.3493793230951322,36.59478086320661,-87.25291537754502,Montgomery,-0.13,36.5949,-87.2533,0.036804079901321056
2024-05-12 01:26:00,708931360,0.08881209942921856,0.04030790605013995,0.13731629280829716,36.59478086320661,-87.25291537754502,Montgomery,-0.69,36.5949,-87.2533,0.036804079901321056
2024-05-12 01:27:00,708931360,0.06569833905086853,0.023136760738816563,0.10825991736292048,36.59478086320661,-87.25291537754502,Montgomery,-0.36,36.5949,-87.2533,0.036804079901321056
2024-05-12 01:28:00,708931360,-0.14357223184890158,-0.23596546317184547,-0.05117900052595768,36.59478086320661,-87.25291537754502,Montgomery,-0.84,36.5949,-87.2533,0.036804079901321056
2024-05-12 01:29:00,708931360,-0.5125217099569667,-0.79095104962589,-0.23409237028804325,36.59478086320661,-87.25291537754502,Montgomery,-0.24,36.5949,-87.2533,0.036804079901321056
2024-05-12 01:30:00,708931360,-0.7785942666999935,-1.1963855543780444,-0.36080297902194275,36.59478086320661,-87.25291537754502,Montgomery,-0.14,36.5949,-87.2533,0.036804079901321056
2024-05-12 01:31:00,708931360,-1.6216507842565857,-2.4736984144476653,-0.7696031540655061,36.59478086320661,-87.25291537754502,Montgomery,0.51,36.5949,-87.2533,0.036804079901321056
2024-05-12 01:32:00,708931360,-0.8127371796312273,-1.2398284687357501,-0.3856458905267044,36.59478086320661,-87.25291537754502,Montgomery,-1.03,36.5949,-87.2533,0.036804079901321056
2024-05-12 01:33:00,708931360,0.2834512345925531,0.13267619118963997,0.43422627799546626,36.59478086320661,-87.25291537754502,Montgomery,-1.88,36.5949,-87.2533,0.036804079901321056
2024-05-12 01:34:00,708931360,0.7062781867267737,0.33327928887645303,1.0792770845770943,36.59478086320661,-87.25291537754502,Montgomery,0.11,36.5949,-87.2533,0.036804079901321056
2024-05-12 01:35:00,708931360,0.34957355035954435,0.16578180274038026,0.5333652979787085,36.59478086320661,-87.25291537754502,Montgomery,-0.36,36.5949,-87.2533,0.036804079901321056
2024-05-12 01:36:00,708931360,1.0311807270405726,0.49297815065024464,1.5693833034309006,36.59478086320661,-87.25291537754502,Montgomery,-1.96,36.5949,-87.2533,0.036804079901321056
2024-05-12 01:37:00,708931360,0.948183907184875,0.45213026151410113,1.4442375528556488,36.59478086320661,-87.25291537754502,Montgomery,-0.98,36.5949,-87.2533,0.036804079901321056
2024-05-12 01:38:00,708931360,1.1043051203787513,0.5271146677913814,1.6814955729661212,36.59478086320661,-87.25291537754502,Montgomery,-0.34,36.5949,-87.2533,0.036804079901321056
2024-05-12 01:39:00,708931360,1.2243527220772172,0.5877300962363761,1.8609753479180584,36.59478086320661,-87.25291537754502,Montgomery,-1.63,36.5949,-87.2533,0.036804079901321056
2024-05-12 01:40:00,708931360,1.6583448185417382,0.7941648680689677,2.5225247690145087,36.59478086320661,-87.25291537754502,Montgomery,-1.38,36.5949,-87.2533,0.036804079901321056
2024-05-12 01:41:00,708931360,1.5266131034674109,0.7315677498643107,2.321658457070511,36.59478086320661,-87.25291537754502,Montgomery,-0.66,36.5949,-87.2533,0.036804079901321056
2024-05-12 01:42:00,708931360,1.0110337343831362,0.48743093974094365,1.5346365290253288,36.59478086320661,-87.25291537754502,Montgomery,-1.48,36.5949,-87.2533,0.036804079901321056
2024-05-12 01:43:00,708931360,1.6954896992745279,0.8124853084835163,2.5784940900655395,36.59478086320661,-87.25291537754502,Montgomery,-0.7,36.5949,-87.2533,0.036804079901321056
2024-05-12 01:44:00,708931360,0.7118198840645782,0.33878505897670597,1.0848547091524505,36.59478086320661,-87.25291537754502,Montgomery,-0.79,36.5949,-87.2533,0.036804079901321056
2024-05-12 01:45:00,708931360,1.364694261966614,0.6543851522209501,2.075003371712278,36.59478086320661,-87.25291537754502,Montgomery,-0.52,36.5949,-87.2533,0.036804079901321056
2024-05-12 01:46:00,708931360,1.2498220786557914,0.5981244358760482,1.9015197214355346,36.59478086320661,-87.25291537754502,Montgomery,-1.34,36.5949,-87.2533,0.036804079901321056
2024-05-12 01:47:00,708931360,1.0844874792711292,0.5216282728123041,1.6473466857299544,36.59478086320661,-87.25291537754502,Montgomery,-0.78,36.5949,-87.2533,0.036804079901321056
2024-05-12 01:48:00,708931360,0.7409566047503368,0.3587445980489854,1.1231686114516881,36.59478086320661,-87.25291537754502,Montgomery,-1.18,36.5949,-87.2533,0.036804079901321056
2024-05-12 01:49:00,708931360,0.5150079341461756,0.24116476482736537,0.7888511034649859,36.59478086320661,-87.25291537754502,Montgomery,-1.54,36.5949,-87.2533,0.036804079901321056
2024-05-12 01:50:00,708931360,1.018332167428785,0.48826147970663725,1.548402855150933,36.59478086320661,-87.25291537754502,Montgomery,-0.46,36.5949,-87.2533,0.036804079901321056
2024-05-12 01:51:00,708931360,0.6183932276167218,0.2997284091298128,0.9370580461036307,36.59478086320661,-87.25291537754502,Montgomery,-1.36,36.5949,-87.2533,0.036804079901321056
2024-05-12 01:52:00,708931360,0.25722273523336625,0.12444692741709196,0.38999854304964054,36.59478086320661,-87.25291537754502,Montgomery,-1.11,36.5949,-87.2533,0.036804079901321056
2024-05-12 01:53:00,708931360,-0.20135167681032076,-0.31162791165195286,-0.09107544196868866,36.59478086320661,-87.25291537754502,Montgomery,-1.21,36.5949,-87.2533,0.036804079901321056
2024-05-12 01:54:00,708931360,-0.39613087469194597,-0.6066609920384798,-0.1856007573454122,36.59478086320661,-87.25291537754502,Montgomery,-1.47,36.5949,-87.2533,0.036804079901321056
2024-05-12 01:55:00,708931360,-0.449400963183238,-0.6897640114198236,-0.20903791494665241,36.59478086320661,-87.25291537754502,Montgomery,-0.53,36.5949,-87.2533,0.036804079901321056
2024-05-12 01:56:00,708931360,-0.4461032259973318,-0.6911354794366955,-0.2010709725579682,36.59478086320661,-87.25291537754502,Montgomery,-0.57,36.5949,-87.2533,0.036804079901321056
2024-05-12 01:57:00,708931360,-0.9542799205317939,-1.480435542102406,-0.42812429896118187,36.59478086320661,-87.25291537754502,Montgomery,-1.65,36.5949,-87.2533,0.036804079901321056
2024-05-12 01:58:00,708931360,-1.2305955159638946,-1.888671554198973,-0.5725194777288163,36.59478086320661,-87.25291537754502,Montgomery,-2.85,36.5949,-87.2533,0.036804079901321056
2024-05-12 01:59:00,708931360,-0.5677356925687372,-0.8780559994632344,-0.25741538567424,36.59478086320661,-87.25291537754502,Montgomery,-0.62,36.5949,-87.2533,0.036804079901321056
2024-05-12 02:00:00,708931360,-0.8008192469719517,-1.2319206896241148,-0.36971780431978873,36.59478086320661,-87.25291537754502,Montgomery,2.72,36.5949,-87.2533,0.036804079901321056
2024-05-12 02:01:00,708931360,-1.2630566845401154,-1.9267854954409565,-0.5993278736392745,36.59478086320661,-87.25291537754502,Montgomery,-1.0,36.5949,-87.2533,0.036804079901321056
2024-05-12 02:02:00,708931360,-0.3038423532377322,-0.4708325491823014,-0.13685215729316297,36.59478086320661,-87.25291537754502,Montgomery,-1.91,36.5949,-87.2533,0.036804079901321056
2024-05-12 02:03:00,708931360,0.43917854249075916,0.20248294885186213,0.6758741361296562,36.59478086320661,-87.25291537754502,Montgomery,-0.72,36.5949,-87.2533,0.036804079901321056
2024-05-12 02:04:00,708931360,-0.21085741463873564,-0.32032953519606205,-0.10138529408140921,36.59478086320661,-87.25291537754502,Montgomery,-0.63,36.5949,-87.2533,0.036804079901321056
2024-05-12 02:05:00,708931360,0.13930066523753704,0.06538891049590217,0.2132124199791719,36.59478086320661,-87.25291537754502,Montgomery,-2.49,36.5949,-87.2533,0.036804079901321056
2024-05-12 02:06:00,708931360,1.0667985093430907,0.5054167795028964,1.6281802391832851,36.59478086320661,-87.25291537754502,Montgomery,-0.36,36.5949,-87.2533,0.036804079901321056
2024-05-12 02:07:00,708931360,0.2531046696829453,0.11661910127831085,0.38959023808757975,36.59478086320661,-87.25291537754502,Montgomery,0.14,36.5949,-87.2533,0.036804079901321056
2024-05-12 02:08:00,708931360,-0.43508321841312736,-0.6640195042668585,-0.20614693255939623,36.59478086320661,-87.25291537754502,Montgomery,-1.8,36.5949,-87.2533,0.036804079901321056
2024-05-12 02:09:00,708931360,-0.18167409483100613,-0.27571651384042845,-0.08763167582158381,36.59478086320661,-87.25291537754502,Montgomery,-0.61,36.5949,-87.2533,0.036804079901321056
2024-05-12 02:10:00,708931360,-0.12853829916753343,-0.2073400152039526,-0.04973658313111426,36.59478086320661,-87.25291537754502,Montgomery,-0.58,36.5949,-87.2533,0.036804079901321056
2024-05-12 02:11:00,708931360,-0.00017581220784981233,-0.014355402587709076,0.01400377817200945,36.59478086320661,-87.25291537754502,Montgomery,-0.43,36.5949,-87.2533,0.036804079901321056
2024-05-12 02:12:00,708931360,-0.2815338444165456,-0.4270407580270753,-0.13602693080601588,36.59478086320661,-87.25291537754502,Montgomery,0.57,36.5949,-87.2533,0.036804079901321056
2024-05-12 02:13:00,708931360,-0.504400658958071,-0.7702521609468577,-0.23854915696928425,36.59478086320661,-87.25291537754502,Montgomery,1.88,36.5949,-87.2533,0.036804079901321056
2024-05-12 02:14:00,708931360,-2.5536109840819488,-3.8862781891700604,-1.220943778993837,36.59478086320661,-87.25291537754502,Montgomery,2.67,36.5949,-87.2533,0.036804079901321056
2024-05-12 02:15:00,708931360,-2.150631391767758,-3.2847750320573734,-1.0164877514781427,36.59478086320661,-87.25291537754502,Montgomery,4.3,36.5949,-87.2533,0.036804079901321056
2024-05-12 02:16:00,708931360,-0.6781873201617602,-1.0356874750669223,-0.3206871652565982,36.59478086320661,-87.25291537754502,Montgomery,5.5,36.5949,-87.2533,0.036804079901321056
2024-05-12 02:17:00,708931360,-1.3590464395025097,-2.0630415147642904,-0.6550513642407289,36.59478086320661,-87.25291537754502,Montgomery,5.79,36.5949,-87.2533,0.036804079901321056
2024-05-12 02:18:00,708931360,-1.1359063042351103,-1.7286886043826493,-0.5431240040875714,36.59478086320661,-87.25291537754502,Montgomery,4.05,36.5949,-87.2533,0.036804079901321056
2024-05-12 02:19:00,708931360,-0.5931431966271242,-0.910330155923984,-0.2759562373302644,36.59478086320661,-87.25291537754502,Montgomery,3.41,36.5949,-87.2533,0.036804079901321056
2024-05-12 02:20:00,708931360,-0.07191635616655369,-0.12726247781373268,-0.016570234519374713,36.59478086320661,-87.25291537754502,Montgomery,5.01,36.5949,-87.2533,0.036804079901321056
2024-05-12 02:21:00,708931360,-0.2184875962052513,-0.34611488632319054,-0.09086030608731208,36.59478086320661,-87.25291537754502,Montgomery,7.22,36.5949,-87.2533,0.036804079901321056
2024-05-12 02:22:00,708931360,-0.8636182874078188,-1.32092029327007,-0.40631628154556754,36.59478086320661,-87.25291537754502,Montgomery,5.2,36.5949,-87.2533,0.036804079901321056
2024-05-12 02:23:00,708931360,-1.1534030435768476,-1.7548223722406062,-0.5519837149130891,36.59478086320661,-87.25291537754502,Montgomery,3.54,36.5949,-87.2533,0.036804079901321056
2024-05-12 02:24:00,708931360,-0.6998557025043849,-1.0616348627523586,-0.3380765422564111,36.59478086320661,-87.25291537754502,Montgomery,1.91,36.5949,-87.2533,0.036804079901321056
2024-05-12 02:25:00,708931360,-1.3985564247740054,-2.125231029968838,-0.6718818195791728,36.59478086320661,-87.25291537754502,Montgomery,1.56,36.5949,-87.2533,0.036804079901321056
2024-05-12 02:26:00,708931360,-1.1158644987496649,-1.6949209934785543,-0.5368080040207756,36.59478086320661,-87.25291537754502,Montgomery,2.07,36.5949,-87.2533,0.036804079901321056
2024-05-12 02:27:00,708931360,-0.34244846083943903,-0.5173365178604485,-0.16756040381842952,36.59478086320661,-87.25291537754502,Montgomery,1.12,36.5949,-87.2533,0.036804079901321056
2024-05-12 02:28:00,708931360,-0.21073625448981492,-0.31689823553385965,-0.10457427344577021,36.59478086320661,-87.25291537754502,Montgomery,0.81,36.5949,-87.2533,0.036804079901321056
2024-05-12 02:29:00,708931360,-0.632176694519442,-0.961768205720654,-0.30258518331823,36.59478086320661,-87.25291537754502,Montgomery,0.75,36.5949,-87.2533,0.036804079901321056
2024-05-12 02:30:00,708931360,0.3194862797694108,0.14885298977615227,0.49011956976266935,36.59478086320661,-87.25291537754502,Montgomery,0.54,36.5949,-87.2533,0.036804079901321056
2024-05-12 02:31:00,708931360,-0.28412130499144267,-0.43029131998247333,-0.137951290000412,36.59478086320661,-87.25291537754502,Montgomery,-0.43,36.5949,-87.2533,0.036804079901321056
2024-05-12 02:32:00,708931360,-0.312112519983494,-0.47462267670610886,-0.1496023632608791,36.59478086320661,-87.25291537754502,Montgomery,0.34,36.5949,-87.2533,0.036804079901321056
2024-05-12 02:33:00,708931360,-0.5035329675176905,-0.7662217121471255,-0.24084422288825552,36.59478086320661,-87.25291537754502,Montgomery,-0.77,36.5949,-87.2533,0.036804079901321056
2024-05-12 02:34:00,708931360,-0.8585197948553088,-1.307516280231789,-0.40952330947882865,36.59478086320661,-87.25291537754502,Montgomery,0.3,36.5949,-87.2533,0.036804079901321056
2024-05-12 02:35:00,708931360,-0.7549049273077258,-1.1510958713267687,-0.35871398328868287,36.59478086320661,-87.25291537754502,Montgomery,-0.33,36.5949,-87.2533,0.036804079901321056
2024-05-12 02:36:00,708931360,0.4024809821175334,0.19085361610504595,0.6141083481300209,36.59478086320661,-87.25291537754502,Montgomery,-0.42,36.5949,-87.2533,0.036804079901321056
2024-05-12 02:37:00,708931360,0.41983976796237904,0.1979118110182165,0.6417677249065415,36.59478086320661,-87.25291537754502,Montgomery,-0.34,36.5949,-87.2533,0.036804079901321056
2024-05-12 02:38:00,708931360,-0.3960848894726805,-0.6055790639160804,-0.18659071502928062,36.59478086320661,-87.25291537754502,Montgomery,-0.27,36.5949,-87.2533,0.036804079901321056
2024-05-12 02:39:00,708931360,-0.12338241993304912,-0.19821501592216184,-0.04854982394393639,36.59478086320661,-87.25291537754502,Montgomery,-0.24,36.5949,-87.2533,0.036804079901321056
2024-05-12 02:40:00,708931360,0.14552939397149853,0.06973346148343652,0.22132532645956055,36.59478086320661,-87.25291537754502,Montgomery,-0.34,36.5949,-87.2533,0.036804079901321056
2024-05-12 02:41:00,708931360,-0.07604603199712771,-0.11909092674818114,-0.03300113724607429,36.59478086320661,-87.25291537754502,Montgomery,-0.9,36.5949,-87.2533,0.036804079901321056
2024-05-12 02:42:00,708931360,-0.35163514331428986,-0.543267100367072,-0.16000318626150764,36.59478086320661,-87.25291537754502,Montgomery,-0.59,36.5949,-87.2533,0.036804079901321056
2024-05-12 02:43:00,708931360,-0.2948815202873543,-0.46382027805663734,-0.1259427625180713,36.59478086320661,-87.25291537754502,Montgomery,-0.32,36.5949,-87.2533,0.036804079901321056
2024-05-12 02:44:00,708931360,-0.6394952074682951,-0.9797245091947604,-0.2992659057418298,36.59478086320661,-87.25291537754502,Montgomery,-1.04,36.5949,-87.2533,0.036804079901321056
2024-05-12 02:45:00,708931360,-0.17219219612414868,-0.26746692979246345,-0.07691746245583393,36.59478086320661,-87.25291537754502,Montgomery,-1.89,36.5949,-87.2533,0.036804079901321056
2024-05-12 02:46:00,708931360,0.4788339729988329,0.22939353774086196,0.7282744082568038,36.59478086320661,-87.25291537754502,Montgomery,-1.1,36.5949,-87.2533,0.036804079901321056
2024-05-12 02:47:00,708931360,-0.32425153228824255,-0.5000623204605912,-0.1484407441158939,36.59478086320661,-87.25291537754502,Montgomery,-0.8,36.5949,-87.2533,0.036804079901321056
2024-05-12 02:48:00,708931360,-0.6325500835906738,-0.9704015227437108,-0.29469864443763677,36.59478086320661,-87.25291537754502,Montgomery,-0.81,36.5949,-87.2533,0.036804079901321056
2024-05-12 02:49:00,708931360,-0.15306022636347888,-0.24402479073083028,-0.062095661996127496,36.59478086320661,-87.25291537754502,Montgomery,-1.16,36.5949,-87.2533,0.036804079901321056
2024-05-12 02:50:00,708931360,0.20156770862783668,0.09842252928213527,0.3047128879735381,36.59478086320661,-87.25291537754502,Montgomery,-1.19,36.5949,-87.2533,0.036804079901321056
2024-05-12 02:51:00,708931360,-0.12588541237711073,-0.22734637387180123,-0.024424450882420234,36.59478086320661,-87.25291537754502,Montgomery,-2.68,36.5949,-87.2533,0.036804079901321056
2024-05-12 02:52:00,708931360,-1.2288632582969974,-1.8921937829619244,-0.5655327336320702,36.59478086320661,-87.25291537754502,Montgomery,-0.41,36.5949,-87.2533,0.036804079901321056
2024-05-12 02:53:00,708931360,0.3792283780298623,0.17881407153069717,0.5796426845290275,36.59478086320661,-87.25291537754502,Montgomery,-2.37,36.5949,-87.2533,0.036804079901321056
2024-05-12 02:54:00,708931360,1.3842606373378694,0.6589507640077619,2.109570510667977,36.59478086320661,-87.25291537754502,Montgomery,-1.83,36.5949,-87.2533,0.036804079901321056
2024-05-12 02:55:00,708931360,0.5826647677843956,0.2734487487663044,0.8918807868024867,36.59478086320661,-87.25291537754502,Montgomery,-1.37,36.5949,-87.2533,0.036804079901321056
2024-05-12 02:56:00,708931360,-0.409347720852969,-0.6303713217912126,-0.18832411991472542,36.59478086320661,-87.25291537754502,Montgomery,-2.26,36.5949,-87.2533,0.036804079901321056
2024-05-12 02:57:00,708931360,0.5287673042005834,0.2565364616417505,0.8009981467594163,36.59478086320661,-87.25291537754502,Montgomery,-1.54,36.5949,-87.2533,0.036804079901321056
2024-05-12 02:58:00,708931360,2.301052457113799,1.0869642571796145,3.5151406570479837,36.59478086320661,-87.25291537754502,Montgomery,-1.06,36.5949,-87.2533,0.036804079901321056
2024-05-12 02:59:00,708931360,2.6027775676337472,1.2260669991761324,3.979488136091362,36.59478086320661,-87.25291537754502,Montgomery,-1.45,36.5949,-87.2533,0.036804079901321056
2024-05-12 03:00:00,708931360,2.7595971608219347,1.3084875799647504,4.210706741679119,36.59478086320661,-87.25291537754502,Montgomery,-2.94,36.5949,-87.2533,0.036804079901321056
2024-05-12 03:01:00,708931360,2.107663606470165,1.0095316785348087,3.205795534405521,36.59478086320661,-87.25291537754502,Montgomery,-3.41,36.5949,-87.2533,0.036804079901321056
2024-05-12 03:02:00,708931360,0.7274699444749234,0.34985781432896,1.1050820746208867,36.59478086320661,-87.25291537754502,Montgomery,-0.56,36.5949,-87.2533,0.036804079901321056
2024-05-12 03:03:00,708931360,-0.19090362604537744,-0.3192886350198052,-0.06251861707094969,36.59478086320661,-87.25291537754502,Montgomery,-1.1,36.5949,-87.2533,0.036804079901321056
2024-05-12 03:04:00,708931360,1.2788145863690312,0.6135227668074085,1.944106405930654,36.59478086320661,-87.25291537754502,Montgomery,0.21,36.5949,-87.2533,0.036804079901321056
2024-05-12 03:05:00,708931360,1.208379729769956,0.5758067177591752,1.8409527417807365,36.59478086320661,-87.25291537754502,Montgomery,0.22,36.5949,-87.2533,0.036804079901321056
2024-05-12 03:06:00,708931360,0.6758574722941619,0.33152255456615304,1.0201923900221708,36.59478086320661,-87.25291537754502,Montgomery,0.48,36.5949,-87.2533,0.036804079901321056
2024-05-12 03:07:00,708931360,0.18658085118505896,0.09254855969429851,0.2806131426758194,36.59478086320661,-87.25291537754502,Montgomery,0.31,36.5949,-87.2533,0.036804079901321056
2024-05-12 03:08:00,708931360,-0.38525503706933933,-0.6064230703185671,-0.1640870038201116,36.59478086320661,-87.25291537754502,Montgomery,1.87,36.5949,-87.2533,0.036804079901321056
2024-05-12 03:09:00,708931360,-0.586393936549971,-0.8988760673586179,-0.273911805741324,36.59478086320661,-87.25291537754502,Montgomery,0.85,36.5949,-87.2533,0.036804079901321056
2024-05-12 03:10:00,708931360,-0.7812288776366857,-1.1979630259881489,-0.3644947292852226,36.59478086320661,-87.25291537754502,Montgomery,0.95,36.5949,-87.2533,0.036804079901321056
2024-05-12 03:11:00,708931360,-0.8627236558697455,-1.316790114916612,-0.4086571968228792,36.59478086320661,-87.25291537754502,Montgomery,1.11,36.5949,-87.2533,0.036804079901321056
2024-05-12 03:12:00,708931360,-0.5769996371955837,-0.8846861030210407,-0.26931317137012667,36.59478086320661,-87.25291537754502,Montgomery,1.1,36.5949,-87.2533,0.036804079901321056
2024-05-12 03:13:00,708931360,-0.18905753906268305,-0.290313022715493,-0.08780205540987314,36.59478086320661,-87.25291537754502,Montgomery,0.75,36.5949,-87.2533,0.036804079901321056
2024-05-12 03:14:00,708931360,0.23022299644578556,0.1030992813950248,0.3573467114965463,36.59478086320661,-87.25291537754502,Montgomery,0.73,36.5949,-87.2533,0.036804079901321056
2024-05-12 03:15:00,708931360,-0.007325237184649585,-0.025945186299541397,0.011294711930242226,36.59478086320661,-87.25291537754502,Montgomery,1.2,36.5949,-87.2533,0.036804079901321056
2024-05-12 03:16:00,708931360,-0.31224913133849813,-0.48558025056151444,-0.13891801211548183,36.59478086320661,-87.25291537754502,Montgomery,1.49,36.5949,-87.2533,0.036804079901321056
2024-05-12 03:17:00,708931360,0.08007773590567528,0.033447982663733986,0.1267074891476166,36.59478086320661,-87.25291537754502,Montgomery,1.63,36.5949,-87.2533,0.036804079901321056
2024-05-12 03:18:00,708931360,0.21338868050536672,0.09813486974672056,0.3286424912640129,36.59478086320661,-87.25291537754502,Montgomery,1.31,36.5949,-87.2533,0.036804079901321056
2024-05-12 03:19:00,708931360,0.0407811077656468,0.018288064542315276,0.06327415098897832,36.59478086320661,-87.25291537754502,Montgomery,1.22,36.5949,-87.2533,0.036804079901321056
2024-05-12 03:20:00,708931360,-0.2399060725121243,-0.3725856849594996,-0.10722646006474898,36.59478086320661,-87.25291537754502,Montgomery,1.2,36.5949,-87.2533,0.036804079901321056
2024-05-12 03:21:00,708931360,-0.40475403951810096,-0.6184300161810438,-0.1910780628551582,36.59478086320661,-87.25291537754502,Montgomery,0.99,36.5949,-87.2533,0.036804079901321056
2024-05-12 03:22:00,708931360,-0.08210464406321515,-0.13587548756162643,-0.028333800564803877,36.59478086320661,-87.25291537754502,Montgomery,1.56,36.5949,-87.2533,0.036804079901321056
2024-05-12 03:23:00,708931360,-0.02629017787728201,-0.05622134151278581,0.0036409857582217903,36.59478086320661,-87.25291537754502,Montgomery,1.53,36.5949,-87.2533,0.036804079901321056
2024-05-12 03:24:00,708931360,0.10882071542386129,0.0514805956413306,0.166160835206392,36.59478086320661,-87.25291537754502,Montgomery,1.16,36.5949,-87.2533,0.036804079901321056
2024-05-12 03:25:00,708931360,-0.2183503926720559,-0.33505389914790196,-0.10164688619620983,36.59478086320661,-87.25291537754502,Montgomery,1.32,36.5949,-87.2533,0.036804079901321056
2024-05-12 03:26:00,708931360,-0.28117670346329215,-0.4336089632144471,-0.12874444371213722,36.59478086320661,-87.25291537754502,Montgomery,0.74,36.5949,-87.2533,0.036804079901321056
2024-05-12 03:27:00,708931360,-0.007623126761245658,-0.015691502681958847,0.00044524915946752945,36.59478086320661,-87.25291537754502,Montgomery,0.53,36.5949,-87.2533,0.036804079901321056
2024-05-12 03:28:00,708931360,-0.038750890264237114,-0.06444745973448884,-0.013054320793985393,36.59478086320661,-87.25291537754502,Montgomery,0.97,36.5949,-87.2533,0.036804079901321056
2024-05-12 03:29:00,708931360,0.247440429224649,0.1189284067790341,0.3759524516702639,36.59478086320661,-87.25291537754502,Montgomery,0.85,36.5949,-87.2533,0.036804079901321056
2024-05-12 03:30:00,708931360,0.1666294344651856,0.08132980010302675,0.25192906882734445,36.59478086320661,-87.25291537754502,Montgomery,0.39,36.5949,-87.2533,0.036804079901321056
2024-05-12 03:31:00,708931360,-0.0873368136242807,-0.1421913315264577,-0.032482295722103705,36.59478086320661,-87.25291537754502,Montgomery,0.29,36.5949,-87.2533,0.036804079901321056
2024-05-12 03:32:00,708931360,0.05413392383294072,0.02640466950944644,0.081863178156435,36.59478086320661,-87.25291537754502,Montgomery,-0.04,36.5949,-87.2533,0.036804079901321056
2024-05-12 03:33:00,708931360,0.046610679687307165,0.014257453957069198,0.07896390541754514,36.59478086320661,-87.25291537754502,Montgomery,-0.24,36.5949,-87.2533,0.036804079901321056
2024-05-12 03:34:00,708931360,-0.06367433279020977,-0.10213937220661723,-0.025209293373802316,36.59478086320661,-87.25291537754502,Montgomery,-0.84,36.5949,-87.2533,0.036804079901321056
2024-05-12 03:35:00,708931360,0.06244805452786153,0.03161006937191782,0.09328603968380524,36.59478086320661,-87.25291537754502,Montgomery,-0.8,36.5949,-87.2533,0.036804079901321056
2024-05-12 03:36:00,708931360,0.1739255934145493,0.08379897161587788,0.26405221521322075,36.59478086320661,-87.25291537754502,Montgomery,-0.56,36.5949,-87.2533,0.036804079901321056
2024-05-12 03:37:00,708931360,0.04373259532655167,0.02213686722061446,0.06532832343248887,36.59478086320661,-87.25291537754502,Montgomery,-0.53,36.5949,-87.2533,0.036804079901321056
2024-05-12 03:38:00,708931360,0.05965484387561081,0.028793553916963498,0.09051613383425813,36.59478086320661,-87.25291537754502,Montgomery,-2.14,36.5949,-87.2533,0.036804079901321056
2024-05-12 03:39:00,708931360,0.6416471211967948,0.30473112954693,0.9785631128466596,36.59478086320661,-87.25291537754502,Montgomery,-2.94,36.5949,-87.2533,0.036804079901321056
2024-05-12 03:40:00,708931360,0.48643305786724267,0.23210345439357655,0.7407626613409088,36.59478086320661,-87.25291537754502,Montgomery,-0.75,36.5949,-87.2533,0.036804079901321056
2024-05-12 03:41:00,708931360,-0.6260430456753611,-0.9581621217308517,-0.29392396961987044,36.59478086320661,-87.25291537754502,Montgomery,1.58,36.5949,-87.2533,0.036804079901321056
2024-05-12 03:42:00,708931360,-1.572060142780297,-2.399596481604694,-0.7445238039558996,36.59478086320661,-87.25291537754502,Montgomery,0.85,36.5949,-87.2533,0.036804079901321056
2024-05-12 03:43:00,708931360,-0.8206353623904042,-1.2536266207366502,-0.3876441040441583,36.59478086320661,-87.25291537754502,Montgomery,-1.19,36.5949,-87.2533,0.036804079901321056
2024-05-12 03:44:00,708931360,-0.48733548838575197,-0.7432937124400008,-0.23137726433150324,36.59478086320661,-87.25291537754502,Montgomery,-1.49,36.5949,-87.2533,0.036804079901321056
2024-05-12 03:45:00,708931360,-0.9867785927129998,-1.503575801009022,-0.46998138441697757,36.59478086320661,-87.25291537754502,Montgomery,-0.06,36.5949,-87.2533,0.036804079901321056
2024-05-12 03:46:00,708931360,-0.8781195621900167,-1.3404310814150302,-0.41580804296500334,36.59478086320661,-87.25291537754502,Montgomery,-0.52,36.5949,-87.2533,0.036804079901321056
2024-05-12 03:47:00,708931360,-0.6603950679069969,-1.004750403493938,-0.3160397323200556,36.59478086320661,-87.25291537754502,Montgomery,-0.85,36.5949,-87.2533,0.036804079901321056
2024-05-12 03:48:00,708931360,-0.2995774406183483,-0.4560916933512953,-0.14306318788540132,36.59478086320661,-87.25291537754502,Montgomery,-0.8,36.5949,-87.2533,0.036804079901321056
2024-05-12 03:49:00,708931360,0.09713559759588782,0.03994482690807388,0.15432636828370175,36.59478086320661,-87.25291537754502,Montgomery,-1.39,36.5949,-87.2533,0.036804079901321056
2024-05-12 03:50:00,708931360,-0.2449248337936233,-0.3737441615342584,-0.11610550605298822,36.59478086320661,-87.25291537754502,Montgomery,-1.02,36.5949,-87.2533,0.036804079901321056
2024-05-12 03:51:00,708931360,-0.38091345995350656,-0.5878965920661653,-0.17393032784084783,36.59478086320661,-87.25291537754502,Montgomery,-0.51,36.5949,-87.2533,0.036804079901321056
2024-05-12 03:52:00,708931360,-0.24895457156398743,-0.3855274468133879,-0.11238169631458694,36.59478086320661,-87.25291537754502,Montgomery,-0.6,36.5949,-87.2533,0.036804079901321056
2024-05-12 03:53:00,708931360,-0.08628050963071794,-0.15732021142845737,-0.015240807832978515,36.59478086320661,-87.25291537754502,Montgomery,-0.86,36.5949,-87.2533,0.036804079901321056
2024-05-12 03:54:00,708931360,-0.35469532253180996,-0.5447829392172583,-0.16460770584636167,36.59478086320661,-87.25291537754502,Montgomery,-0.19,36.5949,-87.2533,0.036804079901321056
2024-05-12 03:55:00,708931360,-0.49159552355570696,-0.7486111110622505,-0.23457993604916338,36.59478086320661,-87.25291537754502,Montgomery,0.36,36.5949,-87.2533,0.036804079901321056
2024-05-12 03:56:00,708931360,-0.41889452617580447,-0.6493851403480646,-0.18840391200354437,36.59478086320661,-87.25291537754502,Montgomery,-0.67,36.5949,-87.2533,0.036804079901321056
2024-05-12 03:57:00,708931360,-0.04353778716658165,-0.11833960669670432,0.03126403236354102,36.59478086320661,-87.25291537754502,Montgomery,-0.13,36.5949,-87.2533,0.036804079901321056
2024-05-12 03:58:00,708931360,-0.5752012099525693,-0.8794238717918839,-0.27097854811325467,36.59478086320661,-87.25291537754502,Montgomery,1.5,36.5949,-87.2533,0.036804079901321056
2024-05-12 03:59:00,708931360,-0.19141402906692415,-0.3164650929658691,-0.06636296516797918,36.59478086320661,-87.25291537754502,Montgomery,1.14,36.5949,-87.2533,0.036804079901321056
2024-05-12 04:00:00,708931360,-0.4135242873483441,-0.6544924409679445,-0.17255613372874376,36.59478086320661,-87.25291537754502,Montgomery,1.18,36.5949,-87.2533,0.036804079901321056
2024-05-12 04:01:00,708931360,-0.10941797068725075,-0.25827442156522307,0.03943848019072156,36.59478086320661,-87.25291537754502,Montgomery,-0.26,36.5949,-87.2533,0.036804079901321056
2024-05-12 04:02:00,708931360,-1.0561710902277315,-1.6178266427314631,-0.4945155377239998,36.59478086320661,-87.25291537754502,Montgomery,1.05,36.5949,-87.2533,0.036804079901321056
2024-05-12 04:03:00,708931360,-1.0889645692995076,-1.6658673748968438,-0.5120617637021713,36.59478086320661,-87.25291537754502,Montgomery,0.34,36.5949,-87.2533,0.036804079901321056
2024-05-12 04:04:00,708931360,-0.4091303727696335,-0.6299928027561342,-0.18826794278313275,36.59478086320661,-87.25291537754502,Montgomery,1.17,36.5949,-87.2533,0.036804079901321056
2024-05-12 04:05:00,708931360,-0.2754494924977058,-0.4247792680405692,-0.12611971695484236,36.59478086320661,-87.25291537754502,Montgomery,2.36,36.5949,-87.2533,0.036804079901321056
2024-05-12 04:06:00,708931360,-0.13604469644596884,-0.2095396321644174,-0.06254976072752026,36.59478086320661,-87.25291537754502,Montgomery,0.74,36.5949,-87.2533,0.036804079901321056
2024-05-12 04:07:00,708931360,0.547664816758565,0.2578424578300311,0.837487175687099,36.59478086320661,-87.25291537754502,Montgomery,1.09,36.5949,-87.2533,0.036804079901321056
2024-05-12 04:08:00,708931360,0.09441253811136742,0.0055229423396571525,0.1833021338830777,36.59478086320661,-87.25291537754502,Montgomery,1.86,36.5949,-87.2533,0.036804079901321056
2024-05-12 04:09:00,708931360,0.4596632538470708,0.21622234223032638,0.7031041654638153,36.59478086320661,-87.25291537754502,Montgomery,1.71,36.5949,-87.2533,0.036804079901321056
2024-05-12 04:10:00,708931360,0.6056796846055557,0.27901861160951685,0.9323407576015945,36.59478086320661,-87.25291537754502,Montgomery,1.94,36.5949,-87.2533,0.036804079901321056
2024-05-12 04:11:00,708931360,1.0841075820086248,0.5145021230945026,1.653713040922747,36.59478086320661,-87.25291537754502,Montgomery,2.13,36.5949,-87.2533,0.036804079901321056
2024-05-12 04:12:00,708931360,1.0755320574579055,0.509134193722053,1.641929921193758,36.59478086320661,-87.25291537754502,Montgomery,0.94,36.5949,-87.2533,0.036804079901321056
2024-05-12 04:13:00,708931360,0.6507934699993917,0.2978563952592791,1.0037305447395042,36.59478086320661,-87.25291537754502,Montgomery,1.19,36.5949,-87.2533,0.036804079901321056
2024-05-12 04:14:00,708931360,0.9829701173625756,0.46683970152231224,1.4991005332028389,36.59478086320661,-87.25291537754502,Montgomery,0.66,36.5949,-87.2533,0.036804079901321056
2024-05-12 04:15:00,708931360,0.9955256121719774,0.4700672348177126,1.5209839895262423,36.59478086320661,-87.25291537754502,Montgomery,0.19,36.5949,-87.2533,0.036804079901321056
2024-05-12 04:16:00,708931360,0.5674798296344931,0.2536588993847891,0.8813007598841971,36.59478086320661,-87.25291537754502,Montgomery,2.31,36.5949,-87.2533,0.036804079901321056
2024-05-12 04:17:00,708931360,1.0236808635702328,0.48493351245021754,1.562428214690248,36.59478086320661,-87.25291537754502,Montgomery,0.61,36.5949,-87.2533,0.036804079901321056
2024-05-12 04:18:00,708931360,0.2451752307214996,0.0753201213543308,0.4150303400886684,36.59478086320661,-87.25291537754502,Montgomery,1.71,36.5949,-87.2533,0.036804079901321056
2024-05-12 04:19:00,708931360,1.098683048376083,0.5261778629016085,1.6711882338505575,36.59478086320661,-87.25291537754502,Montgomery,-0.25,36.5949,-87.2533,0.036804079901321056
2024-05-12 04:20:00,708931360,0.7839603185628011,0.36627437005529995,1.2016462670703023,36.59478086320661,-87.25291537754502,Montgomery,-0.72,36.5949,-87.2533,0.036804079901321056
2024-05-12 04:21:00,708931360,0.13334138885279445,0.034262113263730964,0.23242066444185794,36.59478086320661,-87.25291537754502,Montgomery,1.23,36.5949,-87.2533,0.036804079901321056
2024-05-12 04:22:00,708931360,-0.28962700949717174,-0.47733459005396583,-0.10191942894037767,36.59478086320661,-87.25291537754502,Montgomery,0.79,36.5949,-87.2533,0.036804079901321056
2024-05-12 04:23:00,708931360,0.4105000873838836,0.1841515732301293,0.6368486015376379,36.59478086320661,-87.25291537754502,Montgomery,-1.12,36.5949,-87.2533,0.036804079901321056
2024-05-12 04:24:00,708931360,0.15099379233260993,0.0376577526248716,0.26432983204034827,36.59478086320661,-87.25291537754502,Montgomery,0.25,36.5949,-87.2533,0.036804079901321056
2024-05-12 04:25:00,708931360,0.9045561783606266,0.43130515136168773,1.3778072053595656,36.59478086320661,-87.25291537754502,Montgomery,-0.64,36.5949,-87.2533,0.036804079901321056
2024-05-12 04:26:00,708931360,0.3384677150898279,0.1485582467518605,0.5283771834277954,36.59478086320661,-87.25291537754502,Montgomery,-0.19,36.5949,-87.2533,0.036804079901321056
2024-05-12 04:27:00,708931360,0.4501840333250949,0.21379005592844413,0.6865780107217456,36.59478086320661,-87.25291537754502,Montgomery,0.07,36.5949,-87.2533,0.036804079901321056
2024-05-12 04:28:00,708931360,-0.41474643798502986,-0.6665289688058313,-0.16296390716422837,36.59478086320661,-87.25291537754502,Montgomery,-0.91,36.5949,-87.2533,0.036804079901321056
2024-05-12 04:29:00,708931360,-2.9653535213246753,-4.515203562935625,-1.4155034797137254,36.59478086320661,-87.25291537754502,Montgomery,-6.14,36.5949,-87.2533,0.036804079901321056
2024-05-12 04:30:00,708931360,-5.082276194414735,-7.748829050165969,-2.4157233386635015,36.59478086320661,-87.25291537754502,Montgomery,-26.15,36.5949,-87.2533,0.036804079901321056
2024-05-12 04:31:00,708931360,-0.9539724361376628,-1.7099529320954003,-0.19799194017992527,36.59478086320661,-87.25291537754502,Montgomery,-18.33,36.5949,-87.2533,0.036804079901321056
2024-05-12 04:32:00,708931360,4.813149770119584,2.26290864107743,7.363390899161738,36.59478086320661,-87.25291537754502,Montgomery,-17.62,36.5949,-87.2533,0.036804079901321056
2024-05-12 04:33:00,708931360,2.5876420367051636,1.2151068678232206,3.9601772055871063,36.59478086320661,-87.25291537754502,Montgomery,-18.64,36.5949,-87.2533,0.036804079901321056
2024-05-12 04:34:00,708931360,-0.05757062533435478,-0.35633141632297516,0.24119016565426557,36.59478086320661,-87.25291537754502,Montgomery,-9.4,36.5949,-87.2533,0.036804079901321056
2024-05-12 04:35:00,708931360,-2.455997890181242,-3.760315917591513,-1.1516798627709712,36.59478086320661,-87.25291537754502,Montgomery,1.06,36.5949,-87.2533,0.036804079901321056
2024-05-12 04:36:00,708931360,0.6527118550422123,0.16062713619797087,1.1447965738864538,36.59478086320661,-87.25291537754502,Montgomery,5.47,36.5949,-87.2533,0.036804079901321056
2024-05-12 04:37:00,708931360,-1.6524400858857429,-2.5340892891119053,-0.7707908826595803,36.59478086320661,-87.25291537754502,Montgomery,9.34,36.5949,-87.2533,0.036804079901321056
2024-05-12 04:38:00,708931360,-2.376057753920611,-3.6231267248265353,-1.128988783014687,36.59478086320661,-87.25291537754502,Montgomery,13.26,36.5949,-87.2533,0.036804079901321056
2024-05-12 04:39:00,708931360,-2.5157320832067467,-3.8275176360126473,-1.2039465304008463,36.59478086320661,-87.25291537754502,Montgomery,13.1,36.5949,-87.2533,0.036804079901321056
2024-05-12 04:40:00,708931360,-1.1869015156403464,-1.8001732705675684,-0.5736297607131244,36.59478086320661,-87.25291537754502,Montgomery,11.72,36.5949,-87.2533,0.036804079901321056
2024-05-12 04:41:00,708931360,-1.3828729368130068,-2.100675340755512,-0.6650705328705016,36.59478086320661,-87.25291537754502,Montgomery,9.61,36.5949,-87.2533,0.036804079901321056
2024-05-12 04:42:00,708931360,-1.420969705832632,-2.1556351707944716,-0.6863042408707926,36.59478086320661,-87.25291537754502,Montgomery,7.48,36.5949,-87.2533,0.036804079901321056
2024-05-12 04:43:00,708931360,-1.7554505343658657,-2.669646514490241,-0.8412545542414906,36.59478086320661,-87.25291537754502,Montgomery,6.19,36.5949,-87.2533,0.036804079901321056
2024-05-12 04:44:00,708931360,-0.3169256930816032,-0.48244239220308627,-0.15140899396012011,36.59478086320661,-87.25291537754502,Montgomery,4.5,36.5949,-87.2533,0.036804079901321056
2024-05-12 04:45:00,708931360,0.2639693816038067,0.0671415178654032,0.4607972453422101,36.59478086320661,-87.25291537754502,Montgomery,3.19,36.5949,-87.2533,0.036804079901321056
2024-05-12 04:46:00,708931360,0.2712256677751021,0.09456796171722134,0.4478833738329828,36.59478086320661,-87.25291537754502,Montgomery,3.1,36.5949,-87.2533,0.036804079901321056
2024-05-12 04:47:00,708931360,0.7239840019139505,0.31324424198361367,1.1347237618442874,36.59478086320661,-87.25291537754502,Montgomery,2.14,36.5949,-87.2533,0.036804079901321056
2024-05-12 04:48:00,708931360,0.4416510191066821,0.18467161892741268,0.6986304192859515,36.59478086320661,-87.25291537754502,Montgomery,2.02,36.5949,-87.2533,0.036804079901321056
2024-05-12 04:49:00,708931360,1.1752866327266307,0.5473683274404348,1.8032049380128266,36.59478086320661,-87.25291537754502,Montgomery,2.44,36.5949,-87.2533,0.036804079901321056
2024-05-12 04:50:00,708931360,0.9541802764591588,0.43799646300085227,1.4703640899174655,36.59478086320661,-87.25291537754502,Montgomery,2.07,36.5949,-87.2533,0.036804079901321056
2024-05-12 04:51:00,708931360,0.37322357316083626,0.12421813172966226,0.6222290145920103,36.59478086320661,-87.25291537754502,Montgomery,2.19,36.5949,-87.2533,0.036804079901321056
2024-05-12 04:52:00,708931360,-0.06393405049355176,-0.21276966434364886,0.08490156335654532,36.59478086320661,-87.25291537754502,Montgomery,3.23,36.5949,-87.2533,0.036804079901321056
2024-05-12 04:53:00,708931360,0.09598178058654765,-0.049563619509744375,0.24152718068283968,36.59478086320661,-87.25291537754502,Montgomery,3.41,36.5949,-87.2533,0.036804079901321056
2024-05-12 04:54:00,708931360,0.6411028231282889,0.2717490265747865,1.0104566196817912,36.59478086320661,-87.25291537754502,Montgomery,2.62,36.5949,-87.2533,0.036804079901321056
2024-05-12 04:55:00,708931360,0.6775191633192995,0.29433602061483716,1.060702306023762,36.59478086320661,-87.25291537754502,Montgomery,2.03,36.5949,-87.2533,0.036804079901321056
2024-05-12 04:56:00,708931360,-0.10021354315742935,-0.27260325714442535,0.07217617082956666,36.59478086320661,-87.25291537754502,Montgomery,2.13,36.5949,-87.2533,0.036804079901321056
2024-05-12 04:57:00,708931360,-0.4049114871087845,-0.6570126622472523,-0.15281031197031675,36.59478086320661,-87.25291537754502,Montgomery,2.07,36.5949,-87.2533,0.036804079901321056
2024-05-12 04:58:00,708931360,0.26004321196257724,0.08976705718610517,0.4303193667390493,36.59478086320661,-87.25291537754502,Montgomery,2.71,36.5949,-87.2533,0.036804079901321056
2024-05-12 04:59:00,708931360,0.19480273339557921,0.050472523727618956,0.33913294306353947,36.59478086320661,-87.25291537754502,Montgomery,2.56,36.5949,-87.2533,0.036804079901321056
2024-05-12 05:00:00,708931360,-0.05613515756343995,-0.1587036393319583,0.0464333242050784,36.59478086320661,-87.25291537754502,Montgomery,1.83,36.5949,-87.2533,0.036804079901321056
2024-05-12 05:01:00,708931360,0.2550903725566781,0.1061340196920873,0.4040467254212689,36.59478086320661,-87.25291537754502,Montgomery,0.43,36.5949,-87.2533,0.036804079901321056
2024-05-12 05:02:00,708931360,0.6314292246794426,0.2943765810474883,0.9684818683113969,36.59478086320661,-87.25291537754502,Montgomery,-0.72,36.5949,-87.2533,0.036804079901321056
2024-05-12 05:03:00,708931360,0.39003796789784656,0.18247256792579347,0.5976033678698996,36.59478086320661,-87.25291537754502,Montgomery,-0.93,36.5949,-87.2533,0.036804079901321056
2024-05-12 05:04:00,708931360,0.9665830369143951,0.4600325662336615,1.4731335075951286,36.59478086320661,-87.25291537754502,Montgomery,-0.88,36.5949,-87.2533,0.036804079901321056
2024-05-12 05:05:00,708931360,0.643241342258077,0.306377274574164,0.9801054099419901,36.59478086320661,-87.25291537754502,Montgomery,-0.81,36.5949,-87.2533,0.036804079901321056
2024-05-12 05:06:00,708931360,0.4822981126319365,0.22945976314867916,0.7351364621151939,36.59478086320661,-87.25291537754502,Montgomery,-1.04,36.5949,-87.2533,0.036804079901321056
2024-05-12 05:07:00,708931360,0.07162056714214646,0.02647357011215809,0.11676756417213482,36.59478086320661,-87.25291537754502,Montgomery,-0.1,36.5949,-87.2533,0.036804079901321056
2024-05-12 05:08:00,708931360,0.2933983796297743,0.1390666920021433,0.4477300672574053,36.59478086320661,-87.25291537754502,Montgomery,0.91,36.5949,-87.2533,0.036804079901321056
2024-05-12 05:09:00,708931360,0.04995188681958891,0.0038480385233987877,0.09605573511577903,36.59478086320661,-87.25291537754502,Montgomery,1.76,36.5949,-87.2533,0.036804079901321056
2024-05-12 05:10:00,708931360,0.30102644630335507,0.13548348320618572,0.4665694094005244,36.59478086320661,-87.25291537754502,Montgomery,0.86,36.5949,-87.2533,0.036804079901321056
2024-05-12 05:11:00,708931360,0.25073848730845977,0.11711143089453047,0.38436554372238907,36.59478086320661,-87.25291537754502,Montgomery,-0.81,36.5949,-87.2533,0.036804079901321056
2024-05-12 05:12:00,708931360,0.4688864195434742,0.22287017088729305,0.7149026681996553,36.59478086320661,-87.25291537754502,Montgomery,-0.31,36.5949,-87.2533,0.036804079901321056
2024-05-12 05:13:00,708931360,0.8876714451127787,0.42083579377830843,1.354507096447249,36.59478086320661,-87.25291537754502,Montgomery,0.93,36.5949,-87.2533,0.036804079901321056
2024-05-12 05:14:00,708931360,1.0324825737962353,0.4903803031269327,1.574584844465538,36.59478086320661,-87.25291537754502,Montgomery,1.33,36.5949,-87.2533,0.036804079901321056
2024-05-12 05:15:00,708931360,0.33465318412502193,0.1546155359949688,0.5146908322550751,36.59478086320661,-87.25291537754502,Montgomery,0.14,36.5949,-87.2533,0.036804079901321056
2024-05-12 05:16:00,708931360,0.6077670232570243,0.28835301101623756,0.927181035497811,36.59478086320661,-87.25291537754502,Montgomery,-1.06,36.5949,-87.2533,0.036804079901321056
2024-05-12 05:17:00,708931360,0.6196338885089144,0.2937163392889075,0.9455514377289214,36.59478086320661,-87.25291537754502,Montgomery,-1.33,36.5949,-87.2533,0.036804079901321056
2024-05-12 05:18:00,708931360,0.26954522423886856,0.12954244168616486,0.40954800679157227,36.59478086320661,-87.25291537754502,Montgomery,-0.59,36.5949,-87.2533,0.036804079901321056
2024-05-12 05:19:00,708931360,-0.1652802193874638,-0.25262705450464706,-0.07793338427028049,36.59478086320661,-87.25291537754502,Montgomery,0.94,36.5949,-87.2533,0.036804079901321056
2024-05-12 05:20:00,708931360,-0.30271900970171345,-0.4624913252084101,-0.1429466941950168,36.59478086320661,-87.25291537754502,Montgomery,1.21,36.5949,-87.2533,0.036804079901321056
2024-05-12 05:21:00,708931360,-0.17401183890598945,-0.26681470121642353,-0.08120897659555538,36.59478086320661,-87.25291537754502,Montgomery,1.14,36.5949,-87.2533,0.036804079901321056
2024-05-12 05:22:00,708931360,0.19443928270879665,0.08948415716294297,0.29939440825465036,36.59478086320661,-87.25291537754502,Montgomery,0.58,36.5949,-87.2533,0.036804079901321056
2024-05-12 05:23:00,708931360,-0.17557155916976153,-0.2672963710253122,-0.08384674731421088,36.59478086320661,-87.25291537754502,Montgomery,0.65,36.5949,-87.2533,0.036804079901321056
2024-05-12 05:24:00,708931360,0.15811839389362672,0.06924693638571128,0.24698985140154217,36.59478086320661,-87.25291537754502,Montgomery,-0.12,36.5949,-87.2533,0.036804079901321056
2024-05-12 05:25:00,708931360,0.004634992313820756,-0.013452659595808051,0.02272264422344956,36.59478086320661,-87.25291537754502,Montgomery,0.55,36.5949,-87.2533,0.036804079901321056
2024-05-12 05:26:00,708931360,-0.03610399129764319,-0.05370158124498718,-0.018506401350299195,36.59478086320661,-87.25291537754502,Montgomery,0.47,36.5949,-87.2533,0.036804079901321056
2024-05-12 05:27:00,708931360,0.021837182238288875,0.005771817679823332,0.03790254679675442,36.59478086320661,-87.25291537754502,Montgomery,0.69,36.5949,-87.2533,0.036804079901321056
2024-05-12 05:28:00,708931360,-0.09508808545726247,-0.14576601792454227,-0.04441015298998265,36.59478086320661,-87.25291537754502,Montgomery,0.73,36.5949,-87.2533,0.036804079901321056
2024-05-12 05:29:00,708931360,-0.1738637144429922,-0.26770814921252356,-0.08001927967346086,36.59478086320661,-87.25291537754502,Montgomery,1.04,36.5949,-87.2533,0.036804079901321056
2024-05-12 05:30:00,708931360,0.09802717569968045,0.042731512280821726,0.15332283911853917,36.59478086320661,-87.25291537754502,Montgomery,0.57,36.5949,-87.2533,0.036804079901321056
2024-05-12 05:31:00,708931360,0.18184760792684487,0.08284391335563877,0.28085130249805096,36.59478086320661,-87.25291537754502,Montgomery,0.45,36.5949,-87.2533,0.036804079901321056
2024-05-12 05:32:00,708931360,0.17781728798111276,0.08153114154553617,0.2741034344166894,36.59478086320661,-87.25291537754502,Montgomery,-0.31,36.5949,-87.2533,0.036804079901321056
2024-05-12 05:33:00,708931360,-0.18172646035325893,-0.2755846624114827,-0.08786825829503514,36.59478086320661,-87.25291537754502,Montgomery,-0.95,36.5949,-87.2533,0.036804079901321056
2024-05-12 05:34:00,708931360,0.19905771746614978,0.09184270375463538,0.3062727311776642,36.59478086320661,-87.25291537754502,Montgomery,-0.36,36.5949,-87.2533,0.036804079901321056
2024-05-12 05:35:00,708931360,0.033402286947268364,0.012437529719248198,0.05436704417528853,36.59478086320661,-87.25291537754502,Montgomery,-0.75,36.5949,-87.2533,0.036804079901321056
2024-05-12 05:36:00,708931360,0.20763187547674447,0.09663274615419437,0.31863100479929457,36.59478086320661,-87.25291537754502,Montgomery,-0.49,36.5949,-87.2533,0.036804079901321056
2024-05-12 05:37:00,708931360,0.005269053600668622,-0.007061366988076459,0.017599474189413704,36.59478086320661,-87.25291537754502,Montgomery,-0.14,36.5949,-87.2533,0.036804079901321056
2024-05-12 05:38:00,708931360,0.2537717882060635,0.11385738479394938,0.39368619161817764,36.59478086320661,-87.25291537754502,Montgomery,-1.33,36.5949,-87.2533,0.036804079901321056
2024-05-12 05:39:00,708931360,0.4195549423861222,0.19615801727846335,0.642951867493781,36.59478086320661,-87.25291537754502,Montgomery,-1.53,36.5949,-87.2533,0.036804079901321056
2024-05-12 05:40:00,708931360,0.46670838720503643,0.21793758419259968,0.7154791902174732,36.59478086320661,-87.25291537754502,Montgomery,-1.39,36.5949,-87.2533,0.036804079901321056
2024-05-12 05:41:00,708931360,0.4939888623860527,0.2332590792382332,0.7547186455338722,36.59478086320661,-87.25291537754502,Montgomery,-1.79,36.5949,-87.2533,0.036804079901321056
2024-05-12 05:42:00,708931360,0.5073640037358349,0.23832116746832938,0.7764068400033404,36.59478086320661,-87.25291537754502,Montgomery,-2.23,36.5949,-87.2533,0.036804079901321056
2024-05-12 05:43:00,708931360,0.4598349166957003,0.21562562502503113,0.7040442083663695,36.59478086320661,-87.25291537754502,Montgomery,-1.91,36.5949,-87.2533,0.036804079901321056
2024-05-12 05:44:00,708931360,0.514262152840395,0.24305924612487018,0.7854650595559198,36.59478086320661,-87.25291537754502,Montgomery,-1.78,36.5949,-87.2533,0.036804079901321056
2024-05-12 05:45:00,708931360,0.4446235158501711,0.20938085617520497,0.6798661755251373,36.59478086320661,-87.25291537754502,Montgomery,-1.4,36.5949,-87.2533,0.036804079901321056
2024-05-12 05:46:00,708931360,0.3535340381786227,0.1636496043673547,0.5434184719898907,36.59478086320661,-87.25291537754502,Montgomery,-1.64,36.5949,-87.2533,0.036804079901321056
2024-05-12 05:47:00,708931360,0.17733675901448928,0.07744443176612019,0.27722908626285836,36.59478086320661,-87.25291537754502,Montgomery,-1.35,36.5949,-87.2533,0.036804079901321056
2024-05-12 05:48:00,708931360,0.0667517373497647,0.013609327716308711,0.11989414698322068,36.59478086320661,-87.25291537754502,Montgomery,-0.61,36.5949,-87.2533,0.036804079901321056
2024-05-12 05:49:00,708931360,0.052927795151868,0.013140033315194852,0.09271555698854114,36.59478086320661,-87.25291537754502,Montgomery,-0.09,36.5949,-87.2533,0.036804079901321056
2024-05-12 05:50:00,708931360,0.10456115494360844,0.04287281088973722,0.16624949899747968,36.59478086320661,-87.25291537754502,Montgomery,0.13,36.5949,-87.2533,0.036804079901321056
2024-05-12 05:51:00,708931360,-0.041273999601887906,-0.06408156970702915,-0.018466429496746668,36.59478086320661,-87.25291537754502,Montgomery,0.48,36.5949,-87.2533,0.036804079901321056
2024-05-12 05:52:00,708931360,-0.19754087497926034,-0.2994487444744367,-0.09563300548408396,36.59478086320661,-87.25291537754502,Montgomery,0.32,36.5949,-87.2533,0.036804079901321056
2024-05-12 05:53:00,708931360,-0.47533161761204157,-0.7219326891969647,-0.2287305460271184,36.59478086320661,-87.25291537754502,Montgomery,0.08,36.5949,-87.2533,0.036804079901321056
2024-05-12 05:54:00,708931360,-0.324568311078215,-0.4917936044130312,-0.1573430177433988,36.59478086320661,-87.25291537754502,Montgomery,0.01,36.5949,-87.2533,0.036804079901321056
2024-05-12 05:55:00,708931360,-0.03835124191728871,-0.0584079420144448,-0.018294541820132626,36.59478086320661,-87.25291537754502,Montgomery,0.39,36.5949,-87.2533,0.036804079901321056
2024-05-12 05:56:00,708931360,0.005415144919614268,-0.01227023730839424,0.023100527147622774,36.59478086320661,-87.25291537754502,Montgomery,0.29,36.5949,-87.2533,0.036804079901321056
2024-05-12 05:57:00,708931360,-0.18593051868262128,-0.2807339396533724,-0.09112709771187018,36.59478086320661,-87.25291537754502,Montgomery,0.47,36.5949,-87.2533,0.036804079901321056
2024-05-12 05:58:00,708931360,-0.08161197371377066,-0.12201504931131754,-0.04120889811622378,36.59478086320661,-87.25291537754502,Montgomery,0.7,36.5949,-87.2533,0.036804079901321056
2024-05-12 05:59:00,708931360,-0.3704456607583574,-0.5613213635244917,-0.1795699579922231,36.59478086320661,-87.25291537754502,Montgomery,1.0,36.5949,-87.2533,0.036804079901321056
2024-05-12 06:00:00,708931360,-0.15861539506360878,-0.2406698659405878,-0.07656092418662976,36.59478086320661,-87.25291537754502,Montgomery,0.36,36.5949,-87.2533,0.036804079901321056
2024-05-12 06:01:00,708931360,-0.024291818447974293,-0.05398399648703305,0.0054003595910844665,36.59478086320661,-87.25291537754502,Montgomery,0.43,36.5949,-87.2533,0.036804079901321056
2024-05-12 06:02:00,708931360,0.18020527316800045,0.08023511853396265,0.28017542780203825,36.59478086320661,-87.25291537754502,Montgomery,-0.1,36.5949,-87.2533,0.036804079901321056
2024-05-12 06:03:00,708931360,0.15412898542987355,0.06370693067619557,0.24455104018355153,36.59478086320661,-87.25291537754502,Montgomery,-0.66,36.5949,-87.2533,0.036804079901321056
2024-05-12 06:04:00,708931360,0.12076476763847534,0.050166379547237946,0.19136315572971274,36.59478086320661,-87.25291537754502,Montgomery,-0.56,36.5949,-87.2533,0.036804079901321056
2024-05-12 06:05:00,708931360,0.10114573621287952,0.02863260505844159,0.17365886736731745,36.59478086320661,-87.25291537754502,Montgomery,-0.16,36.5949,-87.2533,0.036804079901321056
2024-05-12 06:06:00,708931360,0.025821654161892207,-0.020766624587014677,0.07240993291079909,36.59478086320661,-87.25291537754502,Montgomery,-0.0,36.5949,-87.2533,0.036804079901321056
2024-05-12 06:07:00,708931360,-0.16844671391004512,-0.26286068611841085,-0.07403274170167938,36.59478086320661,-87.25291537754502,Montgomery,0.35,36.5949,-87.2533,0.036804079901321056
2024-05-12 06:08:00,708931360,-0.19181313146157236,-0.29889556680690826,-0.08473069611623647,36.59478086320661,-87.25291537754502,Montgomery,0.22,36.5949,-87.2533,0.036804079901321056
2024-05-12 06:09:00,708931360,-0.10911806592021026,-0.1739682032714962,-0.04426792856892432,36.59478086320661,-87.25291537754502,Montgomery,0.46,36.5949,-87.2533,0.036804079901321056
2024-05-12 06:10:00,708931360,-0.02194535262432986,-0.055113026354182644,0.011222321105522924,36.59478086320661,-87.25291537754502,Montgomery,0.54,36.5949,-87.2533,0.036804079901321056
2024-05-12 06:11:00,708931360,-0.028478767350822994,-0.060115347805120276,0.0031578131034742836,36.59478086320661,-87.25291537754502,Montgomery,0.37,36.5949,-87.2533,0.036804079901321056
2024-05-12 06:12:00,708931360,0.06941123110800047,0.023293138248727016,0.11552932396727393,36.59478086320661,-87.25291537754502,Montgomery,0.21,36.5949,-87.2533,0.036804079901321056
2024-05-12 06:13:00,708931360,-0.001246898165502153,-0.01733848193598671,0.014844685604982404,36.59478086320661,-87.25291537754502,Montgomery,0.48,36.5949,-87.2533,0.036804079901321056
2024-05-12 06:14:00,708931360,0.1549665777943153,0.07141277496622446,0.23852038062240616,36.59478086320661,-87.25291537754502,Montgomery,0.66,36.5949,-87.2533,0.036804079901321056
2024-05-12 06:15:00,708931360,-0.13995268099467484,-0.21125211785630077,-0.06865324413304892,36.59478086320661,-87.25291537754502,Montgomery,0.54,36.5949,-87.2533,0.036804079901321056
2024-05-12 06:16:00,708931360,-0.19715960142739528,-0.29886154974282647,-0.0954576531119641,36.59478086320661,-87.25291537754502,Montgomery,0.23,36.5949,-87.2533,0.036804079901321056
2024-05-12 06:17:00,708931360,0.028817467031850747,0.011502375037947904,0.04613255902575359,36.59478086320661,-87.25291537754502,Montgomery,0.02,36.5949,-87.2533,0.036804079901321056
2024-05-12 06:18:00,708931360,0.12416495625011362,0.05580935492209102,0.19252055757813621,36.59478086320661,-87.25291537754502,Montgomery,-0.16,36.5949,-87.2533,0.036804079901321056
2024-05-12 06:19:00,708931360,-0.0673900023656515,-0.10304675649350054,-0.03173324823780247,36.59478086320661,-87.25291537754502,Montgomery,-0.05,36.5949,-87.2533,0.036804079901321056
2024-05-12 06:20:00,708931360,-0.06122311449424862,-0.09615739668974199,-0.026288832298755248,36.59478086320661,-87.25291537754502,Montgomery,0.11,36.5949,-87.2533,0.036804079901321056
2024-05-12 06:21:00,708931360,-0.12592377339753516,-0.19264885573129567,-0.05919869106377465,36.59478086320661,-87.25291537754502,Montgomery,0.14,36.5949,-87.2533,0.036804079901321056
2024-05-12 06:22:00,708931360,-0.1667270093263292,-0.25361516575538734,-0.07983885289727105,36.59478086320661,-87.25291537754502,Montgomery,0.42,36.5949,-87.2533,0.036804079901321056
2024-05-12 06:23:00,708931360,-0.20989893401839027,-0.31875377845859687,-0.10104408957818366,36.59478086320661,-87.25291537754502,Montgomery,0.73,36.5949,-87.2533,0.036804079901321056
2024-05-12 06:24:00,708931360,-0.1457082941236977,-0.22113644813973388,-0.07028014010766154,36.59478086320661,-87.25291537754502,Montgomery,0.79,36.5949,-87.2533,0.036804079901321056
2024-05-12 06:25:00,708931360,-0.1253943972111657,-0.19005633370653158,-0.06073246071579981,36.59478086320661,-87.25291537754502,Montgomery,0.93,36.5949,-87.2533,0.036804079901321056
2024-05-12 06:26:00,708931360,-0.048683502342269515,-0.07284921388757948,-0.024517790796959555,36.59478086320661,-87.25291537754502,Montgomery,0.83,36.5949,-87.2533,0.036804079901321056
2024-05-12 06:27:00,708931360,-0.11790022732981599,-0.1786234728478035,-0.05717698181182849,36.59478086320661,-87.25291537754502,Montgomery,0.61,36.5949,-87.2533,0.036804079901321056
2024-05-12 06:28:00,708931360,0.06326885504708193,0.027262150814645274,0.09927555927951859,36.59478086320661,-87.25291537754502,Montgomery,0.14,36.5949,-87.2533,0.036804079901321056
2024-05-12 06:29:00,708931360,0.02374556257567756,0.0008068491291508065,0.04668427602220431,36.59478086320661,-87.25291537754502,Montgomery,0.1,36.5949,-87.2533,0.036804079901321056
2024-05-12 06:30:00,708931360,-0.09450390905037961,-0.14935207128468495,-0.039655746816074276,36.59478086320661,-87.25291537754502,Montgomery,0.61,36.5949,-87.2533,0.036804079901321056
2024-05-12 06:31:00,708931360,-0.3177377274122794,-0.48382183610058926,-0.15165361872396954,36.59478086320661,-87.25291537754502,Montgomery,1.08,36.5949,-87.2533,0.036804079901321056
2024-05-12 06:32:00,708931360,-0.08273853541576225,-0.1269180263536989,-0.038559044477825606,36.59478086320661,-87.25291537754502,Montgomery,1.04,36.5949,-87.2533,0.036804079901321056
2024-05-12 06:33:00,708931360,-0.21342296512443854,-0.3260948615944392,-0.10075106865443789,36.59478086320661,-87.25291537754502,Montgomery,0.73,36.5949,-87.2533,0.036804079901321056
2024-05-12 06:34:00,708931360,-0.17457409028393067,-0.26925805097371447,-0.07989012959414686,36.59478086320661,-87.25291537754502,Montgomery,0.04,36.5949,-87.2533,0.036804079901321056
2024-05-12 06:35:00,708931360,-0.09373571974240515,-0.1499207303352751,-0.03755070914953521,36.59478086320661,-87.25291537754502,Montgomery,-0.06,36.5949,-87.2533,0.036804079901321056
2024-05-12 06:36:00,708931360,0.24351596646769472,0.11418570468361844,0.372846228251771,36.59478086320661,-87.25291537754502,Montgomery,-0.15,36.5949,-87.2533,0.036804079901321056
2024-05-12 06:37:00,708931360,0.15681708253100796,0.07336053947437783,0.2402736255876381,36.59478086320661,-87.25291537754502,Montgomery,0.28,36.5949,-87.2533,0.036804079901321056
2024-05-12 06:38:00,708931360,0.014145785165295055,-0.004488153488509625,0.032779723819099736,36.59478086320661,-87.25291537754502,Montgomery,0.26,36.5949,-87.2533,0.036804079901321056
2024-05-12 06:39:00,708931360,0.0663933115591176,0.02996553844663588,0.10282108467159931,36.59478086320661,-87.25291537754502,Montgomery,0.36,36.5949,-87.2533,0.036804079901321056
2024-05-12 06:40:00,708931360,0.022768110664807058,0.001428801054527442,0.04410742027508667,36.59478086320661,-87.25291537754502,Montgomery,0.53,36.5949,-87.2533,0.036804079901321056
2024-05-12 06:41:00,708931360,-0.09301809765926455,-0.1421534091672653,-0.04388278615126382,36.59478086320661,-87.25291537754502,Montgomery,0.52,36.5949,-87.2533,0.036804079901321056
2024-05-12 06:42:00,708931360,0.03659436456584267,0.01657651357890737,0.05661221555277797,36.59478086320661,-87.25291537754502,Montgomery,0.26,36.5949,-87.2533,0.036804079901321056
2024-05-12 06:43:00,708931360,-0.107048780531125,-0.1629678647612805,-0.0511296963009695,36.59478086320661,-87.25291537754502,Montgomery,0.58,36.5949,-87.2533,0.036804079901321056
2024-05-12 06:44:00,708931360,-0.055832030699485655,-0.0859501084061123,-0.025713952992859015,36.59478086320661,-87.25291537754502,Montgomery,0.67,36.5949,-87.2533,0.036804079901321056
2024-05-12 06:45:00,708931360,0.003961611083730732,-0.02083256958742237,0.028755791754883832,36.59478086320661,-87.25291537754502,Montgomery,0.69,36.5949,-87.2533,0.036804079901321056
2024-05-12 06:46:00,708931360,0.11970907913603794,0.05415868018267356,0.18525947808940232,36.59478086320661,-87.25291537754502,Montgomery,0.57,36.5949,-87.2533,0.036804079901321056
2024-05-12 06:47:00,708931360,0.0746950931136787,0.03527149288238291,0.11411869334497449,36.59478086320661,-87.25291537754502,Montgomery,0.07,36.5949,-87.2533,0.036804079901321056
2024-05-12 06:48:00,708931360,0.2239022459834814,0.10614152312949211,0.3416629688374707,36.59478086320661,-87.25291537754502,Montgomery,-0.16,36.5949,-87.2533,0.036804079901321056
2024-05-12 06:49:00,708931360,0.11200397920720093,0.05319226633908033,0.17081569207532152,36.59478086320661,-87.25291537754502,Montgomery,0.14,36.5949,-87.2533,0.036804079901321056
2024-05-12 06:50:00,708931360,0.04783102165922793,0.023112320689387365,0.0725497226290685,36.59478086320661,-87.25291537754502,Montgomery,0.35,36.5949,-87.2533,0.036804079901321056
2024-05-12 06:51:00,708931360,-0.13839684321529308,-0.21153089446850784,-0.06526279196207832,36.59478086320661,-87.25291537754502,Montgomery,0.4,36.5949,-87.2533,0.036804079901321056
2024-05-12 06:52:00,708931360,-0.09986105553349503,-0.1525496201683716,-0.04717249089861846,36.59478086320661,-87.25291537754502,Montgomery,0.21,36.5949,-87.2533,0.036804079901321056
2024-05-12 06:53:00,708931360,-0.07029853183138628,-0.10806660631293274,-0.0325304573498398,36.59478086320661,-87.25291537754502,Montgomery,0.25,36.5949,-87.2533,0.036804079901321056
2024-05-12 06:54:00,708931360,-0.05222478327185282,-0.08075425741363401,-0.023695309130071635,36.59478086320661,-87.25291537754502,Montgomery,0.28,36.5949,-87.2533,0.036804079901321056
2024-05-12 06:55:00,708931360,-0.22465438608860336,-0.34268019713342646,-0.10662857504378029,36.59478086320661,-87.25291537754502,Montgomery,0.36,36.5949,-87.2533,0.036804079901321056
2024-05-12 06:56:00,708931360,-0.1789236108003357,-0.27296703399859434,-0.08488018760207706,36.59478086320661,-87.25291537754502,Montgomery,-0.02,36.5949,-87.2533,0.036804079901321056
2024-05-12 06:57:00,708931360,-0.08578277982270724,-0.13118530525080094,-0.040380254394613534,36.59478086320661,-87.25291537754502,Montgomery,-0.27,36.5949,-87.2533,0.036804079901321056
2024-05-12 06:58:00,708931360,-0.042894616383442975,-0.06637555005712983,-0.019413682709756113,36.59478086320661,-87.25291537754502,Montgomery,-0.06,36.5949,-87.2533,0.036804079901321056
2024-05-12 06:59:00,708931360,-0.1301143385090907,-0.19895113168210557,-0.06127754533607585,36.59478086320661,-87.25291537754502,Montgomery,0.04,36.5949,-87.2533,0.036804079901321056
2024-05-12 07:00:00,708931360,-0.011247950438931875,-0.023700546161922992,0.0012046452840592404,36.59478086320661,-87.25291537754502,Montgomery,0.04,36.5949,-87.2533,0.036804079901321056
2024-05-12 07:01:00,708931360,0.14136887011981866,0.06751247874083052,0.2152252614988068,36.59478086320661,-87.25291537754502,Montgomery,0.05,36.5949,-87.2533,0.036804079901321056
2024-05-12 07:02:00,708931360,0.1809501766313549,0.08621267635112673,0.2756876769115831,36.59478086320661,-87.25291537754502,Montgomery,0.06,36.5949,-87.2533,0.036804079901321056
2024-05-12 07:03:00,708931360,0.24217066738198986,0.11548095681682966,0.3688603779471501,36.59478086320661,-87.25291537754502,Montgomery,0.02,36.5949,-87.2533,0.036804079901321056
2024-05-12 07:04:00,708931360,0.23597674883136474,0.1129708573468102,0.3589826403159193,36.59478086320661,-87.25291537754502,Montgomery,-0.01,36.5949,-87.2533,0.036804079901321056
2024-05-12 07:05:00,708931360,0.13587534480044305,0.06439263395824264,0.20735805564264348,36.59478086320661,-87.25291537754502,Montgomery,-0.17,36.5949,-87.2533,0.036804079901321056
2024-05-12 07:06:00,708931360,0.21178451993614716,0.10275717755488335,0.320811862317411,36.59478086320661,-87.25291537754502,Montgomery,-0.12,36.5949,-87.2533,0.036804079901321056
2024-05-12 07:07:00,708931360,0.10501858031956063,0.04984061710367257,0.16019654353544868,36.59478086320661,-87.25291537754502,Montgomery,-0.01,36.5949,-87.2533,0.036804079901321056
2024-05-12 07:08:00,708931360,0.08375615425603955,0.041508338182567495,0.1260039703295116,36.59478086320661,-87.25291537754502,Montgomery,-0.03,36.5949,-87.2533,0.036804079901321056
2024-05-12 07:09:00,708931360,0.09305276648598935,0.04589036692303261,0.1402151660489461,36.59478086320661,-87.25291537754502,Montgomery,-0.17,36.5949,-87.2533,0.036804079901321056
2024-05-12 07:10:00,708931360,0.055585340645752455,0.02770815742770929,0.08346252386379563,36.59478086320661,-87.25291537754502,Montgomery,0.14,36.5949,-87.2533,0.036804079901321056
2024-05-12 07:11:00,708931360,0.04887185728656183,0.02240070664704302,0.07534300792608063,36.59478086320661,-87.25291537754502,Montgomery,0.08,36.5949,-87.2533,0.036804079901321056
2024-05-12 07:12:00,708931360,0.059737988273242025,0.0296472823078469,0.08982869423863715,36.59478086320661,-87.25291537754502,Montgomery,0.18,36.5949,-87.2533,0.036804079901321056
2024-05-12 07:13:00,708931360,-0.06656313481086218,-0.10322174805503928,-0.029904521566685084,36.59478086320661,-87.25291537754502,Montgomery,0.32,36.5949,-87.2533,0.036804079901321056
2024-05-12 07:14:00,708931360,-0.1408860226195915,-0.21655564638894503,-0.06521639885023794,36.59478086320661,-87.25291537754502,Montgomery,0.33,36.5949,-87.2533,0.036804079901321056
2024-05-12 07:15:00,708931360,-0.22600389921454989,-0.3461178057688953,-0.10588999266020448,36.59478086320661,-87.25291537754502,Montgomery,0.27,36.5949,-87.2533,0.036804079901321056
2024-05-12 07:16:00,708931360,-0.1750077824185621,-0.2677445074132391,-0.0822710574238851,36.59478086320661,-87.25291537754502,Montgomery,0.23,36.5949,-87.2533,0.036804079901321056
2024-05-12 07:17:00,708931360,-0.16862813554739786,-0.2582098480101247,-0.07904642308467101,36.59478086320661,-87.25291537754502,Montgomery,0.0,36.5949,-87.2533,0.036804079901321056
2024-05-12 07:18:00,708931360,0.0012952523139455096,-0.00931224953588463,0.011902754163775647,36.59478086320661,-87.25291537754502,Montgomery,-0.21,36.5949,-87.2533,0.036804079901321056
2024-05-12 07:19:00,708931360,-0.07791856397869694,-0.1202877941403449,-0.035549333817048966,36.59478086320661,-87.25291537754502,Montgomery,-0.04,36.5949,-87.2533,0.036804079901321056
2024-05-12 07:20:00,708931360,0.07970065585825414,0.03807282596696299,0.1213284857495453,36.59478086320661,-87.25291537754502,Montgomery,0.0,36.5949,-87.2533,0.036804079901321056
2024-05-12 07:21:00,708931360,-0.11402306564162161,-0.1771445038425181,-0.05090162744072513,36.59478086320661,-87.25291537754502,Montgomery,-0.04,36.5949,-87.2533,0.036804079901321056
2024-05-12 07:22:00,708931360,-0.16241409470219828,-0.25041491141728667,-0.0744132779871099,36.59478086320661,-87.25291537754502,Montgomery,0.0,36.5949,-87.2533,0.036804079901321056
2024-05-12 07:23:00,708931360,-0.2075265260493671,-0.31746813432119536,-0.09758491777753889,36.59478086320661,-87.25291537754502,Montgomery,-0.03,36.5949,-87.2533,0.036804079901321056
2024-05-12 07:24:00,708931360,-0.1710585246234899,-0.26249006599506586,-0.07962698325191395,36.59478086320661,-87.25291537754502,Montgomery,0.07,36.5949,-87.2533,0.036804079901321056
2024-05-12 07:25:00,708931360,-0.11052715247610752,-0.16965314045279808,-0.05140116449941695,36.59478086320661,-87.25291537754502,Montgomery,0.06,36.5949,-87.2533,0.036804079901321056
2024-05-12 07:26:00,708931360,-0.09450412904681757,-0.14525993375282742,-0.04374832434080771,36.59478086320661,-87.25291537754502,Montgomery,0.1,36.5949,-87.2533,0.036804079901321056
2024-05-12 07:27:00,708931360,-0.12788611961674579,-0.1959491801238589,-0.059823059109632676,36.59478086320661,-87.25291537754502,Montgomery,0.23,36.5949,-87.2533,0.036804079901321056
2024-05-12 07:28:00,708931360,-0.07352920718949006,-0.11345580142249684,-0.033602612956483285,36.59478086320661,-87.25291537754502,Montgomery,0.46,36.5949,-87.2533,0.036804079901321056
2024-05-12 07:29:00,708931360,0.02950099931077878,0.013940931587315731,0.04506106703424183,36.59478086320661,-87.25291537754502,Montgomery,0.45,36.5949,-87.2533,0.036804079901321056
2024-05-12 07:30:00,708931360,-0.020565470951063123,-0.03402216959529124,-0.00710877230683501,36.59478086320661,-87.25291537754502,Montgomery,0.28,36.5949,-87.2533,0.036804079901321056
2024-05-12 07:31:00,708931360,-0.0570862000927161,-0.08883134569311421,-0.025341054492318,36.59478086320661,-87.25291537754502,Montgomery,0.14,36.5949,-87.2533,0.036804079901321056
2024-05-12 07:32:00,708931360,-0.029186044288024886,-0.048235965267008116,-0.01013612330904166,36.59478086320661,-87.25291537754502,Montgomery,0.16,36.5949,-87.2533,0.036804079901321056
2024-05-12 07:33:00,708931360,-0.10633390909112807,-0.16443945349155284,-0.048228364690703296,36.59478086320661,-87.25291537754502,Montgomery,0.39,36.5949,-87.2533,0.036804079901321056
2024-05-12 07:34:00,708931360,-0.05363921595420478,-0.08632136699153048,-0.020957064916879084,36.59478086320661,-87.25291537754502,Montgomery,0.27,36.5949,-87.2533,0.036804079901321056
2024-05-12 07:35:00,708931360,-0.13466200237487733,-0.20672261534966485,-0.06260138940008979,36.59478086320661,-87.25291537754502,Montgomery,0.16,36.5949,-87.2533,0.036804079901321056
2024-05-12 07:36:00,708931360,-0.09433246206445028,-0.14582030371653204,-0.042844620412368514,36.59478086320661,-87.25291537754502,Montgomery,0.31,36.5949,-87.2533,0.036804079901321056
2024-05-12 07:37:00,708931360,-0.16896566130523744,-0.25989815848899206,-0.0780331641214828,36.59478086320661,-87.25291537754502,Montgomery,0.45,36.5949,-87.2533,0.036804079901321056
2024-05-12 07:38:00,708931360,-0.021709451899979904,-0.0359289164534038,-0.00748998734655601,36.59478086320661,-87.25291537754502,Montgomery,0.26,36.5949,-87.2533,0.036804079901321056
2024-05-12 07:39:00,708931360,0.12584871836508482,0.06107035207702392,0.1906270846531457,36.59478086320661,-87.25291537754502,Montgomery,0.03,36.5949,-87.2533,0.036804079901321056
2024-05-12 07:40:00,708931360,0.23154296166786367,0.11219987190844476,0.3508860514272826,36.59478086320661,-87.25291537754502,Montgomery,-0.23,36.5949,-87.2533,0.036804079901321056
2024-05-12 07:41:00,708931360,0.16325500770792933,0.07961416424787057,0.2468958511679881,36.59478086320661,-87.25291537754502,Montgomery,-0.32,36.5949,-87.2533,0.036804079901321056
2024-05-12 07:42:00,708931360,-0.03761406624793276,-0.06388354169174741,-0.011344590804118107,36.59478086320661,-87.25291537754502,Montgomery,0.08,36.5949,-87.2533,0.036804079901321056
2024-05-12 07:43:00,708931360,-0.12913424744383656,-0.19999675788807447,-0.05827173699959866,36.59478086320661,-87.25291537754502,Montgomery,0.08,36.5949,-87.2533,0.036804079901321056
2024-05-12 07:44:00,708931360,-0.03328767847883945,-0.053708951306680186,-0.012866405650998707,36.59478086320661,-87.25291537754502,Montgomery,0.01,36.5949,-87.2533,0.036804079901321056
2024-05-12 07:45:00,708931360,0.049000698138835994,0.025074297431049237,0.07292709884662275,36.59478086320661,-87.25291537754502,Montgomery,0.04,36.5949,-87.2533,0.036804079901321056
2024-05-12 07:46:00,708931360,0.16730882396646088,0.0816503308182784,0.2529673171146434,36.59478086320661,-87.25291537754502,Montgomery,0.05,36.5949,-87.2533,0.036804079901321056
2024-05-12 07:47:00,708931360,0.12221055531776265,0.060108392045309135,0.18431271859021617,36.59478086320661,-87.25291537754502,Montgomery,0.35,36.5949,-87.2533,0.036804079901321056
2024-05-12 07:48:00,708931360,0.018047297568971356,0.0070909057246086316,0.02900368941333408,36.59478086320661,-87.25291537754502,Montgomery,0.23,36.5949,-87.2533,0.036804079901321056
2024-05-12 07:49:00,708931360,-0.019485869834854275,-0.03285121014982145,-0.0061205295198870965,36.59478086320661,-87.25291537754502,Montgomery,0.27,36.5949,-87.2533,0.036804079901321056
2024-05-12 07:50:00,708931360,0.027021135537030835,0.013818580123964442,0.04022369095009723,36.59478086320661,-87.25291537754502,Montgomery,0.46,36.5949,-87.2533,0.036804079901321056
2024-05-12 07:51:00,708931360,-0.09586775650739737,-0.14886852215852442,-0.04286699085627033,36.59478086320661,-87.25291537754502,Montgomery,0.32,36.5949,-87.2533,0.036804079901321056
2024-05-12 07:52:00,708931360,0.005725166256228645,-0.0030091083930490837,0.014459440905506375,36.59478086320661,-87.25291537754502,Montgomery,0.38,36.5949,-87.2533,0.036804079901321056
2024-05-12 07:53:00,708931360,-0.041744131998980936,-0.06926462084054476,-0.014223643157417112,36.59478086320661,-87.25291537754502,Montgomery,0.24,36.5949,-87.2533,0.036804079901321056
2024-05-12 07:54:00,708931360,-0.13928088608553021,-0.21539950722949774,-0.0631622649415627,36.59478086320661,-87.25291537754502,Montgomery,0.4,36.5949,-87.2533,0.036804079901321056
2024-05-12 07:55:00,708931360,-0.12631285300272352,-0.19672609355034704,-0.05589961245509999,36.59478086320661,-87.25291537754502,Montgomery,0.34,36.5949,-87.2533,0.036804079901321056
2024-05-12 07:56:00,708931360,-0.009707076154426201,-0.02122001236394972,0.0018058600550973202,36.59478086320661,-87.25291537754502,Montgomery,0.31,36.5949,-87.2533,0.036804079901321056
2024-05-12 07:57:00,708931360,-0.09012779203647797,-0.1392068928622055,-0.04104869121075046,36.59478086320661,-87.25291537754502,Montgomery,0.47,36.5949,-87.2533,0.036804079901321056
2024-05-12 07:58:00,708931360,-0.08990827350416816,-0.1393441140532528,-0.04047243295508352,36.59478086320661,-87.25291537754502,Montgomery,0.26,36.5949,-87.2533,0.036804079901321056
2024-05-12 07:59:00,708931360,-0.04048400766415788,-0.06503303716158053,-0.015934978166735222,36.59478086320661,-87.25291537754502,Montgomery,0.33,36.5949,-87.2533,0.036804079901321056
2024-05-12 08:00:00,708931360,-0.10914333631600519,-0.16896154457692467,-0.04932512805508571,36.59478086320661,-87.25291537754502,Montgomery,0.43,36.5949,-87.2533,0.036804079901321056
2024-05-12 08:01:00,708931360,-0.22282040306836143,-0.3414723033917354,-0.10416850274498746,36.59478086320661,-87.25291537754502,Montgomery,0.47,36.5949,-87.2533,0.036804079901321056
2024-05-12 08:02:00,708931360,-0.21937407668560913,-0.33621734425494737,-0.10253080911627088,36.59478086320661,-87.25291537754502,Montgomery,0.44,36.5949,-87.2533,0.036804079901321056
2024-05-12 08:03:00,708931360,-0.20231216462016255,-0.31002426651941123,-0.09460006272091387,36.59478086320661,-87.25291537754502,Montgomery,0.38,36.5949,-87.2533,0.036804079901321056
2024-05-12 08:04:00,708931360,0.036935291798635944,0.01856777117689566,0.05530281242037623,36.59478086320661,-87.25291537754502,Montgomery,0.15,36.5949,-87.2533,0.036804079901321056
2024-05-12 08:05:00,708931360,0.01424959616372035,0.007280739513652933,0.021218452813787765,36.59478086320661,-87.25291537754502,Montgomery,-0.03,36.5949,-87.2533,0.036804079901321056
2024-05-12 08:06:00,708931360,0.1077435174285852,0.05343621657549117,0.16205081828167925,36.59478086320661,-87.25291537754502,Montgomery,-0.11,36.5949,-87.2533,0.036804079901321056
2024-05-12 08:07:00,708931360,0.11930764309436381,0.05849089184997295,0.18012439433875468,36.59478086320661,-87.25291537754502,Montgomery,-0.18,36.5949,-87.2533,0.036804079901321056
2024-05-12 08:08:00,708931360,0.035672814329096435,0.018656499700937967,0.0526891289572549,36.59478086320661,-87.25291537754502,Montgomery,-0.15,36.5949,-87.2533,0.036804079901321056
2024-05-12 08:09:00,708931360,-0.10482060550469882,-0.16189027145945006,-0.047750939549947566,36.59478086320661,-87.25291537754502,Montgomery,0.07,36.5949,-87.2533,0.036804079901321056
2024-05-12 08:10:00,708931360,-0.035340142710660154,-0.05674288966519263,-0.013937395756127676,36.59478086320661,-87.25291537754502,Montgomery,-0.03,36.5949,-87.2533,0.036804079901321056
2024-05-12 08:11:00,708931360,0.03956600979325317,0.01996060108809809,0.05917141849840825,36.59478086320661,-87.25291537754502,Montgomery,-0.16,36.5949,-87.2533,0.036804079901321056
2024-05-12 08:12:00,708931360,0.05433648919457929,0.02758721431578974,0.08108576407336884,36.59478086320661,-87.25291537754502,Montgomery,-0.16,36.5949,-87.2533,0.036804079901321056
2024-05-12 08:13:00,708931360,-0.10546124994639251,-0.1631301941176949,-0.04779230577509013,36.59478086320661,-87.25291537754502,Montgomery,-0.06,36.5949,-87.2533,0.036804079901321056
2024-05-12 08:14:00,708931360,-0.2486418740585672,-0.38132321106201084,-0.11596053705512357,36.59478086320661,-87.25291537754502,Montgomery,0.04,36.5949,-87.2533,0.036804079901321056
2024-05-12 08:15:00,708931360,-0.3287819249213626,-0.503234520316736,-0.15432932952598918,36.59478086320661,-87.25291537754502,Montgomery,0.18,36.5949,-87.2533,0.036804079901321056
2024-05-12 08:16:00,708931360,-0.10029673644962338,-0.15456724737231398,-0.046026225526932786,36.59478086320661,-87.25291537754502,Montgomery,0.23,36.5949,-87.2533,0.036804079901321056
2024-05-12 08:17:00,708931360,-0.034522773543773054,-0.054684625053650605,-0.014360922033895503,36.59478086320661,-87.25291537754502,Montgomery,0.24,36.5949,-87.2533,0.036804079901321056
2024-05-12 08:18:00,708931360,0.04802739298388941,0.02384142180570878,0.07221336416207004,36.59478086320661,-87.25291537754502,Montgomery,0.12,36.5949,-87.2533,0.036804079901321056
2024-05-12 08:19:00,708931360,-0.012918927101214138,-0.023101808422637007,-0.002736045779791269,36.59478086320661,-87.25291537754502,Montgomery,0.04,36.5949,-87.2533,0.036804079901321056
2024-05-12 08:20:00,708931360,0.030948256868355555,0.015917624759189893,0.04597888897752121,36.59478086320661,-87.25291537754502,Montgomery,-0.11,36.5949,-87.2533,0.036804079901321056
2024-05-12 08:21:00,708931360,-0.19626999441706425,-0.30153348448887896,-0.09100650434524954,36.59478086320661,-87.25291537754502,Montgomery,0.09,36.5949,-87.2533,0.036804079901321056
2024-05-12 08:22:00,708931360,-0.10770786677389617,-0.1664127593249876,-0.049002974222804724,36.59478086320661,-87.25291537754502,Montgomery,0.1,36.5949,-87.2533,0.036804079901321056
2024-05-12 08:23:00,708931360,-0.1615699470126482,-0.2480047758093631,-0.07513511821593331,36.59478086320661,-87.25291537754502,Montgomery,0.12,36.5949,-87.2533,0.036804079901321056
2024-05-12 08:24:00,708931360,-0.09680379237156865,-0.15027689447436005,-0.04333069026877724,36.59478086320661,-87.25291537754502,Montgomery,-0.19,36.5949,-87.2533,0.036804079901321056
2024-05-12 08:25:00,708931360,-0.0928283513062627,-0.14303097583666616,-0.042625726775859234,36.59478086320661,-87.25291537754502,Montgomery,-0.06,36.5949,-87.2533,0.036804079901321056
2024-05-12 08:26:00,708931360,-0.09033450611063483,-0.139308203495413,-0.04136080872585666,36.59478086320661,-87.25291537754502,Montgomery,-0.18,36.5949,-87.2533,0.036804079901321056
2024-05-12 08:27:00,708931360,-0.14327035638640714,-0.21973396584532479,-0.06680674692748952,36.59478086320661,-87.25291537754502,Montgomery,0.07,36.5949,-87.2533,0.036804079901321056
2024-05-12 08:28:00,708931360,-0.11073288330437737,-0.1709194637906501,-0.05054630281810467,36.59478086320661,-87.25291537754502,Montgomery,0.08,36.5949,-87.2533,0.036804079901321056
2024-05-12 08:29:00,708931360,-0.08360526006481564,-0.12895989759669846,-0.03825062253293282,36.59478086320661,-87.25291537754502,Montgomery,0.12,36.5949,-87.2533,0.036804079901321056
2024-05-12 08:30:00,708931360,-0.018118964207361046,-0.03091405430303156,-0.005323874111690531,36.59478086320661,-87.25291537754502,Montgomery,-0.05,36.5949,-87.2533,0.036804079901321056
2024-05-12 08:31:00,708931360,0.07997156690863337,0.0399465029965771,0.11999663082068965,36.59478086320661,-87.25291537754502,Montgomery,-0.33,36.5949,-87.2533,0.036804079901321056
2024-05-12 08:32:00,708931360,0.21307263959591327,0.10362440272978511,0.3225208764620414,36.59478086320661,-87.25291537754502,Montgomery,-0.63,36.5949,-87.2533,0.036804079901321056
2024-05-12 08:33:00,708931360,0.11074478303276021,0.05307269227932081,0.16841687378619963,36.59478086320661,-87.25291537754502,Montgomery,-0.29,36.5949,-87.2533,0.036804079901321056
2024-05-12 08:34:00,708931360,-0.009144456019628861,-0.019316459333030153,0.0010275472937724302,36.59478086320661,-87.25291537754502,Montgomery,-0.32,36.5949,-87.2533,0.036804079901321056
2024-05-12 08:35:00,708931360,-0.01508501090706305,-0.02565723248117903,-0.004512789332947072,36.59478086320661,-87.25291537754502,Montgomery,-0.37,36.5949,-87.2533,0.036804079901321056
2024-05-12 08:36:00,708931360,-0.04473451360780629,-0.07149256861974776,-0.017976458595864817,36.59478086320661,-87.25291537754502,Montgomery,-0.22,36.5949,-87.2533,0.036804079901321056
2024-05-12 08:37:00,708931360,-0.15820419271654546,-0.2430708249700967,-0.07333756046299422,36.59478086320661,-87.25291537754502,Montgomery,0.02,36.5949,-87.2533,0.036804079901321056
2024-05-12 08:38:00,708931360,-0.15742040221772086,-0.24188197294616662,-0.0729588314892751,36.59478086320661,-87.25291537754502,Montgomery,-0.03,36.5949,-87.2533,0.036804079901321056
2024-05-12 08:39:00,708931360,-0.19742765107158838,-0.3027551188125315,-0.09210018333064528,36.59478086320661,-87.25291537754502,Montgomery,0.29,36.5949,-87.2533,0.036804079901321056
2024-05-12 08:40:00,708931360,-0.10729782016426184,-0.168620723627792,-0.04597491670073167,36.59478086320661,-87.25291537754502,Montgomery,0.07,36.5949,-87.2533,0.036804079901321056
2024-05-12 08:41:00,708931360,-0.017429894580167922,-0.03335037276561337,-0.001509416394722473,36.59478086320661,-87.25291537754502,Montgomery,-0.04,36.5949,-87.2533,0.036804079901321056
2024-05-12 08:42:00,708931360,0.06277638871367451,0.03091683523754292,0.0946359421898061,36.59478086320661,-87.25291537754502,Montgomery,-0.18,36.5949,-87.2533,0.036804079901321056
2024-05-12 08:43:00,708931360,0.0023673212706512743,-0.004030472505227854,0.008765115046530401,36.59478086320661,-87.25291537754502,Montgomery,-0.18,36.5949,-87.2533,0.036804079901321056
2024-05-12 08:44:00,708931360,-0.04520591759452022,-0.0710361122225362,-0.019375722966504253,36.59478086320661,-87.25291537754502,Montgomery,-0.04,36.5949,-87.2533,0.036804079901321056
2024-05-12 08:45:00,708931360,-0.026994058086809918,-0.04320101265444391,-0.010787103519175924,36.59478086320661,-87.25291537754502,Montgomery,0.06,36.5949,-87.2533,0.036804079901321056
2024-05-12 08:46:00,708931360,0.011192336327817236,-0.0067198663561686064,0.029104539011803078,36.59478086320661,-87.25291537754502,Montgomery,0.09,36.5949,-87.2533,0.036804079901321056
2024-05-12 08:47:00,708931360,-0.06409325299296997,-0.10379119632234263,-0.024395309663597327,36.59478086320661,-87.25291537754502,Montgomery,0.23,36.5949,-87.2533,0.036804079901321056
2024-05-12 08:48:00,708931360,-0.0876494433636308,-0.13630629012367446,-0.03899259660358713,36.59478086320661,-87.25291537754502,Montgomery,-0.08,36.5949,-87.2533,0.036804079901321056
2024-05-12 08:49:00,708931360,-0.36258205288045464,-0.5545963017005529,-0.17056780406035643,36.59478086320661,-87.25291537754502,Montgomery,0.29,36.5949,-87.2533,0.036804079901321056
2024-05-12 08:50:00,708931360,-0.3920379004016388,-0.5984271013251753,-0.18564869947810222,36.59478086320661,-87.25291537754502,Montgomery,0.68,36.5949,-87.2533,0.036804079901321056
2024-05-12 08:51:00,708931360,-0.3734334484635523,-0.5705450857109032,-0.17632181121620136,36.59478086320661,-87.25291537754502,Montgomery,0.67,36.5949,-87.2533,0.036804079901321056
2024-05-12 08:52:00,708931360,-0.4162962021222128,-0.6359174506803298,-0.1966749535640958,36.59478086320661,-87.25291537754502,Montgomery,0.4,36.5949,-87.2533,0.036804079901321056
2024-05-12 08:53:00,708931360,-0.12484046449723717,-0.19008342078690127,-0.05959750820757306,36.59478086320661,-87.25291537754502,Montgomery,0.09,36.5949,-87.2533,0.036804079901321056
2024-05-12 08:54:00,708931360,0.2610560814572269,0.12281311450901122,0.3992990484054426,36.59478086320661,-87.25291537754502,Montgomery,-0.51,36.5949,-87.2533,0.036804079901321056
2024-05-12 08:55:00,708931360,0.3345443969942573,0.15767990945387153,0.5114088845346431,36.59478086320661,-87.25291537754502,Montgomery,-0.68,36.5949,-87.2533,0.036804079901321056
2024-05-12 08:56:00,708931360,0.20315431428368302,0.096234444320161,0.31007418424720506,36.59478086320661,-87.25291537754502,Montgomery,-0.42,36.5949,-87.2533,0.036804079901321056
2024-05-12 08:57:00,708931360,-0.15694630673367596,-0.24072360231916887,-0.07316901114818306,36.59478086320661,-87.25291537754502,Montgomery,-0.09,36.5949,-87.2533,0.036804079901321056
2024-05-12 08:58:00,708931360,-0.24013111801184295,-0.36724408296517463,-0.11301815305851123,36.59478086320661,-87.25291537754502,Montgomery,0.4,36.5949,-87.2533,0.036804079901321056
2024-05-12 08:59:00,708931360,-0.3625190066970782,-0.5536153750775534,-0.17142263831660295,36.59478086320661,-87.25291537754502,Montgomery,0.68,36.5949,-87.2533,0.036804079901321056
2024-05-12 09:00:00,708931360,-0.22175532437797943,-0.33972023054108624,-0.10379041821487264,36.59478086320661,-87.25291537754502,Montgomery,0.49,36.5949,-87.2533,0.036804079901321056
2024-05-12 09:01:00,708931360,-0.15555495291686894,-0.24009188867438763,-0.07101801715935026,36.59478086320661,-87.25291537754502,Montgomery,0.31,36.5949,-87.2533,0.036804079901321056
2024-05-12 09:02:00,708931360,0.007910001365261403,-0.005053672727733261,0.020873675458256066,36.59478086320661,-87.25291537754502,Montgomery,0.06,36.5949,-87.2533,0.036804079901321056
2024-05-12 09:03:00,708931360,0.33373700956226665,0.15931857154432635,0.5081554475802069,36.59478086320661,-87.25291537754502,Montgomery,-0.34,36.5949,-87.2533,0.036804079901321056
2024-05-12 09:04:00,708931360,0.31829259311678215,0.151903082226691,0.4846821040068733,36.59478086320661,-87.25291537754502,Montgomery,-0.31,36.5949,-87.2533,0.036804079901321056
2024-05-12 09:05:00,708931360,0.18796941674099116,0.09024337326604286,0.28569546021593945,36.59478086320661,-87.25291537754502,Montgomery,-0.42,36.5949,-87.2533,0.036804079901321056
2024-05-12 09:06:00,708931360,-0.006202177675342162,-0.012299009887281312,-0.00010534546340301189,36.59478086320661,-87.25291537754502,Montgomery,-0.01,36.5949,-87.2533,0.036804079901321056
2024-05-12 09:07:00,708931360,-0.05678096132344633,-0.08924716686147166,-0.024314755785421006,36.59478086320661,-87.25291537754502,Montgomery,0.05,36.5949,-87.2533,0.036804079901321056
2024-05-12 09:08:00,708931360,-0.06720731405142746,-0.10341715741510588,-0.03099747068774905,36.59478086320661,-87.25291537754502,Montgomery,-0.05,36.5949,-87.2533,0.036804079901321056
2024-05-12 09:09:00,708931360,0.013992515091749076,0.0035616867310725962,0.024423343452425555,36.59478086320661,-87.25291537754502,Montgomery,-0.14,36.5949,-87.2533,0.036804079901321056
2024-05-12 09:10:00,708931360,0.0915670012705084,0.04312632430841033,0.14000767823260646,36.59478086320661,-87.25291537754502,Montgomery,-0.22,36.5949,-87.2533,0.036804079901321056
2024-05-12 09:11:00,708931360,-0.07757626877615133,-0.1185406110754221,-0.03661192647688056,36.59478086320661,-87.25291537754502,Montgomery,-0.17,36.5949,-87.2533,0.036804079901321056
2024-05-12 09:12:00,708931360,-0.09970446127454238,-0.15274849691287964,-0.04666042563620513,36.59478086320661,-87.25291537754502,Montgomery,0.17,36.5949,-87.2533,0.036804079901321056
2024-05-12 09:13:00,708931360,-0.12250608559301063,-0.18939849918948687,-0.055613671996534386,36.59478086320661,-87.25291537754502,Montgomery,-0.13,36.5949,-87.2533,0.036804079901321056
2024-05-12 09:14:00,708931360,0.039868216524408306,0.018255512033449516,0.0614809210153671,36.59478086320661,-87.25291537754502,Montgomery,-0.37,36.5949,-87.2533,0.036804079901321056
2024-05-12 09:15:00,708931360,0.17655415357414977,0.08271598698158629,0.2703923201667133,36.59478086320661,-87.25291537754502,Montgomery,-0.76,36.5949,-87.2533,0.036804079901321056
2024-05-12 09:16:00,708931360,-0.11596925701901671,-0.1855351106287031,-0.04640340340933033,36.59478086320661,-87.25291537754502,Montgomery,-0.26,36.5949,-87.2533,0.036804079901321056
2024-05-12 09:17:00,708931360,-0.41753315531897717,-0.6436377161375364,-0.1914285945004179,36.59478086320661,-87.25291537754502,Montgomery,0.51,36.5949,-87.2533,0.036804079901321056
2024-05-12 09:18:00,708931360,-0.05576914711393994,-0.11382672449152018,0.002288430263640291,36.59478086320661,-87.25291537754502,Montgomery,0.3,36.5949,-87.2533,0.036804079901321056
2024-05-12 09:19:00,708931360,0.24071092789591217,0.1025060269107694,0.3789158288810549,36.59478086320661,-87.25291537754502,Montgomery,-0.41,36.5949,-87.2533,0.036804079901321056
2024-05-12 09:20:00,708931360,-0.08528566592334148,-0.13788480125122435,-0.03268653059545862,36.59478086320661,-87.25291537754502,Montgomery,0.53,36.5949,-87.2533,0.036804079901321056
2024-05-12 09:21:00,708931360,-0.6745978238120591,-1.0282779616666384,-0.3209176859574797,36.59478086320661,-87.25291537754502,Montgomery,0.83,36.5949,-87.2533,0.036804079901321056
2024-05-12 09:22:00,708931360,-0.627348227432245,-0.9567064657621916,-0.29798998910229846,36.59478086320661,-87.25291537754502,Montgomery,0.46,36.5949,-87.2533,0.036804079901321056
2024-05-12 09:23:00,708931360,-0.424163606775257,-0.6460252203210607,-0.20230199322945333,36.59478086320661,-87.25291537754502,Montgomery,-0.41,36.5949,-87.2533,0.036804079901321056
2024-05-12 09:24:00,708931360,0.07863805459834239,0.036888070936199974,0.1203880382604848,36.59478086320661,-87.25291537754502,Montgomery,-0.75,36.5949,-87.2533,0.036804079901321056
2024-05-12 09:25:00,708931360,0.2862368638100299,0.13528466712741652,0.4371890604926433,36.59478086320661,-87.25291537754502,Montgomery,-0.98,36.5949,-87.2533,0.036804079901321056
2024-05-12 09:26:00,708931360,0.3519613209391263,0.16766783725065249,0.5362548046276001,36.59478086320661,-87.25291537754502,Montgomery,-0.77,36.5949,-87.2533,0.036804079901321056
2024-05-12 09:27:00,708931360,0.45449624458832066,0.21676245372933658,0.6922300354473048,36.59478086320661,-87.25291537754502,Montgomery,-0.83,36.5949,-87.2533,0.036804079901321056
2024-05-12 09:28:00,708931360,0.5022870113386118,0.24006589873127648,0.764508123945947,36.59478086320661,-87.25291537754502,Montgomery,-0.86,36.5949,-87.2533,0.036804079901321056
2024-05-12 09:29:00,708931360,0.42923107311826314,0.20469137225972295,0.6537707739768033,36.59478086320661,-87.25291537754502,Montgomery,-0.91,36.5949,-87.2533,0.036804079901321056
2024-05-12 09:30:00,708931360,0.36622431274342415,0.1745888883628908,0.5578597371239575,36.59478086320661,-87.25291537754502,Montgomery,-0.63,36.5949,-87.2533,0.036804079901321056
2024-05-12 09:31:00,708931360,0.27199250265040065,0.1292430460704278,0.4147419592303735,36.59478086320661,-87.25291537754502,Montgomery,-0.42,36.5949,-87.2533,0.036804079901321056
2024-05-12 09:32:00,708931360,0.10253031426669568,0.04786623368900938,0.15719439484438197,36.59478086320661,-87.25291537754502,Montgomery,-0.51,36.5949,-87.2533,0.036804079901321056
2024-05-12 09:33:00,708931360,0.25563738929846286,0.12195581579131401,0.38931896280561173,36.59478086320661,-87.25291537754502,Montgomery,-0.76,36.5949,-87.2533,0.036804079901321056
2024-05-12 09:34:00,708931360,0.12133316116337015,0.056586613778789596,0.1860797085479507,36.59478086320661,-87.25291537754502,Montgomery,-0.79,36.5949,-87.2533,0.036804079901321056
2024-05-12 09:35:00,708931360,-0.12855515893861502,-0.1983709706870888,-0.05873934719014125,36.59478086320661,-87.25291537754502,Montgomery,-0.25,36.5949,-87.2533,0.036804079901321056
2024-05-12 09:36:00,708931360,-0.08020880106789291,-0.13161713594541524,-0.028800466190370577,36.59478086320661,-87.25291537754502,Montgomery,-0.03,36.5949,-87.2533,0.036804079901321056
2024-05-12 09:37:00,708931360,-0.30472019754751656,-0.4691053154156121,-0.140335079679421,36.59478086320661,-87.25291537754502,Montgomery,-0.08,36.5949,-87.2533,0.036804079901321056
2024-05-12 09:38:00,708931360,-0.0944599139648268,-0.1466354319097662,-0.042284396019887406,36.59478086320661,-87.25291537754502,Montgomery,-0.74,36.5949,-87.2533,0.036804079901321056
2024-05-12 09:39:00,708931360,-0.07711049516935936,-0.12209902131403269,-0.03212196902468604,36.59478086320661,-87.25291537754502,Montgomery,-0.39,36.5949,-87.2533,0.036804079901321056
2024-05-12 09:40:00,708931360,-0.15603708363672658,-0.23922406734384827,-0.07285009992960488,36.59478086320661,-87.25291537754502,Montgomery,-0.15,36.5949,-87.2533,0.036804079901321056
2024-05-12 09:41:00,708931360,-0.03287035030090217,-0.05493432328335394,-0.010806377318450404,36.59478086320661,-87.25291537754502,Montgomery,-0.47,36.5949,-87.2533,0.036804079901321056
2024-05-12 09:42:00,708931360,0.13019490056028,0.06036139467843325,0.20002840644212672,36.59478086320661,-87.25291537754502,Montgomery,-0.37,36.5949,-87.2533,0.036804079901321056
2024-05-12 09:43:00,708931360,0.05527472139403202,0.024221070021027875,0.08632837276703617,36.59478086320661,-87.25291537754502,Montgomery,-0.35,36.5949,-87.2533,0.036804079901321056
2024-05-12 09:44:00,708931360,0.028870881961750212,0.008648429896990249,0.04909333402651017,36.59478086320661,-87.25291537754502,Montgomery,-0.17,36.5949,-87.2533,0.036804079901321056
2024-05-12 09:45:00,708931360,0.07402566134180945,0.03256025240191729,0.11549107028170161,36.59478086320661,-87.25291537754502,Montgomery,-0.17,36.5949,-87.2533,0.036804079901321056
2024-05-12 09:46:00,708931360,0.19584904807579778,0.09100670483841285,0.30069139131318273,36.59478086320661,-87.25291537754502,Montgomery,-0.28,36.5949,-87.2533,0.036804079901321056
2024-05-12 09:47:00,708931360,0.08018319164274405,0.03576688209334377,0.12459950119214433,36.59478086320661,-87.25291537754502,Montgomery,-0.35,36.5949,-87.2533,0.036804079901321056
2024-05-12 09:48:00,708931360,0.09075576065583105,0.04191792536836346,0.13959359594329862,36.59478086320661,-87.25291537754502,Montgomery,-0.16,36.5949,-87.2533,0.036804079901321056
2024-05-12 09:49:00,708931360,0.16008453605774461,0.07471526878169711,0.24545380333379213,36.59478086320661,-87.25291537754502,Montgomery,-0.06,36.5949,-87.2533,0.036804079901321056
2024-05-12 09:50:00,708931360,0.07298468534524243,0.030414667526335933,0.11555470316414893,36.59478086320661,-87.25291537754502,Montgomery,0.07,36.5949,-87.2533,0.036804079901321056
2024-05-12 09:51:00,708931360,0.19502281002658897,0.08982203833213707,0.30022358172104086,36.59478086320661,-87.25291537754502,Montgomery,-0.3,36.5949,-87.2533,0.036804079901321056
2024-05-12 09:52:00,708931360,0.18067325717380928,0.08207970135010628,0.27926681299751227,36.59478086320661,-87.25291537754502,Montgomery,-0.31,36.5949,-87.2533,0.036804079901321056
2024-05-12 09:53:00,708931360,0.19488845834243612,0.09013545258470773,0.2996414641001645,36.59478086320661,-87.25291537754502,Montgomery,-0.26,36.5949,-87.2533,0.036804079901321056
2024-05-12 09:54:00,708931360,-0.0162431096431553,-0.035945596021527346,0.003459376735216752,36.59478086320661,-87.25291537754502,Montgomery,-0.17,36.5949,-87.2533,0.036804079901321056
2024-05-12 09:55:00,708931360,-0.08303348445286858,-0.12550342500828612,-0.04056354389745103,36.59478086320661,-87.25291537754502,Montgomery,-0.17,36.5949,-87.2533,0.036804079901321056
2024-05-12 09:56:00,708931360,-0.10098408161572654,-0.1531363088926889,-0.04883185433876419,36.59478086320661,-87.25291537754502,Montgomery,0.09,36.5949,-87.2533,0.036804079901321056
2024-05-12 09:57:00,708931360,-0.030706154068791233,-0.05861205448821628,-0.0028002536493661884,36.59478086320661,-87.25291537754502,Montgomery,-0.52,36.5949,-87.2533,0.036804079901321056
2024-05-12 09:58:00,708931360,0.23633795798602128,0.10697108038067007,0.36570483559137246,36.59478086320661,-87.25291537754502,Montgomery,-0.53,36.5949,-87.2533,0.036804079901321056
2024-05-12 09:59:00,708931360,-0.20026273610313097,-0.3040453781137303,-0.09648009409253165,36.59478086320661,-87.25291537754502,Montgomery,0.21,36.5949,-87.2533,0.036804079901321056
2024-05-12 10:00:00,708931360,-0.1482909100881794,-0.22467349236109155,-0.07190832781526726,36.59478086320661,-87.25291537754502,Montgomery,-0.06,36.5949,-87.2533,0.036804079901321056
2024-05-12 10:01:00,708931360,-0.016839877659476588,-0.02905553324183265,-0.004624222077120526,36.59478086320661,-87.25291537754502,Montgomery,-0.26,36.5949,-87.2533,0.036804079901321056
2024-05-12 10:02:00,708931360,0.1480913537357208,0.06711061195744707,0.22907209551399454,36.59478086320661,-87.25291537754502,Montgomery,-0.46,36.5949,-87.2533,0.036804079901321056
2024-05-12 10:03:00,708931360,0.44177432379505616,0.20741587320201685,0.6761327743880955,36.59478086320661,-87.25291537754502,Montgomery,-0.56,36.5949,-87.2533,0.036804079901321056
2024-05-12 10:04:00,708931360,0.2890553111817342,0.13675254591885794,0.4413580764446105,36.59478086320661,-87.25291537754502,Montgomery,-0.42,36.5949,-87.2533,0.036804079901321056
2024-05-12 10:05:00,708931360,0.3306030560445909,0.15634691563309533,0.5048591964560865,36.59478086320661,-87.25291537754502,Montgomery,-0.68,36.5949,-87.2533,0.036804079901321056
2024-05-12 10:06:00,708931360,0.2672362997887958,0.12649677143649218,0.40797582814109945,36.59478086320661,-87.25291537754502,Montgomery,-0.74,36.5949,-87.2533,0.036804079901321056
2024-05-12 10:07:00,708931360,-0.008585939881447843,-0.014262167083010185,-0.0029097126798855013,36.59478086320661,-87.25291537754502,Montgomery,-0.62,36.5949,-87.2533,0.036804079901321056
2024-05-12 10:08:00,708931360,-0.2066017742546504,-0.31461719789177156,-0.09858635061752921,36.59478086320661,-87.25291537754502,Montgomery,-0.38,36.5949,-87.2533,0.036804079901321056
2024-05-12 10:09:00,708931360,-0.19500513863574742,-0.29570092567996736,-0.09430935159152747,36.59478086320661,-87.25291537754502,Montgomery,-0.5,36.5949,-87.2533,0.036804079901321056
2024-05-12 10:10:00,708931360,0.038514721850741465,0.015971159447691032,0.061058284253791895,36.59478086320661,-87.25291537754502,Montgomery,-0.44,36.5949,-87.2533,0.036804079901321056
2024-05-12 10:11:00,708931360,0.005502838607320709,-0.005577322915322596,0.016583000129964012,36.59478086320661,-87.25291537754502,Montgomery,-0.52,36.5949,-87.2533,0.036804079901321056
2024-05-12 10:12:00,708931360,0.03995486527389145,0.015757497213418667,0.06415223333436423,36.59478086320661,-87.25291537754502,Montgomery,-0.69,36.5949,-87.2533,0.036804079901321056
2024-05-12 10:13:00,708931360,0.25479953799351235,0.11809084873324299,0.3915082272537817,36.59478086320661,-87.25291537754502,Montgomery,-0.82,36.5949,-87.2533,0.036804079901321056
2024-05-12 10:14:00,708931360,0.2726582003413655,0.12783297235307847,0.4174834283296526,36.59478086320661,-87.25291537754502,Montgomery,-0.88,36.5949,-87.2533,0.036804079901321056
2024-05-12 10:15:00,708931360,0.28216528155424286,0.1317968586935885,0.43253370441489725,36.59478086320661,-87.25291537754502,Montgomery,-0.69,36.5949,-87.2533,0.036804079901321056
2024-05-12 10:16:00,708931360,0.06547678120632029,0.02935260605514247,0.1016009563574981,36.59478086320661,-87.25291537754502,Montgomery,-0.48,36.5949,-87.2533,0.036804079901321056
2024-05-12 10:17:00,708931360,-0.0539959760678624,-0.0812780094162087,-0.02671394271951609,36.59478086320661,-87.25291537754502,Montgomery,-0.55,36.5949,-87.2533,0.036804079901321056
2024-05-12 10:18:00,708931360,0.04930636177143931,0.02118967457086381,0.07742304897201481,36.59478086320661,-87.25291537754502,Montgomery,-0.64,36.5949,-87.2533,0.036804079901321056
2024-05-12 10:19:00,708931360,0.054869847773792536,0.022779371698008914,0.08696032384957617,36.59478086320661,-87.25291537754502,Montgomery,-0.64,36.5949,-87.2533,0.036804079901321056
2024-05-12 10:20:00,708931360,0.22305729580569877,0.10360547122559481,0.3425091203858027,36.59478086320661,-87.25291537754502,Montgomery,-0.59,36.5949,-87.2533,0.036804079901321056
2024-05-12 10:21:00,708931360,0.15292116074707887,0.07013938803969952,0.23570293345445822,36.59478086320661,-87.25291537754502,Montgomery,-0.62,36.5949,-87.2533,0.036804079901321056
2024-05-12 10:22:00,708931360,0.23679426662947162,0.11154099864613781,0.3620475346128054,36.59478086320661,-87.25291537754502,Montgomery,-0.44,36.5949,-87.2533,0.036804079901321056
2024-05-12 10:23:00,708931360,0.010999149398649218,-0.015130993257354158,0.037129292054652596,36.59478086320661,-87.25291537754502,Montgomery,-0.55,36.5949,-87.2533,0.036804079901321056
2024-05-12 10:24:00,708931360,-0.052514893426673655,-0.08310646984624424,-0.02192331700710307,36.59478086320661,-87.25291537754502,Montgomery,-0.31,36.5949,-87.2533,0.036804079901321056
2024-05-12 10:25:00,708931360,0.2645275270918508,0.12346057613003683,0.4055944780536648,36.59478086320661,-87.25291537754502,Montgomery,-0.63,36.5949,-87.2533,0.036804079901321056
2024-05-12 10:26:00,708931360,0.5067895682432003,0.23924061737648306,0.7743385191099176,36.59478086320661,-87.25291537754502,Montgomery,-0.73,36.5949,-87.2533,0.036804079901321056
2024-05-12 10:27:00,708931360,0.21319637712199746,0.10026515776751949,0.32612759647647543,36.59478086320661,-87.25291537754502,Montgomery,-0.77,36.5949,-87.2533,0.036804079901321056
2024-05-12 10:28:00,708931360,0.18919773252487163,0.08892365406695515,0.28947181098278807,36.59478086320661,-87.25291537754502,Montgomery,-0.82,36.5949,-87.2533,0.036804079901321056
2024-05-12 10:29:00,708931360,0.04716318370202159,0.019757961893516755,0.07456840551052643,36.59478086320661,-87.25291537754502,Montgomery,-1.05,36.5949,-87.2533,0.036804079901321056
2024-05-12 10:30:00,708931360,-0.11767142685713775,-0.17949911727237738,-0.05584373644189809,36.59478086320661,-87.25291537754502,Montgomery,-0.71,36.5949,-87.2533,0.036804079901321056
2024-05-12 10:31:00,708931360,-0.3882211684867889,-0.5894583609955502,-0.18698397597802763,36.59478086320661,-87.25291537754502,Montgomery,-0.07,36.5949,-87.2533,0.036804079901321056
2024-05-12 10:32:00,708931360,0.09440099584042441,0.03159057637520564,0.1572114153056432,36.59478086320661,-87.25291537754502,Montgomery,-0.56,36.5949,-87.2533,0.036804079901321056
2024-05-12 10:33:00,708931360,0.18953480058911268,0.08744653281280405,0.2916230683654213,36.59478086320661,-87.25291537754502,Montgomery,-0.89,36.5949,-87.2533,0.036804079901321056
2024-05-12 10:34:00,708931360,0.27951345195240146,0.1312890383380844,0.42773786556671856,36.59478086320661,-87.25291537754502,Montgomery,-1.08,36.5949,-87.2533,0.036804079901321056
2024-05-12 10:35:00,708931360,0.23413204183751823,0.10858351705394031,0.35968056662109615,36.59478086320661,-87.25291537754502,Montgomery,-0.98,36.5949,-87.2533,0.036804079901321056
2024-05-12 10:36:00,708931360,0.006284098460247944,-0.0017885871914580364,0.014356784111953924,36.59478086320661,-87.25291537754502,Montgomery,-0.13,36.5949,-87.2533,0.036804079901321056
2024-05-12 10:37:00,708931360,-0.03229636936496656,-0.049342308285869094,-0.015250430444064034,36.59478086320661,-87.25291537754502,Montgomery,-0.32,36.5949,-87.2533,0.036804079901321056
2024-05-12 10:38:00,708931360,0.05969612660524867,0.023975005669342478,0.09541724754115487,36.59478086320661,-87.25291537754502,Montgomery,-0.4,36.5949,-87.2533,0.036804079901321056
2024-05-12 10:39:00,708931360,0.014234391284661111,-0.0018497613192235713,0.030318543888545796,36.59478086320661,-87.25291537754502,Montgomery,-0.42,36.5949,-87.2533,0.036804079901321056
2024-05-12 10:40:00,708931360,0.029010252917668594,0.0063833623971963,0.05163714343814089,36.59478086320661,-87.25291537754502,Montgomery,-0.86,36.5949,-87.2533,0.036804079901321056
2024-05-12 10:41:00,708931360,0.16693193151587551,0.0772733107347063,0.25659055229704475,36.59478086320661,-87.25291537754502,Montgomery,-0.6,36.5949,-87.2533,0.036804079901321056
2024-05-12 10:42:00,708931360,0.14239089310176223,0.06498390797165174,0.21979787823187272,36.59478086320661,-87.25291537754502,Montgomery,-0.46,36.5949,-87.2533,0.036804079901321056
2024-05-12 10:43:00,708931360,0.027472671940934407,0.006528977812064893,0.04841636606980392,36.59478086320661,-87.25291537754502,Montgomery,-0.2,36.5949,-87.2533,0.036804079901321056
2024-05-12 10:44:00,708931360,0.09183500869314007,0.03690026743286115,0.146769749953419,36.59478086320661,-87.25291537754502,Montgomery,-0.42,36.5949,-87.2533,0.036804079901321056
2024-05-12 10:45:00,708931360,-0.057937567490199696,-0.09470365572558928,-0.021171479254810117,36.59478086320661,-87.25291537754502,Montgomery,-0.51,36.5949,-87.2533,0.036804079901321056
2024-05-12 10:46:00,708931360,0.0444666277211659,0.012793915024756658,0.07613934041757514,36.59478086320661,-87.25291537754502,Montgomery,-0.6,36.5949,-87.2533,0.036804079901321056
2024-05-12 10:47:00,708931360,0.09017282396170981,0.03727966507895154,0.1430659828444681,36.59478086320661,-87.25291537754502,Montgomery,-0.38,36.5949,-87.2533,0.036804079901321056
2024-05-12 10:48:00,708931360,0.32498568512194725,0.15172227422823797,0.49824909601565653,36.59478086320661,-87.25291537754502,Montgomery,-0.55,36.5949,-87.2533,0.036804079901321056
2024-05-12 10:49:00,708931360,0.32476056218299,0.15163731931172686,0.4978838050542531,36.59478086320661,-87.25291537754502,Montgomery,-0.59,36.5949,-87.2533,0.036804079901321056
2024-05-12 10:50:00,708931360,0.2963794844448543,0.13822028913797224,0.45453867975173634,36.59478086320661,-87.25291537754502,Montgomery,-0.51,36.5949,-87.2533,0.036804079901321056
2024-05-12 10:51:00,708931360,0.012645621641323922,-0.008325246456964466,0.03361648973961231,36.59478086320661,-87.25291537754502,Montgomery,-0.41,36.5949,-87.2533,0.036804079901321056
2024-05-12 10:52:00,708931360,-0.009112777406180168,-0.02828265480799779,0.010057099995637454,36.59478086320661,-87.25291537754502,Montgomery,-0.18,36.5949,-87.2533,0.036804079901321056
2024-05-12 10:53:00,708931360,0.06169070479200971,0.02496999104485806,0.09841141853916135,36.59478086320661,-87.25291537754502,Montgomery,-0.32,36.5949,-87.2533,0.036804079901321056
2024-05-12 10:54:00,708931360,0.22258778062483056,0.10317234317854868,0.34200321807111245,36.59478086320661,-87.25291537754502,Montgomery,-0.28,36.5949,-87.2533,0.036804079901321056
2024-05-12 10:55:00,708931360,0.004359129403028955,-0.01020298404113536,0.01892124284719327,36.59478086320661,-87.25291537754502,Montgomery,-0.33,36.5949,-87.2533,0.036804079901321056
2024-05-12 10:56:00,708931360,0.1450141843238829,0.06650867563075472,0.2235196930170111,36.59478086320661,-87.25291537754502,Montgomery,-0.57,36.5949,-87.2533,0.036804079901321056
2024-05-12 10:57:00,708931360,0.15400631061797718,0.06764629003834767,0.2403663311976067,36.59478086320661,-87.25291537754502,Montgomery,-0.45,36.5949,-87.2533,0.036804079901321056
2024-05-12 10:58:00,708931360,0.03638641472847448,0.006919911662418697,0.06585291779453026,36.59478086320661,-87.25291537754502,Montgomery,-0.14,36.5949,-87.2533,0.036804079901321056
2024-05-12 10:59:00,708931360,-0.18765940849802323,-0.2851874120490907,-0.09013140494695578,36.59478086320661,-87.25291537754502,Montgomery,0.1,36.5949,-87.2533,0.036804079901321056
2024-05-12 11:00:00,708931360,-0.1274165869165296,-0.19153204303452787,-0.06330113079853135,36.59478086320661,-87.25291537754502,Montgomery,0.51,36.5949,-87.2533,0.036804079901321056
2024-05-12 11:01:00,708931360,-0.22424303874942966,-0.3389223171525202,-0.10956376034633913,36.59478086320661,-87.25291537754502,Montgomery,0.87,36.5949,-87.2533,0.036804079901321056
2024-05-12 11:02:00,708931360,-0.37574554229432944,-0.5693980825743362,-0.18209300201432269,36.59478086320661,-87.25291537754502,Montgomery,0.98,36.5949,-87.2533,0.036804079901321056
2024-05-12 11:03:00,708931360,-0.53098890461135,-0.8057014128100104,-0.2562763964126895,36.59478086320661,-87.25291537754502,Montgomery,0.6,36.5949,-87.2533,0.036804079901321056
2024-05-12 11:04:00,708931360,-0.3871447958885447,-0.5865311299701815,-0.18775846180690794,36.59478086320661,-87.25291537754502,Montgomery,0.29,36.5949,-87.2533,0.036804079901321056
2024-05-12 11:05:00,708931360,-0.2686674882410407,-0.40596878302481143,-0.13136619345726996,36.59478086320661,-87.25291537754502,Montgomery,0.15,36.5949,-87.2533,0.036804079901321056
2024-05-12 11:06:00,708931360,-0.08712460809066468,-0.13150346965060508,-0.04274574653072428,36.59478086320661,-87.25291537754502,Montgomery,0.04,36.5949,-87.2533,0.036804079901321056
2024-05-12 11:07:00,708931360,-0.0140856450968242,-0.028971642544016525,0.0008003523503681224,36.59478086320661,-87.25291537754502,Montgomery,-0.26,36.5949,-87.2533,0.036804079901321056
2024-05-12 11:08:00,708931360,0.1416470068758546,0.06326153900855662,0.22003247474315257,36.59478086320661,-87.25291537754502,Montgomery,-0.41,36.5949,-87.2533,0.036804079901321056
2024-05-12 11:09:00,708931360,0.1504243915111867,0.0681764452704098,0.2326723377519636,36.59478086320661,-87.25291537754502,Montgomery,-0.39,36.5949,-87.2533,0.036804079901321056
2024-05-12 11:10:00,708931360,0.21562088410450142,0.1006640551154517,0.3305777130935511,36.59478086320661,-87.25291537754502,Montgomery,-0.38,36.5949,-87.2533,0.036804079901321056
2024-05-12 11:11:00,708931360,0.00168271674954654,-0.002233115195771764,0.0055985486948648445,36.59478086320661,-87.25291537754502,Montgomery,-0.23,36.5949,-87.2533,0.036804079901321056
2024-05-12 11:12:00,708931360,-0.04104955069765094,-0.06189478433509077,-0.02020431706021111,36.59478086320661,-87.25291537754502,Montgomery,-0.27,36.5949,-87.2533,0.036804079901321056
2024-05-12 11:13:00,708931360,-0.04490114048293752,-0.06766105681492487,-0.022141224150950167,36.59478086320661,-87.25291537754502,Montgomery,-0.19,36.5949,-87.2533,0.036804079901321056
2024-05-12 11:14:00,708931360,0.058342073585864046,0.025696047714274313,0.09098809945745379,36.59478086320661,-87.25291537754502,Montgomery,-0.25,36.5949,-87.2533,0.036804079901321056
2024-05-12 11:15:00,708931360,0.047112709710232674,0.020581207083566262,0.07364421233689908,36.59478086320661,-87.25291537754502,Montgomery,-0.34,36.5949,-87.2533,0.036804079901321056
2024-05-12 11:16:00,708931360,0.13002907849235862,0.06073776624607252,0.19932039073864471,36.59478086320661,-87.25291537754502,Montgomery,-0.47,36.5949,-87.2533,0.036804079901321056
2024-05-12 11:17:00,708931360,0.2511245568791599,0.11868544751677612,0.3835636662415437,36.59478086320661,-87.25291537754502,Montgomery,-0.57,36.5949,-87.2533,0.036804079901321056
2024-05-12 11:18:00,708931360,0.24362269820921756,0.11518339511835754,0.3720620013000776,36.59478086320661,-87.25291537754502,Montgomery,-0.5,36.5949,-87.2533,0.036804079901321056
2024-05-12 11:19:00,708931360,0.11703986273959228,0.055041375529658355,0.17903834994952622,36.59478086320661,-87.25291537754502,Montgomery,-0.44,36.5949,-87.2533,0.036804079901321056
2024-05-12 11:20:00,708931360,0.061941065570526074,0.028665475103053423,0.09521665603799873,36.59478086320661,-87.25291537754502,Montgomery,-0.56,36.5949,-87.2533,0.036804079901321056
2024-05-12 11:21:00,708931360,0.0008439839791839619,-0.010723580567328845,0.01241154852569677,36.59478086320661,-87.25291537754502,Montgomery,-0.59,36.5949,-87.2533,0.036804079901321056
2024-05-12 11:22:00,708931360,0.017509255639436703,0.004382396765918289,0.030636114512955115,36.59478086320661,-87.25291537754502,Montgomery,-0.41,36.5949,-87.2533,0.036804079901321056
2024-05-12 11:23:00,708931360,-0.07124943012648255,-0.10827670509780879,-0.034222155155156316,36.59478086320661,-87.25291537754502,Montgomery,-0.32,36.5949,-87.2533,0.036804079901321056
2024-05-12 11:24:00,708931360,0.044326707443577196,0.01733901319191894,0.07131440169523545,36.59478086320661,-87.25291537754502,Montgomery,-0.34,36.5949,-87.2533,0.036804079901321056
2024-05-12 11:25:00,708931360,-0.03823697782193957,-0.057982900463210106,-0.018491055180669035,36.59478086320661,-87.25291537754502,Montgomery,0.02,36.5949,-87.2533,0.036804079901321056
2024-05-12 11:26:00,708931360,0.061575417688859636,0.02560742152807144,0.09754341384964783,36.59478086320661,-87.25291537754502,Montgomery,-0.1,36.5949,-87.2533,0.036804079901321056
2024-05-12 11:27:00,708931360,0.024171135882140714,0.006050538029163721,0.04229173373511771,36.59478086320661,-87.25291537754502,Montgomery,-0.44,36.5949,-87.2533,0.036804079901321056
2024-05-12 11:28:00,708931360,-0.007074592220263067,-0.017464744654843056,0.0033155602143169214,36.59478086320661,-87.25291537754502,Montgomery,-0.29,36.5949,-87.2533,0.036804079901321056
2024-05-12 11:29:00,708931360,-0.13304112491932119,-0.20208081521321802,-0.06400143462542436,36.59478086320661,-87.25291537754502,Montgomery,-0.34,36.5949,-87.2533,0.036804079901321056
2024-05-12 11:30:00,708931360,-0.2215539672717459,-0.3369211917102496,-0.10618674283324221,36.59478086320661,-87.25291537754502,Montgomery,-0.33,36.5949,-87.2533,0.036804079901321056
2024-05-12 11:31:00,708931360,-0.24846580071825747,-0.3773604351330764,-0.11957116630343856,36.59478086320661,-87.25291537754502,Montgomery,0.23,36.5949,-87.2533,0.036804079901321056
2024-05-12 11:32:00,708931360,-0.20474925043246212,-0.3112328093541914,-0.09826569151073286,36.59478086320661,-87.25291537754502,Montgomery,0.3,36.5949,-87.2533,0.036804079901321056
2024-05-12 11:33:00,708931360,-0.22217680086132782,-0.337422602143096,-0.10693099957955965,36.59478086320661,-87.25291537754502,Montgomery,0.12,36.5949,-87.2533,0.036804079901321056
2024-05-12 11:34:00,708931360,-0.2616477940522974,-0.39785393679473474,-0.12544165130986001,36.59478086320661,-87.25291537754502,Montgomery,0.33,36.5949,-87.2533,0.036804079901321056
2024-05-12 11:35:00,708931360,-0.25973633440540805,-0.39435177677185496,-0.12512089203896115,36.59478086320661,-87.25291537754502,Montgomery,0.32,36.5949,-87.2533,0.036804079901321056
2024-05-12 11:36:00,708931360,-0.05943822185953852,-0.09183165935168887,-0.027044784367388178,36.59478086320661,-87.25291537754502,Montgomery,-0.09,36.5949,-87.2533,0.036804079901321056
2024-05-12 11:37:00,708931360,0.14518867367831872,0.06786616005125216,0.22251118730538527,36.59478086320661,-87.25291537754502,Montgomery,-0.43,36.5949,-87.2533,0.036804079901321056
2024-05-12 11:38:00,708931360,0.16149013385812422,0.07612783102507599,0.24685243669117246,36.59478086320661,-87.25291537754502,Montgomery,-0.44,36.5949,-87.2533,0.036804079901321056
2024-05-12 11:39:00,708931360,0.06088214977758173,0.025951568675572016,0.09581273087959144,36.59478086320661,-87.25291537754502,Montgomery,-0.17,36.5949,-87.2533,0.036804079901321056
2024-05-12 11:40:00,708931360,0.026759627773799935,0.006322877407676952,0.04719637813992292,36.59478086320661,-87.25291537754502,Montgomery,-0.1,36.5949,-87.2533,0.036804079901321056
2024-05-12 11:41:00,708931360,-0.22864483668357147,-0.3481664069412083,-0.10912326642593462,36.59478086320661,-87.25291537754502,Montgomery,0.14,36.5949,-87.2533,0.036804079901321056
2024-05-12 11:42:00,708931360,-0.033069442409289614,-0.057744486857786353,-0.00839439796079287,36.59478086320661,-87.25291537754502,Montgomery,-0.06,36.5949,-87.2533,0.036804079901321056
2024-05-12 11:43:00,708931360,-0.01893916056955856,-0.035894627254777614,-0.0019836938843395095,36.59478086320661,-87.25291537754502,Montgomery,-0.27,36.5949,-87.2533,0.036804079901321056
2024-05-12 11:44:00,708931360,0.041513445459697734,0.017611543653479445,0.06541534726591602,36.59478086320661,-87.25291537754502,Montgomery,-0.33,36.5949,-87.2533,0.036804079901321056
2024-05-12 11:45:00,708931360,-0.0633450649945091,-0.09676459835873108,-0.02992553163028714,36.59478086320661,-87.25291537754502,Montgomery,-0.57,36.5949,-87.2533,0.036804079901321056
2024-05-12 11:46:00,708931360,0.01598441118507513,0.0034172263699188774,0.028551596000231383,36.59478086320661,-87.25291537754502,Montgomery,-0.51,36.5949,-87.2533,0.036804079901321056
2024-05-12 11:47:00,708931360,0.14170199565012895,0.06613995228408442,0.21726403901617347,36.59478086320661,-87.25291537754502,Montgomery,-0.48,36.5949,-87.2533,0.036804079901321056
2024-05-12 11:48:00,708931360,0.23777751883440523,0.11363762635325284,0.36191741131555766,36.59478086320661,-87.25291537754502,Montgomery,-0.59,36.5949,-87.2533,0.036804079901321056
2024-05-12 11:49:00,708931360,0.09502659475647922,0.04596391813087788,0.14408927138208055,36.59478086320661,-87.25291537754502,Montgomery,-0.73,36.5949,-87.2533,0.036804079901321056
2024-05-12 11:50:00,708931360,-0.008012101238014373,-0.017099443031083152,0.0010752405550544068,36.59478086320661,-87.25291537754502,Montgomery,-0.53,36.5949,-87.2533,0.036804079901321056
2024-05-12 11:51:00,708931360,-0.060837819787550304,-0.09337285731739549,-0.02830278225770512,36.59478086320661,-87.25291537754502,Montgomery,-0.22,36.5949,-87.2533,0.036804079901321056
2024-05-12 11:52:00,708931360,0.08139794918050275,0.039143759351257114,0.12365213900974839,36.59478086320661,-87.25291537754502,Montgomery,-0.09,36.5949,-87.2533,0.036804079901321056
2024-05-12 11:53:00,708931360,-0.0323669892760999,-0.05019420659724107,-0.014539771954958734,36.59478086320661,-87.25291537754502,Montgomery,-0.15,36.5949,-87.2533,0.036804079901321056
2024-05-12 11:54:00,708931360,-0.08221019817233412,-0.12551435982089645,-0.038906036523771774,36.59478086320661,-87.25291537754502,Montgomery,0.08,36.5949,-87.2533,0.036804079901321056
2024-05-12 11:55:00,708931360,-0.14389923221032241,-0.21959936371873695,-0.06819910070190786,36.59478086320661,-87.25291537754502,Montgomery,0.12,36.5949,-87.2533,0.036804079901321056
2024-05-12 11:56:00,708931360,-0.09735317017858554,-0.14866764976742977,-0.0460386905897413,36.59478086320661,-87.25291537754502,Montgomery,0.06,36.5949,-87.2533,0.036804079901321056
2024-05-12 11:57:00,708931360,-0.13729782661590562,-0.20948037712506623,-0.065115276106745,36.59478086320661,-87.25291537754502,Montgomery,0.26,36.5949,-87.2533,0.036804079901321056
2024-05-12 11:58:00,708931360,-0.10194981289109444,-0.1553248357590422,-0.04857479002314665,36.59478086320661,-87.25291537754502,Montgomery,0.29,36.5949,-87.2533,0.036804079901321056
2024-05-12 11:59:00,708931360,-0.3089505965612612,-0.4707406499348568,-0.14716054318766564,36.59478086320661,-87.25291537754502,Montgomery,0.47,36.5949,-87.2533,0.036804079901321056
2024-05-12 12:00:00,708931360,-0.23000773796907983,-0.3506246741155847,-0.10939080182257499,36.59478086320661,-87.25291537754502,Montgomery,0.21,36.5949,-87.2533,0.036804079901321056
