timestamp,substation,Sim GIC (Median),Sim GIC (2.5),Sim GIC (97.5),sub lat,sub lon,site_1_device,site_1_gic,site_1_Latitude,site_1_Longitude,site_1_Distance
2024-05-10 12:00:00,140295802,3.1317539820097444,2.1294406762244336,4.134067287795055,41.39172550956575,-73.4021713303924,10099,-0.2,41.4,-73.4,0.937738667822354
2024-05-10 12:01:00,140295802,2.746962870496855,1.86776033387736,3.62616540711635,41.39172550956575,-73.4021713303924,10099,,41.4,-73.4,0.937738667822354
2024-05-10 12:02:00,140295802,1.6910562253834909,1.1519989976346179,2.230113453132364,41.39172550956575,-73.4021713303924,10099,,41.4,-73.4,0.937738667822354
2024-05-10 12:03:00,140295802,2.0758451251009653,1.411350116984531,2.7403401332173996,41.39172550956575,-73.4021713303924,10099,,41.4,-73.4,0.937738667822354
2024-05-10 12:04:00,140295802,1.9657731325106513,1.3369234594669024,2.5946228055544003,41.39172550956575,-73.4021713303924,10099,-0.4,41.4,-73.4,0.937738667822354
2024-05-10 12:05:00,140295802,1.8517464624162305,1.2600949523226381,2.443397972509823,41.39172550956575,-73.4021713303924,10099,,41.4,-73.4,0.937738667822354
2024-05-10 12:06:00,140295802,1.6349047380581236,1.1134481060168897,2.156361370099358,41.39172550956575,-73.4021713303924,10099,,41.4,-73.4,0.937738667822354
2024-05-10 12:07:00,140295802,1.8616424198437453,1.2667232394177468,2.456561600269744,41.39172550956575,-73.4021713303924,10099,,41.4,-73.4,0.937738667822354
2024-05-10 12:08:00,140295802,2.2945930428971026,1.558030176457497,3.031155909336708,41.39172550956575,-73.4021713303924,10099,,41.4,-73.4,0.937738667822354
2024-05-10 12:09:00,140295802,2.1901556797941826,1.4865373893085017,2.8937739702798635,41.39172550956575,-73.4021713303924,10099,-0.4,41.4,-73.4,0.937738667822354
2024-05-10 12:10:00,140295802,1.4046984014654518,0.9577509925491035,1.8516458103818,41.39172550956575,-73.4021713303924,10099,,41.4,-73.4,0.937738667822354
2024-05-10 12:11:00,140295802,1.905583634113608,1.2940310590961808,2.5171362091310354,41.39172550956575,-73.4021713303924,10099,,41.4,-73.4,0.937738667822354
2024-05-10 12:12:00,140295802,1.807385671482349,1.2298621994011452,2.384909143563553,41.39172550956575,-73.4021713303924,10099,,41.4,-73.4,0.937738667822354
2024-05-10 12:13:00,140295802,2.5272647985689023,1.7161851203794312,3.3383444767583734,41.39172550956575,-73.4021713303924,10099,0.0,41.4,-73.4,0.937738667822354
2024-05-10 12:14:00,140295802,2.559418708534169,1.7414277617158056,3.3774096553525323,41.39172550956575,-73.4021713303924,10099,,41.4,-73.4,0.937738667822354
2024-05-10 12:15:00,140295802,2.7349548058252884,1.8600111548469398,3.609898456803637,41.39172550956575,-73.4021713303924,10099,,41.4,-73.4,0.937738667822354
2024-05-10 12:16:00,140295802,2.7371410693142346,1.8618250859392411,3.612457052689228,41.39172550956575,-73.4021713303924,10099,,41.4,-73.4,0.937738667822354
2024-05-10 12:17:00,140295802,2.6451834895108877,1.7972540204475358,3.4931129585742395,41.39172550956575,-73.4021713303924,10099,0.2,41.4,-73.4,0.937738667822354
2024-05-10 12:18:00,140295802,2.8676305735917915,1.9489492177985814,3.7863119293850014,41.39172550956575,-73.4021713303924,10099,,41.4,-73.4,0.937738667822354
2024-05-10 12:19:00,140295802,2.4503228783906255,1.6643612210630154,3.2362845357182355,41.39172550956575,-73.4021713303924,10099,,41.4,-73.4,0.937738667822354
2024-05-10 12:20:00,140295802,2.759823927604465,1.8749257829938322,3.644722072215098,41.39172550956575,-73.4021713303924,10099,,41.4,-73.4,0.937738667822354
2024-05-10 12:21:00,140295802,2.797605389939215,1.899627384921347,3.695583394957083,41.39172550956575,-73.4021713303924,10099,,41.4,-73.4,0.937738667822354
2024-05-10 12:22:00,140295802,2.809578358753582,1.9077553403024634,3.7114013772047008,41.39172550956575,-73.4021713303924,10099,,41.4,-73.4,0.937738667822354
2024-05-10 12:23:00,140295802,3.0272587086622575,2.055375252284375,3.99914216504014,41.39172550956575,-73.4021713303924,10099,,41.4,-73.4,0.937738667822354
2024-05-10 12:24:00,140295802,2.7001088091305325,1.834804807362791,3.565412810898274,41.39172550956575,-73.4021713303924,10099,,41.4,-73.4,0.937738667822354
2024-05-10 12:25:00,140295802,2.9829554203757667,2.023532041035623,3.9423787997159105,41.39172550956575,-73.4021713303924,10099,,41.4,-73.4,0.937738667822354
2024-05-10 12:26:00,140295802,3.050001162783544,2.0680270129899974,4.0319753125770905,41.39172550956575,-73.4021713303924,10099,,41.4,-73.4,0.937738667822354
2024-05-10 12:27:00,140295802,2.9839175613900473,2.0236301018772656,3.944205020902829,41.39172550956575,-73.4021713303924,10099,,41.4,-73.4,0.937738667822354
2024-05-10 12:28:00,140295802,2.736928013631873,1.8565910899024698,3.6172649373612766,41.39172550956575,-73.4021713303924,10099,-0.5,41.4,-73.4,0.937738667822354
2024-05-10 12:29:00,140295802,2.6346982826565144,1.7863711576089614,3.4830254077040674,41.39172550956575,-73.4021713303924,10099,,41.4,-73.4,0.937738667822354
2024-05-10 12:30:00,140295802,2.5398034621450236,1.723667431024348,3.355939493265699,41.39172550956575,-73.4021713303924,10099,,41.4,-73.4,0.937738667822354
2024-05-10 12:31:00,140295802,2.758780884040627,1.872488838184546,3.6450729298967084,41.39172550956575,-73.4021713303924,10099,,41.4,-73.4,0.937738667822354
2024-05-10 12:32:00,140295802,2.9131855821250974,1.9785008006658478,3.847870363584347,41.39172550956575,-73.4021713303924,10099,,41.4,-73.4,0.937738667822354
2024-05-10 12:33:00,140295802,2.8533178016655425,1.9359380413104184,3.7706975620206666,41.39172550956575,-73.4021713303924,10099,,41.4,-73.4,0.937738667822354
2024-05-10 12:34:00,140295802,3.0111669842760667,2.043515870161242,3.9788180983908914,41.39172550956575,-73.4021713303924,10099,,41.4,-73.4,0.937738667822354
2024-05-10 12:35:00,140295802,3.166232292813466,2.1468418601659485,4.185622725460983,41.39172550956575,-73.4021713303924,10099,,41.4,-73.4,0.937738667822354
2024-05-10 12:36:00,140295802,2.956370609968826,2.0053869668612823,3.9073542530763694,41.39172550956575,-73.4021713303924,10099,-0.3,41.4,-73.4,0.937738667822354
2024-05-10 12:37:00,140295802,2.965557911939788,2.0105880390487174,3.920527784830859,41.39172550956575,-73.4021713303924,10099,-0.3,41.4,-73.4,0.937738667822354
2024-05-10 12:38:00,140295802,2.423067182302475,1.6441594575567402,3.2019749070482098,41.39172550956575,-73.4021713303924,10099,,41.4,-73.4,0.937738667822354
2024-05-10 12:39:00,140295802,2.6683055550831005,1.8077109289256912,3.52890018124051,41.39172550956575,-73.4021713303924,10099,,41.4,-73.4,0.937738667822354
2024-05-10 12:40:00,140295802,2.7798333962758384,1.8847058350324342,3.6749609575192426,41.39172550956575,-73.4021713303924,10099,,41.4,-73.4,0.937738667822354
2024-05-10 12:41:00,140295802,2.7511098424444222,1.8648586337650268,3.6373610511238175,41.39172550956575,-73.4021713303924,10099,,41.4,-73.4,0.937738667822354
2024-05-10 12:42:00,140295802,2.2247971589852096,1.506539495014765,2.943054822955654,41.39172550956575,-73.4021713303924,10099,,41.4,-73.4,0.937738667822354
2024-05-10 12:43:00,140295802,2.3671749216273317,1.6038512249968697,3.1304986182577936,41.39172550956575,-73.4021713303924,10099,-0.5,41.4,-73.4,0.937738667822354
2024-05-10 12:44:00,140295802,2.085029626624626,1.4143055586609723,2.7557536945882797,41.39172550956575,-73.4021713303924,10099,,41.4,-73.4,0.937738667822354
2024-05-10 12:45:00,140295802,2.1951957555641806,1.4869074172345518,2.9034840938938093,41.39172550956575,-73.4021713303924,10099,,41.4,-73.4,0.937738667822354
2024-05-10 12:46:00,140295802,2.0243403968356906,1.3724695354011973,2.676211258270184,41.39172550956575,-73.4021713303924,10099,-0.4,41.4,-73.4,0.937738667822354
2024-05-10 12:47:00,140295802,2.633273245024502,1.7847769770954944,3.48176951295351,41.39172550956575,-73.4021713303924,10099,-0.8,41.4,-73.4,0.937738667822354
2024-05-10 12:48:00,140295802,2.563903069361708,1.7402424813540442,3.3875636573693724,41.39172550956575,-73.4021713303924,10099,,41.4,-73.4,0.937738667822354
2024-05-10 12:49:00,140295802,3.0233600968705083,2.0538598182146934,3.9928603755263232,41.39172550956575,-73.4021713303924,10099,,41.4,-73.4,0.937738667822354
2024-05-10 12:50:00,140295802,2.37399535220966,1.6119713573600978,3.1360193470592224,41.39172550956575,-73.4021713303924,10099,,41.4,-73.4,0.937738667822354
2024-05-10 12:51:00,140295802,2.052186872800789,1.3951382222586535,2.709235523342924,41.39172550956575,-73.4021713303924,10099,,41.4,-73.4,0.937738667822354
2024-05-10 12:52:00,140295802,1.6922423187503242,1.1505132316000044,2.233971405900644,41.39172550956575,-73.4021713303924,10099,,41.4,-73.4,0.937738667822354
2024-05-10 12:53:00,140295802,2.355613249809222,1.5995602719276083,3.111666227690836,41.39172550956575,-73.4021713303924,10099,,41.4,-73.4,0.937738667822354
2024-05-10 12:54:00,140295802,1.855275362954104,1.2621394111538726,2.448411314754335,41.39172550956575,-73.4021713303924,10099,-0.8,41.4,-73.4,0.937738667822354
2024-05-10 12:55:00,140295802,2.280253125760788,1.5478190584197817,3.0126871931017947,41.39172550956575,-73.4021713303924,10099,,41.4,-73.4,0.937738667822354
2024-05-10 12:56:00,140295802,2.133365642307396,1.4498611694698318,2.8168701151449604,41.39172550956575,-73.4021713303924,10099,,41.4,-73.4,0.937738667822354
2024-05-10 12:57:00,140295802,1.9045192392398242,1.2929933719520965,2.516045106527552,41.39172550956575,-73.4021713303924,10099,,41.4,-73.4,0.937738667822354
2024-05-10 12:58:00,140295802,1.936980588543684,1.3153690358614223,2.5585921412259456,41.39172550956575,-73.4021713303924,10099,,41.4,-73.4,0.937738667822354
2024-05-10 12:59:00,140295802,1.5920487971682298,1.081658195239044,2.1024393990974155,41.39172550956575,-73.4021713303924,10099,,41.4,-73.4,0.937738667822354
2024-05-10 13:00:00,140295802,1.7405820076626943,1.1829281783998198,2.298235836925569,41.39172550956575,-73.4021713303924,10099,,41.4,-73.4,0.937738667822354
2024-05-10 13:01:00,140295802,1.7123004781423057,1.161518868693696,2.2630820875909157,41.39172550956575,-73.4021713303924,10099,,41.4,-73.4,0.937738667822354
2024-05-10 13:02:00,140295802,1.397101151129058,0.9510741372940883,1.8431281649640279,41.39172550956575,-73.4021713303924,10099,-0.4,41.4,-73.4,0.937738667822354
2024-05-10 13:03:00,140295802,1.7406293460749145,1.1781669136633086,2.3030917784865204,41.39172550956575,-73.4021713303924,10099,-0.3,41.4,-73.4,0.937738667822354
2024-05-10 13:04:00,140295802,1.2689007912438017,0.861848365149997,1.6759532173376064,41.39172550956575,-73.4021713303924,10099,,41.4,-73.4,0.937738667822354
2024-05-10 13:05:00,140295802,0.9804969529310862,0.6621950512311388,1.2987988546310336,41.39172550956575,-73.4021713303924,10099,,41.4,-73.4,0.937738667822354
2024-05-10 13:06:00,140295802,0.9511376972634691,0.6455471513826674,1.2567282431442708,41.39172550956575,-73.4021713303924,10099,,41.4,-73.4,0.937738667822354
2024-05-10 13:07:00,140295802,0.8234570054033944,0.5590172244136649,1.087896786393124,41.39172550956575,-73.4021713303924,10099,-0.7,41.4,-73.4,0.937738667822354
2024-05-10 13:08:00,140295802,0.9173389877890584,0.6217331866592828,1.212944788918834,41.39172550956575,-73.4021713303924,10099,,41.4,-73.4,0.937738667822354
2024-05-10 13:09:00,140295802,1.2563138790895467,0.8523410137433411,1.6602867444357523,41.39172550956575,-73.4021713303924,10099,,41.4,-73.4,0.937738667822354
2024-05-10 13:10:00,140295802,0.7199575466134196,0.48702842757729115,0.952886665649548,41.39172550956575,-73.4021713303924,10099,,41.4,-73.4,0.937738667822354
2024-05-10 13:11:00,140295802,0.8654744037261284,0.5795647860368167,1.15138402141544,41.39172550956575,-73.4021713303924,10099,,41.4,-73.4,0.937738667822354
2024-05-10 13:12:00,140295802,0.030665015261214727,0.012232789150579654,0.0490972413718498,41.39172550956575,-73.4021713303924,10099,,41.4,-73.4,0.937738667822354
2024-05-10 13:13:00,140295802,-0.6874980651831866,-0.9042432091874113,-0.4707529211789619,41.39172550956575,-73.4021713303924,10099,,41.4,-73.4,0.937738667822354
2024-05-10 13:14:00,140295802,-1.0158878809079193,-1.3408407287609438,-0.6909350330548947,41.39172550956575,-73.4021713303924,10099,,41.4,-73.4,0.937738667822354
2024-05-10 13:15:00,140295802,-0.7866807106816978,-1.036216501548609,-0.5371449198147867,41.39172550956575,-73.4021713303924,10099,,41.4,-73.4,0.937738667822354
2024-05-10 13:16:00,140295802,-0.6808276697806547,-0.9008938669584479,-0.4607614726028615,41.39172550956575,-73.4021713303924,10099,,41.4,-73.4,0.937738667822354
2024-05-10 13:17:00,140295802,0.40875731150906786,0.27728724948710837,0.5402273735310273,41.39172550956575,-73.4021713303924,10099,,41.4,-73.4,0.937738667822354
2024-05-10 13:18:00,140295802,1.2628294227640133,0.8584588923743197,1.667199953153707,41.39172550956575,-73.4021713303924,10099,,41.4,-73.4,0.937738667822354
2024-05-10 13:19:00,140295802,1.5479235228589903,1.0487591620384213,2.047087883679559,41.39172550956575,-73.4021713303924,10099,,41.4,-73.4,0.937738667822354
2024-05-10 13:20:00,140295802,1.3956337053898282,0.9490029506080337,1.8422644601716227,41.39172550956575,-73.4021713303924,10099,,41.4,-73.4,0.937738667822354
2024-05-10 13:21:00,140295802,1.4169865243865134,0.9626245481968522,1.8713485005761745,41.39172550956575,-73.4021713303924,10099,,41.4,-73.4,0.937738667822354
2024-05-10 13:22:00,140295802,1.4759240671058644,1.0057955901221167,1.9460525440896121,41.39172550956575,-73.4021713303924,10099,,41.4,-73.4,0.937738667822354
2024-05-10 13:23:00,140295802,1.6952639804746872,1.1515002423050127,2.239027718644362,41.39172550956575,-73.4021713303924,10099,,41.4,-73.4,0.937738667822354
2024-05-10 13:24:00,140295802,1.192878952077158,0.8124765377667846,1.5732813663875316,41.39172550956575,-73.4021713303924,10099,,41.4,-73.4,0.937738667822354
2024-05-10 13:25:00,140295802,1.0621489883589565,0.7217152937749893,1.4025826829429238,41.39172550956575,-73.4021713303924,10099,0.1,41.4,-73.4,0.937738667822354
2024-05-10 13:26:00,140295802,0.9517252399658499,0.650355376092977,1.2530951038387228,41.39172550956575,-73.4021713303924,10099,,41.4,-73.4,0.937738667822354
2024-05-10 13:27:00,140295802,1.0787751501365412,0.7323041860879941,1.4252461141850885,41.39172550956575,-73.4021713303924,10099,-0.6,41.4,-73.4,0.937738667822354
2024-05-10 13:28:00,140295802,1.1689323539049703,0.7965017865340285,1.5413629212759121,41.39172550956575,-73.4021713303924,10099,,41.4,-73.4,0.937738667822354
2024-05-10 13:29:00,140295802,1.0974651657997216,0.7442948983669495,1.4506354332324938,41.39172550956575,-73.4021713303924,10099,,41.4,-73.4,0.937738667822354
2024-05-10 13:30:00,140295802,0.7951740637832417,0.5412771859996106,1.0490709415668729,41.39172550956575,-73.4021713303924,10099,,41.4,-73.4,0.937738667822354
2024-05-10 13:31:00,140295802,0.8152973297096434,0.5505363759226993,1.0800582834965875,41.39172550956575,-73.4021713303924,10099,,41.4,-73.4,0.937738667822354
2024-05-10 13:32:00,140295802,0.2637801652862912,0.17687418753475587,0.3506861430378266,41.39172550956575,-73.4021713303924,10099,,41.4,-73.4,0.937738667822354
2024-05-10 13:33:00,140295802,0.323521264868422,0.21626196089182853,0.4307805688450154,41.39172550956575,-73.4021713303924,10099,,41.4,-73.4,0.937738667822354
2024-05-10 13:34:00,140295802,0.06825915818688527,0.034112749307762966,0.10240556706600758,41.39172550956575,-73.4021713303924,10099,-0.9,41.4,-73.4,0.937738667822354
2024-05-10 13:35:00,140295802,0.11982822873837368,0.07126139213099182,0.16839506534575555,41.39172550956575,-73.4021713303924,10099,,41.4,-73.4,0.937738667822354
2024-05-10 13:36:00,140295802,-0.4379919380098955,-0.5774103774369306,-0.2985734985828604,41.39172550956575,-73.4021713303924,10099,-0.3,41.4,-73.4,0.937738667822354
2024-05-10 13:37:00,140295802,0.3936739990996538,0.26193983922281777,0.5254081589764898,41.39172550956575,-73.4021713303924,10099,,41.4,-73.4,0.937738667822354
2024-05-10 13:38:00,140295802,0.07837186283186863,0.04999665710671408,0.10674706855702318,41.39172550956575,-73.4021713303924,10099,-0.6,41.4,-73.4,0.937738667822354
2024-05-10 13:39:00,140295802,0.6858181404626758,0.46131375295825067,0.9103225279671008,41.39172550956575,-73.4021713303924,10099,,41.4,-73.4,0.937738667822354
2024-05-10 13:40:00,140295802,0.07744684288124169,0.04281937540629415,0.11207431035618923,41.39172550956575,-73.4021713303924,10099,,41.4,-73.4,0.937738667822354
2024-05-10 13:41:00,140295802,0.7504116195933264,0.5045183775226093,0.9963048616640434,41.39172550956575,-73.4021713303924,10099,-1.4,41.4,-73.4,0.937738667822354
2024-05-10 13:42:00,140295802,-0.21821778342314532,-0.2914174386269992,-0.14501812821929141,41.39172550956575,-73.4021713303924,10099,,41.4,-73.4,0.937738667822354
2024-05-10 13:43:00,140295802,0.4501343979535246,0.3016098526295133,0.598658943277536,41.39172550956575,-73.4021713303924,10099,,41.4,-73.4,0.937738667822354
2024-05-10 13:44:00,140295802,0.620367488130591,0.4191170020379865,0.8216179742231954,41.39172550956575,-73.4021713303924,10099,,41.4,-73.4,0.937738667822354
2024-05-10 13:45:00,140295802,-0.11179119238821336,-0.14924992895333483,-0.07433245582309189,41.39172550956575,-73.4021713303924,10099,,41.4,-73.4,0.937738667822354
2024-05-10 13:46:00,140295802,-0.2054558436580021,-0.2739662448496972,-0.13694544246630697,41.39172550956575,-73.4021713303924,10099,,41.4,-73.4,0.937738667822354
2024-05-10 13:47:00,140295802,0.34488091738264365,0.23037631332605896,0.45938552143922834,41.39172550956575,-73.4021713303924,10099,,41.4,-73.4,0.937738667822354
2024-05-10 13:48:00,140295802,-0.33316349157862796,-0.4396597131390447,-0.22666727001821121,41.39172550956575,-73.4021713303924,10099,,41.4,-73.4,0.937738667822354
2024-05-10 13:49:00,140295802,0.00268976842892044,-0.008313252975740912,0.01369278983358179,41.39172550956575,-73.4021713303924,10099,,41.4,-73.4,0.937738667822354
2024-05-10 13:50:00,140295802,0.40751038786761445,0.2743248048406499,0.540695970894579,41.39172550956575,-73.4021713303924,10099,,41.4,-73.4,0.937738667822354
2024-05-10 13:51:00,140295802,-0.5157413669957553,-0.6828935538979736,-0.3485891800935371,41.39172550956575,-73.4021713303924,10099,-0.1,41.4,-73.4,0.937738667822354
2024-05-10 13:52:00,140295802,-0.7291441924291147,-0.9630772677605612,-0.4952111170976681,41.39172550956575,-73.4021713303924,10099,,41.4,-73.4,0.937738667822354
2024-05-10 13:53:00,140295802,-1.9093191922457893,-2.5188452040872065,-1.2997931804043719,41.39172550956575,-73.4021713303924,10099,,41.4,-73.4,0.937738667822354
2024-05-10 13:54:00,140295802,-2.67211333522223,-3.526576702475614,-1.8176499679688458,41.39172550956575,-73.4021713303924,10099,-0.4,41.4,-73.4,0.937738667822354
2024-05-10 13:55:00,140295802,-2.235654983828241,-2.949653852974552,-1.5216561146819299,41.39172550956575,-73.4021713303924,10099,,41.4,-73.4,0.937738667822354
2024-05-10 13:56:00,140295802,-1.2132706462141865,-1.5948956344235732,-0.8316456580047997,41.39172550956575,-73.4021713303924,10099,,41.4,-73.4,0.937738667822354
2024-05-10 13:57:00,140295802,-1.4060966280618108,-1.854070287680869,-0.9581229684427527,41.39172550956575,-73.4021713303924,10099,,41.4,-73.4,0.937738667822354
2024-05-10 13:58:00,140295802,-1.5960959823508012,-2.10461521378955,-1.0875767509120524,41.39172550956575,-73.4021713303924,10099,,41.4,-73.4,0.937738667822354
2024-05-10 13:59:00,140295802,-0.8957986970593158,-1.1801246128988292,-0.6114727812198024,41.39172550956575,-73.4021713303924,10099,0.2,41.4,-73.4,0.937738667822354
2024-05-10 14:00:00,140295802,-1.027569623556651,-1.3547966918270005,-0.7003425552863014,41.39172550956575,-73.4021713303924,10099,,41.4,-73.4,0.937738667822354
2024-05-10 14:01:00,140295802,-1.2617261889659073,-1.6663310600011036,-0.8571213179307109,41.39172550956575,-73.4021713303924,10099,0.0,41.4,-73.4,0.937738667822354
2024-05-10 14:02:00,140295802,-1.3814680701434463,-1.8254504706991408,-0.9374856695877518,41.39172550956575,-73.4021713303924,10099,,41.4,-73.4,0.937738667822354
2024-05-10 14:03:00,140295802,-1.6553288928996353,-2.1870077966099926,-1.123649989189278,41.39172550956575,-73.4021713303924,10099,0.0,41.4,-73.4,0.937738667822354
2024-05-10 14:04:00,140295802,-2.390626282097403,-3.1561258782779253,-1.6251266859168803,41.39172550956575,-73.4021713303924,10099,,41.4,-73.4,0.937738667822354
2024-05-10 14:05:00,140295802,-1.998117925081038,-2.6383104866858553,-1.3579253634762205,41.39172550956575,-73.4021713303924,10099,,41.4,-73.4,0.937738667822354
2024-05-10 14:06:00,140295802,-2.154439588238422,-2.844814450612047,-1.4640647258647967,41.39172550956575,-73.4021713303924,10099,0.3,41.4,-73.4,0.937738667822354
2024-05-10 14:07:00,140295802,-1.7607464447505492,-2.320704393316886,-1.2007884961842126,41.39172550956575,-73.4021713303924,10099,0.2,41.4,-73.4,0.937738667822354
2024-05-10 14:08:00,140295802,-2.086778186840521,-2.7561131388892663,-1.4174432347917758,41.39172550956575,-73.4021713303924,10099,,41.4,-73.4,0.937738667822354
2024-05-10 14:09:00,140295802,-2.1198502437662063,-2.797351020132312,-1.4423494674001005,41.39172550956575,-73.4021713303924,10099,,41.4,-73.4,0.937738667822354
2024-05-10 14:10:00,140295802,-1.76915331845893,-2.3340507736728116,-1.2042558632450486,41.39172550956575,-73.4021713303924,10099,,41.4,-73.4,0.937738667822354
2024-05-10 14:11:00,140295802,-1.7198721349687505,-2.2687310922789914,-1.1710131776585095,41.39172550956575,-73.4021713303924,10099,,41.4,-73.4,0.937738667822354
2024-05-10 14:12:00,140295802,-1.724259037645837,-2.2732100097178805,-1.1753080655737937,41.39172550956575,-73.4021713303924,10099,,41.4,-73.4,0.937738667822354
2024-05-10 14:13:00,140295802,-1.8578146825308788,-2.449252652265487,-1.2663767127962706,41.39172550956575,-73.4021713303924,10099,,41.4,-73.4,0.937738667822354
2024-05-10 14:14:00,140295802,-1.5116941289495407,-1.9933305312909342,-1.0300577266081472,41.39172550956575,-73.4021713303924,10099,,41.4,-73.4,0.937738667822354
2024-05-10 14:15:00,140295802,-1.2202158155372567,-1.6057967015285695,-0.8346349295459439,41.39172550956575,-73.4021713303924,10099,,41.4,-73.4,0.937738667822354
2024-05-10 14:16:00,140295802,-2.054368084908129,-2.71185333208188,-1.3968828377343787,41.39172550956575,-73.4021713303924,10099,,41.4,-73.4,0.937738667822354
2024-05-10 14:17:00,140295802,-1.6258675597215955,-2.142464363485516,-1.1092707559576749,41.39172550956575,-73.4021713303924,10099,,41.4,-73.4,0.937738667822354
2024-05-10 14:18:00,140295802,-1.8797451498962583,-2.4780223669011465,-1.28146793289137,41.39172550956575,-73.4021713303924,10099,,41.4,-73.4,0.937738667822354
2024-05-10 14:19:00,140295802,-1.886151843650598,-2.489671858793887,-1.2826318285073088,41.39172550956575,-73.4021713303924,10099,,41.4,-73.4,0.937738667822354
2024-05-10 14:20:00,140295802,-0.9754858056554818,-1.2824141643179723,-0.6685574469929915,41.39172550956575,-73.4021713303924,10099,0.0,41.4,-73.4,0.937738667822354
2024-05-10 14:21:00,140295802,-1.6392894104907387,-2.164494131576437,-1.11408468940504,41.39172550956575,-73.4021713303924,10099,-0.1,41.4,-73.4,0.937738667822354
2024-05-10 14:22:00,140295802,-1.482548166934709,-1.9503477244229037,-1.0147486094465141,41.39172550956575,-73.4021713303924,10099,,41.4,-73.4,0.937738667822354
2024-05-10 14:23:00,140295802,-2.4403156116791536,-3.221819885675507,-1.6588113376828,41.39172550956575,-73.4021713303924,10099,0.5,41.4,-73.4,0.937738667822354
2024-05-10 14:24:00,140295802,-3.1256953053605887,-4.130735492588748,-2.120655118132429,41.39172550956575,-73.4021713303924,10099,,41.4,-73.4,0.937738667822354
2024-05-10 14:25:00,140295802,-0.14894999622747787,-0.21439554165972313,-0.0835044507952326,41.39172550956575,-73.4021713303924,10099,,41.4,-73.4,0.937738667822354
2024-05-10 14:26:00,140295802,-2.0347347889179574,-2.6891649733484053,-1.3803046044875094,41.39172550956575,-73.4021713303924,10099,,41.4,-73.4,0.937738667822354
2024-05-10 14:27:00,140295802,-0.4449860996993861,-0.5830986732657345,-0.30687352613303764,41.39172550956575,-73.4021713303924,10099,,41.4,-73.4,0.937738667822354
2024-05-10 14:28:00,140295802,-1.68038833320589,-2.2198368127686985,-1.1409398536430813,41.39172550956575,-73.4021713303924,10099,,41.4,-73.4,0.937738667822354
2024-05-10 14:29:00,140295802,0.720098217403082,0.4838145028127969,0.9563819319933671,41.39172550956575,-73.4021713303924,10099,0.0,41.4,-73.4,0.937738667822354
2024-05-10 14:30:00,140295802,0.007127736104536454,-0.025526162404443904,0.03978163461351681,41.39172550956575,-73.4021713303924,10099,,41.4,-73.4,0.937738667822354
2024-05-10 14:31:00,140295802,-0.7097615147182218,-0.9402238425237878,-0.47929918691265583,41.39172550956575,-73.4021713303924,10099,,41.4,-73.4,0.937738667822354
2024-05-10 14:32:00,140295802,-2.1012581069218483,-2.7942528763146544,-1.4082633375290423,41.39172550956575,-73.4021713303924,10099,,41.4,-73.4,0.937738667822354
2024-05-10 14:33:00,140295802,-0.865071472331396,-1.1463114416503093,-0.5838315030124828,41.39172550956575,-73.4021713303924,10099,,41.4,-73.4,0.937738667822354
2024-05-10 14:34:00,140295802,-0.5662695698645479,-0.764464512078133,-0.36807462765096277,41.39172550956575,-73.4021713303924,10099,,41.4,-73.4,0.937738667822354
2024-05-10 14:35:00,140295802,-0.036392172008990906,-0.049887621897355586,-0.022896722120626226,41.39172550956575,-73.4021713303924,10099,,41.4,-73.4,0.937738667822354
2024-05-10 14:36:00,140295802,-0.20766954611342653,-0.2805897773874332,-0.13474931483941985,41.39172550956575,-73.4021713303924,10099,,41.4,-73.4,0.937738667822354
2024-05-10 14:37:00,140295802,0.6607992026889533,0.4408254327244752,0.8807729726534315,41.39172550956575,-73.4021713303924,10099,,41.4,-73.4,0.937738667822354
2024-05-10 14:38:00,140295802,-0.7467581024370098,-0.9888518462793354,-0.5046643585946842,41.39172550956575,-73.4021713303924,10099,,41.4,-73.4,0.937738667822354
2024-05-10 14:39:00,140295802,0.6407602888935789,0.43913524990571884,0.842385327881439,41.39172550956575,-73.4021713303924,10099,0.5,41.4,-73.4,0.937738667822354
2024-05-10 14:40:00,140295802,-1.5697388254610218,-2.0823276499186902,-1.0571500010033534,41.39172550956575,-73.4021713303924,10099,,41.4,-73.4,0.937738667822354
2024-05-10 14:41:00,140295802,-1.0857686566230946,-1.4441132687373415,-0.7274240445088479,41.39172550956575,-73.4021713303924,10099,,41.4,-73.4,0.937738667822354
2024-05-10 14:42:00,140295802,-0.3555837143165874,-0.4793480908907211,-0.23181933774245372,41.39172550956575,-73.4021713303924,10099,,41.4,-73.4,0.937738667822354
2024-05-10 14:43:00,140295802,-0.10471277092443429,-0.15143941662776217,-0.05798612522110641,41.39172550956575,-73.4021713303924,10099,,41.4,-73.4,0.937738667822354
2024-05-10 14:44:00,140295802,-0.032486904125025626,-0.06287662380046756,-0.002097184449583695,41.39172550956575,-73.4021713303924,10099,,41.4,-73.4,0.937738667822354
2024-05-10 14:45:00,140295802,-0.3571287926968028,-0.47460349438392607,-0.23965409100967955,41.39172550956575,-73.4021713303924,10099,0.7,41.4,-73.4,0.937738667822354
2024-05-10 14:46:00,140295802,-1.4864197065656943,-1.9726178988733796,-1.000221514258009,41.39172550956575,-73.4021713303924,10099,,41.4,-73.4,0.937738667822354
2024-05-10 14:47:00,140295802,-1.5415810150908946,-2.038433474548247,-1.0447285556335424,41.39172550956575,-73.4021713303924,10099,0.7,41.4,-73.4,0.937738667822354
2024-05-10 14:48:00,140295802,-3.2563517051830626,-4.310954710569518,-2.2017486997966076,41.39172550956575,-73.4021713303924,10099,,41.4,-73.4,0.937738667822354
2024-05-10 14:49:00,140295802,-2.5388682201542054,-3.351414922847943,-1.7263215174604678,41.39172550956575,-73.4021713303924,10099,,41.4,-73.4,0.937738667822354
2024-05-10 14:50:00,140295802,-2.3311410573939035,-3.079321580412609,-1.582960534375198,41.39172550956575,-73.4021713303924,10099,,41.4,-73.4,0.937738667822354
2024-05-10 14:51:00,140295802,-2.7791623619564794,-3.6738378606286877,-1.884486863284271,41.39172550956575,-73.4021713303924,10099,,41.4,-73.4,0.937738667822354
2024-05-10 14:52:00,140295802,-2.426580671305047,-3.2137996299166174,-1.6393617126934765,41.39172550956575,-73.4021713303924,10099,,41.4,-73.4,0.937738667822354
2024-05-10 14:53:00,140295802,-2.598795969982195,-3.4184063972637384,-1.7791855427006513,41.39172550956575,-73.4021713303924,10099,,41.4,-73.4,0.937738667822354
2024-05-10 14:54:00,140295802,-1.4817436346434112,-1.9532009941907582,-1.0102862750960642,41.39172550956575,-73.4021713303924,10099,,41.4,-73.4,0.937738667822354
2024-05-10 14:55:00,140295802,-1.8522066846676637,-2.44171085177273,-1.2627025175625972,41.39172550956575,-73.4021713303924,10099,,41.4,-73.4,0.937738667822354
2024-05-10 14:56:00,140295802,-2.358719524808396,-3.1105321854288106,-1.6069068641879816,41.39172550956575,-73.4021713303924,10099,,41.4,-73.4,0.937738667822354
2024-05-10 14:57:00,140295802,-5.015711573132298,-6.623639626859094,-3.407783519405501,41.39172550956575,-73.4021713303924,10099,,41.4,-73.4,0.937738667822354
2024-05-10 14:58:00,140295802,-7.14750151556536,-9.448998511966042,-4.846004519164678,41.39172550956575,-73.4021713303924,10099,0.1,41.4,-73.4,0.937738667822354
2024-05-10 14:59:00,140295802,-7.6791917238020355,-10.150821169463693,-5.207562278140378,41.39172550956575,-73.4021713303924,10099,,41.4,-73.4,0.937738667822354
2024-05-10 15:00:00,140295802,-8.651074625794452,-11.43067886256178,-5.871470389027124,41.39172550956575,-73.4021713303924,10099,,41.4,-73.4,0.937738667822354
2024-05-10 15:01:00,140295802,-7.258598052768181,-9.591243668481411,-4.92595243705495,41.39172550956575,-73.4021713303924,10099,,41.4,-73.4,0.937738667822354
2024-05-10 15:02:00,140295802,-6.131319272787051,-8.099883608943417,-4.1627549366306855,41.39172550956575,-73.4021713303924,10099,,41.4,-73.4,0.937738667822354
2024-05-10 15:03:00,140295802,-5.593014042180283,-7.3926644257950915,-3.7933636585654757,41.39172550956575,-73.4021713303924,10099,,41.4,-73.4,0.937738667822354
2024-05-10 15:04:00,140295802,-6.275375190235319,-8.295631752958183,-4.255118627512456,41.39172550956575,-73.4021713303924,10099,,41.4,-73.4,0.937738667822354
2024-05-10 15:05:00,140295802,-3.5561929627468714,-4.695663342629212,-2.4167225828645313,41.39172550956575,-73.4021713303924,10099,,41.4,-73.4,0.937738667822354
2024-05-10 15:06:00,140295802,-4.905594884303579,-6.488343066775468,-3.322846701831689,41.39172550956575,-73.4021713303924,10099,,41.4,-73.4,0.937738667822354
2024-05-10 15:07:00,140295802,-5.481781600411972,-7.251831254305414,-3.7117319465185306,41.39172550956575,-73.4021713303924,10099,,41.4,-73.4,0.937738667822354
2024-05-10 15:08:00,140295802,-5.711140475775066,-7.551266570901495,-3.8710143806486363,41.39172550956575,-73.4021713303924,10099,,41.4,-73.4,0.937738667822354
2024-05-10 15:09:00,140295802,-4.749861301634843,-6.284378439443455,-3.2153441638262317,41.39172550956575,-73.4021713303924,10099,,41.4,-73.4,0.937738667822354
2024-05-10 15:10:00,140295802,-4.244074016137231,-5.616034406528432,-2.872113625746029,41.39172550956575,-73.4021713303924,10099,,41.4,-73.4,0.937738667822354
2024-05-10 15:11:00,140295802,-3.749465313023493,-4.958537392367512,-2.540393233679475,41.39172550956575,-73.4021713303924,10099,0.4,41.4,-73.4,0.937738667822354
2024-05-10 15:12:00,140295802,-3.752541167843611,-4.9637256413762145,-2.5413566943110073,41.39172550956575,-73.4021713303924,10099,,41.4,-73.4,0.937738667822354
2024-05-10 15:13:00,140295802,-2.2901610285417178,-3.0301466511081774,-1.5501754059752584,41.39172550956575,-73.4021713303924,10099,,41.4,-73.4,0.937738667822354
2024-05-10 15:14:00,140295802,-2.573694281186675,-3.411691165748091,-1.7356973966252591,41.39172550956575,-73.4021713303924,10099,,41.4,-73.4,0.937738667822354
2024-05-10 15:15:00,140295802,-2.2227190145125664,-2.945560818270941,-1.4998772107541913,41.39172550956575,-73.4021713303924,10099,,41.4,-73.4,0.937738667822354
2024-05-10 15:16:00,140295802,-2.155449449343789,-2.8649574559485638,-1.4459414427390138,41.39172550956575,-73.4021713303924,10099,,41.4,-73.4,0.937738667822354
2024-05-10 15:17:00,140295802,-1.9777695503001822,-2.6173051428822074,-1.338233957718157,41.39172550956575,-73.4021713303924,10099,,41.4,-73.4,0.937738667822354
2024-05-10 15:18:00,140295802,-3.666058798182877,-4.8524171941614025,-2.4797004022043514,41.39172550956575,-73.4021713303924,10099,,41.4,-73.4,0.937738667822354
2024-05-10 15:19:00,140295802,-2.9527145661507035,-3.9151719944777366,-1.9902571378236704,41.39172550956575,-73.4021713303924,10099,,41.4,-73.4,0.937738667822354
2024-05-10 15:20:00,140295802,-2.7218276672345354,-3.6039369680709266,-1.8397183663981442,41.39172550956575,-73.4021713303924,10099,,41.4,-73.4,0.937738667822354
2024-05-10 15:21:00,140295802,-3.2671007449764358,-4.325220437675158,-2.2089810522777134,41.39172550956575,-73.4021713303924,10099,,41.4,-73.4,0.937738667822354
2024-05-10 15:22:00,140295802,-3.9818700429490934,-5.263568983356704,-2.700171102541483,41.39172550956575,-73.4021713303924,10099,,41.4,-73.4,0.937738667822354
2024-05-10 15:23:00,140295802,-3.81099725172932,-5.028597221449607,-2.5933972820090334,41.39172550956575,-73.4021713303924,10099,,41.4,-73.4,0.937738667822354
2024-05-10 15:24:00,140295802,-4.415860909865913,-5.842347020771575,-2.989374798960251,41.39172550956575,-73.4021713303924,10099,,41.4,-73.4,0.937738667822354
2024-05-10 15:25:00,140295802,-3.2088782103139355,-4.23577425932931,-2.181982161298561,41.39172550956575,-73.4021713303924,10099,,41.4,-73.4,0.937738667822354
2024-05-10 15:26:00,140295802,-1.8513182925251792,-2.444956297592038,-1.2576802874583204,41.39172550956575,-73.4021713303924,10099,,41.4,-73.4,0.937738667822354
2024-05-10 15:27:00,140295802,0.11276489449314829,0.07429896648488726,0.15123082250140932,41.39172550956575,-73.4021713303924,10099,,41.4,-73.4,0.937738667822354
2024-05-10 15:28:00,140295802,-0.017453525328182923,-0.041158438858735644,0.0062513882023698016,41.39172550956575,-73.4021713303924,10099,-0.2,41.4,-73.4,0.937738667822354
2024-05-10 15:29:00,140295802,0.2505167810932586,0.16941594455708203,0.33161761762943515,41.39172550956575,-73.4021713303924,10099,0.1,41.4,-73.4,0.937738667822354
2024-05-10 15:30:00,140295802,-1.5408560758022438,-2.051608848990478,-1.0301033026140098,41.39172550956575,-73.4021713303924,10099,,41.4,-73.4,0.937738667822354
2024-05-10 15:31:00,140295802,-2.547082228245293,-3.3786663221725264,-1.7154981343180595,41.39172550956575,-73.4021713303924,10099,,41.4,-73.4,0.937738667822354
2024-05-10 15:32:00,140295802,-5.8418247297891694,-7.731805337582085,-3.9518441219962535,41.39172550956575,-73.4021713303924,10099,,41.4,-73.4,0.937738667822354
2024-05-10 15:33:00,140295802,-7.427960332772487,-9.817026924650513,-5.03889374089446,41.39172550956575,-73.4021713303924,10099,,41.4,-73.4,0.937738667822354
2024-05-10 15:34:00,140295802,-2.736591547652892,-3.606136692533786,-1.8670464027719982,41.39172550956575,-73.4021713303924,10099,,41.4,-73.4,0.937738667822354
2024-05-10 15:35:00,140295802,-0.7206140324323996,-0.9430698090503864,-0.4981582558144128,41.39172550956575,-73.4021713303924,10099,,41.4,-73.4,0.937738667822354
2024-05-10 15:36:00,140295802,-0.9178531792453656,-1.204146949682957,-0.6315594088077741,41.39172550956575,-73.4021713303924,10099,,41.4,-73.4,0.937738667822354
2024-05-10 15:37:00,140295802,0.08739296890845415,0.03567417769919324,0.13911176011771506,41.39172550956575,-73.4021713303924,10099,0.4,41.4,-73.4,0.937738667822354
2024-05-10 15:38:00,140295802,-4.051862779715306,-5.368881908496413,-2.7348436509341996,41.39172550956575,-73.4021713303924,10099,,41.4,-73.4,0.937738667822354
2024-05-10 15:39:00,140295802,-3.12273033923075,-4.128306137236036,-2.117154541225464,41.39172550956575,-73.4021713303924,10099,-0.2,41.4,-73.4,0.937738667822354
2024-05-10 15:40:00,140295802,0.41141353307623313,0.2699767802119306,0.5528502859405356,41.39172550956575,-73.4021713303924,10099,,41.4,-73.4,0.937738667822354
2024-05-10 15:41:00,140295802,-1.4426212197631822,-1.9038006937621024,-0.9814417457642621,41.39172550956575,-73.4021713303924,10099,,41.4,-73.4,0.937738667822354
2024-05-10 15:42:00,140295802,-2.9947790652886965,-3.955821589499065,-2.033736541078328,41.39172550956575,-73.4021713303924,10099,0.7,41.4,-73.4,0.937738667822354
2024-05-10 15:43:00,140295802,-3.7523505013986935,-4.956169240924579,-2.548531761872808,41.39172550956575,-73.4021713303924,10099,,41.4,-73.4,0.937738667822354
2024-05-10 15:44:00,140295802,-2.342953938962822,-3.100735731525278,-1.5851721464003659,41.39172550956575,-73.4021713303924,10099,,41.4,-73.4,0.937738667822354
2024-05-10 15:45:00,140295802,-1.8712295611251266,-2.484134728275943,-1.25832439397431,41.39172550956575,-73.4021713303924,10099,,41.4,-73.4,0.937738667822354
2024-05-10 15:46:00,140295802,-2.074869011577807,-2.747153085799285,-1.4025849373563288,41.39172550956575,-73.4021713303924,10099,0.3,41.4,-73.4,0.937738667822354
2024-05-10 15:47:00,140295802,-1.8494313915719962,-2.438397407858442,-1.2604653752855506,41.39172550956575,-73.4021713303924,10099,,41.4,-73.4,0.937738667822354
2024-05-10 15:48:00,140295802,-1.1029096398885387,-1.4513045144631918,-0.7545147653138857,41.39172550956575,-73.4021713303924,10099,,41.4,-73.4,0.937738667822354
2024-05-10 15:49:00,140295802,-1.5784334516465515,-2.08150218728896,-1.075364716004143,41.39172550956575,-73.4021713303924,10099,0.4,41.4,-73.4,0.937738667822354
2024-05-10 15:50:00,140295802,-2.7548928703729967,-3.644526344216979,-1.8652593965290145,41.39172550956575,-73.4021713303924,10099,,41.4,-73.4,0.937738667822354
2024-05-10 15:51:00,140295802,-1.3011335290987092,-1.7256779079458084,-0.8765891502516099,41.39172550956575,-73.4021713303924,10099,,41.4,-73.4,0.937738667822354
2024-05-10 15:52:00,140295802,-2.9831755649774596,-3.96318542756607,-2.0031657023888494,41.39172550956575,-73.4021713303924,10099,-0.1,41.4,-73.4,0.937738667822354
2024-05-10 15:53:00,140295802,-2.6609388326194354,-3.524345661000333,-1.7975320042385379,41.39172550956575,-73.4021713303924,10099,,41.4,-73.4,0.937738667822354
2024-05-10 15:54:00,140295802,-1.3982526468752619,-1.8526328022113128,-0.9438724915392109,41.39172550956575,-73.4021713303924,10099,,41.4,-73.4,0.937738667822354
2024-05-10 15:55:00,140295802,-0.4021572824894336,-0.5308011585948146,-0.27351340638405264,41.39172550956575,-73.4021713303924,10099,,41.4,-73.4,0.937738667822354
2024-05-10 15:56:00,140295802,-1.5344362347795253,-2.0397712258423946,-1.029101243716656,41.39172550956575,-73.4021713303924,10099,,41.4,-73.4,0.937738667822354
2024-05-10 15:57:00,140295802,-2.597417775177418,-3.441559282014217,-1.7532762683406184,41.39172550956575,-73.4021713303924,10099,,41.4,-73.4,0.937738667822354
2024-05-10 15:58:00,140295802,-3.2450537414180305,-4.295000516046637,-2.1951069667894236,41.39172550956575,-73.4021713303924,10099,,41.4,-73.4,0.937738667822354
2024-05-10 15:59:00,140295802,-1.4284041896649171,-1.883815287159599,-0.9729930921702353,41.39172550956575,-73.4021713303924,10099,,41.4,-73.4,0.937738667822354
2024-05-10 16:00:00,140295802,-0.6983292265643452,-0.927129203359192,-0.4695292497694983,41.39172550956575,-73.4021713303924,10099,,41.4,-73.4,0.937738667822354
2024-05-10 16:01:00,140295802,0.8462107819049878,0.5707157501461455,1.12170581366383,41.39172550956575,-73.4021713303924,10099,,41.4,-73.4,0.937738667822354
2024-05-10 16:02:00,140295802,-0.03184428578454191,-0.06880908088639985,0.00512050931731603,41.39172550956575,-73.4021713303924,10099,,41.4,-73.4,0.937738667822354
2024-05-10 16:03:00,140295802,-0.9308089680017385,-1.2401250795263696,-0.6214928564771074,41.39172550956575,-73.4021713303924,10099,,41.4,-73.4,0.937738667822354
2024-05-10 16:04:00,140295802,-1.6590235320697153,-2.201028276036395,-1.1170187881030356,41.39172550956575,-73.4021713303924,10099,,41.4,-73.4,0.937738667822354
2024-05-10 16:05:00,140295802,-0.7710296305125219,-1.018901736668218,-0.5231575243568258,41.39172550956575,-73.4021713303924,10099,,41.4,-73.4,0.937738667822354
2024-05-10 16:06:00,140295802,-0.36674731037110314,-0.4888272653322775,-0.2446673554099288,41.39172550956575,-73.4021713303924,10099,,41.4,-73.4,0.937738667822354
2024-05-10 16:07:00,140295802,0.939936415182618,0.6370249577728775,1.2428478725923584,41.39172550956575,-73.4021713303924,10099,,41.4,-73.4,0.937738667822354
2024-05-10 16:08:00,140295802,-1.02450154370682,-1.3689088366855549,-0.6800942507280848,41.39172550956575,-73.4021713303924,10099,,41.4,-73.4,0.937738667822354
2024-05-10 16:09:00,140295802,1.385394879040264,0.9261430095212466,1.8446467485592812,41.39172550956575,-73.4021713303924,10099,,41.4,-73.4,0.937738667822354
2024-05-10 16:10:00,140295802,0.22573901261938245,0.1510958580328164,0.3003821672059485,41.39172550956575,-73.4021713303924,10099,,41.4,-73.4,0.937738667822354
2024-05-10 16:11:00,140295802,1.3708314327219673,0.9285740428284024,1.8130888226155322,41.39172550956575,-73.4021713303924,10099,0.4,41.4,-73.4,0.937738667822354
2024-05-10 16:12:00,140295802,-1.0061519495526652,-1.3474965138398975,-0.6648073852654328,41.39172550956575,-73.4021713303924,10099,,41.4,-73.4,0.937738667822354
2024-05-10 16:13:00,140295802,0.7912263237593467,0.5297131208653196,1.0527395266533737,41.39172550956575,-73.4021713303924,10099,,41.4,-73.4,0.937738667822354
2024-05-10 16:14:00,140295802,0.3765924602821656,0.25821125171255965,0.4949736688517715,41.39172550956575,-73.4021713303924,10099,,41.4,-73.4,0.937738667822354
2024-05-10 16:15:00,140295802,1.8568925780610632,1.2488070835915803,2.4649780725305463,41.39172550956575,-73.4021713303924,10099,,41.4,-73.4,0.937738667822354
2024-05-10 16:16:00,140295802,0.8749960828992657,0.5935422335087843,1.156449932289747,41.39172550956575,-73.4021713303924,10099,,41.4,-73.4,0.937738667822354
2024-05-10 16:17:00,140295802,2.888310177359067,1.943903353435128,3.8327170012830063,41.39172550956575,-73.4021713303924,10099,,41.4,-73.4,0.937738667822354
2024-05-10 16:18:00,140295802,2.500181355870756,1.696824577952758,3.303538133788754,41.39172550956575,-73.4021713303924,10099,,41.4,-73.4,0.937738667822354
2024-05-10 16:19:00,140295802,2.6485854901914907,1.7877590909411745,3.509411889441807,41.39172550956575,-73.4021713303924,10099,,41.4,-73.4,0.937738667822354
2024-05-10 16:20:00,140295802,2.631043640070392,1.785702661824899,3.4763846183158846,41.39172550956575,-73.4021713303924,10099,,41.4,-73.4,0.937738667822354
2024-05-10 16:21:00,140295802,2.2999067048829303,1.5577037253361223,3.042109684429738,41.39172550956575,-73.4021713303924,10099,,41.4,-73.4,0.937738667822354
2024-05-10 16:22:00,140295802,1.410534300974437,0.963949805960717,1.8571187959881572,41.39172550956575,-73.4021713303924,10099,,41.4,-73.4,0.937738667822354
2024-05-10 16:23:00,140295802,1.1214371111458705,0.7567988886474997,1.4860753336442414,41.39172550956575,-73.4021713303924,10099,0.2,41.4,-73.4,0.937738667822354
2024-05-10 16:24:00,140295802,3.58250340677443,2.425386196647999,4.7396206169008614,41.39172550956575,-73.4021713303924,10099,,41.4,-73.4,0.937738667822354
2024-05-10 16:25:00,140295802,2.4537307889688584,1.6690883145937683,3.2383732633439486,41.39172550956575,-73.4021713303924,10099,,41.4,-73.4,0.937738667822354
2024-05-10 16:26:00,140295802,1.8577593407385928,1.265813735743793,2.4497049457333926,41.39172550956575,-73.4021713303924,10099,,41.4,-73.4,0.937738667822354
2024-05-10 16:27:00,140295802,1.069294812797305,0.7180156583324221,1.4205739672621878,41.39172550956575,-73.4021713303924,10099,-1.2,41.4,-73.4,0.937738667822354
2024-05-10 16:28:00,140295802,1.6621132292843104,1.1295113851060992,2.194715073462522,41.39172550956575,-73.4021713303924,10099,,41.4,-73.4,0.937738667822354
2024-05-10 16:29:00,140295802,3.616323445375103,2.448304944487964,4.784341946262241,41.39172550956575,-73.4021713303924,10099,,41.4,-73.4,0.937738667822354
2024-05-10 16:30:00,140295802,3.7721279215693175,2.5562301024041405,4.988025740734495,41.39172550956575,-73.4021713303924,10099,,41.4,-73.4,0.937738667822354
2024-05-10 16:31:00,140295802,3.4923159553293597,2.3614114311076104,4.623220479551109,41.39172550956575,-73.4021713303924,10099,,41.4,-73.4,0.937738667822354
2024-05-10 16:32:00,140295802,1.9121325857806624,1.2974258220940822,2.5268393494672425,41.39172550956575,-73.4021713303924,10099,,41.4,-73.4,0.937738667822354
2024-05-10 16:33:00,140295802,2.7488587178980795,1.8542469532720396,3.643470482524119,41.39172550956575,-73.4021713303924,10099,,41.4,-73.4,0.937738667822354
2024-05-10 16:34:00,140295802,1.2167838498539196,0.8213878375080832,1.612179862199756,41.39172550956575,-73.4021713303924,10099,,41.4,-73.4,0.937738667822354
2024-05-10 16:35:00,140295802,2.309495951821631,1.5610888841457298,3.057903019497532,41.39172550956575,-73.4021713303924,10099,,41.4,-73.4,0.937738667822354
2024-05-10 16:36:00,140295802,1.0832832415301101,0.7392179083205478,1.4273485747396726,41.39172550956575,-73.4021713303924,10099,,41.4,-73.4,0.937738667822354
2024-05-10 16:37:00,140295802,3.982259199434056,2.6919511653826955,5.272567233485416,41.39172550956575,-73.4021713303924,10099,,41.4,-73.4,0.937738667822354
2024-05-10 16:38:00,140295802,1.3403193609681643,0.9167599992355637,1.7638787227007648,41.39172550956575,-73.4021713303924,10099,,41.4,-73.4,0.937738667822354
2024-05-10 16:39:00,140295802,3.5662560388259124,2.4116035266710574,4.720908550980767,41.39172550956575,-73.4021713303924,10099,,41.4,-73.4,0.937738667822354
2024-05-10 16:40:00,140295802,1.2967265933602674,0.8899442940046777,1.703508892715857,41.39172550956575,-73.4021713303924,10099,,41.4,-73.4,0.937738667822354
2024-05-10 16:41:00,140295802,2.2459039064427664,1.5123376423905608,2.979470170494972,41.39172550956575,-73.4021713303924,10099,,41.4,-73.4,0.937738667822354
2024-05-10 16:42:00,140295802,1.073460265583263,0.7297967752197076,1.4171237559468184,41.39172550956575,-73.4021713303924,10099,,41.4,-73.4,0.937738667822354
2024-05-10 16:43:00,140295802,2.02038388084947,1.3584477201274439,2.6823200415714963,41.39172550956575,-73.4021713303924,10099,,41.4,-73.4,0.937738667822354
2024-05-10 16:44:00,140295802,1.0509344618347354,0.7171538722235573,1.3847150514459134,41.39172550956575,-73.4021713303924,10099,,41.4,-73.4,0.937738667822354
2024-05-10 16:45:00,140295802,3.009891455260136,2.025887285268751,3.993895625251521,41.39172550956575,-73.4021713303924,10099,,41.4,-73.4,0.937738667822354
2024-05-10 16:46:00,140295802,1.3568707697074813,0.928731469888323,1.7850100695266398,41.39172550956575,-73.4021713303924,10099,0.1,41.4,-73.4,0.937738667822354
2024-05-10 16:47:00,140295802,2.6271091687649415,1.7737298984181658,3.480488439111717,41.39172550956575,-73.4021713303924,10099,,41.4,-73.4,0.937738667822354
2024-05-10 16:48:00,140295802,2.744384746354325,1.858655105864949,3.6301143868437014,41.39172550956575,-73.4021713303924,10099,,41.4,-73.4,0.937738667822354
2024-05-10 16:49:00,140295802,6.317355942009087,4.261549233715818,8.373162650302355,41.39172550956575,-73.4021713303924,10099,,41.4,-73.4,0.937738667822354
2024-05-10 16:50:00,140295802,5.804010201366922,3.9337309758434817,7.674289426890363,41.39172550956575,-73.4021713303924,10099,,41.4,-73.4,0.937738667822354
2024-05-10 16:51:00,140295802,7.356982290296626,4.9760021431248465,9.737962437468406,41.39172550956575,-73.4021713303924,10099,,41.4,-73.4,0.937738667822354
2024-05-10 16:52:00,140295802,5.23908380532922,3.562767665822585,6.915399944835855,41.39172550956575,-73.4021713303924,10099,,41.4,-73.4,0.937738667822354
2024-05-10 16:53:00,140295802,6.42063225839371,4.338501431070604,8.502763085716817,41.39172550956575,-73.4021713303924,10099,,41.4,-73.4,0.937738667822354
2024-05-10 16:54:00,140295802,4.792512614027898,3.247180830088265,6.337844397967531,41.39172550956575,-73.4021713303924,10099,,41.4,-73.4,0.937738667822354
2024-05-10 16:55:00,140295802,4.275743570692258,2.875822525326142,5.675664616058374,41.39172550956575,-73.4021713303924,10099,,41.4,-73.4,0.937738667822354
2024-05-10 16:56:00,140295802,3.4492437176238324,2.331499867103034,4.566987568144631,41.39172550956575,-73.4021713303924,10099,,41.4,-73.4,0.937738667822354
2024-05-10 16:57:00,140295802,6.336918599922257,4.290536732135488,8.383300467709025,41.39172550956575,-73.4021713303924,10099,0.6,41.4,-73.4,0.937738667822354
2024-05-10 16:58:00,140295802,3.8084336567044557,2.595513031870719,5.021354281538192,41.39172550956575,-73.4021713303924,10099,,41.4,-73.4,0.937738667822354
2024-05-10 16:59:00,140295802,7.836450166272042,5.302861220966474,10.37003911157761,41.39172550956575,-73.4021713303924,10099,,41.4,-73.4,0.937738667822354
2024-05-10 17:00:00,140295802,5.128736730954402,3.4833818868307937,6.77409157507801,41.39172550956575,-73.4021713303924,10099,,41.4,-73.4,0.937738667822354
2024-05-10 17:01:00,140295802,9.126734634987393,6.164197339979598,12.089271929995189,41.39172550956575,-73.4021713303924,10099,,41.4,-73.4,0.937738667822354
2024-05-10 17:02:00,140295802,5.262562825416861,3.551843629991387,6.973282020842335,41.39172550956575,-73.4021713303924,10099,,41.4,-73.4,0.937738667822354
2024-05-10 17:03:00,140295802,11.669611221865603,7.879967160051308,15.459255283679898,41.39172550956575,-73.4021713303924,10099,0.2,41.4,-73.4,0.937738667822354
2024-05-10 17:04:00,140295802,2.4554589060613683,1.4908728747963613,3.4200449373263755,41.39172550956575,-73.4021713303924,10099,0.1,41.4,-73.4,0.937738667822354
2024-05-10 17:05:00,140295802,14.513425570084038,9.675244639103838,19.35160650106424,41.39172550956575,-73.4021713303924,10099,,41.4,-73.4,0.937738667822354
2024-05-10 17:06:00,140295802,9.305845108247341,4.474649582280042,14.13704063421464,41.39172550956575,-73.4021713303924,10099,,41.4,-73.4,0.937738667822354
2024-05-10 17:07:00,140295802,-45.40675911987037,-60.2504068692549,-30.56311137048584,41.39172550956575,-73.4021713303924,10099,,41.4,-73.4,0.937738667822354
2024-05-10 17:08:00,140295802,-2.6281888032318057,-3.524059442178473,-1.7323181642851386,41.39172550956575,-73.4021713303924,10099,,41.4,-73.4,0.937738667822354
2024-05-10 17:09:00,140295802,-15.367112705283297,-20.46510403837076,-10.269121372195833,41.39172550956575,-73.4021713303924,10099,-2.9,41.4,-73.4,0.937738667822354
2024-05-10 17:10:00,140295802,-6.316148792741292,-8.42328014405499,-4.209017441427594,41.39172550956575,-73.4021713303924,10099,,41.4,-73.4,0.937738667822354
2024-05-10 17:11:00,140295802,-6.271680990556129,-8.28931202929584,-4.254049951816418,41.39172550956575,-73.4021713303924,10099,,41.4,-73.4,0.937738667822354
2024-05-10 17:12:00,140295802,4.437716741759078,2.9703824095771534,5.905051073941003,41.39172550956575,-73.4021713303924,10099,-1.9,41.4,-73.4,0.937738667822354
2024-05-10 17:13:00,140295802,-0.18573262211176647,-0.44934895595183955,0.07788371172830658,41.39172550956575,-73.4021713303924,10099,-1.3,41.4,-73.4,0.937738667822354
2024-05-10 17:14:00,140295802,6.103636146488046,4.1518832041377465,8.055389088838346,41.39172550956575,-73.4021713303924,10099,,41.4,-73.4,0.937738667822354
2024-05-10 17:15:00,140295802,1.2885531582927943,0.8586389382249473,1.7184673783606412,41.39172550956575,-73.4021713303924,10099,-0.3,41.4,-73.4,0.937738667822354
2024-05-10 17:16:00,140295802,6.6464015992363,4.376520077789717,8.916283120682882,41.39172550956575,-73.4021713303924,10099,,41.4,-73.4,0.937738667822354
2024-05-10 17:17:00,140295802,14.254929180432082,9.669767760708407,18.840090600155758,41.39172550956575,-73.4021713303924,10099,-1.5,41.4,-73.4,0.937738667822354
2024-05-10 17:18:00,140295802,15.114273913820883,10.195988478566441,20.032559349075324,41.39172550956575,-73.4021713303924,10099,1.1,41.4,-73.4,0.937738667822354
2024-05-10 17:19:00,140295802,4.24811824043293,2.8126460618386337,5.683590419027227,41.39172550956575,-73.4021713303924,10099,,41.4,-73.4,0.937738667822354
2024-05-10 17:20:00,140295802,6.691605012070267,4.42320379591642,8.960006228224113,41.39172550956575,-73.4021713303924,10099,,41.4,-73.4,0.937738667822354
2024-05-10 17:21:00,140295802,-8.29445251157708,-10.954395097338374,-5.634509925815787,41.39172550956575,-73.4021713303924,10099,0.4,41.4,-73.4,0.937738667822354
2024-05-10 17:22:00,140295802,-11.815791782579923,-15.595181186472496,-8.03640237868735,41.39172550956575,-73.4021713303924,10099,-1.3,41.4,-73.4,0.937738667822354
2024-05-10 17:23:00,140295802,-11.791223641923795,-15.602293780829795,-7.980153503017794,41.39172550956575,-73.4021713303924,10099,,41.4,-73.4,0.937738667822354
2024-05-10 17:24:00,140295802,-11.634365861278429,-15.410196644658726,-7.858535077898132,41.39172550956575,-73.4021713303924,10099,,41.4,-73.4,0.937738667822354
2024-05-10 17:25:00,140295802,-4.013168372157821,-5.296840865605919,-2.729495878709723,41.39172550956575,-73.4021713303924,10099,,41.4,-73.4,0.937738667822354
2024-05-10 17:26:00,140295802,-7.633193102396819,-10.09188654229781,-5.174499662495829,41.39172550956575,-73.4021713303924,10099,-3.8,41.4,-73.4,0.937738667822354
2024-05-10 17:27:00,140295802,-9.00108672353558,-11.902025015284712,-6.100148431786449,41.39172550956575,-73.4021713303924,10099,,41.4,-73.4,0.937738667822354
2024-05-10 17:28:00,140295802,-8.865118981005255,-11.7428761149699,-5.98736184704061,41.39172550956575,-73.4021713303924,10099,-2.8,41.4,-73.4,0.937738667822354
2024-05-10 17:29:00,140295802,-8.156766178315145,-10.778597528361583,-5.534934828268708,41.39172550956575,-73.4021713303924,10099,,41.4,-73.4,0.937738667822354
2024-05-10 17:30:00,140295802,2.431057549957046,1.617050710685703,3.2450643892283892,41.39172550956575,-73.4021713303924,10099,-1.0,41.4,-73.4,0.937738667822354
2024-05-10 17:31:00,140295802,2.116163566596526,1.4119335503027353,2.8203935828903166,41.39172550956575,-73.4021713303924,10099,-0.4,41.4,-73.4,0.937738667822354
2024-05-10 17:32:00,140295802,5.552830148310888,3.7309096311532333,7.374750665468543,41.39172550956575,-73.4021713303924,10099,,41.4,-73.4,0.937738667822354
2024-05-10 17:33:00,140295802,5.5399581816859715,3.68997165950716,7.389944703864783,41.39172550956575,-73.4021713303924,10099,0.3,41.4,-73.4,0.937738667822354
2024-05-10 17:34:00,140295802,-5.694383875767987,-7.552368502064818,-3.8363992494711567,41.39172550956575,-73.4021713303924,10099,-0.6,41.4,-73.4,0.937738667822354
2024-05-10 17:35:00,140295802,-2.374751226122218,-3.1228321114165536,-1.6266703408278826,41.39172550956575,-73.4021713303924,10099,,41.4,-73.4,0.937738667822354
2024-05-10 17:36:00,140295802,-2.26361819631175,-3.0098058091879976,-1.5174305834355024,41.39172550956575,-73.4021713303924,10099,-0.4,41.4,-73.4,0.937738667822354
2024-05-10 17:37:00,140295802,-4.127169874676487,-5.444045645574533,-2.810294103778441,41.39172550956575,-73.4021713303924,10099,-1.3,41.4,-73.4,0.937738667822354
2024-05-10 17:38:00,140295802,-16.76042855951123,-22.2676529080765,-11.25320421094596,41.39172550956575,-73.4021713303924,10099,,41.4,-73.4,0.937738667822354
2024-05-10 17:39:00,140295802,-21.081925600094902,-27.946849924267283,-14.21700127592252,41.39172550956575,-73.4021713303924,10099,-5.4,41.4,-73.4,0.937738667822354
2024-05-10 17:40:00,140295802,-6.6482997472423655,-8.824256185268169,-4.472343309216562,41.39172550956575,-73.4021713303924,10099,,41.4,-73.4,0.937738667822354
2024-05-10 17:41:00,140295802,-0.1209091972026257,-0.3273108798561706,0.08549248545091918,41.39172550956575,-73.4021713303924,10099,,41.4,-73.4,0.937738667822354
2024-05-10 17:42:00,140295802,9.404867826846608,6.412798030316291,12.396937623376925,41.39172550956575,-73.4021713303924,10099,-0.1,41.4,-73.4,0.937738667822354
2024-05-10 17:43:00,140295802,8.312187307759336,5.658384504993496,10.965990110525176,41.39172550956575,-73.4021713303924,10099,-0.1,41.4,-73.4,0.937738667822354
2024-05-10 17:44:00,140295802,6.11224437237981,4.12216096738983,8.10232777736979,41.39172550956575,-73.4021713303924,10099,,41.4,-73.4,0.937738667822354
2024-05-10 17:45:00,140295802,3.6473783179930876,2.491351615499577,4.803405020486599,41.39172550956575,-73.4021713303924,10099,,41.4,-73.4,0.937738667822354
2024-05-10 17:46:00,140295802,15.128661873346582,10.240058015205596,20.01726573148757,41.39172550956575,-73.4021713303924,10099,-0.5,41.4,-73.4,0.937738667822354
2024-05-10 17:47:00,140295802,7.12416596639724,4.890887865733971,9.35744406706051,41.39172550956575,-73.4021713303924,10099,,41.4,-73.4,0.937738667822354
2024-05-10 17:48:00,140295802,16.19817306881859,10.971492473834031,21.424853663803148,41.39172550956575,-73.4021713303924,10099,,41.4,-73.4,0.937738667822354
2024-05-10 17:49:00,140295802,8.930640830133195,6.135823205424838,11.72545845484155,41.39172550956575,-73.4021713303924,10099,-0.7,41.4,-73.4,0.937738667822354
2024-05-10 17:50:00,140295802,1.523501355845229,1.0445709202078148,2.0024317914826435,41.39172550956575,-73.4021713303924,10099,-0.8,41.4,-73.4,0.937738667822354
2024-05-10 17:51:00,140295802,1.4618769661152273,0.976327669596413,1.9474262626340417,41.39172550956575,-73.4021713303924,10099,-0.9,41.4,-73.4,0.937738667822354
2024-05-10 17:52:00,140295802,-8.275133470544839,-11.008557559192589,-5.54170938189709,41.39172550956575,-73.4021713303924,10099,-1.9,41.4,-73.4,0.937738667822354
2024-05-10 17:53:00,140295802,-2.8758326788295183,-3.766354551865911,-1.9853108057931257,41.39172550956575,-73.4021713303924,10099,,41.4,-73.4,0.937738667822354
2024-05-10 17:54:00,140295802,11.709637708831252,7.844181635004033,15.57509378265847,41.39172550956575,-73.4021713303924,10099,,41.4,-73.4,0.937738667822354
2024-05-10 17:55:00,140295802,3.3036073432829145,2.216472540061459,4.39074214650437,41.39172550956575,-73.4021713303924,10099,-0.5,41.4,-73.4,0.937738667822354
2024-05-10 17:56:00,140295802,7.247888222075345,4.8328908496461835,9.662885594504507,41.39172550956575,-73.4021713303924,10099,,41.4,-73.4,0.937738667822354
2024-05-10 17:57:00,140295802,11.516606252593803,7.774723451098476,15.25848905408913,41.39172550956575,-73.4021713303924,10099,,41.4,-73.4,0.937738667822354
2024-05-10 17:58:00,140295802,18.016854624999198,12.170739727799797,23.862969522198597,41.39172550956575,-73.4021713303924,10099,0.7,41.4,-73.4,0.937738667822354
2024-05-10 17:59:00,140295802,13.161880876784934,8.94186295211421,17.38189880145566,41.39172550956575,-73.4021713303924,10099,0.1,41.4,-73.4,0.937738667822354
2024-05-10 18:00:00,140295802,13.361313068777099,9.084923179161816,17.63770295839238,41.39172550956575,-73.4021713303924,10099,1.0,41.4,-73.4,0.937738667822354
2024-05-10 18:01:00,140295802,2.7528562379958936,1.9019176716997626,3.6037948042920247,41.39172550956575,-73.4021713303924,10099,-1.3,41.4,-73.4,0.937738667822354
2024-05-10 18:02:00,140295802,1.5753713740890187,1.0705134469269137,2.0802293012511237,41.39172550956575,-73.4021713303924,10099,,41.4,-73.4,0.937738667822354
2024-05-10 18:03:00,140295802,-4.896159556575287,-6.583124643871116,-3.209194469279458,41.39172550956575,-73.4021713303924,10099,,41.4,-73.4,0.937738667822354
2024-05-10 18:04:00,140295802,6.6233703830188375,4.481291660239164,8.76544910579851,41.39172550956575,-73.4021713303924,10099,,41.4,-73.4,0.937738667822354
2024-05-10 18:05:00,140295802,-2.9682487321079227,-4.088364867246209,-1.8481325969696358,41.39172550956575,-73.4021713303924,10099,,41.4,-73.4,0.937738667822354
2024-05-10 18:06:00,140295802,12.39759534044672,8.331882845948485,16.463307834944956,41.39172550956575,-73.4021713303924,10099,,41.4,-73.4,0.937738667822354
2024-05-10 18:07:00,140295802,-3.018848281082952,-4.487499234379861,-1.550197327786043,41.39172550956575,-73.4021713303924,10099,-1.7,41.4,-73.4,0.937738667822354
2024-05-10 18:08:00,140295802,13.46062854178866,9.033943429770074,17.887313653807247,41.39172550956575,-73.4021713303924,10099,,41.4,-73.4,0.937738667822354
2024-05-10 18:09:00,140295802,6.736784978916771,4.574516592309577,8.899053365523965,41.39172550956575,-73.4021713303924,10099,,41.4,-73.4,0.937738667822354
2024-05-10 18:10:00,140295802,13.767688813962435,9.308880184047744,18.226497443877125,41.39172550956575,-73.4021713303924,10099,0.6,41.4,-73.4,0.937738667822354
2024-05-10 18:11:00,140295802,-5.7091441935763925,-7.620539070123783,-3.797749317029002,41.39172550956575,-73.4021713303924,10099,,41.4,-73.4,0.937738667822354
2024-05-10 18:12:00,140295802,4.158584516448784,2.7285300461544537,5.588638986743113,41.39172550956575,-73.4021713303924,10099,,41.4,-73.4,0.937738667822354
2024-05-10 18:13:00,140295802,5.702034977892587,3.808452895295361,7.595617060489813,41.39172550956575,-73.4021713303924,10099,,41.4,-73.4,0.937738667822354
2024-05-10 18:14:00,140295802,1.7955775589385725,1.0753502894554043,2.5158048284217407,41.39172550956575,-73.4021713303924,10099,-0.6,41.4,-73.4,0.937738667822354
2024-05-10 18:15:00,140295802,6.893968740949655,4.508687146969985,9.279250334929324,41.39172550956575,-73.4021713303924,10099,2.5,41.4,-73.4,0.937738667822354
2024-05-10 18:16:00,140295802,9.235677488465656,6.091345559560812,12.3800094173705,41.39172550956575,-73.4021713303924,10099,0.5,41.4,-73.4,0.937738667822354
2024-05-10 18:17:00,140295802,17.395319047129544,11.626918706518008,23.16371938774108,41.39172550956575,-73.4021713303924,10099,,41.4,-73.4,0.937738667822354
2024-05-10 18:18:00,140295802,19.471107699219743,13.024033008485926,25.91818238995356,41.39172550956575,-73.4021713303924,10099,2.1,41.4,-73.4,0.937738667822354
2024-05-10 18:19:00,140295802,25.14718873339488,16.906471958450112,33.38790550833965,41.39172550956575,-73.4021713303924,10099,3.0,41.4,-73.4,0.937738667822354
2024-05-10 18:20:00,140295802,26.70378601939457,18.004550249496212,35.40302178929293,41.39172550956575,-73.4021713303924,10099,,41.4,-73.4,0.937738667822354
2024-05-10 18:21:00,140295802,26.04719143105031,17.603244190597742,34.49113867150288,41.39172550956575,-73.4021713303924,10099,2.9,41.4,-73.4,0.937738667822354
2024-05-10 18:22:00,140295802,23.25309205473515,15.747799692538123,30.758384416932174,41.39172550956575,-73.4021713303924,10099,2.3,41.4,-73.4,0.937738667822354
2024-05-10 18:23:00,140295802,20.2788247679708,13.777649085061562,26.78000045088004,41.39172550956575,-73.4021713303924,10099,,41.4,-73.4,0.937738667822354
2024-05-10 18:24:00,140295802,20.183349523926736,13.704395642829265,26.662303405024208,41.39172550956575,-73.4021713303924,10099,1.5,41.4,-73.4,0.937738667822354
2024-05-10 18:25:00,140295802,25.45753864656415,17.268345872748036,33.64673142038026,41.39172550956575,-73.4021713303924,10099,,41.4,-73.4,0.937738667822354
2024-05-10 18:26:00,140295802,22.560668169705192,15.348903790980286,29.772432548430096,41.39172550956575,-73.4021713303924,10099,2.3,41.4,-73.4,0.937738667822354
2024-05-10 18:27:00,140295802,3.1412342942149416,2.061770425495451,4.220698162934433,41.39172550956575,-73.4021713303924,10099,-1.3,41.4,-73.4,0.937738667822354
2024-05-10 18:28:00,140295802,-5.591113204495949,-7.58710457534384,-3.595121833648058,41.39172550956575,-73.4021713303924,10099,0.0,41.4,-73.4,0.937738667822354
2024-05-10 18:29:00,140295802,-0.0720932606438309,-0.5266227930857194,0.3824362717980576,41.39172550956575,-73.4021713303924,10099,-3.6,41.4,-73.4,0.937738667822354
2024-05-10 18:30:00,140295802,-0.20115324119596104,-0.4148302169517073,0.012523734559785227,41.39172550956575,-73.4021713303924,10099,-0.3,41.4,-73.4,0.937738667822354
2024-05-10 18:31:00,140295802,3.6191044951740063,2.4393385487662993,4.798870441581713,41.39172550956575,-73.4021713303924,10099,-0.5,41.4,-73.4,0.937738667822354
2024-05-10 18:32:00,140295802,12.871352136284486,8.607679813473629,17.13502445909534,41.39172550956575,-73.4021713303924,10099,1.0,41.4,-73.4,0.937738667822354
2024-05-10 18:33:00,140295802,26.269766392863186,17.630864408656926,34.908668377069446,41.39172550956575,-73.4021713303924,10099,,41.4,-73.4,0.937738667822354
2024-05-10 18:34:00,140295802,24.813827469235374,16.706529479329063,32.921125459141685,41.39172550956575,-73.4021713303924,10099,,41.4,-73.4,0.937738667822354
2024-05-10 18:35:00,140295802,13.777359189246233,9.256714564178605,18.298003814313862,41.39172550956575,-73.4021713303924,10099,,41.4,-73.4,0.937738667822354
2024-05-10 18:36:00,140295802,20.440749225162325,13.773825721052631,27.107672729272018,41.39172550956575,-73.4021713303924,10099,,41.4,-73.4,0.937738667822354
2024-05-10 18:37:00,140295802,8.097526947358498,5.491734936786566,10.70331895793043,41.39172550956575,-73.4021713303924,10099,,41.4,-73.4,0.937738667822354
2024-05-10 18:38:00,140295802,6.435606326076918,4.3505608942984075,8.520651757855429,41.39172550956575,-73.4021713303924,10099,,41.4,-73.4,0.937738667822354
2024-05-10 18:39:00,140295802,4.175401376004805,2.830542185644677,5.520260566364933,41.39172550956575,-73.4021713303924,10099,0.6,41.4,-73.4,0.937738667822354
2024-05-10 18:40:00,140295802,-3.142542636932287,-4.21174036347575,-2.073344910388824,41.39172550956575,-73.4021713303924,10099,,41.4,-73.4,0.937738667822354
2024-05-10 18:41:00,140295802,-16.646376047516824,-22.107786488796762,-11.184965606236885,41.39172550956575,-73.4021713303924,10099,-1.8,41.4,-73.4,0.937738667822354
2024-05-10 18:42:00,140295802,-10.070992420490523,-13.348113245595586,-6.793871595385459,41.39172550956575,-73.4021713303924,10099,,41.4,-73.4,0.937738667822354
2024-05-10 18:43:00,140295802,-11.403357759155426,-15.162776898798565,-7.643938619512288,41.39172550956575,-73.4021713303924,10099,-1.6,41.4,-73.4,0.937738667822354
2024-05-10 18:44:00,140295802,-13.647741205411448,-18.1062013031135,-9.189281107709395,41.39172550956575,-73.4021713303924,10099,,41.4,-73.4,0.937738667822354
2024-05-10 18:45:00,140295802,-19.62761392748744,-26.073614410957113,-13.181613444017769,41.39172550956575,-73.4021713303924,10099,,41.4,-73.4,0.937738667822354
2024-05-10 18:46:00,140295802,-11.671057488984033,-15.504452831803698,-7.837662146164368,41.39172550956575,-73.4021713303924,10099,-2.7,41.4,-73.4,0.937738667822354
2024-05-10 18:47:00,140295802,-26.065790459625703,-34.61143091878483,-17.520150000466572,41.39172550956575,-73.4021713303924,10099,-3.3,41.4,-73.4,0.937738667822354
2024-05-10 18:48:00,140295802,-27.932207928564317,-36.99592480457988,-18.868491052548755,41.39172550956575,-73.4021713303924,10099,,41.4,-73.4,0.937738667822354
2024-05-10 18:49:00,140295802,-19.888505520378438,-26.386984259663727,-13.390026781093146,41.39172550956575,-73.4021713303924,10099,-2.4,41.4,-73.4,0.937738667822354
2024-05-10 18:50:00,140295802,-26.67333815988144,-35.40783813873753,-17.938838181025346,41.39172550956575,-73.4021713303924,10099,-2.5,41.4,-73.4,0.937738667822354
2024-05-10 18:51:00,140295802,-23.085263777496223,-30.7068771368916,-15.46365041810085,41.39172550956575,-73.4021713303924,10099,,41.4,-73.4,0.937738667822354
2024-05-10 18:52:00,140295802,-7.937511710146615,-10.687191795157021,-5.187831625136209,41.39172550956575,-73.4021713303924,10099,-1.8,41.4,-73.4,0.937738667822354
2024-05-10 18:53:00,140295802,-21.17940694825691,-28.251498977453025,-14.1073149190608,41.39172550956575,-73.4021713303924,10099,-1.8,41.4,-73.4,0.937738667822354
2024-05-10 18:54:00,140295802,-35.71046713300815,-47.39457512055303,-24.026359145463275,41.39172550956575,-73.4021713303924,10099,,41.4,-73.4,0.937738667822354
2024-05-10 18:55:00,140295802,-54.42514971204868,-72.16068467279,-36.68961475130736,41.39172550956575,-73.4021713303924,10099,-7.4,41.4,-73.4,0.937738667822354
2024-05-10 18:56:00,140295802,-92.5184594467469,-122.57102431515091,-62.4658945783429,41.39172550956575,-73.4021713303924,10099,-8.7,41.4,-73.4,0.937738667822354
2024-05-10 18:57:00,140295802,-101.57501563930272,-134.40756621196255,-68.7424650666429,41.39172550956575,-73.4021713303924,10099,,41.4,-73.4,0.937738667822354
2024-05-10 18:58:00,140295802,-46.06963412803516,-60.841350793906926,-31.297917462163397,41.39172550956575,-73.4021713303924,10099,,41.4,-73.4,0.937738667822354
2024-05-10 18:59:00,140295802,-56.390613381426434,-74.56105644645375,-38.22017031639912,41.39172550956575,-73.4021713303924,10099,,41.4,-73.4,0.937738667822354
2024-05-10 19:00:00,140295802,-76.49638022994039,-101.20142021095248,-51.7913402489283,41.39172550956575,-73.4021713303924,10099,,41.4,-73.4,0.937738667822354
2024-05-10 19:01:00,140295802,-46.52191047262129,-61.50751647689648,-31.53630446834611,41.39172550956575,-73.4021713303924,10099,0.7,41.4,-73.4,0.937738667822354
2024-05-10 19:02:00,140295802,-41.4792407915407,-54.83317730261842,-28.125304280462977,41.39172550956575,-73.4021713303924,10099,-2.2,41.4,-73.4,0.937738667822354
2024-05-10 19:03:00,140295802,-39.276478852245745,-51.89543605164239,-26.6575216528491,41.39172550956575,-73.4021713303924,10099,-2.6,41.4,-73.4,0.937738667822354
2024-05-10 19:04:00,140295802,-28.988461268575566,-38.15827158562844,-19.818650951522695,41.39172550956575,-73.4021713303924,10099,,41.4,-73.4,0.937738667822354
2024-05-10 19:05:00,140295802,-10.703149805690412,-14.039239252737303,-7.36706035864352,41.39172550956575,-73.4021713303924,10099,,41.4,-73.4,0.937738667822354
2024-05-10 19:06:00,140295802,5.587899377471523,3.6209405406959547,7.554858214247091,41.39172550956575,-73.4021713303924,10099,,41.4,-73.4,0.937738667822354
2024-05-10 19:07:00,140295802,0.5217769343684892,0.24740232953265573,0.7961515392043226,41.39172550956575,-73.4021713303924,10099,0.5,41.4,-73.4,0.937738667822354
2024-05-10 19:08:00,140295802,18.219267517701724,12.316267711582483,24.122267323820964,41.39172550956575,-73.4021713303924,10099,,41.4,-73.4,0.937738667822354
2024-05-10 19:09:00,140295802,20.275238416547463,13.767728183550012,26.782748649544914,41.39172550956575,-73.4021713303924,10099,,41.4,-73.4,0.937738667822354
2024-05-10 19:10:00,140295802,-5.318990437309246,-7.06086822642573,-3.577112648192762,41.39172550956575,-73.4021713303924,10099,,41.4,-73.4,0.937738667822354
2024-05-10 19:11:00,140295802,-5.774905412119433,-7.634065080264111,-3.915745743974756,41.39172550956575,-73.4021713303924,10099,,41.4,-73.4,0.937738667822354
2024-05-10 19:12:00,140295802,-14.222342730763563,-18.765773894098885,-9.678911567428239,41.39172550956575,-73.4021713303924,10099,,41.4,-73.4,0.937738667822354
2024-05-10 19:13:00,140295802,-8.106946797000436,-10.631533873283725,-5.582359720717147,41.39172550956575,-73.4021713303924,10099,-1.1,41.4,-73.4,0.937738667822354
2024-05-10 19:14:00,140295802,1.2475266139817198,0.463482509765882,2.0315707181975577,41.39172550956575,-73.4021713303924,10099,-0.8,41.4,-73.4,0.937738667822354
2024-05-10 19:15:00,140295802,8.136869699733897,5.278429020999352,10.995310378468442,41.39172550956575,-73.4021713303924,10099,,41.4,-73.4,0.937738667822354
2024-05-10 19:16:00,140295802,11.498740416122857,7.55768427452275,15.439796557722964,41.39172550956575,-73.4021713303924,10099,,41.4,-73.4,0.937738667822354
2024-05-10 19:17:00,140295802,-0.31267210956893976,-0.768753749817228,0.14340953067934847,41.39172550956575,-73.4021713303924,10099,,41.4,-73.4,0.937738667822354
2024-05-10 19:18:00,140295802,35.436664474936656,23.810960079745637,47.06236887012767,41.39172550956575,-73.4021713303924,10099,,41.4,-73.4,0.937738667822354
2024-05-10 19:19:00,140295802,41.25447269310629,27.846027347124682,54.66291803908789,41.39172550956575,-73.4021713303924,10099,4.3,41.4,-73.4,0.937738667822354
2024-05-10 19:20:00,140295802,55.287047269051534,37.293425907312376,73.2806686307907,41.39172550956575,-73.4021713303924,10099,,41.4,-73.4,0.937738667822354
2024-05-10 19:21:00,140295802,61.294280611482776,41.45803479201756,81.130526430948,41.39172550956575,-73.4021713303924,10099,,41.4,-73.4,0.937738667822354
2024-05-10 19:22:00,140295802,34.24790939890352,23.1180441469147,45.37777465089235,41.39172550956575,-73.4021713303924,10099,,41.4,-73.4,0.937738667822354
2024-05-10 19:23:00,140295802,47.15097028330753,31.84026086640371,62.46167970021135,41.39172550956575,-73.4021713303924,10099,3.4,41.4,-73.4,0.937738667822354
2024-05-10 19:24:00,140295802,32.63896552303381,22.02500597025361,43.25292507581401,41.39172550956575,-73.4021713303924,10099,,41.4,-73.4,0.937738667822354
2024-05-10 19:25:00,140295802,61.909996778445134,41.73046316122186,82.0895303956684,41.39172550956575,-73.4021713303924,10099,,41.4,-73.4,0.937738667822354
2024-05-10 19:26:00,140295802,59.05789450356237,39.98486686610014,78.1309221410246,41.39172550956575,-73.4021713303924,10099,,41.4,-73.4,0.937738667822354
2024-05-10 19:27:00,140295802,67.71174830243103,45.800695250429456,89.62280135443261,41.39172550956575,-73.4021713303924,10099,,41.4,-73.4,0.937738667822354
2024-05-10 19:28:00,140295802,64.68335938274413,43.82639142588474,85.54032733960352,41.39172550956575,-73.4021713303924,10099,,41.4,-73.4,0.937738667822354
2024-05-10 19:29:00,140295802,53.66380848083879,36.346224846188164,70.98139211548941,41.39172550956575,-73.4021713303924,10099,,41.4,-73.4,0.937738667822354
2024-05-10 19:30:00,140295802,38.72632134588141,26.260078233908416,51.1925644578544,41.39172550956575,-73.4021713303924,10099,,41.4,-73.4,0.937738667822354
2024-05-10 19:31:00,140295802,18.096344933473976,12.276239235716108,23.916450631231843,41.39172550956575,-73.4021713303924,10099,,41.4,-73.4,0.937738667822354
2024-05-10 19:32:00,140295802,21.466324338936865,14.50526579083144,28.427382887042288,41.39172550956575,-73.4021713303924,10099,,41.4,-73.4,0.937738667822354
2024-05-10 19:33:00,140295802,25.962800795571845,17.52527408628261,34.40032750486108,41.39172550956575,-73.4021713303924,10099,,41.4,-73.4,0.937738667822354
2024-05-10 19:34:00,140295802,36.6461121707333,24.744239269102643,48.547985072363964,41.39172550956575,-73.4021713303924,10099,,41.4,-73.4,0.937738667822354
2024-05-10 19:35:00,140295802,49.17532887614162,33.25209879548551,65.09855895679773,41.39172550956575,-73.4021713303924,10099,,41.4,-73.4,0.937738667822354
2024-05-10 19:36:00,140295802,52.092555435677816,35.23580495150405,68.94930591985158,41.39172550956575,-73.4021713303924,10099,,41.4,-73.4,0.937738667822354
2024-05-10 19:37:00,140295802,47.613455340975804,32.22499332433749,63.00191735761412,41.39172550956575,-73.4021713303924,10099,6.7,41.4,-73.4,0.937738667822354
2024-05-10 19:38:00,140295802,49.336387079759945,33.43999795871642,65.23277620080347,41.39172550956575,-73.4021713303924,10099,7.0,41.4,-73.4,0.937738667822354
2024-05-10 19:39:00,140295802,28.841166411426133,19.68211486091472,38.00021796193755,41.39172550956575,-73.4021713303924,10099,2.4,41.4,-73.4,0.937738667822354
2024-05-10 19:40:00,140295802,35.90900988208321,24.447516641967745,47.37050312219868,41.39172550956575,-73.4021713303924,10099,,41.4,-73.4,0.937738667822354
2024-05-10 19:41:00,140295802,26.32725881275378,17.85896082154832,34.79555680395924,41.39172550956575,-73.4021713303924,10099,0.4,41.4,-73.4,0.937738667822354
2024-05-10 19:42:00,140295802,26.288478180878144,17.792691816045227,34.78426454571106,41.39172550956575,-73.4021713303924,10099,,41.4,-73.4,0.937738667822354
2024-05-10 19:43:00,140295802,-0.15139762582139224,-0.40498328938442274,0.10218803774163829,41.39172550956575,-73.4021713303924,10099,2.6,41.4,-73.4,0.937738667822354
2024-05-10 19:44:00,140295802,0.47925208366994176,0.22243603160616493,0.7360681357337187,41.39172550956575,-73.4021713303924,10099,,41.4,-73.4,0.937738667822354
2024-05-10 19:45:00,140295802,-1.0531306431855176,-1.410722241680136,-0.6955390446908993,41.39172550956575,-73.4021713303924,10099,,41.4,-73.4,0.937738667822354
2024-05-10 19:46:00,140295802,4.9955294938912065,3.2480168076731664,6.743042180109247,41.39172550956575,-73.4021713303924,10099,,41.4,-73.4,0.937738667822354
2024-05-10 19:47:00,140295802,1.677729955703991,1.140450078243282,2.2150098331647,41.39172550956575,-73.4021713303924,10099,,41.4,-73.4,0.937738667822354
2024-05-10 19:48:00,140295802,-20.371734281530355,-27.23521109528111,-13.5082574677796,41.39172550956575,-73.4021713303924,10099,,41.4,-73.4,0.937738667822354
2024-05-10 19:49:00,140295802,18.40789498900411,12.457631621480806,24.35815835652741,41.39172550956575,-73.4021713303924,10099,,41.4,-73.4,0.937738667822354
2024-05-10 19:50:00,140295802,22.908687203749082,15.435214141279225,30.38216026621894,41.39172550956575,-73.4021713303924,10099,-0.4,41.4,-73.4,0.937738667822354
2024-05-10 19:51:00,140295802,3.767824861788212,2.6015483987926857,4.934101324783738,41.39172550956575,-73.4021713303924,10099,,41.4,-73.4,0.937738667822354
2024-05-10 19:52:00,140295802,-20.04915814889702,-26.571092512461288,-13.527223785332755,41.39172550956575,-73.4021713303924,10099,-2.4,41.4,-73.4,0.937738667822354
2024-05-10 19:53:00,140295802,21.4378734943562,14.412251274979626,28.463495713732776,41.39172550956575,-73.4021713303924,10099,,41.4,-73.4,0.937738667822354
2024-05-10 19:54:00,140295802,11.465743759222198,7.817958791857136,15.113528726587258,41.39172550956575,-73.4021713303924,10099,,41.4,-73.4,0.937738667822354
2024-05-10 19:55:00,140295802,-1.12079965108352,-1.688920910076273,-0.5526783920907671,41.39172550956575,-73.4021713303924,10099,,41.4,-73.4,0.937738667822354
2024-05-10 19:56:00,140295802,0.12862043760898978,-0.05994922551442741,0.31719010073240694,41.39172550956575,-73.4021713303924,10099,,41.4,-73.4,0.937738667822354
2024-05-10 19:57:00,140295802,16.697746426838084,11.393893265866083,22.001599587810084,41.39172550956575,-73.4021713303924,10099,,41.4,-73.4,0.937738667822354
2024-05-10 19:58:00,140295802,-14.756383196154333,-19.767210109307406,-9.745556283001262,41.39172550956575,-73.4021713303924,10099,,41.4,-73.4,0.937738667822354
2024-05-10 19:59:00,140295802,4.334421584928842,2.875060854927007,5.793782314930677,41.39172550956575,-73.4021713303924,10099,,41.4,-73.4,0.937738667822354
2024-05-10 20:00:00,140295802,-20.483610362337348,-27.122055319789563,-13.845165404885133,41.39172550956575,-73.4021713303924,10099,-0.8,41.4,-73.4,0.937738667822354
2024-05-10 20:01:00,140295802,-44.30823020409223,-58.582568146397456,-30.03389226178701,41.39172550956575,-73.4021713303924,10099,,41.4,-73.4,0.937738667822354
2024-05-10 20:02:00,140295802,-21.642415105848386,-28.56797506491811,-14.716855146778663,41.39172550956575,-73.4021713303924,10099,,41.4,-73.4,0.937738667822354
2024-05-10 20:03:00,140295802,-40.142903293284554,-53.106873837308775,-27.178932749260333,41.39172550956575,-73.4021713303924,10099,,41.4,-73.4,0.937738667822354
2024-05-10 20:04:00,140295802,-10.969172399444389,-14.374865198250989,-7.563479600637789,41.39172550956575,-73.4021713303924,10099,1.3,41.4,-73.4,0.937738667822354
2024-05-10 20:05:00,140295802,4.435683033520117,2.926829468076365,5.94453659896387,41.39172550956575,-73.4021713303924,10099,-0.8,41.4,-73.4,0.937738667822354
2024-05-10 20:06:00,140295802,-18.123857677431033,-24.023612184493004,-12.224103170369064,41.39172550956575,-73.4021713303924,10099,,41.4,-73.4,0.937738667822354
2024-05-10 20:07:00,140295802,-20.98181022199473,-27.789870328715732,-14.17375011527373,41.39172550956575,-73.4021713303924,10099,,41.4,-73.4,0.937738667822354
2024-05-10 20:08:00,140295802,-23.716062663491805,-31.39316497095396,-16.038960356029648,41.39172550956575,-73.4021713303924,10099,,41.4,-73.4,0.937738667822354
2024-05-10 20:09:00,140295802,-11.92718181514501,-15.812441286309713,-8.041922343980307,41.39172550956575,-73.4021713303924,10099,,41.4,-73.4,0.937738667822354
2024-05-10 20:10:00,140295802,-32.22458765321507,-42.7593265879802,-21.68984871844994,41.39172550956575,-73.4021713303924,10099,-4.6,41.4,-73.4,0.937738667822354
2024-05-10 20:11:00,140295802,-31.708273997581692,-41.95311138194715,-21.463436613216235,41.39172550956575,-73.4021713303924,10099,-5.9,41.4,-73.4,0.937738667822354
2024-05-10 20:12:00,140295802,-20.67030545882414,-27.390711630297826,-13.949899287350451,41.39172550956575,-73.4021713303924,10099,,41.4,-73.4,0.937738667822354
2024-05-10 20:13:00,140295802,-31.056803761867055,-41.2449371256388,-20.86867039809531,41.39172550956575,-73.4021713303924,10099,-7.9,41.4,-73.4,0.937738667822354
2024-05-10 20:14:00,140295802,-23.278160861859046,-30.847401561776657,-15.708920161941435,41.39172550956575,-73.4021713303924,10099,-6.5,41.4,-73.4,0.937738667822354
2024-05-10 20:15:00,140295802,-21.02880821550699,-27.91329170963562,-14.144324721378364,41.39172550956575,-73.4021713303924,10099,,41.4,-73.4,0.937738667822354
2024-05-10 20:16:00,140295802,-45.25560659035704,-60.048772067163455,-30.462441113550625,41.39172550956575,-73.4021713303924,10099,,41.4,-73.4,0.937738667822354
2024-05-10 20:17:00,140295802,-53.055134029914264,-70.35538261177336,-35.75488544805516,41.39172550956575,-73.4021713303924,10099,,41.4,-73.4,0.937738667822354
2024-05-10 20:18:00,140295802,-50.517282746489485,-66.92911226942608,-34.105453223552885,41.39172550956575,-73.4021713303924,10099,,41.4,-73.4,0.937738667822354
2024-05-10 20:19:00,140295802,-22.368224635160058,-29.559486463159168,-15.17696280716095,41.39172550956575,-73.4021713303924,10099,,41.4,-73.4,0.937738667822354
2024-05-10 20:20:00,140295802,-36.93262789661723,-48.86665218044887,-24.998603612785587,41.39172550956575,-73.4021713303924,10099,-4.5,41.4,-73.4,0.937738667822354
2024-05-10 20:21:00,140295802,-43.26045364126526,-57.16014278969254,-29.360764492837976,41.39172550956575,-73.4021713303924,10099,,41.4,-73.4,0.937738667822354
2024-05-10 20:22:00,140295802,-44.53087128851946,-58.87890805094473,-30.182834526094183,41.39172550956575,-73.4021713303924,10099,,41.4,-73.4,0.937738667822354
2024-05-10 20:23:00,140295802,-66.02918113144418,-87.43793188965871,-44.62043037322964,41.39172550956575,-73.4021713303924,10099,,41.4,-73.4,0.937738667822354
2024-05-10 20:24:00,140295802,-60.43265235633181,-79.90502298896793,-40.96028172369569,41.39172550956575,-73.4021713303924,10099,,41.4,-73.4,0.937738667822354
2024-05-10 20:25:00,140295802,-34.72033087651533,-45.84044903888441,-23.600212714146245,41.39172550956575,-73.4021713303924,10099,,41.4,-73.4,0.937738667822354
2024-05-10 20:26:00,140295802,-32.98009947129061,-43.596390668694426,-22.363808273886786,41.39172550956575,-73.4021713303924,10099,-2.2,41.4,-73.4,0.937738667822354
2024-05-10 20:27:00,140295802,-14.134437635130153,-18.636168538926107,-9.632706731334197,41.39172550956575,-73.4021713303924,10099,-0.9,41.4,-73.4,0.937738667822354
2024-05-10 20:28:00,140295802,-49.02437188930081,-64.98894297381847,-33.05980080478316,41.39172550956575,-73.4021713303924,10099,-3.2,41.4,-73.4,0.937738667822354
2024-05-10 20:29:00,140295802,-33.385764781693766,-44.0535210322182,-22.718008531169332,41.39172550956575,-73.4021713303924,10099,,41.4,-73.4,0.937738667822354
2024-05-10 20:30:00,140295802,-17.177712169207428,-22.684599280556405,-11.670825057858451,41.39172550956575,-73.4021713303924,10099,,41.4,-73.4,0.937738667822354
2024-05-10 20:31:00,140295802,-16.532979637160338,-21.920350579876487,-11.145608694444189,41.39172550956575,-73.4021713303924,10099,,41.4,-73.4,0.937738667822354
2024-05-10 20:32:00,140295802,-35.76859536445828,-47.4246973678183,-24.112493361098263,41.39172550956575,-73.4021713303924,10099,,41.4,-73.4,0.937738667822354
2024-05-10 20:33:00,140295802,-26.00656958152178,-34.32465931286729,-17.68847985017627,41.39172550956575,-73.4021713303924,10099,-0.1,41.4,-73.4,0.937738667822354
2024-05-10 20:34:00,140295802,3.9069547901177466,2.630487465653869,5.183422114581624,41.39172550956575,-73.4021713303924,10099,0.9,41.4,-73.4,0.937738667822354
2024-05-10 20:35:00,140295802,-17.57796341375002,-23.213250716290993,-11.942676111209046,41.39172550956575,-73.4021713303924,10099,-0.6,41.4,-73.4,0.937738667822354
2024-05-10 20:36:00,140295802,-12.651002586336064,-16.764422898665135,-8.537582274006994,41.39172550956575,-73.4021713303924,10099,,41.4,-73.4,0.937738667822354
2024-05-10 20:37:00,140295802,-31.88209933326358,-42.19276512805587,-21.57143353847129,41.39172550956575,-73.4021713303924,10099,,41.4,-73.4,0.937738667822354
2024-05-10 20:38:00,140295802,2.4571645643029894,1.5242589130983537,3.3900702155076248,41.39172550956575,-73.4021713303924,10099,,41.4,-73.4,0.937738667822354
2024-05-10 20:39:00,140295802,-12.086913462569541,-16.071183766666625,-8.102643158472457,41.39172550956575,-73.4021713303924,10099,,41.4,-73.4,0.937738667822354
2024-05-10 20:40:00,140295802,-44.221313878109584,-58.596749834333124,-29.845877921886046,41.39172550956575,-73.4021713303924,10099,,41.4,-73.4,0.937738667822354
2024-05-10 20:41:00,140295802,-59.16393947840334,-78.34487376752716,-39.98300518927953,41.39172550956575,-73.4021713303924,10099,0.7,41.4,-73.4,0.937738667822354
2024-05-10 20:42:00,140295802,-12.10623666158595,-15.94713925619984,-8.26533406697206,41.39172550956575,-73.4021713303924,10099,,41.4,-73.4,0.937738667822354
2024-05-10 20:43:00,140295802,35.20871468355184,23.80428668850297,46.61314267860071,41.39172550956575,-73.4021713303924,10099,3.4,41.4,-73.4,0.937738667822354
2024-05-10 20:44:00,140295802,8.439916880507218,5.781293331308829,11.098540429705606,41.39172550956575,-73.4021713303924,10099,,41.4,-73.4,0.937738667822354
2024-05-10 20:45:00,140295802,-22.456250287536392,-29.80087561097821,-15.111624964094572,41.39172550956575,-73.4021713303924,10099,,41.4,-73.4,0.937738667822354
2024-05-10 20:46:00,140295802,-48.25655763071581,-63.91175735924011,-32.60135790219151,41.39172550956575,-73.4021713303924,10099,-4.3,41.4,-73.4,0.937738667822354
2024-05-10 20:47:00,140295802,-41.02576078328871,-54.328478937382606,-27.723042629194815,41.39172550956575,-73.4021713303924,10099,,41.4,-73.4,0.937738667822354
2024-05-10 20:48:00,140295802,-23.38867303422818,-30.955480145228,-15.821865923228358,41.39172550956575,-73.4021713303924,10099,,41.4,-73.4,0.937738667822354
2024-05-10 20:49:00,140295802,-4.125359782300198,-5.439524259486179,-2.8111953051142176,41.39172550956575,-73.4021713303924,10099,,41.4,-73.4,0.937738667822354
2024-05-10 20:50:00,140295802,-19.59753572074393,-26.00872094771598,-13.186350493771883,41.39172550956575,-73.4021713303924,10099,,41.4,-73.4,0.937738667822354
2024-05-10 20:51:00,140295802,-9.427071984847984,-12.476050670779161,-6.3780932989168075,41.39172550956575,-73.4021713303924,10099,,41.4,-73.4,0.937738667822354
2024-05-10 20:52:00,140295802,1.4072906712541604,0.9722611750351807,1.8423201674731402,41.39172550956575,-73.4021713303924,10099,,41.4,-73.4,0.937738667822354
2024-05-10 20:53:00,140295802,-2.5081153221447066,-3.3753441873364984,-1.6408864569529147,41.39172550956575,-73.4021713303924,10099,,41.4,-73.4,0.937738667822354
2024-05-10 20:54:00,140295802,-8.73898798690404,-11.610436957962857,-5.867539015845221,41.39172550956575,-73.4021713303924,10099,-1.2,41.4,-73.4,0.937738667822354
2024-05-10 20:55:00,140295802,7.781707268310967,5.288556492088302,10.274858044533632,41.39172550956575,-73.4021713303924,10099,-0.9,41.4,-73.4,0.937738667822354
2024-05-10 20:56:00,140295802,9.950241913771569,6.761057737570406,13.139426089972732,41.39172550956575,-73.4021713303924,10099,0.3,41.4,-73.4,0.937738667822354
2024-05-10 20:57:00,140295802,0.06889063982382874,0.007450153059398043,0.13033112658825946,41.39172550956575,-73.4021713303924,10099,-4.0,41.4,-73.4,0.937738667822354
2024-05-10 20:58:00,140295802,-25.340303276415757,-33.54494316948738,-17.13566338334413,41.39172550956575,-73.4021713303924,10099,,41.4,-73.4,0.937738667822354
2024-05-10 20:59:00,140295802,-14.83756178602539,-19.56348642418515,-10.11163714786563,41.39172550956575,-73.4021713303924,10099,-2.4,41.4,-73.4,0.937738667822354
2024-05-10 21:00:00,140295802,10.823120921775512,7.082652066718561,14.563589776832464,41.39172550956575,-73.4021713303924,10099,,41.4,-73.4,0.937738667822354
2024-05-10 21:01:00,140295802,46.08986663220819,31.01922324747239,61.160510016943995,41.39172550956575,-73.4021713303924,10099,-1.1,41.4,-73.4,0.937738667822354
2024-05-10 21:02:00,140295802,36.9793961460429,25.053602387837124,48.90518990424868,41.39172550956575,-73.4021713303924,10099,0.7,41.4,-73.4,0.937738667822354
2024-05-10 21:03:00,140295802,10.351791329849931,7.063834402952539,13.639748256747323,41.39172550956575,-73.4021713303924,10099,,41.4,-73.4,0.937738667822354
2024-05-10 21:04:00,140295802,15.965569034853674,10.873047917660953,21.058090152046397,41.39172550956575,-73.4021713303924,10099,,41.4,-73.4,0.937738667822354
2024-05-10 21:05:00,140295802,-13.552838526871568,-17.951681277797576,-9.153995775945559,41.39172550956575,-73.4021713303924,10099,,41.4,-73.4,0.937738667822354
2024-05-10 21:06:00,140295802,11.083070280259115,7.374928524116761,14.791212036401468,41.39172550956575,-73.4021713303924,10099,,41.4,-73.4,0.937738667822354
2024-05-10 21:07:00,140295802,32.27232602246124,21.797698454171776,42.74695359075071,41.39172550956575,-73.4021713303924,10099,-0.8,41.4,-73.4,0.937738667822354
2024-05-10 21:08:00,140295802,44.407289993792844,30.004228461409067,58.81035152617662,41.39172550956575,-73.4021713303924,10099,,41.4,-73.4,0.937738667822354
2024-05-10 21:09:00,140295802,14.287202903202601,9.659661046019478,18.914744760385723,41.39172550956575,-73.4021713303924,10099,,41.4,-73.4,0.937738667822354
2024-05-10 21:10:00,140295802,-2.1767684270564773,-2.846648742876921,-1.5068881112360335,41.39172550956575,-73.4021713303924,10099,,41.4,-73.4,0.937738667822354
2024-05-10 21:11:00,140295802,-20.79287208530837,-27.45631754640806,-14.129426624208683,41.39172550956575,-73.4021713303924,10099,,41.4,-73.4,0.937738667822354
2024-05-10 21:12:00,140295802,-32.78828205381121,-43.260277510373164,-22.316286597249253,41.39172550956575,-73.4021713303924,10099,0.4,41.4,-73.4,0.937738667822354
2024-05-10 21:13:00,140295802,-33.08713007451299,-43.696874334679265,-22.477385814346718,41.39172550956575,-73.4021713303924,10099,,41.4,-73.4,0.937738667822354
2024-05-10 21:14:00,140295802,-32.37828812324314,-42.74509754118977,-22.011478705296504,41.39172550956575,-73.4021713303924,10099,0.8,41.4,-73.4,0.937738667822354
2024-05-10 21:15:00,140295802,-15.546978351765109,-20.448365457352462,-10.645591246177755,41.39172550956575,-73.4021713303924,10099,,41.4,-73.4,0.937738667822354
2024-05-10 21:16:00,140295802,-11.326845614234905,-14.889919354011255,-7.7637718744585555,41.39172550956575,-73.4021713303924,10099,,41.4,-73.4,0.937738667822354
2024-05-10 21:17:00,140295802,-7.242368466573252,-9.522099174969878,-4.962637758176627,41.39172550956575,-73.4021713303924,10099,-1.1,41.4,-73.4,0.937738667822354
2024-05-10 21:18:00,140295802,-11.838551052829676,-15.579481696969003,-8.097620408690348,41.39172550956575,-73.4021713303924,10099,,41.4,-73.4,0.937738667822354
2024-05-10 21:19:00,140295802,4.7123240202590635,3.035401099785334,6.389246940732793,41.39172550956575,-73.4021713303924,10099,0.7,41.4,-73.4,0.937738667822354
2024-05-10 21:20:00,140295802,11.006165012978672,7.483011879447503,14.52931814650984,41.39172550956575,-73.4021713303924,10099,,41.4,-73.4,0.937738667822354
2024-05-10 21:21:00,140295802,1.2974453230474825,0.8080409852933155,1.7868496608016495,41.39172550956575,-73.4021713303924,10099,-1.2,41.4,-73.4,0.937738667822354
2024-05-10 21:22:00,140295802,8.963082246314315,6.160506855675804,11.765657636952826,41.39172550956575,-73.4021713303924,10099,-4.8,41.4,-73.4,0.937738667822354
2024-05-10 21:23:00,140295802,-1.5671004851098944,-2.2101466999224364,-0.9240542702973522,41.39172550956575,-73.4021713303924,10099,-5.2,41.4,-73.4,0.937738667822354
2024-05-10 21:24:00,140295802,-11.346983797269358,-15.091084452733535,-7.602883141805181,41.39172550956575,-73.4021713303924,10099,,41.4,-73.4,0.937738667822354
2024-05-10 21:25:00,140295802,-40.607992727953686,-53.838415150877246,-27.377570305030126,41.39172550956575,-73.4021713303924,10099,,41.4,-73.4,0.937738667822354
2024-05-10 21:26:00,140295802,-65.63107426005199,-86.92771647075602,-44.33443204934795,41.39172550956575,-73.4021713303924,10099,,41.4,-73.4,0.937738667822354
2024-05-10 21:27:00,140295802,-80.58902435254932,-106.68595050684664,-54.492098198251995,41.39172550956575,-73.4021713303924,10099,,41.4,-73.4,0.937738667822354
2024-05-10 21:28:00,140295802,-41.00055134326294,-54.16273610204438,-27.838366584481506,41.39172550956575,-73.4021713303924,10099,,41.4,-73.4,0.937738667822354
2024-05-10 21:29:00,140295802,-6.41341033107356,-8.403593169551156,-4.423227492595965,41.39172550956575,-73.4021713303924,10099,,41.4,-73.4,0.937738667822354
2024-05-10 21:30:00,140295802,0.4741810274428284,0.11416985107283523,0.8341922038128216,41.39172550956575,-73.4021713303924,10099,,41.4,-73.4,0.937738667822354
2024-05-10 21:31:00,140295802,5.3220087056769465,3.54468040395906,7.099337007394833,41.39172550956575,-73.4021713303924,10099,,41.4,-73.4,0.937738667822354
2024-05-10 21:32:00,140295802,6.572423858152595,4.392095457602127,8.752752258703062,41.39172550956575,-73.4021713303924,10099,-2.7,41.4,-73.4,0.937738667822354
2024-05-10 21:33:00,140295802,8.923084645044236,5.984997414217351,11.861171875871122,41.39172550956575,-73.4021713303924,10099,,41.4,-73.4,0.937738667822354
2024-05-10 21:34:00,140295802,-17.217237717525702,-22.732380150419466,-11.702095284631937,41.39172550956575,-73.4021713303924,10099,-1.1,41.4,-73.4,0.937738667822354
2024-05-10 21:35:00,140295802,-8.140393053081102,-10.678970286106438,-5.601815820055766,41.39172550956575,-73.4021713303924,10099,,41.4,-73.4,0.937738667822354
2024-05-10 21:36:00,140295802,-2.278904062165951,-3.000269340726212,-1.5575387836056895,41.39172550956575,-73.4021713303924,10099,,41.4,-73.4,0.937738667822354
2024-05-10 21:37:00,140295802,33.234784548145186,22.47674865039977,43.9928204458906,41.39172550956575,-73.4021713303924,10099,,41.4,-73.4,0.937738667822354
2024-05-10 21:38:00,140295802,100.97344308628475,68.37806732897647,133.56881884359302,41.39172550956575,-73.4021713303924,10099,8.0,41.4,-73.4,0.937738667822354
2024-05-10 21:39:00,140295802,108.03091177785008,73.27037443652564,142.7914491191745,41.39172550956575,-73.4021713303924,10099,,41.4,-73.4,0.937738667822354
2024-05-10 21:40:00,140295802,64.97798906770863,44.19712923587382,85.75884889954345,41.39172550956575,-73.4021713303924,10099,,41.4,-73.4,0.937738667822354
2024-05-10 21:41:00,140295802,0.49471593760117366,-0.1122122076353656,1.101644082837713,41.39172550956575,-73.4021713303924,10099,11.7,41.4,-73.4,0.937738667822354
2024-05-10 21:42:00,140295802,-5.443468783134804,-7.13889165571877,-3.7480459105508386,41.39172550956575,-73.4021713303924,10099,,41.4,-73.4,0.937738667822354
2024-05-10 21:43:00,140295802,31.113232270816813,20.798587159531724,41.4278773821019,41.39172550956575,-73.4021713303924,10099,14.6,41.4,-73.4,0.937738667822354
2024-05-10 21:44:00,140295802,32.59910140599224,21.966280245241848,43.23192256674264,41.39172550956575,-73.4021713303924,10099,,41.4,-73.4,0.937738667822354
2024-05-10 21:45:00,140295802,11.456845488464623,7.674795770496365,15.23889520643288,41.39172550956575,-73.4021713303924,10099,,41.4,-73.4,0.937738667822354
2024-05-10 21:46:00,140295802,34.60265641582939,23.297025671194568,45.908287160464205,41.39172550956575,-73.4021713303924,10099,10.6,41.4,-73.4,0.937738667822354
2024-05-10 21:47:00,140295802,32.44865293670119,21.905498103179262,42.99180777022311,41.39172550956575,-73.4021713303924,10099,,41.4,-73.4,0.937738667822354
2024-05-10 21:48:00,140295802,41.59781307445134,28.121610465729532,55.074015683173144,41.39172550956575,-73.4021713303924,10099,,41.4,-73.4,0.937738667822354
2024-05-10 21:49:00,140295802,28.66415620387945,19.418718399121623,37.90959400863728,41.39172550956575,-73.4021713303924,10099,8.1,41.4,-73.4,0.937738667822354
2024-05-10 21:50:00,140295802,23.5780159441152,15.990330484185517,31.165701404044885,41.39172550956575,-73.4021713303924,10099,,41.4,-73.4,0.937738667822354
2024-05-10 21:51:00,140295802,12.301770192937445,8.399931321280944,16.203609064593948,41.39172550956575,-73.4021713303924,10099,,41.4,-73.4,0.937738667822354
2024-05-10 21:52:00,140295802,13.700423463544153,9.334838743513233,18.06600818357507,41.39172550956575,-73.4021713303924,10099,,41.4,-73.4,0.937738667822354
2024-05-10 21:53:00,140295802,-0.07493970368092227,-0.3702303217435265,0.22035091438168192,41.39172550956575,-73.4021713303924,10099,,41.4,-73.4,0.937738667822354
2024-05-10 21:54:00,140295802,-5.619870635202355,-7.47928798940823,-3.7604532809964804,41.39172550956575,-73.4021713303924,10099,3.4,41.4,-73.4,0.937738667822354
2024-05-10 21:55:00,140295802,-13.26877540574038,-17.641034071132058,-8.896516740348702,41.39172550956575,-73.4021713303924,10099,,41.4,-73.4,0.937738667822354
2024-05-10 21:56:00,140295802,-8.634929958441502,-11.458203579135587,-5.811656337747417,41.39172550956575,-73.4021713303924,10099,,41.4,-73.4,0.937738667822354
2024-05-10 21:57:00,140295802,6.744887751146665,4.60049774436869,8.88927775792464,41.39172550956575,-73.4021713303924,10099,,41.4,-73.4,0.937738667822354
2024-05-10 21:58:00,140295802,-8.133904832646362,-10.747194347960253,-5.52061531733247,41.39172550956575,-73.4021713303924,10099,,41.4,-73.4,0.937738667822354
2024-05-10 21:59:00,140295802,-10.660373114404225,-14.023827688012837,-7.2969185407956125,41.39172550956575,-73.4021713303924,10099,,41.4,-73.4,0.937738667822354
2024-05-10 22:00:00,140295802,-7.690068915673067,-10.082029451843841,-5.2981083795022945,41.39172550956575,-73.4021713303924,10099,,41.4,-73.4,0.937738667822354
2024-05-10 22:01:00,140295802,-5.56362517644887,-7.286926501920792,-3.8403238509769477,41.39172550956575,-73.4021713303924,10099,,41.4,-73.4,0.937738667822354
2024-05-10 22:02:00,140295802,-10.656958966625663,-14.041567266478559,-7.272350666772766,41.39172550956575,-73.4021713303924,10099,,41.4,-73.4,0.937738667822354
2024-05-10 22:03:00,140295802,-14.411187319528489,-19.05517584102081,-9.76719879803617,41.39172550956575,-73.4021713303924,10099,-0.7,41.4,-73.4,0.937738667822354
2024-05-10 22:04:00,140295802,-5.790062938417707,-7.802051120229606,-3.778074756605808,41.39172550956575,-73.4021713303924,10099,-0.6,41.4,-73.4,0.937738667822354
2024-05-10 22:05:00,140295802,-23.504208276743878,-31.192172417658334,-15.81624413582942,41.39172550956575,-73.4021713303924,10099,,41.4,-73.4,0.937738667822354
2024-05-10 22:06:00,140295802,-5.728313365078211,-7.551696476072682,-3.90493025408374,41.39172550956575,-73.4021713303924,10099,,41.4,-73.4,0.937738667822354
2024-05-10 22:07:00,140295802,17.26344985412177,11.651360420656953,22.875539287586587,41.39172550956575,-73.4021713303924,10099,,41.4,-73.4,0.937738667822354
2024-05-10 22:08:00,140295802,14.65996427703322,9.921120945341045,19.398807608725395,41.39172550956575,-73.4021713303924,10099,,41.4,-73.4,0.937738667822354
2024-05-10 22:09:00,140295802,19.445127018711023,13.122739415676888,25.767514621745157,41.39172550956575,-73.4021713303924,10099,-1.2,41.4,-73.4,0.937738667822354
2024-05-10 22:10:00,140295802,37.21337920621523,25.117524392249067,49.30923402018139,41.39172550956575,-73.4021713303924,10099,,41.4,-73.4,0.937738667822354
2024-05-10 22:11:00,140295802,53.044387525783144,35.793741540300616,70.29503351126567,41.39172550956575,-73.4021713303924,10099,,41.4,-73.4,0.937738667822354
2024-05-10 22:12:00,140295802,57.51102190089405,38.789246081795426,76.23279771999267,41.39172550956575,-73.4021713303924,10099,8.1,41.4,-73.4,0.937738667822354
2024-05-10 22:13:00,140295802,63.95743052881762,43.15756906361803,84.75729199401721,41.39172550956575,-73.4021713303924,10099,,41.4,-73.4,0.937738667822354
2024-05-10 22:14:00,140295802,71.94327820034553,48.6308309841899,95.25572541650116,41.39172550956575,-73.4021713303924,10099,,41.4,-73.4,0.937738667822354
2024-05-10 22:15:00,140295802,38.757194909834325,26.27396465872682,51.24042516094183,41.39172550956575,-73.4021713303924,10099,7.3,41.4,-73.4,0.937738667822354
2024-05-10 22:16:00,140295802,-4.933785550875173,-6.524789720721456,-3.3427813810288907,41.39172550956575,-73.4021713303924,10099,5.7,41.4,-73.4,0.937738667822354
2024-05-10 22:17:00,140295802,24.69334788848284,16.572229385337224,32.81446639162846,41.39172550956575,-73.4021713303924,10099,8.9,41.4,-73.4,0.937738667822354
2024-05-10 22:18:00,140295802,40.8465262726136,27.605673908846203,54.087378636381004,41.39172550956575,-73.4021713303924,10099,,41.4,-73.4,0.937738667822354
2024-05-10 22:19:00,140295802,49.128300590323924,33.2237071601538,65.03289402049406,41.39172550956575,-73.4021713303924,10099,,41.4,-73.4,0.937738667822354
2024-05-10 22:20:00,140295802,88.06902358645485,59.55125027914846,116.58679689376123,41.39172550956575,-73.4021713303924,10099,10.2,41.4,-73.4,0.937738667822354
2024-05-10 22:21:00,140295802,93.85168722339142,63.58652877223372,124.11684567454913,41.39172550956575,-73.4021713303924,10099,9.4,41.4,-73.4,0.937738667822354
2024-05-10 22:22:00,140295802,63.32067393539543,42.95987398016811,83.68147389062275,41.39172550956575,-73.4021713303924,10099,,41.4,-73.4,0.937738667822354
2024-05-10 22:23:00,140295802,48.634301613446766,33.04461249153114,64.22399073536239,41.39172550956575,-73.4021713303924,10099,,41.4,-73.4,0.937738667822354
2024-05-10 22:24:00,140295802,3.914204884441873,2.6997801617342656,5.12862960714948,41.39172550956575,-73.4021713303924,10099,3.5,41.4,-73.4,0.937738667822354
2024-05-10 22:25:00,140295802,11.19689967459007,7.645992725984687,14.747806623195451,41.39172550956575,-73.4021713303924,10099,,41.4,-73.4,0.937738667822354
2024-05-10 22:26:00,140295802,5.557347281684254,3.833326146100738,7.281368417267769,41.39172550956575,-73.4021713303924,10099,,41.4,-73.4,0.937738667822354
2024-05-10 22:27:00,140295802,4.690971530320351,3.2160934675489568,6.165849593091746,41.39172550956575,-73.4021713303924,10099,,41.4,-73.4,0.937738667822354
2024-05-10 22:28:00,140295802,0.7016320564693078,0.4488458008269682,0.9544183121116474,41.39172550956575,-73.4021713303924,10099,,41.4,-73.4,0.937738667822354
2024-05-10 22:29:00,140295802,15.29520130695257,10.249405881712132,20.34099673219301,41.39172550956575,-73.4021713303924,10099,,41.4,-73.4,0.937738667822354
2024-05-10 22:30:00,140295802,10.568644642531124,7.137081273940449,14.0002080111218,41.39172550956575,-73.4021713303924,10099,,41.4,-73.4,0.937738667822354
2024-05-10 22:31:00,140295802,12.389887729683018,8.413706213928757,16.36606924543728,41.39172550956575,-73.4021713303924,10099,,41.4,-73.4,0.937738667822354
2024-05-10 22:32:00,140295802,19.839689042633935,13.473592106646487,26.205785978621385,41.39172550956575,-73.4021713303924,10099,1.3,41.4,-73.4,0.937738667822354
2024-05-10 22:33:00,140295802,15.708612963669282,10.682572348838107,20.734653578500456,41.39172550956575,-73.4021713303924,10099,0.9,41.4,-73.4,0.937738667822354
2024-05-10 22:34:00,140295802,20.98563133385546,14.356680485549738,27.61458218216118,41.39172550956575,-73.4021713303924,10099,,41.4,-73.4,0.937738667822354
2024-05-10 22:35:00,140295802,35.78931243198557,24.421232473192113,47.15739239077903,41.39172550956575,-73.4021713303924,10099,-4.0,41.4,-73.4,0.937738667822354
2024-05-10 22:36:00,140295802,35.91124155766384,24.34728073445907,47.475202380868616,41.39172550956575,-73.4021713303924,10099,,41.4,-73.4,0.937738667822354
2024-05-10 22:37:00,140295802,44.301452423994405,29.825838194493343,58.77706665349547,41.39172550956575,-73.4021713303924,10099,,41.4,-73.4,0.937738667822354
2024-05-10 22:38:00,140295802,55.84034043744692,37.68248928024898,73.99819159464485,41.39172550956575,-73.4021713303924,10099,10.6,41.4,-73.4,0.937738667822354
2024-05-10 22:39:00,140295802,26.51714639496385,18.00663364463351,35.02765914529419,41.39172550956575,-73.4021713303924,10099,,41.4,-73.4,0.937738667822354
2024-05-10 22:40:00,140295802,23.594514818717364,16.00905751760321,31.17997211983152,41.39172550956575,-73.4021713303924,10099,,41.4,-73.4,0.937738667822354
2024-05-10 22:41:00,140295802,39.4846146196351,26.720595659076928,52.24863358019328,41.39172550956575,-73.4021713303924,10099,,41.4,-73.4,0.937738667822354
2024-05-10 22:42:00,140295802,30.664836430609377,20.80216055766816,40.527512303550594,41.39172550956575,-73.4021713303924,10099,,41.4,-73.4,0.937738667822354
2024-05-10 22:43:00,140295802,17.19841277868228,11.700836471735565,22.695989085628995,41.39172550956575,-73.4021713303924,10099,,41.4,-73.4,0.937738667822354
2024-05-10 22:44:00,140295802,10.401798810277667,7.092479989956584,13.71111763059875,41.39172550956575,-73.4021713303924,10099,,41.4,-73.4,0.937738667822354
2024-05-10 22:45:00,140295802,13.192377396992274,8.99254306525659,17.392211728727958,41.39172550956575,-73.4021713303924,10099,7.0,41.4,-73.4,0.937738667822354
2024-05-10 22:46:00,140295802,-1.726123137376213,-2.458212598013317,-0.9940336767391086,41.39172550956575,-73.4021713303924,10099,,41.4,-73.4,0.937738667822354
2024-05-10 22:47:00,140295802,-10.751534233415933,-14.31274228240158,-7.190326184430287,41.39172550956575,-73.4021713303924,10099,,41.4,-73.4,0.937738667822354
2024-05-10 22:48:00,140295802,-20.13569674934062,-26.689488228512793,-13.58190527016845,41.39172550956575,-73.4021713303924,10099,1.2,41.4,-73.4,0.937738667822354
2024-05-10 22:49:00,140295802,-28.5026883923619,-37.807252087903734,-19.198124696820067,41.39172550956575,-73.4021713303924,10099,,41.4,-73.4,0.937738667822354
2024-05-10 22:50:00,140295802,-40.899336458746355,-54.26824739838098,-27.530425519111734,41.39172550956575,-73.4021713303924,10099,1.8,41.4,-73.4,0.937738667822354
2024-05-10 22:51:00,140295802,-35.18401422118185,-46.61432528032704,-23.753703162036654,41.39172550956575,-73.4021713303924,10099,,41.4,-73.4,0.937738667822354
2024-05-10 22:52:00,140295802,-28.462016319571283,-37.687706819557086,-19.23632581958548,41.39172550956575,-73.4021713303924,10099,,41.4,-73.4,0.937738667822354
2024-05-10 22:53:00,140295802,-22.808863062607614,-30.15935550418237,-15.45837062103286,41.39172550956575,-73.4021713303924,10099,,41.4,-73.4,0.937738667822354
2024-05-10 22:54:00,140295802,-19.274064329333772,-25.55852695554765,-12.989601703119895,41.39172550956575,-73.4021713303924,10099,1.6,41.4,-73.4,0.937738667822354
2024-05-10 22:55:00,140295802,-33.803828217929464,-44.78445004830956,-22.82320638754937,41.39172550956575,-73.4021713303924,10099,,41.4,-73.4,0.937738667822354
2024-05-10 22:56:00,140295802,-34.70142721233511,-45.96190512205519,-23.44094930261503,41.39172550956575,-73.4021713303924,10099,,41.4,-73.4,0.937738667822354
2024-05-10 22:57:00,140295802,-43.54696822106689,-57.71400291623728,-29.3799335258965,41.39172550956575,-73.4021713303924,10099,,41.4,-73.4,0.937738667822354
2024-05-10 22:58:00,140295802,-65.5267631105313,-86.812951455149,-44.24057476591361,41.39172550956575,-73.4021713303924,10099,-11.7,41.4,-73.4,0.937738667822354
2024-05-10 22:59:00,140295802,-79.46532119186898,-105.14874664889177,-53.78189573484618,41.39172550956575,-73.4021713303924,10099,,41.4,-73.4,0.937738667822354
2024-05-10 23:00:00,140295802,-94.69197499363644,-125.32563370104666,-64.05831628622622,41.39172550956575,-73.4021713303924,10099,-16.8,41.4,-73.4,0.937738667822354
2024-05-10 23:01:00,140295802,-146.96020682294267,-194.5961854690973,-99.32422817678803,41.39172550956575,-73.4021713303924,10099,,41.4,-73.4,0.937738667822354
2024-05-10 23:02:00,140295802,-140.1620814674779,-185.633633860947,-94.69052907400881,41.39172550956575,-73.4021713303924,10099,,41.4,-73.4,0.937738667822354
2024-05-10 23:03:00,140295802,-121.84854946279884,-161.32795292242278,-82.3691460031749,41.39172550956575,-73.4021713303924,10099,,41.4,-73.4,0.937738667822354
2024-05-10 23:04:00,140295802,-59.6876009747498,-78.90640007230958,-40.46880187719002,41.39172550956575,-73.4021713303924,10099,,41.4,-73.4,0.937738667822354
2024-05-10 23:05:00,140295802,-42.2206465462993,-55.88271227739958,-28.558580815199026,41.39172550956575,-73.4021713303924,10099,1.8,41.4,-73.4,0.937738667822354
2024-05-10 23:06:00,140295802,-37.7205744028689,-49.89695191489439,-25.54419689084341,41.39172550956575,-73.4021713303924,10099,,41.4,-73.4,0.937738667822354
2024-05-10 23:07:00,140295802,12.323205952058759,8.146109160431557,16.50030274368596,41.39172550956575,-73.4021713303924,10099,,41.4,-73.4,0.937738667822354
2024-05-10 23:08:00,140295802,57.14152521119082,38.505219486211374,75.77783093617026,41.39172550956575,-73.4021713303924,10099,8.6,41.4,-73.4,0.937738667822354
2024-05-10 23:09:00,140295802,76.2768143006136,51.46574020359353,101.08788839763366,41.39172550956575,-73.4021713303924,10099,11.0,41.4,-73.4,0.937738667822354
2024-05-10 23:10:00,140295802,62.00844939669272,41.736976551225716,82.27992224215973,41.39172550956575,-73.4021713303924,10099,9.7,41.4,-73.4,0.937738667822354
2024-05-10 23:11:00,140295802,53.81063000241617,36.085046520305596,71.53621348452674,41.39172550956575,-73.4021713303924,10099,,41.4,-73.4,0.937738667822354
2024-05-10 23:12:00,140295802,50.780550853949144,34.12868761626845,67.43241409162984,41.39172550956575,-73.4021713303924,10099,,41.4,-73.4,0.937738667822354
2024-05-10 23:13:00,140295802,23.398154318482057,15.655819650639929,31.140488986324186,41.39172550956575,-73.4021713303924,10099,,41.4,-73.4,0.937738667822354
2024-05-10 23:14:00,140295802,32.83878612637819,22.02765122691227,43.64992102584411,41.39172550956575,-73.4021713303924,10099,,41.4,-73.4,0.937738667822354
2024-05-10 23:15:00,140295802,50.363126140489314,33.947723499843036,66.77852878113559,41.39172550956575,-73.4021713303924,10099,,41.4,-73.4,0.937738667822354
2024-05-10 23:16:00,140295802,68.3673506093802,46.150994913243295,90.5837063055171,41.39172550956575,-73.4021713303924,10099,,41.4,-73.4,0.937738667822354
2024-05-10 23:17:00,140295802,85.84761008881686,58.030522650394474,113.66469752723926,41.39172550956575,-73.4021713303924,10099,12.7,41.4,-73.4,0.937738667822354
2024-05-10 23:18:00,140295802,85.10281979410271,57.57838661907647,112.62725296912896,41.39172550956575,-73.4021713303924,10099,,41.4,-73.4,0.937738667822354
2024-05-10 23:19:00,140295802,71.49736842774509,48.43223623394214,94.56250062154803,41.39172550956575,-73.4021713303924,10099,9.1,41.4,-73.4,0.937738667822354
2024-05-10 23:20:00,140295802,60.95875103312328,41.32381822974165,80.59368383650491,41.39172550956575,-73.4021713303924,10099,11.1,41.4,-73.4,0.937738667822354
2024-05-10 23:21:00,140295802,57.847649416529144,39.224953533052904,76.47034530000539,41.39172550956575,-73.4021713303924,10099,,41.4,-73.4,0.937738667822354
2024-05-10 23:22:00,140295802,55.44286639947342,37.59661470330066,73.28911809564617,41.39172550956575,-73.4021713303924,10099,,41.4,-73.4,0.937738667822354
2024-05-10 23:23:00,140295802,56.763442507961344,38.49025082356692,75.03663419235576,41.39172550956575,-73.4021713303924,10099,,41.4,-73.4,0.937738667822354
2024-05-10 23:24:00,140295802,49.04649111860079,33.28317414435854,64.80980809284304,41.39172550956575,-73.4021713303924,10099,,41.4,-73.4,0.937738667822354
2024-05-10 23:25:00,140295802,44.10959271261268,29.94821109118505,58.27097433404031,41.39172550956575,-73.4021713303924,10099,6.6,41.4,-73.4,0.937738667822354
2024-05-10 23:26:00,140295802,33.36055116605639,22.689445328949887,44.03165700316289,41.39172550956575,-73.4021713303924,10099,5.0,41.4,-73.4,0.937738667822354
2024-05-10 23:27:00,140295802,29.29337197736391,19.90776569365076,38.67897826107706,41.39172550956575,-73.4021713303924,10099,,41.4,-73.4,0.937738667822354
2024-05-10 23:28:00,140295802,19.356059971907385,13.19579680483246,25.516323138982308,41.39172550956575,-73.4021713303924,10099,4.5,41.4,-73.4,0.937738667822354
2024-05-10 23:29:00,140295802,15.576346919052583,10.62051804777266,20.532175790332506,41.39172550956575,-73.4021713303924,10099,4.5,41.4,-73.4,0.937738667822354
2024-05-10 23:30:00,140295802,26.979574067252024,18.298055977802534,35.661092156701514,41.39172550956575,-73.4021713303924,10099,,41.4,-73.4,0.937738667822354
2024-05-10 23:31:00,140295802,24.28091843922933,16.48611987456905,32.07571700388961,41.39172550956575,-73.4021713303924,10099,,41.4,-73.4,0.937738667822354
2024-05-10 23:32:00,140295802,20.047957545832585,13.594043980785173,26.501871110879996,41.39172550956575,-73.4021713303924,10099,4.9,41.4,-73.4,0.937738667822354
2024-05-10 23:33:00,140295802,24.22440352834257,16.41376195317177,32.03504510351337,41.39172550956575,-73.4021713303924,10099,,41.4,-73.4,0.937738667822354
2024-05-10 23:34:00,140295802,18.773464028399093,12.744722341437338,24.80220571536085,41.39172550956575,-73.4021713303924,10099,,41.4,-73.4,0.937738667822354
2024-05-10 23:35:00,140295802,10.474786224520594,7.094208221801594,13.855364227239594,41.39172550956575,-73.4021713303924,10099,3.9,41.4,-73.4,0.937738667822354
2024-05-10 23:36:00,140295802,4.998196482658386,3.38918163174408,6.6072113335726925,41.39172550956575,-73.4021713303924,10099,,41.4,-73.4,0.937738667822354
2024-05-10 23:37:00,140295802,-5.4231406263540265,-7.190589122084031,-3.655692130624022,41.39172550956575,-73.4021713303924,10099,,41.4,-73.4,0.937738667822354
2024-05-10 23:38:00,140295802,-6.329492971413117,-8.355495439853746,-4.303490502972489,41.39172550956575,-73.4021713303924,10099,,41.4,-73.4,0.937738667822354
2024-05-10 23:39:00,140295802,-13.213641536564456,-17.49535974511783,-8.931923328011083,41.39172550956575,-73.4021713303924,10099,2.0,41.4,-73.4,0.937738667822354
2024-05-10 23:40:00,140295802,-19.81845830317428,-26.244674003218424,-13.392242603130132,41.39172550956575,-73.4021713303924,10099,,41.4,-73.4,0.937738667822354
2024-05-10 23:41:00,140295802,-23.360711824326287,-30.94923724228099,-15.772186406371585,41.39172550956575,-73.4021713303924,10099,,41.4,-73.4,0.937738667822354
2024-05-10 23:42:00,140295802,-9.498438973175851,-12.54131689984463,-6.455561046507073,41.39172550956575,-73.4021713303924,10099,-0.4,41.4,-73.4,0.937738667822354
2024-05-10 23:43:00,140295802,-5.032932068172254,-6.620437755369922,-3.4454263809745864,41.39172550956575,-73.4021713303924,10099,,41.4,-73.4,0.937738667822354
2024-05-10 23:44:00,140295802,-3.417268805784689,-4.480003433552767,-2.3545341780166114,41.39172550956575,-73.4021713303924,10099,,41.4,-73.4,0.937738667822354
2024-05-10 23:45:00,140295802,-0.17885522106674062,-0.36964245664172857,0.011932014508247352,41.39172550956575,-73.4021713303924,10099,2.8,41.4,-73.4,0.937738667822354
2024-05-10 23:46:00,140295802,25.099020055063388,16.762103201306616,33.43593690882016,41.39172550956575,-73.4021713303924,10099,,41.4,-73.4,0.937738667822354
2024-05-10 23:47:00,140295802,9.37207537755034,6.257602177917676,12.486548577183004,41.39172550956575,-73.4021713303924,10099,,41.4,-73.4,0.937738667822354
2024-05-10 23:48:00,140295802,16.27034134434578,10.918944494640737,21.621738194050824,41.39172550956575,-73.4021713303924,10099,6.0,41.4,-73.4,0.937738667822354
2024-05-10 23:49:00,140295802,4.805692690655701,3.2313447904977988,6.3800405908136035,41.39172550956575,-73.4021713303924,10099,,41.4,-73.4,0.937738667822354
2024-05-10 23:50:00,140295802,9.230533196215044,6.177837573632842,12.283228818797244,41.39172550956575,-73.4021713303924,10099,3.8,41.4,-73.4,0.937738667822354
2024-05-10 23:51:00,140295802,-1.0682498939279328,-1.4511643186555978,-0.6853354692002678,41.39172550956575,-73.4021713303924,10099,,41.4,-73.4,0.937738667822354
2024-05-10 23:52:00,140295802,-1.331647850180927,-1.764716872762878,-0.8985788275989762,41.39172550956575,-73.4021713303924,10099,2.5,41.4,-73.4,0.937738667822354
2024-05-10 23:53:00,140295802,-17.120844669509353,-22.75624550648358,-11.485443832535125,41.39172550956575,-73.4021713303924,10099,,41.4,-73.4,0.937738667822354
2024-05-10 23:54:00,140295802,-5.4709026245843795,-7.22203759537905,-3.7197676537897086,41.39172550956575,-73.4021713303924,10099,,41.4,-73.4,0.937738667822354
2024-05-10 23:55:00,140295802,-7.621498617910801,-10.191877279846405,-5.051119955975197,41.39172550956575,-73.4021713303924,10099,,41.4,-73.4,0.937738667822354
2024-05-10 23:56:00,140295802,7.258645117432253,4.885348424801336,9.63194181006317,41.39172550956575,-73.4021713303924,10099,,41.4,-73.4,0.937738667822354
2024-05-10 23:57:00,140295802,-2.428250618241634,-3.436859209284158,-1.4196420271991104,41.39172550956575,-73.4021713303924,10099,,41.4,-73.4,0.937738667822354
2024-05-10 23:58:00,140295802,11.35138810218725,7.620543137921796,15.082233066452705,41.39172550956575,-73.4021713303924,10099,,41.4,-73.4,0.937738667822354
2024-05-10 23:59:00,140295802,-27.436655622974673,-36.73837152293593,-18.134939723013417,41.39172550956575,-73.4021713303924,10099,,41.4,-73.4,0.937738667822354
2024-05-11 00:00:00,140295802,-144.5074996900439,-191.82121562697398,-97.19378375311379,41.39172550956575,-73.4021713303924,10099,,41.4,-73.4,0.937738667822354
2024-05-11 00:01:00,140295802,-67.62791537760494,-89.52180433471476,-45.73402642049511,41.39172550956575,-73.4021713303924,10099,,41.4,-73.4,0.937738667822354
2024-05-11 00:02:00,140295802,-70.81929920789293,-93.92043979316128,-47.71815862262458,41.39172550956575,-73.4021713303924,10099,1.6,41.4,-73.4,0.937738667822354
2024-05-11 00:03:00,140295802,-46.05131980112023,-60.98984169063444,-31.112797911606016,41.39172550956575,-73.4021713303924,10099,,41.4,-73.4,0.937738667822354
2024-05-11 00:04:00,140295802,-71.04968917578982,-94.22456692477101,-47.87481142680864,41.39172550956575,-73.4021713303924,10099,,41.4,-73.4,0.937738667822354
2024-05-11 00:05:00,140295802,-56.104718358893145,-74.29388640641871,-37.91555031136758,41.39172550956575,-73.4021713303924,10099,,41.4,-73.4,0.937738667822354
2024-05-11 00:06:00,140295802,-47.811857833001845,-63.35204432403279,-32.2716713419709,41.39172550956575,-73.4021713303924,10099,1.8,41.4,-73.4,0.937738667822354
2024-05-11 00:07:00,140295802,-44.52890650431315,-58.96118226581491,-30.09663074281139,41.39172550956575,-73.4021713303924,10099,,41.4,-73.4,0.937738667822354
2024-05-11 00:08:00,140295802,-68.9887721795486,-91.40456824192923,-46.57297611716798,41.39172550956575,-73.4021713303924,10099,0.7,41.4,-73.4,0.937738667822354
2024-05-11 00:09:00,140295802,-64.57478167598408,-85.46511628750068,-43.68444706446749,41.39172550956575,-73.4021713303924,10099,,41.4,-73.4,0.937738667822354
2024-05-11 00:10:00,140295802,-61.67547491021025,-81.64416850033906,-41.70678132008143,41.39172550956575,-73.4021713303924,10099,,41.4,-73.4,0.937738667822354
2024-05-11 00:11:00,140295802,-58.398418598605275,-77.25285178472107,-39.54398541248948,41.39172550956575,-73.4021713303924,10099,,41.4,-73.4,0.937738667822354
2024-05-11 00:12:00,140295802,-49.597636120062425,-65.63561399441461,-33.55965824571024,41.39172550956575,-73.4021713303924,10099,,41.4,-73.4,0.937738667822354
2024-05-11 00:13:00,140295802,-44.624246813599626,-59.00458435968552,-30.243909267513732,41.39172550956575,-73.4021713303924,10099,0.9,41.4,-73.4,0.937738667822354
2024-05-11 00:14:00,140295802,-35.83478734009248,-47.39389512129965,-24.275679558885315,41.39172550956575,-73.4021713303924,10099,,41.4,-73.4,0.937738667822354
2024-05-11 00:15:00,140295802,-26.275834555613965,-34.71982319488548,-17.831845916342452,41.39172550956575,-73.4021713303924,10099,,41.4,-73.4,0.937738667822354
2024-05-11 00:16:00,140295802,-26.526004852208874,-35.097284947266374,-17.954724757151375,41.39172550956575,-73.4021713303924,10099,,41.4,-73.4,0.937738667822354
2024-05-11 00:17:00,140295802,-31.994471551182873,-42.31722260817875,-21.671720494186996,41.39172550956575,-73.4021713303924,10099,,41.4,-73.4,0.937738667822354
2024-05-11 00:18:00,140295802,-32.771466865874174,-43.35234913106362,-22.19058460068473,41.39172550956575,-73.4021713303924,10099,,41.4,-73.4,0.937738667822354
2024-05-11 00:19:00,140295802,-36.180878511347565,-47.84295807489592,-24.518798947799212,41.39172550956575,-73.4021713303924,10099,-1.6,41.4,-73.4,0.937738667822354
2024-05-11 00:20:00,140295802,-44.034506325733695,-58.24964014868382,-29.819372502783573,41.39172550956575,-73.4021713303924,10099,,41.4,-73.4,0.937738667822354
2024-05-11 00:21:00,140295802,-43.44813109161262,-57.44256703049689,-29.453695152728358,41.39172550956575,-73.4021713303924,10099,,41.4,-73.4,0.937738667822354
2024-05-11 00:22:00,140295802,-51.239679358059306,-67.80939789917035,-34.66996081694826,41.39172550956575,-73.4021713303924,10099,,41.4,-73.4,0.937738667822354
2024-05-11 00:23:00,140295802,-54.89364383573221,-72.6243364177576,-37.16295125370682,41.39172550956575,-73.4021713303924,10099,,41.4,-73.4,0.937738667822354
2024-05-11 00:24:00,140295802,-37.94262195649302,-50.18675363690634,-25.698490276079703,41.39172550956575,-73.4021713303924,10099,-8.5,41.4,-73.4,0.937738667822354
2024-05-11 00:25:00,140295802,-37.08574245448101,-49.033030053044364,-25.13845485591765,41.39172550956575,-73.4021713303924,10099,-8.5,41.4,-73.4,0.937738667822354
2024-05-11 00:26:00,140295802,-14.144605811675987,-18.670429483488462,-9.618782139863512,41.39172550956575,-73.4021713303924,10099,-9.8,41.4,-73.4,0.937738667822354
2024-05-11 00:27:00,140295802,-10.726760134063568,-14.18909053950419,-7.264429728622945,41.39172550956575,-73.4021713303924,10099,,41.4,-73.4,0.937738667822354
2024-05-11 00:28:00,140295802,-19.06587700915516,-25.248417237373033,-12.883336780937286,41.39172550956575,-73.4021713303924,10099,,41.4,-73.4,0.937738667822354
2024-05-11 00:29:00,140295802,-24.20980375751218,-32.062591559314626,-16.357015955709738,41.39172550956575,-73.4021713303924,10099,,41.4,-73.4,0.937738667822354
2024-05-11 00:30:00,140295802,-27.71882268002159,-36.72379587427133,-18.713849485771846,41.39172550956575,-73.4021713303924,10099,,41.4,-73.4,0.937738667822354
2024-05-11 00:31:00,140295802,-43.28909517708876,-57.28532082324364,-29.29286953093388,41.39172550956575,-73.4021713303924,10099,-6.4,41.4,-73.4,0.937738667822354
2024-05-11 00:32:00,140295802,-50.677251354494786,-67.05575124987928,-34.298751459110285,41.39172550956575,-73.4021713303924,10099,,41.4,-73.4,0.937738667822354
2024-05-11 00:33:00,140295802,-52.44250494256653,-69.29930063961213,-35.58570924552093,41.39172550956575,-73.4021713303924,10099,,41.4,-73.4,0.937738667822354
2024-05-11 00:34:00,140295802,-52.30181058247884,-69.1203237254775,-35.48329743948018,41.39172550956575,-73.4021713303924,10099,,41.4,-73.4,0.937738667822354
2024-05-11 00:35:00,140295802,-29.575599431394036,-39.01457746945636,-20.13662139333171,41.39172550956575,-73.4021713303924,10099,3.4,41.4,-73.4,0.937738667822354
2024-05-11 00:36:00,140295802,-13.180300267417927,-17.30195536275118,-9.058645172084674,41.39172550956575,-73.4021713303924,10099,7.0,41.4,-73.4,0.937738667822354
2024-05-11 00:37:00,140295802,-3.275492335321909,-4.3273723692095345,-2.2236123014342835,41.39172550956575,-73.4021713303924,10099,,41.4,-73.4,0.937738667822354
2024-05-11 00:38:00,140295802,6.99133075613127,4.5573704401371415,9.425291072125399,41.39172550956575,-73.4021713303924,10099,,41.4,-73.4,0.937738667822354
2024-05-11 00:39:00,140295802,12.392811378739532,8.258366732431867,16.527256025047198,41.39172550956575,-73.4021713303924,10099,,41.4,-73.4,0.937738667822354
2024-05-11 00:40:00,140295802,17.331120975035475,11.62062996529744,23.04161198477351,41.39172550956575,-73.4021713303924,10099,,41.4,-73.4,0.937738667822354
2024-05-11 00:41:00,140295802,9.03335372278266,6.074447788078535,11.992259657486786,41.39172550956575,-73.4021713303924,10099,,41.4,-73.4,0.937738667822354
2024-05-11 00:42:00,140295802,-4.144291159353759,-5.481602749109197,-2.8069795695983197,41.39172550956575,-73.4021713303924,10099,,41.4,-73.4,0.937738667822354
2024-05-11 00:43:00,140295802,-8.683585869041003,-11.479655419781043,-5.887516318300964,41.39172550956575,-73.4021713303924,10099,,41.4,-73.4,0.937738667822354
2024-05-11 00:44:00,140295802,-8.859545665874816,-11.746669441346912,-5.972421890402719,41.39172550956575,-73.4021713303924,10099,,41.4,-73.4,0.937738667822354
2024-05-11 00:45:00,140295802,-5.005888867049587,-6.6110594711784145,-3.40071826292076,41.39172550956575,-73.4021713303924,10099,,41.4,-73.4,0.937738667822354
2024-05-11 00:46:00,140295802,4.847864703277597,3.288973616008493,6.406755790546702,41.39172550956575,-73.4021713303924,10099,,41.4,-73.4,0.937738667822354
2024-05-11 00:47:00,140295802,7.4432839657131,5.042333722809923,9.844234208616276,41.39172550956575,-73.4021713303924,10099,,41.4,-73.4,0.937738667822354
2024-05-11 00:48:00,140295802,13.20269254933025,8.942095775667319,17.46328932299318,41.39172550956575,-73.4021713303924,10099,6.3,41.4,-73.4,0.937738667822354
2024-05-11 00:49:00,140295802,5.607242455906737,3.8063667139079866,7.408118197905487,41.39172550956575,-73.4021713303924,10099,,41.4,-73.4,0.937738667822354
2024-05-11 00:50:00,140295802,2.2095568020989123,1.480730033857942,2.9383835703398824,41.39172550956575,-73.4021713303924,10099,,41.4,-73.4,0.937738667822354
2024-05-11 00:51:00,140295802,12.160577425084318,8.154771778002106,16.166383072166532,41.39172550956575,-73.4021713303924,10099,5.3,41.4,-73.4,0.937738667822354
2024-05-11 00:52:00,140295802,11.08546847478489,7.425723313201074,14.745213636368705,41.39172550956575,-73.4021713303924,10099,,41.4,-73.4,0.937738667822354
2024-05-11 00:53:00,140295802,6.061734622134302,4.010945039064996,8.112524205203608,41.39172550956575,-73.4021713303924,10099,4.0,41.4,-73.4,0.937738667822354
2024-05-11 00:54:00,140295802,0.10437365135662287,-0.12978319123593207,0.33853049394917784,41.39172550956575,-73.4021713303924,10099,,41.4,-73.4,0.937738667822354
2024-05-11 00:55:00,140295802,-20.33632305212188,-26.845089275845872,-13.827556828397887,41.39172550956575,-73.4021713303924,10099,0.7,41.4,-73.4,0.937738667822354
2024-05-11 00:56:00,140295802,-14.145718050481085,-18.635974472151343,-9.655461628810826,41.39172550956575,-73.4021713303924,10099,1.1,41.4,-73.4,0.937738667822354
2024-05-11 00:57:00,140295802,-16.94074827447571,-22.329268173598273,-11.552228375353144,41.39172550956575,-73.4021713303924,10099,,41.4,-73.4,0.937738667822354
2024-05-11 00:58:00,140295802,-1.8545472933385605,-2.4593277453739555,-1.2497668413031655,41.39172550956575,-73.4021713303924,10099,,41.4,-73.4,0.937738667822354
2024-05-11 00:59:00,140295802,-8.443587349769764,-11.113385763483478,-5.773788936056049,41.39172550956575,-73.4021713303924,10099,,41.4,-73.4,0.937738667822354
2024-05-11 01:00:00,140295802,-4.323246485457982,-5.659462947324621,-2.987030023591344,41.39172550956575,-73.4021713303924,10099,,41.4,-73.4,0.937738667822354
2024-05-11 01:01:00,140295802,1.0830995138246744,0.5448846837247504,1.6213143439245985,41.39172550956575,-73.4021713303924,10099,,41.4,-73.4,0.937738667822354
2024-05-11 01:02:00,140295802,-3.515171952713701,-4.601169700271528,-2.429174205155874,41.39172550956575,-73.4021713303924,10099,1.7,41.4,-73.4,0.937738667822354
2024-05-11 01:03:00,140295802,-7.518311713871203,-9.897210555839672,-5.139412871902733,41.39172550956575,-73.4021713303924,10099,,41.4,-73.4,0.937738667822354
2024-05-11 01:04:00,140295802,-2.121338347145788,-2.7745034938229556,-1.46817320046862,41.39172550956575,-73.4021713303924,10099,,41.4,-73.4,0.937738667822354
2024-05-11 01:05:00,140295802,-6.799196388488426,-8.93467238578415,-4.663720391192701,41.39172550956575,-73.4021713303924,10099,,41.4,-73.4,0.937738667822354
2024-05-11 01:06:00,140295802,-12.107956928119325,-15.983846511305716,-8.232067344932934,41.39172550956575,-73.4021713303924,10099,0.5,41.4,-73.4,0.937738667822354
2024-05-11 01:07:00,140295802,-14.2346869232063,-18.79219757657934,-9.677176269833259,41.39172550956575,-73.4021713303924,10099,,41.4,-73.4,0.937738667822354
2024-05-11 01:08:00,140295802,-1.0205173018134028,-1.419748218805521,-0.6212863848212846,41.39172550956575,-73.4021713303924,10099,,41.4,-73.4,0.937738667822354
2024-05-11 01:09:00,140295802,0.06316150570552752,-0.21821806284500078,0.34454107425605585,41.39172550956575,-73.4021713303924,10099,4.8,41.4,-73.4,0.937738667822354
2024-05-11 01:10:00,140295802,-2.267387005918307,-2.96744219058865,-1.567331821247964,41.39172550956575,-73.4021713303924,10099,,41.4,-73.4,0.937738667822354
2024-05-11 01:11:00,140295802,-3.890418354729961,-5.1039008535861505,-2.676935855873771,41.39172550956575,-73.4021713303924,10099,,41.4,-73.4,0.937738667822354
2024-05-11 01:12:00,140295802,0.17583293374697123,-0.046939223857387635,0.3986050913513301,41.39172550956575,-73.4021713303924,10099,,41.4,-73.4,0.937738667822354
2024-05-11 01:13:00,140295802,-0.7306875014738331,-0.9730698010820509,-0.4883052018656153,41.39172550956575,-73.4021713303924,10099,4.4,41.4,-73.4,0.937738667822354
2024-05-11 01:14:00,140295802,-0.048672653291496795,-0.1859046630191774,0.08855935643618383,41.39172550956575,-73.4021713303924,10099,,41.4,-73.4,0.937738667822354
2024-05-11 01:15:00,140295802,-1.831031118419236,-2.4093879769540827,-1.2526742598843894,41.39172550956575,-73.4021713303924,10099,4.4,41.4,-73.4,0.937738667822354
2024-05-11 01:16:00,140295802,-6.525604537555149,-8.6530048989522,-4.398204176158097,41.39172550956575,-73.4021713303924,10099,3.7,41.4,-73.4,0.937738667822354
2024-05-11 01:17:00,140295802,-14.790229164568105,-19.620510917749268,-9.959947411386942,41.39172550956575,-73.4021713303924,10099,2.6,41.4,-73.4,0.937738667822354
2024-05-11 01:18:00,140295802,-23.70969993966564,-31.410584913732137,-16.008814965599143,41.39172550956575,-73.4021713303924,10099,,41.4,-73.4,0.937738667822354
2024-05-11 01:19:00,140295802,-26.523907497711946,-35.12272618106761,-17.92508881435628,41.39172550956575,-73.4021713303924,10099,,41.4,-73.4,0.937738667822354
2024-05-11 01:20:00,140295802,-29.93745017708991,-39.662105554213255,-20.212794799966563,41.39172550956575,-73.4021713303924,10099,,41.4,-73.4,0.937738667822354
2024-05-11 01:21:00,140295802,-20.099147255856888,-26.606710863106944,-13.591583648606832,41.39172550956575,-73.4021713303924,10099,,41.4,-73.4,0.937738667822354
2024-05-11 01:22:00,140295802,-13.743442622641274,-18.21085828283052,-9.276026962452026,41.39172550956575,-73.4021713303924,10099,,41.4,-73.4,0.937738667822354
2024-05-11 01:23:00,140295802,-6.496807677106451,-8.584045303053255,-4.4095700511596485,41.39172550956575,-73.4021713303924,10099,1.8,41.4,-73.4,0.937738667822354
2024-05-11 01:24:00,140295802,0.5732403522763485,0.3576370850022724,0.7888436195504246,41.39172550956575,-73.4021713303924,10099,,41.4,-73.4,0.937738667822354
2024-05-11 01:25:00,140295802,-9.116139258059643,-12.07134209547844,-6.160936420640846,41.39172550956575,-73.4021713303924,10099,,41.4,-73.4,0.937738667822354
2024-05-11 01:26:00,140295802,-9.008950950507831,-11.90541310369589,-6.112488797319772,41.39172550956575,-73.4021713303924,10099,,41.4,-73.4,0.937738667822354
2024-05-11 01:27:00,140295802,2.784598400643595,1.8082040249484272,3.760992776338763,41.39172550956575,-73.4021713303924,10099,,41.4,-73.4,0.937738667822354
2024-05-11 01:28:00,140295802,7.099266504285329,4.766659479151823,9.431873529418835,41.39172550956575,-73.4021713303924,10099,4.3,41.4,-73.4,0.937738667822354
2024-05-11 01:29:00,140295802,-1.8707445137632221,-2.495183969848083,-1.2463050576783612,41.39172550956575,-73.4021713303924,10099,,41.4,-73.4,0.937738667822354
2024-05-11 01:30:00,140295802,-3.075232163183671,-4.085681620705783,-2.06478270566156,41.39172550956575,-73.4021713303924,10099,,41.4,-73.4,0.937738667822354
2024-05-11 01:31:00,140295802,14.283558817435626,9.606413133088015,18.960704501783237,41.39172550956575,-73.4021713303924,10099,,41.4,-73.4,0.937738667822354
2024-05-11 01:32:00,140295802,22.90558389852519,15.419531691579312,30.39163610547107,41.39172550956575,-73.4021713303924,10099,,41.4,-73.4,0.937738667822354
2024-05-11 01:33:00,140295802,14.181835888023663,9.589140211787463,18.774531564259863,41.39172550956575,-73.4021713303924,10099,,41.4,-73.4,0.937738667822354
2024-05-11 01:34:00,140295802,19.524542771485216,13.215470693048339,25.833614849922093,41.39172550956575,-73.4021713303924,10099,,41.4,-73.4,0.937738667822354
2024-05-11 01:35:00,140295802,20.991564422024222,14.261925505644598,27.721203338403846,41.39172550956575,-73.4021713303924,10099,,41.4,-73.4,0.937738667822354
2024-05-11 01:36:00,140295802,16.279120569539845,11.08340651378224,21.47483462529745,41.39172550956575,-73.4021713303924,10099,,41.4,-73.4,0.937738667822354
2024-05-11 01:37:00,140295802,20.646747224014206,14.02053665558943,27.27295779243898,41.39172550956575,-73.4021713303924,10099,8.3,41.4,-73.4,0.937738667822354
2024-05-11 01:38:00,140295802,25.814430776992836,17.5246103596917,34.10425119429397,41.39172550956575,-73.4021713303924,10099,,41.4,-73.4,0.937738667822354
2024-05-11 01:39:00,140295802,21.260481162776326,14.454081808496674,28.066880517055978,41.39172550956575,-73.4021713303924,10099,,41.4,-73.4,0.937738667822354
2024-05-11 01:40:00,140295802,3.6759461041978727,2.542849897042794,4.809042311352951,41.39172550956575,-73.4021713303924,10099,,41.4,-73.4,0.937738667822354
2024-05-11 01:41:00,140295802,-0.9122538545372006,-1.3476361959865906,-0.4768715130878107,41.39172550956575,-73.4021713303924,10099,5.9,41.4,-73.4,0.937738667822354
2024-05-11 01:42:00,140295802,0.8974844870113191,0.5940190542152554,1.2009499198073827,41.39172550956575,-73.4021713303924,10099,,41.4,-73.4,0.937738667822354
2024-05-11 01:43:00,140295802,-1.181121628516748,-1.6182193504213904,-0.7440239066121057,41.39172550956575,-73.4021713303924,10099,,41.4,-73.4,0.937738667822354
2024-05-11 01:44:00,140295802,-0.6380571738903161,-0.9193658831228253,-0.35674846465780696,41.39172550956575,-73.4021713303924,10099,,41.4,-73.4,0.937738667822354
2024-05-11 01:45:00,140295802,-5.362015150543442,-7.140429742495165,-3.5836005585917197,41.39172550956575,-73.4021713303924,10099,,41.4,-73.4,0.937738667822354
2024-05-11 01:46:00,140295802,-0.15218897778885135,-0.22248099646337516,-0.08189695911432752,41.39172550956575,-73.4021713303924,10099,,41.4,-73.4,0.937738667822354
2024-05-11 01:47:00,140295802,5.183171555511933,3.507057481933546,6.85928562909032,41.39172550956575,-73.4021713303924,10099,,41.4,-73.4,0.937738667822354
2024-05-11 01:48:00,140295802,16.772203151444742,11.328645880335046,22.21576042255444,41.39172550956575,-73.4021713303924,10099,,41.4,-73.4,0.937738667822354
2024-05-11 01:49:00,140295802,22.245806803978176,15.029109911144282,29.46250369681207,41.39172550956575,-73.4021713303924,10099,,41.4,-73.4,0.937738667822354
2024-05-11 01:50:00,140295802,19.160230511113216,12.959457433065001,25.36100358916143,41.39172550956575,-73.4021713303924,10099,,41.4,-73.4,0.937738667822354
2024-05-11 01:51:00,140295802,21.13406415391984,14.296569997945776,27.971558309893908,41.39172550956575,-73.4021713303924,10099,,41.4,-73.4,0.937738667822354
2024-05-11 01:52:00,140295802,19.534914534193533,13.243879178780912,25.825949889606154,41.39172550956575,-73.4021713303924,10099,,41.4,-73.4,0.937738667822354
2024-05-11 01:53:00,140295802,15.889922984560629,10.796067506858446,20.983778462262812,41.39172550956575,-73.4021713303924,10099,5.4,41.4,-73.4,0.937738667822354
2024-05-11 01:54:00,140295802,14.416515210517368,9.792753186694267,19.04027723434047,41.39172550956575,-73.4021713303924,10099,,41.4,-73.4,0.937738667822354
2024-05-11 01:55:00,140295802,16.12960335664582,10.911884592114014,21.347322121177626,41.39172550956575,-73.4021713303924,10099,,41.4,-73.4,0.937738667822354
2024-05-11 01:56:00,140295802,19.05699608499245,12.877694996475764,25.236297173509133,41.39172550956575,-73.4021713303924,10099,7.5,41.4,-73.4,0.937738667822354
2024-05-11 01:57:00,140295802,17.915576140085857,12.1047299480021,23.726422332169612,41.39172550956575,-73.4021713303924,10099,,41.4,-73.4,0.937738667822354
2024-05-11 01:58:00,140295802,13.246848349583178,8.947308545895803,17.546388153270556,41.39172550956575,-73.4021713303924,10099,,41.4,-73.4,0.937738667822354
2024-05-11 01:59:00,140295802,12.566492684801718,8.44583193719216,16.687153432411275,41.39172550956575,-73.4021713303924,10099,,41.4,-73.4,0.937738667822354
2024-05-11 02:00:00,140295802,13.57718375093656,9.115492006207694,18.03887549566543,41.39172550956575,-73.4021713303924,10099,,41.4,-73.4,0.937738667822354
2024-05-11 02:01:00,140295802,11.910807574004458,7.99388021992548,15.827734928083437,41.39172550956575,-73.4021713303924,10099,9.6,41.4,-73.4,0.937738667822354
2024-05-11 02:02:00,140295802,12.463415189195695,8.296231882706927,16.630598495684463,41.39172550956575,-73.4021713303924,10099,11.8,41.4,-73.4,0.937738667822354
2024-05-11 02:03:00,140295802,9.00153255716601,5.808927134025523,12.194137980306497,41.39172550956575,-73.4021713303924,10099,21.9,41.4,-73.4,0.937738667822354
2024-05-11 02:04:00,140295802,75.1848970427549,50.55089078113347,99.81890330437633,41.39172550956575,-73.4021713303924,10099,,41.4,-73.4,0.937738667822354
2024-05-11 02:05:00,140295802,188.98363266373636,127.25519345633012,250.7120718711426,41.39172550956575,-73.4021713303924,10099,35.5,41.4,-73.4,0.937738667822354
2024-05-11 02:06:00,140295802,230.58282519462412,-inf,inf,41.39172550956575,-73.4021713303924,10099,38.3,41.4,-73.4,0.937738667822354
2024-05-11 02:07:00,140295802,192.58211318472573,130.46265768851146,254.70156868094,41.39172550956575,-73.4021713303924,10099,44.3,41.4,-73.4,0.937738667822354
2024-05-11 02:08:00,140295802,201.23224611210645,-inf,inf,41.39172550956575,-73.4021713303924,10099,,41.4,-73.4,0.937738667822354
2024-05-11 02:09:00,140295802,133.31481244749293,90.46297764970578,176.16664724528007,41.39172550956575,-73.4021713303924,10099,40.4,41.4,-73.4,0.937738667822354
2024-05-11 02:10:00,140295802,105.95976984889286,71.86665626075421,140.0528834370315,41.39172550956575,-73.4021713303924,10099,32.2,41.4,-73.4,0.937738667822354
2024-05-11 02:11:00,140295802,73.00020117030705,49.508865847110854,96.49153649350325,41.39172550956575,-73.4021713303924,10099,,41.4,-73.4,0.937738667822354
2024-05-11 02:12:00,140295802,35.51204438675615,24.019759635483737,47.00432913802857,41.39172550956575,-73.4021713303924,10099,,41.4,-73.4,0.937738667822354
2024-05-11 02:13:00,140295802,50.29965566572988,33.979136897683624,66.62017443377613,41.39172550956575,-73.4021713303924,10099,,41.4,-73.4,0.937738667822354
2024-05-11 02:14:00,140295802,123.14483500124518,83.31666555956093,162.97300444292944,41.39172550956575,-73.4021713303924,10099,12.8,41.4,-73.4,0.937738667822354
2024-05-11 02:15:00,140295802,125.22905985992355,85.00843793821583,165.44968178163128,41.39172550956575,-73.4021713303924,10099,,41.4,-73.4,0.937738667822354
2024-05-11 02:16:00,140295802,102.6787807588888,69.62362461091735,135.73393690686027,41.39172550956575,-73.4021713303924,10099,,41.4,-73.4,0.937738667822354
2024-05-11 02:17:00,140295802,124.33772505375377,84.48726372718488,164.18818638032266,41.39172550956575,-73.4021713303924,10099,,41.4,-73.4,0.937738667822354
2024-05-11 02:18:00,140295802,66.6045631848481,45.34105000227773,87.86807636741847,41.39172550956575,-73.4021713303924,10099,16.5,41.4,-73.4,0.937738667822354
2024-05-11 02:19:00,140295802,24.528711780270836,16.848724992683486,32.208698567858185,41.39172550956575,-73.4021713303924,10099,13.6,41.4,-73.4,0.937738667822354
2024-05-11 02:20:00,140295802,51.66035390437994,35.05579011662317,68.2649176921367,41.39172550956575,-73.4021713303924,10099,,41.4,-73.4,0.937738667822354
2024-05-11 02:21:00,140295802,101.4362480144453,68.69934621755237,134.17314981133822,41.39172550956575,-73.4021713303924,10099,,41.4,-73.4,0.937738667822354
2024-05-11 02:22:00,140295802,6.112966102765019,4.217828781930217,8.00810342359982,41.39172550956575,-73.4021713303924,10099,-12.3,41.4,-73.4,0.937738667822354
2024-05-11 02:23:00,140295802,5.251758667460659,3.5204563589131483,6.983060976008169,41.39172550956575,-73.4021713303924,10099,-10.4,41.4,-73.4,0.937738667822354
2024-05-11 02:24:00,140295802,54.22858218620893,36.77005455899959,71.68710981341827,41.39172550956575,-73.4021713303924,10099,-6.6,41.4,-73.4,0.937738667822354
2024-05-11 02:25:00,140295802,40.691538403207495,27.618958819584666,53.76411798683033,41.39172550956575,-73.4021713303924,10099,,41.4,-73.4,0.937738667822354
2024-05-11 02:26:00,140295802,6.4113971210063845,4.4074017122336,8.415392529779169,41.39172550956575,-73.4021713303924,10099,,41.4,-73.4,0.937738667822354
2024-05-11 02:27:00,140295802,-12.716106239118075,-16.85016778363219,-8.582044694603958,41.39172550956575,-73.4021713303924,10099,-4.8,41.4,-73.4,0.937738667822354
2024-05-11 02:28:00,140295802,-18.022274115928134,-23.798382996959187,-12.24616523489708,41.39172550956575,-73.4021713303924,10099,0.9,41.4,-73.4,0.937738667822354
2024-05-11 02:29:00,140295802,-48.62357515559758,-64.36514993640118,-32.882000374793975,41.39172550956575,-73.4021713303924,10099,,41.4,-73.4,0.937738667822354
2024-05-11 02:30:00,140295802,-35.15576623734974,-46.470519345307665,-23.84101312939181,41.39172550956575,-73.4021713303924,10099,-1.7,41.4,-73.4,0.937738667822354
2024-05-11 02:31:00,140295802,-44.62251075347862,-59.112962034495126,-30.132059472462117,41.39172550956575,-73.4021713303924,10099,,41.4,-73.4,0.937738667822354
2024-05-11 02:32:00,140295802,-58.92727753871067,-78.03193421159446,-39.82262086582687,41.39172550956575,-73.4021713303924,10099,,41.4,-73.4,0.937738667822354
2024-05-11 02:33:00,140295802,-59.85122555419616,-79.46431885360943,-40.23813225478289,41.39172550956575,-73.4021713303924,10099,-5.1,41.4,-73.4,0.937738667822354
2024-05-11 02:34:00,140295802,-69.87915161199737,-92.67157529868925,-47.086727925305496,41.39172550956575,-73.4021713303924,10099,,41.4,-73.4,0.937738667822354
2024-05-11 02:35:00,140295802,-80.16558964330152,-106.29655599878033,-54.0346232878227,41.39172550956575,-73.4021713303924,10099,-7.8,41.4,-73.4,0.937738667822354
2024-05-11 02:36:00,140295802,-95.89829371507305,-126.93229552750502,-64.86429190264109,41.39172550956575,-73.4021713303924,10099,,41.4,-73.4,0.937738667822354
2024-05-11 02:37:00,140295802,-72.11854205454202,-95.37604872270532,-48.86103538637872,41.39172550956575,-73.4021713303924,10099,-5.2,41.4,-73.4,0.937738667822354
2024-05-11 02:38:00,140295802,-96.25526335484402,-127.22494713511333,-65.28557957457471,41.39172550956575,-73.4021713303924,10099,-6.5,41.4,-73.4,0.937738667822354
2024-05-11 02:39:00,140295802,-186.00822679142007,-246.1809693457199,-125.83548423712026,41.39172550956575,-73.4021713303924,10099,,41.4,-73.4,0.937738667822354
2024-05-11 02:40:00,140295802,-204.61246268671556,-inf,inf,41.39172550956575,-73.4021713303924,10099,,41.4,-73.4,0.937738667822354
2024-05-11 02:41:00,140295802,-141.42766333940932,-186.93424299135435,-95.92108368746429,41.39172550956575,-73.4021713303924,10099,-23.4,41.4,-73.4,0.937738667822354
2024-05-11 02:42:00,140295802,-60.72012856610138,-79.9057605068791,-41.534496625323655,41.39172550956575,-73.4021713303924,10099,-22.6,41.4,-73.4,0.937738667822354
2024-05-11 02:43:00,140295802,93.34484654142146,62.52088140015167,124.16881168269126,41.39172550956575,-73.4021713303924,10099,,41.4,-73.4,0.937738667822354
2024-05-11 02:44:00,140295802,113.39175715243309,76.38791102335517,150.395603281511,41.39172550956575,-73.4021713303924,10099,,41.4,-73.4,0.937738667822354
2024-05-11 02:45:00,140295802,29.356819800565713,19.823618680151927,38.890020920979495,41.39172550956575,-73.4021713303924,10099,,41.4,-73.4,0.937738667822354
2024-05-11 02:46:00,140295802,-28.54212408735041,-37.800348259444206,-19.28389991525661,41.39172550956575,-73.4021713303924,10099,1.6,41.4,-73.4,0.937738667822354
2024-05-11 02:47:00,140295802,-32.34384950121542,-42.91104832311028,-21.776650679320568,41.39172550956575,-73.4021713303924,10099,,41.4,-73.4,0.937738667822354
2024-05-11 02:48:00,140295802,-58.51511359155029,-77.61701494137048,-39.41321224173009,41.39172550956575,-73.4021713303924,10099,9.7,41.4,-73.4,0.937738667822354
2024-05-11 02:49:00,140295802,-18.17123526021054,-24.1353857844666,-12.20708473595448,41.39172550956575,-73.4021713303924,10099,,41.4,-73.4,0.937738667822354
2024-05-11 02:50:00,140295802,-52.95983772708061,-70.27693500808094,-35.64274044608028,41.39172550956575,-73.4021713303924,10099,,41.4,-73.4,0.937738667822354
2024-05-11 02:51:00,140295802,-66.4725584350433,-88.09344782081239,-44.85166904927421,41.39172550956575,-73.4021713303924,10099,-1.6,41.4,-73.4,0.937738667822354
2024-05-11 02:52:00,140295802,-48.70478347548865,-64.53291400298588,-32.87665294799142,41.39172550956575,-73.4021713303924,10099,-3.4,41.4,-73.4,0.937738667822354
2024-05-11 02:53:00,140295802,-31.420324768936425,-41.65328234829381,-21.187367189579042,41.39172550956575,-73.4021713303924,10099,,41.4,-73.4,0.937738667822354
2024-05-11 02:54:00,140295802,-6.840448403716984,-9.053117801145495,-4.627779006288472,41.39172550956575,-73.4021713303924,10099,,41.4,-73.4,0.937738667822354
2024-05-11 02:55:00,140295802,44.82136107447153,30.346027481542716,59.296694667400345,41.39172550956575,-73.4021713303924,10099,,41.4,-73.4,0.937738667822354
2024-05-11 02:56:00,140295802,74.52464237069725,50.578927511512205,98.4703572298823,41.39172550956575,-73.4021713303924,10099,8.1,41.4,-73.4,0.937738667822354
2024-05-11 02:57:00,140295802,97.66881395880142,66.25832074370764,129.0793071738952,41.39172550956575,-73.4021713303924,10099,11.4,41.4,-73.4,0.937738667822354
2024-05-11 02:58:00,140295802,101.8048153545026,69.03616256968506,134.57346813932014,41.39172550956575,-73.4021713303924,10099,,41.4,-73.4,0.937738667822354
2024-05-11 02:59:00,140295802,115.3783136190926,78.22243138141275,152.53419585677244,41.39172550956575,-73.4021713303924,10099,,41.4,-73.4,0.937738667822354
2024-05-11 03:00:00,140295802,68.50563291439735,46.61623952586678,90.39502630292793,41.39172550956575,-73.4021713303924,10099,5.8,41.4,-73.4,0.937738667822354
2024-05-11 03:01:00,140295802,15.187844746094898,10.462035507720316,19.91365398446948,41.39172550956575,-73.4021713303924,10099,,41.4,-73.4,0.937738667822354
2024-05-11 03:02:00,140295802,-13.057627686880585,-17.45696549840782,-8.65828987535335,41.39172550956575,-73.4021713303924,10099,4.3,41.4,-73.4,0.937738667822354
2024-05-11 03:03:00,140295802,-31.28021718744646,-41.48290022699314,-21.077534147899787,41.39172550956575,-73.4021713303924,10099,,41.4,-73.4,0.937738667822354
2024-05-11 03:04:00,140295802,-80.82054601396833,-107.14905149667561,-54.49204053126104,41.39172550956575,-73.4021713303924,10099,,41.4,-73.4,0.937738667822354
2024-05-11 03:05:00,140295802,-108.64314487046168,-143.88149619846703,-73.40479354245633,41.39172550956575,-73.4021713303924,10099,0.0,41.4,-73.4,0.937738667822354
2024-05-11 03:06:00,140295802,-129.30050566919465,-171.09269837144768,-87.5083129669416,41.39172550956575,-73.4021713303924,10099,,41.4,-73.4,0.937738667822354
2024-05-11 03:07:00,140295802,-113.18291846253818,-149.58089544430462,-76.78494148077175,41.39172550956575,-73.4021713303924,10099,-6.0,41.4,-73.4,0.937738667822354
2024-05-11 03:08:00,140295802,-100.31732267604436,-132.56474825750473,-68.06989709458398,41.39172550956575,-73.4021713303924,10099,-3.3,41.4,-73.4,0.937738667822354
2024-05-11 03:09:00,140295802,-124.87147315940761,-165.06560199084143,-84.6773443279738,41.39172550956575,-73.4021713303924,10099,-8.6,41.4,-73.4,0.937738667822354
2024-05-11 03:10:00,140295802,-106.2056089606799,-140.25677710186739,-72.15444081949241,41.39172550956575,-73.4021713303924,10099,-12.1,41.4,-73.4,0.937738667822354
2024-05-11 03:11:00,140295802,-92.37945285835362,-121.9610544354855,-62.79785128122174,41.39172550956575,-73.4021713303924,10099,,41.4,-73.4,0.937738667822354
2024-05-11 03:12:00,140295802,-11.410579719041523,-14.978267823976736,-7.842891614106311,41.39172550956575,-73.4021713303924,10099,0.9,41.4,-73.4,0.937738667822354
2024-05-11 03:13:00,140295802,131.9263611317876,89.00592296441762,174.84679929915757,41.39172550956575,-73.4021713303924,10099,,41.4,-73.4,0.937738667822354
2024-05-11 03:14:00,140295802,101.81928018459999,69.07157035943732,134.56699000976266,41.39172550956575,-73.4021713303924,10099,14.4,41.4,-73.4,0.937738667822354
2024-05-11 03:15:00,140295802,135.27624338193047,91.8276085122745,178.72487825158646,41.39172550956575,-73.4021713303924,10099,19.2,41.4,-73.4,0.937738667822354
2024-05-11 03:16:00,140295802,142.98854494214356,97.20027486367475,188.7768150206124,41.39172550956575,-73.4021713303924,10099,17.9,41.4,-73.4,0.937738667822354
2024-05-11 03:17:00,140295802,162.00404199681486,110.02795104938681,213.9801329442429,41.39172550956575,-73.4021713303924,10099,,41.4,-73.4,0.937738667822354
2024-05-11 03:18:00,140295802,118.37185473908158,80.63255278827305,156.11115668989012,41.39172550956575,-73.4021713303924,10099,,41.4,-73.4,0.937738667822354
2024-05-11 03:19:00,140295802,67.51753157422058,46.13111206904392,88.90395107939725,41.39172550956575,-73.4021713303924,10099,-1.6,41.4,-73.4,0.937738667822354
2024-05-11 03:20:00,140295802,-49.469373792633974,-66.06695294344807,-32.871794641819875,41.39172550956575,-73.4021713303924,10099,,41.4,-73.4,0.937738667822354
2024-05-11 03:21:00,140295802,-104.78665884395589,-138.9398471386483,-70.63347054926349,41.39172550956575,-73.4021713303924,10099,,41.4,-73.4,0.937738667822354
2024-05-11 03:22:00,140295802,-101.18826468905112,-134.00809035529312,-68.36843902280914,41.39172550956575,-73.4021713303924,10099,,41.4,-73.4,0.937738667822354
2024-05-11 03:23:00,140295802,-85.41644207517007,-112.94837485530705,-57.884509295033084,41.39172550956575,-73.4021713303924,10099,,41.4,-73.4,0.937738667822354
2024-05-11 03:24:00,140295802,-92.26833515597465,-121.95927979247128,-62.57739051947803,41.39172550956575,-73.4021713303924,10099,-18.8,41.4,-73.4,0.937738667822354
2024-05-11 03:25:00,140295802,-82.65564130003888,-109.16730265269142,-56.14397994738634,41.39172550956575,-73.4021713303924,10099,,41.4,-73.4,0.937738667822354
2024-05-11 03:26:00,140295802,-84.52346471437535,-111.67015703276154,-57.376772395989164,41.39172550956575,-73.4021713303924,10099,,41.4,-73.4,0.937738667822354
2024-05-11 03:27:00,140295802,-73.83131368297683,-97.48792739922276,-50.1746999667309,41.39172550956575,-73.4021713303924,10099,,41.4,-73.4,0.937738667822354
2024-05-11 03:28:00,140295802,-74.4151714989416,-98.30997949489608,-50.520363502987124,41.39172550956575,-73.4021713303924,10099,,41.4,-73.4,0.937738667822354
2024-05-11 03:29:00,140295802,-70.71922961452552,-93.41051226019883,-48.0279469688522,41.39172550956575,-73.4021713303924,10099,,41.4,-73.4,0.937738667822354
2024-05-11 03:30:00,140295802,-63.5029563569186,-83.8736301479615,-43.1322825658757,41.39172550956575,-73.4021713303924,10099,,41.4,-73.4,0.937738667822354
2024-05-11 03:31:00,140295802,-51.9996022843478,-68.6588181651851,-35.34038640351051,41.39172550956575,-73.4021713303924,10099,,41.4,-73.4,0.937738667822354
2024-05-11 03:32:00,140295802,-48.88832473037834,-64.5854468074562,-33.19120265330049,41.39172550956575,-73.4021713303924,10099,,41.4,-73.4,0.937738667822354
2024-05-11 03:33:00,140295802,-37.580734995074735,-49.62979120965057,-25.5316787804989,41.39172550956575,-73.4021713303924,10099,-3.3,41.4,-73.4,0.937738667822354
2024-05-11 03:34:00,140295802,-32.593934710461994,-43.05603269352991,-22.13183672739408,41.39172550956575,-73.4021713303924,10099,,41.4,-73.4,0.937738667822354
2024-05-11 03:35:00,140295802,-16.342559862256348,-21.53001179216439,-11.155107932348304,41.39172550956575,-73.4021713303924,10099,,41.4,-73.4,0.937738667822354
2024-05-11 03:36:00,140295802,-15.196440706276954,-20.06983318630145,-10.323048226252459,41.39172550956575,-73.4021713303924,10099,-6.3,41.4,-73.4,0.937738667822354
2024-05-11 03:37:00,140295802,-9.305145249928447,-12.24499994137648,-6.365290558480414,41.39172550956575,-73.4021713303924,10099,,41.4,-73.4,0.937738667822354
2024-05-11 03:38:00,140295802,0.32851687743241564,0.037705207892247516,0.6193285469725838,41.39172550956575,-73.4021713303924,10099,,41.4,-73.4,0.937738667822354
2024-05-11 03:39:00,140295802,1.3739423161386548,0.809373076121957,1.9385115561553525,41.39172550956575,-73.4021713303924,10099,,41.4,-73.4,0.937738667822354
2024-05-11 03:40:00,140295802,7.1708747169427705,4.784454020114799,9.557295413770742,41.39172550956575,-73.4021713303924,10099,,41.4,-73.4,0.937738667822354
2024-05-11 03:41:00,140295802,1.7906482368334193,1.1496479520424367,2.431648521624402,41.39172550956575,-73.4021713303924,10099,,41.4,-73.4,0.937738667822354
2024-05-11 03:42:00,140295802,-3.2187804446782087,-4.231283789793383,-2.2062770995630343,41.39172550956575,-73.4021713303924,10099,,41.4,-73.4,0.937738667822354
2024-05-11 03:43:00,140295802,-6.918409502894657,-9.127686461851086,-4.709132543938228,41.39172550956575,-73.4021713303924,10099,,41.4,-73.4,0.937738667822354
2024-05-11 03:44:00,140295802,-15.662765270486512,-20.738177503957353,-10.58735303701567,41.39172550956575,-73.4021713303924,10099,,41.4,-73.4,0.937738667822354
2024-05-11 03:45:00,140295802,-13.617263350570411,-18.00225831446668,-9.232268386674143,41.39172550956575,-73.4021713303924,10099,,41.4,-73.4,0.937738667822354
2024-05-11 03:46:00,140295802,-10.166823787199226,-13.433438291868761,-6.900209282529691,41.39172550956575,-73.4021713303924,10099,-4.2,41.4,-73.4,0.937738667822354
2024-05-11 03:47:00,140295802,-1.748393622107972,-2.292487429943213,-1.2042998142727308,41.39172550956575,-73.4021713303924,10099,,41.4,-73.4,0.937738667822354
2024-05-11 03:48:00,140295802,-4.054770832073719,-5.344146590295737,-2.7653950738517006,41.39172550956575,-73.4021713303924,10099,,41.4,-73.4,0.937738667822354
2024-05-11 03:49:00,140295802,-1.0326446942742307,-1.370915438804924,-0.6943739497435374,41.39172550956575,-73.4021713303924,10099,,41.4,-73.4,0.937738667822354
2024-05-11 03:50:00,140295802,9.473315292731263,6.327198203372648,12.619432382089878,41.39172550956575,-73.4021713303924,10099,,41.4,-73.4,0.937738667822354
2024-05-11 03:51:00,140295802,12.776671836250706,8.574969685760362,16.97837398674105,41.39172550956575,-73.4021713303924,10099,,41.4,-73.4,0.937738667822354
2024-05-11 03:52:00,140295802,14.532021787829866,9.74526547418674,19.318778101472994,41.39172550956575,-73.4021713303924,10099,-1.1,41.4,-73.4,0.937738667822354
2024-05-11 03:53:00,140295802,15.567256526540694,10.46225436971394,20.67225868336745,41.39172550956575,-73.4021713303924,10099,,41.4,-73.4,0.937738667822354
2024-05-11 03:54:00,140295802,-0.9799000584989562,-1.2827350888163653,-0.6770650281815471,41.39172550956575,-73.4021713303924,10099,-0.1,41.4,-73.4,0.937738667822354
2024-05-11 03:55:00,140295802,-6.023598087760141,-7.928206003534991,-4.118990171985291,41.39172550956575,-73.4021713303924,10099,0.9,41.4,-73.4,0.937738667822354
2024-05-11 03:56:00,140295802,-4.319803768530824,-5.671598440400932,-2.968009096660716,41.39172550956575,-73.4021713303924,10099,,41.4,-73.4,0.937738667822354
2024-05-11 03:57:00,140295802,2.2993951442845186,1.485917817110605,3.112872471458432,41.39172550956575,-73.4021713303924,10099,,41.4,-73.4,0.937738667822354
2024-05-11 03:58:00,140295802,-6.013049937131112,-7.948905768904762,-4.077194105357462,41.39172550956575,-73.4021713303924,10099,,41.4,-73.4,0.937738667822354
2024-05-11 03:59:00,140295802,-5.447156014597804,-7.190794801554448,-3.7035172276411608,41.39172550956575,-73.4021713303924,10099,,41.4,-73.4,0.937738667822354
2024-05-11 04:00:00,140295802,-0.7397192438368809,-0.9700264193286083,-0.5094120683451535,41.39172550956575,-73.4021713303924,10099,,41.4,-73.4,0.937738667822354
2024-05-11 04:01:00,140295802,0.9398001339146518,0.5565940113019961,1.3230062565273073,41.39172550956575,-73.4021713303924,10099,,41.4,-73.4,0.937738667822354
2024-05-11 04:02:00,140295802,-3.2258796599275783,-4.2320751718233955,-2.219684148031761,41.39172550956575,-73.4021713303924,10099,,41.4,-73.4,0.937738667822354
2024-05-11 04:03:00,140295802,-2.513717052034268,-3.28713560397195,-1.7402985000965865,41.39172550956575,-73.4021713303924,10099,,41.4,-73.4,0.937738667822354
2024-05-11 04:04:00,140295802,2.1213019258321677,1.3197213136872168,2.9228825379771184,41.39172550956575,-73.4021713303924,10099,,41.4,-73.4,0.937738667822354
2024-05-11 04:05:00,140295802,13.799396031482477,9.267009147172939,18.331782915792015,41.39172550956575,-73.4021713303924,10099,,41.4,-73.4,0.937738667822354
2024-05-11 04:06:00,140295802,13.436067527398132,9.057891026070596,17.814244028725668,41.39172550956575,-73.4021713303924,10099,,41.4,-73.4,0.937738667822354
2024-05-11 04:07:00,140295802,18.526521630155713,12.511580066023495,24.54146319428793,41.39172550956575,-73.4021713303924,10099,,41.4,-73.4,0.937738667822354
2024-05-11 04:08:00,140295802,15.204845386041436,10.300978466478863,20.10871230560401,41.39172550956575,-73.4021713303924,10099,,41.4,-73.4,0.937738667822354
2024-05-11 04:09:00,140295802,19.415279965054122,13.121269419594945,25.7092905105133,41.39172550956575,-73.4021713303924,10099,,41.4,-73.4,0.937738667822354
2024-05-11 04:10:00,140295802,20.4298320330474,13.821466294082926,27.038197772011877,41.39172550956575,-73.4021713303924,10099,2.3,41.4,-73.4,0.937738667822354
2024-05-11 04:11:00,140295802,28.253136465125216,19.093263860949698,37.413009069300735,41.39172550956575,-73.4021713303924,10099,,41.4,-73.4,0.937738667822354
2024-05-11 04:12:00,140295802,28.543081325397157,19.281554725354823,37.80460792543949,41.39172550956575,-73.4021713303924,10099,1.5,41.4,-73.4,0.937738667822354
2024-05-11 04:13:00,140295802,31.291769759099285,21.128100828238047,41.45543868996052,41.39172550956575,-73.4021713303924,10099,,41.4,-73.4,0.937738667822354
2024-05-11 04:14:00,140295802,25.405167084887513,17.19474133712916,33.615592832645866,41.39172550956575,-73.4021713303924,10099,0.7,41.4,-73.4,0.937738667822354
2024-05-11 04:15:00,140295802,24.329896877881577,16.444970621674898,32.214823134088256,41.39172550956575,-73.4021713303924,10099,,41.4,-73.4,0.937738667822354
2024-05-11 04:16:00,140295802,27.540940383920695,18.594928575091338,36.48695219275005,41.39172550956575,-73.4021713303924,10099,0.6,41.4,-73.4,0.937738667822354
2024-05-11 04:17:00,140295802,21.125632744982727,14.284363109942863,27.966902380022592,41.39172550956575,-73.4021713303924,10099,,41.4,-73.4,0.937738667822354
2024-05-11 04:18:00,140295802,18.408780493533104,12.42317905845292,24.39438192861329,41.39172550956575,-73.4021713303924,10099,,41.4,-73.4,0.937738667822354
2024-05-11 04:19:00,140295802,29.7938006193118,20.09503632297904,39.49256491564456,41.39172550956575,-73.4021713303924,10099,,41.4,-73.4,0.937738667822354
2024-05-11 04:20:00,140295802,40.23457007898125,27.168150766054445,53.300989391908054,41.39172550956575,-73.4021713303924,10099,,41.4,-73.4,0.937738667822354
2024-05-11 04:21:00,140295802,44.14356159865109,29.842686664168887,58.44443653313329,41.39172550956575,-73.4021713303924,10099,,41.4,-73.4,0.937738667822354
2024-05-11 04:22:00,140295802,38.280687756406934,25.900915094310307,50.66046041850356,41.39172550956575,-73.4021713303924,10099,,41.4,-73.4,0.937738667822354
2024-05-11 04:23:00,140295802,27.868168332522973,18.898193116492088,36.83814354855386,41.39172550956575,-73.4021713303924,10099,,41.4,-73.4,0.937738667822354
2024-05-11 04:24:00,140295802,-1.76212625689151,-2.513853445965934,-1.0103990678170858,41.39172550956575,-73.4021713303924,10099,-0.1,41.4,-73.4,0.937738667822354
2024-05-11 04:25:00,140295802,-8.434282223682356,-11.188912382962691,-5.6796520644020205,41.39172550956575,-73.4021713303924,10099,,41.4,-73.4,0.937738667822354
2024-05-11 04:26:00,140295802,-11.264269570061437,-14.89363678826071,-7.634902351862163,41.39172550956575,-73.4021713303924,10099,,41.4,-73.4,0.937738667822354
2024-05-11 04:27:00,140295802,-9.023103903708302,-11.909977297485105,-6.136230509931499,41.39172550956575,-73.4021713303924,10099,,41.4,-73.4,0.937738667822354
2024-05-11 04:28:00,140295802,8.813993954419493,5.796646092920319,11.831341815918666,41.39172550956575,-73.4021713303924,10099,,41.4,-73.4,0.937738667822354
2024-05-11 04:29:00,140295802,55.70107292710689,37.396598409477605,74.00554744473618,41.39172550956575,-73.4021713303924,10099,0.9,41.4,-73.4,0.937738667822354
2024-05-11 04:30:00,140295802,51.39024913998176,34.64528438028871,68.13521389967482,41.39172550956575,-73.4021713303924,10099,,41.4,-73.4,0.937738667822354
2024-05-11 04:31:00,140295802,51.12910132300585,34.53211251115573,67.72609013485597,41.39172550956575,-73.4021713303924,10099,,41.4,-73.4,0.937738667822354
2024-05-11 04:32:00,140295802,32.32316678030449,21.91922270612367,42.72711085448531,41.39172550956575,-73.4021713303924,10099,,41.4,-73.4,0.937738667822354
2024-05-11 04:33:00,140295802,8.004377871826478,5.4945070827945255,10.51424866085843,41.39172550956575,-73.4021713303924,10099,,41.4,-73.4,0.937738667822354
2024-05-11 04:34:00,140295802,-31.872071684452525,-42.35698406651022,-21.387159302394824,41.39172550956575,-73.4021713303924,10099,-3.0,41.4,-73.4,0.937738667822354
2024-05-11 04:35:00,140295802,-42.735413145003164,-56.65557177980815,-28.81525451019818,41.39172550956575,-73.4021713303924,10099,-5.1,41.4,-73.4,0.937738667822354
2024-05-11 04:36:00,140295802,-46.87576230725549,-62.10532387467373,-31.646200739837255,41.39172550956575,-73.4021713303924,10099,,41.4,-73.4,0.937738667822354
2024-05-11 04:37:00,140295802,-35.735734722070525,-47.27010048372523,-24.201368960415817,41.39172550956575,-73.4021713303924,10099,,41.4,-73.4,0.937738667822354
2024-05-11 04:38:00,140295802,-33.45866687315747,-44.25300908897523,-22.664324657339705,41.39172550956575,-73.4021713303924,10099,,41.4,-73.4,0.937738667822354
2024-05-11 04:39:00,140295802,-6.546326988920532,-8.582785637260727,-4.509868340580336,41.39172550956575,-73.4021713303924,10099,,41.4,-73.4,0.937738667822354
2024-05-11 04:40:00,140295802,-4.433240208111909,-5.838422862897776,-3.028057553326042,41.39172550956575,-73.4021713303924,10099,,41.4,-73.4,0.937738667822354
2024-05-11 04:41:00,140295802,0.5407840342968142,0.058569901254392764,1.0229981673392357,41.39172550956575,-73.4021713303924,10099,-5.3,41.4,-73.4,0.937738667822354
2024-05-11 04:42:00,140295802,35.35858445777033,23.7388284649825,46.97834045055815,41.39172550956575,-73.4021713303924,10099,,41.4,-73.4,0.937738667822354
2024-05-11 04:43:00,140295802,25.41417607926486,17.08731592842899,33.74103623010073,41.39172550956575,-73.4021713303924,10099,,41.4,-73.4,0.937738667822354
2024-05-11 04:44:00,140295802,10.142492078599476,6.853270297701634,13.431713859497318,41.39172550956575,-73.4021713303924,10099,,41.4,-73.4,0.937738667822354
2024-05-11 04:45:00,140295802,-7.14120176143216,-9.465943866789537,-4.816459656074782,41.39172550956575,-73.4021713303924,10099,,41.4,-73.4,0.937738667822354
2024-05-11 04:46:00,140295802,5.586594357825162,3.796894126356606,7.376294589293718,41.39172550956575,-73.4021713303924,10099,,41.4,-73.4,0.937738667822354
2024-05-11 04:47:00,140295802,-12.195269565534472,-16.255528959798852,-8.135010171270093,41.39172550956575,-73.4021713303924,10099,,41.4,-73.4,0.937738667822354
2024-05-11 04:48:00,140295802,-32.41613947956783,-43.000287708743436,-21.831991250392228,41.39172550956575,-73.4021713303924,10099,,41.4,-73.4,0.937738667822354
2024-05-11 04:49:00,140295802,-32.886461953471475,-43.5915523950221,-22.18137151192085,41.39172550956575,-73.4021713303924,10099,,41.4,-73.4,0.937738667822354
2024-05-11 04:50:00,140295802,-24.21618009629405,-32.09645234322226,-16.33590784936584,41.39172550956575,-73.4021713303924,10099,,41.4,-73.4,0.937738667822354
2024-05-11 04:51:00,140295802,-18.79291462360468,-24.879016906042946,-12.706812341166415,41.39172550956575,-73.4021713303924,10099,,41.4,-73.4,0.937738667822354
2024-05-11 04:52:00,140295802,-3.565872059579481,-4.710460483768267,-2.4212836353906955,41.39172550956575,-73.4021713303924,10099,-0.4,41.4,-73.4,0.937738667822354
2024-05-11 04:53:00,140295802,0.9235332314307827,0.6261439433763525,1.220922519485213,41.39172550956575,-73.4021713303924,10099,,41.4,-73.4,0.937738667822354
2024-05-11 04:54:00,140295802,-3.538061794183009,-4.789379625682056,-2.2867439626839623,41.39172550956575,-73.4021713303924,10099,,41.4,-73.4,0.937738667822354
2024-05-11 04:55:00,140295802,0.7036979097807616,0.44255350679522015,0.9648423127663031,41.39172550956575,-73.4021713303924,10099,,41.4,-73.4,0.937738667822354
2024-05-11 04:56:00,140295802,5.134749484689612,3.5302021294334525,6.739296839945772,41.39172550956575,-73.4021713303924,10099,,41.4,-73.4,0.937738667822354
2024-05-11 04:57:00,140295802,3.1461664385962904,2.1771844674490355,4.115148409743545,41.39172550956575,-73.4021713303924,10099,,41.4,-73.4,0.937738667822354
2024-05-11 04:58:00,140295802,-3.9606796020553228,-5.343761049139701,-2.5775981549709446,41.39172550956575,-73.4021713303924,10099,,41.4,-73.4,0.937738667822354
2024-05-11 04:59:00,140295802,-4.567489674216823,-6.1489423707650825,-2.986036977668563,41.39172550956575,-73.4021713303924,10099,,41.4,-73.4,0.937738667822354
2024-05-11 05:00:00,140295802,-5.176159741884485,-6.916548062264541,-3.4357714215044286,41.39172550956575,-73.4021713303924,10099,,41.4,-73.4,0.937738667822354
2024-05-11 05:01:00,140295802,-3.676474234215299,-4.896787550590576,-2.4561609178400223,41.39172550956575,-73.4021713303924,10099,,41.4,-73.4,0.937738667822354
2024-05-11 05:02:00,140295802,-0.9062036997393558,-1.2135388677484131,-0.5988685317302984,41.39172550956575,-73.4021713303924,10099,,41.4,-73.4,0.937738667822354
2024-05-11 05:03:00,140295802,5.933270777526655,4.02495446420977,7.841587090843539,41.39172550956575,-73.4021713303924,10099,,41.4,-73.4,0.937738667822354
2024-05-11 05:04:00,140295802,4.71499186410641,3.2044660889540166,6.225517639258803,41.39172550956575,-73.4021713303924,10099,,41.4,-73.4,0.937738667822354
2024-05-11 05:05:00,140295802,5.0365298789246635,3.4195752153751577,6.653484542474169,41.39172550956575,-73.4021713303924,10099,,41.4,-73.4,0.937738667822354
2024-05-11 05:06:00,140295802,3.9394157394430693,2.6974979141685833,5.181333564717555,41.39172550956575,-73.4021713303924,10099,,41.4,-73.4,0.937738667822354
2024-05-11 05:07:00,140295802,4.055243390843384,2.7778735533956382,5.33261322829113,41.39172550956575,-73.4021713303924,10099,,41.4,-73.4,0.937738667822354
2024-05-11 05:08:00,140295802,0.6485073159362439,0.43586272777698926,0.8611519040954985,41.39172550956575,-73.4021713303924,10099,,41.4,-73.4,0.937738667822354
2024-05-11 05:09:00,140295802,1.112541266327215,0.7667111841973869,1.4583713484570429,41.39172550956575,-73.4021713303924,10099,,41.4,-73.4,0.937738667822354
2024-05-11 05:10:00,140295802,9.699276833605946,6.563903691513489,12.834649975698404,41.39172550956575,-73.4021713303924,10099,,41.4,-73.4,0.937738667822354
2024-05-11 05:11:00,140295802,6.1858850341094165,4.212966666857482,8.15880340136135,41.39172550956575,-73.4021713303924,10099,,41.4,-73.4,0.937738667822354
2024-05-11 05:12:00,140295802,5.193194190362342,3.5197374247730173,6.866650955951666,41.39172550956575,-73.4021713303924,10099,,41.4,-73.4,0.937738667822354
2024-05-11 05:13:00,140295802,12.946245866909361,8.757145991875337,17.135345741943386,41.39172550956575,-73.4021713303924,10099,,41.4,-73.4,0.937738667822354
2024-05-11 05:14:00,140295802,12.715976847741837,8.619744104791987,16.812209590691687,41.39172550956575,-73.4021713303924,10099,,41.4,-73.4,0.937738667822354
2024-05-11 05:15:00,140295802,18.281301996164153,12.367973591427571,24.194630400900735,41.39172550956575,-73.4021713303924,10099,,41.4,-73.4,0.937738667822354
2024-05-11 05:16:00,140295802,15.980068152410942,10.843005850361614,21.11713045446027,41.39172550956575,-73.4021713303924,10099,,41.4,-73.4,0.937738667822354
2024-05-11 05:17:00,140295802,8.132007764694386,5.547055014551032,10.71696051483774,41.39172550956575,-73.4021713303924,10099,,41.4,-73.4,0.937738667822354
2024-05-11 05:18:00,140295802,-12.378217009374671,-16.49530247303886,-8.261131545710484,41.39172550956575,-73.4021713303924,10099,-1.5,41.4,-73.4,0.937738667822354
2024-05-11 05:19:00,140295802,-25.155087459057494,-33.37163883739049,-16.938536080724496,41.39172550956575,-73.4021713303924,10099,,41.4,-73.4,0.937738667822354
2024-05-11 05:20:00,140295802,-30.70807357300493,-40.71442623485761,-20.70172091115225,41.39172550956575,-73.4021713303924,10099,-3.9,41.4,-73.4,0.937738667822354
2024-05-11 05:21:00,140295802,-21.593420296384576,-28.610219863351695,-14.576620729417458,41.39172550956575,-73.4021713303924,10099,,41.4,-73.4,0.937738667822354
2024-05-11 05:22:00,140295802,-8.528423642454888,-11.271530116945012,-5.785317167964762,41.39172550956575,-73.4021713303924,10099,,41.4,-73.4,0.937738667822354
2024-05-11 05:23:00,140295802,3.8500426861277797,2.57768006788255,5.122405304373009,41.39172550956575,-73.4021713303924,10099,,41.4,-73.4,0.937738667822354
2024-05-11 05:24:00,140295802,2.568018152899013,1.7391544706466,3.396881835151426,41.39172550956575,-73.4021713303924,10099,,41.4,-73.4,0.937738667822354
2024-05-11 05:25:00,140295802,5.897202075274666,3.9871567489624415,7.80724740158689,41.39172550956575,-73.4021713303924,10099,,41.4,-73.4,0.937738667822354
2024-05-11 05:26:00,140295802,2.7220318062711777,1.8628711835010159,3.5811924290413395,41.39172550956575,-73.4021713303924,10099,,41.4,-73.4,0.937738667822354
2024-05-11 05:27:00,140295802,7.100572842703128,4.820658096832528,9.380487588573729,41.39172550956575,-73.4021713303924,10099,,41.4,-73.4,0.937738667822354
2024-05-11 05:28:00,140295802,-0.11443960105056965,-0.30485830019236476,0.07597909809122548,41.39172550956575,-73.4021713303924,10099,,41.4,-73.4,0.937738667822354
2024-05-11 05:29:00,140295802,1.0543453233283864,0.7268773468464987,1.3818132998102741,41.39172550956575,-73.4021713303924,10099,0.4,41.4,-73.4,0.937738667822354
2024-05-11 05:30:00,140295802,-7.3159731235121725,-9.734186165668252,-4.897760081356093,41.39172550956575,-73.4021713303924,10099,-0.3,41.4,-73.4,0.937738667822354
2024-05-11 05:31:00,140295802,-9.168024526801624,-12.15553243039761,-6.180516623205637,41.39172550956575,-73.4021713303924,10099,,41.4,-73.4,0.937738667822354
2024-05-11 05:32:00,140295802,-9.340672389905256,-12.384068313883759,-6.297276465926754,41.39172550956575,-73.4021713303924,10099,-0.6,41.4,-73.4,0.937738667822354
2024-05-11 05:33:00,140295802,-4.54139021360187,-5.996888809329922,-3.085891617873818,41.39172550956575,-73.4021713303924,10099,,41.4,-73.4,0.937738667822354
2024-05-11 05:34:00,140295802,-0.9790979733592585,-1.288441040985729,-0.6697549057327881,41.39172550956575,-73.4021713303924,10099,-1.0,41.4,-73.4,0.937738667822354
2024-05-11 05:35:00,140295802,-0.9490588256216288,-1.248769344909923,-0.6493483063333345,41.39172550956575,-73.4021713303924,10099,,41.4,-73.4,0.937738667822354
2024-05-11 05:36:00,140295802,-3.935135627151432,-5.210957588990944,-2.6593136653119203,41.39172550956575,-73.4021713303924,10099,,41.4,-73.4,0.937738667822354
2024-05-11 05:37:00,140295802,0.9506365487674125,0.618673867980428,1.282599229554397,41.39172550956575,-73.4021713303924,10099,,41.4,-73.4,0.937738667822354
2024-05-11 05:38:00,140295802,-1.24903497323954,-1.663235050561934,-0.8348348959171462,41.39172550956575,-73.4021713303924,10099,,41.4,-73.4,0.937738667822354
2024-05-11 05:39:00,140295802,-0.3940129451042877,-0.5211013123875451,-0.2669245778210303,41.39172550956575,-73.4021713303924,10099,,41.4,-73.4,0.937738667822354
2024-05-11 05:40:00,140295802,-6.401674812598934,-8.493658269767586,-4.309691355430282,41.39172550956575,-73.4021713303924,10099,,41.4,-73.4,0.937738667822354
2024-05-11 05:41:00,140295802,-5.745667994769295,-7.594840123841611,-3.896495865696978,41.39172550956575,-73.4021713303924,10099,,41.4,-73.4,0.937738667822354
2024-05-11 05:42:00,140295802,-3.518000316201595,-4.654227911294519,-2.381772721108671,41.39172550956575,-73.4021713303924,10099,,41.4,-73.4,0.937738667822354
2024-05-11 05:43:00,140295802,-3.0962189664518025,-4.084745234252692,-2.1076926986509137,41.39172550956575,-73.4021713303924,10099,,41.4,-73.4,0.937738667822354
2024-05-11 05:44:00,140295802,-7.335146958666637,-9.701736596731514,-4.968557320601759,41.39172550956575,-73.4021713303924,10099,,41.4,-73.4,0.937738667822354
2024-05-11 05:45:00,140295802,-6.8203088098898865,-9.005993744596186,-4.634623875183587,41.39172550956575,-73.4021713303924,10099,,41.4,-73.4,0.937738667822354
2024-05-11 05:46:00,140295802,-0.35598720416874813,-0.47895696047376013,-0.23301744786373613,41.39172550956575,-73.4021713303924,10099,,41.4,-73.4,0.937738667822354
2024-05-11 05:47:00,140295802,8.686027363428197,5.8222858208998325,11.549768905956562,41.39172550956575,-73.4021713303924,10099,,41.4,-73.4,0.937738667822354
2024-05-11 05:48:00,140295802,5.965584603766152,4.010789469795974,7.920379737736331,41.39172550956575,-73.4021713303924,10099,,41.4,-73.4,0.937738667822354
2024-05-11 05:49:00,140295802,18.797940869080392,12.623090133859447,24.972791604301335,41.39172550956575,-73.4021713303924,10099,1.5,41.4,-73.4,0.937738667822354
2024-05-11 05:50:00,140295802,17.91548810208352,12.105380790530566,23.72559541363647,41.39172550956575,-73.4021713303924,10099,,41.4,-73.4,0.937738667822354
2024-05-11 05:51:00,140295802,14.323350176177826,9.65491100316954,18.991789349186114,41.39172550956575,-73.4021713303924,10099,,41.4,-73.4,0.937738667822354
2024-05-11 05:52:00,140295802,16.725487163491117,11.303941581665702,22.14703274531653,41.39172550956575,-73.4021713303924,10099,0.7,41.4,-73.4,0.937738667822354
2024-05-11 05:53:00,140295802,9.634470930374356,6.501528021335368,12.767413839413344,41.39172550956575,-73.4021713303924,10099,,41.4,-73.4,0.937738667822354
2024-05-11 05:54:00,140295802,20.350753739364166,13.744029656187731,26.9574778225406,41.39172550956575,-73.4021713303924,10099,,41.4,-73.4,0.937738667822354
2024-05-11 05:55:00,140295802,23.6028252060252,15.94504241419515,31.260607997855253,41.39172550956575,-73.4021713303924,10099,,41.4,-73.4,0.937738667822354
2024-05-11 05:56:00,140295802,18.90867446598254,12.816349100861014,25.000999831104064,41.39172550956575,-73.4021713303924,10099,,41.4,-73.4,0.937738667822354
2024-05-11 05:57:00,140295802,6.604155544947861,4.505180570618343,8.703130519277378,41.39172550956575,-73.4021713303924,10099,,41.4,-73.4,0.937738667822354
2024-05-11 05:58:00,140295802,2.9000837910444215,1.9984887869621655,3.8016787951266773,41.39172550956575,-73.4021713303924,10099,,41.4,-73.4,0.937738667822354
2024-05-11 05:59:00,140295802,-2.1276377421572694,-2.8852047585693104,-1.3700707257452287,41.39172550956575,-73.4021713303924,10099,,41.4,-73.4,0.937738667822354
2024-05-11 06:00:00,140295802,-10.20451693726064,-13.568089978905096,-6.840943895616185,41.39172550956575,-73.4021713303924,10099,,41.4,-73.4,0.937738667822354
2024-05-11 06:01:00,140295802,-12.436291481916767,-16.500623554590007,-8.371959409243527,41.39172550956575,-73.4021713303924,10099,,41.4,-73.4,0.937738667822354
2024-05-11 06:02:00,140295802,-4.466405649083598,-5.93288836935692,-2.999922928810276,41.39172550956575,-73.4021713303924,10099,,41.4,-73.4,0.937738667822354
2024-05-11 06:03:00,140295802,-1.2086515838565086,-1.6234744274551673,-0.7938287402578499,41.39172550956575,-73.4021713303924,10099,,41.4,-73.4,0.937738667822354
2024-05-11 06:04:00,140295802,0.5206864856575665,0.35905037084781405,0.6823226004673189,41.39172550956575,-73.4021713303924,10099,-0.1,41.4,-73.4,0.937738667822354
2024-05-11 06:05:00,140295802,4.070410442531557,2.772942790167532,5.367878094895582,41.39172550956575,-73.4021713303924,10099,,41.4,-73.4,0.937738667822354
2024-05-11 06:06:00,140295802,4.118956312201077,2.8199838045013332,5.417928819900821,41.39172550956575,-73.4021713303924,10099,,41.4,-73.4,0.937738667822354
2024-05-11 06:07:00,140295802,-0.5171161991004881,-0.7659515093421281,-0.2682808888588481,41.39172550956575,-73.4021713303924,10099,,41.4,-73.4,0.937738667822354
2024-05-11 06:08:00,140295802,-7.835800384519094,-10.403646697175274,-5.267954071862913,41.39172550956575,-73.4021713303924,10099,,41.4,-73.4,0.937738667822354
2024-05-11 06:09:00,140295802,-2.084822902031112,-2.7393244487219905,-1.4303213553402334,41.39172550956575,-73.4021713303924,10099,,41.4,-73.4,0.937738667822354
2024-05-11 06:10:00,140295802,1.4458378599699877,0.9960723070052073,1.895603412934768,41.39172550956575,-73.4021713303924,10099,,41.4,-73.4,0.937738667822354
2024-05-11 06:11:00,140295802,-12.49675202578829,-16.645475987787407,-8.348028063789172,41.39172550956575,-73.4021713303924,10099,,41.4,-73.4,0.937738667822354
2024-05-11 06:12:00,140295802,-20.333477374605067,-27.02002447307082,-13.646930276139313,41.39172550956575,-73.4021713303924,10099,,41.4,-73.4,0.937738667822354
2024-05-11 06:13:00,140295802,-18.31697592639684,-24.338171626454233,-12.295780226339446,41.39172550956575,-73.4021713303924,10099,,41.4,-73.4,0.937738667822354
2024-05-11 06:14:00,140295802,-18.655591460995208,-24.7489060860722,-12.562276835918215,41.39172550956575,-73.4021713303924,10099,,41.4,-73.4,0.937738667822354
2024-05-11 06:15:00,140295802,-21.10343681182479,-27.98757625092901,-14.219297372720568,41.39172550956575,-73.4021713303924,10099,,41.4,-73.4,0.937738667822354
2024-05-11 06:16:00,140295802,-23.041616043052578,-30.548922957124258,-15.534309128980897,41.39172550956575,-73.4021713303924,10099,,41.4,-73.4,0.937738667822354
2024-05-11 06:17:00,140295802,-18.6925819535602,-24.75440004441844,-12.630763862701961,41.39172550956575,-73.4021713303924,10099,,41.4,-73.4,0.937738667822354
2024-05-11 06:18:00,140295802,-17.156166533180944,-22.722348121522128,-11.58998494483976,41.39172550956575,-73.4021713303924,10099,,41.4,-73.4,0.937738667822354
2024-05-11 06:19:00,140295802,-5.493230966248906,-7.255011231990253,-3.7314507005075592,41.39172550956575,-73.4021713303924,10099,-0.5,41.4,-73.4,0.937738667822354
2024-05-11 06:20:00,140295802,-9.51147044481789,-12.591401770946577,-6.431539118689203,41.39172550956575,-73.4021713303924,10099,,41.4,-73.4,0.937738667822354
2024-05-11 06:21:00,140295802,-8.902215882052754,-11.767548546195707,-6.036883217909802,41.39172550956575,-73.4021713303924,10099,,41.4,-73.4,0.937738667822354
2024-05-11 06:22:00,140295802,-4.124726853723216,-5.463411486054261,-2.786042221392171,41.39172550956575,-73.4021713303924,10099,0.6,41.4,-73.4,0.937738667822354
2024-05-11 06:23:00,140295802,3.141165788759265,2.1235539792996465,4.158777598218883,41.39172550956575,-73.4021713303924,10099,,41.4,-73.4,0.937738667822354
2024-05-11 06:24:00,140295802,7.309870313283495,4.943663207204187,9.676077419362803,41.39172550956575,-73.4021713303924,10099,,41.4,-73.4,0.937738667822354
2024-05-11 06:25:00,140295802,4.561309188081507,3.081384629568171,6.041233746594844,41.39172550956575,-73.4021713303924,10099,,41.4,-73.4,0.937738667822354
2024-05-11 06:26:00,140295802,2.516743850065652,1.6763129685171094,3.3571747316141947,41.39172550956575,-73.4021713303924,10099,,41.4,-73.4,0.937738667822354
2024-05-11 06:27:00,140295802,5.6003534371093995,3.777526014041341,7.4231808601774585,41.39172550956575,-73.4021713303924,10099,,41.4,-73.4,0.937738667822354
2024-05-11 06:28:00,140295802,-0.3091737843021741,-0.4690816807808684,-0.1492658878234798,41.39172550956575,-73.4021713303924,10099,,41.4,-73.4,0.937738667822354
2024-05-11 06:29:00,140295802,-0.3350336584974463,-0.4679927860624611,-0.20207453093243155,41.39172550956575,-73.4021713303924,10099,2.2,41.4,-73.4,0.937738667822354
2024-05-11 06:30:00,140295802,1.0275313855337918,0.7107380333738436,1.34432473769374,41.39172550956575,-73.4021713303924,10099,,41.4,-73.4,0.937738667822354
2024-05-11 06:31:00,140295802,6.699354514143521,4.54588049469593,8.852828533591111,41.39172550956575,-73.4021713303924,10099,3.3,41.4,-73.4,0.937738667822354
2024-05-11 06:32:00,140295802,-1.3338426260982539,-1.8862763026342422,-0.7814089495622657,41.39172550956575,-73.4021713303924,10099,,41.4,-73.4,0.937738667822354
2024-05-11 06:33:00,140295802,3.9161523468512343,2.6771340684954787,5.15517062520699,41.39172550956575,-73.4021713303924,10099,3.6,41.4,-73.4,0.937738667822354
2024-05-11 06:34:00,140295802,-6.505512684658356,-8.71589646697365,-4.295128902343062,41.39172550956575,-73.4021713303924,10099,,41.4,-73.4,0.937738667822354
2024-05-11 06:35:00,140295802,-13.093473083094546,-17.384223222068247,-8.802722944120845,41.39172550956575,-73.4021713303924,10099,3.3,41.4,-73.4,0.937738667822354
2024-05-11 06:36:00,140295802,-12.500838921482401,-16.58662107561973,-8.415056767345074,41.39172550956575,-73.4021713303924,10099,,41.4,-73.4,0.937738667822354
2024-05-11 06:37:00,140295802,-8.238208808098221,-10.894499063532498,-5.581918552663945,41.39172550956575,-73.4021713303924,10099,3.6,41.4,-73.4,0.937738667822354
2024-05-11 06:38:00,140295802,-21.630446535602847,-28.657469427627642,-14.60342364357805,41.39172550956575,-73.4021713303924,10099,3.2,41.4,-73.4,0.937738667822354
2024-05-11 06:39:00,140295802,-17.304930095983327,-22.85080752406396,-11.759052667902694,41.39172550956575,-73.4021713303924,10099,2.9,41.4,-73.4,0.937738667822354
2024-05-11 06:40:00,140295802,-19.64924923519144,-25.978052397695308,-13.320446072687576,41.39172550956575,-73.4021713303924,10099,,41.4,-73.4,0.937738667822354
2024-05-11 06:41:00,140295802,-12.902493962070398,-16.97215732662533,-8.832830597515468,41.39172550956575,-73.4021713303924,10099,,41.4,-73.4,0.937738667822354
2024-05-11 06:42:00,140295802,0.09150967989783562,-0.3982765523251981,0.5812959121208694,41.39172550956575,-73.4021713303924,10099,,41.4,-73.4,0.937738667822354
2024-05-11 06:43:00,140295802,57.96293027060373,38.91125977967041,77.01460076153705,41.39172550956575,-73.4021713303924,10099,4.3,41.4,-73.4,0.937738667822354
2024-05-11 06:44:00,140295802,90.63919605647114,61.180995937432485,120.09739617550979,41.39172550956575,-73.4021713303924,10099,9.5,41.4,-73.4,0.937738667822354
2024-05-11 06:45:00,140295802,41.839241554862575,28.269680190958226,55.40880291876692,41.39172550956575,-73.4021713303924,10099,5.9,41.4,-73.4,0.937738667822354
2024-05-11 06:46:00,140295802,72.15506259421059,48.68606337477223,95.62406181364895,41.39172550956575,-73.4021713303924,10099,6.6,41.4,-73.4,0.937738667822354
2024-05-11 06:47:00,140295802,104.09969474199721,70.3662182816712,137.83317120232323,41.39172550956575,-73.4021713303924,10099,,41.4,-73.4,0.937738667822354
2024-05-11 06:48:00,140295802,101.85202769707318,68.99045675008257,134.71359864406378,41.39172550956575,-73.4021713303924,10099,,41.4,-73.4,0.937738667822354
2024-05-11 06:49:00,140295802,74.47440973678627,50.50815786569046,98.44066160788208,41.39172550956575,-73.4021713303924,10099,,41.4,-73.4,0.937738667822354
2024-05-11 06:50:00,140295802,110.06742351694514,74.4989161921452,145.63593084174508,41.39172550956575,-73.4021713303924,10099,8.5,41.4,-73.4,0.937738667822354
2024-05-11 06:51:00,140295802,95.66149600227375,64.918838445321,126.4041535592265,41.39172550956575,-73.4021713303924,10099,8.2,41.4,-73.4,0.937738667822354
2024-05-11 06:52:00,140295802,46.52275863924719,31.720041520369385,61.325475758125,41.39172550956575,-73.4021713303924,10099,0.6,41.4,-73.4,0.937738667822354
2024-05-11 06:53:00,140295802,-7.796624909218092,-10.617216516230398,-4.976033302205787,41.39172550956575,-73.4021713303924,10099,,41.4,-73.4,0.937738667822354
2024-05-11 06:54:00,140295802,-3.815774380488503,-5.140014156372126,-2.4915346046048805,41.39172550956575,-73.4021713303924,10099,,41.4,-73.4,0.937738667822354
2024-05-11 06:55:00,140295802,19.495107298208058,13.168771308879531,25.821443287536585,41.39172550956575,-73.4021713303924,10099,,41.4,-73.4,0.937738667822354
2024-05-11 06:56:00,140295802,57.726813053427485,38.91799073571151,76.53563537114346,41.39172550956575,-73.4021713303924,10099,,41.4,-73.4,0.937738667822354
2024-05-11 06:57:00,140295802,22.56224246311905,15.291968082938919,29.832516843299178,41.39172550956575,-73.4021713303924,10099,2.6,41.4,-73.4,0.937738667822354
2024-05-11 06:58:00,140295802,-24.761410339135573,-32.68655429667119,-16.836266381599955,41.39172550956575,-73.4021713303924,10099,-2.2,41.4,-73.4,0.937738667822354
2024-05-11 06:59:00,140295802,-34.99462114061628,-46.22332297791094,-23.765919303321624,41.39172550956575,-73.4021713303924,10099,,41.4,-73.4,0.937738667822354
2024-05-11 07:00:00,140295802,-26.58914615755392,-35.07051943120564,-18.1077728839022,41.39172550956575,-73.4021713303924,10099,,41.4,-73.4,0.937738667822354
2024-05-11 07:01:00,140295802,-37.697894171664586,-49.78074725662147,-25.615041086707706,41.39172550956575,-73.4021713303924,10099,-5.0,41.4,-73.4,0.937738667822354
2024-05-11 07:02:00,140295802,-27.956719284965878,-36.89198228089473,-19.021456289037026,41.39172550956575,-73.4021713303924,10099,,41.4,-73.4,0.937738667822354
2024-05-11 07:03:00,140295802,-28.411644529280508,-37.510637211677476,-19.31265184688354,41.39172550956575,-73.4021713303924,10099,,41.4,-73.4,0.937738667822354
2024-05-11 07:04:00,140295802,-7.99829936326297,-10.472498742828108,-5.524099983697833,41.39172550956575,-73.4021713303924,10099,,41.4,-73.4,0.937738667822354
2024-05-11 07:05:00,140295802,2.2860384112163294,1.4229805855932978,3.149096236839361,41.39172550956575,-73.4021713303924,10099,,41.4,-73.4,0.937738667822354
2024-05-11 07:06:00,140295802,-6.179434874302761,-8.128113006997554,-4.230756741607969,41.39172550956575,-73.4021713303924,10099,,41.4,-73.4,0.937738667822354
2024-05-11 07:07:00,140295802,-8.805332392080684,-11.615573693755264,-5.995091090406104,41.39172550956575,-73.4021713303924,10099,2.7,41.4,-73.4,0.937738667822354
2024-05-11 07:08:00,140295802,-37.06290829211548,-49.09440847962044,-25.031408104610517,41.39172550956575,-73.4021713303924,10099,-1.5,41.4,-73.4,0.937738667822354
2024-05-11 07:09:00,140295802,-46.779582263831806,-61.887991867060876,-31.671172660602736,41.39172550956575,-73.4021713303924,10099,-1.5,41.4,-73.4,0.937738667822354
2024-05-11 07:10:00,140295802,-32.09344433184555,-42.42298296942488,-21.763905694266214,41.39172550956575,-73.4021713303924,10099,,41.4,-73.4,0.937738667822354
2024-05-11 07:11:00,140295802,-46.04645969873682,-60.924421284377914,-31.16849811309572,41.39172550956575,-73.4021713303924,10099,,41.4,-73.4,0.937738667822354
2024-05-11 07:12:00,140295802,-51.25404384440945,-67.80999095668106,-34.69809673213784,41.39172550956575,-73.4021713303924,10099,,41.4,-73.4,0.937738667822354
2024-05-11 07:13:00,140295802,-49.54074852209641,-65.52786995303367,-33.55362709115914,41.39172550956575,-73.4021713303924,10099,,41.4,-73.4,0.937738667822354
2024-05-11 07:14:00,140295802,-25.278445347807462,-33.36213753968222,-17.194753155932702,41.39172550956575,-73.4021713303924,10099,-4.6,41.4,-73.4,0.937738667822354
2024-05-11 07:15:00,140295802,-6.562391225257912,-8.620904679303722,-4.503877771212101,41.39172550956575,-73.4021713303924,10099,,41.4,-73.4,0.937738667822354
2024-05-11 07:16:00,140295802,1.771882309165216,1.1208493763306238,2.4229152419998083,41.39172550956575,-73.4021713303924,10099,,41.4,-73.4,0.937738667822354
2024-05-11 07:17:00,140295802,-4.308182033082297,-5.649971601595937,-2.9663924645686572,41.39172550956575,-73.4021713303924,10099,,41.4,-73.4,0.937738667822354
2024-05-11 07:18:00,140295802,9.948543765491113,6.616276339117951,13.280811191864276,41.39172550956575,-73.4021713303924,10099,,41.4,-73.4,0.937738667822354
2024-05-11 07:19:00,140295802,-9.641567166885338,-12.797754912562073,-6.485379421208603,41.39172550956575,-73.4021713303924,10099,-0.8,41.4,-73.4,0.937738667822354
2024-05-11 07:20:00,140295802,-31.540617836447886,-41.79012082503066,-21.29111484786511,41.39172550956575,-73.4021713303924,10099,-1.2,41.4,-73.4,0.937738667822354
2024-05-11 07:21:00,140295802,-35.51146873555387,-47.05575688372507,-23.967180587382675,41.39172550956575,-73.4021713303924,10099,,41.4,-73.4,0.937738667822354
2024-05-11 07:22:00,140295802,-32.26467844119347,-42.75287486900248,-21.776482013384456,41.39172550956575,-73.4021713303924,10099,-3.3,41.4,-73.4,0.937738667822354
2024-05-11 07:23:00,140295802,-19.618035514253123,-25.97282743570598,-13.263243592800267,41.39172550956575,-73.4021713303924,10099,-0.5,41.4,-73.4,0.937738667822354
2024-05-11 07:24:00,140295802,-10.009221607282347,-13.230179956627833,-6.788263257936862,41.39172550956575,-73.4021713303924,10099,,41.4,-73.4,0.937738667822354
2024-05-11 07:25:00,140295802,-4.142902641218707,-5.502252595772141,-2.7835526866652724,41.39172550956575,-73.4021713303924,10099,-2.7,41.4,-73.4,0.937738667822354
2024-05-11 07:26:00,140295802,-9.380282898893332,-12.434320719982995,-6.326245077803669,41.39172550956575,-73.4021713303924,10099,,41.4,-73.4,0.937738667822354
2024-05-11 07:27:00,140295802,-6.38801375053879,-8.492871843139518,-4.283155657938062,41.39172550956575,-73.4021713303924,10099,,41.4,-73.4,0.937738667822354
2024-05-11 07:28:00,140295802,-15.577428659400844,-20.6906543902653,-10.464202928536388,41.39172550956575,-73.4021713303924,10099,,41.4,-73.4,0.937738667822354
2024-05-11 07:29:00,140295802,-8.915475158464341,-11.829195144299707,-6.001755172628974,41.39172550956575,-73.4021713303924,10099,,41.4,-73.4,0.937738667822354
2024-05-11 07:30:00,140295802,14.84012860761848,10.013513094118222,19.66674412111874,41.39172550956575,-73.4021713303924,10099,-1.2,41.4,-73.4,0.937738667822354
2024-05-11 07:31:00,140295802,34.83750693839893,23.5251191104053,46.14989476639256,41.39172550956575,-73.4021713303924,10099,2.1,41.4,-73.4,0.937738667822354
2024-05-11 07:32:00,140295802,38.22208050199619,25.857285391784878,50.5868756122075,41.39172550956575,-73.4021713303924,10099,3.3,41.4,-73.4,0.937738667822354
2024-05-11 07:33:00,140295802,21.722736504442413,14.738752028354895,28.70672098052993,41.39172550956575,-73.4021713303924,10099,,41.4,-73.4,0.937738667822354
2024-05-11 07:34:00,140295802,-1.6711639423194087,-2.2796639760572956,-1.0626639085815217,41.39172550956575,-73.4021713303924,10099,,41.4,-73.4,0.937738667822354
2024-05-11 07:35:00,140295802,-16.855622712233313,-22.34189507367111,-11.369350350795512,41.39172550956575,-73.4021713303924,10099,3.4,41.4,-73.4,0.937738667822354
2024-05-11 07:36:00,140295802,-15.030101879497519,-19.9061872605946,-10.15401649840044,41.39172550956575,-73.4021713303924,10099,2.0,41.4,-73.4,0.937738667822354
2024-05-11 07:37:00,140295802,-32.40167831717278,-42.999568289149124,-21.803788345196434,41.39172550956575,-73.4021713303924,10099,,41.4,-73.4,0.937738667822354
2024-05-11 07:38:00,140295802,-58.86362109506937,-77.99732651822117,-39.72991567191757,41.39172550956575,-73.4021713303924,10099,,41.4,-73.4,0.937738667822354
2024-05-11 07:39:00,140295802,-36.491930103541016,-48.32037765983889,-24.66348254724314,41.39172550956575,-73.4021713303924,10099,,41.4,-73.4,0.937738667822354
2024-05-11 07:40:00,140295802,-45.895462076765554,-60.791349978642735,-30.999574174888373,41.39172550956575,-73.4021713303924,10099,1.1,41.4,-73.4,0.937738667822354
2024-05-11 07:41:00,140295802,-32.068345149955654,-42.43811763420234,-21.698572665708966,41.39172550956575,-73.4021713303924,10099,,41.4,-73.4,0.937738667822354
2024-05-11 07:42:00,140295802,-43.10053748534735,-57.07714916665358,-29.12392580404113,41.39172550956575,-73.4021713303924,10099,,41.4,-73.4,0.937738667822354
2024-05-11 07:43:00,140295802,-46.886508813776764,-62.04095139255969,-31.732066234993837,41.39172550956575,-73.4021713303924,10099,,41.4,-73.4,0.937738667822354
2024-05-11 07:44:00,140295802,-40.263117135318,-53.241464397878154,-27.284769872757842,41.39172550956575,-73.4021713303924,10099,-2.4,41.4,-73.4,0.937738667822354
2024-05-11 07:45:00,140295802,-12.663436045323996,-16.66617270146125,-8.660699389186744,41.39172550956575,-73.4021713303924,10099,,41.4,-73.4,0.937738667822354
2024-05-11 07:46:00,140295802,-1.703257979232267,-2.246065590719877,-1.160450367744657,41.39172550956575,-73.4021713303924,10099,2.3,41.4,-73.4,0.937738667822354
2024-05-11 07:47:00,140295802,8.853923188713857,5.923686772945519,11.784159604482195,41.39172550956575,-73.4021713303924,10099,1.1,41.4,-73.4,0.937738667822354
2024-05-11 07:48:00,140295802,5.374667731891001,3.637585696385168,7.111749767396834,41.39172550956575,-73.4021713303924,10099,,41.4,-73.4,0.937738667822354
2024-05-11 07:49:00,140295802,2.8518313460780265,1.9377955369618611,3.765867155194192,41.39172550956575,-73.4021713303924,10099,,41.4,-73.4,0.937738667822354
2024-05-11 07:50:00,140295802,-3.6579605296889044,-4.893444201770981,-2.4224768576068274,41.39172550956575,-73.4021713303924,10099,,41.4,-73.4,0.937738667822354
2024-05-11 07:51:00,140295802,-7.629693049834785,-10.115720705811082,-5.143665393858488,41.39172550956575,-73.4021713303924,10099,,41.4,-73.4,0.937738667822354
2024-05-11 07:52:00,140295802,-14.246588620924411,-18.934918597606384,-9.558258644242438,41.39172550956575,-73.4021713303924,10099,-0.3,41.4,-73.4,0.937738667822354
2024-05-11 07:53:00,140295802,-29.9531904175168,-39.750420580389786,-20.155960254643816,41.39172550956575,-73.4021713303924,10099,,41.4,-73.4,0.937738667822354
2024-05-11 07:54:00,140295802,-39.734935219126534,-52.663799405373,-26.80607103288007,41.39172550956575,-73.4021713303924,10099,,41.4,-73.4,0.937738667822354
2024-05-11 07:55:00,140295802,-40.76517238234518,-54.00071483011011,-27.529629934580242,41.39172550956575,-73.4021713303924,10099,,41.4,-73.4,0.937738667822354
2024-05-11 07:56:00,140295802,-48.01483162303915,-63.59811272641219,-32.43155051966611,41.39172550956575,-73.4021713303924,10099,-1.8,41.4,-73.4,0.937738667822354
2024-05-11 07:57:00,140295802,-46.46373604174545,-61.493601810250325,-31.433870273240572,41.39172550956575,-73.4021713303924,10099,,41.4,-73.4,0.937738667822354
2024-05-11 07:58:00,140295802,-54.31961292132997,-71.90222327972215,-36.73700256293779,41.39172550956575,-73.4021713303924,10099,-2.4,41.4,-73.4,0.937738667822354
2024-05-11 07:59:00,140295802,-69.66465555157578,-92.15746647913386,-47.171844624017695,41.39172550956575,-73.4021713303924,10099,,41.4,-73.4,0.937738667822354
2024-05-11 08:00:00,140295802,-70.21427479602939,-92.88112362895254,-47.547425963106235,41.39172550956575,-73.4021713303924,10099,,41.4,-73.4,0.937738667822354
2024-05-11 08:01:00,140295802,-58.69742864116392,-77.59297069796479,-39.80188658436305,41.39172550956575,-73.4021713303924,10099,,41.4,-73.4,0.937738667822354
2024-05-11 08:02:00,140295802,-37.71017605917795,-49.76003751812077,-25.66031460023512,41.39172550956575,-73.4021713303924,10099,,41.4,-73.4,0.937738667822354
2024-05-11 08:03:00,140295802,-28.619714421437198,-37.727748497263214,-19.511680345611182,41.39172550956575,-73.4021713303924,10099,,41.4,-73.4,0.937738667822354
2024-05-11 08:04:00,140295802,-17.71868498223766,-23.321850127550086,-12.115519836925237,41.39172550956575,-73.4021713303924,10099,,41.4,-73.4,0.937738667822354
2024-05-11 08:05:00,140295802,-9.66894567431065,-12.68338489384548,-6.654506454775822,41.39172550956575,-73.4021713303924,10099,,41.4,-73.4,0.937738667822354
2024-05-11 08:06:00,140295802,-2.3252778745683513,-3.0700660073198387,-1.580489741816864,41.39172550956575,-73.4021713303924,10099,,41.4,-73.4,0.937738667822354
2024-05-11 08:07:00,140295802,2.516268475312637,1.5014275502754417,3.5311094003498322,41.39172550956575,-73.4021713303924,10099,,41.4,-73.4,0.937738667822354
2024-05-11 08:08:00,140295802,-4.24587243885026,-5.579352802288417,-2.912392075412102,41.39172550956575,-73.4021713303924,10099,-1.0,41.4,-73.4,0.937738667822354
2024-05-11 08:09:00,140295802,8.958787824276994,5.895479942185466,12.022095706368523,41.39172550956575,-73.4021713303924,10099,,41.4,-73.4,0.937738667822354
2024-05-11 08:10:00,140295802,1.135678356265962,0.7297125076986244,1.5416442048332997,41.39172550956575,-73.4021713303924,10099,,41.4,-73.4,0.937738667822354
2024-05-11 08:11:00,140295802,-28.221383486774034,-37.347811172571724,-19.094955800976344,41.39172550956575,-73.4021713303924,10099,-4.7,41.4,-73.4,0.937738667822354
2024-05-11 08:12:00,140295802,-8.586846492344275,-11.269927216559877,-5.9037657681286735,41.39172550956575,-73.4021713303924,10099,,41.4,-73.4,0.937738667822354
2024-05-11 08:13:00,140295802,-13.042657763139347,-17.177137766403817,-8.908177759874878,41.39172550956575,-73.4021713303924,10099,,41.4,-73.4,0.937738667822354
2024-05-11 08:14:00,140295802,-0.3275208943825446,-0.7639928109671748,0.10895102220208547,41.39172550956575,-73.4021713303924,10099,,41.4,-73.4,0.937738667822354
2024-05-11 08:15:00,140295802,-12.39824016171888,-16.322938248156966,-8.473542075280793,41.39172550956575,-73.4021713303924,10099,0.4,41.4,-73.4,0.937738667822354
2024-05-11 08:16:00,140295802,-13.162659281178525,-17.319725189308713,-9.005593373048338,41.39172550956575,-73.4021713303924,10099,,41.4,-73.4,0.937738667822354
2024-05-11 08:17:00,140295802,-18.35358628772554,-24.191706567975615,-12.51546600747547,41.39172550956575,-73.4021713303924,10099,,41.4,-73.4,0.937738667822354
2024-05-11 08:18:00,140295802,3.7954989498420466,2.2882960813928186,5.302701818291275,41.39172550956575,-73.4021713303924,10099,,41.4,-73.4,0.937738667822354
2024-05-11 08:19:00,140295802,-15.991292197005192,-21.03405925235578,-10.948525141654603,41.39172550956575,-73.4021713303924,10099,0.6,41.4,-73.4,0.937738667822354
2024-05-11 08:20:00,140295802,40.56019461782355,27.04636154826329,54.074027687383804,41.39172550956575,-73.4021713303924,10099,,41.4,-73.4,0.937738667822354
2024-05-11 08:21:00,140295802,29.14144318205372,19.565132041975698,38.71775432213174,41.39172550956575,-73.4021713303924,10099,5.5,41.4,-73.4,0.937738667822354
2024-05-11 08:22:00,140295802,35.39424785456263,23.61525488664906,47.1732408224762,41.39172550956575,-73.4021713303924,10099,,41.4,-73.4,0.937738667822354
2024-05-11 08:23:00,140295802,2.901512355807431,1.8273816854882403,3.9756430261266216,41.39172550956575,-73.4021713303924,10099,4.2,41.4,-73.4,0.937738667822354
2024-05-11 08:24:00,140295802,5.372384955709739,3.198610737866873,7.5461591735526055,41.39172550956575,-73.4021713303924,10099,-1.7,41.4,-73.4,0.937738667822354
2024-05-11 08:25:00,140295802,86.44472821553548,58.3508781724438,114.53857825862715,41.39172550956575,-73.4021713303924,10099,,41.4,-73.4,0.937738667822354
2024-05-11 08:26:00,140295802,58.28720158980902,39.537286351233085,77.03711682838497,41.39172550956575,-73.4021713303924,10099,,41.4,-73.4,0.937738667822354
2024-05-11 08:27:00,140295802,104.73359899592579,70.86965144332214,138.59754654852944,41.39172550956575,-73.4021713303924,10099,,41.4,-73.4,0.937738667822354
2024-05-11 08:28:00,140295802,89.68253200454521,60.923716750272405,118.44134725881801,41.39172550956575,-73.4021713303924,10099,,41.4,-73.4,0.937738667822354
2024-05-11 08:29:00,140295802,76.23149384950337,51.815915198254245,100.64707250075249,41.39172550956575,-73.4021713303924,10099,3.8,41.4,-73.4,0.937738667822354
2024-05-11 08:30:00,140295802,38.96942426447283,26.618616909785494,51.32023161916016,41.39172550956575,-73.4021713303924,10099,6.7,41.4,-73.4,0.937738667822354
2024-05-11 08:31:00,140295802,15.09281395491502,10.363614451832813,19.822013457997226,41.39172550956575,-73.4021713303924,10099,,41.4,-73.4,0.937738667822354
2024-05-11 08:32:00,140295802,-30.044129090799125,-39.91349285510198,-20.174765326496267,41.39172550956575,-73.4021713303924,10099,,41.4,-73.4,0.937738667822354
2024-05-11 08:33:00,140295802,-43.67617624564876,-57.83435177623916,-29.518000715058363,41.39172550956575,-73.4021713303924,10099,1.6,41.4,-73.4,0.937738667822354
2024-05-11 08:34:00,140295802,-2.738080666626904,-3.6048176012646977,-1.8713437319891102,41.39172550956575,-73.4021713303924,10099,,41.4,-73.4,0.937738667822354
2024-05-11 08:35:00,140295802,-5.543864598698485,-7.397453679799363,-3.6902755175976063,41.39172550956575,-73.4021713303924,10099,3.0,41.4,-73.4,0.937738667822354
2024-05-11 08:36:00,140295802,10.393549767054411,6.998498477735918,13.788601056372904,41.39172550956575,-73.4021713303924,10099,,41.4,-73.4,0.937738667822354
2024-05-11 08:37:00,140295802,103.88265132665036,70.24142212977014,137.52388052353058,41.39172550956575,-73.4021713303924,10099,5.5,41.4,-73.4,0.937738667822354
2024-05-11 08:38:00,140295802,17.368527636492164,11.948109409996945,22.788945862987383,41.39172550956575,-73.4021713303924,10099,,41.4,-73.4,0.937738667822354
2024-05-11 08:39:00,140295802,3.0436422304252635,2.0853553707703605,4.001929090080166,41.39172550956575,-73.4021713303924,10099,-1.4,41.4,-73.4,0.937738667822354
2024-05-11 08:40:00,140295802,-10.623651978366059,-14.347209468428462,-6.900094488303656,41.39172550956575,-73.4021713303924,10099,-0.2,41.4,-73.4,0.937738667822354
2024-05-11 08:41:00,140295802,10.987364232390746,7.468722138409121,14.506006326372372,41.39172550956575,-73.4021713303924,10099,2.8,41.4,-73.4,0.937738667822354
2024-05-11 08:42:00,140295802,7.257315235627923,4.980983476180725,9.53364699507512,41.39172550956575,-73.4021713303924,10099,,41.4,-73.4,0.937738667822354
2024-05-11 08:43:00,140295802,-0.34986087445981967,-0.47025611717145394,-0.2294656317481854,41.39172550956575,-73.4021713303924,10099,,41.4,-73.4,0.937738667822354
2024-05-11 08:44:00,140295802,38.41556011285997,25.92990662827947,50.901213597440474,41.39172550956575,-73.4021713303924,10099,,41.4,-73.4,0.937738667822354
2024-05-11 08:45:00,140295802,81.58853752212715,55.189588357498835,107.98748668675547,41.39172550956575,-73.4021713303924,10099,,41.4,-73.4,0.937738667822354
2024-05-11 08:46:00,140295802,-14.394915445705404,-19.37976435105702,-9.410066540353789,41.39172550956575,-73.4021713303924,10099,5.0,41.4,-73.4,0.937738667822354
2024-05-11 08:47:00,140295802,-28.740644437029847,-38.007753274086845,-19.47353559997285,41.39172550956575,-73.4021713303924,10099,,41.4,-73.4,0.937738667822354
2024-05-11 08:48:00,140295802,-11.586368380333845,-15.373683531804033,-7.799053228863656,41.39172550956575,-73.4021713303924,10099,,41.4,-73.4,0.937738667822354
2024-05-11 08:49:00,140295802,-52.00469052403194,-68.79975780859456,-35.20962323946932,41.39172550956575,-73.4021713303924,10099,,41.4,-73.4,0.937738667822354
2024-05-11 08:50:00,140295802,-15.437543205151282,-20.31055099610963,-10.564535414192935,41.39172550956575,-73.4021713303924,10099,,41.4,-73.4,0.937738667822354
2024-05-11 08:51:00,140295802,-1.5772675757196015,-2.147625789870596,-1.0069093615686069,41.39172550956575,-73.4021713303924,10099,6.9,41.4,-73.4,0.937738667822354
2024-05-11 08:52:00,140295802,-6.222550085612705,-8.147421687337243,-4.297678483888167,41.39172550956575,-73.4021713303924,10099,,41.4,-73.4,0.937738667822354
2024-05-11 08:53:00,140295802,13.976436704023738,9.289603825152376,18.6632695828951,41.39172550956575,-73.4021713303924,10099,7.1,41.4,-73.4,0.937738667822354
2024-05-11 08:54:00,140295802,26.038917516407214,17.472353737781702,34.605481295032725,41.39172550956575,-73.4021713303924,10099,,41.4,-73.4,0.937738667822354
2024-05-11 08:55:00,140295802,20.77517393358369,13.91539710815504,27.63495075901234,41.39172550956575,-73.4021713303924,10099,,41.4,-73.4,0.937738667822354
2024-05-11 08:56:00,140295802,2.2205196102161455,1.4695725675845734,2.9714666528477176,41.39172550956575,-73.4021713303924,10099,,41.4,-73.4,0.937738667822354
2024-05-11 08:57:00,140295802,-6.272296921053626,-8.229550248395348,-4.315043593711904,41.39172550956575,-73.4021713303924,10099,,41.4,-73.4,0.937738667822354
2024-05-11 08:58:00,140295802,29.514957361054,19.82237349662286,39.207541225485144,41.39172550956575,-73.4021713303924,10099,,41.4,-73.4,0.937738667822354
2024-05-11 08:59:00,140295802,88.33387929156311,59.63571574731026,117.03204283581596,41.39172550956575,-73.4021713303924,10099,,41.4,-73.4,0.937738667822354
2024-05-11 09:00:00,140295802,148.6110861020578,100.53346659229501,196.6887056118206,41.39172550956575,-73.4021713303924,10099,,41.4,-73.4,0.937738667822354
2024-05-11 09:01:00,140295802,117.3503092333189,79.62681726120172,155.07380120543607,41.39172550956575,-73.4021713303924,10099,,41.4,-73.4,0.937738667822354
2024-05-11 09:02:00,140295802,77.87017236676132,52.96261787684487,102.77772685667779,41.39172550956575,-73.4021713303924,10099,,41.4,-73.4,0.937738667822354
2024-05-11 09:03:00,140295802,80.95041604388626,54.967679393543875,106.93315269422865,41.39172550956575,-73.4021713303924,10099,,41.4,-73.4,0.937738667822354
2024-05-11 09:04:00,140295802,78.95673079956742,53.6582259043859,104.25523569474895,41.39172550956575,-73.4021713303924,10099,,41.4,-73.4,0.937738667822354
2024-05-11 09:05:00,140295802,5.642195113768852,3.89380196595615,7.390588261581554,41.39172550956575,-73.4021713303924,10099,6.5,41.4,-73.4,0.937738667822354
2024-05-11 09:06:00,140295802,48.594249218627624,32.90192561597203,64.28657282128322,41.39172550956575,-73.4021713303924,10099,4.4,41.4,-73.4,0.937738667822354
2024-05-11 09:07:00,140295802,-21.408924743346404,-28.824791679734687,-13.99305780695812,41.39172550956575,-73.4021713303924,10099,,41.4,-73.4,0.937738667822354
2024-05-11 09:08:00,140295802,-128.04050021064012,-169.48827869779498,-86.59272172348525,41.39172550956575,-73.4021713303924,10099,,41.4,-73.4,0.937738667822354
2024-05-11 09:09:00,140295802,-1.5323585705705602,-2.7026793351312213,-0.36203780600989943,41.39172550956575,-73.4021713303924,10099,3.9,41.4,-73.4,0.937738667822354
2024-05-11 09:10:00,140295802,14.241312899386374,9.440295544684236,19.04233025408851,41.39172550956575,-73.4021713303924,10099,,41.4,-73.4,0.937738667822354
2024-05-11 09:11:00,140295802,1.0872895521319526,0.5132600203370368,1.6613190839268683,41.39172550956575,-73.4021713303924,10099,,41.4,-73.4,0.937738667822354
2024-05-11 09:12:00,140295802,-22.507908775692893,-29.71602932069177,-15.299788230694016,41.39172550956575,-73.4021713303924,10099,,41.4,-73.4,0.937738667822354
2024-05-11 09:13:00,140295802,-19.693525751730554,-25.978052043769452,-13.408999459691657,41.39172550956575,-73.4021713303924,10099,3.4,41.4,-73.4,0.937738667822354
2024-05-11 09:14:00,140295802,-21.292968154849863,-28.093540952861037,-14.492395356838689,41.39172550956575,-73.4021713303924,10099,3.9,41.4,-73.4,0.937738667822354
2024-05-11 09:15:00,140295802,7.393132559338906,4.960372665614143,9.82589245306367,41.39172550956575,-73.4021713303924,10099,,41.4,-73.4,0.937738667822354
2024-05-11 09:16:00,140295802,3.1504267908277965,2.1705335235483947,4.130320058107198,41.39172550956575,-73.4021713303924,10099,2.3,41.4,-73.4,0.937738667822354
2024-05-11 09:17:00,140295802,31.024172426763933,21.088702301529295,40.95964255199857,41.39172550956575,-73.4021713303924,10099,0.4,41.4,-73.4,0.937738667822354
2024-05-11 09:18:00,140295802,29.713456942622823,20.27919958323173,39.14771430201392,41.39172550956575,-73.4021713303924,10099,3.2,41.4,-73.4,0.937738667822354
2024-05-11 09:19:00,140295802,9.687411697586079,6.689341672182266,12.685481722989891,41.39172550956575,-73.4021713303924,10099,2.2,41.4,-73.4,0.937738667822354
2024-05-11 09:20:00,140295802,-15.30417185618465,-20.548752085553744,-10.059591626815559,41.39172550956575,-73.4021713303924,10099,1.2,41.4,-73.4,0.937738667822354
2024-05-11 09:21:00,140295802,-22.858083073656662,-30.445053124455825,-15.2711130228575,41.39172550956575,-73.4021713303924,10099,-0.9,41.4,-73.4,0.937738667822354
2024-05-11 09:22:00,140295802,-27.776650983289368,-36.953146831407366,-18.60015513517137,41.39172550956575,-73.4021713303924,10099,,41.4,-73.4,0.937738667822354
2024-05-11 09:23:00,140295802,-11.953390045871114,-15.928917545147383,-7.977862546594844,41.39172550956575,-73.4021713303924,10099,,41.4,-73.4,0.937738667822354
2024-05-11 09:24:00,140295802,-34.0658926234807,-45.21766236820425,-22.914122878757148,41.39172550956575,-73.4021713303924,10099,-4.0,41.4,-73.4,0.937738667822354
2024-05-11 09:25:00,140295802,-43.72300962338173,-57.900269087799785,-29.545750158963667,41.39172550956575,-73.4021713303924,10099,-2.2,41.4,-73.4,0.937738667822354
2024-05-11 09:26:00,140295802,-27.452282364207104,-36.389694052018015,-18.514870676396193,41.39172550956575,-73.4021713303924,10099,,41.4,-73.4,0.937738667822354
2024-05-11 09:27:00,140295802,-10.790726696638236,-14.32370892629765,-7.2577444669788225,41.39172550956575,-73.4021713303924,10099,,41.4,-73.4,0.937738667822354
2024-05-11 09:28:00,140295802,0.07632655375407164,-0.2581827740153617,0.41083588152350503,41.39172550956575,-73.4021713303924,10099,,41.4,-73.4,0.937738667822354
2024-05-11 09:29:00,140295802,15.181218919299898,10.259488575245335,20.10294926335446,41.39172550956575,-73.4021713303924,10099,,41.4,-73.4,0.937738667822354
2024-05-11 09:30:00,140295802,13.326275055271044,9.059192378225413,17.593357732316676,41.39172550956575,-73.4021713303924,10099,,41.4,-73.4,0.937738667822354
2024-05-11 09:31:00,140295802,-16.392437906193553,-21.68684762509013,-11.098028187296975,41.39172550956575,-73.4021713303924,10099,,41.4,-73.4,0.937738667822354
2024-05-11 09:32:00,140295802,5.2553977652599935,3.4743818248351914,7.0364137056847955,41.39172550956575,-73.4021713303924,10099,,41.4,-73.4,0.937738667822354
2024-05-11 09:33:00,140295802,20.550155671318073,13.91537294749475,27.184938395141394,41.39172550956575,-73.4021713303924,10099,,41.4,-73.4,0.937738667822354
2024-05-11 09:34:00,140295802,16.684042241639062,11.328157594769088,22.039926888509036,41.39172550956575,-73.4021713303924,10099,,41.4,-73.4,0.937738667822354
2024-05-11 09:35:00,140295802,43.700714766232295,29.522467050026542,57.87896248243805,41.39172550956575,-73.4021713303924,10099,,41.4,-73.4,0.937738667822354
2024-05-11 09:36:00,140295802,56.45782068438996,38.12264227332294,74.79299909545698,41.39172550956575,-73.4021713303924,10099,,41.4,-73.4,0.937738667822354
2024-05-11 09:37:00,140295802,71.09163182241875,47.92663778573207,94.25662585910543,41.39172550956575,-73.4021713303924,10099,2.2,41.4,-73.4,0.937738667822354
2024-05-11 09:38:00,140295802,107.92562963251481,72.92131055288613,142.9299487121435,41.39172550956575,-73.4021713303924,10099,,41.4,-73.4,0.937738667822354
2024-05-11 09:39:00,140295802,158.27597348970878,107.0118655692443,209.54008141017323,41.39172550956575,-73.4021713303924,10099,,41.4,-73.4,0.937738667822354
2024-05-11 09:40:00,140295802,198.37535690843012,134.28044937186058,262.47026444499966,41.39172550956575,-73.4021713303924,10099,,41.4,-73.4,0.937738667822354
2024-05-11 09:41:00,140295802,160.85920502607684,109.10837907211405,212.61003098003962,41.39172550956575,-73.4021713303924,10099,12.9,41.4,-73.4,0.937738667822354
2024-05-11 09:42:00,140295802,139.92503268019598,94.90166905738508,184.9483963030069,41.39172550956575,-73.4021713303924,10099,,41.4,-73.4,0.937738667822354
2024-05-11 09:43:00,140295802,111.98711174890809,76.17491559251442,147.79930790530176,41.39172550956575,-73.4021713303924,10099,15.8,41.4,-73.4,0.937738667822354
2024-05-11 09:44:00,140295802,34.99813764017626,24.027815780196036,45.968459500156484,41.39172550956575,-73.4021713303924,10099,,41.4,-73.4,0.937738667822354
2024-05-11 09:45:00,140295802,64.4169892619427,43.76926026412458,85.06471825976082,41.39172550956575,-73.4021713303924,10099,,41.4,-73.4,0.937738667822354
2024-05-11 09:46:00,140295802,41.75203115420234,28.556134664702768,54.94792764370192,41.39172550956575,-73.4021713303924,10099,10.2,41.4,-73.4,0.937738667822354
2024-05-11 09:47:00,140295802,36.460293649133284,24.86101750741661,48.05956979084996,41.39172550956575,-73.4021713303924,10099,,41.4,-73.4,0.937738667822354
2024-05-11 09:48:00,140295802,-10.376211073464319,-14.105311854015145,-6.647110292913492,41.39172550956575,-73.4021713303924,10099,7.9,41.4,-73.4,0.937738667822354
2024-05-11 09:49:00,140295802,-46.67422272507708,-61.92895375918782,-31.41949169096634,41.39172550956575,-73.4021713303924,10099,,41.4,-73.4,0.937738667822354
2024-05-11 09:50:00,140295802,-105.10266356121627,-139.3146416398758,-70.89068548255676,41.39172550956575,-73.4021713303924,10099,-2.1,41.4,-73.4,0.937738667822354
2024-05-11 09:51:00,140295802,-105.04293950876796,-139.04766964715725,-71.03820937037867,41.39172550956575,-73.4021713303924,10099,,41.4,-73.4,0.937738667822354
2024-05-11 09:52:00,140295802,-66.09451684497651,-87.47977901663793,-44.70925467331509,41.39172550956575,-73.4021713303924,10099,,41.4,-73.4,0.937738667822354
2024-05-11 09:53:00,140295802,-24.22435299913985,-31.94013645543705,-16.50856954284265,41.39172550956575,-73.4021713303924,10099,,41.4,-73.4,0.937738667822354
2024-05-11 09:54:00,140295802,-9.36052061561355,-12.345898644191893,-6.375142587035208,41.39172550956575,-73.4021713303924,10099,-1.2,41.4,-73.4,0.937738667822354
2024-05-11 09:55:00,140295802,-19.689957165777834,-26.02217254586843,-13.357741785687239,41.39172550956575,-73.4021713303924,10099,,41.4,-73.4,0.937738667822354
2024-05-11 09:56:00,140295802,-26.403727769254143,-34.914526330102376,-17.892929208405906,41.39172550956575,-73.4021713303924,10099,,41.4,-73.4,0.937738667822354
2024-05-11 09:57:00,140295802,-23.47130172533499,-31.011700199486672,-15.930903251183306,41.39172550956575,-73.4021713303924,10099,-3.2,41.4,-73.4,0.937738667822354
2024-05-11 09:58:00,140295802,-20.55782397647848,-27.26972204469164,-13.845925908265322,41.39172550956575,-73.4021713303924,10099,,41.4,-73.4,0.937738667822354
2024-05-11 09:59:00,140295802,-29.281904005466547,-38.79881346128632,-19.764994549646772,41.39172550956575,-73.4021713303924,10099,,41.4,-73.4,0.937738667822354
2024-05-11 10:00:00,140295802,-34.16222408003078,-45.257362179882364,-23.067085980179197,41.39172550956575,-73.4021713303924,10099,,41.4,-73.4,0.937738667822354
2024-05-11 10:01:00,140295802,-35.29102921306639,-46.7226961800107,-23.859362246122075,41.39172550956575,-73.4021713303924,10099,,41.4,-73.4,0.937738667822354
2024-05-11 10:02:00,140295802,-18.772289337072156,-24.814273617343062,-12.730305056801251,41.39172550956575,-73.4021713303924,10099,-3.9,41.4,-73.4,0.937738667822354
2024-05-11 10:03:00,140295802,-4.9617318893435005,-6.502307962164923,-3.421155816522078,41.39172550956575,-73.4021713303924,10099,,41.4,-73.4,0.937738667822354
2024-05-11 10:04:00,140295802,5.593327538560805,3.6878690840427906,7.49878599307882,41.39172550956575,-73.4021713303924,10099,-0.2,41.4,-73.4,0.937738667822354
2024-05-11 10:05:00,140295802,-5.866794507605092,-7.69586572691671,-4.037723288293473,41.39172550956575,-73.4021713303924,10099,,41.4,-73.4,0.937738667822354
2024-05-11 10:06:00,140295802,-11.361628291003388,-14.950481112323605,-7.772775469683172,41.39172550956575,-73.4021713303924,10099,,41.4,-73.4,0.937738667822354
2024-05-11 10:07:00,140295802,7.322869717327873,4.8583576677178115,9.787381766937935,41.39172550956575,-73.4021713303924,10099,,41.4,-73.4,0.937738667822354
2024-05-11 10:08:00,140295802,-11.611321242232071,-15.347550008319748,-7.875092476144394,41.39172550956575,-73.4021713303924,10099,,41.4,-73.4,0.937738667822354
2024-05-11 10:09:00,140295802,-26.597179571787517,-35.174731395036154,-18.01962774853888,41.39172550956575,-73.4021713303924,10099,,41.4,-73.4,0.937738667822354
2024-05-11 10:10:00,140295802,-46.4088720080249,-61.41183730607201,-31.405906709977792,41.39172550956575,-73.4021713303924,10099,,41.4,-73.4,0.937738667822354
2024-05-11 10:11:00,140295802,-33.44675478540865,-44.20320527831451,-22.690304292502788,41.39172550956575,-73.4021713303924,10099,-4.8,41.4,-73.4,0.937738667822354
2024-05-11 10:12:00,140295802,-25.50577247710455,-33.71354049366647,-17.29800446054263,41.39172550956575,-73.4021713303924,10099,-5.0,41.4,-73.4,0.937738667822354
2024-05-11 10:13:00,140295802,-6.759021467732308,-8.896692261841505,-4.621350673623111,41.39172550956575,-73.4021713303924,10099,,41.4,-73.4,0.937738667822354
2024-05-11 10:14:00,140295802,-37.1208126168502,-49.18384834951173,-25.057776884188677,41.39172550956575,-73.4021713303924,10099,,41.4,-73.4,0.937738667822354
2024-05-11 10:15:00,140295802,-43.626852983221376,-57.69608284739907,-29.557623119043683,41.39172550956575,-73.4021713303924,10099,,41.4,-73.4,0.937738667822354
2024-05-11 10:16:00,140295802,-59.20278873300194,-78.36048305851578,-40.045094407488094,41.39172550956575,-73.4021713303924,10099,,41.4,-73.4,0.937738667822354
2024-05-11 10:17:00,140295802,-41.66105672769379,-55.036201043185685,-28.2859124122019,41.39172550956575,-73.4021713303924,10099,,41.4,-73.4,0.937738667822354
2024-05-11 10:18:00,140295802,-53.5786521094186,-70.95204143409283,-36.20526278474436,41.39172550956575,-73.4021713303924,10099,,41.4,-73.4,0.937738667822354
2024-05-11 10:19:00,140295802,-62.149617357660354,-82.17583705891549,-42.12339765640522,41.39172550956575,-73.4021713303924,10099,-14.9,41.4,-73.4,0.937738667822354
2024-05-11 10:20:00,140295802,-39.45460100580278,-52.20263986712569,-26.706562144479868,41.39172550956575,-73.4021713303924,10099,,41.4,-73.4,0.937738667822354
2024-05-11 10:21:00,140295802,-59.31904606592087,-78.47569107064677,-40.16240106119496,41.39172550956575,-73.4021713303924,10099,-7.7,41.4,-73.4,0.937738667822354
2024-05-11 10:22:00,140295802,-51.42420873187837,-68.02667641411193,-34.82174104964481,41.39172550956575,-73.4021713303924,10099,-9.2,41.4,-73.4,0.937738667822354
2024-05-11 10:23:00,140295802,-52.63066493299671,-69.59150366088598,-35.66982620510744,41.39172550956575,-73.4021713303924,10099,,41.4,-73.4,0.937738667822354
2024-05-11 10:24:00,140295802,-49.66733364831833,-65.7213634496909,-33.613303846945776,41.39172550956575,-73.4021713303924,10099,,41.4,-73.4,0.937738667822354
2024-05-11 10:25:00,140295802,-51.88918710053714,-68.61025088350344,-35.168123317570846,41.39172550956575,-73.4021713303924,10099,,41.4,-73.4,0.937738667822354
2024-05-11 10:26:00,140295802,-39.14293905965666,-51.78133110295789,-26.50454701635543,41.39172550956575,-73.4021713303924,10099,,41.4,-73.4,0.937738667822354
2024-05-11 10:27:00,140295802,-29.291695915069198,-38.70599382852164,-19.877398001616754,41.39172550956575,-73.4021713303924,10099,-6.3,41.4,-73.4,0.937738667822354
2024-05-11 10:28:00,140295802,-35.272170329751226,-46.72094069957467,-23.823399959927784,41.39172550956575,-73.4021713303924,10099,,41.4,-73.4,0.937738667822354
2024-05-11 10:29:00,140295802,-21.039505706395122,-27.79555186420142,-14.283459548588825,41.39172550956575,-73.4021713303924,10099,,41.4,-73.4,0.937738667822354
2024-05-11 10:30:00,140295802,-34.223586064532284,-45.4089957674249,-23.03817636163967,41.39172550956575,-73.4021713303924,10099,-5.5,41.4,-73.4,0.937738667822354
2024-05-11 10:31:00,140295802,-36.618557732804376,-48.387451580367085,-24.84966388524167,41.39172550956575,-73.4021713303924,10099,-6.3,41.4,-73.4,0.937738667822354
2024-05-11 10:32:00,140295802,-13.342114767036342,-17.732153840828943,-8.952075693243744,41.39172550956575,-73.4021713303924,10099,1.7,41.4,-73.4,0.937738667822354
2024-05-11 10:33:00,140295802,-56.70347664529518,-75.13990069068598,-38.267052599904396,41.39172550956575,-73.4021713303924,10099,-9.0,41.4,-73.4,0.937738667822354
2024-05-11 10:34:00,140295802,-2.1085337588661597,-2.788162994532966,-1.4289045231993533,41.39172550956575,-73.4021713303924,10099,,41.4,-73.4,0.937738667822354
2024-05-11 10:35:00,140295802,-10.300597261067919,-13.61524359240567,-6.985950929730167,41.39172550956575,-73.4021713303924,10099,-2.3,41.4,-73.4,0.937738667822354
2024-05-11 10:36:00,140295802,-2.1198481733637644,-2.7845347923184782,-1.4551615544090504,41.39172550956575,-73.4021713303924,10099,,41.4,-73.4,0.937738667822354
2024-05-11 10:37:00,140295802,4.884111725895626,3.185691801765874,6.582531650025379,41.39172550956575,-73.4021713303924,10099,,41.4,-73.4,0.937738667822354
2024-05-11 10:38:00,140295802,-5.338869243636167,-7.062837233881542,-3.614901253390792,41.39172550956575,-73.4021713303924,10099,,41.4,-73.4,0.937738667822354
2024-05-11 10:39:00,140295802,-9.61436469064918,-12.680481722022945,-6.548247659275416,41.39172550956575,-73.4021713303924,10099,,41.4,-73.4,0.937738667822354
2024-05-11 10:40:00,140295802,-0.8574464489533135,-1.313734670923243,-0.4011582269833841,41.39172550956575,-73.4021713303924,10099,3.4,41.4,-73.4,0.937738667822354
2024-05-11 10:41:00,140295802,-41.864925879284854,-55.482377983259155,-28.247473775310553,41.39172550956575,-73.4021713303924,10099,,41.4,-73.4,0.937738667822354
2024-05-11 10:42:00,140295802,22.762701652402566,15.255878959546568,30.269524345258564,41.39172550956575,-73.4021713303924,10099,,41.4,-73.4,0.937738667822354
2024-05-11 10:43:00,140295802,-43.58208076099405,-57.75728595986768,-29.406875562120426,41.39172550956575,-73.4021713303924,10099,,41.4,-73.4,0.937738667822354
2024-05-11 10:44:00,140295802,-22.04931029938815,-29.103761004981433,-14.994859593794867,41.39172550956575,-73.4021713303924,10099,,41.4,-73.4,0.937738667822354
2024-05-11 10:45:00,140295802,-67.97660370876915,-90.0834478125018,-45.86975960503649,41.39172550956575,-73.4021713303924,10099,-6.8,41.4,-73.4,0.937738667822354
2024-05-11 10:46:00,140295802,-22.909917138274153,-30.17373039654422,-15.646103880004087,41.39172550956575,-73.4021713303924,10099,,41.4,-73.4,0.937738667822354
2024-05-11 10:47:00,140295802,-20.278446612202732,-26.8716024114569,-13.685290812948562,41.39172550956575,-73.4021713303924,10099,,41.4,-73.4,0.937738667822354
2024-05-11 10:48:00,140295802,-17.77532706284583,-23.4269630913823,-12.123691034309356,41.39172550956575,-73.4021713303924,10099,,41.4,-73.4,0.937738667822354
2024-05-11 10:49:00,140295802,3.488999444739263,2.2582579633472815,4.719740926131244,41.39172550956575,-73.4021713303924,10099,,41.4,-73.4,0.937738667822354
2024-05-11 10:50:00,140295802,7.337118998506015,4.857280361201804,9.816957635810226,41.39172550956575,-73.4021713303924,10099,1.2,41.4,-73.4,0.937738667822354
2024-05-11 10:51:00,140295802,-5.129437055205343,-6.794806194572231,-3.464067915838455,41.39172550956575,-73.4021713303924,10099,,41.4,-73.4,0.937738667822354
2024-05-11 10:52:00,140295802,25.945784298698406,17.43852261045643,34.45304598694038,41.39172550956575,-73.4021713303924,10099,2.6,41.4,-73.4,0.937738667822354
2024-05-11 10:53:00,140295802,-4.6046309517439745,-6.162430577721338,-3.046831325766611,41.39172550956575,-73.4021713303924,10099,,41.4,-73.4,0.937738667822354
2024-05-11 10:54:00,140295802,18.15371646916956,12.155628982394274,24.151803955944843,41.39172550956575,-73.4021713303924,10099,1.7,41.4,-73.4,0.937738667822354
2024-05-11 10:55:00,140295802,14.826037557501541,10.028838004772233,19.62323711023085,41.39172550956575,-73.4021713303924,10099,2.7,41.4,-73.4,0.937738667822354
2024-05-11 10:56:00,140295802,22.355720629966946,15.011707280054289,29.699733979879603,41.39172550956575,-73.4021713303924,10099,2.5,41.4,-73.4,0.937738667822354
2024-05-11 10:57:00,140295802,32.63067036463802,22.00869882211248,43.252641907163564,41.39172550956575,-73.4021713303924,10099,,41.4,-73.4,0.937738667822354
2024-05-11 10:58:00,140295802,19.867810830137785,13.368680941038079,26.36694071923749,41.39172550956575,-73.4021713303924,10099,,41.4,-73.4,0.937738667822354
2024-05-11 10:59:00,140295802,18.313007168303756,12.325567720429532,24.30044661617798,41.39172550956575,-73.4021713303924,10099,,41.4,-73.4,0.937738667822354
2024-05-11 11:00:00,140295802,29.166872947138355,19.65171984043363,38.68202605384308,41.39172550956575,-73.4021713303924,10099,2.6,41.4,-73.4,0.937738667822354
2024-05-11 11:01:00,140295802,20.321073643246987,13.65517683108989,26.986970455404084,41.39172550956575,-73.4021713303924,10099,,41.4,-73.4,0.937738667822354
2024-05-11 11:02:00,140295802,36.09162487422016,24.36385165887401,47.819398089566306,41.39172550956575,-73.4021713303924,10099,,41.4,-73.4,0.937738667822354
2024-05-11 11:03:00,140295802,23.390950652292197,15.778872160970042,31.003029143614352,41.39172550956575,-73.4021713303924,10099,,41.4,-73.4,0.937738667822354
2024-05-11 11:04:00,140295802,27.016856064473775,18.25065599540558,35.78305613354197,41.39172550956575,-73.4021713303924,10099,,41.4,-73.4,0.937738667822354
2024-05-11 11:05:00,140295802,12.53691079622522,8.505696713014654,16.568124879435786,41.39172550956575,-73.4021713303924,10099,,41.4,-73.4,0.937738667822354
2024-05-11 11:06:00,140295802,-1.053006542953931,-1.396447718645396,-0.709565367262466,41.39172550956575,-73.4021713303924,10099,,41.4,-73.4,0.937738667822354
2024-05-11 11:07:00,140295802,-15.43385272516045,-20.474178313035146,-10.393527137285757,41.39172550956575,-73.4021713303924,10099,,41.4,-73.4,0.937738667822354
2024-05-11 11:08:00,140295802,-4.98283903192458,-6.562709049266999,-3.4029690145821596,41.39172550956575,-73.4021713303924,10099,,41.4,-73.4,0.937738667822354
2024-05-11 11:09:00,140295802,-7.917022057941982,-10.489907122788706,-5.344136993095258,41.39172550956575,-73.4021713303924,10099,,41.4,-73.4,0.937738667822354
2024-05-11 11:10:00,140295802,-3.822693849565989,-5.049106298132519,-2.596281400999459,41.39172550956575,-73.4021713303924,10099,0.7,41.4,-73.4,0.937738667822354
2024-05-11 11:11:00,140295802,-6.236050372733209,-8.267064223322185,-4.205036522144233,41.39172550956575,-73.4021713303924,10099,,41.4,-73.4,0.937738667822354
2024-05-11 11:12:00,140295802,6.566915266794668,4.417936465748993,8.715894067840342,41.39172550956575,-73.4021713303924,10099,,41.4,-73.4,0.937738667822354
2024-05-11 11:13:00,140295802,-0.7059018345535698,-1.0252626765263761,-0.38654099258076347,41.39172550956575,-73.4021713303924,10099,,41.4,-73.4,0.937738667822354
2024-05-11 11:14:00,140295802,16.651974701941164,11.283595768288155,22.020353635594173,41.39172550956575,-73.4021713303924,10099,2.2,41.4,-73.4,0.937738667822354
2024-05-11 11:15:00,140295802,3.475031730973332,2.3994039091467823,4.550659552799882,41.39172550956575,-73.4021713303924,10099,,41.4,-73.4,0.937738667822354
2024-05-11 11:16:00,140295802,17.805918297970802,12.044646944702624,23.56718965123898,41.39172550956575,-73.4021713303924,10099,,41.4,-73.4,0.937738667822354
2024-05-11 11:17:00,140295802,7.867918437883668,5.387564422512122,10.348272453255214,41.39172550956575,-73.4021713303924,10099,,41.4,-73.4,0.937738667822354
2024-05-11 11:18:00,140295802,0.013387673999772287,-0.11683088956102017,0.14360623756056473,41.39172550956575,-73.4021713303924,10099,-0.2,41.4,-73.4,0.937738667822354
2024-05-11 11:19:00,140295802,-10.167363531009894,-13.513367149252854,-6.821359912766933,41.39172550956575,-73.4021713303924,10099,0.2,41.4,-73.4,0.937738667822354
2024-05-11 11:20:00,140295802,-3.4269636280853346,-4.5255070537627855,-2.3284202024078837,41.39172550956575,-73.4021713303924,10099,1.5,41.4,-73.4,0.937738667822354
2024-05-11 11:21:00,140295802,-15.720904814569574,-20.82679149273952,-10.615018136399627,41.39172550956575,-73.4021713303924,10099,,41.4,-73.4,0.937738667822354
2024-05-11 11:22:00,140295802,-18.583836236394436,-24.575253132695963,-12.59241934009291,41.39172550956575,-73.4021713303924,10099,,41.4,-73.4,0.937738667822354
2024-05-11 11:23:00,140295802,-14.496924708660384,-19.16922288948616,-9.824626527834607,41.39172550956575,-73.4021713303924,10099,-0.3,41.4,-73.4,0.937738667822354
2024-05-11 11:24:00,140295802,-6.624977847687284,-8.692528556134663,-4.5574271392399055,41.39172550956575,-73.4021713303924,10099,,41.4,-73.4,0.937738667822354
2024-05-11 11:25:00,140295802,0.18621884482238152,-0.06829407775533766,0.44073176740010067,41.39172550956575,-73.4021713303924,10099,,41.4,-73.4,0.937738667822354
2024-05-11 11:26:00,140295802,-17.663248677600297,-23.309360291958146,-12.017137063242448,41.39172550956575,-73.4021713303924,10099,-2.0,41.4,-73.4,0.937738667822354
2024-05-11 11:27:00,140295802,-11.7437667273041,-15.45554769585112,-8.03198575875708,41.39172550956575,-73.4021713303924,10099,-1.6,41.4,-73.4,0.937738667822354
2024-05-11 11:28:00,140295802,0.5666339810480151,-0.1107361498815056,1.2440041119775358,41.39172550956575,-73.4021713303924,10099,-1.4,41.4,-73.4,0.937738667822354
2024-05-11 11:29:00,140295802,-5.389511449743333,-7.0916932367603245,-3.687329662726342,41.39172550956575,-73.4021713303924,10099,,41.4,-73.4,0.937738667822354
2024-05-11 11:30:00,140295802,-21.034558624253236,-27.77403509459213,-14.295082153914343,41.39172550956575,-73.4021713303924,10099,,41.4,-73.4,0.937738667822354
2024-05-11 11:31:00,140295802,24.500876739807893,16.23208428090623,32.76966919870956,41.39172550956575,-73.4021713303924,10099,,41.4,-73.4,0.937738667822354
2024-05-11 11:32:00,140295802,38.65867982950426,26.040622352638977,51.27673730636954,41.39172550956575,-73.4021713303924,10099,3.4,41.4,-73.4,0.937738667822354
2024-05-11 11:33:00,140295802,-25.448278866913682,-33.92327379250994,-16.973283941317426,41.39172550956575,-73.4021713303924,10099,,41.4,-73.4,0.937738667822354
2024-05-11 11:34:00,140295802,-47.45291390574367,-62.887613026372335,-32.018214785115006,41.39172550956575,-73.4021713303924,10099,,41.4,-73.4,0.937738667822354
2024-05-11 11:35:00,140295802,-50.77106985890477,-67.28520368933484,-34.2569360284747,41.39172550956575,-73.4021713303924,10099,,41.4,-73.4,0.937738667822354
2024-05-11 11:36:00,140295802,-43.50450754404665,-57.47759150493699,-29.531423583156318,41.39172550956575,-73.4021713303924,10099,-7.6,41.4,-73.4,0.937738667822354
2024-05-11 11:37:00,140295802,-29.81106945028281,-39.29539839289691,-20.326740507668717,41.39172550956575,-73.4021713303924,10099,,41.4,-73.4,0.937738667822354
2024-05-11 11:38:00,140295802,-30.093483032140515,-39.6971777762254,-20.489788288055628,41.39172550956575,-73.4021713303924,10099,,41.4,-73.4,0.937738667822354
2024-05-11 11:39:00,140295802,-44.473326120161474,-58.78484566360327,-30.161806576719677,41.39172550956575,-73.4021713303924,10099,,41.4,-73.4,0.937738667822354
2024-05-11 11:40:00,140295802,-39.26756870178949,-51.85625696068963,-26.67888044288936,41.39172550956575,-73.4021713303924,10099,,41.4,-73.4,0.937738667822354
2024-05-11 11:41:00,140295802,-33.318634495699314,-43.93586334217929,-22.701405649219335,41.39172550956575,-73.4021713303924,10099,-6.0,41.4,-73.4,0.937738667822354
2024-05-11 11:42:00,140295802,-25.30981841601226,-33.35326334544222,-17.266373486582296,41.39172550956575,-73.4021713303924,10099,,41.4,-73.4,0.937738667822354
2024-05-11 11:43:00,140295802,-21.231355633652,-27.983850736823126,-14.478860530480876,41.39172550956575,-73.4021713303924,10099,,41.4,-73.4,0.937738667822354
2024-05-11 11:44:00,140295802,-5.0517932379753665,-6.607966086562201,-3.495620389388532,41.39172550956575,-73.4021713303924,10099,,41.4,-73.4,0.937738667822354
2024-05-11 11:45:00,140295802,-7.640519860693088,-10.038113774335388,-5.242925947050788,41.39172550956575,-73.4021713303924,10099,-1.6,41.4,-73.4,0.937738667822354
2024-05-11 11:46:00,140295802,-17.892792846325943,-23.57528081241813,-12.210304880233759,41.39172550956575,-73.4021713303924,10099,-3.6,41.4,-73.4,0.937738667822354
2024-05-11 11:47:00,140295802,-3.8638013132233966,-5.106303129825682,-2.621299496621111,41.39172550956575,-73.4021713303924,10099,-1.2,41.4,-73.4,0.937738667822354
2024-05-11 11:48:00,140295802,31.70309669332098,21.167970668582086,42.23822271805987,41.39172550956575,-73.4021713303924,10099,,41.4,-73.4,0.937738667822354
2024-05-11 11:49:00,140295802,17.632105971936294,11.915839671738528,23.34837227213406,41.39172550956575,-73.4021713303924,10099,,41.4,-73.4,0.937738667822354
2024-05-11 11:50:00,140295802,14.71634542553646,9.930840989892516,19.501849861180403,41.39172550956575,-73.4021713303924,10099,0.9,41.4,-73.4,0.937738667822354
2024-05-11 11:51:00,140295802,-12.521159105432362,-16.641161614830025,-8.4011565960347,41.39172550956575,-73.4021713303924,10099,,41.4,-73.4,0.937738667822354
2024-05-11 11:52:00,140295802,-10.409297504221884,-13.757525947555283,-7.061069060888485,41.39172550956575,-73.4021713303924,10099,,41.4,-73.4,0.937738667822354
2024-05-11 11:53:00,140295802,-15.758763630587355,-20.85028087229194,-10.66724638888277,41.39172550956575,-73.4021713303924,10099,-0.6,41.4,-73.4,0.937738667822354
2024-05-11 11:54:00,140295802,-18.440221933493937,-24.364025603108104,-12.516418263879771,41.39172550956575,-73.4021713303924,10099,-3.1,41.4,-73.4,0.937738667822354
2024-05-11 11:55:00,140295802,-2.7447104486905243,-3.591761025848403,-1.8976598715326456,41.39172550956575,-73.4021713303924,10099,0.4,41.4,-73.4,0.937738667822354
2024-05-11 11:56:00,140295802,-7.740807094370811,-10.187038451644977,-5.294575737096645,41.39172550956575,-73.4021713303924,10099,0.3,41.4,-73.4,0.937738667822354
2024-05-11 11:57:00,140295802,7.636867795970506,5.019506661186262,10.25422893075475,41.39172550956575,-73.4021713303924,10099,,41.4,-73.4,0.937738667822354
2024-05-11 11:58:00,140295802,21.782160492469195,14.662538174191159,28.901782810747232,41.39172550956575,-73.4021713303924,10099,,41.4,-73.4,0.937738667822354
2024-05-11 11:59:00,140295802,36.95209997698179,25.03180950285229,48.87239045111129,41.39172550956575,-73.4021713303924,10099,,41.4,-73.4,0.937738667822354
2024-05-11 12:00:00,140295802,17.071418336758338,11.628719737444978,22.514116936071698,41.39172550956575,-73.4021713303924,10099,1.0,41.4,-73.4,0.937738667822354
2024-05-11 12:01:00,140295802,18.14589317998193,12.36464126231375,23.927145097650108,41.39172550956575,-73.4021713303924,10099,1.6,41.4,-73.4,0.937738667822354
2024-05-11 12:02:00,140295802,11.66463045249308,7.991380702436114,15.337880202550046,41.39172550956575,-73.4021713303924,10099,,41.4,-73.4,0.937738667822354
2024-05-11 12:03:00,140295802,16.406340836881096,11.200812516332045,21.61186915743015,41.39172550956575,-73.4021713303924,10099,,41.4,-73.4,0.937738667822354
2024-05-11 12:04:00,140295802,-21.27910029200982,-28.343932862424925,-14.214267721594712,41.39172550956575,-73.4021713303924,10099,-3.0,41.4,-73.4,0.937738667822354
2024-05-11 12:05:00,140295802,6.783400350943544,4.58428852835036,8.982512173536728,41.39172550956575,-73.4021713303924,10099,,41.4,-73.4,0.937738667822354
2024-05-11 12:06:00,140295802,-15.794119001928726,-21.04792720966397,-10.54031079419348,41.39172550956575,-73.4021713303924,10099,,41.4,-73.4,0.937738667822354
2024-05-11 12:07:00,140295802,-12.142632459638113,-16.099439970304818,-8.185824948971408,41.39172550956575,-73.4021713303924,10099,-3.7,41.4,-73.4,0.937738667822354
2024-05-11 12:08:00,140295802,-6.177181487244771,-8.20454148031411,-4.149821494175433,41.39172550956575,-73.4021713303924,10099,,41.4,-73.4,0.937738667822354
2024-05-11 12:09:00,140295802,-12.817625937904033,-16.963953398718374,-8.671298477089692,41.39172550956575,-73.4021713303924,10099,,41.4,-73.4,0.937738667822354
2024-05-11 12:10:00,140295802,-8.61201914928312,-11.477874908246948,-5.746163390319291,41.39172550956575,-73.4021713303924,10099,,41.4,-73.4,0.937738667822354
2024-05-11 12:11:00,140295802,3.787085192693505,2.6112119773233946,4.962958408063615,41.39172550956575,-73.4021713303924,10099,,41.4,-73.4,0.937738667822354
2024-05-11 12:12:00,140295802,-7.655100190549865,-10.233160603917492,-5.077039777182238,41.39172550956575,-73.4021713303924,10099,,41.4,-73.4,0.937738667822354
2024-05-11 12:13:00,140295802,-13.912393235323721,-18.457026012785494,-9.367760457861948,41.39172550956575,-73.4021713303924,10099,,41.4,-73.4,0.937738667822354
2024-05-11 12:14:00,140295802,-18.960326000562585,-25.200161305549152,-12.720490695576018,41.39172550956575,-73.4021713303924,10099,,41.4,-73.4,0.937738667822354
2024-05-11 12:15:00,140295802,-15.929681367443916,-21.0463012036804,-10.813061531207431,41.39172550956575,-73.4021713303924,10099,,41.4,-73.4,0.937738667822354
2024-05-11 12:16:00,140295802,-31.235548334910458,-41.36759330467429,-21.10350336514663,41.39172550956575,-73.4021713303924,10099,-0.6,41.4,-73.4,0.937738667822354
2024-05-11 12:17:00,140295802,-33.02737277372738,-43.62434758376666,-22.4303979636881,41.39172550956575,-73.4021713303924,10099,-3.6,41.4,-73.4,0.937738667822354
2024-05-11 12:18:00,140295802,-6.658812758020291,-8.73268665545675,-4.584938860583833,41.39172550956575,-73.4021713303924,10099,,41.4,-73.4,0.937738667822354
2024-05-11 12:19:00,140295802,-24.670362897982873,-32.59202788355796,-16.748697912407785,41.39172550956575,-73.4021713303924,10099,,41.4,-73.4,0.937738667822354
2024-05-11 12:20:00,140295802,-3.3051303508586454,-4.322596494797038,-2.287664206920253,41.39172550956575,-73.4021713303924,10099,,41.4,-73.4,0.937738667822354
2024-05-11 12:21:00,140295802,13.564017311970991,9.09244671324153,18.03558791070045,41.39172550956575,-73.4021713303924,10099,,41.4,-73.4,0.937738667822354
2024-05-11 12:22:00,140295802,19.260477255460312,13.041949665289362,25.479004845631263,41.39172550956575,-73.4021713303924,10099,,41.4,-73.4,0.937738667822354
2024-05-11 12:23:00,140295802,15.474880364903232,10.479509896595676,20.470250833210788,41.39172550956575,-73.4021713303924,10099,2.5,41.4,-73.4,0.937738667822354
2024-05-11 12:24:00,140295802,27.050341532045138,18.31833361414953,35.782349449940746,41.39172550956575,-73.4021713303924,10099,3.1,41.4,-73.4,0.937738667822354
2024-05-11 12:25:00,140295802,15.91977810441402,10.829338513867572,21.010217694960467,41.39172550956575,-73.4021713303924,10099,,41.4,-73.4,0.937738667822354
2024-05-11 12:26:00,140295802,17.650329154834413,12.007249909332959,23.293408400335867,41.39172550956575,-73.4021713303924,10099,2.7,41.4,-73.4,0.937738667822354
2024-05-11 12:27:00,140295802,16.06025658693529,10.910034263143324,21.210478910727254,41.39172550956575,-73.4021713303924,10099,3.0,41.4,-73.4,0.937738667822354
2024-05-11 12:28:00,140295802,22.126283339689248,15.003199830130612,29.249366849247885,41.39172550956575,-73.4021713303924,10099,3.5,41.4,-73.4,0.937738667822354
2024-05-11 12:29:00,140295802,7.1597233780643394,4.913501318546571,9.405945437582108,41.39172550956575,-73.4021713303924,10099,,41.4,-73.4,0.937738667822354
2024-05-11 12:30:00,140295802,9.634718404975452,6.524664593845435,12.744772216105469,41.39172550956575,-73.4021713303924,10099,,41.4,-73.4,0.937738667822354
2024-05-11 12:31:00,140295802,7.839653725313363,5.337528663042386,10.34177878758434,41.39172550956575,-73.4021713303924,10099,,41.4,-73.4,0.937738667822354
2024-05-11 12:32:00,140295802,5.2544022393704655,3.580804231709363,6.928000247031568,41.39172550956575,-73.4021713303924,10099,,41.4,-73.4,0.937738667822354
2024-05-11 12:33:00,140295802,11.95231677237011,8.077590087722475,15.827043457017746,41.39172550956575,-73.4021713303924,10099,4.0,41.4,-73.4,0.937738667822354
2024-05-11 12:34:00,140295802,5.91217413462493,3.9548052349080276,7.869543034341833,41.39172550956575,-73.4021713303924,10099,,41.4,-73.4,0.937738667822354
2024-05-11 12:35:00,140295802,12.315346025584036,8.299278196999515,16.33141385416856,41.39172550956575,-73.4021713303924,10099,4.1,41.4,-73.4,0.937738667822354
2024-05-11 12:36:00,140295802,7.866361737550052,5.283016080837539,10.449707394262564,41.39172550956575,-73.4021713303924,10099,,41.4,-73.4,0.937738667822354
2024-05-11 12:37:00,140295802,26.9654408899465,18.179776486755088,35.75110529313791,41.39172550956575,-73.4021713303924,10099,6.6,41.4,-73.4,0.937738667822354
2024-05-11 12:38:00,140295802,16.109388140508706,10.892685201198077,21.326091079819335,41.39172550956575,-73.4021713303924,10099,,41.4,-73.4,0.937738667822354
2024-05-11 12:39:00,140295802,37.47368348630747,25.257499045578385,49.68986792703656,41.39172550956575,-73.4021713303924,10099,,41.4,-73.4,0.937738667822354
2024-05-11 12:40:00,140295802,53.17307020249522,35.939297861213035,70.4068425437774,41.39172550956575,-73.4021713303924,10099,7.7,41.4,-73.4,0.937738667822354
2024-05-11 12:41:00,140295802,62.04553171267784,42.00267984767157,82.08838357768411,41.39172550956575,-73.4021713303924,10099,,41.4,-73.4,0.937738667822354
2024-05-11 12:42:00,140295802,57.727001211697,39.16562479829766,76.28837762509635,41.39172550956575,-73.4021713303924,10099,,41.4,-73.4,0.937738667822354
2024-05-11 12:43:00,140295802,56.4341803577012,38.28306359773101,74.58529711767139,41.39172550956575,-73.4021713303924,10099,6.6,41.4,-73.4,0.937738667822354
2024-05-11 12:44:00,140295802,32.84212614121592,22.354657241909884,43.32959504052196,41.39172550956575,-73.4021713303924,10099,,41.4,-73.4,0.937738667822354
2024-05-11 12:45:00,140295802,27.411631870986824,18.643111061043133,36.18015268093052,41.39172550956575,-73.4021713303924,10099,,41.4,-73.4,0.937738667822354
2024-05-11 12:46:00,140295802,3.184658936689372,2.1907680591208307,4.178549814257913,41.39172550956575,-73.4021713303924,10099,,41.4,-73.4,0.937738667822354
2024-05-11 12:47:00,140295802,-12.869475483595577,-17.07869819996582,-8.660252767225334,41.39172550956575,-73.4021713303924,10099,,41.4,-73.4,0.937738667822354
2024-05-11 12:48:00,140295802,13.823066004535608,9.37210133979221,18.274030669279007,41.39172550956575,-73.4021713303924,10099,4.3,41.4,-73.4,0.937738667822354
2024-05-11 12:49:00,140295802,30.977564233287534,20.979580359757136,40.97554810681793,41.39172550956575,-73.4021713303924,10099,,41.4,-73.4,0.937738667822354
2024-05-11 12:50:00,140295802,19.019017395220306,12.959094571480405,25.078940218960206,41.39172550956575,-73.4021713303924,10099,,41.4,-73.4,0.937738667822354
2024-05-11 12:51:00,140295802,23.163104765994806,15.706267088102209,30.619942443887403,41.39172550956575,-73.4021713303924,10099,5.7,41.4,-73.4,0.937738667822354
2024-05-11 12:52:00,140295802,21.102321357655345,14.349378588240135,27.855264127070555,41.39172550956575,-73.4021713303924,10099,,41.4,-73.4,0.937738667822354
2024-05-11 12:53:00,140295802,18.07387782398023,12.302545800449417,23.845209847511043,41.39172550956575,-73.4021713303924,10099,,41.4,-73.4,0.937738667822354
2024-05-11 12:54:00,140295802,19.595157438053523,13.306978230534227,25.883336645572818,41.39172550956575,-73.4021713303924,10099,,41.4,-73.4,0.937738667822354
2024-05-11 12:55:00,140295802,20.20908848444621,13.690818952472874,26.727358016419544,41.39172550956575,-73.4021713303924,10099,6.2,41.4,-73.4,0.937738667822354
2024-05-11 12:56:00,140295802,25.115080827459657,16.97449729761604,33.255664357303274,41.39172550956575,-73.4021713303924,10099,,41.4,-73.4,0.937738667822354
2024-05-11 12:57:00,140295802,20.68154133889908,13.91850930046893,27.44457337732923,41.39172550956575,-73.4021713303924,10099,5.7,41.4,-73.4,0.937738667822354
2024-05-11 12:58:00,140295802,13.79486240121655,9.270240367835896,18.319484434597204,41.39172550956575,-73.4021713303924,10099,,41.4,-73.4,0.937738667822354
2024-05-11 12:59:00,140295802,25.89235172056614,17.412301564162767,34.37240187696951,41.39172550956575,-73.4021713303924,10099,,41.4,-73.4,0.937738667822354
2024-05-11 13:00:00,140295802,26.145903476198814,17.65017373486832,34.641633217529304,41.39172550956575,-73.4021713303924,10099,,41.4,-73.4,0.937738667822354
2024-05-11 13:01:00,140295802,24.365513340273598,16.44817408233086,32.28285259821634,41.39172550956575,-73.4021713303924,10099,,41.4,-73.4,0.937738667822354
2024-05-11 13:02:00,140295802,25.402959514082525,17.22313859282478,33.58278043534027,41.39172550956575,-73.4021713303924,10099,,41.4,-73.4,0.937738667822354
2024-05-11 13:03:00,140295802,26.63686431918228,18.07845153360658,35.19527710475798,41.39172550956575,-73.4021713303924,10099,6.2,41.4,-73.4,0.937738667822354
2024-05-11 13:04:00,140295802,31.09214717224427,21.10544524084714,41.0788491036414,41.39172550956575,-73.4021713303924,10099,6.9,41.4,-73.4,0.937738667822354
2024-05-11 13:05:00,140295802,22.287616529560328,15.16583863235933,29.409394426761324,41.39172550956575,-73.4021713303924,10099,,41.4,-73.4,0.937738667822354
2024-05-11 13:06:00,140295802,13.863509562380033,9.445669097860659,18.281350026899407,41.39172550956575,-73.4021713303924,10099,,41.4,-73.4,0.937738667822354
2024-05-11 13:07:00,140295802,4.043935546600132,2.7875606743842307,5.300310418816032,41.39172550956575,-73.4021713303924,10099,5.1,41.4,-73.4,0.937738667822354
2024-05-11 13:08:00,140295802,1.2841562068552004,0.8793537002515222,1.6889587134588786,41.39172550956575,-73.4021713303924,10099,,41.4,-73.4,0.937738667822354
2024-05-11 13:09:00,140295802,14.808564698188228,10.009568341256681,19.607561055119774,41.39172550956575,-73.4021713303924,10099,,41.4,-73.4,0.937738667822354
2024-05-11 13:10:00,140295802,18.468926454845228,12.510295119066454,24.427557790624,41.39172550956575,-73.4021713303924,10099,,41.4,-73.4,0.937738667822354
2024-05-11 13:11:00,140295802,11.69016975507999,7.9154030161738715,15.464936493986109,41.39172550956575,-73.4021713303924,10099,,41.4,-73.4,0.937738667822354
2024-05-11 13:12:00,140295802,-0.09955678332572145,-0.32849415596010373,0.1293805893086608,41.39172550956575,-73.4021713303924,10099,3.0,41.4,-73.4,0.937738667822354
2024-05-11 13:13:00,140295802,-18.66037084942772,-24.748033989436067,-12.572707709419376,41.39172550956575,-73.4021713303924,10099,,41.4,-73.4,0.937738667822354
2024-05-11 13:14:00,140295802,-5.637256191039743,-7.462994265362444,-3.8115181167170418,41.39172550956575,-73.4021713303924,10099,,41.4,-73.4,0.937738667822354
2024-05-11 13:15:00,140295802,0.33921093140427666,0.0706251088765758,0.6077967539319775,41.39172550956575,-73.4021713303924,10099,,41.4,-73.4,0.937738667822354
2024-05-11 13:16:00,140295802,12.766375092934247,8.540103164312335,16.99264702155616,41.39172550956575,-73.4021713303924,10099,4.7,41.4,-73.4,0.937738667822354
2024-05-11 13:17:00,140295802,22.282800833981735,14.995318465423486,29.570283202539983,41.39172550956575,-73.4021713303924,10099,,41.4,-73.4,0.937738667822354
2024-05-11 13:18:00,140295802,22.580526318466454,15.199879369485707,29.9611732674472,41.39172550956575,-73.4021713303924,10099,,41.4,-73.4,0.937738667822354
2024-05-11 13:19:00,140295802,25.835093102658302,17.43958769880753,34.230598506509075,41.39172550956575,-73.4021713303924,10099,5.8,41.4,-73.4,0.937738667822354
2024-05-11 13:20:00,140295802,22.82580061305436,15.404457974872077,30.24714325123664,41.39172550956575,-73.4021713303924,10099,,41.4,-73.4,0.937738667822354
2024-05-11 13:21:00,140295802,23.709978100052453,16.038370780888023,31.381585419216883,41.39172550956575,-73.4021713303924,10099,,41.4,-73.4,0.937738667822354
2024-05-11 13:22:00,140295802,17.356078808767755,11.74099880586703,22.97115881166848,41.39172550956575,-73.4021713303924,10099,,41.4,-73.4,0.937738667822354
2024-05-11 13:23:00,140295802,12.21145152627376,8.275673946509773,16.14722910603775,41.39172550956575,-73.4021713303924,10099,,41.4,-73.4,0.937738667822354
2024-05-11 13:24:00,140295802,21.485328616952536,14.566206829416556,28.404450404488514,41.39172550956575,-73.4021713303924,10099,,41.4,-73.4,0.937738667822354
2024-05-11 13:25:00,140295802,33.950105045672345,22.997196053348354,44.903014037996336,41.39172550956575,-73.4021713303924,10099,,41.4,-73.4,0.937738667822354
2024-05-11 13:26:00,140295802,28.366372958161776,19.276544367840813,37.45620154848274,41.39172550956575,-73.4021713303924,10099,,41.4,-73.4,0.937738667822354
2024-05-11 13:27:00,140295802,33.93778190039154,23.033589854098715,44.84197394668437,41.39172550956575,-73.4021713303924,10099,,41.4,-73.4,0.937738667822354
2024-05-11 13:28:00,140295802,15.208548997577868,10.380455148797203,20.036642846358532,41.39172550956575,-73.4021713303924,10099,3.2,41.4,-73.4,0.937738667822354
2024-05-11 13:29:00,140295802,13.543290322884582,9.21426121150612,17.872319434263044,41.39172550956575,-73.4021713303924,10099,2.6,41.4,-73.4,0.937738667822354
2024-05-11 13:30:00,140295802,8.218043511971496,5.634535913346968,10.801551110596023,41.39172550956575,-73.4021713303924,10099,3.1,41.4,-73.4,0.937738667822354
2024-05-11 13:31:00,140295802,25.278506808412402,17.153965145866543,33.40304847095826,41.39172550956575,-73.4021713303924,10099,3.3,41.4,-73.4,0.937738667822354
2024-05-11 13:32:00,140295802,18.078181186714268,12.34211624658647,23.814246126842065,41.39172550956575,-73.4021713303924,10099,,41.4,-73.4,0.937738667822354
2024-05-11 13:33:00,140295802,-6.878998096425431,-9.348807793496354,-4.409188399354509,41.39172550956575,-73.4021713303924,10099,,41.4,-73.4,0.937738667822354
2024-05-11 13:34:00,140295802,-4.280406138726643,-5.854491974700751,-2.706320302752535,41.39172550956575,-73.4021713303924,10099,1.9,41.4,-73.4,0.937738667822354
2024-05-11 13:35:00,140295802,8.01571321816074,5.479402209870576,10.552024226450902,41.39172550956575,-73.4021713303924,10099,,41.4,-73.4,0.937738667822354
2024-05-11 13:36:00,140295802,17.861112800755894,12.10224280607503,23.61998279543676,41.39172550956575,-73.4021713303924,10099,5.2,41.4,-73.4,0.937738667822354
2024-05-11 13:37:00,140295802,4.7113854045557195,3.1941422845236653,6.228628524587774,41.39172550956575,-73.4021713303924,10099,3.5,41.4,-73.4,0.937738667822354
2024-05-11 13:38:00,140295802,-2.0712478080190215,-2.7247735862316294,-1.4177220298064137,41.39172550956575,-73.4021713303924,10099,2.4,41.4,-73.4,0.937738667822354
2024-05-11 13:39:00,140295802,5.735790876816389,3.82317029275612,7.648411460876658,41.39172550956575,-73.4021713303924,10099,,41.4,-73.4,0.937738667822354
2024-05-11 13:40:00,140295802,-0.8941510009735748,-1.1859331522491545,-0.6023688496979951,41.39172550956575,-73.4021713303924,10099,3.5,41.4,-73.4,0.937738667822354
2024-05-11 13:41:00,140295802,-7.063305030789292,-9.313129511912853,-4.81348054966573,41.39172550956575,-73.4021713303924,10099,,41.4,-73.4,0.937738667822354
2024-05-11 13:42:00,140295802,1.2933005739498258,0.8922700785328395,1.694331069366812,41.39172550956575,-73.4021713303924,10099,,41.4,-73.4,0.937738667822354
2024-05-11 13:43:00,140295802,6.135623668369494,4.200130075278254,8.071117261460733,41.39172550956575,-73.4021713303924,10099,3.4,41.4,-73.4,0.937738667822354
2024-05-11 13:44:00,140295802,10.146545225516297,6.905654984850162,13.387435466182431,41.39172550956575,-73.4021713303924,10099,,41.4,-73.4,0.937738667822354
2024-05-11 13:45:00,140295802,2.2066745380859327,1.5119664327471263,2.901382643424739,41.39172550956575,-73.4021713303924,10099,2.8,41.4,-73.4,0.937738667822354
2024-05-11 13:46:00,140295802,9.31276934397848,6.355721315373066,12.269817372583894,41.39172550956575,-73.4021713303924,10099,3.6,41.4,-73.4,0.937738667822354
2024-05-11 13:47:00,140295802,-21.304367204059037,-28.314640323309906,-14.294094084808169,41.39172550956575,-73.4021713303924,10099,,41.4,-73.4,0.937738667822354
2024-05-11 13:48:00,140295802,-18.966908588146506,-25.23265116134374,-12.701166014949273,41.39172550956575,-73.4021713303924,10099,,41.4,-73.4,0.937738667822354
2024-05-11 13:49:00,140295802,-23.960731128104648,-31.822689344058418,-16.098772912150878,41.39172550956575,-73.4021713303924,10099,,41.4,-73.4,0.937738667822354
2024-05-11 13:50:00,140295802,-41.41798596274584,-54.855842261062364,-27.980129664429313,41.39172550956575,-73.4021713303924,10099,,41.4,-73.4,0.937738667822354
2024-05-11 13:51:00,140295802,-35.0335372277071,-46.31589579186432,-23.751178663549883,41.39172550956575,-73.4021713303924,10099,-0.1,41.4,-73.4,0.937738667822354
2024-05-11 13:52:00,140295802,-46.062030287912314,-61.064421960412105,-31.059638615412528,41.39172550956575,-73.4021713303924,10099,,41.4,-73.4,0.937738667822354
2024-05-11 13:53:00,140295802,-28.975579904733145,-38.35821028638708,-19.592949523079213,41.39172550956575,-73.4021713303924,10099,-1.3,41.4,-73.4,0.937738667822354
2024-05-11 13:54:00,140295802,-14.448397537819424,-19.09148120647981,-9.80531386915904,41.39172550956575,-73.4021713303924,10099,,41.4,-73.4,0.937738667822354
2024-05-11 13:55:00,140295802,-6.5666788974800205,-8.759986252970593,-4.373371541989448,41.39172550956575,-73.4021713303924,10099,,41.4,-73.4,0.937738667822354
2024-05-11 13:56:00,140295802,1.7333351833778514,1.1698559856497441,2.2968143811059587,41.39172550956575,-73.4021713303924,10099,,41.4,-73.4,0.937738667822354
2024-05-11 13:57:00,140295802,5.3389788322281415,3.661973304221516,7.015984360234767,41.39172550956575,-73.4021713303924,10099,,41.4,-73.4,0.937738667822354
2024-05-11 13:58:00,140295802,-2.773804307021294,-3.8388801542348308,-1.708728459807757,41.39172550956575,-73.4021713303924,10099,,41.4,-73.4,0.937738667822354
2024-05-11 13:59:00,140295802,-1.388806799972864,-1.921394257641608,-0.8562193423041198,41.39172550956575,-73.4021713303924,10099,,41.4,-73.4,0.937738667822354
2024-05-11 14:00:00,140295802,7.840469559631252,5.380139408809865,10.30079971045264,41.39172550956575,-73.4021713303924,10099,,41.4,-73.4,0.937738667822354
2024-05-11 14:01:00,140295802,-8.171193556379256,-10.972800792714171,-5.36958632004434,41.39172550956575,-73.4021713303924,10099,-0.2,41.4,-73.4,0.937738667822354
2024-05-11 14:02:00,140295802,-3.9152188495287024,-5.2954248826005745,-2.53501281645683,41.39172550956575,-73.4021713303924,10099,0.1,41.4,-73.4,0.937738667822354
2024-05-11 14:03:00,140295802,-5.337738300774031,-7.160227142837149,-3.5152494587109135,41.39172550956575,-73.4021713303924,10099,,41.4,-73.4,0.937738667822354
2024-05-11 14:04:00,140295802,-18.315614858665562,-24.302823897358973,-12.32840581997215,41.39172550956575,-73.4021713303924,10099,-1.3,41.4,-73.4,0.937738667822354
2024-05-11 14:05:00,140295802,-10.945673818277536,-14.43109435207727,-7.460253284477802,41.39172550956575,-73.4021713303924,10099,,41.4,-73.4,0.937738667822354
2024-05-11 14:06:00,140295802,-6.517894760409095,-8.621991255499758,-4.413798265318432,41.39172550956575,-73.4021713303924,10099,,41.4,-73.4,0.937738667822354
2024-05-11 14:07:00,140295802,-17.08493340941599,-22.569150154952347,-11.600716663879632,41.39172550956575,-73.4021713303924,10099,,41.4,-73.4,0.937738667822354
2024-05-11 14:08:00,140295802,-9.094944890579185,-11.98549170855288,-6.204398072605491,41.39172550956575,-73.4021713303924,10099,,41.4,-73.4,0.937738667822354
2024-05-11 14:09:00,140295802,-27.730749891515362,-36.71281937287817,-18.748680410152552,41.39172550956575,-73.4021713303924,10099,-1.2,41.4,-73.4,0.937738667822354
2024-05-11 14:10:00,140295802,-32.387092757643316,-42.807452825620544,-21.966732689666088,41.39172550956575,-73.4021713303924,10099,,41.4,-73.4,0.937738667822354
2024-05-11 14:11:00,140295802,-20.09884590373601,-26.52993589904724,-13.66775590842478,41.39172550956575,-73.4021713303924,10099,,41.4,-73.4,0.937738667822354
2024-05-11 14:12:00,140295802,-27.358277935133245,-36.18959628949545,-18.52695958077104,41.39172550956575,-73.4021713303924,10099,,41.4,-73.4,0.937738667822354
2024-05-11 14:13:00,140295802,-23.953456800981872,-31.650862929945056,-16.256050672018688,41.39172550956575,-73.4021713303924,10099,,41.4,-73.4,0.937738667822354
2024-05-11 14:14:00,140295802,-20.54888217012984,-27.21529359839704,-13.88247074186264,41.39172550956575,-73.4021713303924,10099,-1.1,41.4,-73.4,0.937738667822354
2024-05-11 14:15:00,140295802,-17.508089561510207,-23.132777513952142,-11.883401609068272,41.39172550956575,-73.4021713303924,10099,,41.4,-73.4,0.937738667822354
2024-05-11 14:16:00,140295802,-24.78824930740777,-32.883427993118396,-16.693070621697146,41.39172550956575,-73.4021713303924,10099,-3.6,41.4,-73.4,0.937738667822354
2024-05-11 14:17:00,140295802,-16.32527773123337,-21.55070869461272,-11.099846767854022,41.39172550956575,-73.4021713303924,10099,,41.4,-73.4,0.937738667822354
2024-05-11 14:18:00,140295802,-7.237549898319674,-9.607960311007828,-4.867139485631521,41.39172550956575,-73.4021713303924,10099,,41.4,-73.4,0.937738667822354
2024-05-11 14:19:00,140295802,-31.392830357515724,-41.60218769922684,-21.18347301580461,41.39172550956575,-73.4021713303924,10099,,41.4,-73.4,0.937738667822354
2024-05-11 14:20:00,140295802,-25.60651105388364,-33.87011410729012,-17.342908000477163,41.39172550956575,-73.4021713303924,10099,-1.9,41.4,-73.4,0.937738667822354
2024-05-11 14:21:00,140295802,-23.890720681737836,-31.571839460277584,-16.209601903198088,41.39172550956575,-73.4021713303924,10099,-2.8,41.4,-73.4,0.937738667822354
2024-05-11 14:22:00,140295802,-17.737886421064985,-23.393886414318132,-12.081886427811838,41.39172550956575,-73.4021713303924,10099,-1.7,41.4,-73.4,0.937738667822354
2024-05-11 14:23:00,140295802,-21.668839321996934,-28.605907103576115,-14.731771540417752,41.39172550956575,-73.4021713303924,10099,-1.8,41.4,-73.4,0.937738667822354
2024-05-11 14:24:00,140295802,-8.4622820149687,-11.113136254783027,-5.811427775154373,41.39172550956575,-73.4021713303924,10099,,41.4,-73.4,0.937738667822354
2024-05-11 14:25:00,140295802,-20.211063549930888,-26.748119342362553,-13.674007757499222,41.39172550956575,-73.4021713303924,10099,,41.4,-73.4,0.937738667822354
2024-05-11 14:26:00,140295802,-10.087715327590331,-13.314967695391928,-6.860462959788734,41.39172550956575,-73.4021713303924,10099,,41.4,-73.4,0.937738667822354
2024-05-11 14:27:00,140295802,-13.992471002397084,-18.506730225805143,-9.478211778989024,41.39172550956575,-73.4021713303924,10099,-0.7,41.4,-73.4,0.937738667822354
2024-05-11 14:28:00,140295802,-4.503286258917405,-5.902635333033212,-3.1039371848015977,41.39172550956575,-73.4021713303924,10099,0.0,41.4,-73.4,0.937738667822354
2024-05-11 14:29:00,140295802,-13.777665713078395,-18.180892453060572,-9.374438973096218,41.39172550956575,-73.4021713303924,10099,,41.4,-73.4,0.937738667822354
2024-05-11 14:30:00,140295802,-13.3188944603865,-17.559594647870092,-9.078194272902909,41.39172550956575,-73.4021713303924,10099,,41.4,-73.4,0.937738667822354
2024-05-11 14:31:00,140295802,-8.740051562325997,-11.522802730001253,-5.957300394650741,41.39172550956575,-73.4021713303924,10099,0.2,41.4,-73.4,0.937738667822354
2024-05-11 14:32:00,140295802,-8.894434526749421,-11.717535085730773,-6.071333967768069,41.39172550956575,-73.4021713303924,10099,-0.9,41.4,-73.4,0.937738667822354
2024-05-11 14:33:00,140295802,-19.541876843698642,-25.877826177351096,-13.205927510046187,41.39172550956575,-73.4021713303924,10099,,41.4,-73.4,0.937738667822354
2024-05-11 14:34:00,140295802,-16.919683450445497,-22.35093860977642,-11.488428291114573,41.39172550956575,-73.4021713303924,10099,-1.9,41.4,-73.4,0.937738667822354
2024-05-11 14:35:00,140295802,-7.093078996603351,-9.339007151179946,-4.847150842026756,41.39172550956575,-73.4021713303924,10099,,41.4,-73.4,0.937738667822354
2024-05-11 14:36:00,140295802,-8.654998981265496,-11.452995613838207,-5.857002348692786,41.39172550956575,-73.4021713303924,10099,,41.4,-73.4,0.937738667822354
2024-05-11 14:37:00,140295802,-7.12028545903084,-9.408566294967429,-4.832004623094252,41.39172550956575,-73.4021713303924,10099,,41.4,-73.4,0.937738667822354
2024-05-11 14:38:00,140295802,-11.7802587445816,-15.601559418242267,-7.958958070920932,41.39172550956575,-73.4021713303924,10099,,41.4,-73.4,0.937738667822354
2024-05-11 14:39:00,140295802,-15.177023309812808,-20.024830725910924,-10.329215893714695,41.39172550956575,-73.4021713303924,10099,,41.4,-73.4,0.937738667822354
2024-05-11 14:40:00,140295802,-7.4018647703610565,-9.746932122590723,-5.05679741813139,41.39172550956575,-73.4021713303924,10099,0.1,41.4,-73.4,0.937738667822354
2024-05-11 14:41:00,140295802,-4.666930437984323,-6.128901055610233,-3.2049598203584138,41.39172550956575,-73.4021713303924,10099,-0.1,41.4,-73.4,0.937738667822354
2024-05-11 14:42:00,140295802,5.623808377667477,3.790615894375633,7.4570008609593215,41.39172550956575,-73.4021713303924,10099,-0.6,41.4,-73.4,0.937738667822354
2024-05-11 14:43:00,140295802,-10.241697790329916,-13.588646447512136,-6.894749133147695,41.39172550956575,-73.4021713303924,10099,,41.4,-73.4,0.937738667822354
2024-05-11 14:44:00,140295802,-1.6064642091890924,-2.103392895292519,-1.1095355230856654,41.39172550956575,-73.4021713303924,10099,0.2,41.4,-73.4,0.937738667822354
2024-05-11 14:45:00,140295802,18.094641800213576,12.244703247200459,23.944580353226694,41.39172550956575,-73.4021713303924,10099,0.9,41.4,-73.4,0.937738667822354
2024-05-11 14:46:00,140295802,14.144937310302467,9.642543683461334,18.6473309371436,41.39172550956575,-73.4021713303924,10099,1.0,41.4,-73.4,0.937738667822354
2024-05-11 14:47:00,140295802,-14.542824727252015,-19.362500866529118,-9.72314858797491,41.39172550956575,-73.4021713303924,10099,-2.6,41.4,-73.4,0.937738667822354
2024-05-11 14:48:00,140295802,-9.197143163298604,-12.183245920731277,-6.21104040586593,41.39172550956575,-73.4021713303924,10099,,41.4,-73.4,0.937738667822354
2024-05-11 14:49:00,140295802,-4.370111255269301,-5.761521596934028,-2.9787009136045746,41.39172550956575,-73.4021713303924,10099,,41.4,-73.4,0.937738667822354
2024-05-11 14:50:00,140295802,0.6007107940227036,0.06812006809349713,1.1333015199519099,41.39172550956575,-73.4021713303924,10099,,41.4,-73.4,0.937738667822354
2024-05-11 14:51:00,140295802,0.7723409682699015,0.43185338257643596,1.112828553963367,41.39172550956575,-73.4021713303924,10099,,41.4,-73.4,0.937738667822354
2024-05-11 14:52:00,140295802,5.2113996316914575,3.363961493248218,7.058837770134697,41.39172550956575,-73.4021713303924,10099,,41.4,-73.4,0.937738667822354
2024-05-11 14:53:00,140295802,3.8816085825289104,2.539748227687553,5.223468937370267,41.39172550956575,-73.4021713303924,10099,,41.4,-73.4,0.937738667822354
2024-05-11 14:54:00,140295802,19.093567605006665,12.821109558127088,25.366025651886243,41.39172550956575,-73.4021713303924,10099,,41.4,-73.4,0.937738667822354
2024-05-11 14:55:00,140295802,17.425974189189443,11.767656297055325,23.08429208132356,41.39172550956575,-73.4021713303924,10099,3.0,41.4,-73.4,0.937738667822354
2024-05-11 14:56:00,140295802,22.220394969882822,14.980668974162226,29.460120965603416,41.39172550956575,-73.4021713303924,10099,,41.4,-73.4,0.937738667822354
2024-05-11 14:57:00,140295802,13.407606151767244,9.115414136691262,17.699798166843223,41.39172550956575,-73.4021713303924,10099,1.8,41.4,-73.4,0.937738667822354
2024-05-11 14:58:00,140295802,8.932636896470436,6.052326349773785,11.812947443167086,41.39172550956575,-73.4021713303924,10099,,41.4,-73.4,0.937738667822354
2024-05-11 14:59:00,140295802,-0.7946940413664532,-1.162739770520464,-0.42664831221244237,41.39172550956575,-73.4021713303924,10099,,41.4,-73.4,0.937738667822354
2024-05-11 15:00:00,140295802,-15.65868571945898,-20.812322426310363,-10.505049012607596,41.39172550956575,-73.4021713303924,10099,,41.4,-73.4,0.937738667822354
2024-05-11 15:01:00,140295802,-16.16576146003895,-21.442952189959136,-10.888570730118763,41.39172550956575,-73.4021713303924,10099,-1.5,41.4,-73.4,0.937738667822354
2024-05-11 15:02:00,140295802,-18.316251607765828,-24.253827769303548,-12.378675446228108,41.39172550956575,-73.4021713303924,10099,,41.4,-73.4,0.937738667822354
2024-05-11 15:03:00,140295802,-14.655235269613433,-19.38542055819636,-9.925049981030508,41.39172550956575,-73.4021713303924,10099,-1.5,41.4,-73.4,0.937738667822354
2024-05-11 15:04:00,140295802,-12.202416952391316,-16.07996605192072,-8.324867852861912,41.39172550956575,-73.4021713303924,10099,,41.4,-73.4,0.937738667822354
2024-05-11 15:05:00,140295802,-4.420718967914581,-5.790953817766725,-3.050484118062438,41.39172550956575,-73.4021713303924,10099,,41.4,-73.4,0.937738667822354
2024-05-11 15:06:00,140295802,3.87562892879161,2.5778335492494406,5.17342430833378,41.39172550956575,-73.4021713303924,10099,0.2,41.4,-73.4,0.937738667822354
2024-05-11 15:07:00,140295802,-0.3838356629966345,-0.5098435362457632,-0.25782778974750586,41.39172550956575,-73.4021713303924,10099,,41.4,-73.4,0.937738667822354
2024-05-11 15:08:00,140295802,-4.287784772259848,-5.657528152316283,-2.918041392203414,41.39172550956575,-73.4021713303924,10099,,41.4,-73.4,0.937738667822354
2024-05-11 15:09:00,140295802,-3.971390520570272,-5.201755039502234,-2.7410260016383106,41.39172550956575,-73.4021713303924,10099,-0.7,41.4,-73.4,0.937738667822354
2024-05-11 15:10:00,140295802,9.859747851402837,6.7008363537168885,13.018659349088786,41.39172550956575,-73.4021713303924,10099,,41.4,-73.4,0.937738667822354
2024-05-11 15:11:00,140295802,-2.144603020154444,-2.959161873108428,-1.3300441672004597,41.39172550956575,-73.4021713303924,10099,,41.4,-73.4,0.937738667822354
2024-05-11 15:12:00,140295802,-8.518350165290641,-11.344048936997773,-5.69265139358351,41.39172550956575,-73.4021713303924,10099,,41.4,-73.4,0.937738667822354
2024-05-11 15:13:00,140295802,-6.200228800600334,-8.240147790789223,-4.160309810411444,41.39172550956575,-73.4021713303924,10099,,41.4,-73.4,0.937738667822354
2024-05-11 15:14:00,140295802,-12.707371089093966,-16.80175431240405,-8.612987865783884,41.39172550956575,-73.4021713303924,10099,,41.4,-73.4,0.937738667822354
2024-05-11 15:15:00,140295802,-7.705615411724961,-10.176183062574385,-5.2350477608755375,41.39172550956575,-73.4021713303924,10099,-0.7,41.4,-73.4,0.937738667822354
2024-05-11 15:16:00,140295802,-12.580647751502227,-16.698490836716825,-8.462804666287628,41.39172550956575,-73.4021713303924,10099,-1.5,41.4,-73.4,0.937738667822354
2024-05-11 15:17:00,140295802,-19.307927429227902,-25.60852483343688,-13.007330025018922,41.39172550956575,-73.4021713303924,10099,,41.4,-73.4,0.937738667822354
2024-05-11 15:18:00,140295802,-10.409946004848432,-13.781768990867272,-7.038123018829593,41.39172550956575,-73.4021713303924,10099,,41.4,-73.4,0.937738667822354
2024-05-11 15:19:00,140295802,-19.330770040813245,-25.568090502984123,-13.093449578642367,41.39172550956575,-73.4021713303924,10099,-1.4,41.4,-73.4,0.937738667822354
2024-05-11 15:20:00,140295802,-13.208704698653449,-17.45468504299605,-8.962724354310847,41.39172550956575,-73.4021713303924,10099,,41.4,-73.4,0.937738667822354
2024-05-11 15:21:00,140295802,-13.402106638839072,-17.71441402040265,-9.089799257275494,41.39172550956575,-73.4021713303924,10099,-1.9,41.4,-73.4,0.937738667822354
2024-05-11 15:22:00,140295802,-14.42891234084777,-19.102447933632863,-9.755376748062677,41.39172550956575,-73.4021713303924,10099,-2.9,41.4,-73.4,0.937738667822354
2024-05-11 15:23:00,140295802,-8.930599506337542,-11.823295725069116,-6.037903287605967,41.39172550956575,-73.4021713303924,10099,,41.4,-73.4,0.937738667822354
2024-05-11 15:24:00,140295802,-10.957859648498975,-14.541461485523953,-7.374257811473996,41.39172550956575,-73.4021713303924,10099,-1.7,41.4,-73.4,0.937738667822354
2024-05-11 15:25:00,140295802,-25.931212770610227,-34.317885891794106,-17.544539649426344,41.39172550956575,-73.4021713303924,10099,-2.3,41.4,-73.4,0.937738667822354
2024-05-11 15:26:00,140295802,-18.692963845747755,-24.662445650031934,-12.723482041463578,41.39172550956575,-73.4021713303924,10099,,41.4,-73.4,0.937738667822354
2024-05-11 15:27:00,140295802,-6.2496253816705005,-8.22151353730354,-4.27773722603746,41.39172550956575,-73.4021713303924,10099,,41.4,-73.4,0.937738667822354
2024-05-11 15:28:00,140295802,-8.073552931161752,-10.644058405019942,-5.503047457303561,41.39172550956575,-73.4021713303924,10099,,41.4,-73.4,0.937738667822354
2024-05-11 15:29:00,140295802,-7.123686191432159,-9.358991716121832,-4.888380666742486,41.39172550956575,-73.4021713303924,10099,,41.4,-73.4,0.937738667822354
2024-05-11 15:30:00,140295802,1.3632834755388417,0.8110800985684644,1.9154868525092188,41.39172550956575,-73.4021713303924,10099,0.0,41.4,-73.4,0.937738667822354
2024-05-11 15:31:00,140295802,13.773009659353653,9.20807350863453,18.337945810072775,41.39172550956575,-73.4021713303924,10099,,41.4,-73.4,0.937738667822354
2024-05-11 15:32:00,140295802,6.376617698741138,4.229419401408009,8.523815996074267,41.39172550956575,-73.4021713303924,10099,,41.4,-73.4,0.937738667822354
2024-05-11 15:33:00,140295802,8.338306136896138,5.615539041760941,11.061073232031335,41.39172550956575,-73.4021713303924,10099,,41.4,-73.4,0.937738667822354
2024-05-11 15:34:00,140295802,1.7499706441149079,1.1876910777067846,2.312250210523031,41.39172550956575,-73.4021713303924,10099,,41.4,-73.4,0.937738667822354
2024-05-11 15:35:00,140295802,-7.247686457514464,-9.57568294952385,-4.9196899655050785,41.39172550956575,-73.4021713303924,10099,,41.4,-73.4,0.937738667822354
2024-05-11 15:36:00,140295802,2.7294631072303703,1.7855598917958364,3.6733663226649043,41.39172550956575,-73.4021713303924,10099,,41.4,-73.4,0.937738667822354
2024-05-11 15:37:00,140295802,-2.1152109744256005,-2.779059383305783,-1.451362565545418,41.39172550956575,-73.4021713303924,10099,,41.4,-73.4,0.937738667822354
2024-05-11 15:38:00,140295802,3.362837890261098,2.2042095876527004,4.521466192869496,41.39172550956575,-73.4021713303924,10099,,41.4,-73.4,0.937738667822354
2024-05-11 15:39:00,140295802,10.190811525908927,6.86446997248363,13.517153079334225,41.39172550956575,-73.4021713303924,10099,-0.4,41.4,-73.4,0.937738667822354
2024-05-11 15:40:00,140295802,12.867252228851605,8.62874939002538,17.10575506767783,41.39172550956575,-73.4021713303924,10099,,41.4,-73.4,0.937738667822354
2024-05-11 15:41:00,140295802,14.340089275125871,9.662697540564023,19.01748100968772,41.39172550956575,-73.4021713303924,10099,1.0,41.4,-73.4,0.937738667822354
2024-05-11 15:42:00,140295802,15.701739082957868,10.583165013479423,20.820313152436313,41.39172550956575,-73.4021713303924,10099,,41.4,-73.4,0.937738667822354
2024-05-11 15:43:00,140295802,12.648967074272328,8.5179055044795,16.780028644065155,41.39172550956575,-73.4021713303924,10099,0.8,41.4,-73.4,0.937738667822354
2024-05-11 15:44:00,140295802,4.010361662932804,2.6960640201419688,5.32465930572364,41.39172550956575,-73.4021713303924,10099,,41.4,-73.4,0.937738667822354
2024-05-11 15:45:00,140295802,7.7491896983077355,5.241600121621386,10.256779274994084,41.39172550956575,-73.4021713303924,10099,-0.1,41.4,-73.4,0.937738667822354
2024-05-11 15:46:00,140295802,4.295928584154985,2.8759647003089635,5.715892468001006,41.39172550956575,-73.4021713303924,10099,-0.2,41.4,-73.4,0.937738667822354
2024-05-11 15:47:00,140295802,2.911254453106333,1.9615461289794358,3.86096277723323,41.39172550956575,-73.4021713303924,10099,,41.4,-73.4,0.937738667822354
2024-05-11 15:48:00,140295802,9.083928556669326,6.202858612466326,11.964998500872326,41.39172550956575,-73.4021713303924,10099,,41.4,-73.4,0.937738667822354
2024-05-11 15:49:00,140295802,2.4510555560875655,1.6900051011135473,3.212106011061584,41.39172550956575,-73.4021713303924,10099,,41.4,-73.4,0.937738667822354
2024-05-11 15:50:00,140295802,1.5345379173905032,1.0488828015085216,2.0201930332724847,41.39172550956575,-73.4021713303924,10099,,41.4,-73.4,0.937738667822354
2024-05-11 15:51:00,140295802,-3.3951476397072162,-4.479178167421112,-2.3111171119933207,41.39172550956575,-73.4021713303924,10099,,41.4,-73.4,0.937738667822354
2024-05-11 15:52:00,140295802,-4.715788201281899,-6.183384092269816,-3.248192310293981,41.39172550956575,-73.4021713303924,10099,,41.4,-73.4,0.937738667822354
2024-05-11 15:53:00,140295802,-3.0116559482158576,-3.9735822143369224,-2.049729682094793,41.39172550956575,-73.4021713303924,10099,,41.4,-73.4,0.937738667822354
2024-05-11 15:54:00,140295802,-0.294387456580511,-0.40798523506376205,-0.18078967809726,41.39172550956575,-73.4021713303924,10099,,41.4,-73.4,0.937738667822354
2024-05-11 15:55:00,140295802,2.534397933790857,1.6592848543665841,3.4095110132151296,41.39172550956575,-73.4021713303924,10099,,41.4,-73.4,0.937738667822354
2024-05-11 15:56:00,140295802,3.09983684036666,2.0195248024343346,4.1801488782989855,41.39172550956575,-73.4021713303924,10099,,41.4,-73.4,0.937738667822354
2024-05-11 15:57:00,140295802,-1.216368301209053,-1.630501339864169,-0.8022352625539367,41.39172550956575,-73.4021713303924,10099,,41.4,-73.4,0.937738667822354
2024-05-11 15:58:00,140295802,2.374089475413014,1.5895664679608261,3.158612482865202,41.39172550956575,-73.4021713303924,10099,,41.4,-73.4,0.937738667822354
2024-05-11 15:59:00,140295802,-1.814555535639139,-2.4657506631026287,-1.163360408175649,41.39172550956575,-73.4021713303924,10099,,41.4,-73.4,0.937738667822354
2024-05-11 16:00:00,140295802,-2.2140148553931924,-2.9259794825281324,-1.5020502282582524,41.39172550956575,-73.4021713303924,10099,,41.4,-73.4,0.937738667822354
2024-05-11 16:01:00,140295802,-5.34155797868743,-7.053818754568599,-3.6292972028062604,41.39172550956575,-73.4021713303924,10099,,41.4,-73.4,0.937738667822354
2024-05-11 16:02:00,140295802,0.8092810289565483,0.5129966392674106,1.105565418645686,41.39172550956575,-73.4021713303924,10099,,41.4,-73.4,0.937738667822354
2024-05-11 16:03:00,140295802,4.157888037070894,2.807009744456147,5.50876632968564,41.39172550956575,-73.4021713303924,10099,,41.4,-73.4,0.937738667822354
2024-05-11 16:04:00,140295802,4.8639086980867505,3.280815729855601,6.447001666317901,41.39172550956575,-73.4021713303924,10099,,41.4,-73.4,0.937738667822354
2024-05-11 16:05:00,140295802,5.607191935517734,3.7916548039645632,7.422729067070904,41.39172550956575,-73.4021713303924,10099,,41.4,-73.4,0.937738667822354
2024-05-11 16:06:00,140295802,2.431671643018125,1.6666279508828556,3.1967153351533946,41.39172550956575,-73.4021713303924,10099,,41.4,-73.4,0.937738667822354
2024-05-11 16:07:00,140295802,7.273084951522655,4.9248830243874995,9.621286878657811,41.39172550956575,-73.4021713303924,10099,,41.4,-73.4,0.937738667822354
2024-05-11 16:08:00,140295802,7.873088751520429,5.304514280089503,10.441663222951355,41.39172550956575,-73.4021713303924,10099,,41.4,-73.4,0.937738667822354
2024-05-11 16:09:00,140295802,6.631708088972814,4.482729985711325,8.780686192234302,41.39172550956575,-73.4021713303924,10099,,41.4,-73.4,0.937738667822354
2024-05-11 16:10:00,140295802,6.406175608324228,4.3286297989168,8.483721417731655,41.39172550956575,-73.4021713303924,10099,,41.4,-73.4,0.937738667822354
2024-05-11 16:11:00,140295802,6.471980100287531,4.387374022797145,8.556586177777916,41.39172550956575,-73.4021713303924,10099,,41.4,-73.4,0.937738667822354
2024-05-11 16:12:00,140295802,3.060847350379877,2.084036242899059,4.0376584578606955,41.39172550956575,-73.4021713303924,10099,,41.4,-73.4,0.937738667822354
2024-05-11 16:13:00,140295802,1.8549215543389619,1.2344331935233535,2.4754099151545703,41.39172550956575,-73.4021713303924,10099,-1.1,41.4,-73.4,0.937738667822354
2024-05-11 16:14:00,140295802,1.3320449895428537,0.8959041627927115,1.7681858162929958,41.39172550956575,-73.4021713303924,10099,,41.4,-73.4,0.937738667822354
2024-05-11 16:15:00,140295802,2.2496647288028457,1.5010927398286507,2.998236717777041,41.39172550956575,-73.4021713303924,10099,,41.4,-73.4,0.937738667822354
2024-05-11 16:16:00,140295802,5.300419461010094,3.5259485973485045,7.074890324671683,41.39172550956575,-73.4021713303924,10099,,41.4,-73.4,0.937738667822354
2024-05-11 16:17:00,140295802,2.935882487317972,1.768688338341536,4.103076636294408,41.39172550956575,-73.4021713303924,10099,-2.0,41.4,-73.4,0.937738667822354
2024-05-11 16:18:00,140295802,7.46354885985678,5.051263267333428,9.875834452380133,41.39172550956575,-73.4021713303924,10099,-1.1,41.4,-73.4,0.937738667822354
2024-05-11 16:19:00,140295802,4.6576037530911,2.8867259479162604,6.428481558265939,41.39172550956575,-73.4021713303924,10099,,41.4,-73.4,0.937738667822354
2024-05-11 16:20:00,140295802,5.9884063970474966,3.981137855520242,7.995674938574751,41.39172550956575,-73.4021713303924,10099,,41.4,-73.4,0.937738667822354
2024-05-11 16:21:00,140295802,9.35937980571785,6.240951932403168,12.477807679032534,41.39172550956575,-73.4021713303924,10099,,41.4,-73.4,0.937738667822354
2024-05-11 16:22:00,140295802,4.1499386154918145,2.8078240726611448,5.492053158322484,41.39172550956575,-73.4021713303924,10099,,41.4,-73.4,0.937738667822354
2024-05-11 16:23:00,140295802,3.8081773302907633,2.424411274895561,5.191943385685965,41.39172550956575,-73.4021713303924,10099,,41.4,-73.4,0.937738667822354
2024-05-11 16:24:00,140295802,5.089286731896842,3.145684115341205,7.032889348452479,41.39172550956575,-73.4021713303924,10099,,41.4,-73.4,0.937738667822354
2024-05-11 16:25:00,140295802,3.9589510778137913,2.656264849626126,5.2616373060014565,41.39172550956575,-73.4021713303924,10099,,41.4,-73.4,0.937738667822354
2024-05-11 16:26:00,140295802,2.6918998663138627,1.8007069817405665,3.583092750887159,41.39172550956575,-73.4021713303924,10099,,41.4,-73.4,0.937738667822354
2024-05-11 16:27:00,140295802,6.281849273762906,4.111479057180642,8.45221949034517,41.39172550956575,-73.4021713303924,10099,,41.4,-73.4,0.937738667822354
2024-05-11 16:28:00,140295802,11.488316336670017,7.71178139911834,15.264851274221694,41.39172550956575,-73.4021713303924,10099,,41.4,-73.4,0.937738667822354
2024-05-11 16:29:00,140295802,7.348661636648919,4.88191205964714,9.815411213650698,41.39172550956575,-73.4021713303924,10099,,41.4,-73.4,0.937738667822354
2024-05-11 16:30:00,140295802,9.974520679404563,6.714982299723134,13.234059059085991,41.39172550956575,-73.4021713303924,10099,,41.4,-73.4,0.937738667822354
2024-05-11 16:31:00,140295802,9.87221802625441,6.613610249324759,13.130825803184063,41.39172550956575,-73.4021713303924,10099,,41.4,-73.4,0.937738667822354
2024-05-11 16:32:00,140295802,9.21754659357525,6.210377470776175,12.224715716374325,41.39172550956575,-73.4021713303924,10099,,41.4,-73.4,0.937738667822354
2024-05-11 16:33:00,140295802,17.583018509666424,11.850556036374215,23.315480982958633,41.39172550956575,-73.4021713303924,10099,,41.4,-73.4,0.937738667822354
2024-05-11 16:34:00,140295802,20.832567149236386,14.118030780991564,27.547103517481208,41.39172550956575,-73.4021713303924,10099,,41.4,-73.4,0.937738667822354
2024-05-11 16:35:00,140295802,4.350351493609579,2.8419459804443115,5.858757006774846,41.39172550956575,-73.4021713303924,10099,-1.2,41.4,-73.4,0.937738667822354
2024-05-11 16:36:00,140295802,4.502901451031964,3.016481441313629,5.9893214607503,41.39172550956575,-73.4021713303924,10099,,41.4,-73.4,0.937738667822354
2024-05-11 16:37:00,140295802,8.699401090617167,5.803564376934105,11.595237804300229,41.39172550956575,-73.4021713303924,10099,,41.4,-73.4,0.937738667822354
2024-05-11 16:38:00,140295802,10.993649764467301,7.423076321642508,14.564223207292095,41.39172550956575,-73.4021713303924,10099,,41.4,-73.4,0.937738667822354
2024-05-11 16:39:00,140295802,5.249745269915215,3.456583517234069,7.042907022596362,41.39172550956575,-73.4021713303924,10099,-0.8,41.4,-73.4,0.937738667822354
2024-05-11 16:40:00,140295802,5.860064815757866,3.936860545018443,7.783269086497289,41.39172550956575,-73.4021713303924,10099,,41.4,-73.4,0.937738667822354
2024-05-11 16:41:00,140295802,7.074792997281354,4.703577277405068,9.446008717157639,41.39172550956575,-73.4021713303924,10099,,41.4,-73.4,0.937738667822354
2024-05-11 16:42:00,140295802,1.1204946234560849,0.7280035413283017,1.512985705583868,41.39172550956575,-73.4021713303924,10099,,41.4,-73.4,0.937738667822354
2024-05-11 16:43:00,140295802,3.2421211338879767,2.0227892352318975,4.461453032544056,41.39172550956575,-73.4021713303924,10099,-0.4,41.4,-73.4,0.937738667822354
2024-05-11 16:44:00,140295802,7.579027069541147,5.113558886404062,10.044495252678232,41.39172550956575,-73.4021713303924,10099,,41.4,-73.4,0.937738667822354
2024-05-11 16:45:00,140295802,10.711726818765912,7.185736095916141,14.237717541615684,41.39172550956575,-73.4021713303924,10099,,41.4,-73.4,0.937738667822354
2024-05-11 16:46:00,140295802,14.876989744062113,10.070918366662585,19.68306112146164,41.39172550956575,-73.4021713303924,10099,,41.4,-73.4,0.937738667822354
2024-05-11 16:47:00,140295802,8.102192182588697,5.445858177501153,10.75852618767624,41.39172550956575,-73.4021713303924,10099,-0.3,41.4,-73.4,0.937738667822354
2024-05-11 16:48:00,140295802,2.5016095512791683,1.7115038676753844,3.291715234882952,41.39172550956575,-73.4021713303924,10099,,41.4,-73.4,0.937738667822354
2024-05-11 16:49:00,140295802,1.8365037675041305,1.0034376267070142,2.6695699083012467,41.39172550956575,-73.4021713303924,10099,,41.4,-73.4,0.937738667822354
2024-05-11 16:50:00,140295802,11.648216215291418,7.867644719562821,15.428787711020014,41.39172550956575,-73.4021713303924,10099,,41.4,-73.4,0.937738667822354
2024-05-11 16:51:00,140295802,7.790623752096841,5.209802856926775,10.371444647266907,41.39172550956575,-73.4021713303924,10099,,41.4,-73.4,0.937738667822354
2024-05-11 16:52:00,140295802,1.5847952446543185,1.070139070289951,2.099451419018686,41.39172550956575,-73.4021713303924,10099,,41.4,-73.4,0.937738667822354
2024-05-11 16:53:00,140295802,2.4893484966348587,1.4550306945312341,3.5236662987384832,41.39172550956575,-73.4021713303924,10099,,41.4,-73.4,0.937738667822354
2024-05-11 16:54:00,140295802,5.962445675131671,4.019756877350262,7.905134472913081,41.39172550956575,-73.4021713303924,10099,,41.4,-73.4,0.937738667822354
2024-05-11 16:55:00,140295802,7.747526421284018,5.128328139716628,10.366724702851407,41.39172550956575,-73.4021713303924,10099,,41.4,-73.4,0.937738667822354
2024-05-11 16:56:00,140295802,5.174316215335875,3.501694399209847,6.846938031461902,41.39172550956575,-73.4021713303924,10099,,41.4,-73.4,0.937738667822354
2024-05-11 16:57:00,140295802,1.9975780552640594,0.9635816755026694,3.0315744350254494,41.39172550956575,-73.4021713303924,10099,,41.4,-73.4,0.937738667822354
2024-05-11 16:58:00,140295802,3.0114862148026775,1.9972319029637173,4.025740526641638,41.39172550956575,-73.4021713303924,10099,,41.4,-73.4,0.937738667822354
2024-05-11 16:59:00,140295802,2.33414771719684,1.0946997558470901,3.5735956785465897,41.39172550956575,-73.4021713303924,10099,,41.4,-73.4,0.937738667822354
2024-05-11 17:00:00,140295802,0.6742122248562058,0.21448413703639818,1.1339403126760135,41.39172550956575,-73.4021713303924,10099,-1.7,41.4,-73.4,0.937738667822354
2024-05-11 17:01:00,140295802,0.3215652023183,-0.9003959420715542,1.5435263467081541,41.39172550956575,-73.4021713303924,10099,,41.4,-73.4,0.937738667822354
2024-05-11 17:02:00,140295802,-4.921511736280637,-6.65924801599703,-3.183775456564244,41.39172550956575,-73.4021713303924,10099,,41.4,-73.4,0.937738667822354
2024-05-11 17:03:00,140295802,-4.592682807666616,-6.8076999136942185,-2.377665701639014,41.39172550956575,-73.4021713303924,10099,,41.4,-73.4,0.937738667822354
2024-05-11 17:04:00,140295802,-2.7355926574620986,-4.165443578429331,-1.3057417364948665,41.39172550956575,-73.4021713303924,10099,-1.4,41.4,-73.4,0.937738667822354
2024-05-11 17:05:00,140295802,-0.49957411405735447,-3.238359886286709,2.2392116581719996,41.39172550956575,-73.4021713303924,10099,,41.4,-73.4,0.937738667822354
2024-05-11 17:06:00,140295802,4.44480113785966,-0.05003731867730998,8.93963959439663,41.39172550956575,-73.4021713303924,10099,,41.4,-73.4,0.937738667822354
2024-05-11 17:07:00,140295802,-9.074028810462856,-34.819805741289876,16.671748120364164,41.39172550956575,-73.4021713303924,10099,,41.4,-73.4,0.937738667822354
2024-05-11 17:08:00,140295802,-19.77647742711213,-34.095276658715186,-5.457678195509077,41.39172550956575,-73.4021713303924,10099,,41.4,-73.4,0.937738667822354
2024-05-11 17:09:00,140295802,-16.56095044206557,-30.65475568582876,-2.467145198302383,41.39172550956575,-73.4021713303924,10099,,41.4,-73.4,0.937738667822354
2024-05-11 17:10:00,140295802,-10.632435573073558,-21.92916294764192,0.6642918014948034,41.39172550956575,-73.4021713303924,10099,,41.4,-73.4,0.937738667822354
2024-05-11 17:11:00,140295802,-15.938819254550122,-26.74637068226783,-5.1312678268324134,41.39172550956575,-73.4021713303924,10099,,41.4,-73.4,0.937738667822354
2024-05-11 17:12:00,140295802,-8.97488793529066,-19.713040188165444,1.7632643175841238,41.39172550956575,-73.4021713303924,10099,,41.4,-73.4,0.937738667822354
2024-05-11 17:13:00,140295802,-12.517646031869683,-18.74517298108273,-6.290119082656635,41.39172550956575,-73.4021713303924,10099,-1.9,41.4,-73.4,0.937738667822354
2024-05-11 17:14:00,140295802,-20.488930929872325,-41.23068990063628,0.2528280408916288,41.39172550956575,-73.4021713303924,10099,,41.4,-73.4,0.937738667822354
2024-05-11 17:15:00,140295802,-15.050738020349565,-21.985069644814267,-8.116406395884862,41.39172550956575,-73.4021713303924,10099,-4.4,41.4,-73.4,0.937738667822354
2024-05-11 17:16:00,140295802,-19.74045003087897,-29.716202251236517,-9.764697810521424,41.39172550956575,-73.4021713303924,10099,,41.4,-73.4,0.937738667822354
2024-05-11 17:17:00,140295802,-19.87307964470751,-27.055714602727512,-12.690444686687504,41.39172550956575,-73.4021713303924,10099,,41.4,-73.4,0.937738667822354
2024-05-11 17:18:00,140295802,-14.519305814178963,-21.405054676427465,-7.633556951930463,41.39172550956575,-73.4021713303924,10099,,41.4,-73.4,0.937738667822354
2024-05-11 17:19:00,140295802,-3.5489295048821243,-6.207964129082078,-0.8898948806821707,41.39172550956575,-73.4021713303924,10099,,41.4,-73.4,0.937738667822354
2024-05-11 17:20:00,140295802,0.31192553693190556,-3.520257382197879,4.14410845606169,41.39172550956575,-73.4021713303924,10099,,41.4,-73.4,0.937738667822354
2024-05-11 17:21:00,140295802,1.26014458232753,-0.6599023757247151,3.180191540379775,41.39172550956575,-73.4021713303924,10099,,41.4,-73.4,0.937738667822354
2024-05-11 17:22:00,140295802,-2.9627655130579957,-6.147353502755804,0.22182247663981292,41.39172550956575,-73.4021713303924,10099,,41.4,-73.4,0.937738667822354
2024-05-11 17:23:00,140295802,1.2506446657809698,-0.30560219817132417,2.8068915297332637,41.39172550956575,-73.4021713303924,10099,-1.8,41.4,-73.4,0.937738667822354
2024-05-11 17:24:00,140295802,9.71153243980312,5.6708128482282545,13.752252031377985,41.39172550956575,-73.4021713303924,10099,,41.4,-73.4,0.937738667822354
2024-05-11 17:25:00,140295802,1.6567829995600503,0.3690749424823596,2.944491056637741,41.39172550956575,-73.4021713303924,10099,,41.4,-73.4,0.937738667822354
2024-05-11 17:26:00,140295802,-20.64003139988223,-27.694131602868143,-13.585931196896315,41.39172550956575,-73.4021713303924,10099,-5.5,41.4,-73.4,0.937738667822354
2024-05-11 17:27:00,140295802,-14.114168686376777,-18.758069866660517,-9.470267506093037,41.39172550956575,-73.4021713303924,10099,,41.4,-73.4,0.937738667822354
2024-05-11 17:28:00,140295802,-4.017868660595782,-6.209510349036181,-1.826226972155382,41.39172550956575,-73.4021713303924,10099,,41.4,-73.4,0.937738667822354
2024-05-11 17:29:00,140295802,-11.616915682503453,-15.477737920990371,-7.7560934440165346,41.39172550956575,-73.4021713303924,10099,,41.4,-73.4,0.937738667822354
2024-05-11 17:30:00,140295802,-10.56878572299068,-14.314292816448567,-6.823278629532794,41.39172550956575,-73.4021713303924,10099,-3.5,41.4,-73.4,0.937738667822354
2024-05-11 17:31:00,140295802,-15.523810383072473,-20.590399685086396,-10.457221081058549,41.39172550956575,-73.4021713303924,10099,,41.4,-73.4,0.937738667822354
2024-05-11 17:32:00,140295802,-12.959193077302517,-17.337883422344223,-8.580502732260811,41.39172550956575,-73.4021713303924,10099,-3.0,41.4,-73.4,0.937738667822354
2024-05-11 17:33:00,140295802,-5.730079437706404,-7.634002604097471,-3.826156271315338,41.39172550956575,-73.4021713303924,10099,,41.4,-73.4,0.937738667822354
2024-05-11 17:34:00,140295802,2.652734902232213,1.0716378651503913,4.233831939314035,41.39172550956575,-73.4021713303924,10099,,41.4,-73.4,0.937738667822354
2024-05-11 17:35:00,140295802,5.857202826884755,3.8448755358189217,7.869530117950589,41.39172550956575,-73.4021713303924,10099,,41.4,-73.4,0.937738667822354
2024-05-11 17:36:00,140295802,1.4818656958060754,0.23072624233100947,2.7330051492811416,41.39172550956575,-73.4021713303924,10099,0.1,41.4,-73.4,0.937738667822354
2024-05-11 17:37:00,140295802,2.509877313348584,1.5414882311177076,3.4782663955794604,41.39172550956575,-73.4021713303924,10099,,41.4,-73.4,0.937738667822354
2024-05-11 17:38:00,140295802,2.73088721337175,1.3617896265261948,4.099984800217305,41.39172550956575,-73.4021713303924,10099,,41.4,-73.4,0.937738667822354
2024-05-11 17:39:00,140295802,2.4602766259571065,1.5717896224727412,3.3487636294414718,41.39172550956575,-73.4021713303924,10099,,41.4,-73.4,0.937738667822354
2024-05-11 17:40:00,140295802,1.4598763651940458,0.4140951395566901,2.505657590831402,41.39172550956575,-73.4021713303924,10099,,41.4,-73.4,0.937738667822354
2024-05-11 17:41:00,140295802,1.8993218399976428,1.1918817289272803,2.6067619510680053,41.39172550956575,-73.4021713303924,10099,,41.4,-73.4,0.937738667822354
2024-05-11 17:42:00,140295802,2.1759338204125713,1.0625944299774657,3.2892732108476768,41.39172550956575,-73.4021713303924,10099,0.1,41.4,-73.4,0.937738667822354
2024-05-11 17:43:00,140295802,8.537610495000854,5.7508479101350005,11.324373079866707,41.39172550956575,-73.4021713303924,10099,0.3,41.4,-73.4,0.937738667822354
2024-05-11 17:44:00,140295802,11.118828809052182,7.4283137382464055,14.809343879857959,41.39172550956575,-73.4021713303924,10099,,41.4,-73.4,0.937738667822354
2024-05-11 17:45:00,140295802,3.632833793796692,2.4671396550018927,4.798527932591492,41.39172550956575,-73.4021713303924,10099,-0.8,41.4,-73.4,0.937738667822354
2024-05-11 17:46:00,140295802,7.854668740939377,5.203245789061285,10.506091692817469,41.39172550956575,-73.4021713303924,10099,,41.4,-73.4,0.937738667822354
2024-05-11 17:47:00,140295802,9.179277574209342,6.240596214545243,12.117958933873442,41.39172550956575,-73.4021713303924,10099,,41.4,-73.4,0.937738667822354
2024-05-11 17:48:00,140295802,-7.874578662085951,-10.581366016872854,-5.167791307299048,41.39172550956575,-73.4021713303924,10099,-3.1,41.4,-73.4,0.937738667822354
2024-05-11 17:49:00,140295802,-15.716991423963007,-20.80720987121098,-10.626772976715037,41.39172550956575,-73.4021713303924,10099,,41.4,-73.4,0.937738667822354
2024-05-11 17:50:00,140295802,-6.918211238127305,-9.236424448220584,-4.599998028034026,41.39172550956575,-73.4021713303924,10099,,41.4,-73.4,0.937738667822354
2024-05-11 17:51:00,140295802,-2.891280076930995,-3.8224327747087883,-1.9601273791532017,41.39172550956575,-73.4021713303924,10099,,41.4,-73.4,0.937738667822354
2024-05-11 17:52:00,140295802,-5.057517219456217,-6.828125697163736,-3.2869087417486975,41.39172550956575,-73.4021713303924,10099,,41.4,-73.4,0.937738667822354
2024-05-11 17:53:00,140295802,-11.020182087009115,-14.600025371250844,-7.440338802767386,41.39172550956575,-73.4021713303924,10099,,41.4,-73.4,0.937738667822354
2024-05-11 17:54:00,140295802,-8.852971041112914,-11.790713709949511,-5.915228372276317,41.39172550956575,-73.4021713303924,10099,,41.4,-73.4,0.937738667822354
2024-05-11 17:55:00,140295802,3.7875075075859415,2.541794763990201,5.033220251181682,41.39172550956575,-73.4021713303924,10099,,41.4,-73.4,0.937738667822354
2024-05-11 17:56:00,140295802,4.525831860408449,2.85465007773233,6.197013643084567,41.39172550956575,-73.4021713303924,10099,,41.4,-73.4,0.937738667822354
2024-05-11 17:57:00,140295802,-2.9624553980086383,-4.078540415192326,-1.8463703808249508,41.39172550956575,-73.4021713303924,10099,,41.4,-73.4,0.937738667822354
2024-05-11 17:58:00,140295802,-20.886401157331346,-28.170616375732603,-13.602185938930088,41.39172550956575,-73.4021713303924,10099,,41.4,-73.4,0.937738667822354
2024-05-11 17:59:00,140295802,-19.084783411862556,-25.247821006583216,-12.921745817141897,41.39172550956575,-73.4021713303924,10099,,41.4,-73.4,0.937738667822354
2024-05-11 18:00:00,140295802,-11.54421966147602,-15.340633126157277,-7.747806196794764,41.39172550956575,-73.4021713303924,10099,-2.9,41.4,-73.4,0.937738667822354
2024-05-11 18:01:00,140295802,-1.2976682075955217,-1.9493142007153232,-0.6460222144757203,41.39172550956575,-73.4021713303924,10099,-3.0,41.4,-73.4,0.937738667822354
2024-05-11 18:02:00,140295802,-0.39194347621887027,-0.8795846841923982,0.09569773175465768,41.39172550956575,-73.4021713303924,10099,-2.7,41.4,-73.4,0.937738667822354
2024-05-11 18:03:00,140295802,-0.5693904634397057,-1.0702240567774253,-0.06855687010198608,41.39172550956575,-73.4021713303924,10099,,41.4,-73.4,0.937738667822354
2024-05-11 18:04:00,140295802,6.936624075834613,4.660443776450316,9.21280437521891,41.39172550956575,-73.4021713303924,10099,-3.8,41.4,-73.4,0.937738667822354
2024-05-11 18:05:00,140295802,10.010106660369644,6.723258578053128,13.29695474268616,41.39172550956575,-73.4021713303924,10099,,41.4,-73.4,0.937738667822354
2024-05-11 18:06:00,140295802,4.369636070608794,2.9497627123115455,5.789509428906043,41.39172550956575,-73.4021713303924,10099,,41.4,-73.4,0.937738667822354
2024-05-11 18:07:00,140295802,6.487606904859232,4.376556370352018,8.598657439366447,41.39172550956575,-73.4021713303924,10099,-1.4,41.4,-73.4,0.937738667822354
2024-05-11 18:08:00,140295802,-3.288521088753129,-4.43452898561446,-2.1425131918917986,41.39172550956575,-73.4021713303924,10099,,41.4,-73.4,0.937738667822354
2024-05-11 18:09:00,140295802,3.5188021543330716,2.34144398257473,4.696160326091413,41.39172550956575,-73.4021713303924,10099,,41.4,-73.4,0.937738667822354
2024-05-11 18:10:00,140295802,11.15675065451696,7.5658227894503245,14.747678519583596,41.39172550956575,-73.4021713303924,10099,,41.4,-73.4,0.937738667822354
2024-05-11 18:11:00,140295802,20.169288961510908,13.635911323456089,26.702666599565728,41.39172550956575,-73.4021713303924,10099,,41.4,-73.4,0.937738667822354
2024-05-11 18:12:00,140295802,9.807896305445142,6.674567244740539,12.941225366149746,41.39172550956575,-73.4021713303924,10099,,41.4,-73.4,0.937738667822354
2024-05-11 18:13:00,140295802,18.481027719669772,12.476748939256122,24.48530650008342,41.39172550956575,-73.4021713303924,10099,,41.4,-73.4,0.937738667822354
2024-05-11 18:14:00,140295802,14.661934300472861,9.961127188425742,19.36274141251998,41.39172550956575,-73.4021713303924,10099,,41.4,-73.4,0.937738667822354
2024-05-11 18:15:00,140295802,17.94447954435994,12.095332927422088,23.79362616129779,41.39172550956575,-73.4021713303924,10099,,41.4,-73.4,0.937738667822354
2024-05-11 18:16:00,140295802,17.28159561611357,11.727970996348846,22.835220235878296,41.39172550956575,-73.4021713303924,10099,,41.4,-73.4,0.937738667822354
2024-05-11 18:17:00,140295802,24.98650777071042,16.792665125766874,33.18035041565397,41.39172550956575,-73.4021713303924,10099,,41.4,-73.4,0.937738667822354
2024-05-11 18:18:00,140295802,18.88947563900386,12.832721404358171,24.946229873649546,41.39172550956575,-73.4021713303924,10099,2.6,41.4,-73.4,0.937738667822354
2024-05-11 18:19:00,140295802,-31.763021036497033,-42.21789233098829,-21.308149742005774,41.39172550956575,-73.4021713303924,10099,,41.4,-73.4,0.937738667822354
2024-05-11 18:20:00,140295802,-4.615474493431866,-6.0392767438468375,-3.1916722430168942,41.39172550956575,-73.4021713303924,10099,-0.8,41.4,-73.4,0.937738667822354
2024-05-11 18:21:00,140295802,7.416367216964712,4.879104011257635,9.95363042267179,41.39172550956575,-73.4021713303924,10099,0.8,41.4,-73.4,0.937738667822354
2024-05-11 18:22:00,140295802,0.9772204928903054,0.6640756505229349,1.2903653352576758,41.39172550956575,-73.4021713303924,10099,-3.1,41.4,-73.4,0.937738667822354
2024-05-11 18:23:00,140295802,-18.307342011826975,-24.274248604905967,-12.340435418747983,41.39172550956575,-73.4021713303924,10099,,41.4,-73.4,0.937738667822354
2024-05-11 18:24:00,140295802,8.020514147622245,5.2859040558636625,10.755124239380828,41.39172550956575,-73.4021713303924,10099,-1.6,41.4,-73.4,0.937738667822354
2024-05-11 18:25:00,140295802,-0.12860854443438474,-0.3300629071356497,0.07284581826688022,41.39172550956575,-73.4021713303924,10099,,41.4,-73.4,0.937738667822354
2024-05-11 18:26:00,140295802,8.035665198376304,5.3925342923487305,10.678796104403876,41.39172550956575,-73.4021713303924,10099,,41.4,-73.4,0.937738667822354
2024-05-11 18:27:00,140295802,6.155983524812493,4.168941447863777,8.14302560176121,41.39172550956575,-73.4021713303924,10099,,41.4,-73.4,0.937738667822354
2024-05-11 18:28:00,140295802,-3.5767735825445417,-4.762528407266342,-2.3910187578227413,41.39172550956575,-73.4021713303924,10099,-2.2,41.4,-73.4,0.937738667822354
2024-05-11 18:29:00,140295802,15.562684722412797,10.438316355567736,20.68705308925786,41.39172550956575,-73.4021713303924,10099,,41.4,-73.4,0.937738667822354
2024-05-11 18:30:00,140295802,12.99684584947457,8.80850639580734,17.1851853031418,41.39172550956575,-73.4021713303924,10099,0.4,41.4,-73.4,0.937738667822354
2024-05-11 18:31:00,140295802,11.207860364949793,7.589285438642053,14.826435291257534,41.39172550956575,-73.4021713303924,10099,,41.4,-73.4,0.937738667822354
2024-05-11 18:32:00,140295802,15.903927164268971,10.75884349826573,21.049010830272213,41.39172550956575,-73.4021713303924,10099,,41.4,-73.4,0.937738667822354
2024-05-11 18:33:00,140295802,12.767960875255422,8.633363946430302,16.902557804080544,41.39172550956575,-73.4021713303924,10099,,41.4,-73.4,0.937738667822354
2024-05-11 18:34:00,140295802,17.26356567774799,11.678193940956188,22.848937414539794,41.39172550956575,-73.4021713303924,10099,,41.4,-73.4,0.937738667822354
2024-05-11 18:35:00,140295802,8.204898593121005,5.51605868921931,10.8937384970227,41.39172550956575,-73.4021713303924,10099,,41.4,-73.4,0.937738667822354
2024-05-11 18:36:00,140295802,19.316354774890986,13.037983891031875,25.594725658750097,41.39172550956575,-73.4021713303924,10099,,41.4,-73.4,0.937738667822354
2024-05-11 18:37:00,140295802,-10.543324209394909,-14.10512070184642,-6.981527716943397,41.39172550956575,-73.4021713303924,10099,-3.8,41.4,-73.4,0.937738667822354
2024-05-11 18:38:00,140295802,9.785219150975832,6.552872612163993,13.017565689787672,41.39172550956575,-73.4021713303924,10099,-0.1,41.4,-73.4,0.937738667822354
2024-05-11 18:39:00,140295802,-1.6587994756331121,-2.2496651875372478,-1.0679337637289765,41.39172550956575,-73.4021713303924,10099,,41.4,-73.4,0.937738667822354
2024-05-11 18:40:00,140295802,14.599261604156112,9.831092981443463,19.367430226868763,41.39172550956575,-73.4021713303924,10099,,41.4,-73.4,0.937738667822354
2024-05-11 18:41:00,140295802,-5.814266445941495,-7.8563495031634805,-3.7721833887195095,41.39172550956575,-73.4021713303924,10099,-2.5,41.4,-73.4,0.937738667822354
2024-05-11 18:42:00,140295802,-12.919734663234319,-17.102820244332307,-8.736649082136331,41.39172550956575,-73.4021713303924,10099,,41.4,-73.4,0.937738667822354
2024-05-11 18:43:00,140295802,-0.05192317491319068,-0.24497522156313803,0.14112887173675667,41.39172550956575,-73.4021713303924,10099,-2.2,41.4,-73.4,0.937738667822354
2024-05-11 18:44:00,140295802,-4.9179567864962985,-6.526252242252085,-3.309661330740512,41.39172550956575,-73.4021713303924,10099,,41.4,-73.4,0.937738667822354
2024-05-11 18:45:00,140295802,-5.90022744764959,-7.850257682141869,-3.9501972131573115,41.39172550956575,-73.4021713303924,10099,-0.8,41.4,-73.4,0.937738667822354
2024-05-11 18:46:00,140295802,-4.548069550578756,-6.00993564285617,-3.086203458301342,41.39172550956575,-73.4021713303924,10099,,41.4,-73.4,0.937738667822354
2024-05-11 18:47:00,140295802,15.19273591101319,10.195565621045626,20.18990620098075,41.39172550956575,-73.4021713303924,10099,,41.4,-73.4,0.937738667822354
2024-05-11 18:48:00,140295802,10.746067472269063,7.285564094713903,14.206570849824223,41.39172550956575,-73.4021713303924,10099,,41.4,-73.4,0.937738667822354
2024-05-11 18:49:00,140295802,8.563213570374893,5.784210316743261,11.342216824006526,41.39172550956575,-73.4021713303924,10099,,41.4,-73.4,0.937738667822354
2024-05-11 18:50:00,140295802,12.660289989079448,8.555504488728797,16.7650754894301,41.39172550956575,-73.4021713303924,10099,,41.4,-73.4,0.937738667822354
2024-05-11 18:51:00,140295802,19.620730689294955,13.201829749725999,26.039631628863912,41.39172550956575,-73.4021713303924,10099,,41.4,-73.4,0.937738667822354
2024-05-11 18:52:00,140295802,22.969750657117455,15.484243281738891,30.45525803249602,41.39172550956575,-73.4021713303924,10099,,41.4,-73.4,0.937738667822354
2024-05-11 18:53:00,140295802,10.317953876982955,7.007808301357468,13.628099452608442,41.39172550956575,-73.4021713303924,10099,,41.4,-73.4,0.937738667822354
2024-05-11 18:54:00,140295802,14.836531251893007,10.038316660459408,19.634745843326606,41.39172550956575,-73.4021713303924,10099,,41.4,-73.4,0.937738667822354
2024-05-11 18:55:00,140295802,1.9378527345364553,1.2882360646477582,2.5874694044251525,41.39172550956575,-73.4021713303924,10099,,41.4,-73.4,0.937738667822354
2024-05-11 18:56:00,140295802,0.9903379980297315,0.6068885637246005,1.3737874323348627,41.39172550956575,-73.4021713303924,10099,,41.4,-73.4,0.937738667822354
2024-05-11 18:57:00,140295802,-8.86043705886468,-11.870054708477767,-5.850819409251591,41.39172550956575,-73.4021713303924,10099,,41.4,-73.4,0.937738667822354
2024-05-11 18:58:00,140295802,-13.452816077641078,-17.898404390555093,-9.007227764727062,41.39172550956575,-73.4021713303924,10099,,41.4,-73.4,0.937738667822354
2024-05-11 18:59:00,140295802,-1.4651410243004785,-3.3710597068611494,0.44077765826019233,41.39172550956575,-73.4021713303924,10099,,41.4,-73.4,0.937738667822354
2024-05-11 19:00:00,140295802,-2.962865484388251,-4.007943095067623,-1.9177878737088794,41.39172550956575,-73.4021713303924,10099,,41.4,-73.4,0.937738667822354
2024-05-11 19:01:00,140295802,-3.1729519393360404,-5.580036746746449,-0.7658671319256314,41.39172550956575,-73.4021713303924,10099,,41.4,-73.4,0.937738667822354
2024-05-11 19:02:00,140295802,-2.9894354112614367,-4.206356725029942,-1.772514097492931,41.39172550956575,-73.4021713303924,10099,,41.4,-73.4,0.937738667822354
2024-05-11 19:03:00,140295802,-7.095774121003641,-10.894200514288551,-3.2973477277187313,41.39172550956575,-73.4021713303924,10099,,41.4,-73.4,0.937738667822354
2024-05-11 19:04:00,140295802,-0.6320431356622901,-1.6454052989335963,0.38131902760901604,41.39172550956575,-73.4021713303924,10099,,41.4,-73.4,0.937738667822354
2024-05-11 19:05:00,140295802,-7.3620594662233705,-9.815325152409631,-4.90879378003711,41.39172550956575,-73.4021713303924,10099,,41.4,-73.4,0.937738667822354
2024-05-11 19:06:00,140295802,-5.297779943560598,-7.038049811884811,-3.557510075236385,41.39172550956575,-73.4021713303924,10099,-1.7,41.4,-73.4,0.937738667822354
2024-05-11 19:07:00,140295802,-10.075555632287697,-13.49359263413858,-6.657518630436815,41.39172550956575,-73.4021713303924,10099,,41.4,-73.4,0.937738667822354
2024-05-11 19:08:00,140295802,-11.295361901883195,-14.9927365102185,-7.597987293547892,41.39172550956575,-73.4021713303924,10099,,41.4,-73.4,0.937738667822354
2024-05-11 19:09:00,140295802,-9.761972830110325,-13.007696643709231,-6.51624901651142,41.39172550956575,-73.4021713303924,10099,-2.7,41.4,-73.4,0.937738667822354
2024-05-11 19:10:00,140295802,7.262058990641046,4.758993897977612,9.765124083304482,41.39172550956575,-73.4021713303924,10099,1.2,41.4,-73.4,0.937738667822354
2024-05-11 19:11:00,140295802,11.715487997035932,7.743419172303389,15.687556821768476,41.39172550956575,-73.4021713303924,10099,,41.4,-73.4,0.937738667822354
2024-05-11 19:12:00,140295802,-1.661199279110832,-5.503415334257893,2.181016776036229,41.39172550956575,-73.4021713303924,10099,,41.4,-73.4,0.937738667822354
2024-05-11 19:13:00,140295802,-11.75762483171353,-16.21875370455795,-7.29649595886911,41.39172550956575,-73.4021713303924,10099,-3.5,41.4,-73.4,0.937738667822354
2024-05-11 19:14:00,140295802,-23.15062629907651,-30.72141625770676,-15.57983634044626,41.39172550956575,-73.4021713303924,10099,,41.4,-73.4,0.937738667822354
2024-05-11 19:15:00,140295802,-9.170061556020178,-12.200313928196286,-6.13980918384407,41.39172550956575,-73.4021713303924,10099,-2.4,41.4,-73.4,0.937738667822354
2024-05-11 19:16:00,140295802,-14.008885213904513,-18.632692898457464,-9.385077529351562,41.39172550956575,-73.4021713303924,10099,,41.4,-73.4,0.937738667822354
2024-05-11 19:17:00,140295802,-7.9690135968358895,-10.589228821137224,-5.348798372534555,41.39172550956575,-73.4021713303924,10099,,41.4,-73.4,0.937738667822354
2024-05-11 19:18:00,140295802,-13.327453016338492,-17.736204107245587,-8.918701925431396,41.39172550956575,-73.4021713303924,10099,-2.9,41.4,-73.4,0.937738667822354
2024-05-11 19:19:00,140295802,-12.14139825867531,-16.123579851937663,-8.159216665412956,41.39172550956575,-73.4021713303924,10099,,41.4,-73.4,0.937738667822354
2024-05-11 19:20:00,140295802,-5.196882564322393,-6.921388437244446,-3.4723766914003393,41.39172550956575,-73.4021713303924,10099,,41.4,-73.4,0.937738667822354
2024-05-11 19:21:00,140295802,-11.550190272785368,-15.406005237186758,-7.694375308383978,41.39172550956575,-73.4021713303924,10099,,41.4,-73.4,0.937738667822354
2024-05-11 19:22:00,140295802,-23.21205142805152,-30.832225200391502,-15.591877655711539,41.39172550956575,-73.4021713303924,10099,-4.9,41.4,-73.4,0.937738667822354
2024-05-11 19:23:00,140295802,-14.986413205177861,-19.813709191622284,-10.159117218733439,41.39172550956575,-73.4021713303924,10099,,41.4,-73.4,0.937738667822354
2024-05-11 19:24:00,140295802,-4.398040555473557,-5.807234376283767,-2.9888467346633467,41.39172550956575,-73.4021713303924,10099,,41.4,-73.4,0.937738667822354
2024-05-11 19:25:00,140295802,-0.14190863641527457,-0.27339456104490034,-0.010422711785648825,41.39172550956575,-73.4021713303924,10099,,41.4,-73.4,0.937738667822354
2024-05-11 19:26:00,140295802,4.234389062289307,2.6926624213536785,5.776115703224936,41.39172550956575,-73.4021713303924,10099,,41.4,-73.4,0.937738667822354
2024-05-11 19:27:00,140295802,16.2752820065147,10.840383851638897,21.710180161390504,41.39172550956575,-73.4021713303924,10099,,41.4,-73.4,0.937738667822354
2024-05-11 19:28:00,140295802,14.94260239242611,10.019251585416507,19.865953199435715,41.39172550956575,-73.4021713303924,10099,1.6,41.4,-73.4,0.937738667822354
2024-05-11 19:29:00,140295802,6.918129589324607,4.602216488024315,9.2340426906249,41.39172550956575,-73.4021713303924,10099,3.2,41.4,-73.4,0.937738667822354
2024-05-11 19:30:00,140295802,0.01437256699116865,-0.04421998143590238,0.07296511541823969,41.39172550956575,-73.4021713303924,10099,,41.4,-73.4,0.937738667822354
2024-05-11 19:31:00,140295802,5.54384560244424,3.6740295538206618,7.4136616510678195,41.39172550956575,-73.4021713303924,10099,,41.4,-73.4,0.937738667822354
2024-05-11 19:32:00,140295802,5.563157436393556,3.7384435256626984,7.387871347124414,41.39172550956575,-73.4021713303924,10099,,41.4,-73.4,0.937738667822354
2024-05-11 19:33:00,140295802,12.56530325454578,8.428818715908807,16.701787793182753,41.39172550956575,-73.4021713303924,10099,,41.4,-73.4,0.937738667822354
2024-05-11 19:34:00,140295802,13.750711108210092,9.279993993300797,18.22142822311939,41.39172550956575,-73.4021713303924,10099,2.1,41.4,-73.4,0.937738667822354
2024-05-11 19:35:00,140295802,14.009084660307805,9.447160542398883,18.571008778216726,41.39172550956575,-73.4021713303924,10099,,41.4,-73.4,0.937738667822354
2024-05-11 19:36:00,140295802,21.001770994119475,14.145802123320982,27.857739864917967,41.39172550956575,-73.4021713303924,10099,,41.4,-73.4,0.937738667822354
2024-05-11 19:37:00,140295802,21.314098328277282,14.384930587103243,28.243266069451323,41.39172550956575,-73.4021713303924,10099,2.2,41.4,-73.4,0.937738667822354
2024-05-11 19:38:00,140295802,7.394485459889386,5.053486819694983,9.735484100083788,41.39172550956575,-73.4021713303924,10099,,41.4,-73.4,0.937738667822354
2024-05-11 19:39:00,140295802,1.9141552759740585,1.3148932074133954,2.5134173445347217,41.39172550956575,-73.4021713303924,10099,-0.4,41.4,-73.4,0.937738667822354
2024-05-11 19:40:00,140295802,-4.656346938663855,-6.230853958596631,-3.0818399187310788,41.39172550956575,-73.4021713303924,10099,,41.4,-73.4,0.937738667822354
2024-05-11 19:41:00,140295802,7.136348000146393,4.741892665054908,9.530803335237877,41.39172550956575,-73.4021713303924,10099,0.9,41.4,-73.4,0.937738667822354
2024-05-11 19:42:00,140295802,15.211268791279997,10.32667783807207,20.095859744487925,41.39172550956575,-73.4021713303924,10099,-0.8,41.4,-73.4,0.937738667822354
2024-05-11 19:43:00,140295802,-5.1695365704091865,-6.957673211014441,-3.3813999298039317,41.39172550956575,-73.4021713303924,10099,-1.3,41.4,-73.4,0.937738667822354
2024-05-11 19:44:00,140295802,6.599965663780844,4.43262885841024,8.767302469151447,41.39172550956575,-73.4021713303924,10099,,41.4,-73.4,0.937738667822354
2024-05-11 19:45:00,140295802,9.230215547676373,6.230703774312266,12.22972732104048,41.39172550956575,-73.4021713303924,10099,0.1,41.4,-73.4,0.937738667822354
2024-05-11 19:46:00,140295802,11.783159360849767,7.980024023887873,15.586294697811661,41.39172550956575,-73.4021713303924,10099,,41.4,-73.4,0.937738667822354
2024-05-11 19:47:00,140295802,11.996338638446684,8.074101568504707,15.91857570838866,41.39172550956575,-73.4021713303924,10099,,41.4,-73.4,0.937738667822354
2024-05-11 19:48:00,140295802,18.182470408298617,12.25550031607036,24.109440500526873,41.39172550956575,-73.4021713303924,10099,,41.4,-73.4,0.937738667822354
2024-05-11 19:49:00,140295802,9.312218729117161,6.297586020925687,12.326851437308635,41.39172550956575,-73.4021713303924,10099,1.2,41.4,-73.4,0.937738667822354
2024-05-11 19:50:00,140295802,13.002536718110393,8.773692509823231,17.231380926397556,41.39172550956575,-73.4021713303924,10099,,41.4,-73.4,0.937738667822354
2024-05-11 19:51:00,140295802,6.940179399679179,4.6968100988936605,9.183548700464698,41.39172550956575,-73.4021713303924,10099,,41.4,-73.4,0.937738667822354
2024-05-11 19:52:00,140295802,13.561144527636076,9.15434986282867,17.96793919244348,41.39172550956575,-73.4021713303924,10099,,41.4,-73.4,0.937738667822354
2024-05-11 19:53:00,140295802,8.292537853233796,5.639466138745336,10.945609567722256,41.39172550956575,-73.4021713303924,10099,,41.4,-73.4,0.937738667822354
2024-05-11 19:54:00,140295802,4.933711271835747,3.3553433820574208,6.512079161614074,41.39172550956575,-73.4021713303924,10099,,41.4,-73.4,0.937738667822354
2024-05-11 19:55:00,140295802,8.233322240654987,5.554468704461799,10.912175776848175,41.39172550956575,-73.4021713303924,10099,0.3,41.4,-73.4,0.937738667822354
2024-05-11 19:56:00,140295802,9.924050461080737,6.697326124703109,13.150774797458366,41.39172550956575,-73.4021713303924,10099,,41.4,-73.4,0.937738667822354
2024-05-11 19:57:00,140295802,8.213911530965552,5.553883655790683,10.87393940614042,41.39172550956575,-73.4021713303924,10099,,41.4,-73.4,0.937738667822354
2024-05-11 19:58:00,140295802,6.661421107469047,4.492220084407974,8.83062213053012,41.39172550956575,-73.4021713303924,10099,,41.4,-73.4,0.937738667822354
2024-05-11 19:59:00,140295802,13.413008535117434,9.025199078040849,17.80081799219402,41.39172550956575,-73.4021713303924,10099,,41.4,-73.4,0.937738667822354
2024-05-11 20:00:00,140295802,7.185965291539529,4.871638458933315,9.500292124145743,41.39172550956575,-73.4021713303924,10099,,41.4,-73.4,0.937738667822354
2024-05-11 20:01:00,140295802,7.849736740714626,5.25037985720744,10.449093624221812,41.39172550956575,-73.4021713303924,10099,1.4,41.4,-73.4,0.937738667822354
2024-05-11 20:02:00,140295802,12.897840851829166,8.835244732153395,16.960436971504937,41.39172550956575,-73.4021713303924,10099,-1.9,41.4,-73.4,0.937738667822354
2024-05-11 20:03:00,140295802,-25.5547424653419,-33.993571995575685,-17.115912935108113,41.39172550956575,-73.4021713303924,10099,-1.2,41.4,-73.4,0.937738667822354
2024-05-11 20:04:00,140295802,0.8648739052215185,0.3869014464271279,1.3428463640159092,41.39172550956575,-73.4021713303924,10099,,41.4,-73.4,0.937738667822354
2024-05-11 20:05:00,140295802,2.7737014030006,1.8231308969847089,3.7242719090164913,41.39172550956575,-73.4021713303924,10099,,41.4,-73.4,0.937738667822354
2024-05-11 20:06:00,140295802,18.888224767861807,12.602430022377249,25.174019513346366,41.39172550956575,-73.4021713303924,10099,,41.4,-73.4,0.937738667822354
2024-05-11 20:07:00,140295802,15.41324818403201,10.349233639388,20.47726272867602,41.39172550956575,-73.4021713303924,10099,,41.4,-73.4,0.937738667822354
2024-05-11 20:08:00,140295802,19.492104431740323,13.120392805541602,25.863816057939044,41.39172550956575,-73.4021713303924,10099,,41.4,-73.4,0.937738667822354
2024-05-11 20:09:00,140295802,8.42824743983142,5.735287389757598,11.121207489905242,41.39172550956575,-73.4021713303924,10099,,41.4,-73.4,0.937738667822354
2024-05-11 20:10:00,140295802,0.7104396078558195,0.4848878749444604,0.9359913407671786,41.39172550956575,-73.4021713303924,10099,,41.4,-73.4,0.937738667822354
2024-05-11 20:11:00,140295802,-2.5154973124352313,-3.3595862497512274,-1.6714083751192352,41.39172550956575,-73.4021713303924,10099,,41.4,-73.4,0.937738667822354
2024-05-11 20:12:00,140295802,3.5865994708281113,2.414669601900175,4.7585293397560475,41.39172550956575,-73.4021713303924,10099,,41.4,-73.4,0.937738667822354
2024-05-11 20:13:00,140295802,-1.6142270646074361,-2.1851437675203775,-1.0433103616944948,41.39172550956575,-73.4021713303924,10099,-0.3,41.4,-73.4,0.937738667822354
2024-05-11 20:14:00,140295802,-2.6941487625577394,-3.667262073080148,-1.7210354520353304,41.39172550956575,-73.4021713303924,10099,-2.4,41.4,-73.4,0.937738667822354
2024-05-11 20:15:00,140295802,-17.672942638397217,-23.55131484440826,-11.794570432386173,41.39172550956575,-73.4021713303924,10099,,41.4,-73.4,0.937738667822354
2024-05-11 20:16:00,140295802,-17.198376661554015,-22.819958335393594,-11.576794987714434,41.39172550956575,-73.4021713303924,10099,-3.5,41.4,-73.4,0.937738667822354
2024-05-11 20:17:00,140295802,-8.327930372460445,-11.041169327493359,-5.614691417427531,41.39172550956575,-73.4021713303924,10099,,41.4,-73.4,0.937738667822354
2024-05-11 20:18:00,140295802,-3.684017701555314,-4.877219507424816,-2.490815895685812,41.39172550956575,-73.4021713303924,10099,-3.9,41.4,-73.4,0.937738667822354
2024-05-11 20:19:00,140295802,-6.0184541988492315,-8.009203015322042,-4.027705382376421,41.39172550956575,-73.4021713303924,10099,-2.2,41.4,-73.4,0.937738667822354
2024-05-11 20:20:00,140295802,-10.16235231307515,-13.493952081991143,-6.830752544159157,41.39172550956575,-73.4021713303924,10099,-3.5,41.4,-73.4,0.937738667822354
2024-05-11 20:21:00,140295802,-9.141629998546495,-12.12547600771405,-6.15778398937894,41.39172550956575,-73.4021713303924,10099,,41.4,-73.4,0.937738667822354
2024-05-11 20:22:00,140295802,-13.841617083489746,-18.351811600616074,-9.331422566363418,41.39172550956575,-73.4021713303924,10099,,41.4,-73.4,0.937738667822354
2024-05-11 20:23:00,140295802,-4.815327028582867,-6.337786831084473,-3.2928672260812606,41.39172550956575,-73.4021713303924,10099,-2.2,41.4,-73.4,0.937738667822354
2024-05-11 20:24:00,140295802,-5.241401968892655,-6.939802753230053,-3.5430011845552567,41.39172550956575,-73.4021713303924,10099,,41.4,-73.4,0.937738667822354
2024-05-11 20:25:00,140295802,-8.209610909148864,-10.885619167131985,-5.533602651165744,41.39172550956575,-73.4021713303924,10099,,41.4,-73.4,0.937738667822354
2024-05-11 20:26:00,140295802,-14.48903817700264,-19.249009766357545,-9.729066587647736,41.39172550956575,-73.4021713303924,10099,,41.4,-73.4,0.937738667822354
2024-05-11 20:27:00,140295802,-16.316489713233814,-21.61168064537498,-11.021298781092646,41.39172550956575,-73.4021713303924,10099,,41.4,-73.4,0.937738667822354
2024-05-11 20:28:00,140295802,-10.629097678607568,-14.08379063958246,-7.174404717632676,41.39172550956575,-73.4021713303924,10099,,41.4,-73.4,0.937738667822354
2024-05-11 20:29:00,140295802,-24.7750062781169,-32.895688547193274,-16.65432400904053,41.39172550956575,-73.4021713303924,10099,,41.4,-73.4,0.937738667822354
2024-05-11 20:30:00,140295802,-14.895733479569131,-19.70907494632714,-10.082392012811123,41.39172550956575,-73.4021713303924,10099,-3.9,41.4,-73.4,0.937738667822354
2024-05-11 20:31:00,140295802,-8.337714838802366,-11.019605515780816,-5.655824161823917,41.39172550956575,-73.4021713303924,10099,,41.4,-73.4,0.937738667822354
2024-05-11 20:32:00,140295802,-16.620351332470886,-22.064073606366094,-11.176629058575678,41.39172550956575,-73.4021713303924,10099,,41.4,-73.4,0.937738667822354
2024-05-11 20:33:00,140295802,-21.466387050791194,-28.403056047323464,-14.529718054258925,41.39172550956575,-73.4021713303924,10099,-4.0,41.4,-73.4,0.937738667822354
2024-05-11 20:34:00,140295802,-6.933489463681864,-9.102778674988544,-4.7642002523751845,41.39172550956575,-73.4021713303924,10099,,41.4,-73.4,0.937738667822354
2024-05-11 20:35:00,140295802,-5.631198067264748,-7.436017000252752,-3.8263791342767437,41.39172550956575,-73.4021713303924,10099,-1.9,41.4,-73.4,0.937738667822354
2024-05-11 20:36:00,140295802,-4.549871832804572,-5.990752866052946,-3.1089907995561985,41.39172550956575,-73.4021713303924,10099,,41.4,-73.4,0.937738667822354
2024-05-11 20:37:00,140295802,-8.86265758703227,-11.69281054876884,-6.032504625295701,41.39172550956575,-73.4021713303924,10099,-1.2,41.4,-73.4,0.937738667822354
2024-05-11 20:38:00,140295802,-2.869803042190714,-3.7642738616204885,-1.9753322227609398,41.39172550956575,-73.4021713303924,10099,-1.8,41.4,-73.4,0.937738667822354
2024-05-11 20:39:00,140295802,0.3466298566427418,0.10802037254155678,0.5852393407439269,41.39172550956575,-73.4021713303924,10099,,41.4,-73.4,0.937738667822354
2024-05-11 20:40:00,140295802,-0.4779877170248139,-0.6651398546953423,-0.2908355793542855,41.39172550956575,-73.4021713303924,10099,,41.4,-73.4,0.937738667822354
2024-05-11 20:41:00,140295802,-2.107847704699165,-2.7673043196211453,-1.4483910897771843,41.39172550956575,-73.4021713303924,10099,,41.4,-73.4,0.937738667822354
2024-05-11 20:42:00,140295802,5.156616995806682,3.429904668138259,6.883329323475105,41.39172550956575,-73.4021713303924,10099,,41.4,-73.4,0.937738667822354
2024-05-11 20:43:00,140295802,2.3960460081584474,1.5852488036415844,3.2068432126753104,41.39172550956575,-73.4021713303924,10099,,41.4,-73.4,0.937738667822354
2024-05-11 20:44:00,140295802,9.942481863767581,6.671960024469795,13.213003703065366,41.39172550956575,-73.4021713303924,10099,0.4,41.4,-73.4,0.937738667822354
2024-05-11 20:45:00,140295802,-3.48536910322077,-4.6749241599727025,-2.2958140464688377,41.39172550956575,-73.4021713303924,10099,,41.4,-73.4,0.937738667822354
2024-05-11 20:46:00,140295802,1.0532332944653386,0.6574577429706754,1.449008845960002,41.39172550956575,-73.4021713303924,10099,-0.4,41.4,-73.4,0.937738667822354
2024-05-11 20:47:00,140295802,-2.2074493765830994,-2.949559115058213,-1.4653396381079857,41.39172550956575,-73.4021713303924,10099,,41.4,-73.4,0.937738667822354
2024-05-11 20:48:00,140295802,-5.775629719845335,-7.669733786306282,-3.8815256533843874,41.39172550956575,-73.4021713303924,10099,-1.4,41.4,-73.4,0.937738667822354
2024-05-11 20:49:00,140295802,-7.468284017161319,-9.904122008518288,-5.032446025804351,41.39172550956575,-73.4021713303924,10099,-0.9,41.4,-73.4,0.937738667822354
2024-05-11 20:50:00,140295802,-3.3107658182469226,-4.383755634202064,-2.237776002291781,41.39172550956575,-73.4021713303924,10099,,41.4,-73.4,0.937738667822354
2024-05-11 20:51:00,140295802,-10.4115633800215,-13.79083709626676,-7.032289663776241,41.39172550956575,-73.4021713303924,10099,,41.4,-73.4,0.937738667822354
2024-05-11 20:52:00,140295802,-5.815365328525839,-7.682880772068291,-3.9478498849833876,41.39172550956575,-73.4021713303924,10099,,41.4,-73.4,0.937738667822354
2024-05-11 20:53:00,140295802,-13.34310525939578,-17.688789627140103,-8.99742089165146,41.39172550956575,-73.4021713303924,10099,,41.4,-73.4,0.937738667822354
2024-05-11 20:54:00,140295802,-16.841469215569937,-22.278302163834052,-11.404636267305822,41.39172550956575,-73.4021713303924,10099,-2.8,41.4,-73.4,0.937738667822354
2024-05-11 20:55:00,140295802,-20.24332016213496,-26.786514424727674,-13.700125899542247,41.39172550956575,-73.4021713303924,10099,,41.4,-73.4,0.937738667822354
2024-05-11 20:56:00,140295802,-24.7836436783162,-32.80431759885271,-16.762969757779686,41.39172550956575,-73.4021713303924,10099,,41.4,-73.4,0.937738667822354
2024-05-11 20:57:00,140295802,-33.527900557171435,-44.36252471027393,-22.69327640406894,41.39172550956575,-73.4021713303924,10099,,41.4,-73.4,0.937738667822354
2024-05-11 20:58:00,140295802,-20.978177282744483,-27.658560436275692,-14.297794129213273,41.39172550956575,-73.4021713303924,10099,,41.4,-73.4,0.937738667822354
2024-05-11 20:59:00,140295802,-10.108513314622387,-13.329939266991248,-6.887087362253526,41.39172550956575,-73.4021713303924,10099,,41.4,-73.4,0.937738667822354
2024-05-11 21:00:00,140295802,-12.890678834198113,-17.038573048597446,-8.74278461979878,41.39172550956575,-73.4021713303924,10099,,41.4,-73.4,0.937738667822354
2024-05-11 21:01:00,140295802,-17.573176052337303,-23.24335428407351,-11.902997820601096,41.39172550956575,-73.4021713303924,10099,-4.2,41.4,-73.4,0.937738667822354
2024-05-11 21:02:00,140295802,-18.967782954524335,-25.092876514746507,-12.842689394302162,41.39172550956575,-73.4021713303924,10099,,41.4,-73.4,0.937738667822354
2024-05-11 21:03:00,140295802,-20.072306956264907,-26.557505718771107,-13.587108193758706,41.39172550956575,-73.4021713303924,10099,,41.4,-73.4,0.937738667822354
2024-05-11 21:04:00,140295802,-15.273516059818125,-20.198367262188892,-10.348664857447357,41.39172550956575,-73.4021713303924,10099,,41.4,-73.4,0.937738667822354
2024-05-11 21:05:00,140295802,-22.737278194953326,-30.155482953551086,-15.319073436355565,41.39172550956575,-73.4021713303924,10099,,41.4,-73.4,0.937738667822354
2024-05-11 21:06:00,140295802,-26.18366475093335,-34.72459356833366,-17.64273593353304,41.39172550956575,-73.4021713303924,10099,,41.4,-73.4,0.937738667822354
2024-05-11 21:07:00,140295802,-21.21223695594864,-28.142184599092708,-14.282289312804572,41.39172550956575,-73.4021713303924,10099,,41.4,-73.4,0.937738667822354
2024-05-11 21:08:00,140295802,-13.576296900746817,-18.040038450789453,-9.11255535070418,41.39172550956575,-73.4021713303924,10099,-5.1,41.4,-73.4,0.937738667822354
2024-05-11 21:09:00,140295802,-25.582891478574364,-34.00621271663729,-17.159570240511435,41.39172550956575,-73.4021713303924,10099,-6.6,41.4,-73.4,0.937738667822354
2024-05-11 21:10:00,140295802,-19.18396594829129,-25.413785241085147,-12.954146655497436,41.39172550956575,-73.4021713303924,10099,-4.8,41.4,-73.4,0.937738667822354
2024-05-11 21:11:00,140295802,-20.747704132457724,-27.54912551339318,-13.946282751522268,41.39172550956575,-73.4021713303924,10099,-4.8,41.4,-73.4,0.937738667822354
2024-05-11 21:12:00,140295802,-30.944147893958224,-40.992178976418046,-20.896116811498402,41.39172550956575,-73.4021713303924,10099,-6.3,41.4,-73.4,0.937738667822354
2024-05-11 21:13:00,140295802,-33.63889965616671,-44.52372878139864,-22.754070530934776,41.39172550956575,-73.4021713303924,10099,-5.6,41.4,-73.4,0.937738667822354
2024-05-11 21:14:00,140295802,-35.33953885147745,-46.69421468881504,-23.98486301413986,41.39172550956575,-73.4021713303924,10099,,41.4,-73.4,0.937738667822354
2024-05-11 21:15:00,140295802,-24.260829190562543,-31.990585701172982,-16.531072679952103,41.39172550956575,-73.4021713303924,10099,,41.4,-73.4,0.937738667822354
2024-05-11 21:16:00,140295802,-21.814653972635295,-28.74816278989393,-14.881145155376661,41.39172550956575,-73.4021713303924,10099,-3.0,41.4,-73.4,0.937738667822354
2024-05-11 21:17:00,140295802,-7.928817986844476,-10.382341557936055,-5.475294415752897,41.39172550956575,-73.4021713303924,10099,-1.9,41.4,-73.4,0.937738667822354
2024-05-11 21:18:00,140295802,-8.464610463993292,-11.142924898823324,-5.78629602916326,41.39172550956575,-73.4021713303924,10099,,41.4,-73.4,0.937738667822354
2024-05-11 21:19:00,140295802,-15.067820594424294,-19.877837932336504,-10.257803256512084,41.39172550956575,-73.4021713303924,10099,,41.4,-73.4,0.937738667822354
2024-05-11 21:20:00,140295802,-9.654905958880757,-12.720878065277207,-6.588933852484308,41.39172550956575,-73.4021713303924,10099,,41.4,-73.4,0.937738667822354
2024-05-11 21:21:00,140295802,-13.161303600870577,-17.36710558860499,-8.955501613136164,41.39172550956575,-73.4021713303924,10099,,41.4,-73.4,0.937738667822354
2024-05-11 21:22:00,140295802,-5.061385404047811,-6.630237335295113,-3.492533472800509,41.39172550956575,-73.4021713303924,10099,-1.6,41.4,-73.4,0.937738667822354
2024-05-11 21:23:00,140295802,0.4474087169034731,0.22740395557105658,0.6674134782358896,41.39172550956575,-73.4021713303924,10099,-2.1,41.4,-73.4,0.937738667822354
2024-05-11 21:24:00,140295802,0.4897105394816493,0.2144295515017921,0.7649915274615064,41.39172550956575,-73.4021713303924,10099,,41.4,-73.4,0.937738667822354
2024-05-11 21:25:00,140295802,8.163178468109074,5.458678694519966,10.867678241698181,41.39172550956575,-73.4021713303924,10099,,41.4,-73.4,0.937738667822354
2024-05-11 21:26:00,140295802,3.588355989384472,2.4028403473157205,4.773871631453224,41.39172550956575,-73.4021713303924,10099,,41.4,-73.4,0.937738667822354
2024-05-11 21:27:00,140295802,5.699199124386436,3.8171085296485705,7.581289719124302,41.39172550956575,-73.4021713303924,10099,,41.4,-73.4,0.937738667822354
2024-05-11 21:28:00,140295802,8.507431582998214,5.737280828609862,11.277582337386566,41.39172550956575,-73.4021713303924,10099,,41.4,-73.4,0.937738667822354
2024-05-11 21:29:00,140295802,10.079783203010273,6.794202106007205,13.36536430001334,41.39172550956575,-73.4021713303924,10099,0.1,41.4,-73.4,0.937738667822354
2024-05-11 21:30:00,140295802,11.33604657918887,7.655322903045158,15.016770255332585,41.39172550956575,-73.4021713303924,10099,,41.4,-73.4,0.937738667822354
2024-05-11 21:31:00,140295802,8.191140384901137,5.5373349823111475,10.844945787491127,41.39172550956575,-73.4021713303924,10099,,41.4,-73.4,0.937738667822354
2024-05-11 21:32:00,140295802,17.61992331256245,11.885320429803219,23.35452619532168,41.39172550956575,-73.4021713303924,10099,,41.4,-73.4,0.937738667822354
2024-05-11 21:33:00,140295802,5.896436500071284,4.040426719275392,7.752446280867177,41.39172550956575,-73.4021713303924,10099,-0.2,41.4,-73.4,0.937738667822354
2024-05-11 21:34:00,140295802,2.844764115442907,1.9412057688606121,3.7483224620252016,41.39172550956575,-73.4021713303924,10099,,41.4,-73.4,0.937738667822354
2024-05-11 21:35:00,140295802,17.412951150932408,11.731132667440143,23.094769634424672,41.39172550956575,-73.4021713303924,10099,,41.4,-73.4,0.937738667822354
2024-05-11 21:36:00,140295802,13.008926095819115,8.812338461717813,17.20551372992042,41.39172550956575,-73.4021713303924,10099,,41.4,-73.4,0.937738667822354
2024-05-11 21:37:00,140295802,9.423453683243658,6.380824259411229,12.466083107076086,41.39172550956575,-73.4021713303924,10099,,41.4,-73.4,0.937738667822354
2024-05-11 21:38:00,140295802,10.48156430159595,7.077642891589875,13.885485711602026,41.39172550956575,-73.4021713303924,10099,,41.4,-73.4,0.937738667822354
2024-05-11 21:39:00,140295802,10.929264686460185,7.370471721295019,14.48805765162535,41.39172550956575,-73.4021713303924,10099,-0.2,41.4,-73.4,0.937738667822354
2024-05-11 21:40:00,140295802,17.49473256096804,11.772025404457501,23.217439717478577,41.39172550956575,-73.4021713303924,10099,,41.4,-73.4,0.937738667822354
2024-05-11 21:41:00,140295802,22.394748652489262,15.07386610360513,29.715631201373395,41.39172550956575,-73.4021713303924,10099,,41.4,-73.4,0.937738667822354
2024-05-11 21:42:00,140295802,10.166958911675858,6.881736845058061,13.452180978293654,41.39172550956575,-73.4021713303924,10099,1.2,41.4,-73.4,0.937738667822354
2024-05-11 21:43:00,140295802,11.652191423533255,7.808924261020643,15.495458586045867,41.39172550956575,-73.4021713303924,10099,1.6,41.4,-73.4,0.937738667822354
2024-05-11 21:44:00,140295802,18.269828150445655,12.296077402380796,24.243578898510513,41.39172550956575,-73.4021713303924,10099,,41.4,-73.4,0.937738667822354
2024-05-11 21:45:00,140295802,11.101332780113793,7.487257281559355,14.715408278668232,41.39172550956575,-73.4021713303924,10099,,41.4,-73.4,0.937738667822354
2024-05-11 21:46:00,140295802,9.43315014863074,6.352986673984891,12.513313623276588,41.39172550956575,-73.4021713303924,10099,,41.4,-73.4,0.937738667822354
2024-05-11 21:47:00,140295802,11.165109397474685,7.527331819150373,14.802886975798998,41.39172550956575,-73.4021713303924,10099,,41.4,-73.4,0.937738667822354
2024-05-11 21:48:00,140295802,11.034356878216105,7.442587774011439,14.62612598242077,41.39172550956575,-73.4021713303924,10099,,41.4,-73.4,0.937738667822354
2024-05-11 21:49:00,140295802,6.07548862845079,4.097733932356639,8.05324332454494,41.39172550956575,-73.4021713303924,10099,0.2,41.4,-73.4,0.937738667822354
2024-05-11 21:50:00,140295802,8.077287633317455,5.436237608983005,10.718337657651906,41.39172550956575,-73.4021713303924,10099,,41.4,-73.4,0.937738667822354
2024-05-11 21:51:00,140295802,6.473905152545537,4.365539238787685,8.58227106630339,41.39172550956575,-73.4021713303924,10099,,41.4,-73.4,0.937738667822354
2024-05-11 21:52:00,140295802,7.833831927830115,5.269409936823945,10.398253918836286,41.39172550956575,-73.4021713303924,10099,,41.4,-73.4,0.937738667822354
2024-05-11 21:53:00,140295802,8.30809185767831,5.596873050140925,11.019310665215695,41.39172550956575,-73.4021713303924,10099,,41.4,-73.4,0.937738667822354
2024-05-11 21:54:00,140295802,10.055800555343914,6.7842940355224535,13.327307075165375,41.39172550956575,-73.4021713303924,10099,,41.4,-73.4,0.937738667822354
2024-05-11 21:55:00,140295802,9.752877042705851,6.5941894741852565,12.911564611226446,41.39172550956575,-73.4021713303924,10099,,41.4,-73.4,0.937738667822354
2024-05-11 21:56:00,140295802,11.130519301371466,7.520587935093627,14.740450667649306,41.39172550956575,-73.4021713303924,10099,,41.4,-73.4,0.937738667822354
2024-05-11 21:57:00,140295802,6.367644686746717,4.313227780997092,8.422061592496341,41.39172550956575,-73.4021713303924,10099,,41.4,-73.4,0.937738667822354
2024-05-11 21:58:00,140295802,6.191026264862309,4.185301175327098,8.19675135439752,41.39172550956575,-73.4021713303924,10099,,41.4,-73.4,0.937738667822354
2024-05-11 21:59:00,140295802,4.910989812442234,3.3431548705139242,6.478824754370544,41.39172550956575,-73.4021713303924,10099,,41.4,-73.4,0.937738667822354
2024-05-11 22:00:00,140295802,3.419720522443155,2.332201149211939,4.5072398956743704,41.39172550956575,-73.4021713303924,10099,,41.4,-73.4,0.937738667822354
2024-05-11 22:01:00,140295802,5.72002365117085,3.871870646653597,7.568176655688103,41.39172550956575,-73.4021713303924,10099,0.6,41.4,-73.4,0.937738667822354
2024-05-11 22:02:00,140295802,6.978621657330888,4.723795439176841,9.233447875484934,41.39172550956575,-73.4021713303924,10099,,41.4,-73.4,0.937738667822354
2024-05-11 22:03:00,140295802,6.887615145597243,4.669174057091702,9.106056234102784,41.39172550956575,-73.4021713303924,10099,,41.4,-73.4,0.937738667822354
2024-05-11 22:04:00,140295802,9.444727836993703,6.379703810721102,12.509751863266304,41.39172550956575,-73.4021713303924,10099,,41.4,-73.4,0.937738667822354
2024-05-11 22:05:00,140295802,6.689179844127263,4.541549216514301,8.836810471740225,41.39172550956575,-73.4021713303924,10099,,41.4,-73.4,0.937738667822354
2024-05-11 22:06:00,140295802,0.6226387676365095,0.4274372125062037,0.8178403227668153,41.39172550956575,-73.4021713303924,10099,,41.4,-73.4,0.937738667822354
2024-05-11 22:07:00,140295802,5.869828912399168,3.9871792404280235,7.752478584370312,41.39172550956575,-73.4021713303924,10099,0.0,41.4,-73.4,0.937738667822354
2024-05-11 22:08:00,140295802,4.759765226291236,3.2759587737499904,6.243571678832482,41.39172550956575,-73.4021713303924,10099,,41.4,-73.4,0.937738667822354
2024-05-11 22:09:00,140295802,-9.680424844113208,-12.879552993047318,-6.481296695179099,41.39172550956575,-73.4021713303924,10099,,41.4,-73.4,0.937738667822354
2024-05-11 22:10:00,140295802,-7.686571211743176,-10.17467591669964,-5.198466506786712,41.39172550956575,-73.4021713303924,10099,,41.4,-73.4,0.937738667822354
2024-05-11 22:11:00,140295802,-2.628997358463163,-3.47441399861116,-1.7835807183151664,41.39172550956575,-73.4021713303924,10099,,41.4,-73.4,0.937738667822354
2024-05-11 22:12:00,140295802,6.732575881451294,4.553377310630193,8.911774452272395,41.39172550956575,-73.4021713303924,10099,,41.4,-73.4,0.937738667822354
2024-05-11 22:13:00,140295802,7.887245549593952,5.345770128663148,10.428720970524756,41.39172550956575,-73.4021713303924,10099,,41.4,-73.4,0.937738667822354
2024-05-11 22:14:00,140295802,4.940170334694081,3.34312019523938,6.537220474148781,41.39172550956575,-73.4021713303924,10099,,41.4,-73.4,0.937738667822354
2024-05-11 22:15:00,140295802,4.42899494556556,3.0042554087905473,5.853734482340574,41.39172550956575,-73.4021713303924,10099,,41.4,-73.4,0.937738667822354
2024-05-11 22:16:00,140295802,9.399270565587477,6.336527387981824,12.462013743193129,41.39172550956575,-73.4021713303924,10099,,41.4,-73.4,0.937738667822354
2024-05-11 22:17:00,140295802,15.505583635846476,10.463875274323755,20.547291997369197,41.39172550956575,-73.4021713303924,10099,,41.4,-73.4,0.937738667822354
2024-05-11 22:18:00,140295802,11.637059304050933,7.873161264865139,15.400957343236726,41.39172550956575,-73.4021713303924,10099,,41.4,-73.4,0.937738667822354
2024-05-11 22:19:00,140295802,7.572772897873307,5.126323156124872,10.019222639621741,41.39172550956575,-73.4021713303924,10099,0.8,41.4,-73.4,0.937738667822354
2024-05-11 22:20:00,140295802,9.681434969555465,6.549539167581284,12.813330771529646,41.39172550956575,-73.4021713303924,10099,,41.4,-73.4,0.937738667822354
2024-05-11 22:21:00,140295802,10.206691655001245,6.917594514266327,13.495788795736164,41.39172550956575,-73.4021713303924,10099,,41.4,-73.4,0.937738667822354
2024-05-11 22:22:00,140295802,6.221067565724366,4.226733642721719,8.215401488727013,41.39172550956575,-73.4021713303924,10099,,41.4,-73.4,0.937738667822354
2024-05-11 22:23:00,140295802,4.568940759452064,3.1077247104272243,6.030156808476905,41.39172550956575,-73.4021713303924,10099,,41.4,-73.4,0.937738667822354
2024-05-11 22:24:00,140295802,1.067258562360491,0.7303229116468084,1.4041942130741738,41.39172550956575,-73.4021713303924,10099,,41.4,-73.4,0.937738667822354
2024-05-11 22:25:00,140295802,3.1783955627515503,2.1587144783594283,4.198076647143672,41.39172550956575,-73.4021713303924,10099,,41.4,-73.4,0.937738667822354
2024-05-11 22:26:00,140295802,1.7768877818620294,1.2206415519798186,2.3331340117442405,41.39172550956575,-73.4021713303924,10099,,41.4,-73.4,0.937738667822354
2024-05-11 22:27:00,140295802,-1.7509793573453611,-2.333609611095434,-1.1683491035952884,41.39172550956575,-73.4021713303924,10099,,41.4,-73.4,0.937738667822354
2024-05-11 22:28:00,140295802,5.23691156200299,3.5304453852326634,6.943377738773316,41.39172550956575,-73.4021713303924,10099,,41.4,-73.4,0.937738667822354
2024-05-11 22:29:00,140295802,-0.17544326341867372,-0.2954713523828777,-0.055415174454469765,41.39172550956575,-73.4021713303924,10099,,41.4,-73.4,0.937738667822354
2024-05-11 22:30:00,140295802,-2.8058616092479918,-3.7513091945906973,-1.8604140239052862,41.39172550956575,-73.4021713303924,10099,,41.4,-73.4,0.937738667822354
2024-05-11 22:31:00,140295802,-4.48568249211873,-5.965755296473444,-3.005609687764017,41.39172550956575,-73.4021713303924,10099,,41.4,-73.4,0.937738667822354
2024-05-11 22:32:00,140295802,1.3946284969946496,0.9296970189489683,1.859559975040331,41.39172550956575,-73.4021713303924,10099,,41.4,-73.4,0.937738667822354
2024-05-11 22:33:00,140295802,-1.0426703079563933,-1.4228443196940153,-0.6624962962187713,41.39172550956575,-73.4021713303924,10099,,41.4,-73.4,0.937738667822354
2024-05-11 22:34:00,140295802,-5.240983529347823,-6.938942971130558,-3.543024087565089,41.39172550956575,-73.4021713303924,10099,,41.4,-73.4,0.937738667822354
2024-05-11 22:35:00,140295802,-1.1694256602821493,-1.5641315488458156,-0.774719771718483,41.39172550956575,-73.4021713303924,10099,,41.4,-73.4,0.937738667822354
2024-05-11 22:36:00,140295802,-6.967534810379334,-9.279955603170496,-4.655114017588173,41.39172550956575,-73.4021713303924,10099,,41.4,-73.4,0.937738667822354
2024-05-11 22:37:00,140295802,-5.566160886060624,-7.377860082231363,-3.754461689889885,41.39172550956575,-73.4021713303924,10099,,41.4,-73.4,0.937738667822354
2024-05-11 22:38:00,140295802,-0.3713060480199362,-0.5029140828290202,-0.23969801321085224,41.39172550956575,-73.4021713303924,10099,,41.4,-73.4,0.937738667822354
2024-05-11 22:39:00,140295802,-2.525808574038938,-3.36125848747956,-1.6903586605983163,41.39172550956575,-73.4021713303924,10099,-1.3,41.4,-73.4,0.937738667822354
2024-05-11 22:40:00,140295802,1.0711667646740313,0.7262495955492022,1.4160839337988604,41.39172550956575,-73.4021713303924,10099,,41.4,-73.4,0.937738667822354
2024-05-11 22:41:00,140295802,1.1541305364746797,0.7849302289017686,1.5233308440475908,41.39172550956575,-73.4021713303924,10099,,41.4,-73.4,0.937738667822354
2024-05-11 22:42:00,140295802,1.7502736428327728,1.1946125291230798,2.3059347565424657,41.39172550956575,-73.4021713303924,10099,,41.4,-73.4,0.937738667822354
2024-05-11 22:43:00,140295802,0.19498444401558704,0.1148548720625208,0.27511401596865326,41.39172550956575,-73.4021713303924,10099,,41.4,-73.4,0.937738667822354
2024-05-11 22:44:00,140295802,1.9293513277867682,1.3133104184504134,2.545392237123123,41.39172550956575,-73.4021713303924,10099,,41.4,-73.4,0.937738667822354
2024-05-11 22:45:00,140295802,4.566881896857929,3.075248023396031,6.0585157703198265,41.39172550956575,-73.4021713303924,10099,0.2,41.4,-73.4,0.937738667822354
2024-05-11 22:46:00,140295802,12.688806926994992,8.536435493412176,16.841178360577807,41.39172550956575,-73.4021713303924,10099,,41.4,-73.4,0.937738667822354
2024-05-11 22:47:00,140295802,6.380100042897657,4.317692345703296,8.442507740092017,41.39172550956575,-73.4021713303924,10099,,41.4,-73.4,0.937738667822354
2024-05-11 22:48:00,140295802,7.403401903938829,4.9749989117214835,9.831804896156175,41.39172550956575,-73.4021713303924,10099,,41.4,-73.4,0.937738667822354
2024-05-11 22:49:00,140295802,9.430676216170902,6.375761157330894,12.48559127501091,41.39172550956575,-73.4021713303924,10099,,41.4,-73.4,0.937738667822354
2024-05-11 22:50:00,140295802,1.3801653764600443,0.9460260402139515,1.8143047127061371,41.39172550956575,-73.4021713303924,10099,,41.4,-73.4,0.937738667822354
2024-05-11 22:51:00,140295802,4.349433272404778,2.9561813848795353,5.742685159930021,41.39172550956575,-73.4021713303924,10099,,41.4,-73.4,0.937738667822354
2024-05-11 22:52:00,140295802,1.387269531724447,0.9482114930888297,1.8263275703600643,41.39172550956575,-73.4021713303924,10099,0.8,41.4,-73.4,0.937738667822354
2024-05-11 22:53:00,140295802,3.728185420795192,2.511217626976398,4.945153214613986,41.39172550956575,-73.4021713303924,10099,1.3,41.4,-73.4,0.937738667822354
2024-05-11 22:54:00,140295802,5.063250022872648,3.41324473535586,6.713255310389435,41.39172550956575,-73.4021713303924,10099,,41.4,-73.4,0.937738667822354
2024-05-11 22:55:00,140295802,8.771118201408768,5.916728335280361,11.625508067537176,41.39172550956575,-73.4021713303924,10099,,41.4,-73.4,0.937738667822354
2024-05-11 22:56:00,140295802,5.598539585905864,3.7977519549343772,7.399327216877351,41.39172550956575,-73.4021713303924,10099,,41.4,-73.4,0.937738667822354
2024-05-11 22:57:00,140295802,4.333700261617961,2.939547551821865,5.727852971414058,41.39172550956575,-73.4021713303924,10099,,41.4,-73.4,0.937738667822354
2024-05-11 22:58:00,140295802,5.148059294785473,3.4827732233973947,6.813345366173552,41.39172550956575,-73.4021713303924,10099,,41.4,-73.4,0.937738667822354
2024-05-11 22:59:00,140295802,8.123509186551086,5.471997860963764,10.775020512138408,41.39172550956575,-73.4021713303924,10099,,41.4,-73.4,0.937738667822354
2024-05-11 23:00:00,140295802,9.748219484673406,6.580775767770186,12.915663201576626,41.39172550956575,-73.4021713303924,10099,,41.4,-73.4,0.937738667822354
2024-05-11 23:01:00,140295802,7.930831638493932,5.352818362756999,10.508844914230865,41.39172550956575,-73.4021713303924,10099,,41.4,-73.4,0.937738667822354
2024-05-11 23:02:00,140295802,8.581167922581646,5.791817091227996,11.370518753935295,41.39172550956575,-73.4021713303924,10099,,41.4,-73.4,0.937738667822354
2024-05-11 23:03:00,140295802,6.1637593370332455,4.159560770509036,8.167957903557454,41.39172550956575,-73.4021713303924,10099,,41.4,-73.4,0.937738667822354
2024-05-11 23:04:00,140295802,7.577436330324426,5.122473837494383,10.03239882315447,41.39172550956575,-73.4021713303924,10099,,41.4,-73.4,0.937738667822354
2024-05-11 23:05:00,140295802,7.898794758588748,5.354684152764672,10.442905364412823,41.39172550956575,-73.4021713303924,10099,,41.4,-73.4,0.937738667822354
2024-05-11 23:06:00,140295802,4.57977175757401,3.114560500218941,6.044983014929079,41.39172550956575,-73.4021713303924,10099,,41.4,-73.4,0.937738667822354
2024-05-11 23:07:00,140295802,5.393252445044076,3.6630733347705062,7.123431555317645,41.39172550956575,-73.4021713303924,10099,,41.4,-73.4,0.937738667822354
2024-05-11 23:08:00,140295802,3.839368199047289,2.6114583733800116,5.067278024714566,41.39172550956575,-73.4021713303924,10099,1.6,41.4,-73.4,0.937738667822354
2024-05-11 23:09:00,140295802,4.338675873918939,2.948612968711145,5.728738779126734,41.39172550956575,-73.4021713303924,10099,,41.4,-73.4,0.937738667822354
2024-05-11 23:10:00,140295802,3.1583842750181232,2.1572767915957254,4.159491758440521,41.39172550956575,-73.4021713303924,10099,,41.4,-73.4,0.937738667822354
2024-05-11 23:11:00,140295802,2.1074605089679994,1.4439203880007023,2.7710006299352967,41.39172550956575,-73.4021713303924,10099,,41.4,-73.4,0.937738667822354
2024-05-11 23:12:00,140295802,0.46652277924101754,0.311641546711767,0.621404011770268,41.39172550956575,-73.4021713303924,10099,,41.4,-73.4,0.937738667822354
2024-05-11 23:13:00,140295802,0.3822623234438269,0.260551022678818,0.5039736242088357,41.39172550956575,-73.4021713303924,10099,0.6,41.4,-73.4,0.937738667822354
2024-05-11 23:14:00,140295802,-0.5537726760172007,-0.7790714159921608,-0.3284739360422406,41.39172550956575,-73.4021713303924,10099,,41.4,-73.4,0.937738667822354
2024-05-11 23:15:00,140295802,-1.908292888399951,-2.547544950637401,-1.269040826162501,41.39172550956575,-73.4021713303924,10099,,41.4,-73.4,0.937738667822354
2024-05-11 23:16:00,140295802,0.7305799644617808,0.5018935649830553,0.9592663639405062,41.39172550956575,-73.4021713303924,10099,,41.4,-73.4,0.937738667822354
2024-05-11 23:17:00,140295802,-0.33802927203271027,-0.46967409918804925,-0.20638444487737131,41.39172550956575,-73.4021713303924,10099,,41.4,-73.4,0.937738667822354
2024-05-11 23:18:00,140295802,-2.367742865306692,-3.153163059282612,-1.5823226713307719,41.39172550956575,-73.4021713303924,10099,,41.4,-73.4,0.937738667822354
2024-05-11 23:19:00,140295802,-5.496283103350111,-7.301559147545637,-3.6910070591545843,41.39172550956575,-73.4021713303924,10099,,41.4,-73.4,0.937738667822354
2024-05-11 23:20:00,140295802,-8.71423233660839,-11.567459142781303,-5.861005530435477,41.39172550956575,-73.4021713303924,10099,,41.4,-73.4,0.937738667822354
2024-05-11 23:21:00,140295802,-5.263973213377453,-6.984234187727538,-3.543712239027367,41.39172550956575,-73.4021713303924,10099,,41.4,-73.4,0.937738667822354
2024-05-11 23:22:00,140295802,-4.068899958504172,-5.411745815921446,-2.726054101086898,41.39172550956575,-73.4021713303924,10099,,41.4,-73.4,0.937738667822354
2024-05-11 23:23:00,140295802,-2.0039098555581614,-2.674003818948603,-1.3338158921677197,41.39172550956575,-73.4021713303924,10099,,41.4,-73.4,0.937738667822354
2024-05-11 23:24:00,140295802,-1.2995484932174062,-1.7577126126441538,-0.8413843737906586,41.39172550956575,-73.4021713303924,10099,,41.4,-73.4,0.937738667822354
2024-05-11 23:25:00,140295802,-5.081348256359722,-6.761002825558015,-3.401693687161429,41.39172550956575,-73.4021713303924,10099,,41.4,-73.4,0.937738667822354
2024-05-11 23:26:00,140295802,-8.30045841570785,-11.027065960910994,-5.573850870504705,41.39172550956575,-73.4021713303924,10099,,41.4,-73.4,0.937738667822354
2024-05-11 23:27:00,140295802,-9.848860376162039,-13.073208450181532,-6.624512302142545,41.39172550956575,-73.4021713303924,10099,,41.4,-73.4,0.937738667822354
2024-05-11 23:28:00,140295802,-4.411785076584732,-5.868361354104808,-2.955208799064657,41.39172550956575,-73.4021713303924,10099,,41.4,-73.4,0.937738667822354
2024-05-11 23:29:00,140295802,-7.425945605251723,-9.892717104718772,-4.959174105784674,41.39172550956575,-73.4021713303924,10099,,41.4,-73.4,0.937738667822354
2024-05-11 23:30:00,140295802,-14.329877976486856,-19.015525616952704,-9.644230336021007,41.39172550956575,-73.4021713303924,10099,,41.4,-73.4,0.937738667822354
2024-05-11 23:31:00,140295802,-12.869052454343715,-17.04730152074667,-8.690803387940758,41.39172550956575,-73.4021713303924,10099,,41.4,-73.4,0.937738667822354
2024-05-11 23:32:00,140295802,-10.26682000112414,-13.588609242876563,-6.945030759371717,41.39172550956575,-73.4021713303924,10099,,41.4,-73.4,0.937738667822354
2024-05-11 23:33:00,140295802,-7.620530328953774,-10.085485846552281,-5.155574811355266,41.39172550956575,-73.4021713303924,10099,-1.0,41.4,-73.4,0.937738667822354
2024-05-11 23:34:00,140295802,-3.359677439345453,-4.45000577649109,-2.269349102199816,41.39172550956575,-73.4021713303924,10099,,41.4,-73.4,0.937738667822354
2024-05-11 23:35:00,140295802,0.5481163543231207,0.367179222075617,0.7290534865706244,41.39172550956575,-73.4021713303924,10099,,41.4,-73.4,0.937738667822354
2024-05-11 23:36:00,140295802,0.6803670519948902,0.4700317839598979,0.8907023200298825,41.39172550956575,-73.4021713303924,10099,,41.4,-73.4,0.937738667822354
2024-05-11 23:37:00,140295802,-1.6087522934702105,-2.16915889744522,-1.0483456894952012,41.39172550956575,-73.4021713303924,10099,,41.4,-73.4,0.937738667822354
2024-05-11 23:38:00,140295802,-5.53103530466706,-7.364143187513144,-3.6979274218209754,41.39172550956575,-73.4021713303924,10099,,41.4,-73.4,0.937738667822354
2024-05-11 23:39:00,140295802,-3.886922665705956,-5.169724931700305,-2.6041203997116074,41.39172550956575,-73.4021713303924,10099,,41.4,-73.4,0.937738667822354
2024-05-11 23:40:00,140295802,-2.0380095389851354,-2.7282632316099966,-1.3477558463602741,41.39172550956575,-73.4021713303924,10099,,41.4,-73.4,0.937738667822354
2024-05-11 23:41:00,140295802,-5.429698656226758,-7.2304302519386585,-3.6289670605148583,41.39172550956575,-73.4021713303924,10099,-0.3,41.4,-73.4,0.937738667822354
2024-05-11 23:42:00,140295802,-5.136336735914226,-6.843384794626919,-3.429288677201532,41.39172550956575,-73.4021713303924,10099,,41.4,-73.4,0.937738667822354
2024-05-11 23:43:00,140295802,-1.6466163647055327,-2.2337477920415756,-1.05948493736949,41.39172550956575,-73.4021713303924,10099,,41.4,-73.4,0.937738667822354
2024-05-11 23:44:00,140295802,-10.479320443961257,-13.94012305726293,-7.018517830659583,41.39172550956575,-73.4021713303924,10099,,41.4,-73.4,0.937738667822354
2024-05-11 23:45:00,140295802,-11.100378325708528,-14.728150728092297,-7.472605923324759,41.39172550956575,-73.4021713303924,10099,,41.4,-73.4,0.937738667822354
2024-05-11 23:46:00,140295802,-14.290803520303024,-18.950536200037668,-9.631070840568382,41.39172550956575,-73.4021713303924,10099,,41.4,-73.4,0.937738667822354
2024-05-11 23:47:00,140295802,-5.955381603617417,-7.877581726768696,-4.033181480466139,41.39172550956575,-73.4021713303924,10099,,41.4,-73.4,0.937738667822354
2024-05-11 23:48:00,140295802,-3.478450478318341,-4.629906562652083,-2.3269943939845983,41.39172550956575,-73.4021713303924,10099,,41.4,-73.4,0.937738667822354
2024-05-11 23:49:00,140295802,-3.2228235211736873,-4.282479329286844,-2.1631677130605302,41.39172550956575,-73.4021713303924,10099,,41.4,-73.4,0.937738667822354
2024-05-11 23:50:00,140295802,-8.174783597912704,-10.859816328786483,-5.489750867038925,41.39172550956575,-73.4021713303924,10099,,41.4,-73.4,0.937738667822354
2024-05-11 23:51:00,140295802,-3.4641261729680206,-4.595646802844914,-2.3326055430911277,41.39172550956575,-73.4021713303924,10099,,41.4,-73.4,0.937738667822354
2024-05-11 23:52:00,140295802,-11.40642888384654,-15.145235794569372,-7.66762197312371,41.39172550956575,-73.4021713303924,10099,,41.4,-73.4,0.937738667822354
2024-05-11 23:53:00,140295802,-7.499307795574791,-9.90083417050917,-5.097781420640413,41.39172550956575,-73.4021713303924,10099,,41.4,-73.4,0.937738667822354
2024-05-11 23:54:00,140295802,-4.030295128660991,-5.338687041197465,-2.721903216124517,41.39172550956575,-73.4021713303924,10099,,41.4,-73.4,0.937738667822354
2024-05-11 23:55:00,140295802,-0.7630100563205872,-1.0016672897565622,-0.5243528228846123,41.39172550956575,-73.4021713303924,10099,,41.4,-73.4,0.937738667822354
2024-05-11 23:56:00,140295802,-8.896520833921313,-11.801035275293176,-5.992006392549451,41.39172550956575,-73.4021713303924,10099,,41.4,-73.4,0.937738667822354
2024-05-11 23:57:00,140295802,-1.9154488925348248,-2.5044953577059106,-1.3264024273637391,41.39172550956575,-73.4021713303924,10099,,41.4,-73.4,0.937738667822354
2024-05-11 23:58:00,140295802,-15.492299456345407,-20.574003475384966,-10.410595437305847,41.39172550956575,-73.4021713303924,10099,,41.4,-73.4,0.937738667822354
2024-05-11 23:59:00,140295802,9.156927148501078,5.948713873650315,12.36514042335184,41.39172550956575,-73.4021713303924,10099,,41.4,-73.4,0.937738667822354
2024-05-12 00:00:00,140295802,89.05471755388686,59.929508736967165,118.17992637080656,41.39172550956575,-73.4021713303924,10099,,41.4,-73.4,0.937738667822354
2024-05-12 00:01:00,140295802,39.73706228571727,26.926038584639535,52.54808598679501,41.39172550956575,-73.4021713303924,10099,,41.4,-73.4,0.937738667822354
2024-05-12 00:02:00,140295802,40.736402447062325,27.485328673064334,53.98747622106032,41.39172550956575,-73.4021713303924,10099,,41.4,-73.4,0.937738667822354
2024-05-12 00:03:00,140295802,28.773864695900365,19.497084655805224,38.050644735995505,41.39172550956575,-73.4021713303924,10099,-0.1,41.4,-73.4,0.937738667822354
2024-05-12 00:04:00,140295802,30.812847579630994,20.824189477068366,40.80150568219362,41.39172550956575,-73.4021713303924,10099,,41.4,-73.4,0.937738667822354
2024-05-12 00:05:00,140295802,23.71664710570696,16.08170658066907,31.351587630744852,41.39172550956575,-73.4021713303924,10099,,41.4,-73.4,0.937738667822354
2024-05-12 00:06:00,140295802,24.200907980887813,16.37584564573597,32.025970316039654,41.39172550956575,-73.4021713303924,10099,-0.1,41.4,-73.4,0.937738667822354
2024-05-12 00:07:00,140295802,18.9500851726771,12.850509950367446,25.049660394986752,41.39172550956575,-73.4021713303924,10099,,41.4,-73.4,0.937738667822354
2024-05-12 00:08:00,140295802,21.929694400395366,14.841932249055876,29.017456551734856,41.39172550956575,-73.4021713303924,10099,,41.4,-73.4,0.937738667822354
2024-05-12 00:09:00,140295802,17.56510507492792,11.921429130201343,23.2087810196545,41.39172550956575,-73.4021713303924,10099,-0.7,41.4,-73.4,0.937738667822354
2024-05-12 00:10:00,140295802,13.51364693127778,9.159431326352724,17.867862536202836,41.39172550956575,-73.4021713303924,10099,,41.4,-73.4,0.937738667822354
2024-05-12 00:11:00,140295802,13.655381636512011,9.263160547329377,18.047602725694645,41.39172550956575,-73.4021713303924,10099,,41.4,-73.4,0.937738667822354
2024-05-12 00:12:00,140295802,16.461282309434168,11.158631668645498,21.763932950222838,41.39172550956575,-73.4021713303924,10099,,41.4,-73.4,0.937738667822354
2024-05-12 00:13:00,140295802,6.712809955864622,4.582754415569102,8.842865496160142,41.39172550956575,-73.4021713303924,10099,,41.4,-73.4,0.937738667822354
2024-05-12 00:14:00,140295802,10.39840933553557,7.029152351322713,13.767666319748427,41.39172550956575,-73.4021713303924,10099,-0.8,41.4,-73.4,0.937738667822354
2024-05-12 00:15:00,140295802,10.107970380544065,6.851770389006079,13.364170372082052,41.39172550956575,-73.4021713303924,10099,,41.4,-73.4,0.937738667822354
2024-05-12 00:16:00,140295802,11.574042900761865,7.8464999447308905,15.30158585679284,41.39172550956575,-73.4021713303924,10099,,41.4,-73.4,0.937738667822354
2024-05-12 00:17:00,140295802,-1.6439953840017916,-2.240328773155089,-1.047661994848494,41.39172550956575,-73.4021713303924,10099,,41.4,-73.4,0.937738667822354
2024-05-12 00:18:00,140295802,4.410325361224344,2.9753123218910047,5.845338400557683,41.39172550956575,-73.4021713303924,10099,,41.4,-73.4,0.937738667822354
2024-05-12 00:19:00,140295802,6.338562722492935,4.311663299328167,8.365462145657704,41.39172550956575,-73.4021713303924,10099,,41.4,-73.4,0.937738667822354
2024-05-12 00:20:00,140295802,6.195009369300422,4.202053811640599,8.187964926960245,41.39172550956575,-73.4021713303924,10099,,41.4,-73.4,0.937738667822354
2024-05-12 00:21:00,140295802,3.231590703465885,2.2075166700099844,4.255664736921785,41.39172550956575,-73.4021713303924,10099,,41.4,-73.4,0.937738667822354
2024-05-12 00:22:00,140295802,2.9578638098443064,1.9960525175753858,3.919675102113227,41.39172550956575,-73.4021713303924,10099,,41.4,-73.4,0.937738667822354
2024-05-12 00:23:00,140295802,3.4599508229353675,2.343693303831584,4.576208342039151,41.39172550956575,-73.4021713303924,10099,,41.4,-73.4,0.937738667822354
2024-05-12 00:24:00,140295802,4.8659176827970905,3.292666808711314,6.439168556882867,41.39172550956575,-73.4021713303924,10099,,41.4,-73.4,0.937738667822354
2024-05-12 00:25:00,140295802,2.364234965247917,1.617367790095655,3.111102140400179,41.39172550956575,-73.4021713303924,10099,,41.4,-73.4,0.937738667822354
2024-05-12 00:26:00,140295802,0.9951343505753013,0.6802137458775505,1.3100549552730523,41.39172550956575,-73.4021713303924,10099,,41.4,-73.4,0.937738667822354
2024-05-12 00:27:00,140295802,-0.7971620578365517,-1.0736926455110305,-0.5206314701620729,41.39172550956575,-73.4021713303924,10099,,41.4,-73.4,0.937738667822354
2024-05-12 00:28:00,140295802,1.417662036187368,0.9567715516031601,1.8785525207715759,41.39172550956575,-73.4021713303924,10099,-0.8,41.4,-73.4,0.937738667822354
2024-05-12 00:29:00,140295802,0.852145152171154,0.5865320324308985,1.1177582719114096,41.39172550956575,-73.4021713303924,10099,-0.8,41.4,-73.4,0.937738667822354
2024-05-12 00:30:00,140295802,0.5721696058199519,0.3879053845016217,0.7564338271382821,41.39172550956575,-73.4021713303924,10099,,41.4,-73.4,0.937738667822354
2024-05-12 00:31:00,140295802,-0.7684030599126541,-1.0416174110728729,-0.4951887087524354,41.39172550956575,-73.4021713303924,10099,,41.4,-73.4,0.937738667822354
2024-05-12 00:32:00,140295802,0.424673351391515,0.2895524315291559,0.5597942712538742,41.39172550956575,-73.4021713303924,10099,,41.4,-73.4,0.937738667822354
2024-05-12 00:33:00,140295802,-3.7101497390216456,-4.930406292028877,-2.489893186014414,41.39172550956575,-73.4021713303924,10099,,41.4,-73.4,0.937738667822354
2024-05-12 00:34:00,140295802,-3.0065612966255437,-3.97298523547538,-2.0401373577757074,41.39172550956575,-73.4021713303924,10099,,41.4,-73.4,0.937738667822354
2024-05-12 00:35:00,140295802,0.23870324623539932,0.16382592231963716,0.3135805701511615,41.39172550956575,-73.4021713303924,10099,-0.4,41.4,-73.4,0.937738667822354
2024-05-12 00:36:00,140295802,-0.08919470234252372,-0.15854688285653193,-0.019842521828515508,41.39172550956575,-73.4021713303924,10099,-0.6,41.4,-73.4,0.937738667822354
2024-05-12 00:37:00,140295802,-8.192417401120178,-10.872056239099056,-5.5127785631413,41.39172550956575,-73.4021713303924,10099,,41.4,-73.4,0.937738667822354
2024-05-12 00:38:00,140295802,-7.364375075600798,-9.736479446591387,-4.99227070461021,41.39172550956575,-73.4021713303924,10099,,41.4,-73.4,0.937738667822354
2024-05-12 00:39:00,140295802,-1.2327047357881875,-1.626024278124464,-0.839385193451911,41.39172550956575,-73.4021713303924,10099,,41.4,-73.4,0.937738667822354
2024-05-12 00:40:00,140295802,-0.19033868299484402,-0.24960685138745087,-0.13107051460223718,41.39172550956575,-73.4021713303924,10099,,41.4,-73.4,0.937738667822354
2024-05-12 00:41:00,140295802,-1.334450124163078,-1.7653831108021476,-0.9035171375240083,41.39172550956575,-73.4021713303924,10099,-0.7,41.4,-73.4,0.937738667822354
2024-05-12 00:42:00,140295802,-0.6375287730517543,-0.8357451627830701,-0.4393123833204384,41.39172550956575,-73.4021713303924,10099,,41.4,-73.4,0.937738667822354
2024-05-12 00:43:00,140295802,-1.9636384637134714,-2.5949908263007635,-1.3322861011261793,41.39172550956575,-73.4021713303924,10099,,41.4,-73.4,0.937738667822354
2024-05-12 00:44:00,140295802,-5.6357428286607405,-7.4616258942629585,-3.809859763058522,41.39172550956575,-73.4021713303924,10099,,41.4,-73.4,0.937738667822354
2024-05-12 00:45:00,140295802,-5.124523535109403,-6.779410508286902,-3.469636561931904,41.39172550956575,-73.4021713303924,10099,,41.4,-73.4,0.937738667822354
2024-05-12 00:46:00,140295802,-0.22151221860116138,-0.29370073667877,-0.14932370052355276,41.39172550956575,-73.4021713303924,10099,,41.4,-73.4,0.937738667822354
2024-05-12 00:47:00,140295802,-0.3090130385375561,-0.41123799229595637,-0.20678808477915575,41.39172550956575,-73.4021713303924,10099,,41.4,-73.4,0.937738667822354
2024-05-12 00:48:00,140295802,0.3705779510762608,0.24422121777958095,0.49693468437294064,41.39172550956575,-73.4021713303924,10099,,41.4,-73.4,0.937738667822354
2024-05-12 00:49:00,140295802,-2.2499898295653495,-2.9835765150670834,-1.5164031440636156,41.39172550956575,-73.4021713303924,10099,,41.4,-73.4,0.937738667822354
2024-05-12 00:50:00,140295802,-2.1471758253293527,-2.8446528373936832,-1.449698813265022,41.39172550956575,-73.4021713303924,10099,,41.4,-73.4,0.937738667822354
2024-05-12 00:51:00,140295802,-5.250871464722138,-6.970251748895956,-3.5314911805483202,41.39172550956575,-73.4021713303924,10099,,41.4,-73.4,0.937738667822354
2024-05-12 00:52:00,140295802,-3.633847326712501,-4.818788772457484,-2.4489058809675175,41.39172550956575,-73.4021713303924,10099,,41.4,-73.4,0.937738667822354
2024-05-12 00:53:00,140295802,-2.523963626838268,-3.353317908623081,-1.6946093450534554,41.39172550956575,-73.4021713303924,10099,,41.4,-73.4,0.937738667822354
2024-05-12 00:54:00,140295802,-2.3823425951308774,-3.1558651174856864,-1.6088200727760684,41.39172550956575,-73.4021713303924,10099,,41.4,-73.4,0.937738667822354
2024-05-12 00:55:00,140295802,-6.36694394078171,-8.426041173925594,-4.307846707637827,41.39172550956575,-73.4021713303924,10099,,41.4,-73.4,0.937738667822354
2024-05-12 00:56:00,140295802,-6.513432624644803,-8.60653320627556,-4.420332043014045,41.39172550956575,-73.4021713303924,10099,,41.4,-73.4,0.937738667822354
2024-05-12 00:57:00,140295802,-7.8101599658641,-10.333139285530926,-5.287180646197274,41.39172550956575,-73.4021713303924,10099,-1.0,41.4,-73.4,0.937738667822354
2024-05-12 00:58:00,140295802,-7.87873521514405,-10.41927839536346,-5.33819203492464,41.39172550956575,-73.4021713303924,10099,-0.9,41.4,-73.4,0.937738667822354
2024-05-12 00:59:00,140295802,-11.762385410473758,-15.582439439095836,-7.942331381851681,41.39172550956575,-73.4021713303924,10099,,41.4,-73.4,0.937738667822354
2024-05-12 01:00:00,140295802,-10.525647124849764,-13.931444960214831,-7.119849289484696,41.39172550956575,-73.4021713303924,10099,,41.4,-73.4,0.937738667822354
2024-05-12 01:01:00,140295802,-4.893499719319785,-6.462989759927218,-3.3240096787123528,41.39172550956575,-73.4021713303924,10099,,41.4,-73.4,0.937738667822354
2024-05-12 01:02:00,140295802,-6.936095338118704,-9.18420894147779,-4.687981734759617,41.39172550956575,-73.4021713303924,10099,,41.4,-73.4,0.937738667822354
2024-05-12 01:03:00,140295802,-7.60458026762893,-10.074207317348497,-5.134953217909363,41.39172550956575,-73.4021713303924,10099,,41.4,-73.4,0.937738667822354
2024-05-12 01:04:00,140295802,-3.542678840477066,-4.6937896728471955,-2.391568008106937,41.39172550956575,-73.4021713303924,10099,,41.4,-73.4,0.937738667822354
2024-05-12 01:05:00,140295802,-4.839559386248577,-6.416818679097177,-3.2623000933999764,41.39172550956575,-73.4021713303924,10099,,41.4,-73.4,0.937738667822354
2024-05-12 01:06:00,140295802,-4.882942839971461,-6.462891991324236,-3.302993688618686,41.39172550956575,-73.4021713303924,10099,,41.4,-73.4,0.937738667822354
2024-05-12 01:07:00,140295802,-9.34577959312831,-12.388059446655177,-6.303499739601442,41.39172550956575,-73.4021713303924,10099,-1.3,41.4,-73.4,0.937738667822354
2024-05-12 01:08:00,140295802,-8.550835997837229,-11.312207499236628,-5.789464496437831,41.39172550956575,-73.4021713303924,10099,,41.4,-73.4,0.937738667822354
2024-05-12 01:09:00,140295802,-9.017411589024958,-11.94893140747139,-6.085891770578526,41.39172550956575,-73.4021713303924,10099,,41.4,-73.4,0.937738667822354
2024-05-12 01:10:00,140295802,-3.6628896694135546,-4.84192577411377,-2.4838535647133386,41.39172550956575,-73.4021713303924,10099,,41.4,-73.4,0.937738667822354
2024-05-12 01:11:00,140295802,-5.389312062645915,-7.1446682788061695,-3.6339558464856596,41.39172550956575,-73.4021713303924,10099,-0.8,41.4,-73.4,0.937738667822354
2024-05-12 01:12:00,140295802,-10.220985112931196,-13.533360241671707,-6.908609984190685,41.39172550956575,-73.4021713303924,10099,,41.4,-73.4,0.937738667822354
2024-05-12 01:13:00,140295802,-9.850517833143249,-13.04961930130478,-6.651416364981717,41.39172550956575,-73.4021713303924,10099,,41.4,-73.4,0.937738667822354
2024-05-12 01:14:00,140295802,-9.378668302282653,-12.402462619976967,-6.354873984588339,41.39172550956575,-73.4021713303924,10099,,41.4,-73.4,0.937738667822354
2024-05-12 01:15:00,140295802,-9.996695980392303,-13.226069103580908,-6.767322857203699,41.39172550956575,-73.4021713303924,10099,,41.4,-73.4,0.937738667822354
2024-05-12 01:16:00,140295802,-12.307796280485645,-16.27832003929805,-8.337272521673242,41.39172550956575,-73.4021713303924,10099,,41.4,-73.4,0.937738667822354
2024-05-12 01:17:00,140295802,-11.171980545036774,-14.781962379893468,-7.561998710180081,41.39172550956575,-73.4021713303924,10099,-1.0,41.4,-73.4,0.937738667822354
2024-05-12 01:18:00,140295802,-11.672874672371044,-15.441150206424798,-7.904599138317291,41.39172550956575,-73.4021713303924,10099,,41.4,-73.4,0.937738667822354
2024-05-12 01:19:00,140295802,-8.775509016256882,-11.604794565366559,-5.946223467147204,41.39172550956575,-73.4021713303924,10099,-0.9,41.4,-73.4,0.937738667822354
2024-05-12 01:20:00,140295802,-5.539747410698941,-7.313588319316054,-3.765906502081828,41.39172550956575,-73.4021713303924,10099,,41.4,-73.4,0.937738667822354
2024-05-12 01:21:00,140295802,-4.832216881420977,-6.386530655326862,-3.277903107515092,41.39172550956575,-73.4021713303924,10099,,41.4,-73.4,0.937738667822354
2024-05-12 01:22:00,140295802,-4.7878308883286955,-6.320248251010931,-3.255413525646461,41.39172550956575,-73.4021713303924,10099,,41.4,-73.4,0.937738667822354
2024-05-12 01:23:00,140295802,-6.383702232724144,-8.437952949469977,-4.329451515978311,41.39172550956575,-73.4021713303924,10099,0.1,41.4,-73.4,0.937738667822354
2024-05-12 01:24:00,140295802,-5.880194491909859,-7.763416574344024,-3.9969724094756938,41.39172550956575,-73.4021713303924,10099,,41.4,-73.4,0.937738667822354
2024-05-12 01:25:00,140295802,-2.100769670460756,-2.7656580767481067,-1.4358812641734053,41.39172550956575,-73.4021713303924,10099,,41.4,-73.4,0.937738667822354
2024-05-12 01:26:00,140295802,-3.950963696441555,-5.209003810183536,-2.6929235826995734,41.39172550956575,-73.4021713303924,10099,,41.4,-73.4,0.937738667822354
2024-05-12 01:27:00,140295802,-2.936383142357781,-3.8678532626776896,-2.004913022037872,41.39172550956575,-73.4021713303924,10099,,41.4,-73.4,0.937738667822354
2024-05-12 01:28:00,140295802,-4.797876074499355,-6.355445096308232,-3.240307052690477,41.39172550956575,-73.4021713303924,10099,,41.4,-73.4,0.937738667822354
2024-05-12 01:29:00,140295802,-7.0007851679522295,-9.281635242447695,-4.719935093456763,41.39172550956575,-73.4021713303924,10099,,41.4,-73.4,0.937738667822354
2024-05-12 01:30:00,140295802,-5.564144258660481,-7.3741594570169795,-3.754129060303983,41.39172550956575,-73.4021713303924,10099,-1.2,41.4,-73.4,0.937738667822354
2024-05-12 01:31:00,140295802,1.0705853282359608,0.7269307817086533,1.4142398747632683,41.39172550956575,-73.4021713303924,10099,,41.4,-73.4,0.937738667822354
2024-05-12 01:32:00,140295802,1.5687512797221803,1.0579763016794008,2.07952625776496,41.39172550956575,-73.4021713303924,10099,,41.4,-73.4,0.937738667822354
2024-05-12 01:33:00,140295802,-4.549162372760008,-6.020379496307783,-3.0779452492122332,41.39172550956575,-73.4021713303924,10099,,41.4,-73.4,0.937738667822354
2024-05-12 01:34:00,140295802,-2.7375823745602057,-3.610107431427397,-1.865057317693014,41.39172550956575,-73.4021713303924,10099,,41.4,-73.4,0.937738667822354
2024-05-12 01:35:00,140295802,-3.9920275743145095,-5.281404305021663,-2.7026508436073557,41.39172550956575,-73.4021713303924,10099,,41.4,-73.4,0.937738667822354
2024-05-12 01:36:00,140295802,-9.309459062447225,-12.316811756098733,-6.302106368795716,41.39172550956575,-73.4021713303924,10099,,41.4,-73.4,0.937738667822354
2024-05-12 01:37:00,140295802,-10.85970255844575,-14.36514680572081,-7.354258311170691,41.39172550956575,-73.4021713303924,10099,,41.4,-73.4,0.937738667822354
2024-05-12 01:38:00,140295802,-12.095412692330536,-15.995918482674979,-8.194906901986093,41.39172550956575,-73.4021713303924,10099,-1.8,41.4,-73.4,0.937738667822354
2024-05-12 01:39:00,140295802,-18.86422312349305,-24.945122209867048,-12.783324037119055,41.39172550956575,-73.4021713303924,10099,,41.4,-73.4,0.937738667822354
2024-05-12 01:40:00,140295802,-19.729404715965863,-26.067337852727483,-13.391471579204243,41.39172550956575,-73.4021713303924,10099,,41.4,-73.4,0.937738667822354
2024-05-12 01:41:00,140295802,-19.835184923090733,-26.214106200042227,-13.456263646139238,41.39172550956575,-73.4021713303924,10099,,41.4,-73.4,0.937738667822354
2024-05-12 01:42:00,140295802,-20.24589338936005,-26.745571981901428,-13.746214796818668,41.39172550956575,-73.4021713303924,10099,,41.4,-73.4,0.937738667822354
2024-05-12 01:43:00,140295802,-20.437479248022974,-26.99513015554386,-13.87982834050209,41.39172550956575,-73.4021713303924,10099,,41.4,-73.4,0.937738667822354
2024-05-12 01:44:00,140295802,-14.103255176902714,-18.599210366506153,-9.607299987299275,41.39172550956575,-73.4021713303924,10099,,41.4,-73.4,0.937738667822354
2024-05-12 01:45:00,140295802,-13.784835210121365,-18.188814646977093,-9.380855773265637,41.39172550956575,-73.4021713303924,10099,,41.4,-73.4,0.937738667822354
2024-05-12 01:46:00,140295802,-12.580617384205485,-16.60211959820235,-8.559115170208619,41.39172550956575,-73.4021713303924,10099,,41.4,-73.4,0.937738667822354
2024-05-12 01:47:00,140295802,-14.90215926242054,-19.703608892974543,-10.100709631866538,41.39172550956575,-73.4021713303924,10099,,41.4,-73.4,0.937738667822354
2024-05-12 01:48:00,140295802,-14.77709722459167,-19.517064401147483,-10.037130048035856,41.39172550956575,-73.4021713303924,10099,,41.4,-73.4,0.937738667822354
2024-05-12 01:49:00,140295802,-12.581457922034396,-16.609999565885744,-8.552916278183048,41.39172550956575,-73.4021713303924,10099,,41.4,-73.4,0.937738667822354
2024-05-12 01:50:00,140295802,-11.929126777744532,-15.768233251950239,-8.090020303538825,41.39172550956575,-73.4021713303924,10099,,41.4,-73.4,0.937738667822354
2024-05-12 01:51:00,140295802,-12.370591991826108,-16.34627140161049,-8.394912582041727,41.39172550956575,-73.4021713303924,10099,,41.4,-73.4,0.937738667822354
2024-05-12 01:52:00,140295802,-9.665928734573804,-12.768421027456816,-6.563436441690792,41.39172550956575,-73.4021713303924,10099,,41.4,-73.4,0.937738667822354
2024-05-12 01:53:00,140295802,-9.710661841215645,-12.844525085866316,-6.576798596564973,41.39172550956575,-73.4021713303924,10099,-1.7,41.4,-73.4,0.937738667822354
2024-05-12 01:54:00,140295802,-8.390149824601368,-11.106992425783265,-5.67330722341947,41.39172550956575,-73.4021713303924,10099,,41.4,-73.4,0.937738667822354
2024-05-12 01:55:00,140295802,-7.985662047128032,-10.577937692500802,-5.3933864017552615,41.39172550956575,-73.4021713303924,10099,,41.4,-73.4,0.937738667822354
2024-05-12 01:56:00,140295802,-8.617530717288044,-11.430265226400573,-5.804796208175516,41.39172550956575,-73.4021713303924,10099,,41.4,-73.4,0.937738667822354
2024-05-12 01:57:00,140295802,-17.3252470039186,-22.979611526201616,-11.670882481635587,41.39172550956575,-73.4021713303924,10099,,41.4,-73.4,0.937738667822354
2024-05-12 01:58:00,140295802,-17.786212468207033,-23.556013058353873,-12.016411878060193,41.39172550956575,-73.4021713303924,10099,,41.4,-73.4,0.937738667822354
2024-05-12 01:59:00,140295802,-15.956340590814003,-21.122006424410145,-10.790674757217863,41.39172550956575,-73.4021713303924,10099,,41.4,-73.4,0.937738667822354
2024-05-12 02:00:00,140295802,-6.365960740206535,-8.411839609134578,-4.320081871278491,41.39172550956575,-73.4021713303924,10099,-3.3,41.4,-73.4,0.937738667822354
2024-05-12 02:01:00,140295802,-5.815859483298204,-7.676947215560856,-3.954771751035552,41.39172550956575,-73.4021713303924,10099,,41.4,-73.4,0.937738667822354
2024-05-12 02:02:00,140295802,-7.0464237880587275,-9.296872446885818,-4.795975129231637,41.39172550956575,-73.4021713303924,10099,,41.4,-73.4,0.937738667822354
2024-05-12 02:03:00,140295802,-9.262809911168608,-12.238356870153378,-6.287262952183838,41.39172550956575,-73.4021713303924,10099,,41.4,-73.4,0.937738667822354
2024-05-12 02:04:00,140295802,-5.808027433572257,-7.649880423173272,-3.966174443971243,41.39172550956575,-73.4021713303924,10099,,41.4,-73.4,0.937738667822354
2024-05-12 02:05:00,140295802,-12.62207131158738,-16.675351566985007,-8.568791056189752,41.39172550956575,-73.4021713303924,10099,,41.4,-73.4,0.937738667822354
2024-05-12 02:06:00,140295802,-11.578651732370668,-15.269132356781757,-7.888171107959579,41.39172550956575,-73.4021713303924,10099,,41.4,-73.4,0.937738667822354
2024-05-12 02:07:00,140295802,-10.614656719647554,-14.008640061018474,-7.220673378276635,41.39172550956575,-73.4021713303924,10099,-1.3,41.4,-73.4,0.937738667822354
2024-05-12 02:08:00,140295802,-9.920517081306095,-13.075849999239678,-6.765184163372512,41.39172550956575,-73.4021713303924,10099,,41.4,-73.4,0.937738667822354
2024-05-12 02:09:00,140295802,-10.681978241542826,-14.091733464609378,-7.272223018476273,41.39172550956575,-73.4021713303924,10099,-1.6,41.4,-73.4,0.937738667822354
2024-05-12 02:10:00,140295802,-10.210867891036777,-13.464875727594391,-6.956860054479163,41.39172550956575,-73.4021713303924,10099,,41.4,-73.4,0.937738667822354
2024-05-12 02:11:00,140295802,-8.941328967723035,-11.7955803107218,-6.0870776247242695,41.39172550956575,-73.4021713303924,10099,,41.4,-73.4,0.937738667822354
2024-05-12 02:12:00,140295802,-2.181409197941161,-2.852291217788847,-1.5105271780934753,41.39172550956575,-73.4021713303924,10099,-1.2,41.4,-73.4,0.937738667822354
2024-05-12 02:13:00,140295802,15.85724589460177,10.667298703633195,21.047193085570342,41.39172550956575,-73.4021713303924,10099,,41.4,-73.4,0.937738667822354
2024-05-12 02:14:00,140295802,21.63796657966193,14.604469481518084,28.67146367780578,41.39172550956575,-73.4021713303924,10099,,41.4,-73.4,0.937738667822354
2024-05-12 02:15:00,140295802,25.810855935988272,17.458924808442745,34.1627870635338,41.39172550956575,-73.4021713303924,10099,,41.4,-73.4,0.937738667822354
2024-05-12 02:16:00,140295802,33.46414040921625,22.62669113171435,44.301589686718145,41.39172550956575,-73.4021713303924,10099,,41.4,-73.4,0.937738667822354
2024-05-12 02:17:00,140295802,40.890783830991666,27.659802504662878,54.12176515732045,41.39172550956575,-73.4021713303924,10099,,41.4,-73.4,0.937738667822354
2024-05-12 02:18:00,140295802,40.258913046136534,27.25782934276389,53.25999674950918,41.39172550956575,-73.4021713303924,10099,,41.4,-73.4,0.937738667822354
2024-05-12 02:19:00,140295802,36.84096047035734,24.957379217216836,48.724541723497836,41.39172550956575,-73.4021713303924,10099,5.9,41.4,-73.4,0.937738667822354
2024-05-12 02:20:00,140295802,31.553956127405765,21.383696079260226,41.724216175551305,41.39172550956575,-73.4021713303924,10099,,41.4,-73.4,0.937738667822354
2024-05-12 02:21:00,140295802,22.493644149082346,15.287164457559964,29.70012384060473,41.39172550956575,-73.4021713303924,10099,,41.4,-73.4,0.937738667822354
2024-05-12 02:22:00,140295802,11.049756350971403,7.526775020774025,14.572737681168782,41.39172550956575,-73.4021713303924,10099,,41.4,-73.4,0.937738667822354
2024-05-12 02:23:00,140295802,8.200648586851612,5.5693140646580055,10.831983109045218,41.39172550956575,-73.4021713303924,10099,,41.4,-73.4,0.937738667822354
2024-05-12 02:24:00,140295802,1.3008392278039664,0.8926049467377892,1.7090735088701436,41.39172550956575,-73.4021713303924,10099,,41.4,-73.4,0.937738667822354
2024-05-12 02:25:00,140295802,1.2569060996735006,0.8588905449283991,1.6549216544186023,41.39172550956575,-73.4021713303924,10099,,41.4,-73.4,0.937738667822354
2024-05-12 02:26:00,140295802,0.6298483811636317,0.42926744771561665,0.8304293146116468,41.39172550956575,-73.4021713303924,10099,,41.4,-73.4,0.937738667822354
2024-05-12 02:27:00,140295802,-0.4572472047424854,-0.6140807728833919,-0.30041363660157894,41.39172550956575,-73.4021713303924,10099,,41.4,-73.4,0.937738667822354
2024-05-12 02:28:00,140295802,-1.5206194526718972,-2.005011274673043,-1.0362276306707516,41.39172550956575,-73.4021713303924,10099,,41.4,-73.4,0.937738667822354
2024-05-12 02:29:00,140295802,-1.198848806751103,-1.582368843896389,-0.8153287696058168,41.39172550956575,-73.4021713303924,10099,,41.4,-73.4,0.937738667822354
2024-05-12 02:30:00,140295802,-2.6252876574682413,-3.463512873694393,-1.7870624412420897,41.39172550956575,-73.4021713303924,10099,,41.4,-73.4,0.937738667822354
2024-05-12 02:31:00,140295802,-2.408517791663196,-3.1717838680484056,-1.6452517152779866,41.39172550956575,-73.4021713303924,10099,,41.4,-73.4,0.937738667822354
2024-05-12 02:32:00,140295802,-1.8373811818603287,-2.4216468009528977,-1.2531155627677597,41.39172550956575,-73.4021713303924,10099,,41.4,-73.4,0.937738667822354
2024-05-12 02:33:00,140295802,-2.276042676659156,-3.0018348333214226,-1.5502505199968897,41.39172550956575,-73.4021713303924,10099,,41.4,-73.4,0.937738667822354
2024-05-12 02:34:00,140295802,0.8548099200117558,0.5679631707367934,1.1416566692867183,41.39172550956575,-73.4021713303924,10099,0.1,41.4,-73.4,0.937738667822354
2024-05-12 02:35:00,140295802,4.154073459313328,2.80233042989769,5.505816488728966,41.39172550956575,-73.4021713303924,10099,,41.4,-73.4,0.937738667822354
2024-05-12 02:36:00,140295802,4.753520704451061,3.1961593016159173,6.310882107286204,41.39172550956575,-73.4021713303924,10099,,41.4,-73.4,0.937738667822354
2024-05-12 02:37:00,140295802,4.029412700717611,2.711467716604613,5.347357684830609,41.39172550956575,-73.4021713303924,10099,,41.4,-73.4,0.937738667822354
2024-05-12 02:38:00,140295802,2.605623046183646,1.7642826757080656,3.446963416659226,41.39172550956575,-73.4021713303924,10099,,41.4,-73.4,0.937738667822354
2024-05-12 02:39:00,140295802,1.0918586602187097,0.7312412831900856,1.4524760372473338,41.39172550956575,-73.4021713303924,10099,-0.2,41.4,-73.4,0.937738667822354
2024-05-12 02:40:00,140295802,3.31610756081746,2.2290957053990086,4.403119416235912,41.39172550956575,-73.4021713303924,10099,,41.4,-73.4,0.937738667822354
2024-05-12 02:41:00,140295802,0.28342834688293606,0.18900985098059114,0.37784684278528097,41.39172550956575,-73.4021713303924,10099,-0.1,41.4,-73.4,0.937738667822354
2024-05-12 02:42:00,140295802,0.8351308747491143,0.5575272121229391,1.1127345373752895,41.39172550956575,-73.4021713303924,10099,,41.4,-73.4,0.937738667822354
2024-05-12 02:43:00,140295802,1.3443945380380578,0.9053436467461271,1.7834454293299884,41.39172550956575,-73.4021713303924,10099,,41.4,-73.4,0.937738667822354
2024-05-12 02:44:00,140295802,1.5812370625504277,1.0547193015771015,2.107754823523754,41.39172550956575,-73.4021713303924,10099,,41.4,-73.4,0.937738667822354
2024-05-12 02:45:00,140295802,1.5446076256066636,1.0220438952892361,2.067171355924091,41.39172550956575,-73.4021713303924,10099,,41.4,-73.4,0.937738667822354
2024-05-12 02:46:00,140295802,0.5368284615956452,0.3382384830936313,0.7354184400976591,41.39172550956575,-73.4021713303924,10099,,41.4,-73.4,0.937738667822354
2024-05-12 02:47:00,140295802,2.5493693755085305,1.706407113743903,3.3923316372731582,41.39172550956575,-73.4021713303924,10099,,41.4,-73.4,0.937738667822354
2024-05-12 02:48:00,140295802,3.609446162717384,2.4198928589520188,4.7989994664827496,41.39172550956575,-73.4021713303924,10099,,41.4,-73.4,0.937738667822354
2024-05-12 02:49:00,140295802,4.076436319745573,2.7360342022566124,5.416838437234534,41.39172550956575,-73.4021713303924,10099,,41.4,-73.4,0.937738667822354
2024-05-12 02:50:00,140295802,-0.5439583492420969,-0.7209298263935771,-0.36698687209061664,41.39172550956575,-73.4021713303924,10099,,41.4,-73.4,0.937738667822354
2024-05-12 02:51:00,140295802,-8.021908977276698,-10.635757435171685,-5.408060519381712,41.39172550956575,-73.4021713303924,10099,,41.4,-73.4,0.937738667822354
2024-05-12 02:52:00,140295802,-8.918416245539385,-11.815942119524676,-6.020890371554094,41.39172550956575,-73.4021713303924,10099,,41.4,-73.4,0.937738667822354
2024-05-12 02:53:00,140295802,-6.576920237756314,-8.687259023534256,-4.466581451978371,41.39172550956575,-73.4021713303924,10099,,41.4,-73.4,0.937738667822354
2024-05-12 02:54:00,140295802,-8.0289582683329,-10.628453857267312,-5.429462679398489,41.39172550956575,-73.4021713303924,10099,,41.4,-73.4,0.937738667822354
2024-05-12 02:55:00,140295802,-3.7552366350826465,-4.956646419117895,-2.5538268510473974,41.39172550956575,-73.4021713303924,10099,,41.4,-73.4,0.937738667822354
2024-05-12 02:56:00,140295802,2.9509222712881282,1.9772973081438387,3.924547234432418,41.39172550956575,-73.4021713303924,10099,,41.4,-73.4,0.937738667822354
2024-05-12 02:57:00,140295802,5.837926767523725,3.9178119390530117,7.758041595994438,41.39172550956575,-73.4021713303924,10099,,41.4,-73.4,0.937738667822354
2024-05-12 02:58:00,140295802,12.359093056585555,8.288321532357994,16.429864580813117,41.39172550956575,-73.4021713303924,10099,,41.4,-73.4,0.937738667822354
2024-05-12 02:59:00,140295802,5.542408911058478,3.7154832210268913,7.369334601090065,41.39172550956575,-73.4021713303924,10099,,41.4,-73.4,0.937738667822354
2024-05-12 03:00:00,140295802,-1.187703638409911,-1.5672626131386456,-0.8081446636811761,41.39172550956575,-73.4021713303924,10099,,41.4,-73.4,0.937738667822354
2024-05-12 03:01:00,140295802,-6.828241650323222,-9.020470365396193,-4.636012935250251,41.39172550956575,-73.4021713303924,10099,,41.4,-73.4,0.937738667822354
2024-05-12 03:02:00,140295802,3.076146650284454,2.0406919237494225,4.111601376819485,41.39172550956575,-73.4021713303924,10099,,41.4,-73.4,0.937738667822354
2024-05-12 03:03:00,140295802,5.766407847255095,3.8851165740986096,7.64769912041158,41.39172550956575,-73.4021713303924,10099,,41.4,-73.4,0.937738667822354
2024-05-12 03:04:00,140295802,3.4390515208543095,2.342622285918056,4.535480755790563,41.39172550956575,-73.4021713303924,10099,,41.4,-73.4,0.937738667822354
2024-05-12 03:05:00,140295802,2.961069381177276,2.030431066062542,3.89170769629201,41.39172550956575,-73.4021713303924,10099,,41.4,-73.4,0.937738667822354
2024-05-12 03:06:00,140295802,1.567453203270011,1.0758925965026562,2.059013810037366,41.39172550956575,-73.4021713303924,10099,,41.4,-73.4,0.937738667822354
2024-05-12 03:07:00,140295802,-3.6417859253429232,-4.837683874274374,-2.4458879764114725,41.39172550956575,-73.4021713303924,10099,,41.4,-73.4,0.937738667822354
2024-05-12 03:08:00,140295802,-2.3612871978964125,-3.1161358116654116,-1.6064385841274134,41.39172550956575,-73.4021713303924,10099,,41.4,-73.4,0.937738667822354
2024-05-12 03:09:00,140295802,-6.014261453820948,-7.961887444675396,-4.0666354629665005,41.39172550956575,-73.4021713303924,10099,,41.4,-73.4,0.937738667822354
2024-05-12 03:10:00,140295802,-1.9107821313360878,-2.5155325960192165,-1.306031666652959,41.39172550956575,-73.4021713303924,10099,,41.4,-73.4,0.937738667822354
2024-05-12 03:11:00,140295802,-2.551729417086245,-3.3820006804759815,-1.7214581536965086,41.39172550956575,-73.4021713303924,10099,,41.4,-73.4,0.937738667822354
2024-05-12 03:12:00,140295802,0.16694500781802862,0.06390979664645244,0.2699802189896048,41.39172550956575,-73.4021713303924,10099,,41.4,-73.4,0.937738667822354
2024-05-12 03:13:00,140295802,-1.4568923024978853,-1.9234720158528316,-0.990312589142939,41.39172550956575,-73.4021713303924,10099,,41.4,-73.4,0.937738667822354
2024-05-12 03:14:00,140295802,2.726621000016841,1.8199412466378881,3.633300753395794,41.39172550956575,-73.4021713303924,10099,,41.4,-73.4,0.937738667822354
2024-05-12 03:15:00,140295802,6.97685518450008,4.716203544162472,9.237506824837688,41.39172550956575,-73.4021713303924,10099,,41.4,-73.4,0.937738667822354
2024-05-12 03:16:00,140295802,11.414914060953565,7.709968696310875,15.119859425596257,41.39172550956575,-73.4021713303924,10099,,41.4,-73.4,0.937738667822354
2024-05-12 03:17:00,140295802,12.25672601876701,8.306282332410152,16.207169705123867,41.39172550956575,-73.4021713303924,10099,,41.4,-73.4,0.937738667822354
2024-05-12 03:18:00,140295802,10.179745202076464,6.900112350036135,13.459378054116794,41.39172550956575,-73.4021713303924,10099,,41.4,-73.4,0.937738667822354
2024-05-12 03:19:00,140295802,9.376172426947974,6.366097818078909,12.38624703581704,41.39172550956575,-73.4021713303924,10099,,41.4,-73.4,0.937738667822354
2024-05-12 03:20:00,140295802,8.68434411122984,5.893363154279968,11.475325068179714,41.39172550956575,-73.4021713303924,10099,,41.4,-73.4,0.937738667822354
2024-05-12 03:21:00,140295802,5.297737491310091,3.608303297813947,6.987171684806235,41.39172550956575,-73.4021713303924,10099,1.0,41.4,-73.4,0.937738667822354
2024-05-12 03:22:00,140295802,6.15809925128344,4.175722941415594,8.140475561151288,41.39172550956575,-73.4021713303924,10099,,41.4,-73.4,0.937738667822354
2024-05-12 03:23:00,140295802,4.349996897212246,2.957460715421905,5.742533079002587,41.39172550956575,-73.4021713303924,10099,,41.4,-73.4,0.937738667822354
2024-05-12 03:24:00,140295802,2.4151328489147033,1.645248604439327,3.1850170933900794,41.39172550956575,-73.4021713303924,10099,,41.4,-73.4,0.937738667822354
2024-05-12 03:25:00,140295802,2.9178133871322287,1.987985072939002,3.8476417013254554,41.39172550956575,-73.4021713303924,10099,,41.4,-73.4,0.937738667822354
2024-05-12 03:26:00,140295802,1.4125820480119018,0.9635759794546438,1.86158811656916,41.39172550956575,-73.4021713303924,10099,,41.4,-73.4,0.937738667822354
2024-05-12 03:27:00,140295802,-2.668891812476299,-3.551899744029476,-1.7858838809231223,41.39172550956575,-73.4021713303924,10099,,41.4,-73.4,0.937738667822354
2024-05-12 03:28:00,140295802,-6.178246744145128,-8.190482370637886,-4.166011117652371,41.39172550956575,-73.4021713303924,10099,,41.4,-73.4,0.937738667822354
2024-05-12 03:29:00,140295802,-9.050403895234703,-11.99295551298725,-6.1078522774821575,41.39172550956575,-73.4021713303924,10099,,41.4,-73.4,0.937738667822354
2024-05-12 03:30:00,140295802,-8.85621018099008,-11.723064699971715,-5.989355662008445,41.39172550956575,-73.4021713303924,10099,,41.4,-73.4,0.937738667822354
2024-05-12 03:31:00,140295802,-7.02997743067586,-9.303783734695283,-4.756171126656437,41.39172550956575,-73.4021713303924,10099,,41.4,-73.4,0.937738667822354
2024-05-12 03:32:00,140295802,-6.453742480218261,-8.534222863806331,-4.373262096630191,41.39172550956575,-73.4021713303924,10099,,41.4,-73.4,0.937738667822354
2024-05-12 03:33:00,140295802,-8.45469281488194,-11.19473843299812,-5.714647196765759,41.39172550956575,-73.4021713303924,10099,,41.4,-73.4,0.937738667822354
2024-05-12 03:34:00,140295802,-4.76901618310981,-6.295602935874331,-3.2424294303452887,41.39172550956575,-73.4021713303924,10099,,41.4,-73.4,0.937738667822354
2024-05-12 03:35:00,140295802,-0.3932449178849545,-0.5155912667662834,-0.27089856900362563,41.39172550956575,-73.4021713303924,10099,,41.4,-73.4,0.937738667822354
2024-05-12 03:36:00,140295802,0.7937455803417323,0.5285823321408073,1.0589088285426573,41.39172550956575,-73.4021713303924,10099,,41.4,-73.4,0.937738667822354
2024-05-12 03:37:00,140295802,-0.9775954574944082,-1.3004551169300973,-0.6547357980587192,41.39172550956575,-73.4021713303924,10099,,41.4,-73.4,0.937738667822354
2024-05-12 03:38:00,140295802,-4.54852763303838,-6.023753412317141,-3.0733018537596193,41.39172550956575,-73.4021713303924,10099,-0.4,41.4,-73.4,0.937738667822354
2024-05-12 03:39:00,140295802,-8.532140588103081,-11.30928160337221,-5.754999572833952,41.39172550956575,-73.4021713303924,10099,,41.4,-73.4,0.937738667822354
2024-05-12 03:40:00,140295802,-8.678384248475384,-11.500177284210373,-5.856591212740393,41.39172550956575,-73.4021713303924,10099,,41.4,-73.4,0.937738667822354
2024-05-12 03:41:00,140295802,-3.6929841446398495,-4.900361936373399,-2.4856063529063004,41.39172550956575,-73.4021713303924,10099,,41.4,-73.4,0.937738667822354
2024-05-12 03:42:00,140295802,2.5518709074584462,1.734053417796399,3.3696883971204934,41.39172550956575,-73.4021713303924,10099,,41.4,-73.4,0.937738667822354
2024-05-12 03:43:00,140295802,4.401936397068482,2.9792369278682576,5.824635866268707,41.39172550956575,-73.4021713303924,10099,,41.4,-73.4,0.937738667822354
2024-05-12 03:44:00,140295802,1.5553565079108216,1.058136989644137,2.052576026177506,41.39172550956575,-73.4021713303924,10099,-0.9,41.4,-73.4,0.937738667822354
2024-05-12 03:45:00,140295802,3.8279020081187847,2.5950758771750397,5.06072813906253,41.39172550956575,-73.4021713303924,10099,,41.4,-73.4,0.937738667822354
2024-05-12 03:46:00,140295802,4.381756033514974,2.964515639910161,5.798996427119787,41.39172550956575,-73.4021713303924,10099,0.0,41.4,-73.4,0.937738667822354
2024-05-12 03:47:00,140295802,1.9616698164091373,1.335460184912941,2.5878794479053333,41.39172550956575,-73.4021713303924,10099,,41.4,-73.4,0.937738667822354
2024-05-12 03:48:00,140295802,2.2226533694822987,1.5095143833626268,2.9357923556019707,41.39172550956575,-73.4021713303924,10099,0.8,41.4,-73.4,0.937738667822354
2024-05-12 03:49:00,140295802,1.5644826973440653,1.066291441212572,2.0626739534755587,41.39172550956575,-73.4021713303924,10099,,41.4,-73.4,0.937738667822354
2024-05-12 03:50:00,140295802,2.959880033830055,2.0080026136945834,3.911757453965526,41.39172550956575,-73.4021713303924,10099,,41.4,-73.4,0.937738667822354
2024-05-12 03:51:00,140295802,0.8666656801948571,0.5991860946770557,1.1341452657126585,41.39172550956575,-73.4021713303924,10099,,41.4,-73.4,0.937738667822354
2024-05-12 03:52:00,140295802,2.5371327159697548,1.728625453177835,3.3456399787616746,41.39172550956575,-73.4021713303924,10099,,41.4,-73.4,0.937738667822354
2024-05-12 03:53:00,140295802,1.5507745317797315,1.068055199408598,2.0334938641508646,41.39172550956575,-73.4021713303924,10099,,41.4,-73.4,0.937738667822354
2024-05-12 03:54:00,140295802,1.4291810745882212,0.9841360178178677,1.8742261313585746,41.39172550956575,-73.4021713303924,10099,,41.4,-73.4,0.937738667822354
2024-05-12 03:55:00,140295802,4.208311103639149,2.869084262457812,5.547537944820486,41.39172550956575,-73.4021713303924,10099,,41.4,-73.4,0.937738667822354
2024-05-12 03:56:00,140295802,6.296544648949664,4.29115788490685,8.301931412992477,41.39172550956575,-73.4021713303924,10099,0.0,41.4,-73.4,0.937738667822354
2024-05-12 03:57:00,140295802,3.430466378392432,2.3560410386845936,4.504891718100271,41.39172550956575,-73.4021713303924,10099,,41.4,-73.4,0.937738667822354
2024-05-12 03:58:00,140295802,7.240483214980678,4.932735433120436,9.548230996840921,41.39172550956575,-73.4021713303924,10099,,41.4,-73.4,0.937738667822354
2024-05-12 03:59:00,140295802,6.521116231019635,4.451832223404755,8.590400238634516,41.39172550956575,-73.4021713303924,10099,,41.4,-73.4,0.937738667822354
2024-05-12 04:00:00,140295802,10.506090195854206,7.142707484870689,13.869472906837723,41.39172550956575,-73.4021713303924,10099,0.9,41.4,-73.4,0.937738667822354
2024-05-12 04:01:00,140295802,7.341398440506823,5.018497771389819,9.664299109623826,41.39172550956575,-73.4021713303924,10099,,41.4,-73.4,0.937738667822354
2024-05-12 04:02:00,140295802,5.00073177100423,3.428409742702624,6.573053799305836,41.39172550956575,-73.4021713303924,10099,,41.4,-73.4,0.937738667822354
2024-05-12 04:03:00,140295802,8.826199637021038,6.003604161662839,11.648795112379236,41.39172550956575,-73.4021713303924,10099,0.4,41.4,-73.4,0.937738667822354
2024-05-12 04:04:00,140295802,6.814508229867558,4.648704081136814,8.980312378598303,41.39172550956575,-73.4021713303924,10099,,41.4,-73.4,0.937738667822354
2024-05-12 04:05:00,140295802,7.749748250894379,5.271865601485677,10.227630900303081,41.39172550956575,-73.4021713303924,10099,,41.4,-73.4,0.937738667822354
2024-05-12 04:06:00,140295802,7.039715239577425,4.7801032797569185,9.299327199397931,41.39172550956575,-73.4021713303924,10099,,41.4,-73.4,0.937738667822354
2024-05-12 04:07:00,140295802,5.506559232273197,3.7363971821765873,7.276721282369808,41.39172550956575,-73.4021713303924,10099,,41.4,-73.4,0.937738667822354
2024-05-12 04:08:00,140295802,9.67439347610139,6.538083371516558,12.810703580686221,41.39172550956575,-73.4021713303924,10099,2.1,41.4,-73.4,0.937738667822354
2024-05-12 04:09:00,140295802,8.066430586920047,5.471394011082969,10.661467162757125,41.39172550956575,-73.4021713303924,10099,,41.4,-73.4,0.937738667822354
2024-05-12 04:10:00,140295802,6.675386767937127,4.526501879473517,8.824271656400736,41.39172550956575,-73.4021713303924,10099,,41.4,-73.4,0.937738667822354
2024-05-12 04:11:00,140295802,4.816211815615346,3.2680729583765116,6.36435067285418,41.39172550956575,-73.4021713303924,10099,,41.4,-73.4,0.937738667822354
2024-05-12 04:12:00,140295802,4.778823015683875,3.219617694729791,6.338028336637958,41.39172550956575,-73.4021713303924,10099,,41.4,-73.4,0.937738667822354
2024-05-12 04:13:00,140295802,7.992644137009642,5.404951736999799,10.580336537019486,41.39172550956575,-73.4021713303924,10099,,41.4,-73.4,0.937738667822354
2024-05-12 04:14:00,140295802,5.689921120055636,3.8527778960367565,7.527064344074515,41.39172550956575,-73.4021713303924,10099,2.2,41.4,-73.4,0.937738667822354
2024-05-12 04:15:00,140295802,3.9625071490318855,2.6870187167703268,5.237995581293444,41.39172550956575,-73.4021713303924,10099,,41.4,-73.4,0.937738667822354
2024-05-12 04:16:00,140295802,6.145001302685654,4.15983595502686,8.130166650344448,41.39172550956575,-73.4021713303924,10099,,41.4,-73.4,0.937738667822354
2024-05-12 04:17:00,140295802,1.0230428707554824,0.6886452931359032,1.3574404483750615,41.39172550956575,-73.4021713303924,10099,,41.4,-73.4,0.937738667822354
2024-05-12 04:18:00,140295802,-1.6003197525676929,-2.1137073172561722,-1.0869321878792135,41.39172550956575,-73.4021713303924,10099,,41.4,-73.4,0.937738667822354
2024-05-12 04:19:00,140295802,-7.021395405432336,-9.282244490422848,-4.760546320441824,41.39172550956575,-73.4021713303924,10099,,41.4,-73.4,0.937738667822354
2024-05-12 04:20:00,140295802,-13.904310634560453,-18.378394840711636,-9.43022642840927,41.39172550956575,-73.4021713303924,10099,-0.2,41.4,-73.4,0.937738667822354
2024-05-12 04:21:00,140295802,-11.532345080136656,-15.227132310393769,-7.837557849879543,41.39172550956575,-73.4021713303924,10099,,41.4,-73.4,0.937738667822354
2024-05-12 04:22:00,140295802,-7.069909254411109,-9.303235903252308,-4.8365826055699115,41.39172550956575,-73.4021713303924,10099,,41.4,-73.4,0.937738667822354
2024-05-12 04:23:00,140295802,-9.194033059559969,-12.12394354155061,-6.264122577569329,41.39172550956575,-73.4021713303924,10099,,41.4,-73.4,0.937738667822354
2024-05-12 04:24:00,140295802,-7.946959226352529,-10.476243328852739,-5.41767512385232,41.39172550956575,-73.4021713303924,10099,,41.4,-73.4,0.937738667822354
2024-05-12 04:25:00,140295802,-8.372171078110698,-11.035782391232715,-5.7085597649886815,41.39172550956575,-73.4021713303924,10099,,41.4,-73.4,0.937738667822354
2024-05-12 04:26:00,140295802,-6.0550257571060255,-7.963701151688309,-4.146350362523742,41.39172550956575,-73.4021713303924,10099,,41.4,-73.4,0.937738667822354
2024-05-12 04:27:00,140295802,-3.6696999065559313,-4.811836039284976,-2.527563773826887,41.39172550956575,-73.4021713303924,10099,,41.4,-73.4,0.937738667822354
2024-05-12 04:28:00,140295802,-16.30053259197034,-21.531489441497836,-11.069575742442847,41.39172550956575,-73.4021713303924,10099,,41.4,-73.4,0.937738667822354
2024-05-12 04:29:00,140295802,-36.695021091547225,-48.599966067384145,-24.790076115710303,41.39172550956575,-73.4021713303924,10099,,41.4,-73.4,0.937738667822354
2024-05-12 04:30:00,140295802,-36.89783806549875,-48.94598210565358,-24.84969402534393,41.39172550956575,-73.4021713303924,10099,,41.4,-73.4,0.937738667822354
2024-05-12 04:31:00,140295802,4.9570312299824,3.246316479306713,6.667745980658086,41.39172550956575,-73.4021713303924,10099,,41.4,-73.4,0.937738667822354
2024-05-12 04:32:00,140295802,81.02604383215271,54.62343506647616,107.42865259782926,41.39172550956575,-73.4021713303924,10099,,41.4,-73.4,0.937738667822354
2024-05-12 04:33:00,140295802,114.47753024280519,77.4498963560731,151.50516412953726,41.39172550956575,-73.4021713303924,10099,,41.4,-73.4,0.937738667822354
2024-05-12 04:34:00,140295802,109.62794680583447,74.31808610940261,144.9378075022663,41.39172550956575,-73.4021713303924,10099,,41.4,-73.4,0.937738667822354
2024-05-12 04:35:00,140295802,87.4581085410632,59.3948202189103,115.5213968632161,41.39172550956575,-73.4021713303924,10099,8.0,41.4,-73.4,0.937738667822354
2024-05-12 04:36:00,140295802,71.71313167753674,48.74489178014123,94.68137157493224,41.39172550956575,-73.4021713303924,10099,,41.4,-73.4,0.937738667822354
2024-05-12 04:37:00,140295802,41.61568738942158,28.388557727149554,54.84281705169361,41.39172550956575,-73.4021713303924,10099,,41.4,-73.4,0.937738667822354
2024-05-12 04:38:00,140295802,12.330589838195266,8.501832331835894,16.15934734455464,41.39172550956575,-73.4021713303924,10099,,41.4,-73.4,0.937738667822354
2024-05-12 04:39:00,140295802,9.023394484567762,6.21585630713296,11.830932662002564,41.39172550956575,-73.4021713303924,10099,,41.4,-73.4,0.937738667822354
2024-05-12 04:40:00,140295802,8.805278942997294,6.0276822343615475,11.58287565163304,41.39172550956575,-73.4021713303924,10099,,41.4,-73.4,0.937738667822354
2024-05-12 04:41:00,140295802,23.76028831262039,16.104171861214,31.41640476402678,41.39172550956575,-73.4021713303924,10099,,41.4,-73.4,0.937738667822354
2024-05-12 04:42:00,140295802,25.62743912962146,17.384637586712003,33.87024067253092,41.39172550956575,-73.4021713303924,10099,,41.4,-73.4,0.937738667822354
2024-05-12 04:43:00,140295802,22.20311500972375,15.063341877597386,29.34288814185011,41.39172550956575,-73.4021713303924,10099,,41.4,-73.4,0.937738667822354
2024-05-12 04:44:00,140295802,16.945037264572946,11.501890404768671,22.38818412437722,41.39172550956575,-73.4021713303924,10099,3.3,41.4,-73.4,0.937738667822354
2024-05-12 04:45:00,140295802,-0.11478082968166009,-0.22405855673721126,-0.005503102626108938,41.39172550956575,-73.4021713303924,10099,,41.4,-73.4,0.937738667822354
2024-05-12 04:46:00,140295802,-3.6394593723136976,-4.802639502901913,-2.4762792417254818,41.39172550956575,-73.4021713303924,10099,,41.4,-73.4,0.937738667822354
2024-05-12 04:47:00,140295802,-6.351181079271742,-8.38941329475706,-4.312948863786422,41.39172550956575,-73.4021713303924,10099,,41.4,-73.4,0.937738667822354
2024-05-12 04:48:00,140295802,-9.567061773517676,-12.64371150473691,-6.490412042298441,41.39172550956575,-73.4021713303924,10099,,41.4,-73.4,0.937738667822354
2024-05-12 04:49:00,140295802,-3.627172867158302,-4.76424253689132,-2.4901031974252836,41.39172550956575,-73.4021713303924,10099,,41.4,-73.4,0.937738667822354
2024-05-12 04:50:00,140295802,1.1723130942324649,0.7281003959042804,1.6165257925606493,41.39172550956575,-73.4021713303924,10099,,41.4,-73.4,0.937738667822354
2024-05-12 04:51:00,140295802,3.4540413358904662,2.288208999603901,4.6198736721770315,41.39172550956575,-73.4021713303924,10099,1.4,41.4,-73.4,0.937738667822354
2024-05-12 04:52:00,140295802,2.434607212032591,1.627860881138341,3.2413535429268405,41.39172550956575,-73.4021713303924,10099,1.7,41.4,-73.4,0.937738667822354
2024-05-12 04:53:00,140295802,-8.801828400234232,-11.63600471793621,-5.967652082532254,41.39172550956575,-73.4021713303924,10099,,41.4,-73.4,0.937738667822354
2024-05-12 04:54:00,140295802,-14.685598826946173,-19.40740558800442,-9.963792065887926,41.39172550956575,-73.4021713303924,10099,,41.4,-73.4,0.937738667822354
2024-05-12 04:55:00,140295802,-26.61432187001508,-35.20810256217501,-18.02054117785515,41.39172550956575,-73.4021713303924,10099,,41.4,-73.4,0.937738667822354
2024-05-12 04:56:00,140295802,-28.883563286678534,-38.1744802069944,-19.59264636636266,41.39172550956575,-73.4021713303924,10099,,41.4,-73.4,0.937738667822354
2024-05-12 04:57:00,140295802,-22.336207956299745,-29.506544297824316,-15.165871614775174,41.39172550956575,-73.4021713303924,10099,,41.4,-73.4,0.937738667822354
2024-05-12 04:58:00,140295802,-16.590257056673668,-21.904074904331658,-11.276439209015678,41.39172550956575,-73.4021713303924,10099,,41.4,-73.4,0.937738667822354
2024-05-12 04:59:00,140295802,-16.22821923306114,-21.443707903075754,-11.012730563046526,41.39172550956575,-73.4021713303924,10099,,41.4,-73.4,0.937738667822354
2024-05-12 05:00:00,140295802,-22.443620179231303,-29.66629675303302,-15.220943605429586,41.39172550956575,-73.4021713303924,10099,,41.4,-73.4,0.937738667822354
2024-05-12 05:01:00,140295802,-20.012007744987507,-26.45100285266443,-13.573012637310583,41.39172550956575,-73.4021713303924,10099,,41.4,-73.4,0.937738667822354
2024-05-12 05:02:00,140295802,-22.56505653254669,-29.836420310499378,-15.293692754594005,41.39172550956575,-73.4021713303924,10099,,41.4,-73.4,0.937738667822354
2024-05-12 05:03:00,140295802,-12.519036706527672,-16.542504786239586,-8.495568626815757,41.39172550956575,-73.4021713303924,10099,,41.4,-73.4,0.937738667822354
2024-05-12 05:04:00,140295802,-8.274459052205385,-10.932783321774211,-5.616134782636559,41.39172550956575,-73.4021713303924,10099,,41.4,-73.4,0.937738667822354
2024-05-12 05:05:00,140295802,-13.04546512816484,-17.25460907501091,-8.83632118131877,41.39172550956575,-73.4021713303924,10099,,41.4,-73.4,0.937738667822354
2024-05-12 05:06:00,140295802,-2.868924023364122,-3.7841340964207215,-1.9537139503075225,41.39172550956575,-73.4021713303924,10099,,41.4,-73.4,0.937738667822354
2024-05-12 05:07:00,140295802,0.5757495214541754,0.3950400702972446,0.7564589726111062,41.39172550956575,-73.4021713303924,10099,,41.4,-73.4,0.937738667822354
2024-05-12 05:08:00,140295802,2.7124021929457673,1.8417814769412972,3.5830229089502375,41.39172550956575,-73.4021713303924,10099,,41.4,-73.4,0.937738667822354
2024-05-12 05:09:00,140295802,0.4590557983943394,0.31639881950425197,0.6017127772844268,41.39172550956575,-73.4021713303924,10099,,41.4,-73.4,0.937738667822354
2024-05-12 05:10:00,140295802,-14.852078139035026,-19.668797113025597,-10.035359165044454,41.39172550956575,-73.4021713303924,10099,,41.4,-73.4,0.937738667822354
2024-05-12 05:11:00,140295802,1.1970847284136559,0.8043503420702935,1.5898191147570182,41.39172550956575,-73.4021713303924,10099,,41.4,-73.4,0.937738667822354
2024-05-12 05:12:00,140295802,8.008063815590134,5.431443314962285,10.584684316217983,41.39172550956575,-73.4021713303924,10099,,41.4,-73.4,0.937738667822354
2024-05-12 05:13:00,140295802,-2.6745166083176932,-3.5602457736436586,-1.7887874429917279,41.39172550956575,-73.4021713303924,10099,,41.4,-73.4,0.937738667822354
2024-05-12 05:14:00,140295802,-16.36984408588935,-21.681281216969584,-11.058406954809119,41.39172550956575,-73.4021713303924,10099,-0.2,41.4,-73.4,0.937738667822354
2024-05-12 05:15:00,140295802,-23.27625971091421,-30.81474646639724,-15.737772955431184,41.39172550956575,-73.4021713303924,10099,,41.4,-73.4,0.937738667822354
2024-05-12 05:16:00,140295802,-20.939738853832235,-27.69671643047819,-14.18276127718628,41.39172550956575,-73.4021713303924,10099,,41.4,-73.4,0.937738667822354
2024-05-12 05:17:00,140295802,-7.087270975411685,-9.369439876690814,-4.805102074132556,41.39172550956575,-73.4021713303924,10099,,41.4,-73.4,0.937738667822354
2024-05-12 05:18:00,140295802,-5.976989574599684,-7.908599444004665,-4.045379705194703,41.39172550956575,-73.4021713303924,10099,,41.4,-73.4,0.937738667822354
2024-05-12 05:19:00,140295802,-3.9130860465511046,-5.181818453772341,-2.644353639329868,41.39172550956575,-73.4021713303924,10099,0.0,41.4,-73.4,0.937738667822354
2024-05-12 05:20:00,140295802,-7.002284490076223,-9.267202943487522,-4.737366036664922,41.39172550956575,-73.4021713303924,10099,-0.4,41.4,-73.4,0.937738667822354
2024-05-12 05:21:00,140295802,-7.719214869919875,-10.204534143572456,-5.233895596267294,41.39172550956575,-73.4021713303924,10099,,41.4,-73.4,0.937738667822354
2024-05-12 05:22:00,140295802,-5.160136799615128,-6.821542894643221,-3.498730704587036,41.39172550956575,-73.4021713303924,10099,,41.4,-73.4,0.937738667822354
2024-05-12 05:23:00,140295802,-3.2002887836375034,-4.2392306666439055,-2.1613469006311012,41.39172550956575,-73.4021713303924,10099,,41.4,-73.4,0.937738667822354
2024-05-12 05:24:00,140295802,-2.7123640194572602,-3.587577967201642,-1.8371500717128786,41.39172550956575,-73.4021713303924,10099,0.4,41.4,-73.4,0.937738667822354
2024-05-12 05:25:00,140295802,-1.0645389093044109,-1.405581864233286,-0.7234959543755357,41.39172550956575,-73.4021713303924,10099,,41.4,-73.4,0.937738667822354
2024-05-12 05:26:00,140295802,2.4984075632459835,1.7020035209748303,3.2948116055171366,41.39172550956575,-73.4021713303924,10099,,41.4,-73.4,0.937738667822354
2024-05-12 05:27:00,140295802,0.49802256132800476,0.34445555803566663,0.6515895646203429,41.39172550956575,-73.4021713303924,10099,,41.4,-73.4,0.937738667822354
2024-05-12 05:28:00,140295802,0.49140857104072,0.33551986534535827,0.6472972767360817,41.39172550956575,-73.4021713303924,10099,,41.4,-73.4,0.937738667822354
2024-05-12 05:29:00,140295802,-3.571991023264433,-4.736223811581702,-2.4077582349471642,41.39172550956575,-73.4021713303924,10099,,41.4,-73.4,0.937738667822354
2024-05-12 05:30:00,140295802,-5.107886099875123,-6.7683365686801,-3.4474356310701455,41.39172550956575,-73.4021713303924,10099,,41.4,-73.4,0.937738667822354
2024-05-12 05:31:00,140295802,-3.841258136252114,-5.08582650684082,-2.596689765663408,41.39172550956575,-73.4021713303924,10099,,41.4,-73.4,0.937738667822354
2024-05-12 05:32:00,140295802,-3.293364815843434,-4.365802441229039,-2.2209271904578296,41.39172550956575,-73.4021713303924,10099,,41.4,-73.4,0.937738667822354
2024-05-12 05:33:00,140295802,-1.011225104145239,-1.348624675519516,-0.6738255327709619,41.39172550956575,-73.4021713303924,10099,1.5,41.4,-73.4,0.937738667822354
2024-05-12 05:34:00,140295802,-0.42197604095539953,-0.5703884015795357,-0.2735636803312633,41.39172550956575,-73.4021713303924,10099,,41.4,-73.4,0.937738667822354
2024-05-12 05:35:00,140295802,-6.064635036433849,-8.0478736482092,-4.0813964246584975,41.39172550956575,-73.4021713303924,10099,1.0,41.4,-73.4,0.937738667822354
2024-05-12 05:36:00,140295802,-8.484670308299531,-11.232279208193912,-5.73706140840515,41.39172550956575,-73.4021713303924,10099,,41.4,-73.4,0.937738667822354
2024-05-12 05:37:00,140295802,-14.093224654520364,-18.660009702557932,-9.526439606482796,41.39172550956575,-73.4021713303924,10099,,41.4,-73.4,0.937738667822354
2024-05-12 05:38:00,140295802,-10.932022737381153,-14.466056122188489,-7.397989352573818,41.39172550956575,-73.4021713303924,10099,,41.4,-73.4,0.937738667822354
2024-05-12 05:39:00,140295802,-9.673349588437189,-12.807092023364932,-6.539607153509445,41.39172550956575,-73.4021713303924,10099,,41.4,-73.4,0.937738667822354
2024-05-12 05:40:00,140295802,-9.97271470497724,-13.193922877079393,-6.751506532875089,41.39172550956575,-73.4021713303924,10099,,41.4,-73.4,0.937738667822354
2024-05-12 05:41:00,140295802,-10.919040281372261,-14.449187370301724,-7.388893192442799,41.39172550956575,-73.4021713303924,10099,,41.4,-73.4,0.937738667822354
2024-05-12 05:42:00,140295802,-14.20299386081839,-18.795676021815968,-9.610311699820812,41.39172550956575,-73.4021713303924,10099,,41.4,-73.4,0.937738667822354
2024-05-12 05:43:00,140295802,-8.961165313732653,-11.850800344197326,-6.071530283267981,41.39172550956575,-73.4021713303924,10099,,41.4,-73.4,0.937738667822354
2024-05-12 05:44:00,140295802,-7.570572718641812,-10.014620542523064,-5.126524894760561,41.39172550956575,-73.4021713303924,10099,,41.4,-73.4,0.937738667822354
2024-05-12 05:45:00,140295802,-7.396224274073627,-9.783707656522472,-5.008740891624782,41.39172550956575,-73.4021713303924,10099,,41.4,-73.4,0.937738667822354
2024-05-12 05:46:00,140295802,-6.537689834011527,-8.652360916796152,-4.423018751226901,41.39172550956575,-73.4021713303924,10099,,41.4,-73.4,0.937738667822354
2024-05-12 05:47:00,140295802,-3.92978986268653,-5.205222905416854,-2.654356819956206,41.39172550956575,-73.4021713303924,10099,0.4,41.4,-73.4,0.937738667822354
2024-05-12 05:48:00,140295802,-2.021148578490231,-2.675598240370282,-1.3666989166101802,41.39172550956575,-73.4021713303924,10099,,41.4,-73.4,0.937738667822354
2024-05-12 05:49:00,140295802,0.2676046037285549,0.17732992125743569,0.3578792861996741,41.39172550956575,-73.4021713303924,10099,,41.4,-73.4,0.937738667822354
2024-05-12 05:50:00,140295802,-0.3409482487722447,-0.45102009143432026,-0.23087640611016919,41.39172550956575,-73.4021713303924,10099,,41.4,-73.4,0.937738667822354
2024-05-12 05:51:00,140295802,-1.4650534376091229,-1.9342572877103081,-0.9958495875079376,41.39172550956575,-73.4021713303924,10099,0.3,41.4,-73.4,0.937738667822354
2024-05-12 05:52:00,140295802,-7.044241622874611,-9.320629126292724,-4.767854119456498,41.39172550956575,-73.4021713303924,10099,,41.4,-73.4,0.937738667822354
2024-05-12 05:53:00,140295802,-8.41888149400104,-11.13533118341298,-5.7024318045891,41.39172550956575,-73.4021713303924,10099,0.9,41.4,-73.4,0.937738667822354
2024-05-12 05:54:00,140295802,-3.3826711174838224,-4.462758347819605,-2.30258388714804,41.39172550956575,-73.4021713303924,10099,,41.4,-73.4,0.937738667822354
2024-05-12 05:55:00,140295802,-2.113819811203725,-2.7856373791089144,-1.4420022432985358,41.39172550956575,-73.4021713303924,10099,,41.4,-73.4,0.937738667822354
2024-05-12 05:56:00,140295802,-0.6469172788107007,-0.8516236127397611,-0.44221094488164037,41.39172550956575,-73.4021713303924,10099,,41.4,-73.4,0.937738667822354
2024-05-12 05:57:00,140295802,-0.013418962451056305,-0.03208559633404226,0.005247671431929649,41.39172550956575,-73.4021713303924,10099,,41.4,-73.4,0.937738667822354
2024-05-12 05:58:00,140295802,-5.441473243379951,-7.199208036307456,-3.683738450452446,41.39172550956575,-73.4021713303924,10099,,41.4,-73.4,0.937738667822354
2024-05-12 05:59:00,140295802,-4.900858523254108,-6.475573313113885,-3.326143733394331,41.39172550956575,-73.4021713303924,10099,0.2,41.4,-73.4,0.937738667822354
2024-05-12 06:00:00,140295802,-1.5003450111040197,-1.9722668819851075,-1.028423140222932,41.39172550956575,-73.4021713303924,10099,,41.4,-73.4,0.937738667822354
2024-05-12 06:01:00,140295802,-0.11738650166525279,-0.15720011764284916,-0.07757288568765641,41.39172550956575,-73.4021713303924,10099,0.8,41.4,-73.4,0.937738667822354
2024-05-12 06:02:00,140295802,-8.358545695331163,-11.058330793285057,-5.6587605973772686,41.39172550956575,-73.4021713303924,10099,,41.4,-73.4,0.937738667822354
2024-05-12 06:03:00,140295802,-7.794487724029331,-10.305455462585908,-5.283519985472754,41.39172550956575,-73.4021713303924,10099,,41.4,-73.4,0.937738667822354
2024-05-12 06:04:00,140295802,-6.488524864490767,-8.576495124429133,-4.400554604552401,41.39172550956575,-73.4021713303924,10099,,41.4,-73.4,0.937738667822354
2024-05-12 06:05:00,140295802,-3.3910452106542754,-4.472962090169908,-2.309128331138643,41.39172550956575,-73.4021713303924,10099,,41.4,-73.4,0.937738667822354
2024-05-12 06:06:00,140295802,0.883360378052059,0.5816709435335057,1.1850498125706124,41.39172550956575,-73.4021713303924,10099,,41.4,-73.4,0.937738667822354
2024-05-12 06:07:00,140295802,-2.6064545161144475,-3.4503365203193557,-1.7625725119095392,41.39172550956575,-73.4021713303924,10099,,41.4,-73.4,0.937738667822354
2024-05-12 06:08:00,140295802,-0.25406117308744813,-0.3332247050907116,-0.17489764108418465,41.39172550956575,-73.4021713303924,10099,,41.4,-73.4,0.937738667822354
2024-05-12 06:09:00,140295802,1.0894397831052767,0.7304176618333824,1.448461904377171,41.39172550956575,-73.4021713303924,10099,,41.4,-73.4,0.937738667822354
2024-05-12 06:10:00,140295802,0.7877592731799398,0.5193333533192068,1.0561851930406727,41.39172550956575,-73.4021713303924,10099,,41.4,-73.4,0.937738667822354
2024-05-12 06:11:00,140295802,1.5596340477914739,1.0519009730490212,2.0673671225339265,41.39172550956575,-73.4021713303924,10099,,41.4,-73.4,0.937738667822354
2024-05-12 06:12:00,140295802,-3.649688854552152,-4.828096662929447,-2.4712810461748567,41.39172550956575,-73.4021713303924,10099,,41.4,-73.4,0.937738667822354
2024-05-12 06:13:00,140295802,-3.1521960095056616,-4.160681130050596,-2.143710888960727,41.39172550956575,-73.4021713303924,10099,,41.4,-73.4,0.937738667822354
2024-05-12 06:14:00,140295802,-5.027539738138816,-6.640146913942527,-3.4149325623351054,41.39172550956575,-73.4021713303924,10099,,41.4,-73.4,0.937738667822354
2024-05-12 06:15:00,140295802,-5.4365021056101135,-7.1758141053990006,-3.697190105821226,41.39172550956575,-73.4021713303924,10099,,41.4,-73.4,0.937738667822354
2024-05-12 06:16:00,140295802,-3.3829059016734435,-4.4604903584689914,-2.305321444877895,41.39172550956575,-73.4021713303924,10099,,41.4,-73.4,0.937738667822354
2024-05-12 06:17:00,140295802,-6.850584230626137,-9.046835115317087,-4.654333345935187,41.39172550956575,-73.4021713303924,10099,,41.4,-73.4,0.937738667822354
2024-05-12 06:18:00,140295802,-5.128680961024492,-6.763039844847882,-3.494322077201102,41.39172550956575,-73.4021713303924,10099,0.6,41.4,-73.4,0.937738667822354
2024-05-12 06:19:00,140295802,-2.2699774268426394,-2.986660609185261,-1.5532942445000175,41.39172550956575,-73.4021713303924,10099,,41.4,-73.4,0.937738667822354
2024-05-12 06:20:00,140295802,-1.4353713956393097,-1.8841646038212574,-0.986578187457362,41.39172550956575,-73.4021713303924,10099,,41.4,-73.4,0.937738667822354
2024-05-12 06:21:00,140295802,2.6428014213279973,1.7677847018951383,3.5178181407608564,41.39172550956575,-73.4021713303924,10099,,41.4,-73.4,0.937738667822354
2024-05-12 06:22:00,140295802,4.187336497288897,2.823423170038291,5.551249824539504,41.39172550956575,-73.4021713303924,10099,,41.4,-73.4,0.937738667822354
2024-05-12 06:23:00,140295802,5.414013087898867,3.654297475809326,7.173728699988407,41.39172550956575,-73.4021713303924,10099,,41.4,-73.4,0.937738667822354
2024-05-12 06:24:00,140295802,4.718887093670685,3.1851927550908545,6.2525814322505155,41.39172550956575,-73.4021713303924,10099,1.6,41.4,-73.4,0.937738667822354
2024-05-12 06:25:00,140295802,0.46252905935945365,0.30953761693580895,0.6155205017830984,41.39172550956575,-73.4021713303924,10099,,41.4,-73.4,0.937738667822354
2024-05-12 06:26:00,140295802,-5.346434019711382,-7.068847701755915,-3.62402033766685,41.39172550956575,-73.4021713303924,10099,,41.4,-73.4,0.937738667822354
2024-05-12 06:27:00,140295802,-2.7195108621789696,-3.5837026926442412,-1.855319031713698,41.39172550956575,-73.4021713303924,10099,1.5,41.4,-73.4,0.937738667822354
2024-05-12 06:28:00,140295802,-1.9188756745560724,-2.5282201304637333,-1.3095312186484114,41.39172550956575,-73.4021713303924,10099,,41.4,-73.4,0.937738667822354
2024-05-12 06:29:00,140295802,-2.4830163947322914,-3.275314819049546,-1.690717970415037,41.39172550956575,-73.4021713303924,10099,,41.4,-73.4,0.937738667822354
2024-05-12 06:30:00,140295802,2.4659231683066616,1.6559404807025062,3.2759058559108167,41.39172550956575,-73.4021713303924,10099,,41.4,-73.4,0.937738667822354
2024-05-12 06:31:00,140295802,2.107265682820987,1.4107821426837486,2.803749222958225,41.39172550956575,-73.4021713303924,10099,,41.4,-73.4,0.937738667822354
2024-05-12 06:32:00,140295802,0.24047381607792281,0.14423725268805093,0.3367103794677947,41.39172550956575,-73.4021713303924,10099,,41.4,-73.4,0.937738667822354
2024-05-12 06:33:00,140295802,-4.5945281726973395,-6.073120467872593,-3.115935877522085,41.39172550956575,-73.4021713303924,10099,,41.4,-73.4,0.937738667822354
2024-05-12 06:34:00,140295802,-4.514627002683797,-5.961171230554637,-3.0680827748129573,41.39172550956575,-73.4021713303924,10099,,41.4,-73.4,0.937738667822354
2024-05-12 06:35:00,140295802,-3.7500070326011583,-4.9521949619317684,-2.5478191032705486,41.39172550956575,-73.4021713303924,10099,,41.4,-73.4,0.937738667822354
2024-05-12 06:36:00,140295802,0.7679625957606729,0.489841631521763,1.0460835599995828,41.39172550956575,-73.4021713303924,10099,,41.4,-73.4,0.937738667822354
2024-05-12 06:37:00,140295802,-0.6909440408523818,-0.9072481299621116,-0.4746399517426521,41.39172550956575,-73.4021713303924,10099,,41.4,-73.4,0.937738667822354
2024-05-12 06:38:00,140295802,0.7993506387921802,0.5193295326783888,1.0793717449059717,41.39172550956575,-73.4021713303924,10099,,41.4,-73.4,0.937738667822354
2024-05-12 06:39:00,140295802,-1.347694163409092,-1.7727012747180282,-0.9226870521001558,41.39172550956575,-73.4021713303924,10099,,41.4,-73.4,0.937738667822354
2024-05-12 06:40:00,140295802,-1.1340869519868888,-1.4889493717093623,-0.7792245322644152,41.39172550956575,-73.4021713303924,10099,,41.4,-73.4,0.937738667822354
2024-05-12 06:41:00,140295802,0.01729949240334201,-0.023439295360578805,0.058038280167262826,41.39172550956575,-73.4021713303924,10099,,41.4,-73.4,0.937738667822354
2024-05-12 06:42:00,140295802,-0.9388504262481417,-1.2346247085995725,-0.6430761438967111,41.39172550956575,-73.4021713303924,10099,,41.4,-73.4,0.937738667822354
2024-05-12 06:43:00,140295802,-1.5873781875858928,-2.0921848324088756,-1.08257154276291,41.39172550956575,-73.4021713303924,10099,,41.4,-73.4,0.937738667822354
2024-05-12 06:44:00,140295802,3.0663056226451895,2.0524072518784537,4.080203993411925,41.39172550956575,-73.4021713303924,10099,,41.4,-73.4,0.937738667822354
2024-05-12 06:45:00,140295802,0.5249571569805456,0.3445951694176117,0.7053191445434794,41.39172550956575,-73.4021713303924,10099,,41.4,-73.4,0.937738667822354
2024-05-12 06:46:00,140295802,-3.8637867157620596,-5.097387790569182,-2.630185640954937,41.39172550956575,-73.4021713303924,10099,,41.4,-73.4,0.937738667822354
2024-05-12 06:47:00,140295802,-2.670276300426115,-3.5215551188650225,-1.8189974819872075,41.39172550956575,-73.4021713303924,10099,,41.4,-73.4,0.937738667822354
2024-05-12 06:48:00,140295802,-3.543674719512911,-4.677360095305167,-2.409989343720655,41.39172550956575,-73.4021713303924,10099,,41.4,-73.4,0.937738667822354
2024-05-12 06:49:00,140295802,-5.464450900267837,-7.2195546478498684,-3.709347152685806,41.39172550956575,-73.4021713303924,10099,,41.4,-73.4,0.937738667822354
2024-05-12 06:50:00,140295802,-8.13571594472517,-10.74890939784571,-5.522522491604631,41.39172550956575,-73.4021713303924,10099,,41.4,-73.4,0.937738667822354
2024-05-12 06:51:00,140295802,-7.034197268629432,-9.288593456704866,-4.779801080553998,41.39172550956575,-73.4021713303924,10099,,41.4,-73.4,0.937738667822354
2024-05-12 06:52:00,140295802,-3.414240934944392,-4.497545448855133,-2.3309364210336514,41.39172550956575,-73.4021713303924,10099,,41.4,-73.4,0.937738667822354
2024-05-12 06:53:00,140295802,-0.9002468090756495,-1.178554595998643,-0.621939022152656,41.39172550956575,-73.4021713303924,10099,,41.4,-73.4,0.937738667822354
2024-05-12 06:54:00,140295802,-2.5317583313412535,-3.3377446247471636,-1.7257720379353434,41.39172550956575,-73.4021713303924,10099,,41.4,-73.4,0.937738667822354
2024-05-12 06:55:00,140295802,-3.180423538637042,-4.19484869341514,-2.165998383858944,41.39172550956575,-73.4021713303924,10099,,41.4,-73.4,0.937738667822354
2024-05-12 06:56:00,140295802,-2.7954204731567165,-3.6839367328770614,-1.9069042134363718,41.39172550956575,-73.4021713303924,10099,,41.4,-73.4,0.937738667822354
2024-05-12 06:57:00,140295802,-2.498029055377296,-3.292174938901292,-1.7038831718532996,41.39172550956575,-73.4021713303924,10099,,41.4,-73.4,0.937738667822354
2024-05-12 06:58:00,140295802,-1.9946930094769126,-2.6287638045420105,-1.3606222144118147,41.39172550956575,-73.4021713303924,10099,,41.4,-73.4,0.937738667822354
2024-05-12 06:59:00,140295802,-5.288835032392564,-6.991726810111563,-3.5859432546735652,41.39172550956575,-73.4021713303924,10099,,41.4,-73.4,0.937738667822354
2024-05-12 07:00:00,140295802,-1.8612017454509449,-2.4470131285985435,-1.2753903623033462,41.39172550956575,-73.4021713303924,10099,,41.4,-73.4,0.937738667822354
2024-05-12 07:01:00,140295802,-2.349038081883189,-3.0985345538405307,-1.5995416099258468,41.39172550956575,-73.4021713303924,10099,,41.4,-73.4,0.937738667822354
2024-05-12 07:02:00,140295802,-3.216030108151878,-4.243198768829189,-2.188861447474567,41.39172550956575,-73.4021713303924,10099,,41.4,-73.4,0.937738667822354
2024-05-12 07:03:00,140295802,-3.663966579246043,-4.838818574129567,-2.4891145843625186,41.39172550956575,-73.4021713303924,10099,,41.4,-73.4,0.937738667822354
2024-05-12 07:04:00,140295802,-3.617619123972747,-4.773792339186966,-2.4614459087585283,41.39172550956575,-73.4021713303924,10099,,41.4,-73.4,0.937738667822354
2024-05-12 07:05:00,140295802,-1.8647888036150682,-2.4579149609195787,-1.2716626463105576,41.39172550956575,-73.4021713303924,10099,,41.4,-73.4,0.937738667822354
2024-05-12 07:06:00,140295802,-3.293333665768903,-4.347752982828567,-2.2389143487092396,41.39172550956575,-73.4021713303924,10099,,41.4,-73.4,0.937738667822354
2024-05-12 07:07:00,140295802,-2.2217362124967694,-2.930988474845152,-1.5124839501483869,41.39172550956575,-73.4021713303924,10099,,41.4,-73.4,0.937738667822354
2024-05-12 07:08:00,140295802,-2.3525725908596113,-3.1034741607325844,-1.6016710209866383,41.39172550956575,-73.4021713303924,10099,,41.4,-73.4,0.937738667822354
2024-05-12 07:09:00,140295802,-0.48427217050378485,-0.6338480495918457,-0.33469629141572393,41.39172550956575,-73.4021713303924,10099,,41.4,-73.4,0.937738667822354
2024-05-12 07:10:00,140295802,-1.4644360373118765,-1.9327780684582154,-0.9960940061655377,41.39172550956575,-73.4021713303924,10099,,41.4,-73.4,0.937738667822354
2024-05-12 07:11:00,140295802,-1.1395887440084516,-1.499566119882512,-0.779611368134391,41.39172550956575,-73.4021713303924,10099,,41.4,-73.4,0.937738667822354
2024-05-12 07:12:00,140295802,1.137152416776296,0.7620040541535122,1.51230077939908,41.39172550956575,-73.4021713303924,10099,,41.4,-73.4,0.937738667822354
2024-05-12 07:13:00,140295802,-0.618150962904133,-0.8121703415609105,-0.42413158424735536,41.39172550956575,-73.4021713303924,10099,,41.4,-73.4,0.937738667822354
2024-05-12 07:14:00,140295802,1.5974302705666774,1.072313560036065,2.12254698109729,41.39172550956575,-73.4021713303924,10099,,41.4,-73.4,0.937738667822354
2024-05-12 07:15:00,140295802,-3.191242019783584,-4.2220813882809995,-2.160402651286169,41.39172550956575,-73.4021713303924,10099,,41.4,-73.4,0.937738667822354
2024-05-12 07:16:00,140295802,-1.9415484231366849,-2.5608271681454435,-1.3222696781279262,41.39172550956575,-73.4021713303924,10099,,41.4,-73.4,0.937738667822354
2024-05-12 07:17:00,140295802,-3.902270079256598,-5.159040775150256,-2.6454993833629397,41.39172550956575,-73.4021713303924,10099,,41.4,-73.4,0.937738667822354
2024-05-12 07:18:00,140295802,-1.0964861696301247,-1.441097102754304,-0.7518752365059453,41.39172550956575,-73.4021713303924,10099,,41.4,-73.4,0.937738667822354
2024-05-12 07:19:00,140295802,-1.235773845610762,-1.6306496006419533,-0.8408980905795709,41.39172550956575,-73.4021713303924,10099,0.5,41.4,-73.4,0.937738667822354
2024-05-12 07:20:00,140295802,-1.7997876947983764,-2.3735339213487556,-1.226041468247997,41.39172550956575,-73.4021713303924,10099,0.4,41.4,-73.4,0.937738667822354
2024-05-12 07:21:00,140295802,-2.0277421986847592,-2.678760309106213,-1.3767240882633052,41.39172550956575,-73.4021713303924,10099,,41.4,-73.4,0.937738667822354
2024-05-12 07:22:00,140295802,0.8781199732744006,0.5831840798734711,1.1730558666753301,41.39172550956575,-73.4021713303924,10099,,41.4,-73.4,0.937738667822354
2024-05-12 07:23:00,140295802,0.7742527667853168,0.5223883173664801,1.0261172162041536,41.39172550956575,-73.4021713303924,10099,,41.4,-73.4,0.937738667822354
2024-05-12 07:24:00,140295802,0.4368026587729317,0.2895202567556413,0.584085060790222,41.39172550956575,-73.4021713303924,10099,,41.4,-73.4,0.937738667822354
2024-05-12 07:25:00,140295802,1.2856708262722594,0.8664787691348135,1.7048628834097053,41.39172550956575,-73.4021713303924,10099,,41.4,-73.4,0.937738667822354
2024-05-12 07:26:00,140295802,3.182921948737668,2.148430872749573,4.217413024725763,41.39172550956575,-73.4021713303924,10099,,41.4,-73.4,0.937738667822354
2024-05-12 07:27:00,140295802,2.6465283473183336,1.79154640334742,3.5015102912892475,41.39172550956575,-73.4021713303924,10099,,41.4,-73.4,0.937738667822354
2024-05-12 07:28:00,140295802,1.1933877307893639,0.8058415624633741,1.5809338991153536,41.39172550956575,-73.4021713303924,10099,,41.4,-73.4,0.937738667822354
2024-05-12 07:29:00,140295802,1.3509330199401182,0.9118887452158183,1.7899772946644181,41.39172550956575,-73.4021713303924,10099,,41.4,-73.4,0.937738667822354
2024-05-12 07:30:00,140295802,2.115301814369092,1.4268508566494922,2.8037527720886914,41.39172550956575,-73.4021713303924,10099,,41.4,-73.4,0.937738667822354
2024-05-12 07:31:00,140295802,3.2333828742641555,2.184972317091327,4.281793431436984,41.39172550956575,-73.4021713303924,10099,,41.4,-73.4,0.937738667822354
2024-05-12 07:32:00,140295802,3.913059109285063,2.642911885418839,5.183206333151286,41.39172550956575,-73.4021713303924,10099,,41.4,-73.4,0.937738667822354
2024-05-12 07:33:00,140295802,3.0808500094820084,2.085373247992787,4.07632677097123,41.39172550956575,-73.4021713303924,10099,,41.4,-73.4,0.937738667822354
2024-05-12 07:34:00,140295802,0.9424522922077873,0.6356123495602987,1.2492922348552757,41.39172550956575,-73.4021713303924,10099,,41.4,-73.4,0.937738667822354
2024-05-12 07:35:00,140295802,2.3746993703800334,1.6057528776107508,3.143645863149316,41.39172550956575,-73.4021713303924,10099,,41.4,-73.4,0.937738667822354
2024-05-12 07:36:00,140295802,3.386818752402351,2.2874311531696634,4.486206351635039,41.39172550956575,-73.4021713303924,10099,,41.4,-73.4,0.937738667822354
2024-05-12 07:37:00,140295802,2.8549311607702634,1.9315103789137655,3.7783519426267613,41.39172550956575,-73.4021713303924,10099,,41.4,-73.4,0.937738667822354
2024-05-12 07:38:00,140295802,1.891342327185442,1.275507099300821,2.507177555070063,41.39172550956575,-73.4021713303924,10099,,41.4,-73.4,0.937738667822354
2024-05-12 07:39:00,140295802,3.1955200403854063,2.1579430166504894,4.233097064120323,41.39172550956575,-73.4021713303924,10099,,41.4,-73.4,0.937738667822354
2024-05-12 07:40:00,140295802,-0.16288475204436553,-0.2204451809242991,-0.10532432316443195,41.39172550956575,-73.4021713303924,10099,,41.4,-73.4,0.937738667822354
2024-05-12 07:41:00,140295802,-0.9869804486146846,-1.300992646554767,-0.6729682506746022,41.39172550956575,-73.4021713303924,10099,,41.4,-73.4,0.937738667822354
2024-05-12 07:42:00,140295802,1.1761508834615986,0.7871761442820224,1.5651256226411747,41.39172550956575,-73.4021713303924,10099,,41.4,-73.4,0.937738667822354
2024-05-12 07:43:00,140295802,-0.2596035086757557,-0.34006083419046773,-0.17914618316104367,41.39172550956575,-73.4021713303924,10099,,41.4,-73.4,0.937738667822354
2024-05-12 07:44:00,140295802,0.5142352531540364,0.3392863331378796,0.6891841731701932,41.39172550956575,-73.4021713303924,10099,1.1,41.4,-73.4,0.937738667822354
2024-05-12 07:45:00,140295802,-0.06591768538168535,-0.09286693027376824,-0.038968440489602456,41.39172550956575,-73.4021713303924,10099,0.7,41.4,-73.4,0.937738667822354
2024-05-12 07:46:00,140295802,-0.36571881225458663,-0.4800837192710673,-0.25135390523810597,41.39172550956575,-73.4021713303924,10099,,41.4,-73.4,0.937738667822354
2024-05-12 07:47:00,140295802,1.3156534631300092,0.8868954147488337,1.7444115115111847,41.39172550956575,-73.4021713303924,10099,,41.4,-73.4,0.937738667822354
2024-05-12 07:48:00,140295802,1.4234853382397414,0.9594004382585005,1.8875702382209822,41.39172550956575,-73.4021713303924,10099,,41.4,-73.4,0.937738667822354
2024-05-12 07:49:00,140295802,1.8251574316568542,1.2347578349320942,2.415557028381614,41.39172550956575,-73.4021713303924,10099,,41.4,-73.4,0.937738667822354
2024-05-12 07:50:00,140295802,2.7301321068503204,1.8439755483460165,3.6162886653546242,41.39172550956575,-73.4021713303924,10099,,41.4,-73.4,0.937738667822354
2024-05-12 07:51:00,140295802,3.7573590868696534,2.5431489107834695,4.971569262955837,41.39172550956575,-73.4021713303924,10099,,41.4,-73.4,0.937738667822354
2024-05-12 07:52:00,140295802,2.9490480773281633,1.9986580296112706,3.899438125045056,41.39172550956575,-73.4021713303924,10099,,41.4,-73.4,0.937738667822354
2024-05-12 07:53:00,140295802,2.019746755373508,1.3709978522185051,2.6684956585285105,41.39172550956575,-73.4021713303924,10099,,41.4,-73.4,0.937738667822354
2024-05-12 07:54:00,140295802,3.897652702672141,2.6373537448897624,5.157951660454519,41.39172550956575,-73.4021713303924,10099,1.3,41.4,-73.4,0.937738667822354
2024-05-12 07:55:00,140295802,5.949596017972569,4.027455663173321,7.871736372771816,41.39172550956575,-73.4021713303924,10099,,41.4,-73.4,0.937738667822354
2024-05-12 07:56:00,140295802,4.0713119633813255,2.759722528397446,5.382901398365205,41.39172550956575,-73.4021713303924,10099,,41.4,-73.4,0.937738667822354
2024-05-12 07:57:00,140295802,3.5998302157361404,2.438558827327759,4.761101604144521,41.39172550956575,-73.4021713303924,10099,,41.4,-73.4,0.937738667822354
2024-05-12 07:58:00,140295802,5.361617870348737,3.630760887020107,7.092474853677366,41.39172550956575,-73.4021713303924,10099,,41.4,-73.4,0.937738667822354
2024-05-12 07:59:00,140295802,2.9724432001436565,2.0212289806394548,3.923657419647858,41.39172550956575,-73.4021713303924,10099,,41.4,-73.4,0.937738667822354
2024-05-12 08:00:00,140295802,2.4923171469741,1.692172614088052,3.292461679860148,41.39172550956575,-73.4021713303924,10099,,41.4,-73.4,0.937738667822354
2024-05-12 08:01:00,140295802,2.1463650195371535,1.460008102100875,2.832721936973432,41.39172550956575,-73.4021713303924,10099,,41.4,-73.4,0.937738667822354
2024-05-12 08:02:00,140295802,3.4684523102036096,2.3499692201745486,4.5869354002326705,41.39172550956575,-73.4021713303924,10099,,41.4,-73.4,0.937738667822354
2024-05-12 08:03:00,140295802,3.7594313355615565,2.5509520837734976,4.967910587349616,41.39172550956575,-73.4021713303924,10099,,41.4,-73.4,0.937738667822354
2024-05-12 08:04:00,140295802,4.21411495160937,2.855654658337162,5.572575244881579,41.39172550956575,-73.4021713303924,10099,,41.4,-73.4,0.937738667822354
2024-05-12 08:05:00,140295802,3.4816850174339793,2.3634084737081444,4.599961561159814,41.39172550956575,-73.4021713303924,10099,,41.4,-73.4,0.937738667822354
2024-05-12 08:06:00,140295802,1.5276391724297278,1.038714146404515,2.0165641984549407,41.39172550956575,-73.4021713303924,10099,,41.4,-73.4,0.937738667822354
2024-05-12 08:07:00,140295802,0.8590008755375568,0.586051950037587,1.1319498010375266,41.39172550956575,-73.4021713303924,10099,,41.4,-73.4,0.937738667822354
2024-05-12 08:08:00,140295802,-0.001008217087808972,-0.02947236337198019,0.02745592919636225,41.39172550956575,-73.4021713303924,10099,,41.4,-73.4,0.937738667822354
2024-05-12 08:09:00,140295802,1.5825593043538861,1.0731692068280205,2.0919494018797518,41.39172550956575,-73.4021713303924,10099,,41.4,-73.4,0.937738667822354
2024-05-12 08:10:00,140295802,2.5654019761951945,1.7372946898780244,3.3935092625123646,41.39172550956575,-73.4021713303924,10099,,41.4,-73.4,0.937738667822354
2024-05-12 08:11:00,140295802,1.8743699925734585,1.2722182963826558,2.476521688764261,41.39172550956575,-73.4021713303924,10099,,41.4,-73.4,0.937738667822354
2024-05-12 08:12:00,140295802,2.6452901987802413,1.7936429973686212,3.4969374001918614,41.39172550956575,-73.4021713303924,10099,,41.4,-73.4,0.937738667822354
2024-05-12 08:13:00,140295802,2.451255888419044,1.6645532469590743,3.2379585298790134,41.39172550956575,-73.4021713303924,10099,,41.4,-73.4,0.937738667822354
2024-05-12 08:14:00,140295802,6.478980178821057,4.383126107002118,8.574834250639995,41.39172550956575,-73.4021713303924,10099,,41.4,-73.4,0.937738667822354
2024-05-12 08:15:00,140295802,5.905568050113239,4.003941219466615,7.807194880759862,41.39172550956575,-73.4021713303924,10099,,41.4,-73.4,0.937738667822354
2024-05-12 08:16:00,140295802,4.934769374834266,3.3447075859092186,6.5248311637593135,41.39172550956575,-73.4021713303924,10099,,41.4,-73.4,0.937738667822354
2024-05-12 08:17:00,140295802,3.114454691123245,2.1184079144310815,4.110501467815409,41.39172550956575,-73.4021713303924,10099,,41.4,-73.4,0.937738667822354
2024-05-12 08:18:00,140295802,0.27143565738074166,0.18470340858345852,0.3581679061780248,41.39172550956575,-73.4021713303924,10099,,41.4,-73.4,0.937738667822354
2024-05-12 08:19:00,140295802,1.7771563826497634,1.208439887923382,2.345872877376145,41.39172550956575,-73.4021713303924,10099,,41.4,-73.4,0.937738667822354
2024-05-12 08:20:00,140295802,1.8348760899146996,1.246098483945071,2.423653695884328,41.39172550956575,-73.4021713303924,10099,,41.4,-73.4,0.937738667822354
2024-05-12 08:21:00,140295802,3.210857111857947,2.1786178200284607,4.243096403687433,41.39172550956575,-73.4021713303924,10099,,41.4,-73.4,0.937738667822354
2024-05-12 08:22:00,140295802,2.790703446270529,1.8947702168149094,3.686636675726149,41.39172550956575,-73.4021713303924,10099,,41.4,-73.4,0.937738667822354
2024-05-12 08:23:00,140295802,2.9025434562586305,1.9707105768325137,3.8343763356847473,41.39172550956575,-73.4021713303924,10099,,41.4,-73.4,0.937738667822354
2024-05-12 08:24:00,140295802,2.597046566786324,1.763262556858396,3.4308305767142517,41.39172550956575,-73.4021713303924,10099,,41.4,-73.4,0.937738667822354
2024-05-12 08:25:00,140295802,1.069273782329153,0.7336701555810721,1.4048774090772338,41.39172550956575,-73.4021713303924,10099,,41.4,-73.4,0.937738667822354
2024-05-12 08:26:00,140295802,2.950011733854026,2.0022093168786257,3.897814150829426,41.39172550956575,-73.4021713303924,10099,,41.4,-73.4,0.937738667822354
2024-05-12 08:27:00,140295802,4.918030552397993,3.339639501690809,6.496421603105177,41.39172550956575,-73.4021713303924,10099,,41.4,-73.4,0.937738667822354
2024-05-12 08:28:00,140295802,5.192207575292516,3.521580770702989,6.862834379882042,41.39172550956575,-73.4021713303924,10099,,41.4,-73.4,0.937738667822354
2024-05-12 08:29:00,140295802,6.1145135854419905,4.148649802189224,8.080377368694757,41.39172550956575,-73.4021713303924,10099,,41.4,-73.4,0.937738667822354
2024-05-12 08:30:00,140295802,3.9301272721816423,2.669366431941763,5.190888112421522,41.39172550956575,-73.4021713303924,10099,,41.4,-73.4,0.937738667822354
2024-05-12 08:31:00,140295802,1.7719953219992177,1.2111542711990873,2.332836372799348,41.39172550956575,-73.4021713303924,10099,,41.4,-73.4,0.937738667822354
2024-05-12 08:32:00,140295802,-1.759667383324831,-2.343202321119493,-1.1761324455301692,41.39172550956575,-73.4021713303924,10099,,41.4,-73.4,0.937738667822354
2024-05-12 08:33:00,140295802,0.2204803831147072,0.14874149078131163,0.2922192754481028,41.39172550956575,-73.4021713303924,10099,,41.4,-73.4,0.937738667822354
2024-05-12 08:34:00,140295802,0.19734683804643482,0.13240254173814148,0.2622911343547282,41.39172550956575,-73.4021713303924,10099,,41.4,-73.4,0.937738667822354
2024-05-12 08:35:00,140295802,0.2865548199486165,0.1975768965726145,0.37553274332461845,41.39172550956575,-73.4021713303924,10099,0.7,41.4,-73.4,0.937738667822354
2024-05-12 08:36:00,140295802,0.4700510584583557,0.32278012749137586,0.6173219894253356,41.39172550956575,-73.4021713303924,10099,,41.4,-73.4,0.937738667822354
2024-05-12 08:37:00,140295802,2.1680002949739756,1.4760186743932562,2.859981915554695,41.39172550956575,-73.4021713303924,10099,,41.4,-73.4,0.937738667822354
2024-05-12 08:38:00,140295802,2.7149280370925006,1.8447502451885787,3.5851058289964226,41.39172550956575,-73.4021713303924,10099,,41.4,-73.4,0.937738667822354
2024-05-12 08:39:00,140295802,4.1487773740500735,2.815325639541537,5.4822291085586095,41.39172550956575,-73.4021713303924,10099,,41.4,-73.4,0.937738667822354
2024-05-12 08:40:00,140295802,3.4540125254102816,2.3441853140322433,4.56383973678832,41.39172550956575,-73.4021713303924,10099,0.9,41.4,-73.4,0.937738667822354
2024-05-12 08:41:00,140295802,2.900551233300589,1.9718280359684206,3.8292744306327577,41.39172550956575,-73.4021713303924,10099,1.2,41.4,-73.4,0.937738667822354
2024-05-12 08:42:00,140295802,2.048169931298808,1.3964485413912693,2.699891321206347,41.39172550956575,-73.4021713303924,10099,,41.4,-73.4,0.937738667822354
2024-05-12 08:43:00,140295802,0.9342298000154639,0.6391655219099766,1.2292940781209512,41.39172550956575,-73.4021713303924,10099,,41.4,-73.4,0.937738667822354
2024-05-12 08:44:00,140295802,2.674266835800687,1.8149779090762008,3.5335557625251734,41.39172550956575,-73.4021713303924,10099,,41.4,-73.4,0.937738667822354
2024-05-12 08:45:00,140295802,3.785692134447265,2.5677291712214303,5.0036550976731,41.39172550956575,-73.4021713303924,10099,,41.4,-73.4,0.937738667822354
2024-05-12 08:46:00,140295802,4.093645638989327,2.774029587583071,5.413261690395583,41.39172550956575,-73.4021713303924,10099,0.4,41.4,-73.4,0.937738667822354
2024-05-12 08:47:00,140295802,3.3891366458775702,2.2992666957412684,4.479006596013872,41.39172550956575,-73.4021713303924,10099,,41.4,-73.4,0.937738667822354
2024-05-12 08:48:00,140295802,4.193828732447517,2.8431564405847283,5.544501024310305,41.39172550956575,-73.4021713303924,10099,,41.4,-73.4,0.937738667822354
2024-05-12 08:49:00,140295802,5.405057569494224,3.664574666901569,7.1455404720868785,41.39172550956575,-73.4021713303924,10099,,41.4,-73.4,0.937738667822354
2024-05-12 08:50:00,140295802,7.124082505852358,4.828083442970814,9.420081568733902,41.39172550956575,-73.4021713303924,10099,,41.4,-73.4,0.937738667822354
2024-05-12 08:51:00,140295802,8.561711652535843,5.801614488331124,11.321808816740562,41.39172550956575,-73.4021713303924,10099,,41.4,-73.4,0.937738667822354
2024-05-12 08:52:00,140295802,7.8258996577489945,5.307311694157381,10.344487621340608,41.39172550956575,-73.4021713303924,10099,,41.4,-73.4,0.937738667822354
2024-05-12 08:53:00,140295802,4.320667799851649,2.9455012821460516,5.695834317557247,41.39172550956575,-73.4021713303924,10099,,41.4,-73.4,0.937738667822354
2024-05-12 08:54:00,140295802,-1.2957853164365118,-1.751273483483133,-0.8402971493898908,41.39172550956575,-73.4021713303924,10099,,41.4,-73.4,0.937738667822354
2024-05-12 08:55:00,140295802,-1.659621383836096,-2.2204807502532833,-1.0987620174189088,41.39172550956575,-73.4021713303924,10099,0.4,41.4,-73.4,0.937738667822354
2024-05-12 08:56:00,140295802,-1.5481149049704535,-2.068956518900131,-1.0272732910407758,41.39172550956575,-73.4021713303924,10099,,41.4,-73.4,0.937738667822354
2024-05-12 08:57:00,140295802,1.521619817218685,1.0352994726107352,2.007940161826635,41.39172550956575,-73.4021713303924,10099,,41.4,-73.4,0.937738667822354
2024-05-12 08:58:00,140295802,3.9996997354024635,2.712436908877226,5.286962561927701,41.39172550956575,-73.4021713303924,10099,,41.4,-73.4,0.937738667822354
2024-05-12 08:59:00,140295802,5.506166044333226,3.7330166844206922,7.279315404245761,41.39172550956575,-73.4021713303924,10099,,41.4,-73.4,0.937738667822354
2024-05-12 09:00:00,140295802,4.474220983217235,3.0373614448480453,5.911080521586424,41.39172550956575,-73.4021713303924,10099,1.1,41.4,-73.4,0.937738667822354
2024-05-12 09:01:00,140295802,3.8179702270299867,2.5923231280442054,5.043617326015768,41.39172550956575,-73.4021713303924,10099,,41.4,-73.4,0.937738667822354
2024-05-12 09:02:00,140295802,3.8374727348934736,2.606842110499885,5.068103359287062,41.39172550956575,-73.4021713303924,10099,,41.4,-73.4,0.937738667822354
2024-05-12 09:03:00,140295802,0.9074517566906778,0.6240454976310217,1.190858015750334,41.39172550956575,-73.4021713303924,10099,,41.4,-73.4,0.937738667822354
2024-05-12 09:04:00,140295802,-0.2268517325051073,-0.3114152687012639,-0.1422881963089507,41.39172550956575,-73.4021713303924,10099,,41.4,-73.4,0.937738667822354
2024-05-12 09:05:00,140295802,0.8504331690401661,0.5807153140557066,1.1201510240246255,41.39172550956575,-73.4021713303924,10099,,41.4,-73.4,0.937738667822354
2024-05-12 09:06:00,140295802,1.831368372031023,1.2466938737480704,2.4160428703139756,41.39172550956575,-73.4021713303924,10099,,41.4,-73.4,0.937738667822354
2024-05-12 09:07:00,140295802,0.7767654184933593,0.5328076166468565,1.0207232203398622,41.39172550956575,-73.4021713303924,10099,,41.4,-73.4,0.937738667822354
2024-05-12 09:08:00,140295802,2.262855142728428,1.5358662181425746,2.989844067314281,41.39172550956575,-73.4021713303924,10099,,41.4,-73.4,0.937738667822354
2024-05-12 09:09:00,140295802,1.5442355015224083,1.0567141077187712,2.0317568953260454,41.39172550956575,-73.4021713303924,10099,,41.4,-73.4,0.937738667822354
2024-05-12 09:10:00,140295802,-0.33019350440635864,-0.45652187731153593,-0.20386513150118135,41.39172550956575,-73.4021713303924,10099,,41.4,-73.4,0.937738667822354
2024-05-12 09:11:00,140295802,2.7423426311715207,1.8623583913039385,3.622326871039103,41.39172550956575,-73.4021713303924,10099,,41.4,-73.4,0.937738667822354
2024-05-12 09:12:00,140295802,2.6011067071654144,1.7697314914687603,3.4324819228620687,41.39172550956575,-73.4021713303924,10099,,41.4,-73.4,0.937738667822354
2024-05-12 09:13:00,140295802,1.988621020003369,1.3499252620563085,2.6273167779504294,41.39172550956575,-73.4021713303924,10099,,41.4,-73.4,0.937738667822354
2024-05-12 09:14:00,140295802,0.2779553378453679,0.18510804593704228,0.37080262975369355,41.39172550956575,-73.4021713303924,10099,,41.4,-73.4,0.937738667822354
2024-05-12 09:15:00,140295802,0.1307114306487199,0.08186675066880561,0.1795561106286342,41.39172550956575,-73.4021713303924,10099,,41.4,-73.4,0.937738667822354
2024-05-12 09:16:00,140295802,2.424530176142403,1.6577614088624415,3.191298943422365,41.39172550956575,-73.4021713303924,10099,,41.4,-73.4,0.937738667822354
2024-05-12 09:17:00,140295802,2.1335946599343667,1.4575944598445547,2.8095948600241787,41.39172550956575,-73.4021713303924,10099,,41.4,-73.4,0.937738667822354
2024-05-12 09:18:00,140295802,3.665373470998348,2.486439689763292,4.8443072522334045,41.39172550956575,-73.4021713303924,10099,,41.4,-73.4,0.937738667822354
2024-05-12 09:19:00,140295802,-4.418938119309886,-5.869838149811533,-2.96803808880824,41.39172550956575,-73.4021713303924,10099,,41.4,-73.4,0.937738667822354
2024-05-12 09:20:00,140295802,0.7822681419308621,0.5241447222999467,1.0403915615617776,41.39172550956575,-73.4021713303924,10099,,41.4,-73.4,0.937738667822354
2024-05-12 09:21:00,140295802,6.767094693088293,4.583647037459791,8.950542348716795,41.39172550956575,-73.4021713303924,10099,1.3,41.4,-73.4,0.937738667822354
2024-05-12 09:22:00,140295802,9.850296454620839,6.667619162799491,13.032973746442186,41.39172550956575,-73.4021713303924,10099,,41.4,-73.4,0.937738667822354
2024-05-12 09:23:00,140295802,5.1393339490531975,3.494772162083221,6.783895736023174,41.39172550956575,-73.4021713303924,10099,,41.4,-73.4,0.937738667822354
2024-05-12 09:24:00,140295802,0.34849640760654793,0.23825209998101773,0.45874071523207816,41.39172550956575,-73.4021713303924,10099,,41.4,-73.4,0.937738667822354
2024-05-12 09:25:00,140295802,-0.6592634066864661,-0.8906456267541047,-0.4278811866188275,41.39172550956575,-73.4021713303924,10099,0.2,41.4,-73.4,0.937738667822354
2024-05-12 09:26:00,140295802,0.4804892880389266,0.32436171856243357,0.6366168575154196,41.39172550956575,-73.4021713303924,10099,,41.4,-73.4,0.937738667822354
2024-05-12 09:27:00,140295802,-0.17841098739539174,-0.24035861370487838,-0.11646336108590509,41.39172550956575,-73.4021713303924,10099,,41.4,-73.4,0.937738667822354
2024-05-12 09:28:00,140295802,-0.23295281942289575,-0.3089189431820355,-0.156986695663756,41.39172550956575,-73.4021713303924,10099,,41.4,-73.4,0.937738667822354
2024-05-12 09:29:00,140295802,1.488364391421017,1.0071353792575422,1.9695934035844918,41.39172550956575,-73.4021713303924,10099,,41.4,-73.4,0.937738667822354
2024-05-12 09:30:00,140295802,2.118729928905205,1.437745523046508,2.7997143347639017,41.39172550956575,-73.4021713303924,10099,,41.4,-73.4,0.937738667822354
2024-05-12 09:31:00,140295802,0.2886882688205941,0.19931120373803374,0.3780653339031545,41.39172550956575,-73.4021713303924,10099,,41.4,-73.4,0.937738667822354
2024-05-12 09:32:00,140295802,1.5857266251156503,1.0758331221709994,2.0956201280603013,41.39172550956575,-73.4021713303924,10099,,41.4,-73.4,0.937738667822354
2024-05-12 09:33:00,140295802,-1.9870623501022358,-2.6438646771225995,-1.330260023081872,41.39172550956575,-73.4021713303924,10099,,41.4,-73.4,0.937738667822354
2024-05-12 09:34:00,140295802,-2.3492595121675266,-3.111487552453865,-1.5870314718811878,41.39172550956575,-73.4021713303924,10099,,41.4,-73.4,0.937738667822354
2024-05-12 09:35:00,140295802,2.3885670248279,1.6131905255233574,3.163943524132442,41.39172550956575,-73.4021713303924,10099,,41.4,-73.4,0.937738667822354
2024-05-12 09:36:00,140295802,3.093306186205164,2.0898745634156164,4.096737808994711,41.39172550956575,-73.4021713303924,10099,,41.4,-73.4,0.937738667822354
2024-05-12 09:37:00,140295802,3.4521223042244302,2.335255279620559,4.568989328828302,41.39172550956575,-73.4021713303924,10099,,41.4,-73.4,0.937738667822354
2024-05-12 09:38:00,140295802,1.1077950543777686,0.7547458288615658,1.4608442798939714,41.39172550956575,-73.4021713303924,10099,,41.4,-73.4,0.937738667822354
2024-05-12 09:39:00,140295802,1.715166232116838,1.1675972021114442,2.2627352621222316,41.39172550956575,-73.4021713303924,10099,,41.4,-73.4,0.937738667822354
2024-05-12 09:40:00,140295802,1.8894069208238358,1.2862963923852067,2.492517449262465,41.39172550956575,-73.4021713303924,10099,,41.4,-73.4,0.937738667822354
2024-05-12 09:41:00,140295802,-0.459872816402213,-0.6203893222452962,-0.2993563105591298,41.39172550956575,-73.4021713303924,10099,,41.4,-73.4,0.937738667822354
2024-05-12 09:42:00,140295802,-0.8793833065675315,-1.1712221042309539,-0.5875445089041091,41.39172550956575,-73.4021713303924,10099,,41.4,-73.4,0.937738667822354
2024-05-12 09:43:00,140295802,-0.3903001421936473,-0.5238454622124753,-0.2567548221748193,41.39172550956575,-73.4021713303924,10099,,41.4,-73.4,0.937738667822354
2024-05-12 09:44:00,140295802,0.48596105806734924,0.3318085233311671,0.6401135928035313,41.39172550956575,-73.4021713303924,10099,,41.4,-73.4,0.937738667822354
2024-05-12 09:45:00,140295802,-0.6590706278058819,-0.8801976636506436,-0.4379435919611202,41.39172550956575,-73.4021713303924,10099,,41.4,-73.4,0.937738667822354
2024-05-12 09:46:00,140295802,-0.8825461116799137,-1.1735221002705163,-0.5915701230893111,41.39172550956575,-73.4021713303924,10099,,41.4,-73.4,0.937738667822354
2024-05-12 09:47:00,140295802,-0.5256964962434649,-0.7041604122823134,-0.34723258020461645,41.39172550956575,-73.4021713303924,10099,,41.4,-73.4,0.937738667822354
2024-05-12 09:48:00,140295802,-0.8899957625788256,-1.188717177015302,-0.5912743481423492,41.39172550956575,-73.4021713303924,10099,,41.4,-73.4,0.937738667822354
2024-05-12 09:49:00,140295802,-1.5571434174788028,-2.0679350728998367,-1.046351762057769,41.39172550956575,-73.4021713303924,10099,,41.4,-73.4,0.937738667822354
2024-05-12 09:50:00,140295802,-0.18608337663636917,-0.24675507571202954,-0.1254116775607088,41.39172550956575,-73.4021713303924,10099,,41.4,-73.4,0.937738667822354
2024-05-12 09:51:00,140295802,-2.4421267799267494,-3.2334565265271653,-1.6507970333263335,41.39172550956575,-73.4021713303924,10099,,41.4,-73.4,0.937738667822354
2024-05-12 09:52:00,140295802,-2.0319297064217112,-2.686844238824508,-1.3770151740189145,41.39172550956575,-73.4021713303924,10099,,41.4,-73.4,0.937738667822354
2024-05-12 09:53:00,140295802,-2.6590397528239658,-3.519055837319064,-1.7990236683288674,41.39172550956575,-73.4021713303924,10099,,41.4,-73.4,0.937738667822354
2024-05-12 09:54:00,140295802,0.16039002860865945,0.10258276006126488,0.21819729715605402,41.39172550956575,-73.4021713303924,10099,,41.4,-73.4,0.937738667822354
2024-05-12 09:55:00,140295802,0.13622594957139558,0.09303062679163038,0.1794212723511608,41.39172550956575,-73.4021713303924,10099,-0.2,41.4,-73.4,0.937738667822354
2024-05-12 09:56:00,140295802,0.4476363622305686,0.30604452493617307,0.5892281995249641,41.39172550956575,-73.4021713303924,10099,0.0,41.4,-73.4,0.937738667822354
2024-05-12 09:57:00,140295802,-2.592887487850691,-3.4459346332036502,-1.739840342497732,41.39172550956575,-73.4021713303924,10099,,41.4,-73.4,0.937738667822354
2024-05-12 09:58:00,140295802,-3.2575194838650545,-4.318768222738676,-2.196270744991433,41.39172550956575,-73.4021713303924,10099,,41.4,-73.4,0.937738667822354
2024-05-12 09:59:00,140295802,1.9861019470339132,1.3419039894207696,2.6302999046470568,41.39172550956575,-73.4021713303924,10099,,41.4,-73.4,0.937738667822354
2024-05-12 10:00:00,140295802,1.1811412946323405,0.8039328020944481,1.558349787170233,41.39172550956575,-73.4021713303924,10099,,41.4,-73.4,0.937738667822354
2024-05-12 10:01:00,140295802,-1.9611709582476986,-2.603882085780464,-1.3184598307149331,41.39172550956575,-73.4021713303924,10099,,41.4,-73.4,0.937738667822354
2024-05-12 10:02:00,140295802,-0.7755371009683549,-1.0308194674560647,-0.5202547344806452,41.39172550956575,-73.4021713303924,10099,,41.4,-73.4,0.937738667822354
2024-05-12 10:03:00,140295802,-1.733355049949541,-2.3004466751329633,-1.1662634247661186,41.39172550956575,-73.4021713303924,10099,,41.4,-73.4,0.937738667822354
2024-05-12 10:04:00,140295802,-2.60241926448387,-3.442378624154825,-1.7624599048129155,41.39172550956575,-73.4021713303924,10099,,41.4,-73.4,0.937738667822354
2024-05-12 10:05:00,140295802,-4.976437873111333,-6.584499862918063,-3.368375883304603,41.39172550956575,-73.4021713303924,10099,,41.4,-73.4,0.937738667822354
2024-05-12 10:06:00,140295802,-2.643171268746369,-3.491662423950252,-1.7946801135424857,41.39172550956575,-73.4021713303924,10099,-0.9,41.4,-73.4,0.937738667822354
2024-05-12 10:07:00,140295802,-1.5100224968185998,-1.9963560339707183,-1.0236889596664813,41.39172550956575,-73.4021713303924,10099,,41.4,-73.4,0.937738667822354
2024-05-12 10:08:00,140295802,0.17780507421284392,0.10955798179343315,0.24605216663225468,41.39172550956575,-73.4021713303924,10099,,41.4,-73.4,0.937738667822354
2024-05-12 10:09:00,140295802,-1.1354351169184635,-1.50900501225538,-0.7618652215815471,41.39172550956575,-73.4021713303924,10099,-0.7,41.4,-73.4,0.937738667822354
2024-05-12 10:10:00,140295802,-0.9151176651542946,-1.2117183018378996,-0.6185170284706896,41.39172550956575,-73.4021713303924,10099,,41.4,-73.4,0.937738667822354
2024-05-12 10:11:00,140295802,-1.6300049947766135,-2.163835637843302,-1.0961743517099252,41.39172550956575,-73.4021713303924,10099,,41.4,-73.4,0.937738667822354
2024-05-12 10:12:00,140295802,-2.0574939415269626,-2.7234638524992634,-1.391524030554662,41.39172550956575,-73.4021713303924,10099,,41.4,-73.4,0.937738667822354
2024-05-12 10:13:00,140295802,-3.736874276384674,-4.954762276623992,-2.5189862761453563,41.39172550956575,-73.4021713303924,10099,,41.4,-73.4,0.937738667822354
2024-05-12 10:14:00,140295802,-3.3816283929318116,-4.475894829598643,-2.28736195626498,41.39172550956575,-73.4021713303924,10099,,41.4,-73.4,0.937738667822354
2024-05-12 10:15:00,140295802,-2.913818625877973,-3.861419065648917,-1.966218186107029,41.39172550956575,-73.4021713303924,10099,,41.4,-73.4,0.937738667822354
2024-05-12 10:16:00,140295802,-1.2961262733789913,-1.7151246538597815,-0.8771278928982011,41.39172550956575,-73.4021713303924,10099,,41.4,-73.4,0.937738667822354
2024-05-12 10:17:00,140295802,-1.152120738138531,-1.5301532536380291,-0.7740882226390328,41.39172550956575,-73.4021713303924,10099,,41.4,-73.4,0.937738667822354
2024-05-12 10:18:00,140295802,-2.1332758055593732,-2.823969020981369,-1.4425825901373774,41.39172550956575,-73.4021713303924,10099,,41.4,-73.4,0.937738667822354
2024-05-12 10:19:00,140295802,-1.7986035540438534,-2.3787047171195366,-1.2185023909681703,41.39172550956575,-73.4021713303924,10099,,41.4,-73.4,0.937738667822354
2024-05-12 10:20:00,140295802,-3.11557102935356,-4.12451326339967,-2.1066287953074494,41.39172550956575,-73.4021713303924,10099,-0.2,41.4,-73.4,0.937738667822354
2024-05-12 10:21:00,140295802,-3.3238430900083746,-4.398604342951728,-2.2490818370650207,41.39172550956575,-73.4021713303924,10099,-0.8,41.4,-73.4,0.937738667822354
2024-05-12 10:22:00,140295802,-1.9570411686461073,-2.585600899473385,-1.3284814378188294,41.39172550956575,-73.4021713303924,10099,,41.4,-73.4,0.937738667822354
2024-05-12 10:23:00,140295802,-1.7570188648270486,-2.320592988520052,-1.193444741134045,41.39172550956575,-73.4021713303924,10099,-0.2,41.4,-73.4,0.937738667822354
2024-05-12 10:24:00,140295802,-1.349424355198865,-1.7839811720069896,-0.9148675383907403,41.39172550956575,-73.4021713303924,10099,,41.4,-73.4,0.937738667822354
2024-05-12 10:25:00,140295802,-4.653265957396132,-6.162339965138883,-3.144191949653382,41.39172550956575,-73.4021713303924,10099,,41.4,-73.4,0.937738667822354
2024-05-12 10:26:00,140295802,-5.8606406587705875,-7.755793126861421,-3.9654881906797543,41.39172550956575,-73.4021713303924,10099,,41.4,-73.4,0.937738667822354
2024-05-12 10:27:00,140295802,-3.9791890390235976,-5.260712648390731,-2.6976654296564644,41.39172550956575,-73.4021713303924,10099,,41.4,-73.4,0.937738667822354
2024-05-12 10:28:00,140295802,-3.5055394423635384,-4.632630039376901,-2.3784488453501766,41.39172550956575,-73.4021713303924,10099,-0.6,41.4,-73.4,0.937738667822354
2024-05-12 10:29:00,140295802,-4.197575670884068,-5.550034084231868,-2.8451172575362684,41.39172550956575,-73.4021713303924,10099,,41.4,-73.4,0.937738667822354
2024-05-12 10:30:00,140295802,-1.978007326523463,-2.6069009148983673,-1.3491137381485587,41.39172550956575,-73.4021713303924,10099,,41.4,-73.4,0.937738667822354
2024-05-12 10:31:00,140295802,1.4261517085153657,0.9669147000253842,1.8853887170053472,41.39172550956575,-73.4021713303924,10099,,41.4,-73.4,0.937738667822354
2024-05-12 10:32:00,140295802,-3.4768135357918895,-4.609755543279797,-2.343871528303982,41.39172550956575,-73.4021713303924,10099,,41.4,-73.4,0.937738667822354
2024-05-12 10:33:00,140295802,-4.8178835198992775,-6.369542927423415,-3.26622411237514,41.39172550956575,-73.4021713303924,10099,,41.4,-73.4,0.937738667822354
2024-05-12 10:34:00,140295802,-6.855781882329095,-9.064511522540226,-4.647052242117964,41.39172550956575,-73.4021713303924,10099,,41.4,-73.4,0.937738667822354
2024-05-12 10:35:00,140295802,-6.779863338721426,-8.959764101702843,-4.599962575740008,41.39172550956575,-73.4021713303924,10099,,41.4,-73.4,0.937738667822354
2024-05-12 10:36:00,140295802,-2.4404239215348897,-3.220018999464918,-1.6608288436048615,41.39172550956575,-73.4021713303924,10099,,41.4,-73.4,0.937738667822354
2024-05-12 10:37:00,140295802,-0.5329218840688691,-0.6995769907952385,-0.36626677734249974,41.39172550956575,-73.4021713303924,10099,,41.4,-73.4,0.937738667822354
2024-05-12 10:38:00,140295802,0.6672593347709579,0.4405557504344028,0.8939629191075129,41.39172550956575,-73.4021713303924,10099,,41.4,-73.4,0.937738667822354
2024-05-12 10:39:00,140295802,-1.194128042847889,-1.581761918235383,-0.806494167460395,41.39172550956575,-73.4021713303924,10099,-1.2,41.4,-73.4,0.937738667822354
2024-05-12 10:40:00,140295802,-1.8797763822819655,-2.4824118863960827,-1.2771408781678484,41.39172550956575,-73.4021713303924,10099,,41.4,-73.4,0.937738667822354
2024-05-12 10:41:00,140295802,-1.8090782969219046,-2.394191731196136,-1.2239648626476731,41.39172550956575,-73.4021713303924,10099,,41.4,-73.4,0.937738667822354
2024-05-12 10:42:00,140295802,-0.6815012572963435,-0.9002070802370108,-0.46279543435567616,41.39172550956575,-73.4021713303924,10099,,41.4,-73.4,0.937738667822354
2024-05-12 10:43:00,140295802,-0.19231988935682334,-0.26305577875817165,-0.12158399995547506,41.39172550956575,-73.4021713303924,10099,,41.4,-73.4,0.937738667822354
2024-05-12 10:44:00,140295802,-0.10375953621620822,-0.147726491669041,-0.05979258076337542,41.39172550956575,-73.4021713303924,10099,,41.4,-73.4,0.937738667822354
2024-05-12 10:45:00,140295802,-1.1466398174153234,-1.516428911568486,-0.7768507232621608,41.39172550956575,-73.4021713303924,10099,,41.4,-73.4,0.937738667822354
2024-05-12 10:46:00,140295802,-2.440768484184915,-3.22423747135326,-1.6572994970165704,41.39172550956575,-73.4021713303924,10099,,41.4,-73.4,0.937738667822354
2024-05-12 10:47:00,140295802,-2.025452764186644,-2.6750277917114986,-1.3758777366617898,41.39172550956575,-73.4021713303924,10099,,41.4,-73.4,0.937738667822354
2024-05-12 10:48:00,140295802,-4.352777350217776,-5.754422273773441,-2.9511324266621113,41.39172550956575,-73.4021713303924,10099,,41.4,-73.4,0.937738667822354
2024-05-12 10:49:00,140295802,-3.6056927293165586,-4.763033241921238,-2.4483522167118794,41.39172550956575,-73.4021713303924,10099,,41.4,-73.4,0.937738667822354
2024-05-12 10:50:00,140295802,-3.718142829742049,-4.910853917000069,-2.525431742484029,41.39172550956575,-73.4021713303924,10099,,41.4,-73.4,0.937738667822354
2024-05-12 10:51:00,140295802,-3.102497266348741,-4.0956465619756495,-2.1093479707218323,41.39172550956575,-73.4021713303924,10099,,41.4,-73.4,0.937738667822354
2024-05-12 10:52:00,140295802,-2.1121551260762943,-2.7835880177072445,-1.440722234445344,41.39172550956575,-73.4021713303924,10099,,41.4,-73.4,0.937738667822354
2024-05-12 10:53:00,140295802,-2.233250382475387,-2.9473798648395895,-1.5191209001111843,41.39172550956575,-73.4021713303924,10099,,41.4,-73.4,0.937738667822354
2024-05-12 10:54:00,140295802,-3.623105686260644,-4.783064190967096,-2.463147181554192,41.39172550956575,-73.4021713303924,10099,,41.4,-73.4,0.937738667822354
2024-05-12 10:55:00,140295802,-3.593017129521621,-4.745571291635921,-2.440462967407321,41.39172550956575,-73.4021713303924,10099,,41.4,-73.4,0.937738667822354
2024-05-12 10:56:00,140295802,-4.380191163759782,-5.7801502160766525,-2.980232111442911,41.39172550956575,-73.4021713303924,10099,,41.4,-73.4,0.937738667822354
2024-05-12 10:57:00,140295802,-3.6328732680557367,-4.784069158152916,-2.4816773779585573,41.39172550956575,-73.4021713303924,10099,,41.4,-73.4,0.937738667822354
2024-05-12 10:58:00,140295802,-1.570447997565855,-2.060042955731246,-1.0808530394004638,41.39172550956575,-73.4021713303924,10099,,41.4,-73.4,0.937738667822354
2024-05-12 10:59:00,140295802,-0.7137765606916638,-0.9342371639579159,-0.4933159574254118,41.39172550956575,-73.4021713303924,10099,,41.4,-73.4,0.937738667822354
2024-05-12 11:00:00,140295802,-0.2969711192867212,-0.38887238308692507,-0.20506985548651735,41.39172550956575,-73.4021713303924,10099,,41.4,-73.4,0.937738667822354
2024-05-12 11:01:00,140295802,2.142442950778139,1.4459716267367504,2.838914274819527,41.39172550956575,-73.4021713303924,10099,,41.4,-73.4,0.937738667822354
2024-05-12 11:02:00,140295802,4.662504785192342,3.156452962893627,6.168556607491056,41.39172550956575,-73.4021713303924,10099,,41.4,-73.4,0.937738667822354
2024-05-12 11:03:00,140295802,4.810026698990872,3.26141552085617,6.358637877125574,41.39172550956575,-73.4021713303924,10099,,41.4,-73.4,0.937738667822354
2024-05-12 11:04:00,140295802,3.310202762148434,2.2480242467508837,4.372381277545984,41.39172550956575,-73.4021713303924,10099,,41.4,-73.4,0.937738667822354
2024-05-12 11:05:00,140295802,2.4954757991440615,1.6988427907467492,3.292108807541374,41.39172550956575,-73.4021713303924,10099,,41.4,-73.4,0.937738667822354
2024-05-12 11:06:00,140295802,1.1712331868950885,0.8007137105867269,1.5417526632034502,41.39172550956575,-73.4021713303924,10099,0.4,41.4,-73.4,0.937738667822354
2024-05-12 11:07:00,140295802,0.017738176962561476,-0.006398817757041188,0.04187517168216414,41.39172550956575,-73.4021713303924,10099,,41.4,-73.4,0.937738667822354
2024-05-12 11:08:00,140295802,-1.1005294914158963,-1.4606046549979488,-0.7404543278338438,41.39172550956575,-73.4021713303924,10099,,41.4,-73.4,0.937738667822354
2024-05-12 11:09:00,140295802,-1.7419804997163308,-2.3060623998983174,-1.1778985995343443,41.39172550956575,-73.4021713303924,10099,,41.4,-73.4,0.937738667822354
2024-05-12 11:10:00,140295802,-1.5298541391403753,-2.020320714910441,-1.0393875633703098,41.39172550956575,-73.4021713303924,10099,,41.4,-73.4,0.937738667822354
2024-05-12 11:11:00,140295802,-1.2260623109295852,-1.6156198894324816,-0.8365047324266887,41.39172550956575,-73.4021713303924,10099,,41.4,-73.4,0.937738667822354
2024-05-12 11:12:00,140295802,-0.9396747131470152,-1.2359469719342668,-0.6434024543597636,41.39172550956575,-73.4021713303924,10099,0.6,41.4,-73.4,0.937738667822354
2024-05-12 11:13:00,140295802,-1.0980246154063924,-1.444910486137098,-0.7511387446756868,41.39172550956575,-73.4021713303924,10099,,41.4,-73.4,0.937738667822354
2024-05-12 11:14:00,140295802,-1.5937188091433436,-2.1007746331525676,-1.0866629851341196,41.39172550956575,-73.4021713303924,10099,,41.4,-73.4,0.937738667822354
2024-05-12 11:15:00,140295802,-2.054914324952845,-2.710187888100692,-1.3996407618049984,41.39172550956575,-73.4021713303924,10099,-0.1,41.4,-73.4,0.937738667822354
2024-05-12 11:16:00,140295802,-2.2095639829647573,-2.9158173420815165,-1.5033106238479983,41.39172550956575,-73.4021713303924,10099,,41.4,-73.4,0.937738667822354
2024-05-12 11:17:00,140295802,-3.7374737867735384,-4.935177779505457,-2.5397697940416197,41.39172550956575,-73.4021713303924,10099,,41.4,-73.4,0.937738667822354
2024-05-12 11:18:00,140295802,-3.7639951964368796,-4.96716106943638,-2.560829323437379,41.39172550956575,-73.4021713303924,10099,,41.4,-73.4,0.937738667822354
2024-05-12 11:19:00,140295802,-3.4576710035328877,-4.561602779973391,-2.353739227092384,41.39172550956575,-73.4021713303924,10099,,41.4,-73.4,0.937738667822354
2024-05-12 11:20:00,140295802,-3.129735350907596,-4.124766080848888,-2.1347046209663043,41.39172550956575,-73.4021713303924,10099,,41.4,-73.4,0.937738667822354
2024-05-12 11:21:00,140295802,-3.3833276663806506,-4.457162023966719,-2.3094933087945826,41.39172550956575,-73.4021713303924,10099,0.0,41.4,-73.4,0.937738667822354
2024-05-12 11:22:00,140295802,-2.645513473148633,-3.4794026566071956,-1.81162428969007,41.39172550956575,-73.4021713303924,10099,,41.4,-73.4,0.937738667822354
2024-05-12 11:23:00,140295802,-1.5159672459115958,-1.9917055712514227,-1.040228920571769,41.39172550956575,-73.4021713303924,10099,,41.4,-73.4,0.937738667822354
2024-05-12 11:24:00,140295802,-2.458031140697331,-3.2331960422803667,-1.6828662391142957,41.39172550956575,-73.4021713303924,10099,,41.4,-73.4,0.937738667822354
2024-05-12 11:25:00,140295802,-0.577182686287807,-0.7555975016873967,-0.3987678708882173,41.39172550956575,-73.4021713303924,10099,,41.4,-73.4,0.937738667822354
2024-05-12 11:26:00,140295802,-1.0771505961516745,-1.4187375052420246,-0.7355636870613245,41.39172550956575,-73.4021713303924,10099,,41.4,-73.4,0.937738667822354
2024-05-12 11:27:00,140295802,-2.9409898125139393,-3.8860124228459743,-1.9959672021819044,41.39172550956575,-73.4021713303924,10099,,41.4,-73.4,0.937738667822354
2024-05-12 11:28:00,140295802,-2.0596816734711925,-2.715396430641876,-1.4039669163005088,41.39172550956575,-73.4021713303924,10099,,41.4,-73.4,0.937738667822354
2024-05-12 11:29:00,140295802,-1.9442309672222997,-2.561446973218561,-1.3270149612260385,41.39172550956575,-73.4021713303924,10099,,41.4,-73.4,0.937738667822354
2024-05-12 11:30:00,140295802,-1.0820409875540506,-1.4196819344902538,-0.7444000406178475,41.39172550956575,-73.4021713303924,10099,,41.4,-73.4,0.937738667822354
2024-05-12 11:31:00,140295802,-0.037566520976991556,-0.07506299857532567,-7.004337865743754e-05,41.39172550956575,-73.4021713303924,10099,,41.4,-73.4,0.937738667822354
2024-05-12 11:32:00,140295802,0.5931992825111351,0.3937792776687843,0.7926192873534859,41.39172550956575,-73.4021713303924,10099,,41.4,-73.4,0.937738667822354
2024-05-12 11:33:00,140295802,1.0656629121467882,0.7190667805214098,1.4122590437721665,41.39172550956575,-73.4021713303924,10099,,41.4,-73.4,0.937738667822354
2024-05-12 11:34:00,140295802,2.4331557305534384,1.6503273128220777,3.2159841482847993,41.39172550956575,-73.4021713303924,10099,,41.4,-73.4,0.937738667822354
2024-05-12 11:35:00,140295802,2.4401007443292997,1.659048853876436,3.2211526347821633,41.39172550956575,-73.4021713303924,10099,,41.4,-73.4,0.937738667822354
2024-05-12 11:36:00,140295802,1.4855159350056995,1.0108722355932052,1.9601596344181937,41.39172550956575,-73.4021713303924,10099,,41.4,-73.4,0.937738667822354
2024-05-12 11:37:00,140295802,-0.6453967912117939,-0.8546976180533189,-0.436095964370269,41.39172550956575,-73.4021713303924,10099,,41.4,-73.4,0.937738667822354
2024-05-12 11:38:00,140295802,-0.9119670271201241,-1.2036089272255126,-0.6203251270147356,41.39172550956575,-73.4021713303924,10099,,41.4,-73.4,0.937738667822354
2024-05-12 11:39:00,140295802,-0.608155805570888,-0.8108209068462608,-0.40549070429551515,41.39172550956575,-73.4021713303924,10099,,41.4,-73.4,0.937738667822354
2024-05-12 11:40:00,140295802,-0.5733760516521028,-0.7641855350829758,-0.3825665682212298,41.39172550956575,-73.4021713303924,10099,,41.4,-73.4,0.937738667822354
2024-05-12 11:41:00,140295802,0.31014936342648697,0.21452357040602418,0.4057751564469497,41.39172550956575,-73.4021713303924,10099,,41.4,-73.4,0.937738667822354
2024-05-12 11:42:00,140295802,-0.9195595454975477,-1.2256983292185586,-0.6134207617765368,41.39172550956575,-73.4021713303924,10099,,41.4,-73.4,0.937738667822354
2024-05-12 11:43:00,140295802,-1.0627390481624985,-1.4082856443681617,-0.7171924519568353,41.39172550956575,-73.4021713303924,10099,,41.4,-73.4,0.937738667822354
2024-05-12 11:44:00,140295802,-0.976157245779396,-1.2902063534419639,-0.6621081381168281,41.39172550956575,-73.4021713303924,10099,,41.4,-73.4,0.937738667822354
2024-05-12 11:45:00,140295802,-1.3534415891221292,-1.7897006117801435,-0.9171825664641149,41.39172550956575,-73.4021713303924,10099,,41.4,-73.4,0.937738667822354
2024-05-12 11:46:00,140295802,-2.1580900981611477,-2.854404767327182,-1.4617754289951135,41.39172550956575,-73.4021713303924,10099,,41.4,-73.4,0.937738667822354
2024-05-12 11:47:00,140295802,-2.8686799511574863,-3.7937035560206116,-1.9436563462943612,41.39172550956575,-73.4021713303924,10099,,41.4,-73.4,0.937738667822354
2024-05-12 11:48:00,140295802,-3.1563344149661243,-4.167890846854662,-2.144777983077587,41.39172550956575,-73.4021713303924,10099,,41.4,-73.4,0.937738667822354
2024-05-12 11:49:00,140295802,-3.0465803920176993,-4.021530299439381,-2.0716304845960174,41.39172550956575,-73.4021713303924,10099,,41.4,-73.4,0.937738667822354
2024-05-12 11:50:00,140295802,-2.1742506638206636,-2.86368146858917,-1.484819859052157,41.39172550956575,-73.4021713303924,10099,-0.4,41.4,-73.4,0.937738667822354
2024-05-12 11:51:00,140295802,-1.6650744683312295,-2.193123144084922,-1.1370257925775369,41.39172550956575,-73.4021713303924,10099,,41.4,-73.4,0.937738667822354
2024-05-12 11:52:00,140295802,-2.4909326649249945,-3.2851429106749617,-1.6967224191750274,41.39172550956575,-73.4021713303924,10099,,41.4,-73.4,0.937738667822354
2024-05-12 11:53:00,140295802,-1.6422012254110254,-2.1619938217400936,-1.1224086290819573,41.39172550956575,-73.4021713303924,10099,,41.4,-73.4,0.937738667822354
2024-05-12 11:54:00,140295802,-0.28549155969182055,-0.37357460822605526,-0.19740851115758584,41.39172550956575,-73.4021713303924,10099,,41.4,-73.4,0.937738667822354
2024-05-12 11:55:00,140295802,-0.7193620224345597,-0.9460833548055476,-0.4926406900635718,41.39172550956575,-73.4021713303924,10099,,41.4,-73.4,0.937738667822354
2024-05-12 11:56:00,140295802,-0.4800839564742002,-0.6307534767641296,-0.32941443618427085,41.39172550956575,-73.4021713303924,10099,,41.4,-73.4,0.937738667822354
2024-05-12 11:57:00,140295802,0.3357339227632771,0.22378600287903577,0.4476818426475185,41.39172550956575,-73.4021713303924,10099,,41.4,-73.4,0.937738667822354
2024-05-12 11:58:00,140295802,1.0528421834073867,0.7089318305602046,1.3967525362545687,41.39172550956575,-73.4021713303924,10099,,41.4,-73.4,0.937738667822354
2024-05-12 11:59:00,140295802,1.682140619608394,1.1381885698955854,2.2260926693212024,41.39172550956575,-73.4021713303924,10099,,41.4,-73.4,0.937738667822354
2024-05-12 12:00:00,140295802,1.6419003753733814,1.107853157832206,2.175947592914557,41.39172550956575,-73.4021713303924,10099,0.4,41.4,-73.4,0.937738667822354
