timestamp,substation,Sim GIC (Median),Sim GIC (2.5),Sim GIC (97.5),sub lat,sub lon,site_1_device,site_1_gic,site_1_Latitude,site_1_Longitude,site_1_Distance
2024-05-10 12:00:00,43092005,-0.01725618500678596,-0.031322925883819186,-0.0031894441297527325,42.31375315313785,-87.97554804778305,10077,-1.47,42.3,-87.9,6.398089507473047
2024-05-10 12:01:00,43092005,-0.021431924740768625,-0.035623690534312635,-0.007240158947224613,42.31375315313785,-87.97554804778305,10077,-1.27,42.3,-87.9,6.398089507473047
2024-05-10 12:02:00,43092005,0.13447279285261393,0.06786314625453015,0.2010824394506977,42.31375315313785,-87.97554804778305,10077,-1.25,42.3,-87.9,6.398089507473047
2024-05-10 12:03:00,43092005,0.04830076432971279,0.02618938371587894,0.07041214494354664,42.31375315313785,-87.97554804778305,10077,-1.77,42.3,-87.9,6.398089507473047
2024-05-10 12:04:00,43092005,0.040250701445824745,0.023200618613765354,0.05730078427788414,42.31375315313785,-87.97554804778305,10077,-1.56,42.3,-87.9,6.398089507473047
2024-05-10 12:05:00,43092005,-0.03586512894092774,-0.05703428175809469,-0.014695976123760796,42.31375315313785,-87.97554804778305,10077,-1.31,42.3,-87.9,6.398089507473047
2024-05-10 12:06:00,43092005,0.08394404340600758,0.04625811819985312,0.12162996861216205,42.31375315313785,-87.97554804778305,10077,-1.3,42.3,-87.9,6.398089507473047
2024-05-10 12:07:00,43092005,0.048444814338141066,0.02829022759005811,0.06859940108622402,42.31375315313785,-87.97554804778305,10077,-1.3,42.3,-87.9,6.398089507473047
2024-05-10 12:08:00,43092005,-0.01909013107398007,-0.02643915600093046,-0.011741106147029678,42.31375315313785,-87.97554804778305,10077,-1.3,42.3,-87.9,6.398089507473047
2024-05-10 12:09:00,43092005,0.020544698925582076,0.002972029413383419,0.038117368437780734,42.31375315313785,-87.97554804778305,10077,-1.28,42.3,-87.9,6.398089507473047
2024-05-10 12:10:00,43092005,0.17595881054453308,0.09335258227518875,0.2585650388138774,42.31375315313785,-87.97554804778305,10077,-1.15,42.3,-87.9,6.398089507473047
2024-05-10 12:11:00,43092005,0.04948909325731736,0.01639739707542668,0.08258078943920805,42.31375315313785,-87.97554804778305,10077,-1.02,42.3,-87.9,6.398089507473047
2024-05-10 12:12:00,43092005,0.04358522234466172,0.020053791780175786,0.06711665290914766,42.31375315313785,-87.97554804778305,10077,-1.14,42.3,-87.9,6.398089507473047
2024-05-10 12:13:00,43092005,0.00028814986345745074,-0.005974349221097306,0.006550648948012208,42.31375315313785,-87.97554804778305,10077,-1.31,42.3,-87.9,6.398089507473047
2024-05-10 12:14:00,43092005,-0.05796727638943751,-0.08639464162658092,-0.029539911152294096,42.31375315313785,-87.97554804778305,10077,-1.48,42.3,-87.9,6.398089507473047
2024-05-10 12:15:00,43092005,0.025287065974041064,0.011735673767784116,0.03883845818029801,42.31375315313785,-87.97554804778305,10077,-1.6,42.3,-87.9,6.398089507473047
2024-05-10 12:16:00,43092005,-0.02344313534828636,-0.03175816642812415,-0.015128104268448567,42.31375315313785,-87.97554804778305,10077,-1.6,42.3,-87.9,6.398089507473047
2024-05-10 12:17:00,43092005,-0.05157448379392911,-0.06984423986924718,-0.03330472771861104,42.31375315313785,-87.97554804778305,10077,-1.6,42.3,-87.9,6.398089507473047
2024-05-10 12:18:00,43092005,-0.07722276369609256,-0.1048955711143282,-0.04954995627785691,42.31375315313785,-87.97554804778305,10077,-1.59,42.3,-87.9,6.398089507473047
2024-05-10 12:19:00,43092005,-0.06008587629163176,-0.08120242119002341,-0.038969331393240096,42.31375315313785,-87.97554804778305,10077,-1.56,42.3,-87.9,6.398089507473047
2024-05-10 12:20:00,43092005,-0.09200365040544654,-0.12492736461319974,-0.05907993619769335,42.31375315313785,-87.97554804778305,10077,-1.53,42.3,-87.9,6.398089507473047
2024-05-10 12:21:00,43092005,-0.1777873652704751,-0.247181685218168,-0.10839304532278218,42.31375315313785,-87.97554804778305,10077,-1.5,42.3,-87.9,6.398089507473047
2024-05-10 12:22:00,43092005,-0.09249856002059273,-0.12561237531621597,-0.059384744724969483,42.31375315313785,-87.97554804778305,10077,-1.47,42.3,-87.9,6.398089507473047
2024-05-10 12:23:00,43092005,-0.05903095446928477,-0.08226007679033982,-0.03580183214822971,42.31375315313785,-87.97554804778305,10077,-1.43,42.3,-87.9,6.398089507473047
2024-05-10 12:24:00,43092005,0.007294455044611458,-0.008230786019259594,0.02281969610848251,42.31375315313785,-87.97554804778305,10077,-1.39,42.3,-87.9,6.398089507473047
2024-05-10 12:25:00,43092005,-0.10430284854220717,-0.1451091596745324,-0.06349653740988195,42.31375315313785,-87.97554804778305,10077,-1.35,42.3,-87.9,6.398089507473047
2024-05-10 12:26:00,43092005,-0.08661731502699449,-0.1170796846781138,-0.056154945375875176,42.31375315313785,-87.97554804778305,10077,-1.31,42.3,-87.9,6.398089507473047
2024-05-10 12:27:00,43092005,0.027754085813882414,-0.016803240789962096,0.07231141241772693,42.31375315313785,-87.97554804778305,10077,-1.27,42.3,-87.9,6.398089507473047
2024-05-10 12:28:00,43092005,0.00575795522698065,-0.029418339378405024,0.04093424983236633,42.31375315313785,-87.97554804778305,10077,-1.22,42.3,-87.9,6.398089507473047
2024-05-10 12:29:00,43092005,0.02232845037012492,-0.022452004912587257,0.0671089056528371,42.31375315313785,-87.97554804778305,10077,-1.23,42.3,-87.9,6.398089507473047
2024-05-10 12:30:00,43092005,-0.002606117753025626,-0.00916205752493219,0.003949822018880937,42.31375315313785,-87.97554804778305,10077,-1.3,42.3,-87.9,6.398089507473047
2024-05-10 12:31:00,43092005,-0.06402091981194223,-0.0890469647118747,-0.03899487491200976,42.31375315313785,-87.97554804778305,10077,-1.38,42.3,-87.9,6.398089507473047
2024-05-10 12:32:00,43092005,0.07160347347605255,0.03619484468602972,0.10701210226607537,42.31375315313785,-87.97554804778305,10077,-1.48,42.3,-87.9,6.398089507473047
2024-05-10 12:33:00,43092005,0.02661108730259677,-0.003660952249353082,0.05688312685454662,42.31375315313785,-87.97554804778305,10077,-1.6,42.3,-87.9,6.398089507473047
2024-05-10 12:34:00,43092005,-0.014756406490014251,-0.03186715866047608,0.0023543456804475844,42.31375315313785,-87.97554804778305,10077,-1.4,42.3,-87.9,6.398089507473047
2024-05-10 12:35:00,43092005,-0.1443686291510076,-0.19994213545507536,-0.08879512284693983,42.31375315313785,-87.97554804778305,10077,-1.4,42.3,-87.9,6.398089507473047
2024-05-10 12:36:00,43092005,-0.058017278127465634,-0.07844223807031436,-0.037592318184616905,42.31375315313785,-87.97554804778305,10077,-1.36,42.3,-87.9,6.398089507473047
2024-05-10 12:37:00,43092005,-0.09112657610336342,-0.12330451715118763,-0.0589486350555392,42.31375315313785,-87.97554804778305,10077,-1.32,42.3,-87.9,6.398089507473047
2024-05-10 12:38:00,43092005,0.05038473853615176,0.010505872052954952,0.09026360501934858,42.31375315313785,-87.97554804778305,10077,-1.3,42.3,-87.9,6.398089507473047
2024-05-10 12:39:00,43092005,0.0016390398673639883,-0.028504713594790516,0.03178279332951849,42.31375315313785,-87.97554804778305,10077,-1.3,42.3,-87.9,6.398089507473047
2024-05-10 12:40:00,43092005,0.02336718226382672,-0.009123713652408372,0.05585807818006182,42.31375315313785,-87.97554804778305,10077,-1.3,42.3,-87.9,6.398089507473047
2024-05-10 12:41:00,43092005,-0.030946694173410134,-0.0520479513379805,-0.009845437008839771,42.31375315313785,-87.97554804778305,10077,-1.3,42.3,-87.9,6.398089507473047
2024-05-10 12:42:00,43092005,0.08076496451622577,0.02080459818008242,0.1407253308523691,42.31375315313785,-87.97554804778305,10077,-1.3,42.3,-87.9,6.398089507473047
2024-05-10 12:43:00,43092005,0.03699199593235395,0.00278752355638736,0.07119646830832055,42.31375315313785,-87.97554804778305,10077,-1.22,42.3,-87.9,6.398089507473047
2024-05-10 12:44:00,43092005,0.05296178151296143,0.02434989831831651,0.08157366470760635,42.31375315313785,-87.97554804778305,10077,-1.28,42.3,-87.9,6.398089507473047
2024-05-10 12:45:00,43092005,0.08663415059915285,0.02685331615622657,0.14641498504207912,42.31375315313785,-87.97554804778305,10077,-1.38,42.3,-87.9,6.398089507473047
2024-05-10 12:46:00,43092005,0.08425255011992394,0.03270248693256705,0.13580261330728083,42.31375315313785,-87.97554804778305,10077,-1.48,42.3,-87.9,6.398089507473047
2024-05-10 12:47:00,43092005,0.013163087264220942,-0.013051952584808004,0.03937812711324989,42.31375315313785,-87.97554804778305,10077,-1.5,42.3,-87.9,6.398089507473047
2024-05-10 12:48:00,43092005,0.06686193521197577,0.03286380187745799,0.10086006854649354,42.31375315313785,-87.97554804778305,10077,-1.5,42.3,-87.9,6.398089507473047
2024-05-10 12:49:00,43092005,-0.0479935045089435,-0.07802361680499649,-0.01796339221289051,42.31375315313785,-87.97554804778305,10077,-1.36,42.3,-87.9,6.398089507473047
2024-05-10 12:50:00,43092005,0.10509207899382286,0.04178766264344523,0.16839649534420048,42.31375315313785,-87.97554804778305,10077,-1.19,42.3,-87.9,6.398089507473047
2024-05-10 12:51:00,43092005,0.17478341108099335,0.09272540400333165,0.256841418158655,42.31375315313785,-87.97554804778305,10077,-1.51,42.3,-87.9,6.398089507473047
2024-05-10 12:52:00,43092005,0.10671709596475862,0.05618787748226631,0.15724631444725093,42.31375315313785,-87.97554804778305,10077,-1.22,42.3,-87.9,6.398089507473047
2024-05-10 12:53:00,43092005,-0.03244449475619548,-0.05506311729784744,-0.009825872214543514,42.31375315313785,-87.97554804778305,10077,-1.25,42.3,-87.9,6.398089507473047
2024-05-10 12:54:00,43092005,0.01993941611646532,0.01199587853948798,0.027882953693442663,42.31375315313785,-87.97554804778305,10077,-1.29,42.3,-87.9,6.398089507473047
2024-05-10 12:55:00,43092005,0.04008127961894655,0.01810736038366231,0.06205519885423079,42.31375315313785,-87.97554804778305,10077,-1.3,42.3,-87.9,6.398089507473047
2024-05-10 12:56:00,43092005,0.08891323308447577,0.042561536894785194,0.13526492927416633,42.31375315313785,-87.97554804778305,10077,-1.3,42.3,-87.9,6.398089507473047
2024-05-10 12:57:00,43092005,0.12342693204180405,0.05099795155971418,0.19585591252389392,42.31375315313785,-87.97554804778305,10077,-1.3,42.3,-87.9,6.398089507473047
2024-05-10 12:58:00,43092005,0.07118873053076,0.03395481421674499,0.10842264684477501,42.31375315313785,-87.97554804778305,10077,-1.53,42.3,-87.9,6.398089507473047
2024-05-10 12:59:00,43092005,0.028015566652495983,0.01546284308381742,0.040568290221174544,42.31375315313785,-87.97554804778305,10077,-1.38,42.3,-87.9,6.398089507473047
2024-05-10 13:00:00,43092005,0.042626624290871065,0.027155558695482182,0.05809768988625995,42.31375315313785,-87.97554804778305,10077,-1.02,42.3,-87.9,6.398089507473047
2024-05-10 13:01:00,43092005,0.0751022264089454,0.027902685959517094,0.12230176685837371,42.31375315313785,-87.97554804778305,10077,-1.04,42.3,-87.9,6.398089507473047
2024-05-10 13:02:00,43092005,0.1681293904557264,0.09669489319743464,0.23956388771401815,42.31375315313785,-87.97554804778305,10077,-1.07,42.3,-87.9,6.398089507473047
2024-05-10 13:03:00,43092005,0.09182158127231033,0.025791520712138388,0.15785164183248226,42.31375315313785,-87.97554804778305,10077,-1.09,42.3,-87.9,6.398089507473047
2024-05-10 13:04:00,43092005,0.17139379680506828,0.08490032353366213,0.25788727007647444,42.31375315313785,-87.97554804778305,10077,-1.1,42.3,-87.9,6.398089507473047
2024-05-10 13:05:00,43092005,0.1271518622910899,0.05549107945026302,0.1988126451319168,42.31375315313785,-87.97554804778305,10077,-1.1,42.3,-87.9,6.398089507473047
2024-05-10 13:06:00,43092005,0.08148750948269191,0.04560024898240202,0.11737476998298181,42.31375315313785,-87.97554804778305,10077,-1.1,42.3,-87.9,6.398089507473047
2024-05-10 13:07:00,43092005,0.09575074831289905,0.05781158649291842,0.13368991013287967,42.31375315313785,-87.97554804778305,10077,-1.14,42.3,-87.9,6.398089507473047
2024-05-10 13:08:00,43092005,0.14466923547623897,0.07609930340126735,0.21323916755121058,42.31375315313785,-87.97554804778305,10077,-1.19,42.3,-87.9,6.398089507473047
2024-05-10 13:09:00,43092005,0.14177080131787106,0.07570413117813002,0.2078374714576121,42.31375315313785,-87.97554804778305,10077,-1.35,42.3,-87.9,6.398089507473047
2024-05-10 13:10:00,43092005,0.281010784890344,0.13691375137260287,0.4251078184080851,42.31375315313785,-87.97554804778305,10077,-1.45,42.3,-87.9,6.398089507473047
2024-05-10 13:11:00,43092005,0.23572937180439854,0.08739312674137853,0.3840656168674186,42.31375315313785,-87.97554804778305,10077,-1.08,42.3,-87.9,6.398089507473047
2024-05-10 13:12:00,43092005,0.41043612004589186,0.19282144278522137,0.6280507973065623,42.31375315313785,-87.97554804778305,10077,-0.71,42.3,-87.9,6.398089507473047
2024-05-10 13:13:00,43092005,0.332234977123638,0.15746948169552685,0.5070004725517491,42.31375315313785,-87.97554804778305,10077,-0.51,42.3,-87.9,6.398089507473047
2024-05-10 13:14:00,43092005,0.13623271664058356,0.08487187012211106,0.18759356315905606,42.31375315313785,-87.97554804778305,10077,-0.31,42.3,-87.9,6.398089507473047
2024-05-10 13:15:00,43092005,0.16203907599910758,0.10004692827502903,0.22403122372318612,42.31375315313785,-87.97554804778305,10077,-0.89,42.3,-87.9,6.398089507473047
2024-05-10 13:16:00,43092005,0.24825629699312357,0.15056783413628777,0.34594475984995937,42.31375315313785,-87.97554804778305,10077,-1.35,42.3,-87.9,6.398089507473047
2024-05-10 13:17:00,43092005,0.17469462239764688,0.11128185281247406,0.23810739198281972,42.31375315313785,-87.97554804778305,10077,-1.31,42.3,-87.9,6.398089507473047
2024-05-10 13:18:00,43092005,0.09354462878040988,0.05511410771780532,0.13197514984301445,42.31375315313785,-87.97554804778305,10077,-1.34,42.3,-87.9,6.398089507473047
2024-05-10 13:19:00,43092005,-0.012800985491291309,-0.019835855637601627,-0.0057661153449809896,42.31375315313785,-87.97554804778305,10077,-1.37,42.3,-87.9,6.398089507473047
2024-05-10 13:20:00,43092005,-0.0033486523668249304,-0.02308864502351478,0.01639134028986492,42.31375315313785,-87.97554804778305,10077,-1.4,42.3,-87.9,6.398089507473047
2024-05-10 13:21:00,43092005,0.06090688564053697,0.031479374514006155,0.09033439676706778,42.31375315313785,-87.97554804778305,10077,-1.46,42.3,-87.9,6.398089507473047
2024-05-10 13:22:00,43092005,0.0558928398410778,0.035690096636727814,0.07609558304542778,42.31375315313785,-87.97554804778305,10077,-1.45,42.3,-87.9,6.398089507473047
2024-05-10 13:23:00,43092005,0.029479405218046765,0.011154572985352707,0.04780423745074082,42.31375315313785,-87.97554804778305,10077,-1.3,42.3,-87.9,6.398089507473047
2024-05-10 13:24:00,43092005,0.08490312397526693,0.04859944778597452,0.12120680016455934,42.31375315313785,-87.97554804778305,10077,-1.15,42.3,-87.9,6.398089507473047
2024-05-10 13:25:00,43092005,0.10293774683504625,0.05232078207165997,0.15355471159843254,42.31375315313785,-87.97554804778305,10077,-1.0,42.3,-87.9,6.398089507473047
2024-05-10 13:26:00,43092005,0.09291404023075611,0.05853371699920523,0.127294363462307,42.31375315313785,-87.97554804778305,10077,-1.01,42.3,-87.9,6.398089507473047
2024-05-10 13:27:00,43092005,0.032998018787790774,0.015562105510061323,0.05043393206552023,42.31375315313785,-87.97554804778305,10077,-1.03,42.3,-87.9,6.398089507473047
2024-05-10 13:28:00,43092005,0.007376999660785107,-0.004477400388911643,0.019231399710481857,42.31375315313785,-87.97554804778305,10077,-1.04,42.3,-87.9,6.398089507473047
2024-05-10 13:29:00,43092005,0.09356410353576396,0.03821994166494867,0.14890826540657925,42.31375315313785,-87.97554804778305,10077,-1.06,42.3,-87.9,6.398089507473047
2024-05-10 13:30:00,43092005,0.11174275159467022,0.05546050194242813,0.1680250012469123,42.31375315313785,-87.97554804778305,10077,-1.07,42.3,-87.9,6.398089507473047
2024-05-10 13:31:00,43092005,0.10668762226736075,0.03969545973918255,0.17367978479553897,42.31375315313785,-87.97554804778305,10077,-1.08,42.3,-87.9,6.398089507473047
2024-05-10 13:32:00,43092005,0.09740619652601204,0.042973905267615665,0.15183848778440842,42.31375315313785,-87.97554804778305,10077,-1.1,42.3,-87.9,6.398089507473047
2024-05-10 13:33:00,43092005,0.11020956951354567,0.0555471754362288,0.16487196359086254,42.31375315313785,-87.97554804778305,10077,-1.49,42.3,-87.9,6.398089507473047
2024-05-10 13:34:00,43092005,0.1195707531635828,0.053432338319874456,0.18570916800729115,42.31375315313785,-87.97554804778305,10077,-1.47,42.3,-87.9,6.398089507473047
2024-05-10 13:35:00,43092005,0.06433305918515653,0.026200833989378683,0.10246528438093437,42.31375315313785,-87.97554804778305,10077,-0.94,42.3,-87.9,6.398089507473047
2024-05-10 13:36:00,43092005,0.16668760247253125,0.0840491352283819,0.24932606971668062,42.31375315313785,-87.97554804778305,10077,-1.1,42.3,-87.9,6.398089507473047
2024-05-10 13:37:00,43092005,0.14849491582081692,0.07598863723469201,0.22100119440694183,42.31375315313785,-87.97554804778305,10077,-1.16,42.3,-87.9,6.398089507473047
2024-05-10 13:38:00,43092005,0.10961588525346347,0.05766118320384483,0.1615705873030821,42.31375315313785,-87.97554804778305,10077,-0.91,42.3,-87.9,6.398089507473047
2024-05-10 13:39:00,43092005,-0.005916998155101683,-0.01073517446746404,-0.0010988218427393252,42.31375315313785,-87.97554804778305,10077,-1.14,42.3,-87.9,6.398089507473047
2024-05-10 13:40:00,43092005,0.12215918947459388,0.062305656389361634,0.18201272255982612,42.31375315313785,-87.97554804778305,10077,-1.32,42.3,-87.9,6.398089507473047
2024-05-10 13:41:00,43092005,0.0672749668294984,0.03182623544223757,0.10272369821675925,42.31375315313785,-87.97554804778305,10077,-1.38,42.3,-87.9,6.398089507473047
2024-05-10 13:42:00,43092005,0.12432414604897114,0.07098704221132554,0.17766124988661675,42.31375315313785,-87.97554804778305,10077,-1.4,42.3,-87.9,6.398089507473047
2024-05-10 13:43:00,43092005,0.0951623651323044,0.04272120351584425,0.14760352674876456,42.31375315313785,-87.97554804778305,10077,-1.15,42.3,-87.9,6.398089507473047
2024-05-10 13:44:00,43092005,0.1228823067764384,0.05582484549216517,0.1899397680607116,42.31375315313785,-87.97554804778305,10077,-1.21,42.3,-87.9,6.398089507473047
2024-05-10 13:45:00,43092005,0.1264169758025199,0.05909863821093299,0.19373531339410682,42.31375315313785,-87.97554804778305,10077,-1.07,42.3,-87.9,6.398089507473047
2024-05-10 13:46:00,43092005,0.062421915560049286,0.026920225044184357,0.09792360607591422,42.31375315313785,-87.97554804778305,10077,-1.04,42.3,-87.9,6.398089507473047
2024-05-10 13:47:00,43092005,-0.006464742095706247,-0.01790723466379665,0.0049777504723841565,42.31375315313785,-87.97554804778305,10077,-1.09,42.3,-87.9,6.398089507473047
2024-05-10 13:48:00,43092005,0.11271445974205763,0.043585775646190816,0.18184314383792444,42.31375315313785,-87.97554804778305,10077,-1.32,42.3,-87.9,6.398089507473047
2024-05-10 13:49:00,43092005,0.09232245584749114,0.056587177032212124,0.12805773466277015,42.31375315313785,-87.97554804778305,10077,-1.04,42.3,-87.9,6.398089507473047
2024-05-10 13:50:00,43092005,0.02088172964989698,0.0005558185953747144,0.04120764070441925,42.31375315313785,-87.97554804778305,10077,-1.73,42.3,-87.9,6.398089507473047
2024-05-10 13:51:00,43092005,0.06610133818567808,0.03749434540622018,0.09470833096513598,42.31375315313785,-87.97554804778305,10077,-1.71,42.3,-87.9,6.398089507473047
2024-05-10 13:52:00,43092005,0.11026317830241862,0.05934818135497431,0.16117817524986294,42.31375315313785,-87.97554804778305,10077,-1.26,42.3,-87.9,6.398089507473047
2024-05-10 13:53:00,43092005,0.1537473039318782,0.06149659183894718,0.2459980160248092,42.31375315313785,-87.97554804778305,10077,-0.94,42.3,-87.9,6.398089507473047
2024-05-10 13:54:00,43092005,0.24175725931232855,0.1144793878587349,0.3690351307659222,42.31375315313785,-87.97554804778305,10077,-0.69,42.3,-87.9,6.398089507473047
2024-05-10 13:55:00,43092005,0.2356552828201338,0.1234920982042374,0.3478184674360302,42.31375315313785,-87.97554804778305,10077,-0.45,42.3,-87.9,6.398089507473047
2024-05-10 13:56:00,43092005,0.22322427527278774,0.08352278793311263,0.36292576261246284,42.31375315313785,-87.97554804778305,10077,-0.89,42.3,-87.9,6.398089507473047
2024-05-10 13:57:00,43092005,0.20873773282855973,0.11502017131652449,0.302455294340595,42.31375315313785,-87.97554804778305,10077,-1.07,42.3,-87.9,6.398089507473047
2024-05-10 13:58:00,43092005,0.1607885677204059,0.08865124815796625,0.23292588728284552,42.31375315313785,-87.97554804778305,10077,-1.16,42.3,-87.9,6.398089507473047
2024-05-10 13:59:00,43092005,0.11338788635543265,0.07005050495888912,0.15672526775197618,42.31375315313785,-87.97554804778305,10077,-1.25,42.3,-87.9,6.398089507473047
2024-05-10 14:00:00,43092005,0.1313842244263631,0.06335668787326283,0.1994117609794634,42.31375315313785,-87.97554804778305,10077,-1.21,42.3,-87.9,6.398089507473047
2024-05-10 14:01:00,43092005,0.16426725361150757,0.10253281264268557,0.22600169458032957,42.31375315313785,-87.97554804778305,10077,-1.01,42.3,-87.9,6.398089507473047
2024-05-10 14:02:00,43092005,0.09628044113395433,0.05963246628202039,0.13292841598588828,42.31375315313785,-87.97554804778305,10077,-1.43,42.3,-87.9,6.398089507473047
2024-05-10 14:03:00,43092005,0.14453135166587985,0.08584499882399396,0.20321770450776575,42.31375315313785,-87.97554804778305,10077,-1.32,42.3,-87.9,6.398089507473047
2024-05-10 14:04:00,43092005,0.21726181786997537,0.10777570702005054,0.3267479287199002,42.31375315313785,-87.97554804778305,10077,-1.21,42.3,-87.9,6.398089507473047
2024-05-10 14:05:00,43092005,0.07741701526142526,0.04473496117137377,0.11009906935147676,42.31375315313785,-87.97554804778305,10077,-1.1,42.3,-87.9,6.398089507473047
2024-05-10 14:06:00,43092005,0.05963326960493971,0.03490880639195478,0.08435773281792464,42.31375315313785,-87.97554804778305,10077,-1.02,42.3,-87.9,6.398089507473047
2024-05-10 14:07:00,43092005,0.03672344331500613,0.008679943101003094,0.06476694352900916,42.31375315313785,-87.97554804778305,10077,-1.15,42.3,-87.9,6.398089507473047
2024-05-10 14:08:00,43092005,0.10508867473175801,0.060941388866570724,0.1492359605969453,42.31375315313785,-87.97554804778305,10077,-0.98,42.3,-87.9,6.398089507473047
2024-05-10 14:09:00,43092005,0.1329251985937441,0.06477834259379031,0.2010720545936979,42.31375315313785,-87.97554804778305,10077,-0.94,42.3,-87.9,6.398089507473047
2024-05-10 14:10:00,43092005,0.10354711241403916,0.053237078599933776,0.15385714622814456,42.31375315313785,-87.97554804778305,10077,-1.19,42.3,-87.9,6.398089507473047
2024-05-10 14:11:00,43092005,-0.05147243521752812,-0.0723186875517521,-0.03062618288330414,42.31375315313785,-87.97554804778305,10077,-1.12,42.3,-87.9,6.398089507473047
2024-05-10 14:12:00,43092005,0.024715539176028863,0.000344864003581722,0.049086214348476,42.31375315313785,-87.97554804778305,10077,-0.84,42.3,-87.9,6.398089507473047
2024-05-10 14:13:00,43092005,0.12167316882457949,0.04529172251146099,0.19805461513769798,42.31375315313785,-87.97554804778305,10077,-0.76,42.3,-87.9,6.398089507473047
2024-05-10 14:14:00,43092005,0.07774304924416064,0.031721486637979135,0.12376461185034215,42.31375315313785,-87.97554804778305,10077,-1.45,42.3,-87.9,6.398089507473047
2024-05-10 14:15:00,43092005,0.033584529637083416,-0.004008125352777378,0.07117718462694421,42.31375315313785,-87.97554804778305,10077,-1.28,42.3,-87.9,6.398089507473047
2024-05-10 14:16:00,43092005,0.17742629959843212,0.08764665823730797,0.2672059409595563,42.31375315313785,-87.97554804778305,10077,-1.1,42.3,-87.9,6.398089507473047
2024-05-10 14:17:00,43092005,0.03449468100023337,0.012085681324839018,0.05690368067562772,42.31375315313785,-87.97554804778305,10077,-1.04,42.3,-87.9,6.398089507473047
2024-05-10 14:18:00,43092005,0.07738991488468014,0.0179001305559389,0.13687969921342139,42.31375315313785,-87.97554804778305,10077,-0.97,42.3,-87.9,6.398089507473047
2024-05-10 14:19:00,43092005,0.12414836554897758,0.07551355656527786,0.1727831745326773,42.31375315313785,-87.97554804778305,10077,-0.9,42.3,-87.9,6.398089507473047
2024-05-10 14:20:00,43092005,0.003123328305983145,-0.021622722872616296,0.02786937948458259,42.31375315313785,-87.97554804778305,10077,-1.02,42.3,-87.9,6.398089507473047
2024-05-10 14:21:00,43092005,0.05115704255687414,0.03266946630091307,0.06964461881283521,42.31375315313785,-87.97554804778305,10077,-0.98,42.3,-87.9,6.398089507473047
2024-05-10 14:22:00,43092005,0.1343037773883332,0.03822785720423641,0.23037969757243001,42.31375315313785,-87.97554804778305,10077,-0.6,42.3,-87.9,6.398089507473047
2024-05-10 14:23:00,43092005,0.2284457641340431,0.10148661902688397,0.35540490924120227,42.31375315313785,-87.97554804778305,10077,-0.78,42.3,-87.9,6.398089507473047
2024-05-10 14:24:00,43092005,0.2100794351937478,0.13472588858699497,0.28543298180050064,42.31375315313785,-87.97554804778305,10077,-0.74,42.3,-87.9,6.398089507473047
2024-05-10 14:25:00,43092005,-0.13006755540656267,-0.17975140559832734,-0.08038370521479801,42.31375315313785,-87.97554804778305,10077,-1.02,42.3,-87.9,6.398089507473047
2024-05-10 14:26:00,43092005,0.09742757108734738,0.06134919008324743,0.13350595209144733,42.31375315313785,-87.97554804778305,10077,-1.18,42.3,-87.9,6.398089507473047
2024-05-10 14:27:00,43092005,0.2506889880665188,0.12456332902626521,0.37681464710677237,42.31375315313785,-87.97554804778305,10077,-0.79,42.3,-87.9,6.398089507473047
2024-05-10 14:28:00,43092005,0.10812347962574702,0.06977792559146892,0.14646903366002512,42.31375315313785,-87.97554804778305,10077,-1.11,42.3,-87.9,6.398089507473047
2024-05-10 14:29:00,43092005,-0.3406108983490093,-0.5436924331493407,-0.13752936354867792,42.31375315313785,-87.97554804778305,10077,-1.32,42.3,-87.9,6.398089507473047
2024-05-10 14:30:00,43092005,-0.27181836101168155,-0.4523386358962284,-0.09129808612713469,42.31375315313785,-87.97554804778305,10077,-1.82,42.3,-87.9,6.398089507473047
2024-05-10 14:31:00,43092005,-0.007741192940485283,-0.05767321361696761,0.04219082773599705,42.31375315313785,-87.97554804778305,10077,-1.61,42.3,-87.9,6.398089507473047
2024-05-10 14:32:00,43092005,0.14581702333127491,0.06880463127465623,0.22282941538789358,42.31375315313785,-87.97554804778305,10077,-1.68,42.3,-87.9,6.398089507473047
2024-05-10 14:33:00,43092005,0.13290590747612013,0.07819778949507253,0.18761402545716774,42.31375315313785,-87.97554804778305,10077,-1.5,42.3,-87.9,6.398089507473047
2024-05-10 14:34:00,43092005,-0.3529183934722796,-0.6003015045734954,-0.10553528237106383,42.31375315313785,-87.97554804778305,10077,-1.83,42.3,-87.9,6.398089507473047
2024-05-10 14:35:00,43092005,-0.1636414825799583,-0.26784674978056683,-0.0594362153793498,42.31375315313785,-87.97554804778305,10077,-1.91,42.3,-87.9,6.398089507473047
2024-05-10 14:36:00,43092005,-0.017507460735750532,-0.053596287653767984,0.01858136618226692,42.31375315313785,-87.97554804778305,10077,-1.71,42.3,-87.9,6.398089507473047
2024-05-10 14:37:00,43092005,-0.19955216191316905,-0.2734301193119629,-0.12567420451437517,42.31375315313785,-87.97554804778305,10077,-1.58,42.3,-87.9,6.398089507473047
2024-05-10 14:38:00,43092005,-0.038124770131263655,-0.05971053834933644,-0.016539001913190864,42.31375315313785,-87.97554804778305,10077,-1.53,42.3,-87.9,6.398089507473047
2024-05-10 14:39:00,43092005,-0.15484862463283416,-0.26729859450635174,-0.04239865475931662,42.31375315313785,-87.97554804778305,10077,-2.1,42.3,-87.9,6.398089507473047
2024-05-10 14:40:00,43092005,0.018844020744077546,0.0020918846260819628,0.035596156862073125,42.31375315313785,-87.97554804778305,10077,-1.43,42.3,-87.9,6.398089507473047
2024-05-10 14:41:00,43092005,-0.09601249903792684,-0.19622253327595526,0.0041975352001015764,42.31375315313785,-87.97554804778305,10077,-1.41,42.3,-87.9,6.398089507473047
2024-05-10 14:42:00,43092005,-0.23720269493133128,-0.35696741009901023,-0.1174379797636523,42.31375315313785,-87.97554804778305,10077,-2.16,42.3,-87.9,6.398089507473047
2024-05-10 14:43:00,43092005,-0.19428834891854727,-0.30903415045649874,-0.0795425473805958,42.31375315313785,-87.97554804778305,10077,-1.69,42.3,-87.9,6.398089507473047
2024-05-10 14:44:00,43092005,-0.18119845189779116,-0.28126786844668766,-0.08112903534889464,42.31375315313785,-87.97554804778305,10077,-2.28,42.3,-87.9,6.398089507473047
2024-05-10 14:45:00,43092005,-0.12271983889316705,-0.1687569868717111,-0.07668269091462301,42.31375315313785,-87.97554804778305,10077,-1.47,42.3,-87.9,6.398089507473047
2024-05-10 14:46:00,43092005,0.03446800788201597,0.021045502288270304,0.047890513475761634,42.31375315313785,-87.97554804778305,10077,-1.61,42.3,-87.9,6.398089507473047
2024-05-10 14:47:00,43092005,-0.02477006488397979,-0.051626458424078175,0.0020863286561185954,42.31375315313785,-87.97554804778305,10077,-1.17,42.3,-87.9,6.398089507473047
2024-05-10 14:48:00,43092005,0.014179411511850733,0.0034974738927930384,0.024861349130908428,42.31375315313785,-87.97554804778305,10077,-1.06,42.3,-87.9,6.398089507473047
2024-05-10 14:49:00,43092005,-0.11113205311217703,-0.15027774641358588,-0.07198635981076819,42.31375315313785,-87.97554804778305,10077,-0.96,42.3,-87.9,6.398089507473047
2024-05-10 14:50:00,43092005,-0.014009559489055017,-0.0479384350818656,0.019919316103755566,42.31375315313785,-87.97554804778305,10077,-0.98,42.3,-87.9,6.398089507473047
2024-05-10 14:51:00,43092005,0.10529747218089669,0.061307146831963005,0.14928779752983037,42.31375315313785,-87.97554804778305,10077,-1.18,42.3,-87.9,6.398089507473047
2024-05-10 14:52:00,43092005,-0.03894189251544124,-0.1318637863934356,0.05398000136255314,42.31375315313785,-87.97554804778305,10077,-1.54,42.3,-87.9,6.398089507473047
2024-05-10 14:53:00,43092005,-0.060760298113188095,-0.14926294216571284,0.02774234593933666,42.31375315313785,-87.97554804778305,10077,-0.97,42.3,-87.9,6.398089507473047
2024-05-10 14:54:00,43092005,0.11025670747725494,0.035666908064629466,0.1848465068898804,42.31375315313785,-87.97554804778305,10077,-0.89,42.3,-87.9,6.398089507473047
2024-05-10 14:55:00,43092005,0.130040742895294,0.02638402350323925,0.23369746228734872,42.31375315313785,-87.97554804778305,10077,-1.12,42.3,-87.9,6.398089507473047
2024-05-10 14:56:00,43092005,0.03628626629493706,-0.021432896334989182,0.0940054289248633,42.31375315313785,-87.97554804778305,10077,-1.06,42.3,-87.9,6.398089507473047
2024-05-10 14:57:00,43092005,0.1718457399824877,0.06949336090145812,0.27419811906351726,42.31375315313785,-87.97554804778305,10077,-0.68,42.3,-87.9,6.398089507473047
2024-05-10 14:58:00,43092005,0.3770435276653683,0.20253033391088443,0.5515567214198522,42.31375315313785,-87.97554804778305,10077,0.08,42.3,-87.9,6.398089507473047
2024-05-10 14:59:00,43092005,0.29839011898875833,0.1820761241772394,0.4147041138002773,42.31375315313785,-87.97554804778305,10077,-0.35,42.3,-87.9,6.398089507473047
2024-05-10 15:00:00,43092005,0.5203054005042055,0.29301230686092006,0.7475984941474909,42.31375315313785,-87.97554804778305,10077,0.0,42.3,-87.9,6.398089507473047
2024-05-10 15:01:00,43092005,0.24709595088149072,0.15884499139578856,0.3353469103671929,42.31375315313785,-87.97554804778305,10077,-0.41,42.3,-87.9,6.398089507473047
2024-05-10 15:02:00,43092005,0.09798882492493492,0.059696184452282836,0.136281465397587,42.31375315313785,-87.97554804778305,10077,-0.7,42.3,-87.9,6.398089507473047
2024-05-10 15:03:00,43092005,-0.0375297057820498,-0.13397635086957443,0.05891693930547482,42.31375315313785,-87.97554804778305,10077,-1.51,42.3,-87.9,6.398089507473047
2024-05-10 15:04:00,43092005,0.22704442030281052,0.14638112448653923,0.3077077161190818,42.31375315313785,-87.97554804778305,10077,-0.91,42.3,-87.9,6.398089507473047
2024-05-10 15:05:00,43092005,-0.3066115233978463,-0.4844418383384296,-0.128781208457263,42.31375315313785,-87.97554804778305,10077,-1.42,42.3,-87.9,6.398089507473047
2024-05-10 15:06:00,43092005,0.02141508121191297,-0.012247765760614253,0.05507792818444019,42.31375315313785,-87.97554804778305,10077,-1.48,42.3,-87.9,6.398089507473047
2024-05-10 15:07:00,43092005,0.17407729722708837,0.1073432431466485,0.24081135130752823,42.31375315313785,-87.97554804778305,10077,-1.16,42.3,-87.9,6.398089507473047
2024-05-10 15:08:00,43092005,0.11956937456582871,0.07609296220155598,0.16304578693010144,42.31375315313785,-87.97554804778305,10077,-0.93,42.3,-87.9,6.398089507473047
2024-05-10 15:09:00,43092005,-0.09339329326820162,-0.2211078673625852,0.034321280826181966,42.31375315313785,-87.97554804778305,10077,-1.17,42.3,-87.9,6.398089507473047
2024-05-10 15:10:00,43092005,-0.04508134796789481,-0.13142062168190174,0.041257925746112124,42.31375315313785,-87.97554804778305,10077,-1.7,42.3,-87.9,6.398089507473047
2024-05-10 15:11:00,43092005,-0.12259417842162343,-0.2157218299852384,-0.029466526858008463,42.31375315313785,-87.97554804778305,10077,-1.77,42.3,-87.9,6.398089507473047
2024-05-10 15:12:00,43092005,-0.09050976925364398,-0.15841313383333258,-0.022606404673955388,42.31375315313785,-87.97554804778305,10077,-1.72,42.3,-87.9,6.398089507473047
2024-05-10 15:13:00,43092005,-0.20553960232064128,-0.3403244778548494,-0.07075472678643313,42.31375315313785,-87.97554804778305,10077,-1.75,42.3,-87.9,6.398089507473047
2024-05-10 15:14:00,43092005,-0.20434503103571391,-0.3467244507352287,-0.061965611336199156,42.31375315313785,-87.97554804778305,10077,-1.85,42.3,-87.9,6.398089507473047
2024-05-10 15:15:00,43092005,-0.22719272224344594,-0.3833095483252644,-0.07107589616162743,42.31375315313785,-87.97554804778305,10077,-2.0,42.3,-87.9,6.398089507473047
2024-05-10 15:16:00,43092005,-0.19797672800393543,-0.36441315610366276,-0.03154029990420806,42.31375315313785,-87.97554804778305,10077,-2.22,42.3,-87.9,6.398089507473047
2024-05-10 15:17:00,43092005,-0.16286864110798502,-0.2437876728554681,-0.08194960936050193,42.31375315313785,-87.97554804778305,10077,-2.3,42.3,-87.9,6.398089507473047
2024-05-10 15:18:00,43092005,0.14415321237451972,0.05056753201482163,0.23773889273421783,42.31375315313785,-87.97554804778305,10077,-0.9,42.3,-87.9,6.398089507473047
2024-05-10 15:19:00,43092005,-0.0398812105396932,-0.11308360714373833,0.03332118606435192,42.31375315313785,-87.97554804778305,10077,-1.59,42.3,-87.9,6.398089507473047
2024-05-10 15:20:00,43092005,-0.22960192540819221,-0.3859981015354602,-0.07320574928092424,42.31375315313785,-87.97554804778305,10077,-1.61,42.3,-87.9,6.398089507473047
2024-05-10 15:21:00,43092005,-0.0539497407196011,-0.11195091594896714,0.004051434509764945,42.31375315313785,-87.97554804778305,10077,-1.8,42.3,-87.9,6.398089507473047
2024-05-10 15:22:00,43092005,0.1637176272816306,0.07123250205020172,0.2562027525130595,42.31375315313785,-87.97554804778305,10077,-1.48,42.3,-87.9,6.398089507473047
2024-05-10 15:23:00,43092005,-0.1661177028325342,-0.2283741893873138,-0.10386121627775458,42.31375315313785,-87.97554804778305,10077,-0.82,42.3,-87.9,6.398089507473047
2024-05-10 15:24:00,43092005,-0.11521897520747428,-0.19810493530612241,-0.032333015108826135,42.31375315313785,-87.97554804778305,10077,-0.75,42.3,-87.9,6.398089507473047
2024-05-10 15:25:00,43092005,-0.052310341374218035,-0.08180994453167934,-0.022810738216756728,42.31375315313785,-87.97554804778305,10077,-0.99,42.3,-87.9,6.398089507473047
2024-05-10 15:26:00,43092005,-0.3133283436769867,-0.4695311461505413,-0.15712554120343208,42.31375315313785,-87.97554804778305,10077,-1.36,42.3,-87.9,6.398089507473047
2024-05-10 15:27:00,43092005,-0.3745753565076085,-0.578855682260403,-0.17029503075481406,42.31375315313785,-87.97554804778305,10077,-1.85,42.3,-87.9,6.398089507473047
2024-05-10 15:28:00,43092005,-0.3797955132301962,-0.5738877681273943,-0.1857032583329982,42.31375315313785,-87.97554804778305,10077,-2.17,42.3,-87.9,6.398089507473047
2024-05-10 15:29:00,43092005,-0.3858774416008614,-0.5749806787495625,-0.19677420445216035,42.31375315313785,-87.97554804778305,10077,-2.33,42.3,-87.9,6.398089507473047
2024-05-10 15:30:00,43092005,-0.24988874056970117,-0.38888999509373456,-0.11088748604566775,42.31375315313785,-87.97554804778305,10077,-2.11,42.3,-87.9,6.398089507473047
2024-05-10 15:31:00,43092005,-0.25645033005662354,-0.4262231242699074,-0.0866775358433397,42.31375315313785,-87.97554804778305,10077,-1.64,42.3,-87.9,6.398089507473047
2024-05-10 15:32:00,43092005,-0.2929142772798942,-0.46252445632695816,-0.12330409823283031,42.31375315313785,-87.97554804778305,10077,-1.0,42.3,-87.9,6.398089507473047
2024-05-10 15:33:00,43092005,0.018093280730253194,0.0104604876902029,0.02572607377030349,42.31375315313785,-87.97554804778305,10077,-0.13,42.3,-87.9,6.398089507473047
2024-05-10 15:34:00,43092005,-0.32328424286237334,-0.4411984988556923,-0.20536998686905436,42.31375315313785,-87.97554804778305,10077,-1.08,42.3,-87.9,6.398089507473047
2024-05-10 15:35:00,43092005,-0.2702019564424616,-0.3745790044426983,-0.16582490844222486,42.31375315313785,-87.97554804778305,10077,-0.61,42.3,-87.9,6.398089507473047
2024-05-10 15:36:00,43092005,0.11832291897950738,-0.029683428763135164,0.2663292667221499,42.31375315313785,-87.97554804778305,10077,-1.24,42.3,-87.9,6.398089507473047
2024-05-10 15:37:00,43092005,-0.09538171812775253,-0.164939227578083,-0.025824208677422092,42.31375315313785,-87.97554804778305,10077,-1.63,42.3,-87.9,6.398089507473047
2024-05-10 15:38:00,43092005,-0.07200869692636738,-0.11290379124537583,-0.03111360260735893,42.31375315313785,-87.97554804778305,10077,-0.5,42.3,-87.9,6.398089507473047
2024-05-10 15:39:00,43092005,-0.47161021594186886,-0.7529773676498168,-0.19024306423392096,42.31375315313785,-87.97554804778305,10077,-0.5,42.3,-87.9,6.398089507473047
2024-05-10 15:40:00,43092005,-0.5154637927632957,-0.7656572824941308,-0.26527030303246063,42.31375315313785,-87.97554804778305,10077,-1.79,42.3,-87.9,6.398089507473047
2024-05-10 15:41:00,43092005,0.21347800899007566,0.07228185453489805,0.35467416344525327,42.31375315313785,-87.97554804778305,10077,-0.79,42.3,-87.9,6.398089507473047
2024-05-10 15:42:00,43092005,0.2842338270131956,0.10167738128046344,0.46679027274592777,42.31375315313785,-87.97554804778305,10077,-1.03,42.3,-87.9,6.398089507473047
2024-05-10 15:43:00,43092005,-0.35384564717909445,-0.5055927478351857,-0.2020985465230032,42.31375315313785,-87.97554804778305,10077,-0.5,42.3,-87.9,6.398089507473047
2024-05-10 15:44:00,43092005,-0.21457284065733725,-0.36902736861084295,-0.06011831270383158,42.31375315313785,-87.97554804778305,10077,-0.97,42.3,-87.9,6.398089507473047
2024-05-10 15:45:00,43092005,0.3509560555854537,0.20827208964416377,0.4936400215267436,42.31375315313785,-87.97554804778305,10077,-1.67,42.3,-87.9,6.398089507473047
2024-05-10 15:46:00,43092005,0.5739152619339768,0.3221474872109076,0.825683036657046,42.31375315313785,-87.97554804778305,10077,-1.6,42.3,-87.9,6.398089507473047
2024-05-10 15:47:00,43092005,-0.062252111471535865,-0.1201517993219541,-0.004352423621117617,42.31375315313785,-87.97554804778305,10077,-1.35,42.3,-87.9,6.398089507473047
2024-05-10 15:48:00,43092005,-0.6170631697527448,-0.8816658121622498,-0.35246052734323974,42.31375315313785,-87.97554804778305,10077,-1.01,42.3,-87.9,6.398089507473047
2024-05-10 15:49:00,43092005,-0.5314386828632134,-0.768994476319252,-0.29388288940717483,42.31375315313785,-87.97554804778305,10077,-0.81,42.3,-87.9,6.398089507473047
2024-05-10 15:50:00,43092005,-0.1293362032531359,-0.20067794728522226,-0.05799445922104958,42.31375315313785,-87.97554804778305,10077,-0.72,42.3,-87.9,6.398089507473047
2024-05-10 15:51:00,43092005,-0.16971265833684387,-0.3231538635525185,-0.016271453121169205,42.31375315313785,-87.97554804778305,10077,-1.51,42.3,-87.9,6.398089507473047
2024-05-10 15:52:00,43092005,0.31687418539497186,0.20504178315209334,0.4287065876378504,42.31375315313785,-87.97554804778305,10077,-1.88,42.3,-87.9,6.398089507473047
2024-05-10 15:53:00,43092005,0.1243474144457354,0.0611516968684679,0.18754313202300288,42.31375315313785,-87.97554804778305,10077,-1.31,42.3,-87.9,6.398089507473047
2024-05-10 15:54:00,43092005,-0.09482738505135685,-0.14422139771665454,-0.04543337238605914,42.31375315313785,-87.97554804778305,10077,-1.35,42.3,-87.9,6.398089507473047
2024-05-10 15:55:00,43092005,-0.48021310377389864,-0.7019198519758318,-0.2585063555719654,42.31375315313785,-87.97554804778305,10077,-1.14,42.3,-87.9,6.398089507473047
2024-05-10 15:56:00,43092005,-0.3874037607169166,-0.618164719077678,-0.15664280235615524,42.31375315313785,-87.97554804778305,10077,-1.75,42.3,-87.9,6.398089507473047
2024-05-10 15:57:00,43092005,-0.11615453441793631,-0.22620624372555567,-0.006102825110316956,42.31375315313785,-87.97554804778305,10077,-1.6,42.3,-87.9,6.398089507473047
2024-05-10 15:58:00,43092005,0.08949054944425831,0.045504479978555716,0.1334766189099609,42.31375315313785,-87.97554804778305,10077,-1.45,42.3,-87.9,6.398089507473047
2024-05-10 15:59:00,43092005,-0.11764904720601357,-0.16378465557954008,-0.07151343883248706,42.31375315313785,-87.97554804778305,10077,-1.3,42.3,-87.9,6.398089507473047
2024-05-10 16:00:00,43092005,-0.27070687509977487,-0.4205122387045175,-0.12090151149503223,42.31375315313785,-87.97554804778305,10077,-1.44,42.3,-87.9,6.398089507473047
2024-05-10 16:01:00,43092005,-0.4514673782680604,-0.6783633160881777,-0.22457144044794314,42.31375315313785,-87.97554804778305,10077,-1.69,42.3,-87.9,6.398089507473047
2024-05-10 16:02:00,43092005,-0.2549921418505168,-0.42391587925103397,-0.08606840444999958,42.31375315313785,-87.97554804778305,10077,-2.19,42.3,-87.9,6.398089507473047
2024-05-10 16:03:00,43092005,-0.13573352168378347,-0.23955020327163473,-0.03191684009593222,42.31375315313785,-87.97554804778305,10077,-1.81,42.3,-87.9,6.398089507473047
2024-05-10 16:04:00,43092005,-0.11193566002300503,-0.21107561480700038,-0.012795705239009705,42.31375315313785,-87.97554804778305,10077,-1.89,42.3,-87.9,6.398089507473047
2024-05-10 16:05:00,43092005,-0.20287472689594316,-0.29566882541296946,-0.11008062837891683,42.31375315313785,-87.97554804778305,10077,-1.24,42.3,-87.9,6.398089507473047
2024-05-10 16:06:00,43092005,-0.18603977716173672,-0.29056482851653276,-0.08151472580694072,42.31375315313785,-87.97554804778305,10077,-1.28,42.3,-87.9,6.398089507473047
2024-05-10 16:07:00,43092005,-0.29700913620566516,-0.4378635928669556,-0.15615467954437473,42.31375315313785,-87.97554804778305,10077,-2.35,42.3,-87.9,6.398089507473047
2024-05-10 16:08:00,43092005,0.004791260997754622,-0.059125218375547434,0.06870774037105667,42.31375315313785,-87.97554804778305,10077,-1.54,42.3,-87.9,6.398089507473047
2024-05-10 16:09:00,43092005,-0.38191596265499456,-0.5243485099927927,-0.23948341531719636,42.31375315313785,-87.97554804778305,10077,-2.06,42.3,-87.9,6.398089507473047
2024-05-10 16:10:00,43092005,-0.33035049704662095,-0.5631431400137685,-0.09755785407947343,42.31375315313785,-87.97554804778305,10077,-1.95,42.3,-87.9,6.398089507473047
2024-05-10 16:11:00,43092005,-0.23892398654888233,-0.366445416640923,-0.11140255645684169,42.31375315313785,-87.97554804778305,10077,-1.94,42.3,-87.9,6.398089507473047
2024-05-10 16:12:00,43092005,0.0020711545503042843,-0.06581612706249401,0.06995843616310257,42.31375315313785,-87.97554804778305,10077,-1.86,42.3,-87.9,6.398089507473047
2024-05-10 16:13:00,43092005,-0.2765053140611054,-0.40374322934417106,-0.1492673987780397,42.31375315313785,-87.97554804778305,10077,-1.43,42.3,-87.9,6.398089507473047
2024-05-10 16:14:00,43092005,-0.18828876108341946,-0.2869702719535636,-0.08960725021327531,42.31375315313785,-87.97554804778305,10077,-1.67,42.3,-87.9,6.398089507473047
2024-05-10 16:15:00,43092005,-0.3839233324193118,-0.5431303544479171,-0.2247163103907065,42.31375315313785,-87.97554804778305,10077,-1.76,42.3,-87.9,6.398089507473047
2024-05-10 16:16:00,43092005,-0.2576069580367708,-0.36794682542071355,-0.14726709065282803,42.31375315313785,-87.97554804778305,10077,-1.68,42.3,-87.9,6.398089507473047
2024-05-10 16:17:00,43092005,-0.41782637990843086,-0.5856607047118514,-0.24999205510501035,42.31375315313785,-87.97554804778305,10077,-1.6,42.3,-87.9,6.398089507473047
2024-05-10 16:18:00,43092005,-0.2973882691388516,-0.43476232066074794,-0.16001421761695522,42.31375315313785,-87.97554804778305,10077,-1.89,42.3,-87.9,6.398089507473047
2024-05-10 16:19:00,43092005,-0.23134228891989492,-0.32269547442257346,-0.13998910341721638,42.31375315313785,-87.97554804778305,10077,-1.77,42.3,-87.9,6.398089507473047
2024-05-10 16:20:00,43092005,-0.27443846660598475,-0.4046167353021828,-0.14426019790978675,42.31375315313785,-87.97554804778305,10077,-1.49,42.3,-87.9,6.398089507473047
2024-05-10 16:21:00,43092005,-0.17561140576993725,-0.2656656303865089,-0.08555718115336555,42.31375315313785,-87.97554804778305,10077,-1.58,42.3,-87.9,6.398089507473047
2024-05-10 16:22:00,43092005,-0.011356836494734833,-0.04827449491478402,0.025560821925314357,42.31375315313785,-87.97554804778305,10077,-1.4,42.3,-87.9,6.398089507473047
2024-05-10 16:23:00,43092005,-0.1572330425327695,-0.22487379783173644,-0.0895922872338026,42.31375315313785,-87.97554804778305,10077,-0.95,42.3,-87.9,6.398089507473047
2024-05-10 16:24:00,43092005,-0.4778451394933955,-0.6977489816557035,-0.2579412973310875,42.31375315313785,-87.97554804778305,10077,-1.44,42.3,-87.9,6.398089507473047
2024-05-10 16:25:00,43092005,-0.23430746013364023,-0.3658808943208497,-0.10273402594643077,42.31375315313785,-87.97554804778305,10077,-1.93,42.3,-87.9,6.398089507473047
2024-05-10 16:26:00,43092005,-0.11965533416607518,-0.21758347039202725,-0.021727197940123136,42.31375315313785,-87.97554804778305,10077,-1.57,42.3,-87.9,6.398089507473047
2024-05-10 16:27:00,43092005,-0.3363001179370217,-0.4732768718081932,-0.19932336406585016,42.31375315313785,-87.97554804778305,10077,-1.56,42.3,-87.9,6.398089507473047
2024-05-10 16:28:00,43092005,-0.22527026369121053,-0.3541527353465309,-0.09638779203589018,42.31375315313785,-87.97554804778305,10077,-1.43,42.3,-87.9,6.398089507473047
2024-05-10 16:29:00,43092005,-0.048165137336935435,-0.07106397005249983,-0.025266304621371038,42.31375315313785,-87.97554804778305,10077,-1.89,42.3,-87.9,6.398089507473047
2024-05-10 16:30:00,43092005,0.01617391105173852,-0.029364756812171464,0.061712578915648506,42.31375315313785,-87.97554804778305,10077,-1.68,42.3,-87.9,6.398089507473047
2024-05-10 16:31:00,43092005,-0.40932011088930575,-0.572339971534123,-0.24630025024448854,42.31375315313785,-87.97554804778305,10077,-1.45,42.3,-87.9,6.398089507473047
2024-05-10 16:32:00,43092005,-0.3168762358976878,-0.48121334006957206,-0.15253913172580355,42.31375315313785,-87.97554804778305,10077,-1.22,42.3,-87.9,6.398089507473047
2024-05-10 16:33:00,43092005,-0.28536724391624446,-0.3997243412845136,-0.17101014654797533,42.31375315313785,-87.97554804778305,10077,-1.04,42.3,-87.9,6.398089507473047
2024-05-10 16:34:00,43092005,-0.07863948606934987,-0.10702564666483146,-0.05025332547386828,42.31375315313785,-87.97554804778305,10077,-1.07,42.3,-87.9,6.398089507473047
2024-05-10 16:35:00,43092005,-0.0787583116143195,-0.11034015394719243,-0.04717646928144656,42.31375315313785,-87.97554804778305,10077,-1.18,42.3,-87.9,6.398089507473047
2024-05-10 16:36:00,43092005,-0.0644374410286289,-0.161942858148364,0.03306797609110619,42.31375315313785,-87.97554804778305,10077,-1.3,42.3,-87.9,6.398089507473047
2024-05-10 16:37:00,43092005,-0.3563550884408274,-0.5302706528245744,-0.18243952405708042,42.31375315313785,-87.97554804778305,10077,-1.59,42.3,-87.9,6.398089507473047
2024-05-10 16:38:00,43092005,-0.12016158028436302,-0.2371351574341179,-0.0031880031346081666,42.31375315313785,-87.97554804778305,10077,-1.68,42.3,-87.9,6.398089507473047
2024-05-10 16:39:00,43092005,-0.19033751273551083,-0.2730300719356206,-0.10764495353540104,42.31375315313785,-87.97554804778305,10077,-1.31,42.3,-87.9,6.398089507473047
2024-05-10 16:40:00,43092005,0.04255203444941493,-0.00039002852801499344,0.08549409742684486,42.31375315313785,-87.97554804778305,10077,-1.2,42.3,-87.9,6.398089507473047
2024-05-10 16:41:00,43092005,-0.2677922686165138,-0.384592475730285,-0.15099206150274255,42.31375315313785,-87.97554804778305,10077,-1.1,42.3,-87.9,6.398089507473047
2024-05-10 16:42:00,43092005,-0.24778818860352458,-0.392955423204972,-0.10262095400207713,42.31375315313785,-87.97554804778305,10077,-1.0,42.3,-87.9,6.398089507473047
2024-05-10 16:43:00,43092005,-0.06947832817869976,-0.09408339084456441,-0.0448732655128351,42.31375315313785,-87.97554804778305,10077,-1.14,42.3,-87.9,6.398089507473047
2024-05-10 16:44:00,43092005,0.22995757803619654,0.12822383413119887,0.3316913219411942,42.31375315313785,-87.97554804778305,10077,-1.28,42.3,-87.9,6.398089507473047
2024-05-10 16:45:00,43092005,-0.08793946944485258,-0.11977463862482737,-0.05610430026487778,42.31375315313785,-87.97554804778305,10077,-1.41,42.3,-87.9,6.398089507473047
2024-05-10 16:46:00,43092005,-0.15839898913432343,-0.310688105161913,-0.006109873106733887,42.31375315313785,-87.97554804778305,10077,-1.49,42.3,-87.9,6.398089507473047
2024-05-10 16:47:00,43092005,-0.3167912440810978,-0.49923150663973126,-0.13435098152246436,42.31375315313785,-87.97554804778305,10077,-1.5,42.3,-87.9,6.398089507473047
2024-05-10 16:48:00,43092005,-0.29687600228048505,-0.4270157608759284,-0.16673624368504167,42.31375315313785,-87.97554804778305,10077,-1.5,42.3,-87.9,6.398089507473047
2024-05-10 16:49:00,43092005,-0.4952455837102163,-0.683417045911886,-0.3070741215085466,42.31375315313785,-87.97554804778305,10077,-1.52,42.3,-87.9,6.398089507473047
2024-05-10 16:50:00,43092005,-0.25893740452135117,-0.365462034769088,-0.15241277427361433,42.31375315313785,-87.97554804778305,10077,-1.68,42.3,-87.9,6.398089507473047
2024-05-10 16:51:00,43092005,-0.3775392876363787,-0.540185609212111,-0.21489296606064634,42.31375315313785,-87.97554804778305,10077,-1.84,42.3,-87.9,6.398089507473047
2024-05-10 16:52:00,43092005,-0.14331224014052427,-0.26027062804708734,-0.026353852233961195,42.31375315313785,-87.97554804778305,10077,-1.9,42.3,-87.9,6.398089507473047
2024-05-10 16:53:00,43092005,-0.2861227220703934,-0.3965361747442273,-0.17570926939655954,42.31375315313785,-87.97554804778305,10077,-1.49,42.3,-87.9,6.398089507473047
2024-05-10 16:54:00,43092005,-0.1351844568487098,-0.19518688145595336,-0.07518203224146625,42.31375315313785,-87.97554804778305,10077,-1.15,42.3,-87.9,6.398089507473047
2024-05-10 16:55:00,43092005,-0.096659055227101,-0.2170789991227393,0.023760888668537303,42.31375315313785,-87.97554804778305,10077,-0.33,42.3,-87.9,6.398089507473047
2024-05-10 16:56:00,43092005,0.13599919686822046,0.022004561942486817,0.2499938317939541,42.31375315313785,-87.97554804778305,10077,-0.59,42.3,-87.9,6.398089507473047
2024-05-10 16:57:00,43092005,-0.14227645382155865,-0.24454275574500423,-0.04001015189811308,42.31375315313785,-87.97554804778305,10077,-1.44,42.3,-87.9,6.398089507473047
2024-05-10 16:58:00,43092005,-0.001885068661247995,-0.12070718607244159,0.11693704874994561,42.31375315313785,-87.97554804778305,10077,-1.84,42.3,-87.9,6.398089507473047
2024-05-10 16:59:00,43092005,-0.6625499711795021,-1.0185685818379477,-0.30653136052105634,42.31375315313785,-87.97554804778305,10077,-2.14,42.3,-87.9,6.398089507473047
2024-05-10 17:00:00,43092005,-0.30413890827942014,-0.5057374534461336,-0.10254036311270665,42.31375315313785,-87.97554804778305,10077,-2.28,42.3,-87.9,6.398089507473047
2024-05-10 17:01:00,43092005,-0.5507812760490224,-0.7610391103329944,-0.34052344176505034,42.31375315313785,-87.97554804778305,10077,-1.44,42.3,-87.9,6.398089507473047
2024-05-10 17:02:00,43092005,-0.057436537764614035,-0.12129428134409091,0.006421205814862843,42.31375315313785,-87.97554804778305,10077,-1.6,42.3,-87.9,6.398089507473047
2024-05-10 17:03:00,43092005,-0.45445127727319123,-0.6558749849408116,-0.2530275696055708,42.31375315313785,-87.97554804778305,10077,-2.37,42.3,-87.9,6.398089507473047
2024-05-10 17:04:00,43092005,0.1687889843548935,0.09019069211644147,0.24738727659334553,42.31375315313785,-87.97554804778305,10077,-1.67,42.3,-87.9,6.398089507473047
2024-05-10 17:05:00,43092005,-0.6900573115711822,-1.011311059135462,-0.3688035640069026,42.31375315313785,-87.97554804778305,10077,-1.33,42.3,-87.9,6.398089507473047
2024-05-10 17:06:00,43092005,1.1204839131437747,0.7021220866269371,1.5388457396606123,42.31375315313785,-87.97554804778305,10077,-10.22,42.3,-87.9,6.398089507473047
2024-05-10 17:07:00,43092005,3.5512248966142645,1.7021474194084607,5.400302373820068,42.31375315313785,-87.97554804778305,10077,11.12,42.3,-87.9,6.398089507473047
2024-05-10 17:08:00,43092005,-1.7051772519684674,-2.3348791217538674,-1.0754753821830672,42.31375315313785,-87.97554804778305,10077,9.71,42.3,-87.9,6.398089507473047
2024-05-10 17:09:00,43092005,1.556979543022942,1.008194234500019,2.105764851545865,42.31375315313785,-87.97554804778305,10077,-3.32,42.3,-87.9,6.398089507473047
2024-05-10 17:10:00,43092005,-0.3514045149567572,-1.416901992214798,0.7140929623012838,42.31375315313785,-87.97554804778305,10077,-7.14,42.3,-87.9,6.398089507473047
2024-05-10 17:11:00,43092005,-0.8293032524523729,-1.2378778910518953,-0.42072861385285054,42.31375315313785,-87.97554804778305,10077,-2.0,42.3,-87.9,6.398089507473047
2024-05-10 17:12:00,43092005,-1.1807488130970407,-1.6576744789710878,-0.7038231472229938,42.31375315313785,-87.97554804778305,10077,0.53,42.3,-87.9,6.398089507473047
2024-05-10 17:13:00,43092005,0.45119788736002264,-0.11637895652967922,1.0187747312497244,42.31375315313785,-87.97554804778305,10077,0.27,42.3,-87.9,6.398089507473047
2024-05-10 17:14:00,43092005,0.08009188892048455,-0.036467206224874774,0.19665098406584386,42.31375315313785,-87.97554804778305,10077,-0.35,42.3,-87.9,6.398089507473047
2024-05-10 17:15:00,43092005,0.7454447369826468,0.44210181746710614,1.0487876564981875,42.31375315313785,-87.97554804778305,10077,-5.12,42.3,-87.9,6.398089507473047
2024-05-10 17:16:00,43092005,0.37794717729971616,-0.7044880873531728,1.4603824419526052,42.31375315313785,-87.97554804778305,10077,4.9,42.3,-87.9,6.398089507473047
2024-05-10 17:17:00,43092005,-1.000837762712298,-1.5968769489601906,-0.4047985764644053,42.31375315313785,-87.97554804778305,10077,-2.14,42.3,-87.9,6.398089507473047
2024-05-10 17:18:00,43092005,0.12091603584209443,-0.19081482069606748,0.43264689238025633,42.31375315313785,-87.97554804778305,10077,-2.92,42.3,-87.9,6.398089507473047
2024-05-10 17:19:00,43092005,-0.5261212476624881,-0.9306864464857203,-0.12155604883925603,42.31375315313785,-87.97554804778305,10077,1.6,42.3,-87.9,6.398089507473047
2024-05-10 17:20:00,43092005,-1.0694663105042357,-1.5184055997037476,-0.6205270213047237,42.31375315313785,-87.97554804778305,10077,3.11,42.3,-87.9,6.398089507473047
2024-05-10 17:21:00,43092005,0.2831488158857277,-0.13478020223772863,0.7010778340091841,42.31375315313785,-87.97554804778305,10077,4.44,42.3,-87.9,6.398089507473047
2024-05-10 17:22:00,43092005,1.3980556637198107,0.45418174421166757,2.341929583227954,42.31375315313785,-87.97554804778305,10077,3.99,42.3,-87.9,6.398089507473047
2024-05-10 17:23:00,43092005,0.4034386394530264,0.1896972625580404,0.6171800163480123,42.31375315313785,-87.97554804778305,10077,1.9,42.3,-87.9,6.398089507473047
2024-05-10 17:24:00,43092005,0.7586203128342193,0.43834428749832627,1.0788963381701122,42.31375315313785,-87.97554804778305,10077,-0.07,42.3,-87.9,6.398089507473047
2024-05-10 17:25:00,43092005,-0.2650104664511249,-0.4968854124578844,-0.03313552044436541,42.31375315313785,-87.97554804778305,10077,-1.18,42.3,-87.9,6.398089507473047
2024-05-10 17:26:00,43092005,0.5334623140752092,0.19948065585578328,0.867443972294635,42.31375315313785,-87.97554804778305,10077,1.12,42.3,-87.9,6.398089507473047
2024-05-10 17:27:00,43092005,1.6716425537539035,0.7097722219151112,2.6335128855926957,42.31375315313785,-87.97554804778305,10077,2.08,42.3,-87.9,6.398089507473047
2024-05-10 17:28:00,43092005,2.364218598339044,1.1984727873576038,3.529964409320484,42.31375315313785,-87.97554804778305,10077,0.17,42.3,-87.9,6.398089507473047
2024-05-10 17:29:00,43092005,1.8622181145771919,0.8518226829026916,2.872613546251692,42.31375315313785,-87.97554804778305,10077,0.64,42.3,-87.9,6.398089507473047
2024-05-10 17:30:00,43092005,-0.2075630034875728,-0.3351085927331682,-0.08001741424197747,42.31375315313785,-87.97554804778305,10077,-0.69,42.3,-87.9,6.398089507473047
2024-05-10 17:31:00,43092005,-0.10264785272999431,-0.1683107666375031,-0.03698493882248552,42.31375315313785,-87.97554804778305,10077,-0.76,42.3,-87.9,6.398089507473047
2024-05-10 17:32:00,43092005,0.1969687779956873,0.06383152376112139,0.3301060322302532,42.31375315313785,-87.97554804778305,10077,-1.07,42.3,-87.9,6.398089507473047
2024-05-10 17:33:00,43092005,-0.429398344244976,-0.8265380481906937,-0.032258640299258456,42.31375315313785,-87.97554804778305,10077,1.3,42.3,-87.9,6.398089507473047
2024-05-10 17:34:00,43092005,1.2192489157680582,0.6639731040980307,1.7745247274380858,42.31375315313785,-87.97554804778305,10077,1.73,42.3,-87.9,6.398089507473047
2024-05-10 17:35:00,43092005,1.212819439824087,0.5043181754017596,1.9213207042464144,42.31375315313785,-87.97554804778305,10077,1.72,42.3,-87.9,6.398089507473047
2024-05-10 17:36:00,43092005,0.9807562011861264,0.5517268101470678,1.409785592225185,42.31375315313785,-87.97554804778305,10077,0.86,42.3,-87.9,6.398089507473047
2024-05-10 17:37:00,43092005,1.6317615013354851,0.6160022723934799,2.64752073027749,42.31375315313785,-87.97554804778305,10077,0.18,42.3,-87.9,6.398089507473047
2024-05-10 17:38:00,43092005,2.743280687054297,1.5119362889853245,3.9746250851232694,42.31375315313785,-87.97554804778305,10077,2.24,42.3,-87.9,6.398089507473047
2024-05-10 17:39:00,43092005,3.0087338424565497,1.8436228673234996,4.1738448175896,42.31375315313785,-87.97554804778305,10077,0.64,42.3,-87.9,6.398089507473047
2024-05-10 17:40:00,43092005,1.9576979846434486,1.1770398163447,2.738356152942197,42.31375315313785,-87.97554804778305,10077,0.96,42.3,-87.9,6.398089507473047
2024-05-10 17:41:00,43092005,0.870453774211298,0.38820566570534026,1.3527018827172557,42.31375315313785,-87.97554804778305,10077,-5.17,42.3,-87.9,6.398089507473047
2024-05-10 17:42:00,43092005,0.6852622820545259,0.44486601398579484,0.9256585501232569,42.31375315313785,-87.97554804778305,10077,-6.96,42.3,-87.9,6.398089507473047
2024-05-10 17:43:00,43092005,-0.12032394976360825,-0.3305130119709255,0.08986511244370898,42.31375315313785,-87.97554804778305,10077,-6.48,42.3,-87.9,6.398089507473047
2024-05-10 17:44:00,43092005,0.7119101547753675,-0.10127231042273954,1.5250926199734745,42.31375315313785,-87.97554804778305,10077,0.81,42.3,-87.9,6.398089507473047
2024-05-10 17:45:00,43092005,0.17743217393096225,0.06078627686542247,0.294078070996502,42.31375315313785,-87.97554804778305,10077,-0.89,42.3,-87.9,6.398089507473047
2024-05-10 17:46:00,43092005,-0.12727831886208296,-0.17691814504867592,-0.07763849267549001,42.31375315313785,-87.97554804778305,10077,-2.64,42.3,-87.9,6.398089507473047
2024-05-10 17:47:00,43092005,0.2010353617413438,-0.44198323511373466,0.8440539585964222,42.31375315313785,-87.97554804778305,10077,-6.95,42.3,-87.9,6.398089507473047
2024-05-10 17:48:00,43092005,-0.02367235279508124,-0.0628597868515549,0.015515081261392418,42.31375315313785,-87.97554804778305,10077,-4.61,42.3,-87.9,6.398089507473047
2024-05-10 17:49:00,43092005,0.8780184759320433,0.37269302012218164,1.383343931741905,42.31375315313785,-87.97554804778305,10077,-5.37,42.3,-87.9,6.398089507473047
2024-05-10 17:50:00,43092005,1.215434569977504,0.3593892364492244,2.0714799035057836,42.31375315313785,-87.97554804778305,10077,-0.26,42.3,-87.9,6.398089507473047
2024-05-10 17:51:00,43092005,0.825204104116539,0.42330698150619955,1.2271012267268784,42.31375315313785,-87.97554804778305,10077,-0.88,42.3,-87.9,6.398089507473047
2024-05-10 17:52:00,43092005,1.975955704325124,1.2099784426234612,2.741932966026787,42.31375315313785,-87.97554804778305,10077,-0.8,42.3,-87.9,6.398089507473047
2024-05-10 17:53:00,43092005,0.8017927979861379,-0.01445559578677369,1.6180411917590494,42.31375315313785,-87.97554804778305,10077,2.54,42.3,-87.9,6.398089507473047
2024-05-10 17:54:00,43092005,-0.7882314341651616,-1.3971610367934661,-0.17930183153685697,42.31375315313785,-87.97554804778305,10077,-0.39,42.3,-87.9,6.398089507473047
2024-05-10 17:55:00,43092005,0.6573635117339909,0.26854323743314457,1.0461837860348373,42.31375315313785,-87.97554804778305,10077,0.04,42.3,-87.9,6.398089507473047
2024-05-10 17:56:00,43092005,-0.5907290617503251,-0.9159751403029177,-0.2654829831977325,42.31375315313785,-87.97554804778305,10077,0.73,42.3,-87.9,6.398089507473047
2024-05-10 17:57:00,43092005,-1.011305071740297,-1.7045569841049841,-0.31805315937560974,42.31375315313785,-87.97554804778305,10077,-1.86,42.3,-87.9,6.398089507473047
2024-05-10 17:58:00,43092005,-1.4884310053068595,-2.2648014315585305,-0.7120605790551883,42.31375315313785,-87.97554804778305,10077,-5.06,42.3,-87.9,6.398089507473047
2024-05-10 17:59:00,43092005,-1.4432617590615624,-2.4474365774234266,-0.4390869406996982,42.31375315313785,-87.97554804778305,10077,-4.62,42.3,-87.9,6.398089507473047
2024-05-10 18:00:00,43092005,-0.4854893256632382,-0.9235128627962159,-0.04746578853026051,42.31375315313785,-87.97554804778305,10077,-5.26,42.3,-87.9,6.398089507473047
2024-05-10 18:01:00,43092005,0.8856548997188421,0.44698593519786334,1.324323864239821,42.31375315313785,-87.97554804778305,10077,-3.17,42.3,-87.9,6.398089507473047
2024-05-10 18:02:00,43092005,1.2581871864864402,0.7928396690005812,1.7235347039722992,42.31375315313785,-87.97554804778305,10077,-4.38,42.3,-87.9,6.398089507473047
2024-05-10 18:03:00,43092005,1.741491971607495,1.1005705518582762,2.382413391356714,42.31375315313785,-87.97554804778305,10077,-2.6,42.3,-87.9,6.398089507473047
2024-05-10 18:04:00,43092005,0.5965191214006945,0.35833996314107786,0.8346982796603112,42.31375315313785,-87.97554804778305,10077,-3.4,42.3,-87.9,6.398089507473047
2024-05-10 18:05:00,43092005,0.7689457940017072,0.4777191134490818,1.0601724745543324,42.31375315313785,-87.97554804778305,10077,-1.29,42.3,-87.9,6.398089507473047
2024-05-10 18:06:00,43092005,-1.0294828969695813,-1.4330650537545306,-0.6259007401846319,42.31375315313785,-87.97554804778305,10077,-3.21,42.3,-87.9,6.398089507473047
2024-05-10 18:07:00,43092005,0.34476193551607703,-0.08339943232858066,0.7729233033607348,42.31375315313785,-87.97554804778305,10077,-0.56,42.3,-87.9,6.398089507473047
2024-05-10 18:08:00,43092005,-0.6819668995624381,-1.0848183949293317,-0.2791154041955443,42.31375315313785,-87.97554804778305,10077,-1.32,42.3,-87.9,6.398089507473047
2024-05-10 18:09:00,43092005,0.14132622816635917,0.013968113256607156,0.2686843430761112,42.31375315313785,-87.97554804778305,10077,-1.76,42.3,-87.9,6.398089507473047
2024-05-10 18:10:00,43092005,0.02754588487860338,-0.13695179050199738,0.19204356025920413,42.31375315313785,-87.97554804778305,10077,-3.81,42.3,-87.9,6.398089507473047
2024-05-10 18:11:00,43092005,1.182294992127813,0.7627245842179451,1.6018654000376809,42.31375315313785,-87.97554804778305,10077,1.56,42.3,-87.9,6.398089507473047
2024-05-10 18:12:00,43092005,0.26277383156750994,-0.1356077121598589,0.6611553752948788,42.31375315313785,-87.97554804778305,10077,0.34,42.3,-87.9,6.398089507473047
2024-05-10 18:13:00,43092005,0.4229300283888214,-0.15397718374225972,0.9998372405199025,42.31375315313785,-87.97554804778305,10077,-0.64,42.3,-87.9,6.398089507473047
2024-05-10 18:14:00,43092005,-0.18800241230750098,-0.6243169979322224,0.24831217331722044,42.31375315313785,-87.97554804778305,10077,1.59,42.3,-87.9,6.398089507473047
2024-05-10 18:15:00,43092005,-0.9331641185813978,-1.6333701523458404,-0.23295808481695524,42.31375315313785,-87.97554804778305,10077,0.46,42.3,-87.9,6.398089507473047
2024-05-10 18:16:00,43092005,-0.8251293547251489,-1.3160586113428745,-0.3342000981074233,42.31375315313785,-87.97554804778305,10077,0.6,42.3,-87.9,6.398089507473047
2024-05-10 18:17:00,43092005,-1.135226644314172,-1.599925250380598,-0.6705280382477461,42.31375315313785,-87.97554804778305,10077,-1.39,42.3,-87.9,6.398089507473047
2024-05-10 18:18:00,43092005,-1.380899393599583,-1.9376722948936576,-0.8241264923055085,42.31375315313785,-87.97554804778305,10077,-0.06,42.3,-87.9,6.398089507473047
2024-05-10 18:19:00,43092005,-1.2661817284454977,-1.7143421041218596,-0.8180213527691358,42.31375315313785,-87.97554804778305,10077,-1.83,42.3,-87.9,6.398089507473047
2024-05-10 18:20:00,43092005,-0.9541573157361277,-1.3304758652181643,-0.5778387662540911,42.31375315313785,-87.97554804778305,10077,-4.05,42.3,-87.9,6.398089507473047
2024-05-10 18:21:00,43092005,-0.948427689624037,-1.4989269862201478,-0.39792839302792615,42.31375315313785,-87.97554804778305,10077,-4.9,42.3,-87.9,6.398089507473047
2024-05-10 18:22:00,43092005,-0.22008869174154788,-0.6855281039666637,0.24535072048356799,42.31375315313785,-87.97554804778305,10077,-5.26,42.3,-87.9,6.398089507473047
2024-05-10 18:23:00,43092005,-0.44578142551983,-1.2732719073919534,0.38170905635229324,42.31375315313785,-87.97554804778305,10077,-7.33,42.3,-87.9,6.398089507473047
2024-05-10 18:24:00,43092005,-1.511009246980384,-2.7385700510998623,-0.28344844286090587,42.31375315313785,-87.97554804778305,10077,-6.3,42.3,-87.9,6.398089507473047
2024-05-10 18:25:00,43092005,-1.9641061825094217,-3.321851433129278,-0.6063609318895655,42.31375315313785,-87.97554804778305,10077,-7.17,42.3,-87.9,6.398089507473047
2024-05-10 18:26:00,43092005,-1.4373396456519953,-2.6194377510155613,-0.2552415402884296,42.31375315313785,-87.97554804778305,10077,-6.43,42.3,-87.9,6.398089507473047
2024-05-10 18:27:00,43092005,0.24116710076804698,-1.3962047670455462,1.87853896858164,42.31375315313785,-87.97554804778305,10077,-10.6,42.3,-87.9,6.398089507473047
2024-05-10 18:28:00,43092005,1.149927606493384,0.2844354086691727,2.0154198043175953,42.31375315313785,-87.97554804778305,10077,-5.74,42.3,-87.9,6.398089507473047
2024-05-10 18:29:00,43092005,0.41227887367510485,-0.39502208063610067,1.2195798279863104,42.31375315313785,-87.97554804778305,10077,-6.03,42.3,-87.9,6.398089507473047
2024-05-10 18:30:00,43092005,-1.0135691793014605,-1.6106360176311294,-0.4165023409717916,42.31375315313785,-87.97554804778305,10077,-5.34,42.3,-87.9,6.398089507473047
2024-05-10 18:31:00,43092005,-2.384891162390697,-3.3052871337448906,-1.4644951910365034,42.31375315313785,-87.97554804778305,10077,-1.01,42.3,-87.9,6.398089507473047
2024-05-10 18:32:00,43092005,-2.3528385447679008,-3.1781953190197036,-1.5274817705160977,42.31375315313785,-87.97554804778305,10077,-1.21,42.3,-87.9,6.398089507473047
2024-05-10 18:33:00,43092005,-2.4563185098326596,-3.4404803214874207,-1.4721566981778986,42.31375315313785,-87.97554804778305,10077,1.92,42.3,-87.9,6.398089507473047
2024-05-10 18:34:00,43092005,-1.1404374648833222,-1.8607743200698406,-0.42010060969680396,42.31375315313785,-87.97554804778305,10077,0.58,42.3,-87.9,6.398089507473047
2024-05-10 18:35:00,43092005,0.9406544248953363,-0.14004005006725473,2.0213488998579274,42.31375315313785,-87.97554804778305,10077,2.53,42.3,-87.9,6.398089507473047
2024-05-10 18:36:00,43092005,0.7852241345055408,-0.16120315792536344,1.7316514269364451,42.31375315313785,-87.97554804778305,10077,0.45,42.3,-87.9,6.398089507473047
2024-05-10 18:37:00,43092005,2.846680190523895,1.2968705504985523,4.396489830549237,42.31375315313785,-87.97554804778305,10077,1.24,42.3,-87.9,6.398089507473047
2024-05-10 18:38:00,43092005,2.3779699476692535,0.9644420246968546,3.7914978706416527,42.31375315313785,-87.97554804778305,10077,1.05,42.3,-87.9,6.398089507473047
2024-05-10 18:39:00,43092005,2.0497119651831928,0.7743537294033176,3.3250702009630677,42.31375315313785,-87.97554804778305,10077,0.72,42.3,-87.9,6.398089507473047
2024-05-10 18:40:00,43092005,1.7153707872656054,0.8182811761157179,2.612460398415493,42.31375315313785,-87.97554804778305,10077,0.11,42.3,-87.9,6.398089507473047
2024-05-10 18:41:00,43092005,1.6600995097766842,1.0252971143785816,2.294901905174787,42.31375315313785,-87.97554804778305,10077,-0.41,42.3,-87.9,6.398089507473047
2024-05-10 18:42:00,43092005,0.44936044018874344,0.2395283222788887,0.6591925580985982,42.31375315313785,-87.97554804778305,10077,-1.13,42.3,-87.9,6.398089507473047
2024-05-10 18:43:00,43092005,0.44794528050007376,0.2756870341700369,0.6202035268301106,42.31375315313785,-87.97554804778305,10077,-1.75,42.3,-87.9,6.398089507473047
2024-05-10 18:44:00,43092005,0.009566733278618324,-0.06316638325414578,0.08229984981138244,42.31375315313785,-87.97554804778305,10077,-2.92,42.3,-87.9,6.398089507473047
2024-05-10 18:45:00,43092005,0.5088167943989387,0.17557767133815522,0.8420559174597222,42.31375315313785,-87.97554804778305,10077,-1.98,42.3,-87.9,6.398089507473047
2024-05-10 18:46:00,43092005,0.545675135546721,0.28942971385060046,0.8019205572428415,42.31375315313785,-87.97554804778305,10077,-5.26,42.3,-87.9,6.398089507473047
2024-05-10 18:47:00,43092005,0.4555345160762936,0.24091614866001979,0.6701528834925674,42.31375315313785,-87.97554804778305,10077,-3.85,42.3,-87.9,6.398089507473047
2024-05-10 18:48:00,43092005,-0.2517257008122696,-0.35726438047893094,-0.14618702114560822,42.31375315313785,-87.97554804778305,10077,-4.25,42.3,-87.9,6.398089507473047
2024-05-10 18:49:00,43092005,-0.5036518234190038,-0.832601971988671,-0.17470167484933663,42.31375315313785,-87.97554804778305,10077,-2.39,42.3,-87.9,6.398089507473047
2024-05-10 18:50:00,43092005,-0.09149186682710783,-0.6415246848975267,0.45854095124331096,42.31375315313785,-87.97554804778305,10077,-3.11,42.3,-87.9,6.398089507473047
2024-05-10 18:51:00,43092005,0.3716007215904543,-0.2920467683799558,1.0352482115608646,42.31375315313785,-87.97554804778305,10077,-3.02,42.3,-87.9,6.398089507473047
2024-05-10 18:52:00,43092005,0.5580946578026252,-0.17118120732891484,1.2873705229341654,42.31375315313785,-87.97554804778305,10077,-3.35,42.3,-87.9,6.398089507473047
2024-05-10 18:53:00,43092005,0.3477780274046208,-0.31316798948860913,1.0087240442978507,42.31375315313785,-87.97554804778305,10077,-1.75,42.3,-87.9,6.398089507473047
2024-05-10 18:54:00,43092005,-0.25673581438050386,-0.4350297310478239,-0.07844189771318383,42.31375315313785,-87.97554804778305,10077,-0.28,42.3,-87.9,6.398089507473047
2024-05-10 18:55:00,43092005,-0.010752757705831686,-0.15328830369832397,0.13178278828666057,42.31375315313785,-87.97554804778305,10077,-0.46,42.3,-87.9,6.398089507473047
2024-05-10 18:56:00,43092005,-0.9645940388601278,-1.4825193955743625,-0.4466686821458933,42.31375315313785,-87.97554804778305,10077,0.17,42.3,-87.9,6.398089507473047
2024-05-10 18:57:00,43092005,-1.0244904411373132,-1.5540569901740184,-0.49492389210060805,42.31375315313785,-87.97554804778305,10077,0.56,42.3,-87.9,6.398089507473047
2024-05-10 18:58:00,43092005,-0.5492282576233447,-0.9163474591907939,-0.18210905605589556,42.31375315313785,-87.97554804778305,10077,4.39,42.3,-87.9,6.398089507473047
2024-05-10 18:59:00,43092005,-1.6621693783535396,-2.296570722289167,-1.027768034417912,42.31375315313785,-87.97554804778305,10077,-1.65,42.3,-87.9,6.398089507473047
2024-05-10 19:00:00,43092005,-1.5203565316727585,-2.4529847942599887,-0.5877282690855282,42.31375315313785,-87.97554804778305,10077,-5.67,42.3,-87.9,6.398089507473047
2024-05-10 19:01:00,43092005,-0.22518096295859955,-0.8948713161082139,0.44450939019101476,42.31375315313785,-87.97554804778305,10077,-2.02,42.3,-87.9,6.398089507473047
2024-05-10 19:02:00,43092005,-0.09705520450457916,-0.2639819672117602,0.06987155820260188,42.31375315313785,-87.97554804778305,10077,-1.41,42.3,-87.9,6.398089507473047
2024-05-10 19:03:00,43092005,-0.268524180556225,-0.4601610886074313,-0.07688727250501873,42.31375315313785,-87.97554804778305,10077,0.2,42.3,-87.9,6.398089507473047
2024-05-10 19:04:00,43092005,-0.36352267463949456,-1.6126598895481226,0.8856145402691333,42.31375315313785,-87.97554804778305,10077,-2.21,42.3,-87.9,6.398089507473047
2024-05-10 19:05:00,43092005,-0.1643106395626602,-0.9048517096426807,0.5762304305173602,42.31375315313785,-87.97554804778305,10077,0.97,42.3,-87.9,6.398089507473047
2024-05-10 19:06:00,43092005,-0.7824324050680139,-1.079635120827877,-0.48522968930815097,42.31375315313785,-87.97554804778305,10077,-5.02,42.3,-87.9,6.398089507473047
2024-05-10 19:07:00,43092005,-1.4094837343782411,-1.9636071301963964,-0.8553603385600858,42.31375315313785,-87.97554804778305,10077,-5.54,42.3,-87.9,6.398089507473047
2024-05-10 19:08:00,43092005,-0.026966529488867706,-0.446960613678579,0.3930275547008436,42.31375315313785,-87.97554804778305,10077,-2.4,42.3,-87.9,6.398089507473047
2024-05-10 19:09:00,43092005,0.9221688084733815,0.5983187459904156,1.2460188709563473,42.31375315313785,-87.97554804778305,10077,0.76,42.3,-87.9,6.398089507473047
2024-05-10 19:10:00,43092005,0.4023144840703983,0.031527958867902495,0.7731010092728942,42.31375315313785,-87.97554804778305,10077,-2.34,42.3,-87.9,6.398089507473047
2024-05-10 19:11:00,43092005,-0.1627497178850168,-0.2907864179627951,-0.03471301780723851,42.31375315313785,-87.97554804778305,10077,-1.91,42.3,-87.9,6.398089507473047
2024-05-10 19:12:00,43092005,-0.7849136405049083,-1.2336397016119358,-0.3361875793978808,42.31375315313785,-87.97554804778305,10077,-1.8,42.3,-87.9,6.398089507473047
2024-05-10 19:13:00,43092005,-0.3179352832644452,-1.18037018352782,0.5444996169989295,42.31375315313785,-87.97554804778305,10077,-0.73,42.3,-87.9,6.398089507473047
2024-05-10 19:14:00,43092005,-0.5583351476708507,-1.568927556576345,0.4522572612346436,42.31375315313785,-87.97554804778305,10077,0.27,42.3,-87.9,6.398089507473047
2024-05-10 19:15:00,43092005,0.258398520288158,-0.6236580743881439,1.14045511496446,42.31375315313785,-87.97554804778305,10077,0.31,42.3,-87.9,6.398089507473047
2024-05-10 19:16:00,43092005,0.0693699258359871,-0.9610453255562378,1.099785177228212,42.31375315313785,-87.97554804778305,10077,-1.5,42.3,-87.9,6.398089507473047
2024-05-10 19:17:00,43092005,-0.1149885409776332,-0.48900219365370534,0.259025111698439,42.31375315313785,-87.97554804778305,10077,-0.63,42.3,-87.9,6.398089507473047
2024-05-10 19:18:00,43092005,-1.006143740805468,-1.4726737215540946,-0.5396137600568416,42.31375315313785,-87.97554804778305,10077,-1.8,42.3,-87.9,6.398089507473047
2024-05-10 19:19:00,43092005,-0.9969688151265147,-1.481035080477773,-0.5129025497752564,42.31375315313785,-87.97554804778305,10077,-0.87,42.3,-87.9,6.398089507473047
2024-05-10 19:20:00,43092005,-1.0143553565692782,-1.3773140246408513,-0.6513966884977052,42.31375315313785,-87.97554804778305,10077,-1.2,42.3,-87.9,6.398089507473047
2024-05-10 19:21:00,43092005,-1.1742628609439485,-1.704767613890451,-0.6437581079974459,42.31375315313785,-87.97554804778305,10077,-2.25,42.3,-87.9,6.398089507473047
2024-05-10 19:22:00,43092005,-2.2452162233809183,-3.1431363781432076,-1.3472960686186293,42.31375315313785,-87.97554804778305,10077,-13.68,42.3,-87.9,6.398089507473047
2024-05-10 19:23:00,43092005,-0.6975959798857597,-1.0643416931874117,-0.3308502665841077,42.31375315313785,-87.97554804778305,10077,-4.27,42.3,-87.9,6.398089507473047
2024-05-10 19:24:00,43092005,-0.16438693393619655,-0.5951929322551845,0.2664190643827915,42.31375315313785,-87.97554804778305,10077,1.19,42.3,-87.9,6.398089507473047
2024-05-10 19:25:00,43092005,-0.013810072826534469,-1.257246702094836,1.229626556441767,42.31375315313785,-87.97554804778305,10077,4.53,42.3,-87.9,6.398089507473047
2024-05-10 19:26:00,43092005,0.1773799557479088,-0.08139968393419475,0.43615959543001237,42.31375315313785,-87.97554804778305,10077,1.79,42.3,-87.9,6.398089507473047
2024-05-10 19:27:00,43092005,-0.5211216051850402,-0.7044477279815498,-0.33779548238853074,42.31375315313785,-87.97554804778305,10077,0.44,42.3,-87.9,6.398089507473047
2024-05-10 19:28:00,43092005,-0.588480315546979,-0.9287545331294701,-0.2482060979644879,42.31375315313785,-87.97554804778305,10077,-3.29,42.3,-87.9,6.398089507473047
2024-05-10 19:29:00,43092005,-0.6972742639015193,-0.9553354227344253,-0.4392131050686132,42.31375315313785,-87.97554804778305,10077,-2.33,42.3,-87.9,6.398089507473047
2024-05-10 19:30:00,43092005,-1.880913394659683,-2.6041437036764608,-1.1576830856429055,42.31375315313785,-87.97554804778305,10077,-4.79,42.3,-87.9,6.398089507473047
2024-05-10 19:31:00,43092005,-1.1711812120556533,-1.5828259310986756,-0.7595364930126308,42.31375315313785,-87.97554804778305,10077,-4.33,42.3,-87.9,6.398089507473047
2024-05-10 19:32:00,43092005,-1.3536163682402824,-1.843057925359349,-0.8641748111212156,42.31375315313785,-87.97554804778305,10077,-3.47,42.3,-87.9,6.398089507473047
2024-05-10 19:33:00,43092005,-0.6729156673478283,-1.065100504168876,-0.28073083052678066,42.31375315313785,-87.97554804778305,10077,-2.27,42.3,-87.9,6.398089507473047
2024-05-10 19:34:00,43092005,-0.6989266539370655,-1.015562150946904,-0.38229115692722726,42.31375315313785,-87.97554804778305,10077,-4.56,42.3,-87.9,6.398089507473047
2024-05-10 19:35:00,43092005,-0.7266881386177582,-0.9882369198847161,-0.46513935735080025,42.31375315313785,-87.97554804778305,10077,-4.8,42.3,-87.9,6.398089507473047
2024-05-10 19:36:00,43092005,-2.0793239340596927,-2.828759347352999,-1.3298885207663864,42.31375315313785,-87.97554804778305,10077,-3.89,42.3,-87.9,6.398089507473047
2024-05-10 19:37:00,43092005,-1.5201763253014786,-2.092058140751779,-0.9482945098511785,42.31375315313785,-87.97554804778305,10077,-5.6,42.3,-87.9,6.398089507473047
2024-05-10 19:38:00,43092005,-1.7902628343953824,-2.6091233499908624,-0.9714023187999025,42.31375315313785,-87.97554804778305,10077,-8.84,42.3,-87.9,6.398089507473047
2024-05-10 19:39:00,43092005,-0.44094422805405464,-1.8230611188071286,0.9411726626990192,42.31375315313785,-87.97554804778305,10077,-7.34,42.3,-87.9,6.398089507473047
2024-05-10 19:40:00,43092005,0.11091158323682962,-0.5956641072754582,0.8174872737491173,42.31375315313785,-87.97554804778305,10077,-1.08,42.3,-87.9,6.398089507473047
2024-05-10 19:41:00,43092005,0.3333647783088818,-0.3017053461986454,0.968434902816409,42.31375315313785,-87.97554804778305,10077,2.39,42.3,-87.9,6.398089507473047
2024-05-10 19:42:00,43092005,-0.7704028977888793,-1.4742346664076167,-0.06657112917014196,42.31375315313785,-87.97554804778305,10077,-1.02,42.3,-87.9,6.398089507473047
2024-05-10 19:43:00,43092005,-1.0020539736314524,-1.3559745747595786,-0.6481333725033263,42.31375315313785,-87.97554804778305,10077,-4.88,42.3,-87.9,6.398089507473047
2024-05-10 19:44:00,43092005,-1.438581471455127,-1.9474704577716797,-0.9296924851385744,42.31375315313785,-87.97554804778305,10077,-5.39,42.3,-87.9,6.398089507473047
2024-05-10 19:45:00,43092005,-0.5290973267942798,-0.8181521343694469,-0.24004251921911268,42.31375315313785,-87.97554804778305,10077,-4.91,42.3,-87.9,6.398089507473047
2024-05-10 19:46:00,43092005,-1.301687573542571,-1.8152902596120057,-0.7880848874731362,42.31375315313785,-87.97554804778305,10077,-2.94,42.3,-87.9,6.398089507473047
2024-05-10 19:47:00,43092005,-1.2458156141800278,-1.9315909174611945,-0.5600403108988613,42.31375315313785,-87.97554804778305,10077,-7.06,42.3,-87.9,6.398089507473047
2024-05-10 19:48:00,43092005,2.2804254823951355,-0.0032293437171491135,4.56408030850742,42.31375315313785,-87.97554804778305,10077,-14.39,42.3,-87.9,6.398089507473047
2024-05-10 19:49:00,43092005,1.7542614102886434,1.1040924819255928,2.404430338651694,42.31375315313785,-87.97554804778305,10077,-3.31,42.3,-87.9,6.398089507473047
2024-05-10 19:50:00,43092005,-0.1369095961092905,-1.1148677520836912,0.8410485598651101,42.31375315313785,-87.97554804778305,10077,7.37,42.3,-87.9,6.398089507473047
2024-05-10 19:51:00,43092005,0.3037498964178831,0.19266288962181038,0.4148369032139558,42.31375315313785,-87.97554804778305,10077,-2.65,42.3,-87.9,6.398089507473047
2024-05-10 19:52:00,43092005,1.4788495677717048,0.8294264222122855,2.1282727133311243,42.31375315313785,-87.97554804778305,10077,-2.6,42.3,-87.9,6.398089507473047
2024-05-10 19:53:00,43092005,-0.40311559310934525,-0.7669562417817273,-0.039274944436963166,42.31375315313785,-87.97554804778305,10077,-3.82,42.3,-87.9,6.398089507473047
2024-05-10 19:54:00,43092005,0.21735453822799983,0.07560886591577634,0.35910021054022334,42.31375315313785,-87.97554804778305,10077,-5.89,42.3,-87.9,6.398089507473047
2024-05-10 19:55:00,43092005,1.7154714084804563,0.8739604130705344,2.556982403890378,42.31375315313785,-87.97554804778305,10077,-8.46,42.3,-87.9,6.398089507473047
2024-05-10 19:56:00,43092005,0.43610784460388985,-0.23581374572890312,1.1080294349366828,42.31375315313785,-87.97554804778305,10077,-5.61,42.3,-87.9,6.398089507473047
2024-05-10 19:57:00,43092005,0.9161724643052361,0.34251464939441956,1.4898302792160527,42.31375315313785,-87.97554804778305,10077,-7.74,42.3,-87.9,6.398089507473047
2024-05-10 19:58:00,43092005,3.288075391511272,2.06470453381774,4.511446249204804,42.31375315313785,-87.97554804778305,10077,-0.7,42.3,-87.9,6.398089507473047
2024-05-10 19:59:00,43092005,-0.15096269778333685,-0.8040111778360557,0.502085782269382,42.31375315313785,-87.97554804778305,10077,2.65,42.3,-87.9,6.398089507473047
2024-05-10 20:00:00,43092005,-0.43687834415423166,-0.8933503459762115,0.019593657667748232,42.31375315313785,-87.97554804778305,10077,-1.57,42.3,-87.9,6.398089507473047
2024-05-10 20:01:00,43092005,-0.5910531318183979,-0.8458479682524322,-0.33625829538436364,42.31375315313785,-87.97554804778305,10077,0.18,42.3,-87.9,6.398089507473047
2024-05-10 20:02:00,43092005,-0.662357213168735,-1.0292450847324746,-0.29546934160499544,42.31375315313785,-87.97554804778305,10077,-2.72,42.3,-87.9,6.398089507473047
2024-05-10 20:03:00,43092005,0.12062647890953192,-0.08696726133820763,0.32822021915727145,42.31375315313785,-87.97554804778305,10077,-1.86,42.3,-87.9,6.398089507473047
2024-05-10 20:04:00,43092005,-0.007502583455875754,-0.8181822684143604,0.8031771015026089,42.31375315313785,-87.97554804778305,10077,0.16,42.3,-87.9,6.398089507473047
2024-05-10 20:05:00,43092005,-0.7364039593527939,-1.0626088916371452,-0.4101990270684425,42.31375315313785,-87.97554804778305,10077,-4.13,42.3,-87.9,6.398089507473047
2024-05-10 20:06:00,43092005,2.317818319887147,1.4591648750520965,3.1764717647221974,42.31375315313785,-87.97554804778305,10077,-3.35,42.3,-87.9,6.398089507473047
2024-05-10 20:07:00,43092005,2.368875464475842,1.5275172504928318,3.210233678458852,42.31375315313785,-87.97554804778305,10077,-5.57,42.3,-87.9,6.398089507473047
2024-05-10 20:08:00,43092005,1.6249923151089136,1.0483599294144728,2.2016247008033547,42.31375315313785,-87.97554804778305,10077,-3.9,42.3,-87.9,6.398089507473047
2024-05-10 20:09:00,43092005,1.2879002025551665,0.8275291080762917,1.7482712970340413,42.31375315313785,-87.97554804778305,10077,-5.18,42.3,-87.9,6.398089507473047
2024-05-10 20:10:00,43092005,2.3199126565441452,1.4206608914468744,3.219164421641416,42.31375315313785,-87.97554804778305,10077,-6.69,42.3,-87.9,6.398089507473047
2024-05-10 20:11:00,43092005,0.8462551467326052,0.5119308465423942,1.1805794469228161,42.31375315313785,-87.97554804778305,10077,-4.11,42.3,-87.9,6.398089507473047
2024-05-10 20:12:00,43092005,2.4467481220127048,1.5889259921521677,3.304570251873242,42.31375315313785,-87.97554804778305,10077,-1.33,42.3,-87.9,6.398089507473047
2024-05-10 20:13:00,43092005,2.89496628103549,1.7045562460502275,4.085376316020753,42.31375315313785,-87.97554804778305,10077,-4.8,42.3,-87.9,6.398089507473047
2024-05-10 20:14:00,43092005,1.6092112540526498,1.0449072453644883,2.1735152627408114,42.31375315313785,-87.97554804778305,10077,-5.32,42.3,-87.9,6.398089507473047
2024-05-10 20:15:00,43092005,1.742975615095674,1.120051142217915,2.365900087973433,42.31375315313785,-87.97554804778305,10077,-5.37,42.3,-87.9,6.398089507473047
2024-05-10 20:16:00,43092005,1.6407584652285976,0.9007431867164538,2.3807737437407415,42.31375315313785,-87.97554804778305,10077,-0.54,42.3,-87.9,6.398089507473047
2024-05-10 20:17:00,43092005,2.4942056551613008,1.6181519283896024,3.370259381932999,42.31375315313785,-87.97554804778305,10077,1.88,42.3,-87.9,6.398089507473047
2024-05-10 20:18:00,43092005,1.0059592941014988,0.5912983392176012,1.4206202489853963,42.31375315313785,-87.97554804778305,10077,-1.54,42.3,-87.9,6.398089507473047
2024-05-10 20:19:00,43092005,0.13594095150227914,-0.5527207599947473,0.8246026629993056,42.31375315313785,-87.97554804778305,10077,0.99,42.3,-87.9,6.398089507473047
2024-05-10 20:20:00,43092005,1.0612278193518996,0.22140173528448992,1.9010539034193092,42.31375315313785,-87.97554804778305,10077,1.57,42.3,-87.9,6.398089507473047
2024-05-10 20:21:00,43092005,0.3142864796205893,-0.5666885683513562,1.195261527592535,42.31375315313785,-87.97554804778305,10077,4.53,42.3,-87.9,6.398089507473047
2024-05-10 20:22:00,43092005,0.1630442624906177,-0.32826863969567727,0.6543571646769126,42.31375315313785,-87.97554804778305,10077,-6.76,42.3,-87.9,6.398089507473047
2024-05-10 20:23:00,43092005,0.7759536971597183,0.06431263402698384,1.4875947602924526,42.31375315313785,-87.97554804778305,10077,-3.56,42.3,-87.9,6.398089507473047
2024-05-10 20:24:00,43092005,-0.3380697292108982,-0.695701496225869,0.01956203780407262,42.31375315313785,-87.97554804778305,10077,4.28,42.3,-87.9,6.398089507473047
2024-05-10 20:25:00,43092005,2.1073832817954528,0.8167742881899731,3.3979922754009326,42.31375315313785,-87.97554804778305,10077,4.44,42.3,-87.9,6.398089507473047
2024-05-10 20:26:00,43092005,1.4325998217278255,0.7542460484190535,2.1109535950365976,42.31375315313785,-87.97554804778305,10077,6.49,42.3,-87.9,6.398089507473047
2024-05-10 20:27:00,43092005,0.4478883488444532,-0.22307645222368516,1.1188531499125915,42.31375315313785,-87.97554804778305,10077,0.61,42.3,-87.9,6.398089507473047
2024-05-10 20:28:00,43092005,1.2465783155153862,0.5328592938529176,1.9602973371778547,42.31375315313785,-87.97554804778305,10077,-7.71,42.3,-87.9,6.398089507473047
2024-05-10 20:29:00,43092005,-1.7685081518808365,-2.6420106306677114,-0.8950056730939616,42.31375315313785,-87.97554804778305,10077,-3.1,42.3,-87.9,6.398089507473047
2024-05-10 20:30:00,43092005,0.6802425821726665,-0.05735398072503772,1.4178391450703707,42.31375315313785,-87.97554804778305,10077,-1.38,42.3,-87.9,6.398089507473047
2024-05-10 20:31:00,43092005,-0.4698654549433957,-0.9718962239123394,0.03216531402554801,42.31375315313785,-87.97554804778305,10077,-11.69,42.3,-87.9,6.398089507473047
2024-05-10 20:32:00,43092005,0.003991143338363717,-0.7604042855691886,0.768386572245916,42.31375315313785,-87.97554804778305,10077,-4.95,42.3,-87.9,6.398089507473047
2024-05-10 20:33:00,43092005,-2.4254088952278434,-3.2975686971133387,-1.5532490933423482,42.31375315313785,-87.97554804778305,10077,0.63,42.3,-87.9,6.398089507473047
2024-05-10 20:34:00,43092005,-0.5836904780880284,-0.9256981726666877,-0.24168278350936911,42.31375315313785,-87.97554804778305,10077,-2.56,42.3,-87.9,6.398089507473047
2024-05-10 20:35:00,43092005,-2.4899813777820805,-3.364018445284601,-1.61594431027956,42.31375315313785,-87.97554804778305,10077,-2.39,42.3,-87.9,6.398089507473047
2024-05-10 20:36:00,43092005,-2.0613767269410586,-2.911067732060631,-1.2116857218214865,42.31375315313785,-87.97554804778305,10077,-1.56,42.3,-87.9,6.398089507473047
2024-05-10 20:37:00,43092005,-1.3516271981903185,-1.9500128375266903,-0.7532415588539468,42.31375315313785,-87.97554804778305,10077,-1.94,42.3,-87.9,6.398089507473047
2024-05-10 20:38:00,43092005,-1.45010540886481,-1.9737594785960337,-0.9264513391335862,42.31375315313785,-87.97554804778305,10077,2.04,42.3,-87.9,6.398089507473047
2024-05-10 20:39:00,43092005,-0.6639995713282262,-1.3132379779691776,-0.01476116468727473,42.31375315313785,-87.97554804778305,10077,-1.53,42.3,-87.9,6.398089507473047
2024-05-10 20:40:00,43092005,-1.2055723042499256,-2.077492041386555,-0.33365256711329605,42.31375315313785,-87.97554804778305,10077,-4.58,42.3,-87.9,6.398089507473047
2024-05-10 20:41:00,43092005,-0.63120852039869,-1.3707678163001449,0.10835077550276484,42.31375315313785,-87.97554804778305,10077,-7.62,42.3,-87.9,6.398089507473047
2024-05-10 20:42:00,43092005,-0.1070529538855064,-0.408244636753134,0.1941387289821212,42.31375315313785,-87.97554804778305,10077,-7.36,42.3,-87.9,6.398089507473047
2024-05-10 20:43:00,43092005,1.2929577620928747,0.8299094098505659,1.7560061143351835,42.31375315313785,-87.97554804778305,10077,-4.04,42.3,-87.9,6.398089507473047
2024-05-10 20:44:00,43092005,-0.8175734324336407,-1.4130933501658585,-0.22205351470142298,42.31375315313785,-87.97554804778305,10077,-8.23,42.3,-87.9,6.398089507473047
2024-05-10 20:45:00,43092005,-1.1298923583836633,-1.891657342206392,-0.3681273745609347,42.31375315313785,-87.97554804778305,10077,-9.33,42.3,-87.9,6.398089507473047
2024-05-10 20:46:00,43092005,-0.6463044242601361,-1.2427927244110895,-0.04981612410918279,42.31375315313785,-87.97554804778305,10077,-8.56,42.3,-87.9,6.398089507473047
2024-05-10 20:47:00,43092005,-0.5436376256776044,-1.5432143821408872,0.4559391307856784,42.31375315313785,-87.97554804778305,10077,-10.32,42.3,-87.9,6.398089507473047
2024-05-10 20:48:00,43092005,1.9977949838851927,1.118912849804373,2.8766771179660124,42.31375315313785,-87.97554804778305,10077,-9.15,42.3,-87.9,6.398089507473047
2024-05-10 20:49:00,43092005,1.671846416883899,1.0634868163540276,2.28020601741377,42.31375315313785,-87.97554804778305,10077,1.11,42.3,-87.9,6.398089507473047
2024-05-10 20:50:00,43092005,0.20638584565922133,-0.39991473669260547,0.8126864280110482,42.31375315313785,-87.97554804778305,10077,-6.56,42.3,-87.9,6.398089507473047
2024-05-10 20:51:00,43092005,0.3561990960631846,-0.03759000025539322,0.7499881923817624,42.31375315313785,-87.97554804778305,10077,-2.99,42.3,-87.9,6.398089507473047
2024-05-10 20:52:00,43092005,1.1375848916464282,0.7383585236648612,1.5368112596279953,42.31375315313785,-87.97554804778305,10077,-0.09,42.3,-87.9,6.398089507473047
2024-05-10 20:53:00,43092005,0.5536504886457393,0.25406565783365276,0.8532353194578258,42.31375315313785,-87.97554804778305,10077,-5.26,42.3,-87.9,6.398089507473047
2024-05-10 20:54:00,43092005,0.5108618982192269,0.2932145642121762,0.7285092322262776,42.31375315313785,-87.97554804778305,10077,-4.87,42.3,-87.9,6.398089507473047
2024-05-10 20:55:00,43092005,0.6144632915207616,0.08082602096088054,1.1481005620806428,42.31375315313785,-87.97554804778305,10077,-6.39,42.3,-87.9,6.398089507473047
2024-05-10 20:56:00,43092005,-0.1288224427737538,-0.6729120024189514,0.4152671168714439,42.31375315313785,-87.97554804778305,10077,-5.67,42.3,-87.9,6.398089507473047
2024-05-10 20:57:00,43092005,-0.3590012096092665,-0.4979865745415235,-0.22001584467700955,42.31375315313785,-87.97554804778305,10077,-3.41,42.3,-87.9,6.398089507473047
2024-05-10 20:58:00,43092005,-1.277818579105357,-1.90158977118048,-0.6540473870302339,42.31375315313785,-87.97554804778305,10077,-2.74,42.3,-87.9,6.398089507473047
2024-05-10 20:59:00,43092005,0.2921690581330532,-0.2706185847982839,0.8549567010643904,42.31375315313785,-87.97554804778305,10077,-7.55,42.3,-87.9,6.398089507473047
2024-05-10 21:00:00,43092005,0.13562920971722214,-0.07090736576621673,0.342165785200661,42.31375315313785,-87.97554804778305,10077,-10.46,42.3,-87.9,6.398089507473047
2024-05-10 21:01:00,43092005,3.0263628727548704,1.4227073685761722,4.6300183769335685,42.31375315313785,-87.97554804778305,10077,-9.63,42.3,-87.9,6.398089507473047
2024-05-10 21:02:00,43092005,2.70872872455377,1.68883353692846,3.7286239121790805,42.31375315313785,-87.97554804778305,10077,-4.27,42.3,-87.9,6.398089507473047
2024-05-10 21:03:00,43092005,2.3288782800648145,1.4861457013995683,3.1716108587300607,42.31375315313785,-87.97554804778305,10077,0.57,42.3,-87.9,6.398089507473047
2024-05-10 21:04:00,43092005,0.36576512636135994,0.10557375395214158,0.6259564987705784,42.31375315313785,-87.97554804778305,10077,10.01,42.3,-87.9,6.398089507473047
2024-05-10 21:05:00,43092005,-0.4597098439264305,-0.6811698001708907,-0.2382498876819703,42.31375315313785,-87.97554804778305,10077,-2.01,42.3,-87.9,6.398089507473047
2024-05-10 21:06:00,43092005,1.2346970160260684,0.21446349680889742,2.2549305352432394,42.31375315313785,-87.97554804778305,10077,-3.66,42.3,-87.9,6.398089507473047
2024-05-10 21:07:00,43092005,0.3979702237199871,0.2566706515744805,0.5392697958654937,42.31375315313785,-87.97554804778305,10077,-12.66,42.3,-87.9,6.398089507473047
2024-05-10 21:08:00,43092005,-1.1393496661183231,-1.5874036039078616,-0.6912957283287846,42.31375315313785,-87.97554804778305,10077,-10.08,42.3,-87.9,6.398089507473047
2024-05-10 21:09:00,43092005,-2.7578741657853425,-3.8022148566757914,-1.7135334748948936,42.31375315313785,-87.97554804778305,10077,4.82,42.3,-87.9,6.398089507473047
2024-05-10 21:10:00,43092005,-2.1592127650154564,-3.1009151244290787,-1.2175104056018342,42.31375315313785,-87.97554804778305,10077,0.85,42.3,-87.9,6.398089507473047
2024-05-10 21:11:00,43092005,0.19777646231993726,-0.3807303702674153,0.7762832949072899,42.31375315313785,-87.97554804778305,10077,1.42,42.3,-87.9,6.398089507473047
2024-05-10 21:12:00,43092005,0.056309443211821394,-0.5743306282339704,0.6869495146576132,42.31375315313785,-87.97554804778305,10077,0.37,42.3,-87.9,6.398089507473047
2024-05-10 21:13:00,43092005,0.38866040090164333,0.12768888406154094,0.6496319177417458,42.31375315313785,-87.97554804778305,10077,-2.99,42.3,-87.9,6.398089507473047
2024-05-10 21:14:00,43092005,1.208060620197697,0.48782575554286356,1.9282954848525307,42.31375315313785,-87.97554804778305,10077,-3.6,42.3,-87.9,6.398089507473047
2024-05-10 21:15:00,43092005,0.25970183788124185,0.15412104338077756,0.3652826323817061,42.31375315313785,-87.97554804778305,10077,-6.9,42.3,-87.9,6.398089507473047
2024-05-10 21:16:00,43092005,0.2801285423595169,0.08224042028092848,0.4780166644381053,42.31375315313785,-87.97554804778305,10077,-1.32,42.3,-87.9,6.398089507473047
2024-05-10 21:17:00,43092005,0.7725827394235403,0.48464397989443114,1.0605214989526495,42.31375315313785,-87.97554804778305,10077,3.9,42.3,-87.9,6.398089507473047
2024-05-10 21:18:00,43092005,0.6485246244005691,0.3974794272093008,0.8995698215918375,42.31375315313785,-87.97554804778305,10077,8.05,42.3,-87.9,6.398089507473047
2024-05-10 21:19:00,43092005,1.34332122726548,0.8602368803957621,1.8264055741351979,42.31375315313785,-87.97554804778305,10077,6.09,42.3,-87.9,6.398089507473047
2024-05-10 21:20:00,43092005,0.566797607670244,-0.14749167584654665,1.2810868911870346,42.31375315313785,-87.97554804778305,10077,-5.89,42.3,-87.9,6.398089507473047
2024-05-10 21:21:00,43092005,1.0953394275865889,0.00548708455079483,2.185191770622383,42.31375315313785,-87.97554804778305,10077,-8.39,42.3,-87.9,6.398089507473047
2024-05-10 21:22:00,43092005,3.5809501921921445,2.2201003417065523,4.941800042677737,42.31375315313785,-87.97554804778305,10077,2.99,42.3,-87.9,6.398089507473047
2024-05-10 21:23:00,43092005,3.6341508444688073,2.3596079945052804,4.908693694432334,42.31375315313785,-87.97554804778305,10077,1.68,42.3,-87.9,6.398089507473047
2024-05-10 21:24:00,43092005,2.509893036127688,1.5479837537525167,3.471802318502859,42.31375315313785,-87.97554804778305,10077,0.72,42.3,-87.9,6.398089507473047
2024-05-10 21:25:00,43092005,0.8371286868750302,0.5355496253850651,1.1387077483649952,42.31375315313785,-87.97554804778305,10077,-6.52,42.3,-87.9,6.398089507473047
2024-05-10 21:26:00,43092005,-0.6738022399424295,-1.1948560291497303,-0.15274845073512866,42.31375315313785,-87.97554804778305,10077,-9.45,42.3,-87.9,6.398089507473047
2024-05-10 21:27:00,43092005,-1.0994453852451207,-1.9151594576240116,-0.2837313128662299,42.31375315313785,-87.97554804778305,10077,-2.73,42.3,-87.9,6.398089507473047
2024-05-10 21:28:00,43092005,-1.892501199043783,-2.738172752151695,-1.0468296459358708,42.31375315313785,-87.97554804778305,10077,1.83,42.3,-87.9,6.398089507473047
2024-05-10 21:29:00,43092005,-2.8634585417751084,-3.8685387632463737,-1.8583783203038429,42.31375315313785,-87.97554804778305,10077,7.23,42.3,-87.9,6.398089507473047
2024-05-10 21:30:00,43092005,-4.021402120739595,-5.461465357608079,-2.581338883871112,42.31375315313785,-87.97554804778305,10077,6.53,42.3,-87.9,6.398089507473047
2024-05-10 21:31:00,43092005,-3.6102322746339,-4.959291078391774,-2.2611734708760256,42.31375315313785,-87.97554804778305,10077,-0.45,42.3,-87.9,6.398089507473047
2024-05-10 21:32:00,43092005,-2.415855361704241,-3.4442910155858133,-1.3874197078226682,42.31375315313785,-87.97554804778305,10077,-4.77,42.3,-87.9,6.398089507473047
2024-05-10 21:33:00,43092005,-2.196806548681474,-3.195654731635182,-1.1979583657277662,42.31375315313785,-87.97554804778305,10077,-10.0,42.3,-87.9,6.398089507473047
2024-05-10 21:34:00,43092005,-2.44825399818277,-3.4758085713308584,-1.4206994250346816,42.31375315313785,-87.97554804778305,10077,-9.89,42.3,-87.9,6.398089507473047
2024-05-10 21:35:00,43092005,-2.3733785221899364,-3.334519939378795,-1.4122371050010778,42.31375315313785,-87.97554804778305,10077,-13.55,42.3,-87.9,6.398089507473047
2024-05-10 21:36:00,43092005,-1.504366306527954,-2.652688385115142,-0.35604422794076607,42.31375315313785,-87.97554804778305,10077,-15.54,42.3,-87.9,6.398089507473047
2024-05-10 21:37:00,43092005,-0.034901020993866064,-1.3374640004328295,1.2676619584450974,42.31375315313785,-87.97554804778305,10077,-19.02,42.3,-87.9,6.398089507473047
2024-05-10 21:38:00,43092005,1.232507834675486,0.0585677510462248,2.4064479183047474,42.31375315313785,-87.97554804778305,10077,-7.85,42.3,-87.9,6.398089507473047
2024-05-10 21:39:00,43092005,0.7460641089382168,0.3363741378615319,1.1557540800149018,42.31375315313785,-87.97554804778305,10077,-10.16,42.3,-87.9,6.398089507473047
2024-05-10 21:40:00,43092005,-1.7916278114406985,-2.539511004759302,-1.043744618122095,42.31375315313785,-87.97554804778305,10077,-6.45,42.3,-87.9,6.398089507473047
2024-05-10 21:41:00,43092005,-3.154438323320303,-4.27124799729538,-2.0376286493452254,42.31375315313785,-87.97554804778305,10077,-4.21,42.3,-87.9,6.398089507473047
2024-05-10 21:42:00,43092005,2.796819138048884,0.9358822117347143,4.657756064363054,42.31375315313785,-87.97554804778305,10077,10.49,42.3,-87.9,6.398089507473047
2024-05-10 21:43:00,43092005,3.3720292883171212,0.8564648550838951,5.887593721550347,42.31375315313785,-87.97554804778305,10077,23.02,42.3,-87.9,6.398089507473047
2024-05-10 21:44:00,43092005,1.1870416317433865,-0.44842134880468976,2.8225046122914628,42.31375315313785,-87.97554804778305,10077,11.29,42.3,-87.9,6.398089507473047
2024-05-10 21:45:00,43092005,0.2901436589927562,-0.7933462534133011,1.3736335713988135,42.31375315313785,-87.97554804778305,10077,10.41,42.3,-87.9,6.398089507473047
2024-05-10 21:46:00,43092005,0.5920688471591151,-0.5636888972848288,1.747826591603059,42.31375315313785,-87.97554804778305,10077,4.14,42.3,-87.9,6.398089507473047
2024-05-10 21:47:00,43092005,0.8353585942600501,0.10357915865234568,1.5671380298677544,42.31375315313785,-87.97554804778305,10077,9.17,42.3,-87.9,6.398089507473047
2024-05-10 21:48:00,43092005,1.930598391738153,1.0959923251672419,2.7652044583090643,42.31375315313785,-87.97554804778305,10077,8.55,42.3,-87.9,6.398089507473047
2024-05-10 21:49:00,43092005,1.0529628104219835,0.44369554494929453,1.6622300758946724,42.31375315313785,-87.97554804778305,10077,7.56,42.3,-87.9,6.398089507473047
2024-05-10 21:50:00,43092005,-0.4151780096426569,-0.7055955688069748,-0.124760450478339,42.31375315313785,-87.97554804778305,10077,6.32,42.3,-87.9,6.398089507473047
2024-05-10 21:51:00,43092005,-0.5863116278796268,-0.7970401571956489,-0.3755830985636046,42.31375315313785,-87.97554804778305,10077,0.14,42.3,-87.9,6.398089507473047
2024-05-10 21:52:00,43092005,0.467605704110802,0.187985320047997,0.747226088173607,42.31375315313785,-87.97554804778305,10077,-0.73,42.3,-87.9,6.398089507473047
2024-05-10 21:53:00,43092005,0.6555781558081321,0.4229639719899654,0.8881923396262987,42.31375315313785,-87.97554804778305,10077,-1.59,42.3,-87.9,6.398089507473047
2024-05-10 21:54:00,43092005,-0.05896531909630975,-0.2388191239333611,0.1208884857407416,42.31375315313785,-87.97554804778305,10077,-2.64,42.3,-87.9,6.398089507473047
2024-05-10 21:55:00,43092005,-0.7644491902585223,-1.6044815109224055,0.07558313040536102,42.31375315313785,-87.97554804778305,10077,-3.09,42.3,-87.9,6.398089507473047
2024-05-10 21:56:00,43092005,-1.0923708543685593,-1.7575217552434423,-0.42721995349367625,42.31375315313785,-87.97554804778305,10077,-5.94,42.3,-87.9,6.398089507473047
2024-05-10 21:57:00,43092005,0.19026362171187025,-0.2850775042208953,0.6656047476446358,42.31375315313785,-87.97554804778305,10077,-4.23,42.3,-87.9,6.398089507473047
2024-05-10 21:58:00,43092005,0.1896143712600539,0.06641652896162577,0.31281221355848204,42.31375315313785,-87.97554804778305,10077,-3.71,42.3,-87.9,6.398089507473047
2024-05-10 21:59:00,43092005,-0.15116535397241374,-0.5053627520274263,0.2030320440825988,42.31375315313785,-87.97554804778305,10077,4.26,42.3,-87.9,6.398089507473047
2024-05-10 22:00:00,43092005,-0.4201478904730554,-1.0758913691014536,0.23559558815534282,42.31375315313785,-87.97554804778305,10077,5.07,42.3,-87.9,6.398089507473047
2024-05-10 22:01:00,43092005,-0.7470985498159125,-1.2165281960935719,-0.2776689035382531,42.31375315313785,-87.97554804778305,10077,1.4,42.3,-87.9,6.398089507473047
2024-05-10 22:02:00,43092005,-0.23091936505832628,-0.4781565873371197,0.016317857220467136,42.31375315313785,-87.97554804778305,10077,-1.19,42.3,-87.9,6.398089507473047
2024-05-10 22:03:00,43092005,-0.6616314452924628,-1.0550808722985816,-0.2681820182863439,42.31375315313785,-87.97554804778305,10077,-0.67,42.3,-87.9,6.398089507473047
2024-05-10 22:04:00,43092005,-1.4988471103334953,-2.8106008971183085,-0.18709332354868202,42.31375315313785,-87.97554804778305,10077,-9.35,42.3,-87.9,6.398089507473047
2024-05-10 22:05:00,43092005,0.6827440083465705,0.10473457144167153,1.2607534452514693,42.31375315313785,-87.97554804778305,10077,-1.06,42.3,-87.9,6.398089507473047
2024-05-10 22:06:00,43092005,-1.038392413454247,-1.403466699608681,-0.6733181272998131,42.31375315313785,-87.97554804778305,10077,-1.89,42.3,-87.9,6.398089507473047
2024-05-10 22:07:00,43092005,-1.856493894169504,-2.531455141943616,-1.1815326463953917,42.31375315313785,-87.97554804778305,10077,3.01,42.3,-87.9,6.398089507473047
2024-05-10 22:08:00,43092005,-2.363821524426453,-3.2127168927915215,-1.5149261560613847,42.31375315313785,-87.97554804778305,10077,-2.97,42.3,-87.9,6.398089507473047
2024-05-10 22:09:00,43092005,-2.1239454585657382,-2.882779651928166,-1.3651112652033104,42.31375315313785,-87.97554804778305,10077,3.19,42.3,-87.9,6.398089507473047
2024-05-10 22:10:00,43092005,-1.761375813182434,-2.488782997694905,-1.0339686286699628,42.31375315313785,-87.97554804778305,10077,7.47,42.3,-87.9,6.398089507473047
2024-05-10 22:11:00,43092005,-1.4440245151768945,-2.3035354816606617,-0.5845135486931272,42.31375315313785,-87.97554804778305,10077,5.14,42.3,-87.9,6.398089507473047
2024-05-10 22:12:00,43092005,-2.316707637823913,-3.3727407637970437,-1.2606745118507818,42.31375315313785,-87.97554804778305,10077,0.61,42.3,-87.9,6.398089507473047
2024-05-10 22:13:00,43092005,-1.6913857532660466,-2.822182203654819,-0.5605893028772739,42.31375315313785,-87.97554804778305,10077,-0.29,42.3,-87.9,6.398089507473047
2024-05-10 22:14:00,43092005,-1.9808505519963147,-2.702390573942436,-1.2593105300501932,42.31375315313785,-87.97554804778305,10077,-1.13,42.3,-87.9,6.398089507473047
2024-05-10 22:15:00,43092005,-1.1998112638642018,-1.6353750880961064,-0.7642474396322971,42.31375315313785,-87.97554804778305,10077,-1.87,42.3,-87.9,6.398089507473047
2024-05-10 22:16:00,43092005,-0.8923861453682242,-1.383993685895408,-0.40077860484104044,42.31375315313785,-87.97554804778305,10077,-0.93,42.3,-87.9,6.398089507473047
2024-05-10 22:17:00,43092005,-0.32994287502203534,-1.0078555484718654,0.34796979842779474,42.31375315313785,-87.97554804778305,10077,1.31,42.3,-87.9,6.398089507473047
2024-05-10 22:18:00,43092005,-1.4012986745377232,-1.9068463380532124,-0.8957510110222341,42.31375315313785,-87.97554804778305,10077,0.34,42.3,-87.9,6.398089507473047
2024-05-10 22:19:00,43092005,0.024066730465007884,-0.1391886153323395,0.18732207626235525,42.31375315313785,-87.97554804778305,10077,-2.17,42.3,-87.9,6.398089507473047
2024-05-10 22:20:00,43092005,0.20886679418165618,-0.10145790710000294,0.5191914954633153,42.31375315313785,-87.97554804778305,10077,-4.69,42.3,-87.9,6.398089507473047
2024-05-10 22:21:00,43092005,0.7856278150788226,0.4898064837895384,1.0814491463681069,42.31375315313785,-87.97554804778305,10077,-4.75,42.3,-87.9,6.398089507473047
2024-05-10 22:22:00,43092005,-0.037219203938039847,-0.16806278222872523,0.09362437435264553,42.31375315313785,-87.97554804778305,10077,-0.29,42.3,-87.9,6.398089507473047
2024-05-10 22:23:00,43092005,-0.9914959375011293,-1.4088669021346432,-0.5741249728676155,42.31375315313785,-87.97554804778305,10077,-3.21,42.3,-87.9,6.398089507473047
2024-05-10 22:24:00,43092005,-0.8235245730942652,-1.113290039966687,-0.5337591062218433,42.31375315313785,-87.97554804778305,10077,-1.57,42.3,-87.9,6.398089507473047
2024-05-10 22:25:00,43092005,-1.4437102986999173,-2.176557121184811,-0.7108634762150238,42.31375315313785,-87.97554804778305,10077,-2.36,42.3,-87.9,6.398089507473047
2024-05-10 22:26:00,43092005,-1.1144552591402972,-2.0599585157450204,-0.16895200253557396,42.31375315313785,-87.97554804778305,10077,-5.67,42.3,-87.9,6.398089507473047
2024-05-10 22:27:00,43092005,0.7663077198361096,0.4209446344942876,1.1116708051779316,42.31375315313785,-87.97554804778305,10077,0.16,42.3,-87.9,6.398089507473047
2024-05-10 22:28:00,43092005,0.242634649008027,0.11762712187036134,0.36764217614569267,42.31375315313785,-87.97554804778305,10077,0.56,42.3,-87.9,6.398089507473047
2024-05-10 22:29:00,43092005,0.4009581447583635,-0.29981792514266453,1.1017342146593916,42.31375315313785,-87.97554804778305,10077,0.71,42.3,-87.9,6.398089507473047
2024-05-10 22:30:00,43092005,-0.39616620127942626,-0.7161675371965661,-0.0761648653622864,42.31375315313785,-87.97554804778305,10077,-1.2,42.3,-87.9,6.398089507473047
2024-05-10 22:31:00,43092005,-0.6348338393940308,-1.2172305258419334,-0.052437152946128274,42.31375315313785,-87.97554804778305,10077,-4.46,42.3,-87.9,6.398089507473047
2024-05-10 22:32:00,43092005,-1.394408118097639,-2.1607615106570073,-0.628054725538271,42.31375315313785,-87.97554804778305,10077,-8.19,42.3,-87.9,6.398089507473047
2024-05-10 22:33:00,43092005,-0.41281170966593844,-0.9833897075916078,0.15776628825973088,42.31375315313785,-87.97554804778305,10077,-0.94,42.3,-87.9,6.398089507473047
2024-05-10 22:34:00,43092005,-2.0926295822827066,-3.8535569675807984,-0.3317021969846148,42.31375315313785,-87.97554804778305,10077,-7.23,42.3,-87.9,6.398089507473047
2024-05-10 22:35:00,43092005,-5.072595834993479,-8.335230174130817,-1.8099614958561419,42.31375315313785,-87.97554804778305,10077,-18.97,42.3,-87.9,6.398089507473047
2024-05-10 22:36:00,43092005,0.8782668862314451,0.5147621022102209,1.2417716702526693,42.31375315313785,-87.97554804778305,10077,-4.81,42.3,-87.9,6.398089507473047
2024-05-10 22:37:00,43092005,1.7292785853390258,-0.8668676860373188,4.325424856715371,42.31375315313785,-87.97554804778305,10077,17.78,42.3,-87.9,6.398089507473047
2024-05-10 22:38:00,43092005,-3.4669612063839566,-5.234933698094708,-1.6989887146732052,42.31375315313785,-87.97554804778305,10077,4.91,42.3,-87.9,6.398089507473047
2024-05-10 22:39:00,43092005,-3.0589714317692254,-4.131789632545865,-1.9861532309925858,42.31375315313785,-87.97554804778305,10077,-4.53,42.3,-87.9,6.398089507473047
2024-05-10 22:40:00,43092005,-1.3173658773863226,-1.8602412566919857,-0.7744904980806594,42.31375315313785,-87.97554804778305,10077,-4.54,42.3,-87.9,6.398089507473047
2024-05-10 22:41:00,43092005,-0.8110563989383236,-1.1119418764617126,-0.5101709214149346,42.31375315313785,-87.97554804778305,10077,-1.96,42.3,-87.9,6.398089507473047
2024-05-10 22:42:00,43092005,-0.4616789815884392,-0.672313977746565,-0.25104398543031337,42.31375315313785,-87.97554804778305,10077,-4.02,42.3,-87.9,6.398089507473047
2024-05-10 22:43:00,43092005,1.1702357292978238,0.5621563895025018,1.778315069093146,42.31375315313785,-87.97554804778305,10077,-0.51,42.3,-87.9,6.398089507473047
2024-05-10 22:44:00,43092005,1.7108885760799535,0.8462801098547614,2.5754970423051455,42.31375315313785,-87.97554804778305,10077,5.56,42.3,-87.9,6.398089507473047
2024-05-10 22:45:00,43092005,2.6401803913271817,1.4316217380890934,3.84873904456527,42.31375315313785,-87.97554804778305,10077,3.99,42.3,-87.9,6.398089507473047
2024-05-10 22:46:00,43092005,2.4309163315403732,1.4914192883985193,3.370413374682227,42.31375315313785,-87.97554804778305,10077,1.23,42.3,-87.9,6.398089507473047
2024-05-10 22:47:00,43092005,1.0915778028897773,0.6308852839279866,1.552270321851568,42.31375315313785,-87.97554804778305,10077,-0.56,42.3,-87.9,6.398089507473047
2024-05-10 22:48:00,43092005,3.541254110653,1.8711303272092756,5.211377894096724,42.31375315313785,-87.97554804778305,10077,11.16,42.3,-87.9,6.398089507473047
2024-05-10 22:49:00,43092005,0.8992187835519461,0.19627266166221036,1.6021649054416818,42.31375315313785,-87.97554804778305,10077,3.85,42.3,-87.9,6.398089507473047
2024-05-10 22:50:00,43092005,2.9356336948417483,1.9064520241212026,3.964815365562294,42.31375315313785,-87.97554804778305,10077,0.45,42.3,-87.9,6.398089507473047
2024-05-10 22:51:00,43092005,2.1839443977763477,1.3688511089681947,2.9990376865845008,42.31375315313785,-87.97554804778305,10077,3.9,42.3,-87.9,6.398089507473047
2024-05-10 22:52:00,43092005,2.47627087172709,1.3422625420895966,3.6102792013645835,42.31375315313785,-87.97554804778305,10077,2.87,42.3,-87.9,6.398089507473047
2024-05-10 22:53:00,43092005,3.1800554775280463,1.7232279162692616,4.636883038786831,42.31375315313785,-87.97554804778305,10077,5.1,42.3,-87.9,6.398089507473047
2024-05-10 22:54:00,43092005,1.6876508366493952,0.9964860328957589,2.3788156404030314,42.31375315313785,-87.97554804778305,10077,1.87,42.3,-87.9,6.398089507473047
2024-05-10 22:55:00,43092005,1.2023916084291344,0.7202900948128279,1.6844931220454409,42.31375315313785,-87.97554804778305,10077,-3.15,42.3,-87.9,6.398089507473047
2024-05-10 22:56:00,43092005,-0.08913910867854075,-0.15547473222261615,-0.02280348513446534,42.31375315313785,-87.97554804778305,10077,-2.26,42.3,-87.9,6.398089507473047
2024-05-10 22:57:00,43092005,0.33105168373961197,0.1902882199673664,0.47181514751185755,42.31375315313785,-87.97554804778305,10077,-3.15,42.3,-87.9,6.398089507473047
2024-05-10 22:58:00,43092005,1.6153636258422284,1.041812863039596,2.1889143886448608,42.31375315313785,-87.97554804778305,10077,-4.07,42.3,-87.9,6.398089507473047
2024-05-10 22:59:00,43092005,1.873860252232181,1.2106857484974987,2.5370347559668636,42.31375315313785,-87.97554804778305,10077,-5.96,42.3,-87.9,6.398089507473047
2024-05-10 23:00:00,43092005,1.2018869122803062,0.7329261090140786,1.6708477155465338,42.31375315313785,-87.97554804778305,10077,-1.5,42.3,-87.9,6.398089507473047
2024-05-10 23:01:00,43092005,0.6614611570565508,-0.7392843448395411,2.062206658952643,42.31375315313785,-87.97554804778305,10077,1.56,42.3,-87.9,6.398089507473047
2024-05-10 23:02:00,43092005,0.09983609987378038,-3.2651925825715384,3.464864782319099,42.31375315313785,-87.97554804778305,10077,-0.67,42.3,-87.9,6.398089507473047
2024-05-10 23:03:00,43092005,1.1802318573948043,-1.9883336365276543,4.348797351317263,42.31375315313785,-87.97554804778305,10077,-3.58,42.3,-87.9,6.398089507473047
2024-05-10 23:04:00,43092005,2.5096704279420368,1.4548396936267338,3.56450116225734,42.31375315313785,-87.97554804778305,10077,0.23,42.3,-87.9,6.398089507473047
2024-05-10 23:05:00,43092005,-0.18851291122472844,-0.4752435345094287,0.09821771205997185,42.31375315313785,-87.97554804778305,10077,-2.24,42.3,-87.9,6.398089507473047
2024-05-10 23:06:00,43092005,0.12469958406604621,0.07779340507863644,0.17160576305345598,42.31375315313785,-87.97554804778305,10077,-2.74,42.3,-87.9,6.398089507473047
2024-05-10 23:07:00,43092005,0.06224604079947777,-0.2847132351091095,0.40920531670806504,42.31375315313785,-87.97554804778305,10077,-1.73,42.3,-87.9,6.398089507473047
2024-05-10 23:08:00,43092005,-0.5960753951455119,-0.8496394643363039,-0.34251132595471984,42.31375315313785,-87.97554804778305,10077,-4.83,42.3,-87.9,6.398089507473047
2024-05-10 23:09:00,43092005,-0.3187856455006751,-0.520406724900994,-0.1171645661003562,42.31375315313785,-87.97554804778305,10077,-4.11,42.3,-87.9,6.398089507473047
2024-05-10 23:10:00,43092005,0.8868659851421371,-1.3907312784090893,3.1644632486933633,42.31375315313785,-87.97554804778305,10077,-0.34,42.3,-87.9,6.398089507473047
2024-05-10 23:11:00,43092005,0.8223390708152872,-2.9140353134035313,4.5587134550341055,42.31375315313785,-87.97554804778305,10077,6.62,42.3,-87.9,6.398089507473047
2024-05-10 23:12:00,43092005,-0.8898047419996666,-2.7172658003265804,0.9376563163272469,42.31375315313785,-87.97554804778305,10077,-6.55,42.3,-87.9,6.398089507473047
2024-05-10 23:13:00,43092005,-0.6287081359802771,-1.9299058113663567,0.6724895394058026,42.31375315313785,-87.97554804778305,10077,-3.19,42.3,-87.9,6.398089507473047
2024-05-10 23:14:00,43092005,-0.7704438977614558,-1.8500926523969883,0.3092048568740766,42.31375315313785,-87.97554804778305,10077,-0.3,42.3,-87.9,6.398089507473047
2024-05-10 23:15:00,43092005,-0.2986319864629282,-1.3508183278889159,0.7535543549630596,42.31375315313785,-87.97554804778305,10077,-3.83,42.3,-87.9,6.398089507473047
2024-05-10 23:16:00,43092005,0.038377850808517494,-0.8870324761609468,0.9637881777779819,42.31375315313785,-87.97554804778305,10077,0.13,42.3,-87.9,6.398089507473047
2024-05-10 23:17:00,43092005,0.0861571462046322,-0.9328211381452947,1.105135430554559,42.31375315313785,-87.97554804778305,10077,5.74,42.3,-87.9,6.398089507473047
2024-05-10 23:18:00,43092005,-0.4041883009544254,-1.0326268252745543,0.22425022336570355,42.31375315313785,-87.97554804778305,10077,2.58,42.3,-87.9,6.398089507473047
2024-05-10 23:19:00,43092005,-0.2043872334004408,-0.5197996457319519,0.11102517893107033,42.31375315313785,-87.97554804778305,10077,-1.91,42.3,-87.9,6.398089507473047
2024-05-10 23:20:00,43092005,0.5739233260644591,0.12579274870509805,1.02205390342382,42.31375315313785,-87.97554804778305,10077,-1.37,42.3,-87.9,6.398089507473047
2024-05-10 23:21:00,43092005,0.5095279212751633,0.2761207782374145,0.7429350643129122,42.31375315313785,-87.97554804778305,10077,3.47,42.3,-87.9,6.398089507473047
2024-05-10 23:22:00,43092005,-0.3139912568238146,-0.4254309489583553,-0.20255156468927393,42.31375315313785,-87.97554804778305,10077,2.72,42.3,-87.9,6.398089507473047
2024-05-10 23:23:00,43092005,-0.31461062998365596,-0.49922459083029824,-0.1299966691370137,42.31375315313785,-87.97554804778305,10077,3.83,42.3,-87.9,6.398089507473047
2024-05-10 23:24:00,43092005,-1.6517999838094664,-2.2434377886353927,-1.06016217898354,42.31375315313785,-87.97554804778305,10077,1.11,42.3,-87.9,6.398089507473047
2024-05-10 23:25:00,43092005,-0.9020417235735664,-1.2473152274004025,-0.5567682197467303,42.31375315313785,-87.97554804778305,10077,4.14,42.3,-87.9,6.398089507473047
2024-05-10 23:26:00,43092005,-0.4914330958031622,-0.7303883371088358,-0.2524778544974886,42.31375315313785,-87.97554804778305,10077,-0.74,42.3,-87.9,6.398089507473047
2024-05-10 23:27:00,43092005,-0.5252502106858375,-0.7204658602767917,-0.33003456109488344,42.31375315313785,-87.97554804778305,10077,-1.12,42.3,-87.9,6.398089507473047
2024-05-10 23:28:00,43092005,-0.4498256288263433,-0.6459363129858873,-0.25371494466679934,42.31375315313785,-87.97554804778305,10077,-0.9,42.3,-87.9,6.398089507473047
2024-05-10 23:29:00,43092005,-0.7394562320256218,-1.1495567054400686,-0.32935575861117494,42.31375315313785,-87.97554804778305,10077,-0.16,42.3,-87.9,6.398089507473047
2024-05-10 23:30:00,43092005,-0.9099936737377841,-1.2710278278901321,-0.548959519585436,42.31375315313785,-87.97554804778305,10077,1.17,42.3,-87.9,6.398089507473047
2024-05-10 23:31:00,43092005,-0.0117731014154544,-0.43026862741628624,0.40672242458537744,42.31375315313785,-87.97554804778305,10077,2.89,42.3,-87.9,6.398089507473047
2024-05-10 23:32:00,43092005,0.04788908863072511,-0.267549635479211,0.3633278127406612,42.31375315313785,-87.97554804778305,10077,2.4,42.3,-87.9,6.398089507473047
2024-05-10 23:33:00,43092005,-0.7029990247056299,-1.234206499762472,-0.17179154964878784,42.31375315313785,-87.97554804778305,10077,2.13,42.3,-87.9,6.398089507473047
2024-05-10 23:34:00,43092005,-0.4852940806871593,-0.7932493199663015,-0.17733884140801698,42.31375315313785,-87.97554804778305,10077,-0.56,42.3,-87.9,6.398089507473047
2024-05-10 23:35:00,43092005,-2.5007591483587013,-3.383565822655571,-1.6179524740618314,42.31375315313785,-87.97554804778305,10077,-1.87,42.3,-87.9,6.398089507473047
2024-05-10 23:36:00,43092005,-3.001646895829896,-4.064475881741034,-1.9388179099187588,42.31375315313785,-87.97554804778305,10077,-2.2,42.3,-87.9,6.398089507473047
2024-05-10 23:37:00,43092005,-1.1056703055338155,-1.5074676531439937,-0.7038729579236374,42.31375315313785,-87.97554804778305,10077,-2.17,42.3,-87.9,6.398089507473047
2024-05-10 23:38:00,43092005,-1.833386403501482,-2.5072263946723528,-1.1595464123306112,42.31375315313785,-87.97554804778305,10077,-0.07,42.3,-87.9,6.398089507473047
2024-05-10 23:39:00,43092005,-1.1673903668061234,-1.6127601805069725,-0.7220205531052744,42.31375315313785,-87.97554804778305,10077,-1.57,42.3,-87.9,6.398089507473047
2024-05-10 23:40:00,43092005,-0.018941323294474132,-0.2399878027740945,0.20210515618514627,42.31375315313785,-87.97554804778305,10077,-1.14,42.3,-87.9,6.398089507473047
2024-05-10 23:41:00,43092005,0.8298131161670488,0.21536136661313,1.4442648657209676,42.31375315313785,-87.97554804778305,10077,-5.2,42.3,-87.9,6.398089507473047
2024-05-10 23:42:00,43092005,-0.6688629116303986,-1.2959911364678667,-0.041734686792930464,42.31375315313785,-87.97554804778305,10077,-5.61,42.3,-87.9,6.398089507473047
2024-05-10 23:43:00,43092005,-0.6942269979021454,-1.1173899558946545,-0.2710640399096363,42.31375315313785,-87.97554804778305,10077,-2.39,42.3,-87.9,6.398089507473047
2024-05-10 23:44:00,43092005,-0.7080155003414417,-0.9934000481972469,-0.4226309524856365,42.31375315313785,-87.97554804778305,10077,1.17,42.3,-87.9,6.398089507473047
2024-05-10 23:45:00,43092005,-1.0802518418782336,-1.4596298011026638,-0.7008738826538035,42.31375315313785,-87.97554804778305,10077,-2.87,42.3,-87.9,6.398089507473047
2024-05-10 23:46:00,43092005,-2.155456430481789,-3.583317825597292,-0.7275950353662857,42.31375315313785,-87.97554804778305,10077,0.85,42.3,-87.9,6.398089507473047
2024-05-10 23:47:00,43092005,-0.4851751215244799,-1.301952150280061,0.33160190723110133,42.31375315313785,-87.97554804778305,10077,3.84,42.3,-87.9,6.398089507473047
2024-05-10 23:48:00,43092005,0.09060857806768961,-0.6390973588438518,0.820314514979231,42.31375315313785,-87.97554804778305,10077,0.58,42.3,-87.9,6.398089507473047
2024-05-10 23:49:00,43092005,0.1362273205575133,-0.24699832329224986,0.5194529644072765,42.31375315313785,-87.97554804778305,10077,1.41,42.3,-87.9,6.398089507473047
2024-05-10 23:50:00,43092005,-0.14207325945725024,-0.5300692752674967,0.2459227563529962,42.31375315313785,-87.97554804778305,10077,1.79,42.3,-87.9,6.398089507473047
2024-05-10 23:51:00,43092005,0.8276995498509634,0.534124516538603,1.1212745831633237,42.31375315313785,-87.97554804778305,10077,0.17,42.3,-87.9,6.398089507473047
2024-05-10 23:52:00,43092005,1.2246898841813094,0.793952224607448,1.6554275437551709,42.31375315313785,-87.97554804778305,10077,-1.36,42.3,-87.9,6.398089507473047
2024-05-10 23:53:00,43092005,1.6996971991351972,1.0245817433327031,2.374812654937691,42.31375315313785,-87.97554804778305,10077,-1.84,42.3,-87.9,6.398089507473047
2024-05-10 23:54:00,43092005,0.3047725135894646,0.1975047667410344,0.4120402604378948,42.31375315313785,-87.97554804778305,10077,-0.43,42.3,-87.9,6.398089507473047
2024-05-10 23:55:00,43092005,0.5724093536414524,0.11775190353914322,1.0270668037437616,42.31375315313785,-87.97554804778305,10077,-1.76,42.3,-87.9,6.398089507473047
2024-05-10 23:56:00,43092005,-0.3033049450183572,-0.42307797132260694,-0.18353191871410746,42.31375315313785,-87.97554804778305,10077,-2.38,42.3,-87.9,6.398089507473047
2024-05-10 23:57:00,43092005,0.5280351931962154,0.12105788257556377,0.9350125038168671,42.31375315313785,-87.97554804778305,10077,-1.93,42.3,-87.9,6.398089507473047
2024-05-10 23:58:00,43092005,-0.5634616957300513,-0.8020407420328479,-0.32488264942725475,42.31375315313785,-87.97554804778305,10077,-1.25,42.3,-87.9,6.398089507473047
2024-05-10 23:59:00,43092005,2.016555949604834,0.8104537038407715,3.222658195368897,42.31375315313785,-87.97554804778305,10077,-1.93,42.3,-87.9,6.398089507473047
2024-05-11 00:00:00,43092005,8.35092316957466,3.7668736350120033,12.934972704137316,42.31375315313785,-87.97554804778305,10077,-3.48,42.3,-87.9,6.398089507473047
2024-05-11 00:01:00,43092005,2.264696571933932,1.2111177870347822,3.318275356833082,42.31375315313785,-87.97554804778305,10077,-3.07,42.3,-87.9,6.398089507473047
2024-05-11 00:02:00,43092005,2.532400014521998,1.1995537390023283,3.865246290041667,42.31375315313785,-87.97554804778305,10077,-3.0,42.3,-87.9,6.398089507473047
2024-05-11 00:03:00,43092005,1.2432058259592693,0.5171615200706264,1.9692501318479123,42.31375315313785,-87.97554804778305,10077,-4.74,42.3,-87.9,6.398089507473047
2024-05-11 00:04:00,43092005,2.084773922012302,0.7500114447627666,3.419536399261837,42.31375315313785,-87.97554804778305,10077,-5.01,42.3,-87.9,6.398089507473047
2024-05-11 00:05:00,43092005,1.5449620037325622,0.7171887161855013,2.372735291279623,42.31375315313785,-87.97554804778305,10077,-3.61,42.3,-87.9,6.398089507473047
2024-05-11 00:06:00,43092005,1.247877057967941,0.6458101549656876,1.8499439609701944,42.31375315313785,-87.97554804778305,10077,-3.87,42.3,-87.9,6.398089507473047
2024-05-11 00:07:00,43092005,0.6076754223658029,0.21630489113503776,0.9990459535965679,42.31375315313785,-87.97554804778305,10077,-3.5,42.3,-87.9,6.398089507473047
2024-05-11 00:08:00,43092005,0.8280316183861709,-0.0030274864888962805,1.659090723261238,42.31375315313785,-87.97554804778305,10077,-2.72,42.3,-87.9,6.398089507473047
2024-05-11 00:09:00,43092005,1.3258037141388292,0.5883178232062112,2.0632896050714473,42.31375315313785,-87.97554804778305,10077,-2.31,42.3,-87.9,6.398089507473047
2024-05-11 00:10:00,43092005,0.8546871581830717,0.37742214530789014,1.3319521710582534,42.31375315313785,-87.97554804778305,10077,-4.09,42.3,-87.9,6.398089507473047
2024-05-11 00:11:00,43092005,0.8013218239245629,0.3906137168575449,1.2120299309915807,42.31375315313785,-87.97554804778305,10077,-3.32,42.3,-87.9,6.398089507473047
2024-05-11 00:12:00,43092005,0.6393659123940799,0.12696190328291235,1.1517699215052475,42.31375315313785,-87.97554804778305,10077,-3.71,42.3,-87.9,6.398089507473047
2024-05-11 00:13:00,43092005,0.022351628876224692,-0.019293802460897822,0.06399706021334721,42.31375315313785,-87.97554804778305,10077,-4.12,42.3,-87.9,6.398089507473047
2024-05-11 00:14:00,43092005,0.7748190182305518,0.49997839859141446,1.0496596378696892,42.31375315313785,-87.97554804778305,10077,-2.05,42.3,-87.9,6.398089507473047
2024-05-11 00:15:00,43092005,1.1257890280999039,0.6905411812415195,1.5610368749582881,42.31375315313785,-87.97554804778305,10077,-3.12,42.3,-87.9,6.398089507473047
2024-05-11 00:16:00,43092005,1.100814912402839,0.7137928070489967,1.4878370177566813,42.31375315313785,-87.97554804778305,10077,-3.13,42.3,-87.9,6.398089507473047
2024-05-11 00:17:00,43092005,1.2963860514842178,0.8415889652315937,1.751183137736842,42.31375315313785,-87.97554804778305,10077,-3.56,42.3,-87.9,6.398089507473047
2024-05-11 00:18:00,43092005,1.013162315713433,0.6550516207267162,1.37127301070015,42.31375315313785,-87.97554804778305,10077,-2.95,42.3,-87.9,6.398089507473047
2024-05-11 00:19:00,43092005,-0.06409688057069536,-0.0968330811059074,-0.031360680035483326,42.31375315313785,-87.97554804778305,10077,-3.28,42.3,-87.9,6.398089507473047
2024-05-11 00:20:00,43092005,-1.4579456261426846,-2.320501670054414,-0.5953895822309553,42.31375315313785,-87.97554804778305,10077,-4.14,42.3,-87.9,6.398089507473047
2024-05-11 00:21:00,43092005,-0.5983340044938877,-1.24417327374282,0.04750526475504435,42.31375315313785,-87.97554804778305,10077,-5.27,42.3,-87.9,6.398089507473047
2024-05-11 00:22:00,43092005,1.7145230019077622,1.0416757106029395,2.3873702932125846,42.31375315313785,-87.97554804778305,10077,-5.38,42.3,-87.9,6.398089507473047
2024-05-11 00:23:00,43092005,3.0804002705522646,1.9911226871294052,4.169677853975124,42.31375315313785,-87.97554804778305,10077,-6.69,42.3,-87.9,6.398089507473047
2024-05-11 00:24:00,43092005,2.7358864106201857,1.3744464277621693,4.097326393478202,42.31375315313785,-87.97554804778305,10077,-5.39,42.3,-87.9,6.398089507473047
2024-05-11 00:25:00,43092005,1.9610895653229607,1.0760039859477466,2.846175144698175,42.31375315313785,-87.97554804778305,10077,-5.61,42.3,-87.9,6.398089507473047
2024-05-11 00:26:00,43092005,1.4270228280085968,0.8538622611197094,2.0001833948974843,42.31375315313785,-87.97554804778305,10077,-3.49,42.3,-87.9,6.398089507473047
2024-05-11 00:27:00,43092005,0.9599311193801406,0.5771793992776371,1.3426828394826442,42.31375315313785,-87.97554804778305,10077,-7.36,42.3,-87.9,6.398089507473047
2024-05-11 00:28:00,43092005,0.7473564938520125,0.27205799931691743,1.2226549883871076,42.31375315313785,-87.97554804778305,10077,-7.36,42.3,-87.9,6.398089507473047
2024-05-11 00:29:00,43092005,0.10326677079169792,-0.7618398845143186,0.9683734260977144,42.31375315313785,-87.97554804778305,10077,-12.72,42.3,-87.9,6.398089507473047
2024-05-11 00:30:00,43092005,0.04129197841796538,-1.2973360169875314,1.379919973823462,42.31375315313785,-87.97554804778305,10077,-11.39,42.3,-87.9,6.398089507473047
2024-05-11 00:31:00,43092005,-2.382007657543273,-3.7960549826383607,-0.9679603324481849,42.31375315313785,-87.97554804778305,10077,-2.73,42.3,-87.9,6.398089507473047
2024-05-11 00:32:00,43092005,-1.1110058764327215,-1.8697267232967651,-0.3522850295686778,42.31375315313785,-87.97554804778305,10077,-3.02,42.3,-87.9,6.398089507473047
2024-05-11 00:33:00,43092005,-0.9657661873651179,-1.5992524834524455,-0.33227989127779034,42.31375315313785,-87.97554804778305,10077,1.62,42.3,-87.9,6.398089507473047
2024-05-11 00:34:00,43092005,1.1390560741692706,0.44475895881770644,1.8333531895208348,42.31375315313785,-87.97554804778305,10077,-0.93,42.3,-87.9,6.398089507473047
2024-05-11 00:35:00,43092005,1.3658669830339594,0.8859753303850937,1.845758635682825,42.31375315313785,-87.97554804778305,10077,4.02,42.3,-87.9,6.398089507473047
2024-05-11 00:36:00,43092005,3.1736522468371797,1.5763788628387883,4.770925630835571,42.31375315313785,-87.97554804778305,10077,9.01,42.3,-87.9,6.398089507473047
2024-05-11 00:37:00,43092005,0.8163746867777038,-0.41955418736249284,2.0523035609179003,42.31375315313785,-87.97554804778305,10077,12.4,42.3,-87.9,6.398089507473047
2024-05-11 00:38:00,43092005,-0.4329673242288406,-1.3876416548128758,0.5217070063551947,42.31375315313785,-87.97554804778305,10077,7.39,42.3,-87.9,6.398089507473047
2024-05-11 00:39:00,43092005,0.4152448628238405,-0.32181231927119297,1.152302044918874,42.31375315313785,-87.97554804778305,10077,4.37,42.3,-87.9,6.398089507473047
2024-05-11 00:40:00,43092005,0.27678704956537087,-0.2621783227766194,0.8157524219073611,42.31375315313785,-87.97554804778305,10077,5.46,42.3,-87.9,6.398089507473047
2024-05-11 00:41:00,43092005,-0.22494255117418474,-0.3089930061893094,-0.14089209615906007,42.31375315313785,-87.97554804778305,10077,1.35,42.3,-87.9,6.398089507473047
2024-05-11 00:42:00,43092005,-0.36327536857569065,-1.0075610467641676,0.2810103096127864,42.31375315313785,-87.97554804778305,10077,0.41,42.3,-87.9,6.398089507473047
2024-05-11 00:43:00,43092005,-0.21481770379171194,-0.5789304481830488,0.149295040599625,42.31375315313785,-87.97554804778305,10077,-1.97,42.3,-87.9,6.398089507473047
2024-05-11 00:44:00,43092005,0.1821217689906652,-0.3868561069896709,0.7510996449710013,42.31375315313785,-87.97554804778305,10077,-3.8,42.3,-87.9,6.398089507473047
2024-05-11 00:45:00,43092005,-1.4507160032119013,-2.24826299462727,-0.6531690117965325,42.31375315313785,-87.97554804778305,10077,-8.04,42.3,-87.9,6.398089507473047
2024-05-11 00:46:00,43092005,-1.9104154002981115,-2.956805353915522,-0.8640254466807009,42.31375315313785,-87.97554804778305,10077,-10.67,42.3,-87.9,6.398089507473047
2024-05-11 00:47:00,43092005,-1.5657633603048653,-2.6848898391632003,-0.44663688144653,42.31375315313785,-87.97554804778305,10077,-6.04,42.3,-87.9,6.398089507473047
2024-05-11 00:48:00,43092005,-1.1180527266586884,-1.9436392729750769,-0.2924661803422999,42.31375315313785,-87.97554804778305,10077,-6.23,42.3,-87.9,6.398089507473047
2024-05-11 00:49:00,43092005,-0.9335463291645648,-1.3320262824277318,-0.5350663759013978,42.31375315313785,-87.97554804778305,10077,-7.76,42.3,-87.9,6.398089507473047
2024-05-11 00:50:00,43092005,-2.010917549369329,-2.765963127622247,-1.2558719711164112,42.31375315313785,-87.97554804778305,10077,-8.19,42.3,-87.9,6.398089507473047
2024-05-11 00:51:00,43092005,-2.6620177029816428,-3.5992286124341293,-1.7248067935291562,42.31375315313785,-87.97554804778305,10077,-6.77,42.3,-87.9,6.398089507473047
2024-05-11 00:52:00,43092005,-1.0178602221877056,-1.4233514263330787,-0.6123690180423325,42.31375315313785,-87.97554804778305,10077,-1.33,42.3,-87.9,6.398089507473047
2024-05-11 00:53:00,43092005,-0.8646657840537846,-1.191024724123309,-0.5383068439842602,42.31375315313785,-87.97554804778305,10077,-1.33,42.3,-87.9,6.398089507473047
2024-05-11 00:54:00,43092005,-2.114026038494325,-2.855666332661111,-1.3723857443275391,42.31375315313785,-87.97554804778305,10077,-1.29,42.3,-87.9,6.398089507473047
2024-05-11 00:55:00,43092005,-0.9272371281806687,-1.2841349025563207,-0.5703393538050168,42.31375315313785,-87.97554804778305,10077,1.29,42.3,-87.9,6.398089507473047
2024-05-11 00:56:00,43092005,0.20607968402984447,0.11400962639125677,0.29814974166843217,42.31375315313785,-87.97554804778305,10077,-0.55,42.3,-87.9,6.398089507473047
2024-05-11 00:57:00,43092005,-0.10421182755159125,-0.26954618114435724,0.06112252604117474,42.31375315313785,-87.97554804778305,10077,-1.89,42.3,-87.9,6.398089507473047
2024-05-11 00:58:00,43092005,-0.9493549338408879,-1.3380157416628846,-0.5606941260188911,42.31375315313785,-87.97554804778305,10077,-3.33,42.3,-87.9,6.398089507473047
2024-05-11 00:59:00,43092005,-1.9105263952175178,-2.588530703426346,-1.2325220870086893,42.31375315313785,-87.97554804778305,10077,-1.54,42.3,-87.9,6.398089507473047
2024-05-11 01:00:00,43092005,-1.4125063433533622,-1.940424292966492,-0.8845883937402323,42.31375315313785,-87.97554804778305,10077,-0.48,42.3,-87.9,6.398089507473047
2024-05-11 01:01:00,43092005,-0.20154718152343434,-0.3215934266626832,-0.08150093638418549,42.31375315313785,-87.97554804778305,10077,1.8,42.3,-87.9,6.398089507473047
2024-05-11 01:02:00,43092005,1.7044270951347542,1.0886692690330517,2.3201849212364567,42.31375315313785,-87.97554804778305,10077,0.74,42.3,-87.9,6.398089507473047
2024-05-11 01:03:00,43092005,1.9073508288851357,1.143783977260676,2.6709176805095955,42.31375315313785,-87.97554804778305,10077,-0.97,42.3,-87.9,6.398089507473047
2024-05-11 01:04:00,43092005,0.4004665041079568,0.17074406767837458,0.630188940537539,42.31375315313785,-87.97554804778305,10077,-2.32,42.3,-87.9,6.398089507473047
2024-05-11 01:05:00,43092005,-0.8529424562228652,-1.1536675120383093,-0.5522174004074212,42.31375315313785,-87.97554804778305,10077,-2.29,42.3,-87.9,6.398089507473047
2024-05-11 01:06:00,43092005,-1.5444095016347437,-2.156017518250237,-0.9328014850192506,42.31375315313785,-87.97554804778305,10077,-1.4,42.3,-87.9,6.398089507473047
2024-05-11 01:07:00,43092005,-2.3873489789646074,-3.3384618486006885,-1.4362361093285263,42.31375315313785,-87.97554804778305,10077,-2.92,42.3,-87.9,6.398089507473047
2024-05-11 01:08:00,43092005,-1.9544537815085627,-2.6824013623196645,-1.2265062006974612,42.31375315313785,-87.97554804778305,10077,2.08,42.3,-87.9,6.398089507473047
2024-05-11 01:09:00,43092005,-0.30093028134594024,-0.5805174277214145,-0.021343134970466027,42.31375315313785,-87.97554804778305,10077,1.71,42.3,-87.9,6.398089507473047
2024-05-11 01:10:00,43092005,1.1129444574278997,0.7159148090214479,1.5099741058343517,42.31375315313785,-87.97554804778305,10077,-0.06,42.3,-87.9,6.398089507473047
2024-05-11 01:11:00,43092005,0.6635867304035595,0.4077614999538979,0.9194119608532212,42.31375315313785,-87.97554804778305,10077,-1.64,42.3,-87.9,6.398089507473047
2024-05-11 01:12:00,43092005,-0.3406171439437868,-0.5277556329032972,-0.15347865498427635,42.31375315313785,-87.97554804778305,10077,-1.37,42.3,-87.9,6.398089507473047
2024-05-11 01:13:00,43092005,-0.05844512736892507,-0.1508435601499461,0.033953305412095944,42.31375315313785,-87.97554804778305,10077,-1.56,42.3,-87.9,6.398089507473047
2024-05-11 01:14:00,43092005,0.5260500535660687,0.23052766576179112,0.8215724413703462,42.31375315313785,-87.97554804778305,10077,0.12,42.3,-87.9,6.398089507473047
2024-05-11 01:15:00,43092005,0.8522940965037895,0.5531354123210165,1.1514527806865624,42.31375315313785,-87.97554804778305,10077,-0.15,42.3,-87.9,6.398089507473047
2024-05-11 01:16:00,43092005,0.7180006544970509,0.329645141841649,1.1063561671524527,42.31375315313785,-87.97554804778305,10077,-1.64,42.3,-87.9,6.398089507473047
2024-05-11 01:17:00,43092005,1.4617497308978014,0.8105437870685888,2.112955674727014,42.31375315313785,-87.97554804778305,10077,-2.65,42.3,-87.9,6.398089507473047
2024-05-11 01:18:00,43092005,1.0193417959643485,0.11879930424419005,1.919884287684507,42.31375315313785,-87.97554804778305,10077,-2.82,42.3,-87.9,6.398089507473047
2024-05-11 01:19:00,43092005,1.8569320221443224,1.1180753385540614,2.5957887057345834,42.31375315313785,-87.97554804778305,10077,-1.05,42.3,-87.9,6.398089507473047
2024-05-11 01:20:00,43092005,1.7229792817582126,0.8870443128809993,2.558914250635426,42.31375315313785,-87.97554804778305,10077,-3.1,42.3,-87.9,6.398089507473047
2024-05-11 01:21:00,43092005,1.405243121479687,0.845319002532297,1.965167240427077,42.31375315313785,-87.97554804778305,10077,-0.39,42.3,-87.9,6.398089507473047
2024-05-11 01:22:00,43092005,1.3418785308611423,0.8428140913885256,1.840942970333759,42.31375315313785,-87.97554804778305,10077,1.03,42.3,-87.9,6.398089507473047
2024-05-11 01:23:00,43092005,0.7412844806872215,0.42139511616105146,1.0611738452133916,42.31375315313785,-87.97554804778305,10077,0.51,42.3,-87.9,6.398089507473047
2024-05-11 01:24:00,43092005,0.7702426148778677,0.2009594572417669,1.3395257725139684,42.31375315313785,-87.97554804778305,10077,1.06,42.3,-87.9,6.398089507473047
2024-05-11 01:25:00,43092005,0.553842555690104,0.019881205671840152,1.087803905708368,42.31375315313785,-87.97554804778305,10077,1.53,42.3,-87.9,6.398089507473047
2024-05-11 01:26:00,43092005,0.6292423961478704,0.20044277320192455,1.0580420190938162,42.31375315313785,-87.97554804778305,10077,0.76,42.3,-87.9,6.398089507473047
2024-05-11 01:27:00,43092005,-0.4286162292906888,-1.0934222452677165,0.23618978668633878,42.31375315313785,-87.97554804778305,10077,2.21,42.3,-87.9,6.398089507473047
2024-05-11 01:28:00,43092005,-0.3485230789006335,-0.9864096086828698,0.28936345088160276,42.31375315313785,-87.97554804778305,10077,2.51,42.3,-87.9,6.398089507473047
2024-05-11 01:29:00,43092005,-0.6114870201656828,-0.9074441177727173,-0.3155299225586483,42.31375315313785,-87.97554804778305,10077,-0.41,42.3,-87.9,6.398089507473047
2024-05-11 01:30:00,43092005,-1.320168531067987,-1.7843496771841239,-0.85598738495185,42.31375315313785,-87.97554804778305,10077,1.93,42.3,-87.9,6.398089507473047
2024-05-11 01:31:00,43092005,-3.3356793155347493,-4.509385862903735,-2.1619727681657634,42.31375315313785,-87.97554804778305,10077,1.97,42.3,-87.9,6.398089507473047
2024-05-11 01:32:00,43092005,-2.3405691479288397,-3.400973441114421,-1.2801648547432583,42.31375315313785,-87.97554804778305,10077,8.16,42.3,-87.9,6.398089507473047
2024-05-11 01:33:00,43092005,-1.885510787106397,-2.5787407712502746,-1.1922808029625194,42.31375315313785,-87.97554804778305,10077,4.8,42.3,-87.9,6.398089507473047
2024-05-11 01:34:00,43092005,-1.775854910376078,-2.407686952466545,-1.1440228682856106,42.31375315313785,-87.97554804778305,10077,-0.67,42.3,-87.9,6.398089507473047
2024-05-11 01:35:00,43092005,-1.8604139626623695,-2.594735257747256,-1.126092667577483,42.31375315313785,-87.97554804778305,10077,-1.3,42.3,-87.9,6.398089507473047
2024-05-11 01:36:00,43092005,-0.6570865740383366,-0.9985277166851181,-0.31564543139155515,42.31375315313785,-87.97554804778305,10077,-1.32,42.3,-87.9,6.398089507473047
2024-05-11 01:37:00,43092005,-0.6548965201061919,-0.9196095897153753,-0.3901834504970085,42.31375315313785,-87.97554804778305,10077,-1.22,42.3,-87.9,6.398089507473047
2024-05-11 01:38:00,43092005,-0.8544897528967463,-1.1728671617024053,-0.5361123440910873,42.31375315313785,-87.97554804778305,10077,-3.31,42.3,-87.9,6.398089507473047
2024-05-11 01:39:00,43092005,-1.2372387949760097,-1.7180539782756092,-0.7564236116764104,42.31375315313785,-87.97554804778305,10077,-0.79,42.3,-87.9,6.398089507473047
2024-05-11 01:40:00,43092005,-0.34499239242952745,-0.5421186586603218,-0.14786612619873307,42.31375315313785,-87.97554804778305,10077,-3.74,42.3,-87.9,6.398089507473047
2024-05-11 01:41:00,43092005,0.44516544634088834,0.27417244082012426,0.6161584518616524,42.31375315313785,-87.97554804778305,10077,-3.76,42.3,-87.9,6.398089507473047
2024-05-11 01:42:00,43092005,1.1258176891203213,0.7057979017456946,1.545837476494948,42.31375315313785,-87.97554804778305,10077,-0.88,42.3,-87.9,6.398089507473047
2024-05-11 01:43:00,43092005,0.6940272873017195,0.2877627481599771,1.1002918264434618,42.31375315313785,-87.97554804778305,10077,0.27,42.3,-87.9,6.398089507473047
2024-05-11 01:44:00,43092005,1.119629604513185,0.5920795668931655,1.6471796421332046,42.31375315313785,-87.97554804778305,10077,0.46,42.3,-87.9,6.398089507473047
2024-05-11 01:45:00,43092005,1.0649176228763466,0.6622384257932368,1.4675968199594565,42.31375315313785,-87.97554804778305,10077,-0.6,42.3,-87.9,6.398089507473047
2024-05-11 01:46:00,43092005,1.7578591211397845,1.1151696654369798,2.4005485768425894,42.31375315313785,-87.97554804778305,10077,-0.18,42.3,-87.9,6.398089507473047
2024-05-11 01:47:00,43092005,1.6815996621933795,1.0248370146740686,2.33836230971269,42.31375315313785,-87.97554804778305,10077,-1.32,42.3,-87.9,6.398089507473047
2024-05-11 01:48:00,43092005,0.2943046644049855,-0.014799829409768317,0.6034091582197393,42.31375315313785,-87.97554804778305,10077,-2.65,42.3,-87.9,6.398089507473047
2024-05-11 01:49:00,43092005,-0.47032827394255866,-0.8529488810236046,-0.08770766686151271,42.31375315313785,-87.97554804778305,10077,-3.17,42.3,-87.9,6.398089507473047
2024-05-11 01:50:00,43092005,0.13545983451706234,-0.13742134683584883,0.4083410158699735,42.31375315313785,-87.97554804778305,10077,-1.47,42.3,-87.9,6.398089507473047
2024-05-11 01:51:00,43092005,-0.4176931269373511,-0.5970135035213617,-0.2383727503533405,42.31375315313785,-87.97554804778305,10077,-0.9,42.3,-87.9,6.398089507473047
2024-05-11 01:52:00,43092005,-0.32801169486609016,-0.456871071158915,-0.19915231857326532,42.31375315313785,-87.97554804778305,10077,-1.81,42.3,-87.9,6.398089507473047
2024-05-11 01:53:00,43092005,0.08901585222272679,-0.11526907776429832,0.29330078220975186,42.31375315313785,-87.97554804778305,10077,-4.05,42.3,-87.9,6.398089507473047
2024-05-11 01:54:00,43092005,0.5816373510853992,0.2410881186090924,0.9221865835617059,42.31375315313785,-87.97554804778305,10077,-4.15,42.3,-87.9,6.398089507473047
2024-05-11 01:55:00,43092005,0.4859614087114657,0.3151778871327511,0.6567449302901803,42.31375315313785,-87.97554804778305,10077,-3.34,42.3,-87.9,6.398089507473047
2024-05-11 01:56:00,43092005,0.9426549340325191,0.5330509038171009,1.3522589642479375,42.31375315313785,-87.97554804778305,10077,-1.54,42.3,-87.9,6.398089507473047
2024-05-11 01:57:00,43092005,-0.2946443687785968,-0.48650717158340395,-0.10278156597378965,42.31375315313785,-87.97554804778305,10077,-3.47,42.3,-87.9,6.398089507473047
2024-05-11 01:58:00,43092005,-0.6319981299919593,-0.8891406256531806,-0.37485563433073793,42.31375315313785,-87.97554804778305,10077,-3.72,42.3,-87.9,6.398089507473047
2024-05-11 01:59:00,43092005,-1.3993668744812036,-1.9259272242567318,-0.8728065247056753,42.31375315313785,-87.97554804778305,10077,-5.65,42.3,-87.9,6.398089507473047
2024-05-11 02:00:00,43092005,-0.8824241302515331,-1.2003275546370056,-0.5645207058660606,42.31375315313785,-87.97554804778305,10077,-3.87,42.3,-87.9,6.398089507473047
2024-05-11 02:01:00,43092005,-1.457731853563684,-2.1279016616763555,-0.7875620454510125,42.31375315313785,-87.97554804778305,10077,-3.24,42.3,-87.9,6.398089507473047
2024-05-11 02:02:00,43092005,-0.8819075451608289,-1.1961205466209202,-0.5676945437007377,42.31375315313785,-87.97554804778305,10077,-1.72,42.3,-87.9,6.398089507473047
2024-05-11 02:03:00,43092005,0.43553626486701297,-0.9343890417095941,1.80546157144362,42.31375315313785,-87.97554804778305,10077,20.22,42.3,-87.9,6.398089507473047
2024-05-11 02:04:00,43092005,1.6693712602151245,-0.23005833090989092,3.56880085134014,42.31375315313785,-87.97554804778305,10077,35.42,42.3,-87.9,6.398089507473047
2024-05-11 02:05:00,43092005,3.488182310491128,-1.931843926489873,8.908208547472128,42.31375315313785,-87.97554804778305,10077,25.58,42.3,-87.9,6.398089507473047
2024-05-11 02:06:00,43092005,-1.5169937279003025,-4.5281583596330215,1.4941709038324165,42.31375315313785,-87.97554804778305,10077,-28.22,42.3,-87.9,6.398089507473047
2024-05-11 02:07:00,43092005,-3.4474489173494782,-4.79294214472147,-2.101955689977486,42.31375315313785,-87.97554804778305,10077,0.9,42.3,-87.9,6.398089507473047
2024-05-11 02:08:00,43092005,-3.1641460939457544,-4.388300021931116,-1.9399921659603936,42.31375315313785,-87.97554804778305,10077,19.18,42.3,-87.9,6.398089507473047
2024-05-11 02:09:00,43092005,-5.710040577222829,-7.927482921431549,-3.4925982330141085,42.31375315313785,-87.97554804778305,10077,6.11,42.3,-87.9,6.398089507473047
2024-05-11 02:10:00,43092005,-4.234268232097004,-5.719681327179309,-2.748855137014699,42.31375315313785,-87.97554804778305,10077,-2.3,42.3,-87.9,6.398089507473047
2024-05-11 02:11:00,43092005,-4.522209634906368,-6.1515273549908045,-2.892891914821931,42.31375315313785,-87.97554804778305,10077,-17.27,42.3,-87.9,6.398089507473047
2024-05-11 02:12:00,43092005,-6.839552821372087,-9.26051124350501,-4.418594399239165,42.31375315313785,-87.97554804778305,10077,-36.68,42.3,-87.9,6.398089507473047
2024-05-11 02:13:00,43092005,-5.9830954832241945,-8.189765992882569,-3.77642497356582,42.31375315313785,-87.97554804778305,10077,-16.61,42.3,-87.9,6.398089507473047
2024-05-11 02:14:00,43092005,-3.8059054597427973,-5.688248646105698,-1.923562273379897,42.31375315313785,-87.97554804778305,10077,-23.11,42.3,-87.9,6.398089507473047
2024-05-11 02:15:00,43092005,-2.0244728426885485,-2.9080860744106873,-1.1408596109664095,42.31375315313785,-87.97554804778305,10077,-1.49,42.3,-87.9,6.398089507473047
2024-05-11 02:16:00,43092005,-1.4312623071864732,-1.9847513774667833,-0.877773236906163,42.31375315313785,-87.97554804778305,10077,-25.06,42.3,-87.9,6.398089507473047
2024-05-11 02:17:00,43092005,-0.902148844269256,-2.7704113374061525,0.9661136488676405,42.31375315313785,-87.97554804778305,10077,-1.06,42.3,-87.9,6.398089507473047
2024-05-11 02:18:00,43092005,-6.753844833076187,-10.42366012483054,-3.084029541321833,42.31375315313785,-87.97554804778305,10077,4.47,42.3,-87.9,6.398089507473047
2024-05-11 02:19:00,43092005,-4.318988950834388,-6.98229328633097,-1.6556846153378069,42.31375315313785,-87.97554804778305,10077,0.69,42.3,-87.9,6.398089507473047
2024-05-11 02:20:00,43092005,-0.3906452088398838,-1.553410250824384,0.7721198331446166,42.31375315313785,-87.97554804778305,10077,-0.02,42.3,-87.9,6.398089507473047
2024-05-11 02:21:00,43092005,-4.1997437435283995,-5.722082514282484,-2.6774049727743154,42.31375315313785,-87.97554804778305,10077,-12.45,42.3,-87.9,6.398089507473047
2024-05-11 02:22:00,43092005,-4.9428288113503225,-6.676649432767626,-3.2090081899330194,42.31375315313785,-87.97554804778305,10077,-19.9,42.3,-87.9,6.398089507473047
2024-05-11 02:23:00,43092005,-0.25872060473842595,-1.4423806655420353,0.9249394560651835,42.31375315313785,-87.97554804778305,10077,-11.57,42.3,-87.9,6.398089507473047
2024-05-11 02:24:00,43092005,2.281939528116905,0.7195687610466088,3.844310295187201,42.31375315313785,-87.97554804778305,10077,5.26,42.3,-87.9,6.398089507473047
2024-05-11 02:25:00,43092005,2.2064586371407473,1.4332395243182985,2.979677749963196,42.31375315313785,-87.97554804778305,10077,-2.99,42.3,-87.9,6.398089507473047
2024-05-11 02:26:00,43092005,-4.656644842529058,-6.303424378907778,-3.009865306150339,42.31375315313785,-87.97554804778305,10077,-5.77,42.3,-87.9,6.398089507473047
2024-05-11 02:27:00,43092005,-7.419114738478696,-10.022579699993258,-4.8156497769641335,42.31375315313785,-87.97554804778305,10077,2.73,42.3,-87.9,6.398089507473047
2024-05-11 02:28:00,43092005,-4.515956113959913,-6.200458050630836,-2.83145417728899,42.31375315313785,-87.97554804778305,10077,4.61,42.3,-87.9,6.398089507473047
2024-05-11 02:29:00,43092005,2.848058191422177,1.2428071081018723,4.453309274742482,42.31375315313785,-87.97554804778305,10077,0.91,42.3,-87.9,6.398089507473047
2024-05-11 02:30:00,43092005,3.5300886079781035,1.955146543336113,5.105030672620094,42.31375315313785,-87.97554804778305,10077,6.65,42.3,-87.9,6.398089507473047
2024-05-11 02:31:00,43092005,2.817357643505087,1.7971445269956883,3.8375707600144855,42.31375315313785,-87.97554804778305,10077,6.89,42.3,-87.9,6.398089507473047
2024-05-11 02:32:00,43092005,3.8333660320082403,2.451459911489361,5.2152721525271195,42.31375315313785,-87.97554804778305,10077,-4.06,42.3,-87.9,6.398089507473047
2024-05-11 02:33:00,43092005,9.090207727331864,5.622364314492325,12.558051140171402,42.31375315313785,-87.97554804778305,10077,-12.06,42.3,-87.9,6.398089507473047
2024-05-11 02:34:00,43092005,11.425403170119552,7.419554916587285,15.431251423651819,42.31375315313785,-87.97554804778305,10077,-10.95,42.3,-87.9,6.398089507473047
2024-05-11 02:35:00,43092005,7.482029204978082,4.801106776421804,10.16295163353436,42.31375315313785,-87.97554804778305,10077,4.27,42.3,-87.9,6.398089507473047
2024-05-11 02:36:00,43092005,1.9755723436449404,1.155936590694298,2.795208096595583,42.31375315313785,-87.97554804778305,10077,4.94,42.3,-87.9,6.398089507473047
2024-05-11 02:37:00,43092005,-0.7709747778466508,-1.4782354125996313,-0.0637141430936703,42.31375315313785,-87.97554804778305,10077,4.75,42.3,-87.9,6.398089507473047
2024-05-11 02:38:00,43092005,-6.894570939074781,-9.311246432421221,-4.4778954457283415,42.31375315313785,-87.97554804778305,10077,8.74,42.3,-87.9,6.398089507473047
2024-05-11 02:39:00,43092005,-5.820132028787656,-8.2162604698093,-3.4240035877660127,42.31375315313785,-87.97554804778305,10077,13.14,42.3,-87.9,6.398089507473047
2024-05-11 02:40:00,43092005,1.046470696288616,-0.17576582788248207,2.2687072204597145,42.31375315313785,-87.97554804778305,10077,13.08,42.3,-87.9,6.398089507473047
2024-05-11 02:41:00,43092005,8.196132591194974,5.16802866542292,11.224236516967029,42.31375315313785,-87.97554804778305,10077,16.56,42.3,-87.9,6.398089507473047
2024-05-11 02:42:00,43092005,5.74595281220319,3.207267327089401,8.28463829731698,42.31375315313785,-87.97554804778305,10077,11.85,42.3,-87.9,6.398089507473047
2024-05-11 02:43:00,43092005,2.982691727167831,0.2968434537753284,5.668540000560333,42.31375315313785,-87.97554804778305,10077,-6.72,42.3,-87.9,6.398089507473047
2024-05-11 02:44:00,43092005,-1.448638207530066,-3.3092470171747648,0.411970602114633,42.31375315313785,-87.97554804778305,10077,5.31,42.3,-87.9,6.398089507473047
2024-05-11 02:45:00,43092005,-1.1588703727438336,-1.9323418068223672,-0.3853989386653002,42.31375315313785,-87.97554804778305,10077,-3.64,42.3,-87.9,6.398089507473047
2024-05-11 02:46:00,43092005,-4.756534691143753,-6.426524828671643,-3.0865445536158633,42.31375315313785,-87.97554804778305,10077,-26.03,42.3,-87.9,6.398089507473047
2024-05-11 02:47:00,43092005,-7.514343475638177,-10.53918607335654,-4.489500877919815,42.31375315313785,-87.97554804778305,10077,-2.38,42.3,-87.9,6.398089507473047
2024-05-11 02:48:00,43092005,-0.8654767111390782,-2.3497003081808483,0.6187468859026919,42.31375315313785,-87.97554804778305,10077,17.32,42.3,-87.9,6.398089507473047
2024-05-11 02:49:00,43092005,5.543495462203683,3.548811879455335,7.538179044952032,42.31375315313785,-87.97554804778305,10077,32.85,42.3,-87.9,6.398089507473047
2024-05-11 02:50:00,43092005,5.221564486958926,3.304037430195495,7.139091543722358,42.31375315313785,-87.97554804778305,10077,28.9,42.3,-87.9,6.398089507473047
2024-05-11 02:51:00,43092005,4.9125210445626335,3.0670328010328696,6.758009288092397,42.31375315313785,-87.97554804778305,10077,28.1,42.3,-87.9,6.398089507473047
2024-05-11 02:52:00,43092005,2.674507628183317,1.5967331443469939,3.7522821120196403,42.31375315313785,-87.97554804778305,10077,-5.47,42.3,-87.9,6.398089507473047
2024-05-11 02:53:00,43092005,-1.2208441236233782,-2.2528751318720657,-0.1888131153746906,42.31375315313785,-87.97554804778305,10077,-9.89,42.3,-87.9,6.398089507473047
2024-05-11 02:54:00,43092005,-1.807912272842307,-2.4736024349970993,-1.1422221106875146,42.31375315313785,-87.97554804778305,10077,-12.37,42.3,-87.9,6.398089507473047
2024-05-11 02:55:00,43092005,-1.4745256013813473,-1.9912117941622853,-0.9578394086004092,42.31375315313785,-87.97554804778305,10077,-7.43,42.3,-87.9,6.398089507473047
2024-05-11 02:56:00,43092005,3.5931180572151242,2.2919399957122595,4.894296118717989,42.31375315313785,-87.97554804778305,10077,-0.61,42.3,-87.9,6.398089507473047
2024-05-11 02:57:00,43092005,4.853711429544559,3.148932801110969,6.558490057978148,42.31375315313785,-87.97554804778305,10077,-3.22,42.3,-87.9,6.398089507473047
2024-05-11 02:58:00,43092005,2.4810941223811387,1.4317279118379806,3.5304603329242967,42.31375315313785,-87.97554804778305,10077,0.32,42.3,-87.9,6.398089507473047
2024-05-11 02:59:00,43092005,2.5461862213666877,1.29634637041831,3.7960260723150654,42.31375315313785,-87.97554804778305,10077,-6.55,42.3,-87.9,6.398089507473047
2024-05-11 03:00:00,43092005,1.3571463000580184,0.7738798753361809,1.940412724779856,42.31375315313785,-87.97554804778305,10077,-2.29,42.3,-87.9,6.398089507473047
2024-05-11 03:01:00,43092005,-0.11548323544191037,-0.6803885286728526,0.4494220577890318,42.31375315313785,-87.97554804778305,10077,1.99,42.3,-87.9,6.398089507473047
2024-05-11 03:02:00,43092005,-2.012071667682557,-2.7247095907470182,-1.2994337446180957,42.31375315313785,-87.97554804778305,10077,1.63,42.3,-87.9,6.398089507473047
2024-05-11 03:03:00,43092005,-2.8767811765049336,-3.950714320585341,-1.8028480324245262,42.31375315313785,-87.97554804778305,10077,5.23,42.3,-87.9,6.398089507473047
2024-05-11 03:04:00,43092005,-2.3084413257047047,-3.6154083626410625,-1.0014742887683472,42.31375315313785,-87.97554804778305,10077,-0.1,42.3,-87.9,6.398089507473047
2024-05-11 03:05:00,43092005,-2.5124314254649303,-3.781615763248661,-1.2432470876811996,42.31375315313785,-87.97554804778305,10077,-0.76,42.3,-87.9,6.398089507473047
2024-05-11 03:06:00,43092005,-0.7967836203060596,-1.8720282263332226,0.27846098572110334,42.31375315313785,-87.97554804778305,10077,-2.49,42.3,-87.9,6.398089507473047
2024-05-11 03:07:00,43092005,0.5329766591799616,0.19542909766702948,0.8705242206928938,42.31375315313785,-87.97554804778305,10077,-10.25,42.3,-87.9,6.398089507473047
2024-05-11 03:08:00,43092005,-0.496327008538527,-0.6918752956017948,-0.3007787214752592,42.31375315313785,-87.97554804778305,10077,-8.64,42.3,-87.9,6.398089507473047
2024-05-11 03:09:00,43092005,-2.6836427565580023,-4.064931365215748,-1.302354147900257,42.31375315313785,-87.97554804778305,10077,-14.36,42.3,-87.9,6.398089507473047
2024-05-11 03:10:00,43092005,-0.621260349249542,-1.0561416864335824,-0.18637901206550161,42.31375315313785,-87.97554804778305,10077,-15.44,42.3,-87.9,6.398089507473047
2024-05-11 03:11:00,43092005,1.756720291011801,0.461470993531089,3.051969588492513,42.31375315313785,-87.97554804778305,10077,-12.53,42.3,-87.9,6.398089507473047
2024-05-11 03:12:00,43092005,3.3178327647983132,0.7392033344840168,5.89646219511261,42.31375315313785,-87.97554804778305,10077,-8.33,42.3,-87.9,6.398089507473047
2024-05-11 03:13:00,43092005,7.319732296436951,4.571167709994073,10.068296882879828,42.31375315313785,-87.97554804778305,10077,2.38,42.3,-87.9,6.398089507473047
2024-05-11 03:14:00,43092005,8.755725501175213,5.639038110940559,11.872412891409867,42.31375315313785,-87.97554804778305,10077,10.31,42.3,-87.9,6.398089507473047
2024-05-11 03:15:00,43092005,9.083779925391788,5.848843252050369,12.318716598733207,42.31375315313785,-87.97554804778305,10077,8.07,42.3,-87.9,6.398089507473047
2024-05-11 03:16:00,43092005,6.475670058476298,4.11327175556927,8.838068361383325,42.31375315313785,-87.97554804778305,10077,7.99,42.3,-87.9,6.398089507473047
2024-05-11 03:17:00,43092005,2.9204322222928356,1.8302280596476115,4.01063638493806,42.31375315313785,-87.97554804778305,10077,9.61,42.3,-87.9,6.398089507473047
2024-05-11 03:18:00,43092005,-0.6233293730625533,-0.8619080909730801,-0.38475065515202655,42.31375315313785,-87.97554804778305,10077,6.35,42.3,-87.9,6.398089507473047
2024-05-11 03:19:00,43092005,-3.5848420671651837,-4.843839596707083,-2.325844537623284,42.31375315313785,-87.97554804778305,10077,8.07,42.3,-87.9,6.398089507473047
2024-05-11 03:20:00,43092005,-6.098163230078561,-8.332238473162649,-3.8640879869944733,42.31375315313785,-87.97554804778305,10077,1.38,42.3,-87.9,6.398089507473047
2024-05-11 03:21:00,43092005,-6.003218116168689,-8.169398644615098,-3.8370375877222798,42.31375315313785,-87.97554804778305,10077,-6.29,42.3,-87.9,6.398089507473047
2024-05-11 03:22:00,43092005,-4.732640695601776,-6.453579596672541,-3.011701794531011,42.31375315313785,-87.97554804778305,10077,-13.09,42.3,-87.9,6.398089507473047
2024-05-11 03:23:00,43092005,-2.2522750011362827,-3.0849778400030936,-1.4195721622694717,42.31375315313785,-87.97554804778305,10077,-14.71,42.3,-87.9,6.398089507473047
2024-05-11 03:24:00,43092005,-0.7001199515948987,-1.2054769126739604,-0.194762990515837,42.31375315313785,-87.97554804778305,10077,-15.79,42.3,-87.9,6.398089507473047
2024-05-11 03:25:00,43092005,2.212609815978466,1.3751161510325218,3.0501034809244105,42.31375315313785,-87.97554804778305,10077,-18.7,42.3,-87.9,6.398089507473047
2024-05-11 03:26:00,43092005,3.1729499200979867,2.0529350821247365,4.292964758071237,42.31375315313785,-87.97554804778305,10077,-19.37,42.3,-87.9,6.398089507473047
2024-05-11 03:27:00,43092005,2.601556950195093,1.6868613347269055,3.5162525656632804,42.31375315313785,-87.97554804778305,10077,-15.13,42.3,-87.9,6.398089507473047
2024-05-11 03:28:00,43092005,1.7958287327809441,1.1658136860307846,2.4258437795311036,42.31375315313785,-87.97554804778305,10077,-9.53,42.3,-87.9,6.398089507473047
2024-05-11 03:29:00,43092005,1.936661870557264,1.257454866135829,2.615868874978699,42.31375315313785,-87.97554804778305,10077,-6.3,42.3,-87.9,6.398089507473047
2024-05-11 03:30:00,43092005,1.4083760296342367,0.8848806687667097,1.9318713905017637,42.31375315313785,-87.97554804778305,10077,-3.22,42.3,-87.9,6.398089507473047
2024-05-11 03:31:00,43092005,1.4595995652571059,0.9060985871603324,2.0131005433538793,42.31375315313785,-87.97554804778305,10077,0.19,42.3,-87.9,6.398089507473047
2024-05-11 03:32:00,43092005,1.3926147439874204,0.8917605252709618,1.8934689627038788,42.31375315313785,-87.97554804778305,10077,2.74,42.3,-87.9,6.398089507473047
2024-05-11 03:33:00,43092005,1.5881950370127098,1.031315463869734,2.1450746101556857,42.31375315313785,-87.97554804778305,10077,2.95,42.3,-87.9,6.398089507473047
2024-05-11 03:34:00,43092005,1.3566890803718925,0.8682858026538631,1.845092358089922,42.31375315313785,-87.97554804778305,10077,2.57,42.3,-87.9,6.398089507473047
2024-05-11 03:35:00,43092005,0.8589736481843736,0.4769278032895248,1.2410194930792224,42.31375315313785,-87.97554804778305,10077,1.36,42.3,-87.9,6.398089507473047
2024-05-11 03:36:00,43092005,0.4367089569195171,0.281776326027087,0.5916415878119472,42.31375315313785,-87.97554804778305,10077,0.87,42.3,-87.9,6.398089507473047
2024-05-11 03:37:00,43092005,0.36552153195121456,0.11242571344809837,0.6186173504543307,42.31375315313785,-87.97554804778305,10077,0.37,42.3,-87.9,6.398089507473047
2024-05-11 03:38:00,43092005,0.011458463847887864,-0.18798474649842942,0.21090167419420516,42.31375315313785,-87.97554804778305,10077,-0.12,42.3,-87.9,6.398089507473047
2024-05-11 03:39:00,43092005,-0.2899361223514591,-0.493344513269412,-0.0865277314335062,42.31375315313785,-87.97554804778305,10077,0.05,42.3,-87.9,6.398089507473047
2024-05-11 03:40:00,43092005,-0.24373918600505298,-0.5105064917869044,0.023028119776798445,42.31375315313785,-87.97554804778305,10077,0.59,42.3,-87.9,6.398089507473047
2024-05-11 03:41:00,43092005,0.6064734259587631,0.22891617545693882,0.9840306764605873,42.31375315313785,-87.97554804778305,10077,0.77,42.3,-87.9,6.398089507473047
2024-05-11 03:42:00,43092005,1.1320245005447127,0.529726869468447,1.7343221316209783,42.31375315313785,-87.97554804778305,10077,1.61,42.3,-87.9,6.398089507473047
2024-05-11 03:43:00,43092005,1.4795620535549365,0.7703146225756398,2.188809484534233,42.31375315313785,-87.97554804778305,10077,2.08,42.3,-87.9,6.398089507473047
2024-05-11 03:44:00,43092005,1.8376903157485158,1.185188226530641,2.4901924049663906,42.31375315313785,-87.97554804778305,10077,1.84,42.3,-87.9,6.398089507473047
2024-05-11 03:45:00,43092005,1.9381098857798373,1.2436825801064704,2.6325371914532045,42.31375315313785,-87.97554804778305,10077,2.6,42.3,-87.9,6.398089507473047
2024-05-11 03:46:00,43092005,1.5274785805614968,0.9910630793373578,2.0638940817856355,42.31375315313785,-87.97554804778305,10077,3.36,42.3,-87.9,6.398089507473047
2024-05-11 03:47:00,43092005,0.7338707386364315,0.4747626797645832,0.9929787975082798,42.31375315313785,-87.97554804778305,10077,2.53,42.3,-87.9,6.398089507473047
2024-05-11 03:48:00,43092005,-0.11564839600041546,-0.1592033416411211,-0.07209345035970982,42.31375315313785,-87.97554804778305,10077,2.79,42.3,-87.9,6.398089507473047
2024-05-11 03:49:00,43092005,-0.42862144595491736,-0.6613853960588206,-0.19585749585101406,42.31375315313785,-87.97554804778305,10077,2.13,42.3,-87.9,6.398089507473047
2024-05-11 03:50:00,43092005,-0.4235512090480436,-0.8164977772444977,-0.030604640851589537,42.31375315313785,-87.97554804778305,10077,0.62,42.3,-87.9,6.398089507473047
2024-05-11 03:51:00,43092005,0.07989036969491026,-0.3432960113319201,0.5030767507217406,42.31375315313785,-87.97554804778305,10077,-0.97,42.3,-87.9,6.398089507473047
2024-05-11 03:52:00,43092005,-0.3636280537486942,-0.8774494683243947,0.1501933608270063,42.31375315313785,-87.97554804778305,10077,-0.79,42.3,-87.9,6.398089507473047
2024-05-11 03:53:00,43092005,-0.6642522634121409,-1.2318388433721836,-0.09666568345209825,42.31375315313785,-87.97554804778305,10077,-0.61,42.3,-87.9,6.398089507473047
2024-05-11 03:54:00,43092005,-1.1417319510216104,-1.5890987752068688,-0.694365126836352,42.31375315313785,-87.97554804778305,10077,-0.74,42.3,-87.9,6.398089507473047
2024-05-11 03:55:00,43092005,-1.367873754417687,-1.866371033889741,-0.8693764749456332,42.31375315313785,-87.97554804778305,10077,0.35,42.3,-87.9,6.398089507473047
2024-05-11 03:56:00,43092005,-1.3569723325116294,-1.8551327171294494,-0.8588119478938094,42.31375315313785,-87.97554804778305,10077,2.3,42.3,-87.9,6.398089507473047
2024-05-11 03:57:00,43092005,-1.174886027635787,-1.6092445525117722,-0.740527502759802,42.31375315313785,-87.97554804778305,10077,1.46,42.3,-87.9,6.398089507473047
2024-05-11 03:58:00,43092005,-0.4533428917533921,-0.6343967243349484,-0.2722890591718358,42.31375315313785,-87.97554804778305,10077,-0.29,42.3,-87.9,6.398089507473047
2024-05-11 03:59:00,43092005,0.04255384102353653,-0.2755946793330554,0.3607023613801285,42.31375315313785,-87.97554804778305,10077,-1.4,42.3,-87.9,6.398089507473047
2024-05-11 04:00:00,43092005,0.12873652993181978,-0.13119286623041726,0.3886659260940568,42.31375315313785,-87.97554804778305,10077,-1.07,42.3,-87.9,6.398089507473047
2024-05-11 04:01:00,43092005,0.19926329218621427,0.039965673892888964,0.3585609104795396,42.31375315313785,-87.97554804778305,10077,-1.28,42.3,-87.9,6.398089507473047
2024-05-11 04:02:00,43092005,-0.04773885554382823,-0.1909087112528103,0.09543100016515385,42.31375315313785,-87.97554804778305,10077,-1.61,42.3,-87.9,6.398089507473047
2024-05-11 04:03:00,43092005,-0.6381753762544397,-0.8980709814173445,-0.37827977109153477,42.31375315313785,-87.97554804778305,10077,-1.43,42.3,-87.9,6.398089507473047
2024-05-11 04:04:00,43092005,-0.5474779551339927,-0.7531864702341614,-0.3417694400338239,42.31375315313785,-87.97554804778305,10077,-1.16,42.3,-87.9,6.398089507473047
2024-05-11 04:05:00,43092005,-0.0004509402835308473,-0.011054495103588203,0.01015261453652651,42.31375315313785,-87.97554804778305,10077,-1.06,42.3,-87.9,6.398089507473047
2024-05-11 04:06:00,43092005,0.4773562594239873,0.29873627026922334,0.6559762485787513,42.31375315313785,-87.97554804778305,10077,0.33,42.3,-87.9,6.398089507473047
2024-05-11 04:07:00,43092005,0.26909240285742253,0.15920724412901155,0.3789775615858335,42.31375315313785,-87.97554804778305,10077,1.42,42.3,-87.9,6.398089507473047
2024-05-11 04:08:00,43092005,-0.1329669414292659,-0.20808899116066124,-0.057844891697870576,42.31375315313785,-87.97554804778305,10077,1.26,42.3,-87.9,6.398089507473047
2024-05-11 04:09:00,43092005,-0.31042709818393177,-0.5048077809454206,-0.11604641542244296,42.31375315313785,-87.97554804778305,10077,2.51,42.3,-87.9,6.398089507473047
2024-05-11 04:10:00,43092005,-0.5628443708069119,-0.808361558212733,-0.3173271834010907,42.31375315313785,-87.97554804778305,10077,3.19,42.3,-87.9,6.398089507473047
2024-05-11 04:11:00,43092005,-0.972764344255727,-1.393025224996721,-0.5525034635147331,42.31375315313785,-87.97554804778305,10077,2.03,42.3,-87.9,6.398089507473047
2024-05-11 04:12:00,43092005,-1.6046527764925682,-2.237404339254806,-0.9719012137303301,42.31375315313785,-87.97554804778305,10077,1.11,42.3,-87.9,6.398089507473047
2024-05-11 04:13:00,43092005,-1.992807105818488,-2.692380366954946,-1.29323384468203,42.31375315313785,-87.97554804778305,10077,-1.59,42.3,-87.9,6.398089507473047
2024-05-11 04:14:00,43092005,-1.0916853787792955,-1.5594338115971307,-0.6239369459614604,42.31375315313785,-87.97554804778305,10077,-3.61,42.3,-87.9,6.398089507473047
2024-05-11 04:15:00,43092005,-1.0145496290858675,-1.50253045686608,-0.5265688013056551,42.31375315313785,-87.97554804778305,10077,-4.74,42.3,-87.9,6.398089507473047
2024-05-11 04:16:00,43092005,-0.6671537482238055,-0.9137356907077103,-0.42057180573990055,42.31375315313785,-87.97554804778305,10077,-3.92,42.3,-87.9,6.398089507473047
2024-05-11 04:17:00,43092005,-0.7451970257192679,-1.1529353756672758,-0.3374586757712601,42.31375315313785,-87.97554804778305,10077,-4.34,42.3,-87.9,6.398089507473047
2024-05-11 04:18:00,43092005,-0.7286488378891969,-0.9955348053271804,-0.4617628704512134,42.31375315313785,-87.97554804778305,10077,-2.57,42.3,-87.9,6.398089507473047
2024-05-11 04:19:00,43092005,-0.9121323902322443,-1.3802170195938475,-0.4440477608706413,42.31375315313785,-87.97554804778305,10077,-1.6,42.3,-87.9,6.398089507473047
2024-05-11 04:20:00,43092005,-0.8846555092094237,-1.2727310651108596,-0.49657995330798776,42.31375315313785,-87.97554804778305,10077,-0.18,42.3,-87.9,6.398089507473047
2024-05-11 04:21:00,43092005,-0.6028316646705225,-0.9227459088439959,-0.28291742049704915,42.31375315313785,-87.97554804778305,10077,0.36,42.3,-87.9,6.398089507473047
2024-05-11 04:22:00,43092005,-0.2608023406158881,-0.5202499129735434,-0.0013547682582327747,42.31375315313785,-87.97554804778305,10077,0.3,42.3,-87.9,6.398089507473047
2024-05-11 04:23:00,43092005,-0.14351079079794013,-0.23681681207281324,-0.050204769523067,42.31375315313785,-87.97554804778305,10077,0.2,42.3,-87.9,6.398089507473047
2024-05-11 04:24:00,43092005,0.1021123608162751,-0.5589670268670929,0.763191748499643,42.31375315313785,-87.97554804778305,10077,-3.53,42.3,-87.9,6.398089507473047
2024-05-11 04:25:00,43092005,-0.16307910240341658,-0.6205408613621466,0.29438265655531337,42.31375315313785,-87.97554804778305,10077,-3.05,42.3,-87.9,6.398089507473047
2024-05-11 04:26:00,43092005,-0.39566128912211435,-0.5857829040390109,-0.20553967420521776,42.31375315313785,-87.97554804778305,10077,-2.61,42.3,-87.9,6.398089507473047
2024-05-11 04:27:00,43092005,-0.0405476637229698,-0.1108761019434851,0.029780774497545508,42.31375315313785,-87.97554804778305,10077,-2.21,42.3,-87.9,6.398089507473047
2024-05-11 04:28:00,43092005,-0.6818175469303415,-1.1951991467763023,-0.1684359470843806,42.31375315313785,-87.97554804778305,10077,0.19,42.3,-87.9,6.398089507473047
2024-05-11 04:29:00,43092005,-3.9126845360278413,-6.278904369502203,-1.5464647025534797,42.31375315313785,-87.97554804778305,10077,7.35,42.3,-87.9,6.398089507473047
2024-05-11 04:30:00,43092005,-4.202814317810207,-5.922426222575959,-2.483202413044454,42.31375315313785,-87.97554804778305,10077,5.27,42.3,-87.9,6.398089507473047
2024-05-11 04:31:00,43092005,-1.1432960828145344,-1.558782633274904,-0.7278095323541649,42.31375315313785,-87.97554804778305,10077,-0.71,42.3,-87.9,6.398089507473047
2024-05-11 04:32:00,43092005,0.6232920170278478,0.0610534364717813,1.1855305975839143,42.31375315313785,-87.97554804778305,10077,-3.53,42.3,-87.9,6.398089507473047
2024-05-11 04:33:00,43092005,0.6443630336112177,-0.39583943062138094,1.6845654978438165,42.31375315313785,-87.97554804778305,10077,-5.2,42.3,-87.9,6.398089507473047
2024-05-11 04:34:00,43092005,1.420855152293489,-0.01934202842762489,2.8610523330146025,42.31375315313785,-87.97554804778305,10077,-6.48,42.3,-87.9,6.398089507473047
2024-05-11 04:35:00,43092005,2.238449257527149,0.9773892136358211,3.499509301418477,42.31375315313785,-87.97554804778305,10077,-5.43,42.3,-87.9,6.398089507473047
2024-05-11 04:36:00,43092005,1.6647537822402163,0.695668234033924,2.6338393304465084,42.31375315313785,-87.97554804778305,10077,-4.23,42.3,-87.9,6.398089507473047
2024-05-11 04:37:00,43092005,1.5271522455048143,0.9677996260811028,2.086504864928526,42.31375315313785,-87.97554804778305,10077,-2.95,42.3,-87.9,6.398089507473047
2024-05-11 04:38:00,43092005,2.5908484104133787,1.6303454420768122,3.551351378749945,42.31375315313785,-87.97554804778305,10077,-1.78,42.3,-87.9,6.398089507473047
2024-05-11 04:39:00,43092005,2.1770704625767276,1.1775186260364467,3.1766222991170086,42.31375315313785,-87.97554804778305,10077,-2.3,42.3,-87.9,6.398089507473047
2024-05-11 04:40:00,43092005,1.6444949454774982,0.7220267327945623,2.566963158160434,42.31375315313785,-87.97554804778305,10077,-1.1,42.3,-87.9,6.398089507473047
2024-05-11 04:41:00,43092005,0.41674292303871524,-0.302266840679913,1.1357526867573435,42.31375315313785,-87.97554804778305,10077,-0.11,42.3,-87.9,6.398089507473047
2024-05-11 04:42:00,43092005,-0.37443484951590855,-1.9256499340689057,1.1767802350370884,42.31375315313785,-87.97554804778305,10077,3.86,42.3,-87.9,6.398089507473047
2024-05-11 04:43:00,43092005,-1.925613315544181,-3.094957887429522,-0.7562687436588404,42.31375315313785,-87.97554804778305,10077,5.15,42.3,-87.9,6.398089507473047
2024-05-11 04:44:00,43092005,-1.8863093469077183,-2.54755643611723,-1.2250622576982066,42.31375315313785,-87.97554804778305,10077,2.45,42.3,-87.9,6.398089507473047
2024-05-11 04:45:00,43092005,0.6915154942687143,0.3820780788771614,1.0009529096602672,42.31375315313785,-87.97554804778305,10077,-2.26,42.3,-87.9,6.398089507473047
2024-05-11 04:46:00,43092005,1.218291126863849,0.6951080593604761,1.7414741943672218,42.31375315313785,-87.97554804778305,10077,-3.28,42.3,-87.9,6.398089507473047
2024-05-11 04:47:00,43092005,0.2728580064484546,-0.5609861714804447,1.106702184377354,42.31375315313785,-87.97554804778305,10077,-3.82,42.3,-87.9,6.398089507473047
2024-05-11 04:48:00,43092005,-2.1412122396560838,-3.614855931258218,-0.6675685480539495,42.31375315313785,-87.97554804778305,10077,-3.1,42.3,-87.9,6.398089507473047
2024-05-11 04:49:00,43092005,-2.6619225213290156,-4.2276111995943175,-1.096233843063714,42.31375315313785,-87.97554804778305,10077,-1.85,42.3,-87.9,6.398089507473047
2024-05-11 04:50:00,43092005,-2.479273689724038,-3.8053978972252116,-1.153149482222864,42.31375315313785,-87.97554804778305,10077,-2.0,42.3,-87.9,6.398089507473047
2024-05-11 04:51:00,43092005,-1.2943788329162693,-1.7797356634239456,-0.809022002408593,42.31375315313785,-87.97554804778305,10077,-1.11,42.3,-87.9,6.398089507473047
2024-05-11 04:52:00,43092005,-0.20884223567569316,-0.2922936671519164,-0.12539080419946994,42.31375315313785,-87.97554804778305,10077,-1.88,42.3,-87.9,6.398089507473047
2024-05-11 04:53:00,43092005,0.7724545944416732,0.1685727249617367,1.3763364639216098,42.31375315313785,-87.97554804778305,10077,-3.44,42.3,-87.9,6.398089507473047
2024-05-11 04:54:00,43092005,0.27494995762975677,-0.49183004845919004,1.0417299637187036,42.31375315313785,-87.97554804778305,10077,-6.4,42.3,-87.9,6.398089507473047
2024-05-11 04:55:00,43092005,0.5027495766208678,-0.011710419361640634,1.0172095726033763,42.31375315313785,-87.97554804778305,10077,-6.4,42.3,-87.9,6.398089507473047
2024-05-11 04:56:00,43092005,0.857368754604439,0.41891225405272026,1.2958252551561578,42.31375315313785,-87.97554804778305,10077,-6.4,42.3,-87.9,6.398089507473047
2024-05-11 04:57:00,43092005,1.0970447442697404,0.6613179482973328,1.532771540242148,42.31375315313785,-87.97554804778305,10077,-6.4,42.3,-87.9,6.398089507473047
2024-05-11 04:58:00,43092005,1.096136701248941,0.6964245621734109,1.495848840324471,42.31375315313785,-87.97554804778305,10077,-3.57,42.3,-87.9,6.398089507473047
2024-05-11 04:59:00,43092005,1.050820043549189,0.5173814484389391,1.5842586386594388,42.31375315313785,-87.97554804778305,10077,-4.25,42.3,-87.9,6.398089507473047
2024-05-11 05:00:00,43092005,0.24110365991847107,-0.11331049529293433,0.5955178151298764,42.31375315313785,-87.97554804778305,10077,-3.2,42.3,-87.9,6.398089507473047
2024-05-11 05:01:00,43092005,0.7950298945258435,0.47155345063227083,1.118506338419416,42.31375315313785,-87.97554804778305,10077,-2.54,42.3,-87.9,6.398089507473047
2024-05-11 05:02:00,43092005,0.41097735630815224,0.17103355331001033,0.6509211593062941,42.31375315313785,-87.97554804778305,10077,-2.67,42.3,-87.9,6.398089507473047
2024-05-11 05:03:00,43092005,0.09575583191879122,0.011256789937314202,0.18025487390026823,42.31375315313785,-87.97554804778305,10077,-3.87,42.3,-87.9,6.398089507473047
2024-05-11 05:04:00,43092005,0.3184224618826398,0.13989249134304613,0.4969524324222334,42.31375315313785,-87.97554804778305,10077,-3.06,42.3,-87.9,6.398089507473047
2024-05-11 05:05:00,43092005,0.595000768495831,0.30846563089734835,0.8815359060943135,42.31375315313785,-87.97554804778305,10077,-2.04,42.3,-87.9,6.398089507473047
2024-05-11 05:06:00,43092005,-0.42743203817858866,-0.7436914886040349,-0.11117258775314248,42.31375315313785,-87.97554804778305,10077,-1.7,42.3,-87.9,6.398089507473047
2024-05-11 05:07:00,43092005,-0.3697999538739975,-0.7526528340216185,0.013052926273623533,42.31375315313785,-87.97554804778305,10077,-2.58,42.3,-87.9,6.398089507473047
2024-05-11 05:08:00,43092005,-0.08090385028895196,-0.2867634691428105,0.12495576856490655,42.31375315313785,-87.97554804778305,10077,-2.26,42.3,-87.9,6.398089507473047
2024-05-11 05:09:00,43092005,-0.2653206843033172,-0.36297782667000483,-0.16766354193662952,42.31375315313785,-87.97554804778305,10077,-1.63,42.3,-87.9,6.398089507473047
2024-05-11 05:10:00,43092005,-0.8882403278858739,-1.2024364120738233,-0.5740442436979245,42.31375315313785,-87.97554804778305,10077,-0.85,42.3,-87.9,6.398089507473047
2024-05-11 05:11:00,43092005,-0.4199973182159856,-0.6074434518953326,-0.2325511845366387,42.31375315313785,-87.97554804778305,10077,-1.28,42.3,-87.9,6.398089507473047
2024-05-11 05:12:00,43092005,-0.7954855985136557,-1.0819456089334123,-0.5090255880938993,42.31375315313785,-87.97554804778305,10077,-1.86,42.3,-87.9,6.398089507473047
2024-05-11 05:13:00,43092005,-0.8003621557377335,-1.1238115114459817,-0.4769128000294853,42.31375315313785,-87.97554804778305,10077,-1.56,42.3,-87.9,6.398089507473047
2024-05-11 05:14:00,43092005,-0.5412581603338634,-0.8304203655981746,-0.25209595506955224,42.31375315313785,-87.97554804778305,10077,-1.61,42.3,-87.9,6.398089507473047
2024-05-11 05:15:00,43092005,-1.0256354220880821,-1.5716707418123956,-0.4796001023637685,42.31375315313785,-87.97554804778305,10077,-0.27,42.3,-87.9,6.398089507473047
2024-05-11 05:16:00,43092005,-0.90874721806375,-1.2407203364584087,-0.5767740996690913,42.31375315313785,-87.97554804778305,10077,-0.42,42.3,-87.9,6.398089507473047
2024-05-11 05:17:00,43092005,-0.5446921110919162,-0.8613028862383876,-0.22808133594544477,42.31375315313785,-87.97554804778305,10077,-0.57,42.3,-87.9,6.398089507473047
2024-05-11 05:18:00,43092005,0.10547260369070896,-0.7405364600012706,0.9514816673826886,42.31375315313785,-87.97554804778305,10077,-4.25,42.3,-87.9,6.398089507473047
2024-05-11 05:19:00,43092005,0.5682554510021053,-0.3176752288959356,1.4541861309001463,42.31375315313785,-87.97554804778305,10077,-5.3,42.3,-87.9,6.398089507473047
2024-05-11 05:20:00,43092005,1.235700970932399,0.5141568537350939,1.9572450881297039,42.31375315313785,-87.97554804778305,10077,-5.64,42.3,-87.9,6.398089507473047
2024-05-11 05:21:00,43092005,0.15837129500004835,-0.24963130636002664,0.5663738963601234,42.31375315313785,-87.97554804778305,10077,-4.49,42.3,-87.9,6.398089507473047
2024-05-11 05:22:00,43092005,-0.43165411490172073,-0.586406845503527,-0.27690138429991457,42.31375315313785,-87.97554804778305,10077,-2.93,42.3,-87.9,6.398089507473047
2024-05-11 05:23:00,43092005,-0.8421451221844578,-1.264080245946591,-0.4202099984223247,42.31375315313785,-87.97554804778305,10077,-1.29,42.3,-87.9,6.398089507473047
2024-05-11 05:24:00,43092005,-1.2070221462121284,-1.6530097156113304,-0.7610345768129265,42.31375315313785,-87.97554804778305,10077,-1.89,42.3,-87.9,6.398089507473047
2024-05-11 05:25:00,43092005,-0.8420555504566446,-1.1909511544140992,-0.49315994649919004,42.31375315313785,-87.97554804778305,10077,-2.55,42.3,-87.9,6.398089507473047
2024-05-11 05:26:00,43092005,-0.07728864150492352,-0.15456014226715242,-1.7140742694626843e-05,42.31375315313785,-87.97554804778305,10077,-3.28,42.3,-87.9,6.398089507473047
2024-05-11 05:27:00,43092005,0.11924562839450394,0.05802444257258667,0.1804668142164212,42.31375315313785,-87.97554804778305,10077,-3.12,42.3,-87.9,6.398089507473047
2024-05-11 05:28:00,43092005,0.3855105516335047,0.13535242141041243,0.6356686818565969,42.31375315313785,-87.97554804778305,10077,-4.05,42.3,-87.9,6.398089507473047
2024-05-11 05:29:00,43092005,-0.5946353475066056,-0.834109577101053,-0.3551611179121582,42.31375315313785,-87.97554804778305,10077,-3.25,42.3,-87.9,6.398089507473047
2024-05-11 05:30:00,43092005,-0.04007355981972105,-0.247414062083887,0.1672669424444449,42.31375315313785,-87.97554804778305,10077,-2.87,42.3,-87.9,6.398089507473047
2024-05-11 05:31:00,43092005,0.546575023939735,0.3547842570709359,0.7383657908085342,42.31375315313785,-87.97554804778305,10077,-2.8,42.3,-87.9,6.398089507473047
2024-05-11 05:32:00,43092005,0.7091959492865959,0.4076736279556149,1.010718270617577,42.31375315313785,-87.97554804778305,10077,-2.66,42.3,-87.9,6.398089507473047
2024-05-11 05:33:00,43092005,0.21833526229376166,0.09761389604428566,0.33905662854323765,42.31375315313785,-87.97554804778305,10077,-1.7,42.3,-87.9,6.398089507473047
2024-05-11 05:34:00,43092005,-0.2852564222158346,-0.3858714230389689,-0.1846414213927003,42.31375315313785,-87.97554804778305,10077,-0.71,42.3,-87.9,6.398089507473047
2024-05-11 05:35:00,43092005,-0.2189997081973947,-0.30028321150634085,-0.13771620488844855,42.31375315313785,-87.97554804778305,10077,-0.09,42.3,-87.9,6.398089507473047
2024-05-11 05:36:00,43092005,-0.21322102825108327,-0.29088074981015555,-0.135561306692011,42.31375315313785,-87.97554804778305,10077,-0.25,42.3,-87.9,6.398089507473047
2024-05-11 05:37:00,43092005,-0.31579779313275014,-0.4649519559506534,-0.16664363031484683,42.31375315313785,-87.97554804778305,10077,0.2,42.3,-87.9,6.398089507473047
2024-05-11 05:38:00,43092005,-0.19597359820920274,-0.2658293084735383,-0.12611788794486717,42.31375315313785,-87.97554804778305,10077,-0.58,42.3,-87.9,6.398089507473047
2024-05-11 05:39:00,43092005,-0.14104705580269783,-0.19733186397382232,-0.08476224763157333,42.31375315313785,-87.97554804778305,10077,-1.14,42.3,-87.9,6.398089507473047
2024-05-11 05:40:00,43092005,0.3944890831029953,0.2558607945675464,0.5331173716384442,42.31375315313785,-87.97554804778305,10077,-1.89,42.3,-87.9,6.398089507473047
2024-05-11 05:41:00,43092005,0.6415378039418008,0.3752356349914159,0.9078399728921858,42.31375315313785,-87.97554804778305,10077,-1.36,42.3,-87.9,6.398089507473047
2024-05-11 05:42:00,43092005,0.45930804748947085,0.1578914018820876,0.7607246930968541,42.31375315313785,-87.97554804778305,10077,-0.98,42.3,-87.9,6.398089507473047
2024-05-11 05:43:00,43092005,0.2650685415862602,0.03444749515893525,0.49568958801358515,42.31375315313785,-87.97554804778305,10077,-0.24,42.3,-87.9,6.398089507473047
2024-05-11 05:44:00,43092005,0.03619375308094585,0.0027085119712950967,0.0696789941905966,42.31375315313785,-87.97554804778305,10077,-0.75,42.3,-87.9,6.398089507473047
2024-05-11 05:45:00,43092005,-0.023801528081025765,-0.10488120744374488,0.057278151281693356,42.31375315313785,-87.97554804778305,10077,-1.59,42.3,-87.9,6.398089507473047
2024-05-11 05:46:00,43092005,0.08072404328845721,0.050192529053005835,0.11125555752390859,42.31375315313785,-87.97554804778305,10077,-1.74,42.3,-87.9,6.398089507473047
2024-05-11 05:47:00,43092005,-0.03557542331016197,-0.40170419115508615,0.33055334453476226,42.31375315313785,-87.97554804778305,10077,0.28,42.3,-87.9,6.398089507473047
2024-05-11 05:48:00,43092005,-0.7182173681046281,-1.0126159608309167,-0.4238187753783396,42.31375315313785,-87.97554804778305,10077,-0.59,42.3,-87.9,6.398089507473047
2024-05-11 05:49:00,43092005,-0.600506336871712,-1.1811514147800102,-0.01986125896341362,42.31375315313785,-87.97554804778305,10077,2.18,42.3,-87.9,6.398089507473047
2024-05-11 05:50:00,43092005,-0.1086320919246755,-0.3744796332786609,0.15721544942930993,42.31375315313785,-87.97554804778305,10077,0.12,42.3,-87.9,6.398089507473047
2024-05-11 05:51:00,43092005,-0.2047982354015859,-0.28914245443590225,-0.12045401636726956,42.31375315313785,-87.97554804778305,10077,-1.54,42.3,-87.9,6.398089507473047
2024-05-11 05:52:00,43092005,-0.14530104737628394,-0.35082365944294647,0.06022156469037859,42.31375315313785,-87.97554804778305,10077,-0.89,42.3,-87.9,6.398089507473047
2024-05-11 05:53:00,43092005,-0.3098128354923804,-0.5140522700788611,-0.10557340090589973,42.31375315313785,-87.97554804778305,10077,-1.79,42.3,-87.9,6.398089507473047
2024-05-11 05:54:00,43092005,-1.3578459403120486,-1.922759973202505,-0.7929319074215923,42.31375315313785,-87.97554804778305,10077,0.69,42.3,-87.9,6.398089507473047
2024-05-11 05:55:00,43092005,-2.256925552859342,-3.1118703657829685,-1.4019807399357158,42.31375315313785,-87.97554804778305,10077,-1.32,42.3,-87.9,6.398089507473047
2024-05-11 05:56:00,43092005,-0.9239438864820284,-1.2523088452021032,-0.5955789277619536,42.31375315313785,-87.97554804778305,10077,-0.71,42.3,-87.9,6.398089507473047
2024-05-11 05:57:00,43092005,-0.41873971246215597,-0.6394761922090473,-0.1980032327152647,42.31375315313785,-87.97554804778305,10077,-0.92,42.3,-87.9,6.398089507473047
2024-05-11 05:58:00,43092005,0.24934073406901708,-0.06106156702323623,0.5597430351612704,42.31375315313785,-87.97554804778305,10077,-4.0,42.3,-87.9,6.398089507473047
2024-05-11 05:59:00,43092005,0.3364220422098558,-0.07079322823122969,0.7436373126509412,42.31375315313785,-87.97554804778305,10077,-4.27,42.3,-87.9,6.398089507473047
2024-05-11 06:00:00,43092005,0.8474298231397057,0.5188073946010433,1.1760522516783682,42.31375315313785,-87.97554804778305,10077,-2.84,42.3,-87.9,6.398089507473047
2024-05-11 06:01:00,43092005,0.8847142512114126,0.5546218485392314,1.2148066538835938,42.31375315313785,-87.97554804778305,10077,-1.63,42.3,-87.9,6.398089507473047
2024-05-11 06:02:00,43092005,-0.24153470898698898,-0.4904936277724591,0.007424209798481157,42.31375315313785,-87.97554804778305,10077,-2.74,42.3,-87.9,6.398089507473047
2024-05-11 06:03:00,43092005,-0.7050079876804412,-1.167275963074027,-0.24274001228685532,42.31375315313785,-87.97554804778305,10077,-3.49,42.3,-87.9,6.398089507473047
2024-05-11 06:04:00,43092005,-0.7714723031722793,-1.2289600765208684,-0.31398452982369024,42.31375315313785,-87.97554804778305,10077,-3.97,42.3,-87.9,6.398089507473047
2024-05-11 06:05:00,43092005,-0.7381329206483704,-1.0627534719368321,-0.4135123693599088,42.31375315313785,-87.97554804778305,10077,-3.49,42.3,-87.9,6.398089507473047
2024-05-11 06:06:00,43092005,-0.7243734287812298,-0.99550683189795,-0.4532400256645096,42.31375315313785,-87.97554804778305,10077,-2.91,42.3,-87.9,6.398089507473047
2024-05-11 06:07:00,43092005,-0.16963976227624672,-0.22942656153639562,-0.1098529630160978,42.31375315313785,-87.97554804778305,10077,-1.44,42.3,-87.9,6.398089507473047
2024-05-11 06:08:00,43092005,0.2245523651833074,0.14543754068568812,0.30366718968092665,42.31375315313785,-87.97554804778305,10077,0.67,42.3,-87.9,6.398089507473047
2024-05-11 06:09:00,43092005,0.07025464935541004,0.04488186461918689,0.09562743409163318,42.31375315313785,-87.97554804778305,10077,0.41,42.3,-87.9,6.398089507473047
2024-05-11 06:10:00,43092005,0.11513690140963716,-0.26938665883305307,0.4996604616523274,42.31375315313785,-87.97554804778305,10077,-0.16,42.3,-87.9,6.398089507473047
2024-05-11 06:11:00,43092005,1.3595845980527705,0.4195522955475556,2.2996169005579854,42.31375315313785,-87.97554804778305,10077,-3.04,42.3,-87.9,6.398089507473047
2024-05-11 06:12:00,43092005,1.0963599412120824,0.34107894522612514,1.8516409371980396,42.31375315313785,-87.97554804778305,10077,-3.0,42.3,-87.9,6.398089507473047
2024-05-11 06:13:00,43092005,-0.019990258761569287,-0.41508717301813425,0.37510665549499567,42.31375315313785,-87.97554804778305,10077,-3.06,42.3,-87.9,6.398089507473047
2024-05-11 06:14:00,43092005,-0.8446992668965108,-1.152853035052892,-0.5365454987401295,42.31375315313785,-87.97554804778305,10077,-1.24,42.3,-87.9,6.398089507473047
2024-05-11 06:15:00,43092005,-0.3972834280895111,-0.5377603740529094,-0.2568064821261128,42.31375315313785,-87.97554804778305,10077,0.3,42.3,-87.9,6.398089507473047
2024-05-11 06:16:00,43092005,0.810939161303012,0.42905686001692805,1.192821462589096,42.31375315313785,-87.97554804778305,10077,-0.13,42.3,-87.9,6.398089507473047
2024-05-11 06:17:00,43092005,0.5016426813221515,0.3255736853805079,0.6777116772637951,42.31375315313785,-87.97554804778305,10077,-1.0,42.3,-87.9,6.398089507473047
2024-05-11 06:18:00,43092005,1.1511180770576448,0.7340357416720784,1.5682004124432112,42.31375315313785,-87.97554804778305,10077,-0.26,42.3,-87.9,6.398089507473047
2024-05-11 06:19:00,43092005,0.558706233851824,0.14595175925813914,0.9714607084455089,42.31375315313785,-87.97554804778305,10077,-0.97,42.3,-87.9,6.398089507473047
2024-05-11 06:20:00,43092005,0.7394660118830747,0.32391576576008224,1.1550162580060672,42.31375315313785,-87.97554804778305,10077,0.74,42.3,-87.9,6.398089507473047
2024-05-11 06:21:00,43092005,0.5982787537395506,0.3636827203427341,0.8328747871363672,42.31375315313785,-87.97554804778305,10077,0.54,42.3,-87.9,6.398089507473047
2024-05-11 06:22:00,43092005,0.7185416482855802,0.446192339454786,0.9908909571163744,42.31375315313785,-87.97554804778305,10077,-2.22,42.3,-87.9,6.398089507473047
2024-05-11 06:23:00,43092005,0.5201327742551825,0.153593905561705,0.8866716429486599,42.31375315313785,-87.97554804778305,10077,-3.1,42.3,-87.9,6.398089507473047
2024-05-11 06:24:00,43092005,-0.33572842819175047,-0.7892618151526041,0.11780495876910307,42.31375315313785,-87.97554804778305,10077,-1.96,42.3,-87.9,6.398089507473047
2024-05-11 06:25:00,43092005,-1.0763489682896106,-1.6848234278845249,-0.46787450869469627,42.31375315313785,-87.97554804778305,10077,-4.16,42.3,-87.9,6.398089507473047
2024-05-11 06:26:00,43092005,-1.9019620644120048,-2.630935279867074,-1.1729888489569356,42.31375315313785,-87.97554804778305,10077,1.27,42.3,-87.9,6.398089507473047
2024-05-11 06:27:00,43092005,-3.546575651431741,-4.823867377166083,-2.269283925697398,42.31375315313785,-87.97554804778305,10077,0.37,42.3,-87.9,6.398089507473047
2024-05-11 06:28:00,43092005,-1.8507603332960516,-2.571763957522403,-1.1297567090697003,42.31375315313785,-87.97554804778305,10077,-4.77,42.3,-87.9,6.398089507473047
2024-05-11 06:29:00,43092005,-1.0513009944286449,-1.6089125672783964,-0.4936894215788933,42.31375315313785,-87.97554804778305,10077,0.49,42.3,-87.9,6.398089507473047
2024-05-11 06:30:00,43092005,-2.1187258400863276,-2.96012503096446,-1.2773266492081952,42.31375315313785,-87.97554804778305,10077,-2.11,42.3,-87.9,6.398089507473047
2024-05-11 06:31:00,43092005,-1.6856777164571566,-2.2907910365780904,-1.0805643963362228,42.31375315313785,-87.97554804778305,10077,-1.05,42.3,-87.9,6.398089507473047
2024-05-11 06:32:00,43092005,-0.03363076787789346,-0.25873715281421356,0.19147561705842664,42.31375315313785,-87.97554804778305,10077,2.64,42.3,-87.9,6.398089507473047
2024-05-11 06:33:00,43092005,-1.3069939255938494,-1.765828458596065,-0.8481593925916339,42.31375315313785,-87.97554804778305,10077,0.4,42.3,-87.9,6.398089507473047
2024-05-11 06:34:00,43092005,0.9284135034882036,0.56068036361826,1.2961466433581472,42.31375315313785,-87.97554804778305,10077,1.04,42.3,-87.9,6.398089507473047
2024-05-11 06:35:00,43092005,2.526605349360851,1.5831329144204094,3.470077784301292,42.31375315313785,-87.97554804778305,10077,-1.22,42.3,-87.9,6.398089507473047
2024-05-11 06:36:00,43092005,1.6684465190222986,1.0510575955975396,2.2858354424470573,42.31375315313785,-87.97554804778305,10077,1.34,42.3,-87.9,6.398089507473047
2024-05-11 06:37:00,43092005,0.8087029156431481,0.3725593643767616,1.2448464669095345,42.31375315313785,-87.97554804778305,10077,-0.53,42.3,-87.9,6.398089507473047
2024-05-11 06:38:00,43092005,2.0703424638076533,1.3407416036872282,2.7999433239280784,42.31375315313785,-87.97554804778305,10077,-0.73,42.3,-87.9,6.398089507473047
2024-05-11 06:39:00,43092005,1.8969303689953079,1.1643831402468625,2.6294775977437532,42.31375315313785,-87.97554804778305,10077,-0.96,42.3,-87.9,6.398089507473047
2024-05-11 06:40:00,43092005,0.6942006521076337,0.3719247868096408,1.0164765174056267,42.31375315313785,-87.97554804778305,10077,-0.67,42.3,-87.9,6.398089507473047
2024-05-11 06:41:00,43092005,-0.19523911336629435,-0.7863879468052721,0.3959097200726834,42.31375315313785,-87.97554804778305,10077,0.17,42.3,-87.9,6.398089507473047
2024-05-11 06:42:00,43092005,-2.300800633198934,-3.2164770614438267,-1.385124204954041,42.31375315313785,-87.97554804778305,10077,0.48,42.3,-87.9,6.398089507473047
2024-05-11 06:43:00,43092005,-0.6206784613551876,-1.9375825588064401,0.6962256360960651,42.31375315313785,-87.97554804778305,10077,-7.22,42.3,-87.9,6.398089507473047
2024-05-11 06:44:00,43092005,0.27705917928605933,-1.2392659561194501,1.7933843146915687,42.31375315313785,-87.97554804778305,10077,0.5,42.3,-87.9,6.398089507473047
2024-05-11 06:45:00,43092005,-1.0188639355434763,-1.55083878410864,-0.4868890869783127,42.31375315313785,-87.97554804778305,10077,3.11,42.3,-87.9,6.398089507473047
2024-05-11 06:46:00,43092005,-0.5254529259648445,-1.1649133556252842,0.11400750369559509,42.31375315313785,-87.97554804778305,10077,2.64,42.3,-87.9,6.398089507473047
2024-05-11 06:47:00,43092005,2.3692904357473954,1.253186675184851,3.4853941963099397,42.31375315313785,-87.97554804778305,10077,4.99,42.3,-87.9,6.398089507473047
2024-05-11 06:48:00,43092005,2.6560514354168023,1.5859067790309025,3.726196091802702,42.31375315313785,-87.97554804778305,10077,3.29,42.3,-87.9,6.398089507473047
2024-05-11 06:49:00,43092005,2.3596280814711013,1.5328206031460883,3.1864355597961143,42.31375315313785,-87.97554804778305,10077,-1.16,42.3,-87.9,6.398089507473047
2024-05-11 06:50:00,43092005,0.42735278564706597,-0.5377380199659152,1.3924435912600472,42.31375315313785,-87.97554804778305,10077,8.37,42.3,-87.9,6.398089507473047
2024-05-11 06:51:00,43092005,1.3931006989383459,0.9048600027378844,1.8813413951388074,42.31375315313785,-87.97554804778305,10077,2.05,42.3,-87.9,6.398089507473047
2024-05-11 06:52:00,43092005,0.9915833319811603,0.4962849712948441,1.4868816926674766,42.31375315313785,-87.97554804778305,10077,-7.56,42.3,-87.9,6.398089507473047
2024-05-11 06:53:00,43092005,-2.5550433639296912,-3.57592585243139,-1.5341608754279923,42.31375315313785,-87.97554804778305,10077,-3.4,42.3,-87.9,6.398089507473047
2024-05-11 06:54:00,43092005,-3.292740356429179,-4.465445727428712,-2.120034985429646,42.31375315313785,-87.97554804778305,10077,0.55,42.3,-87.9,6.398089507473047
2024-05-11 06:55:00,43092005,-5.095488078313364,-6.920835704676276,-3.2701404519504527,42.31375315313785,-87.97554804778305,10077,5.45,42.3,-87.9,6.398089507473047
2024-05-11 06:56:00,43092005,-6.072928961655848,-8.243596942335534,-3.902260980976162,42.31375315313785,-87.97554804778305,10077,1.03,42.3,-87.9,6.398089507473047
2024-05-11 06:57:00,43092005,-7.022908032687385,-9.487014881068447,-4.558801184306324,42.31375315313785,-87.97554804778305,10077,4.26,42.3,-87.9,6.398089507473047
2024-05-11 06:58:00,43092005,-8.17263246568522,-11.085620013858525,-5.259644917511915,42.31375315313785,-87.97554804778305,10077,-7.6,42.3,-87.9,6.398089507473047
2024-05-11 06:59:00,43092005,-1.8900464501670728,-2.5624977829100124,-1.2175951174241333,42.31375315313785,-87.97554804778305,10077,-10.58,42.3,-87.9,6.398089507473047
2024-05-11 07:00:00,43092005,-1.5447050893590564,-2.086731025311958,-1.0026791534061545,42.31375315313785,-87.97554804778305,10077,-4.59,42.3,-87.9,6.398089507473047
2024-05-11 07:01:00,43092005,-1.3245420437632947,-1.7931247205632512,-0.8559593669633381,42.31375315313785,-87.97554804778305,10077,-6.98,42.3,-87.9,6.398089507473047
2024-05-11 07:02:00,43092005,-1.7127925417103564,-2.493555234690295,-0.932029848730418,42.31375315313785,-87.97554804778305,10077,-5.57,42.3,-87.9,6.398089507473047
2024-05-11 07:03:00,43092005,-0.9263092485445559,-1.6027870345601183,-0.24983146252899346,42.31375315313785,-87.97554804778305,10077,-9.94,42.3,-87.9,6.398089507473047
2024-05-11 07:04:00,43092005,-1.9082721713416857,-2.767971540456477,-1.0485728022268943,42.31375315313785,-87.97554804778305,10077,-5.94,42.3,-87.9,6.398089507473047
2024-05-11 07:05:00,43092005,-1.4825731664989377,-2.503018951041858,-0.4621273819560172,42.31375315313785,-87.97554804778305,10077,-3.0,42.3,-87.9,6.398089507473047
2024-05-11 07:06:00,43092005,-0.18261516464964306,-1.505216115015339,1.139985785716053,42.31375315313785,-87.97554804778305,10077,-13.66,42.3,-87.9,6.398089507473047
2024-05-11 07:07:00,43092005,0.5335622311559247,0.26755549690134006,0.7995689654105094,42.31375315313785,-87.97554804778305,10077,-13.42,42.3,-87.9,6.398089507473047
2024-05-11 07:08:00,43092005,2.312073252254859,1.4759985615008469,3.1481479430088712,42.31375315313785,-87.97554804778305,10077,-11.08,42.3,-87.9,6.398089507473047
2024-05-11 07:09:00,43092005,-0.48598046208682816,-0.6858168140748927,-0.2861441100987636,42.31375315313785,-87.97554804778305,10077,-5.37,42.3,-87.9,6.398089507473047
2024-05-11 07:10:00,43092005,-0.32360022064452443,-0.6132441580870829,-0.033956283201965975,42.31375315313785,-87.97554804778305,10077,-0.45,42.3,-87.9,6.398089507473047
2024-05-11 07:11:00,43092005,0.5033733322913,0.21483433823729825,0.7919123263453017,42.31375315313785,-87.97554804778305,10077,3.73,42.3,-87.9,6.398089507473047
2024-05-11 07:12:00,43092005,1.150360061492967,0.42366819021363267,1.8770519327723014,42.31375315313785,-87.97554804778305,10077,1.6,42.3,-87.9,6.398089507473047
2024-05-11 07:13:00,43092005,2.3176369500862326,1.2950647137340994,3.340209186438366,42.31375315313785,-87.97554804778305,10077,3.21,42.3,-87.9,6.398089507473047
2024-05-11 07:14:00,43092005,1.4811064552385618,0.7722477076843534,2.18996520279277,42.31375315313785,-87.97554804778305,10077,1.02,42.3,-87.9,6.398089507473047
2024-05-11 07:15:00,43092005,1.5116356311921488,0.8097324846951015,2.2135387776891964,42.31375315313785,-87.97554804778305,10077,-0.1,42.3,-87.9,6.398089507473047
2024-05-11 07:16:00,43092005,1.9846368211328536,1.1878824170891062,2.781391225176601,42.31375315313785,-87.97554804778305,10077,-2.55,42.3,-87.9,6.398089507473047
2024-05-11 07:17:00,43092005,2.4292797108640647,1.550626542734063,3.307932878994066,42.31375315313785,-87.97554804778305,10077,-4.09,42.3,-87.9,6.398089507473047
2024-05-11 07:18:00,43092005,4.074606864299989,2.2560029860193636,5.893210742580615,42.31375315313785,-87.97554804778305,10077,2.43,42.3,-87.9,6.398089507473047
2024-05-11 07:19:00,43092005,5.228616107675366,3.1833523134318495,7.273879901918883,42.31375315313785,-87.97554804778305,10077,2.28,42.3,-87.9,6.398089507473047
2024-05-11 07:20:00,43092005,3.8478189122706725,2.4840650661929278,5.211572758348417,42.31375315313785,-87.97554804778305,10077,4.88,42.3,-87.9,6.398089507473047
2024-05-11 07:21:00,43092005,3.011495304286928,1.955588118898236,4.0674024896756205,42.31375315313785,-87.97554804778305,10077,1.51,42.3,-87.9,6.398089507473047
2024-05-11 07:22:00,43092005,1.7525091077432149,0.9639769745001215,2.541041240986308,42.31375315313785,-87.97554804778305,10077,-3.12,42.3,-87.9,6.398089507473047
2024-05-11 07:23:00,43092005,2.0208540621183273,1.2556477530077796,2.786060371228875,42.31375315313785,-87.97554804778305,10077,-5.32,42.3,-87.9,6.398089507473047
2024-05-11 07:24:00,43092005,4.062139411169784,2.4642014458716526,5.660077376467915,42.31375315313785,-87.97554804778305,10077,1.31,42.3,-87.9,6.398089507473047
2024-05-11 07:25:00,43092005,3.6613714561277164,2.1663307150079163,5.1564121972475165,42.31375315313785,-87.97554804778305,10077,4.94,42.3,-87.9,6.398089507473047
2024-05-11 07:26:00,43092005,2.210163624214947,1.4254256661265914,2.9949015823033025,42.31375315313785,-87.97554804778305,10077,-1.41,42.3,-87.9,6.398089507473047
2024-05-11 07:27:00,43092005,2.386967737647824,1.5451378156177822,3.228797659677866,42.31375315313785,-87.97554804778305,10077,3.61,42.3,-87.9,6.398089507473047
2024-05-11 07:28:00,43092005,1.0994046503085093,0.29805477645210976,1.9007545241649089,42.31375315313785,-87.97554804778305,10077,-4.17,42.3,-87.9,6.398089507473047
2024-05-11 07:29:00,43092005,1.270966644312505,0.7848950095456766,1.7570382790793333,42.31375315313785,-87.97554804778305,10077,-2.21,42.3,-87.9,6.398089507473047
2024-05-11 07:30:00,43092005,0.4718529320202936,0.22226584822380907,0.7214400158167782,42.31375315313785,-87.97554804778305,10077,-1.3,42.3,-87.9,6.398089507473047
2024-05-11 07:31:00,43092005,-0.5839436948731224,-1.433290369733436,0.2654029799871913,42.31375315313785,-87.97554804778305,10077,0.96,42.3,-87.9,6.398089507473047
2024-05-11 07:32:00,43092005,0.1535078993096395,-0.6599715349103054,0.9669873335295843,42.31375315313785,-87.97554804778305,10077,-0.74,42.3,-87.9,6.398089507473047
2024-05-11 07:33:00,43092005,1.3953564817706305,0.21601228425060004,2.574700679290661,42.31375315313785,-87.97554804778305,10077,-2.68,42.3,-87.9,6.398089507473047
2024-05-11 07:34:00,43092005,0.4562593097521347,-0.14683005339513444,1.0593486728994037,42.31375315313785,-87.97554804778305,10077,-5.29,42.3,-87.9,6.398089507473047
2024-05-11 07:35:00,43092005,-0.634747322751466,-0.85965488029471,-0.40983976520822185,42.31375315313785,-87.97554804778305,10077,-1.31,42.3,-87.9,6.398089507473047
2024-05-11 07:36:00,43092005,-0.11751686101463138,-0.5341167664633363,0.2990830444340735,42.31375315313785,-87.97554804778305,10077,-4.49,42.3,-87.9,6.398089507473047
2024-05-11 07:37:00,43092005,0.9681742828021895,0.1583756269898352,1.777972938614544,42.31375315313785,-87.97554804778305,10077,-6.67,42.3,-87.9,6.398089507473047
2024-05-11 07:38:00,43092005,1.8400357148813127,0.4943450248726511,3.1857264048899743,42.31375315313785,-87.97554804778305,10077,-4.13,42.3,-87.9,6.398089507473047
2024-05-11 07:39:00,43092005,0.5030702964538699,-0.1388057969305977,1.1449463898383376,42.31375315313785,-87.97554804778305,10077,-4.65,42.3,-87.9,6.398089507473047
2024-05-11 07:40:00,43092005,1.4349733165618181,0.7319677839368136,2.1379788491868226,42.31375315313785,-87.97554804778305,10077,-0.63,42.3,-87.9,6.398089507473047
2024-05-11 07:41:00,43092005,3.17598440899586,2.0345627902039944,4.317406027787726,42.31375315313785,-87.97554804778305,10077,-0.39,42.3,-87.9,6.398089507473047
2024-05-11 07:42:00,43092005,2.324075459089494,1.4956012017335378,3.15254971644545,42.31375315313785,-87.97554804778305,10077,-0.83,42.3,-87.9,6.398089507473047
2024-05-11 07:43:00,43092005,1.5855003052337426,1.0040932574707542,2.166907352996731,42.31375315313785,-87.97554804778305,10077,2.1,42.3,-87.9,6.398089507473047
2024-05-11 07:44:00,43092005,1.4803201980832825,0.8064977704977019,2.154142625668863,42.31375315313785,-87.97554804778305,10077,3.24,42.3,-87.9,6.398089507473047
2024-05-11 07:45:00,43092005,-1.3842494605589928,-1.9979646142293768,-0.7705343068886088,42.31375315313785,-87.97554804778305,10077,5.68,42.3,-87.9,6.398089507473047
2024-05-11 07:46:00,43092005,-2.3421981521791087,-3.4497975099658555,-1.2345987943923618,42.31375315313785,-87.97554804778305,10077,1.69,42.3,-87.9,6.398089507473047
2024-05-11 07:47:00,43092005,-2.8738176184041158,-3.926099144333806,-1.8215360924744253,42.31375315313785,-87.97554804778305,10077,1.42,42.3,-87.9,6.398089507473047
2024-05-11 07:48:00,43092005,-0.36008867964073826,-0.5186213845684944,-0.2015559747129821,42.31375315313785,-87.97554804778305,10077,-2.36,42.3,-87.9,6.398089507473047
2024-05-11 07:49:00,43092005,0.6228442653117323,0.38883331093332446,0.8568552196901402,42.31375315313785,-87.97554804778305,10077,-5.21,42.3,-87.9,6.398089507473047
2024-05-11 07:50:00,43092005,0.018876232792754855,-0.6358795757525425,0.6736320413380522,42.31375315313785,-87.97554804778305,10077,-5.76,42.3,-87.9,6.398089507473047
2024-05-11 07:51:00,43092005,-0.1951659513003704,-0.6594146116954744,0.2690827090947337,42.31375315313785,-87.97554804778305,10077,-2.53,42.3,-87.9,6.398089507473047
2024-05-11 07:52:00,43092005,-0.753559632709518,-1.6740169427809666,0.16689767736193062,42.31375315313785,-87.97554804778305,10077,-2.47,42.3,-87.9,6.398089507473047
2024-05-11 07:53:00,43092005,0.4441412215278718,-0.6475743258449878,1.5358567689007312,42.31375315313785,-87.97554804778305,10077,-3.35,42.3,-87.9,6.398089507473047
2024-05-11 07:54:00,43092005,1.7097403253977161,1.0213236111951103,2.398157039600322,42.31375315313785,-87.97554804778305,10077,-1.68,42.3,-87.9,6.398089507473047
2024-05-11 07:55:00,43092005,1.8975126500565904,1.2298559470077999,2.565169353105381,42.31375315313785,-87.97554804778305,10077,0.99,42.3,-87.9,6.398089507473047
2024-05-11 07:56:00,43092005,1.2643480532730282,0.7026316023920329,1.8260645041540235,42.31375315313785,-87.97554804778305,10077,1.67,42.3,-87.9,6.398089507473047
2024-05-11 07:57:00,43092005,1.6955431657924986,1.0914602071410249,2.2996261244439724,42.31375315313785,-87.97554804778305,10077,2.0,42.3,-87.9,6.398089507473047
2024-05-11 07:58:00,43092005,3.172322751660096,2.0097080865728696,4.334937416747322,42.31375315313785,-87.97554804778305,10077,0.57,42.3,-87.9,6.398089507473047
2024-05-11 07:59:00,43092005,1.9959107671017038,1.1965628149121237,2.795258719291284,42.31375315313785,-87.97554804778305,10077,1.78,42.3,-87.9,6.398089507473047
2024-05-11 08:00:00,43092005,0.9741129480059583,0.6308954853291345,1.3173304106827821,42.31375315313785,-87.97554804778305,10077,3.29,42.3,-87.9,6.398089507473047
2024-05-11 08:01:00,43092005,-0.9643756138390738,-1.486460015859111,-0.4422912118190365,42.31375315313785,-87.97554804778305,10077,2.53,42.3,-87.9,6.398089507473047
2024-05-11 08:02:00,43092005,-0.9425466367230869,-1.4519415648762966,-0.43315170856987717,42.31375315313785,-87.97554804778305,10077,4.02,42.3,-87.9,6.398089507473047
2024-05-11 08:03:00,43092005,-1.4505068388654334,-2.265607518273376,-0.6354061594574909,42.31375315313785,-87.97554804778305,10077,6.71,42.3,-87.9,6.398089507473047
2024-05-11 08:04:00,43092005,0.2932258091358127,-0.1358733280247313,0.7223249462963567,42.31375315313785,-87.97554804778305,10077,5.23,42.3,-87.9,6.398089507473047
2024-05-11 08:05:00,43092005,1.674636060619414,0.7899957542698387,2.559276366968989,42.31375315313785,-87.97554804778305,10077,2.43,42.3,-87.9,6.398089507473047
2024-05-11 08:06:00,43092005,2.247293442786487,1.0983751048943844,3.3962117806785894,42.31375315313785,-87.97554804778305,10077,1.91,42.3,-87.9,6.398089507473047
2024-05-11 08:07:00,43092005,0.10107763980254972,-0.48724603035913683,0.6894013099642362,42.31375315313785,-87.97554804778305,10077,3.87,42.3,-87.9,6.398089507473047
2024-05-11 08:08:00,43092005,0.3144868150129354,0.04676092908310442,0.5822127009427664,42.31375315313785,-87.97554804778305,10077,3.6,42.3,-87.9,6.398089507473047
2024-05-11 08:09:00,43092005,-1.1213419720493163,-1.5204145297736824,-0.7222694143249502,42.31375315313785,-87.97554804778305,10077,-0.5,42.3,-87.9,6.398089507473047
2024-05-11 08:10:00,43092005,-0.2822872353633072,-0.5023897862871904,-0.062184684439423904,42.31375315313785,-87.97554804778305,10077,-3.11,42.3,-87.9,6.398089507473047
2024-05-11 08:11:00,43092005,0.8016506470926573,0.01719877640249423,1.5861025177828205,42.31375315313785,-87.97554804778305,10077,0.17,42.3,-87.9,6.398089507473047
2024-05-11 08:12:00,43092005,-0.8958635940251494,-1.2630574223294981,-0.5286697657208006,42.31375315313785,-87.97554804778305,10077,-5.5,42.3,-87.9,6.398089507473047
2024-05-11 08:13:00,43092005,-1.358417082447232,-1.9565407799956462,-0.7602933848988175,42.31375315313785,-87.97554804778305,10077,2.13,42.3,-87.9,6.398089507473047
2024-05-11 08:14:00,43092005,-1.3568819176537255,-2.0374287510342954,-0.6763350842731557,42.31375315313785,-87.97554804778305,10077,0.93,42.3,-87.9,6.398089507473047
2024-05-11 08:15:00,43092005,-0.6487180273092928,-1.1249521694101723,-0.17248388520841335,42.31375315313785,-87.97554804778305,10077,0.6,42.3,-87.9,6.398089507473047
2024-05-11 08:16:00,43092005,0.41911302224084046,-0.0066950009454398995,0.8449210454271208,42.31375315313785,-87.97554804778305,10077,-1.57,42.3,-87.9,6.398089507473047
2024-05-11 08:17:00,43092005,0.4695666043121685,0.21862573111317624,0.7205074775111608,42.31375315313785,-87.97554804778305,10077,-3.2,42.3,-87.9,6.398089507473047
2024-05-11 08:18:00,43092005,0.1341625617671598,-0.7679707003224492,1.0362958238567688,42.31375315313785,-87.97554804778305,10077,-2.23,42.3,-87.9,6.398089507473047
2024-05-11 08:19:00,43092005,-0.5518894514000687,-1.8798579345255053,0.7760790317253679,42.31375315313785,-87.97554804778305,10077,8.5,42.3,-87.9,6.398089507473047
2024-05-11 08:20:00,43092005,-2.7360467693411317,-5.152568329292928,-0.31952520938933615,42.31375315313785,-87.97554804778305,10077,0.22,42.3,-87.9,6.398089507473047
2024-05-11 08:21:00,43092005,-2.2146643459526145,-3.559770548410867,-0.8695581434943622,42.31375315313785,-87.97554804778305,10077,-1.82,42.3,-87.9,6.398089507473047
2024-05-11 08:22:00,43092005,-2.3410591385455657,-3.8580644449561063,-0.8240538321350253,42.31375315313785,-87.97554804778305,10077,-4.76,42.3,-87.9,6.398089507473047
2024-05-11 08:23:00,43092005,-0.7141822532337523,-1.579537002801417,0.1511724963339125,42.31375315313785,-87.97554804778305,10077,-3.68,42.3,-87.9,6.398089507473047
2024-05-11 08:24:00,43092005,0.6811389407149343,-0.22744313445071185,1.5897210158805803,42.31375315313785,-87.97554804778305,10077,9.79,42.3,-87.9,6.398089507473047
2024-05-11 08:25:00,43092005,0.7548853621986183,-0.09565849612144617,1.6054292205186829,42.31375315313785,-87.97554804778305,10077,2.51,42.3,-87.9,6.398089507473047
2024-05-11 08:26:00,43092005,0.3924989111709553,-0.9713359117103875,1.7563337340522982,42.31375315313785,-87.97554804778305,10077,-9.22,42.3,-87.9,6.398089507473047
2024-05-11 08:27:00,43092005,-1.855362957357464,-2.7666694758009576,-0.9440564389139703,42.31375315313785,-87.97554804778305,10077,-3.18,42.3,-87.9,6.398089507473047
2024-05-11 08:28:00,43092005,1.0824329719591634,-0.7316447358476457,2.8965106797659725,42.31375315313785,-87.97554804778305,10077,-1.0,42.3,-87.9,6.398089507473047
2024-05-11 08:29:00,43092005,1.457118037047056,0.06513557821234173,2.8491004958817703,42.31375315313785,-87.97554804778305,10077,-4.6,42.3,-87.9,6.398089507473047
2024-05-11 08:30:00,43092005,0.33437926003844815,-0.6819273380899822,1.3506858581668784,42.31375315313785,-87.97554804778305,10077,-4.32,42.3,-87.9,6.398089507473047
2024-05-11 08:31:00,43092005,-0.1852619133386084,-0.5927314324540786,0.2222076057768618,42.31375315313785,-87.97554804778305,10077,-6.47,42.3,-87.9,6.398089507473047
2024-05-11 08:32:00,43092005,0.8585982091519468,0.5201670945191541,1.1970293237847396,42.31375315313785,-87.97554804778305,10077,-5.8,42.3,-87.9,6.398089507473047
2024-05-11 08:33:00,43092005,3.2332772655893387,1.9443995151934965,4.522155015985181,42.31375315313785,-87.97554804778305,10077,-3.75,42.3,-87.9,6.398089507473047
2024-05-11 08:34:00,43092005,1.826124967414335,1.087554254913369,2.564695679915301,42.31375315313785,-87.97554804778305,10077,-4.42,42.3,-87.9,6.398089507473047
2024-05-11 08:35:00,43092005,0.9796422591659341,0.13557506103946226,1.8237094572924057,42.31375315313785,-87.97554804778305,10077,-6.19,42.3,-87.9,6.398089507473047
2024-05-11 08:36:00,43092005,0.6441541708595023,0.36074537568912063,0.9275629660298841,42.31375315313785,-87.97554804778305,10077,-3.19,42.3,-87.9,6.398089507473047
2024-05-11 08:37:00,43092005,-0.30350250343705776,-0.45288025867088416,-0.15412474820323135,42.31375315313785,-87.97554804778305,10077,-4.03,42.3,-87.9,6.398089507473047
2024-05-11 08:38:00,43092005,0.6430171585089194,-0.49206446739474197,1.7780987844125806,42.31375315313785,-87.97554804778305,10077,-0.12,42.3,-87.9,6.398089507473047
2024-05-11 08:39:00,43092005,1.4736622883039607,0.8365129336394145,2.110811642968507,42.31375315313785,-87.97554804778305,10077,3.63,42.3,-87.9,6.398089507473047
2024-05-11 08:40:00,43092005,1.2138719240633566,0.5197250984392011,1.9080187496875123,42.31375315313785,-87.97554804778305,10077,1.96,42.3,-87.9,6.398089507473047
2024-05-11 08:41:00,43092005,0.3482363874998345,0.09019220000652162,0.6062805749931474,42.31375315313785,-87.97554804778305,10077,5.46,42.3,-87.9,6.398089507473047
2024-05-11 08:42:00,43092005,1.2158544133872466,0.5971136966342924,1.834595130140201,42.31375315313785,-87.97554804778305,10077,12.28,42.3,-87.9,6.398089507473047
2024-05-11 08:43:00,43092005,-0.253920290629055,-1.0333418741437765,0.5255012928856666,42.31375315313785,-87.97554804778305,10077,12.53,42.3,-87.9,6.398089507473047
2024-05-11 08:44:00,43092005,0.6071817926302603,-0.1237294392292313,1.3380930244897518,42.31375315313785,-87.97554804778305,10077,5.97,42.3,-87.9,6.398089507473047
2024-05-11 08:45:00,43092005,0.8018880179502014,0.43542833775320167,1.1683476981472012,42.31375315313785,-87.97554804778305,10077,1.74,42.3,-87.9,6.398089507473047
2024-05-11 08:46:00,43092005,-1.2356457004471235,-2.472813695253813,0.0015222943595658567,42.31375315313785,-87.97554804778305,10077,-9.68,42.3,-87.9,6.398089507473047
2024-05-11 08:47:00,43092005,-0.8507042859393851,-1.1504910233544043,-0.5509175485243658,42.31375315313785,-87.97554804778305,10077,-8.21,42.3,-87.9,6.398089507473047
2024-05-11 08:48:00,43092005,-1.2027495386531777,-1.6465755167759375,-0.7589235605304179,42.31375315313785,-87.97554804778305,10077,-16.31,42.3,-87.9,6.398089507473047
2024-05-11 08:49:00,43092005,-2.2068241975809397,-3.1233309272778107,-1.2903174678840688,42.31375315313785,-87.97554804778305,10077,-20.21,42.3,-87.9,6.398089507473047
2024-05-11 08:50:00,43092005,-2.0640753102780582,-2.7984362350461924,-1.329714385509924,42.31375315313785,-87.97554804778305,10077,-15.77,42.3,-87.9,6.398089507473047
2024-05-11 08:51:00,43092005,-4.742891129993257,-6.4064897525656335,-3.079292507420881,42.31375315313785,-87.97554804778305,10077,-11.1,42.3,-87.9,6.398089507473047
2024-05-11 08:52:00,43092005,-5.797156639565203,-7.829556969313288,-3.7647563098171175,42.31375315313785,-87.97554804778305,10077,-6.76,42.3,-87.9,6.398089507473047
2024-05-11 08:53:00,43092005,-5.1767004819442155,-6.995160626455633,-3.3582403374327976,42.31375315313785,-87.97554804778305,10077,-9.44,42.3,-87.9,6.398089507473047
2024-05-11 08:54:00,43092005,-2.2427228649816753,-3.4136626280752047,-1.071783101888146,42.31375315313785,-87.97554804778305,10077,-8.48,42.3,-87.9,6.398089507473047
2024-05-11 08:55:00,43092005,-0.9743414142211073,-1.9966062955469608,0.047923467104746154,42.31375315313785,-87.97554804778305,10077,-9.76,42.3,-87.9,6.398089507473047
2024-05-11 08:56:00,43092005,-2.0531984060853348,-2.823076942706301,-1.2833198694643686,42.31375315313785,-87.97554804778305,10077,-3.67,42.3,-87.9,6.398089507473047
2024-05-11 08:57:00,43092005,-2.618908014939748,-3.954257652710178,-1.2835583771693178,42.31375315313785,-87.97554804778305,10077,5.34,42.3,-87.9,6.398089507473047
2024-05-11 08:58:00,43092005,-1.6854141976142811,-3.696541897280285,0.3257135020517228,42.31375315313785,-87.97554804778305,10077,6.76,42.3,-87.9,6.398089507473047
2024-05-11 08:59:00,43092005,-1.957844271030473,-3.9324339756154423,0.016745433554496314,42.31375315313785,-87.97554804778305,10077,11.82,42.3,-87.9,6.398089507473047
2024-05-11 09:00:00,43092005,-0.2219667250190008,-1.841031837254942,1.3970983872169405,42.31375315313785,-87.97554804778305,10077,7.75,42.3,-87.9,6.398089507473047
2024-05-11 09:01:00,43092005,0.5873641312159691,0.3762906612269391,0.7984376012049991,42.31375315313785,-87.97554804778305,10077,8.4,42.3,-87.9,6.398089507473047
2024-05-11 09:02:00,43092005,2.8316218596054497,1.786225989351202,3.8770177298596975,42.31375315313785,-87.97554804778305,10077,12.38,42.3,-87.9,6.398089507473047
2024-05-11 09:03:00,43092005,1.6557138652953887,1.0747400482008844,2.236687682389893,42.31375315313785,-87.97554804778305,10077,12.15,42.3,-87.9,6.398089507473047
2024-05-11 09:04:00,43092005,-0.9056461524769178,-1.2326626084244126,-0.5786296965294231,42.31375315313785,-87.97554804778305,10077,18.64,42.3,-87.9,6.398089507473047
2024-05-11 09:05:00,43092005,-1.8021265263190693,-2.7482518026872693,-0.8560012499508691,42.31375315313785,-87.97554804778305,10077,10.96,42.3,-87.9,6.398089507473047
2024-05-11 09:06:00,43092005,0.846488627913247,-0.1594777583237713,1.8524550141502654,42.31375315313785,-87.97554804778305,10077,8.34,42.3,-87.9,6.398089507473047
2024-05-11 09:07:00,43092005,-0.04673785201171576,-1.6489623451404023,1.555486641116971,42.31375315313785,-87.97554804778305,10077,7.95,42.3,-87.9,6.398089507473047
2024-05-11 09:08:00,43092005,-1.2795985369828708,-1.755326793913978,-0.8038702800517636,42.31375315313785,-87.97554804778305,10077,7.9,42.3,-87.9,6.398089507473047
2024-05-11 09:09:00,43092005,0.9079947427576315,-1.4236285531376351,3.239618038652898,42.31375315313785,-87.97554804778305,10077,-0.04,42.3,-87.9,6.398089507473047
2024-05-11 09:10:00,43092005,0.064602598927943,-1.006897599098466,1.1361027969543522,42.31375315313785,-87.97554804778305,10077,-7.89,42.3,-87.9,6.398089507473047
2024-05-11 09:11:00,43092005,-1.152604981659349,-1.78251568784201,-0.5226942754766881,42.31375315313785,-87.97554804778305,10077,-2.74,42.3,-87.9,6.398089507473047
2024-05-11 09:12:00,43092005,-1.6138046724770807,-2.5153254383829737,-0.7122839065711877,42.31375315313785,-87.97554804778305,10077,-9.43,42.3,-87.9,6.398089507473047
2024-05-11 09:13:00,43092005,-2.3689430876352584,-3.695746294055621,-1.0421398812148959,42.31375315313785,-87.97554804778305,10077,-5.75,42.3,-87.9,6.398089507473047
2024-05-11 09:14:00,43092005,-2.227119483165723,-3.315251192866321,-1.1389877734651253,42.31375315313785,-87.97554804778305,10077,-9.23,42.3,-87.9,6.398089507473047
2024-05-11 09:15:00,43092005,-0.38890879623830277,-1.816574115496996,1.0387565230203903,42.31375315313785,-87.97554804778305,10077,-14.68,42.3,-87.9,6.398089507473047
2024-05-11 09:16:00,43092005,1.1614640993763456,-0.46760709426179314,2.7905352930144844,42.31375315313785,-87.97554804778305,10077,-12.3,42.3,-87.9,6.398089507473047
2024-05-11 09:17:00,43092005,2.7039428380198944,0.7375500291064965,4.670335646933292,42.31375315313785,-87.97554804778305,10077,-13.76,42.3,-87.9,6.398089507473047
2024-05-11 09:18:00,43092005,2.058445211938748,0.5280130154999076,3.5888774083775887,42.31375315313785,-87.97554804778305,10077,-15.37,42.3,-87.9,6.398089507473047
2024-05-11 09:19:00,43092005,0.6788607021979506,-0.5321878602421825,1.8899092646380837,42.31375315313785,-87.97554804778305,10077,-10.79,42.3,-87.9,6.398089507473047
2024-05-11 09:20:00,43092005,-1.2182324127105058,-3.4654900909682755,1.029025265547264,42.31375315313785,-87.97554804778305,10077,-13.73,42.3,-87.9,6.398089507473047
2024-05-11 09:21:00,43092005,0.04991019021666884,-1.3723534069889158,1.4721737874222534,42.31375315313785,-87.97554804778305,10077,-3.08,42.3,-87.9,6.398089507473047
2024-05-11 09:22:00,43092005,-0.047632212767139595,-1.4787074977037917,1.3834430721695126,42.31375315313785,-87.97554804778305,10077,-7.67,42.3,-87.9,6.398089507473047
2024-05-11 09:23:00,43092005,0.09057417926383289,-0.8527766104532781,1.033924968980944,42.31375315313785,-87.97554804778305,10077,-3.44,42.3,-87.9,6.398089507473047
2024-05-11 09:24:00,43092005,-1.3736310346906346,-2.026818126852342,-0.7204439425289273,42.31375315313785,-87.97554804778305,10077,-2.3,42.3,-87.9,6.398089507473047
2024-05-11 09:25:00,43092005,-2.806417224326528,-3.8958659424787387,-1.7169685061743176,42.31375315313785,-87.97554804778305,10077,-3.47,42.3,-87.9,6.398089507473047
2024-05-11 09:26:00,43092005,0.4462593787881945,-0.19492039295586533,1.0874391505322543,42.31375315313785,-87.97554804778305,10077,-11.07,42.3,-87.9,6.398089507473047
2024-05-11 09:27:00,43092005,3.6831799256323574,2.312958346438931,5.053401504825784,42.31375315313785,-87.97554804778305,10077,-3.2,42.3,-87.9,6.398089507473047
2024-05-11 09:28:00,43092005,2.0872529462530722,1.044013544705451,3.1304923478006934,42.31375315313785,-87.97554804778305,10077,0.88,42.3,-87.9,6.398089507473047
2024-05-11 09:29:00,43092005,1.5624907516447224,0.9552405703156261,2.1697409329738186,42.31375315313785,-87.97554804778305,10077,-0.36,42.3,-87.9,6.398089507473047
2024-05-11 09:30:00,43092005,0.6767491203427016,0.36929682902771593,0.9842014116576874,42.31375315313785,-87.97554804778305,10077,-5.35,42.3,-87.9,6.398089507473047
2024-05-11 09:31:00,43092005,0.15641769695382818,-0.09099098403153988,0.40382637793919623,42.31375315313785,-87.97554804778305,10077,-8.07,42.3,-87.9,6.398089507473047
2024-05-11 09:32:00,43092005,-0.03595283844763965,-0.258249396897587,0.18634372000230776,42.31375315313785,-87.97554804778305,10077,-1.88,42.3,-87.9,6.398089507473047
2024-05-11 09:33:00,43092005,-1.0367090186949721,-1.6131484016840583,-0.46026963570588586,42.31375315313785,-87.97554804778305,10077,3.74,42.3,-87.9,6.398089507473047
2024-05-11 09:34:00,43092005,0.9273095678976903,0.23194864758045663,1.6226704882149239,42.31375315313785,-87.97554804778305,10077,3.75,42.3,-87.9,6.398089507473047
2024-05-11 09:35:00,43092005,-3.6151641200210216,-5.269849772005136,-1.9604784680369072,42.31375315313785,-87.97554804778305,10077,-1.2,42.3,-87.9,6.398089507473047
2024-05-11 09:36:00,43092005,-8.857675347113071,-12.089513386086972,-5.62583730813917,42.31375315313785,-87.97554804778305,10077,-1.18,42.3,-87.9,6.398089507473047
2024-05-11 09:37:00,43092005,-10.65872147447782,-14.394405433135569,-6.923037515820072,42.31375315313785,-87.97554804778305,10077,-3.2,42.3,-87.9,6.398089507473047
2024-05-11 09:38:00,43092005,-7.7274284571932075,-10.46080638006401,-4.994050534322405,42.31375315313785,-87.97554804778305,10077,-7.12,42.3,-87.9,6.398089507473047
2024-05-11 09:39:00,43092005,-5.533322870731354,-7.527125229799171,-3.539520511663537,42.31375315313785,-87.97554804778305,10077,-6.63,42.3,-87.9,6.398089507473047
2024-05-11 09:40:00,43092005,-7.657928325478594,-10.365557759498227,-4.950298891458961,42.31375315313785,-87.97554804778305,10077,-6.72,42.3,-87.9,6.398089507473047
2024-05-11 09:41:00,43092005,-0.798317687011751,-1.0836949352822356,-0.5129404387412664,42.31375315313785,-87.97554804778305,10077,-7.08,42.3,-87.9,6.398089507473047
2024-05-11 09:42:00,43092005,-2.0139742114004635,-2.9824846041612645,-1.0454638186396625,42.31375315313785,-87.97554804778305,10077,-1.07,42.3,-87.9,6.398089507473047
2024-05-11 09:43:00,43092005,-0.4387970636377022,-1.4723521980498377,0.5947580707744334,42.31375315313785,-87.97554804778305,10077,0.1,42.3,-87.9,6.398089507473047
2024-05-11 09:44:00,43092005,-2.4504673445987093,-4.70850608706421,-0.19242860213320823,42.31375315313785,-87.97554804778305,10077,-6.08,42.3,-87.9,6.398089507473047
2024-05-11 09:45:00,43092005,-1.9010453583453233,-2.5675181395490094,-1.2345725771416372,42.31375315313785,-87.97554804778305,10077,1.97,42.3,-87.9,6.398089507473047
2024-05-11 09:46:00,43092005,0.42414630401849207,0.004731346300057282,0.8435612617369268,42.31375315313785,-87.97554804778305,10077,-2.34,42.3,-87.9,6.398089507473047
2024-05-11 09:47:00,43092005,0.44137139999299524,-0.34912597096603304,1.2318687709520235,42.31375315313785,-87.97554804778305,10077,-0.38,42.3,-87.9,6.398089507473047
2024-05-11 09:48:00,43092005,-0.4736107884740508,-1.3514822227364762,0.4042606457883745,42.31375315313785,-87.97554804778305,10077,-1.86,42.3,-87.9,6.398089507473047
2024-05-11 09:49:00,43092005,-0.6536998170927485,-1.2859049117308121,-0.021494722454684867,42.31375315313785,-87.97554804778305,10077,3.53,42.3,-87.9,6.398089507473047
2024-05-11 09:50:00,43092005,3.144735029653499,1.7302228159527682,4.55924724335423,42.31375315313785,-87.97554804778305,10077,-2.63,42.3,-87.9,6.398089507473047
2024-05-11 09:51:00,43092005,4.413788494759036,2.8647342630184416,5.96284272649963,42.31375315313785,-87.97554804778305,10077,0.21,42.3,-87.9,6.398089507473047
2024-05-11 09:52:00,43092005,3.219792214924829,2.034802160839708,4.404782269009949,42.31375315313785,-87.97554804778305,10077,-0.3,42.3,-87.9,6.398089507473047
2024-05-11 09:53:00,43092005,-1.1422454801044966,-1.543575046526528,-0.7409159136824649,42.31375315313785,-87.97554804778305,10077,2.13,42.3,-87.9,6.398089507473047
2024-05-11 09:54:00,43092005,-2.96806198276374,-4.178191774208769,-1.7579321913187103,42.31375315313785,-87.97554804778305,10077,0.47,42.3,-87.9,6.398089507473047
2024-05-11 09:55:00,43092005,-0.7458682593733147,-1.075958600373667,-0.4157779183729624,42.31375315313785,-87.97554804778305,10077,-3.65,42.3,-87.9,6.398089507473047
2024-05-11 09:56:00,43092005,2.2771536737008202,1.0173263058268294,3.536981041574811,42.31375315313785,-87.97554804778305,10077,3.9,42.3,-87.9,6.398089507473047
2024-05-11 09:57:00,43092005,2.9961608551199874,1.7523730889506588,4.239948621289316,42.31375315313785,-87.97554804778305,10077,0.44,42.3,-87.9,6.398089507473047
2024-05-11 09:58:00,43092005,7.946618947170133,5.060330193614421,10.832907700725846,42.31375315313785,-87.97554804778305,10077,-0.91,42.3,-87.9,6.398089507473047
2024-05-11 09:59:00,43092005,4.80368291315877,3.0302827848289575,6.577083041488583,42.31375315313785,-87.97554804778305,10077,-4.38,42.3,-87.9,6.398089507473047
2024-05-11 10:00:00,43092005,2.9971352976217007,1.5535392754328494,4.440731319810552,42.31375315313785,-87.97554804778305,10077,-0.02,42.3,-87.9,6.398089507473047
2024-05-11 10:01:00,43092005,3.4143477059097815,2.0879745055684134,4.74072090625115,42.31375315313785,-87.97554804778305,10077,-0.92,42.3,-87.9,6.398089507473047
2024-05-11 10:02:00,43092005,0.9788239248713156,0.5847108657729696,1.3729369839696617,42.31375315313785,-87.97554804778305,10077,-2.45,42.3,-87.9,6.398089507473047
2024-05-11 10:03:00,43092005,1.603943785896436,0.3191319910660102,2.888755580726862,42.31375315313785,-87.97554804778305,10077,-1.26,42.3,-87.9,6.398089507473047
2024-05-11 10:04:00,43092005,-0.19486023826470783,-1.1848945813053846,0.7951741047759691,42.31375315313785,-87.97554804778305,10077,-1.77,42.3,-87.9,6.398089507473047
2024-05-11 10:05:00,43092005,-3.0725342704538714,-4.217262935706916,-1.9278056052008261,42.31375315313785,-87.97554804778305,10077,-1.72,42.3,-87.9,6.398089507473047
2024-05-11 10:06:00,43092005,-2.3492006384265753,-3.275096646445217,-1.4233046304079338,42.31375315313785,-87.97554804778305,10077,0.31,42.3,-87.9,6.398089507473047
2024-05-11 10:07:00,43092005,-0.6675308866141584,-0.9691399755059853,-0.36592179772233147,42.31375315313785,-87.97554804778305,10077,-5.96,42.3,-87.9,6.398089507473047
2024-05-11 10:08:00,43092005,-0.7848642645753864,-1.1066838093487026,-0.46304471980207024,42.31375315313785,-87.97554804778305,10077,-3.62,42.3,-87.9,6.398089507473047
2024-05-11 10:09:00,43092005,-0.5687975529347894,-0.961931015433451,-0.17566409043612768,42.31375315313785,-87.97554804778305,10077,0.12,42.3,-87.9,6.398089507473047
2024-05-11 10:10:00,43092005,1.6322587030125142,0.9001668306723019,2.3643505753527263,42.31375315313785,-87.97554804778305,10077,0.21,42.3,-87.9,6.398089507473047
2024-05-11 10:11:00,43092005,2.9589468107038273,1.6397680834009523,4.2781255380067025,42.31375315313785,-87.97554804778305,10077,-2.06,42.3,-87.9,6.398089507473047
2024-05-11 10:12:00,43092005,4.015846692529836,2.3614518365435497,5.670241548516122,42.31375315313785,-87.97554804778305,10077,-2.87,42.3,-87.9,6.398089507473047
2024-05-11 10:13:00,43092005,2.408078384802754,1.5016726288902937,3.314484140715214,42.31375315313785,-87.97554804778305,10077,-1.36,42.3,-87.9,6.398089507473047
2024-05-11 10:14:00,43092005,1.8990250390424466,1.1112943136284497,2.6867557644564437,42.31375315313785,-87.97554804778305,10077,-2.75,42.3,-87.9,6.398089507473047
2024-05-11 10:15:00,43092005,0.053334858637182084,-0.2028107849554991,0.30948050222986323,42.31375315313785,-87.97554804778305,10077,-0.44,42.3,-87.9,6.398089507473047
2024-05-11 10:16:00,43092005,0.4440624074039416,0.21237028648489167,0.6757545283229915,42.31375315313785,-87.97554804778305,10077,-0.07,42.3,-87.9,6.398089507473047
2024-05-11 10:17:00,43092005,0.05925047590880465,0.037756420368835475,0.08074453144877383,42.31375315313785,-87.97554804778305,10077,-1.48,42.3,-87.9,6.398089507473047
2024-05-11 10:18:00,43092005,-1.6811243987594706,-2.6726327283652305,-0.689616069153711,42.31375315313785,-87.97554804778305,10077,-1.25,42.3,-87.9,6.398089507473047
2024-05-11 10:19:00,43092005,-1.3783350916285264,-1.9448859150171358,-0.811784268239917,42.31375315313785,-87.97554804778305,10077,7.76,42.3,-87.9,6.398089507473047
2024-05-11 10:20:00,43092005,1.7184444774212992,1.1156976106799357,2.3211913441626626,42.31375315313785,-87.97554804778305,10077,0.27,42.3,-87.9,6.398089507473047
2024-05-11 10:21:00,43092005,3.1653933698372136,2.017218213557883,4.313568526116544,42.31375315313785,-87.97554804778305,10077,-0.17,42.3,-87.9,6.398089507473047
2024-05-11 10:22:00,43092005,2.3232669948336473,1.4715915461145275,3.174942443552767,42.31375315313785,-87.97554804778305,10077,4.61,42.3,-87.9,6.398089507473047
2024-05-11 10:23:00,43092005,1.3930095347172038,0.8638968141347595,1.922122255299648,42.31375315313785,-87.97554804778305,10077,1.12,42.3,-87.9,6.398089507473047
2024-05-11 10:24:00,43092005,3.591714111261798,2.1336368539411463,5.04979136858245,42.31375315313785,-87.97554804778305,10077,1.2,42.3,-87.9,6.398089507473047
2024-05-11 10:25:00,43092005,2.0494193861956584,1.2016011513169949,2.8972376210743223,42.31375315313785,-87.97554804778305,10077,2.42,42.3,-87.9,6.398089507473047
2024-05-11 10:26:00,43092005,1.6583611254853414,1.043096868970673,2.27362538200001,42.31375315313785,-87.97554804778305,10077,2.67,42.3,-87.9,6.398089507473047
2024-05-11 10:27:00,43092005,1.231534633682784,0.7860837131224212,1.6769855542431467,42.31375315313785,-87.97554804778305,10077,-0.46,42.3,-87.9,6.398089507473047
2024-05-11 10:28:00,43092005,2.3625927982025576,1.4272882747589999,3.2978973216461154,42.31375315313785,-87.97554804778305,10077,-0.32,42.3,-87.9,6.398089507473047
2024-05-11 10:29:00,43092005,1.9667407673104365,1.2339458994811183,2.6995356351397546,42.31375315313785,-87.97554804778305,10077,1.56,42.3,-87.9,6.398089507473047
2024-05-11 10:30:00,43092005,2.396689980176457,1.4986675775095293,3.294712382843385,42.31375315313785,-87.97554804778305,10077,0.76,42.3,-87.9,6.398089507473047
2024-05-11 10:31:00,43092005,1.683885335623471,1.088537319260022,2.27923335198692,42.31375315313785,-87.97554804778305,10077,-2.22,42.3,-87.9,6.398089507473047
2024-05-11 10:32:00,43092005,4.356982619093175,2.7817647391733393,5.932200499013011,42.31375315313785,-87.97554804778305,10077,-3.47,42.3,-87.9,6.398089507473047
2024-05-11 10:33:00,43092005,3.134897777236494,1.8789920885167735,4.390803465956214,42.31375315313785,-87.97554804778305,10077,2.24,42.3,-87.9,6.398089507473047
2024-05-11 10:34:00,43092005,-1.5871368228343494,-2.1799121731924136,-0.9943614724762851,42.31375315313785,-87.97554804778305,10077,-6.19,42.3,-87.9,6.398089507473047
2024-05-11 10:35:00,43092005,-2.472431990661119,-3.4736454684019233,-1.471218512920315,42.31375315313785,-87.97554804778305,10077,-6.07,42.3,-87.9,6.398089507473047
2024-05-11 10:36:00,43092005,-3.469738350924394,-4.6888737134217635,-2.2506029884270244,42.31375315313785,-87.97554804778305,10077,-2.11,42.3,-87.9,6.398089507473047
2024-05-11 10:37:00,43092005,-4.3546270120114015,-5.913243169250686,-2.7960108547721165,42.31375315313785,-87.97554804778305,10077,-4.16,42.3,-87.9,6.398089507473047
2024-05-11 10:38:00,43092005,-3.70978467805045,-5.071678503147169,-2.347890852953731,42.31375315313785,-87.97554804778305,10077,-0.59,42.3,-87.9,6.398089507473047
2024-05-11 10:39:00,43092005,-2.068547215079305,-2.848735574290854,-1.2883588558677563,42.31375315313785,-87.97554804778305,10077,0.47,42.3,-87.9,6.398089507473047
2024-05-11 10:40:00,43092005,-0.610333283760942,-0.8518848390420126,-0.3687817284798713,42.31375315313785,-87.97554804778305,10077,-4.0,42.3,-87.9,6.398089507473047
2024-05-11 10:41:00,43092005,3.1803385678090548,1.991572574068376,4.369104561549733,42.31375315313785,-87.97554804778305,10077,7.27,42.3,-87.9,6.398089507473047
2024-05-11 10:42:00,43092005,1.5616175075044696,-0.5131319092024587,3.636366924211398,42.31375315313785,-87.97554804778305,10077,-3.24,42.3,-87.9,6.398089507473047
2024-05-11 10:43:00,43092005,3.43563517412745,2.1541860170702707,4.717084331184629,42.31375315313785,-87.97554804778305,10077,-7.74,42.3,-87.9,6.398089507473047
2024-05-11 10:44:00,43092005,2.826393500754708,1.7855959092731144,3.8671910922363013,42.31375315313785,-87.97554804778305,10077,1.49,42.3,-87.9,6.398089507473047
2024-05-11 10:45:00,43092005,-0.5471060634684051,-2.086497848108931,0.9922857211721212,42.31375315313785,-87.97554804778305,10077,-0.38,42.3,-87.9,6.398089507473047
2024-05-11 10:46:00,43092005,-0.30200064885325,-0.424263379817321,-0.179737917889179,42.31375315313785,-87.97554804778305,10077,0.27,42.3,-87.9,6.398089507473047
2024-05-11 10:47:00,43092005,3.4991206144330493,2.1918290677539973,4.806412161112101,42.31375315313785,-87.97554804778305,10077,-7.39,42.3,-87.9,6.398089507473047
2024-05-11 10:48:00,43092005,1.110389405795995,-0.24595873713191208,2.466737548723902,42.31375315313785,-87.97554804778305,10077,-0.92,42.3,-87.9,6.398089507473047
2024-05-11 10:49:00,43092005,0.3201487740282352,0.18562547558459902,0.4546720724718714,42.31375315313785,-87.97554804778305,10077,-3.36,42.3,-87.9,6.398089507473047
2024-05-11 10:50:00,43092005,-2.4869198977648463,-3.3600637575928585,-1.6137760379368342,42.31375315313785,-87.97554804778305,10077,-4.16,42.3,-87.9,6.398089507473047
2024-05-11 10:51:00,43092005,0.6116602923201728,0.2800891346606558,0.9432314499796899,42.31375315313785,-87.97554804778305,10077,-0.71,42.3,-87.9,6.398089507473047
2024-05-11 10:52:00,43092005,-1.5277800058810633,-2.0910476042036628,-0.964512407558464,42.31375315313785,-87.97554804778305,10077,-2.95,42.3,-87.9,6.398089507473047
2024-05-11 10:53:00,43092005,-0.7896011399856785,-1.3133825729425008,-0.26581970702885616,42.31375315313785,-87.97554804778305,10077,-1.41,42.3,-87.9,6.398089507473047
2024-05-11 10:54:00,43092005,-1.6904733448399039,-2.318188628288433,-1.062758061391375,42.31375315313785,-87.97554804778305,10077,-1.47,42.3,-87.9,6.398089507473047
2024-05-11 10:55:00,43092005,-3.278238726140264,-4.535982513656666,-2.0204949386238615,42.31375315313785,-87.97554804778305,10077,-3.83,42.3,-87.9,6.398089507473047
2024-05-11 10:56:00,43092005,-1.880501218233491,-2.5421683626229092,-1.2188340738440728,42.31375315313785,-87.97554804778305,10077,-4.62,42.3,-87.9,6.398089507473047
2024-05-11 10:57:00,43092005,-4.720457429425759,-6.38422963027077,-3.0566852285807466,42.31375315313785,-87.97554804778305,10077,-4.23,42.3,-87.9,6.398089507473047
2024-05-11 10:58:00,43092005,-3.2829851251198234,-4.433865220087126,-2.132105030152521,42.31375315313785,-87.97554804778305,10077,-3.43,42.3,-87.9,6.398089507473047
2024-05-11 10:59:00,43092005,-3.901395721094949,-5.28352391745898,-2.5192675247309184,42.31375315313785,-87.97554804778305,10077,-1.83,42.3,-87.9,6.398089507473047
2024-05-11 11:00:00,43092005,-3.7147254939366103,-5.023191447703948,-2.4062595401692723,42.31375315313785,-87.97554804778305,10077,-5.48,42.3,-87.9,6.398089507473047
2024-05-11 11:01:00,43092005,-2.0562658444009627,-2.875666752423121,-1.2368649363788042,42.31375315313785,-87.97554804778305,10077,-0.87,42.3,-87.9,6.398089507473047
2024-05-11 11:02:00,43092005,-3.474704122782351,-4.741434011091633,-2.2079742344730686,42.31375315313785,-87.97554804778305,10077,-4.65,42.3,-87.9,6.398089507473047
2024-05-11 11:03:00,43092005,-3.4448954113443992,-4.655203277126984,-2.2345875455618147,42.31375315313785,-87.97554804778305,10077,-0.55,42.3,-87.9,6.398089507473047
2024-05-11 11:04:00,43092005,-1.5000721396210797,-2.0475677586735093,-0.9525765205686502,42.31375315313785,-87.97554804778305,10077,-0.07,42.3,-87.9,6.398089507473047
2024-05-11 11:05:00,43092005,1.2137615847025525,0.4857085379296384,1.9418146314754665,42.31375315313785,-87.97554804778305,10077,-0.07,42.3,-87.9,6.398089507473047
2024-05-11 11:06:00,43092005,1.248010397592284,0.7764424145325224,1.7195783806520457,42.31375315313785,-87.97554804778305,10077,1.74,42.3,-87.9,6.398089507473047
2024-05-11 11:07:00,43092005,3.4896893224172425,2.265970236413616,4.713408408420869,42.31375315313785,-87.97554804778305,10077,-1.28,42.3,-87.9,6.398089507473047
2024-05-11 11:08:00,43092005,2.0068049452508006,1.2903345995299915,2.7232752909716096,42.31375315313785,-87.97554804778305,10077,-2.49,42.3,-87.9,6.398089507473047
2024-05-11 11:09:00,43092005,2.21198840936025,1.4121314870328088,3.011845331687691,42.31375315313785,-87.97554804778305,10077,-3.31,42.3,-87.9,6.398089507473047
2024-05-11 11:10:00,43092005,1.8928561572144205,1.229213430437371,2.5564988839914697,42.31375315313785,-87.97554804778305,10077,-1.88,42.3,-87.9,6.398089507473047
2024-05-11 11:11:00,43092005,1.4462556887539406,0.939165425903321,1.9533459516045601,42.31375315313785,-87.97554804778305,10077,-3.76,42.3,-87.9,6.398089507473047
2024-05-11 11:12:00,43092005,1.140154135891967,0.7171813621361343,1.5631269096477995,42.31375315313785,-87.97554804778305,10077,-2.56,42.3,-87.9,6.398089507473047
2024-05-11 11:13:00,43092005,1.5064405226020288,0.9482834264788511,2.064597618725206,42.31375315313785,-87.97554804778305,10077,-1.23,42.3,-87.9,6.398089507473047
2024-05-11 11:14:00,43092005,1.1101772698916887,0.6880446050624526,1.5323099347209248,42.31375315313785,-87.97554804778305,10077,-3.3,42.3,-87.9,6.398089507473047
2024-05-11 11:15:00,43092005,1.2240571505145024,0.7533425856095909,1.6947717154194137,42.31375315313785,-87.97554804778305,10077,-2.43,42.3,-87.9,6.398089507473047
2024-05-11 11:16:00,43092005,-0.04858843284166328,-0.25761368071784163,0.1604368150345151,42.31375315313785,-87.97554804778305,10077,-3.78,42.3,-87.9,6.398089507473047
2024-05-11 11:17:00,43092005,-0.379162988029823,-0.7148042044206422,-0.04352177163900378,42.31375315313785,-87.97554804778305,10077,-2.2,42.3,-87.9,6.398089507473047
2024-05-11 11:18:00,43092005,0.33468107000124037,0.10350351787587389,0.5658586221266069,42.31375315313785,-87.97554804778305,10077,-1.6,42.3,-87.9,6.398089507473047
2024-05-11 11:19:00,43092005,0.9263773936714975,0.42149265874340824,1.4312621285995868,42.31375315313785,-87.97554804778305,10077,-1.75,42.3,-87.9,6.398089507473047
2024-05-11 11:20:00,43092005,1.3002781584522778,0.798726507064474,1.8018298098400816,42.31375315313785,-87.97554804778305,10077,-3.24,42.3,-87.9,6.398089507473047
2024-05-11 11:21:00,43092005,1.1152516366694505,0.7142948600710901,1.5162084132678109,42.31375315313785,-87.97554804778305,10077,-0.31,42.3,-87.9,6.398089507473047
2024-05-11 11:22:00,43092005,2.331904791500933,1.493967537066911,3.169842045934955,42.31375315313785,-87.97554804778305,10077,0.84,42.3,-87.9,6.398089507473047
2024-05-11 11:23:00,43092005,1.7638187383425266,1.1065847312199646,2.4210527454650883,42.31375315313785,-87.97554804778305,10077,-2.67,42.3,-87.9,6.398089507473047
2024-05-11 11:24:00,43092005,0.3780451623214068,0.2034109163550917,0.5526794082877219,42.31375315313785,-87.97554804778305,10077,-1.12,42.3,-87.9,6.398089507473047
2024-05-11 11:25:00,43092005,-2.294723714354044,-3.1098911043092152,-1.4795563243988732,42.31375315313785,-87.97554804778305,10077,-0.15,42.3,-87.9,6.398089507473047
2024-05-11 11:26:00,43092005,-2.5858930040869796,-3.495904389194767,-1.6758816189791923,42.31375315313785,-87.97554804778305,10077,4.1,42.3,-87.9,6.398089507473047
2024-05-11 11:27:00,43092005,-0.10642171817899385,-0.8007629681184059,0.5879195317604182,42.31375315313785,-87.97554804778305,10077,1.13,42.3,-87.9,6.398089507473047
2024-05-11 11:28:00,43092005,-0.4794518661977493,-1.397499721477056,0.4385959890815572,42.31375315313785,-87.97554804778305,10077,2.8,42.3,-87.9,6.398089507473047
2024-05-11 11:29:00,43092005,2.0012095962770116,0.9392181515409974,3.0632010410130257,42.31375315313785,-87.97554804778305,10077,-1.64,42.3,-87.9,6.398089507473047
2024-05-11 11:30:00,43092005,2.1769831812844838,1.1525777384465363,3.201388624122431,42.31375315313785,-87.97554804778305,10077,5.31,42.3,-87.9,6.398089507473047
2024-05-11 11:31:00,43092005,-0.9079700869941071,-1.8747074396748826,0.05876726568666846,42.31375315313785,-87.97554804778305,10077,1.07,42.3,-87.9,6.398089507473047
2024-05-11 11:32:00,43092005,-3.0377409361060104,-4.200144219494226,-1.8753376527177943,42.31375315313785,-87.97554804778305,10077,-0.07,42.3,-87.9,6.398089507473047
2024-05-11 11:33:00,43092005,0.977772529972227,0.2031173494446209,1.7524277104998331,42.31375315313785,-87.97554804778305,10077,2.1,42.3,-87.9,6.398089507473047
2024-05-11 11:34:00,43092005,1.4019498445597953,0.5356514324578933,2.2682482566616975,42.31375315313785,-87.97554804778305,10077,6.09,42.3,-87.9,6.398089507473047
2024-05-11 11:35:00,43092005,5.2559892569568225,3.188710773238421,7.323267740675224,42.31375315313785,-87.97554804778305,10077,-3.53,42.3,-87.9,6.398089507473047
2024-05-11 11:36:00,43092005,5.217032000534516,3.236446186680319,7.197617814388713,42.31375315313785,-87.97554804778305,10077,-0.11,42.3,-87.9,6.398089507473047
2024-05-11 11:37:00,43092005,4.242812256914632,2.262771163220714,6.222853350608549,42.31375315313785,-87.97554804778305,10077,-1.93,42.3,-87.9,6.398089507473047
2024-05-11 11:38:00,43092005,0.6534449223400955,0.038969273765873336,1.2679205709143178,42.31375315313785,-87.97554804778305,10077,-2.26,42.3,-87.9,6.398089507473047
2024-05-11 11:39:00,43092005,1.31088398570629,0.7504349854469191,1.8713329859656609,42.31375315313785,-87.97554804778305,10077,-1.83,42.3,-87.9,6.398089507473047
2024-05-11 11:40:00,43092005,1.2706687026155323,0.8159140890993535,1.7254233161317112,42.31375315313785,-87.97554804778305,10077,0.11,42.3,-87.9,6.398089507473047
2024-05-11 11:41:00,43092005,0.831515320361257,-0.0364863631978225,1.6995170039203364,42.31375315313785,-87.97554804778305,10077,2.0,42.3,-87.9,6.398089507473047
2024-05-11 11:42:00,43092005,-0.18979738182639166,-0.4682879567826521,0.08869319312986879,42.31375315313785,-87.97554804778305,10077,0.49,42.3,-87.9,6.398089507473047
2024-05-11 11:43:00,43092005,-0.23307038616935516,-0.3622086680491123,-0.10393210428959804,42.31375315313785,-87.97554804778305,10077,-0.41,42.3,-87.9,6.398089507473047
2024-05-11 11:44:00,43092005,-0.4931135426805282,-0.6964644012114756,-0.28976268414958084,42.31375315313785,-87.97554804778305,10077,-1.06,42.3,-87.9,6.398089507473047
2024-05-11 11:45:00,43092005,-0.6631437532585067,-0.897135432501285,-0.4291520740157284,42.31375315313785,-87.97554804778305,10077,-1.63,42.3,-87.9,6.398089507473047
2024-05-11 11:46:00,43092005,0.7412843085810271,0.07056728839915127,1.412001328762903,42.31375315313785,-87.97554804778305,10077,0.17,42.3,-87.9,6.398089507473047
2024-05-11 11:47:00,43092005,0.9447998300493511,0.5126952654003245,1.3769043946983777,42.31375315313785,-87.97554804778305,10077,0.6,42.3,-87.9,6.398089507473047
2024-05-11 11:48:00,43092005,-3.0467389385801806,-4.123259384395874,-1.970218492764487,42.31375315313785,-87.97554804778305,10077,-2.11,42.3,-87.9,6.398089507473047
2024-05-11 11:49:00,43092005,-1.910239529602211,-2.8254443640964566,-0.9950346951079654,42.31375315313785,-87.97554804778305,10077,-1.52,42.3,-87.9,6.398089507473047
2024-05-11 11:50:00,43092005,-0.1723395375344368,-0.3613624554808039,0.01668338041193032,42.31375315313785,-87.97554804778305,10077,-1.04,42.3,-87.9,6.398089507473047
2024-05-11 11:51:00,43092005,2.019757082513102,1.1324242259069277,2.907089939119276,42.31375315313785,-87.97554804778305,10077,0.67,42.3,-87.9,6.398089507473047
2024-05-11 11:52:00,43092005,4.602776197114385,2.9814344922502594,6.22411790197851,42.31375315313785,-87.97554804778305,10077,-1.04,42.3,-87.9,6.398089507473047
2024-05-11 11:53:00,43092005,3.9401368700472035,2.5085537838491327,5.371719956245274,42.31375315313785,-87.97554804778305,10077,-3.17,42.3,-87.9,6.398089507473047
2024-05-11 11:54:00,43092005,3.801830803690698,2.4668003062426287,5.136861301138767,42.31375315313785,-87.97554804778305,10077,-0.83,42.3,-87.9,6.398089507473047
2024-05-11 11:55:00,43092005,1.0848303615374673,0.6626076089640607,1.5070531141108738,42.31375315313785,-87.97554804778305,10077,-4.44,42.3,-87.9,6.398089507473047
2024-05-11 11:56:00,43092005,0.1378689614733807,0.07915806571219956,0.19657985723456184,42.31375315313785,-87.97554804778305,10077,-3.81,42.3,-87.9,6.398089507473047
2024-05-11 11:57:00,43092005,-0.032575452218439375,-0.3026750911694061,0.23752418673252734,42.31375315313785,-87.97554804778305,10077,-1.99,42.3,-87.9,6.398089507473047
2024-05-11 11:58:00,43092005,-1.655340538399859,-2.2961412422466334,-1.0145398345530845,42.31375315313785,-87.97554804778305,10077,-0.92,42.3,-87.9,6.398089507473047
2024-05-11 11:59:00,43092005,-1.8815810713627583,-2.6069896707514397,-1.1561724719740767,42.31375315313785,-87.97554804778305,10077,-3.31,42.3,-87.9,6.398089507473047
2024-05-11 12:00:00,43092005,-1.6066992808329432,-2.1783608927909803,-1.0350376688749061,42.31375315313785,-87.97554804778305,10077,-1.1,42.3,-87.9,6.398089507473047
2024-05-11 12:01:00,43092005,-1.901336848287654,-2.5823309979188407,-1.2203426986564674,42.31375315313785,-87.97554804778305,10077,-3.99,42.3,-87.9,6.398089507473047
2024-05-11 12:02:00,43092005,-0.43050657631712674,-0.7258336367341796,-0.13517951590007388,42.31375315313785,-87.97554804778305,10077,-4.86,42.3,-87.9,6.398089507473047
2024-05-11 12:03:00,43092005,-1.1081501149518747,-1.5423291666541885,-0.6739710632495608,42.31375315313785,-87.97554804778305,10077,-4.32,42.3,-87.9,6.398089507473047
2024-05-11 12:04:00,43092005,1.5001013954555182,0.8131919436648118,2.1870108472462246,42.31375315313785,-87.97554804778305,10077,2.04,42.3,-87.9,6.398089507473047
2024-05-11 12:05:00,43092005,-0.11143731676730068,-0.20203481755208563,-0.020839815982515705,42.31375315313785,-87.97554804778305,10077,-4.44,42.3,-87.9,6.398089507473047
2024-05-11 12:06:00,43092005,0.09832751903165825,-0.18555024935415437,0.3822052874174709,42.31375315313785,-87.97554804778305,10077,-2.83,42.3,-87.9,6.398089507473047
2024-05-11 12:07:00,43092005,2.0634381862959468,1.3302310470541339,2.7966453255377597,42.31375315313785,-87.97554804778305,10077,1.7,42.3,-87.9,6.398089507473047
2024-05-11 12:08:00,43092005,2.295828204107165,1.4885886830858173,3.103067725128513,42.31375315313785,-87.97554804778305,10077,-1.64,42.3,-87.9,6.398089507473047
2024-05-11 12:09:00,43092005,1.1720087352701296,0.76023201064075,1.5837854598995094,42.31375315313785,-87.97554804778305,10077,-2.44,42.3,-87.9,6.398089507473047
2024-05-11 12:10:00,43092005,0.4738441440037552,0.18282816592962653,0.7648601220778839,42.31375315313785,-87.97554804778305,10077,-4.39,42.3,-87.9,6.398089507473047
2024-05-11 12:11:00,43092005,-0.5110591246419263,-0.8977324539588513,-0.12438579532500127,42.31375315313785,-87.97554804778305,10077,-7.31,42.3,-87.9,6.398089507473047
2024-05-11 12:12:00,43092005,-0.8933320551139668,-1.3085350731230068,-0.478129037104927,42.31375315313785,-87.97554804778305,10077,-5.54,42.3,-87.9,6.398089507473047
2024-05-11 12:13:00,43092005,-1.2362881861533737,-1.7258319516173906,-0.7467444206893566,42.31375315313785,-87.97554804778305,10077,-2.35,42.3,-87.9,6.398089507473047
2024-05-11 12:14:00,43092005,1.0959955316625143,0.6740382104470402,1.5179528528779884,42.31375315313785,-87.97554804778305,10077,-5.44,42.3,-87.9,6.398089507473047
2024-05-11 12:15:00,43092005,1.6097217265301778,0.9463189510234723,2.2731245020368833,42.31375315313785,-87.97554804778305,10077,-2.71,42.3,-87.9,6.398089507473047
2024-05-11 12:16:00,43092005,1.5430018185150056,0.9893180048059055,2.096685632224106,42.31375315313785,-87.97554804778305,10077,-1.82,42.3,-87.9,6.398089507473047
2024-05-11 12:17:00,43092005,1.1934177343334471,0.68715937551063,1.6996760931562642,42.31375315313785,-87.97554804778305,10077,0.21,42.3,-87.9,6.398089507473047
2024-05-11 12:18:00,43092005,0.6656033935814274,0.33044795443489644,1.0007588327279584,42.31375315313785,-87.97554804778305,10077,-0.85,42.3,-87.9,6.398089507473047
2024-05-11 12:19:00,43092005,1.3372134806817038,0.8426937385463373,1.8317332228170702,42.31375315313785,-87.97554804778305,10077,-0.91,42.3,-87.9,6.398089507473047
2024-05-11 12:20:00,43092005,-0.39930798865406586,-0.5642722667150629,-0.2343437105930688,42.31375315313785,-87.97554804778305,10077,-1.77,42.3,-87.9,6.398089507473047
2024-05-11 12:21:00,43092005,-1.2995008393786007,-1.7661565642863002,-0.8328451144709013,42.31375315313785,-87.97554804778305,10077,-3.26,42.3,-87.9,6.398089507473047
2024-05-11 12:22:00,43092005,-2.2088662109578165,-3.0855249936696354,-1.3322074282459977,42.31375315313785,-87.97554804778305,10077,-4.74,42.3,-87.9,6.398089507473047
2024-05-11 12:23:00,43092005,-1.0618939870282222,-1.4584281827256194,-0.6653597913308251,42.31375315313785,-87.97554804778305,10077,-6.11,42.3,-87.9,6.398089507473047
2024-05-11 12:24:00,43092005,-1.208153659575864,-1.6417573413646012,-0.7745499777871266,42.31375315313785,-87.97554804778305,10077,-4.72,42.3,-87.9,6.398089507473047
2024-05-11 12:25:00,43092005,-0.8633111753409967,-1.1807229555313874,-0.5458993951506059,42.31375315313785,-87.97554804778305,10077,-1.56,42.3,-87.9,6.398089507473047
2024-05-11 12:26:00,43092005,-1.6533772251510381,-2.4020885576367212,-0.9046658926653549,42.31375315313785,-87.97554804778305,10077,-3.61,42.3,-87.9,6.398089507473047
2024-05-11 12:27:00,43092005,-0.8837808002356001,-1.1954575761289705,-0.5721040243422296,42.31375315313785,-87.97554804778305,10077,-3.33,42.3,-87.9,6.398089507473047
2024-05-11 12:28:00,43092005,-1.4224790574838047,-1.9275009250236192,-0.9174571899439901,42.31375315313785,-87.97554804778305,10077,-3.88,42.3,-87.9,6.398089507473047
2024-05-11 12:29:00,43092005,0.50680688260716,0.32850811455094453,0.6851056506633755,42.31375315313785,-87.97554804778305,10077,-2.63,42.3,-87.9,6.398089507473047
2024-05-11 12:30:00,43092005,-0.4624913139548853,-0.8855964631612392,-0.03938616474853135,42.31375315313785,-87.97554804778305,10077,0.5,42.3,-87.9,6.398089507473047
2024-05-11 12:31:00,43092005,-2.632135802118999,-3.5691058533574562,-1.6951657508805418,42.31375315313785,-87.97554804778305,10077,-1.78,42.3,-87.9,6.398089507473047
2024-05-11 12:32:00,43092005,-0.9988375910050714,-1.5421536126620472,-0.4555215693480956,42.31375315313785,-87.97554804778305,10077,-3.05,42.3,-87.9,6.398089507473047
2024-05-11 12:33:00,43092005,-0.1090929793128104,-0.5301412021462819,0.31195524352066106,42.31375315313785,-87.97554804778305,10077,-1.49,42.3,-87.9,6.398089507473047
2024-05-11 12:34:00,43092005,-1.2711832764258557,-1.9075395114203086,-0.6348270414314029,42.31375315313785,-87.97554804778305,10077,-0.56,42.3,-87.9,6.398089507473047
2024-05-11 12:35:00,43092005,-1.3806078316349732,-1.929839531060817,-0.8313761322091296,42.31375315313785,-87.97554804778305,10077,0.1,42.3,-87.9,6.398089507473047
2024-05-11 12:36:00,43092005,-2.6324300347713003,-3.557191636269568,-1.7076684332730325,42.31375315313785,-87.97554804778305,10077,-2.45,42.3,-87.9,6.398089507473047
2024-05-11 12:37:00,43092005,-3.3679021211495077,-4.566664777301811,-2.1691394649972047,42.31375315313785,-87.97554804778305,10077,-4.13,42.3,-87.9,6.398089507473047
2024-05-11 12:38:00,43092005,-3.2767824249010635,-4.57266621053365,-1.9808986392684769,42.31375315313785,-87.97554804778305,10077,-2.58,42.3,-87.9,6.398089507473047
2024-05-11 12:39:00,43092005,-4.237114504315799,-5.734405655416946,-2.7398233532146516,42.31375315313785,-87.97554804778305,10077,-2.09,42.3,-87.9,6.398089507473047
2024-05-11 12:40:00,43092005,-6.2435375041232675,-8.438526007961991,-4.0485490002845435,42.31375315313785,-87.97554804778305,10077,-4.3,42.3,-87.9,6.398089507473047
2024-05-11 12:41:00,43092005,-4.069251042709016,-5.6676102401847634,-2.470891845233269,42.31375315313785,-87.97554804778305,10077,-7.69,42.3,-87.9,6.398089507473047
2024-05-11 12:42:00,43092005,1.489887127302643,0.9656134146756905,2.0141608399295956,42.31375315313785,-87.97554804778305,10077,-2.88,42.3,-87.9,6.398089507473047
2024-05-11 12:43:00,43092005,-1.7966883045343744,-2.683520477191091,-0.9098561318776577,42.31375315313785,-87.97554804778305,10077,-1.13,42.3,-87.9,6.398089507473047
2024-05-11 12:44:00,43092005,1.625378514684382,0.9200687633469029,2.330688266021861,42.31375315313785,-87.97554804778305,10077,2.71,42.3,-87.9,6.398089507473047
2024-05-11 12:45:00,43092005,1.4848536220110748,0.8010678888169834,2.1686393552051664,42.31375315313785,-87.97554804778305,10077,0.75,42.3,-87.9,6.398089507473047
2024-05-11 12:46:00,43092005,1.346761702109399,0.8726666335945374,1.8208567706242604,42.31375315313785,-87.97554804778305,10077,3.91,42.3,-87.9,6.398089507473047
2024-05-11 12:47:00,43092005,-1.7591877434785503,-2.524605722017749,-0.9937697649393515,42.31375315313785,-87.97554804778305,10077,1.47,42.3,-87.9,6.398089507473047
2024-05-11 12:48:00,43092005,-1.3137850174703694,-1.8833225053426317,-0.744247529598107,42.31375315313785,-87.97554804778305,10077,-2.9,42.3,-87.9,6.398089507473047
2024-05-11 12:49:00,43092005,-1.4897481324454598,-2.1386724093002543,-0.8408238555906652,42.31375315313785,-87.97554804778305,10077,-4.92,42.3,-87.9,6.398089507473047
2024-05-11 12:50:00,43092005,-0.0009524950854366514,-0.7958238672430749,0.7939188770722017,42.31375315313785,-87.97554804778305,10077,-2.74,42.3,-87.9,6.398089507473047
2024-05-11 12:51:00,43092005,-1.4268443324885571,-2.3301602268774158,-0.5235284380996983,42.31375315313785,-87.97554804778305,10077,-2.58,42.3,-87.9,6.398089507473047
2024-05-11 12:52:00,43092005,0.08615126356525159,-0.827928979996315,1.0002315071268182,42.31375315313785,-87.97554804778305,10077,-3.63,42.3,-87.9,6.398089507473047
2024-05-11 12:53:00,43092005,0.71564104915935,0.11841782038072235,1.3128642779379778,42.31375315313785,-87.97554804778305,10077,-3.58,42.3,-87.9,6.398089507473047
2024-05-11 12:54:00,43092005,0.2902835495455598,-0.004880952702989716,0.5854480517941093,42.31375315313785,-87.97554804778305,10077,-1.97,42.3,-87.9,6.398089507473047
2024-05-11 12:55:00,43092005,-0.17922761255786532,-0.2454433313247869,-0.11301189379094373,42.31375315313785,-87.97554804778305,10077,-3.97,42.3,-87.9,6.398089507473047
2024-05-11 12:56:00,43092005,-1.4182486079614562,-1.977626623947196,-0.8588705919757165,42.31375315313785,-87.97554804778305,10077,-3.78,42.3,-87.9,6.398089507473047
2024-05-11 12:57:00,43092005,-1.30005239155657,-1.8176863665042196,-0.7824184166089206,42.31375315313785,-87.97554804778305,10077,1.33,42.3,-87.9,6.398089507473047
2024-05-11 12:58:00,43092005,-0.41239007492228774,-0.8600813621440704,0.035301212299494955,42.31375315313785,-87.97554804778305,10077,0.14,42.3,-87.9,6.398089507473047
2024-05-11 12:59:00,43092005,-2.2755848764626303,-3.1256016217954614,-1.4255681311297992,42.31375315313785,-87.97554804778305,10077,-1.33,42.3,-87.9,6.398089507473047
2024-05-11 13:00:00,43092005,-3.439077038962142,-4.713889081277669,-2.1642649966466148,42.31375315313785,-87.97554804778305,10077,-0.13,42.3,-87.9,6.398089507473047
2024-05-11 13:01:00,43092005,-1.882267966268953,-2.7093411179156712,-1.0551948146222347,42.31375315313785,-87.97554804778305,10077,-0.25,42.3,-87.9,6.398089507473047
2024-05-11 13:02:00,43092005,-1.1930442250760875,-1.7008643757153337,-0.6852240744368414,42.31375315313785,-87.97554804778305,10077,-2.71,42.3,-87.9,6.398089507473047
2024-05-11 13:03:00,43092005,-0.09050140728696103,-0.3163552592151017,0.13535244464117968,42.31375315313785,-87.97554804778305,10077,-1.97,42.3,-87.9,6.398089507473047
2024-05-11 13:04:00,43092005,-1.9179786759052884,-2.9215965772528163,-0.9143607745577602,42.31375315313785,-87.97554804778305,10077,-1.63,42.3,-87.9,6.398089507473047
2024-05-11 13:05:00,43092005,-1.526931312308649,-2.5709112338068603,-0.4829513908104377,42.31375315313785,-87.97554804778305,10077,-1.87,42.3,-87.9,6.398089507473047
2024-05-11 13:06:00,43092005,-0.2422191260626451,-0.8532993063487418,0.3688610542234517,42.31375315313785,-87.97554804778305,10077,-2.12,42.3,-87.9,6.398089507473047
2024-05-11 13:07:00,43092005,1.6100326947550427,0.9149415004534407,2.305123889056645,42.31375315313785,-87.97554804778305,10077,-4.57,42.3,-87.9,6.398089507473047
2024-05-11 13:08:00,43092005,1.9543908706803184,0.839966800415286,3.0688149409453507,42.31375315313785,-87.97554804778305,10077,-1.13,42.3,-87.9,6.398089507473047
2024-05-11 13:09:00,43092005,-0.9595933581205239,-1.319164995446091,-0.600021720794957,42.31375315313785,-87.97554804778305,10077,-2.03,42.3,-87.9,6.398089507473047
2024-05-11 13:10:00,43092005,0.13147746277636793,0.05749312801978976,0.2054617975329461,42.31375315313785,-87.97554804778305,10077,-2.52,42.3,-87.9,6.398089507473047
2024-05-11 13:11:00,43092005,-0.311533957803832,-0.4223703922719773,-0.20069752333568663,42.31375315313785,-87.97554804778305,10077,-0.68,42.3,-87.9,6.398089507473047
2024-05-11 13:12:00,43092005,1.6991965230367612,0.6686024439851894,2.729790602088333,42.31375315313785,-87.97554804778305,10077,2.53,42.3,-87.9,6.398089507473047
2024-05-11 13:13:00,43092005,3.2715128991836893,1.920124275959329,4.62290152240805,42.31375315313785,-87.97554804778305,10077,1.37,42.3,-87.9,6.398089507473047
2024-05-11 13:14:00,43092005,6.057225180747814,3.2811265111612737,8.833323850334354,42.31375315313785,-87.97554804778305,10077,-1.33,42.3,-87.9,6.398089507473047
2024-05-11 13:15:00,43092005,4.094722331149088,1.841877422665548,6.347567239632627,42.31375315313785,-87.97554804778305,10077,-2.58,42.3,-87.9,6.398089507473047
2024-05-11 13:16:00,43092005,-2.193814294678824,-2.969713615696631,-1.4179149736610173,42.31375315313785,-87.97554804778305,10077,-2.16,42.3,-87.9,6.398089507473047
2024-05-11 13:17:00,43092005,-3.617285618507175,-5.020600164387867,-2.213971072626484,42.31375315313785,-87.97554804778305,10077,-1.52,42.3,-87.9,6.398089507473047
2024-05-11 13:18:00,43092005,-3.9758008921654304,-5.507443036176144,-2.4441587481547167,42.31375315313785,-87.97554804778305,10077,1.3,42.3,-87.9,6.398089507473047
2024-05-11 13:19:00,43092005,-0.2947861109311718,-0.39974163130393836,-0.18983059055840526,42.31375315313785,-87.97554804778305,10077,-2.37,42.3,-87.9,6.398089507473047
2024-05-11 13:20:00,43092005,1.3414140671192853,0.43875099337078394,2.2440771408677866,42.31375315313785,-87.97554804778305,10077,-3.31,42.3,-87.9,6.398089507473047
2024-05-11 13:21:00,43092005,2.222611122785654,1.3647438542289723,3.080478391342336,42.31375315313785,-87.97554804778305,10077,-5.26,42.3,-87.9,6.398089507473047
2024-05-11 13:22:00,43092005,0.6826827374600891,0.14170768249553645,1.2236577924246417,42.31375315313785,-87.97554804778305,10077,-3.52,42.3,-87.9,6.398089507473047
2024-05-11 13:23:00,43092005,1.2550993747985864,0.5609755553298098,1.949223194267363,42.31375315313785,-87.97554804778305,10077,-3.44,42.3,-87.9,6.398089507473047
2024-05-11 13:24:00,43092005,2.552497432270743,1.4794482170316072,3.6255466475098785,42.31375315313785,-87.97554804778305,10077,-4.72,42.3,-87.9,6.398089507473047
2024-05-11 13:25:00,43092005,0.8043867091561917,0.4585486249763994,1.150224793335984,42.31375315313785,-87.97554804778305,10077,-5.46,42.3,-87.9,6.398089507473047
2024-05-11 13:26:00,43092005,0.992282972449348,0.5838968077899676,1.4006691371087285,42.31375315313785,-87.97554804778305,10077,-4.52,42.3,-87.9,6.398089507473047
2024-05-11 13:27:00,43092005,-0.04796213904732108,-0.08609999928756473,-0.009824278807077425,42.31375315313785,-87.97554804778305,10077,-2.96,42.3,-87.9,6.398089507473047
2024-05-11 13:28:00,43092005,-1.059760698894585,-1.6285565793139485,-0.4909648184752212,42.31375315313785,-87.97554804778305,10077,-1.57,42.3,-87.9,6.398089507473047
2024-05-11 13:29:00,43092005,-3.0157253742218018,-4.10753129664842,-1.9239194517951832,42.31375315313785,-87.97554804778305,10077,-1.97,42.3,-87.9,6.398089507473047
2024-05-11 13:30:00,43092005,-2.7743363075686576,-3.7711218312412917,-1.7775507838960234,42.31375315313785,-87.97554804778305,10077,-3.04,42.3,-87.9,6.398089507473047
2024-05-11 13:31:00,43092005,-4.839361118493522,-6.719754387277519,-2.9589678497095244,42.31375315313785,-87.97554804778305,10077,-2.02,42.3,-87.9,6.398089507473047
2024-05-11 13:32:00,43092005,-2.2303559038050493,-3.3893397392983893,-1.0713720683117096,42.31375315313785,-87.97554804778305,10077,-5.2,42.3,-87.9,6.398089507473047
2024-05-11 13:33:00,43092005,0.6723237232684991,0.3207333374856989,1.0239141090512993,42.31375315313785,-87.97554804778305,10077,-2.87,42.3,-87.9,6.398089507473047
2024-05-11 13:34:00,43092005,1.8221103848894138,1.169932314723357,2.4742884550554707,42.31375315313785,-87.97554804778305,10077,-1.33,42.3,-87.9,6.398089507473047
2024-05-11 13:35:00,43092005,-0.13092773397150276,-0.22481032777540605,-0.037045140167599466,42.31375315313785,-87.97554804778305,10077,-4.0,42.3,-87.9,6.398089507473047
2024-05-11 13:36:00,43092005,-3.7279044727335,-5.254511202815886,-2.201297742651114,42.31375315313785,-87.97554804778305,10077,-5.79,42.3,-87.9,6.398089507473047
2024-05-11 13:37:00,43092005,-2.20602438526046,-2.9802517620427107,-1.4317970084782097,42.31375315313785,-87.97554804778305,10077,-1.66,42.3,-87.9,6.398089507473047
2024-05-11 13:38:00,43092005,-3.674656091626724,-5.111142113530527,-2.238170069722921,42.31375315313785,-87.97554804778305,10077,0.36,42.3,-87.9,6.398089507473047
2024-05-11 13:39:00,43092005,-3.469062136229417,-4.991514557983386,-1.9466097144754484,42.31375315313785,-87.97554804778305,10077,-2.09,42.3,-87.9,6.398089507473047
2024-05-11 13:40:00,43092005,-1.4077915745812999,-2.3231700132733315,-0.4924131358892684,42.31375315313785,-87.97554804778305,10077,-1.52,42.3,-87.9,6.398089507473047
2024-05-11 13:41:00,43092005,-0.09360703351158829,-0.377302852783518,0.19008878576034144,42.31375315313785,-87.97554804778305,10077,0.34,42.3,-87.9,6.398089507473047
2024-05-11 13:42:00,43092005,1.671897137321107,0.7631522159441143,2.5806420586980994,42.31375315313785,-87.97554804778305,10077,-2.22,42.3,-87.9,6.398089507473047
2024-05-11 13:43:00,43092005,4.270025433902454,2.744754160345958,5.79529670745895,42.31375315313785,-87.97554804778305,10077,1.34,42.3,-87.9,6.398089507473047
2024-05-11 13:44:00,43092005,3.718960719001024,2.4119711876792094,5.025950250322839,42.31375315313785,-87.97554804778305,10077,0.84,42.3,-87.9,6.398089507473047
2024-05-11 13:45:00,43092005,4.613787652854633,2.992252084989982,6.235323220719284,42.31375315313785,-87.97554804778305,10077,-2.34,42.3,-87.9,6.398089507473047
2024-05-11 13:46:00,43092005,1.8932978320390659,1.209499917137802,2.57709574694033,42.31375315313785,-87.97554804778305,10077,-1.92,42.3,-87.9,6.398089507473047
2024-05-11 13:47:00,43092005,0.06397667148482462,-0.4480524182028492,0.5760057611724985,42.31375315313785,-87.97554804778305,10077,0.23,42.3,-87.9,6.398089507473047
2024-05-11 13:48:00,43092005,4.774858046295051,3.0172734335456397,6.532442659044463,42.31375315313785,-87.97554804778305,10077,-1.14,42.3,-87.9,6.398089507473047
2024-05-11 13:49:00,43092005,2.032301829124154,1.2409322424651856,2.8236714157831226,42.31375315313785,-87.97554804778305,10077,-1.52,42.3,-87.9,6.398089507473047
2024-05-11 13:50:00,43092005,-0.7488795420094242,-1.0200657092515177,-0.4776933747673307,42.31375315313785,-87.97554804778305,10077,1.78,42.3,-87.9,6.398089507473047
2024-05-11 13:51:00,43092005,-2.536099566851642,-3.5209372480510286,-1.5512618856522558,42.31375315313785,-87.97554804778305,10077,-1.08,42.3,-87.9,6.398089507473047
2024-05-11 13:52:00,43092005,2.9798670469370103,1.9203656449681348,4.039368448905886,42.31375315313785,-87.97554804778305,10077,-2.19,42.3,-87.9,6.398089507473047
2024-05-11 13:53:00,43092005,2.8010823838692858,1.7543329019849134,3.8478318657536583,42.31375315313785,-87.97554804778305,10077,-3.48,42.3,-87.9,6.398089507473047
2024-05-11 13:54:00,43092005,-1.1799904896088766,-1.8312173589682859,-0.5287636202494675,42.31375315313785,-87.97554804778305,10077,-7.53,42.3,-87.9,6.398089507473047
2024-05-11 13:55:00,43092005,-1.4353179385894932,-2.5958510196627955,-0.27478485751619086,42.31375315313785,-87.97554804778305,10077,-8.43,42.3,-87.9,6.398089507473047
2024-05-11 13:56:00,43092005,-0.811925161942982,-1.6551262384656984,0.03127591457973422,42.31375315313785,-87.97554804778305,10077,-1.54,42.3,-87.9,6.398089507473047
2024-05-11 13:57:00,43092005,-1.9545539908465885,-3.1709545044406746,-0.7381534772525025,42.31375315313785,-87.97554804778305,10077,-3.33,42.3,-87.9,6.398089507473047
2024-05-11 13:58:00,43092005,-1.167828397652342,-2.2413717995457745,-0.09428499575890936,42.31375315313785,-87.97554804778305,10077,-2.94,42.3,-87.9,6.398089507473047
2024-05-11 13:59:00,43092005,-1.3869012295810288,-2.544072634538493,-0.2297298246235644,42.31375315313785,-87.97554804778305,10077,-0.39,42.3,-87.9,6.398089507473047
2024-05-11 14:00:00,43092005,0.14750138006376146,0.04091104096608239,0.2540917191614405,42.31375315313785,-87.97554804778305,10077,-8.42,42.3,-87.9,6.398089507473047
2024-05-11 14:01:00,43092005,0.5524644591287712,0.2728968104730401,0.8320321077845023,42.31375315313785,-87.97554804778305,10077,-1.06,42.3,-87.9,6.398089507473047
2024-05-11 14:02:00,43092005,-0.34567916023785383,-0.6100008579303666,-0.0813574625453411,42.31375315313785,-87.97554804778305,10077,-2.95,42.3,-87.9,6.398089507473047
2024-05-11 14:03:00,43092005,0.12600470653828175,-0.3728116233300295,0.624821036406593,42.31375315313785,-87.97554804778305,10077,-2.23,42.3,-87.9,6.398089507473047
2024-05-11 14:04:00,43092005,-0.47376112249635516,-0.837620272315845,-0.10990197267686524,42.31375315313785,-87.97554804778305,10077,2.9,42.3,-87.9,6.398089507473047
2024-05-11 14:05:00,43092005,-1.7205369211826707,-2.332602783478455,-1.1084710588868862,42.31375315313785,-87.97554804778305,10077,2.53,42.3,-87.9,6.398089507473047
2024-05-11 14:06:00,43092005,0.2091890502502829,0.10676787377760845,0.31161022672295735,42.31375315313785,-87.97554804778305,10077,0.82,42.3,-87.9,6.398089507473047
2024-05-11 14:07:00,43092005,0.049727457038355634,-0.0488818551143669,0.14833676919107816,42.31375315313785,-87.97554804778305,10077,0.57,42.3,-87.9,6.398089507473047
2024-05-11 14:08:00,43092005,0.5383718131603306,-0.023216540594051982,1.099960166914713,42.31375315313785,-87.97554804778305,10077,-1.42,42.3,-87.9,6.398089507473047
2024-05-11 14:09:00,43092005,2.076893551214446,1.045579995992287,3.1082071064366055,42.31375315313785,-87.97554804778305,10077,2.7,42.3,-87.9,6.398089507473047
2024-05-11 14:10:00,43092005,0.758252803197441,-0.03438300295381225,1.5508886093486942,42.31375315313785,-87.97554804778305,10077,2.94,42.3,-87.9,6.398089507473047
2024-05-11 14:11:00,43092005,1.3597645133752423,0.5315722409226264,2.187956785827858,42.31375315313785,-87.97554804778305,10077,2.0,42.3,-87.9,6.398089507473047
2024-05-11 14:12:00,43092005,0.29467629333030937,0.11318537632011752,0.47616721034050125,42.31375315313785,-87.97554804778305,10077,0.24,42.3,-87.9,6.398089507473047
2024-05-11 14:13:00,43092005,0.8490729556794752,0.5439628144698146,1.1541830968891356,42.31375315313785,-87.97554804778305,10077,-0.75,42.3,-87.9,6.398089507473047
2024-05-11 14:14:00,43092005,0.7421307141488805,0.05822569355573004,1.426035734742031,42.31375315313785,-87.97554804778305,10077,1.36,42.3,-87.9,6.398089507473047
2024-05-11 14:15:00,43092005,0.15695071205543326,-0.12765444246728286,0.4415558665781494,42.31375315313785,-87.97554804778305,10077,-0.4,42.3,-87.9,6.398089507473047
2024-05-11 14:16:00,43092005,2.2091100519163565,1.2154417920897254,3.2027783117429873,42.31375315313785,-87.97554804778305,10077,-0.27,42.3,-87.9,6.398089507473047
2024-05-11 14:17:00,43092005,0.8059079099941373,-0.033011357209945524,1.6448271771982201,42.31375315313785,-87.97554804778305,10077,-0.04,42.3,-87.9,6.398089507473047
2024-05-11 14:18:00,43092005,1.5576740623939604,0.9165719364063645,2.198776188381556,42.31375315313785,-87.97554804778305,10077,-0.82,42.3,-87.9,6.398089507473047
2024-05-11 14:19:00,43092005,2.640352878430135,1.6864797691307993,3.5942259877294704,42.31375315313785,-87.97554804778305,10077,-0.42,42.3,-87.9,6.398089507473047
2024-05-11 14:20:00,43092005,2.8422822055213133,1.4759557061217508,4.208608704920875,42.31375315313785,-87.97554804778305,10077,4.69,42.3,-87.9,6.398089507473047
2024-05-11 14:21:00,43092005,2.594770628669507,1.4066907717996746,3.7828504855393397,42.31375315313785,-87.97554804778305,10077,2.64,42.3,-87.9,6.398089507473047
2024-05-11 14:22:00,43092005,1.8655180291769873,0.5522652500049539,3.1787708083490207,42.31375315313785,-87.97554804778305,10077,4.18,42.3,-87.9,6.398089507473047
2024-05-11 14:23:00,43092005,2.0001407375461175,1.0704315848148207,2.9298498902774144,42.31375315313785,-87.97554804778305,10077,4.36,42.3,-87.9,6.398089507473047
2024-05-11 14:24:00,43092005,1.4112664013074006,0.4555428809198765,2.3669899216949246,42.31375315313785,-87.97554804778305,10077,1.02,42.3,-87.9,6.398089507473047
2024-05-11 14:25:00,43092005,1.4985233550531822,0.9551011128807886,2.041945597225576,42.31375315313785,-87.97554804778305,10077,-1.89,42.3,-87.9,6.398089507473047
2024-05-11 14:26:00,43092005,1.3740580319829594,0.6330317862046564,2.1150842777612624,42.31375315313785,-87.97554804778305,10077,0.16,42.3,-87.9,6.398089507473047
2024-05-11 14:27:00,43092005,0.6912561161026728,0.30532656412156484,1.0771856680837808,42.31375315313785,-87.97554804778305,10077,-0.91,42.3,-87.9,6.398089507473047
2024-05-11 14:28:00,43092005,-0.10206241830546285,-0.5044465366098447,0.300321699998919,42.31375315313785,-87.97554804778305,10077,0.64,42.3,-87.9,6.398089507473047
2024-05-11 14:29:00,43092005,-0.25567126603689705,-0.3483371701950805,-0.16300536187871362,42.31375315313785,-87.97554804778305,10077,1.19,42.3,-87.9,6.398089507473047
2024-05-11 14:30:00,43092005,0.6118891860597229,0.3068588147056081,0.9169195574138376,42.31375315313785,-87.97554804778305,10077,2.97,42.3,-87.9,6.398089507473047
2024-05-11 14:31:00,43092005,-0.10044927580951991,-0.5069166886572939,0.3060181370382541,42.31375315313785,-87.97554804778305,10077,-1.13,42.3,-87.9,6.398089507473047
2024-05-11 14:32:00,43092005,-0.9676819267054847,-1.3387991949750937,-0.5965646584358758,42.31375315313785,-87.97554804778305,10077,2.31,42.3,-87.9,6.398089507473047
2024-05-11 14:33:00,43092005,-0.08023557771569297,-0.5761474594207971,0.41567630398941124,42.31375315313785,-87.97554804778305,10077,2.44,42.3,-87.9,6.398089507473047
2024-05-11 14:34:00,43092005,-0.1115228002475905,-0.3658569829009615,0.14281138240578056,42.31375315313785,-87.97554804778305,10077,0.23,42.3,-87.9,6.398089507473047
2024-05-11 14:35:00,43092005,-1.343564443047483,-1.841047540432621,-0.8460813456623448,42.31375315313785,-87.97554804778305,10077,-2.41,42.3,-87.9,6.398089507473047
2024-05-11 14:36:00,43092005,-1.2262084241162865,-1.7720741334779189,-0.6803427147546542,42.31375315313785,-87.97554804778305,10077,-2.19,42.3,-87.9,6.398089507473047
2024-05-11 14:37:00,43092005,-0.8277108521949976,-1.1250393385717903,-0.5303823658182049,42.31375315313785,-87.97554804778305,10077,-2.1,42.3,-87.9,6.398089507473047
2024-05-11 14:38:00,43092005,0.3891488302471046,0.2523401764317331,0.5259574840624761,42.31375315313785,-87.97554804778305,10077,-5.09,42.3,-87.9,6.398089507473047
2024-05-11 14:39:00,43092005,0.050361956422667095,-0.04757959180010886,0.14830350464544306,42.31375315313785,-87.97554804778305,10077,-1.93,42.3,-87.9,6.398089507473047
2024-05-11 14:40:00,43092005,-1.0723456728055065,-1.4509354945607758,-0.6937558510502374,42.31375315313785,-87.97554804778305,10077,-2.34,42.3,-87.9,6.398089507473047
2024-05-11 14:41:00,43092005,-0.2274481611312332,-0.3090126341348664,-0.1458836881276,42.31375315313785,-87.97554804778305,10077,-4.67,42.3,-87.9,6.398089507473047
2024-05-11 14:42:00,43092005,-0.055010423856463306,-0.19165998027198278,0.08163913255905615,42.31375315313785,-87.97554804778305,10077,-1.52,42.3,-87.9,6.398089507473047
2024-05-11 14:43:00,43092005,0.7287910918425506,0.37118671204614273,1.0863954716389586,42.31375315313785,-87.97554804778305,10077,-3.07,42.3,-87.9,6.398089507473047
2024-05-11 14:44:00,43092005,-0.5416044014535802,-0.846380241503094,-0.2368285614040665,42.31375315313785,-87.97554804778305,10077,-1.34,42.3,-87.9,6.398089507473047
2024-05-11 14:45:00,43092005,-2.5054083473252176,-3.6178188016063237,-1.3929978930441114,42.31375315313785,-87.97554804778305,10077,-5.0,42.3,-87.9,6.398089507473047
2024-05-11 14:46:00,43092005,-0.9515244192408776,-1.4659822863421872,-0.4370665521395679,42.31375315313785,-87.97554804778305,10077,-5.66,42.3,-87.9,6.398089507473047
2024-05-11 14:47:00,43092005,-0.09910043225938996,-0.7841756869972005,0.5859748224784207,42.31375315313785,-87.97554804778305,10077,-1.94,42.3,-87.9,6.398089507473047
2024-05-11 14:48:00,43092005,-0.6762771818793862,-1.1843157049032804,-0.16823865885549216,42.31375315313785,-87.97554804778305,10077,-3.3,42.3,-87.9,6.398089507473047
2024-05-11 14:49:00,43092005,-1.0999658218675987,-1.5329639440762795,-0.6669676996589179,42.31375315313785,-87.97554804778305,10077,-4.02,42.3,-87.9,6.398089507473047
2024-05-11 14:50:00,43092005,-0.11723985247009662,-1.0622702904511652,0.827790585510972,42.31375315313785,-87.97554804778305,10077,1.24,42.3,-87.9,6.398089507473047
2024-05-11 14:51:00,43092005,-0.5291569309178851,-0.8043625354333985,-0.25395132640237156,42.31375315313785,-87.97554804778305,10077,-0.7,42.3,-87.9,6.398089507473047
2024-05-11 14:52:00,43092005,-0.5865326200455502,-0.9954799077164487,-0.17758533237465174,42.31375315313785,-87.97554804778305,10077,-0.65,42.3,-87.9,6.398089507473047
2024-05-11 14:53:00,43092005,-0.9146783591287776,-1.256378724443565,-0.5729779938139903,42.31375315313785,-87.97554804778305,10077,1.48,42.3,-87.9,6.398089507473047
2024-05-11 14:54:00,43092005,0.14342668342181156,-0.38436665418871896,0.671220021032342,42.31375315313785,-87.97554804778305,10077,0.3,42.3,-87.9,6.398089507473047
2024-05-11 14:55:00,43092005,0.6495640349474019,0.2443960591333989,1.0547320107614049,42.31375315313785,-87.97554804778305,10077,-1.63,42.3,-87.9,6.398089507473047
2024-05-11 14:56:00,43092005,0.2478329525653764,-0.3612997403495726,0.8569656454803254,42.31375315313785,-87.97554804778305,10077,-0.9,42.3,-87.9,6.398089507473047
2024-05-11 14:57:00,43092005,0.8246524346278126,0.530966363129262,1.118338506126363,42.31375315313785,-87.97554804778305,10077,-1.33,42.3,-87.9,6.398089507473047
2024-05-11 14:58:00,43092005,0.46929278395099,0.13551193523154148,0.8030736326704385,42.31375315313785,-87.97554804778305,10077,-0.72,42.3,-87.9,6.398089507473047
2024-05-11 14:59:00,43092005,1.4933872965717674,0.9662700119351518,2.020504581208383,42.31375315313785,-87.97554804778305,10077,-0.91,42.3,-87.9,6.398089507473047
2024-05-11 15:00:00,43092005,1.5306914737798218,0.988905725835186,2.0724772217244576,42.31375315313785,-87.97554804778305,10077,-1.07,42.3,-87.9,6.398089507473047
2024-05-11 15:01:00,43092005,1.7344095329742384,1.1236705027802045,2.345148563168272,42.31375315313785,-87.97554804778305,10077,-3.34,42.3,-87.9,6.398089507473047
2024-05-11 15:02:00,43092005,0.8911257916711327,0.5692075639034959,1.2130440194387695,42.31375315313785,-87.97554804778305,10077,-1.77,42.3,-87.9,6.398089507473047
2024-05-11 15:03:00,43092005,-0.16285387133592436,-0.36502687739995343,0.03931913472810475,42.31375315313785,-87.97554804778305,10077,-1.27,42.3,-87.9,6.398089507473047
2024-05-11 15:04:00,43092005,-3.377084025837724,-4.739039255367242,-2.015128796308206,42.31375315313785,-87.97554804778305,10077,-2.58,42.3,-87.9,6.398089507473047
2024-05-11 15:05:00,43092005,-3.260042892736301,-4.47846139405747,-2.041624391415133,42.31375315313785,-87.97554804778305,10077,-0.46,42.3,-87.9,6.398089507473047
2024-05-11 15:06:00,43092005,-1.0324742588072193,-1.5381247971072627,-0.5268237205071761,42.31375315313785,-87.97554804778305,10077,-5.03,42.3,-87.9,6.398089507473047
2024-05-11 15:07:00,43092005,-0.602232707146191,-1.0170639422147447,-0.18740147207763735,42.31375315313785,-87.97554804778305,10077,-3.36,42.3,-87.9,6.398089507473047
2024-05-11 15:08:00,43092005,-0.9575493964588359,-1.4512425371716766,-0.4638562557459952,42.31375315313785,-87.97554804778305,10077,-3.13,42.3,-87.9,6.398089507473047
2024-05-11 15:09:00,43092005,-0.9992566048202658,-1.3520208787881234,-0.6464923308524082,42.31375315313785,-87.97554804778305,10077,-1.99,42.3,-87.9,6.398089507473047
2024-05-11 15:10:00,43092005,-1.1584980506350737,-1.996483510138014,-0.32051259113213326,42.31375315313785,-87.97554804778305,10077,-6.98,42.3,-87.9,6.398089507473047
2024-05-11 15:11:00,43092005,0.3713659612032442,-0.15747803666598498,0.9002099590724735,42.31375315313785,-87.97554804778305,10077,-3.93,42.3,-87.9,6.398089507473047
2024-05-11 15:12:00,43092005,0.5239684229172804,-0.21442316801176753,1.2623600138463282,42.31375315313785,-87.97554804778305,10077,-4.17,42.3,-87.9,6.398089507473047
2024-05-11 15:13:00,43092005,0.4681532304164461,0.131075606553881,0.8052308542790112,42.31375315313785,-87.97554804778305,10077,-0.4,42.3,-87.9,6.398089507473047
2024-05-11 15:14:00,43092005,0.24798090705522022,0.15050763683141918,0.3454541772790213,42.31375315313785,-87.97554804778305,10077,-1.62,42.3,-87.9,6.398089507473047
2024-05-11 15:15:00,43092005,-0.16983441609648853,-0.3146581989258339,-0.025010633267143118,42.31375315313785,-87.97554804778305,10077,-1.61,42.3,-87.9,6.398089507473047
2024-05-11 15:16:00,43092005,0.05881806707125213,-0.10371577526022867,0.22135190940273292,42.31375315313785,-87.97554804778305,10077,-1.84,42.3,-87.9,6.398089507473047
2024-05-11 15:17:00,43092005,2.1915558304703024,1.3926630655956194,2.9904485953449855,42.31375315313785,-87.97554804778305,10077,-3.53,42.3,-87.9,6.398089507473047
2024-05-11 15:18:00,43092005,2.036614909431988,1.238229747201777,2.8350000716621993,42.31375315313785,-87.97554804778305,10077,-1.83,42.3,-87.9,6.398089507473047
2024-05-11 15:19:00,43092005,0.928345340012309,0.6026779350272775,1.2540127449973404,42.31375315313785,-87.97554804778305,10077,0.16,42.3,-87.9,6.398089507473047
2024-05-11 15:20:00,43092005,0.22521807517527245,0.09746882747607125,0.35296732287447363,42.31375315313785,-87.97554804778305,10077,-1.95,42.3,-87.9,6.398089507473047
2024-05-11 15:21:00,43092005,0.15027048598442758,0.021767460492868318,0.27877351147598683,42.31375315313785,-87.97554804778305,10077,-2.0,42.3,-87.9,6.398089507473047
2024-05-11 15:22:00,43092005,-0.29481284474013936,-0.5096885848967041,-0.07993710458357461,42.31375315313785,-87.97554804778305,10077,-0.42,42.3,-87.9,6.398089507473047
2024-05-11 15:23:00,43092005,-0.11644180253907259,-0.4779218677980284,0.24503826271988322,42.31375315313785,-87.97554804778305,10077,-2.8,42.3,-87.9,6.398089507473047
2024-05-11 15:24:00,43092005,-0.11348695900047906,-0.5380150670741416,0.3110411490731835,42.31375315313785,-87.97554804778305,10077,-2.94,42.3,-87.9,6.398089507473047
2024-05-11 15:25:00,43092005,1.4130136742254247,0.8451847804214857,1.9808425680293635,42.31375315313785,-87.97554804778305,10077,0.22,42.3,-87.9,6.398089507473047
2024-05-11 15:26:00,43092005,1.796159441015662,0.3683025698172777,3.2240163122140464,42.31375315313785,-87.97554804778305,10077,2.0,42.3,-87.9,6.398089507473047
2024-05-11 15:27:00,43092005,1.057692999945706,0.21168839504918324,1.903697604842229,42.31375315313785,-87.97554804778305,10077,-0.68,42.3,-87.9,6.398089507473047
2024-05-11 15:28:00,43092005,1.076567032661541,0.4246907529320726,1.7284433123910095,42.31375315313785,-87.97554804778305,10077,-0.38,42.3,-87.9,6.398089507473047
2024-05-11 15:29:00,43092005,1.4660170916161548,0.3333726267534183,2.5986615564788913,42.31375315313785,-87.97554804778305,10077,0.44,42.3,-87.9,6.398089507473047
2024-05-11 15:30:00,43092005,0.6325254177833373,-0.05465643754699445,1.319707273113669,42.31375315313785,-87.97554804778305,10077,-2.59,42.3,-87.9,6.398089507473047
2024-05-11 15:31:00,43092005,-0.005243073732321989,-0.296166794239399,0.2856806467747551,42.31375315313785,-87.97554804778305,10077,-4.14,42.3,-87.9,6.398089507473047
2024-05-11 15:32:00,43092005,0.15044505426874338,-0.31023618078692194,0.6111262893244087,42.31375315313785,-87.97554804778305,10077,-0.75,42.3,-87.9,6.398089507473047
2024-05-11 15:33:00,43092005,-1.5446915754997044,-2.167784288994707,-0.9215988620047018,42.31375315313785,-87.97554804778305,10077,-2.92,42.3,-87.9,6.398089507473047
2024-05-11 15:34:00,43092005,-0.7779416451125609,-1.1955682498629052,-0.36031504036221673,42.31375315313785,-87.97554804778305,10077,-5.83,42.3,-87.9,6.398089507473047
2024-05-11 15:35:00,43092005,0.6808213413807384,0.4410543486410936,0.9205883341203831,42.31375315313785,-87.97554804778305,10077,0.73,42.3,-87.9,6.398089507473047
2024-05-11 15:36:00,43092005,-1.5224751623202686,-2.156647980729087,-0.8883023439114501,42.31375315313785,-87.97554804778305,10077,-1.23,42.3,-87.9,6.398089507473047
2024-05-11 15:37:00,43092005,-0.6107141340482878,-0.9100655795613403,-0.3113626885352353,42.31375315313785,-87.97554804778305,10077,-0.11,42.3,-87.9,6.398089507473047
2024-05-11 15:38:00,43092005,-0.6313465296811328,-0.8896646473374548,-0.3730284120248108,42.31375315313785,-87.97554804778305,10077,0.6,42.3,-87.9,6.398089507473047
2024-05-11 15:39:00,43092005,-0.7105351450635975,-0.997278211565076,-0.42379207856211903,42.31375315313785,-87.97554804778305,10077,-2.83,42.3,-87.9,6.398089507473047
2024-05-11 15:40:00,43092005,-1.0548646426514576,-1.4286536984074534,-0.681075586895462,42.31375315313785,-87.97554804778305,10077,-1.49,42.3,-87.9,6.398089507473047
2024-05-11 15:41:00,43092005,-1.0605267359499346,-1.4740652219789725,-0.6469882499208967,42.31375315313785,-87.97554804778305,10077,-1.87,42.3,-87.9,6.398089507473047
2024-05-11 15:42:00,43092005,-0.5816252803556005,-0.8103325767738603,-0.35291798393734064,42.31375315313785,-87.97554804778305,10077,0.01,42.3,-87.9,6.398089507473047
2024-05-11 15:43:00,43092005,-0.6560329436079452,-1.052054838007831,-0.2600110492080594,42.31375315313785,-87.97554804778305,10077,1.14,42.3,-87.9,6.398089507473047
2024-05-11 15:44:00,43092005,0.5349602458387235,-0.1302461924582199,1.2001666841356669,42.31375315313785,-87.97554804778305,10077,2.19,42.3,-87.9,6.398089507473047
2024-05-11 15:45:00,43092005,0.699939433905415,0.3522187470923984,1.0476601207184317,42.31375315313785,-87.97554804778305,10077,-3.26,42.3,-87.9,6.398089507473047
2024-05-11 15:46:00,43092005,0.24241754503128232,-0.32105085249275955,0.8058859425553242,42.31375315313785,-87.97554804778305,10077,-0.62,42.3,-87.9,6.398089507473047
2024-05-11 15:47:00,43092005,-0.20348121159456736,-0.34170442329577966,-0.06525799989335507,42.31375315313785,-87.97554804778305,10077,0.84,42.3,-87.9,6.398089507473047
2024-05-11 15:48:00,43092005,-0.23587860985289102,-0.7506348532287067,0.2788776335229247,42.31375315313785,-87.97554804778305,10077,-6.37,42.3,-87.9,6.398089507473047
2024-05-11 15:49:00,43092005,0.7657389368250368,-0.08249174754005606,1.6139696211901295,42.31375315313785,-87.97554804778305,10077,-5.17,42.3,-87.9,6.398089507473047
2024-05-11 15:50:00,43092005,0.030870443630702907,-0.1865628533153543,0.2483037405767601,42.31375315313785,-87.97554804778305,10077,-1.05,42.3,-87.9,6.398089507473047
2024-05-11 15:51:00,43092005,-0.3810832978519179,-0.7703499327391514,0.008183337035315597,42.31375315313785,-87.97554804778305,10077,1.29,42.3,-87.9,6.398089507473047
2024-05-11 15:52:00,43092005,0.005237081093860765,-1.0296309983727514,1.0401051605604728,42.31375315313785,-87.97554804778305,10077,4.1,42.3,-87.9,6.398089507473047
2024-05-11 15:53:00,43092005,-0.7743994918719569,-1.0542544883303169,-0.49454449541359696,42.31375315313785,-87.97554804778305,10077,0.3,42.3,-87.9,6.398089507473047
2024-05-11 15:54:00,43092005,-0.06547632554170639,-0.4188406230858037,0.2878879720023909,42.31375315313785,-87.97554804778305,10077,-3.51,42.3,-87.9,6.398089507473047
2024-05-11 15:55:00,43092005,0.49618323976617484,0.19304802437330626,0.7993184551590434,42.31375315313785,-87.97554804778305,10077,0.21,42.3,-87.9,6.398089507473047
2024-05-11 15:56:00,43092005,-0.963373119993028,-1.4322861606826947,-0.4944600793033612,42.31375315313785,-87.97554804778305,10077,-0.25,42.3,-87.9,6.398089507473047
2024-05-11 15:57:00,43092005,-0.5355783362702506,-1.034404922227668,-0.03675175031283334,42.31375315313785,-87.97554804778305,10077,0.88,42.3,-87.9,6.398089507473047
2024-05-11 15:58:00,43092005,0.21066631869312882,0.10797631174843582,0.31335632563782184,42.31375315313785,-87.97554804778305,10077,-2.03,42.3,-87.9,6.398089507473047
2024-05-11 15:59:00,43092005,1.179999711276744,0.41073965319261785,1.9492597693608702,42.31375315313785,-87.97554804778305,10077,-3.54,42.3,-87.9,6.398089507473047
2024-05-11 16:00:00,43092005,0.2823544147711499,0.17502721053220655,0.3896816190100933,42.31375315313785,-87.97554804778305,10077,0.15,42.3,-87.9,6.398089507473047
2024-05-11 16:01:00,43092005,0.44032547428835195,0.01770798112860006,0.8629429674481038,42.31375315313785,-87.97554804778305,10077,1.09,42.3,-87.9,6.398089507473047
2024-05-11 16:02:00,43092005,-0.8013511389531288,-1.3024122583650373,-0.30029001954122025,42.31375315313785,-87.97554804778305,10077,-1.39,42.3,-87.9,6.398089507473047
2024-05-11 16:03:00,43092005,-0.48731616819464135,-0.9838839254359644,0.009251589046681663,42.31375315313785,-87.97554804778305,10077,-3.2,42.3,-87.9,6.398089507473047
2024-05-11 16:04:00,43092005,-0.7984698519558835,-1.0942537183940302,-0.5026859855177368,42.31375315313785,-87.97554804778305,10077,-2.18,42.3,-87.9,6.398089507473047
2024-05-11 16:05:00,43092005,-0.003639531179600508,-0.03532073816542775,0.028041675806226733,42.31375315313785,-87.97554804778305,10077,-3.46,42.3,-87.9,6.398089507473047
2024-05-11 16:06:00,43092005,0.7494594405094782,0.4455173251313135,1.053401555887643,42.31375315313785,-87.97554804778305,10077,-1.49,42.3,-87.9,6.398089507473047
2024-05-11 16:07:00,43092005,0.13894756908824943,0.07055015882689755,0.2073449793496013,42.31375315313785,-87.97554804778305,10077,-3.06,42.3,-87.9,6.398089507473047
2024-05-11 16:08:00,43092005,-0.7415566752436582,-1.095532199712945,-0.3875811507743714,42.31375315313785,-87.97554804778305,10077,-0.19,42.3,-87.9,6.398089507473047
2024-05-11 16:09:00,43092005,-0.5227669925399167,-0.7836084712196594,-0.26192551386017393,42.31375315313785,-87.97554804778305,10077,-0.51,42.3,-87.9,6.398089507473047
2024-05-11 16:10:00,43092005,-0.5109387518859055,-0.7891171424891636,-0.23276036128264743,42.31375315313785,-87.97554804778305,10077,-1.14,42.3,-87.9,6.398089507473047
2024-05-11 16:11:00,43092005,-0.10574613339362177,-0.19673929423320824,-0.014752972554035279,42.31375315313785,-87.97554804778305,10077,-2.57,42.3,-87.9,6.398089507473047
2024-05-11 16:12:00,43092005,0.1697955342572192,-0.03497424586654871,0.37456531438098706,42.31375315313785,-87.97554804778305,10077,-1.52,42.3,-87.9,6.398089507473047
2024-05-11 16:13:00,43092005,0.47618937251954,0.2361185646714437,0.7162601803676363,42.31375315313785,-87.97554804778305,10077,-1.35,42.3,-87.9,6.398089507473047
2024-05-11 16:14:00,43092005,0.4258803986062536,0.07365760983556985,0.7781031873769373,42.31375315313785,-87.97554804778305,10077,-2.72,42.3,-87.9,6.398089507473047
2024-05-11 16:15:00,43092005,0.559096830350844,0.21424929183431218,0.9039443688673758,42.31375315313785,-87.97554804778305,10077,-1.83,42.3,-87.9,6.398089507473047
2024-05-11 16:16:00,43092005,0.37678982902033475,0.17884746973739815,0.5747321883032713,42.31375315313785,-87.97554804778305,10077,-0.65,42.3,-87.9,6.398089507473047
2024-05-11 16:17:00,43092005,0.34513925401424467,0.05796056106281089,0.6323179469656784,42.31375315313785,-87.97554804778305,10077,-0.52,42.3,-87.9,6.398089507473047
2024-05-11 16:18:00,43092005,0.20791185768624595,0.07280896372255738,0.34301475164993456,42.31375315313785,-87.97554804778305,10077,-2.77,42.3,-87.9,6.398089507473047
2024-05-11 16:19:00,43092005,0.661060251631683,0.4263876038950007,0.8957328993683653,42.31375315313785,-87.97554804778305,10077,-3.11,42.3,-87.9,6.398089507473047
2024-05-11 16:20:00,43092005,0.9431614259766755,0.6040781803415962,1.2822446716117548,42.31375315313785,-87.97554804778305,10077,-2.74,42.3,-87.9,6.398089507473047
2024-05-11 16:21:00,43092005,-0.28949763197253425,-0.5989786778173647,0.01998341387229624,42.31375315313785,-87.97554804778305,10077,-4.34,42.3,-87.9,6.398089507473047
2024-05-11 16:22:00,43092005,-0.24289707940090494,-0.4861314007782264,0.00033724197641654685,42.31375315313785,-87.97554804778305,10077,-2.81,42.3,-87.9,6.398089507473047
2024-05-11 16:23:00,43092005,-0.5840337349470696,-0.9971559280682157,-0.17091154182592339,42.31375315313785,-87.97554804778305,10077,-2.27,42.3,-87.9,6.398089507473047
2024-05-11 16:24:00,43092005,-0.8485479075712546,-1.3116583606656704,-0.38543745447683886,42.31375315313785,-87.97554804778305,10077,-4.01,42.3,-87.9,6.398089507473047
2024-05-11 16:25:00,43092005,-0.22974716695282318,-0.4062257239304404,-0.053268609975205994,42.31375315313785,-87.97554804778305,10077,-2.44,42.3,-87.9,6.398089507473047
2024-05-11 16:26:00,43092005,0.04964871754900582,-0.12095641274348176,0.2202538478414934,42.31375315313785,-87.97554804778305,10077,-2.34,42.3,-87.9,6.398089507473047
2024-05-11 16:27:00,43092005,-0.47648381224989816,-0.784662014273602,-0.16830561022619428,42.31375315313785,-87.97554804778305,10077,-3.06,42.3,-87.9,6.398089507473047
2024-05-11 16:28:00,43092005,-0.2947269105457498,-0.4617255539247268,-0.12772826716677274,42.31375315313785,-87.97554804778305,10077,-3.62,42.3,-87.9,6.398089507473047
2024-05-11 16:29:00,43092005,-0.46764954554184307,-0.8297980464857664,-0.10550104459791976,42.31375315313785,-87.97554804778305,10077,-3.35,42.3,-87.9,6.398089507473047
2024-05-11 16:30:00,43092005,0.41331315123683826,0.2534178221385126,0.5732084803351639,42.31375315313785,-87.97554804778305,10077,-3.6,42.3,-87.9,6.398089507473047
2024-05-11 16:31:00,43092005,0.6470653361321094,0.4093245046627252,0.8848061676014936,42.31375315313785,-87.97554804778305,10077,-2.68,42.3,-87.9,6.398089507473047
2024-05-11 16:32:00,43092005,0.401645896815109,0.1446585362114466,0.6586332574187714,42.31375315313785,-87.97554804778305,10077,-2.4,42.3,-87.9,6.398089507473047
2024-05-11 16:33:00,43092005,-0.30066311393892464,-0.5356271456117384,-0.06569908226611085,42.31375315313785,-87.97554804778305,10077,-3.04,42.3,-87.9,6.398089507473047
2024-05-11 16:34:00,43092005,-0.6088126724212829,-1.1460669716051768,-0.071558373237389,42.31375315313785,-87.97554804778305,10077,-7.48,42.3,-87.9,6.398089507473047
2024-05-11 16:35:00,43092005,0.9039794062089203,0.47939940951257476,1.3285594029052659,42.31375315313785,-87.97554804778305,10077,-1.38,42.3,-87.9,6.398089507473047
2024-05-11 16:36:00,43092005,0.1024598970428362,-0.18828676280106688,0.3932065568867393,42.31375315313785,-87.97554804778305,10077,0.39,42.3,-87.9,6.398089507473047
2024-05-11 16:37:00,43092005,-0.16695409993314883,-0.40272912655303705,0.06882092668673936,42.31375315313785,-87.97554804778305,10077,-0.74,42.3,-87.9,6.398089507473047
2024-05-11 16:38:00,43092005,-0.19793407654945264,-0.2907419630986553,-0.10512619000025,42.31375315313785,-87.97554804778305,10077,-1.69,42.3,-87.9,6.398089507473047
2024-05-11 16:39:00,43092005,0.3242803912809385,0.15268113388931198,0.495879648672565,42.31375315313785,-87.97554804778305,10077,-1.68,42.3,-87.9,6.398089507473047
2024-05-11 16:40:00,43092005,-0.04167036907763891,-0.28339656951512404,0.20005583135984625,42.31375315313785,-87.97554804778305,10077,-1.31,42.3,-87.9,6.398089507473047
2024-05-11 16:41:00,43092005,-0.06049084681689053,-0.32490084984827106,0.20391915621448997,42.31375315313785,-87.97554804778305,10077,-1.47,42.3,-87.9,6.398089507473047
2024-05-11 16:42:00,43092005,0.5997087630576905,-0.9904225298919027,2.1898400560072835,42.31375315313785,-87.97554804778305,10077,-1.73,42.3,-87.9,6.398089507473047
2024-05-11 16:43:00,43092005,0.31242098555407655,0.17322960336646692,0.45161236774168617,42.31375315313785,-87.97554804778305,10077,-1.22,42.3,-87.9,6.398089507473047
2024-05-11 16:44:00,43092005,-0.13908120983122577,-0.8864320743836772,0.6082696547212257,42.31375315313785,-87.97554804778305,10077,-3.35,42.3,-87.9,6.398089507473047
2024-05-11 16:45:00,43092005,-0.7429289879618133,-1.0674746120819212,-0.41838336384170544,42.31375315313785,-87.97554804778305,10077,-3.59,42.3,-87.9,6.398089507473047
2024-05-11 16:46:00,43092005,-0.8337216805036467,-1.7003114610279657,0.03286810002067242,42.31375315313785,-87.97554804778305,10077,-4.19,42.3,-87.9,6.398089507473047
2024-05-11 16:47:00,43092005,0.42537697005017955,0.2709245360507991,0.57982940404956,42.31375315313785,-87.97554804778305,10077,-4.01,42.3,-87.9,6.398089507473047
2024-05-11 16:48:00,43092005,0.10526714948668871,-0.08251815874417091,0.29305245771754834,42.31375315313785,-87.97554804778305,10077,-1.31,42.3,-87.9,6.398089507473047
2024-05-11 16:49:00,43092005,-0.4149328931643252,-0.5639183489091462,-0.2659474374195042,42.31375315313785,-87.97554804778305,10077,0.47,42.3,-87.9,6.398089507473047
2024-05-11 16:50:00,43092005,-1.2577820639114332,-1.8187090071707384,-0.6968551206521281,42.31375315313785,-87.97554804778305,10077,-2.67,42.3,-87.9,6.398089507473047
2024-05-11 16:51:00,43092005,-0.6418125395870822,-0.9563636326822884,-0.3272614464918759,42.31375315313785,-87.97554804778305,10077,-2.35,42.3,-87.9,6.398089507473047
2024-05-11 16:52:00,43092005,-0.46789403378562,-0.7172088452286709,-0.2185792223425691,42.31375315313785,-87.97554804778305,10077,-0.56,42.3,-87.9,6.398089507473047
2024-05-11 16:53:00,43092005,-0.6206591949987232,-0.8738679965914646,-0.36745039340598185,42.31375315313785,-87.97554804778305,10077,-0.46,42.3,-87.9,6.398089507473047
2024-05-11 16:54:00,43092005,-0.8369390302732176,-1.1693984196259257,-0.5044796409205095,42.31375315313785,-87.97554804778305,10077,-0.79,42.3,-87.9,6.398089507473047
2024-05-11 16:55:00,43092005,-0.6917467964883137,-0.9986067932219096,-0.3848867997547178,42.31375315313785,-87.97554804778305,10077,-1.29,42.3,-87.9,6.398089507473047
2024-05-11 16:56:00,43092005,0.26905928472906615,0.09542077888928399,0.4426977905688483,42.31375315313785,-87.97554804778305,10077,-1.71,42.3,-87.9,6.398089507473047
2024-05-11 16:57:00,43092005,0.9249916778396544,0.5141207666138878,1.335862589065421,42.31375315313785,-87.97554804778305,10077,-1.3,42.3,-87.9,6.398089507473047
2024-05-11 16:58:00,43092005,0.1440781534892766,-0.06783970641359247,0.3559960133921457,42.31375315313785,-87.97554804778305,10077,-1.61,42.3,-87.9,6.398089507473047
2024-05-11 16:59:00,43092005,0.11875201502538002,-0.08096707545305282,0.31847110550381286,42.31375315313785,-87.97554804778305,10077,-0.96,42.3,-87.9,6.398089507473047
2024-05-11 17:00:00,43092005,-0.0965399842851248,-0.2438791372675938,0.0507991686973442,42.31375315313785,-87.97554804778305,10077,-1.46,42.3,-87.9,6.398089507473047
2024-05-11 17:01:00,43092005,0.1856746445398283,0.021603277059964704,0.3497460120196919,42.31375315313785,-87.97554804778305,10077,-1.03,42.3,-87.9,6.398089507473047
2024-05-11 17:02:00,43092005,0.05070172901335931,-0.13726160396332887,0.2386650619900475,42.31375315313785,-87.97554804778305,10077,0.04,42.3,-87.9,6.398089507473047
2024-05-11 17:03:00,43092005,0.09651976775506667,-0.32160960996046645,0.5146491454705998,42.31375315313785,-87.97554804778305,10077,1.47,42.3,-87.9,6.398089507473047
2024-05-11 17:04:00,43092005,-0.1277602322994736,-0.5024262824523598,0.24690581785341265,42.31375315313785,-87.97554804778305,10077,0.72,42.3,-87.9,6.398089507473047
2024-05-11 17:05:00,43092005,-0.22888188228901535,-0.5978995940688894,0.14013582949085873,42.31375315313785,-87.97554804778305,10077,-0.71,42.3,-87.9,6.398089507473047
2024-05-11 17:06:00,43092005,0.2649796105370411,-0.4871607426149607,1.017119963689043,42.31375315313785,-87.97554804778305,10077,-3.66,42.3,-87.9,6.398089507473047
2024-05-11 17:07:00,43092005,2.2997004746219885,-0.7122904745833094,5.311691423827286,42.31375315313785,-87.97554804778305,10077,-4.63,42.3,-87.9,6.398089507473047
2024-05-11 17:08:00,43092005,0.9729750627432401,0.11834467793978665,1.8276054475466936,42.31375315313785,-87.97554804778305,10077,-0.18,42.3,-87.9,6.398089507473047
2024-05-11 17:09:00,43092005,1.4988878163740151,0.4694526577702647,2.5283229749777654,42.31375315313785,-87.97554804778305,10077,2.66,42.3,-87.9,6.398089507473047
2024-05-11 17:10:00,43092005,0.48721930175438466,-0.28054338310349103,1.2549819866122602,42.31375315313785,-87.97554804778305,10077,1.5,42.3,-87.9,6.398089507473047
2024-05-11 17:11:00,43092005,1.1623914777149533,0.49235287873690037,1.8324300766930062,42.31375315313785,-87.97554804778305,10077,2.23,42.3,-87.9,6.398089507473047
2024-05-11 17:12:00,43092005,0.605048496950853,-0.01475665876392751,1.2248536526656335,42.31375315313785,-87.97554804778305,10077,-0.44,42.3,-87.9,6.398089507473047
2024-05-11 17:13:00,43092005,0.715292287201511,0.18273785002082266,1.2478467243821991,42.31375315313785,-87.97554804778305,10077,-0.84,42.3,-87.9,6.398089507473047
2024-05-11 17:14:00,43092005,1.9706465754760687,-1.784441435269868,5.725734586222005,42.31375315313785,-87.97554804778305,10077,-0.81,42.3,-87.9,6.398089507473047
2024-05-11 17:15:00,43092005,0.43247417859116893,-0.18035331835403506,1.0453016755363729,42.31375315313785,-87.97554804778305,10077,-1.73,42.3,-87.9,6.398089507473047
2024-05-11 17:16:00,43092005,0.44292348969428985,-0.5346613840002173,1.4205083633887972,42.31375315313785,-87.97554804778305,10077,-0.96,42.3,-87.9,6.398089507473047
2024-05-11 17:17:00,43092005,0.12219499021677466,-0.07542906168495586,0.3198190421185052,42.31375315313785,-87.97554804778305,10077,-0.99,42.3,-87.9,6.398089507473047
2024-05-11 17:18:00,43092005,-0.3611115543620812,-0.9250278562659615,0.2028047475417991,42.31375315313785,-87.97554804778305,10077,-2.58,42.3,-87.9,6.398089507473047
2024-05-11 17:19:00,43092005,-0.21224212474443538,-0.5321749471668763,0.10769069767800554,42.31375315313785,-87.97554804778305,10077,-3.29,42.3,-87.9,6.398089507473047
2024-05-11 17:20:00,43092005,-0.09783000911387293,-0.5182879301899413,0.32262791196219553,42.31375315313785,-87.97554804778305,10077,-2.66,42.3,-87.9,6.398089507473047
2024-05-11 17:21:00,43092005,-0.3982043191592179,-0.6385966176056894,-0.1578120207127463,42.31375315313785,-87.97554804778305,10077,-2.02,42.3,-87.9,6.398089507473047
2024-05-11 17:22:00,43092005,-0.3761703282697383,-0.6714378097219574,-0.08090284681751914,42.31375315313785,-87.97554804778305,10077,-1.62,42.3,-87.9,6.398089507473047
2024-05-11 17:23:00,43092005,-0.7416119082343011,-1.0037915938099138,-0.47943222265868846,42.31375315313785,-87.97554804778305,10077,-1.99,42.3,-87.9,6.398089507473047
2024-05-11 17:24:00,43092005,-0.7371129634367642,-1.1115260425392792,-0.3626998843342493,42.31375315313785,-87.97554804778305,10077,-2.8,42.3,-87.9,6.398089507473047
2024-05-11 17:25:00,43092005,0.09070804179469191,-0.1305529525883867,0.3119690361777705,42.31375315313785,-87.97554804778305,10077,-2.82,42.3,-87.9,6.398089507473047
2024-05-11 17:26:00,43092005,1.0198751230138285,0.6082090989672893,1.4315411470603678,42.31375315313785,-87.97554804778305,10077,1.15,42.3,-87.9,6.398089507473047
2024-05-11 17:27:00,43092005,0.9526245770655003,0.2573727554419174,1.6478763986890832,42.31375315313785,-87.97554804778305,10077,2.49,42.3,-87.9,6.398089507473047
2024-05-11 17:28:00,43092005,-0.08827935439215191,-0.33110114284134085,0.15454243405703705,42.31375315313785,-87.97554804778305,10077,-1.47,42.3,-87.9,6.398089507473047
2024-05-11 17:29:00,43092005,0.7020742740286025,0.42725319649476245,0.9768953515624424,42.31375315313785,-87.97554804778305,10077,-1.93,42.3,-87.9,6.398089507473047
2024-05-11 17:30:00,43092005,0.2716629279305911,0.10236303443742972,0.4409628214237525,42.31375315313785,-87.97554804778305,10077,-0.96,42.3,-87.9,6.398089507473047
2024-05-11 17:31:00,43092005,0.5976484479428733,0.15788343011099898,1.0374134657747476,42.31375315313785,-87.97554804778305,10077,0.34,42.3,-87.9,6.398089507473047
2024-05-11 17:32:00,43092005,0.2505890631104089,-0.2648773775209104,0.7660555037417283,42.31375315313785,-87.97554804778305,10077,0.14,42.3,-87.9,6.398089507473047
2024-05-11 17:33:00,43092005,-0.5147310094884539,-0.9227651501294885,-0.1066968688474193,42.31375315313785,-87.97554804778305,10077,0.32,42.3,-87.9,6.398089507473047
2024-05-11 17:34:00,43092005,-0.8415762614225385,-1.1783967997462115,-0.5047557230988655,42.31375315313785,-87.97554804778305,10077,-0.68,42.3,-87.9,6.398089507473047
2024-05-11 17:35:00,43092005,-0.824367574301728,-1.1479715502571262,-0.5007635983463298,42.31375315313785,-87.97554804778305,10077,-1.59,42.3,-87.9,6.398089507473047
2024-05-11 17:36:00,43092005,-0.4265951416653611,-0.651692869384324,-0.20149741394639814,42.31375315313785,-87.97554804778305,10077,-1.52,42.3,-87.9,6.398089507473047
2024-05-11 17:37:00,43092005,-0.3000164329071989,-0.4068961527943277,-0.19313671302007013,42.31375315313785,-87.97554804778305,10077,-1.22,42.3,-87.9,6.398089507473047
2024-05-11 17:38:00,43092005,-0.28151117258338737,-0.44838572525122045,-0.1146366199155543,42.31375315313785,-87.97554804778305,10077,-1.87,42.3,-87.9,6.398089507473047
2024-05-11 17:39:00,43092005,0.24296436975371644,0.13921291958401166,0.3467158199234212,42.31375315313785,-87.97554804778305,10077,-1.71,42.3,-87.9,6.398089507473047
2024-05-11 17:40:00,43092005,0.7718674003480371,0.4447040926216591,1.099030708074415,42.31375315313785,-87.97554804778305,10077,-2.62,42.3,-87.9,6.398089507473047
2024-05-11 17:41:00,43092005,0.1066106430900121,-0.09381546750171126,0.30703675368173544,42.31375315313785,-87.97554804778305,10077,-2.02,42.3,-87.9,6.398089507473047
2024-05-11 17:42:00,43092005,0.059252403359950995,-0.06715212672059445,0.18565693344049644,42.31375315313785,-87.97554804778305,10077,-2.77,42.3,-87.9,6.398089507473047
2024-05-11 17:43:00,43092005,-1.4158873127395273,-2.165897240757046,-0.6658773847220086,42.31375315313785,-87.97554804778305,10077,-3.29,42.3,-87.9,6.398089507473047
2024-05-11 17:44:00,43092005,-0.9452060935622021,-1.4133154372108878,-0.47709674991351625,42.31375315313785,-87.97554804778305,10077,-2.88,42.3,-87.9,6.398089507473047
2024-05-11 17:45:00,43092005,0.5168571316737467,0.28371188651576607,0.7500023768317273,42.31375315313785,-87.97554804778305,10077,-3.01,42.3,-87.9,6.398089507473047
2024-05-11 17:46:00,43092005,-0.7172899668993088,-1.2292258974234525,-0.20535403637516525,42.31375315313785,-87.97554804778305,10077,-1.23,42.3,-87.9,6.398089507473047
2024-05-11 17:47:00,43092005,-1.2476021172688867,-2.0404730898642645,-0.45473114467350884,42.31375315313785,-87.97554804778305,10077,-1.97,42.3,-87.9,6.398089507473047
2024-05-11 17:48:00,43092005,0.2295013327743242,0.08935035592887233,0.369652309619776,42.31375315313785,-87.97554804778305,10077,-0.31,42.3,-87.9,6.398089507473047
2024-05-11 17:49:00,43092005,1.4753249369091634,0.3187465895025068,2.63190328431582,42.31375315313785,-87.97554804778305,10077,4.04,42.3,-87.9,6.398089507473047
2024-05-11 17:50:00,43092005,-0.34026075726991195,-0.6909382526780736,0.01041673813824967,42.31375315313785,-87.97554804778305,10077,-0.03,42.3,-87.9,6.398089507473047
2024-05-11 17:51:00,43092005,-0.45396838668631134,-0.615990055433524,-0.2919467179390986,42.31375315313785,-87.97554804778305,10077,-1.72,42.3,-87.9,6.398089507473047
2024-05-11 17:52:00,43092005,-0.046232242961863755,-0.1998473435315372,0.10738285760780969,42.31375315313785,-87.97554804778305,10077,-1.75,42.3,-87.9,6.398089507473047
2024-05-11 17:53:00,43092005,-0.7024697589277777,-1.2949377074179067,-0.11000181043764878,42.31375315313785,-87.97554804778305,10077,0.32,42.3,-87.9,6.398089507473047
2024-05-11 17:54:00,43092005,-1.4915435478595414,-2.4142469164569755,-0.5688401792621071,42.31375315313785,-87.97554804778305,10077,-1.59,42.3,-87.9,6.398089507473047
2024-05-11 17:55:00,43092005,-0.7052437985283241,-1.0469178687391791,-0.36356972831746903,42.31375315313785,-87.97554804778305,10077,-1.38,42.3,-87.9,6.398089507473047
2024-05-11 17:56:00,43092005,-1.0240543586643118,-1.612644013117766,-0.4354647042108578,42.31375315313785,-87.97554804778305,10077,-2.79,42.3,-87.9,6.398089507473047
2024-05-11 17:57:00,43092005,0.051832423731722976,-0.41511088768774346,0.5187757351511895,42.31375315313785,-87.97554804778305,10077,-3.39,42.3,-87.9,6.398089507473047
2024-05-11 17:58:00,43092005,1.4894862360972212,0.8591282790602197,2.119844193134223,42.31375315313785,-87.97554804778305,10077,-1.64,42.3,-87.9,6.398089507473047
2024-05-11 17:59:00,43092005,0.6342234979943842,0.13994446074086464,1.1285025352479037,42.31375315313785,-87.97554804778305,10077,1.16,42.3,-87.9,6.398089507473047
2024-05-11 18:00:00,43092005,0.18446086638652018,-0.07299594448537075,0.44191767725841113,42.31375315313785,-87.97554804778305,10077,-0.4,42.3,-87.9,6.398089507473047
2024-05-11 18:01:00,43092005,0.14053664482178232,-0.011381337263415808,0.29245462690698043,42.31375315313785,-87.97554804778305,10077,-2.45,42.3,-87.9,6.398089507473047
2024-05-11 18:02:00,43092005,0.5830297344422579,0.35441477364716034,0.8116446952373555,42.31375315313785,-87.97554804778305,10077,-3.4,42.3,-87.9,6.398089507473047
2024-05-11 18:03:00,43092005,1.0130037303481783,0.6377547967573017,1.3882526639390549,42.31375315313785,-87.97554804778305,10077,-2.66,42.3,-87.9,6.398089507473047
2024-05-11 18:04:00,43092005,0.473784414688382,0.03961221493844291,0.9079566144383211,42.31375315313785,-87.97554804778305,10077,-0.96,42.3,-87.9,6.398089507473047
2024-05-11 18:05:00,43092005,-0.9731773273426488,-1.3485001571486528,-0.5978544975366449,42.31375315313785,-87.97554804778305,10077,-0.16,42.3,-87.9,6.398089507473047
2024-05-11 18:06:00,43092005,-0.8435234396641416,-1.1634405808738055,-0.5236062984544776,42.31375315313785,-87.97554804778305,10077,-1.66,42.3,-87.9,6.398089507473047
2024-05-11 18:07:00,43092005,-1.141290156379048,-1.8079340625414397,-0.4746462502166564,42.31375315313785,-87.97554804778305,10077,-3.44,42.3,-87.9,6.398089507473047
2024-05-11 18:08:00,43092005,-0.5934563465773482,-1.2479854579101504,0.06107276475545387,42.31375315313785,-87.97554804778305,10077,-3.07,42.3,-87.9,6.398089507473047
2024-05-11 18:09:00,43092005,-0.827443695284034,-1.3406855673810805,-0.31420182318698764,42.31375315313785,-87.97554804778305,10077,-2.63,42.3,-87.9,6.398089507473047
2024-05-11 18:10:00,43092005,-0.8222993887764843,-1.3275923590711738,-0.3170064184817948,42.31375315313785,-87.97554804778305,10077,-2.11,42.3,-87.9,6.398089507473047
2024-05-11 18:11:00,43092005,-0.7918648524840075,-1.0805541646234977,-0.5031755403445173,42.31375315313785,-87.97554804778305,10077,-0.79,42.3,-87.9,6.398089507473047
2024-05-11 18:12:00,43092005,-0.36040526664906875,-0.5013817026467311,-0.2194288306514064,42.31375315313785,-87.97554804778305,10077,-0.77,42.3,-87.9,6.398089507473047
2024-05-11 18:13:00,43092005,-0.5612522458895705,-0.7734235346230302,-0.34908095715611076,42.31375315313785,-87.97554804778305,10077,-1.16,42.3,-87.9,6.398089507473047
2024-05-11 18:14:00,43092005,-0.9090313881000779,-1.3046473679268338,-0.513415408273322,42.31375315313785,-87.97554804778305,10077,-1.69,42.3,-87.9,6.398089507473047
2024-05-11 18:15:00,43092005,-0.8588412240623755,-1.2930384179313883,-0.4246440301933627,42.31375315313785,-87.97554804778305,10077,-0.08,42.3,-87.9,6.398089507473047
2024-05-11 18:16:00,43092005,-0.7741780170335208,-1.0542379484062994,-0.4941180856607422,42.31375315313785,-87.97554804778305,10077,-2.05,42.3,-87.9,6.398089507473047
2024-05-11 18:17:00,43092005,-1.137077617245425,-1.7708420068351685,-0.5033132276556819,42.31375315313785,-87.97554804778305,10077,-0.25,42.3,-87.9,6.398089507473047
2024-05-11 18:18:00,43092005,-1.0357235604733752,-1.431176594613835,-0.6402705263329154,42.31375315313785,-87.97554804778305,10077,-0.05,42.3,-87.9,6.398089507473047
2024-05-11 18:19:00,43092005,1.5599229631940823,0.4592257108145492,2.6606202155736156,42.31375315313785,-87.97554804778305,10077,-3.12,42.3,-87.9,6.398089507473047
2024-05-11 18:20:00,43092005,0.2625483040365385,-0.47036136838669196,0.995457976459769,42.31375315313785,-87.97554804778305,10077,0.31,42.3,-87.9,6.398089507473047
2024-05-11 18:21:00,43092005,-1.0031248043410312,-2.0389046722050743,0.03265506352301206,42.31375315313785,-87.97554804778305,10077,-0.29,42.3,-87.9,6.398089507473047
2024-05-11 18:22:00,43092005,-0.7342232792150407,-1.0581381648200774,-0.41030839361000404,42.31375315313785,-87.97554804778305,10077,-1.3,42.3,-87.9,6.398089507473047
2024-05-11 18:23:00,43092005,0.7247589713891497,0.21615806202600274,1.2333598807522965,42.31375315313785,-87.97554804778305,10077,0.57,42.3,-87.9,6.398089507473047
2024-05-11 18:24:00,43092005,-1.2918788804007428,-1.880288459408279,-0.7034693013932067,42.31375315313785,-87.97554804778305,10077,1.35,42.3,-87.9,6.398089507473047
2024-05-11 18:25:00,43092005,-0.4303396857882801,-0.5867388398229819,-0.27394053175357824,42.31375315313785,-87.97554804778305,10077,-0.53,42.3,-87.9,6.398089507473047
2024-05-11 18:26:00,43092005,-0.1088081450168893,-0.17844372480190773,-0.039172565231870876,42.31375315313785,-87.97554804778305,10077,-3.43,42.3,-87.9,6.398089507473047
2024-05-11 18:27:00,43092005,-0.6635224008582589,-0.957148113786515,-0.3698966879300028,42.31375315313785,-87.97554804778305,10077,-2.57,42.3,-87.9,6.398089507473047
2024-05-11 18:28:00,43092005,0.6695911452776833,0.3029870202980707,1.0361952702572959,42.31375315313785,-87.97554804778305,10077,-2.94,42.3,-87.9,6.398089507473047
2024-05-11 18:29:00,43092005,-0.1131153192911192,-0.6032669070968703,0.3770362685146319,42.31375315313785,-87.97554804778305,10077,-0.46,42.3,-87.9,6.398089507473047
2024-05-11 18:30:00,43092005,-0.42194487257302743,-0.6198110112094997,-0.2240787339365552,42.31375315313785,-87.97554804778305,10077,-1.12,42.3,-87.9,6.398089507473047
2024-05-11 18:31:00,43092005,0.6321689143104661,0.402391084645525,0.8619467439754072,42.31375315313785,-87.97554804778305,10077,-2.67,42.3,-87.9,6.398089507473047
2024-05-11 18:32:00,43092005,-0.32676927936143757,-0.5181819338973221,-0.13535662482555305,42.31375315313785,-87.97554804778305,10077,0.29,42.3,-87.9,6.398089507473047
2024-05-11 18:33:00,43092005,-0.7140622057935648,-1.0150559334065634,-0.4130684781805662,42.31375315313785,-87.97554804778305,10077,-1.7,42.3,-87.9,6.398089507473047
2024-05-11 18:34:00,43092005,-0.6620072182781416,-0.8948505727238739,-0.42916386383240923,42.31375315313785,-87.97554804778305,10077,-0.92,42.3,-87.9,6.398089507473047
2024-05-11 18:35:00,43092005,-0.48684373399929,-0.6737883040430787,-0.2998991639555013,42.31375315313785,-87.97554804778305,10077,0.52,42.3,-87.9,6.398089507473047
2024-05-11 18:36:00,43092005,-1.317890229343173,-1.9047156943865664,-0.7310647642997795,42.31375315313785,-87.97554804778305,10077,0.23,42.3,-87.9,6.398089507473047
2024-05-11 18:37:00,43092005,1.0054346139176298,0.28999601363556415,1.7208732141996954,42.31375315313785,-87.97554804778305,10077,-2.67,42.3,-87.9,6.398089507473047
2024-05-11 18:38:00,43092005,-0.11503254570067513,-0.29487799957077643,0.06481290816942618,42.31375315313785,-87.97554804778305,10077,-0.13,42.3,-87.9,6.398089507473047
2024-05-11 18:39:00,43092005,-0.39815391484358553,-0.5470609116270742,-0.24924691806009688,42.31375315313785,-87.97554804778305,10077,-0.51,42.3,-87.9,6.398089507473047
2024-05-11 18:40:00,43092005,-0.8597798671265294,-1.1847855619023036,-0.5347741723507553,42.31375315313785,-87.97554804778305,10077,-2.9,42.3,-87.9,6.398089507473047
2024-05-11 18:41:00,43092005,0.17935846959191717,-0.36435618987511187,0.7230731290589462,42.31375315313785,-87.97554804778305,10077,-1.19,42.3,-87.9,6.398089507473047
2024-05-11 18:42:00,43092005,1.6633699145681577,1.0279646403772038,2.2987751887591115,42.31375315313785,-87.97554804778305,10077,0.74,42.3,-87.9,6.398089507473047
2024-05-11 18:43:00,43092005,0.6323825832337309,0.12890384716496128,1.1358613193025004,42.31375315313785,-87.97554804778305,10077,-0.94,42.3,-87.9,6.398089507473047
2024-05-11 18:44:00,43092005,1.2268705269447844,0.745717601647035,1.7080234522425337,42.31375315313785,-87.97554804778305,10077,-2.19,42.3,-87.9,6.398089507473047
2024-05-11 18:45:00,43092005,0.5400566587173251,0.3127253107783421,0.7673880066563081,42.31375315313785,-87.97554804778305,10077,-2.17,42.3,-87.9,6.398089507473047
2024-05-11 18:46:00,43092005,0.48862873259138195,0.26475406209026187,0.712503403092502,42.31375315313785,-87.97554804778305,10077,-2.69,42.3,-87.9,6.398089507473047
2024-05-11 18:47:00,43092005,-1.6155647698575093,-2.190069127245149,-1.0410604124698697,42.31375315313785,-87.97554804778305,10077,-0.96,42.3,-87.9,6.398089507473047
2024-05-11 18:48:00,43092005,-1.3813929842005397,-2.0118125483240803,-0.7509734200769993,42.31375315313785,-87.97554804778305,10077,-3.56,42.3,-87.9,6.398089507473047
2024-05-11 18:49:00,43092005,-0.07601862265878674,-0.3630248031337797,0.21098755781620626,42.31375315313785,-87.97554804778305,10077,-1.43,42.3,-87.9,6.398089507473047
2024-05-11 18:50:00,43092005,-0.330945551918264,-0.47217862532842886,-0.1897124785080992,42.31375315313785,-87.97554804778305,10077,-3.14,42.3,-87.9,6.398089507473047
2024-05-11 18:51:00,43092005,-0.19112623061279865,-0.691544541161885,0.3092920799362877,42.31375315313785,-87.97554804778305,10077,-0.06,42.3,-87.9,6.398089507473047
2024-05-11 18:52:00,43092005,-1.3186070645153043,-2.0527596910317394,-0.5844544379988691,42.31375315313785,-87.97554804778305,10077,1.17,42.3,-87.9,6.398089507473047
2024-05-11 18:53:00,43092005,-0.6927425978649268,-1.081765993886008,-0.3037192018438455,42.31375315313785,-87.97554804778305,10077,-1.75,42.3,-87.9,6.398089507473047
2024-05-11 18:54:00,43092005,0.13788199013763283,-0.00010035217574874689,0.2758643324510144,42.31375315313785,-87.97554804778305,10077,-1.01,42.3,-87.9,6.398089507473047
2024-05-11 18:55:00,43092005,0.09756331598528552,-0.2249382988286716,0.4200649307992426,42.31375315313785,-87.97554804778305,10077,-1.88,42.3,-87.9,6.398089507473047
2024-05-11 18:56:00,43092005,0.457421048085579,0.2116606884300104,0.7031814077411476,42.31375315313785,-87.97554804778305,10077,-0.83,42.3,-87.9,6.398089507473047
2024-05-11 18:57:00,43092005,0.46899460698652984,0.11471002755485987,0.8232791864181999,42.31375315313785,-87.97554804778305,10077,-1.81,42.3,-87.9,6.398089507473047
2024-05-11 18:58:00,43092005,1.1889790656012402,0.6839754863303349,1.6939826448721456,42.31375315313785,-87.97554804778305,10077,-2.79,42.3,-87.9,6.398089507473047
2024-05-11 18:59:00,43092005,-0.7911164216641197,-1.1806763195216015,-0.4015565238066379,42.31375315313785,-87.97554804778305,10077,-1.62,42.3,-87.9,6.398089507473047
2024-05-11 19:00:00,43092005,-1.042365330306435,-1.713997709313742,-0.3707329512991281,42.31375315313785,-87.97554804778305,10077,-2.62,42.3,-87.9,6.398089507473047
2024-05-11 19:01:00,43092005,-0.22821964061133945,-0.9036625604314971,0.4472232792088181,42.31375315313785,-87.97554804778305,10077,-2.89,42.3,-87.9,6.398089507473047
2024-05-11 19:02:00,43092005,-0.3322195682676397,-0.6410830573724979,-0.023356079162781485,42.31375315313785,-87.97554804778305,10077,-2.21,42.3,-87.9,6.398089507473047
2024-05-11 19:03:00,43092005,0.4729775873825122,0.0976617530082246,0.8482934217567999,42.31375315313785,-87.97554804778305,10077,-0.19,42.3,-87.9,6.398089507473047
2024-05-11 19:04:00,43092005,0.19966859565079118,0.013903874148866069,0.3854333171527163,42.31375315313785,-87.97554804778305,10077,-1.3,42.3,-87.9,6.398089507473047
2024-05-11 19:05:00,43092005,0.960293233842778,0.6132742814668767,1.3073121862186792,42.31375315313785,-87.97554804778305,10077,-1.11,42.3,-87.9,6.398089507473047
2024-05-11 19:06:00,43092005,0.4957959083910275,0.31840126989475753,0.6731905468872974,42.31375315313785,-87.97554804778305,10077,-1.24,42.3,-87.9,6.398089507473047
2024-05-11 19:07:00,43092005,0.6598661030668364,0.39322455009797286,0.9265076560356998,42.31375315313785,-87.97554804778305,10077,-2.09,42.3,-87.9,6.398089507473047
2024-05-11 19:08:00,43092005,1.4946338341648417,0.9419867626782774,2.047280905651406,42.31375315313785,-87.97554804778305,10077,-2.39,42.3,-87.9,6.398089507473047
2024-05-11 19:09:00,43092005,0.8783529023628187,0.5486216174757346,1.2080841872499029,42.31375315313785,-87.97554804778305,10077,-0.56,42.3,-87.9,6.398089507473047
2024-05-11 19:10:00,43092005,-1.090119396688832,-1.7783928940458331,-0.401845899331831,42.31375315313785,-87.97554804778305,10077,1.27,42.3,-87.9,6.398089507473047
2024-05-11 19:11:00,43092005,-1.0781382662162446,-1.5481775640485917,-0.6080989683838975,42.31375315313785,-87.97554804778305,10077,-1.15,42.3,-87.9,6.398089507473047
2024-05-11 19:12:00,43092005,0.08158746013084642,-0.5437176428941918,0.7068925631558846,42.31375315313785,-87.97554804778305,10077,-1.95,42.3,-87.9,6.398089507473047
2024-05-11 19:13:00,43092005,0.8643516202452581,0.28601388540400974,1.4426893550865065,42.31375315313785,-87.97554804778305,10077,-2.13,42.3,-87.9,6.398089507473047
2024-05-11 19:14:00,43092005,2.588197781851417,1.6242129164277002,3.552182647275134,42.31375315313785,-87.97554804778305,10077,-0.73,42.3,-87.9,6.398089507473047
2024-05-11 19:15:00,43092005,1.3807679506994428,0.7071720291577703,2.0543638722411153,42.31375315313785,-87.97554804778305,10077,-1.38,42.3,-87.9,6.398089507473047
2024-05-11 19:16:00,43092005,1.1168836682922858,0.6882666643121865,1.545500672272385,42.31375315313785,-87.97554804778305,10077,-3.61,42.3,-87.9,6.398089507473047
2024-05-11 19:17:00,43092005,0.9308889718133405,0.5814169875199247,1.2803609561067564,42.31375315313785,-87.97554804778305,10077,-1.59,42.3,-87.9,6.398089507473047
2024-05-11 19:18:00,43092005,1.2215826897170012,0.7900939140462944,1.653071465387708,42.31375315313785,-87.97554804778305,10077,-3.52,42.3,-87.9,6.398089507473047
2024-05-11 19:19:00,43092005,1.6168066551138585,1.0481779199861916,2.1854353902415253,42.31375315313785,-87.97554804778305,10077,-2.88,42.3,-87.9,6.398089507473047
2024-05-11 19:20:00,43092005,0.867843076810801,0.44268748418198467,1.2929986694396174,42.31375315313785,-87.97554804778305,10077,-1.97,42.3,-87.9,6.398089507473047
2024-05-11 19:21:00,43092005,0.98126931608022,0.6331437976369807,1.3293948345234594,42.31375315313785,-87.97554804778305,10077,-3.51,42.3,-87.9,6.398089507473047
2024-05-11 19:22:00,43092005,2.5313598674192166,1.6421396688056247,3.4205800660328087,42.31375315313785,-87.97554804778305,10077,-2.72,42.3,-87.9,6.398089507473047
2024-05-11 19:23:00,43092005,1.232181337542854,0.2847309068326025,2.1796317682531057,42.31375315313785,-87.97554804778305,10077,0.43,42.3,-87.9,6.398089507473047
2024-05-11 19:24:00,43092005,-0.5008022179640362,-0.9618647390689011,-0.039739696859171336,42.31375315313785,-87.97554804778305,10077,-1.33,42.3,-87.9,6.398089507473047
2024-05-11 19:25:00,43092005,-0.48815216129192884,-0.7169003473643913,-0.25940397521946634,42.31375315313785,-87.97554804778305,10077,-1.28,42.3,-87.9,6.398089507473047
2024-05-11 19:26:00,43092005,-1.6234244696963998,-2.339618576240927,-0.9072303631518723,42.31375315313785,-87.97554804778305,10077,1.02,42.3,-87.9,6.398089507473047
2024-05-11 19:27:00,43092005,-2.996445907013757,-4.109350916039312,-1.8835408979882022,42.31375315313785,-87.97554804778305,10077,1.18,42.3,-87.9,6.398089507473047
2024-05-11 19:28:00,43092005,-1.0694714402494006,-1.5903638960378332,-0.5485789844609678,42.31375315313785,-87.97554804778305,10077,-0.52,42.3,-87.9,6.398089507473047
2024-05-11 19:29:00,43092005,-0.9064586294656223,-1.4894300946205106,-0.3234871643107341,42.31375315313785,-87.97554804778305,10077,1.35,42.3,-87.9,6.398089507473047
2024-05-11 19:30:00,43092005,0.1340698631658898,-0.03589968907873145,0.30403941541051105,42.31375315313785,-87.97554804778305,10077,-0.79,42.3,-87.9,6.398089507473047
2024-05-11 19:31:00,43092005,-0.08676708953647365,-0.2454386185902911,0.07190443951734381,42.31375315313785,-87.97554804778305,10077,0.27,42.3,-87.9,6.398089507473047
2024-05-11 19:32:00,43092005,-0.3928848798281716,-0.5625143825156583,-0.22325537714068489,42.31375315313785,-87.97554804778305,10077,-0.85,42.3,-87.9,6.398089507473047
2024-05-11 19:33:00,43092005,-0.8811761716329364,-1.198663447844077,-0.5636888954217958,42.31375315313785,-87.97554804778305,10077,-1.47,42.3,-87.9,6.398089507473047
2024-05-11 19:34:00,43092005,-0.5438077084738808,-0.7389901081541967,-0.34862530879356485,42.31375315313785,-87.97554804778305,10077,-2.33,42.3,-87.9,6.398089507473047
2024-05-11 19:35:00,43092005,-0.4558826100015849,-0.641765698714748,-0.2699995212884218,42.31375315313785,-87.97554804778305,10077,-2.27,42.3,-87.9,6.398089507473047
2024-05-11 19:36:00,43092005,-1.2785891039777817,-1.7320175522015717,-0.8251606557539917,42.31375315313785,-87.97554804778305,10077,-1.36,42.3,-87.9,6.398089507473047
2024-05-11 19:37:00,43092005,-1.08727061559906,-1.512400803501534,-0.6621404276965859,42.31375315313785,-87.97554804778305,10077,0.07,42.3,-87.9,6.398089507473047
2024-05-11 19:38:00,43092005,-0.11420685624134672,-0.37701665052585676,0.1486029380431633,42.31375315313785,-87.97554804778305,10077,-0.18,42.3,-87.9,6.398089507473047
2024-05-11 19:39:00,43092005,0.3601025802113657,0.20611185630415316,0.5140933041185782,42.31375315313785,-87.97554804778305,10077,0.34,42.3,-87.9,6.398089507473047
2024-05-11 19:40:00,43092005,1.11314685855593,0.7226864653045333,1.503607251807327,42.31375315313785,-87.97554804778305,10077,-1.44,42.3,-87.9,6.398089507473047
2024-05-11 19:41:00,43092005,-0.08819757873686028,-0.5162358948102732,0.3398407373365526,42.31375315313785,-87.97554804778305,10077,-0.36,42.3,-87.9,6.398089507473047
2024-05-11 19:42:00,43092005,-1.193672627061232,-1.6227745012800798,-0.764570752842384,42.31375315313785,-87.97554804778305,10077,-3.44,42.3,-87.9,6.398089507473047
2024-05-11 19:43:00,43092005,0.9051617055082166,0.01358377641310149,1.7967396346033317,42.31375315313785,-87.97554804778305,10077,-2.6,42.3,-87.9,6.398089507473047
2024-05-11 19:44:00,43092005,-0.7956776771143564,-1.1102152383682184,-0.4811401158604945,42.31375315313785,-87.97554804778305,10077,-1.63,42.3,-87.9,6.398089507473047
2024-05-11 19:45:00,43092005,-1.1243396837609752,-1.5339428780449988,-0.7147364894769515,42.31375315313785,-87.97554804778305,10077,-0.66,42.3,-87.9,6.398089507473047
2024-05-11 19:46:00,43092005,-0.4237026125892885,-0.6249241130792759,-0.22248111209930108,42.31375315313785,-87.97554804778305,10077,-1.6,42.3,-87.9,6.398089507473047
2024-05-11 19:47:00,43092005,-0.402533442099441,-0.549176009027039,-0.25589087517184295,42.31375315313785,-87.97554804778305,10077,-0.45,42.3,-87.9,6.398089507473047
2024-05-11 19:48:00,43092005,-1.1937751428301173,-1.6517445520869947,-0.73580573357324,42.31375315313785,-87.97554804778305,10077,-0.14,42.3,-87.9,6.398089507473047
2024-05-11 19:49:00,43092005,-0.18389853568780318,-0.27461378470781184,-0.09318328666779449,42.31375315313785,-87.97554804778305,10077,-0.35,42.3,-87.9,6.398089507473047
2024-05-11 19:50:00,43092005,-0.593213844656907,-0.8592776432953926,-0.3271500460184214,42.31375315313785,-87.97554804778305,10077,-0.61,42.3,-87.9,6.398089507473047
2024-05-11 19:51:00,43092005,-0.4516902908794862,-0.6520544786390785,-0.25132610311989384,42.31375315313785,-87.97554804778305,10077,-1.5,42.3,-87.9,6.398089507473047
2024-05-11 19:52:00,43092005,-0.3763117334691056,-0.5194217802864284,-0.23320168665178284,42.31375315313785,-87.97554804778305,10077,-2.32,42.3,-87.9,6.398089507473047
2024-05-11 19:53:00,43092005,-0.39176701713250695,-0.7496284459009387,-0.0339055883640752,42.31375315313785,-87.97554804778305,10077,-1.85,42.3,-87.9,6.398089507473047
2024-05-11 19:54:00,43092005,-0.23725551527657576,-0.5041096664753597,0.029598635922208155,42.31375315313785,-87.97554804778305,10077,-2.01,42.3,-87.9,6.398089507473047
2024-05-11 19:55:00,43092005,-0.08599449789010334,-0.13729022858616013,-0.034698767194046555,42.31375315313785,-87.97554804778305,10077,-1.76,42.3,-87.9,6.398089507473047
2024-05-11 19:56:00,43092005,-0.7361267251441055,-1.0101728783093105,-0.46208057197890057,42.31375315313785,-87.97554804778305,10077,-0.44,42.3,-87.9,6.398089507473047
2024-05-11 19:57:00,43092005,-0.6893751111656502,-0.9898374295304704,-0.3889127928008301,42.31375315313785,-87.97554804778305,10077,-0.98,42.3,-87.9,6.398089507473047
2024-05-11 19:58:00,43092005,-0.056070965061265916,-0.1258237745193894,0.013681844396857552,42.31375315313785,-87.97554804778305,10077,-0.67,42.3,-87.9,6.398089507473047
2024-05-11 19:59:00,43092005,-0.7613802377442668,-1.0405656590483499,-0.4821948164401837,42.31375315313785,-87.97554804778305,10077,-1.0,42.3,-87.9,6.398089507473047
2024-05-11 20:00:00,43092005,0.43450111788429113,0.2651725300000314,0.6038297057685509,42.31375315313785,-87.97554804778305,10077,-0.24,42.3,-87.9,6.398089507473047
2024-05-11 20:01:00,43092005,-1.7970496445968933,-2.428248801680156,-1.1658504875136306,42.31375315313785,-87.97554804778305,10077,0.66,42.3,-87.9,6.398089507473047
2024-05-11 20:02:00,43092005,-1.6599886182849244,-2.8887287732281868,-0.4312484633416618,42.31375315313785,-87.97554804778305,10077,-8.61,42.3,-87.9,6.398089507473047
2024-05-11 20:03:00,43092005,4.090480535624917,2.407708793693368,5.773252277556466,42.31375315313785,-87.97554804778305,10077,-2.23,42.3,-87.9,6.398089507473047
2024-05-11 20:04:00,43092005,0.22030076680032135,-0.5527526447017739,0.9933541783024165,42.31375315313785,-87.97554804778305,10077,0.29,42.3,-87.9,6.398089507473047
2024-05-11 20:05:00,43092005,0.5637242122238764,-0.08999674431262705,1.2174451687603798,42.31375315313785,-87.97554804778305,10077,0.63,42.3,-87.9,6.398089507473047
2024-05-11 20:06:00,43092005,-1.0388951461043274,-1.9537992260659405,-0.12399106614271438,42.31375315313785,-87.97554804778305,10077,1.82,42.3,-87.9,6.398089507473047
2024-05-11 20:07:00,43092005,-1.3533768834094553,-2.0024642687552063,-0.7042894980637041,42.31375315313785,-87.97554804778305,10077,1.55,42.3,-87.9,6.398089507473047
2024-05-11 20:08:00,43092005,-1.9227894009802873,-2.596740269815201,-1.2488385321453737,42.31375315313785,-87.97554804778305,10077,-0.25,42.3,-87.9,6.398089507473047
2024-05-11 20:09:00,43092005,-0.39656594107341825,-0.9017381415377242,0.10860625939088775,42.31375315313785,-87.97554804778305,10077,-0.57,42.3,-87.9,6.398089507473047
2024-05-11 20:10:00,43092005,0.39985072945027533,-0.010264678985998643,0.8099661378865493,42.31375315313785,-87.97554804778305,10077,-1.79,42.3,-87.9,6.398089507473047
2024-05-11 20:11:00,43092005,1.0921874122885535,0.7093422152919351,1.475032609285172,42.31375315313785,-87.97554804778305,10077,-2.06,42.3,-87.9,6.398089507473047
2024-05-11 20:12:00,43092005,0.19803558327507825,-0.04477498252187073,0.44084614907202724,42.31375315313785,-87.97554804778305,10077,-0.46,42.3,-87.9,6.398089507473047
2024-05-11 20:13:00,43092005,0.5322930625357425,0.3454591341090463,0.7191269909624387,42.31375315313785,-87.97554804778305,10077,-0.29,42.3,-87.9,6.398089507473047
2024-05-11 20:14:00,43092005,0.012001698187519276,-0.46315999340825337,0.48716338978329193,42.31375315313785,-87.97554804778305,10077,-3.9,42.3,-87.9,6.398089507473047
2024-05-11 20:15:00,43092005,1.4075284537574495,0.5449902404791402,2.270066667035759,42.31375315313785,-87.97554804778305,10077,-3.27,42.3,-87.9,6.398089507473047
2024-05-11 20:16:00,43092005,1.1297690730943417,0.6761763797590046,1.5833617664296789,42.31375315313785,-87.97554804778305,10077,-3.03,42.3,-87.9,6.398089507473047
2024-05-11 20:17:00,43092005,0.41347685822269375,0.2607533457963861,0.5662003706490014,42.31375315313785,-87.97554804778305,10077,-3.42,42.3,-87.9,6.398089507473047
2024-05-11 20:18:00,43092005,-0.07718986789350174,-0.1736025932391882,0.019222857452184702,42.31375315313785,-87.97554804778305,10077,-2.73,42.3,-87.9,6.398089507473047
2024-05-11 20:19:00,43092005,-0.16791657265049598,-0.36125040715024276,0.025417261849250805,42.31375315313785,-87.97554804778305,10077,-2.01,42.3,-87.9,6.398089507473047
2024-05-11 20:20:00,43092005,0.5218362853702456,0.20191926486238737,0.8417533058781039,42.31375315313785,-87.97554804778305,10077,-2.6,42.3,-87.9,6.398089507473047
2024-05-11 20:21:00,43092005,0.9746842043366946,0.6320195240684434,1.3173488846049457,42.31375315313785,-87.97554804778305,10077,-2.7,42.3,-87.9,6.398089507473047
2024-05-11 20:22:00,43092005,0.7699022266154824,0.4208221154377765,1.1189823377931882,42.31375315313785,-87.97554804778305,10077,-1.94,42.3,-87.9,6.398089507473047
2024-05-11 20:23:00,43092005,-0.17208823346810645,-0.31996548070805464,-0.024210986228158232,42.31375315313785,-87.97554804778305,10077,-0.95,42.3,-87.9,6.398089507473047
2024-05-11 20:24:00,43092005,-0.22011822365444791,-0.348615048322516,-0.09162139898637986,42.31375315313785,-87.97554804778305,10077,-0.8,42.3,-87.9,6.398089507473047
2024-05-11 20:25:00,43092005,0.7323442563078457,0.47455715030694107,0.9901313623087504,42.31375315313785,-87.97554804778305,10077,-2.05,42.3,-87.9,6.398089507473047
2024-05-11 20:26:00,43092005,1.1710551350860667,0.73275046661167,1.6093598035604635,42.31375315313785,-87.97554804778305,10077,-3.16,42.3,-87.9,6.398089507473047
2024-05-11 20:27:00,43092005,1.316735947117172,0.8457673959426264,1.7877044982917176,42.31375315313785,-87.97554804778305,10077,-2.63,42.3,-87.9,6.398089507473047
2024-05-11 20:28:00,43092005,0.9077010885217136,0.4703685681035955,1.3450336089398318,42.31375315313785,-87.97554804778305,10077,-0.98,42.3,-87.9,6.398089507473047
2024-05-11 20:29:00,43092005,1.8691134848316808,1.17271715926757,2.565509810395792,42.31375315313785,-87.97554804778305,10077,-2.93,42.3,-87.9,6.398089507473047
2024-05-11 20:30:00,43092005,1.4495320873601096,0.9178648630628637,1.9811993116573556,42.31375315313785,-87.97554804778305,10077,-3.29,42.3,-87.9,6.398089507473047
2024-05-11 20:31:00,43092005,0.6997408400503289,0.19133144466130536,1.2081502354393523,42.31375315313785,-87.97554804778305,10077,-1.31,42.3,-87.9,6.398089507473047
2024-05-11 20:32:00,43092005,1.0518279477094947,0.6767413020377036,1.426914593381286,42.31375315313785,-87.97554804778305,10077,-1.82,42.3,-87.9,6.398089507473047
2024-05-11 20:33:00,43092005,1.6797297279114711,1.05082427800517,2.3086351778177723,42.31375315313785,-87.97554804778305,10077,-1.26,42.3,-87.9,6.398089507473047
2024-05-11 20:34:00,43092005,-0.13708775072506765,-0.8063923464611437,0.5322168450110084,42.31375315313785,-87.97554804778305,10077,0.55,42.3,-87.9,6.398089507473047
2024-05-11 20:35:00,43092005,0.08617755882322738,-0.042329962265827956,0.2146850799122827,42.31375315313785,-87.97554804778305,10077,-1.24,42.3,-87.9,6.398089507473047
2024-05-11 20:36:00,43092005,0.40162644166508715,0.22590398821465504,0.5773488951155192,42.31375315313785,-87.97554804778305,10077,-1.7,42.3,-87.9,6.398089507473047
2024-05-11 20:37:00,43092005,0.24893386144206198,-0.03855507576562783,0.5364227986497518,42.31375315313785,-87.97554804778305,10077,-0.92,42.3,-87.9,6.398089507473047
2024-05-11 20:38:00,43092005,-0.4419083385389849,-0.6089505636774799,-0.2748661134004899,42.31375315313785,-87.97554804778305,10077,-0.52,42.3,-87.9,6.398089507473047
2024-05-11 20:39:00,43092005,-0.011731574081010618,-0.15891874912689422,0.135455600964873,42.31375315313785,-87.97554804778305,10077,-0.96,42.3,-87.9,6.398089507473047
2024-05-11 20:40:00,43092005,-0.3244729315731348,-0.5368664644425766,-0.11207939870369299,42.31375315313785,-87.97554804778305,10077,0.02,42.3,-87.9,6.398089507473047
2024-05-11 20:41:00,43092005,1.048275391298129,0.5727057763959409,1.5238450062003173,42.31375315313785,-87.97554804778305,10077,-0.28,42.3,-87.9,6.398089507473047
2024-05-11 20:42:00,43092005,0.2522971292136046,-0.13017585006238436,0.6347701084895936,42.31375315313785,-87.97554804778305,10077,0.24,42.3,-87.9,6.398089507473047
2024-05-11 20:43:00,43092005,-0.7398424439860466,-1.0046094592306158,-0.4750754287414774,42.31375315313785,-87.97554804778305,10077,-1.51,42.3,-87.9,6.398089507473047
2024-05-11 20:44:00,43092005,-0.3441409044055108,-0.8110241747224187,0.12274236591139709,42.31375315313785,-87.97554804778305,10077,-0.91,42.3,-87.9,6.398089507473047
2024-05-11 20:45:00,43092005,0.9453144553012418,0.6130500248069917,1.277578885795492,42.31375315313785,-87.97554804778305,10077,-2.66,42.3,-87.9,6.398089507473047
2024-05-11 20:46:00,43092005,0.9852382334411368,0.4233147755818263,1.5471616913004473,42.31375315313785,-87.97554804778305,10077,-1.47,42.3,-87.9,6.398089507473047
2024-05-11 20:47:00,43092005,0.5320795931500899,0.3156704495312015,0.7484887367689783,42.31375315313785,-87.97554804778305,10077,-1.98,42.3,-87.9,6.398089507473047
2024-05-11 20:48:00,43092005,1.063590323977303,0.6896225850745621,1.437558062880044,42.31375315313785,-87.97554804778305,10077,-2.49,42.3,-87.9,6.398089507473047
2024-05-11 20:49:00,43092005,0.7672822875038424,0.49828229328269713,1.0362822817249877,42.31375315313785,-87.97554804778305,10077,-2.03,42.3,-87.9,6.398089507473047
2024-05-11 20:50:00,43092005,0.49712053749869045,0.3066353648971105,0.6876057101002704,42.31375315313785,-87.97554804778305,10077,-1.55,42.3,-87.9,6.398089507473047
2024-05-11 20:51:00,43092005,0.1701714087233594,0.07350861993041136,0.26683419751630744,42.31375315313785,-87.97554804778305,10077,-1.46,42.3,-87.9,6.398089507473047
2024-05-11 20:52:00,43092005,0.07079729043328925,0.040063704577927156,0.10153087628865134,42.31375315313785,-87.97554804778305,10077,-1.79,42.3,-87.9,6.398089507473047
2024-05-11 20:53:00,43092005,0.4242655032724002,0.21083113962298453,0.6376998669218159,42.31375315313785,-87.97554804778305,10077,-1.8,42.3,-87.9,6.398089507473047
2024-05-11 20:54:00,43092005,-0.04404997385020472,-0.1938261563640306,0.10572620866362116,42.31375315313785,-87.97554804778305,10077,-1.24,42.3,-87.9,6.398089507473047
2024-05-11 20:55:00,43092005,0.1373031807594809,-0.06533940122512713,0.33994576274408894,42.31375315313785,-87.97554804778305,10077,-1.27,42.3,-87.9,6.398089507473047
2024-05-11 20:56:00,43092005,0.9957281372003388,0.6311486112062248,1.3603076631944528,42.31375315313785,-87.97554804778305,10077,-1.84,42.3,-87.9,6.398089507473047
2024-05-11 20:57:00,43092005,0.945455046823449,0.6013836552734155,1.2895264383734826,42.31375315313785,-87.97554804778305,10077,-0.52,42.3,-87.9,6.398089507473047
2024-05-11 20:58:00,43092005,-0.045829118423009324,-0.4948670566228147,0.403208819776796,42.31375315313785,-87.97554804778305,10077,1.88,42.3,-87.9,6.398089507473047
2024-05-11 20:59:00,43092005,1.0009841647251208,0.5270471171583295,1.474921212291912,42.31375315313785,-87.97554804778305,10077,0.14,42.3,-87.9,6.398089507473047
2024-05-11 21:00:00,43092005,1.6795968111595116,1.061737218293058,2.297456404025965,42.31375315313785,-87.97554804778305,10077,-1.1,42.3,-87.9,6.398089507473047
2024-05-11 21:01:00,43092005,1.0955089400884204,0.6511119338183038,1.539905946358537,42.31375315313785,-87.97554804778305,10077,-1.1,42.3,-87.9,6.398089507473047
2024-05-11 21:02:00,43092005,1.1842507171003442,0.7658165982123504,1.602684835988338,42.31375315313785,-87.97554804778305,10077,-1.21,42.3,-87.9,6.398089507473047
2024-05-11 21:03:00,43092005,0.918977279262734,0.5968356548519291,1.2411189036735388,42.31375315313785,-87.97554804778305,10077,-1.98,42.3,-87.9,6.398089507473047
2024-05-11 21:04:00,43092005,-0.42352673946967334,-0.6644358693790557,-0.18261760956029097,42.31375315313785,-87.97554804778305,10077,-1.16,42.3,-87.9,6.398089507473047
2024-05-11 21:05:00,43092005,1.2265222230295938,0.6894627601677824,1.7635816858914053,42.31375315313785,-87.97554804778305,10077,-2.73,42.3,-87.9,6.398089507473047
2024-05-11 21:06:00,43092005,1.6622246503269762,0.9521627762342046,2.3722865244197475,42.31375315313785,-87.97554804778305,10077,-3.63,42.3,-87.9,6.398089507473047
2024-05-11 21:07:00,43092005,0.23869496099303292,-0.37907605186739435,0.8564659738534601,42.31375315313785,-87.97554804778305,10077,-4.53,42.3,-87.9,6.398089507473047
2024-05-11 21:08:00,43092005,0.22831489103332742,-0.4504581648687725,0.9070879469354274,42.31375315313785,-87.97554804778305,10077,-4.71,42.3,-87.9,6.398089507473047
2024-05-11 21:09:00,43092005,1.5182237462665802,0.4762742600773753,2.560173232455785,42.31375315313785,-87.97554804778305,10077,-4.39,42.3,-87.9,6.398089507473047
2024-05-11 21:10:00,43092005,-0.4304551852354709,-0.8234046178539697,-0.03750575261697209,42.31375315313785,-87.97554804778305,10077,-3.83,42.3,-87.9,6.398089507473047
2024-05-11 21:11:00,43092005,0.28676468167596386,-0.004405515812042404,0.5779348791639701,42.31375315313785,-87.97554804778305,10077,-4.61,42.3,-87.9,6.398089507473047
2024-05-11 21:12:00,43092005,0.9964385089513502,0.4835044415601494,1.509372576342551,42.31375315313785,-87.97554804778305,10077,-3.52,42.3,-87.9,6.398089507473047
2024-05-11 21:13:00,43092005,1.180164426117015,0.7559085584582638,1.6044202937757661,42.31375315313785,-87.97554804778305,10077,-0.94,42.3,-87.9,6.398089507473047
2024-05-11 21:14:00,43092005,0.8817687621133,0.19527303942112773,1.5682644848054723,42.31375315313785,-87.97554804778305,10077,1.47,42.3,-87.9,6.398089507473047
2024-05-11 21:15:00,43092005,1.4909557418799715,-0.003790329301404771,2.9857018130613477,42.31375315313785,-87.97554804778305,10077,1.61,42.3,-87.9,6.398089507473047
2024-05-11 21:16:00,43092005,2.512018244405438,0.987956821616998,4.036079667193878,42.31375315313785,-87.97554804778305,10077,0.96,42.3,-87.9,6.398089507473047
2024-05-11 21:17:00,43092005,-0.7304020897044163,-1.4152205603551447,-0.04558361905368813,42.31375315313785,-87.97554804778305,10077,2.32,42.3,-87.9,6.398089507473047
2024-05-11 21:18:00,43092005,-0.3063734330815779,-0.4423074021448524,-0.17043946401830332,42.31375315313785,-87.97554804778305,10077,-0.29,42.3,-87.9,6.398089507473047
2024-05-11 21:19:00,43092005,0.4008967676911886,0.22538825830322784,0.5764052770791493,42.31375315313785,-87.97554804778305,10077,-0.01,42.3,-87.9,6.398089507473047
2024-05-11 21:20:00,43092005,0.46755440321221087,0.1514451943032054,0.7836636121212164,42.31375315313785,-87.97554804778305,10077,-0.92,42.3,-87.9,6.398089507473047
2024-05-11 21:21:00,43092005,0.15566776535341884,0.017657883686034465,0.29367764702080323,42.31375315313785,-87.97554804778305,10077,-0.71,42.3,-87.9,6.398089507473047
2024-05-11 21:22:00,43092005,-0.49328824401107196,-0.9270755139746183,-0.05950097404752558,42.31375315313785,-87.97554804778305,10077,0.96,42.3,-87.9,6.398089507473047
2024-05-11 21:23:00,43092005,-0.8697770530717415,-1.177530098572552,-0.5620240075709309,42.31375315313785,-87.97554804778305,10077,-0.56,42.3,-87.9,6.398089507473047
2024-05-11 21:24:00,43092005,-0.7953602554822775,-1.1787855403181522,-0.41193497064640283,42.31375315313785,-87.97554804778305,10077,0.45,42.3,-87.9,6.398089507473047
2024-05-11 21:25:00,43092005,-2.3073849468900445,-3.258963085972642,-1.3558068078074468,42.31375315313785,-87.97554804778305,10077,1.19,42.3,-87.9,6.398089507473047
2024-05-11 21:26:00,43092005,-2.000403857022001,-2.866745002204973,-1.1340627118390285,42.31375315313785,-87.97554804778305,10077,-0.54,42.3,-87.9,6.398089507473047
2024-05-11 21:27:00,43092005,-2.923078706763442,-4.307320215696301,-1.5388371978305828,42.31375315313785,-87.97554804778305,10077,-0.89,42.3,-87.9,6.398089507473047
2024-05-11 21:28:00,43092005,-2.07408841929975,-3.150137703064517,-0.9980391355349834,42.31375315313785,-87.97554804778305,10077,-2.56,42.3,-87.9,6.398089507473047
2024-05-11 21:29:00,43092005,-0.3072477978815262,-0.5143462495724646,-0.1001493461905878,42.31375315313785,-87.97554804778305,10077,-2.19,42.3,-87.9,6.398089507473047
2024-05-11 21:30:00,43092005,0.5929542160966436,0.2715099315948028,0.9143985005984843,42.31375315313785,-87.97554804778305,10077,-1.82,42.3,-87.9,6.398089507473047
2024-05-11 21:31:00,43092005,0.9134322759343917,0.3848966320132793,1.4419679198555042,42.31375315313785,-87.97554804778305,10077,-1.43,42.3,-87.9,6.398089507473047
2024-05-11 21:32:00,43092005,-0.14810928552546293,-0.5839656819408001,0.2877471108898743,42.31375315313785,-87.97554804778305,10077,-1.56,42.3,-87.9,6.398089507473047
2024-05-11 21:33:00,43092005,0.46748700276580885,0.21553996263433495,0.7194340428972827,42.31375315313785,-87.97554804778305,10077,-2.15,42.3,-87.9,6.398089507473047
2024-05-11 21:34:00,43092005,1.0868974861345793,0.6821261974074326,1.4916687748617259,42.31375315313785,-87.97554804778305,10077,-1.27,42.3,-87.9,6.398089507473047
2024-05-11 21:35:00,43092005,-0.7319554090896682,-1.1553574111244516,-0.30855340705488477,42.31375315313785,-87.97554804778305,10077,0.03,42.3,-87.9,6.398089507473047
2024-05-11 21:36:00,43092005,-1.6188871185283613,-2.2013618542086797,-1.036412382848043,42.31375315313785,-87.97554804778305,10077,-0.79,42.3,-87.9,6.398089507473047
2024-05-11 21:37:00,43092005,-0.6676589519364344,-1.0993358827829378,-0.23598202108993116,42.31375315313785,-87.97554804778305,10077,-2.51,42.3,-87.9,6.398089507473047
2024-05-11 21:38:00,43092005,-0.14213941180193038,-0.3215207613923044,0.037241937788443646,42.31375315313785,-87.97554804778305,10077,-2.38,42.3,-87.9,6.398089507473047
2024-05-11 21:39:00,43092005,-0.6382398856313605,-0.8688386626908755,-0.40764110857184543,42.31375315313785,-87.97554804778305,10077,-1.27,42.3,-87.9,6.398089507473047
2024-05-11 21:40:00,43092005,-2.180911444706427,-3.0015614484203788,-1.360261440992475,42.31375315313785,-87.97554804778305,10077,-1.84,42.3,-87.9,6.398089507473047
2024-05-11 21:41:00,43092005,-2.5658466179568067,-3.4656006988364183,-1.666092537077195,42.31375315313785,-87.97554804778305,10077,0.21,42.3,-87.9,6.398089507473047
2024-05-11 21:42:00,43092005,-0.5889473471575811,-0.8652112572815895,-0.3126834370335727,42.31375315313785,-87.97554804778305,10077,-1.13,42.3,-87.9,6.398089507473047
2024-05-11 21:43:00,43092005,-0.6340847813190523,-0.890858176876262,-0.3773113857618426,42.31375315313785,-87.97554804778305,10077,-0.59,42.3,-87.9,6.398089507473047
2024-05-11 21:44:00,43092005,-1.321856315833584,-1.7923150244421817,-0.8513976072249865,42.31375315313785,-87.97554804778305,10077,0.24,42.3,-87.9,6.398089507473047
2024-05-11 21:45:00,43092005,-0.7150217390299441,-0.9841089062986961,-0.4459345717611922,42.31375315313785,-87.97554804778305,10077,-0.77,42.3,-87.9,6.398089507473047
2024-05-11 21:46:00,43092005,-0.09522845768237162,-0.15575725709622643,-0.03469965826851681,42.31375315313785,-87.97554804778305,10077,-0.61,42.3,-87.9,6.398089507473047
2024-05-11 21:47:00,43092005,-0.49119018626989874,-0.6637481182532055,-0.31863225428659203,42.31375315313785,-87.97554804778305,10077,-1.2,42.3,-87.9,6.398089507473047
2024-05-11 21:48:00,43092005,-0.6122549803633439,-0.8271512326787118,-0.397358728047976,42.31375315313785,-87.97554804778305,10077,-1.43,42.3,-87.9,6.398089507473047
2024-05-11 21:49:00,43092005,-0.2145986967815791,-0.29797200332088614,-0.1312253902422721,42.31375315313785,-87.97554804778305,10077,-1.47,42.3,-87.9,6.398089507473047
2024-05-11 21:50:00,43092005,-0.10831765145504553,-0.20967769955539073,-0.006957603354700317,42.31375315313785,-87.97554804778305,10077,-0.91,42.3,-87.9,6.398089507473047
2024-05-11 21:51:00,43092005,0.10736514644360025,0.04096270957832776,0.17376758330887274,42.31375315313785,-87.97554804778305,10077,-0.57,42.3,-87.9,6.398089507473047
2024-05-11 21:52:00,43092005,-0.16488186658866572,-0.2814962426466584,-0.04826749053067306,42.31375315313785,-87.97554804778305,10077,-0.51,42.3,-87.9,6.398089507473047
2024-05-11 21:53:00,43092005,-0.31664302549879286,-0.4743678161107351,-0.1589182348868506,42.31375315313785,-87.97554804778305,10077,-0.38,42.3,-87.9,6.398089507473047
2024-05-11 21:54:00,43092005,-0.2947485976500021,-0.400831832816244,-0.18866536248376023,42.31375315313785,-87.97554804778305,10077,-0.78,42.3,-87.9,6.398089507473047
2024-05-11 21:55:00,43092005,-0.13500166598696933,-0.2056969397736638,-0.06430639220027487,42.31375315313785,-87.97554804778305,10077,-1.78,42.3,-87.9,6.398089507473047
2024-05-11 21:56:00,43092005,-0.24587384025965417,-0.34482187909001133,-0.146925801429297,42.31375315313785,-87.97554804778305,10077,-1.27,42.3,-87.9,6.398089507473047
2024-05-11 21:57:00,43092005,-0.008706326412005212,-0.033794092581200356,0.016381439757189933,42.31375315313785,-87.97554804778305,10077,-1.04,42.3,-87.9,6.398089507473047
2024-05-11 21:58:00,43092005,-0.15410972155985378,-0.2100535829927448,-0.09816586012696278,42.31375315313785,-87.97554804778305,10077,-1.43,42.3,-87.9,6.398089507473047
2024-05-11 21:59:00,43092005,0.10446330418160774,-0.03638260799649862,0.2453092163597141,42.31375315313785,-87.97554804778305,10077,-1.87,42.3,-87.9,6.398089507473047
2024-05-11 22:00:00,43092005,0.3196112399682739,0.0873638564956837,0.5518586234408641,42.31375315313785,-87.97554804778305,10077,-2.09,42.3,-87.9,6.398089507473047
2024-05-11 22:01:00,43092005,0.21466903513610214,0.13767348211089703,0.29166458816130725,42.31375315313785,-87.97554804778305,10077,-1.62,42.3,-87.9,6.398089507473047
2024-05-11 22:02:00,43092005,-0.5601627132610271,-0.762278032909287,-0.35804739361276716,42.31375315313785,-87.97554804778305,10077,-1.11,42.3,-87.9,6.398089507473047
2024-05-11 22:03:00,43092005,-0.6964820027724842,-0.9884790079486254,-0.4044849975963429,42.31375315313785,-87.97554804778305,10077,-2.47,42.3,-87.9,6.398089507473047
2024-05-11 22:04:00,43092005,-0.33947435688031347,-0.45947509235466877,-0.2194736214059582,42.31375315313785,-87.97554804778305,10077,-1.26,42.3,-87.9,6.398089507473047
2024-05-11 22:05:00,43092005,0.045304308427914386,0.02283260006702565,0.06777601678880313,42.31375315313785,-87.97554804778305,10077,-1.06,42.3,-87.9,6.398089507473047
2024-05-11 22:06:00,43092005,0.455145351719438,0.28104241234799443,0.6292482910908815,42.31375315313785,-87.97554804778305,10077,-1.01,42.3,-87.9,6.398089507473047
2024-05-11 22:07:00,43092005,-0.6666264161374187,-0.9890867213778725,-0.3441661108969649,42.31375315313785,-87.97554804778305,10077,-2.39,42.3,-87.9,6.398089507473047
2024-05-11 22:08:00,43092005,-0.4859032980843277,-1.2211302655503533,0.24932366938169798,42.31375315313785,-87.97554804778305,10077,-4.86,42.3,-87.9,6.398089507473047
2024-05-11 22:09:00,43092005,1.0566763855921883,0.5152644335814877,1.598088337602889,42.31375315313785,-87.97554804778305,10077,-2.16,42.3,-87.9,6.398089507473047
2024-05-11 22:10:00,43092005,0.4840814710634394,0.27385994561068683,0.694302996516192,42.31375315313785,-87.97554804778305,10077,-0.18,42.3,-87.9,6.398089507473047
2024-05-11 22:11:00,43092005,-0.2021770455698275,-0.46350262027010514,0.05914852913045013,42.31375315313785,-87.97554804778305,10077,-0.74,42.3,-87.9,6.398089507473047
2024-05-11 22:12:00,43092005,-0.6201791495346186,-0.8393179148707357,-0.4010403841985015,42.31375315313785,-87.97554804778305,10077,-3.14,42.3,-87.9,6.398089507473047
2024-05-11 22:13:00,43092005,-0.5215568279889518,-0.7742170945325597,-0.26889656144534385,42.31375315313785,-87.97554804778305,10077,-3.23,42.3,-87.9,6.398089507473047
2024-05-11 22:14:00,43092005,-0.6699428415453449,-1.0991170035497166,-0.24076867954097309,42.31375315313785,-87.97554804778305,10077,-1.24,42.3,-87.9,6.398089507473047
2024-05-11 22:15:00,43092005,-0.24677434313698518,-0.38515768476415535,-0.10839100150981498,42.31375315313785,-87.97554804778305,10077,-0.42,42.3,-87.9,6.398089507473047
2024-05-11 22:16:00,43092005,-0.2213188284309435,-0.3487141472599916,-0.09392350960189538,42.31375315313785,-87.97554804778305,10077,-0.56,42.3,-87.9,6.398089507473047
2024-05-11 22:17:00,43092005,-0.18992752966774892,-0.6185248675050842,0.23866980816958636,42.31375315313785,-87.97554804778305,10077,-0.24,42.3,-87.9,6.398089507473047
2024-05-11 22:18:00,43092005,-0.09630171611367078,-0.37118822807583995,0.1785847958484984,42.31375315313785,-87.97554804778305,10077,-0.49,42.3,-87.9,6.398089507473047
2024-05-11 22:19:00,43092005,-0.3287452267177104,-0.4782185889762219,-0.1792718644591989,42.31375315313785,-87.97554804778305,10077,-0.53,42.3,-87.9,6.398089507473047
2024-05-11 22:20:00,43092005,-0.9631566568872982,-1.3011255195241547,-0.6251877942504418,42.31375315313785,-87.97554804778305,10077,-1.2,42.3,-87.9,6.398089507473047
2024-05-11 22:21:00,43092005,-0.9647768901889784,-1.3574915830575602,-0.5720621973203965,42.31375315313785,-87.97554804778305,10077,-1.92,42.3,-87.9,6.398089507473047
2024-05-11 22:22:00,43092005,0.04709817250841297,-0.07185825298782039,0.16605459800464634,42.31375315313785,-87.97554804778305,10077,-1.37,42.3,-87.9,6.398089507473047
2024-05-11 22:23:00,43092005,0.21611375618203169,0.12121844616067882,0.31100906620338453,42.31375315313785,-87.97554804778305,10077,-0.89,42.3,-87.9,6.398089507473047
2024-05-11 22:24:00,43092005,-0.33922499224991726,-0.4593655874759126,-0.2190843970239219,42.31375315313785,-87.97554804778305,10077,-0.31,42.3,-87.9,6.398089507473047
2024-05-11 22:25:00,43092005,-0.3398886790270345,-0.4596730721864223,-0.22010428586764672,42.31375315313785,-87.97554804778305,10077,-1.08,42.3,-87.9,6.398089507473047
2024-05-11 22:26:00,43092005,-0.19550261217493908,-0.2697192977235181,-0.12128592662636008,42.31375315313785,-87.97554804778305,10077,-1.24,42.3,-87.9,6.398089507473047
2024-05-11 22:27:00,43092005,0.26397611283904926,0.15391278756965326,0.37403943810844525,42.31375315313785,-87.97554804778305,10077,-1.4,42.3,-87.9,6.398089507473047
2024-05-11 22:28:00,43092005,-0.21558413955670103,-0.386593136321694,-0.044575142791708044,42.31375315313785,-87.97554804778305,10077,-0.19,42.3,-87.9,6.398089507473047
2024-05-11 22:29:00,43092005,-0.12186017733275596,-0.22717990862440135,-0.016540446041110574,42.31375315313785,-87.97554804778305,10077,-0.73,42.3,-87.9,6.398089507473047
2024-05-11 22:30:00,43092005,0.24300697034827076,0.049438228367700454,0.43657571232884107,42.31375315313785,-87.97554804778305,10077,-1.46,42.3,-87.9,6.398089507473047
2024-05-11 22:31:00,43092005,0.028420749951353918,-0.14434929161676452,0.20119079151947233,42.31375315313785,-87.97554804778305,10077,-1.71,42.3,-87.9,6.398089507473047
2024-05-11 22:32:00,43092005,-0.6066553178511765,-0.8197624827603464,-0.39354815294200673,42.31375315313785,-87.97554804778305,10077,-1.11,42.3,-87.9,6.398089507473047
2024-05-11 22:33:00,43092005,-0.28495243928374203,-0.4016259826044318,-0.1682788959630523,42.31375315313785,-87.97554804778305,10077,-0.93,42.3,-87.9,6.398089507473047
2024-05-11 22:34:00,43092005,-0.006127987336955919,-0.043981189238854655,0.03172521456494282,42.31375315313785,-87.97554804778305,10077,-1.19,42.3,-87.9,6.398089507473047
2024-05-11 22:35:00,43092005,-0.08743878876683034,-0.11925917195897184,-0.055618405574688834,42.31375315313785,-87.97554804778305,10077,-0.86,42.3,-87.9,6.398089507473047
2024-05-11 22:36:00,43092005,-0.06362146932677429,-0.4949584974896194,0.3677155588360709,42.31375315313785,-87.97554804778305,10077,-3.03,42.3,-87.9,6.398089507473047
2024-05-11 22:37:00,43092005,0.6471829579811645,0.420214004293853,0.8741519116684761,42.31375315313785,-87.97554804778305,10077,-1.29,42.3,-87.9,6.398089507473047
2024-05-11 22:38:00,43092005,-0.20019656921594514,-0.27247210324880367,-0.12792103518308662,42.31375315313785,-87.97554804778305,10077,-0.82,42.3,-87.9,6.398089507473047
2024-05-11 22:39:00,43092005,-0.34564114587946343,-0.487684216645043,-0.20359807511388386,42.31375315313785,-87.97554804778305,10077,-1.76,42.3,-87.9,6.398089507473047
2024-05-11 22:40:00,43092005,0.5199310934838645,0.2864597133797193,0.7534024735880096,42.31375315313785,-87.97554804778305,10077,-0.8,42.3,-87.9,6.398089507473047
2024-05-11 22:41:00,43092005,0.00724781116805826,-0.03446199252954615,0.04895761486566267,42.31375315313785,-87.97554804778305,10077,-0.95,42.3,-87.9,6.398089507473047
2024-05-11 22:42:00,43092005,-0.6130134387123853,-0.8516996385909217,-0.374327238833849,42.31375315313785,-87.97554804778305,10077,-1.75,42.3,-87.9,6.398089507473047
2024-05-11 22:43:00,43092005,-0.1515287281501861,-0.2449741049245422,-0.05808335137583,42.31375315313785,-87.97554804778305,10077,-1.7,42.3,-87.9,6.398089507473047
2024-05-11 22:44:00,43092005,0.0501499654757872,0.0101864626683432,0.09011346828323119,42.31375315313785,-87.97554804778305,10077,-1.71,42.3,-87.9,6.398089507473047
2024-05-11 22:45:00,43092005,-0.16395082185438772,-0.24301394084233996,-0.08488770286643549,42.31375315313785,-87.97554804778305,10077,-0.78,42.3,-87.9,6.398089507473047
2024-05-11 22:46:00,43092005,-0.7121581054240976,-1.102398463487528,-0.3219177473606674,42.31375315313785,-87.97554804778305,10077,0.55,42.3,-87.9,6.398089507473047
2024-05-11 22:47:00,43092005,0.026585170403106127,-0.20122662630040242,0.2543969671066147,42.31375315313785,-87.97554804778305,10077,0.21,42.3,-87.9,6.398089507473047
2024-05-11 22:48:00,43092005,-0.2635945482482961,-0.527324636957903,0.00013554046131086794,42.31375315313785,-87.97554804778305,10077,-0.19,42.3,-87.9,6.398089507473047
2024-05-11 22:49:00,43092005,-0.7845604774497804,-1.0935960364047768,-0.475524918494784,42.31375315313785,-87.97554804778305,10077,-0.25,42.3,-87.9,6.398089507473047
2024-05-11 22:50:00,43092005,-0.06427270902570496,-0.19101852952076787,0.062473111469357925,42.31375315313785,-87.97554804778305,10077,-1.93,42.3,-87.9,6.398089507473047
2024-05-11 22:51:00,43092005,-0.11345665643035718,-0.20425268374313055,-0.022660629117583833,42.31375315313785,-87.97554804778305,10077,-2.15,42.3,-87.9,6.398089507473047
2024-05-11 22:52:00,43092005,0.02386075921440078,-0.14383134270995562,0.1915528611387572,42.31375315313785,-87.97554804778305,10077,-0.88,42.3,-87.9,6.398089507473047
2024-05-11 22:53:00,43092005,-0.559823811091576,-0.7592553185223672,-0.3603923036607848,42.31375315313785,-87.97554804778305,10077,-0.76,42.3,-87.9,6.398089507473047
2024-05-11 22:54:00,43092005,-0.37135403961635294,-0.5691061607913653,-0.17360191844134057,42.31375315313785,-87.97554804778305,10077,-0.64,42.3,-87.9,6.398089507473047
2024-05-11 22:55:00,43092005,-0.4151223400405802,-0.6281153291112089,-0.20212935096995144,42.31375315313785,-87.97554804778305,10077,-0.52,42.3,-87.9,6.398089507473047
2024-05-11 22:56:00,43092005,-0.08866257501489927,-0.13140770707652755,-0.045917442953271,42.31375315313785,-87.97554804778305,10077,-0.68,42.3,-87.9,6.398089507473047
2024-05-11 22:57:00,43092005,0.10582117448890008,0.0505306097943948,0.16111173918340535,42.31375315313785,-87.97554804778305,10077,-0.91,42.3,-87.9,6.398089507473047
2024-05-11 22:58:00,43092005,0.03231123658015281,-0.02022515757871815,0.08484763073902377,42.31375315313785,-87.97554804778305,10077,-1.01,42.3,-87.9,6.398089507473047
2024-05-11 22:59:00,43092005,-0.11903099134391673,-0.28457189972122665,0.04650991703339322,42.31375315313785,-87.97554804778305,10077,-0.41,42.3,-87.9,6.398089507473047
2024-05-11 23:00:00,43092005,-0.43079232613096263,-0.6173809512678649,-0.24420370099406044,42.31375315313785,-87.97554804778305,10077,-0.13,42.3,-87.9,6.398089507473047
2024-05-11 23:01:00,43092005,-0.47503946790644397,-0.6615714612164039,-0.288507474596484,42.31375315313785,-87.97554804778305,10077,-0.2,42.3,-87.9,6.398089507473047
2024-05-11 23:02:00,43092005,-0.24985469532266893,-0.43578837540753645,-0.06392101523780139,42.31375315313785,-87.97554804778305,10077,-0.28,42.3,-87.9,6.398089507473047
2024-05-11 23:03:00,43092005,0.0032923804366171744,-0.17874422375396445,0.1853289846271988,42.31375315313785,-87.97554804778305,10077,-0.24,42.3,-87.9,6.398089507473047
2024-05-11 23:04:00,43092005,-0.4507295597055203,-0.6123440335453867,-0.2891150858656539,42.31375315313785,-87.97554804778305,10077,-0.89,42.3,-87.9,6.398089507473047
2024-05-11 23:05:00,43092005,-0.5882893585060772,-0.8252643768362876,-0.3513143401758668,42.31375315313785,-87.97554804778305,10077,-1.75,42.3,-87.9,6.398089507473047
2024-05-11 23:06:00,43092005,0.04036087220635196,-0.12411229478681016,0.20483403919951407,42.31375315313785,-87.97554804778305,10077,-1.4,42.3,-87.9,6.398089507473047
2024-05-11 23:07:00,43092005,-0.2880372328587159,-0.5173409854330148,-0.05873348028441708,42.31375315313785,-87.97554804778305,10077,-1.11,42.3,-87.9,6.398089507473047
2024-05-11 23:08:00,43092005,-0.2349868182935822,-0.3647239816615757,-0.10524965492558871,42.31375315313785,-87.97554804778305,10077,-1.14,42.3,-87.9,6.398089507473047
2024-05-11 23:09:00,43092005,-0.1852954122155291,-0.2860751175194009,-0.08451570691165729,42.31375315313785,-87.97554804778305,10077,-1.18,42.3,-87.9,6.398089507473047
2024-05-11 23:10:00,43092005,-0.037869328145844566,-0.1352419627491857,0.05950330645749659,42.31375315313785,-87.97554804778305,10077,-1.21,42.3,-87.9,6.398089507473047
2024-05-11 23:11:00,43092005,0.0704967145426956,0.033150079478735536,0.10784334960665566,42.31375315313785,-87.97554804778305,10077,-1.25,42.3,-87.9,6.398089507473047
2024-05-11 23:12:00,43092005,0.25879188789460894,0.14053942323003882,0.37704435255917906,42.31375315313785,-87.97554804778305,10077,-1.28,42.3,-87.9,6.398089507473047
2024-05-11 23:13:00,43092005,0.1639801542178954,0.09882251092077139,0.22913779751501945,42.31375315313785,-87.97554804778305,10077,-1.25,42.3,-87.9,6.398089507473047
2024-05-11 23:14:00,43092005,0.04760621270599727,-0.041977616222383496,0.13719004163437803,42.31375315313785,-87.97554804778305,10077,-1.14,42.3,-87.9,6.398089507473047
2024-05-11 23:15:00,43092005,0.1589705800286898,0.058297225388257434,0.25964393466912217,42.31375315313785,-87.97554804778305,10077,-1.04,42.3,-87.9,6.398089507473047
2024-05-11 23:16:00,43092005,-0.059832302792193856,-0.08720238884273097,-0.03246221674165674,42.31375315313785,-87.97554804778305,10077,-0.96,42.3,-87.9,6.398089507473047
2024-05-11 23:17:00,43092005,0.06626454821290602,0.0420829579035107,0.09044613852230134,42.31375315313785,-87.97554804778305,10077,-0.89,42.3,-87.9,6.398089507473047
2024-05-11 23:18:00,43092005,0.28862498140424714,0.1873049611196694,0.38994500168882484,42.31375315313785,-87.97554804778305,10077,-0.82,42.3,-87.9,6.398089507473047
2024-05-11 23:19:00,43092005,0.27664081643062427,0.1788217633775083,0.3744598694837402,42.31375315313785,-87.97554804778305,10077,-1.22,42.3,-87.9,6.398089507473047
2024-05-11 23:20:00,43092005,0.5503276376273101,0.33738857959542956,0.7632666956591906,42.31375315313785,-87.97554804778305,10077,-1.88,42.3,-87.9,6.398089507473047
2024-05-11 23:21:00,43092005,0.3632804934019433,0.2345088198034533,0.4920521670004333,42.31375315313785,-87.97554804778305,10077,-1.53,42.3,-87.9,6.398089507473047
2024-05-11 23:22:00,43092005,0.011483165082504194,-0.06712628423431838,0.09009261439932678,42.31375315313785,-87.97554804778305,10077,-1.58,42.3,-87.9,6.398089507473047
2024-05-11 23:23:00,43092005,-0.20715416008653237,-0.3413560664624019,-0.07295225371066283,42.31375315313785,-87.97554804778305,10077,-1.68,42.3,-87.9,6.398089507473047
2024-05-11 23:24:00,43092005,-0.003588622131737172,-0.12925978749415376,0.12208254323067942,42.31375315313785,-87.97554804778305,10077,-1.8,42.3,-87.9,6.398089507473047
2024-05-11 23:25:00,43092005,0.5273278188158789,0.28210031067148966,0.7725553269602681,42.31375315313785,-87.97554804778305,10077,-1.12,42.3,-87.9,6.398089507473047
2024-05-11 23:26:00,43092005,0.5143156549554869,0.28109066619774326,0.7475406437132306,42.31375315313785,-87.97554804778305,10077,-0.93,42.3,-87.9,6.398089507473047
2024-05-11 23:27:00,43092005,0.7071053768533812,0.45623229996740783,0.9579784537393545,42.31375315313785,-87.97554804778305,10077,-1.4,42.3,-87.9,6.398089507473047
2024-05-11 23:28:00,43092005,-0.01685322875029788,-0.026332323384062706,-0.007374134116533055,42.31375315313785,-87.97554804778305,10077,-1.9,42.3,-87.9,6.398089507473047
2024-05-11 23:29:00,43092005,0.5392841741041208,0.291322690152728,0.7872456580555136,42.31375315313785,-87.97554804778305,10077,-2.05,42.3,-87.9,6.398089507473047
2024-05-11 23:30:00,43092005,1.0575245347873012,0.6211747417217691,1.4938743278528333,42.31375315313785,-87.97554804778305,10077,-1.87,42.3,-87.9,6.398089507473047
2024-05-11 23:31:00,43092005,0.7087591217275251,0.46026499352063477,0.9572532499344154,42.31375315313785,-87.97554804778305,10077,-1.13,42.3,-87.9,6.398089507473047
2024-05-11 23:32:00,43092005,0.4249891273462608,0.22466478531754489,0.6253134693749768,42.31375315313785,-87.97554804778305,10077,-0.39,42.3,-87.9,6.398089507473047
2024-05-11 23:33:00,43092005,0.24075675293520785,0.0437408269003115,0.4377726789701042,42.31375315313785,-87.97554804778305,10077,-0.34,42.3,-87.9,6.398089507473047
2024-05-11 23:34:00,43092005,-0.11925994377619152,-0.19165095988530872,-0.0468689276670743,42.31375315313785,-87.97554804778305,10077,-1.05,42.3,-87.9,6.398089507473047
2024-05-11 23:35:00,43092005,-0.32427314562923776,-0.4591244169989148,-0.18942187425956067,42.31375315313785,-87.97554804778305,10077,-1.11,42.3,-87.9,6.398089507473047
2024-05-11 23:36:00,43092005,-0.4492408578519833,-0.6173790255583624,-0.28110269014560424,42.31375315313785,-87.97554804778305,10077,-1.31,42.3,-87.9,6.398089507473047
2024-05-11 23:37:00,43092005,-0.08672652469555799,-0.24178753161086575,0.06833448221974976,42.31375315313785,-87.97554804778305,10077,-1.79,42.3,-87.9,6.398089507473047
2024-05-11 23:38:00,43092005,0.36427026140161634,0.16684940676705853,0.5616911160361742,42.31375315313785,-87.97554804778305,10077,-1.55,42.3,-87.9,6.398089507473047
2024-05-11 23:39:00,43092005,0.29240200160664126,0.18949059096843754,0.39531341224484495,42.31375315313785,-87.97554804778305,10077,-1.29,42.3,-87.9,6.398089507473047
2024-05-11 23:40:00,43092005,-0.008960986442922004,-0.021991471359742193,0.004069498473898184,42.31375315313785,-87.97554804778305,10077,-1.04,42.3,-87.9,6.398089507473047
2024-05-11 23:41:00,43092005,0.3230757051635356,0.20518694185641073,0.4409644684706605,42.31375315313785,-87.97554804778305,10077,-1.13,42.3,-87.9,6.398089507473047
2024-05-11 23:42:00,43092005,0.2619660728509517,0.11120777509955954,0.41272437060234385,42.31375315313785,-87.97554804778305,10077,-1.61,42.3,-87.9,6.398089507473047
2024-05-11 23:43:00,43092005,-0.1126201384432992,-0.2258710894372745,0.0006308125506760964,42.31375315313785,-87.97554804778305,10077,-2.05,42.3,-87.9,6.398089507473047
2024-05-11 23:44:00,43092005,0.8243355293639172,0.473143314134099,1.1755277445937353,42.31375315313785,-87.97554804778305,10077,-1.72,42.3,-87.9,6.398089507473047
2024-05-11 23:45:00,43092005,0.3264228208025539,0.11474259580450741,0.5381030458006004,42.31375315313785,-87.97554804778305,10077,-1.51,42.3,-87.9,6.398089507473047
2024-05-11 23:46:00,43092005,0.5725162081271037,0.3377139597173381,0.8073184565368693,42.31375315313785,-87.97554804778305,10077,-0.91,42.3,-87.9,6.398089507473047
2024-05-11 23:47:00,43092005,0.014896082503357496,-0.13689345153214158,0.16668561653885658,42.31375315313785,-87.97554804778305,10077,-0.84,42.3,-87.9,6.398089507473047
2024-05-11 23:48:00,43092005,-0.10673553860075222,-0.16621062764170752,-0.047260449559796906,42.31375315313785,-87.97554804778305,10077,-1.35,42.3,-87.9,6.398089507473047
2024-05-11 23:49:00,43092005,0.046953887945167035,0.02150350682560685,0.07240426906472722,42.31375315313785,-87.97554804778305,10077,-1.68,42.3,-87.9,6.398089507473047
2024-05-11 23:50:00,43092005,0.15471126854461723,-0.06364696353976262,0.3730695006289971,42.31375315313785,-87.97554804778305,10077,-1.63,42.3,-87.9,6.398089507473047
2024-05-11 23:51:00,43092005,-0.36007954327014385,-0.566914900614687,-0.15324418592560074,42.31375315313785,-87.97554804778305,10077,-1.76,42.3,-87.9,6.398089507473047
2024-05-11 23:52:00,43092005,0.6783348284708453,0.3781228114725861,0.9785468454691044,42.31375315313785,-87.97554804778305,10077,-1.67,42.3,-87.9,6.398089507473047
2024-05-11 23:53:00,43092005,0.20599427690874217,0.10577403767543964,0.3062145161420447,42.31375315313785,-87.97554804778305,10077,-0.6,42.3,-87.9,6.398089507473047
2024-05-11 23:54:00,43092005,-0.40759045306714553,-0.5509318247924438,-0.2642490813418472,42.31375315313785,-87.97554804778305,10077,-0.94,42.3,-87.9,6.398089507473047
2024-05-11 23:55:00,43092005,-0.26596526660552927,-0.4375111258630321,-0.09441940734802648,42.31375315313785,-87.97554804778305,10077,-1.28,42.3,-87.9,6.398089507473047
2024-05-11 23:56:00,43092005,0.39919772996266084,0.23553047071873312,0.5628649892065886,42.31375315313785,-87.97554804778305,10077,-1.0,42.3,-87.9,6.398089507473047
2024-05-11 23:57:00,43092005,-0.4079232009636579,-0.567923842774321,-0.24792255915299485,42.31375315313785,-87.97554804778305,10077,-1.0,42.3,-87.9,6.398089507473047
2024-05-11 23:58:00,43092005,0.7493723482723619,0.38507521004728323,1.1136694864974406,42.31375315313785,-87.97554804778305,10077,-1.04,42.3,-87.9,6.398089507473047
2024-05-11 23:59:00,43092005,-1.4854772662496507,-2.097868898844604,-0.8730856336546975,42.31375315313785,-87.97554804778305,10077,-1.18,42.3,-87.9,6.398089507473047
2024-05-12 00:00:00,43092005,-5.914403664349651,-8.723029152731847,-3.1057781759674543,42.31375315313785,-87.97554804778305,10077,-1.26,42.3,-87.9,6.398089507473047
2024-05-12 00:01:00,43092005,-1.2661015946688807,-1.7428924358286177,-0.7893107535091437,42.31375315313785,-87.97554804778305,10077,-1.34,42.3,-87.9,6.398089507473047
2024-05-12 00:02:00,43092005,-1.2130654797676885,-1.7748066769332245,-0.6513242826021525,42.31375315313785,-87.97554804778305,10077,-1.33,42.3,-87.9,6.398089507473047
2024-05-12 00:03:00,43092005,-0.5220360459297672,-0.7394530601486251,-0.3046190317109092,42.31375315313785,-87.97554804778305,10077,-0.8,42.3,-87.9,6.398089507473047
2024-05-12 00:04:00,43092005,-0.9278012598890409,-1.3352616350192523,-0.5203408847588296,42.31375315313785,-87.97554804778305,10077,-0.92,42.3,-87.9,6.398089507473047
2024-05-12 00:05:00,43092005,-0.19829557298838435,-0.31723695723578405,-0.07935418874098467,42.31375315313785,-87.97554804778305,10077,-1.07,42.3,-87.9,6.398089507473047
2024-05-12 00:06:00,43092005,-0.48097806841247065,-0.6652894706266089,-0.2966666661983324,42.31375315313785,-87.97554804778305,10077,-0.96,42.3,-87.9,6.398089507473047
2024-05-12 00:07:00,43092005,-0.22426162395430238,-0.30904394914631284,-0.13947929876229193,42.31375315313785,-87.97554804778305,10077,-0.83,42.3,-87.9,6.398089507473047
2024-05-12 00:08:00,43092005,-0.5523885787653744,-0.7508062041339834,-0.35397095339676543,42.31375315313785,-87.97554804778305,10077,-1.77,42.3,-87.9,6.398089507473047
2024-05-12 00:09:00,43092005,-0.26723038812254307,-0.3688672022603987,-0.16559357398468744,42.31375315313785,-87.97554804778305,10077,-1.49,42.3,-87.9,6.398089507473047
2024-05-12 00:10:00,43092005,0.01659938369060851,-0.017043813982147868,0.05024258136336489,42.31375315313785,-87.97554804778305,10077,-1.16,42.3,-87.9,6.398089507473047
2024-05-12 00:11:00,43092005,-0.36047326061025,-0.4890270821401395,-0.23191943908036045,42.31375315313785,-87.97554804778305,10077,-1.22,42.3,-87.9,6.398089507473047
2024-05-12 00:12:00,43092005,-0.3568574657715054,-0.4833379190340825,-0.23037701250892825,42.31375315313785,-87.97554804778305,10077,-2.0,42.3,-87.9,6.398089507473047
2024-05-12 00:13:00,43092005,0.8397032557461495,0.5292551988160963,1.1501513126762026,42.31375315313785,-87.97554804778305,10077,-1.31,42.3,-87.9,6.398089507473047
2024-05-12 00:14:00,43092005,-0.08462697051988943,-0.1781199580613565,0.008866017021577619,42.31375315313785,-87.97554804778305,10077,-0.62,42.3,-87.9,6.398089507473047
2024-05-12 00:15:00,43092005,-0.3054184038752228,-0.4417679323139127,-0.16906887543653287,42.31375315313785,-87.97554804778305,10077,-1.23,42.3,-87.9,6.398089507473047
2024-05-12 00:16:00,43092005,-0.03799674768427646,-0.1594014263980643,0.08340793102951138,42.31375315313785,-87.97554804778305,10077,-1.89,42.3,-87.9,6.398089507473047
2024-05-12 00:17:00,43092005,1.352411476778506,0.8727186425876756,1.8321043109693365,42.31375315313785,-87.97554804778305,10077,-1.54,42.3,-87.9,6.398089507473047
2024-05-12 00:18:00,43092005,-0.2624258899636436,-0.39133116020187453,-0.13352061972541263,42.31375315313785,-87.97554804778305,10077,-1.17,42.3,-87.9,6.398089507473047
2024-05-12 00:19:00,43092005,-0.315443853658617,-0.43291871846492636,-0.19796898885230763,42.31375315313785,-87.97554804778305,10077,-1.77,42.3,-87.9,6.398089507473047
2024-05-12 00:20:00,43092005,0.3566521534458139,0.22662731246889292,0.48667699442273493,42.31375315313785,-87.97554804778305,10077,-1.68,42.3,-87.9,6.398089507473047
2024-05-12 00:21:00,43092005,0.4004091602939188,0.22966790419208483,0.5711504163957528,42.31375315313785,-87.97554804778305,10077,-1.18,42.3,-87.9,6.398089507473047
2024-05-12 00:22:00,43092005,-0.11688856866367087,-0.18793185878222968,-0.04584527854511207,42.31375315313785,-87.97554804778305,10077,-1.09,42.3,-87.9,6.398089507473047
2024-05-12 00:23:00,43092005,-0.1260552669368815,-0.3140552649593019,0.06194473108553894,42.31375315313785,-87.97554804778305,10077,-0.42,42.3,-87.9,6.398089507473047
2024-05-12 00:24:00,43092005,0.23996136299982773,-0.0031762520299199737,0.48309897802957547,42.31375315313785,-87.97554804778305,10077,-1.47,42.3,-87.9,6.398089507473047
2024-05-12 00:25:00,43092005,0.6039268599827785,0.3745403724571067,0.8333133475084503,42.31375315313785,-87.97554804778305,10077,-1.44,42.3,-87.9,6.398089507473047
2024-05-12 00:26:00,43092005,0.46632973224223406,0.3028408213157281,0.62981864316874,42.31375315313785,-87.97554804778305,10077,-1.37,42.3,-87.9,6.398089507473047
2024-05-12 00:27:00,43092005,0.13686539726139263,0.06829898651284351,0.20543180800994176,42.31375315313785,-87.97554804778305,10077,-1.31,42.3,-87.9,6.398089507473047
2024-05-12 00:28:00,43092005,-0.13703023262770103,-0.18578037631395314,-0.08828008894144893,42.31375315313785,-87.97554804778305,10077,-1.24,42.3,-87.9,6.398089507473047
2024-05-12 00:29:00,43092005,-0.05344612097079086,-0.14897253288066217,0.042080290939080466,42.31375315313785,-87.97554804778305,10077,-1.39,42.3,-87.9,6.398089507473047
2024-05-12 00:30:00,43092005,0.1044173889156235,0.06772950444095421,0.14110527339029277,42.31375315313785,-87.97554804778305,10077,-1.57,42.3,-87.9,6.398089507473047
2024-05-12 00:31:00,43092005,0.0628270254647511,-0.01108038819195728,0.13673443912145947,42.31375315313785,-87.97554804778305,10077,-1.3,42.3,-87.9,6.398089507473047
2024-05-12 00:32:00,43092005,0.41519847963201373,0.2574240686488852,0.5729728906151423,42.31375315313785,-87.97554804778305,10077,-1.03,42.3,-87.9,6.398089507473047
2024-05-12 00:33:00,43092005,1.0397298141828455,0.6356520724568806,1.4438075559088104,42.31375315313785,-87.97554804778305,10077,-0.75,42.3,-87.9,6.398089507473047
2024-05-12 00:34:00,43092005,0.48136091377483425,0.23959125772110226,0.7231305698285663,42.31375315313785,-87.97554804778305,10077,-1.02,42.3,-87.9,6.398089507473047
2024-05-12 00:35:00,43092005,-0.15588598630337375,-0.2626519235235886,-0.049120049083158854,42.31375315313785,-87.97554804778305,10077,-1.41,42.3,-87.9,6.398089507473047
2024-05-12 00:36:00,43092005,0.17127086457453275,0.1070399163049156,0.2355018128441499,42.31375315313785,-87.97554804778305,10077,-1.8,42.3,-87.9,6.398089507473047
2024-05-12 00:37:00,43092005,1.0158300372330766,0.6339662600802901,1.397693814385863,42.31375315313785,-87.97554804778305,10077,-1.49,42.3,-87.9,6.398089507473047
2024-05-12 00:38:00,43092005,0.25497467234441284,0.1454250112568245,0.3645243334320012,42.31375315313785,-87.97554804778305,10077,-0.43,42.3,-87.9,6.398089507473047
2024-05-12 00:39:00,43092005,-0.3985397271942674,-0.5422168069591699,-0.25486264742936493,42.31375315313785,-87.97554804778305,10077,-1.09,42.3,-87.9,6.398089507473047
2024-05-12 00:40:00,43092005,0.5500594289030385,0.16676887936312074,0.9333499784429562,42.31375315313785,-87.97554804778305,10077,-1.68,42.3,-87.9,6.398089507473047
2024-05-12 00:41:00,43092005,0.5681510473879283,0.28531437612985483,0.8509877186460018,42.31375315313785,-87.97554804778305,10077,-1.53,42.3,-87.9,6.398089507473047
2024-05-12 00:42:00,43092005,0.16967257140850575,-0.0003482012447944549,0.33969334406180596,42.31375315313785,-87.97554804778305,10077,-1.38,42.3,-87.9,6.398089507473047
2024-05-12 00:43:00,43092005,-0.16308136186784222,-0.22250842812516447,-0.10365429561051998,42.31375315313785,-87.97554804778305,10077,-1.23,42.3,-87.9,6.398089507473047
2024-05-12 00:44:00,43092005,0.43007869673029225,0.27779930159429334,0.5823580918662912,42.31375315313785,-87.97554804778305,10077,-1.14,42.3,-87.9,6.398089507473047
2024-05-12 00:45:00,43092005,0.26950640931146636,0.16583561179326095,0.37317720682967176,42.31375315313785,-87.97554804778305,10077,-1.44,42.3,-87.9,6.398089507473047
2024-05-12 00:46:00,43092005,-0.5138449855802352,-0.7283267003861887,-0.2993632707742816,42.31375315313785,-87.97554804778305,10077,-1.54,42.3,-87.9,6.398089507473047
2024-05-12 00:47:00,43092005,-0.14369157867921623,-0.1970564003067914,-0.09032675705164106,42.31375315313785,-87.97554804778305,10077,-1.4,42.3,-87.9,6.398089507473047
2024-05-12 00:48:00,43092005,0.06066620806409344,-0.001652249008518257,0.12298466513670514,42.31375315313785,-87.97554804778305,10077,-1.27,42.3,-87.9,6.398089507473047
2024-05-12 00:49:00,43092005,0.32968785531613465,0.21261970623277665,0.44675600439949265,42.31375315313785,-87.97554804778305,10077,-1.26,42.3,-87.9,6.398089507473047
2024-05-12 00:50:00,43092005,0.14410142345648064,0.07610162885262872,0.21210121806033255,42.31375315313785,-87.97554804778305,10077,-1.4,42.3,-87.9,6.398089507473047
2024-05-12 00:51:00,43092005,0.5424717853317285,0.35171193219669283,0.7332316384667641,42.31375315313785,-87.97554804778305,10077,-1.53,42.3,-87.9,6.398089507473047
2024-05-12 00:52:00,43092005,0.2511631690647294,0.15838121594402993,0.3439451221854289,42.31375315313785,-87.97554804778305,10077,-1.67,42.3,-87.9,6.398089507473047
2024-05-12 00:53:00,43092005,-0.13228913646284432,-0.2726130350565888,0.008034762130900153,42.31375315313785,-87.97554804778305,10077,-1.8,42.3,-87.9,6.398089507473047
2024-05-12 00:54:00,43092005,-0.16366901546048543,-0.342826947166315,0.015488916245344125,42.31375315313785,-87.97554804778305,10077,-1.6,42.3,-87.9,6.398089507473047
2024-05-12 00:55:00,43092005,0.33144273913295047,0.21325467012665186,0.44963080813924905,42.31375315313785,-87.97554804778305,10077,-0.62,42.3,-87.9,6.398089507473047
2024-05-12 00:56:00,43092005,-0.11598782458302931,-0.19221638711350036,-0.03975926205255825,42.31375315313785,-87.97554804778305,10077,-0.79,42.3,-87.9,6.398089507473047
2024-05-12 00:57:00,43092005,-0.006037366435920009,-0.02721569127020699,0.015140958398366969,42.31375315313785,-87.97554804778305,10077,-0.98,42.3,-87.9,6.398089507473047
2024-05-12 00:58:00,43092005,0.07700223562524731,0.044769075757908706,0.10923539549258593,42.31375315313785,-87.97554804778305,10077,-1.16,42.3,-87.9,6.398089507473047
2024-05-12 00:59:00,43092005,0.4714396313523738,0.2683783088314342,0.6745009538733134,42.31375315313785,-87.97554804778305,10077,-1.41,42.3,-87.9,6.398089507473047
2024-05-12 01:00:00,43092005,0.45514885397227645,0.21047673014645368,0.6998209777980993,42.31375315313785,-87.97554804778305,10077,-1.18,42.3,-87.9,6.398089507473047
2024-05-12 01:01:00,43092005,0.1198399570246255,0.049019267863159716,0.1906606461860913,42.31375315313785,-87.97554804778305,10077,-0.69,42.3,-87.9,6.398089507473047
2024-05-12 01:02:00,43092005,0.10853655941061965,-0.018030248067402332,0.23510336688864164,42.31375315313785,-87.97554804778305,10077,-0.97,42.3,-87.9,6.398089507473047
2024-05-12 01:03:00,43092005,0.3292452371877648,0.15439020481824728,0.5041002695572824,42.31375315313785,-87.97554804778305,10077,-1.24,42.3,-87.9,6.398089507473047
2024-05-12 01:04:00,43092005,-0.23330103948462597,-0.44735321081058643,-0.019248868158665472,42.31375315313785,-87.97554804778305,10077,-1.52,42.3,-87.9,6.398089507473047
2024-05-12 01:05:00,43092005,0.45271027741724984,0.2927765740044244,0.6126439808300752,42.31375315313785,-87.97554804778305,10077,-1.8,42.3,-87.9,6.398089507473047
2024-05-12 01:06:00,43092005,1.2378439464814084,0.6425446737748303,1.8331432191879866,42.31375315313785,-87.97554804778305,10077,-1.57,42.3,-87.9,6.398089507473047
2024-05-12 01:07:00,43092005,1.4952661401795266,0.9150348133176495,2.0754974670414037,42.31375315313785,-87.97554804778305,10077,-1.43,42.3,-87.9,6.398089507473047
2024-05-12 01:08:00,43092005,1.0114762980612297,0.5739533906340916,1.4489992054883678,42.31375315313785,-87.97554804778305,10077,-1.69,42.3,-87.9,6.398089507473047
2024-05-12 01:09:00,43092005,0.8662542267177338,0.5556517100406597,1.1768567433948078,42.31375315313785,-87.97554804778305,10077,-1.96,42.3,-87.9,6.398089507473047
2024-05-12 01:10:00,43092005,-0.7013664481143717,-1.2435165669839319,-0.15921632924481133,42.31375315313785,-87.97554804778305,10077,-1.99,42.3,-87.9,6.398089507473047
2024-05-12 01:11:00,43092005,0.474342303205851,0.30215324112673725,0.6465313652849648,42.31375315313785,-87.97554804778305,10077,-1.77,42.3,-87.9,6.398089507473047
2024-05-12 01:12:00,43092005,2.314223008795191,1.2144226053590719,3.41402341223131,42.31375315313785,-87.97554804778305,10077,-1.54,42.3,-87.9,6.398089507473047
2024-05-12 01:13:00,43092005,1.1569830826425314,0.6872034251097849,1.6267627401752778,42.31375315313785,-87.97554804778305,10077,-1.32,42.3,-87.9,6.398089507473047
2024-05-12 01:14:00,43092005,0.5752056793760237,0.32351602629452103,0.8268953324575264,42.31375315313785,-87.97554804778305,10077,-1.2,42.3,-87.9,6.398089507473047
2024-05-12 01:15:00,43092005,0.6596188935308827,0.3932737309989038,0.9259640560628615,42.31375315313785,-87.97554804778305,10077,-1.2,42.3,-87.9,6.398089507473047
2024-05-12 01:16:00,43092005,1.2436294020865495,0.7362213264291826,1.7510374777439164,42.31375315313785,-87.97554804778305,10077,-1.2,42.3,-87.9,6.398089507473047
2024-05-12 01:17:00,43092005,0.16819866212729112,-0.02407393103142899,0.3604712552860112,42.31375315313785,-87.97554804778305,10077,-1.2,42.3,-87.9,6.398089507473047
2024-05-12 01:18:00,43092005,0.7104730141304788,0.46077214344434403,0.9601738848166136,42.31375315313785,-87.97554804778305,10077,-1.2,42.3,-87.9,6.398089507473047
2024-05-12 01:19:00,43092005,-0.09093917281627871,-0.44029653337216307,0.2584181877396056,42.31375315313785,-87.97554804778305,10077,-1.36,42.3,-87.9,6.398089507473047
2024-05-12 01:20:00,43092005,-0.16511329748308318,-0.4055265953566396,0.07530000039047324,42.31375315313785,-87.97554804778305,10077,-1.53,42.3,-87.9,6.398089507473047
2024-05-12 01:21:00,43092005,0.44405978587561085,0.2768327606962887,0.611286811054933,42.31375315313785,-87.97554804778305,10077,-1.7,42.3,-87.9,6.398089507473047
2024-05-12 01:22:00,43092005,0.6354157751178682,0.3744067710618029,0.8964247791739335,42.31375315313785,-87.97554804778305,10077,-1.59,42.3,-87.9,6.398089507473047
2024-05-12 01:23:00,43092005,0.3054265253208484,0.19043072163515962,0.4204223290065372,42.31375315313785,-87.97554804778305,10077,-1.59,42.3,-87.9,6.398089507473047
2024-05-12 01:24:00,43092005,0.23548378420989016,0.14178084701232535,0.329186721407455,42.31375315313785,-87.97554804778305,10077,-1.7,42.3,-87.9,6.398089507473047
2024-05-12 01:25:00,43092005,-0.7854878814344791,-1.2355618160481385,-0.33541394682081965,42.31375315313785,-87.97554804778305,10077,-1.28,42.3,-87.9,6.398089507473047
2024-05-12 01:26:00,43092005,0.2303308041948349,0.1458656283854503,0.3147959800042195,42.31375315313785,-87.97554804778305,10077,-0.77,42.3,-87.9,6.398089507473047
2024-05-12 01:27:00,43092005,0.10865709941628807,0.0677529570238305,0.14956124180874564,42.31375315313785,-87.97554804778305,10077,-0.55,42.3,-87.9,6.398089507473047
2024-05-12 01:28:00,43092005,0.08211774196463198,-0.10305992040858006,0.26729540433784404,42.31375315313785,-87.97554804778305,10077,-1.79,42.3,-87.9,6.398089507473047
2024-05-12 01:29:00,43092005,-0.03893183324122871,-0.4023022087943053,0.3244385423118478,42.31375315313785,-87.97554804778305,10077,-1.71,42.3,-87.9,6.398089507473047
2024-05-12 01:30:00,43092005,-0.4028865323879903,-0.8495166353059257,0.04374357052994504,42.31375315313785,-87.97554804778305,10077,-2.44,42.3,-87.9,6.398089507473047
2024-05-12 01:31:00,43092005,-1.7791160775446577,-2.709023954631072,-0.8492082004582433,42.31375315313785,-87.97554804778305,10077,-2.24,42.3,-87.9,6.398089507473047
2024-05-12 01:32:00,43092005,-1.0007534548080057,-1.4060573803888903,-0.5954495292271212,42.31375315313785,-87.97554804778305,10077,-1.17,42.3,-87.9,6.398089507473047
2024-05-12 01:33:00,43092005,0.4774040736650166,0.30455285213379835,0.6502552951962348,42.31375315313785,-87.97554804778305,10077,1.16,42.3,-87.9,6.398089507473047
2024-05-12 01:34:00,43092005,0.679353741812228,0.35894100902204107,0.9997664746024149,42.31375315313785,-87.97554804778305,10077,-0.54,42.3,-87.9,6.398089507473047
2024-05-12 01:35:00,43092005,0.17858951297567638,0.07876959633805093,0.27840942961330184,42.31375315313785,-87.97554804778305,10077,-1.81,42.3,-87.9,6.398089507473047
2024-05-12 01:36:00,43092005,1.2885298228666262,0.5991838267037198,1.9778758190295327,42.31375315313785,-87.97554804778305,10077,-0.49,42.3,-87.9,6.398089507473047
2024-05-12 01:37:00,43092005,1.2411264909389323,0.7237334121014594,1.7585195697764053,42.31375315313785,-87.97554804778305,10077,-0.62,42.3,-87.9,6.398089507473047
2024-05-12 01:38:00,43092005,1.1416708500425619,0.6118843071819403,1.6714573929031835,42.31375315313785,-87.97554804778305,10077,-1.48,42.3,-87.9,6.398089507473047
2024-05-12 01:39:00,43092005,1.3388687726437,0.7184883751641921,1.9592491701232082,42.31375315313785,-87.97554804778305,10077,-0.44,42.3,-87.9,6.398089507473047
2024-05-12 01:40:00,43092005,1.5592120846448685,0.8484362932871433,2.2699878760025936,42.31375315313785,-87.97554804778305,10077,0.48,42.3,-87.9,6.398089507473047
2024-05-12 01:41:00,43092005,1.4702323521802525,0.6982242230330947,2.24224048132741,42.31375315313785,-87.97554804778305,10077,-0.92,42.3,-87.9,6.398089507473047
2024-05-12 01:42:00,43092005,0.8360864329606967,0.42261006337849605,1.2495628025428975,42.31375315313785,-87.97554804778305,10077,-0.61,42.3,-87.9,6.398089507473047
2024-05-12 01:43:00,43092005,1.8608710110038145,0.9342618007277708,2.787480221279858,42.31375315313785,-87.97554804778305,10077,-0.12,42.3,-87.9,6.398089507473047
2024-05-12 01:44:00,43092005,0.24661416002551564,-0.01075430430012328,0.5039826243511546,42.31375315313785,-87.97554804778305,10077,-0.2,42.3,-87.9,6.398089507473047
2024-05-12 01:45:00,43092005,1.2474077124058742,0.5288332806011691,1.9659821442105794,42.31375315313785,-87.97554804778305,10077,-0.27,42.3,-87.9,6.398089507473047
2024-05-12 01:46:00,43092005,1.109566916079076,0.5398488916282059,1.679284940529946,42.31375315313785,-87.97554804778305,10077,-0.02,42.3,-87.9,6.398089507473047
2024-05-12 01:47:00,43092005,1.340026087704159,0.8650641860209908,1.814987989387327,42.31375315313785,-87.97554804778305,10077,-0.33,42.3,-87.9,6.398089507473047
2024-05-12 01:48:00,43092005,0.7716989312554362,0.4881187226728486,1.055279139838024,42.31375315313785,-87.97554804778305,10077,-0.7,42.3,-87.9,6.398089507473047
2024-05-12 01:49:00,43092005,0.2648991467267798,0.16274899299233087,0.3670493004612287,42.31375315313785,-87.97554804778305,10077,0.63,42.3,-87.9,6.398089507473047
2024-05-12 01:50:00,43092005,1.2309299449723465,0.7977548567635356,1.6641050331811575,42.31375315313785,-87.97554804778305,10077,-0.68,42.3,-87.9,6.398089507473047
2024-05-12 01:51:00,43092005,0.6243963409822089,0.40548990306091326,0.8433027789035045,42.31375315313785,-87.97554804778305,10077,-0.65,42.3,-87.9,6.398089507473047
2024-05-12 01:52:00,43092005,0.3158942772170577,0.14996874901378549,0.4818198054203299,42.31375315313785,-87.97554804778305,10077,-0.75,42.3,-87.9,6.398089507473047
2024-05-12 01:53:00,43092005,-0.05917306174578379,-0.3584527248687443,0.2401066013771767,42.31375315313785,-87.97554804778305,10077,-0.99,42.3,-87.9,6.398089507473047
2024-05-12 01:54:00,43092005,-0.23051589368093428,-0.4901261456836,0.02909435832173146,42.31375315313785,-87.97554804778305,10077,-1.29,42.3,-87.9,6.398089507473047
2024-05-12 01:55:00,43092005,-0.2260925931013411,-0.6481545836948562,0.195969397492174,42.31375315313785,-87.97554804778305,10077,-1.59,42.3,-87.9,6.398089507473047
2024-05-12 01:56:00,43092005,-0.08742096730097466,-0.46564539596522286,0.29080346136327356,42.31375315313785,-87.97554804778305,10077,-2.35,42.3,-87.9,6.398089507473047
2024-05-12 01:57:00,43092005,-0.24902581338441573,-0.8956152685703794,0.3975636418015479,42.31375315313785,-87.97554804778305,10077,-2.56,42.3,-87.9,6.398089507473047
2024-05-12 01:58:00,43092005,-0.9247410741977786,-1.5705739753896797,-0.27890817300587745,42.31375315313785,-87.97554804778305,10077,-1.11,42.3,-87.9,6.398089507473047
2024-05-12 01:59:00,43092005,-0.1437865387465114,-0.5645000432833961,0.27692696579037324,42.31375315313785,-87.97554804778305,10077,-1.26,42.3,-87.9,6.398089507473047
2024-05-12 02:00:00,43092005,-0.851135258992345,-1.4466757774396108,-0.25559474054507914,42.31375315313785,-87.97554804778305,10077,-3.22,42.3,-87.9,6.398089507473047
2024-05-12 02:01:00,43092005,-1.786870807782749,-2.458040469613077,-1.1157011459524213,42.31375315313785,-87.97554804778305,10077,-0.26,42.3,-87.9,6.398089507473047
2024-05-12 02:02:00,43092005,-0.40056986640759495,-0.5978642234675121,-0.2032755093476778,42.31375315313785,-87.97554804778305,10077,1.52,42.3,-87.9,6.398089507473047
2024-05-12 02:03:00,43092005,0.433091946002236,0.27537324647032413,0.5908106455341479,42.31375315313785,-87.97554804778305,10077,-0.34,42.3,-87.9,6.398089507473047
2024-05-12 02:04:00,43092005,-0.7285318634563819,-1.0071450608047616,-0.44991866610800224,42.31375315313785,-87.97554804778305,10077,-1.0,42.3,-87.9,6.398089507473047
2024-05-12 02:05:00,43092005,-0.010962724846870898,-0.2434967956189497,0.22157134592520794,42.31375315313785,-87.97554804778305,10077,0.46,42.3,-87.9,6.398089507473047
2024-05-12 02:06:00,43092005,1.228322846565237,0.5747752722705327,1.8818704208599413,42.31375315313785,-87.97554804778305,10077,0.01,42.3,-87.9,6.398089507473047
2024-05-12 02:07:00,43092005,0.15585291667148135,0.09879217213200145,0.21291366121096125,42.31375315313785,-87.97554804778305,10077,-1.79,42.3,-87.9,6.398089507473047
2024-05-12 02:08:00,43092005,-0.7565719599002286,-1.0438049060750507,-0.46933901372540665,42.31375315313785,-87.97554804778305,10077,-1.11,42.3,-87.9,6.398089507473047
2024-05-12 02:09:00,43092005,-0.15714723019823337,-0.24982460307525678,-0.06446985732120998,42.31375315313785,-87.97554804778305,10077,-0.43,42.3,-87.9,6.398089507473047
2024-05-12 02:10:00,43092005,-0.1701959065380412,-0.38708083980065633,0.046689026724573895,42.31375315313785,-87.97554804778305,10077,-0.91,42.3,-87.9,6.398089507473047
2024-05-12 02:11:00,43092005,-0.025916840818379177,-0.04094197672540378,-0.010891704911354579,42.31375315313785,-87.97554804778305,10077,-1.52,42.3,-87.9,6.398089507473047
2024-05-12 02:12:00,43092005,-0.5488360375632768,-0.7598540921899504,-0.33781798293660326,42.31375315313785,-87.97554804778305,10077,-1.99,42.3,-87.9,6.398089507473047
2024-05-12 02:13:00,43092005,-1.1857760900580196,-1.6837744816012061,-0.6877776985148332,42.31375315313785,-87.97554804778305,10077,-6.33,42.3,-87.9,6.398089507473047
2024-05-12 02:14:00,43092005,-3.66397196801384,-4.981085923125852,-2.3468580129018273,42.31375315313785,-87.97554804778305,10077,-6.57,42.3,-87.9,6.398089507473047
2024-05-12 02:15:00,43092005,-2.968716588982365,-4.392426186790578,-1.545006991174152,42.31375315313785,-87.97554804778305,10077,-6.4,42.3,-87.9,6.398089507473047
2024-05-12 02:16:00,43092005,-0.5733167513070586,-0.8757568571574159,-0.2708766454567013,42.31375315313785,-87.97554804778305,10077,-5.9,42.3,-87.9,6.398089507473047
2024-05-12 02:17:00,43092005,-1.8043008617739331,-2.4940996605988452,-1.1145020629490208,42.31375315313785,-87.97554804778305,10077,-4.21,42.3,-87.9,6.398089507473047
2024-05-12 02:18:00,43092005,-1.5923572787291425,-2.15079098342892,-1.033923574029365,42.31375315313785,-87.97554804778305,10077,-2.11,42.3,-87.9,6.398089507473047
2024-05-12 02:19:00,43092005,-0.8912581762947833,-1.2804825742233008,-0.5020337783662658,42.31375315313785,-87.97554804778305,10077,-3.99,42.3,-87.9,6.398089507473047
2024-05-12 02:20:00,43092005,-0.3934238934640339,-0.6274097402552965,-0.15943804667277128,42.31375315313785,-87.97554804778305,10077,-5.49,42.3,-87.9,6.398089507473047
2024-05-12 02:21:00,43092005,-0.04953780439094393,-0.14510318810681752,0.04602757932492966,42.31375315313785,-87.97554804778305,10077,-8.13,42.3,-87.9,6.398089507473047
2024-05-12 02:22:00,43092005,-0.7956774944864344,-1.190109613462182,-0.40124537551068684,42.31375315313785,-87.97554804778305,10077,-5.79,42.3,-87.9,6.398089507473047
2024-05-12 02:23:00,43092005,-1.5777462590345763,-2.361865972571134,-0.7936265454980186,42.31375315313785,-87.97554804778305,10077,-2.58,42.3,-87.9,6.398089507473047
2024-05-12 02:24:00,43092005,-0.8357353443536618,-1.3551474332379918,-0.31632325546933193,42.31375315313785,-87.97554804778305,10077,-1.2,42.3,-87.9,6.398089507473047
2024-05-12 02:25:00,43092005,-1.5673302746468918,-2.306150221262394,-0.8285103280313896,42.31375315313785,-87.97554804778305,10077,-1.87,42.3,-87.9,6.398089507473047
2024-05-12 02:26:00,43092005,-1.062541937208116,-1.5343777160598135,-0.5907061583564184,42.31375315313785,-87.97554804778305,10077,-1.76,42.3,-87.9,6.398089507473047
2024-05-12 02:27:00,43092005,-0.06973572076183923,-0.10065832562695559,-0.038813115896722865,42.31375315313785,-87.97554804778305,10077,-1.46,42.3,-87.9,6.398089507473047
2024-05-12 02:28:00,43092005,-0.023837835326235575,-0.07688281799202223,0.029207147339551078,42.31375315313785,-87.97554804778305,10077,-1.16,42.3,-87.9,6.398089507473047
2024-05-12 02:29:00,43092005,-0.5533421819278023,-0.914832876149502,-0.1918514877061025,42.31375315313785,-87.97554804778305,10077,-0.95,42.3,-87.9,6.398089507473047
2024-05-12 02:30:00,43092005,0.6857423516629931,0.41363417485377796,0.9578505284722083,42.31375315313785,-87.97554804778305,10077,-0.76,42.3,-87.9,6.398089507473047
2024-05-12 02:31:00,43092005,-0.2661726717045881,-0.39056065804829976,-0.1417846853608764,42.31375315313785,-87.97554804778305,10077,-0.57,42.3,-87.9,6.398089507473047
2024-05-12 02:32:00,43092005,-0.2959739547129487,-0.4293586100344918,-0.16258929939140557,42.31375315313785,-87.97554804778305,10077,-0.67,42.3,-87.9,6.398089507473047
2024-05-12 02:33:00,43092005,-0.3785526320177193,-0.6060576138491605,-0.15104765018627817,42.31375315313785,-87.97554804778305,10077,-0.92,42.3,-87.9,6.398089507473047
2024-05-12 02:34:00,43092005,-0.7557904347403904,-1.0525823275190151,-0.4589985419617656,42.31375315313785,-87.97554804778305,10077,-1.52,42.3,-87.9,6.398089507473047
2024-05-12 02:35:00,43092005,-0.6091249214303225,-0.8262394788891145,-0.39201036397153044,42.31375315313785,-87.97554804778305,10077,-1.26,42.3,-87.9,6.398089507473047
2024-05-12 02:36:00,43092005,0.5702164562134292,0.1941933138965392,0.9462395985303191,42.31375315313785,-87.97554804778305,10077,-0.11,42.3,-87.9,6.398089507473047
2024-05-12 02:37:00,43092005,0.5062908719534189,0.1927729430436282,0.8198088008632096,42.31375315313785,-87.97554804778305,10077,-0.47,42.3,-87.9,6.398089507473047
2024-05-12 02:38:00,43092005,-0.43140870739792225,-0.5843808494703358,-0.2784365653255087,42.31375315313785,-87.97554804778305,10077,-1.67,42.3,-87.9,6.398089507473047
2024-05-12 02:39:00,43092005,-0.11391641528235939,-0.1550615389933363,-0.0727712915713825,42.31375315313785,-87.97554804778305,10077,-0.9,42.3,-87.9,6.398089507473047
2024-05-12 02:40:00,43092005,0.025957906323800704,-0.07503835227339753,0.12695416492099892,42.31375315313785,-87.97554804778305,10077,-0.9,42.3,-87.9,6.398089507473047
2024-05-12 02:41:00,43092005,-0.06975155755877349,-0.1317521049945114,-0.007751010123035577,42.31375315313785,-87.97554804778305,10077,-0.96,42.3,-87.9,6.398089507473047
2024-05-12 02:42:00,43092005,-0.4283367642213154,-0.6380031351229967,-0.21867039331963412,42.31375315313785,-87.97554804778305,10077,-1.16,42.3,-87.9,6.398089507473047
2024-05-12 02:43:00,43092005,-0.25144619169528815,-0.3857402131843874,-0.1171521702061889,42.31375315313785,-87.97554804778305,10077,-1.36,42.3,-87.9,6.398089507473047
2024-05-12 02:44:00,43092005,-0.9066666335166248,-1.229331062579343,-0.5840022044539066,42.31375315313785,-87.97554804778305,10077,-0.43,42.3,-87.9,6.398089507473047
2024-05-12 02:45:00,43092005,-0.5062305467357313,-0.691426063870665,-0.32103502960079766,42.31375315313785,-87.97554804778305,10077,0.36,42.3,-87.9,6.398089507473047
2024-05-12 02:46:00,43092005,0.2686541797310221,0.12118592951901752,0.41612242994302673,42.31375315313785,-87.97554804778305,10077,0.59,42.3,-87.9,6.398089507473047
2024-05-12 02:47:00,43092005,-0.679536704375481,-0.952277303136464,-0.406796105614498,42.31375315313785,-87.97554804778305,10077,-0.41,42.3,-87.9,6.398089507473047
2024-05-12 02:48:00,43092005,-1.143847055602492,-1.5605890468183854,-0.7271050643865986,42.31375315313785,-87.97554804778305,10077,-0.96,42.3,-87.9,6.398089507473047
2024-05-12 02:49:00,43092005,-0.5151879792860278,-0.7221300012933962,-0.30824595727865933,42.31375315313785,-87.97554804778305,10077,-0.51,42.3,-87.9,6.398089507473047
2024-05-12 02:50:00,43092005,0.014873760153979251,-0.07312574833101701,0.1028732686389755,42.31375315313785,-87.97554804778305,10077,-0.91,42.3,-87.9,6.398089507473047
2024-05-12 02:51:00,43092005,0.07530516088013257,-0.13026572387955082,0.28087604563981594,42.31375315313785,-87.97554804778305,10077,-1.32,42.3,-87.9,6.398089507473047
2024-05-12 02:52:00,43092005,-1.3606365112900585,-2.0527304843697993,-0.6685425382103177,42.31375315313785,-87.97554804778305,10077,-1.65,42.3,-87.9,6.398089507473047
2024-05-12 02:53:00,43092005,0.5238424060973608,0.3217714103445013,0.7259134018502202,42.31375315313785,-87.97554804778305,10077,0.71,42.3,-87.9,6.398089507473047
2024-05-12 02:54:00,43092005,2.062899912658491,1.2841248104278824,2.8416750148890992,42.31375315313785,-87.97554804778305,10077,0.61,42.3,-87.9,6.398089507473047
2024-05-12 02:55:00,43092005,0.716899547119039,0.46559000799567485,0.9682090862424032,42.31375315313785,-87.97554804778305,10077,-0.81,42.3,-87.9,6.398089507473047
2024-05-12 02:56:00,43092005,-0.6590152327204707,-0.8902156015298703,-0.427814863911071,42.31375315313785,-87.97554804778305,10077,-0.21,42.3,-87.9,6.398089507473047
2024-05-12 02:57:00,43092005,0.5366544770590382,0.22898075133353046,0.844328202784546,42.31375315313785,-87.97554804778305,10077,0.14,42.3,-87.9,6.398089507473047
2024-05-12 02:58:00,43092005,1.8090566969885116,0.6894839204591656,2.9286294735178577,42.31375315313785,-87.97554804778305,10077,0.92,42.3,-87.9,6.398089507473047
2024-05-12 02:59:00,43092005,2.1270646070571324,0.957870353882929,3.296258860231336,42.31375315313785,-87.97554804778305,10077,1.15,42.3,-87.9,6.398089507473047
2024-05-12 03:00:00,43092005,2.3985819350507924,1.2881599802235673,3.5090038898780174,42.31375315313785,-87.97554804778305,10077,1.29,42.3,-87.9,6.398089507473047
2024-05-12 03:01:00,43092005,1.7565712112756002,1.070614139648711,2.4425282829024892,42.31375315313785,-87.97554804778305,10077,0.97,42.3,-87.9,6.398089507473047
2024-05-12 03:02:00,43092005,0.05379560622397211,-0.0006763656257041187,0.10826757807364834,42.31375315313785,-87.97554804778305,10077,-2.14,42.3,-87.9,6.398089507473047
2024-05-12 03:03:00,43092005,-0.9400219809366647,-1.2824671577629005,-0.5975768041104288,42.31375315313785,-87.97554804778305,10077,-1.73,42.3,-87.9,6.398089507473047
2024-05-12 03:04:00,43092005,1.9146674254484344,1.052859387624741,2.776475463272128,42.31375315313785,-87.97554804778305,10077,-2.11,42.3,-87.9,6.398089507473047
2024-05-12 03:05:00,43092005,1.4831428930051345,0.9122614403772223,2.0540243456330467,42.31375315313785,-87.97554804778305,10077,-3.21,42.3,-87.9,6.398089507473047
2024-05-12 03:06:00,43092005,0.9354552467327967,0.5572338426515508,1.3136766508140425,42.31375315313785,-87.97554804778305,10077,-2.91,42.3,-87.9,6.398089507473047
2024-05-12 03:07:00,43092005,0.41280858067417503,0.2629637547374447,0.5626534066109053,42.31375315313785,-87.97554804778305,10077,-2.61,42.3,-87.9,6.398089507473047
2024-05-12 03:08:00,43092005,-0.7849230705795431,-1.077615071726942,-0.49223106943214423,42.31375315313785,-87.97554804778305,10077,-2.6,42.3,-87.9,6.398089507473047
2024-05-12 03:09:00,43092005,-0.9125696399954047,-1.4557582309801607,-0.3693810490106487,42.31375315313785,-87.97554804778305,10077,-2.82,42.3,-87.9,6.398089507473047
2024-05-12 03:10:00,43092005,-1.1218822807036246,-1.6142324497064224,-0.6295321117008268,42.31375315313785,-87.97554804778305,10077,-2.37,42.3,-87.9,6.398089507473047
2024-05-12 03:11:00,43092005,-0.9018895253025574,-1.518996362546269,-0.28478268805884577,42.31375315313785,-87.97554804778305,10077,-2.19,42.3,-87.9,6.398089507473047
2024-05-12 03:12:00,43092005,-0.6642763238367543,-1.0093573911876432,-0.3191952564858654,42.31375315313785,-87.97554804778305,10077,-2.0,42.3,-87.9,6.398089507473047
2024-05-12 03:13:00,43092005,-0.10163414226214688,-0.24836944818350837,0.045101163659214585,42.31375315313785,-87.97554804778305,10077,-1.87,42.3,-87.9,6.398089507473047
2024-05-12 03:14:00,43092005,0.418348061849823,0.251506094766013,0.5851900289336329,42.31375315313785,-87.97554804778305,10077,-1.73,42.3,-87.9,6.398089507473047
2024-05-12 03:15:00,43092005,-0.07026634207371749,-0.1222829563721553,-0.018249727775279667,42.31375315313785,-87.97554804778305,10077,-1.91,42.3,-87.9,6.398089507473047
2024-05-12 03:16:00,43092005,-0.7345596380475768,-0.9921795515433915,-0.47693972455176215,42.31375315313785,-87.97554804778305,10077,-2.18,42.3,-87.9,6.398089507473047
2024-05-12 03:17:00,43092005,-0.11789135434162945,-0.21216403675026435,-0.023618671932994564,42.31375315313785,-87.97554804778305,10077,-2.39,42.3,-87.9,6.398089507473047
2024-05-12 03:18:00,43092005,-0.009630574881722956,-0.06535103443144344,0.04608988466799752,42.31375315313785,-87.97554804778305,10077,-2.35,42.3,-87.9,6.398089507473047
2024-05-12 03:19:00,43092005,-0.20829541018503464,-0.3169315322161808,-0.09965928815388847,42.31375315313785,-87.97554804778305,10077,-2.3,42.3,-87.9,6.398089507473047
2024-05-12 03:20:00,43092005,-0.41232315699529326,-0.651597661854083,-0.17304865213650356,42.31375315313785,-87.97554804778305,10077,-2.26,42.3,-87.9,6.398089507473047
2024-05-12 03:21:00,43092005,-0.5318588379182314,-0.8458342427517049,-0.21788343308475794,42.31375315313785,-87.97554804778305,10077,-2.21,42.3,-87.9,6.398089507473047
2024-05-12 03:22:00,43092005,-0.2794152705773786,-0.40221465630964126,-0.1566158848451159,42.31375315313785,-87.97554804778305,10077,-2.2,42.3,-87.9,6.398089507473047
2024-05-12 03:23:00,43092005,-0.284473738135924,-0.3842694830489467,-0.18467799322290135,42.31375315313785,-87.97554804778305,10077,-2.2,42.3,-87.9,6.398089507473047
2024-05-12 03:24:00,43092005,-0.012166600742764735,-0.06492228024319516,0.040589078757665695,42.31375315313785,-87.97554804778305,10077,-2.2,42.3,-87.9,6.398089507473047
2024-05-12 03:25:00,43092005,-0.3694253363891652,-0.5259810327645105,-0.21286964001381986,42.31375315313785,-87.97554804778305,10077,-2.2,42.3,-87.9,6.398089507473047
2024-05-12 03:26:00,43092005,-0.48073149397782516,-0.656670937113435,-0.3047920508422153,42.31375315313785,-87.97554804778305,10077,-2.1,42.3,-87.9,6.398089507473047
2024-05-12 03:27:00,43092005,-0.013890030372569532,-0.05243962294863695,0.024659562203497885,42.31375315313785,-87.97554804778305,10077,-1.99,42.3,-87.9,6.398089507473047
2024-05-12 03:28:00,43092005,0.014657607333507636,-0.018644080368701833,0.0479592950357171,42.31375315313785,-87.97554804778305,10077,-1.96,42.3,-87.9,6.398089507473047
2024-05-12 03:29:00,43092005,0.4986302957760361,0.323124787666892,0.6741358038851802,42.31375315313785,-87.97554804778305,10077,-2.16,42.3,-87.9,6.398089507473047
2024-05-12 03:30:00,43092005,0.35709724383881514,0.2318930534937379,0.4823014341838924,42.31375315313785,-87.97554804778305,10077,-1.43,42.3,-87.9,6.398089507473047
2024-05-12 03:31:00,43092005,-0.16176989994112187,-0.24552322597958456,-0.07801657390265918,42.31375315313785,-87.97554804778305,10077,-1.69,42.3,-87.9,6.398089507473047
2024-05-12 03:32:00,43092005,0.0232515216922915,0.01293816860047356,0.03356487478410944,42.31375315313785,-87.97554804778305,10077,-1.26,42.3,-87.9,6.398089507473047
2024-05-12 03:33:00,43092005,0.1803069268568462,0.08122971490750487,0.27938413880618757,42.31375315313785,-87.97554804778305,10077,-0.82,42.3,-87.9,6.398089507473047
2024-05-12 03:34:00,43092005,-0.11839520036333934,-0.16015662572948222,-0.07663377499719645,42.31375315313785,-87.97554804778305,10077,-0.39,42.3,-87.9,6.398089507473047
2024-05-12 03:35:00,43092005,-0.009168840252974328,-0.08626022998206952,0.06792254947612085,42.31375315313785,-87.97554804778305,10077,0.05,42.3,-87.9,6.398089507473047
2024-05-12 03:36:00,43092005,0.05350582877595332,-0.06674917263297393,0.1737608301848806,42.31375315313785,-87.97554804778305,10077,-0.12,42.3,-87.9,6.398089507473047
2024-05-12 03:37:00,43092005,-0.12048317021445225,-0.17055279242974916,-0.07041354799915533,42.31375315313785,-87.97554804778305,10077,-0.62,42.3,-87.9,6.398089507473047
2024-05-12 03:38:00,43092005,-0.23801003994051376,-0.32552513321235993,-0.15049494666866758,42.31375315313785,-87.97554804778305,10077,0.1,42.3,-87.9,6.398089507473047
2024-05-12 03:39:00,43092005,0.8910875377200899,0.5713395938879686,1.210835481552211,42.31375315313785,-87.97554804778305,10077,0.98,42.3,-87.9,6.398089507473047
2024-05-12 03:40:00,43092005,1.0103323632538468,0.634850957001251,1.3858137695064425,42.31375315313785,-87.97554804778305,10077,-1.38,42.3,-87.9,6.398089507473047
2024-05-12 03:41:00,43092005,-0.6854820418309299,-1.0080613905889528,-0.3629026930729068,42.31375315313785,-87.97554804778305,10077,-3.66,42.3,-87.9,6.398089507473047
2024-05-12 03:42:00,43092005,-2.0270602256059647,-2.8630662346143856,-1.191054216597544,42.31375315313785,-87.97554804778305,10077,-3.59,42.3,-87.9,6.398089507473047
2024-05-12 03:43:00,43092005,-1.3444852510042358,-1.8452671219808412,-0.8437033800276305,42.31375315313785,-87.97554804778305,10077,-0.87,42.3,-87.9,6.398089507473047
2024-05-12 03:44:00,43092005,-0.7727292073437744,-1.0468791176848378,-0.49857929700271103,42.31375315313785,-87.97554804778305,10077,-0.14,42.3,-87.9,6.398089507473047
2024-05-12 03:45:00,43092005,-1.36133611732557,-1.8764028695910078,-0.8462693650601322,42.31375315313785,-87.97554804778305,10077,-0.86,42.3,-87.9,6.398089507473047
2024-05-12 03:46:00,43092005,-1.419201342645743,-1.920069957562806,-0.9183327277286801,42.31375315313785,-87.97554804778305,10077,-0.48,42.3,-87.9,6.398089507473047
2024-05-12 03:47:00,43092005,-0.9901611965551114,-1.355796420317658,-0.6245259727925647,42.31375315313785,-87.97554804778305,10077,0.18,42.3,-87.9,6.398089507473047
2024-05-12 03:48:00,43092005,-0.40539043294942767,-0.5683849308263513,-0.24239593507250404,42.31375315313785,-87.97554804778305,10077,-0.22,42.3,-87.9,6.398089507473047
2024-05-12 03:49:00,43092005,0.11919948818596234,0.061099695566490496,0.17729928080543417,42.31375315313785,-87.97554804778305,10077,-0.12,42.3,-87.9,6.398089507473047
2024-05-12 03:50:00,43092005,-0.43834872006959186,-0.6267516047478967,-0.24994583539128695,42.31375315313785,-87.97554804778305,10077,-0.31,42.3,-87.9,6.398089507473047
2024-05-12 03:51:00,43092005,-0.33650235492612246,-0.6871759519100347,0.01417124205778969,42.31375315313785,-87.97554804778305,10077,-0.95,42.3,-87.9,6.398089507473047
2024-05-12 03:52:00,43092005,-0.16695329621770474,-0.3173646882120807,-0.016541904223328796,42.31375315313785,-87.97554804778305,10077,-1.59,42.3,-87.9,6.398089507473047
2024-05-12 03:53:00,43092005,0.03578608618478202,-0.02623676549696903,0.09780893786653307,42.31375315313785,-87.97554804778305,10077,-1.45,42.3,-87.9,6.398089507473047
2024-05-12 03:54:00,43092005,-0.24045955752113596,-0.3886072047593428,-0.09231191028292912,42.31375315313785,-87.97554804778305,10077,-1.66,42.3,-87.9,6.398089507473047
2024-05-12 03:55:00,43092005,-0.3178328489861393,-0.43987921941436214,-0.19578647855791642,42.31375315313785,-87.97554804778305,10077,-2.12,42.3,-87.9,6.398089507473047
2024-05-12 03:56:00,43092005,-0.374020414907756,-0.5064112036598158,-0.24162962615569616,42.31375315313785,-87.97554804778305,10077,-2.37,42.3,-87.9,6.398089507473047
2024-05-12 03:57:00,43092005,0.4669518177689317,0.29955514704374886,0.6343484884941145,42.31375315313785,-87.97554804778305,10077,-2.19,42.3,-87.9,6.398089507473047
2024-05-12 03:58:00,43092005,-0.28844391829876886,-0.45769910524118984,-0.11918873135634792,42.31375315313785,-87.97554804778305,10077,-3.58,42.3,-87.9,6.398089507473047
2024-05-12 03:59:00,43092005,-0.023857038630381806,-0.06333208841752616,0.015618011156762548,42.31375315313785,-87.97554804778305,10077,-2.78,42.3,-87.9,6.398089507473047
2024-05-12 04:00:00,43092005,-0.6551037841012006,-0.885924062388444,-0.42428350581395724,42.31375315313785,-87.97554804778305,10077,-3.07,42.3,-87.9,6.398089507473047
2024-05-12 04:01:00,43092005,0.0595544635768709,0.031148880795263865,0.08796004635847793,42.31375315313785,-87.97554804778305,10077,-1.73,42.3,-87.9,6.398089507473047
2024-05-12 04:02:00,43092005,-0.8217514144410765,-1.1749815503226984,-0.46852127855945447,42.31375315313785,-87.97554804778305,10077,-2.48,42.3,-87.9,6.398089507473047
2024-05-12 04:03:00,43092005,-1.3438359449307125,-1.8339641461427596,-0.8537077437186653,42.31375315313785,-87.97554804778305,10077,-2.04,42.3,-87.9,6.398089507473047
2024-05-12 04:04:00,43092005,-0.262953899810114,-0.36513838892627193,-0.1607694106939561,42.31375315313785,-87.97554804778305,10077,-2.39,42.3,-87.9,6.398089507473047
2024-05-12 04:05:00,43092005,-0.3188997881911826,-0.5247156352792592,-0.11308394110310596,42.31375315313785,-87.97554804778305,10077,-3.38,42.3,-87.9,6.398089507473047
2024-05-12 04:06:00,43092005,-0.5372999763223612,-0.7573677561913331,-0.3172321964533892,42.31375315313785,-87.97554804778305,10077,-0.94,42.3,-87.9,6.398089507473047
2024-05-12 04:07:00,43092005,0.2832513707765801,0.05825721744280171,0.5082455241103585,42.31375315313785,-87.97554804778305,10077,-0.7,42.3,-87.9,6.398089507473047
2024-05-12 04:08:00,43092005,-0.6898892304409566,-0.9890686458264271,-0.3907098150554862,42.31375315313785,-87.97554804778305,10077,-1.22,42.3,-87.9,6.398089507473047
2024-05-12 04:09:00,43092005,0.06686837414150673,-0.017635028316621476,0.15137177659963494,42.31375315313785,-87.97554804778305,10077,-2.17,42.3,-87.9,6.398089507473047
2024-05-12 04:10:00,43092005,0.52654904163767,0.24834945064530706,0.804748632630033,42.31375315313785,-87.97554804778305,10077,-1.79,42.3,-87.9,6.398089507473047
2024-05-12 04:11:00,43092005,1.1016931812976836,0.5828871890986411,1.620499173496726,42.31375315313785,-87.97554804778305,10077,-1.83,42.3,-87.9,6.398089507473047
2024-05-12 04:12:00,43092005,0.6256202739292294,0.2390902133414482,1.0121503345170106,42.31375315313785,-87.97554804778305,10077,-1.39,42.3,-87.9,6.398089507473047
2024-05-12 04:13:00,43092005,0.07880598418096565,-0.12290025766950433,0.28051222603143566,42.31375315313785,-87.97554804778305,10077,-0.79,42.3,-87.9,6.398089507473047
2024-05-12 04:14:00,43092005,0.6944843016997829,0.3228253267471937,1.0661432766523722,42.31375315313785,-87.97554804778305,10077,-1.67,42.3,-87.9,6.398089507473047
2024-05-12 04:15:00,43092005,0.8708090700190467,0.42587253664564384,1.3157456033924495,42.31375315313785,-87.97554804778305,10077,-0.72,42.3,-87.9,6.398089507473047
2024-05-12 04:16:00,43092005,0.32845760956214026,-0.03627964585407406,0.6931948649783546,42.31375315313785,-87.97554804778305,10077,-2.63,42.3,-87.9,6.398089507473047
2024-05-12 04:17:00,43092005,0.7198456169951025,0.34074046011547815,1.0989507738747268,42.31375315313785,-87.97554804778305,10077,-1.47,42.3,-87.9,6.398089507473047
2024-05-12 04:18:00,43092005,0.050229944047146945,-0.0798969980353838,0.1803568861296777,42.31375315313785,-87.97554804778305,10077,-1.9,42.3,-87.9,6.398089507473047
2024-05-12 04:19:00,43092005,1.0062608162412667,0.5709963864776212,1.4415252460049124,42.31375315313785,-87.97554804778305,10077,-0.9,42.3,-87.9,6.398089507473047
2024-05-12 04:20:00,43092005,0.9208492222510484,0.5456362514652177,1.296062193036879,42.31375315313785,-87.97554804778305,10077,-0.18,42.3,-87.9,6.398089507473047
2024-05-12 04:21:00,43092005,0.12216838491254282,0.014666552863038168,0.22967021696204748,42.31375315313785,-87.97554804778305,10077,-2.04,42.3,-87.9,6.398089507473047
2024-05-12 04:22:00,43092005,-0.7840723426344999,-1.0700447075763473,-0.4980999776926524,42.31375315313785,-87.97554804778305,10077,-1.7,42.3,-87.9,6.398089507473047
2024-05-12 04:23:00,43092005,0.32911258072295885,0.20429708363515497,0.4539280778107627,42.31375315313785,-87.97554804778305,10077,0.22,42.3,-87.9,6.398089507473047
2024-05-12 04:24:00,43092005,0.28040497395254316,0.17185833302544007,0.38895161487964625,42.31375315313785,-87.97554804778305,10077,-1.75,42.3,-87.9,6.398089507473047
2024-05-12 04:25:00,43092005,0.9634880099753688,0.5998041410702649,1.3271718788804727,42.31375315313785,-87.97554804778305,10077,-1.18,42.3,-87.9,6.398089507473047
2024-05-12 04:26:00,43092005,0.3020712587320687,0.14124985868904466,0.4628926587750927,42.31375315313785,-87.97554804778305,10077,-1.44,42.3,-87.9,6.398089507473047
2024-05-12 04:27:00,43092005,0.22384627316763303,0.12202398928479777,0.32566855705046827,42.31375315313785,-87.97554804778305,10077,-1.53,42.3,-87.9,6.398089507473047
2024-05-12 04:28:00,43092005,-0.5307859909396273,-0.7690659382961038,-0.29250604358315074,42.31375315313785,-87.97554804778305,10077,-0.26,42.3,-87.9,6.398089507473047
2024-05-12 04:29:00,43092005,-1.494496439900751,-2.7512593580512332,-0.23773352175026896,42.31375315313785,-87.97554804778305,10077,5.11,42.3,-87.9,6.398089507473047
2024-05-12 04:30:00,43092005,-0.20225310642287872,-2.4408645481698383,2.036358335324081,42.31375315313785,-87.97554804778305,10077,8.13,42.3,-87.9,6.398089507473047
2024-05-12 04:31:00,43092005,2.026556629696884,0.7373485077610547,3.315764751632714,42.31375315313785,-87.97554804778305,10077,-5.96,42.3,-87.9,6.398089507473047
2024-05-12 04:32:00,43092005,5.0796226660037105,2.3802774557444106,7.77896787626301,42.31375315313785,-87.97554804778305,10077,2.36,42.3,-87.9,6.398089507473047
2024-05-12 04:33:00,43092005,1.7388196343564508,0.26168949803141994,3.2159497706814815,42.31375315313785,-87.97554804778305,10077,19.3,42.3,-87.9,6.398089507473047
2024-05-12 04:34:00,43092005,-0.5643385504103992,-1.111181861585558,-0.017495239235240323,42.31375315313785,-87.97554804778305,10077,8.69,42.3,-87.9,6.398089507473047
2024-05-12 04:35:00,43092005,-2.202674652550155,-3.17106466495812,-1.2342846401421896,42.31375315313785,-87.97554804778305,10077,-4.76,42.3,-87.9,6.398089507473047
2024-05-12 04:36:00,43092005,2.308506314094204,1.4881001527803304,3.1289124754080775,42.31375315313785,-87.97554804778305,10077,-11.52,42.3,-87.9,6.398089507473047
2024-05-12 04:37:00,43092005,-1.1488644963639199,-1.8479126553828484,-0.4498163373449914,42.31375315313785,-87.97554804778305,10077,-12.84,42.3,-87.9,6.398089507473047
2024-05-12 04:38:00,43092005,-1.815881634438597,-2.796175820267249,-0.8355874486099449,42.31375315313785,-87.97554804778305,10077,-12.81,42.3,-87.9,6.398089507473047
2024-05-12 04:39:00,43092005,-2.118230449077778,-3.091875386974556,-1.1445855111810004,42.31375315313785,-87.97554804778305,10077,-9.95,42.3,-87.9,6.398089507473047
2024-05-12 04:40:00,43092005,-1.2868511250293941,-1.7417368703486114,-0.831965379710177,42.31375315313785,-87.97554804778305,10077,-7.93,42.3,-87.9,6.398089507473047
2024-05-12 04:41:00,43092005,-1.636185513851338,-2.246428181611606,-1.0259428460910698,42.31375315313785,-87.97554804778305,10077,-7.1,42.3,-87.9,6.398089507473047
2024-05-12 04:42:00,43092005,-1.6048324648524286,-2.1882945440816113,-1.021370385623246,42.31375315313785,-87.97554804778305,10077,-6.09,42.3,-87.9,6.398089507473047
2024-05-12 04:43:00,43092005,-2.2709411257191707,-3.0754797047307054,-1.466402546707636,42.31375315313785,-87.97554804778305,10077,-3.91,42.3,-87.9,6.398089507473047
2024-05-12 04:44:00,43092005,-0.9017853280319307,-1.242611324909215,-0.5609593311546464,42.31375315313785,-87.97554804778305,10077,-2.6,42.3,-87.9,6.398089507473047
2024-05-12 04:45:00,43092005,-0.7636980575088088,-1.2126401414937598,-0.3147559735238579,42.31375315313785,-87.97554804778305,10077,-1.49,42.3,-87.9,6.398089507473047
2024-05-12 04:46:00,43092005,-1.14110327215123,-1.6089617182610674,-0.6732448260413927,42.31375315313785,-87.97554804778305,10077,-0.95,42.3,-87.9,6.398089507473047
2024-05-12 04:47:00,43092005,-0.3590646344149499,-0.8312389327714105,0.11310966394151062,42.31375315313785,-87.97554804778305,10077,-0.89,42.3,-87.9,6.398089507473047
2024-05-12 04:48:00,43092005,-0.5610966732890933,-0.8838103443872808,-0.2383830021909058,42.31375315313785,-87.97554804778305,10077,-1.38,42.3,-87.9,6.398089507473047
2024-05-12 04:49:00,43092005,0.23055914559408575,-0.2943727313416935,0.755491022529865,42.31375315313785,-87.97554804778305,10077,-1.69,42.3,-87.9,6.398089507473047
2024-05-12 04:50:00,43092005,-0.07404898851048604,-0.49923433358532565,0.3511363565643536,42.31375315313785,-87.97554804778305,10077,-2.03,42.3,-87.9,6.398089507473047
2024-05-12 04:51:00,43092005,-0.7598966771041167,-1.111582185928094,-0.4082111682801392,42.31375315313785,-87.97554804778305,10077,-1.47,42.3,-87.9,6.398089507473047
2024-05-12 04:52:00,43092005,-0.8625359111523867,-1.1671946878249966,-0.5578771344797768,42.31375315313785,-87.97554804778305,10077,-2.35,42.3,-87.9,6.398089507473047
2024-05-12 04:53:00,43092005,-0.8041676733838884,-1.0926984313230503,-0.5156369154447265,42.31375315313785,-87.97554804778305,10077,-3.08,42.3,-87.9,6.398089507473047
2024-05-12 04:54:00,43092005,-0.05527584113919977,-0.2812361444546841,0.17068446217628458,42.31375315313785,-87.97554804778305,10077,-2.92,42.3,-87.9,6.398089507473047
2024-05-12 04:55:00,43092005,0.22475774206435845,0.0883637131441635,0.3611517709845534,42.31375315313785,-87.97554804778305,10077,-2.74,42.3,-87.9,6.398089507473047
2024-05-12 04:56:00,43092005,-0.8057818517350314,-1.102292138948425,-0.5092715645216378,42.31375315313785,-87.97554804778305,10077,-2.56,42.3,-87.9,6.398089507473047
2024-05-12 04:57:00,43092005,-0.9247470821130246,-1.252824886595333,-0.596669277630716,42.31375315313785,-87.97554804778305,10077,-2.11,42.3,-87.9,6.398089507473047
2024-05-12 04:58:00,43092005,0.2592972196862662,0.16709235110287846,0.3515020882696539,42.31375315313785,-87.97554804778305,10077,-2.07,42.3,-87.9,6.398089507473047
2024-05-12 04:59:00,43092005,0.25051293050156054,0.15620747587116518,0.3448183851319559,42.31375315313785,-87.97554804778305,10077,-2.07,42.3,-87.9,6.398089507473047
2024-05-12 05:00:00,43092005,-0.18489509293071946,-0.30513807061637,-0.0646521152450689,42.31375315313785,-87.97554804778305,10077,-1.34,42.3,-87.9,6.398089507473047
2024-05-12 05:01:00,43092005,0.5308133002025143,0.3347642586649102,0.7268623417401183,42.31375315313785,-87.97554804778305,10077,-0.25,42.3,-87.9,6.398089507473047
2024-05-12 05:02:00,43092005,0.9682532836097225,0.6213776706247918,1.3151288965946533,42.31375315313785,-87.97554804778305,10077,0.69,42.3,-87.9,6.398089507473047
2024-05-12 05:03:00,43092005,1.0492334105914696,0.6776133337889598,1.4208534873939793,42.31375315313785,-87.97554804778305,10077,1.43,42.3,-87.9,6.398089507473047
2024-05-12 05:04:00,43092005,1.3896714417184504,0.8544597918980013,1.9248830915388995,42.31375315313785,-87.97554804778305,10077,0.75,42.3,-87.9,6.398089507473047
2024-05-12 05:05:00,43092005,1.058672465327987,0.6597875296888405,1.4575574009671337,42.31375315313785,-87.97554804778305,10077,-0.51,42.3,-87.9,6.398089507473047
2024-05-12 05:06:00,43092005,0.9357436372522723,0.5859915817532475,1.285495692751297,42.31375315313785,-87.97554804778305,10077,-0.21,42.3,-87.9,6.398089507473047
2024-05-12 05:07:00,43092005,0.4490718271275212,0.28953553706760093,0.6086081171874415,42.31375315313785,-87.97554804778305,10077,-1.77,42.3,-87.9,6.398089507473047
2024-05-12 05:08:00,43092005,0.5859954739012814,0.3778191658681278,0.7941717819344349,42.31375315313785,-87.97554804778305,10077,-3.09,42.3,-87.9,6.398089507473047
2024-05-12 05:09:00,43092005,-0.1416018867015723,-0.21915941010219983,-0.06404436330094479,42.31375315313785,-87.97554804778305,10077,-3.69,42.3,-87.9,6.398089507473047
2024-05-12 05:10:00,43092005,0.21742588864349968,0.08348436477477142,0.3513674125122279,42.31375315313785,-87.97554804778305,10077,-2.12,42.3,-87.9,6.398089507473047
2024-05-12 05:11:00,43092005,0.9059779004644332,0.5849627798647244,1.2269930210641418,42.31375315313785,-87.97554804778305,10077,-0.05,42.3,-87.9,6.398089507473047
2024-05-12 05:12:00,43092005,0.7392501399892016,0.4294131383062949,1.0490871416721084,42.31375315313785,-87.97554804778305,10077,-0.65,42.3,-87.9,6.398089507473047
2024-05-12 05:13:00,43092005,0.6461073580514703,0.275503176679039,1.0167115394239017,42.31375315313785,-87.97554804778305,10077,-2.1,42.3,-87.9,6.398089507473047
2024-05-12 05:14:00,43092005,1.0086776707554819,0.609476288837593,1.4078790526733709,42.31375315313785,-87.97554804778305,10077,-3.16,42.3,-87.9,6.398089507473047
2024-05-12 05:15:00,43092005,0.42685565612930104,0.2735121052605918,0.5801992069980103,42.31375315313785,-87.97554804778305,10077,-1.42,42.3,-87.9,6.398089507473047
2024-05-12 05:16:00,43092005,0.800748909158366,0.49331628998764465,1.1081815283290875,42.31375315313785,-87.97554804778305,10077,0.26,42.3,-87.9,6.398089507473047
2024-05-12 05:17:00,43092005,1.2804599677336246,0.8301937478731732,1.730726187594076,42.31375315313785,-87.97554804778305,10077,-0.51,42.3,-87.9,6.398089507473047
2024-05-12 05:18:00,43092005,0.3626170948913372,0.23212429688699854,0.49310989289567586,42.31375315313785,-87.97554804778305,10077,-1.34,42.3,-87.9,6.398089507473047
2024-05-12 05:19:00,43092005,-0.0007799439482213909,-0.011153110153777696,0.009593222257334916,42.31375315313785,-87.97554804778305,10077,-3.44,42.3,-87.9,6.398089507473047
2024-05-12 05:20:00,43092005,-0.4683837232957209,-0.642314312085776,-0.2944531345056658,42.31375315313785,-87.97554804778305,10077,-3.2,42.3,-87.9,6.398089507473047
2024-05-12 05:21:00,43092005,-0.42566680097789095,-0.577389080197859,-0.273944521757923,42.31375315313785,-87.97554804778305,10077,-2.34,42.3,-87.9,6.398089507473047
2024-05-12 05:22:00,43092005,0.3139865134088766,0.1990402377913128,0.42893278902644044,42.31375315313785,-87.97554804778305,10077,-1.57,42.3,-87.9,6.398089507473047
2024-05-12 05:23:00,43092005,0.14734301551262366,0.06858898968654276,0.22609704133870456,42.31375315313785,-87.97554804778305,10077,-1.34,42.3,-87.9,6.398089507473047
2024-05-12 05:24:00,43092005,0.18141768373720252,0.0806854775878095,0.2821498898865955,42.31375315313785,-87.97554804778305,10077,-0.23,42.3,-87.9,6.398089507473047
2024-05-12 05:25:00,43092005,-0.13487324294869255,-0.2072018270197829,-0.06254465887760219,42.31375315313785,-87.97554804778305,10077,-1.59,42.3,-87.9,6.398089507473047
2024-05-12 05:26:00,43092005,0.21956912470155193,0.13803660958075187,0.301101639822352,42.31375315313785,-87.97554804778305,10077,-2.05,42.3,-87.9,6.398089507473047
2024-05-12 05:27:00,43092005,0.28986732011899013,0.18360823766861717,0.3961264025693631,42.31375315313785,-87.97554804778305,10077,-1.97,42.3,-87.9,6.398089507473047
2024-05-12 05:28:00,43092005,-0.09751558129355908,-0.13831223731938386,-0.05671892526773432,42.31375315313785,-87.97554804778305,10077,-1.95,42.3,-87.9,6.398089507473047
2024-05-12 05:29:00,43092005,-0.33209032642848807,-0.45874392348532317,-0.20543672937165297,42.31375315313785,-87.97554804778305,10077,-2.28,42.3,-87.9,6.398089507473047
2024-05-12 05:30:00,43092005,0.32673480407449235,0.20715986687438614,0.44630974127459855,42.31375315313785,-87.97554804778305,10077,-2.08,42.3,-87.9,6.398089507473047
2024-05-12 05:31:00,43092005,0.33454641205886554,0.21611007512627875,0.4529827489914523,42.31375315313785,-87.97554804778305,10077,-1.59,42.3,-87.9,6.398089507473047
2024-05-12 05:32:00,43092005,0.4475977268994303,0.2885293951201414,0.6066660586787191,42.31375315313785,-87.97554804778305,10077,-0.61,42.3,-87.9,6.398089507473047
2024-05-12 05:33:00,43092005,0.03662054314929292,0.02317750388280273,0.050063582415783105,42.31375315313785,-87.97554804778305,10077,0.14,42.3,-87.9,6.398089507473047
2024-05-12 05:34:00,43092005,0.3817849131884581,0.24116506538708135,0.5224047609898348,42.31375315313785,-87.97554804778305,10077,-0.99,42.3,-87.9,6.398089507473047
2024-05-12 05:35:00,43092005,0.3161474912144935,0.2011494747483312,0.43114550768065574,42.31375315313785,-87.97554804778305,10077,-0.65,42.3,-87.9,6.398089507473047
2024-05-12 05:36:00,43092005,0.2422915354947604,0.11066521272421634,0.37391785826530444,42.31375315313785,-87.97554804778305,10077,-1.4,42.3,-87.9,6.398089507473047
2024-05-12 05:37:00,43092005,0.25304230160656427,0.15915273604458896,0.3469318671685396,42.31375315313785,-87.97554804778305,10077,-1.4,42.3,-87.9,6.398089507473047
2024-05-12 05:38:00,43092005,0.8124255156121158,0.5229110496749985,1.1019399815492332,42.31375315313785,-87.97554804778305,10077,0.05,42.3,-87.9,6.398089507473047
2024-05-12 05:39:00,43092005,1.0425132408850175,0.670175781186583,1.414850700583452,42.31375315313785,-87.97554804778305,10077,-0.19,42.3,-87.9,6.398089507473047
2024-05-12 05:40:00,43092005,0.9490448400042111,0.6116897137960479,1.2863999662123744,42.31375315313785,-87.97554804778305,10077,-0.2,42.3,-87.9,6.398089507473047
2024-05-12 05:41:00,43092005,0.8862080329044122,0.5457228184751053,1.226693247333719,42.31375315313785,-87.97554804778305,10077,-0.2,42.3,-87.9,6.398089507473047
2024-05-12 05:42:00,43092005,0.9890908992902976,0.6344946040158806,1.3436871945647146,42.31375315313785,-87.97554804778305,10077,0.19,42.3,-87.9,6.398089507473047
2024-05-12 05:43:00,43092005,1.0324171811790395,0.6596826203812769,1.405151741976802,42.31375315313785,-87.97554804778305,10077,-0.32,42.3,-87.9,6.398089507473047
2024-05-12 05:44:00,43092005,0.9871913346655685,0.625695159749889,1.348687509581248,42.31375315313785,-87.97554804778305,10077,-0.9,42.3,-87.9,6.398089507473047
2024-05-12 05:45:00,43092005,0.7716320605393041,0.49054189842436563,1.0527222226542425,42.31375315313785,-87.97554804778305,10077,-1.12,42.3,-87.9,6.398089507473047
2024-05-12 05:46:00,43092005,0.7665968882036687,0.4939802223131952,1.039213554094142,42.31375315313785,-87.97554804778305,10077,-1.16,42.3,-87.9,6.398089507473047
2024-05-12 05:47:00,43092005,0.6057496929639264,0.3880653753027302,0.8234340106251227,42.31375315313785,-87.97554804778305,10077,-1.2,42.3,-87.9,6.398089507473047
2024-05-12 05:48:00,43092005,0.35588898021438364,0.23072783672613048,0.4810501237026368,42.31375315313785,-87.97554804778305,10077,-2.13,42.3,-87.9,6.398089507473047
2024-05-12 05:49:00,43092005,0.23827869337715002,0.15390803384497298,0.32264935290932706,42.31375315313785,-87.97554804778305,10077,-2.31,42.3,-87.9,6.398089507473047
2024-05-12 05:50:00,43092005,0.1794995228062036,0.1061778096392482,0.252821235973159,42.31375315313785,-87.97554804778305,10077,-2.49,42.3,-87.9,6.398089507473047
2024-05-12 05:51:00,43092005,-0.1552115940164429,-0.209773357999018,-0.10064983003386782,42.31375315313785,-87.97554804778305,10077,-2.67,42.3,-87.9,6.398089507473047
2024-05-12 05:52:00,43092005,-0.4455115018893304,-0.6063798267967061,-0.28464317698195474,42.31375315313785,-87.97554804778305,10077,-2.55,42.3,-87.9,6.398089507473047
2024-05-12 05:53:00,43092005,-0.513286076112648,-0.7433449185238404,-0.2832272337014555,42.31375315313785,-87.97554804778305,10077,-1.75,42.3,-87.9,6.398089507473047
2024-05-12 05:54:00,43092005,-0.18229072780381111,-0.29060386961252427,-0.07397758599509795,42.31375315313785,-87.97554804778305,10077,-1.41,42.3,-87.9,6.398089507473047
2024-05-12 05:55:00,43092005,0.07821667789775938,0.035010679476042715,0.12142267631947604,42.31375315313785,-87.97554804778305,10077,-2.07,42.3,-87.9,6.398089507473047
2024-05-12 05:56:00,43092005,0.23413721861359768,0.15139978353852146,0.3168746536886739,42.31375315313785,-87.97554804778305,10077,-2.16,42.3,-87.9,6.398089507473047
2024-05-12 05:57:00,43092005,-0.06296696462846457,-0.12250935068227067,-0.003424578574658464,42.31375315313785,-87.97554804778305,10077,-2.11,42.3,-87.9,6.398089507473047
2024-05-12 05:58:00,43092005,-0.08252301811185396,-0.14933955674984944,-0.015706479473858476,42.31375315313785,-87.97554804778305,10077,-2.46,42.3,-87.9,6.398089507473047
2024-05-12 05:59:00,43092005,-0.40763107627947676,-0.6183186005614345,-0.19694355199751906,42.31375315313785,-87.97554804778305,10077,-2.5,42.3,-87.9,6.398089507473047
2024-05-12 06:00:00,43092005,-0.06108291467017422,-0.11518681613792892,-0.006979013202419518,42.31375315313785,-87.97554804778305,10077,-1.84,42.3,-87.9,6.398089507473047
2024-05-12 06:01:00,43092005,0.19807209358795694,0.12685571300761567,0.2692884741682982,42.31375315313785,-87.97554804778305,10077,-2.26,42.3,-87.9,6.398089507473047
2024-05-12 06:02:00,43092005,0.3042234695308788,0.18445838449013643,0.4239885545716212,42.31375315313785,-87.97554804778305,10077,-1.3,42.3,-87.9,6.398089507473047
2024-05-12 06:03:00,43092005,0.49872786813137826,0.32324034402626634,0.6742153922364902,42.31375315313785,-87.97554804778305,10077,-0.64,42.3,-87.9,6.398089507473047
2024-05-12 06:04:00,43092005,0.29459076078800034,0.18458845278811878,0.4045930687878819,42.31375315313785,-87.97554804778305,10077,-0.76,42.3,-87.9,6.398089507473047
2024-05-12 06:05:00,43092005,0.3501675738707969,0.2267373768320562,0.4735977709095376,42.31375315313785,-87.97554804778305,10077,-1.16,42.3,-87.9,6.398089507473047
2024-05-12 06:06:00,43092005,0.11758257398722614,0.07471936416011421,0.16044578381433808,42.31375315313785,-87.97554804778305,10077,-1.73,42.3,-87.9,6.398089507473047
2024-05-12 06:07:00,43092005,0.056690469672031396,-0.02939718636454501,0.14277812570860782,42.31375315313785,-87.97554804778305,10077,-2.3,42.3,-87.9,6.398089507473047
2024-05-12 06:08:00,43092005,0.028211082001711872,-0.05603618624819522,0.11245835025161896,42.31375315313785,-87.97554804778305,10077,-2.5,42.3,-87.9,6.398089507473047
2024-05-12 06:09:00,43092005,0.009454361681334438,-0.03192121141118019,0.050829934773849075,42.31375315313785,-87.97554804778305,10077,-2.5,42.3,-87.9,6.398089507473047
2024-05-12 06:10:00,43092005,-0.019787238611012038,-0.04072310743931355,0.0011486302172894723,42.31375315313785,-87.97554804778305,10077,-2.26,42.3,-87.9,6.398089507473047
2024-05-12 06:11:00,43092005,0.087148665000024,0.05544633953307991,0.11885099046696808,42.31375315313785,-87.97554804778305,10077,-1.88,42.3,-87.9,6.398089507473047
2024-05-12 06:12:00,43092005,0.15689951550672976,0.10178361295549665,0.21201541805796287,42.31375315313785,-87.97554804778305,10077,-1.51,42.3,-87.9,6.398089507473047
2024-05-12 06:13:00,43092005,0.0740448355926831,0.038945216619725144,0.10914445456564106,42.31375315313785,-87.97554804778305,10077,-2.15,42.3,-87.9,6.398089507473047
2024-05-12 06:14:00,43092005,0.11163402146342932,0.028863514560168932,0.1944045283666897,42.31375315313785,-87.97554804778305,10077,-2.41,42.3,-87.9,6.398089507473047
2024-05-12 06:15:00,43092005,-0.14666797742154217,-0.19855617482010118,-0.09477978002298315,42.31375315313785,-87.97554804778305,10077,-2.01,42.3,-87.9,6.398089507473047
2024-05-12 06:16:00,43092005,-0.09658996874860716,-0.1502548729610099,-0.04292506453620443,42.31375315313785,-87.97554804778305,10077,-1.41,42.3,-87.9,6.398089507473047
2024-05-12 06:17:00,43092005,0.04208752946443955,-0.005097514953442586,0.08927257388232168,42.31375315313785,-87.97554804778305,10077,-1.23,42.3,-87.9,6.398089507473047
2024-05-12 06:18:00,43092005,0.18023334135462468,0.09648110782112305,0.2639855748881263,42.31375315313785,-87.97554804778305,10077,-1.27,42.3,-87.9,6.398089507473047
2024-05-12 06:19:00,43092005,0.043012396707596316,0.01144658537515604,0.07457820804003659,42.31375315313785,-87.97554804778305,10077,-1.31,42.3,-87.9,6.398089507473047
2024-05-12 06:20:00,43092005,0.0697644218390476,0.020285970803466946,0.11924287287462826,42.31375315313785,-87.97554804778305,10077,-1.36,42.3,-87.9,6.398089507473047
2024-05-12 06:21:00,43092005,-0.01896855748326513,-0.04775009878766161,0.009812983821131344,42.31375315313785,-87.97554804778305,10077,-1.4,42.3,-87.9,6.398089507473047
2024-05-12 06:22:00,43092005,-0.09749924114445471,-0.16328082057756635,-0.031717661711343076,42.31375315313785,-87.97554804778305,10077,-1.58,42.3,-87.9,6.398089507473047
2024-05-12 06:23:00,43092005,-0.17280991472663326,-0.258738459501215,-0.08688136995205155,42.31375315313785,-87.97554804778305,10077,-1.76,42.3,-87.9,6.398089507473047
2024-05-12 06:24:00,43092005,-0.20466988841375164,-0.2928738324516646,-0.11646594437583868,42.31375315313785,-87.97554804778305,10077,-1.94,42.3,-87.9,6.398089507473047
2024-05-12 06:25:00,43092005,-0.23961067376868392,-0.3579902652905377,-0.12123108224683013,42.31375315313785,-87.97554804778305,10077,-2.12,42.3,-87.9,6.398089507473047
2024-05-12 06:26:00,43092005,-0.20785659330343842,-0.29242666778136894,-0.12328651882550787,42.31375315313785,-87.97554804778305,10077,-2.3,42.3,-87.9,6.398089507473047
2024-05-12 06:27:00,43092005,-0.05126851169529743,-0.11317107737024545,0.01063405397965058,42.31375315313785,-87.97554804778305,10077,-2.07,42.3,-87.9,6.398089507473047
2024-05-12 06:28:00,43092005,0.14575005638970992,0.07615256934124463,0.2153475434381752,42.31375315313785,-87.97554804778305,10077,-1.84,42.3,-87.9,6.398089507473047
2024-05-12 06:29:00,43092005,0.17779176879702205,0.11541500296076868,0.24016853463327542,42.31375315313785,-87.97554804778305,10077,-1.61,42.3,-87.9,6.398089507473047
2024-05-12 06:30:00,43092005,0.06399461983320569,-0.005919426410001455,0.13390866607641283,42.31375315313785,-87.97554804778305,10077,-1.99,42.3,-87.9,6.398089507473047
2024-05-12 06:31:00,43092005,-0.4266125181769219,-0.6204473465122602,-0.23277768984158365,42.31375315313785,-87.97554804778305,10077,-2.39,42.3,-87.9,6.398089507473047
2024-05-12 06:32:00,43092005,-0.18773202610582598,-0.2837617873302129,-0.09170226488143908,42.31375315313785,-87.97554804778305,10077,-2.44,42.3,-87.9,6.398089507473047
2024-05-12 06:33:00,43092005,-0.1972911502072342,-0.43066196064854556,0.03607966023407716,42.31375315313785,-87.97554804778305,10077,-2.12,42.3,-87.9,6.398089507473047
2024-05-12 06:34:00,43092005,-0.12348923420639742,-0.2611208315583562,0.014142363145561346,42.31375315313785,-87.97554804778305,10077,-1.65,42.3,-87.9,6.398089507473047
2024-05-12 06:35:00,43092005,0.17948482275233232,0.10195145111268022,0.2570181943919844,42.31375315313785,-87.97554804778305,10077,-1.1,42.3,-87.9,6.398089507473047
2024-05-12 06:36:00,43092005,0.3556309232236187,0.12485510985720549,0.586406736590032,42.31375315313785,-87.97554804778305,10077,-1.18,42.3,-87.9,6.398089507473047
2024-05-12 06:37:00,43092005,0.1743098006466569,0.042644277999928204,0.3059753232933856,42.31375315313785,-87.97554804778305,10077,-1.6,42.3,-87.9,6.398089507473047
2024-05-12 06:38:00,43092005,-0.06282820486472943,-0.10841144221749308,-0.01724496751196577,42.31375315313785,-87.97554804778305,10077,-1.89,42.3,-87.9,6.398089507473047
2024-05-12 06:39:00,43092005,-0.12873711155462983,-0.2064784087135171,-0.05099581439574255,42.31375315313785,-87.97554804778305,10077,-1.87,42.3,-87.9,6.398089507473047
2024-05-12 06:40:00,43092005,-0.055520057295423406,-0.07734481738126646,-0.03369529720958035,42.31375315313785,-87.97554804778305,10077,-1.84,42.3,-87.9,6.398089507473047
2024-05-12 06:41:00,43092005,-0.10414962189500793,-0.1453961687105081,-0.06290307507950778,42.31375315313785,-87.97554804778305,10077,-1.81,42.3,-87.9,6.398089507473047
2024-05-12 06:42:00,43092005,0.08875555715972691,0.03924866365693625,0.13826245066251758,42.31375315313785,-87.97554804778305,10077,-1.84,42.3,-87.9,6.398089507473047
2024-05-12 06:43:00,43092005,-0.09464058118701953,-0.1359283774011827,-0.05335278497285635,42.31375315313785,-87.97554804778305,10077,-1.92,42.3,-87.9,6.398089507473047
2024-05-12 06:44:00,43092005,-0.12295828120232113,-0.17761997599204185,-0.06829658641260042,42.31375315313785,-87.97554804778305,10077,-2.0,42.3,-87.9,6.398089507473047
2024-05-12 06:45:00,43092005,-0.17585697889262064,-0.2583536210087217,-0.09336033677651953,42.31375315313785,-87.97554804778305,10077,-2.0,42.3,-87.9,6.398089507473047
2024-05-12 06:46:00,43092005,-0.09026214012317126,-0.1390358389926264,-0.04148844125371612,42.31375315313785,-87.97554804778305,10077,-1.89,42.3,-87.9,6.398089507473047
2024-05-12 06:47:00,43092005,0.04300472526251599,0.022814241477221477,0.06319520904781051,42.31375315313785,-87.97554804778305,10077,-1.54,42.3,-87.9,6.398089507473047
2024-05-12 06:48:00,43092005,0.2374686067060271,0.1535858781970184,0.3213513352150358,42.31375315313785,-87.97554804778305,10077,-1.19,42.3,-87.9,6.398089507473047
2024-05-12 06:49:00,43092005,0.05335583384172118,0.03107506279609716,0.0756366048873452,42.31375315313785,-87.97554804778305,10077,-1.37,42.3,-87.9,6.398089507473047
2024-05-12 06:50:00,43092005,-0.11805334823080023,-0.15963257230946648,-0.07647412415213398,42.31375315313785,-87.97554804778305,10077,-1.87,42.3,-87.9,6.398089507473047
2024-05-12 06:51:00,43092005,-0.22119384301933728,-0.3220978332026134,-0.12028985283606117,42.31375315313785,-87.97554804778305,10077,-1.76,42.3,-87.9,6.398089507473047
2024-05-12 06:52:00,43092005,-0.0991413885946934,-0.16116331808280876,-0.03711945910657803,42.31375315313785,-87.97554804778305,10077,-1.65,42.3,-87.9,6.398089507473047
2024-05-12 06:53:00,43092005,-0.08294783254156361,-0.1156012282935638,-0.050294436789563426,42.31375315313785,-87.97554804778305,10077,-1.54,42.3,-87.9,6.398089507473047
2024-05-12 06:54:00,43092005,-0.12521595112923392,-0.17969701877477512,-0.07073488348369272,42.31375315313785,-87.97554804778305,10077,-1.5,42.3,-87.9,6.398089507473047
2024-05-12 06:55:00,43092005,-0.31011977709157573,-0.45193339536647437,-0.1683061588166771,42.31375315313785,-87.97554804778305,10077,-1.5,42.3,-87.9,6.398089507473047
2024-05-12 06:56:00,43092005,-0.3218102470077668,-0.4536025021140545,-0.19001799190147903,42.31375315313785,-87.97554804778305,10077,-1.45,42.3,-87.9,6.398089507473047
2024-05-12 06:57:00,43092005,-0.10885430348892335,-0.15491115752341916,-0.06279744945442751,42.31375315313785,-87.97554804778305,10077,-1.37,42.3,-87.9,6.398089507473047
2024-05-12 06:58:00,43092005,-0.0875805176416398,-0.11846629069412953,-0.05669474458915005,42.31375315313785,-87.97554804778305,10077,-1.3,42.3,-87.9,6.398089507473047
2024-05-12 06:59:00,43092005,-0.14827062573140506,-0.23189381586710717,-0.06464743559570295,42.31375315313785,-87.97554804778305,10077,-1.3,42.3,-87.9,6.398089507473047
2024-05-12 07:00:00,43092005,0.005808828317546835,0.0018464711696210227,0.009771185465472646,42.31375315313785,-87.97554804778305,10077,-1.3,42.3,-87.9,6.398089507473047
2024-05-12 07:01:00,43092005,0.1405710337968324,0.08239384494277018,0.1987482226508946,42.31375315313785,-87.97554804778305,10077,-1.3,42.3,-87.9,6.398089507473047
2024-05-12 07:02:00,43092005,0.17542843216269238,0.11273768489707298,0.2381191794283118,42.31375315313785,-87.97554804778305,10077,-1.3,42.3,-87.9,6.398089507473047
2024-05-12 07:03:00,43092005,0.3061731404865296,0.19856794178148274,0.41377833919157647,42.31375315313785,-87.97554804778305,10077,-1.3,42.3,-87.9,6.398089507473047
2024-05-12 07:04:00,43092005,0.28874962550020755,0.18066403857761665,0.39683521242279846,42.31375315313785,-87.97554804778305,10077,-1.3,42.3,-87.9,6.398089507473047
2024-05-12 07:05:00,43092005,0.1935785571183253,0.12503240270595303,0.2621247115306976,42.31375315313785,-87.97554804778305,10077,-1.31,42.3,-87.9,6.398089507473047
2024-05-12 07:06:00,43092005,0.16901940046016006,0.07956241028292098,0.25847639063739913,42.31375315313785,-87.97554804778305,10077,-1.34,42.3,-87.9,6.398089507473047
2024-05-12 07:07:00,43092005,0.11078404944231336,0.07193914860930431,0.14962895027532241,42.31375315313785,-87.97554804778305,10077,-1.38,42.3,-87.9,6.398089507473047
2024-05-12 07:08:00,43092005,0.039075461273963434,0.013179294855191117,0.06497162769273575,42.31375315313785,-87.97554804778305,10077,-1.42,42.3,-87.9,6.398089507473047
2024-05-12 07:09:00,43092005,0.06635579868726156,0.026771034916215325,0.1059405624583078,42.31375315313785,-87.97554804778305,10077,-1.46,42.3,-87.9,6.398089507473047
2024-05-12 07:10:00,43092005,-0.040557719447024465,-0.06740277449077257,-0.013712664403276356,42.31375315313785,-87.97554804778305,10077,-1.5,42.3,-87.9,6.398089507473047
2024-05-12 07:11:00,43092005,0.019609620196530057,-0.008205760972471658,0.04742500136553177,42.31375315313785,-87.97554804778305,10077,-1.59,42.3,-87.9,6.398089507473047
2024-05-12 07:12:00,43092005,0.017706786177907708,0.00955201871305665,0.025861553642758765,42.31375315313785,-87.97554804778305,10077,-1.68,42.3,-87.9,6.398089507473047
2024-05-12 07:13:00,43092005,-0.19955141306446308,-0.28114621105247617,-0.11795661507645001,42.31375315313785,-87.97554804778305,10077,-1.77,42.3,-87.9,6.398089507473047
2024-05-12 07:14:00,43092005,-0.2901410138080443,-0.39818649654631477,-0.1820955310697738,42.31375315313785,-87.97554804778305,10077,-1.85,42.3,-87.9,6.398089507473047
2024-05-12 07:15:00,43092005,-0.4091748372000411,-0.5693490916318567,-0.24900058276822556,42.31375315313785,-87.97554804778305,10077,-1.83,42.3,-87.9,6.398089507473047
2024-05-12 07:16:00,43092005,-0.23798918369737335,-0.34542227505239087,-0.13055609234235582,42.31375315313785,-87.97554804778305,10077,-1.68,42.3,-87.9,6.398089507473047
2024-05-12 07:17:00,43092005,-0.21409268628217673,-0.30860143591227,-0.11958393665208346,42.31375315313785,-87.97554804778305,10077,-1.53,42.3,-87.9,6.398089507473047
2024-05-12 07:18:00,43092005,0.10273440134592522,0.06632527209955938,0.13914353059229106,42.31375315313785,-87.97554804778305,10077,-1.38,42.3,-87.9,6.398089507473047
2024-05-12 07:19:00,43092005,-0.07556557732594565,-0.10242284562234899,-0.048708309029542325,42.31375315313785,-87.97554804778305,10077,-1.36,42.3,-87.9,6.398089507473047
2024-05-12 07:20:00,43092005,0.06907371137720675,0.04026076508848296,0.09788665766593053,42.31375315313785,-87.97554804778305,10077,-1.49,42.3,-87.9,6.398089507473047
2024-05-12 07:21:00,43092005,-0.10323626123270851,-0.22603382727709231,0.019561304811675284,42.31375315313785,-87.97554804778305,10077,-1.61,42.3,-87.9,6.398089507473047
2024-05-12 07:22:00,43092005,-0.18838466534783183,-0.3019874184972883,-0.07478191219837538,42.31375315313785,-87.97554804778305,10077,-1.7,42.3,-87.9,6.398089507473047
2024-05-12 07:23:00,43092005,-0.2550449500089152,-0.36699111211738994,-0.14309878790044045,42.31375315313785,-87.97554804778305,10077,-1.78,42.3,-87.9,6.398089507473047
2024-05-12 07:24:00,43092005,-0.20898436833369105,-0.2940599489276325,-0.12390878773974963,42.31375315313785,-87.97554804778305,10077,-1.84,42.3,-87.9,6.398089507473047
2024-05-12 07:25:00,43092005,-0.1485754936830815,-0.20204812088155508,-0.09510286648460795,42.31375315313785,-87.97554804778305,10077,-1.88,42.3,-87.9,6.398089507473047
2024-05-12 07:26:00,43092005,-0.14152975247841432,-0.19370044516200924,-0.0893590597948194,42.31375315313785,-87.97554804778305,10077,-1.93,42.3,-87.9,6.398089507473047
2024-05-12 07:27:00,43092005,-0.21330848613515832,-0.289383589743248,-0.13723338252706863,42.31375315313785,-87.97554804778305,10077,-1.98,42.3,-87.9,6.398089507473047
2024-05-12 07:28:00,43092005,-0.16525438674410484,-0.22320926837633548,-0.1072995051118742,42.31375315313785,-87.97554804778305,10077,-1.94,42.3,-87.9,6.398089507473047
2024-05-12 07:29:00,43092005,-0.04737138794968488,-0.0670480386179485,-0.02769473728142126,42.31375315313785,-87.97554804778305,10077,-1.8,42.3,-87.9,6.398089507473047
2024-05-12 07:30:00,43092005,-0.09106234823327913,-0.12746020608241287,-0.05466449038414538,42.31375315313785,-87.97554804778305,10077,-1.67,42.3,-87.9,6.398089507473047
2024-05-12 07:31:00,43092005,-0.16461251666279217,-0.22242502587336896,-0.10680000745221538,42.31375315313785,-87.97554804778305,10077,-1.54,42.3,-87.9,6.398089507473047
2024-05-12 07:32:00,43092005,-0.13312185187368913,-0.18890366100439382,-0.07734004274298445,42.31375315313785,-87.97554804778305,10077,-1.4,42.3,-87.9,6.398089507473047
2024-05-12 07:33:00,43092005,-0.2804170340897147,-0.3793670799311069,-0.18146698824832247,42.31375315313785,-87.97554804778305,10077,-1.43,42.3,-87.9,6.398089507473047
2024-05-12 07:34:00,43092005,-0.2534569656677115,-0.34490131999588763,-0.16201261133953532,42.31375315313785,-87.97554804778305,10077,-1.47,42.3,-87.9,6.398089507473047
2024-05-12 07:35:00,43092005,-0.2487742431312426,-0.3430935390854151,-0.1544549471770701,42.31375315313785,-87.97554804778305,10077,-1.5,42.3,-87.9,6.398089507473047
2024-05-12 07:36:00,43092005,-0.287236126172438,-0.38855687596267985,-0.1859153763821961,42.31375315313785,-87.97554804778305,10077,-1.54,42.3,-87.9,6.398089507473047
2024-05-12 07:37:00,43092005,-0.35045684696662993,-0.47791162389974884,-0.22300207003351102,42.31375315313785,-87.97554804778305,10077,-1.57,42.3,-87.9,6.398089507473047
2024-05-12 07:38:00,43092005,-0.15813584083266424,-0.21583160201369167,-0.10044007965163682,42.31375315313785,-87.97554804778305,10077,-1.57,42.3,-87.9,6.398089507473047
2024-05-12 07:39:00,43092005,0.06290307544512595,0.03260474933046279,0.09320140155978912,42.31375315313785,-87.97554804778305,10077,-1.34,42.3,-87.9,6.398089507473047
2024-05-12 07:40:00,43092005,0.10723795484895013,0.049215272715697166,0.16526063698220309,42.31375315313785,-87.97554804778305,10077,-1.11,42.3,-87.9,6.398089507473047
2024-05-12 07:41:00,43092005,0.05152662179644086,0.009940553791649216,0.0931126898012325,42.31375315313785,-87.97554804778305,10077,-0.88,42.3,-87.9,6.398089507473047
2024-05-12 07:42:00,43092005,-0.21521517174099022,-0.29078560586176283,-0.13964473762021762,42.31375315313785,-87.97554804778305,10077,-1.04,42.3,-87.9,6.398089507473047
2024-05-12 07:43:00,43092005,-0.32558688930326835,-0.4517272828656619,-0.19944649574087484,42.31375315313785,-87.97554804778305,10077,-1.41,42.3,-87.9,6.398089507473047
2024-05-12 07:44:00,43092005,-0.10922610873641227,-0.1527447287000521,-0.06570748877277244,42.31375315313785,-87.97554804778305,10077,-1.58,42.3,-87.9,6.398089507473047
2024-05-12 07:45:00,43092005,0.020476601209099356,0.01204007403579042,0.028913128382408292,42.31375315313785,-87.97554804778305,10077,-1.53,42.3,-87.9,6.398089507473047
2024-05-12 07:46:00,43092005,0.11697310011105654,0.06902066177806712,0.16492553844404595,42.31375315313785,-87.97554804778305,10077,-1.49,42.3,-87.9,6.398089507473047
2024-05-12 07:47:00,43092005,0.09659297249389621,0.06165627315117316,0.13152967183661926,42.31375315313785,-87.97554804778305,10077,-1.45,42.3,-87.9,6.398089507473047
2024-05-12 07:48:00,43092005,-0.07903745979126683,-0.11815775285463395,-0.03991716672789971,42.31375315313785,-87.97554804778305,10077,-1.4,42.3,-87.9,6.398089507473047
2024-05-12 07:49:00,43092005,-0.1242648889970053,-0.19614352765853688,-0.05238625033547374,42.31375315313785,-87.97554804778305,10077,-1.49,42.3,-87.9,6.398089507473047
2024-05-12 07:50:00,43092005,-0.08792014933543696,-0.11887479602253528,-0.05696550264833864,42.31375315313785,-87.97554804778305,10077,-1.59,42.3,-87.9,6.398089507473047
2024-05-12 07:51:00,43092005,-0.1752681211990895,-0.23863933804469484,-0.11189690435348416,42.31375315313785,-87.97554804778305,10077,-1.68,42.3,-87.9,6.398089507473047
2024-05-12 07:52:00,43092005,-0.07238365718359618,-0.11963319950824965,-0.02513411485894272,42.31375315313785,-87.97554804778305,10077,-1.68,42.3,-87.9,6.398089507473047
2024-05-12 07:53:00,43092005,-0.10407807714455203,-0.1509751503508207,-0.057181003938283334,42.31375315313785,-87.97554804778305,10077,-1.64,42.3,-87.9,6.398089507473047
2024-05-12 07:54:00,43092005,-0.24773210880899788,-0.3347035319064239,-0.1607606857115719,42.31375315313785,-87.97554804778305,10077,-1.61,42.3,-87.9,6.398089507473047
2024-05-12 07:55:00,43092005,-0.20254553427317537,-0.2744334219223664,-0.13065764662398432,42.31375315313785,-87.97554804778305,10077,-1.58,42.3,-87.9,6.398089507473047
2024-05-12 07:56:00,43092005,-0.1690432278248003,-0.22837487826567776,-0.10971157738392284,42.31375315313785,-87.97554804778305,10077,-1.55,42.3,-87.9,6.398089507473047
2024-05-12 07:57:00,43092005,-0.23456696554420883,-0.3257204797846107,-0.14341345130380695,42.31375315313785,-87.97554804778305,10077,-1.52,42.3,-87.9,6.398089507473047
2024-05-12 07:58:00,43092005,-0.23444412186517752,-0.3203926827483067,-0.14849556098204836,42.31375315313785,-87.97554804778305,10077,-1.49,42.3,-87.9,6.398089507473047
2024-05-12 07:59:00,43092005,-0.15413862758346444,-0.23034106583323458,-0.07793618933369431,42.31375315313785,-87.97554804778305,10077,-1.46,42.3,-87.9,6.398089507473047
2024-05-12 08:00:00,43092005,-0.24237690417838276,-0.3333006904453505,-0.15145311791141502,42.31375315313785,-87.97554804778305,10077,-1.43,42.3,-87.9,6.398089507473047
2024-05-12 08:01:00,43092005,-0.3463122427818321,-0.49124844162769715,-0.20137604393596703,42.31375315313785,-87.97554804778305,10077,-1.4,42.3,-87.9,6.398089507473047
2024-05-12 08:02:00,43092005,-0.3546332451596595,-0.492878944074421,-0.21638754624489798,42.31375315313785,-87.97554804778305,10077,-1.37,42.3,-87.9,6.398089507473047
2024-05-12 08:03:00,43092005,-0.2804536590712112,-0.38729920609105417,-0.17360811205136825,42.31375315313785,-87.97554804778305,10077,-1.34,42.3,-87.9,6.398089507473047
2024-05-12 08:04:00,43092005,0.044342987615025434,-0.009150688330980539,0.0978366635610314,42.31375315313785,-87.97554804778305,10077,-1.31,42.3,-87.9,6.398089507473047
2024-05-12 08:05:00,43092005,-0.04892797586227998,-0.08514284300420893,-0.012713108720351023,42.31375315313785,-87.97554804778305,10077,-1.3,42.3,-87.9,6.398089507473047
2024-05-12 08:06:00,43092005,0.01264159033948082,-0.04485796956241877,0.0701411502413804,42.31375315313785,-87.97554804778305,10077,-1.3,42.3,-87.9,6.398089507473047
2024-05-12 08:07:00,43092005,0.07962603240803744,0.05095099416467416,0.10830107065140071,42.31375315313785,-87.97554804778305,10077,-1.3,42.3,-87.9,6.398089507473047
2024-05-12 08:08:00,43092005,-0.07569671306236271,-0.10267301344923821,-0.04872041267548721,42.31375315313785,-87.97554804778305,10077,-1.3,42.3,-87.9,6.398089507473047
2024-05-12 08:09:00,43092005,-0.15245670013486834,-0.2337773394907925,-0.07113606077894417,42.31375315313785,-87.97554804778305,10077,-1.3,42.3,-87.9,6.398089507473047
2024-05-12 08:10:00,43092005,-0.11619581762505204,-0.1648356753112806,-0.06755595993882349,42.31375315313785,-87.97554804778305,10077,-1.3,42.3,-87.9,6.398089507473047
2024-05-12 08:11:00,43092005,-0.0016412886170498414,-0.021707228303846773,0.018424651069747087,42.31375315313785,-87.97554804778305,10077,-1.3,42.3,-87.9,6.398089507473047
2024-05-12 08:12:00,43092005,-0.012345613334923143,-0.017511635019975207,-0.007179591649871078,42.31375315313785,-87.97554804778305,10077,-1.3,42.3,-87.9,6.398089507473047
2024-05-12 08:13:00,43092005,-0.1908398001970616,-0.2767730198684089,-0.10490658052571429,42.31375315313785,-87.97554804778305,10077,-1.3,42.3,-87.9,6.398089507473047
2024-05-12 08:14:00,43092005,-0.3877867846504638,-0.5337458087661703,-0.24182776053475732,42.31375315313785,-87.97554804778305,10077,-1.3,42.3,-87.9,6.398089507473047
2024-05-12 08:15:00,43092005,-0.54705630763805,-0.7497287126933773,-0.3443839025827228,42.31375315313785,-87.97554804778305,10077,-1.3,42.3,-87.9,6.398089507473047
2024-05-12 08:16:00,43092005,-0.23266759466258505,-0.31428045118416464,-0.15105473814100545,42.31375315313785,-87.97554804778305,10077,-1.3,42.3,-87.9,6.398089507473047
2024-05-12 08:17:00,43092005,-0.14069955633080244,-0.19060360839664356,-0.09079550426496133,42.31375315313785,-87.97554804778305,10077,-1.3,42.3,-87.9,6.398089507473047
2024-05-12 08:18:00,43092005,0.017119052640324633,0.007888497555562186,0.026349607725087078,42.31375315313785,-87.97554804778305,10077,-1.3,42.3,-87.9,6.398089507473047
2024-05-12 08:19:00,43092005,-0.04542512552261838,-0.06303558545861615,-0.02781466558662061,42.31375315313785,-87.97554804778305,10077,-1.3,42.3,-87.9,6.398089507473047
2024-05-12 08:20:00,43092005,0.002705876158506954,-0.009027628081962733,0.01443938039897664,42.31375315313785,-87.97554804778305,10077,-1.31,42.3,-87.9,6.398089507473047
2024-05-12 08:21:00,43092005,-0.2635676618898871,-0.3652120522277219,-0.16192327155205233,42.31375315313785,-87.97554804778305,10077,-1.33,42.3,-87.9,6.398089507473047
2024-05-12 08:22:00,43092005,-0.20412143657362103,-0.28035099881966824,-0.12789187432757382,42.31375315313785,-87.97554804778305,10077,-1.34,42.3,-87.9,6.398089507473047
2024-05-12 08:23:00,43092005,-0.24455381393488637,-0.3492795080139003,-0.13982811985587246,42.31375315313785,-87.97554804778305,10077,-1.35,42.3,-87.9,6.398089507473047
2024-05-12 08:24:00,43092005,-0.20663822405880555,-0.2792363419577495,-0.13404010615986162,42.31375315313785,-87.97554804778305,10077,-1.37,42.3,-87.9,6.398089507473047
2024-05-12 08:25:00,43092005,-0.12093253651246391,-0.1660593800631537,-0.07580569296177411,42.31375315313785,-87.97554804778305,10077,-1.38,42.3,-87.9,6.398089507473047
2024-05-12 08:26:00,43092005,-0.07406025742855213,-0.1066744479548441,-0.041446066902260166,42.31375315313785,-87.97554804778305,10077,-1.39,42.3,-87.9,6.398089507473047
2024-05-12 08:27:00,43092005,-0.12287063349679084,-0.18758063993409876,-0.05816062705948291,42.31375315313785,-87.97554804778305,10077,-1.37,42.3,-87.9,6.398089507473047
2024-05-12 08:28:00,43092005,-0.18753748142480253,-0.2569074727074051,-0.11816749014219993,42.31375315313785,-87.97554804778305,10077,-1.31,42.3,-87.9,6.398089507473047
2024-05-12 08:29:00,43092005,-0.1683966026718455,-0.2274842346166215,-0.1093089707270695,42.31375315313785,-87.97554804778305,10077,-1.25,42.3,-87.9,6.398089507473047
2024-05-12 08:30:00,43092005,-0.1895762703715261,-0.2561658962310915,-0.12298664451196074,42.31375315313785,-87.97554804778305,10077,-1.18,42.3,-87.9,6.398089507473047
2024-05-12 08:31:00,43092005,-0.016088956321760117,-0.03339018086477141,0.001212268221251183,42.31375315313785,-87.97554804778305,10077,-1.12,42.3,-87.9,6.398089507473047
2024-05-12 08:32:00,43092005,0.173688631042614,0.09620920043446833,0.25116806165075967,42.31375315313785,-87.97554804778305,10077,-1.13,42.3,-87.9,6.398089507473047
2024-05-12 08:33:00,43092005,0.17503632157387441,0.11368310897620021,0.23638953417154862,42.31375315313785,-87.97554804778305,10077,-1.17,42.3,-87.9,6.398089507473047
2024-05-12 08:34:00,43092005,-0.02701181560285176,-0.055529811753739874,0.0015061805480363587,42.31375315313785,-87.97554804778305,10077,-1.22,42.3,-87.9,6.398089507473047
2024-05-12 08:35:00,43092005,-0.016475776810511433,-0.03592110814860683,0.0029695545275839584,42.31375315313785,-87.97554804778305,10077,-1.27,42.3,-87.9,6.398089507473047
2024-05-12 08:36:00,43092005,-0.028106162092692722,-0.05775924936925306,0.0015469251838676097,42.31375315313785,-87.97554804778305,10077,-1.31,42.3,-87.9,6.398089507473047
2024-05-12 08:37:00,43092005,-0.16864531208296543,-0.2488496094470961,-0.08844101471883474,42.31375315313785,-87.97554804778305,10077,-1.36,42.3,-87.9,6.398089507473047
2024-05-12 08:38:00,43092005,-0.21622843243050993,-0.2952938136510776,-0.13716305120994227,42.31375315313785,-87.97554804778305,10077,-1.4,42.3,-87.9,6.398089507473047
2024-05-12 08:39:00,43092005,-0.282953177870515,-0.3866446565918379,-0.1792616991491921,42.31375315313785,-87.97554804778305,10077,-1.45,42.3,-87.9,6.398089507473047
2024-05-12 08:40:00,43092005,-0.24188067497017987,-0.3295870028963479,-0.15417434704401187,42.31375315313785,-87.97554804778305,10077,-1.49,42.3,-87.9,6.398089507473047
2024-05-12 08:41:00,43092005,-0.046594334217745406,-0.08401541462492892,-0.00917325381056188,42.31375315313785,-87.97554804778305,10077,-1.52,42.3,-87.9,6.398089507473047
2024-05-12 08:42:00,43092005,0.09604136315046023,0.05354711164244079,0.1385356146584797,42.31375315313785,-87.97554804778305,10077,-1.54,42.3,-87.9,6.398089507473047
2024-05-12 08:43:00,43092005,-0.03434264931807287,-0.0519278331026679,-0.016757465533477837,42.31375315313785,-87.97554804778305,10077,-1.55,42.3,-87.9,6.398089507473047
2024-05-12 08:44:00,43092005,-0.05680055849222839,-0.08530722904972515,-0.028293887934731636,42.31375315313785,-87.97554804778305,10077,-1.57,42.3,-87.9,6.398089507473047
2024-05-12 08:45:00,43092005,-0.06406469864876792,-0.10475728368565974,-0.02337211361187609,42.31375315313785,-87.97554804778305,10077,-1.59,42.3,-87.9,6.398089507473047
2024-05-12 08:46:00,43092005,-0.10419432187620971,-0.17891221189327866,-0.02947643185914077,42.31375315313785,-87.97554804778305,10077,-1.63,42.3,-87.9,6.398089507473047
2024-05-12 08:47:00,43092005,-0.18271224657283688,-0.250595266131655,-0.11482922701401878,42.31375315313785,-87.97554804778305,10077,-1.69,42.3,-87.9,6.398089507473047
2024-05-12 08:48:00,43092005,-0.19717893849376747,-0.2676206931577557,-0.12673718382977922,42.31375315313785,-87.97554804778305,10077,-1.74,42.3,-87.9,6.398089507473047
2024-05-12 08:49:00,43092005,-0.5560759079635591,-0.7556519756893804,-0.35649984023773784,42.31375315313785,-87.97554804778305,10077,-1.79,42.3,-87.9,6.398089507473047
2024-05-12 08:50:00,43092005,-0.531481622659921,-0.7253764413484677,-0.3375868039713744,42.31375315313785,-87.97554804778305,10077,-1.66,42.3,-87.9,6.398089507473047
2024-05-12 08:51:00,43092005,-0.5901493135849037,-0.8054552133465573,-0.3748434138232502,42.31375315313785,-87.97554804778305,10077,-1.48,42.3,-87.9,6.398089507473047
2024-05-12 08:52:00,43092005,-0.6049713849423822,-0.8244133388678495,-0.38552943101691495,42.31375315313785,-87.97554804778305,10077,-1.3,42.3,-87.9,6.398089507473047
2024-05-12 08:53:00,43092005,-0.12535533473306432,-0.1743571946241841,-0.07635347484194455,42.31375315313785,-87.97554804778305,10077,-1.12,42.3,-87.9,6.398089507473047
2024-05-12 08:54:00,43092005,0.5105721804320364,0.33123193137771534,0.6899124294863576,42.31375315313785,-87.97554804778305,10077,-1.05,42.3,-87.9,6.398089507473047
2024-05-12 08:55:00,43092005,0.6012520028796411,0.38953357747075246,0.8129704282885297,42.31375315313785,-87.97554804778305,10077,-1.19,42.3,-87.9,6.398089507473047
2024-05-12 08:56:00,43092005,0.42283795036394195,0.2744180752478834,0.5712578254800005,42.31375315313785,-87.97554804778305,10077,-1.34,42.3,-87.9,6.398089507473047
2024-05-12 08:57:00,43092005,-0.18386623208273323,-0.25188108997592307,-0.11585137418954339,42.31375315313785,-87.97554804778305,10077,-1.48,42.3,-87.9,6.398089507473047
2024-05-12 08:58:00,43092005,-0.34330274779956443,-0.4663428588884155,-0.2202626367107134,42.31375315313785,-87.97554804778305,10077,-1.63,42.3,-87.9,6.398089507473047
2024-05-12 08:59:00,43092005,-0.4957589631092578,-0.6769408197731829,-0.31457710644533277,42.31375315313785,-87.97554804778305,10077,-1.78,42.3,-87.9,6.398089507473047
2024-05-12 09:00:00,43092005,-0.36099337918081675,-0.4928634431745477,-0.22912331518708579,42.31375315313785,-87.97554804778305,10077,-1.88,42.3,-87.9,6.398089507473047
2024-05-12 09:01:00,43092005,-0.21325487570655077,-0.2895634623885454,-0.13694628902455613,42.31375315313785,-87.97554804778305,10077,-1.71,42.3,-87.9,6.398089507473047
2024-05-12 09:02:00,43092005,0.014339154060321095,-0.009685445149639794,0.038363753270281985,42.31375315313785,-87.97554804778305,10077,-1.54,42.3,-87.9,6.398089507473047
2024-05-12 09:03:00,43092005,0.4165587016196926,0.2504444694975808,0.5826729337418044,42.31375315313785,-87.97554804778305,10077,-1.37,42.3,-87.9,6.398089507473047
2024-05-12 09:04:00,43092005,0.30123502450801415,0.14373050180030333,0.45873954721572496,42.31375315313785,-87.97554804778305,10077,-1.2,42.3,-87.9,6.398089507473047
2024-05-12 09:05:00,43092005,0.20125576961589486,0.11924865162250498,0.28326288760928475,42.31375315313785,-87.97554804778305,10077,-1.24,42.3,-87.9,6.398089507473047
2024-05-12 09:06:00,43092005,-0.04672588346415738,-0.07134812571645774,-0.02210364121185702,42.31375315313785,-87.97554804778305,10077,-1.28,42.3,-87.9,6.398089507473047
2024-05-12 09:07:00,43092005,-0.1173629794167098,-0.1585896838216387,-0.07613627501178089,42.31375315313785,-87.97554804778305,10077,-1.33,42.3,-87.9,6.398089507473047
2024-05-12 09:08:00,43092005,-0.10144719391370327,-0.1375359517783548,-0.06535843604905175,42.31375315313785,-87.97554804778305,10077,-1.37,42.3,-87.9,6.398089507473047
2024-05-12 09:09:00,43092005,0.0661329907712128,0.03220273321232057,0.10006324833010505,42.31375315313785,-87.97554804778305,10077,-1.41,42.3,-87.9,6.398089507473047
2024-05-12 09:10:00,43092005,0.17787104222297967,0.1124111393716723,0.24333094507428704,42.31375315313785,-87.97554804778305,10077,-1.45,42.3,-87.9,6.398089507473047
2024-05-12 09:11:00,43092005,-0.011370275556406082,-0.03853553480296538,0.01579498369015321,42.31375315313785,-87.97554804778305,10077,-1.49,42.3,-87.9,6.398089507473047
2024-05-12 09:12:00,43092005,-0.09686583013836596,-0.16517209903375085,-0.028559561242981063,42.31375315313785,-87.97554804778305,10077,-1.52,42.3,-87.9,6.398089507473047
2024-05-12 09:13:00,43092005,-0.21639309422040642,-0.2976709551702412,-0.13511523327057162,42.31375315313785,-87.97554804778305,10077,-1.54,42.3,-87.9,6.398089507473047
2024-05-12 09:14:00,43092005,0.09147071914938756,0.059154189463738384,0.12378724883503675,42.31375315313785,-87.97554804778305,10077,-1.56,42.3,-87.9,6.398089507473047
2024-05-12 09:15:00,43092005,0.352039545727777,0.22549780457198312,0.47858128688357093,42.31375315313785,-87.97554804778305,10077,-1.58,42.3,-87.9,6.398089507473047
2024-05-12 09:16:00,43092005,0.06457522903559706,0.011778372049757,0.11737208602143713,42.31375315313785,-87.97554804778305,10077,-1.74,42.3,-87.9,6.398089507473047
2024-05-12 09:17:00,43092005,-0.20316073919029645,-0.3654945147217227,-0.04082696365887023,42.31375315313785,-87.97554804778305,10077,-2.7,42.3,-87.9,6.398089507473047
2024-05-12 09:18:00,43092005,-0.04278544892433256,-0.06009514973871953,-0.025475748109945583,42.31375315313785,-87.97554804778305,10077,-2.73,42.3,-87.9,6.398089507473047
2024-05-12 09:19:00,43092005,0.4287698879875336,0.2709514425396413,0.5865883334354259,42.31375315313785,-87.97554804778305,10077,-1.75,42.3,-87.9,6.398089507473047
2024-05-12 09:20:00,43092005,-0.10798887880915836,-0.1473515992896092,-0.06862615832870753,42.31375315313785,-87.97554804778305,10077,-1.92,42.3,-87.9,6.398089507473047
2024-05-12 09:21:00,43092005,-0.7776330268771428,-1.0938494144177773,-0.46141663933650817,42.31375315313785,-87.97554804778305,10077,-1.93,42.3,-87.9,6.398089507473047
2024-05-12 09:22:00,43092005,-0.8869464618146867,-1.2097581691435444,-0.5641347544858291,42.31375315313785,-87.97554804778305,10077,-1.52,42.3,-87.9,6.398089507473047
2024-05-12 09:23:00,43092005,-0.6529227277278004,-0.9154101041062699,-0.3904353513493309,42.31375315313785,-87.97554804778305,10077,-1.12,42.3,-87.9,6.398089507473047
2024-05-12 09:24:00,43092005,0.12150257397594776,0.06675530182411038,0.17624984612778513,42.31375315313785,-87.97554804778305,10077,-0.73,42.3,-87.9,6.398089507473047
2024-05-12 09:25:00,43092005,0.43403962767101767,0.2617954911614581,0.6062837641805772,42.31375315313785,-87.97554804778305,10077,-0.42,42.3,-87.9,6.398089507473047
2024-05-12 09:26:00,43092005,0.3495168670391043,0.11770926088299258,0.581324473195216,42.31375315313785,-87.97554804778305,10077,-0.54,42.3,-87.9,6.398089507473047
2024-05-12 09:27:00,43092005,0.4430393049782866,0.14554929670949968,0.7405293132470735,42.31375315313785,-87.97554804778305,10077,-0.66,42.3,-87.9,6.398089507473047
2024-05-12 09:28:00,43092005,0.43932246619877513,0.16395046001906022,0.71469447237849,42.31375315313785,-87.97554804778305,10077,-0.78,42.3,-87.9,6.398089507473047
2024-05-12 09:29:00,43092005,0.38984145754528116,0.1872713585443909,0.5924115565461714,42.31375315313785,-87.97554804778305,10077,-0.9,42.3,-87.9,6.398089507473047
2024-05-12 09:30:00,43092005,0.3216670955645672,0.16200043106574313,0.48133376006339124,42.31375315313785,-87.97554804778305,10077,-1.02,42.3,-87.9,6.398089507473047
2024-05-12 09:31:00,43092005,0.25220457829516335,0.1447409251701033,0.3596682314202234,42.31375315313785,-87.97554804778305,10077,-1.14,42.3,-87.9,6.398089507473047
2024-05-12 09:32:00,43092005,0.002528651565915124,-0.040185291804505904,0.04524259493633616,42.31375315313785,-87.97554804778305,10077,-1.26,42.3,-87.9,6.398089507473047
2024-05-12 09:33:00,43092005,0.21258038668461463,0.13804210924507257,0.28711866412415665,42.31375315313785,-87.97554804778305,10077,-1.37,42.3,-87.9,6.398089507473047
2024-05-12 09:34:00,43092005,0.14522198735173783,0.08498033452061476,0.2054636401828609,42.31375315313785,-87.97554804778305,10077,-1.48,42.3,-87.9,6.398089507473047
2024-05-12 09:35:00,43092005,-0.22575316229429013,-0.3192711908166553,-0.13223513377192497,42.31375315313785,-87.97554804778305,10077,-1.47,42.3,-87.9,6.398089507473047
2024-05-12 09:36:00,43092005,-0.18066760489628428,-0.2523936260918894,-0.10894158370067916,42.31375315313785,-87.97554804778305,10077,-1.43,42.3,-87.9,6.398089507473047
2024-05-12 09:37:00,43092005,-0.4988167095453219,-0.6865180525496297,-0.31111536654101407,42.31375315313785,-87.97554804778305,10077,-1.39,42.3,-87.9,6.398089507473047
2024-05-12 09:38:00,43092005,-0.15110374424130396,-0.21535838784279082,-0.08684910063981709,42.31375315313785,-87.97554804778305,10077,-1.35,42.3,-87.9,6.398089507473047
2024-05-12 09:39:00,43092005,0.024347699706543022,0.015458773129190473,0.03323662628389557,42.31375315313785,-87.97554804778305,10077,-1.31,42.3,-87.9,6.398089507473047
2024-05-12 09:40:00,43092005,-0.11269698141231424,-0.18749244612045496,-0.037901516704173535,42.31375315313785,-87.97554804778305,10077,-1.3,42.3,-87.9,6.398089507473047
2024-05-12 09:41:00,43092005,0.014545509007679959,0.005204868921608555,0.023886149093751363,42.31375315313785,-87.97554804778305,10077,-1.3,42.3,-87.9,6.398089507473047
2024-05-12 09:42:00,43092005,0.24773187701938146,0.1337922471072956,0.3616715069314673,42.31375315313785,-87.97554804778305,10077,-1.3,42.3,-87.9,6.398089507473047
2024-05-12 09:43:00,43092005,0.13567208002594516,0.06973182037679893,0.2016123396750914,42.31375315313785,-87.97554804778305,10077,-1.3,42.3,-87.9,6.398089507473047
2024-05-12 09:44:00,43092005,0.04986327459453532,-0.020532709302211904,0.12025925849128255,42.31375315313785,-87.97554804778305,10077,-1.3,42.3,-87.9,6.398089507473047
2024-05-12 09:45:00,43092005,0.15798821843189553,0.08271351461335891,0.23326292225043216,42.31375315313785,-87.97554804778305,10077,-1.3,42.3,-87.9,6.398089507473047
2024-05-12 09:46:00,43092005,0.24690243268483564,0.1206510415480927,0.3731538238215786,42.31375315313785,-87.97554804778305,10077,-1.34,42.3,-87.9,6.398089507473047
2024-05-12 09:47:00,43092005,0.17304109116750105,0.10431883285262548,0.2417633494823766,42.31375315313785,-87.97554804778305,10077,-1.41,42.3,-87.9,6.398089507473047
2024-05-12 09:48:00,43092005,0.22950588084551923,0.14116721570884344,0.317844545982195,42.31375315313785,-87.97554804778305,10077,-1.47,42.3,-87.9,6.398089507473047
2024-05-12 09:49:00,43092005,0.31888046086693467,0.20171687091999982,0.43604405081386954,42.31375315313785,-87.97554804778305,10077,-1.53,42.3,-87.9,6.398089507473047
2024-05-12 09:50:00,43092005,0.09403722596478492,0.030493986537002568,0.15758046539256726,42.31375315313785,-87.97554804778305,10077,-1.6,42.3,-87.9,6.398089507473047
2024-05-12 09:51:00,43092005,0.2573819926814039,0.11168267596853487,0.4030813093942729,42.31375315313785,-87.97554804778305,10077,-1.5,42.3,-87.9,6.398089507473047
2024-05-12 09:52:00,43092005,0.19103087308492167,0.07266034004748734,0.309401406122356,42.31375315313785,-87.97554804778305,10077,-1.4,42.3,-87.9,6.398089507473047
2024-05-12 09:53:00,43092005,0.25600857414155825,0.13992760520475722,0.3720895430783593,42.31375315313785,-87.97554804778305,10077,-1.3,42.3,-87.9,6.398089507473047
2024-05-12 09:54:00,43092005,0.007552239696546603,-0.01807825660842393,0.03318273600151714,42.31375315313785,-87.97554804778305,10077,-1.42,42.3,-87.9,6.398089507473047
2024-05-12 09:55:00,43092005,-0.02687731133110425,-0.05315431613898387,-0.0006003065232246252,42.31375315313785,-87.97554804778305,10077,-1.55,42.3,-87.9,6.398089507473047
2024-05-12 09:56:00,43092005,-0.027456917632789873,-0.05212961499827108,-0.0027842202673086687,42.31375315313785,-87.97554804778305,10077,-1.67,42.3,-87.9,6.398089507473047
2024-05-12 09:57:00,43092005,0.17929931316264305,0.09191080719595329,0.2666878191293328,42.31375315313785,-87.97554804778305,10077,-1.8,42.3,-87.9,6.398089507473047
2024-05-12 09:58:00,43092005,0.5680093385260505,0.3641677023556017,0.7718509746964993,42.31375315313785,-87.97554804778305,10077,-1.44,42.3,-87.9,6.398089507473047
2024-05-12 09:59:00,43092005,-0.18672769845353632,-0.26765467720919217,-0.10580071969788048,42.31375315313785,-87.97554804778305,10077,-1.89,42.3,-87.9,6.398089507473047
2024-05-12 10:00:00,43092005,-0.1503440554680905,-0.20315413131609017,-0.0975339796200908,42.31375315313785,-87.97554804778305,10077,-2.01,42.3,-87.9,6.398089507473047
2024-05-12 10:01:00,43092005,0.07814947569411351,0.049653147041137984,0.10664580434708903,42.31375315313785,-87.97554804778305,10077,-1.49,42.3,-87.9,6.398089507473047
2024-05-12 10:02:00,43092005,0.30110912581434224,0.1835900172649271,0.4186282343637574,42.31375315313785,-87.97554804778305,10077,-1.4,42.3,-87.9,6.398089507473047
2024-05-12 10:03:00,43092005,0.7318887101640379,0.4372729474931435,1.0265044728349322,42.31375315313785,-87.97554804778305,10077,-1.32,42.3,-87.9,6.398089507473047
2024-05-12 10:04:00,43092005,0.3477799364886151,0.17552596534191214,0.5200339076353181,42.31375315313785,-87.97554804778305,10077,-1.32,42.3,-87.9,6.398089507473047
2024-05-12 10:05:00,43092005,0.4270690772168917,0.24150158939327165,0.6126365650405117,42.31375315313785,-87.97554804778305,10077,-1.34,42.3,-87.9,6.398089507473047
2024-05-12 10:06:00,43092005,0.32839776201168996,0.19991290380560134,0.4568826202177786,42.31375315313785,-87.97554804778305,10077,-1.37,42.3,-87.9,6.398089507473047
2024-05-12 10:07:00,43092005,-0.014240141743152378,-0.07556004684207396,0.04707976335576921,42.31375315313785,-87.97554804778305,10077,-1.39,42.3,-87.9,6.398089507473047
2024-05-12 10:08:00,43092005,-0.33201556270918753,-0.46993788768493333,-0.19409323773344173,42.31375315313785,-87.97554804778305,10077,-1.43,42.3,-87.9,6.398089507473047
2024-05-12 10:09:00,43092005,-0.16361874057834017,-0.28303001322227217,-0.04420746793440819,42.31375315313785,-87.97554804778305,10077,-1.48,42.3,-87.9,6.398089507473047
2024-05-12 10:10:00,43092005,0.12383363422538553,0.07985213330984411,0.16781513514092694,42.31375315313785,-87.97554804778305,10077,-1.49,42.3,-87.9,6.398089507473047
2024-05-12 10:11:00,43092005,0.13485372655051656,0.07771776533077315,0.19198968777025996,42.31375315313785,-87.97554804778305,10077,-1.48,42.3,-87.9,6.398089507473047
2024-05-12 10:12:00,43092005,0.1393731722052683,0.086259113486429,0.19248723092410758,42.31375315313785,-87.97554804778305,10077,-1.46,42.3,-87.9,6.398089507473047
2024-05-12 10:13:00,43092005,0.5124309338386495,0.32544049792540375,0.6994213697518952,42.31375315313785,-87.97554804778305,10077,-1.45,42.3,-87.9,6.398089507473047
2024-05-12 10:14:00,43092005,0.44890406669904115,0.2792584194311659,0.6185497139669164,42.31375315313785,-87.97554804778305,10077,-1.43,42.3,-87.9,6.398089507473047
2024-05-12 10:15:00,43092005,0.49989987502719524,0.30325222900624577,0.6965475210481447,42.31375315313785,-87.97554804778305,10077,-1.41,42.3,-87.9,6.398089507473047
2024-05-12 10:16:00,43092005,0.14795968352926703,0.09183464042676101,0.20408472663177304,42.31375315313785,-87.97554804778305,10077,-1.4,42.3,-87.9,6.398089507473047
2024-05-12 10:17:00,43092005,-0.008136235512821876,-0.056038233220068144,0.039765762194424396,42.31375315313785,-87.97554804778305,10077,-1.42,42.3,-87.9,6.398089507473047
2024-05-12 10:18:00,43092005,0.14573699857731512,0.08800678413779134,0.2034672130168389,42.31375315313785,-87.97554804778305,10077,-1.45,42.3,-87.9,6.398089507473047
2024-05-12 10:19:00,43092005,0.08130267838524995,0.05015031893310095,0.11245503783739894,42.31375315313785,-87.97554804778305,10077,-1.47,42.3,-87.9,6.398089507473047
2024-05-12 10:20:00,43092005,0.37440516069568786,0.22728666083433047,0.5215236605570452,42.31375315313785,-87.97554804778305,10077,-1.49,42.3,-87.9,6.398089507473047
2024-05-12 10:21:00,43092005,0.3094509576533671,0.20049174728087898,0.41841016802585523,42.31375315313785,-87.97554804778305,10077,-1.5,42.3,-87.9,6.398089507473047
2024-05-12 10:22:00,43092005,0.31105255315962593,0.1757335212395922,0.4463715850796597,42.31375315313785,-87.97554804778305,10077,-1.5,42.3,-87.9,6.398089507473047
2024-05-12 10:23:00,43092005,-0.03710802739175293,-0.05719804284785361,-0.01701801193565225,42.31375315313785,-87.97554804778305,10077,-1.5,42.3,-87.9,6.398089507473047
2024-05-12 10:24:00,43092005,-0.07337554006890994,-0.09995911400735559,-0.04679196613046428,42.31375315313785,-87.97554804778305,10077,-1.5,42.3,-87.9,6.398089507473047
2024-05-12 10:25:00,43092005,0.48136110685971145,0.2796461114696072,0.6830761022498157,42.31375315313785,-87.97554804778305,10077,-1.43,42.3,-87.9,6.398089507473047
2024-05-12 10:26:00,43092005,0.8183753443765163,0.4867173852468298,1.1500333035062027,42.31375315313785,-87.97554804778305,10077,-1.37,42.3,-87.9,6.398089507473047
2024-05-12 10:27:00,43092005,0.3003317434760861,0.19419341546023203,0.40647007149194014,42.31375315313785,-87.97554804778305,10077,-1.3,42.3,-87.9,6.398089507473047
2024-05-12 10:28:00,43092005,0.2622291688949691,0.16482266215502245,0.3596356756349158,42.31375315313785,-87.97554804778305,10077,-1.23,42.3,-87.9,6.398089507473047
2024-05-12 10:29:00,43092005,0.10775959196577507,0.06380769744575596,0.1517114864857942,42.31375315313785,-87.97554804778305,10077,-1.16,42.3,-87.9,6.398089507473047
2024-05-12 10:30:00,43092005,-0.1494748825790888,-0.21852967891439018,-0.08042008624378744,42.31375315313785,-87.97554804778305,10077,-1.2,42.3,-87.9,6.398089507473047
2024-05-12 10:31:00,43092005,-0.34559799895801563,-0.5439929963649628,-0.14720300155106847,42.31375315313785,-87.97554804778305,10077,-1.86,42.3,-87.9,6.398089507473047
2024-05-12 10:32:00,43092005,0.4190409708497369,0.27198755066420655,0.5660943910352673,42.31375315313785,-87.97554804778305,10077,-1.77,42.3,-87.9,6.398089507473047
2024-05-12 10:33:00,43092005,0.31879964387767895,0.19617126017161446,0.44142802758374344,42.31375315313785,-87.97554804778305,10077,-1.26,42.3,-87.9,6.398089507473047
2024-05-12 10:34:00,43092005,0.35563352645227786,0.2168115848230743,0.49445546808148144,42.31375315313785,-87.97554804778305,10077,-0.97,42.3,-87.9,6.398089507473047
2024-05-12 10:35:00,43092005,0.40398815830697987,0.2584013543929239,0.5495749622210359,42.31375315313785,-87.97554804778305,10077,-1.21,42.3,-87.9,6.398089507473047
2024-05-12 10:36:00,43092005,0.09937922037521699,0.06397884413810463,0.13477959661232936,42.31375315313785,-87.97554804778305,10077,-1.44,42.3,-87.9,6.398089507473047
2024-05-12 10:37:00,43092005,-0.01591305814687522,-0.03197420076790501,0.0001480844741545695,42.31375315313785,-87.97554804778305,10077,-1.65,42.3,-87.9,6.398089507473047
2024-05-12 10:38:00,43092005,0.036778322384105694,-0.021124817570800036,0.09468146233901142,42.31375315313785,-87.97554804778305,10077,-1.68,42.3,-87.9,6.398089507473047
2024-05-12 10:39:00,43092005,0.06855088359510578,0.0425972536234941,0.09450451356671746,42.31375315313785,-87.97554804778305,10077,-1.28,42.3,-87.9,6.398089507473047
2024-05-12 10:40:00,43092005,-0.007312613350769883,-0.010299120391967051,-0.0043261063095727135,42.31375315313785,-87.97554804778305,10077,-1.15,42.3,-87.9,6.398089507473047
2024-05-12 10:41:00,43092005,0.23890732001410542,0.13226087123376168,0.34555376879444916,42.31375315313785,-87.97554804778305,10077,-1.11,42.3,-87.9,6.398089507473047
2024-05-12 10:42:00,43092005,0.16556259517424873,0.08239892612372104,0.24872626422477642,42.31375315313785,-87.97554804778305,10077,-1.16,42.3,-87.9,6.398089507473047
2024-05-12 10:43:00,43092005,0.08240121134783242,0.05237317051820286,0.11242925217746197,42.31375315313785,-87.97554804778305,10077,-1.2,42.3,-87.9,6.398089507473047
2024-05-12 10:44:00,43092005,0.0993883338018541,0.04495467828388343,0.15382198931982477,42.31375315313785,-87.97554804778305,10077,-1.25,42.3,-87.9,6.398089507473047
2024-05-12 10:45:00,43092005,-0.09611705160071901,-0.14497775222008075,-0.04725635098135727,42.31375315313785,-87.97554804778305,10077,-1.29,42.3,-87.9,6.398089507473047
2024-05-12 10:46:00,43092005,0.07450214807961818,0.04527237007411578,0.10373192608512058,42.31375315313785,-87.97554804778305,10077,-1.31,42.3,-87.9,6.398089507473047
2024-05-12 10:47:00,43092005,0.06424002632683139,0.03143165782608489,0.09704839482757788,42.31375315313785,-87.97554804778305,10077,-1.33,42.3,-87.9,6.398089507473047
2024-05-12 10:48:00,43092005,0.3483743996273045,0.17065949263623226,0.5260893066183767,42.31375315313785,-87.97554804778305,10077,-1.35,42.3,-87.9,6.398089507473047
2024-05-12 10:49:00,43092005,0.39360754797818664,0.20153865061772638,0.5856764453386469,42.31375315313785,-87.97554804778305,10077,-1.37,42.3,-87.9,6.398089507473047
2024-05-12 10:50:00,43092005,0.3868590593898207,0.2204142858349194,0.553303832944722,42.31375315313785,-87.97554804778305,10077,-1.39,42.3,-87.9,6.398089507473047
2024-05-12 10:51:00,43092005,-0.01829740547529176,-0.0652412803492384,0.028646469398654888,42.31375315313785,-87.97554804778305,10077,-1.4,42.3,-87.9,6.398089507473047
2024-05-12 10:52:00,43092005,-0.041187650788931954,-0.07930449847460941,-0.003070803103254506,42.31375315313785,-87.97554804778305,10077,-1.4,42.3,-87.9,6.398089507473047
2024-05-12 10:53:00,43092005,0.1350490807375887,0.08491237094068375,0.18518579053449363,42.31375315313785,-87.97554804778305,10077,-1.4,42.3,-87.9,6.398089507473047
2024-05-12 10:54:00,43092005,0.31786293769838814,0.16693990821763505,0.4687859671791412,42.31375315313785,-87.97554804778305,10077,-1.4,42.3,-87.9,6.398089507473047
2024-05-12 10:55:00,43092005,0.06195831262415513,0.013126310308763954,0.1107903149395463,42.31375315313785,-87.97554804778305,10077,-1.4,42.3,-87.9,6.398089507473047
2024-05-12 10:56:00,43092005,0.16516678519360253,0.104257401494709,0.22607616889249607,42.31375315313785,-87.97554804778305,10077,-1.4,42.3,-87.9,6.398089507473047
2024-05-12 10:57:00,43092005,0.04405364607192954,-0.042913591731006666,0.13102088387486574,42.31375315313785,-87.97554804778305,10077,-1.4,42.3,-87.9,6.398089507473047
2024-05-12 10:58:00,43092005,-0.06625927159712092,-0.09182993821087368,-0.040688604983368154,42.31375315313785,-87.97554804778305,10077,-1.4,42.3,-87.9,6.398089507473047
2024-05-12 10:59:00,43092005,-0.24551814774933614,-0.3542420324900377,-0.13679426300863456,42.31375315313785,-87.97554804778305,10077,-1.6,42.3,-87.9,6.398089507473047
2024-05-12 11:00:00,43092005,-0.025155920505474518,-0.0676866037626538,0.017374762751704766,42.31375315313785,-87.97554804778305,10077,-1.85,42.3,-87.9,6.398089507473047
2024-05-12 11:01:00,43092005,-0.14714289616173679,-0.2356242691420494,-0.058661523181424174,42.31375315313785,-87.97554804778305,10077,-2.1,42.3,-87.9,6.398089507473047
2024-05-12 11:02:00,43092005,-0.35751381131323207,-0.5277105921045093,-0.1873170305219548,42.31375315313785,-87.97554804778305,10077,-2.35,42.3,-87.9,6.398089507473047
2024-05-12 11:03:00,43092005,-0.5079615712726027,-0.7552747654727552,-0.2606483770724501,42.31375315313785,-87.97554804778305,10077,-2.21,42.3,-87.9,6.398089507473047
2024-05-12 11:04:00,43092005,-0.34393591222757086,-0.49711172125304887,-0.19076010320209286,42.31375315313785,-87.97554804778305,10077,-1.98,42.3,-87.9,6.398089507473047
2024-05-12 11:05:00,43092005,-0.14465113962448453,-0.22652259331530478,-0.06277968593366429,42.31375315313785,-87.97554804778305,10077,-1.75,42.3,-87.9,6.398089507473047
2024-05-12 11:06:00,43092005,0.05434918177097028,0.03512982765232797,0.07356853588961258,42.31375315313785,-87.97554804778305,10077,-1.52,42.3,-87.9,6.398089507473047
2024-05-12 11:07:00,43092005,0.1306407864632687,0.08455970513624711,0.1767218677902903,42.31375315313785,-87.97554804778305,10077,-1.28,42.3,-87.9,6.398089507473047
2024-05-12 11:08:00,43092005,0.2987829876648155,0.1861813964348518,0.4113845788947792,42.31375315313785,-87.97554804778305,10077,-1.19,42.3,-87.9,6.398089507473047
2024-05-12 11:09:00,43092005,0.2814534775595318,0.17861806375398429,0.3842888913650794,42.31375315313785,-87.97554804778305,10077,-1.18,42.3,-87.9,6.398089507473047
2024-05-12 11:10:00,43092005,0.2930409742430562,0.16650502038193185,0.41957692810418057,42.31375315313785,-87.97554804778305,10077,-1.17,42.3,-87.9,6.398089507473047
2024-05-12 11:11:00,43092005,-0.028723453394717064,-0.05445827335411146,-0.0029886334353226712,42.31375315313785,-87.97554804778305,10077,-1.15,42.3,-87.9,6.398089507473047
2024-05-12 11:12:00,43092005,-0.11072973801957485,-0.15522231286850594,-0.06623716317064376,42.31375315313785,-87.97554804778305,10077,-1.14,42.3,-87.9,6.398089507473047
2024-05-12 11:13:00,43092005,-0.09540042758949642,-0.12952268962122906,-0.061278165557763775,42.31375315313785,-87.97554804778305,10077,-1.13,42.3,-87.9,6.398089507473047
2024-05-12 11:14:00,43092005,0.04272156661973943,0.003920230783194166,0.08152290245628468,42.31375315313785,-87.97554804778305,10077,-1.11,42.3,-87.9,6.398089507473047
2024-05-12 11:15:00,43092005,0.04660896961180432,0.022837792285651935,0.07038014693795672,42.31375315313785,-87.97554804778305,10077,-1.1,42.3,-87.9,6.398089507473047
2024-05-12 11:16:00,43092005,0.15253588654343644,0.093757041966568,0.21131473112030488,42.31375315313785,-87.97554804778305,10077,-1.1,42.3,-87.9,6.398089507473047
2024-05-12 11:17:00,43092005,0.27684356103695573,0.15745964942533242,0.39622747264857905,42.31375315313785,-87.97554804778305,10077,-1.1,42.3,-87.9,6.398089507473047
2024-05-12 11:18:00,43092005,0.25819405878574253,0.13386662034658198,0.3825214972249031,42.31375315313785,-87.97554804778305,10077,-1.07,42.3,-87.9,6.398089507473047
2024-05-12 11:19:00,43092005,0.10143457761123068,0.059278153318516005,0.14359100190394536,42.31375315313785,-87.97554804778305,10077,-1.01,42.3,-87.9,6.398089507473047
2024-05-12 11:20:00,43092005,0.010041509057776793,0.005706108334119438,0.014376909781434147,42.31375315313785,-87.97554804778305,10077,-0.94,42.3,-87.9,6.398089507473047
2024-05-12 11:21:00,43092005,-0.1194671413051268,-0.16837767332888592,-0.07055660928136766,42.31375315313785,-87.97554804778305,10077,-0.99,42.3,-87.9,6.398089507473047
2024-05-12 11:22:00,43092005,-0.1259044723487214,-0.1700700817291229,-0.08173886296831989,42.31375315313785,-87.97554804778305,10077,-1.29,42.3,-87.9,6.398089507473047
2024-05-12 11:23:00,43092005,-0.13036061055581308,-0.2000316100736126,-0.06068961103801358,42.31375315313785,-87.97554804778305,10077,-1.27,42.3,-87.9,6.398089507473047
2024-05-12 11:24:00,43092005,-0.07419950494425719,-0.11580943729193863,-0.03258957259657574,42.31375315313785,-87.97554804778305,10077,-1.07,42.3,-87.9,6.398089507473047
2024-05-12 11:25:00,43092005,-0.11340615991853122,-0.1617780026067141,-0.06503431723034833,42.31375315313785,-87.97554804778305,10077,-1.15,42.3,-87.9,6.398089507473047
2024-05-12 11:26:00,43092005,0.1553364893360843,0.09309916126563894,0.21757381740652965,42.31375315313785,-87.97554804778305,10077,-1.38,42.3,-87.9,6.398089507473047
2024-05-12 11:27:00,43092005,0.13567061717143483,0.08488792461011516,0.1864533097327545,42.31375315313785,-87.97554804778305,10077,-1.42,42.3,-87.9,6.398089507473047
2024-05-12 11:28:00,43092005,0.017989176435122618,-0.0060304025064609745,0.04200875537670621,42.31375315313785,-87.97554804778305,10077,-1.26,42.3,-87.9,6.398089507473047
2024-05-12 11:29:00,43092005,-0.1665019328769572,-0.2606189902828828,-0.07238487547103155,42.31375315313785,-87.97554804778305,10077,-1.28,42.3,-87.9,6.398089507473047
2024-05-12 11:30:00,43092005,-0.3146778015620577,-0.4541335056971386,-0.17522209742697684,42.31375315313785,-87.97554804778305,10077,-1.41,42.3,-87.9,6.398089507473047
2024-05-12 11:31:00,43092005,-0.2703373286322245,-0.39316303137310454,-0.14751162589134442,42.31375315313785,-87.97554804778305,10077,-1.54,42.3,-87.9,6.398089507473047
2024-05-12 11:32:00,43092005,-0.1711545350359908,-0.2624342256366724,-0.07987484443530915,42.31375315313785,-87.97554804778305,10077,-1.66,42.3,-87.9,6.398089507473047
2024-05-12 11:33:00,43092005,-0.16907550201734953,-0.25348853093878154,-0.08466247309591748,42.31375315313785,-87.97554804778305,10077,-1.79,42.3,-87.9,6.398089507473047
2024-05-12 11:34:00,43092005,-0.1736391696514081,-0.2582236860456257,-0.08905465325719053,42.31375315313785,-87.97554804778305,10077,-1.87,42.3,-87.9,6.398089507473047
2024-05-12 11:35:00,43092005,-0.14707457891112208,-0.21549149483590607,-0.0786576629863381,42.31375315313785,-87.97554804778305,10077,-1.66,42.3,-87.9,6.398089507473047
2024-05-12 11:36:00,43092005,0.03855696032887248,0.0029128411091305026,0.07420107954861446,42.31375315313785,-87.97554804778305,10077,-1.45,42.3,-87.9,6.398089507473047
2024-05-12 11:37:00,43092005,0.14734763609954998,0.055262316075335105,0.23943295612376486,42.31375315313785,-87.97554804778305,10077,-1.24,42.3,-87.9,6.398089507473047
2024-05-12 11:38:00,43092005,0.11846503728964508,0.03567524152577975,0.2012548330535104,42.31375315313785,-87.97554804778305,10077,-1.06,42.3,-87.9,6.398089507473047
2024-05-12 11:39:00,43092005,0.1495768898691898,0.09712768456177406,0.20202609517660552,42.31375315313785,-87.97554804778305,10077,-1.18,42.3,-87.9,6.398089507473047
2024-05-12 11:40:00,43092005,0.15224879892323548,0.09827746240573124,0.20622013544073972,42.31375315313785,-87.97554804778305,10077,-1.47,42.3,-87.9,6.398089507473047
2024-05-12 11:41:00,43092005,-0.14708208224915884,-0.2540646518593724,-0.04009951263894529,42.31375315313785,-87.97554804778305,10077,-1.75,42.3,-87.9,6.398089507473047
2024-05-12 11:42:00,43092005,0.08235314670474009,0.05326913906243047,0.1114371543470497,42.31375315313785,-87.97554804778305,10077,-1.57,42.3,-87.9,6.398089507473047
2024-05-12 11:43:00,43092005,0.06433746717487436,0.04102954881475548,0.08764538553499324,42.31375315313785,-87.97554804778305,10077,-1.21,42.3,-87.9,6.398089507473047
2024-05-12 11:44:00,43092005,0.043566398986645584,0.028093152256518594,0.059039645716772574,42.31375315313785,-87.97554804778305,10077,-1.22,42.3,-87.9,6.398089507473047
2024-05-12 11:45:00,43092005,-0.10171250013842009,-0.17850925849731164,-0.024915741779528544,42.31375315313785,-87.97554804778305,10077,-1.23,42.3,-87.9,6.398089507473047
2024-05-12 11:46:00,43092005,0.018006139990883043,-0.002194401510640761,0.038206681492406844,42.31375315313785,-87.97554804778305,10077,-1.24,42.3,-87.9,6.398089507473047
2024-05-12 11:47:00,43092005,0.23592029648242438,0.13889046025497565,0.3329501327098731,42.31375315313785,-87.97554804778305,10077,-1.25,42.3,-87.9,6.398089507473047
2024-05-12 11:48:00,43092005,0.25812562003283573,0.13734208458409908,0.3789091554815724,42.31375315313785,-87.97554804778305,10077,-1.26,42.3,-87.9,6.398089507473047
2024-05-12 11:49:00,43092005,0.04385629735704988,0.026001134228603243,0.061711460485496514,42.31375315313785,-87.97554804778305,10077,-1.28,42.3,-87.9,6.398089507473047
2024-05-12 11:50:00,43092005,-0.1302012976090935,-0.18182292485839183,-0.07857967035979516,42.31375315313785,-87.97554804778305,10077,-1.29,42.3,-87.9,6.398089507473047
2024-05-12 11:51:00,43092005,-0.12255440208650098,-0.17449126899419926,-0.0706175351788027,42.31375315313785,-87.97554804778305,10077,-1.3,42.3,-87.9,6.398089507473047
2024-05-12 11:52:00,43092005,0.03623295274102512,-0.0027256199710232396,0.07519152545307348,42.31375315313785,-87.97554804778305,10077,-1.37,42.3,-87.9,6.398089507473047
2024-05-12 11:53:00,43092005,-0.10556532104586001,-0.14477327858927164,-0.0663573635024484,42.31375315313785,-87.97554804778305,10077,-1.43,42.3,-87.9,6.398089507473047
2024-05-12 11:54:00,43092005,-0.1323624540279085,-0.1907384351917708,-0.0739864728640462,42.31375315313785,-87.97554804778305,10077,-1.5,42.3,-87.9,6.398089507473047
2024-05-12 11:55:00,43092005,-0.1754192436221324,-0.25234502518520163,-0.09849346205906315,42.31375315313785,-87.97554804778305,10077,-1.57,42.3,-87.9,6.398089507473047
2024-05-12 11:56:00,43092005,-0.09405960416640703,-0.13227672296610626,-0.0558424853667078,42.31375315313785,-87.97554804778305,10077,-1.64,42.3,-87.9,6.398089507473047
2024-05-12 11:57:00,43092005,-0.0706600725579596,-0.10656456502857868,-0.03475558008734052,42.31375315313785,-87.97554804778305,10077,-1.71,42.3,-87.9,6.398089507473047
2024-05-12 11:58:00,43092005,-0.0789613082402743,-0.10811865642091455,-0.04980396005963404,42.31375315313785,-87.97554804778305,10077,-1.78,42.3,-87.9,6.398089507473047
2024-05-12 11:59:00,43092005,-0.3251626463303515,-0.4699320268065254,-0.18039326585417764,42.31375315313785,-87.97554804778305,10077,-1.86,42.3,-87.9,6.398089507473047
2024-05-12 12:00:00,43092005,-0.3249022115516782,-0.4603308760769217,-0.18947354702643468,42.31375315313785,-87.97554804778305,10077,-1.69,42.3,-87.9,6.398089507473047
