timestamp,substation,Sim GIC (Median),Sim GIC (2.5),Sim GIC (97.5),sub lat,sub lon,site_1_device,site_1_gic,site_1_Latitude,site_1_Longitude,site_1_Distance
2024-05-10 12:00:00,164138736,0.12626733119325823,0.08476298501295881,0.16777167737355764,35.808507099999936,-86.44685230718586,10208,0.1,35.8,-86.5,4.885386356733691
2024-05-10 12:01:00,164138736,0.10324812929503614,0.06913391775016242,0.13736234083990986,35.808507099999936,-86.44685230718586,10208,0.2,35.8,-86.5,4.885386356733691
2024-05-10 12:02:00,164138736,0.10327037613746218,0.06978474544565227,0.13675600682927208,35.808507099999936,-86.44685230718586,10208,0.2,35.8,-86.5,4.885386356733691
2024-05-10 12:03:00,164138736,0.10035628605466124,0.0675116097230477,0.13320096238627477,35.808507099999936,-86.44685230718586,10208,0.1,35.8,-86.5,4.885386356733691
2024-05-10 12:04:00,164138736,0.10249419940263534,0.06908601537640616,0.13590238342886451,35.808507099999936,-86.44685230718586,10208,0.2,35.8,-86.5,4.885386356733691
2024-05-10 12:05:00,164138736,0.09248525469433003,0.06182540679690181,0.12314510259175825,35.808507099999936,-86.44685230718586,10208,0.2,35.8,-86.5,4.885386356733691
2024-05-10 12:06:00,164138736,0.11691232872394082,0.07888213020308235,0.1549425272447993,35.808507099999936,-86.44685230718586,10208,0.2,35.8,-86.5,4.885386356733691
2024-05-10 12:07:00,164138736,0.11003797232262945,0.07387900939694456,0.14619693524831434,35.808507099999936,-86.44685230718586,10208,0.2,35.8,-86.5,4.885386356733691
2024-05-10 12:08:00,164138736,0.09570119584576749,0.06411122590669469,0.1272911657848403,35.808507099999936,-86.44685230718586,10208,0.2,35.8,-86.5,4.885386356733691
2024-05-10 12:09:00,164138736,0.09863051393325488,0.06651590033168625,0.1307451275348235,35.808507099999936,-86.44685230718586,10208,0.2,35.8,-86.5,4.885386356733691
2024-05-10 12:10:00,164138736,0.11941382607599194,0.08070269500538482,0.15812495714659905,35.808507099999936,-86.44685230718586,10208,0.2,35.8,-86.5,4.885386356733691
2024-05-10 12:11:00,164138736,0.07393241425689308,0.04972346208416624,0.09814136642961992,35.808507099999936,-86.44685230718586,10208,0.2,35.8,-86.5,4.885386356733691
2024-05-10 12:12:00,164138736,0.08830820479967005,0.059400900623315975,0.11721550897602413,35.808507099999936,-86.44685230718586,10208,0.2,35.8,-86.5,4.885386356733691
2024-05-10 12:13:00,164138736,0.08874203874989492,0.0591094408375816,0.11837463666220824,35.808507099999936,-86.44685230718586,10208,0.2,35.8,-86.5,4.885386356733691
2024-05-10 12:14:00,164138736,0.1097676034092342,0.0728130335165994,0.14672217330186899,35.808507099999936,-86.44685230718586,10208,0.2,35.8,-86.5,4.885386356733691
2024-05-10 12:15:00,164138736,0.11907655245197965,0.07977798551557083,0.15837511938838847,35.808507099999936,-86.44685230718586,10208,0.1,35.8,-86.5,4.885386356733691
2024-05-10 12:16:00,164138736,0.10708222071757313,0.0712713417875129,0.14289309964763336,35.808507099999936,-86.44685230718586,10208,0.2,35.8,-86.5,4.885386356733691
2024-05-10 12:17:00,164138736,0.10126857077746722,0.06733125004356036,0.13520589151137408,35.808507099999936,-86.44685230718586,10208,0.2,35.8,-86.5,4.885386356733691
2024-05-10 12:18:00,164138736,0.11227193292388198,0.07465694496668043,0.14988692088108352,35.808507099999936,-86.44685230718586,10208,0.2,35.8,-86.5,4.885386356733691
2024-05-10 12:19:00,164138736,0.10276748257029673,0.06866107985611504,0.1368738852844784,35.808507099999936,-86.44685230718586,10208,0.2,35.8,-86.5,4.885386356733691
2024-05-10 12:20:00,164138736,0.11062164409255212,0.07334308746022461,0.14790020072487964,35.808507099999936,-86.44685230718586,10208,0.2,35.8,-86.5,4.885386356733691
2024-05-10 12:21:00,164138736,0.08306847824373739,0.05360367569070415,0.11253328079677064,35.808507099999936,-86.44685230718586,10208,0.2,35.8,-86.5,4.885386356733691
2024-05-10 12:22:00,164138736,0.10222251702252858,0.06766116496333492,0.13678386908172224,35.808507099999936,-86.44685230718586,10208,0.2,35.8,-86.5,4.885386356733691
2024-05-10 12:23:00,164138736,0.1034464627684726,0.06878941586246601,0.13810350967447918,35.808507099999936,-86.44685230718586,10208,0.2,35.8,-86.5,4.885386356733691
2024-05-10 12:24:00,164138736,0.1177595147528581,0.07908358222412244,0.15643544728159375,35.808507099999936,-86.44685230718586,10208,0.2,35.8,-86.5,4.885386356733691
2024-05-10 12:25:00,164138736,0.10586352883847512,0.07021316643170569,0.14151389124524455,35.808507099999936,-86.44685230718586,10208,0.2,35.8,-86.5,4.885386356733691
2024-05-10 12:26:00,164138736,0.09159090700130296,0.0611376096051875,0.12204420439741842,35.808507099999936,-86.44685230718586,10208,0.2,35.8,-86.5,4.885386356733691
2024-05-10 12:27:00,164138736,0.09286053676130632,0.06268612410989517,0.12303494941271746,35.808507099999936,-86.44685230718586,10208,0.2,35.8,-86.5,4.885386356733691
2024-05-10 12:28:00,164138736,0.08044402809373949,0.054168169550671316,0.10671988663680766,35.808507099999936,-86.44685230718586,10208,0.3,35.8,-86.5,4.885386356733691
2024-05-10 12:29:00,164138736,0.07843557330851757,0.0530300194390584,0.10384112717797674,35.808507099999936,-86.44685230718586,10208,0.3,35.8,-86.5,4.885386356733691
2024-05-10 12:30:00,164138736,0.08522133227555481,0.05709295962501708,0.11334970492609255,35.808507099999936,-86.44685230718586,10208,0.3,35.8,-86.5,4.885386356733691
2024-05-10 12:31:00,164138736,0.0877618026476862,0.05838285246884031,0.11714075282653208,35.808507099999936,-86.44685230718586,10208,0.3,35.8,-86.5,4.885386356733691
2024-05-10 12:32:00,164138736,0.11206243498339778,0.07562895379608425,0.1484959161707113,35.808507099999936,-86.44685230718586,10208,0.2,35.8,-86.5,4.885386356733691
2024-05-10 12:33:00,164138736,0.09905570773526816,0.06671174326395674,0.13139967220657958,35.808507099999936,-86.44685230718586,10208,0.2,35.8,-86.5,4.885386356733691
2024-05-10 12:34:00,164138736,0.09779699616730414,0.06550304517469938,0.1300909471599089,35.808507099999936,-86.44685230718586,10208,0.2,35.8,-86.5,4.885386356733691
2024-05-10 12:35:00,164138736,0.07531711601457422,0.04887798401150289,0.10175624801764555,35.808507099999936,-86.44685230718586,10208,0.2,35.8,-86.5,4.885386356733691
2024-05-10 12:36:00,164138736,0.0863059068896583,0.05752687294459345,0.11508494083472313,35.808507099999936,-86.44685230718586,10208,0.2,35.8,-86.5,4.885386356733691
2024-05-10 12:37:00,164138736,0.06617019540444267,0.043478651012864966,0.08886173979602038,35.808507099999936,-86.44685230718586,10208,0.3,35.8,-86.5,4.885386356733691
2024-05-10 12:38:00,164138736,0.0818174422468687,0.05539002706147193,0.10824485743226546,35.808507099999936,-86.44685230718586,10208,0.3,35.8,-86.5,4.885386356733691
2024-05-10 12:39:00,164138736,0.0602350703164404,0.04044537951186848,0.08002476112101232,35.808507099999936,-86.44685230718586,10208,0.3,35.8,-86.5,4.885386356733691
2024-05-10 12:40:00,164138736,0.08176670959513702,0.05508097827638217,0.10845244091389186,35.808507099999936,-86.44685230718586,10208,0.2,35.8,-86.5,4.885386356733691
2024-05-10 12:41:00,164138736,0.07370350163657952,0.0491763330098859,0.09823067026327313,35.808507099999936,-86.44685230718586,10208,0.3,35.8,-86.5,4.885386356733691
2024-05-10 12:42:00,164138736,0.07239221035432078,0.049180067399873004,0.09560435330876856,35.808507099999936,-86.44685230718586,10208,0.3,35.8,-86.5,4.885386356733691
2024-05-10 12:43:00,164138736,0.04962047379371217,0.03354168603954312,0.06569926154788122,35.808507099999936,-86.44685230718586,10208,0.3,35.8,-86.5,4.885386356733691
2024-05-10 12:44:00,164138736,0.06542234029558255,0.044310090638474055,0.08653458995269106,35.808507099999936,-86.44685230718586,10208,0.3,35.8,-86.5,4.885386356733691
2024-05-10 12:45:00,164138736,0.04357867058123529,0.02961258201898327,0.057544759143487306,35.808507099999936,-86.44685230718586,10208,0.3,35.8,-86.5,4.885386356733691
2024-05-10 12:46:00,164138736,0.04976910076128531,0.03379579724653962,0.06574240427603101,35.808507099999936,-86.44685230718586,10208,0.3,35.8,-86.5,4.885386356733691
2024-05-10 12:47:00,164138736,0.050090920628520094,0.03345567171225143,0.06672616954478876,35.808507099999936,-86.44685230718586,10208,0.3,35.8,-86.5,4.885386356733691
2024-05-10 12:48:00,164138736,0.08267209861770763,0.05566017618834586,0.10968402104706941,35.808507099999936,-86.44685230718586,10208,0.2,35.8,-86.5,4.885386356733691
2024-05-10 12:49:00,164138736,0.09109985515745839,0.05999108081885714,0.12220862949605964,35.808507099999936,-86.44685230718586,10208,0.3,35.8,-86.5,4.885386356733691
2024-05-10 12:50:00,164138736,0.07446182343329691,0.05057886543968585,0.09834478142690797,35.808507099999936,-86.44685230718586,10208,0.2,35.8,-86.5,4.885386356733691
2024-05-10 12:51:00,164138736,0.08522393868606044,0.05788452412787851,0.11256335324424238,35.808507099999936,-86.44685230718586,10208,0.3,35.8,-86.5,4.885386356733691
2024-05-10 12:52:00,164138736,0.07216362610068511,0.048975145386684654,0.09535210681468556,35.808507099999936,-86.44685230718586,10208,0.3,35.8,-86.5,4.885386356733691
2024-05-10 12:53:00,164138736,0.06412188511369368,0.042118020657092296,0.08612574957029506,35.808507099999936,-86.44685230718586,10208,0.3,35.8,-86.5,4.885386356733691
2024-05-10 12:54:00,164138736,0.06923888462377059,0.0464312689328749,0.09204650031466628,35.808507099999936,-86.44685230718586,10208,0.3,35.8,-86.5,4.885386356733691
2024-05-10 12:55:00,164138736,0.07341827413101043,0.04921654248845503,0.09762000577356583,35.808507099999936,-86.44685230718586,10208,0.2,35.8,-86.5,4.885386356733691
2024-05-10 12:56:00,164138736,0.07843844651694898,0.05315267040515263,0.10372422262874532,35.808507099999936,-86.44685230718586,10208,0.2,35.8,-86.5,4.885386356733691
2024-05-10 12:57:00,164138736,0.06088747333662576,0.04143976657694383,0.08033518009630769,35.808507099999936,-86.44685230718586,10208,0.3,35.8,-86.5,4.885386356733691
2024-05-10 12:58:00,164138736,0.0617742685960617,0.04185140890957405,0.08169712828254935,35.808507099999936,-86.44685230718586,10208,0.3,35.8,-86.5,4.885386356733691
2024-05-10 12:59:00,164138736,0.05446057810267107,0.03659459166257094,0.0723265645427712,35.808507099999936,-86.44685230718586,10208,0.3,35.8,-86.5,4.885386356733691
2024-05-10 13:00:00,164138736,0.06978598455494493,0.0471440891858986,0.09242787992399126,35.808507099999936,-86.44685230718586,10208,0.3,35.8,-86.5,4.885386356733691
2024-05-10 13:01:00,164138736,0.04571968288973184,0.03110253471629911,0.06033683106316457,35.808507099999936,-86.44685230718586,10208,0.3,35.8,-86.5,4.885386356733691
2024-05-10 13:02:00,164138736,0.08911586368973815,0.060541543063227087,0.1176901843162492,35.808507099999936,-86.44685230718586,10208,0.3,35.8,-86.5,4.885386356733691
2024-05-10 13:03:00,164138736,0.04294827838992624,0.029209302464104768,0.056687254315747705,35.808507099999936,-86.44685230718586,10208,0.2,35.8,-86.5,4.885386356733691
2024-05-10 13:04:00,164138736,0.06673966531554724,0.04530979867479097,0.08816953195630352,35.808507099999936,-86.44685230718586,10208,0.3,35.8,-86.5,4.885386356733691
2024-05-10 13:05:00,164138736,0.02894241343269271,0.018908116492411954,0.03897671037297347,35.808507099999936,-86.44685230718586,10208,0.3,35.8,-86.5,4.885386356733691
2024-05-10 13:06:00,164138736,0.050942252286745544,0.03465042175808006,0.06723408281541103,35.808507099999936,-86.44685230718586,10208,0.3,35.8,-86.5,4.885386356733691
2024-05-10 13:07:00,164138736,0.049328822615007144,0.033514964577202586,0.0651426806528117,35.808507099999936,-86.44685230718586,10208,0.3,35.8,-86.5,4.885386356733691
2024-05-10 13:08:00,164138736,0.04441965868910768,0.030052945352255004,0.05878637202596036,35.808507099999936,-86.44685230718586,10208,0.2,35.8,-86.5,4.885386356733691
2024-05-10 13:09:00,164138736,0.04330474094167682,0.02940584603335566,0.05720363584999798,35.808507099999936,-86.44685230718586,10208,0.2,35.8,-86.5,4.885386356733691
2024-05-10 13:10:00,164138736,0.03706470173962099,0.022279943856308833,0.05184945962293314,35.808507099999936,-86.44685230718586,10208,0.3,35.8,-86.5,4.885386356733691
2024-05-10 13:11:00,164138736,-0.02736701982167237,-0.043116161375718456,-0.011617878267626277,35.808507099999936,-86.44685230718586,10208,0.2,35.8,-86.5,4.885386356733691
2024-05-10 13:12:00,164138736,-0.011113680643608848,-0.03008620588878236,0.007858844601564666,35.808507099999936,-86.44685230718586,10208,0.3,35.8,-86.5,4.885386356733691
2024-05-10 13:13:00,164138736,-0.052000603743183105,-0.0759363449689172,-0.02806486251744901,35.808507099999936,-86.44685230718586,10208,0.2,35.8,-86.5,4.885386356733691
2024-05-10 13:14:00,164138736,-0.04633736113373193,-0.06440571849976041,-0.02826900376770344,35.808507099999936,-86.44685230718586,10208,0.3,35.8,-86.5,4.885386356733691
2024-05-10 13:15:00,164138736,-0.034695012824360605,-0.0495301661402307,-0.019859859508490504,35.808507099999936,-86.44685230718586,10208,0.3,35.8,-86.5,4.885386356733691
2024-05-10 13:16:00,164138736,0.01750881622201577,0.008137057609957268,0.026880574834074272,35.808507099999936,-86.44685230718586,10208,0.3,35.8,-86.5,4.885386356733691
2024-05-10 13:17:00,164138736,0.029468682602739365,0.01971082166116126,0.03922654354431747,35.808507099999936,-86.44685230718586,10208,0.2,35.8,-86.5,4.885386356733691
2024-05-10 13:18:00,164138736,0.04771746575792283,0.03198640724010279,0.06344852427574287,35.808507099999936,-86.44685230718586,10208,0.1,35.8,-86.5,4.885386356733691
2024-05-10 13:19:00,164138736,-0.004415550044341302,-0.009907704269871219,0.0010766041811886146,35.808507099999936,-86.44685230718586,10208,0.2,35.8,-86.5,4.885386356733691
2024-05-10 13:20:00,164138736,0.025690162109703367,0.015755107385210056,0.03562521683419668,35.808507099999936,-86.44685230718586,10208,0.2,35.8,-86.5,4.885386356733691
2024-05-10 13:21:00,164138736,0.017199274510766485,0.010752504659448697,0.023646044362084274,35.808507099999936,-86.44685230718586,10208,0.2,35.8,-86.5,4.885386356733691
2024-05-10 13:22:00,164138736,0.05159988865085953,0.034301362263368024,0.06889841503835104,35.808507099999936,-86.44685230718586,10208,0.2,35.8,-86.5,4.885386356733691
2024-05-10 13:23:00,164138736,0.027981940899908582,0.018107582500687724,0.03785629929912944,35.808507099999936,-86.44685230718586,10208,0.2,35.8,-86.5,4.885386356733691
2024-05-10 13:24:00,164138736,0.04117037805840724,0.02795933625686061,0.054381419859953865,35.808507099999936,-86.44685230718586,10208,0.2,35.8,-86.5,4.885386356733691
2024-05-10 13:25:00,164138736,0.01949796182803043,0.013130541451675345,0.025865382204385515,35.808507099999936,-86.44685230718586,10208,0.2,35.8,-86.5,4.885386356733691
2024-05-10 13:26:00,164138736,0.045544047762903495,0.030977433727699927,0.06011066179810706,35.808507099999936,-86.44685230718586,10208,0.2,35.8,-86.5,4.885386356733691
2024-05-10 13:27:00,164138736,0.011593085611596072,0.007066960812381037,0.016119210410811106,35.808507099999936,-86.44685230718586,10208,0.2,35.8,-86.5,4.885386356733691
2024-05-10 13:28:00,164138736,0.04692338277769313,0.03125764862812085,0.0625891169272654,35.808507099999936,-86.44685230718586,10208,0.2,35.8,-86.5,4.885386356733691
2024-05-10 13:29:00,164138736,0.014268686567767001,0.009320206884315244,0.01921716625121876,35.808507099999936,-86.44685230718586,10208,0.2,35.8,-86.5,4.885386356733691
2024-05-10 13:30:00,164138736,0.03486649719115144,0.023816129218367576,0.0459168651639353,35.808507099999936,-86.44685230718586,10208,0.2,35.8,-86.5,4.885386356733691
2024-05-10 13:31:00,164138736,-0.010891954371331117,-0.01755149300204492,-0.0042324157406173155,35.808507099999936,-86.44685230718586,10208,0.2,35.8,-86.5,4.885386356733691
2024-05-10 13:32:00,164138736,-0.011869966382537822,-0.01812969940504748,-0.005610233360028162,35.808507099999936,-86.44685230718586,10208,0.3,35.8,-86.5,4.885386356733691
2024-05-10 13:33:00,164138736,-0.015776053882719448,-0.023423013822048425,-0.00812909394339047,35.808507099999936,-86.44685230718586,10208,0.3,35.8,-86.5,4.885386356733691
2024-05-10 13:34:00,164138736,-0.011937003530105971,-0.018858775774973906,-0.005015231285238035,35.808507099999936,-86.44685230718586,10208,0.2,35.8,-86.5,4.885386356733691
2024-05-10 13:35:00,164138736,-0.045830301414340954,-0.0624001567762784,-0.029260446052403508,35.808507099999936,-86.44685230718586,10208,0.2,35.8,-86.5,4.885386356733691
2024-05-10 13:36:00,164138736,-0.027450230591394953,-0.04036202109893023,-0.014538440083859676,35.808507099999936,-86.44685230718586,10208,0.3,35.8,-86.5,4.885386356733691
2024-05-10 13:37:00,164138736,-0.030526279841963686,-0.04316411875839639,-0.017888440925530987,35.808507099999936,-86.44685230718586,10208,0.2,35.8,-86.5,4.885386356733691
2024-05-10 13:38:00,164138736,-0.028308722182416885,-0.03937003162250112,-0.01724741274233265,35.808507099999936,-86.44685230718586,10208,0.2,35.8,-86.5,4.885386356733691
2024-05-10 13:39:00,164138736,-0.038005774984763784,-0.051056124558509414,-0.02495542541101815,35.808507099999936,-86.44685230718586,10208,0.2,35.8,-86.5,4.885386356733691
2024-05-10 13:40:00,164138736,-0.018865909845779304,-0.027556150362709794,-0.010175669328848816,35.808507099999936,-86.44685230718586,10208,0.2,35.8,-86.5,4.885386356733691
2024-05-10 13:41:00,164138736,-0.03598129180107809,-0.04861747576653643,-0.02334510783561975,35.808507099999936,-86.44685230718586,10208,0.2,35.8,-86.5,4.885386356733691
2024-05-10 13:42:00,164138736,-0.022313847185864735,-0.03159450958579327,-0.0130331847859362,35.808507099999936,-86.44685230718586,10208,0.2,35.8,-86.5,4.885386356733691
2024-05-10 13:43:00,164138736,-0.03628545169791842,-0.049262330964987194,-0.02330857243084965,35.808507099999936,-86.44685230718586,10208,0.2,35.8,-86.5,4.885386356733691
2024-05-10 13:44:00,164138736,-0.023999653491063172,-0.03404804666277935,-0.013951260319346992,35.808507099999936,-86.44685230718586,10208,0.2,35.8,-86.5,4.885386356733691
2024-05-10 13:45:00,164138736,-0.046827889643183636,-0.06392010512144476,-0.02973567416492251,35.808507099999936,-86.44685230718586,10208,0.2,35.8,-86.5,4.885386356733691
2024-05-10 13:46:00,164138736,-0.04826430915263009,-0.0652397583687879,-0.03128885993647228,35.808507099999936,-86.44685230718586,10208,0.2,35.8,-86.5,4.885386356733691
2024-05-10 13:47:00,164138736,-0.04467347586964631,-0.05980510234545835,-0.029541849393834273,35.808507099999936,-86.44685230718586,10208,0.2,35.8,-86.5,4.885386356733691
2024-05-10 13:48:00,164138736,-0.05800374691006956,-0.07909417774216729,-0.036913316077971846,35.808507099999936,-86.44685230718586,10208,0.2,35.8,-86.5,4.885386356733691
2024-05-10 13:49:00,164138736,-0.02549969917507723,-0.03474817686432191,-0.01625122148583255,35.808507099999936,-86.44685230718586,10208,0.2,35.8,-86.5,4.885386356733691
2024-05-10 13:50:00,164138736,-0.033753282845862057,-0.04549965821512785,-0.02200690747659626,35.808507099999936,-86.44685230718586,10208,0.1,35.8,-86.5,4.885386356733691
2024-05-10 13:51:00,164138736,-0.028470735222842762,-0.03875412868373485,-0.018187341761950672,35.808507099999936,-86.44685230718586,10208,0.2,35.8,-86.5,4.885386356733691
2024-05-10 13:52:00,164138736,-0.029113820838543417,-0.04091053820506875,-0.01731710347201808,35.808507099999936,-86.44685230718586,10208,0.2,35.8,-86.5,4.885386356733691
2024-05-10 13:53:00,164138736,-0.09523173411099319,-0.1295406064482547,-0.06092286177373166,35.808507099999936,-86.44685230718586,10208,0.3,35.8,-86.5,4.885386356733691
2024-05-10 13:54:00,164138736,-0.12335746883143493,-0.1683644766891589,-0.07835046097371096,35.808507099999936,-86.44685230718586,10208,0.3,35.8,-86.5,4.885386356733691
2024-05-10 13:55:00,164138736,-0.10630296554514122,-0.14461097765133935,-0.0679949534389431,35.808507099999936,-86.44685230718586,10208,0.2,35.8,-86.5,4.885386356733691
2024-05-10 13:56:00,164138736,-0.13078668282668543,-0.1780582053253443,-0.08351516032802656,35.808507099999936,-86.44685230718586,10208,0.2,35.8,-86.5,4.885386356733691
2024-05-10 13:57:00,164138736,-0.11945520027740417,-0.161820827456447,-0.07708957309836133,35.808507099999936,-86.44685230718586,10208,0.2,35.8,-86.5,4.885386356733691
2024-05-10 13:58:00,164138736,-0.11717666389963013,-0.15798576787618332,-0.07636755992307695,35.808507099999936,-86.44685230718586,10208,0.3,35.8,-86.5,4.885386356733691
2024-05-10 13:59:00,164138736,-0.10370977179829355,-0.139239858168207,-0.0681796854283801,35.808507099999936,-86.44685230718586,10208,0.2,35.8,-86.5,4.885386356733691
2024-05-10 14:00:00,164138736,-0.10925629544594821,-0.1468690822344614,-0.07164350865743502,35.808507099999936,-86.44685230718586,10208,0.1,35.8,-86.5,4.885386356733691
2024-05-10 14:01:00,164138736,-0.08687890674255001,-0.1169944812674315,-0.05676333221766852,35.808507099999936,-86.44685230718586,10208,0.2,35.8,-86.5,4.885386356733691
2024-05-10 14:02:00,164138736,-0.08430502506094485,-0.11298122202624382,-0.055628828095645885,35.808507099999936,-86.44685230718586,10208,0.2,35.8,-86.5,4.885386356733691
2024-05-10 14:03:00,164138736,-0.09687213089615207,-0.13030309723262135,-0.0634411645596828,35.808507099999936,-86.44685230718586,10208,0.2,35.8,-86.5,4.885386356733691
2024-05-10 14:04:00,164138736,-0.12852575511201245,-0.17386526314823048,-0.08318624707579442,35.808507099999936,-86.44685230718586,10208,0.3,35.8,-86.5,4.885386356733691
2024-05-10 14:05:00,164138736,-0.1108893039808549,-0.14820368746049792,-0.0735749205012119,35.808507099999936,-86.44685230718586,10208,0.2,35.8,-86.5,4.885386356733691
2024-05-10 14:06:00,164138736,-0.10858659160642233,-0.14498893922088368,-0.07218424399196097,35.808507099999936,-86.44685230718586,10208,0.2,35.8,-86.5,4.885386356733691
2024-05-10 14:07:00,164138736,-0.12921860880232852,-0.17241692667333114,-0.08602029093132589,35.808507099999936,-86.44685230718586,10208,0.2,35.8,-86.5,4.885386356733691
2024-05-10 14:08:00,164138736,-0.09949362574604909,-0.13343728869335883,-0.06554996279873934,35.808507099999936,-86.44685230718586,10208,0.2,35.8,-86.5,4.885386356733691
2024-05-10 14:09:00,164138736,-0.11443123115175269,-0.1536008774440797,-0.07526158485942569,35.808507099999936,-86.44685230718586,10208,0.2,35.8,-86.5,4.885386356733691
2024-05-10 14:10:00,164138736,-0.10606699304125336,-0.14207910967811171,-0.07005487640439499,35.808507099999936,-86.44685230718586,10208,0.2,35.8,-86.5,4.885386356733691
2024-05-10 14:11:00,164138736,-0.1332534554025513,-0.17706336183631732,-0.08944354896878526,35.808507099999936,-86.44685230718586,10208,0.2,35.8,-86.5,4.885386356733691
2024-05-10 14:12:00,164138736,-0.130578457307078,-0.17429704108385935,-0.08685987353029669,35.808507099999936,-86.44685230718586,10208,0.2,35.8,-86.5,4.885386356733691
2024-05-10 14:13:00,164138736,-0.1489807416227093,-0.19935314209766203,-0.09860834114775656,35.808507099999936,-86.44685230718586,10208,0.2,35.8,-86.5,4.885386356733691
2024-05-10 14:14:00,164138736,-0.10877224191692586,-0.1454314962073785,-0.07211298762647322,35.808507099999936,-86.44685230718586,10208,0.2,35.8,-86.5,4.885386356733691
2024-05-10 14:15:00,164138736,-0.1589087849907532,-0.21206669574800868,-0.1057508742334977,35.808507099999936,-86.44685230718586,10208,0.2,35.8,-86.5,4.885386356733691
2024-05-10 14:16:00,164138736,-0.12219492765425354,-0.16469155800704394,-0.07969829730146315,35.808507099999936,-86.44685230718586,10208,0.2,35.8,-86.5,4.885386356733691
2024-05-10 14:17:00,164138736,-0.14469567961394586,-0.1927326738422589,-0.09665868538563283,35.808507099999936,-86.44685230718586,10208,0.2,35.8,-86.5,4.885386356733691
2024-05-10 14:18:00,164138736,-0.15726982480981003,-0.2102909074337186,-0.10424874218590145,35.808507099999936,-86.44685230718586,10208,0.1,35.8,-86.5,4.885386356733691
2024-05-10 14:19:00,164138736,-0.11946254748182163,-0.1597494695676162,-0.07917562539602704,35.808507099999936,-86.44685230718586,10208,0.2,35.8,-86.5,4.885386356733691
2024-05-10 14:20:00,164138736,-0.16737268238798755,-0.22281909641295267,-0.11192626836302244,35.808507099999936,-86.44685230718586,10208,0.1,35.8,-86.5,4.885386356733691
2024-05-10 14:21:00,164138736,-0.11488158605045813,-0.15314447889545443,-0.07661869320546183,35.808507099999936,-86.44685230718586,10208,0.1,35.8,-86.5,4.885386356733691
2024-05-10 14:22:00,164138736,-0.18091600183359952,-0.24222417604833735,-0.11960782761886167,35.808507099999936,-86.44685230718586,10208,0.0,35.8,-86.5,4.885386356733691
2024-05-10 14:23:00,164138736,-0.1919065987254119,-0.25735935404358035,-0.12645384340724347,35.808507099999936,-86.44685230718586,10208,0.1,35.8,-86.5,4.885386356733691
2024-05-10 14:24:00,164138736,-0.11974092033299008,-0.16017689686866998,-0.07930494379731019,35.808507099999936,-86.44685230718586,10208,0.2,35.8,-86.5,4.885386356733691
2024-05-10 14:25:00,164138736,-0.2538254717972428,-0.33701197185573284,-0.17063897173875275,35.808507099999936,-86.44685230718586,10208,0.1,35.8,-86.5,4.885386356733691
2024-05-10 14:26:00,164138736,-0.13382493655955782,-0.17850427172676953,-0.08914560139234612,35.808507099999936,-86.44685230718586,10208,0.2,35.8,-86.5,4.885386356733691
2024-05-10 14:27:00,164138736,-0.17932055023747479,-0.24024274066017842,-0.11839835981477113,35.808507099999936,-86.44685230718586,10208,0.0,35.8,-86.5,4.885386356733691
2024-05-10 14:28:00,164138736,-0.13134186878730245,-0.17489686640198954,-0.08778687117261537,35.808507099999936,-86.44685230718586,10208,0.2,35.8,-86.5,4.885386356733691
2024-05-10 14:29:00,164138736,-0.1001680703794868,-0.134385299608458,-0.06595084115051561,35.808507099999936,-86.44685230718586,10208,0.0,35.8,-86.5,4.885386356733691
2024-05-10 14:30:00,164138736,-0.08164254594506556,-0.10892615814382194,-0.05435893374630919,35.808507099999936,-86.44685230718586,10208,0.0,35.8,-86.5,4.885386356733691
2024-05-10 14:31:00,164138736,-0.0690441426608734,-0.09151563483251025,-0.04657265048923655,35.808507099999936,-86.44685230718586,10208,0.1,35.8,-86.5,4.885386356733691
2024-05-10 14:32:00,164138736,0.004973148690347473,0.0009023278895001008,0.009043969491194844,35.808507099999936,-86.44685230718586,10208,0.1,35.8,-86.5,4.885386356733691
2024-05-10 14:33:00,164138736,-0.04335639712469002,-0.05774233466542017,-0.02897045958395987,35.808507099999936,-86.44685230718586,10208,0.1,35.8,-86.5,4.885386356733691
2024-05-10 14:34:00,164138736,0.015509404026588179,-0.007029908981999676,0.03804871703517603,35.808507099999936,-86.44685230718586,10208,0.0,35.8,-86.5,4.885386356733691
2024-05-10 14:35:00,164138736,-0.06371707056862601,-0.08456713246492205,-0.04286700867232997,35.808507099999936,-86.44685230718586,10208,0.1,35.8,-86.5,4.885386356733691
2024-05-10 14:36:00,164138736,-0.01644731994916227,-0.023597282312713574,-0.009297357585610969,35.808507099999936,-86.44685230718586,10208,0.2,35.8,-86.5,4.885386356733691
2024-05-10 14:37:00,164138736,-0.12055498237327673,-0.15970946125833774,-0.08140050348821573,35.808507099999936,-86.44685230718586,10208,0.1,35.8,-86.5,4.885386356733691
2024-05-10 14:38:00,164138736,-0.11064651786840114,-0.14703238171095598,-0.0742606540258463,35.808507099999936,-86.44685230718586,10208,0.2,35.8,-86.5,4.885386356733691
2024-05-10 14:39:00,164138736,0.001000998480334407,-0.010454239670655143,0.012456236631323957,35.808507099999936,-86.44685230718586,10208,0.2,35.8,-86.5,4.885386356733691
2024-05-10 14:40:00,164138736,-0.07733813082522487,-0.10289193894267726,-0.05178432270777247,35.808507099999936,-86.44685230718586,10208,0.2,35.8,-86.5,4.885386356733691
2024-05-10 14:41:00,164138736,-0.015922821842750286,-0.026920342962375436,-0.004925300723125137,35.808507099999936,-86.44685230718586,10208,0.2,35.8,-86.5,4.885386356733691
2024-05-10 14:42:00,164138736,-0.039010392312804724,-0.05516019660442372,-0.022860588021185728,35.808507099999936,-86.44685230718586,10208,0.1,35.8,-86.5,4.885386356733691
2024-05-10 14:43:00,164138736,-0.0163246896656552,-0.02884397720598579,-0.003805402125324611,35.808507099999936,-86.44685230718586,10208,0.1,35.8,-86.5,4.885386356733691
2024-05-10 14:44:00,164138736,-0.008698191391034822,-0.018168991990585873,0.0007726092085162308,35.808507099999936,-86.44685230718586,10208,0.1,35.8,-86.5,4.885386356733691
2024-05-10 14:45:00,164138736,-0.05746989452205573,-0.0765522549630631,-0.03838753408104836,35.808507099999936,-86.44685230718586,10208,0.1,35.8,-86.5,4.885386356733691
2024-05-10 14:46:00,164138736,-0.015287563475331126,-0.0226840100918018,-0.007891116858860452,35.808507099999936,-86.44685230718586,10208,0.2,35.8,-86.5,4.885386356733691
2024-05-10 14:47:00,164138736,-0.08021326841086289,-0.10694289688446133,-0.053483639937264446,35.808507099999936,-86.44685230718586,10208,0.2,35.8,-86.5,4.885386356733691
2024-05-10 14:48:00,164138736,-0.07556410932508827,-0.10069553240805135,-0.050432686242125185,35.808507099999936,-86.44685230718586,10208,0.2,35.8,-86.5,4.885386356733691
2024-05-10 14:49:00,164138736,-0.14768972698280936,-0.1959275086525114,-0.0994519453131073,35.808507099999936,-86.44685230718586,10208,0.3,35.8,-86.5,4.885386356733691
2024-05-10 14:50:00,164138736,-0.1200321405304304,-0.16018952762422628,-0.07987475343663453,35.808507099999936,-86.44685230718586,10208,0.2,35.8,-86.5,4.885386356733691
2024-05-10 14:51:00,164138736,-0.07695938038521352,-0.10417130264214779,-0.04974745812827926,35.808507099999936,-86.44685230718586,10208,0.2,35.8,-86.5,4.885386356733691
2024-05-10 14:52:00,164138736,0.006436444643606816,0.0008198884313389944,0.012053000855874636,35.808507099999936,-86.44685230718586,10208,0.2,35.8,-86.5,4.885386356733691
2024-05-10 14:53:00,164138736,-0.24476419332128446,-0.3269882917395954,-0.1625400949029735,35.808507099999936,-86.44685230718586,10208,0.3,35.8,-86.5,4.885386356733691
2024-05-10 14:54:00,164138736,-0.12444612750609449,-0.16763431292226685,-0.08125794208992212,35.808507099999936,-86.44685230718586,10208,0.3,35.8,-86.5,4.885386356733691
2024-05-10 14:55:00,164138736,-0.13672326504182078,-0.18473333948912718,-0.0887131905945144,35.808507099999936,-86.44685230718586,10208,0.3,35.8,-86.5,4.885386356733691
2024-05-10 14:56:00,164138736,-0.18881896685335406,-0.2523708916381775,-0.12526704206853062,35.808507099999936,-86.44685230718586,10208,0.3,35.8,-86.5,4.885386356733691
2024-05-10 14:57:00,164138736,-0.20865173955531272,-0.28068978492618313,-0.13661369418444227,35.808507099999936,-86.44685230718586,10208,0.4,35.8,-86.5,4.885386356733691
2024-05-10 14:58:00,164138736,-0.1566900113483524,-0.21260831423801235,-0.10077170845869245,35.808507099999936,-86.44685230718586,10208,0.5,35.8,-86.5,4.885386356733691
2024-05-10 14:59:00,164138736,-0.1398395469065232,-0.1898878994410254,-0.08979119437202099,35.808507099999936,-86.44685230718586,10208,0.5,35.8,-86.5,4.885386356733691
2024-05-10 15:00:00,164138736,-0.17426058391476126,-0.24026194792947053,-0.10825921990005198,35.808507099999936,-86.44685230718586,10208,0.4,35.8,-86.5,4.885386356733691
2024-05-10 15:01:00,164138736,-0.17429949536608944,-0.2333678175696358,-0.11523117316254308,35.808507099999936,-86.44685230718586,10208,0.4,35.8,-86.5,4.885386356733691
2024-05-10 15:02:00,164138736,-0.16960586311838013,-0.22612258189514584,-0.11308914434161443,35.808507099999936,-86.44685230718586,10208,0.2,35.8,-86.5,4.885386356733691
2024-05-10 15:03:00,164138736,-0.148617362847806,-0.19667114207069342,-0.10056358362491859,35.808507099999936,-86.44685230718586,10208,0.2,35.8,-86.5,4.885386356733691
2024-05-10 15:04:00,164138736,-0.13569067497740836,-0.1818284542694223,-0.08955289568539444,35.808507099999936,-86.44685230718586,10208,0.3,35.8,-86.5,4.885386356733691
2024-05-10 15:05:00,164138736,-0.1368858475932036,-0.1812682162385571,-0.0925034789478501,35.808507099999936,-86.44685230718586,10208,0.1,35.8,-86.5,4.885386356733691
2024-05-10 15:06:00,164138736,-0.09536527673430145,-0.1268524335265384,-0.06387811994206449,35.808507099999936,-86.44685230718586,10208,0.2,35.8,-86.5,4.885386356733691
2024-05-10 15:07:00,164138736,-0.06993849035390047,-0.09338889651134444,-0.0464880841964565,35.808507099999936,-86.44685230718586,10208,0.2,35.8,-86.5,4.885386356733691
2024-05-10 15:08:00,164138736,-0.1342415107362769,-0.17880889105383493,-0.08967413041871888,35.808507099999936,-86.44685230718586,10208,0.2,35.8,-86.5,4.885386356733691
2024-05-10 15:09:00,164138736,-0.0762647412010865,-0.10082063637572047,-0.05170884602645254,35.808507099999936,-86.44685230718586,10208,0.2,35.8,-86.5,4.885386356733691
2024-05-10 15:10:00,164138736,-0.04609765345888324,-0.060844885683272704,-0.031350421234493775,35.808507099999936,-86.44685230718586,10208,0.2,35.8,-86.5,4.885386356733691
2024-05-10 15:11:00,164138736,-0.08308996573822083,-0.10968079731699357,-0.0564991341594481,35.808507099999936,-86.44685230718586,10208,0.1,35.8,-86.5,4.885386356733691
2024-05-10 15:12:00,164138736,-0.07260585392411315,-0.0958356865818058,-0.04937602126642049,35.808507099999936,-86.44685230718586,10208,0.2,35.8,-86.5,4.885386356733691
2024-05-10 15:13:00,164138736,-0.05028884364360919,-0.06778843706650312,-0.032789250220715264,35.808507099999936,-86.44685230718586,10208,0.2,35.8,-86.5,4.885386356733691
2024-05-10 15:14:00,164138736,-0.03446757272336815,-0.04794261683036314,-0.020992528616373164,35.808507099999936,-86.44685230718586,10208,0.1,35.8,-86.5,4.885386356733691
2024-05-10 15:15:00,164138736,-0.016950602930667982,-0.028639863355324573,-0.005261342506011391,35.808507099999936,-86.44685230718586,10208,0.1,35.8,-86.5,4.885386356733691
2024-05-10 15:16:00,164138736,0.061911289853863696,0.03687340135817415,0.08694917834955324,35.808507099999936,-86.44685230718586,10208,0.1,35.8,-86.5,4.885386356733691
2024-05-10 15:17:00,164138736,-0.04459252322209146,-0.0592214309894506,-0.029963615454732313,35.808507099999936,-86.44685230718586,10208,0.3,35.8,-86.5,4.885386356733691
2024-05-10 15:18:00,164138736,-0.1156919539656187,-0.15544502986316455,-0.07593887806807284,35.808507099999936,-86.44685230718586,10208,0.2,35.8,-86.5,4.885386356733691
2024-05-10 15:19:00,164138736,-0.010007348209719732,-0.01835962194276045,-0.0016550744766790151,35.808507099999936,-86.44685230718586,10208,0.1,35.8,-86.5,4.885386356733691
2024-05-10 15:20:00,164138736,-0.0020733676104234544,-0.009666184279475971,0.005519449058629062,35.808507099999936,-86.44685230718586,10208,0.2,35.8,-86.5,4.885386356733691
2024-05-10 15:21:00,164138736,0.022300094265864052,0.012575005389515228,0.03202518314221288,35.808507099999936,-86.44685230718586,10208,0.4,35.8,-86.5,4.885386356733691
2024-05-10 15:22:00,164138736,-0.08778920074237138,-0.11968739372664981,-0.055891007758092956,35.808507099999936,-86.44685230718586,10208,0.3,35.8,-86.5,4.885386356733691
2024-05-10 15:23:00,164138736,-0.19820770899882315,-0.26251792853773015,-0.13389748945991614,35.808507099999936,-86.44685230718586,10208,0.2,35.8,-86.5,4.885386356733691
2024-05-10 15:24:00,164138736,-0.12115642698963937,-0.16011230446496424,-0.08220054951431449,35.808507099999936,-86.44685230718586,10208,0.3,35.8,-86.5,4.885386356733691
2024-05-10 15:25:00,164138736,-0.19289178085070613,-0.255751927724875,-0.1300316339765373,35.808507099999936,-86.44685230718586,10208,0.3,35.8,-86.5,4.885386356733691
2024-05-10 15:26:00,164138736,-0.10177848318237223,-0.13468476140878302,-0.06887220495596144,35.808507099999936,-86.44685230718586,10208,0.2,35.8,-86.5,4.885386356733691
2024-05-10 15:27:00,164138736,-0.06118967329485751,-0.0834849666938764,-0.03889437989583863,35.808507099999936,-86.44685230718586,10208,0.1,35.8,-86.5,4.885386356733691
2024-05-10 15:28:00,164138736,-0.0798790116557036,-0.1073030903320422,-0.052454932979365,35.808507099999936,-86.44685230718586,10208,0.1,35.8,-86.5,4.885386356733691
2024-05-10 15:29:00,164138736,-0.04242626259450393,-0.061875779692607075,-0.02297674549640079,35.808507099999936,-86.44685230718586,10208,0.1,35.8,-86.5,4.885386356733691
2024-05-10 15:30:00,164138736,0.03535699299220359,0.01700952550366348,0.05370446048074369,35.808507099999936,-86.44685230718586,10208,0.1,35.8,-86.5,4.885386356733691
2024-05-10 15:31:00,164138736,0.07580514072810714,0.04616593586883014,0.10544434558738414,35.808507099999936,-86.44685230718586,10208,0.2,35.8,-86.5,4.885386356733691
2024-05-10 15:32:00,164138736,0.005391815042207124,-0.00494544778389382,0.01572907786830807,35.808507099999936,-86.44685230718586,10208,0.2,35.8,-86.5,4.885386356733691
2024-05-10 15:33:00,164138736,-0.04439617021018094,-0.059240483986620567,-0.029551856433741315,35.808507099999936,-86.44685230718586,10208,0.4,35.8,-86.5,4.885386356733691
2024-05-10 15:34:00,164138736,-0.163428506036693,-0.21606326189889805,-0.11079375017448798,35.808507099999936,-86.44685230718586,10208,0.3,35.8,-86.5,4.885386356733691
2024-05-10 15:35:00,164138736,-0.2068015575088265,-0.2743171465473925,-0.13928596847026056,35.808507099999936,-86.44685230718586,10208,0.2,35.8,-86.5,4.885386356733691
2024-05-10 15:36:00,164138736,-0.1546586940331834,-0.20804039611764183,-0.101276991948725,35.808507099999936,-86.44685230718586,10208,0.3,35.8,-86.5,4.885386356733691
2024-05-10 15:37:00,164138736,-0.1413202753945654,-0.18761175485201026,-0.09502879593712053,35.808507099999936,-86.44685230718586,10208,0.2,35.8,-86.5,4.885386356733691
2024-05-10 15:38:00,164138736,-0.16729789687710156,-0.2212716139173334,-0.11332417983686971,35.808507099999936,-86.44685230718586,10208,0.4,35.8,-86.5,4.885386356733691
2024-05-10 15:39:00,164138736,-0.0577461689049234,-0.08349125341097847,-0.032001084398868326,35.808507099999936,-86.44685230718586,10208,0.4,35.8,-86.5,4.885386356733691
2024-05-10 15:40:00,164138736,-0.001866192246894349,-0.01699932097226481,0.013266936478476111,35.808507099999936,-86.44685230718586,10208,0.1,35.8,-86.5,4.885386356733691
2024-05-10 15:41:00,164138736,-0.05237494432132518,-0.07622450936671074,-0.028525379275939622,35.808507099999936,-86.44685230718586,10208,0.2,35.8,-86.5,4.885386356733691
2024-05-10 15:42:00,164138736,-0.13848856430207632,-0.18701672056212265,-0.08996040804202998,35.808507099999936,-86.44685230718586,10208,0.3,35.8,-86.5,4.885386356733691
2024-05-10 15:43:00,164138736,-0.21126209046107935,-0.2794587155988601,-0.1430654653232986,35.808507099999936,-86.44685230718586,10208,0.2,35.8,-86.5,4.885386356733691
2024-05-10 15:44:00,164138736,0.044389197549005444,0.026674153767634795,0.06210424133037609,35.808507099999936,-86.44685230718586,10208,0.2,35.8,-86.5,4.885386356733691
2024-05-10 15:45:00,164138736,0.08604783120376597,0.05555052249811132,0.11654513990942061,35.808507099999936,-86.44685230718586,10208,0.3,35.8,-86.5,4.885386356733691
2024-05-10 15:46:00,164138736,0.024949180093802457,-0.003962221832126318,0.053860582019731235,35.808507099999936,-86.44685230718586,10208,0.2,35.8,-86.5,4.885386356733691
2024-05-10 15:47:00,164138736,-0.1798935500903665,-0.2383076445236323,-0.12147945565710072,35.808507099999936,-86.44685230718586,10208,0.2,35.8,-86.5,4.885386356733691
2024-05-10 15:48:00,164138736,-0.18022269663910137,-0.23925969340275555,-0.1211856998754472,35.808507099999936,-86.44685230718586,10208,0.3,35.8,-86.5,4.885386356733691
2024-05-10 15:49:00,164138736,-0.20811009872015804,-0.2756425456992241,-0.14057765174109202,35.808507099999936,-86.44685230718586,10208,0.2,35.8,-86.5,4.885386356733691
2024-05-10 15:50:00,164138736,-0.04302573188006998,-0.05759372301018158,-0.028457740749958386,35.808507099999936,-86.44685230718586,10208,0.2,35.8,-86.5,4.885386356733691
2024-05-10 15:51:00,164138736,0.0980038261285306,0.062417722116304954,0.13358993014075626,35.808507099999936,-86.44685230718586,10208,0.0,35.8,-86.5,4.885386356733691
2024-05-10 15:52:00,164138736,0.14469473555974696,0.09618165511477225,0.19320781600472167,35.808507099999936,-86.44685230718586,10208,0.2,35.8,-86.5,4.885386356733691
2024-05-10 15:53:00,164138736,0.09544275074736255,0.06281122298069163,0.12807427851403347,35.808507099999936,-86.44685230718586,10208,0.2,35.8,-86.5,4.885386356733691
2024-05-10 15:54:00,164138736,-0.026169531282836667,-0.03525456167572922,-0.017084500889944114,35.808507099999936,-86.44685230718586,10208,0.3,35.8,-86.5,4.885386356733691
2024-05-10 15:55:00,164138736,-0.010295875295345303,-0.02990893775307156,0.009317187162380954,35.808507099999936,-86.44685230718586,10208,0.1,35.8,-86.5,4.885386356733691
2024-05-10 15:56:00,164138736,0.09580867436401942,0.057303755295667384,0.13431359343237145,35.808507099999936,-86.44685230718586,10208,0.2,35.8,-86.5,4.885386356733691
2024-05-10 15:57:00,164138736,0.11138792878120797,0.07262009429216226,0.15015576327025368,35.808507099999936,-86.44685230718586,10208,0.3,35.8,-86.5,4.885386356733691
2024-05-10 15:58:00,164138736,0.09436109038752521,0.06238883198225234,0.1263333487927981,35.808507099999936,-86.44685230718586,10208,0.3,35.8,-86.5,4.885386356733691
2024-05-10 15:59:00,164138736,-0.011698760678484365,-0.01712598101082848,-0.006271540346140252,35.808507099999936,-86.44685230718586,10208,0.2,35.8,-86.5,4.885386356733691
2024-05-10 16:00:00,164138736,0.04866299504149898,0.025818225065068475,0.07150776501792948,35.808507099999936,-86.44685230718586,10208,0.2,35.8,-86.5,4.885386356733691
2024-05-10 16:01:00,164138736,0.06164456632366578,0.032426114236562824,0.09086301841076874,35.808507099999936,-86.44685230718586,10208,0.2,35.8,-86.5,4.885386356733691
2024-05-10 16:02:00,164138736,0.15618962157710575,0.10147177213008934,0.21090747102412216,35.808507099999936,-86.44685230718586,10208,0.2,35.8,-86.5,4.885386356733691
2024-05-10 16:03:00,164138736,0.13117858845672914,0.08540326161867529,0.176953915294783,35.808507099999936,-86.44685230718586,10208,0.2,35.8,-86.5,4.885386356733691
2024-05-10 16:04:00,164138736,0.13596826795771688,0.08911637414097073,0.18282016177446303,35.808507099999936,-86.44685230718586,10208,0.3,35.8,-86.5,4.885386356733691
2024-05-10 16:05:00,164138736,0.05186487029844591,0.03101890890077387,0.07271083169611794,35.808507099999936,-86.44685230718586,10208,0.2,35.8,-86.5,4.885386356733691
2024-05-10 16:06:00,164138736,0.11023823495029841,0.07112624533581272,0.1493502245647841,35.808507099999936,-86.44685230718586,10208,0.2,35.8,-86.5,4.885386356733691
2024-05-10 16:07:00,164138736,0.11387245368059642,0.07280946913811541,0.15493543822307743,35.808507099999936,-86.44685230718586,10208,0.1,35.8,-86.5,4.885386356733691
2024-05-10 16:08:00,164138736,0.14677850945170645,0.09682814098039313,0.19672887792301977,35.808507099999936,-86.44685230718586,10208,0.2,35.8,-86.5,4.885386356733691
2024-05-10 16:09:00,164138736,0.014743414234618012,0.0007803968926477084,0.028706431576588316,35.808507099999936,-86.44685230718586,10208,0.1,35.8,-86.5,4.885386356733691
2024-05-10 16:10:00,164138736,0.2028149397644166,0.1311148432973811,0.2745150362314521,35.808507099999936,-86.44685230718586,10208,0.1,35.8,-86.5,4.885386356733691
2024-05-10 16:11:00,164138736,0.15820337127500841,0.10287002319860648,0.21353671935141033,35.808507099999936,-86.44685230718586,10208,0.2,35.8,-86.5,4.885386356733691
2024-05-10 16:12:00,164138736,0.2053692220599361,0.13677809639310998,0.27396034772676225,35.808507099999936,-86.44685230718586,10208,0.3,35.8,-86.5,4.885386356733691
2024-05-10 16:13:00,164138736,0.10190970671601798,0.06464318564314647,0.1391762277888895,35.808507099999936,-86.44685230718586,10208,0.1,35.8,-86.5,4.885386356733691
2024-05-10 16:14:00,164138736,0.13853043105350538,0.09034007954430065,0.1867207825627101,35.808507099999936,-86.44685230718586,10208,0.2,35.8,-86.5,4.885386356733691
2024-05-10 16:15:00,164138736,0.06611843660684263,0.03782640205541772,0.09441047115826755,35.808507099999936,-86.44685230718586,10208,0.2,35.8,-86.5,4.885386356733691
2024-05-10 16:16:00,164138736,0.08732191443683801,0.05551011843138787,0.11913371044228815,35.808507099999936,-86.44685230718586,10208,0.3,35.8,-86.5,4.885386356733691
2024-05-10 16:17:00,164138736,0.04550080725869318,0.022174811558654303,0.06882680295873206,35.808507099999936,-86.44685230718586,10208,0.1,35.8,-86.5,4.885386356733691
2024-05-10 16:18:00,164138736,0.11513765049044847,0.07368642915474644,0.1565888718261505,35.808507099999936,-86.44685230718586,10208,0.1,35.8,-86.5,4.885386356733691
2024-05-10 16:19:00,164138736,0.07292537522460281,0.04522284892923147,0.10062790151997414,35.808507099999936,-86.44685230718586,10208,0.2,35.8,-86.5,4.885386356733691
2024-05-10 16:20:00,164138736,0.14307855581708137,0.09307216334109952,0.19308494829306322,35.808507099999936,-86.44685230718586,10208,0.2,35.8,-86.5,4.885386356733691
2024-05-10 16:21:00,164138736,0.16336012367602556,0.10733135109992643,0.2193888962521247,35.808507099999936,-86.44685230718586,10208,0.2,35.8,-86.5,4.885386356733691
2024-05-10 16:22:00,164138736,0.20752273282510927,0.13829401624605756,0.27675144940416097,35.808507099999936,-86.44685230718586,10208,0.3,35.8,-86.5,4.885386356733691
2024-05-10 16:23:00,164138736,0.09517004222138745,0.06089359436863746,0.12944649007413744,35.808507099999936,-86.44685230718586,10208,0.3,35.8,-86.5,4.885386356733691
2024-05-10 16:24:00,164138736,0.15306057445780094,0.09670219180987358,0.2094189571057283,35.808507099999936,-86.44685230718586,10208,0.1,35.8,-86.5,4.885386356733691
2024-05-10 16:25:00,164138736,0.18508412425920479,0.12084811464029876,0.2493201338781108,35.808507099999936,-86.44685230718586,10208,0.2,35.8,-86.5,4.885386356733691
2024-05-10 16:26:00,164138736,0.23515552759330868,0.15588915354613808,0.3144219016404793,35.808507099999936,-86.44685230718586,10208,0.2,35.8,-86.5,4.885386356733691
2024-05-10 16:27:00,164138736,0.09080918907878699,0.056074861472508404,0.12554351668506558,35.808507099999936,-86.44685230718586,10208,0.2,35.8,-86.5,4.885386356733691
2024-05-10 16:28:00,164138736,0.23438911976714863,0.15469505255709148,0.3140831869772058,35.808507099999936,-86.44685230718586,10208,0.2,35.8,-86.5,4.885386356733691
2024-05-10 16:29:00,164138736,0.15478917874180398,0.10309160144259984,0.20648675604100813,35.808507099999936,-86.44685230718586,10208,0.2,35.8,-86.5,4.885386356733691
2024-05-10 16:30:00,164138736,0.15915547045750672,0.10660514788226541,0.21170579303274803,35.808507099999936,-86.44685230718586,10208,0.2,35.8,-86.5,4.885386356733691
2024-05-10 16:31:00,164138736,0.0666283797961237,0.037961577431832566,0.09529518216041483,35.808507099999936,-86.44685230718586,10208,0.2,35.8,-86.5,4.885386356733691
2024-05-10 16:32:00,164138736,0.17532190606348771,0.11440993925192315,0.23623387287505226,35.808507099999936,-86.44685230718586,10208,0.3,35.8,-86.5,4.885386356733691
2024-05-10 16:33:00,164138736,0.1312312092168586,0.0850650903199916,0.1773973281137256,35.808507099999936,-86.44685230718586,10208,0.4,35.8,-86.5,4.885386356733691
2024-05-10 16:34:00,164138736,0.17494937406743863,0.1167962306650808,0.23310251746979646,35.808507099999936,-86.44685230718586,10208,0.3,35.8,-86.5,4.885386356733691
2024-05-10 16:35:00,164138736,0.17236533354173672,0.11458205672196314,0.2301486103615103,35.808507099999936,-86.44685230718586,10208,0.2,35.8,-86.5,4.885386356733691
2024-05-10 16:36:00,164138736,0.2610743303946705,0.1737708379932929,0.34837782279604806,35.808507099999936,-86.44685230718586,10208,0.2,35.8,-86.5,4.885386356733691
2024-05-10 16:37:00,164138736,0.20396939491215535,0.1327902353079407,0.27514855451637,35.808507099999936,-86.44685230718586,10208,0.2,35.8,-86.5,4.885386356733691
2024-05-10 16:38:00,164138736,0.3195097255642653,0.21279272267191973,0.4262267284566109,35.808507099999936,-86.44685230718586,10208,0.2,35.8,-86.5,4.885386356733691
2024-05-10 16:39:00,164138736,0.22815080962088097,0.15102474201728974,0.30527687722447217,35.808507099999936,-86.44685230718586,10208,0.2,35.8,-86.5,4.885386356733691
2024-05-10 16:40:00,164138736,0.31584835501429054,0.21155609232946243,0.42014061769911865,35.808507099999936,-86.44685230718586,10208,0.3,35.8,-86.5,4.885386356733691
2024-05-10 16:41:00,164138736,0.17614930800006304,0.11544907288303427,0.2368495431170918,35.808507099999936,-86.44685230718586,10208,0.3,35.8,-86.5,4.885386356733691
2024-05-10 16:42:00,164138736,0.27575273135402656,0.1831601436678787,0.3683453190401744,35.808507099999936,-86.44685230718586,10208,0.3,35.8,-86.5,4.885386356733691
2024-05-10 16:43:00,164138736,0.23084899861297914,0.15429804471997577,0.3073999525059825,35.808507099999936,-86.44685230718586,10208,0.3,35.8,-86.5,4.885386356733691
2024-05-10 16:44:00,164138736,0.28738446418438973,0.19349070183038436,0.3812782265383951,35.808507099999936,-86.44685230718586,10208,0.3,35.8,-86.5,4.885386356733691
2024-05-10 16:45:00,164138736,0.17547611526458473,0.11692415225461644,0.23402807827455302,35.808507099999936,-86.44685230718586,10208,0.3,35.8,-86.5,4.885386356733691
2024-05-10 16:46:00,164138736,0.36700328629371215,0.24461477995858116,0.48939179262884314,35.808507099999936,-86.44685230718586,10208,0.2,35.8,-86.5,4.885386356733691
2024-05-10 16:47:00,164138736,0.2798812035032784,0.18449867763385813,0.37526372937269864,35.808507099999936,-86.44685230718586,10208,0.4,35.8,-86.5,4.885386356733691
2024-05-10 16:48:00,164138736,0.21485901905052118,0.14182750134669758,0.2878905367543448,35.808507099999936,-86.44685230718586,10208,0.2,35.8,-86.5,4.885386356733691
2024-05-10 16:49:00,164138736,0.11553610293113231,0.07139574882370325,0.15967645703856137,35.808507099999936,-86.44685230718586,10208,0.2,35.8,-86.5,4.885386356733691
2024-05-10 16:50:00,164138736,0.21605172891623234,0.14364947726748895,0.28845398056497573,35.808507099999936,-86.44685230718586,10208,0.2,35.8,-86.5,4.885386356733691
2024-05-10 16:51:00,164138736,0.1961487267910432,0.12799528204439825,0.26430217153768815,35.808507099999936,-86.44685230718586,10208,0.2,35.8,-86.5,4.885386356733691
2024-05-10 16:52:00,164138736,0.3637788897003194,0.24313241876730302,0.4844253606333358,35.808507099999936,-86.44685230718586,10208,0.4,35.8,-86.5,4.885386356733691
2024-05-10 16:53:00,164138736,0.21143243067522696,0.13982216100688308,0.2830427003435708,35.808507099999936,-86.44685230718586,10208,0.1,35.8,-86.5,4.885386356733691
2024-05-10 16:54:00,164138736,0.20551534523159046,0.13817981156754533,0.2728508788956356,35.808507099999936,-86.44685230718586,10208,0.2,35.8,-86.5,4.885386356733691
2024-05-10 16:55:00,164138736,0.0245541416724897,0.016260955237347136,0.032847328107632266,35.808507099999936,-86.44685230718586,10208,0.4,35.8,-86.5,4.885386356733691
2024-05-10 16:56:00,164138736,0.15846007192543712,0.10721245850637698,0.20970768534449727,35.808507099999936,-86.44685230718586,10208,0.2,35.8,-86.5,4.885386356733691
2024-05-10 16:57:00,164138736,0.24982342081897277,0.16654960733773827,0.33309723430020727,35.808507099999936,-86.44685230718586,10208,0.2,35.8,-86.5,4.885386356733691
2024-05-10 16:58:00,164138736,0.38837831518997984,0.26032916922842547,0.5164274611515343,35.808507099999936,-86.44685230718586,10208,0.2,35.8,-86.5,4.885386356733691
2024-05-10 16:59:00,164138736,0.2801492328040938,0.17928986720461706,0.3810085984035706,35.808507099999936,-86.44685230718586,10208,0.2,35.8,-86.5,4.885386356733691
2024-05-10 17:00:00,164138736,0.37590235163080027,0.25036749464880814,0.5014372086127924,35.808507099999936,-86.44685230718586,10208,0.1,35.8,-86.5,4.885386356733691
2024-05-10 17:01:00,164138736,0.12066496468744746,0.073133178690728,0.16819675068416692,35.808507099999936,-86.44685230718586,10208,0.2,35.8,-86.5,4.885386356733691
2024-05-10 17:02:00,164138736,0.1686889812620839,0.11422610738323768,0.2231518551409301,35.808507099999936,-86.44685230718586,10208,0.3,35.8,-86.5,4.885386356733691
2024-05-10 17:03:00,164138736,0.28870556542114995,0.1894787789049322,0.3879323519373677,35.808507099999936,-86.44685230718586,10208,0.1,35.8,-86.5,4.885386356733691
2024-05-10 17:04:00,164138736,0.20235727870712844,0.13667106150681008,0.2680434959074468,35.808507099999936,-86.44685230718586,10208,0.2,35.8,-86.5,4.885386356733691
2024-05-10 17:05:00,164138736,0.4180916412291947,0.2728413223596948,0.5633419600986945,35.808507099999936,-86.44685230718586,10208,0.1,35.8,-86.5,4.885386356733691
2024-05-10 17:06:00,164138736,1.8075810671654338,1.217059286162774,2.3981028481680937,35.808507099999936,-86.44685230718586,10208,0.0,35.8,-86.5,4.885386356733691
2024-05-10 17:07:00,164138736,-0.2224243320549745,-0.3835326464955138,-0.061316017614435225,35.808507099999936,-86.44685230718586,10208,1.8,35.8,-86.5,4.885386356733691
2024-05-10 17:08:00,164138736,-0.8534167866299597,-1.1332636728121877,-0.5735699004477317,35.808507099999936,-86.44685230718586,10208,0.7,35.8,-86.5,4.885386356733691
2024-05-10 17:09:00,164138736,1.1451104888197714,0.7720817488689835,1.5181392287705593,35.808507099999936,-86.44685230718586,10208,0.1,35.8,-86.5,4.885386356733691
2024-05-10 17:10:00,164138736,1.6872576653917284,1.1215623827066605,2.2529529480767962,35.808507099999936,-86.44685230718586,10208,-0.4,35.8,-86.5,4.885386356733691
2024-05-10 17:11:00,164138736,0.32183841995208473,0.21200325053197694,0.4316735893721925,35.808507099999936,-86.44685230718586,10208,0.9,35.8,-86.5,4.885386356733691
2024-05-10 17:12:00,164138736,0.2835169614523789,0.1772263748010991,0.38980754810365875,35.808507099999936,-86.44685230718586,10208,0.1,35.8,-86.5,4.885386356733691
2024-05-10 17:13:00,164138736,-0.21374772359800565,-0.30315496593771785,-0.12434048125829342,35.808507099999936,-86.44685230718586,10208,0.0,35.8,-86.5,4.885386356733691
2024-05-10 17:14:00,164138736,0.7589095730707801,0.5094308889457909,1.0083882571957692,35.808507099999936,-86.44685230718586,10208,0.6,35.8,-86.5,4.885386356733691
2024-05-10 17:15:00,164138736,0.6690471061701412,0.4481742730385816,0.8899199393017008,35.808507099999936,-86.44685230718586,10208,0.4,35.8,-86.5,4.885386356733691
2024-05-10 17:16:00,164138736,-1.167028636201244,-1.5608558834279578,-0.7732013889745304,35.808507099999936,-86.44685230718586,10208,-0.1,35.8,-86.5,4.885386356733691
2024-05-10 17:17:00,164138736,0.3679577661346251,0.24262703671573196,0.4932884955535183,35.808507099999936,-86.44685230718586,10208,0.1,35.8,-86.5,4.885386356733691
2024-05-10 17:18:00,164138736,-0.1795264053601263,-0.2565980921681693,-0.10245471855208325,35.808507099999936,-86.44685230718586,10208,0.0,35.8,-86.5,4.885386356733691
2024-05-10 17:19:00,164138736,-0.571457022055733,-0.7618608949075838,-0.3810531492038823,35.808507099999936,-86.44685230718586,10208,0.6,35.8,-86.5,4.885386356733691
2024-05-10 17:20:00,164138736,-0.8973332028623067,-1.1949603269476943,-0.599706078776919,35.808507099999936,-86.44685230718586,10208,0.4,35.8,-86.5,4.885386356733691
2024-05-10 17:21:00,164138736,-0.6174171924911735,-0.8305015123322672,-0.40433287265007983,35.808507099999936,-86.44685230718586,10208,0.4,35.8,-86.5,4.885386356733691
2024-05-10 17:22:00,164138736,-0.7050303476483692,-0.9524198065344478,-0.45764088876229064,35.808507099999936,-86.44685230718586,10208,0.2,35.8,-86.5,4.885386356733691
2024-05-10 17:23:00,164138736,-0.4630887942900975,-0.6178230221630104,-0.3083545664171846,35.808507099999936,-86.44685230718586,10208,0.0,35.8,-86.5,4.885386356733691
2024-05-10 17:24:00,164138736,0.166885263100517,0.11207385010487313,0.22169667609616084,35.808507099999936,-86.44685230718586,10208,-0.4,35.8,-86.5,4.885386356733691
2024-05-10 17:25:00,164138736,-0.2357497891885928,-0.31395029312740164,-0.15754928524978395,35.808507099999936,-86.44685230718586,10208,-0.2,35.8,-86.5,4.885386356733691
2024-05-10 17:26:00,164138736,-0.27713761781796403,-0.3759983330607467,-0.17827690257518136,35.808507099999936,-86.44685230718586,10208,0.0,35.8,-86.5,4.885386356733691
2024-05-10 17:27:00,164138736,-0.2184586643611495,-0.3213299005184821,-0.11558742820381693,35.808507099999936,-86.44685230718586,10208,0.2,35.8,-86.5,4.885386356733691
2024-05-10 17:28:00,164138736,-0.086396247328891,-0.17463522205817883,0.0018427274003968291,35.808507099999936,-86.44685230718586,10208,0.5,35.8,-86.5,4.885386356733691
2024-05-10 17:29:00,164138736,-0.4416787122509667,-0.609235393070364,-0.2741220314315694,35.808507099999936,-86.44685230718586,10208,0.4,35.8,-86.5,4.885386356733691
2024-05-10 17:30:00,164138736,-0.5589498636621554,-0.7439624895547983,-0.3739372377695125,35.808507099999936,-86.44685230718586,10208,-0.1,35.8,-86.5,4.885386356733691
2024-05-10 17:31:00,164138736,-0.3813154763155683,-0.5109724911594339,-0.2516584614717027,35.808507099999936,-86.44685230718586,10208,-0.3,35.8,-86.5,4.885386356733691
2024-05-10 17:32:00,164138736,-0.3897344695696032,-0.5223248413507255,-0.2571440977884809,35.808507099999936,-86.44685230718586,10208,0.1,35.8,-86.5,4.885386356733691
2024-05-10 17:33:00,164138736,-1.016591054766308,-1.3535913346688289,-0.679590774863787,35.808507099999936,-86.44685230718586,10208,-0.2,35.8,-86.5,4.885386356733691
2024-05-10 17:34:00,164138736,-0.3430637957349109,-0.47097832276879054,-0.2151492687010313,35.808507099999936,-86.44685230718586,10208,0.0,35.8,-86.5,4.885386356733691
2024-05-10 17:35:00,164138736,-0.7496502894880632,-1.0068434490681288,-0.4924571299079976,35.808507099999936,-86.44685230718586,10208,0.1,35.8,-86.5,4.885386356733691
2024-05-10 17:36:00,164138736,-0.2372179576512063,-0.3255202898539632,-0.14891562544844938,35.808507099999936,-86.44685230718586,10208,0.1,35.8,-86.5,4.885386356733691
2024-05-10 17:37:00,164138736,-0.6033381428106086,-0.8211249391783862,-0.38555134644283096,35.808507099999936,-86.44685230718586,10208,0.3,35.8,-86.5,4.885386356733691
2024-05-10 17:38:00,164138736,0.3329019963380548,0.20944608516086288,0.4563579075152467,35.808507099999936,-86.44685230718586,10208,0.8,35.8,-86.5,4.885386356733691
2024-05-10 17:39:00,164138736,0.4576486614460743,0.2901006513299986,0.62519667156215,35.808507099999936,-86.44685230718586,10208,0.9,35.8,-86.5,4.885386356733691
2024-05-10 17:40:00,164138736,0.010805481219339788,-0.046728873985318026,0.0683398364239976,35.808507099999936,-86.44685230718586,10208,-0.3,35.8,-86.5,4.885386356733691
2024-05-10 17:41:00,164138736,0.5070782721082717,0.340476728067529,0.6736798161490145,35.808507099999936,-86.44685230718586,10208,0.0,35.8,-86.5,4.885386356733691
2024-05-10 17:42:00,164138736,0.6060614518535642,0.40788908773783217,0.8042338159692962,35.808507099999936,-86.44685230718586,10208,-0.2,35.8,-86.5,4.885386356733691
2024-05-10 17:43:00,164138736,0.08024191840350749,0.046304644822948396,0.11417919198406658,35.808507099999936,-86.44685230718586,10208,-2.7,35.8,-86.5,4.885386356733691
2024-05-10 17:44:00,164138736,-0.4717474131273117,-0.6451908134076528,-0.2983040128469706,35.808507099999936,-86.44685230718586,10208,-0.5,35.8,-86.5,4.885386356733691
2024-05-10 17:45:00,164138736,-0.12195501475023117,-0.16387472024900057,-0.08003530925146178,35.808507099999936,-86.44685230718586,10208,0.6,35.8,-86.5,4.885386356733691
2024-05-10 17:46:00,164138736,-0.3871448057645427,-0.5173245490825951,-0.25696506244649026,35.808507099999936,-86.44685230718586,10208,-0.4,35.8,-86.5,4.885386356733691
2024-05-10 17:47:00,164138736,0.8175860714736046,0.5470439126645763,1.088128230282633,35.808507099999936,-86.44685230718586,10208,-0.6,35.8,-86.5,4.885386356733691
2024-05-10 17:48:00,164138736,0.023105133277261988,0.012494441778586555,0.03371582477593742,35.808507099999936,-86.44685230718586,10208,-0.2,35.8,-86.5,4.885386356733691
2024-05-10 17:49:00,164138736,0.9427919573806322,0.63353101424349,1.2520529005177743,35.808507099999936,-86.44685230718586,10208,0.4,35.8,-86.5,4.885386356733691
2024-05-10 17:50:00,164138736,-0.47337044752437796,-0.6432009415846804,-0.3035399534640755,35.808507099999936,-86.44685230718586,10208,0.0,35.8,-86.5,4.885386356733691
2024-05-10 17:51:00,164138736,0.7013940150575824,0.4717953311915083,0.9309926989236564,35.808507099999936,-86.44685230718586,10208,0.4,35.8,-86.5,4.885386356733691
2024-05-10 17:52:00,164138736,0.2385588429803085,0.13908217339322868,0.3380355125673883,35.808507099999936,-86.44685230718586,10208,0.4,35.8,-86.5,4.885386356733691
2024-05-10 17:53:00,164138736,-0.8238874280220242,-1.1044798567995437,-0.5432949992445046,35.808507099999936,-86.44685230718586,10208,0.5,35.8,-86.5,4.885386356733691
2024-05-10 17:54:00,164138736,-1.1483675578976127,-1.5295707085748778,-0.7671644072203476,35.808507099999936,-86.44685230718586,10208,-0.5,35.8,-86.5,4.885386356733691
2024-05-10 17:55:00,164138736,-0.2969480205399924,-0.40919014602680026,-0.1847058950531846,35.808507099999936,-86.44685230718586,10208,0.5,35.8,-86.5,4.885386356733691
2024-05-10 17:56:00,164138736,-0.9852868742644586,-1.3113133722397932,-0.659260376289124,35.808507099999936,-86.44685230718586,10208,0.2,35.8,-86.5,4.885386356733691
2024-05-10 17:57:00,164138736,-0.007008439795475481,-0.04310840331923172,0.029091523728280756,35.808507099999936,-86.44685230718586,10208,0.2,35.8,-86.5,4.885386356733691
2024-05-10 17:58:00,164138736,-0.15868047779650196,-0.23167061106737774,-0.0856903445256262,35.808507099999936,-86.44685230718586,10208,-0.4,35.8,-86.5,4.885386356733691
2024-05-10 17:59:00,164138736,0.577324277856002,0.36322976828040754,0.7914187874315965,35.808507099999936,-86.44685230718586,10208,-1.3,35.8,-86.5,4.885386356733691
2024-05-10 18:00:00,164138736,0.7296657292892569,0.4839821616212664,0.9753492969572474,35.808507099999936,-86.44685230718586,10208,-0.9,35.8,-86.5,4.885386356733691
2024-05-10 18:01:00,164138736,1.1480322955195024,0.7707399145773002,1.5253246764617046,35.808507099999936,-86.44685230718586,10208,0.2,35.8,-86.5,4.885386356733691
2024-05-10 18:02:00,164138736,1.2125855723562542,0.8162315887720746,1.6089395559404338,35.808507099999936,-86.44685230718586,10208,0.0,35.8,-86.5,4.885386356733691
2024-05-10 18:03:00,164138736,1.1631355208683591,0.7834471970924892,1.542823844644229,35.808507099999936,-86.44685230718586,10208,0.4,35.8,-86.5,4.885386356733691
2024-05-10 18:04:00,164138736,0.40405207764164425,0.2729608306392939,0.5351433246439946,35.808507099999936,-86.44685230718586,10208,0.4,35.8,-86.5,4.885386356733691
2024-05-10 18:05:00,164138736,0.48123729220956624,0.32460933114390966,0.6378652532752228,35.808507099999936,-86.44685230718586,10208,0.8,35.8,-86.5,4.885386356733691
2024-05-10 18:06:00,164138736,-0.15814882136064642,-0.21707320461842125,-0.0992244381028716,35.808507099999936,-86.44685230718586,10208,-0.3,35.8,-86.5,4.885386356733691
2024-05-10 18:07:00,164138736,0.12271181785106339,0.08305657499629518,0.1623670607058316,35.808507099999936,-86.44685230718586,10208,0.4,35.8,-86.5,4.885386356733691
2024-05-10 18:08:00,164138736,-0.7415872457128446,-0.9869302269156355,-0.49624426451005377,35.808507099999936,-86.44685230718586,10208,0.0,35.8,-86.5,4.885386356733691
2024-05-10 18:09:00,164138736,0.1450696892600454,0.09828647682789164,0.19185290169219915,35.808507099999936,-86.44685230718586,10208,0.4,35.8,-86.5,4.885386356733691
2024-05-10 18:10:00,164138736,0.17229403692680312,0.11658518568751589,0.22800288816609035,35.808507099999936,-86.44685230718586,10208,0.2,35.8,-86.5,4.885386356733691
2024-05-10 18:11:00,164138736,0.18732567833988314,0.12413190126308038,0.2505194554166859,35.808507099999936,-86.44685230718586,10208,0.2,35.8,-86.5,4.885386356733691
2024-05-10 18:12:00,164138736,-0.48804269160852387,-0.6536757827368889,-0.3224096004801589,35.808507099999936,-86.44685230718586,10208,0.7,35.8,-86.5,4.885386356733691
2024-05-10 18:13:00,164138736,-0.7852163411020511,-1.05125213066676,-0.5191805515373423,35.808507099999936,-86.44685230718586,10208,-0.3,35.8,-86.5,4.885386356733691
2024-05-10 18:14:00,164138736,-0.9135893236171823,-1.217504852890976,-0.6096737943433885,35.808507099999936,-86.44685230718586,10208,-0.6,35.8,-86.5,4.885386356733691
2024-05-10 18:15:00,164138736,-1.5463712855161398,-2.0581092668606984,-1.0346333041715812,35.808507099999936,-86.44685230718586,10208,-0.5,35.8,-86.5,4.885386356733691
2024-05-10 18:16:00,164138736,-1.1460259751176867,-1.5256569730543412,-0.7663949771810322,35.808507099999936,-86.44685230718586,10208,0.3,35.8,-86.5,4.885386356733691
2024-05-10 18:17:00,164138736,-1.2332368810944856,-1.6395495068541015,-0.8269242553348696,35.808507099999936,-86.44685230718586,10208,-0.3,35.8,-86.5,4.885386356733691
2024-05-10 18:18:00,164138736,-1.2496151542535305,-1.6609163409152239,-0.8383139675918373,35.808507099999936,-86.44685230718586,10208,-0.5,35.8,-86.5,4.885386356733691
2024-05-10 18:19:00,164138736,-0.8866625992980834,-1.17845289706091,-0.5948723015352569,35.808507099999936,-86.44685230718586,10208,-0.5,35.8,-86.5,4.885386356733691
2024-05-10 18:20:00,164138736,-0.37554894699373736,-0.5014833736285425,-0.24961452035893228,35.808507099999936,-86.44685230718586,10208,-0.5,35.8,-86.5,4.885386356733691
2024-05-10 18:21:00,164138736,0.08179072044644488,0.02959471956995203,0.13398672132293774,35.808507099999936,-86.44685230718586,10208,-0.5,35.8,-86.5,4.885386356733691
2024-05-10 18:22:00,164138736,0.6345379027088938,0.42134554396181423,0.8477302614559733,35.808507099999936,-86.44685230718586,10208,-0.5,35.8,-86.5,4.885386356733691
2024-05-10 18:23:00,164138736,1.0674655609028245,0.7048554261697939,1.4300756956358551,35.808507099999936,-86.44685230718586,10208,-0.7,35.8,-86.5,4.885386356733691
2024-05-10 18:24:00,164138736,1.1399692517442839,0.7406597350591864,1.5392787684293814,35.808507099999936,-86.44685230718586,10208,-0.4,35.8,-86.5,4.885386356733691
2024-05-10 18:25:00,164138736,1.117554942312542,0.7232434487627584,1.5118664358623255,35.808507099999936,-86.44685230718586,10208,0.1,35.8,-86.5,4.885386356733691
2024-05-10 18:26:00,164138736,1.7380835732599194,1.1500763883978653,2.3260907581219734,35.808507099999936,-86.44685230718586,10208,0.2,35.8,-86.5,4.885386356733691
2024-05-10 18:27:00,164138736,3.507999012273033,2.3418934999369485,4.674104524609118,35.808507099999936,-86.44685230718586,10208,0.9,35.8,-86.5,4.885386356733691
2024-05-10 18:28:00,164138736,2.5001201822041024,1.67492263179486,3.3253177326133447,35.808507099999936,-86.44685230718586,10208,0.9,35.8,-86.5,4.885386356733691
2024-05-10 18:29:00,164138736,2.6649753593644925,1.7814616816903688,3.548489037038616,35.808507099999936,-86.44685230718586,10208,1.6,35.8,-86.5,4.885386356733691
2024-05-10 18:30:00,164138736,1.2769776211541695,0.8442545472933095,1.7097006950150293,35.808507099999936,-86.44685230718586,10208,1.1,35.8,-86.5,4.885386356733691
2024-05-10 18:31:00,164138736,0.7841154918144755,0.5007269204032729,1.067504063225678,35.808507099999936,-86.44685230718586,10208,0.6,35.8,-86.5,4.885386356733691
2024-05-10 18:32:00,164138736,-0.19753981117602556,-0.284407772491794,-0.11067184986025713,35.808507099999936,-86.44685230718586,10208,0.3,35.8,-86.5,4.885386356733691
2024-05-10 18:33:00,164138736,-0.8505153386642569,-1.1336945993622276,-0.5673360779662862,35.808507099999936,-86.44685230718586,10208,0.4,35.8,-86.5,4.885386356733691
2024-05-10 18:34:00,164138736,-0.6068221132628615,-0.8116228912444623,-0.4020213352812607,35.808507099999936,-86.44685230718586,10208,0.1,35.8,-86.5,4.885386356733691
2024-05-10 18:35:00,164138736,-0.6452254171570275,-0.8759164846961399,-0.41453434961791513,35.808507099999936,-86.44685230718586,10208,0.0,35.8,-86.5,4.885386356733691
2024-05-10 18:36:00,164138736,-0.6541059297768157,-0.8855118149672503,-0.4227000445863811,35.808507099999936,-86.44685230718586,10208,0.0,35.8,-86.5,4.885386356733691
2024-05-10 18:37:00,164138736,-0.44537012835196704,-0.6418874515115249,-0.2488528051924091,35.808507099999936,-86.44685230718586,10208,0.0,35.8,-86.5,4.885386356733691
2024-05-10 18:38:00,164138736,-0.6850748479005548,-0.9359102002851982,-0.4342394955159114,35.808507099999936,-86.44685230718586,10208,0.4,35.8,-86.5,4.885386356733691
2024-05-10 18:39:00,164138736,-0.8005858718266644,-1.0858580633326647,-0.5153136803206642,35.808507099999936,-86.44685230718586,10208,0.3,35.8,-86.5,4.885386356733691
2024-05-10 18:40:00,164138736,-0.43360548910873403,-0.5920080039320802,-0.27520297428538787,35.808507099999936,-86.44685230718586,10208,0.2,35.8,-86.5,4.885386356733691
2024-05-10 18:41:00,164138736,-0.12886722054189695,-0.18874712254834494,-0.06898731853544895,35.808507099999936,-86.44685230718586,10208,0.0,35.8,-86.5,4.885386356733691
2024-05-10 18:42:00,164138736,-0.4081535416316409,-0.5432296928031304,-0.27307739046015145,35.808507099999936,-86.44685230718586,10208,0.2,35.8,-86.5,4.885386356733691
2024-05-10 18:43:00,164138736,-0.06785611202032196,-0.09154428404258784,-0.044167939998056086,35.808507099999936,-86.44685230718586,10208,0.0,35.8,-86.5,4.885386356733691
2024-05-10 18:44:00,164138736,-0.18806946991110457,-0.2509829594984926,-0.12515598032371655,35.808507099999936,-86.44685230718586,10208,-0.1,35.8,-86.5,4.885386356733691
2024-05-10 18:45:00,164138736,0.25996239873171656,0.17318505349810645,0.3467397439653267,35.808507099999936,-86.44685230718586,10208,0.3,35.8,-86.5,4.885386356733691
2024-05-10 18:46:00,164138736,0.3018139632019166,0.20252706298035228,0.40110086342348095,35.808507099999936,-86.44685230718586,10208,0.0,35.8,-86.5,4.885386356733691
2024-05-10 18:47:00,164138736,0.11774367106065065,0.07816433623965792,0.15732300588164339,35.808507099999936,-86.44685230718586,10208,0.0,35.8,-86.5,4.885386356733691
2024-05-10 18:48:00,164138736,-0.3214053863956372,-0.42669549533742934,-0.21611527745384507,35.808507099999936,-86.44685230718586,10208,0.2,35.8,-86.5,4.885386356733691
2024-05-10 18:49:00,164138736,-0.3109228548461668,-0.4173911063850455,-0.20445460330728804,35.808507099999936,-86.44685230718586,10208,-0.1,35.8,-86.5,4.885386356733691
2024-05-10 18:50:00,164138736,0.29435412901395425,0.18264886669719563,0.4060593913307129,35.808507099999936,-86.44685230718586,10208,0.5,35.8,-86.5,4.885386356733691
2024-05-10 18:51:00,164138736,0.6940873639248487,0.4532792690691735,0.9348954587805239,35.808507099999936,-86.44685230718586,10208,0.6,35.8,-86.5,4.885386356733691
2024-05-10 18:52:00,164138736,0.6948672347848016,0.4504004791297147,0.9393339904398885,35.808507099999936,-86.44685230718586,10208,0.1,35.8,-86.5,4.885386356733691
2024-05-10 18:53:00,164138736,0.27873620942044597,0.1596058774199175,0.39786654142097444,35.808507099999936,-86.44685230718586,10208,0.8,35.8,-86.5,4.885386356733691
2024-05-10 18:54:00,164138736,-0.2270720429923924,-0.3087824481432332,-0.1453616378415516,35.808507099999936,-86.44685230718586,10208,0.5,35.8,-86.5,4.885386356733691
2024-05-10 18:55:00,164138736,-0.24574477831308844,-0.32865811215154217,-0.16283144447463474,35.808507099999936,-86.44685230718586,10208,0.6,35.8,-86.5,4.885386356733691
2024-05-10 18:56:00,164138736,-0.48945975800689306,-0.6553611138870343,-0.32355840212675174,35.808507099999936,-86.44685230718586,10208,0.2,35.8,-86.5,4.885386356733691
2024-05-10 18:57:00,164138736,-0.6330004899230834,-0.8434134402071396,-0.4225875396390273,35.808507099999936,-86.44685230718586,10208,-0.1,35.8,-86.5,4.885386356733691
2024-05-10 18:58:00,164138736,-1.2545826853564224,-1.6659389473626458,-0.8432264233501989,35.808507099999936,-86.44685230718586,10208,1.4,35.8,-86.5,4.885386356733691
2024-05-10 18:59:00,164138736,-1.300322193384331,-1.727006835212477,-0.8736375515561849,35.808507099999936,-86.44685230718586,10208,0.1,35.8,-86.5,4.885386356733691
2024-05-10 19:00:00,164138736,-0.8466647468161567,-1.13212435939865,-0.5612051342336632,35.808507099999936,-86.44685230718586,10208,-0.6,35.8,-86.5,4.885386356733691
2024-05-10 19:01:00,164138736,-0.5262609608797074,-0.7109306819844471,-0.34159123977496775,35.808507099999936,-86.44685230718586,10208,-0.4,35.8,-86.5,4.885386356733691
2024-05-10 19:02:00,164138736,-0.6234913192985037,-0.8302408931139063,-0.416741745483101,35.808507099999936,-86.44685230718586,10208,-0.4,35.8,-86.5,4.885386356733691
2024-05-10 19:03:00,164138736,-0.7335824870229489,-0.974867206309616,-0.4922977677362819,35.808507099999936,-86.44685230718586,10208,-0.4,35.8,-86.5,4.885386356733691
2024-05-10 19:04:00,164138736,-1.6061596334902488,-2.1507169884091177,-1.06160227857138,35.808507099999936,-86.44685230718586,10208,-0.2,35.8,-86.5,4.885386356733691
2024-05-10 19:05:00,164138736,-1.2480212623991258,-1.669039519850723,-0.8270030049475287,35.808507099999936,-86.44685230718586,10208,-0.3,35.8,-86.5,4.885386356733691
2024-05-10 19:06:00,164138736,-0.9557673666568595,-1.2705051577970925,-0.6410295755166264,35.808507099999936,-86.44685230718586,10208,-1.0,35.8,-86.5,4.885386356733691
2024-05-10 19:07:00,164138736,-0.8161071079564559,-1.083230797301782,-0.5489834186111298,35.808507099999936,-86.44685230718586,10208,-0.7,35.8,-86.5,4.885386356733691
2024-05-10 19:08:00,164138736,0.016965602497647253,-0.02660085307859207,0.06053205807388658,35.808507099999936,-86.44685230718586,10208,-0.1,35.8,-86.5,4.885386356733691
2024-05-10 19:09:00,164138736,0.18607903424733105,0.12500859801125264,0.24714947048340946,35.808507099999936,-86.44685230718586,10208,0.2,35.8,-86.5,4.885386356733691
2024-05-10 19:10:00,164138736,-0.16484860982683255,-0.22844470030347008,-0.10125251935019504,35.808507099999936,-86.44685230718586,10208,0.2,35.8,-86.5,4.885386356733691
2024-05-10 19:11:00,164138736,-0.30687704900806995,-0.4071014662463524,-0.2066526317697875,35.808507099999936,-86.44685230718586,10208,0.3,35.8,-86.5,4.885386356733691
2024-05-10 19:12:00,164138736,-0.7980610604404842,-1.0625207703774935,-0.5336013505034749,35.808507099999936,-86.44685230718586,10208,0.0,35.8,-86.5,4.885386356733691
2024-05-10 19:13:00,164138736,-0.848483077294889,-1.1388330228454602,-0.5581331317443178,35.808507099999936,-86.44685230718586,10208,0.5,35.8,-86.5,4.885386356733691
2024-05-10 19:14:00,164138736,-0.847614219065232,-1.1405265775867897,-0.5547018605436744,35.808507099999936,-86.44685230718586,10208,0.6,35.8,-86.5,4.885386356733691
2024-05-10 19:15:00,164138736,-0.9070535132607599,-1.2278165091047137,-0.586290517416806,35.808507099999936,-86.44685230718586,10208,0.1,35.8,-86.5,4.885386356733691
2024-05-10 19:16:00,164138736,-1.2289418449478817,-1.660165804042977,-0.7977178858527865,35.808507099999936,-86.44685230718586,10208,0.2,35.8,-86.5,4.885386356733691
2024-05-10 19:17:00,164138736,-1.1343554950193342,-1.5173210493926672,-0.7513899406460012,35.808507099999936,-86.44685230718586,10208,0.1,35.8,-86.5,4.885386356733691
2024-05-10 19:18:00,164138736,-0.6986803928316241,-0.9255960199506148,-0.47176476571263337,35.808507099999936,-86.44685230718586,10208,-0.2,35.8,-86.5,4.885386356733691
2024-05-10 19:19:00,164138736,-0.605896447597932,-0.8023664435087804,-0.4094264516870837,35.808507099999936,-86.44685230718586,10208,-0.1,35.8,-86.5,4.885386356733691
2024-05-10 19:20:00,164138736,-0.7718905645805313,-1.023509204236902,-0.5202719249241605,35.808507099999936,-86.44685230718586,10208,-0.1,35.8,-86.5,4.885386356733691
2024-05-10 19:21:00,164138736,-0.7123156549470411,-0.9438279765955602,-0.480803333298522,35.808507099999936,-86.44685230718586,10208,-0.5,35.8,-86.5,4.885386356733691
2024-05-10 19:22:00,164138736,-0.7328975141329018,-0.9708324476357179,-0.4949625806300858,35.808507099999936,-86.44685230718586,10208,-0.6,35.8,-86.5,4.885386356733691
2024-05-10 19:23:00,164138736,-0.46433346818258237,-0.6191614910263841,-0.3095054453387806,35.808507099999936,-86.44685230718586,10208,-0.2,35.8,-86.5,4.885386356733691
2024-05-10 19:24:00,164138736,-0.4612281045099193,-0.6203549429647786,-0.30210126605506005,35.808507099999936,-86.44685230718586,10208,1.3,35.8,-86.5,4.885386356733691
2024-05-10 19:25:00,164138736,-0.6699893543523033,-0.9151895961787291,-0.4247891125258776,35.808507099999936,-86.44685230718586,10208,1.1,35.8,-86.5,4.885386356733691
2024-05-10 19:26:00,164138736,0.1229449992381893,0.07692890387793397,0.16896109459844463,35.808507099999936,-86.44685230718586,10208,0.7,35.8,-86.5,4.885386356733691
2024-05-10 19:27:00,164138736,-0.05719123435004413,-0.0768940029952775,-0.037488465704810764,35.808507099999936,-86.44685230718586,10208,0.3,35.8,-86.5,4.885386356733691
2024-05-10 19:28:00,164138736,-0.025293508951665575,-0.04825355334049555,-0.0023334645628355945,35.808507099999936,-86.44685230718586,10208,-0.1,35.8,-86.5,4.885386356733691
2024-05-10 19:29:00,164138736,-0.08964972633921066,-0.11807745120431981,-0.061222001474101506,35.808507099999936,-86.44685230718586,10208,0.0,35.8,-86.5,4.885386356733691
2024-05-10 19:30:00,164138736,-0.25019184823154844,-0.3371790630841257,-0.16320463337897118,35.808507099999936,-86.44685230718586,10208,-0.3,35.8,-86.5,4.885386356733691
2024-05-10 19:31:00,164138736,-0.2536218844569603,-0.3352533340714735,-0.17199043484244714,35.808507099999936,-86.44685230718586,10208,-0.1,35.8,-86.5,4.885386356733691
2024-05-10 19:32:00,164138736,-0.44237723026647613,-0.5855371222375859,-0.29921733829536634,35.808507099999936,-86.44685230718586,10208,0.1,35.8,-86.5,4.885386356733691
2024-05-10 19:33:00,164138736,-0.4117795306720746,-0.5482367760438156,-0.2753222853003336,35.808507099999936,-86.44685230718586,10208,0.2,35.8,-86.5,4.885386356733691
2024-05-10 19:34:00,164138736,-0.25393998967615167,-0.33694133464625164,-0.17093864470605166,35.808507099999936,-86.44685230718586,10208,0.1,35.8,-86.5,4.885386356733691
2024-05-10 19:35:00,164138736,-0.18557901388859702,-0.2457791394136108,-0.12537888836358324,35.808507099999936,-86.44685230718586,10208,0.1,35.8,-86.5,4.885386356733691
2024-05-10 19:36:00,164138736,-0.43764792918838263,-0.5837510680598837,-0.2915447903168815,35.808507099999936,-86.44685230718586,10208,-0.2,35.8,-86.5,4.885386356733691
2024-05-10 19:37:00,164138736,-0.272347979362811,-0.36208374754721784,-0.18261221117840423,35.808507099999936,-86.44685230718586,10208,-0.1,35.8,-86.5,4.885386356733691
2024-05-10 19:38:00,164138736,0.4918446851882986,0.31281013115065703,0.6708792392259402,35.808507099999936,-86.44685230718586,10208,-0.9,35.8,-86.5,4.885386356733691
2024-05-10 19:39:00,164138736,1.7703744956287828,1.1716455666432521,2.3691034246143134,35.808507099999936,-86.44685230718586,10208,1.2,35.8,-86.5,4.885386356733691
2024-05-10 19:40:00,164138736,1.5692827420981843,1.0393665552379532,2.0991989289584154,35.808507099999936,-86.44685230718586,10208,2.0,35.8,-86.5,4.885386356733691
2024-05-10 19:41:00,164138736,0.45446293002900134,0.30140292888588194,0.6075229311721208,35.808507099999936,-86.44685230718586,10208,1.5,35.8,-86.5,4.885386356733691
2024-05-10 19:42:00,164138736,-0.05549083336456237,-0.08609561208706548,-0.02488605464205925,35.808507099999936,-86.44685230718586,10208,0.6,35.8,-86.5,4.885386356733691
2024-05-10 19:43:00,164138736,-0.14578487188445696,-0.19361602600648248,-0.09795371776243145,35.808507099999936,-86.44685230718586,10208,0.0,35.8,-86.5,4.885386356733691
2024-05-10 19:44:00,164138736,-0.5347738670036146,-0.7082906060729262,-0.3612571279343031,35.808507099999936,-86.44685230718586,10208,0.2,35.8,-86.5,4.885386356733691
2024-05-10 19:45:00,164138736,0.13993452696809852,0.09028752788456915,0.1895815260516279,35.808507099999936,-86.44685230718586,10208,0.2,35.8,-86.5,4.885386356733691
2024-05-10 19:46:00,164138736,-0.3509573202126765,-0.4644687924154303,-0.2374458480099227,35.808507099999936,-86.44685230718586,10208,0.4,35.8,-86.5,4.885386356733691
2024-05-10 19:47:00,164138736,1.541900244830195,1.0264643296017422,2.057336160058648,35.808507099999936,-86.44685230718586,10208,-1.6,35.8,-86.5,4.885386356733691
2024-05-10 19:48:00,164138736,3.736758942081372,2.49715435162467,4.976363532538074,35.808507099999936,-86.44685230718586,10208,1.7,35.8,-86.5,4.885386356733691
2024-05-10 19:49:00,164138736,1.2521915192081372,0.8379836731158368,1.6663993653004376,35.808507099999936,-86.44685230718586,10208,2.0,35.8,-86.5,4.885386356733691
2024-05-10 19:50:00,164138736,0.07462236716110753,0.017138613512370157,0.1321061208098449,35.808507099999936,-86.44685230718586,10208,1.2,35.8,-86.5,4.885386356733691
2024-05-10 19:51:00,164138736,0.9475483487096503,0.6349608620463336,1.260135835372967,35.808507099999936,-86.44685230718586,10208,0.6,35.8,-86.5,4.885386356733691
2024-05-10 19:52:00,164138736,0.5232560774104741,0.3482776075744254,0.6982345472465228,35.808507099999936,-86.44685230718586,10208,0.7,35.8,-86.5,4.885386356733691
2024-05-10 19:53:00,164138736,-0.12527045100506473,-0.17142350349895524,-0.0791173985111742,35.808507099999936,-86.44685230718586,10208,0.2,35.8,-86.5,4.885386356733691
2024-05-10 19:54:00,164138736,0.9262048430144586,0.6203905179341269,1.2320191680947903,35.808507099999936,-86.44685230718586,10208,-0.3,35.8,-86.5,4.885386356733691
2024-05-10 19:55:00,164138736,1.5173302081582045,1.0184921853403468,2.0161682309760622,35.808507099999936,-86.44685230718586,10208,0.7,35.8,-86.5,4.885386356733691
2024-05-10 19:56:00,164138736,0.6491441450907868,0.4293601381815595,0.868928152000014,35.808507099999936,-86.44685230718586,10208,0.7,35.8,-86.5,4.885386356733691
2024-05-10 19:57:00,164138736,1.7294061554303968,1.1603242812604022,2.2984880296003913,35.808507099999936,-86.44685230718586,10208,0.8,35.8,-86.5,4.885386356733691
2024-05-10 19:58:00,164138736,0.9731744126176867,0.6521971978584561,1.2941516273769174,35.808507099999936,-86.44685230718586,10208,2.6,35.8,-86.5,4.885386356733691
2024-05-10 19:59:00,164138736,-1.1531278896267654,-1.5325787599510863,-0.7736770193024445,35.808507099999936,-86.44685230718586,10208,0.5,35.8,-86.5,4.885386356733691
2024-05-10 20:00:00,164138736,-1.1332758253824815,-1.513525648921747,-0.753026001843216,35.808507099999936,-86.44685230718586,10208,0.3,35.8,-86.5,4.885386356733691
2024-05-10 20:01:00,164138736,-1.4681773285137862,-1.9533490763422097,-0.9830055806853627,35.808507099999936,-86.44685230718586,10208,0.5,35.8,-86.5,4.885386356733691
2024-05-10 20:02:00,164138736,-0.9422110767274714,-1.2541742698008316,-0.6302478836541112,35.808507099999936,-86.44685230718586,10208,-0.1,35.8,-86.5,4.885386356733691
2024-05-10 20:03:00,164138736,-1.1587340939181237,-1.538841353978276,-0.7786268338579714,35.808507099999936,-86.44685230718586,10208,0.2,35.8,-86.5,4.885386356733691
2024-05-10 20:04:00,164138736,-1.7723578303631473,-2.3653665171101155,-1.1793491436161792,35.808507099999936,-86.44685230718586,10208,-0.1,35.8,-86.5,4.885386356733691
2024-05-10 20:05:00,164138736,-0.7875986413500337,-1.0461409667356796,-0.5290563159643877,35.808507099999936,-86.44685230718586,10208,-0.1,35.8,-86.5,4.885386356733691
2024-05-10 20:06:00,164138736,-0.020482312855338924,-0.09379441805682794,0.05282979234615008,35.808507099999936,-86.44685230718586,10208,0.1,35.8,-86.5,4.885386356733691
2024-05-10 20:07:00,164138736,0.04472353387055336,-0.030893568977570063,0.12034063671867679,35.808507099999936,-86.44685230718586,10208,0.0,35.8,-86.5,4.885386356733691
2024-05-10 20:08:00,164138736,-0.4533773497919469,-0.612953283230993,-0.2938014163529008,35.808507099999936,-86.44685230718586,10208,0.1,35.8,-86.5,4.885386356733691
2024-05-10 20:09:00,164138736,-0.03806590031839972,-0.08212211178203133,0.005990311145231887,35.808507099999936,-86.44685230718586,10208,-0.1,35.8,-86.5,4.885386356733691
2024-05-10 20:10:00,164138736,0.5219291476651816,0.34417848102369974,0.6996798143066635,35.808507099999936,-86.44685230718586,10208,-0.4,35.8,-86.5,4.885386356733691
2024-05-10 20:11:00,164138736,-0.3005612443258238,-0.40841095338103534,-0.1927115352706123,35.808507099999936,-86.44685230718586,10208,0.2,35.8,-86.5,4.885386356733691
2024-05-10 20:12:00,164138736,0.5995308953639878,0.39042794061719455,0.8086338501107811,35.808507099999936,-86.44685230718586,10208,0.4,35.8,-86.5,4.885386356733691
2024-05-10 20:13:00,164138736,1.31158681226883,0.87877801969399,1.7443956048436697,35.808507099999936,-86.44685230718586,10208,0.5,35.8,-86.5,4.885386356733691
2024-05-10 20:14:00,164138736,0.06597939768972698,0.027102721750654396,0.10485607362879956,35.808507099999936,-86.44685230718586,10208,0.3,35.8,-86.5,4.885386356733691
2024-05-10 20:15:00,164138736,0.6682041889080363,0.4447632603187327,0.89164511749734,35.808507099999936,-86.44685230718586,10208,0.8,35.8,-86.5,4.885386356733691
2024-05-10 20:16:00,164138736,0.6596743719002186,0.4385946559248137,0.8807540878756235,35.808507099999936,-86.44685230718586,10208,1.0,35.8,-86.5,4.885386356733691
2024-05-10 20:17:00,164138736,0.7086407392716039,0.4740431090900842,0.9432383694531236,35.808507099999936,-86.44685230718586,10208,1.6,35.8,-86.5,4.885386356733691
2024-05-10 20:18:00,164138736,0.4916169628971923,0.3269615311392441,0.6562723946551405,35.808507099999936,-86.44685230718586,10208,0.7,35.8,-86.5,4.885386356733691
2024-05-10 20:19:00,164138736,-0.3323173394680985,-0.4511021552872677,-0.21353252364892927,35.808507099999936,-86.44685230718586,10208,0.6,35.8,-86.5,4.885386356733691
2024-05-10 20:20:00,164138736,-0.814011964368275,-1.0965659300492916,-0.5314579986872585,35.808507099999936,-86.44685230718586,10208,1.3,35.8,-86.5,4.885386356733691
2024-05-10 20:21:00,164138736,-1.6522150302622731,-2.2021790380570856,-1.1022510224674604,35.808507099999936,-86.44685230718586,10208,0.9,35.8,-86.5,4.885386356733691
2024-05-10 20:22:00,164138736,-0.7455197650470746,-0.9996412631263603,-0.49139826696778893,35.808507099999936,-86.44685230718586,10208,-0.3,35.8,-86.5,4.885386356733691
2024-05-10 20:23:00,164138736,-0.06051818396152068,-0.0822372808508429,-0.03879908707219845,35.808507099999936,-86.44685230718586,10208,0.6,35.8,-86.5,4.885386356733691
2024-05-10 20:24:00,164138736,-0.46178583531228984,-0.6106780132184159,-0.3128936574061638,35.808507099999936,-86.44685230718586,10208,1.2,35.8,-86.5,4.885386356733691
2024-05-10 20:25:00,164138736,-0.15278023942332983,-0.29196407462687135,-0.013596404219788277,35.808507099999936,-86.44685230718586,10208,0.8,35.8,-86.5,4.885386356733691
2024-05-10 20:26:00,164138736,-0.5505274225580027,-0.7380325637601002,-0.36302228135590514,35.808507099999936,-86.44685230718586,10208,1.4,35.8,-86.5,4.885386356733691
2024-05-10 20:27:00,164138736,-0.7901562894040014,-1.057449554833662,-0.5228630239743408,35.808507099999936,-86.44685230718586,10208,-0.1,35.8,-86.5,4.885386356733691
2024-05-10 20:28:00,164138736,0.36442092864723435,0.2396076649185458,0.4892341923759229,35.808507099999936,-86.44685230718586,10208,-0.8,35.8,-86.5,4.885386356733691
2024-05-10 20:29:00,164138736,-1.835270258910558,-2.4347853709598892,-1.235755146861227,35.808507099999936,-86.44685230718586,10208,-0.1,35.8,-86.5,4.885386356733691
2024-05-10 20:30:00,164138736,-0.22142485956578103,-0.32794291222325506,-0.11490680690830701,35.808507099999936,-86.44685230718586,10208,-1.2,35.8,-86.5,4.885386356733691
2024-05-10 20:31:00,164138736,0.10268461231265039,0.028878963169483726,0.17649026145581703,35.808507099999936,-86.44685230718586,10208,-1.1,35.8,-86.5,4.885386356733691
2024-05-10 20:32:00,164138736,-0.2293601020038248,-0.3055599848450717,-0.15316021916257794,35.808507099999936,-86.44685230718586,10208,0.3,35.8,-86.5,4.885386356733691
2024-05-10 20:33:00,164138736,-1.0715924733103563,-1.4190082368380152,-0.7241767097826974,35.808507099999936,-86.44685230718586,10208,0.3,35.8,-86.5,4.885386356733691
2024-05-10 20:34:00,164138736,-0.17733799537397024,-0.23762842942596005,-0.11704756132198044,35.808507099999936,-86.44685230718586,10208,0.3,35.8,-86.5,4.885386356733691
2024-05-10 20:35:00,164138736,-1.3281184326664426,-1.7589715219522617,-0.8972653433806235,35.808507099999936,-86.44685230718586,10208,0.1,35.8,-86.5,4.885386356733691
2024-05-10 20:36:00,164138736,-0.7098451882460491,-0.9437889284777676,-0.4759014480143306,35.808507099999936,-86.44685230718586,10208,0.2,35.8,-86.5,4.885386356733691
2024-05-10 20:37:00,164138736,-1.2529658078345662,-1.6597468494914902,-0.8461847661776423,35.808507099999936,-86.44685230718586,10208,0.0,35.8,-86.5,4.885386356733691
2024-05-10 20:38:00,164138736,-1.280538101042367,-1.6988771514625878,-0.8621990506221465,35.808507099999936,-86.44685230718586,10208,0.0,35.8,-86.5,4.885386356733691
2024-05-10 20:39:00,164138736,0.0031202226255913268,-0.05475961369722415,0.06100005894840681,35.808507099999936,-86.44685230718586,10208,-0.1,35.8,-86.5,4.885386356733691
2024-05-10 20:40:00,164138736,-0.42353899814013113,-0.5690162442668196,-0.27806175201344263,35.808507099999936,-86.44685230718586,10208,-0.5,35.8,-86.5,4.885386356733691
2024-05-10 20:41:00,164138736,0.15385552966201874,0.0760185718104663,0.2316924875135712,35.808507099999936,-86.44685230718586,10208,-0.5,35.8,-86.5,4.885386356733691
2024-05-10 20:42:00,164138736,0.0420199947703502,-0.0020227463008520782,0.08606273584155247,35.808507099999936,-86.44685230718586,10208,-0.2,35.8,-86.5,4.885386356733691
2024-05-10 20:43:00,164138736,0.8131314491215534,0.54413072271358,1.082132175529527,35.808507099999936,-86.44685230718586,10208,0.3,35.8,-86.5,4.885386356733691
2024-05-10 20:44:00,164138736,0.38629429502301194,0.2277806567565542,0.5448079332894696,35.808507099999936,-86.44685230718586,10208,-0.1,35.8,-86.5,4.885386356733691
2024-05-10 20:45:00,164138736,0.4405593923377606,0.27549236843411196,0.6056264162414092,35.808507099999936,-86.44685230718586,10208,0.2,35.8,-86.5,4.885386356733691
2024-05-10 20:46:00,164138736,0.2758842832543502,0.17359409927266173,0.3781744672360387,35.808507099999936,-86.44685230718586,10208,0.3,35.8,-86.5,4.885386356733691
2024-05-10 20:47:00,164138736,0.8237693802013282,0.5319171416811294,1.1156216187215269,35.808507099999936,-86.44685230718586,10208,-0.9,35.8,-86.5,4.885386356733691
2024-05-10 20:48:00,164138736,1.8284441724108944,1.2254324272702435,2.4314559175515456,35.808507099999936,-86.44685230718586,10208,1.1,35.8,-86.5,4.885386356733691
2024-05-10 20:49:00,164138736,0.3797308608198134,0.2522853148426808,0.507176406796946,35.808507099999936,-86.44685230718586,10208,1.1,35.8,-86.5,4.885386356733691
2024-05-10 20:50:00,164138736,0.7463529954921823,0.4860030402116187,1.0067029507727459,35.808507099999936,-86.44685230718586,10208,0.8,35.8,-86.5,4.885386356733691
2024-05-10 20:51:00,164138736,0.6005920122835406,0.39623980260800373,0.8049442219590776,35.808507099999936,-86.44685230718586,10208,0.9,35.8,-86.5,4.885386356733691
2024-05-10 20:52:00,164138736,0.9571504471040686,0.6410929531885574,1.2732079410195798,35.808507099999936,-86.44685230718586,10208,1.1,35.8,-86.5,4.885386356733691
2024-05-10 20:53:00,164138736,0.632768006315148,0.42017401021188583,0.8453620024184101,35.808507099999936,-86.44685230718586,10208,0.4,35.8,-86.5,4.885386356733691
2024-05-10 20:54:00,164138736,1.5258463979488903,1.022681008984319,2.0290117869134616,35.808507099999936,-86.44685230718586,10208,0.3,35.8,-86.5,4.885386356733691
2024-05-10 20:55:00,164138736,1.2207185582338602,0.811908074805803,1.6295290416619175,35.808507099999936,-86.44685230718586,10208,0.5,35.8,-86.5,4.885386356733691
2024-05-10 20:56:00,164138736,0.886931203240585,0.590405143996271,1.1834572624848991,35.808507099999936,-86.44685230718586,10208,-0.3,35.8,-86.5,4.885386356733691
2024-05-10 20:57:00,164138736,0.0005511312414193683,-0.01756722973161325,0.018669492214451983,35.808507099999936,-86.44685230718586,10208,0.6,35.8,-86.5,4.885386356733691
2024-05-10 20:58:00,164138736,-0.63186220683423,-0.8396341409737107,-0.42409027269474936,35.808507099999936,-86.44685230718586,10208,-0.1,35.8,-86.5,4.885386356733691
2024-05-10 20:59:00,164138736,-0.8124302220809516,-1.0780587394836696,-0.5468017046782336,35.808507099999936,-86.44685230718586,10208,-0.1,35.8,-86.5,4.885386356733691
2024-05-10 21:00:00,164138736,-0.5741021798293544,-0.7686202478488926,-0.3795841118098162,35.808507099999936,-86.44685230718586,10208,-1.1,35.8,-86.5,4.885386356733691
2024-05-10 21:01:00,164138736,1.2688978306783794,0.8398681335156992,1.6979275278410595,35.808507099999936,-86.44685230718586,10208,-0.1,35.8,-86.5,4.885386356733691
2024-05-10 21:02:00,164138736,0.725265615805733,0.4800078922627551,0.9705233393487109,35.808507099999936,-86.44685230718586,10208,0.5,35.8,-86.5,4.885386356733691
2024-05-10 21:03:00,164138736,1.6260731023032953,1.0927158537517099,2.1594303508548807,35.808507099999936,-86.44685230718586,10208,1.3,35.8,-86.5,4.885386356733691
2024-05-10 21:04:00,164138736,0.19795568757355414,0.12833339949768374,0.26757797564942454,35.808507099999936,-86.44685230718586,10208,1.7,35.8,-86.5,4.885386356733691
2024-05-10 21:05:00,164138736,-0.5239384233670982,-0.697839893335817,-0.35003695339837937,35.808507099999936,-86.44685230718586,10208,0.9,35.8,-86.5,4.885386356733691
2024-05-10 21:06:00,164138736,-0.3283074795197703,-0.48309059007922667,-0.17352436896031392,35.808507099999936,-86.44685230718586,10208,0.4,35.8,-86.5,4.885386356733691
2024-05-10 21:07:00,164138736,1.918180874873907,1.290003920103753,2.5463578296440614,35.808507099999936,-86.44685230718586,10208,-0.2,35.8,-86.5,4.885386356733691
2024-05-10 21:08:00,164138736,0.6698420818972763,0.44472089482489763,0.8949632689696551,35.808507099999936,-86.44685230718586,10208,0.6,35.8,-86.5,4.885386356733691
2024-05-10 21:09:00,164138736,-0.4657002944792367,-0.6199795700192817,-0.3114210189391917,35.808507099999936,-86.44685230718586,10208,0.6,35.8,-86.5,4.885386356733691
2024-05-10 21:10:00,164138736,-0.6643289695590955,-0.883633331614406,-0.4450246075037849,35.808507099999936,-86.44685230718586,10208,1.0,35.8,-86.5,4.885386356733691
2024-05-10 21:11:00,164138736,-0.42513141234448554,-0.5889476209783652,-0.2613152037106059,35.808507099999936,-86.44685230718586,10208,1.8,35.8,-86.5,4.885386356733691
2024-05-10 21:12:00,164138736,-1.78592265782616,-2.379163237923617,-1.192682077728703,35.808507099999936,-86.44685230718586,10208,0.4,35.8,-86.5,4.885386356733691
2024-05-10 21:13:00,164138736,-0.019415064153049163,-0.04528316518007578,0.006453036873977455,35.808507099999936,-86.44685230718586,10208,0.2,35.8,-86.5,4.885386356733691
2024-05-10 21:14:00,164138736,-0.05290677648466068,-0.08261509506411024,-0.023198457905211127,35.808507099999936,-86.44685230718586,10208,0.4,35.8,-86.5,4.885386356733691
2024-05-10 21:15:00,164138736,-0.04748712262613467,-0.08741606687417247,-0.007558178378096865,35.808507099999936,-86.44685230718586,10208,0.2,35.8,-86.5,4.885386356733691
2024-05-10 21:16:00,164138736,-0.04173299331511117,-0.09607523777277044,0.0126092511425481,35.808507099999936,-86.44685230718586,10208,0.9,35.8,-86.5,4.885386356733691
2024-05-10 21:17:00,164138736,0.4665551971250841,0.3074533440789424,0.6256570501712257,35.808507099999936,-86.44685230718586,10208,1.8,35.8,-86.5,4.885386356733691
2024-05-10 21:18:00,164138736,-0.7691495237369704,-1.0329743771058755,-0.5053246703680654,35.808507099999936,-86.44685230718586,10208,1.5,35.8,-86.5,4.885386356733691
2024-05-10 21:19:00,164138736,-0.5169575119788165,-0.7011812281890556,-0.3327337957685773,35.808507099999936,-86.44685230718586,10208,0.9,35.8,-86.5,4.885386356733691
2024-05-10 21:20:00,164138736,0.7505943436869535,0.4971325698132612,1.004056117560646,35.808507099999936,-86.44685230718586,10208,0.3,35.8,-86.5,4.885386356733691
2024-05-10 21:21:00,164138736,1.8234779547747142,1.2151383234138455,2.431817586135583,35.808507099999936,-86.44685230718586,10208,0.2,35.8,-86.5,4.885386356733691
2024-05-10 21:22:00,164138736,1.7970766171402153,1.2076201002505291,2.3865331340299014,35.808507099999936,-86.44685230718586,10208,0.9,35.8,-86.5,4.885386356733691
2024-05-10 21:23:00,164138736,1.3080154962802624,0.8798523554693365,1.7361786370911882,35.808507099999936,-86.44685230718586,10208,0.6,35.8,-86.5,4.885386356733691
2024-05-10 21:24:00,164138736,0.47637385334356086,0.31210036088662013,0.6406473458005015,35.808507099999936,-86.44685230718586,10208,0.7,35.8,-86.5,4.885386356733691
2024-05-10 21:25:00,164138736,1.0710854751597176,0.7214616399488707,1.4207093103705646,35.808507099999936,-86.44685230718586,10208,0.5,35.8,-86.5,4.885386356733691
2024-05-10 21:26:00,164138736,0.8582661057288165,0.5728635759888611,1.1436686354687717,35.808507099999936,-86.44685230718586,10208,0.7,35.8,-86.5,4.885386356733691
2024-05-10 21:27:00,164138736,0.9975792808507061,0.662371887766924,1.3327866739344882,35.808507099999936,-86.44685230718586,10208,1.2,35.8,-86.5,4.885386356733691
2024-05-10 21:28:00,164138736,0.3518584404684348,0.21798482805863803,0.4857320528782315,35.808507099999936,-86.44685230718586,10208,1.5,35.8,-86.5,4.885386356733691
2024-05-10 21:29:00,164138736,-0.12136523228166243,-0.1904494467626287,-0.052281017800696175,35.808507099999936,-86.44685230718586,10208,1.6,35.8,-86.5,4.885386356733691
2024-05-10 21:30:00,164138736,-0.4110880725401395,-0.5812050750006312,-0.24097107007964785,35.808507099999936,-86.44685230718586,10208,1.3,35.8,-86.5,4.885386356733691
2024-05-10 21:31:00,164138736,0.31830233668190727,0.1576768182212254,0.4789278551425892,35.808507099999936,-86.44685230718586,10208,0.9,35.8,-86.5,4.885386356733691
2024-05-10 21:32:00,164138736,0.4411113356774336,0.24505187115930913,0.637170800195558,35.808507099999936,-86.44685230718586,10208,0.4,35.8,-86.5,4.885386356733691
2024-05-10 21:33:00,164138736,0.9138273894586416,0.5803667732244354,1.2472880056928477,35.808507099999936,-86.44685230718586,10208,-0.2,35.8,-86.5,4.885386356733691
2024-05-10 21:34:00,164138736,0.5611940857220915,0.327088781412581,0.795299390031602,35.808507099999936,-86.44685230718586,10208,-0.2,35.8,-86.5,4.885386356733691
2024-05-10 21:35:00,164138736,1.1268102854951245,0.7296637412365717,1.5239568297536774,35.808507099999936,-86.44685230718586,10208,-1.3,35.8,-86.5,4.885386356733691
2024-05-10 21:36:00,164138736,2.0171085606506387,1.3298372758541954,2.704379845447082,35.808507099999936,-86.44685230718586,10208,-1.1,35.8,-86.5,4.885386356733691
2024-05-10 21:37:00,164138736,3.4428983481842637,2.2945025754210953,4.591294120947432,35.808507099999936,-86.44685230718586,10208,-0.7,35.8,-86.5,4.885386356733691
2024-05-10 21:38:00,164138736,3.6236550100874245,2.4198284530861986,4.82748156708865,35.808507099999936,-86.44685230718586,10208,1.0,35.8,-86.5,4.885386356733691
2024-05-10 21:39:00,164138736,2.926172663080027,1.9610673969923662,3.891277929167688,35.808507099999936,-86.44685230718586,10208,2.3,35.8,-86.5,4.885386356733691
2024-05-10 21:40:00,164138736,0.928477140425353,0.6267279738878219,1.230226306962884,35.808507099999936,-86.44685230718586,10208,3.0,35.8,-86.5,4.885386356733691
2024-05-10 21:41:00,164138736,1.0542901763197714,0.7116462460308391,1.3969341066087035,35.808507099999936,-86.44685230718586,10208,2.3,35.8,-86.5,4.885386356733691
2024-05-10 21:42:00,164138736,-1.550006961373571,-2.1421453653239677,-0.9578685574231743,35.808507099999936,-86.44685230718586,10208,4.5,35.8,-86.5,4.885386356733691
2024-05-10 21:43:00,164138736,-4.4327688929051785,-5.949073584026881,-2.9164642017834757,35.808507099999936,-86.44685230718586,10208,2.0,35.8,-86.5,4.885386356733691
2024-05-10 21:44:00,164138736,-2.101121831918292,-2.855669388670659,-1.346574275165925,35.808507099999936,-86.44685230718586,10208,0.6,35.8,-86.5,4.885386356733691
2024-05-10 21:45:00,164138736,-2.1606652183507062,-2.9053987788305315,-1.4159316578708807,35.808507099999936,-86.44685230718586,10208,-0.4,35.8,-86.5,4.885386356733691
2024-05-10 21:46:00,164138736,-1.6023512367602555,-2.1606068228518835,-1.0440956506686274,35.808507099999936,-86.44685230718586,10208,-0.4,35.8,-86.5,4.885386356733691
2024-05-10 21:47:00,164138736,-1.2713815962298252,-1.7113025407629503,-0.8314606516966999,35.808507099999936,-86.44685230718586,10208,0.3,35.8,-86.5,4.885386356733691
2024-05-10 21:48:00,164138736,-0.13392423445054485,-0.24384432206086004,-0.024004146840229654,35.808507099999936,-86.44685230718586,10208,0.2,35.8,-86.5,4.885386356733691
2024-05-10 21:49:00,164138736,-0.6486987156922495,-0.880872171930124,-0.4165252594543749,35.808507099999936,-86.44685230718586,10208,-0.7,35.8,-86.5,4.885386356733691
2024-05-10 21:50:00,164138736,-0.22922120289908374,-0.3115099923977382,-0.14693241340042928,35.808507099999936,-86.44685230718586,10208,-0.6,35.8,-86.5,4.885386356733691
2024-05-10 21:51:00,164138736,0.16934928560545562,0.11238830410774833,0.2263102671031629,35.808507099999936,-86.44685230718586,10208,-0.3,35.8,-86.5,4.885386356733691
2024-05-10 21:52:00,164138736,0.4379452652151984,0.2960127777084389,0.5798777527219579,35.808507099999936,-86.44685230718586,10208,-0.3,35.8,-86.5,4.885386356733691
2024-05-10 21:53:00,164138736,0.22365588025912073,0.15075980923023963,0.2965519512880018,35.808507099999936,-86.44685230718586,10208,-0.5,35.8,-86.5,4.885386356733691
2024-05-10 21:54:00,164138736,-0.04613487305221096,-0.0778050029922685,-0.014464743112153407,35.808507099999936,-86.44685230718586,10208,-0.6,35.8,-86.5,4.885386356733691
2024-05-10 21:55:00,164138736,0.4950094011379876,0.30867182661110504,0.6813469756648701,35.808507099999936,-86.44685230718586,10208,-0.9,35.8,-86.5,4.885386356733691
2024-05-10 21:56:00,164138736,0.47716357520385005,0.28933172144743047,0.6649954289602696,35.808507099999936,-86.44685230718586,10208,-0.7,35.8,-86.5,4.885386356733691
2024-05-10 21:57:00,164138736,0.9070397218602891,0.5976963459833342,1.216383097737244,35.808507099999936,-86.44685230718586,10208,-0.5,35.8,-86.5,4.885386356733691
2024-05-10 21:58:00,164138736,-0.12360201991478229,-0.17733275049477532,-0.06987128933478925,35.808507099999936,-86.44685230718586,10208,0.1,35.8,-86.5,4.885386356733691
2024-05-10 21:59:00,164138736,-1.014645810566577,-1.3534769429605884,-0.6758146781725655,35.808507099999936,-86.44685230718586,10208,0.1,35.8,-86.5,4.885386356733691
2024-05-10 22:00:00,164138736,-1.206563984217384,-1.6114056524248466,-0.8017223160099216,35.808507099999936,-86.44685230718586,10208,-0.1,35.8,-86.5,4.885386356733691
2024-05-10 22:01:00,164138736,-0.4589937334503194,-0.6175910063443848,-0.3003964605562541,35.808507099999936,-86.44685230718586,10208,-0.7,35.8,-86.5,4.885386356733691
2024-05-10 22:02:00,164138736,0.2545793195979741,0.17195014095029698,0.3372084982456512,35.808507099999936,-86.44685230718586,10208,-0.2,35.8,-86.5,4.885386356733691
2024-05-10 22:03:00,164138736,1.2161105886432415,0.8116948382110634,1.6205263390754197,35.808507099999936,-86.44685230718586,10208,-0.1,35.8,-86.5,4.885386356733691
2024-05-10 22:04:00,164138736,3.88404715870881,2.591700233603234,5.176394083814386,35.808507099999936,-86.44685230718586,10208,-0.3,35.8,-86.5,4.885386356733691
2024-05-10 22:05:00,164138736,3.2304254055985204,2.1673166757974642,4.293534135399577,35.808507099999936,-86.44685230718586,10208,0.9,35.8,-86.5,4.885386356733691
2024-05-10 22:06:00,164138736,2.040349040643914,1.362996071634385,2.717702009653443,35.808507099999936,-86.44685230718586,10208,1.4,35.8,-86.5,4.885386356733691
2024-05-10 22:07:00,164138736,1.6957531680817082,1.1334034313786576,2.2581029047847587,35.808507099999936,-86.44685230718586,10208,0.9,35.8,-86.5,4.885386356733691
2024-05-10 22:08:00,164138736,2.314411750798588,1.550053663722771,3.078769837874405,35.808507099999936,-86.44685230718586,10208,0.9,35.8,-86.5,4.885386356733691
2024-05-10 22:09:00,164138736,0.7186780876975454,0.4753163566036286,0.9620398187914622,35.808507099999936,-86.44685230718586,10208,1.0,35.8,-86.5,4.885386356733691
2024-05-10 22:10:00,164138736,-0.37623490498381806,-0.5100539383529267,-0.24241587161470943,35.808507099999936,-86.44685230718586,10208,0.5,35.8,-86.5,4.885386356733691
2024-05-10 22:11:00,164138736,-0.878982431069267,-1.173729066908648,-0.584235795229886,35.808507099999936,-86.44685230718586,10208,0.3,35.8,-86.5,4.885386356733691
2024-05-10 22:12:00,164138736,-1.4494955631094486,-1.9302386119284067,-0.9687525142904905,35.808507099999936,-86.44685230718586,10208,-0.3,35.8,-86.5,4.885386356733691
2024-05-10 22:13:00,164138736,-0.892375851126429,-1.1945365586119685,-0.5902151436408896,35.808507099999936,-86.44685230718586,10208,-0.5,35.8,-86.5,4.885386356733691
2024-05-10 22:14:00,164138736,0.21777741894596922,0.1270461925850753,0.30850864530686317,35.808507099999936,-86.44685230718586,10208,-0.4,35.8,-86.5,4.885386356733691
2024-05-10 22:15:00,164138736,0.15492996595494285,0.09746022447524148,0.2123997074346442,35.808507099999936,-86.44685230718586,10208,-0.5,35.8,-86.5,4.885386356733691
2024-05-10 22:16:00,164138736,-1.0399842252647948,-1.3858754154126722,-0.6940930351169176,35.808507099999936,-86.44685230718586,10208,-0.2,35.8,-86.5,4.885386356733691
2024-05-10 22:17:00,164138736,-2.321182014963013,-3.0905920850047774,-1.5517719449212484,35.808507099999936,-86.44685230718586,10208,-0.9,35.8,-86.5,4.885386356733691
2024-05-10 22:18:00,164138736,-0.7617499448343981,-1.0180707001007427,-0.5054291895680534,35.808507099999936,-86.44685230718586,10208,-1.5,35.8,-86.5,4.885386356733691
2024-05-10 22:19:00,164138736,-0.28835175032573973,-0.389842695871226,-0.18686080478025344,35.808507099999936,-86.44685230718586,10208,-1.4,35.8,-86.5,4.885386356733691
2024-05-10 22:20:00,164138736,0.1738708947597932,0.11441336945165168,0.23332842006793472,35.808507099999936,-86.44685230718586,10208,-1.8,35.8,-86.5,4.885386356733691
2024-05-10 22:21:00,164138736,-0.02626479682139927,-0.05071485093066038,-0.001814742712138162,35.808507099999936,-86.44685230718586,10208,-1.2,35.8,-86.5,4.885386356733691
2024-05-10 22:22:00,164138736,-0.8748650412953934,-1.1660936194596625,-0.5836364631311244,35.808507099999936,-86.44685230718586,10208,-1.2,35.8,-86.5,4.885386356733691
2024-05-10 22:23:00,164138736,-0.08086207599229434,-0.14717929988827316,-0.014544852096315508,35.808507099999936,-86.44685230718586,10208,-1.3,35.8,-86.5,4.885386356733691
2024-05-10 22:24:00,164138736,-0.5364166854930229,-0.7172725195662907,-0.35556085141975513,35.808507099999936,-86.44685230718586,10208,-0.9,35.8,-86.5,4.885386356733691
2024-05-10 22:25:00,164138736,0.9022298067627774,0.5870862757288761,1.217373337796679,35.808507099999936,-86.44685230718586,10208,-0.2,35.8,-86.5,4.885386356733691
2024-05-10 22:26:00,164138736,2.515104867182246,1.6772554120042293,3.3529543223602625,35.808507099999936,-86.44685230718586,10208,-0.3,35.8,-86.5,4.885386356733691
2024-05-10 22:27:00,164138736,0.7978239796990585,0.5322745349957987,1.0633734244023183,35.808507099999936,-86.44685230718586,10208,0.2,35.8,-86.5,4.885386356733691
2024-05-10 22:28:00,164138736,0.0916971336215955,0.060301310119492524,0.12309295712369847,35.808507099999936,-86.44685230718586,10208,0.2,35.8,-86.5,4.885386356733691
2024-05-10 22:29:00,164138736,-0.8362783446116342,-1.1207275355914859,-0.5518291536317825,35.808507099999936,-86.44685230718586,10208,0.2,35.8,-86.5,4.885386356733691
2024-05-10 22:30:00,164138736,-0.07834006734718471,-0.1141397718505616,-0.04254036284380782,35.808507099999936,-86.44685230718586,10208,0.3,35.8,-86.5,4.885386356733691
2024-05-10 22:31:00,164138736,1.5108906092383994,1.0093577762251842,2.0124234422516145,35.808507099999936,-86.44685230718586,10208,0.5,35.8,-86.5,4.885386356733691
2024-05-10 22:32:00,164138736,2.1256567333557497,1.4135977830959097,2.8377156836155897,35.808507099999936,-86.44685230718586,10208,1.0,35.8,-86.5,4.885386356733691
2024-05-10 22:33:00,164138736,2.0121745229488903,1.3441601179027054,2.6801889279950752,35.808507099999936,-86.44685230718586,10208,1.3,35.8,-86.5,4.885386356733691
2024-05-10 22:34:00,164138736,4.652988662155346,3.093895470337219,6.212081853973474,35.808507099999936,-86.44685230718586,10208,1.0,35.8,-86.5,4.885386356733691
2024-05-10 22:35:00,164138736,7.832312331876261,5.208920356756764,10.455704306995758,35.808507099999936,-86.44685230718586,10208,3.6,35.8,-86.5,4.885386356733691
2024-05-10 22:36:00,164138736,1.1894590356002017,0.7975496853742019,1.5813683858262015,35.808507099999936,-86.44685230718586,10208,1.0,35.8,-86.5,4.885386356733691
2024-05-10 22:37:00,164138736,-5.449322513870208,-7.267400003703937,-3.6312450240364793,35.808507099999936,-86.44685230718586,10208,-0.2,35.8,-86.5,4.885386356733691
2024-05-10 22:38:00,164138736,-4.455268577673167,-5.927446361890739,-2.983090793455595,35.808507099999936,-86.44685230718586,10208,-4.3,35.8,-86.5,4.885386356733691
2024-05-10 22:39:00,164138736,-1.0040284024041695,-1.3406618409787656,-0.6673949638295733,35.808507099999936,-86.44685230718586,10208,-2.4,35.8,-86.5,4.885386356733691
2024-05-10 22:40:00,164138736,-0.9786784948722259,-1.3048093259337508,-0.6525476638107012,35.808507099999936,-86.44685230718586,10208,-1.6,35.8,-86.5,4.885386356733691
2024-05-10 22:41:00,164138736,-1.3832915869830196,-1.8401082484278395,-0.9264749255381997,35.808507099999936,-86.44685230718586,10208,-1.6,35.8,-86.5,4.885386356733691
2024-05-10 22:42:00,164138736,-1.8418579512020847,-2.4490873183073876,-1.234628584096782,35.808507099999936,-86.44685230718586,10208,-2.3,35.8,-86.5,4.885386356733691
2024-05-10 22:43:00,164138736,-1.089751807330195,-1.4553437612704554,-0.7241598533899347,35.808507099999936,-86.44685230718586,10208,-1.3,35.8,-86.5,4.885386356733691
2024-05-10 22:44:00,164138736,-1.6942768314979826,-2.2565046033561016,-1.1320490596398636,35.808507099999936,-86.44685230718586,10208,-0.9,35.8,-86.5,4.885386356733691
2024-05-10 22:45:00,164138736,-1.084404027614324,-1.4553163414548282,-0.7134917137738198,35.808507099999936,-86.44685230718586,10208,-1.6,35.8,-86.5,4.885386356733691
2024-05-10 22:46:00,164138736,-0.8116551125378278,-1.0893188445514248,-0.5339913805242309,35.808507099999936,-86.44685230718586,10208,-1.0,35.8,-86.5,4.885386356733691
2024-05-10 22:47:00,164138736,-0.944081124957969,-1.261245066766151,-0.6269171831497871,35.808507099999936,-86.44685230718586,10208,-1.1,35.8,-86.5,4.885386356733691
2024-05-10 22:48:00,164138736,-2.1000730287491596,-2.8215409860894822,-1.378605071408837,35.808507099999936,-86.44685230718586,10208,-1.3,35.8,-86.5,4.885386356733691
2024-05-10 22:49:00,164138736,-2.0464822734532615,-2.7255493519171172,-1.3674151949894058,35.808507099999936,-86.44685230718586,10208,-1.0,35.8,-86.5,4.885386356733691
2024-05-10 22:50:00,164138736,-0.3307475825645175,-0.46883234094365767,-0.19266282418537728,35.808507099999936,-86.44685230718586,10208,-0.3,35.8,-86.5,4.885386356733691
2024-05-10 22:51:00,164138736,-0.8341987984406524,-1.1188721578639418,-0.549525439017363,35.808507099999936,-86.44685230718586,10208,-1.4,35.8,-86.5,4.885386356733691
2024-05-10 22:52:00,164138736,-1.8102132544552791,-2.429946204649302,-1.190480304261256,35.808507099999936,-86.44685230718586,10208,-0.7,35.8,-86.5,4.885386356733691
2024-05-10 22:53:00,164138736,-3.0415029211499665,-4.0674221424851265,-2.0155836998148065,35.808507099999936,-86.44685230718586,10208,-1.1,35.8,-86.5,4.885386356733691
2024-05-10 22:54:00,164138736,-2.4361596072209144,-3.249897185820062,-1.622422028621767,35.808507099999936,-86.44685230718586,10208,-1.9,35.8,-86.5,4.885386356733691
2024-05-10 22:55:00,164138736,-1.884201491047411,-2.5143872485431036,-1.2540157335517184,35.808507099999936,-86.44685230718586,10208,-1.7,35.8,-86.5,4.885386356733691
2024-05-10 22:56:00,164138736,-1.5256782742098185,-2.031175073421349,-1.0201814749982878,35.808507099999936,-86.44685230718586,10208,-0.9,35.8,-86.5,4.885386356733691
2024-05-10 22:57:00,164138736,-1.4686380269628447,-1.955830092605248,-0.9814459613204414,35.808507099999936,-86.44685230718586,10208,-1.0,35.8,-86.5,4.885386356733691
2024-05-10 22:58:00,164138736,-0.5973259131220578,-0.807816055121079,-0.3868357711230367,35.808507099999936,-86.44685230718586,10208,-0.3,35.8,-86.5,4.885386356733691
2024-05-10 22:59:00,164138736,-0.8415440326580363,-1.1260507998521303,-0.5570372654639424,35.808507099999936,-86.44685230718586,10208,-0.5,35.8,-86.5,4.885386356733691
2024-05-10 23:00:00,164138736,-0.746702870187458,-0.9923212149841963,-0.5010845253907196,35.808507099999936,-86.44685230718586,10208,0.0,35.8,-86.5,4.885386356733691
2024-05-10 23:01:00,164138736,0.06594428939152341,-0.09905482264495408,0.2309434014280009,35.808507099999936,-86.44685230718586,10208,0.0,35.8,-86.5,4.885386356733691
2024-05-10 23:02:00,164138736,1.5901317275764963,0.9599547897244395,2.2203086654285533,35.808507099999936,-86.44685230718586,10208,0.1,35.8,-86.5,4.885386356733691
2024-05-10 23:03:00,164138736,1.7726720772738735,1.1192204926658291,2.4261236618819177,35.808507099999936,-86.44685230718586,10208,-0.1,35.8,-86.5,4.885386356733691
2024-05-10 23:04:00,164138736,1.416186375672495,0.9462224475464218,1.8861503037985683,35.808507099999936,-86.44685230718586,10208,0.4,35.8,-86.5,4.885386356733691
2024-05-10 23:05:00,164138736,0.5144781793775218,0.3178489457016308,0.7111074130534129,35.808507099999936,-86.44685230718586,10208,-0.8,35.8,-86.5,4.885386356733691
2024-05-10 23:06:00,164138736,1.0197601215744787,0.6848129295215157,1.3547073136274417,35.808507099999936,-86.44685230718586,10208,-0.2,35.8,-86.5,4.885386356733691
2024-05-10 23:07:00,164138736,0.4409166552832885,0.29695955220858195,0.584873758357995,35.808507099999936,-86.44685230718586,10208,-0.5,35.8,-86.5,4.885386356733691
2024-05-10 23:08:00,164138736,0.2952153527183507,0.19805114270628585,0.3923795627304155,35.808507099999936,-86.44685230718586,10208,-0.9,35.8,-86.5,4.885386356733691
2024-05-10 23:09:00,164138736,0.01786634632622386,-0.025976673582679938,0.061709366235127655,35.808507099999936,-86.44685230718586,10208,-1.1,35.8,-86.5,4.885386356733691
2024-05-10 23:10:00,164138736,-2.24743808317922,-3.0330199804978397,-1.4618561858605998,35.808507099999936,-86.44685230718586,10208,-0.1,35.8,-86.5,4.885386356733691
2024-05-10 23:11:00,164138736,-3.8721090597679892,-5.201449272421621,-2.542768847114358,35.808507099999936,-86.44685230718586,10208,-0.6,35.8,-86.5,4.885386356733691
2024-05-10 23:12:00,164138736,-3.2172237516812374,-4.295727287095374,-2.138720216267101,35.808507099999936,-86.44685230718586,10208,-1.9,35.8,-86.5,4.885386356733691
2024-05-10 23:13:00,164138736,-1.972632607599193,-2.6469782151503267,-1.298287000048059,35.808507099999936,-86.44685230718586,10208,-1.4,35.8,-86.5,4.885386356733691
2024-05-10 23:14:00,164138736,-1.5651807855581708,-2.0948660604143643,-1.0354955107019772,35.808507099999936,-86.44685230718586,10208,-0.7,35.8,-86.5,4.885386356733691
2024-05-10 23:15:00,164138736,-1.5464645416526563,-2.064338132913232,-1.0285909503920805,35.808507099999936,-86.44685230718586,10208,-1.5,35.8,-86.5,4.885386356733691
2024-05-10 23:16:00,164138736,-2.0705758500756555,-2.752097832855214,-1.3890538672960966,35.808507099999936,-86.44685230718586,10208,-0.9,35.8,-86.5,4.885386356733691
2024-05-10 23:17:00,164138736,-1.9325232746301277,-2.569911092384911,-1.2951354568753444,35.808507099999936,-86.44685230718586,10208,-0.1,35.8,-86.5,4.885386356733691
2024-05-10 23:18:00,164138736,-1.890711688802959,-2.511143280932719,-1.2702800966731989,35.808507099999936,-86.44685230718586,10208,-0.7,35.8,-86.5,4.885386356733691
2024-05-10 23:19:00,164138736,-1.2357081687121723,-1.642241717679759,-0.8291746197445855,35.808507099999936,-86.44685230718586,10208,-0.9,35.8,-86.5,4.885386356733691
2024-05-10 23:20:00,164138736,-0.9911554435314391,-1.320240540313486,-0.6620703467493922,35.808507099999936,-86.44685230718586,10208,-0.2,35.8,-86.5,4.885386356733691
2024-05-10 23:21:00,164138736,-0.6112954525155514,-0.8167983651391829,-0.4057925398919199,35.808507099999936,-86.44685230718586,10208,0.2,35.8,-86.5,4.885386356733691
2024-05-10 23:22:00,164138736,-0.6810259225790182,-0.9040840235830965,-0.4579678215749399,35.808507099999936,-86.44685230718586,10208,-0.3,35.8,-86.5,4.885386356733691
2024-05-10 23:23:00,164138736,-0.7153812862516813,-0.9503883578099721,-0.4803742146933905,35.808507099999936,-86.44685230718586,10208,-0.1,35.8,-86.5,4.885386356733691
2024-05-10 23:24:00,164138736,-0.8138696174134162,-1.0774121966680914,-0.5503270381587411,35.808507099999936,-86.44685230718586,10208,0.2,35.8,-86.5,4.885386356733691
2024-05-10 23:25:00,164138736,-0.5033412951307162,-0.6657493695068665,-0.340933220754566,35.808507099999936,-86.44685230718586,10208,0.3,35.8,-86.5,4.885386356733691
2024-05-10 23:26:00,164138736,-0.03162894989711451,-0.05095634263506436,-0.012301557159164665,35.808507099999936,-86.44685230718586,10208,0.2,35.8,-86.5,4.885386356733691
2024-05-10 23:27:00,164138736,0.20451284176403833,0.13339374286044697,0.2756319406676297,35.808507099999936,-86.44685230718586,10208,0.0,35.8,-86.5,4.885386356733691
2024-05-10 23:28:00,164138736,-0.23124484464315737,-0.3053257399289565,-0.1571639493573582,35.808507099999936,-86.44685230718586,10208,-0.5,35.8,-86.5,4.885386356733691
2024-05-10 23:29:00,164138736,-0.16120193368569266,-0.2181012654493803,-0.10430260192200502,35.808507099999936,-86.44685230718586,10208,0.1,35.8,-86.5,4.885386356733691
2024-05-10 23:30:00,164138736,-0.2931576429314475,-0.3871903967508321,-0.19912488911206297,35.808507099999936,-86.44685230718586,10208,-0.1,35.8,-86.5,4.885386356733691
2024-05-10 23:31:00,164138736,-0.6009693055964189,-0.8019380667178851,-0.4000005444749527,35.808507099999936,-86.44685230718586,10208,0.3,35.8,-86.5,4.885386356733691
2024-05-10 23:32:00,164138736,-1.1184802796107935,-1.4860142947723334,-0.7509462644492537,35.808507099999936,-86.44685230718586,10208,0.2,35.8,-86.5,4.885386356733691
2024-05-10 23:33:00,164138736,-1.0566448937668125,-1.4008788117983881,-0.7124109757352369,35.808507099999936,-86.44685230718586,10208,-0.2,35.8,-86.5,4.885386356733691
2024-05-10 23:34:00,164138736,-0.5113210979530934,-0.6773936283630884,-0.3452485675430985,35.808507099999936,-86.44685230718586,10208,-0.6,35.8,-86.5,4.885386356733691
2024-05-10 23:35:00,164138736,-0.869584248381809,-1.152532374206456,-0.5866361225571621,35.808507099999936,-86.44685230718586,10208,-0.5,35.8,-86.5,4.885386356733691
2024-05-10 23:36:00,164138736,-1.0653630290643914,-1.4132523452371446,-0.7174737128916382,35.808507099999936,-86.44685230718586,10208,-0.8,35.8,-86.5,4.885386356733691
2024-05-10 23:37:00,164138736,-0.6913207104804135,-0.91495403254229,-0.467687388418537,35.808507099999936,-86.44685230718586,10208,-0.5,35.8,-86.5,4.885386356733691
2024-05-10 23:38:00,164138736,-0.7331631627753026,-0.9726852834225874,-0.4936410421280177,35.808507099999936,-86.44685230718586,10208,-0.5,35.8,-86.5,4.885386356733691
2024-05-10 23:39:00,164138736,-0.22505340884015634,-0.308290488232236,-0.1418163294480767,35.808507099999936,-86.44685230718586,10208,-0.3,35.8,-86.5,4.885386356733691
2024-05-10 23:40:00,164138736,0.5034524472511769,0.33352495692324113,0.6733799375791126,35.808507099999936,-86.44685230718586,10208,-0.2,35.8,-86.5,4.885386356733691
2024-05-10 23:41:00,164138736,1.2622792719191325,0.8440244371796124,1.6805341066586525,35.808507099999936,-86.44685230718586,10208,0.0,35.8,-86.5,4.885386356733691
2024-05-10 23:42:00,164138736,0.29565462524167785,0.1831982255946046,0.40811102488875106,35.808507099999936,-86.44685230718586,10208,-0.2,35.8,-86.5,4.885386356733691
2024-05-10 23:43:00,164138736,-0.6595596077463013,-0.8720256556698824,-0.44709355982272014,35.808507099999936,-86.44685230718586,10208,-0.1,35.8,-86.5,4.885386356733691
2024-05-10 23:44:00,164138736,-1.084005718834062,-1.4365386015815746,-0.7314728360865492,35.808507099999936,-86.44685230718586,10208,-0.7,35.8,-86.5,4.885386356733691
2024-05-10 23:45:00,164138736,-0.2575085145479573,-0.3422965350670615,-0.17272049402885314,35.808507099999936,-86.44685230718586,10208,-0.7,35.8,-86.5,4.885386356733691
2024-05-10 23:46:00,164138736,-2.290773290391728,-3.042753293954117,-1.5387932868293395,35.808507099999936,-86.44685230718586,10208,-0.7,35.8,-86.5,4.885386356733691
2024-05-10 23:47:00,164138736,-1.5473813414172832,-2.0596190893475486,-1.035143593487018,35.808507099999936,-86.44685230718586,10208,-1.1,35.8,-86.5,4.885386356733691
2024-05-10 23:48:00,164138736,-1.310525531165938,-1.7420786451222847,-0.8789724172095914,35.808507099999936,-86.44685230718586,10208,-1.1,35.8,-86.5,4.885386356733691
2024-05-10 23:49:00,164138736,-0.8892057992182246,-1.1804078437330807,-0.5980037547033685,35.808507099999936,-86.44685230718586,10208,-0.6,35.8,-86.5,4.885386356733691
2024-05-10 23:50:00,164138736,-1.2632978653539004,-1.6756936287543753,-0.8509021019534255,35.808507099999936,-86.44685230718586,10208,-0.7,35.8,-86.5,4.885386356733691
2024-05-10 23:51:00,164138736,-0.2826200278717636,-0.37883871195669727,-0.18640134378682993,35.808507099999936,-86.44685230718586,10208,-0.3,35.8,-86.5,4.885386356733691
2024-05-10 23:52:00,164138736,-0.49102229084356086,-0.6515576121196514,-0.3304869695674704,35.808507099999936,-86.44685230718586,10208,-0.2,35.8,-86.5,4.885386356733691
2024-05-10 23:53:00,164138736,0.35208722995124414,0.2325916398979684,0.4715828200045199,35.808507099999936,-86.44685230718586,10208,-0.2,35.8,-86.5,4.885386356733691
2024-05-10 23:54:00,164138736,-0.7250541476651816,-0.9583872697927999,-0.49172102553756336,35.808507099999936,-86.44685230718586,10208,-0.4,35.8,-86.5,4.885386356733691
2024-05-10 23:55:00,164138736,0.7133335916484532,0.47521938246879447,0.951447800828112,35.808507099999936,-86.44685230718586,10208,-0.1,35.8,-86.5,4.885386356733691
2024-05-10 23:56:00,164138736,-0.6989990726925017,-0.9231844130378203,-0.47481373234718316,35.808507099999936,-86.44685230718586,10208,-0.1,35.8,-86.5,4.885386356733691
2024-05-10 23:57:00,164138736,0.8156102891728312,0.5438947047963085,1.0873258735493538,35.808507099999936,-86.44685230718586,10208,-0.1,35.8,-86.5,4.885386356733691
2024-05-10 23:58:00,164138736,-1.505289658813887,-1.9925156113368414,-1.0180637062909328,35.808507099999936,-86.44685230718586,10208,0.0,35.8,-86.5,4.885386356733691
2024-05-10 23:59:00,164138736,3.262697282700067,2.1925350905248555,4.332859474875279,35.808507099999936,-86.44685230718586,10208,-0.1,35.8,-86.5,4.885386356733691
2024-05-11 00:00:00,164138736,9.825645174848688,6.594764508780442,13.056525840916933,35.808507099999936,-86.44685230718586,10208,0.1,35.8,-86.5,4.885386356733691
2024-05-11 00:01:00,164138736,2.1236129791526563,1.4096442386890993,2.8375817196162134,35.808507099999936,-86.44685230718586,10208,-0.1,35.8,-86.5,4.885386356733691
2024-05-11 00:02:00,164138736,3.940926834650303,2.6409766576436517,5.240877011656954,35.808507099999936,-86.44685230718586,10208,-0.2,35.8,-86.5,4.885386356733691
2024-05-11 00:03:00,164138736,2.0058849876008744,1.3378805004005314,2.6738894748012174,35.808507099999936,-86.44685230718586,10208,-0.1,35.8,-86.5,4.885386356733691
2024-05-11 00:04:00,164138736,2.843096550311029,1.9035163482008735,3.7826767524211844,35.808507099999936,-86.44685230718586,10208,0.0,35.8,-86.5,4.885386356733691
2024-05-11 00:05:00,164138736,1.3724226499453598,0.9126295246700086,1.8322157752207109,35.808507099999936,-86.44685230718586,10208,0.1,35.8,-86.5,4.885386356733691
2024-05-11 00:06:00,164138736,2.0942530577505045,1.4039979298247038,2.784508185676305,35.808507099999936,-86.44685230718586,10208,-0.1,35.8,-86.5,4.885386356733691
2024-05-11 00:07:00,164138736,1.1949286393535643,0.7980830920653423,1.5917741866417863,35.808507099999936,-86.44685230718586,10208,0.0,35.8,-86.5,4.885386356733691
2024-05-11 00:08:00,164138736,1.5898798703345662,1.0631155072566547,2.1166442334124778,35.808507099999936,-86.44685230718586,10208,0.1,35.8,-86.5,4.885386356733691
2024-05-11 00:09:00,164138736,1.200337166904842,0.8019925165635989,1.598681817246085,35.808507099999936,-86.44685230718586,10208,0.2,35.8,-86.5,4.885386356733691
2024-05-11 00:10:00,164138736,1.3579702473520512,0.9093835049332486,1.8065569897708538,35.808507099999936,-86.44685230718586,10208,-0.1,35.8,-86.5,4.885386356733691
2024-05-11 00:11:00,164138736,1.2235191976294553,0.8189507106719071,1.6280876845870034,35.808507099999936,-86.44685230718586,10208,0.1,35.8,-86.5,4.885386356733691
2024-05-11 00:12:00,164138736,1.6038439916778748,1.073419848330925,2.1342681350248247,35.808507099999936,-86.44685230718586,10208,0.2,35.8,-86.5,4.885386356733691
2024-05-11 00:13:00,164138736,0.6000410129980666,0.3971825026736451,0.802899523322488,35.808507099999936,-86.44685230718586,10208,-0.1,35.8,-86.5,4.885386356733691
2024-05-11 00:14:00,164138736,0.9596906917241089,0.642757919700832,1.276623463747386,35.808507099999936,-86.44685230718586,10208,0.2,35.8,-86.5,4.885386356733691
2024-05-11 00:15:00,164138736,0.5129826333431405,0.34047611096013075,0.6854891557261503,35.808507099999936,-86.44685230718586,10208,-0.1,35.8,-86.5,4.885386356733691
2024-05-11 00:16:00,164138736,0.7665181573638198,0.5125111735712418,1.0205251411563978,35.808507099999936,-86.44685230718586,10208,0.2,35.8,-86.5,4.885386356733691
2024-05-11 00:17:00,164138736,0.7794495655052118,0.517922192649969,1.0409769383604548,35.808507099999936,-86.44685230718586,10208,0.1,35.8,-86.5,4.885386356733691
2024-05-11 00:18:00,164138736,0.8497935887062879,0.5675917271063151,1.1319954503062606,35.808507099999936,-86.44685230718586,10208,0.4,35.8,-86.5,4.885386356733691
2024-05-11 00:19:00,164138736,0.3864005626891392,0.2543926596970326,0.5184084656812458,35.808507099999936,-86.44685230718586,10208,0.3,35.8,-86.5,4.885386356733691
2024-05-11 00:20:00,164138736,0.6110398190568258,0.4000944481565045,0.8219851899571471,35.808507099999936,-86.44685230718586,10208,-0.3,35.8,-86.5,4.885386356733691
2024-05-11 00:21:00,164138736,0.653698098362895,0.43441132644412855,0.8729848702816616,35.808507099999936,-86.44685230718586,10208,0.0,35.8,-86.5,4.885386356733691
2024-05-11 00:22:00,164138736,0.9731842636180229,0.6517192146811093,1.2946493125549365,35.808507099999936,-86.44685230718586,10208,0.5,35.8,-86.5,4.885386356733691
2024-05-11 00:23:00,164138736,0.928944734574647,0.6222284365807363,1.2356610325685575,35.808507099999936,-86.44685230718586,10208,0.4,35.8,-86.5,4.885386356733691
2024-05-11 00:24:00,164138736,2.620952552328514,1.7607726653316957,3.4811324393253322,35.808507099999936,-86.44685230718586,10208,0.3,35.8,-86.5,4.885386356733691
2024-05-11 00:25:00,164138736,1.6433307414256892,1.1005760890186966,2.186085393832682,35.808507099999936,-86.44685230718586,10208,0.8,35.8,-86.5,4.885386356733691
2024-05-11 00:26:00,164138736,0.7841030138807162,0.5234828224381407,1.0447232053232918,35.808507099999936,-86.44685230718586,10208,1.0,35.8,-86.5,4.885386356733691
2024-05-11 00:27:00,164138736,0.877047694603228,0.586451133364817,1.167644255841639,35.808507099999936,-86.44685230718586,10208,0.5,35.8,-86.5,4.885386356733691
2024-05-11 00:28:00,164138736,1.5160009798461669,1.0169643003212157,2.015037659371118,35.808507099999936,-86.44685230718586,10208,0.7,35.8,-86.5,4.885386356733691
2024-05-11 00:29:00,164138736,2.171675353059852,1.4564225396016361,2.886928166518068,35.808507099999936,-86.44685230718586,10208,1.0,35.8,-86.5,4.885386356733691
2024-05-11 00:30:00,164138736,2.6278810892316744,1.7605468700801057,3.4952153083832433,35.808507099999936,-86.44685230718586,10208,1.3,35.8,-86.5,4.885386356733691
2024-05-11 00:31:00,164138736,1.2951103574731002,0.856186879880839,1.7340338350653615,35.808507099999936,-86.44685230718586,10208,0.9,35.8,-86.5,4.885386356733691
2024-05-11 00:32:00,164138736,0.3856167924748865,0.22416775786220747,0.5470658270875656,35.808507099999936,-86.44685230718586,10208,0.3,35.8,-86.5,4.885386356733691
2024-05-11 00:33:00,164138736,-1.5651729047579017,-2.075476930815179,-1.0548688787006246,35.808507099999936,-86.44685230718586,10208,0.1,35.8,-86.5,4.885386356733691
2024-05-11 00:34:00,164138736,-0.39677777062668124,-0.5310132903520317,-0.26254225090133076,35.808507099999936,-86.44685230718586,10208,-0.4,35.8,-86.5,4.885386356733691
2024-05-11 00:35:00,164138736,0.5018357339126597,0.33508075520551206,0.6685907126198073,35.808507099999936,-86.44685230718586,10208,0.4,35.8,-86.5,4.885386356733691
2024-05-11 00:36:00,164138736,-0.09073517017101553,-0.2687583914357194,0.08728805109368833,35.808507099999936,-86.44685230718586,10208,0.7,35.8,-86.5,4.885386356733691
2024-05-11 00:37:00,164138736,-1.0774804162113316,-1.4547161952124585,-0.7002446372102047,35.808507099999936,-86.44685230718586,10208,1.2,35.8,-86.5,4.885386356733691
2024-05-11 00:38:00,164138736,-1.1360084928757566,-1.519409353863011,-0.7526076318885022,35.808507099999936,-86.44685230718586,10208,0.1,35.8,-86.5,4.885386356733691
2024-05-11 00:39:00,164138736,-0.7721665567732852,-1.04909061121409,-0.49524250233248013,35.808507099999936,-86.44685230718586,10208,0.1,35.8,-86.5,4.885386356733691
2024-05-11 00:40:00,164138736,-0.47773550786503866,-0.6712123266990414,-0.2842586890310359,35.808507099999936,-86.44685230718586,10208,0.0,35.8,-86.5,4.885386356733691
2024-05-11 00:41:00,164138736,-0.24738209666064223,-0.3423855473213133,-0.1523786459999711,35.808507099999936,-86.44685230718586,10208,0.0,35.8,-86.5,4.885386356733691
2024-05-11 00:42:00,164138736,-0.11280060327526059,-0.15539857338961025,-0.07020263316091094,35.808507099999936,-86.44685230718586,10208,-0.2,35.8,-86.5,4.885386356733691
2024-05-11 00:43:00,164138736,-0.07038454570141749,-0.09835605264746475,-0.042413038755370225,35.808507099999936,-86.44685230718586,10208,-0.5,35.8,-86.5,4.885386356733691
2024-05-11 00:44:00,164138736,0.36597262538353226,0.24238365198397563,0.4895615987830889,35.808507099999936,-86.44685230718586,10208,0.1,35.8,-86.5,4.885386356733691
2024-05-11 00:45:00,164138736,0.09579281046956517,0.029022626689141753,0.1625629942499886,35.808507099999936,-86.44685230718586,10208,-0.8,35.8,-86.5,4.885386356733691
2024-05-11 00:46:00,164138736,0.7565308848562542,0.4889653775723046,1.0240963921402038,35.808507099999936,-86.44685230718586,10208,-0.9,35.8,-86.5,4.885386356733691
2024-05-11 00:47:00,164138736,0.9294356427580699,0.6119401130225042,1.2469311724936356,35.808507099999936,-86.44685230718586,10208,-0.2,35.8,-86.5,4.885386356733691
2024-05-11 00:48:00,164138736,1.3726758206540013,0.9155161683487013,1.8298354729593012,35.808507099999936,-86.44685230718586,10208,-0.3,35.8,-86.5,4.885386356733691
2024-05-11 00:49:00,164138736,0.1646368954112727,0.09539733692802366,0.23387645389452172,35.808507099999936,-86.44685230718586,10208,-0.5,35.8,-86.5,4.885386356733691
2024-05-11 00:50:00,164138736,0.29551350966186113,0.1889139708945466,0.40211304842917567,35.808507099999936,-86.44685230718586,10208,-1.2,35.8,-86.5,4.885386356733691
2024-05-11 00:51:00,164138736,0.2970729230150891,0.18892332198930745,0.4052225240408707,35.808507099999936,-86.44685230718586,10208,-0.5,35.8,-86.5,4.885386356733691
2024-05-11 00:52:00,164138736,0.13349341961386704,0.0763697366653359,0.19061710256239817,35.808507099999936,-86.44685230718586,10208,-0.2,35.8,-86.5,4.885386356733691
2024-05-11 00:53:00,164138736,-0.1440395208998823,-0.19645042295549645,-0.09162861884426818,35.808507099999936,-86.44685230718586,10208,-0.3,35.8,-86.5,4.885386356733691
2024-05-11 00:54:00,164138736,-0.79967334082885,-1.0602016276435924,-0.5391450540141076,35.808507099999936,-86.44685230718586,10208,-0.1,35.8,-86.5,4.885386356733691
2024-05-11 00:55:00,164138736,-0.705385147843813,-0.9375871616460638,-0.4731831340415622,35.808507099999936,-86.44685230718586,10208,0.2,35.8,-86.5,4.885386356733691
2024-05-11 00:56:00,164138736,-0.3585932410316493,-0.4849602585075937,-0.2322262235557049,35.808507099999936,-86.44685230718586,10208,-0.1,35.8,-86.5,4.885386356733691
2024-05-11 00:57:00,164138736,-0.182380927675269,-0.25500621255450484,-0.1097556427960332,35.808507099999936,-86.44685230718586,10208,0.1,35.8,-86.5,4.885386356733691
2024-05-11 00:58:00,164138736,-0.2837899162533625,-0.3756110189859761,-0.19196881352074885,35.808507099999936,-86.44685230718586,10208,-0.1,35.8,-86.5,4.885386356733691
2024-05-11 00:59:00,164138736,-0.8164571468350706,-1.082707085227901,-0.5502072084422402,35.808507099999936,-86.44685230718586,10208,-0.2,35.8,-86.5,4.885386356733691
2024-05-11 01:00:00,164138736,-0.854699386873739,-1.1339733076849239,-0.5754254660625542,35.808507099999936,-86.44685230718586,10208,-0.3,35.8,-86.5,4.885386356733691
2024-05-11 01:01:00,164138736,-0.4387707790433759,-0.5884528769401972,-0.2890886811465546,35.808507099999936,-86.44685230718586,10208,-0.2,35.8,-86.5,4.885386356733691
2024-05-11 01:02:00,164138736,0.39767774159906694,0.24478593184084502,0.5505695513572888,35.808507099999936,-86.44685230718586,10208,-0.1,35.8,-86.5,4.885386356733691
2024-05-11 01:03:00,164138736,0.43419564612054473,0.27636826105965484,0.5920230311814346,35.808507099999936,-86.44685230718586,10208,-0.2,35.8,-86.5,4.885386356733691
2024-05-11 01:04:00,164138736,0.20383357424501933,0.12892357977947633,0.27874356871056233,35.808507099999936,-86.44685230718586,10208,0.0,35.8,-86.5,4.885386356733691
2024-05-11 01:05:00,164138736,-0.47338095525806995,-0.6295652771051061,-0.31719663341103377,35.808507099999936,-86.44685230718586,10208,-0.3,35.8,-86.5,4.885386356733691
2024-05-11 01:06:00,164138736,-0.1397834988191934,-0.19460829178946937,-0.08495870584891747,35.808507099999936,-86.44685230718586,10208,-0.3,35.8,-86.5,4.885386356733691
2024-05-11 01:07:00,164138736,0.10434867386538949,0.01911117628951081,0.18958617144126816,35.808507099999936,-86.44685230718586,10208,-0.6,35.8,-86.5,4.885386356733691
2024-05-11 01:08:00,164138736,-0.10564996864303455,-0.167376144689255,-0.04392379259681412,35.808507099999936,-86.44685230718586,10208,-0.2,35.8,-86.5,4.885386356733691
2024-05-11 01:09:00,164138736,-0.2622598161934684,-0.352062418573537,-0.1724572138133998,35.808507099999936,-86.44685230718586,10208,-0.4,35.8,-86.5,4.885386356733691
2024-05-11 01:10:00,164138736,-0.3925516093907616,-0.5290121168969615,-0.25609110188456174,35.808507099999936,-86.44685230718586,10208,-0.5,35.8,-86.5,4.885386356733691
2024-05-11 01:11:00,164138736,-0.7641798582506725,-1.0202522702991206,-0.5081074462022244,35.808507099999936,-86.44685230718586,10208,-0.7,35.8,-86.5,4.885386356733691
2024-05-11 01:12:00,164138736,-0.5421476691219738,-0.7215860860191825,-0.3627092522247651,35.808507099999936,-86.44685230718586,10208,-0.7,35.8,-86.5,4.885386356733691
2024-05-11 01:13:00,164138736,-0.2931619937899294,-0.39495519697095166,-0.19136879060890716,35.808507099999936,-86.44685230718586,10208,-0.4,35.8,-86.5,4.885386356733691
2024-05-11 01:14:00,164138736,-0.044618121352705604,-0.09193236188657655,0.0026961191811653365,35.808507099999936,-86.44685230718586,10208,-0.1,35.8,-86.5,4.885386356733691
2024-05-11 01:15:00,164138736,0.2687639391654758,0.16759024996167116,0.36993762836928046,35.808507099999936,-86.44685230718586,10208,0.0,35.8,-86.5,4.885386356733691
2024-05-11 01:16:00,164138736,0.20088989011537492,0.12900711615334354,0.2727726640774063,35.808507099999936,-86.44685230718586,10208,0.2,35.8,-86.5,4.885386356733691
2024-05-11 01:17:00,164138736,0.6090039456540014,0.4067265277028638,0.811281363605139,35.808507099999936,-86.44685230718586,10208,0.0,35.8,-86.5,4.885386356733691
2024-05-11 01:18:00,164138736,0.9824740853017822,0.6595740723099494,1.305374098293615,35.808507099999936,-86.44685230718586,10208,0.2,35.8,-86.5,4.885386356733691
2024-05-11 01:19:00,164138736,0.19028356432834567,0.1140574909389545,0.26650963771773684,35.808507099999936,-86.44685230718586,10208,0.2,35.8,-86.5,4.885386356733691
2024-05-11 01:20:00,164138736,0.7596176958116173,0.5107615774039731,1.0084738142192615,35.808507099999936,-86.44685230718586,10208,0.3,35.8,-86.5,4.885386356733691
2024-05-11 01:21:00,164138736,0.43454527454081204,0.28923762109737794,0.5798529279842461,35.808507099999936,-86.44685230718586,10208,0.2,35.8,-86.5,4.885386356733691
2024-05-11 01:22:00,164138736,0.4735771543481002,0.31688511122741436,0.6302691974687861,35.808507099999936,-86.44685230718586,10208,0.3,35.8,-86.5,4.885386356733691
2024-05-11 01:23:00,164138736,-0.15686962792114997,-0.2252156858899127,-0.08852356995238726,35.808507099999936,-86.44685230718586,10208,0.3,35.8,-86.5,4.885386356733691
2024-05-11 01:24:00,164138736,-0.577195722301614,-0.7802077170303046,-0.3741837275729234,35.808507099999936,-86.44685230718586,10208,0.2,35.8,-86.5,4.885386356733691
2024-05-11 01:25:00,164138736,-0.7877644665223604,-1.0571589711898015,-0.5183699618549193,35.808507099999936,-86.44685230718586,10208,-0.2,35.8,-86.5,4.885386356733691
2024-05-11 01:26:00,164138736,-0.2232192757150513,-0.31510481198547313,-0.13133373944462945,35.808507099999936,-86.44685230718586,10208,-0.1,35.8,-86.5,4.885386356733691
2024-05-11 01:27:00,164138736,-1.2672221755211837,-1.6852043620855994,-0.8492399889567678,35.808507099999936,-86.44685230718586,10208,-0.4,35.8,-86.5,4.885386356733691
2024-05-11 01:28:00,164138736,-1.5834885413164088,-2.1058188742217583,-1.0611582084110593,35.808507099999936,-86.44685230718586,10208,-0.8,35.8,-86.5,4.885386356733691
2024-05-11 01:29:00,164138736,-1.4633989366173503,-1.9441121137902357,-0.9826857594444649,35.808507099999936,-86.44685230718586,10208,-1.4,35.8,-86.5,4.885386356733691
2024-05-11 01:30:00,164138736,-0.596915783141392,-0.7978560874765608,-0.39597547880622336,35.808507099999936,-86.44685230718586,10208,-0.9,35.8,-86.5,4.885386356733691
2024-05-11 01:31:00,164138736,-0.23450051303188835,-0.34680713715444267,-0.12219388890933403,35.808507099999936,-86.44685230718586,10208,-0.2,35.8,-86.5,4.885386356733691
2024-05-11 01:32:00,164138736,-0.9737109637693342,-1.2936887452147219,-0.6537331823239465,35.808507099999936,-86.44685230718586,10208,0.5,35.8,-86.5,4.885386356733691
2024-05-11 01:33:00,164138736,-0.5942175941492939,-0.7937937955923252,-0.39464139270626253,35.808507099999936,-86.44685230718586,10208,-0.2,35.8,-86.5,4.885386356733691
2024-05-11 01:34:00,164138736,-0.4184499713664257,-0.5721142035419771,-0.26478573919087434,35.808507099999936,-86.44685230718586,10208,-0.9,35.8,-86.5,4.885386356733691
2024-05-11 01:35:00,164138736,-0.3678272814260045,-0.5183550395490649,-0.2172995233029441,35.808507099999936,-86.44685230718586,10208,-0.9,35.8,-86.5,4.885386356733691
2024-05-11 01:36:00,164138736,-0.38342564267926194,-0.5185581280029615,-0.24829315735556237,35.808507099999936,-86.44685230718586,10208,-1.0,35.8,-86.5,4.885386356733691
2024-05-11 01:37:00,164138736,-0.6209819411461835,-0.8286617620322335,-0.4133021202601336,35.808507099999936,-86.44685230718586,10208,-0.9,35.8,-86.5,4.885386356733691
2024-05-11 01:38:00,164138736,-0.3887952587792115,-0.5270188756794557,-0.2505716418789673,35.808507099999936,-86.44685230718586,10208,-0.8,35.8,-86.5,4.885386356733691
2024-05-11 01:39:00,164138736,-0.768980086531187,-1.0269688111209363,-0.5109913619414377,35.808507099999936,-86.44685230718586,10208,0.1,35.8,-86.5,4.885386356733691
2024-05-11 01:40:00,164138736,-0.22291668582138954,-0.3117216132845936,-0.13411175835818553,35.808507099999936,-86.44685230718586,10208,-1.1,35.8,-86.5,4.885386356733691
2024-05-11 01:41:00,164138736,-0.3103371307845074,-0.41589600818081485,-0.2047782533882,35.808507099999936,-86.44685230718586,10208,-0.8,35.8,-86.5,4.885386356733691
2024-05-11 01:42:00,164138736,0.11540918921013366,0.07795298264474951,0.1528653957755178,35.808507099999936,-86.44685230718586,10208,-0.6,35.8,-86.5,4.885386356733691
2024-05-11 01:43:00,164138736,-0.6184091882250337,-0.8264764316045511,-0.4103419448455162,35.808507099999936,-86.44685230718586,10208,-0.7,35.8,-86.5,4.885386356733691
2024-05-11 01:44:00,164138736,-0.4092792646950656,-0.5605299922056881,-0.2580285371844431,35.808507099999936,-86.44685230718586,10208,-0.5,35.8,-86.5,4.885386356733691
2024-05-11 01:45:00,164138736,-0.2938145404705363,-0.4021529896063734,-0.18547609133469917,35.808507099999936,-86.44685230718586,10208,-0.5,35.8,-86.5,4.885386356733691
2024-05-11 01:46:00,164138736,-0.09448667524962436,-0.16355795296107234,-0.025415397538176357,35.808507099999936,-86.44685230718586,10208,-0.9,35.8,-86.5,4.885386356733691
2024-05-11 01:47:00,164138736,-0.34232735136810694,-0.47148458961147965,-0.2131701131247342,35.808507099999936,-86.44685230718586,10208,-1.1,35.8,-86.5,4.885386356733691
2024-05-11 01:48:00,164138736,0.0031608142705274733,-0.010768133528438738,0.017089762069493683,35.808507099999936,-86.44685230718586,10208,-0.7,35.8,-86.5,4.885386356733691
2024-05-11 01:49:00,164138736,0.22085450203850035,0.14926110361560954,0.29244790046139113,35.808507099999936,-86.44685230718586,10208,-1.6,35.8,-86.5,4.885386356733691
2024-05-11 01:50:00,164138736,0.2879730614544805,0.19515351705399875,0.3807926058549622,35.808507099999936,-86.44685230718586,10208,-0.1,35.8,-86.5,4.885386356733691
2024-05-11 01:51:00,164138736,-0.1914892857236676,-0.2589792984191764,-0.12399927302815884,35.808507099999936,-86.44685230718586,10208,-0.1,35.8,-86.5,4.885386356733691
2024-05-11 01:52:00,164138736,-0.2432695502952673,-0.32727715821459913,-0.15926194237593547,35.808507099999936,-86.44685230718586,10208,-0.7,35.8,-86.5,4.885386356733691
2024-05-11 01:53:00,164138736,-0.17639784052937962,-0.23718416590680058,-0.11561151515195867,35.808507099999936,-86.44685230718586,10208,-0.7,35.8,-86.5,4.885386356733691
2024-05-11 01:54:00,164138736,0.11960247273243108,0.08125465265252282,0.15795029281233933,35.808507099999936,-86.44685230718586,10208,-0.5,35.8,-86.5,4.885386356733691
2024-05-11 01:55:00,164138736,0.309183086095116,0.2091172782849129,0.40924889390531916,35.808507099999936,-86.44685230718586,10208,-0.2,35.8,-86.5,4.885386356733691
2024-05-11 01:56:00,164138736,0.3199076238861802,0.20984865898830468,0.42996658878405575,35.808507099999936,-86.44685230718586,10208,-0.1,35.8,-86.5,4.885386356733691
2024-05-11 01:57:00,164138736,-0.09122065304908163,-0.12517956217626658,-0.05726174392189669,35.808507099999936,-86.44685230718586,10208,-0.6,35.8,-86.5,4.885386356733691
2024-05-11 01:58:00,164138736,-0.08248585314260046,-0.11310480557030042,-0.051866900714900493,35.808507099999936,-86.44685230718586,10208,-1.4,35.8,-86.5,4.885386356733691
2024-05-11 01:59:00,164138736,-0.28469251415917113,-0.38756460555172884,-0.18182042276661342,35.808507099999936,-86.44685230718586,10208,-1.1,35.8,-86.5,4.885386356733691
2024-05-11 02:00:00,164138736,-0.22088315203114492,-0.29865536225953393,-0.1431109418027559,35.808507099999936,-86.44685230718586,10208,-0.9,35.8,-86.5,4.885386356733691
2024-05-11 02:01:00,164138736,-0.10768831617974882,-0.20135790458476185,-0.014018727774735784,35.808507099999936,-86.44685230718586,10208,-0.9,35.8,-86.5,4.885386356733691
2024-05-11 02:02:00,164138736,-0.2491019992276816,-0.33276907091163527,-0.1654349275437279,35.808507099999936,-86.44685230718586,10208,0.0,35.8,-86.5,4.885386356733691
2024-05-11 02:03:00,164138736,-0.5627639247173419,-0.7799649493990132,-0.3455629000356707,35.808507099999936,-86.44685230718586,10208,2.9,35.8,-86.5,4.885386356733691
2024-05-11 02:04:00,164138736,0.21169161652268062,0.04277762219839165,0.3806056108469696,35.808507099999936,-86.44685230718586,10208,2.5,35.8,-86.5,4.885386356733691
2024-05-11 02:05:00,164138736,-1.0562457101971974,-1.6162264075579906,-0.49626501283640423,35.808507099999936,-86.44685230718586,10208,1.6,35.8,-86.5,4.885386356733691
2024-05-11 02:06:00,164138736,-2.4040873770595157,-3.226712651934915,-1.5814621021841164,35.808507099999936,-86.44685230718586,10208,-2.7,35.8,-86.5,4.885386356733691
2024-05-11 02:07:00,164138736,-0.7529579270342972,-0.9983507980131905,-0.5075650560554039,35.808507099999936,-86.44685230718586,10208,3.4,35.8,-86.5,4.885386356733691
2024-05-11 02:08:00,164138736,-0.6528651962844654,-0.86810250662995,-0.4376278859389807,35.808507099999936,-86.44685230718586,10208,0.3,35.8,-86.5,4.885386356733691
2024-05-11 02:09:00,164138736,-2.4886634688130465,-3.299732038734321,-1.6775948988917717,35.808507099999936,-86.44685230718586,10208,1.9,35.8,-86.5,4.885386356733691
2024-05-11 02:10:00,164138736,-2.1409362916106254,-2.842947715422044,-1.4389248677992068,35.808507099999936,-86.44685230718586,10208,-0.6,35.8,-86.5,4.885386356733691
2024-05-11 02:11:00,164138736,-3.7482767316745123,-4.974285871345972,-2.522267592003052,35.808507099999936,-86.44685230718586,10208,-4.4,35.8,-86.5,4.885386356733691
2024-05-11 02:12:00,164138736,-4.35641444603228,-5.783618396854275,-2.9292104952102838,35.808507099999936,-86.44685230718586,10208,-4.8,35.8,-86.5,4.885386356733691
2024-05-11 02:13:00,164138736,-2.8800463391055815,-3.8234140222281536,-1.9366786559830094,35.808507099999936,-86.44685230718586,10208,-5.5,35.8,-86.5,4.885386356733691
2024-05-11 02:14:00,164138736,-1.952161572167115,-2.6050033306482523,-1.2993198136859778,35.808507099999936,-86.44685230718586,10208,-3.4,35.8,-86.5,4.885386356733691
2024-05-11 02:15:00,164138736,-0.5266589412932918,-0.7307005847501862,-0.3226172978363975,35.808507099999936,-86.44685230718586,10208,-2.1,35.8,-86.5,4.885386356733691
2024-05-11 02:16:00,164138736,-0.05576982959934586,-0.13171679837036637,0.02017713917167467,35.808507099999936,-86.44685230718586,10208,-3.8,35.8,-86.5,4.885386356733691
2024-05-11 02:17:00,164138736,1.7648999663752523,1.1064655922955475,2.423334340454957,35.808507099999936,-86.44685230718586,10208,-2.0,35.8,-86.5,4.885386356733691
2024-05-11 02:18:00,164138736,-0.6592317182262551,-1.128902752364643,-0.18956068408786725,35.808507099999936,-86.44685230718586,10208,-3.4,35.8,-86.5,4.885386356733691
2024-05-11 02:19:00,164138736,-0.3504425959853254,-0.7174860715020552,0.016600879531404433,35.808507099999936,-86.44685230718586,10208,-1.1,35.8,-86.5,4.885386356733691
2024-05-11 02:20:00,164138736,-0.23957570864197064,-0.4657645974901208,-0.013386819793820476,35.808507099999936,-86.44685230718586,10208,-4.7,35.8,-86.5,4.885386356733691
2024-05-11 02:21:00,164138736,0.4780675669043515,0.09444385829658003,0.8616912755121229,35.808507099999936,-86.44685230718586,10208,-3.3,35.8,-86.5,4.885386356733691
2024-05-11 02:22:00,164138736,-0.1116901887048389,-0.34906188040696706,0.12568150299728928,35.808507099999936,-86.44685230718586,10208,-2.7,35.8,-86.5,4.885386356733691
2024-05-11 02:23:00,164138736,0.29912718495187457,0.19328535215776518,0.40496901774598393,35.808507099999936,-86.44685230718586,10208,-2.5,35.8,-86.5,4.885386356733691
2024-05-11 02:24:00,164138736,1.249847637861466,0.845975417090217,1.653719858632715,35.808507099999936,-86.44685230718586,10208,-0.2,35.8,-86.5,4.885386356733691
2024-05-11 02:25:00,164138736,-0.014101589615904572,-0.06810994322525389,0.039906763993444755,35.808507099999936,-86.44685230718586,10208,-0.9,35.8,-86.5,4.885386356733691
2024-05-11 02:26:00,164138736,0.16724098362053652,-0.030193371825526172,0.3646753390665992,35.808507099999936,-86.44685230718586,10208,-1.7,35.8,-86.5,4.885386356733691
2024-05-11 02:27:00,164138736,0.5120765465413795,0.30074985998896125,0.7234032330937976,35.808507099999936,-86.44685230718586,10208,0.6,35.8,-86.5,4.885386356733691
2024-05-11 02:28:00,164138736,-0.13516358232530237,-0.19527457879441198,-0.07505258585619276,35.808507099999936,-86.44685230718586,10208,1.3,35.8,-86.5,4.885386356733691
2024-05-11 02:29:00,164138736,-0.45975903303894167,-0.6632929655942419,-0.25622510048364144,35.808507099999936,-86.44685230718586,10208,1.1,35.8,-86.5,4.885386356733691
2024-05-11 02:30:00,164138736,0.6733761282679052,0.4378528275419781,0.9088994289938322,35.808507099999936,-86.44685230718586,10208,1.8,35.8,-86.5,4.885386356733691
2024-05-11 02:31:00,164138736,0.8855458242266308,0.5961969932772412,1.1748946551760202,35.808507099999936,-86.44685230718586,10208,1.5,35.8,-86.5,4.885386356733691
2024-05-11 02:32:00,164138736,1.4266750640971755,0.9625773041528581,1.890772824041493,35.808507099999936,-86.44685230718586,10208,0.2,35.8,-86.5,4.885386356733691
2024-05-11 02:33:00,164138736,3.1071315988567587,2.093216564762448,4.121046632951069,35.808507099999936,-86.44685230718586,10208,0.3,35.8,-86.5,4.885386356733691
2024-05-11 02:34:00,164138736,2.236052296990585,1.4964485881791203,2.9756560058020494,35.808507099999936,-86.44685230718586,10208,-0.5,35.8,-86.5,4.885386356733691
2024-05-11 02:35:00,164138736,0.9346455084692333,0.621651906818889,1.2476391101195776,35.808507099999936,-86.44685230718586,10208,2.6,35.8,-86.5,4.885386356733691
2024-05-11 02:36:00,164138736,-0.17626647846604163,-0.2586123971561779,-0.09392055977590533,35.808507099999936,-86.44685230718586,10208,1.1,35.8,-86.5,4.885386356733691
2024-05-11 02:37:00,164138736,0.11178798200944645,0.06230522916598056,0.16127073485291235,35.808507099999936,-86.44685230718586,10208,-0.4,35.8,-86.5,4.885386356733691
2024-05-11 02:38:00,164138736,-0.5954115353900471,-0.8388428690148184,-0.3519802017652757,35.808507099999936,-86.44685230718586,10208,-0.6,35.8,-86.5,4.885386356733691
2024-05-11 02:39:00,164138736,0.10557976230808609,-0.06687758813957449,0.27803711275574666,35.808507099999936,-86.44685230718586,10208,2.9,35.8,-86.5,4.885386356733691
2024-05-11 02:40:00,164138736,0.45310357407426866,0.28620163664491827,0.620005511503619,35.808507099999936,-86.44685230718586,10208,3.8,35.8,-86.5,4.885386356733691
2024-05-11 02:41:00,164138736,0.9858157087991762,0.6193406186349195,1.352290798963433,35.808507099999936,-86.44685230718586,10208,3.6,35.8,-86.5,4.885386356733691
2024-05-11 02:42:00,164138736,1.8847820433338938,1.228703599077237,2.5408604875905505,35.808507099999936,-86.44685230718586,10208,1.8,35.8,-86.5,4.885386356733691
2024-05-11 02:43:00,164138736,1.2624818741593813,0.7988914925792452,1.7260722557395174,35.808507099999936,-86.44685230718586,10208,0.5,35.8,-86.5,4.885386356733691
2024-05-11 02:44:00,164138736,-0.2649131523496606,-0.39924819224614416,-0.13057811245317705,35.808507099999936,-86.44685230718586,10208,0.9,35.8,-86.5,4.885386356733691
2024-05-11 02:45:00,164138736,-0.5322111292661399,-0.707290254407336,-0.35713200412494384,35.808507099999936,-86.44685230718586,10208,0.1,35.8,-86.5,4.885386356733691
2024-05-11 02:46:00,164138736,-0.7531535514826412,-1.074190512550189,-0.43211659041509337,35.808507099999936,-86.44685230718586,10208,-2.6,35.8,-86.5,4.885386356733691
2024-05-11 02:47:00,164138736,-0.21416988513897792,-0.5342978370533801,0.10595806677542427,35.808507099999936,-86.44685230718586,10208,-1.3,35.8,-86.5,4.885386356733691
2024-05-11 02:48:00,164138736,2.2122693552454606,1.4551937261233467,2.9693449843675745,35.808507099999936,-86.44685230718586,10208,1.6,35.8,-86.5,4.885386356733691
2024-05-11 02:49:00,164138736,3.9764718707969067,2.6759411352561564,5.277002606337657,35.808507099999936,-86.44685230718586,10208,3.9,35.8,-86.5,4.885386356733691
2024-05-11 02:50:00,164138736,1.910369031607263,1.2843418716315025,2.5363961915830235,35.808507099999936,-86.44685230718586,10208,4.6,35.8,-86.5,4.885386356733691
2024-05-11 02:51:00,164138736,1.825825119788164,1.2303992707332292,2.4212509688430988,35.808507099999936,-86.44685230718586,10208,4.3,35.8,-86.5,4.885386356733691
2024-05-11 02:52:00,164138736,0.8281417467005716,0.5582839479563846,1.0979995454447586,35.808507099999936,-86.44685230718586,10208,1.5,35.8,-86.5,4.885386356733691
2024-05-11 02:53:00,164138736,1.3221700702967385,0.8835882090397902,1.7607519315536868,35.808507099999936,-86.44685230718586,10208,1.0,35.8,-86.5,4.885386356733691
2024-05-11 02:54:00,164138736,1.2799910421570275,0.8549106375449727,1.7050714467690824,35.808507099999936,-86.44685230718586,10208,-0.4,35.8,-86.5,4.885386356733691
2024-05-11 02:55:00,164138736,0.9486234212130128,0.6367027891766734,1.2605440532493521,35.808507099999936,-86.44685230718586,10208,0.2,35.8,-86.5,4.885386356733691
2024-05-11 02:56:00,164138736,1.747585191450908,1.1791952224212758,2.31597516048054,35.808507099999936,-86.44685230718586,10208,0.2,35.8,-86.5,4.885386356733691
2024-05-11 02:57:00,164138736,1.5561598961835912,1.0457550572905903,2.066564735076592,35.808507099999936,-86.44685230718586,10208,-0.7,35.8,-86.5,4.885386356733691
2024-05-11 02:58:00,164138736,1.028028722890047,0.6912227829900821,1.364834662790012,35.808507099999936,-86.44685230718586,10208,-0.2,35.8,-86.5,4.885386356733691
2024-05-11 02:59:00,164138736,1.1263719159801615,0.752306924707447,1.500436907252876,35.808507099999936,-86.44685230718586,10208,0.1,35.8,-86.5,4.885386356733691
2024-05-11 03:00:00,164138736,0.37361831511117183,0.24054014879317545,0.5066964814291682,35.808507099999936,-86.44685230718586,10208,-0.2,35.8,-86.5,4.885386356733691
2024-05-11 03:01:00,164138736,-0.33383406515320274,-0.46398610147611663,-0.20368202883028888,35.808507099999936,-86.44685230718586,10208,1.3,35.8,-86.5,4.885386356733691
2024-05-11 03:02:00,164138736,-1.155745957149462,-1.5364777524937825,-0.7750141618051414,35.808507099999936,-86.44685230718586,10208,0.4,35.8,-86.5,4.885386356733691
2024-05-11 03:03:00,164138736,-1.3023567533204439,-1.7324933008839276,-0.8722202057569601,35.808507099999936,-86.44685230718586,10208,0.9,35.8,-86.5,4.885386356733691
2024-05-11 03:04:00,164138736,-1.0558860383742434,-1.4096521099868642,-0.7021199667616227,35.808507099999936,-86.44685230718586,10208,0.6,35.8,-86.5,4.885386356733691
2024-05-11 03:05:00,164138736,-1.0150296712130127,-1.3587645338567886,-0.6712948085692367,35.808507099999936,-86.44685230718586,10208,-0.7,35.8,-86.5,4.885386356733691
2024-05-11 03:06:00,164138736,-0.013195228239956043,-0.08983097526445934,0.06344051878454725,35.808507099999936,-86.44685230718586,10208,-0.4,35.8,-86.5,4.885386356733691
2024-05-11 03:07:00,164138736,0.4141769357872394,0.2784782808047823,0.5498755907696965,35.808507099999936,-86.44685230718586,10208,-1.3,35.8,-86.5,4.885386356733691
2024-05-11 03:08:00,164138736,0.05453363527927771,-0.007184826217362154,0.11625209677591758,35.808507099999936,-86.44685230718586,10208,-0.9,35.8,-86.5,4.885386356733691
2024-05-11 03:09:00,164138736,0.18879509870045605,0.051134225533781524,0.3264559718671306,35.808507099999936,-86.44685230718586,10208,-1.2,35.8,-86.5,4.885386356733691
2024-05-11 03:10:00,164138736,0.6532997895826328,0.4402528239930249,0.8663467551722407,35.808507099999936,-86.44685230718586,10208,-1.4,35.8,-86.5,4.885386356733691
2024-05-11 03:11:00,164138736,0.8831150898936617,0.5723783810029699,1.1938517987843535,35.808507099999936,-86.44685230718586,10208,-1.8,35.8,-86.5,4.885386356733691
2024-05-11 03:12:00,164138736,1.0031544544910054,0.62006888857737,1.3862400204046408,35.808507099999936,-86.44685230718586,10208,-0.4,35.8,-86.5,4.885386356733691
2024-05-11 03:13:00,164138736,1.9684176929219905,1.3133306648847602,2.623504720959221,35.808507099999936,-86.44685230718586,10208,0.0,35.8,-86.5,4.885386356733691
2024-05-11 03:14:00,164138736,1.257253619914257,0.8402214605595295,1.6742857792689845,35.808507099999936,-86.44685230718586,10208,0.4,35.8,-86.5,4.885386356733691
2024-05-11 03:15:00,164138736,1.4172397759751176,0.9539917698946525,1.8804877820555828,35.808507099999936,-86.44685230718586,10208,0.6,35.8,-86.5,4.885386356733691
2024-05-11 03:16:00,164138736,1.346170390782616,0.905007124723999,1.7873336568412328,35.808507099999936,-86.44685230718586,10208,1.3,35.8,-86.5,4.885386356733691
2024-05-11 03:17:00,164138736,0.18825085145479573,0.12570750281190113,0.2507942000976903,35.808507099999936,-86.44685230718586,10208,1.2,35.8,-86.5,4.885386356733691
2024-05-11 03:18:00,164138736,-0.5311821922810188,-0.7127807944138671,-0.3495835901481705,35.808507099999936,-86.44685230718586,10208,0.9,35.8,-86.5,4.885386356733691
2024-05-11 03:19:00,164138736,-1.3865443872940484,-1.8422311186794191,-0.9308576559086775,35.808507099999936,-86.44685230718586,10208,0.4,35.8,-86.5,4.885386356733691
2024-05-11 03:20:00,164138736,-2.145335091627438,-2.8531331726391467,-1.437537010615729,35.808507099999936,-86.44685230718586,10208,-0.8,35.8,-86.5,4.885386356733691
2024-05-11 03:21:00,164138736,-2.1862246238231338,-2.904707811668355,-1.4677414359779126,35.808507099999936,-86.44685230718586,10208,-2.2,35.8,-86.5,4.885386356733691
2024-05-11 03:22:00,164138736,-2.209458536482851,-2.9343979774752,-1.4845190954905025,35.808507099999936,-86.44685230718586,10208,-2.4,35.8,-86.5,4.885386356733691
2024-05-11 03:23:00,164138736,-1.4424688445696032,-1.9186358039551716,-0.9663018851840348,35.808507099999936,-86.44685230718586,10208,-2.4,35.8,-86.5,4.885386356733691
2024-05-11 03:24:00,164138736,-0.7822643246679556,-1.0413342671827408,-0.5231943821531704,35.808507099999936,-86.44685230718586,10208,-2.3,35.8,-86.5,4.885386356733691
2024-05-11 03:25:00,164138736,0.31003330951580366,0.2024363636644003,0.417630255367207,35.808507099999936,-86.44685230718586,10208,-2.3,35.8,-86.5,4.885386356733691
2024-05-11 03:26:00,164138736,0.6538772223856758,0.4385160081289604,0.8692384366423912,35.808507099999936,-86.44685230718586,10208,-2.1,35.8,-86.5,4.885386356733691
2024-05-11 03:27:00,164138736,0.7286558375714526,0.48941517261232004,0.9678965025305851,35.808507099999936,-86.44685230718586,10208,-1.6,35.8,-86.5,4.885386356733691
2024-05-11 03:28:00,164138736,0.47585667582590785,0.3193332935242973,0.6323800581275184,35.808507099999936,-86.44685230718586,10208,-0.9,35.8,-86.5,4.885386356733691
2024-05-11 03:29:00,164138736,0.6036830920057162,0.4057646406172146,0.8016015433942179,35.808507099999936,-86.44685230718586,10208,-0.3,35.8,-86.5,4.885386356733691
2024-05-11 03:30:00,164138736,0.31819568421107935,0.2129578070806139,0.4234335613415448,35.808507099999936,-86.44685230718586,10208,0.3,35.8,-86.5,4.885386356733691
2024-05-11 03:31:00,164138736,0.4025349414981927,0.266449510864575,0.5386203721318104,35.808507099999936,-86.44685230718586,10208,0.4,35.8,-86.5,4.885386356733691
2024-05-11 03:32:00,164138736,0.22101527857315484,0.1402657462654137,0.301764810880896,35.808507099999936,-86.44685230718586,10208,0.8,35.8,-86.5,4.885386356733691
2024-05-11 03:33:00,164138736,0.24836227119409884,0.15815244009790644,0.3385721022902912,35.808507099999936,-86.44685230718586,10208,0.6,35.8,-86.5,4.885386356733691
2024-05-11 03:34:00,164138736,-0.03314995970113532,-0.0751331115882481,0.00883319218597746,35.808507099999936,-86.44685230718586,10208,0.7,35.8,-86.5,4.885386356733691
2024-05-11 03:35:00,164138736,-0.249719082307078,-0.3387575655785301,-0.16068059903562593,35.808507099999936,-86.44685230718586,10208,0.6,35.8,-86.5,4.885386356733691
2024-05-11 03:36:00,164138736,-0.4549200164446032,-0.6040013092012697,-0.3058387236879367,35.808507099999936,-86.44685230718586,10208,0.5,35.8,-86.5,4.885386356733691
2024-05-11 03:37:00,164138736,-0.3971358544889038,-0.5317785974046548,-0.2624931115731528,35.808507099999936,-86.44685230718586,10208,0.2,35.8,-86.5,4.885386356733691
2024-05-11 03:38:00,164138736,-0.432953270794805,-0.5764484435177777,-0.2894580980718323,35.808507099999936,-86.44685230718586,10208,0.0,35.8,-86.5,4.885386356733691
2024-05-11 03:39:00,164138736,-0.33546325642547914,-0.44540858855065824,-0.22551792430030002,35.808507099999936,-86.44685230718586,10208,0.0,35.8,-86.5,4.885386356733691
2024-05-11 03:40:00,164138736,-0.2800599991593813,-0.3715606281351834,-0.18855937018357913,35.808507099999936,-86.44685230718586,10208,0.1,35.8,-86.5,4.885386356733691
2024-05-11 03:41:00,164138736,-0.05810779970447409,-0.1001784297822025,-0.016037169626745687,35.808507099999936,-86.44685230718586,10208,0.1,35.8,-86.5,4.885386356733691
2024-05-11 03:42:00,164138736,-0.10256499444869195,-0.17403040829589916,-0.031099580601484753,35.808507099999936,-86.44685230718586,10208,0.3,35.8,-86.5,4.885386356733691
2024-05-11 03:43:00,164138736,-0.25748458482630715,-0.3752279645892769,-0.13974120506333743,35.808507099999936,-86.44685230718586,10208,0.4,35.8,-86.5,4.885386356733691
2024-05-11 03:44:00,164138736,-0.14934904429442786,-0.23340334134833,-0.06529474724052572,35.808507099999936,-86.44685230718586,10208,0.5,35.8,-86.5,4.885386356733691
2024-05-11 03:45:00,164138736,-0.1807273944593069,-0.2846141271486087,-0.07684066177000515,35.808507099999936,-86.44685230718586,10208,0.6,35.8,-86.5,4.885386356733691
2024-05-11 03:46:00,164138736,-0.23344643034226314,-0.33986157480240653,-0.12703128588211973,35.808507099999936,-86.44685230718586,10208,0.6,35.8,-86.5,4.885386356733691
2024-05-11 03:47:00,164138736,-0.28739357635970075,-0.3954813694412142,-0.1793057832781873,35.808507099999936,-86.44685230718586,10208,0.6,35.8,-86.5,4.885386356733691
2024-05-11 03:48:00,164138736,-0.4258884617203262,-0.5704493866107474,-0.281327536829905,35.808507099999936,-86.44685230718586,10208,0.5,35.8,-86.5,4.885386356733691
2024-05-11 03:49:00,164138736,-0.45630867912533624,-0.6128603203967138,-0.2997570378539587,35.808507099999936,-86.44685230718586,10208,0.4,35.8,-86.5,4.885386356733691
2024-05-11 03:50:00,164138736,-0.47224103033582715,-0.6332958074148705,-0.3111862532567838,35.808507099999936,-86.44685230718586,10208,0.1,35.8,-86.5,4.885386356733691
2024-05-11 03:51:00,164138736,-0.3185639474403161,-0.4372989222701014,-0.19982897261053073,35.808507099999936,-86.44685230718586,10208,-0.1,35.8,-86.5,4.885386356733691
2024-05-11 03:52:00,164138736,-0.46552905125672495,-0.6252962004284527,-0.3057619020849972,35.808507099999936,-86.44685230718586,10208,-0.2,35.8,-86.5,4.885386356733691
2024-05-11 03:53:00,164138736,-0.5888465003992939,-0.7854801701120493,-0.3922128306865385,35.808507099999936,-86.44685230718586,10208,-0.2,35.8,-86.5,4.885386356733691
2024-05-11 03:54:00,164138736,-0.6070844782384835,-0.8048643930825587,-0.4093045633944083,35.808507099999936,-86.44685230718586,10208,-0.3,35.8,-86.5,4.885386356733691
2024-05-11 03:55:00,164138736,-0.6407203905199227,-0.8493185859178296,-0.4321221951220158,35.808507099999936,-86.44685230718586,10208,-0.3,35.8,-86.5,4.885386356733691
2024-05-11 03:56:00,164138736,-0.6365929855623739,-0.8435830886038598,-0.42960288252088796,35.808507099999936,-86.44685230718586,10208,-0.2,35.8,-86.5,4.885386356733691
2024-05-11 03:57:00,164138736,-0.6962099261306322,-0.9228619066963318,-0.46955794556493247,35.808507099999936,-86.44685230718586,10208,-0.2,35.8,-86.5,4.885386356733691
2024-05-11 03:58:00,164138736,-0.46702607494115667,-0.6189908907754695,-0.3150612591068438,35.808507099999936,-86.44685230718586,10208,-0.2,35.8,-86.5,4.885386356733691
2024-05-11 03:59:00,164138736,-0.056977365028160726,-0.07513051842709757,-0.03882421162922388,35.808507099999936,-86.44685230718586,10208,-0.2,35.8,-86.5,4.885386356733691
2024-05-11 04:00:00,164138736,-0.03669460900453569,-0.05870061737560619,-0.014688600633465186,35.808507099999936,-86.44685230718586,10208,-0.2,35.8,-86.5,4.885386356733691
2024-05-11 04:01:00,164138736,-0.006483649678413068,-0.040556772970482075,0.027589473613655935,35.808507099999936,-86.44685230718586,10208,-0.2,35.8,-86.5,4.885386356733691
2024-05-11 04:02:00,164138736,-0.057320815489127,-0.09105398241196534,-0.023587648566288658,35.808507099999936,-86.44685230718586,10208,-0.3,35.8,-86.5,4.885386356733691
2024-05-11 04:03:00,164138736,-0.30443925479152656,-0.4058114257658096,-0.20306708381724353,35.808507099999936,-86.44685230718586,10208,-0.4,35.8,-86.5,4.885386356733691
2024-05-11 04:04:00,164138736,-0.2518190693037576,-0.33304775044414076,-0.1705903881633744,35.808507099999936,-86.44685230718586,10208,-0.3,35.8,-86.5,4.885386356733691
2024-05-11 04:05:00,164138736,0.05342849084973415,0.03318553835643831,0.07367144334303,35.808507099999936,-86.44685230718586,10208,-0.2,35.8,-86.5,4.885386356733691
2024-05-11 04:06:00,164138736,0.19062990908183422,0.12383582693868214,0.25742399122498627,35.808507099999936,-86.44685230718586,10208,0.0,35.8,-86.5,4.885386356733691
2024-05-11 04:07:00,164138736,0.12468741544558044,0.08020592153039498,0.1691689093607659,35.808507099999936,-86.44685230718586,10208,0.2,35.8,-86.5,4.885386356733691
2024-05-11 04:08:00,164138736,-0.02575554812443521,-0.035352823429480096,-0.016158272819390324,35.808507099999936,-86.44685230718586,10208,0.3,35.8,-86.5,4.885386356733691
2024-05-11 04:09:00,164138736,-0.04731185466712485,-0.07018874296228836,-0.02443496637196134,35.808507099999936,-86.44685230718586,10208,0.4,35.8,-86.5,4.885386356733691
2024-05-11 04:10:00,164138736,-0.13869691295918796,-0.18324698080327576,-0.09414684511510016,35.808507099999936,-86.44685230718586,10208,0.3,35.8,-86.5,4.885386356733691
2024-05-11 04:11:00,164138736,-0.1623453885497226,-0.21459863123122563,-0.11009214586821958,35.808507099999936,-86.44685230718586,10208,0.1,35.8,-86.5,4.885386356733691
2024-05-11 04:12:00,164138736,-0.23655740703282616,-0.31287064373894136,-0.16024417032671093,35.808507099999936,-86.44685230718586,10208,-0.2,35.8,-86.5,4.885386356733691
2024-05-11 04:13:00,164138736,-0.18058960535579185,-0.2408392910855669,-0.1203399196260168,35.808507099999936,-86.44685230718586,10208,-0.3,35.8,-86.5,4.885386356733691
2024-05-11 04:14:00,164138736,0.10452659930169542,0.058797067554267494,0.15025613104912333,35.808507099999936,-86.44685230718586,10208,-0.5,35.8,-86.5,4.885386356733691
2024-05-11 04:15:00,164138736,0.13782408354502038,0.07857869884325815,0.19706946824678262,35.808507099999936,-86.44685230718586,10208,-0.5,35.8,-86.5,4.885386356733691
2024-05-11 04:16:00,164138736,-0.03597577434301216,-0.05268178133502903,-0.019269767350995292,35.808507099999936,-86.44685230718586,10208,-0.4,35.8,-86.5,4.885386356733691
2024-05-11 04:17:00,164138736,0.028075474055725694,0.006086057270141582,0.05006489084130981,35.808507099999936,-86.44685230718586,10208,-0.4,35.8,-86.5,4.885386356733691
2024-05-11 04:18:00,164138736,0.07471138210848184,0.04650739880725856,0.10291536540970513,35.808507099999936,-86.44685230718586,10208,0.0,35.8,-86.5,4.885386356733691
2024-05-11 04:19:00,164138736,-0.0186242442365132,-0.033845519925498356,-0.0034029685475280413,35.808507099999936,-86.44685230718586,10208,-0.2,35.8,-86.5,4.885386356733691
2024-05-11 04:20:00,164138736,-0.04368268072645217,-0.06236119095747298,-0.025004170495431362,35.808507099999936,-86.44685230718586,10208,-0.2,35.8,-86.5,4.885386356733691
2024-05-11 04:21:00,164138736,-0.11449702762483188,-0.15354511868948859,-0.07544893656017518,35.808507099999936,-86.44685230718586,10208,-0.2,35.8,-86.5,4.885386356733691
2024-05-11 04:22:00,164138736,-0.4975479218329691,-0.6607931677395236,-0.33430267592641455,35.808507099999936,-86.44685230718586,10208,-0.2,35.8,-86.5,4.885386356733691
2024-05-11 04:23:00,164138736,-0.8281384630337929,-1.0986854679039868,-0.557591458163599,35.808507099999936,-86.44685230718586,10208,-0.3,35.8,-86.5,4.885386356733691
2024-05-11 04:24:00,164138736,-0.7504904156334062,-0.9948364119337103,-0.5061444193331022,35.808507099999936,-86.44685230718586,10208,-0.2,35.8,-86.5,4.885386356733691
2024-05-11 04:25:00,164138736,-0.599404638376345,-0.7942477168318778,-0.40456155992081216,35.808507099999936,-86.44685230718586,10208,-0.2,35.8,-86.5,4.885386356733691
2024-05-11 04:26:00,164138736,-0.6761660957464694,-0.8973302082163935,-0.4550019832765452,35.808507099999936,-86.44685230718586,10208,-0.3,35.8,-86.5,4.885386356733691
2024-05-11 04:27:00,164138736,-0.39143343876092807,-0.5214725010692791,-0.261394376452577,35.808507099999936,-86.44685230718586,10208,-0.3,35.8,-86.5,4.885386356733691
2024-05-11 04:28:00,164138736,-0.01811486234100537,-0.06251249004944674,0.026282765367436,35.808507099999936,-86.44685230718586,10208,0.1,35.8,-86.5,4.885386356733691
2024-05-11 04:29:00,164138736,-0.7839912050268998,-1.0465062317078448,-0.5214761783459547,35.808507099999936,-86.44685230718586,10208,-0.4,35.8,-86.5,4.885386356733691
2024-05-11 04:30:00,164138736,-0.7551023256241594,-1.0007629769090292,-0.5094416743392894,35.808507099999936,-86.44685230718586,10208,-0.4,35.8,-86.5,4.885386356733691
2024-05-11 04:31:00,164138736,-0.5094275715051277,-0.6766337328205158,-0.3422214101897397,35.808507099999936,-86.44685230718586,10208,-0.1,35.8,-86.5,4.885386356733691
2024-05-11 04:32:00,164138736,-0.2995978164929388,-0.3987626246057509,-0.20043300838012673,35.808507099999936,-86.44685230718586,10208,0.0,35.8,-86.5,4.885386356733691
2024-05-11 04:33:00,164138736,-0.2106256337476883,-0.2779393605195581,-0.14331190697581853,35.808507099999936,-86.44685230718586,10208,-0.3,35.8,-86.5,4.885386356733691
2024-05-11 04:34:00,164138736,-0.2377662068657532,-0.31509002780219203,-0.16044238592931437,35.808507099999936,-86.44685230718586,10208,-0.5,35.8,-86.5,4.885386356733691
2024-05-11 04:35:00,164138736,0.0048428001865574236,-0.006931573522078372,0.016617173895193217,35.808507099999936,-86.44685230718586,10208,-0.5,35.8,-86.5,4.885386356733691
2024-05-11 04:36:00,164138736,-0.02806213508136495,-0.04648960167965854,-0.00963466848307136,35.808507099999936,-86.44685230718586,10208,-0.4,35.8,-86.5,4.885386356733691
2024-05-11 04:37:00,164138736,0.06014158971051522,0.020594967365856455,0.09968821205517397,35.808507099999936,-86.44685230718586,10208,-0.2,35.8,-86.5,4.885386356733691
2024-05-11 04:38:00,164138736,0.2852752829207297,0.16144850260003996,0.4091020632414194,35.808507099999936,-86.44685230718586,10208,0.1,35.8,-86.5,4.885386356733691
2024-05-11 04:39:00,164138736,0.13332590033884567,0.025513884430039213,0.24113791624765213,35.808507099999936,-86.44685230718586,10208,0.1,35.8,-86.5,4.885386356733691
2024-05-11 04:40:00,164138736,-0.13590413384094444,-0.23521184298623282,-0.03659642469565605,35.808507099999936,-86.44685230718586,10208,0.0,35.8,-86.5,4.885386356733691
2024-05-11 04:41:00,164138736,-0.0007657785101392242,-0.08051213376559777,0.0789805767453193,35.808507099999936,-86.44685230718586,10208,0.3,35.8,-86.5,4.885386356733691
2024-05-11 04:42:00,164138736,-0.16780410617810412,-0.2980702740533121,-0.03753793830289612,35.808507099999936,-86.44685230718586,10208,0.2,35.8,-86.5,4.885386356733691
2024-05-11 04:43:00,164138736,-0.7950039666694687,-1.0561725284722185,-0.5338354048667189,35.808507099999936,-86.44685230718586,10208,-0.1,35.8,-86.5,4.885386356733691
2024-05-11 04:44:00,164138736,-0.7697134935062205,-1.0190756495576994,-0.5203513374547416,35.808507099999936,-86.44685230718586,10208,0.1,35.8,-86.5,4.885386356733691
2024-05-11 04:45:00,164138736,-0.265789716934789,-0.36352074936497325,-0.1680586845046047,35.808507099999936,-86.44685230718586,10208,0.2,35.8,-86.5,4.885386356733691
2024-05-11 04:46:00,164138736,-0.05929164964237226,-0.09429449526877133,-0.024288804015973192,35.808507099999936,-86.44685230718586,10208,0.2,35.8,-86.5,4.885386356733691
2024-05-11 04:47:00,164138736,0.21306457724760425,0.13238057210021242,0.29374858239499607,35.808507099999936,-86.44685230718586,10208,0.2,35.8,-86.5,4.885386356733691
2024-05-11 04:48:00,164138736,0.005061909867038483,-0.1031764655065796,0.11330028524065658,35.808507099999936,-86.44685230718586,10208,0.3,35.8,-86.5,4.885386356733691
2024-05-11 04:49:00,164138736,-0.007858760860355894,-0.13616648952158997,0.12044896780087819,35.808507099999936,-86.44685230718586,10208,0.2,35.8,-86.5,4.885386356733691
2024-05-11 04:50:00,164138736,-0.22145466397252753,-0.3519396642707472,-0.0909696636743079,35.808507099999936,-86.44685230718586,10208,0.1,35.8,-86.5,4.885386356733691
2024-05-11 04:51:00,164138736,-0.3142882849277068,-0.4199542795189107,-0.20862229033650287,35.808507099999936,-86.44685230718586,10208,-0.1,35.8,-86.5,4.885386356733691
2024-05-11 04:52:00,164138736,-0.13078582086415602,-0.17379275083381338,-0.08777889089449867,35.808507099999936,-86.44685230718586,10208,-0.3,35.8,-86.5,4.885386356733691
2024-05-11 04:53:00,164138736,0.2968992170424933,0.19707656653852113,0.39672186754646543,35.808507099999936,-86.44685230718586,10208,-0.6,35.8,-86.5,4.885386356733691
2024-05-11 04:54:00,164138736,0.2573330025586332,0.15664097562013776,0.35802502949712856,35.808507099999936,-86.44685230718586,10208,-0.9,35.8,-86.5,4.885386356733691
2024-05-11 04:55:00,164138736,0.3119132087466375,0.20009919221295502,0.42372722528032003,35.808507099999936,-86.44685230718586,10208,-0.8,35.8,-86.5,4.885386356733691
2024-05-11 04:56:00,164138736,0.3654549553158625,0.24272264451504505,0.4881872661166799,35.808507099999936,-86.44685230718586,10208,-0.7,35.8,-86.5,4.885386356733691
2024-05-11 04:57:00,164138736,0.46156205342131806,0.30858145982045104,0.6145426470221851,35.808507099999936,-86.44685230718586,10208,-0.5,35.8,-86.5,4.885386356733691
2024-05-11 04:58:00,164138736,0.48185412901395425,0.3219548887646616,0.6417533692632469,35.808507099999936,-86.44685230718586,10208,-0.3,35.8,-86.5,4.885386356733691
2024-05-11 04:59:00,164138736,0.49566933606884667,0.32645132053970377,0.6648873515979896,35.808507099999936,-86.44685230718586,10208,-0.2,35.8,-86.5,4.885386356733691
2024-05-11 05:00:00,164138736,0.3906272985667451,0.2563759252408105,0.5248786718926797,35.808507099999936,-86.44685230718586,10208,-0.1,35.8,-86.5,4.885386356733691
2024-05-11 05:01:00,164138736,0.43059444876429054,0.28849777148351524,0.5726911260450658,35.808507099999936,-86.44685230718586,10208,0.0,35.8,-86.5,4.885386356733691
2024-05-11 05:02:00,164138736,0.41141881987642903,0.27546708635602385,0.5473705533968343,35.808507099999936,-86.44685230718586,10208,0.1,35.8,-86.5,4.885386356733691
2024-05-11 05:03:00,164138736,0.5463548671822461,0.3653892116968414,0.7273205226676509,35.808507099999936,-86.44685230718586,10208,0.0,35.8,-86.5,4.885386356733691
2024-05-11 05:04:00,164138736,0.4103368516728312,0.2745546103626819,0.5461190929829804,35.808507099999936,-86.44685230718586,10208,0.1,35.8,-86.5,4.885386356733691
2024-05-11 05:05:00,164138736,0.4196244568815148,0.28047925065241275,0.5587696631106168,35.808507099999936,-86.44685230718586,10208,0.2,35.8,-86.5,4.885386356733691
2024-05-11 05:06:00,164138736,0.32852765963874414,0.2133015642937727,0.4437537549837156,35.808507099999936,-86.44685230718586,10208,0.2,35.8,-86.5,4.885386356733691
2024-05-11 05:07:00,164138736,0.3115603787512609,0.20338496751015792,0.41973578999236394,35.808507099999936,-86.44685230718586,10208,0.2,35.8,-86.5,4.885386356733691
2024-05-11 05:08:00,164138736,0.2695007939906271,0.17915405855997665,0.3598475294212775,35.808507099999936,-86.44685230718586,10208,0.3,35.8,-86.5,4.885386356733691
2024-05-11 05:09:00,164138736,0.193743974471461,0.12795284467976922,0.25953510426315274,35.808507099999936,-86.44685230718586,10208,0.2,35.8,-86.5,4.885386356733691
2024-05-11 05:10:00,164138736,-0.07802324737569351,-0.10989980496813788,-0.04614668978324914,35.808507099999936,-86.44685230718586,10208,-0.1,35.8,-86.5,4.885386356733691
2024-05-11 05:11:00,164138736,0.02527263121229735,0.008025100487528535,0.04252016193706616,35.808507099999936,-86.44685230718586,10208,0.0,35.8,-86.5,4.885386356733691
2024-05-11 05:12:00,164138736,0.04053436130505724,0.01873794439767034,0.06233077821244414,35.808507099999936,-86.44685230718586,10208,0.0,35.8,-86.5,4.885386356733691
2024-05-11 05:13:00,164138736,0.2802047267726547,0.18730621211914428,0.3731032414261651,35.808507099999936,-86.44685230718586,10208,-0.1,35.8,-86.5,4.885386356733691
2024-05-11 05:14:00,164138736,0.5296562723289341,0.3546409857723835,0.7046715588854846,35.808507099999936,-86.44685230718586,10208,0.2,35.8,-86.5,4.885386356733691
2024-05-11 05:15:00,164138736,0.6586543008154001,0.4409650895867703,0.8763435120440299,35.808507099999936,-86.44685230718586,10208,0.3,35.8,-86.5,4.885386356733691
2024-05-11 05:16:00,164138736,0.5309444548062374,0.35262302447202065,0.7092658851404542,35.808507099999936,-86.44685230718586,10208,0.3,35.8,-86.5,4.885386356733691
2024-05-11 05:17:00,164138736,0.3067632699541863,0.20185073724854435,0.4116758026598282,35.808507099999936,-86.44685230718586,10208,0.6,35.8,-86.5,4.885386356733691
2024-05-11 05:18:00,164138736,-0.03351221468597751,-0.07242198311411784,0.005397553742162817,35.808507099999936,-86.44685230718586,10208,0.2,35.8,-86.5,4.885386356733691
2024-05-11 05:19:00,164138736,0.08767440580407805,0.05341427710460665,0.12193453450354945,35.808507099999936,-86.44685230718586,10208,0.1,35.8,-86.5,4.885386356733691
2024-05-11 05:20:00,164138736,0.4126927184032448,0.27672777717765534,0.5486576596288342,35.808507099999936,-86.44685230718586,10208,0.1,35.8,-86.5,4.885386356733691
2024-05-11 05:21:00,164138736,0.43072661635213516,0.28489748579294216,0.5765557469113282,35.808507099999936,-86.44685230718586,10208,-0.3,35.8,-86.5,4.885386356733691
2024-05-11 05:22:00,164138736,0.25960874781964527,0.1707899353797681,0.34842756025952243,35.808507099999936,-86.44685230718586,10208,-0.4,35.8,-86.5,4.885386356733691
2024-05-11 05:23:00,164138736,0.036109032852183115,0.01613748329662607,0.056080582407740165,35.808507099999936,-86.44685230718586,10208,-0.3,35.8,-86.5,4.885386356733691
2024-05-11 05:24:00,164138736,-0.16831177004087508,-0.23026256569756237,-0.10636097438418779,35.808507099999936,-86.44685230718586,10208,-0.2,35.8,-86.5,4.885386356733691
2024-05-11 05:25:00,164138736,-0.1983119654190484,-0.26441814252124285,-0.13220578831685395,35.808507099999936,-86.44685230718586,10208,-0.2,35.8,-86.5,4.885386356733691
2024-05-11 05:26:00,164138736,0.22617100482830363,0.1515920118434194,0.3007499978131879,35.808507099999936,-86.44685230718586,10208,0.0,35.8,-86.5,4.885386356733691
2024-05-11 05:27:00,164138736,0.5758717478564224,0.3872351886319138,0.7645083070809309,35.808507099999936,-86.44685230718586,10208,-0.1,35.8,-86.5,4.885386356733691
2024-05-11 05:28:00,164138736,0.5009924882838769,0.3357169508202833,0.6662680257474705,35.808507099999936,-86.44685230718586,10208,-0.1,35.8,-86.5,4.885386356733691
2024-05-11 05:29:00,164138736,0.058772465488456924,0.02570722070485973,0.09183771027205412,35.808507099999936,-86.44685230718586,10208,-0.2,35.8,-86.5,4.885386356733691
2024-05-11 05:30:00,164138736,0.11185654907637022,0.07107862755508479,0.15263447059765564,35.808507099999936,-86.44685230718586,10208,0.0,35.8,-86.5,4.885386356733691
2024-05-11 05:31:00,164138736,0.1826964059610373,0.12232064067760787,0.24307217124446676,35.808507099999936,-86.44685230718586,10208,0.0,35.8,-86.5,4.885386356733691
2024-05-11 05:32:00,164138736,0.13805955323743274,0.0904576610363193,0.18566144543854618,35.808507099999936,-86.44685230718586,10208,0.1,35.8,-86.5,4.885386356733691
2024-05-11 05:33:00,164138736,0.17200700340450573,0.1140685542178492,0.22994545259116225,35.808507099999936,-86.44685230718586,10208,0.1,35.8,-86.5,4.885386356733691
2024-05-11 05:34:00,164138736,0.2446509068174176,0.16424420832624967,0.3250576053085855,35.808507099999936,-86.44685230718586,10208,0.1,35.8,-86.5,4.885386356733691
2024-05-11 05:35:00,164138736,0.13600849287575656,0.09103461124194795,0.18098237450956517,35.808507099999936,-86.44685230718586,10208,0.2,35.8,-86.5,4.885386356733691
2024-05-11 05:36:00,164138736,0.02341143589494368,0.014485524311661115,0.032337347478226246,35.808507099999936,-86.44685230718586,10208,0.1,35.8,-86.5,4.885386356733691
2024-05-11 05:37:00,164138736,-0.2105717816125168,-0.2805866889268375,-0.14055687429819608,35.808507099999936,-86.44685230718586,10208,0.0,35.8,-86.5,4.885386356733691
2024-05-11 05:38:00,164138736,-0.34496848664992436,-0.45810308819594114,-0.2318338851039076,35.808507099999936,-86.44685230718586,10208,0.0,35.8,-86.5,4.885386356733691
2024-05-11 05:39:00,164138736,-0.39421059993905516,-0.524148190573738,-0.26427300930437236,35.808507099999936,-86.44685230718586,10208,0.0,35.8,-86.5,4.885386356733691
2024-05-11 05:40:00,164138736,-0.29921329911314726,-0.4022226665486517,-0.19620393167764283,35.808507099999936,-86.44685230718586,10208,0.0,35.8,-86.5,4.885386356733691
2024-05-11 05:41:00,164138736,-0.06806446901486878,-0.112771858015901,-0.02335708001383654,35.808507099999936,-86.44685230718586,10208,0.1,35.8,-86.5,4.885386356733691
2024-05-11 05:42:00,164138736,-0.0929794619367198,-0.1347002552124394,-0.05125866866100021,35.808507099999936,-86.44685230718586,10208,0.0,35.8,-86.5,4.885386356733691
2024-05-11 05:43:00,164138736,-0.12022727242875757,-0.16718198008964524,-0.07327256476786989,35.808507099999936,-86.44685230718586,10208,0.0,35.8,-86.5,4.885386356733691
2024-05-11 05:44:00,164138736,-0.1772772475385634,-0.23768035868363463,-0.11687413639349215,35.808507099999936,-86.44685230718586,10208,0.1,35.8,-86.5,4.885386356733691
2024-05-11 05:45:00,164138736,0.04401738898579354,0.026569200987390865,0.06146557698419622,35.808507099999936,-86.44685230718586,10208,0.1,35.8,-86.5,4.885386356733691
2024-05-11 05:46:00,164138736,0.24155900617854742,0.1616829439275212,0.32143506842957364,35.808507099999936,-86.44685230718586,10208,0.1,35.8,-86.5,4.885386356733691
2024-05-11 05:47:00,164138736,0.2881443867686617,0.19065406779933142,0.385634705737992,35.808507099999936,-86.44685230718586,10208,0.2,35.8,-86.5,4.885386356733691
2024-05-11 05:48:00,164138736,-0.2670226106727051,-0.3539156341555607,-0.1801295871898495,35.808507099999936,-86.44685230718586,10208,-0.1,35.8,-86.5,4.885386356733691
2024-05-11 05:49:00,164138736,0.0767344132957638,0.03675632564051454,0.11671250095101307,35.808507099999936,-86.44685230718586,10208,0.2,35.8,-86.5,4.885386356733691
2024-05-11 05:50:00,164138736,0.17182320015656524,0.11260589820568373,0.23104050210744675,35.808507099999936,-86.44685230718586,10208,0.3,35.8,-86.5,4.885386356733691
2024-05-11 05:51:00,164138736,0.30304583079396435,0.20287368308542714,0.4032179785025016,35.808507099999936,-86.44685230718586,10208,0.3,35.8,-86.5,4.885386356733691
2024-05-11 05:52:00,164138736,0.22129705822860626,0.1477015646027574,0.2948925518544551,35.808507099999936,-86.44685230718586,10208,0.0,35.8,-86.5,4.885386356733691
2024-05-11 05:53:00,164138736,-0.009039653133207627,-0.018787199939584574,0.00070789367316932,35.808507099999936,-86.44685230718586,10208,-0.1,35.8,-86.5,4.885386356733691
2024-05-11 05:54:00,164138736,-0.4819787441682078,-0.6421712771503643,-0.3217862111860513,35.808507099999936,-86.44685230718586,10208,0.2,35.8,-86.5,4.885386356733691
2024-05-11 05:55:00,164138736,-0.7022569626870376,-0.9375004003270003,-0.46701352504707494,35.808507099999936,-86.44685230718586,10208,-0.5,35.8,-86.5,4.885386356733691
2024-05-11 05:56:00,164138736,-0.33195096434725957,-0.44416339945123373,-0.2197385292432854,35.808507099999936,-86.44685230718586,10208,-0.6,35.8,-86.5,4.885386356733691
2024-05-11 05:57:00,164138736,-0.2682982331245797,-0.359422756189932,-0.17717371005922733,35.808507099999936,-86.44685230718586,10208,-0.4,35.8,-86.5,4.885386356733691
2024-05-11 05:58:00,164138736,0.2006247340229909,0.13377913943485714,0.2674703286111247,35.808507099999936,-86.44685230718586,10208,-1.0,35.8,-86.5,4.885386356733691
2024-05-11 05:59:00,164138736,0.10218588361502816,0.06679680558475805,0.13757496164529825,35.808507099999936,-86.44685230718586,10208,-0.7,35.8,-86.5,4.885386356733691
2024-05-11 06:00:00,164138736,0.0018055401316567725,-0.006371304433112557,0.009982384696426101,35.808507099999936,-86.44685230718586,10208,-0.2,35.8,-86.5,4.885386356733691
2024-05-11 06:01:00,164138736,0.0007772200365714283,-0.0075999299458427445,0.009154370018985602,35.808507099999936,-86.44685230718586,10208,-0.4,35.8,-86.5,4.885386356733691
2024-05-11 06:02:00,164138736,-0.1325866247714568,-0.18248820076859282,-0.08268504877432079,35.808507099999936,-86.44685230718586,10208,-0.6,35.8,-86.5,4.885386356733691
2024-05-11 06:03:00,164138736,-0.01566725656660756,-0.05256877781737562,0.021234264684160505,35.808507099999936,-86.44685230718586,10208,-0.4,35.8,-86.5,4.885386356733691
2024-05-11 06:04:00,164138736,0.018461828473917814,-0.022404740861523727,0.059328397809359355,35.808507099999936,-86.44685230718586,10208,-0.2,35.8,-86.5,4.885386356733691
2024-05-11 06:05:00,164138736,-0.12951944398655535,-0.18934531478666689,-0.06969357318644381,35.808507099999936,-86.44685230718586,10208,0.0,35.8,-86.5,4.885386356733691
2024-05-11 06:06:00,164138736,-0.30734062066555984,-0.41823171882602167,-0.196449522505098,35.808507099999936,-86.44685230718586,10208,0.1,35.8,-86.5,4.885386356733691
2024-05-11 06:07:00,164138736,-0.09927363033333159,-0.1422606917941887,-0.056286568872474456,35.808507099999936,-86.44685230718586,10208,0.1,35.8,-86.5,4.885386356733691
2024-05-11 06:08:00,164138736,0.14663895361360962,0.0995099866016817,0.19376792062553755,35.808507099999936,-86.44685230718586,10208,0.3,35.8,-86.5,4.885386356733691
2024-05-11 06:09:00,164138736,0.21163215970704438,0.1401942041077836,0.28307011530630516,35.808507099999936,-86.44685230718586,10208,0.3,35.8,-86.5,4.885386356733691
2024-05-11 06:10:00,164138736,0.13046094308223352,0.08477244242269448,0.17614944374177255,35.808507099999936,-86.44685230718586,10208,0.2,35.8,-86.5,4.885386356733691
2024-05-11 06:11:00,164138736,0.6094680919531775,0.409286102052845,0.8096500818535101,35.808507099999936,-86.44685230718586,10208,-0.1,35.8,-86.5,4.885386356733691
2024-05-11 06:12:00,164138736,0.7290482357515131,0.48201948038951686,0.9760769911135094,35.808507099999936,-86.44685230718586,10208,0.0,35.8,-86.5,4.885386356733691
2024-05-11 06:13:00,164138736,0.48314633398306156,0.3014852938358559,0.6648073741302671,35.808507099999936,-86.44685230718586,10208,-0.3,35.8,-86.5,4.885386356733691
2024-05-11 06:14:00,164138736,-0.08954456755196238,-0.1824855575682764,0.0033964224643516366,35.808507099999936,-86.44685230718586,10208,-0.2,35.8,-86.5,4.885386356733691
2024-05-11 06:15:00,164138736,0.1439637618331037,0.0709121353332112,0.2170153883329962,35.808507099999936,-86.44685230718586,10208,-0.1,35.8,-86.5,4.885386356733691
2024-05-11 06:16:00,164138736,0.8290644570654001,0.5577957990630393,1.1003331150677609,35.808507099999936,-86.44685230718586,10208,0.1,35.8,-86.5,4.885386356733691
2024-05-11 06:17:00,164138736,0.5689982123718057,0.3833020793524643,0.7546943453911471,35.808507099999936,-86.44685230718586,10208,-0.2,35.8,-86.5,4.885386356733691
2024-05-11 06:18:00,164138736,0.5949585535579186,0.4013252985739678,0.7885918085418694,35.808507099999936,-86.44685230718586,10208,0.0,35.8,-86.5,4.885386356733691
2024-05-11 06:19:00,164138736,0.17204587380999917,0.11572224031313894,0.2283695073068594,35.808507099999936,-86.44685230718586,10208,0.0,35.8,-86.5,4.885386356733691
2024-05-11 06:20:00,164138736,0.08710617913282712,0.04443484996987642,0.1297775082957778,35.808507099999936,-86.44685230718586,10208,0.1,35.8,-86.5,4.885386356733691
2024-05-11 06:21:00,164138736,0.017549292706128487,-0.014586458290761693,0.04968504370301867,35.808507099999936,-86.44685230718586,10208,0.2,35.8,-86.5,4.885386356733691
2024-05-11 06:22:00,164138736,0.1521018668959104,0.09654255345403054,0.20766118033779027,35.808507099999936,-86.44685230718586,10208,-0.1,35.8,-86.5,4.885386356733691
2024-05-11 06:23:00,164138736,0.02197770520834291,0.008171920093774205,0.035783490322911615,35.808507099999936,-86.44685230718586,10208,-0.3,35.8,-86.5,4.885386356733691
2024-05-11 06:24:00,164138736,-0.2969608678862643,-0.39477608220467647,-0.19914565356785213,35.808507099999936,-86.44685230718586,10208,-0.6,35.8,-86.5,4.885386356733691
2024-05-11 06:25:00,164138736,-0.5993353530073133,-0.7963635718253826,-0.402307134189244,35.808507099999936,-86.44685230718586,10208,-0.6,35.8,-86.5,4.885386356733691
2024-05-11 06:26:00,164138736,-0.5417526440084902,-0.7217307564283121,-0.36177453158866835,35.808507099999936,-86.44685230718586,10208,-0.9,35.8,-86.5,4.885386356733691
2024-05-11 06:27:00,164138736,-0.1467395359506203,-0.250638271792649,-0.042840800108591606,35.808507099999936,-86.44685230718586,10208,-0.6,35.8,-86.5,4.885386356733691
2024-05-11 06:28:00,164138736,-0.16958960768514297,-0.25549905630854,-0.08368015906174595,35.808507099999936,-86.44685230718586,10208,-0.6,35.8,-86.5,4.885386356733691
2024-05-11 06:29:00,164138736,0.2119386489550059,0.1283639570981271,0.2955133408118847,35.808507099999936,-86.44685230718586,10208,-0.1,35.8,-86.5,4.885386356733691
2024-05-11 06:30:00,164138736,0.1824861475502635,0.08099957375410975,0.2839727213464172,35.808507099999936,-86.44685230718586,10208,-0.3,35.8,-86.5,4.885386356733691
2024-05-11 06:31:00,164138736,0.11488228767769562,0.05119355678162543,0.1785710185737658,35.808507099999936,-86.44685230718586,10208,-0.5,35.8,-86.5,4.885386356733691
2024-05-11 06:32:00,164138736,0.2168033191960533,0.13589781683398197,0.2977088215581246,35.808507099999936,-86.44685230718586,10208,-0.1,35.8,-86.5,4.885386356733691
2024-05-11 06:33:00,164138736,-0.35973997956245796,-0.4990508480785964,-0.22042911104631951,35.808507099999936,-86.44685230718586,10208,-0.3,35.8,-86.5,4.885386356733691
2024-05-11 06:34:00,164138736,-0.17181971126061282,-0.232589765814207,-0.11104965670701863,35.808507099999936,-86.44685230718586,10208,-0.2,35.8,-86.5,4.885386356733691
2024-05-11 06:35:00,164138736,-0.12415524080606138,-0.1832631745841033,-0.06504730702801946,35.808507099999936,-86.44685230718586,10208,-0.1,35.8,-86.5,4.885386356733691
2024-05-11 06:36:00,164138736,-0.011275718976927028,-0.024192918450869717,0.0016414804970156602,35.808507099999936,-86.44685230718586,10208,0.1,35.8,-86.5,4.885386356733691
2024-05-11 06:37:00,164138736,-0.2338116869641056,-0.31529440722294527,-0.1523289667052659,35.808507099999936,-86.44685230718586,10208,0.0,35.8,-86.5,4.885386356733691
2024-05-11 06:38:00,164138736,0.2183947483003741,0.12319763757823735,0.31359185902251085,35.808507099999936,-86.44685230718586,10208,0.3,35.8,-86.5,4.885386356733691
2024-05-11 06:39:00,164138736,-0.03327608597543148,-0.09756205692878232,0.031009884977919358,35.808507099999936,-86.44685230718586,10208,0.2,35.8,-86.5,4.885386356733691
2024-05-11 06:40:00,164138736,-0.2680111585564475,-0.3599830205732489,-0.17603929653964617,35.808507099999936,-86.44685230718586,10208,-0.1,35.8,-86.5,4.885386356733691
2024-05-11 06:41:00,164138736,-0.4793408104614997,-0.6416709291748951,-0.31701069174810426,35.808507099999936,-86.44685230718586,10208,0.2,35.8,-86.5,4.885386356733691
2024-05-11 06:42:00,164138736,-0.3402405811302118,-0.45230491782850163,-0.22817624443192203,35.808507099999936,-86.44685230718586,10208,0.0,35.8,-86.5,4.885386356733691
2024-05-11 06:43:00,164138736,0.0020127834773496565,-0.048476341940872844,0.05250190889557216,35.808507099999936,-86.44685230718586,10208,-0.2,35.8,-86.5,4.885386356733691
2024-05-11 06:44:00,164138736,0.012571983715793633,-0.03807559146501364,0.0632195588966009,35.808507099999936,-86.44685230718586,10208,0.5,35.8,-86.5,4.885386356733691
2024-05-11 06:45:00,164138736,0.15547772261947293,0.10061099228883366,0.2103444529501122,35.808507099999936,-86.44685230718586,10208,1.0,35.8,-86.5,4.885386356733691
2024-05-11 06:46:00,164138736,0.37543385447314226,0.2482832214636284,0.5025844874826562,35.808507099999936,-86.44685230718586,10208,0.4,35.8,-86.5,4.885386356733691
2024-05-11 06:47:00,164138736,0.6596748644502354,0.42426286339558705,0.8950868655048837,35.808507099999936,-86.44685230718586,10208,0.7,35.8,-86.5,4.885386356733691
2024-05-11 06:48:00,164138736,0.4805322889521688,0.3040911390023947,0.6569734389019429,35.808507099999936,-86.44685230718586,10208,1.1,35.8,-86.5,4.885386356733691
2024-05-11 06:49:00,164138736,0.7450337823638198,0.4967553842492966,0.9933121804783429,35.808507099999936,-86.44685230718586,10208,0.8,35.8,-86.5,4.885386356733691
2024-05-11 06:50:00,164138736,0.1219734007188275,0.058061643656483336,0.18588515778117165,35.808507099999936,-86.44685230718586,10208,0.2,35.8,-86.5,4.885386356733691
2024-05-11 06:51:00,164138736,-0.03061122580029937,-0.07602424372852161,0.014801792127922871,35.808507099999936,-86.44685230718586,10208,0.7,35.8,-86.5,4.885386356733691
2024-05-11 06:52:00,164138736,-0.02918221193748428,-0.047943412836915986,-0.010421011038052576,35.808507099999936,-86.44685230718586,10208,0.7,35.8,-86.5,4.885386356733691
2024-05-11 06:53:00,164138736,-0.7825986019460323,-1.0480520820920591,-0.5171451218000053,35.808507099999936,-86.44685230718586,10208,0.3,35.8,-86.5,4.885386356733691
2024-05-11 06:54:00,164138736,-0.7984908924218225,-1.062150671940321,-0.534831112903324,35.808507099999936,-86.44685230718586,10208,0.2,35.8,-86.5,4.885386356733691
2024-05-11 06:55:00,164138736,-0.689568545887273,-0.9277529038616757,-0.45138418791287027,35.808507099999936,-86.44685230718586,10208,0.4,35.8,-86.5,4.885386356733691
2024-05-11 06:56:00,164138736,-1.3859753278412912,-1.8400100158348258,-0.9319406398477564,35.808507099999936,-86.44685230718586,10208,-0.6,35.8,-86.5,4.885386356733691
2024-05-11 06:57:00,164138736,-1.3842336709818426,-1.8466756038324486,-0.9217917381312366,35.808507099999936,-86.44685230718586,10208,-0.4,35.8,-86.5,4.885386356733691
2024-05-11 06:58:00,164138736,-2.5390171853984533,-3.372601712026383,-1.7054326587705235,35.808507099999936,-86.44685230718586,10208,-0.8,35.8,-86.5,4.885386356733691
2024-05-11 06:59:00,164138736,-0.8711538411020511,-1.1598764431401665,-0.5824312390639357,35.808507099999936,-86.44685230718586,10208,-0.9,35.8,-86.5,4.885386356733691
2024-05-11 07:00:00,164138736,-0.19809351948659212,-0.26459147089594826,-0.131595568077236,35.808507099999936,-86.44685230718586,10208,-1.4,35.8,-86.5,4.885386356733691
2024-05-11 07:01:00,164138736,-0.40306238047452925,-0.5360317544964086,-0.2700930064526499,35.808507099999936,-86.44685230718586,10208,-0.8,35.8,-86.5,4.885386356733691
2024-05-11 07:02:00,164138736,-0.6840578962991762,-0.9134145630011379,-0.4547012295972146,35.808507099999936,-86.44685230718586,10208,-1.1,35.8,-86.5,4.885386356733691
2024-05-11 07:03:00,164138736,-0.619723475853228,-0.8286671251521631,-0.41077982655429274,35.808507099999936,-86.44685230718586,10208,-1.5,35.8,-86.5,4.885386356733691
2024-05-11 07:04:00,164138736,-0.269663828046192,-0.38610211333864836,-0.15322554275373562,35.808507099999936,-86.44685230718586,10208,-1.5,35.8,-86.5,4.885386356733691
2024-05-11 07:05:00,164138736,0.6027983079921823,0.38275289807717994,0.8228437179071846,35.808507099999936,-86.44685230718586,10208,-1.5,35.8,-86.5,4.885386356733691
2024-05-11 07:06:00,164138736,0.6287678434452757,0.39909489138325893,0.8584407955072925,35.808507099999936,-86.44685230718586,10208,-1.9,35.8,-86.5,4.885386356733691
2024-05-11 07:07:00,164138736,0.3460831068150534,0.1941901345140245,0.49797607911608227,35.808507099999936,-86.44685230718586,10208,-2.0,35.8,-86.5,4.885386356733691
2024-05-11 07:08:00,164138736,0.09408689831917769,0.03776146517453956,0.15041233146381583,35.808507099999936,-86.44685230718586,10208,-1.7,35.8,-86.5,4.885386356733691
2024-05-11 07:09:00,164138736,0.018958765264317425,-0.08903465900163898,0.12695218953027385,35.808507099999936,-86.44685230718586,10208,-0.6,35.8,-86.5,4.885386356733691
2024-05-11 07:10:00,164138736,0.15716597884793207,0.09968631231513111,0.21464564538073302,35.808507099999936,-86.44685230718586,10208,-0.7,35.8,-86.5,4.885386356733691
2024-05-11 07:11:00,164138736,0.47855174533456624,0.32352313430725066,0.6335803563618818,35.808507099999936,-86.44685230718586,10208,0.1,35.8,-86.5,4.885386356733691
2024-05-11 07:12:00,164138736,0.17045723582244032,0.11557643828087003,0.22533803336401062,35.808507099999936,-86.44685230718586,10208,0.7,35.8,-86.5,4.885386356733691
2024-05-11 07:13:00,164138736,0.5635023392842132,0.3795556516436829,0.7474490269247436,35.808507099999936,-86.44685230718586,10208,1.1,35.8,-86.5,4.885386356733691
2024-05-11 07:14:00,164138736,0.1967596529952295,0.13240677621135083,0.26111252977910815,35.808507099999936,-86.44685230718586,10208,0.8,35.8,-86.5,4.885386356733691
2024-05-11 07:15:00,164138736,0.740980095725454,0.4998953310280978,0.9820648604228102,35.808507099999936,-86.44685230718586,10208,0.6,35.8,-86.5,4.885386356733691
2024-05-11 07:16:00,164138736,0.6748800476525723,0.45318986484796253,0.896570230457182,35.808507099999936,-86.44685230718586,10208,-0.4,35.8,-86.5,4.885386356733691
2024-05-11 07:17:00,164138736,0.42332071639101376,0.27326950186026744,0.5733719309217601,35.808507099999936,-86.44685230718586,10208,-0.1,35.8,-86.5,4.885386356733691
2024-05-11 07:18:00,164138736,0.5793872415097512,0.3458822561843682,0.8128922268351342,35.808507099999936,-86.44685230718586,10208,0.4,35.8,-86.5,4.885386356733691
2024-05-11 07:19:00,164138736,0.5220049182761012,0.31815032222891326,0.7258595143232891,35.808507099999936,-86.44685230718586,10208,0.8,35.8,-86.5,4.885386356733691
2024-05-11 07:20:00,164138736,0.6898483142968225,0.46076085403991585,0.9189357745537291,35.808507099999936,-86.44685230718586,10208,0.9,35.8,-86.5,4.885386356733691
2024-05-11 07:21:00,164138736,0.6716014705573302,0.451512482378739,0.8916904587359215,35.808507099999936,-86.44685230718586,10208,0.8,35.8,-86.5,4.885386356733691
2024-05-11 07:22:00,164138736,0.9051759125966712,0.6072226774790619,1.2031291477142805,35.808507099999936,-86.44685230718586,10208,0.6,35.8,-86.5,4.885386356733691
2024-05-11 07:23:00,164138736,0.4368738047452925,0.2886982909083914,0.5850493185821937,35.808507099999936,-86.44685230718586,10208,0.1,35.8,-86.5,4.885386356733691
2024-05-11 07:24:00,164138736,0.5851508976231506,0.35578102655253263,0.8145207686937687,35.808507099999936,-86.44685230718586,10208,0.9,35.8,-86.5,4.885386356733691
2024-05-11 07:25:00,164138736,0.25102003292501895,0.12349973758666938,0.37854032826336853,35.808507099999936,-86.44685230718586,10208,0.9,35.8,-86.5,4.885386356733691
2024-05-11 07:26:00,164138736,0.2558849465550395,0.15714937330762663,0.3546205198024524,35.808507099999936,-86.44685230718586,10208,0.7,35.8,-86.5,4.885386356733691
2024-05-11 07:27:00,164138736,0.44375883306363484,0.2936569600991329,0.5938607060281368,35.808507099999936,-86.44685230718586,10208,0.5,35.8,-86.5,4.885386356733691
2024-05-11 07:28:00,164138736,0.32257190901878785,0.21315429733521307,0.43198952070236263,35.808507099999936,-86.44685230718586,10208,0.2,35.8,-86.5,4.885386356733691
2024-05-11 07:29:00,164138736,0.7004859170099192,0.47212869643079625,0.9288431375890422,35.808507099999936,-86.44685230718586,10208,0.1,35.8,-86.5,4.885386356733691
2024-05-11 07:30:00,164138736,0.6958817236360961,0.4680156060163081,0.9237478412558842,35.808507099999936,-86.44685230718586,10208,0.0,35.8,-86.5,4.885386356733691
2024-05-11 07:31:00,164138736,0.20926882263470914,0.14051643713350528,0.278021208135913,35.808507099999936,-86.44685230718586,10208,-0.4,35.8,-86.5,4.885386356733691
2024-05-11 07:32:00,164138736,0.14957882048062374,0.09815054330451951,0.20100709765672797,35.808507099999936,-86.44685230718586,10208,0.0,35.8,-86.5,4.885386356733691
2024-05-11 07:33:00,164138736,0.43769209450655683,0.2818916310315753,0.5934925579815384,35.808507099999936,-86.44685230718586,10208,0.0,35.8,-86.5,4.885386356733691
2024-05-11 07:34:00,164138736,-0.04464698719673695,-0.08075015575599835,-0.008543818637475553,35.808507099999936,-86.44685230718586,10208,-0.1,35.8,-86.5,4.885386356733691
2024-05-11 07:35:00,164138736,-0.22816443683801277,-0.3041460542437088,-0.15218281943231676,35.808507099999936,-86.44685230718586,10208,0.1,35.8,-86.5,4.885386356733691
2024-05-11 07:36:00,164138736,0.3537946545845242,0.23375023861060246,0.47383907055844593,35.808507099999936,-86.44685230718586,10208,0.9,35.8,-86.5,4.885386356733691
2024-05-11 07:37:00,164138736,-0.22249383163195613,-0.3006718344924222,-0.14431582877149007,35.808507099999936,-86.44685230718586,10208,0.2,35.8,-86.5,4.885386356733691
2024-05-11 07:38:00,164138736,1.0470946773074983,0.7024648076878789,1.3917245469271178,35.808507099999936,-86.44685230718586,10208,1.0,35.8,-86.5,4.885386356733691
2024-05-11 07:39:00,164138736,0.432512274346419,0.28005515088876626,0.5849693978040718,35.808507099999936,-86.44685230718586,10208,0.4,35.8,-86.5,4.885386356733691
2024-05-11 07:40:00,164138736,0.5026385904400639,0.33828981389598756,0.6669873669841402,35.808507099999936,-86.44685230718586,10208,0.6,35.8,-86.5,4.885386356733691
2024-05-11 07:41:00,164138736,0.530533339725538,0.34876728541624524,0.7122993940348307,35.808507099999936,-86.44685230718586,10208,0.6,35.8,-86.5,4.885386356733691
2024-05-11 07:42:00,164138736,0.3947499422074647,0.2625680373786405,0.5269318470362889,35.808507099999936,-86.44685230718586,10208,0.8,35.8,-86.5,4.885386356733691
2024-05-11 07:43:00,164138736,0.015402233752934983,-0.018326391009604818,0.04913085851547479,35.808507099999936,-86.44685230718586,10208,0.7,35.8,-86.5,4.885386356733691
2024-05-11 07:44:00,164138736,0.8470819366803968,0.5701650139054859,1.1239988594553076,35.808507099999936,-86.44685230718586,10208,1.2,35.8,-86.5,4.885386356733691
2024-05-11 07:45:00,164138736,0.4957149790370713,0.33001894763911455,0.661411010435028,35.808507099999936,-86.44685230718586,10208,0.1,35.8,-86.5,4.885386356733691
2024-05-11 07:46:00,164138736,0.23682931660804157,0.10726254077048844,0.3663960924455947,35.808507099999936,-86.44685230718586,10208,0.0,35.8,-86.5,4.885386356733691
2024-05-11 07:47:00,164138736,-0.1417227246734065,-0.2376352224681374,-0.045810226878675586,35.808507099999936,-86.44685230718586,10208,-0.2,35.8,-86.5,4.885386356733691
2024-05-11 07:48:00,164138736,0.14750387144313215,0.09791596241379422,0.19709178047247009,35.808507099999936,-86.44685230718586,10208,-0.2,35.8,-86.5,4.885386356733691
2024-05-11 07:49:00,164138736,-0.2707340571410558,-0.3613104779549065,-0.1801576363272051,35.808507099999936,-86.44685230718586,10208,-0.4,35.8,-86.5,4.885386356733691
2024-05-11 07:50:00,164138736,0.09325859605985434,0.04522198034586229,0.1412952117738464,35.808507099999936,-86.44685230718586,10208,-0.4,35.8,-86.5,4.885386356733691
2024-05-11 07:51:00,164138736,0.4512101297179724,0.3016062676229553,0.6008139918129896,35.808507099999936,-86.44685230718586,10208,0.0,35.8,-86.5,4.885386356733691
2024-05-11 07:52:00,164138736,0.48311587797368866,0.30736787633930396,0.6588638796080734,35.808507099999936,-86.44685230718586,10208,-0.4,35.8,-86.5,4.885386356733691
2024-05-11 07:53:00,164138736,0.7844601126429052,0.5215707198031222,1.0473495054826882,35.808507099999936,-86.44685230718586,10208,-0.2,35.8,-86.5,4.885386356733691
2024-05-11 07:54:00,164138736,1.2293352282279757,0.8287618437330144,1.629908612722937,35.808507099999936,-86.44685230718586,10208,0.6,35.8,-86.5,4.885386356733691
2024-05-11 07:55:00,164138736,1.194315250399294,0.804935426859986,1.583695073938602,35.808507099999936,-86.44685230718586,10208,0.4,35.8,-86.5,4.885386356733691
2024-05-11 07:56:00,164138736,0.8541073417535306,0.5744375117963809,1.1337771717106804,35.808507099999936,-86.44685230718586,10208,0.6,35.8,-86.5,4.885386356733691
2024-05-11 07:57:00,164138736,0.1963617957191493,0.1214470736286457,0.2712765178096529,35.808507099999936,-86.44685230718586,10208,0.3,35.8,-86.5,4.885386356733691
2024-05-11 07:58:00,164138736,-0.15909933258241346,-0.2726882569439585,-0.04551040822086841,35.808507099999936,-86.44685230718586,10208,0.4,35.8,-86.5,4.885386356733691
2024-05-11 07:59:00,164138736,-0.7242222306867855,-0.9780670449476259,-0.47037741642594516,35.808507099999936,-86.44685230718586,10208,0.6,35.8,-86.5,4.885386356733691
2024-05-11 08:00:00,164138736,-0.1950203357483608,-0.26513555547183054,-0.1249051160248911,35.808507099999936,-86.44685230718586,10208,0.9,35.8,-86.5,4.885386356733691
2024-05-11 08:01:00,164138736,-0.4924055354741089,-0.6565021029110898,-0.32830896803712806,35.808507099999936,-86.44685230718586,10208,0.1,35.8,-86.5,4.885386356733691
2024-05-11 08:02:00,164138736,-0.43188049685818763,-0.5771452607802923,-0.286615732936083,35.808507099999936,-86.44685230718586,10208,0.2,35.8,-86.5,4.885386356733691
2024-05-11 08:03:00,164138736,-0.9516700072503362,-1.2675159287489017,-0.6358240857517709,35.808507099999936,-86.44685230718586,10208,-0.1,35.8,-86.5,4.885386356733691
2024-05-11 08:04:00,164138736,-0.4024705816293292,-0.5589315782655627,-0.24600958499309564,35.808507099999936,-86.44685230718586,10208,0.0,35.8,-86.5,4.885386356733691
2024-05-11 08:05:00,164138736,-0.41436833251460575,-0.6120432615718086,-0.216693403457403,35.808507099999936,-86.44685230718586,10208,-0.1,35.8,-86.5,4.885386356733691
2024-05-11 08:06:00,164138736,-0.0880573547840439,-0.22904775262874483,0.052933043060657006,35.808507099999936,-86.44685230718586,10208,0.2,35.8,-86.5,4.885386356733691
2024-05-11 08:07:00,164138736,-1.0132903129203092,-1.355228375164966,-0.6713522506756525,35.808507099999936,-86.44685230718586,10208,-0.1,35.8,-86.5,4.885386356733691
2024-05-11 08:08:00,164138736,-0.3765108150849025,-0.5148955200926926,-0.2381261100771124,35.808507099999936,-86.44685230718586,10208,-0.4,35.8,-86.5,4.885386356733691
2024-05-11 08:09:00,164138736,-1.4234836683549092,-1.889526889861938,-0.9574404468478805,35.808507099999936,-86.44685230718586,10208,-0.3,35.8,-86.5,4.885386356733691
2024-05-11 08:10:00,164138736,-0.740754179451076,-0.9924563261449983,-0.48905203275715375,35.808507099999936,-86.44685230718586,10208,-0.1,35.8,-86.5,4.885386356733691
2024-05-11 08:11:00,164138736,-0.3593843584503194,-0.4822425423297047,-0.2365261745709341,35.808507099999936,-86.44685230718586,10208,-0.4,35.8,-86.5,4.885386356733691
2024-05-11 08:12:00,164138736,-0.6772892739681405,-0.9021513610957685,-0.45242718684051253,35.808507099999936,-86.44685230718586,10208,-0.4,35.8,-86.5,4.885386356733691
2024-05-11 08:13:00,164138736,-0.6653309804766308,-0.8861633925191197,-0.44449856843414176,35.808507099999936,-86.44685230718586,10208,-0.4,35.8,-86.5,4.885386356733691
2024-05-11 08:14:00,164138736,-0.706792527425185,-0.9407742253812232,-0.47281082946914665,35.808507099999936,-86.44685230718586,10208,-0.5,35.8,-86.5,4.885386356733691
2024-05-11 08:15:00,164138736,-0.2785646173083389,-0.3875606346680285,-0.16956859994864934,35.808507099999936,-86.44685230718586,10208,-0.1,35.8,-86.5,4.885386356733691
2024-05-11 08:16:00,164138736,-0.6444145156460155,-0.8740384535607538,-0.41479057773127714,35.808507099999936,-86.44685230718586,10208,-0.4,35.8,-86.5,4.885386356733691
2024-05-11 08:17:00,164138736,-0.6184535177265468,-0.8324898842601945,-0.404417151192899,35.808507099999936,-86.44685230718586,10208,-0.6,35.8,-86.5,4.885386356733691
2024-05-11 08:18:00,164138736,-0.5629407501733776,-0.7780020261275682,-0.347879474219187,35.808507099999936,-86.44685230718586,10208,-0.2,35.8,-86.5,4.885386356733691
2024-05-11 08:19:00,164138736,-0.31092544073375505,-0.4584398600607056,-0.1634110214068045,35.808507099999936,-86.44685230718586,10208,-0.2,35.8,-86.5,4.885386356733691
2024-05-11 08:20:00,164138736,-1.480001155850706,-1.975244786155157,-0.9847575255462551,35.808507099999936,-86.44685230718586,10208,-1.7,35.8,-86.5,4.885386356733691
2024-05-11 08:21:00,164138736,-0.9387875257439475,-1.2514368608835693,-0.6261381906043257,35.808507099999936,-86.44685230718586,10208,-1.0,35.8,-86.5,4.885386356733691
2024-05-11 08:22:00,164138736,-2.0011519103059854,-2.67150531363097,-1.3307985069810009,35.808507099999936,-86.44685230718586,10208,-0.2,35.8,-86.5,4.885386356733691
2024-05-11 08:23:00,164138736,-1.9915944697797578,-2.668837719170541,-1.3143512203889747,35.808507099999936,-86.44685230718586,10208,-0.3,35.8,-86.5,4.885386356733691
2024-05-11 08:24:00,164138736,-1.426403504854573,-1.9280110877355758,-0.9247959219735699,35.808507099999936,-86.44685230718586,10208,0.7,35.8,-86.5,4.885386356733691
2024-05-11 08:25:00,164138736,-0.7165013449899126,-0.9658927349633813,-0.4671099550164438,35.808507099999936,-86.44685230718586,10208,-0.5,35.8,-86.5,4.885386356733691
2024-05-11 08:26:00,164138736,0.10448734793954835,0.017587957701587484,0.19138673817750923,35.808507099999936,-86.44685230718586,10208,-0.6,35.8,-86.5,4.885386356733691
2024-05-11 08:27:00,164138736,-0.2150934010283131,-0.32182155109776467,-0.1083652509588615,35.808507099999936,-86.44685230718586,10208,-0.7,35.8,-86.5,4.885386356733691
2024-05-11 08:28:00,164138736,1.1455252159339273,0.7458944042436387,1.5451560276242158,35.808507099999936,-86.44685230718586,10208,-0.8,35.8,-86.5,4.885386356733691
2024-05-11 08:29:00,164138736,1.2192074147822798,0.8038128424356658,1.6346019871288937,35.808507099999936,-86.44685230718586,10208,-0.3,35.8,-86.5,4.885386356733691
2024-05-11 08:30:00,164138736,0.7412020715996974,0.4718771630290653,1.0105269801703296,35.808507099999936,-86.44685230718586,10208,-0.8,35.8,-86.5,4.885386356733691
2024-05-11 08:31:00,164138736,-0.052782169347171747,-0.10059150350922275,-0.004972835185120754,35.808507099999936,-86.44685230718586,10208,-0.5,35.8,-86.5,4.885386356733691
2024-05-11 08:32:00,164138736,-0.22290383719243534,-0.33953926940518425,-0.10626840497968641,35.808507099999936,-86.44685230718586,10208,-0.1,35.8,-86.5,4.885386356733691
2024-05-11 08:33:00,164138736,0.2872513397155228,0.09223925825863388,0.4822634211724117,35.808507099999936,-86.44685230718586,10208,0.2,35.8,-86.5,4.885386356733691
2024-05-11 08:34:00,164138736,-0.8241698233649967,-1.0991823634560776,-0.5491572832739158,35.808507099999936,-86.44685230718586,10208,-0.3,35.8,-86.5,4.885386356733691
2024-05-11 08:35:00,164138736,-1.4815037617686617,-1.9719504712171994,-0.9910570523201241,35.808507099999936,-86.44685230718586,10208,-0.1,35.8,-86.5,4.885386356733691
2024-05-11 08:36:00,164138736,-1.064536858502858,-1.4121501269562136,-0.7169235900495026,35.808507099999936,-86.44685230718586,10208,-0.1,35.8,-86.5,4.885386356733691
2024-05-11 08:37:00,164138736,-1.3595493627059516,-1.8041279765729294,-0.9149707488389739,35.808507099999936,-86.44685230718586,10208,0.1,35.8,-86.5,4.885386356733691
2024-05-11 08:38:00,164138736,-0.6080679364387189,-0.8073344045294977,-0.4088014683479402,35.808507099999936,-86.44685230718586,10208,0.9,35.8,-86.5,4.885386356733691
2024-05-11 08:39:00,164138736,-0.15278913835270258,-0.2038099903259905,-0.10176828637941464,35.808507099999936,-86.44685230718586,10208,0.9,35.8,-86.5,4.885386356733691
2024-05-11 08:40:00,164138736,0.2077184598880401,0.121664924918666,0.29377199485741423,35.808507099999936,-86.44685230718586,10208,0.2,35.8,-86.5,4.885386356733691
2024-05-11 08:41:00,164138736,-0.14719693069098858,-0.19482808908169785,-0.0995657723002793,35.808507099999936,-86.44685230718586,10208,-0.3,35.8,-86.5,4.885386356733691
2024-05-11 08:42:00,164138736,0.10036483833913283,0.03762989309768461,0.16309978358058105,35.808507099999936,-86.44685230718586,10208,-0.2,35.8,-86.5,4.885386356733691
2024-05-11 08:43:00,164138736,-0.38685559681300435,-0.5304504515658777,-0.243260742060131,35.808507099999936,-86.44685230718586,10208,-0.1,35.8,-86.5,4.885386356733691
2024-05-11 08:44:00,164138736,-0.09327946081206392,-0.1741421690586834,-0.012416752565444444,35.808507099999936,-86.44685230718586,10208,-0.8,35.8,-86.5,4.885386356733691
2024-05-11 08:45:00,164138736,-0.6192017012020847,-0.8224761426333597,-0.4159272597708098,35.808507099999936,-86.44685230718586,10208,0.4,35.8,-86.5,4.885386356733691
2024-05-11 08:46:00,164138736,-1.0441048987054473,-1.3952445704149536,-0.692965226995941,35.808507099999936,-86.44685230718586,10208,-1.4,35.8,-86.5,4.885386356733691
2024-05-11 08:47:00,164138736,-1.0544175825907869,-1.3987980594943914,-0.7100371056871825,35.808507099999936,-86.44685230718586,10208,-1.6,35.8,-86.5,4.885386356733691
2024-05-11 08:48:00,164138736,-1.1095618406397108,-1.4740862907712644,-0.7450373905081571,35.808507099999936,-86.44685230718586,10208,-2.0,35.8,-86.5,4.885386356733691
2024-05-11 08:49:00,164138736,-1.07296865805733,-1.4237314832803842,-0.722205832834276,35.808507099999936,-86.44685230718586,10208,-2.8,35.8,-86.5,4.885386356733691
2024-05-11 08:50:00,164138736,-1.236320244199731,-1.6408556457858132,-0.8317848426136487,35.808507099999936,-86.44685230718586,10208,-2.5,35.8,-86.5,4.885386356733691
2024-05-11 08:51:00,164138736,-1.6898379707464695,-2.2472565417003993,-1.1324193997925396,35.808507099999936,-86.44685230718586,10208,-1.8,35.8,-86.5,4.885386356733691
2024-05-11 08:52:00,164138736,-1.1640293349655346,-1.560264497693745,-0.7677941722373244,35.808507099999936,-86.44685230718586,10208,-0.9,35.8,-86.5,4.885386356733691
2024-05-11 08:53:00,164138736,-0.7626345646645931,-1.04090940674448,-0.4843597225847064,35.808507099999936,-86.44685230718586,10208,-1.9,35.8,-86.5,4.885386356733691
2024-05-11 08:54:00,164138736,-0.3151164256893073,-0.42314886772604526,-0.20708398365256936,35.808507099999936,-86.44685230718586,10208,-2.3,35.8,-86.5,4.885386356733691
2024-05-11 08:55:00,164138736,-0.053396675838426846,-0.1184595390942552,0.01166618741740151,35.808507099999936,-86.44685230718586,10208,-1.4,35.8,-86.5,4.885386356733691
2024-05-11 08:56:00,164138736,-0.4733469693069099,-0.6303892966424305,-0.31630464197138936,35.808507099999936,-86.44685230718586,10208,-0.2,35.8,-86.5,4.885386356733691
2024-05-11 08:57:00,164138736,-0.9162320186407196,-1.2173919951479433,-0.6150720421334958,35.808507099999936,-86.44685230718586,10208,1.1,35.8,-86.5,4.885386356733691
2024-05-11 08:58:00,164138736,-0.8658549880211835,-1.16422371807467,-0.5674862579676971,35.808507099999936,-86.44685230718586,10208,1.7,35.8,-86.5,4.885386356733691
2024-05-11 08:59:00,164138736,-1.3143996012315065,-1.7450709004943874,-0.8837283019686255,35.808507099999936,-86.44685230718586,10208,1.6,35.8,-86.5,4.885386356733691
2024-05-11 09:00:00,164138736,-0.6060346899693174,-0.8075900097887665,-0.4044793701498684,35.808507099999936,-86.44685230718586,10208,1.3,35.8,-86.5,4.885386356733691
2024-05-11 09:01:00,164138736,0.2785941703093477,0.1865546656900482,0.3706336749286472,35.808507099999936,-86.44685230718586,10208,1.6,35.8,-86.5,4.885386356733691
2024-05-11 09:02:00,164138736,1.0501320690778413,0.7045770195046845,1.395687118650998,35.808507099999936,-86.44685230718586,10208,1.3,35.8,-86.5,4.885386356733691
2024-05-11 09:03:00,164138736,0.31274668546675355,0.20698523041217573,0.41850814052133134,35.808507099999936,-86.44685230718586,10208,1.4,35.8,-86.5,4.885386356733691
2024-05-11 09:04:00,164138736,-0.2125923859648201,-0.2980125515090343,-0.12717222042060594,35.808507099999936,-86.44685230718586,10208,1.6,35.8,-86.5,4.885386356733691
2024-05-11 09:05:00,164138736,-0.9793926923966039,-1.3011061228759477,-0.65767926191726,35.808507099999936,-86.44685230718586,10208,1.6,35.8,-86.5,4.885386356733691
2024-05-11 09:06:00,164138736,-0.6874668349655346,-0.9244334154510894,-0.4505002544799799,35.808507099999936,-86.44685230718586,10208,1.2,35.8,-86.5,4.885386356733691
2024-05-11 09:07:00,164138736,-0.4895440661514375,-0.6689232543329243,-0.3101648779699506,35.808507099999936,-86.44685230718586,10208,0.9,35.8,-86.5,4.885386356733691
2024-05-11 09:08:00,164138736,-0.8434828737075487,-1.139330627810177,-0.5476351196049205,35.808507099999936,-86.44685230718586,10208,0.7,35.8,-86.5,4.885386356733691
2024-05-11 09:09:00,164138736,-0.5654442023333079,-0.9220452357029632,-0.20884316896365274,35.808507099999936,-86.44685230718586,10208,0.2,35.8,-86.5,4.885386356733691
2024-05-11 09:10:00,164138736,-0.3349841518857452,-0.5527402496763165,-0.1172280540951739,35.808507099999936,-86.44685230718586,10208,-0.2,35.8,-86.5,4.885386356733691
2024-05-11 09:11:00,164138736,-0.07400391994904734,-0.1560745814524277,0.008066741554332998,35.808507099999936,-86.44685230718586,10208,-0.3,35.8,-86.5,4.885386356733691
2024-05-11 09:12:00,164138736,-0.2637484665276143,-0.35975864254255585,-0.16773829051267275,35.808507099999936,-86.44685230718586,10208,-0.4,35.8,-86.5,4.885386356733691
2024-05-11 09:13:00,164138736,-0.024053528714516697,-0.04569738885693919,-0.002409668572094202,35.808507099999936,-86.44685230718586,10208,-0.6,35.8,-86.5,4.885386356733691
2024-05-11 09:14:00,164138736,-0.01163671448796727,-0.028992410745849954,0.005718981769915414,35.808507099999936,-86.44685230718586,10208,-0.6,35.8,-86.5,4.885386356733691
2024-05-11 09:15:00,164138736,0.449181972932078,0.290142782482136,0.60822116338202,35.808507099999936,-86.44685230718586,10208,-0.5,35.8,-86.5,4.885386356733691
2024-05-11 09:16:00,164138736,0.4387936005274882,0.28702709482835465,0.5905601062266218,35.808507099999936,-86.44685230718586,10208,-0.5,35.8,-86.5,4.885386356733691
2024-05-11 09:17:00,164138736,1.5246944876429052,1.0124340228787059,2.0369549524071044,35.808507099999936,-86.44685230718586,10208,-0.1,35.8,-86.5,4.885386356733691
2024-05-11 09:18:00,164138736,0.6241991136726631,0.38874033932600455,0.8596578880193217,35.808507099999936,-86.44685230718586,10208,-0.8,35.8,-86.5,4.885386356733691
2024-05-11 09:19:00,164138736,0.16544801946767002,0.0418260115563165,0.28907002737902354,35.808507099999936,-86.44685230718586,10208,-0.2,35.8,-86.5,4.885386356733691
2024-05-11 09:20:00,164138736,0.9503258382544553,0.5816118571930247,1.3190398193158859,35.808507099999936,-86.44685230718586,10208,-0.7,35.8,-86.5,4.885386356733691
2024-05-11 09:21:00,164138736,0.8702099510864997,0.553034829932208,1.1873850722407915,35.808507099999936,-86.44685230718586,10208,0.1,35.8,-86.5,4.885386356733691
2024-05-11 09:22:00,164138736,1.2676214694014796,0.8252885444244515,1.7099543943785076,35.808507099999936,-86.44685230718586,10208,0.0,35.8,-86.5,4.885386356733691
2024-05-11 09:23:00,164138736,0.8308614437100706,0.5378043708124073,1.1239185166077341,35.808507099999936,-86.44685230718586,10208,0.3,35.8,-86.5,4.885386356733691
2024-05-11 09:24:00,164138736,0.8959918249831876,0.5829573656334055,1.2090262843329698,35.808507099999936,-86.44685230718586,10208,0.5,35.8,-86.5,4.885386356733691
2024-05-11 09:25:00,164138736,0.3602225041341365,0.1792203534984651,0.5412246547698079,35.808507099999936,-86.44685230718586,10208,0.2,35.8,-86.5,4.885386356733691
2024-05-11 09:26:00,164138736,0.8298315216249159,0.5507872211727787,1.1088758220770532,35.808507099999936,-86.44685230718586,10208,-0.2,35.8,-86.5,4.885386356733691
2024-05-11 09:27:00,164138736,1.2735901905052118,0.8574298113620753,1.6897505696483484,35.808507099999936,-86.44685230718586,10208,0.6,35.8,-86.5,4.885386356733691
2024-05-11 09:28:00,164138736,1.2934744346839273,0.8584973222991819,1.7284515470686728,35.808507099999936,-86.44685230718586,10208,0.8,35.8,-86.5,4.885386356733691
2024-05-11 09:29:00,164138736,0.5433320877290686,0.3644226728256458,0.7222415026324914,35.808507099999936,-86.44685230718586,10208,0.3,35.8,-86.5,4.885386356733691
2024-05-11 09:30:00,164138736,0.3337357193331792,0.2154787808340301,0.4519926578323283,35.808507099999936,-86.44685230718586,10208,0.2,35.8,-86.5,4.885386356733691
2024-05-11 09:31:00,164138736,0.5078799793523033,0.34121250194614955,0.6745474567584571,35.808507099999936,-86.44685230718586,10208,0.0,35.8,-86.5,4.885386356733691
2024-05-11 09:32:00,164138736,0.6034433843308675,0.4031149874833263,0.8037717811784088,35.808507099999936,-86.44685230718586,10208,0.6,35.8,-86.5,4.885386356733691
2024-05-11 09:33:00,164138736,0.2767854022274261,0.12535040353261434,0.42822040092223784,35.808507099999936,-86.44685230718586,10208,0.9,35.8,-86.5,4.885386356733691
2024-05-11 09:34:00,164138736,1.5060058265383323,1.0072892156076292,2.0047224374690353,35.808507099999936,-86.44685230718586,10208,0.9,35.8,-86.5,4.885386356733691
2024-05-11 09:35:00,164138736,1.2179330237054473,0.7658598840755192,1.6700061633353753,35.808507099999936,-86.44685230718586,10208,0.0,35.8,-86.5,4.885386356733691
2024-05-11 09:36:00,164138736,0.8867889178544784,0.4761773787914878,1.297400456917469,35.808507099999936,-86.44685230718586,10208,-1.2,35.8,-86.5,4.885386356733691
2024-05-11 09:37:00,164138736,0.13711016949343857,-0.17119904690715243,0.4454193858940296,35.808507099999936,-86.44685230718586,10208,-0.9,35.8,-86.5,4.885386356733691
2024-05-11 09:38:00,164138736,1.0263241714651983,0.5921065738635309,1.4605417690668656,35.808507099999936,-86.44685230718586,10208,0.2,35.8,-86.5,4.885386356733691
2024-05-11 09:39:00,164138736,1.7261559820527907,1.091815482022775,2.3604964820828065,35.808507099999936,-86.44685230718586,10208,0.6,35.8,-86.5,4.885386356733691
2024-05-11 09:40:00,164138736,2.0660342105539677,1.295095970164323,2.8369724509436125,35.808507099999936,-86.44685230718586,10208,0.6,35.8,-86.5,4.885386356733691
2024-05-11 09:41:00,164138736,3.592130495544721,2.40892721468356,4.775333776405882,35.808507099999936,-86.44685230718586,10208,-0.6,35.8,-86.5,4.885386356733691
2024-05-11 09:42:00,164138736,3.7305252290685944,2.496128354403087,4.964922103734102,35.808507099999936,-86.44685230718586,10208,1.2,35.8,-86.5,4.885386356733691
2024-05-11 09:43:00,164138736,2.3507080899041695,1.5599306651458626,3.1414855146624765,35.808507099999936,-86.44685230718586,10208,1.1,35.8,-86.5,4.885386356733691
2024-05-11 09:44:00,164138736,1.5117637362348688,0.9479167815478133,2.0756106909219243,35.808507099999936,-86.44685230718586,10208,-0.2,35.8,-86.5,4.885386356733691
2024-05-11 09:45:00,164138736,1.2213913815568258,0.8094217856221531,1.6333609774914986,35.808507099999936,-86.44685230718586,10208,0.5,35.8,-86.5,4.885386356733691
2024-05-11 09:46:00,164138736,1.6740060997394082,1.1082166031290743,2.239795596349742,35.808507099999936,-86.44685230718586,10208,0.9,35.8,-86.5,4.885386356733691
2024-05-11 09:47:00,164138736,2.285307955405178,1.5348278384121343,3.035788072398222,35.808507099999936,-86.44685230718586,10208,0.7,35.8,-86.5,4.885386356733691
2024-05-11 09:48:00,164138736,1.5296252416778748,1.0202751311801201,2.0389753521756298,35.808507099999936,-86.44685230718586,10208,0.7,35.8,-86.5,4.885386356733691
2024-05-11 09:49:00,164138736,0.9278670351378615,0.617066749753448,1.238667320522275,35.808507099999936,-86.44685230718586,10208,2.0,35.8,-86.5,4.885386356733691
2024-05-11 09:50:00,164138736,0.7633684641896435,0.5161414850021405,1.0105954433771465,35.808507099999936,-86.44685230718586,10208,1.9,35.8,-86.5,4.885386356733691
2024-05-11 09:51:00,164138736,1.9262967856842637,1.2984692262960449,2.5541243450724824,35.808507099999936,-86.44685230718586,10208,0.6,35.8,-86.5,4.885386356733691
2024-05-11 09:52:00,164138736,1.5462599692123402,1.0412389175141756,2.051281020910505,35.808507099999936,-86.44685230718586,10208,-0.1,35.8,-86.5,4.885386356733691
2024-05-11 09:53:00,164138736,0.6987798879350202,0.466715138041195,0.9308446378288454,35.808507099999936,-86.44685230718586,10208,0.3,35.8,-86.5,4.885386356733691
2024-05-11 09:54:00,164138736,0.4042996250709272,0.2387395966566466,0.5698596534852078,35.808507099999936,-86.44685230718586,10208,1.1,35.8,-86.5,4.885386356733691
2024-05-11 09:55:00,164138736,0.1300273451455584,0.07647489278734396,0.18357979750377282,35.808507099999936,-86.44685230718586,10208,0.1,35.8,-86.5,4.885386356733691
2024-05-11 09:56:00,164138736,0.07318984416000941,-0.0204782471541176,0.1668579354741364,35.808507099999936,-86.44685230718586,10208,0.6,35.8,-86.5,4.885386356733691
2024-05-11 09:57:00,164138736,0.8625448877248655,0.5597867291569268,1.165303046292804,35.808507099999936,-86.44685230718586,10208,0.3,35.8,-86.5,4.885386356733691
2024-05-11 09:58:00,164138736,1.0842830244935273,0.6538914147686983,1.5146746342183564,35.808507099999936,-86.44685230718586,10208,0.5,35.8,-86.5,4.885386356733691
2024-05-11 09:59:00,164138736,-0.1058209282324149,-0.23925222281914604,0.02761036635431624,35.808507099999936,-86.44685230718586,10208,-0.3,35.8,-86.5,4.885386356733691
2024-05-11 10:00:00,164138736,-0.3858928872822272,-0.5592908900110924,-0.21249488455336193,35.808507099999936,-86.44685230718586,10208,-0.2,35.8,-86.5,4.885386356733691
2024-05-11 10:01:00,164138736,-0.14669410574732808,-0.2700980741383983,-0.023290137356257845,35.808507099999936,-86.44685230718586,10208,-0.2,35.8,-86.5,4.885386356733691
2024-05-11 10:02:00,164138736,-0.0402070382495975,-0.12702237023457313,0.04660829373537812,35.808507099999936,-86.44685230718586,10208,-0.3,35.8,-86.5,4.885386356733691
2024-05-11 10:03:00,164138736,-0.756946268703766,-1.0570486712711764,-0.45684386613635575,35.808507099999936,-86.44685230718586,10208,-0.2,35.8,-86.5,4.885386356733691
2024-05-11 10:04:00,164138736,-1.3592475937289845,-1.8123210674915855,-0.9061741199663835,35.808507099999936,-86.44685230718586,10208,-0.3,35.8,-86.5,4.885386356733691
2024-05-11 10:05:00,164138736,-1.0778787249915938,-1.43038105828528,-0.7253763916979075,35.808507099999936,-86.44685230718586,10208,-0.3,35.8,-86.5,4.885386356733691
2024-05-11 10:06:00,164138736,-1.5117263024335912,-2.0072287846247088,-1.0162238202424736,35.808507099999936,-86.44685230718586,10208,-0.8,35.8,-86.5,4.885386356733691
2024-05-11 10:07:00,164138736,-1.2097537381262609,-1.606770363582616,-0.8127371126699057,35.808507099999936,-86.44685230718586,10208,-1.0,35.8,-86.5,4.885386356733691
2024-05-11 10:08:00,164138736,-1.0977738052706791,-1.4590846753526725,-0.7364629351886858,35.808507099999936,-86.44685230718586,10208,-0.6,35.8,-86.5,4.885386356733691
2024-05-11 10:09:00,164138736,-1.2124302549176194,-1.6117720855847013,-0.8130884242505374,35.808507099999936,-86.44685230718586,10208,-0.3,35.8,-86.5,4.885386356733691
2024-05-11 10:10:00,164138736,-0.9442856973982852,-1.27392735820885,-0.6146440365877204,35.808507099999936,-86.44685230718586,10208,-0.1,35.8,-86.5,4.885386356733691
2024-05-11 10:11:00,164138736,-1.0564951585617015,-1.435475838950432,-0.677514478172971,35.808507099999936,-86.44685230718586,10208,-0.5,35.8,-86.5,4.885386356733691
2024-05-11 10:12:00,164138736,-0.3176902701731248,-0.5356844120267654,-0.09969612831948421,35.808507099999936,-86.44685230718586,10208,-0.8,35.8,-86.5,4.885386356733691
2024-05-11 10:13:00,164138736,-0.8014878950907868,-1.0935029933461282,-0.5094727968354453,35.808507099999936,-86.44685230718586,10208,-0.1,35.8,-86.5,4.885386356733691
2024-05-11 10:14:00,164138736,-0.40914882103227973,-0.5742036270073033,-0.24409401505725611,35.808507099999936,-86.44685230718586,10208,-0.3,35.8,-86.5,4.885386356733691
2024-05-11 10:15:00,164138736,-0.9711034039803296,-1.297198023731874,-0.6450087842287852,35.808507099999936,-86.44685230718586,10208,0.0,35.8,-86.5,4.885386356733691
2024-05-11 10:16:00,164138736,-0.5988107872394082,-0.8106144768472201,-0.3870070976315963,35.808507099999936,-86.44685230718586,10208,0.0,35.8,-86.5,4.885386356733691
2024-05-11 10:17:00,164138736,-0.9316862679682246,-1.2428614668608469,-0.6205110690756024,35.808507099999936,-86.44685230718586,10208,-0.2,35.8,-86.5,4.885386356733691
2024-05-11 10:18:00,164138736,-0.2916818809894082,-0.39679102634025515,-0.1865727356385613,35.808507099999936,-86.44685230718586,10208,-0.4,35.8,-86.5,4.885386356733691
2024-05-11 10:19:00,164138736,0.1400177679209398,0.08424501701648117,0.19579051882539844,35.808507099999936,-86.44685230718586,10208,-0.2,35.8,-86.5,4.885386356733691
2024-05-11 10:20:00,164138736,-0.22447776153092425,-0.3160444474521148,-0.1329110756097337,35.808507099999936,-86.44685230718586,10208,0.3,35.8,-86.5,4.885386356733691
2024-05-11 10:21:00,164138736,-0.44460269437993866,-0.6274168214801772,-0.2617885672797001,35.808507099999936,-86.44685230718586,10208,0.4,35.8,-86.5,4.885386356733691
2024-05-11 10:22:00,164138736,-0.30841963356905683,-0.43309848609770285,-0.1837407810404108,35.808507099999936,-86.44685230718586,10208,0.5,35.8,-86.5,4.885386356733691
2024-05-11 10:23:00,164138736,-0.22465079024724696,-0.3171269747783276,-0.13217460571616635,35.808507099999936,-86.44685230718586,10208,0.3,35.8,-86.5,4.885386356733691
2024-05-11 10:24:00,164138736,-0.044405176644366946,-0.14954098958122455,0.06073063629249067,35.808507099999936,-86.44685230718586,10208,0.2,35.8,-86.5,4.885386356733691
2024-05-11 10:25:00,164138736,-0.517704053620965,-0.7003401661678029,-0.3350679410741272,35.808507099999936,-86.44685230718586,10208,0.6,35.8,-86.5,4.885386356733691
2024-05-11 10:26:00,164138736,-0.07338037631939784,-0.12469811618009148,-0.022062636458704196,35.808507099999936,-86.44685230718586,10208,0.4,35.8,-86.5,4.885386356733691
2024-05-11 10:27:00,164138736,-0.037958657573194575,-0.08842301864463434,0.012505703498245195,35.808507099999936,-86.44685230718586,10208,0.3,35.8,-86.5,4.885386356733691
2024-05-11 10:28:00,164138736,-0.056503278261555386,-0.12057395180138075,0.007567395278269988,35.808507099999936,-86.44685230718586,10208,0.1,35.8,-86.5,4.885386356733691
2024-05-11 10:29:00,164138736,-0.703269317154926,-0.9466103841288801,-0.45992825018097194,35.808507099999936,-86.44685230718586,10208,-0.5,35.8,-86.5,4.885386356733691
2024-05-11 10:30:00,164138736,-0.030859837976172217,-0.10056017856000193,0.03884050260765751,35.808507099999936,-86.44685230718586,10208,0.7,35.8,-86.5,4.885386356733691
2024-05-11 10:31:00,164138736,-0.6008793331266813,-0.8225243616624756,-0.3792343045908871,35.808507099999936,-86.44685230718586,10208,0.2,35.8,-86.5,4.885386356733691
2024-05-11 10:32:00,164138736,-0.34610615918198606,-0.5351987771317975,-0.15701354123217462,35.808507099999936,-86.44685230718586,10208,-0.2,35.8,-86.5,4.885386356733691
2024-05-11 10:33:00,164138736,0.7569674483544889,0.5037040015583427,1.0102308951506351,35.808507099999936,-86.44685230718586,10208,0.2,35.8,-86.5,4.885386356733691
2024-05-11 10:34:00,164138736,-0.3163380318226715,-0.4200754785913362,-0.21260058505400678,35.808507099999936,-86.44685230718586,10208,-0.2,35.8,-86.5,4.885386356733691
2024-05-11 10:35:00,164138736,-0.33783570567312543,-0.473433108279766,-0.20223830306648488,35.808507099999936,-86.44685230718586,10208,-0.2,35.8,-86.5,4.885386356733691
2024-05-11 10:36:00,164138736,-0.6100765554072798,-0.8162609727479281,-0.4038921380666315,35.808507099999936,-86.44685230718586,10208,-0.5,35.8,-86.5,4.885386356733691
2024-05-11 10:37:00,164138736,-0.22558890306155957,-0.35013134109050453,-0.10104646503261462,35.808507099999936,-86.44685230718586,10208,-0.5,35.8,-86.5,4.885386356733691
2024-05-11 10:38:00,164138736,0.24260654077485014,0.11919185987338926,0.366021221676311,35.808507099999936,-86.44685230718586,10208,-0.2,35.8,-86.5,4.885386356733691
2024-05-11 10:39:00,164138736,-0.40496748184789005,-0.5535537031796711,-0.256381260516109,35.808507099999936,-86.44685230718586,10208,0.8,35.8,-86.5,4.885386356733691
2024-05-11 10:40:00,164138736,-0.13695267021215116,-0.19676173673386876,-0.07714360369043355,35.808507099999936,-86.44685230718586,10208,0.6,35.8,-86.5,4.885386356733691
2024-05-11 10:41:00,164138736,1.597044174512441,1.0751953024999807,2.118893046524901,35.808507099999936,-86.44685230718586,10208,0.9,35.8,-86.5,4.885386356733691
2024-05-11 10:42:00,164138736,-1.4596279736886348,-1.9484493223201793,-0.9708066250570904,35.808507099999936,-86.44685230718586,10208,-0.2,35.8,-86.5,4.885386356733691
2024-05-11 10:43:00,164138736,-0.3064974519977172,-0.47233343716897314,-0.1406614668264613,35.808507099999936,-86.44685230718586,10208,0.0,35.8,-86.5,4.885386356733691
2024-05-11 10:44:00,164138736,-0.2382962464805249,-0.3984871609493383,-0.07810533201171149,35.808507099999936,-86.44685230718586,10208,0.4,35.8,-86.5,4.885386356733691
2024-05-11 10:45:00,164138736,1.1361483770805312,0.7502444476446544,1.522052306516408,35.808507099999936,-86.44685230718586,10208,0.2,35.8,-86.5,4.885386356733691
2024-05-11 10:46:00,164138736,0.036422737468868274,-0.01076824427566439,0.08361371921340094,35.808507099999936,-86.44685230718586,10208,0.0,35.8,-86.5,4.885386356733691
2024-05-11 10:47:00,164138736,-0.3183007615479993,-0.4499761627400912,-0.1866253603559074,35.808507099999936,-86.44685230718586,10208,-1.1,35.8,-86.5,4.885386356733691
2024-05-11 10:48:00,164138736,-0.9860660883910558,-1.3205607047024928,-0.6515714720796189,35.808507099999936,-86.44685230718586,10208,-0.3,35.8,-86.5,4.885386356733691
2024-05-11 10:49:00,164138736,-0.23490654355981003,-0.3166993884244072,-0.15311369869521285,35.808507099999936,-86.44685230718586,10208,-0.9,35.8,-86.5,4.885386356733691
2024-05-11 10:50:00,164138736,-0.6763971017043544,-0.8982030825424101,-0.4545911208662987,35.808507099999936,-86.44685230718586,10208,-0.2,35.8,-86.5,4.885386356733691
2024-05-11 10:51:00,164138736,0.6111292989765468,0.4115675056690674,0.8106910922840261,35.808507099999936,-86.44685230718586,10208,-0.1,35.8,-86.5,4.885386356733691
2024-05-11 10:52:00,164138736,-0.5408435608607935,-0.7174193978360657,-0.3642677238855214,35.808507099999936,-86.44685230718586,10208,-0.2,35.8,-86.5,4.885386356733691
2024-05-11 10:53:00,164138736,0.2806301258038416,0.17926806570858428,0.38199218589909895,35.808507099999936,-86.44685230718586,10208,0.1,35.8,-86.5,4.885386356733691
2024-05-11 10:54:00,164138736,-0.3488666916663164,-0.46721621678218184,-0.23051716655045096,35.808507099999936,-86.44685230718586,10208,-0.6,35.8,-86.5,4.885386356733691
2024-05-11 10:55:00,164138736,-0.0814599365537088,-0.1992876954361763,0.03636782232875872,35.808507099999936,-86.44685230718586,10208,-0.4,35.8,-86.5,4.885386356733691
2024-05-11 10:56:00,164138736,-0.1274009094033052,-0.20077081017779158,-0.054031008628818836,35.808507099999936,-86.44685230718586,10208,-0.6,35.8,-86.5,4.885386356733691
2024-05-11 10:57:00,164138736,-0.8187432356464358,-1.125111547803195,-0.5123749234896766,35.808507099999936,-86.44685230718586,10208,-0.8,35.8,-86.5,4.885386356733691
2024-05-11 10:58:00,164138736,-0.7757969787638702,-1.042550031791669,-0.5090439257360715,35.808507099999936,-86.44685230718586,10208,-0.5,35.8,-86.5,4.885386356733691
2024-05-11 10:59:00,164138736,0.017773409136686857,-0.1195314370540956,0.1550782553274693,35.808507099999936,-86.44685230718586,10208,-0.1,35.8,-86.5,4.885386356733691
2024-05-11 11:00:00,164138736,0.6332454514647781,0.3989711299172102,0.867519773012346,35.808507099999936,-86.44685230718586,10208,-0.9,35.8,-86.5,4.885386356733691
2024-05-11 11:01:00,164138736,-0.25804966283309516,-0.3594717053610931,-0.15662762030509725,35.808507099999936,-86.44685230718586,10208,-0.3,35.8,-86.5,4.885386356733691
2024-05-11 11:02:00,164138736,-0.21463491905433024,-0.3649238247402961,-0.06434601336836437,35.808507099999936,-86.44685230718586,10208,-0.8,35.8,-86.5,4.885386356733691
2024-05-11 11:03:00,164138736,-0.18048993324223347,-0.29582822991500035,-0.06515163656946658,35.808507099999936,-86.44685230718586,10208,-0.1,35.8,-86.5,4.885386356733691
2024-05-11 11:04:00,164138736,-0.06652948715258702,-0.14068393036814814,0.0076249560629741,35.808507099999936,-86.44685230718586,10208,0.4,35.8,-86.5,4.885386356733691
2024-05-11 11:05:00,164138736,0.10338599199245019,0.06015587758832629,0.14661610639657408,35.808507099999936,-86.44685230718586,10208,0.1,35.8,-86.5,4.885386356733691
2024-05-11 11:06:00,164138736,0.32284371453639876,0.21419968641768566,0.43148774265511186,35.808507099999936,-86.44685230718586,10208,0.5,35.8,-86.5,4.885386356733691
2024-05-11 11:07:00,164138736,1.0976004276647613,0.7350245898968603,1.4601762654326622,35.808507099999936,-86.44685230718586,10208,0.2,35.8,-86.5,4.885386356733691
2024-05-11 11:08:00,164138736,0.7340671562394923,0.49094675072470095,0.9771875617542836,35.808507099999936,-86.44685230718586,10208,-0.1,35.8,-86.5,4.885386356733691
2024-05-11 11:09:00,164138736,0.9831922232262945,0.6604171382402555,1.3059673082123335,35.808507099999936,-86.44685230718586,10208,0.1,35.8,-86.5,4.885386356733691
2024-05-11 11:10:00,164138736,0.8373307598142232,0.562037636175895,1.1126238834525515,35.808507099999936,-86.44685230718586,10208,0.3,35.8,-86.5,4.885386356733691
2024-05-11 11:11:00,164138736,0.9182409659759583,0.6181061395908036,1.218375792361113,35.808507099999936,-86.44685230718586,10208,0.0,35.8,-86.5,4.885386356733691
2024-05-11 11:12:00,164138736,0.5208264923608776,0.349266190442571,0.6923867942791843,35.808507099999936,-86.44685230718586,10208,0.2,35.8,-86.5,4.885386356733691
2024-05-11 11:13:00,164138736,0.28138561543796237,0.18992891132257128,0.37284231955335345,35.808507099999936,-86.44685230718586,10208,0.5,35.8,-86.5,4.885386356733691
2024-05-11 11:14:00,164138736,0.3169542939853732,0.2140640747413065,0.41984451322943994,35.808507099999936,-86.44685230718586,10208,-0.1,35.8,-86.5,4.885386356733691
2024-05-11 11:15:00,164138736,0.8356642989240081,0.5632851952950216,1.1080434025529944,35.808507099999936,-86.44685230718586,10208,0.2,35.8,-86.5,4.885386356733691
2024-05-11 11:16:00,164138736,0.3168222905808675,0.20885474128797027,0.4247898398737648,35.808507099999936,-86.44685230718586,10208,0.3,35.8,-86.5,4.885386356733691
2024-05-11 11:17:00,164138736,0.43898438156733355,0.28828554924740324,0.5896832138872639,35.808507099999936,-86.44685230718586,10208,0.0,35.8,-86.5,4.885386356733691
2024-05-11 11:18:00,164138736,0.35210331991846,0.23588672917413195,0.46831991066278805,35.808507099999936,-86.44685230718586,10208,0.5,35.8,-86.5,4.885386356733691
2024-05-11 11:19:00,164138736,0.9323617182246133,0.6287838565083207,1.235939579940906,35.808507099999936,-86.44685230718586,10208,0.3,35.8,-86.5,4.885386356733691
2024-05-11 11:20:00,164138736,0.48037073254665436,0.3227373481667093,0.6380041169265994,35.808507099999936,-86.44685230718586,10208,-0.4,35.8,-86.5,4.885386356733691
2024-05-11 11:21:00,164138736,0.5483357391665266,0.368422286684282,0.7282491916487711,35.808507099999936,-86.44685230718586,10208,0.4,35.8,-86.5,4.885386356733691
2024-05-11 11:22:00,164138736,0.6365670445948218,0.42341332779292296,0.8497207613967207,35.808507099999936,-86.44685230718586,10208,0.6,35.8,-86.5,4.885386356733691
2024-05-11 11:23:00,164138736,0.6612332927034297,0.44140702563138373,0.8810595597754756,35.808507099999936,-86.44685230718586,10208,-0.3,35.8,-86.5,4.885386356733691
2024-05-11 11:24:00,164138736,-0.20013214296034382,-0.27417391098125915,-0.12609037493942848,35.808507099999936,-86.44685230718586,10208,0.2,35.8,-86.5,4.885386356733691
2024-05-11 11:25:00,164138736,-0.7345066750378278,-0.9768033215886929,-0.49221002848696277,35.808507099999936,-86.44685230718586,10208,0.6,35.8,-86.5,4.885386356733691
2024-05-11 11:26:00,164138736,-1.0144832690610288,-1.347482305920777,-0.6814842322012806,35.808507099999936,-86.44685230718586,10208,0.9,35.8,-86.5,4.885386356733691
2024-05-11 11:27:00,164138736,-0.9766459051361802,-1.3011282902985992,-0.6521635199737613,35.808507099999936,-86.44685230718586,10208,0.2,35.8,-86.5,4.885386356733691
2024-05-11 11:28:00,164138736,-1.2622838690526228,-1.6837120112791049,-0.8408557268261407,35.808507099999936,-86.44685230718586,10208,1.0,35.8,-86.5,4.885386356733691
2024-05-11 11:29:00,164138736,-0.8973338595956624,-1.2098237983619105,-0.5848439208294144,35.808507099999936,-86.44685230718586,10208,-0.1,35.8,-86.5,4.885386356733691
2024-05-11 11:30:00,164138736,-0.4073710027924302,-0.579513239210628,-0.2352287663742324,35.808507099999936,-86.44685230718586,10208,1.1,35.8,-86.5,4.885386356733691
2024-05-11 11:31:00,164138736,-2.035279059137525,-2.709619404193617,-1.3609387140814335,35.808507099999936,-86.44685230718586,10208,-0.3,35.8,-86.5,4.885386356733691
2024-05-11 11:32:00,164138736,-1.7909696536650974,-2.378592221699209,-1.2033470856309858,35.808507099999936,-86.44685230718586,10208,-1.4,35.8,-86.5,4.885386356733691
2024-05-11 11:33:00,164138736,0.19328943289761263,0.11588420570449615,0.2706946600907291,35.808507099999936,-86.44685230718586,10208,0.2,35.8,-86.5,4.885386356733691
2024-05-11 11:34:00,164138736,1.2013971345410221,0.8087377206355061,1.594056548446538,35.808507099999936,-86.44685230718586,10208,0.7,35.8,-86.5,4.885386356733691
2024-05-11 11:35:00,164138736,2.288101699100538,1.5362546933015957,3.0399487048994804,35.808507099999936,-86.44685230718586,10208,0.4,35.8,-86.5,4.885386356733691
2024-05-11 11:36:00,164138736,-0.333302086764081,-0.5604220085190861,-0.1061821650090759,35.808507099999936,-86.44685230718586,10208,0.8,35.8,-86.5,4.885386356733691
2024-05-11 11:37:00,164138736,-1.7672944161903161,-2.3848411165020704,-1.1497477158785618,35.808507099999936,-86.44685230718586,10208,-0.5,35.8,-86.5,4.885386356733691
2024-05-11 11:38:00,164138736,-1.325226507334398,-1.77094683773326,-0.879506176935536,35.808507099999936,-86.44685230718586,10208,-0.4,35.8,-86.5,4.885386356733691
2024-05-11 11:39:00,164138736,-0.31138756552557056,-0.4500737624324777,-0.17270136861866342,35.808507099999936,-86.44685230718586,10208,-0.3,35.8,-86.5,4.885386356733691
2024-05-11 11:40:00,164138736,-0.569404073585659,-0.7738026625711323,-0.3650054846001858,35.808507099999936,-86.44685230718586,10208,0.9,35.8,-86.5,4.885386356733691
2024-05-11 11:41:00,164138736,-1.8605282237726968,-2.480572251179314,-1.2404841963660798,35.808507099999936,-86.44685230718586,10208,0.2,35.8,-86.5,4.885386356733691
2024-05-11 11:42:00,164138736,-1.2026166883826497,-1.6022512925882841,-0.8029820841770152,35.808507099999936,-86.44685230718586,10208,-0.3,35.8,-86.5,4.885386356733691
2024-05-11 11:43:00,164138736,-1.04650263218729,-1.3917936053728663,-0.7012116590017134,35.808507099999936,-86.44685230718586,10208,-0.3,35.8,-86.5,4.885386356733691
2024-05-11 11:44:00,164138736,-0.5389168693783625,-0.7201555237518862,-0.35767821500483876,35.808507099999936,-86.44685230718586,10208,-0.5,35.8,-86.5,4.885386356733691
2024-05-11 11:45:00,164138736,-0.7350401067060356,-0.9765575226938733,-0.4935226907181979,35.808507099999936,-86.44685230718586,10208,-1.0,35.8,-86.5,4.885386356733691
2024-05-11 11:46:00,164138736,-1.151286080930565,-1.539012207368934,-0.7635599544921958,35.808507099999936,-86.44685230718586,10208,0.3,35.8,-86.5,4.885386356733691
2024-05-11 11:47:00,164138736,-1.2008661656228985,-1.6181018748041873,-0.7836304564416097,35.808507099999936,-86.44685230718586,10208,-0.3,35.8,-86.5,4.885386356733691
2024-05-11 11:48:00,164138736,-1.9265410904926026,-2.556277376405639,-1.2968048045795662,35.808507099999936,-86.44685230718586,10208,-1.2,35.8,-86.5,4.885386356733691
2024-05-11 11:49:00,164138736,0.015641770430194827,-0.028831281038279578,0.060114821898669235,35.808507099999936,-86.44685230718586,10208,-1.1,35.8,-86.5,4.885386356733691
2024-05-11 11:50:00,164138736,0.030413662898275944,0.014416418990473225,0.046410906806078664,35.808507099999936,-86.44685230718586,10208,0.1,35.8,-86.5,4.885386356733691
2024-05-11 11:51:00,164138736,-0.23641733812179513,-0.3332550096088073,-0.13957966663478297,35.808507099999936,-86.44685230718586,10208,0.3,35.8,-86.5,4.885386356733691
2024-05-11 11:52:00,164138736,0.5542303314927286,0.33332090779824286,0.7751397551872143,35.808507099999936,-86.44685230718586,10208,0.4,35.8,-86.5,4.885386356733691
2024-05-11 11:53:00,164138736,-0.19342744727221287,-0.3492609172003316,-0.03759397734409417,35.808507099999936,-86.44685230718586,10208,-0.4,35.8,-86.5,4.885386356733691
2024-05-11 11:54:00,164138736,0.5256234369746133,0.31668017330739273,0.7345667006418339,35.808507099999936,-86.44685230718586,10208,-0.2,35.8,-86.5,4.885386356733691
2024-05-11 11:55:00,164138736,-0.6279518522507566,-0.8424632155744702,-0.41344048892704294,35.808507099999936,-86.44685230718586,10208,-0.4,35.8,-86.5,4.885386356733691
2024-05-11 11:56:00,164138736,-0.5069273876197882,-0.675122470014897,-0.33873230522467934,35.808507099999936,-86.44685230718586,10208,-0.6,35.8,-86.5,4.885386356733691
2024-05-11 11:57:00,164138736,-0.8930398085490922,-1.1921123129035518,-0.5939673041946324,35.808507099999936,-86.44685230718586,10208,-0.6,35.8,-86.5,4.885386356733691
2024-05-11 11:58:00,164138736,-1.0234102455657363,-1.3594255321310473,-0.6873949590004254,35.808507099999936,-86.44685230718586,10208,-1.0,35.8,-86.5,4.885386356733691
2024-05-11 11:59:00,164138736,-0.8219229743716375,-1.103042837776184,-0.540803110967091,35.808507099999936,-86.44685230718586,10208,-0.5,35.8,-86.5,4.885386356733691
2024-05-11 12:00:00,164138736,-0.5673570357157868,-0.7754156214683416,-0.3592984499632319,35.808507099999936,-86.44685230718586,10208,0.7,35.8,-86.5,4.885386356733691
2024-05-11 12:01:00,164138736,-0.4855010514301026,-0.6738639488327197,-0.29713815402748545,35.808507099999936,-86.44685230718586,10208,-0.4,35.8,-86.5,4.885386356733691
2024-05-11 12:02:00,164138736,0.2671359023073013,0.14337554661092636,0.3908962580036762,35.808507099999936,-86.44685230718586,10208,-1.0,35.8,-86.5,4.885386356733691
2024-05-11 12:03:00,164138736,0.17046618381441242,0.08427219363892344,0.2566601739899014,35.808507099999936,-86.44685230718586,10208,-0.2,35.8,-86.5,4.885386356733691
2024-05-11 12:04:00,164138736,0.8132601688592804,0.5462456257031137,1.0802747120154472,35.808507099999936,-86.44685230718586,10208,0.8,35.8,-86.5,4.885386356733691
2024-05-11 12:05:00,164138736,-0.032952617139886835,-0.04951582714634755,-0.01638940713342612,35.808507099999936,-86.44685230718586,10208,-0.3,35.8,-86.5,4.885386356733691
2024-05-11 12:06:00,164138736,0.4907536869010592,0.3253107980473716,0.6561965757547468,35.808507099999936,-86.44685230718586,10208,0.0,35.8,-86.5,4.885386356733691
2024-05-11 12:07:00,164138736,0.752357508563803,0.5050685602296181,0.9996464568979879,35.808507099999936,-86.44685230718586,10208,1.6,35.8,-86.5,4.885386356733691
2024-05-11 12:08:00,164138736,0.3646429045214778,0.23453756341116994,0.49474824563178565,35.808507099999936,-86.44685230718586,10208,-0.2,35.8,-86.5,4.885386356733691
2024-05-11 12:09:00,164138736,0.06480211344194957,0.017445219420214264,0.11215900746368487,35.808507099999936,-86.44685230718586,10208,0.1,35.8,-86.5,4.885386356733691
2024-05-11 12:10:00,164138736,0.49937528239534296,0.33128827439227976,0.6674622903984062,35.808507099999936,-86.44685230718586,10208,-0.7,35.8,-86.5,4.885386356733691
2024-05-11 12:11:00,164138736,0.30855859424255,0.1742146920376346,0.4429024964474654,35.808507099999936,-86.44685230718586,10208,-0.2,35.8,-86.5,4.885386356733691
2024-05-11 12:12:00,164138736,0.17625017813892274,0.085959346639483,0.26654100963836247,35.808507099999936,-86.44685230718586,10208,0.0,35.8,-86.5,4.885386356733691
2024-05-11 12:13:00,164138736,0.021481780694808907,-0.03966312716433715,0.08262668855395497,35.808507099999936,-86.44685230718586,10208,0.2,35.8,-86.5,4.885386356733691
2024-05-11 12:14:00,164138736,0.6959460835049597,0.4676489178980895,0.9242432491118299,35.808507099999936,-86.44685230718586,10208,0.1,35.8,-86.5,4.885386356733691
2024-05-11 12:15:00,164138736,0.00784661570249505,-0.06087479401675609,0.07656802542174619,35.808507099999936,-86.44685230718586,10208,0.9,35.8,-86.5,4.885386356733691
2024-05-11 12:16:00,164138736,-0.038414974700065774,-0.09697821124427407,0.02014826184414252,35.808507099999936,-86.44685230718586,10208,0.7,35.8,-86.5,4.885386356733691
2024-05-11 12:17:00,164138736,-0.1906028213962742,-0.2849907010840074,-0.09621494170854099,35.808507099999936,-86.44685230718586,10208,0.8,35.8,-86.5,4.885386356733691
2024-05-11 12:18:00,164138736,-0.4816004657552959,-0.655302023633782,-0.30789890787680985,35.808507099999936,-86.44685230718586,10208,0.3,35.8,-86.5,4.885386356733691
2024-05-11 12:19:00,164138736,-0.4427230003782784,-0.6099049781528152,-0.2755410226037415,35.808507099999936,-86.44685230718586,10208,0.2,35.8,-86.5,4.885386356733691
2024-05-11 12:20:00,164138736,-0.4285444555943174,-0.5705000036121458,-0.286588907576489,35.808507099999936,-86.44685230718586,10208,0.3,35.8,-86.5,4.885386356733691
2024-05-11 12:21:00,164138736,-0.38946668654379624,-0.5159377734753254,-0.2629955996122671,35.808507099999936,-86.44685230718586,10208,-0.2,35.8,-86.5,4.885386356733691
2024-05-11 12:22:00,164138736,0.09893394109781108,0.0016251429758718378,0.19624273921975033,35.808507099999936,-86.44685230718586,10208,-0.2,35.8,-86.5,4.885386356733691
2024-05-11 12:23:00,164138736,0.15609024961121384,0.09126435793629412,0.22091614128613357,35.808507099999936,-86.44685230718586,10208,-0.3,35.8,-86.5,4.885386356733691
2024-05-11 12:24:00,164138736,0.21292580128036734,0.12431231520345505,0.30153928735727964,35.808507099999936,-86.44685230718586,10208,-0.2,35.8,-86.5,4.885386356733691
2024-05-11 12:25:00,164138736,0.08099074694800874,0.027444738293171095,0.1345367556028464,35.808507099999936,-86.44685230718586,10208,0.0,35.8,-86.5,4.885386356733691
2024-05-11 12:26:00,164138736,0.3279336956257618,0.18039852952560662,0.47546886172591696,35.808507099999936,-86.44685230718586,10208,0.0,35.8,-86.5,4.885386356733691
2024-05-11 12:27:00,164138736,0.1962939469543334,0.12037866233469346,0.2722092315739733,35.808507099999936,-86.44685230718586,10208,0.2,35.8,-86.5,4.885386356733691
2024-05-11 12:28:00,164138736,0.032057982166100445,-0.032290453357772246,0.09640641768997313,35.808507099999936,-86.44685230718586,10208,0.6,35.8,-86.5,4.885386356733691
2024-05-11 12:29:00,164138736,0.2294880008248571,0.15383305818723186,0.30514294346248233,35.808507099999936,-86.44685230718586,10208,0.3,35.8,-86.5,4.885386356733691
2024-05-11 12:30:00,164138736,-0.4753559166421486,-0.6324733358355794,-0.31823849744871785,35.808507099999936,-86.44685230718586,10208,0.2,35.8,-86.5,4.885386356733691
2024-05-11 12:31:00,164138736,-0.17765006685545562,-0.27864020119342564,-0.0766599325174856,35.808507099999936,-86.44685230718586,10208,0.3,35.8,-86.5,4.885386356733691
2024-05-11 12:32:00,164138736,0.2562044268096944,0.14785363091454884,0.36455522270484,35.808507099999936,-86.44685230718586,10208,-0.2,35.8,-86.5,4.885386356733691
2024-05-11 12:33:00,164138736,-0.500532939118191,-0.6650727617379077,-0.3359931164984742,35.808507099999936,-86.44685230718586,10208,0.5,35.8,-86.5,4.885386356733691
2024-05-11 12:34:00,164138736,-1.0073091138828179,-1.3373249245269367,-0.677293303238699,35.808507099999936,-86.44685230718586,10208,0.5,35.8,-86.5,4.885386356733691
2024-05-11 12:35:00,164138736,-0.5368806676088601,-0.7136846826356857,-0.3600766525820345,35.808507099999936,-86.44685230718586,10208,-0.6,35.8,-86.5,4.885386356733691
2024-05-11 12:36:00,164138736,-0.6593263032216712,-0.8887228181667235,-0.4299297882766189,35.808507099999936,-86.44685230718586,10208,-0.5,35.8,-86.5,4.885386356733691
2024-05-11 12:37:00,164138736,-0.3019349663227135,-0.42688798634296055,-0.17698194630246644,35.808507099999936,-86.44685230718586,10208,-0.6,35.8,-86.5,4.885386356733691
2024-05-11 12:38:00,164138736,-0.061111439773518524,-0.16939664834529938,0.04717376879826233,35.808507099999936,-86.44685230718586,10208,-0.3,35.8,-86.5,4.885386356733691
2024-05-11 12:39:00,164138736,-0.7761503013092637,-1.049744439673825,-0.5025561629447025,35.808507099999936,-86.44685230718586,10208,-0.4,35.8,-86.5,4.885386356733691
2024-05-11 12:40:00,164138736,-0.92564218671192,-1.2814132080922316,-0.5698711653316085,35.808507099999936,-86.44685230718586,10208,-0.4,35.8,-86.5,4.885386356733691
2024-05-11 12:41:00,164138736,1.4706469742980834,0.9697688999031866,1.9715250486929803,35.808507099999936,-86.44685230718586,10208,-0.4,35.8,-86.5,4.885386356733691
2024-05-11 12:42:00,164138736,1.5002883059431742,1.006436688170349,1.9941399237159994,35.808507099999936,-86.44685230718586,10208,0.7,35.8,-86.5,4.885386356733691
2024-05-11 12:43:00,164138736,-0.14164926866276117,-0.2803594556345699,-0.002939081690952444,35.808507099999936,-86.44685230718586,10208,0.4,35.8,-86.5,4.885386356733691
2024-05-11 12:44:00,164138736,2.20640078597848,1.486249077256487,2.926552494700473,35.808507099999936,-86.44685230718586,10208,0.3,35.8,-86.5,4.885386356733691
2024-05-11 12:45:00,164138736,0.6653354134267822,0.44701826798517874,0.8836525588683856,35.808507099999936,-86.44685230718586,10208,1.3,35.8,-86.5,4.885386356733691
2024-05-11 12:46:00,164138736,1.028107530892737,0.6924216601008553,1.3637934016846187,35.808507099999936,-86.44685230718586,10208,0.7,35.8,-86.5,4.885386356733691
2024-05-11 12:47:00,164138736,0.20444548170119223,0.10847318609362669,0.30041777730875774,35.808507099999936,-86.44685230718586,10208,0.3,35.8,-86.5,4.885386356733691
2024-05-11 12:48:00,164138736,0.7579908031060861,0.4998777022911383,1.016103903921034,35.808507099999936,-86.44685230718586,10208,-0.3,35.8,-86.5,4.885386356733691
2024-05-11 12:49:00,164138736,0.33620823832590785,0.19739625659446244,0.4750202200573532,35.808507099999936,-86.44685230718586,10208,0.2,35.8,-86.5,4.885386356733691
2024-05-11 12:50:00,164138736,0.8169542939853732,0.5409844864351359,1.0929241015356106,35.808507099999936,-86.44685230718586,10208,0.8,35.8,-86.5,4.885386356733691
2024-05-11 12:51:00,164138736,0.6814028875252186,0.4413587689072213,0.9214470061432158,35.808507099999936,-86.44685230718586,10208,0.3,35.8,-86.5,4.885386356733691
2024-05-11 12:52:00,164138736,0.9829781281523201,0.658644313779948,1.3073119425246922,35.808507099999936,-86.44685230718586,10208,0.4,35.8,-86.5,4.885386356733691
2024-05-11 12:53:00,164138736,0.8817013071620713,0.5913941428020206,1.172008471522122,35.808507099999936,-86.44685230718586,10208,0.4,35.8,-86.5,4.885386356733691
2024-05-11 12:54:00,164138736,0.37007269381514796,0.24802845732648787,0.49211693030380804,35.808507099999936,-86.44685230718586,10208,0.7,35.8,-86.5,4.885386356733691
2024-05-11 12:55:00,164138736,-0.16918370670813718,-0.2290368978088383,-0.10933051560743606,35.808507099999936,-86.44685230718586,10208,0.4,35.8,-86.5,4.885386356733691
2024-05-11 12:56:00,164138736,-0.3067984872803884,-0.41115285270326046,-0.2024441218575163,35.808507099999936,-86.44685230718586,10208,0.3,35.8,-86.5,4.885386356733691
2024-05-11 12:57:00,164138736,-1.0458399882313383,-1.390671991185625,-0.7010079852770515,35.808507099999936,-86.44685230718586,10208,0.8,35.8,-86.5,4.885386356733691
2024-05-11 12:58:00,164138736,-0.744348152740417,-0.9953305879386696,-0.49336571754216435,35.808507099999936,-86.44685230718586,10208,0.4,35.8,-86.5,4.885386356733691
2024-05-11 12:59:00,164138736,-0.8511178915181573,-1.1304008635222123,-0.5718349195141025,35.808507099999936,-86.44685230718586,10208,0.1,35.8,-86.5,4.885386356733691
2024-05-11 13:00:00,164138736,-0.4666058476851463,-0.6407084373219852,-0.29250325804830735,35.808507099999936,-86.44685230718586,10208,0.1,35.8,-86.5,4.885386356733691
2024-05-11 13:01:00,164138736,-0.21268391817627774,-0.295105346496224,-0.1302624898563315,35.808507099999936,-86.44685230718586,10208,0.2,35.8,-86.5,4.885386356733691
2024-05-11 13:02:00,164138736,0.2348526503788038,0.13417322587271718,0.3355320748848904,35.808507099999936,-86.44685230718586,10208,0.0,35.8,-86.5,4.885386356733691
2024-05-11 13:03:00,164138736,0.5437755469275387,0.35855194148232694,0.7289991523727505,35.808507099999936,-86.44685230718586,10208,0.1,35.8,-86.5,4.885386356733691
2024-05-11 13:04:00,164138736,0.5144430441429892,0.3018341047830386,0.7270519835029399,35.808507099999936,-86.44685230718586,10208,0.3,35.8,-86.5,4.885386356733691
2024-05-11 13:05:00,164138736,0.7617368101672831,0.4978391715313113,1.025634448803255,35.808507099999936,-86.44685230718586,10208,0.3,35.8,-86.5,4.885386356733691
2024-05-11 13:06:00,164138736,0.8210184883574311,0.5518838790258684,1.0901530976889937,35.808507099999936,-86.44685230718586,10208,0.1,35.8,-86.5,4.885386356733691
2024-05-11 13:07:00,164138736,0.3488499449657448,0.22281790847357727,0.47488198145791227,35.808507099999936,-86.44685230718586,10208,-0.1,35.8,-86.5,4.885386356733691
2024-05-11 13:08:00,164138736,0.44305095659780597,0.28773153447506905,0.5983703787205429,35.808507099999936,-86.44685230718586,10208,0.4,35.8,-86.5,4.885386356733691
2024-05-11 13:09:00,164138736,0.5863814517484869,0.39262802904636857,0.7801348744506051,35.808507099999936,-86.44685230718586,10208,0.4,35.8,-86.5,4.885386356733691
2024-05-11 13:10:00,164138736,0.7633990022906859,0.5134042464625955,1.0133937581187764,35.808507099999936,-86.44685230718586,10208,0.2,35.8,-86.5,4.885386356733691
2024-05-11 13:11:00,164138736,0.3580682648053968,0.24038635146812373,0.47575017814266984,35.808507099999936,-86.44685230718586,10208,0.8,35.8,-86.5,4.885386356733691
2024-05-11 13:12:00,164138736,0.46653894297452925,0.29485024825847284,0.6382276376905857,35.808507099999936,-86.44685230718586,10208,1.0,35.8,-86.5,4.885386356733691
2024-05-11 13:13:00,164138736,0.3415204620874401,0.1781958052233382,0.5048451189515419,35.808507099999936,-86.44685230718586,10208,0.8,35.8,-86.5,4.885386356733691
2024-05-11 13:14:00,164138736,0.3070338626956491,0.04731742525409388,0.5667503001372043,35.808507099999936,-86.44685230718586,10208,0.8,35.8,-86.5,4.885386356733691
2024-05-11 13:15:00,164138736,-0.5074271924878898,-0.7628623006802622,-0.25199208429551745,35.808507099999936,-86.44685230718586,10208,0.6,35.8,-86.5,4.885386356733691
2024-05-11 13:16:00,164138736,-0.46795420335617016,-0.6194359733043766,-0.31647243340796377,35.808507099999936,-86.44685230718586,10208,0.0,35.8,-86.5,4.885386356733691
2024-05-11 13:17:00,164138736,-0.6449193794132482,-0.8626127535283028,-0.4272260052981935,35.808507099999936,-86.44685230718586,10208,0.0,35.8,-86.5,4.885386356733691
2024-05-11 13:18:00,164138736,-0.3140720554703262,-0.4388975152658285,-0.18924659567482388,35.808507099999936,-86.44685230718586,10208,0.4,35.8,-86.5,4.885386356733691
2024-05-11 13:19:00,164138736,-0.30300379985919634,-0.41395597058627137,-0.19205162913212132,35.808507099999936,-86.44685230718586,10208,0.1,35.8,-86.5,4.885386356733691
2024-05-11 13:20:00,164138736,-0.869660429451076,-1.1722313892398784,-0.5670894696622737,35.808507099999936,-86.44685230718586,10208,-0.4,35.8,-86.5,4.885386356733691
2024-05-11 13:21:00,164138736,-0.31672320593581876,-0.4466456001711646,-0.18680081170047294,35.808507099999936,-86.44685230718586,10208,-0.1,35.8,-86.5,4.885386356733691
2024-05-11 13:22:00,164138736,-0.6202242350369872,-0.8262613635555884,-0.414187106518386,35.808507099999936,-86.44685230718586,10208,0.2,35.8,-86.5,4.885386356733691
2024-05-11 13:23:00,164138736,-0.12215380357589671,-0.21256534591310294,-0.03174226123869048,35.808507099999936,-86.44685230718586,10208,0.0,35.8,-86.5,4.885386356733691
2024-05-11 13:24:00,164138736,0.24291951141665266,0.1315958626659624,0.3542431601673429,35.808507099999936,-86.44685230718586,10208,0.2,35.8,-86.5,4.885386356733691
2024-05-11 13:25:00,164138736,-0.33044474639584737,-0.44232291995988404,-0.2185665728318107,35.808507099999936,-86.44685230718586,10208,0.0,35.8,-86.5,4.885386356733691
2024-05-11 13:26:00,164138736,-0.20884670727030094,-0.27709684494593195,-0.14059656959466993,35.808507099999936,-86.44685230718586,10208,0.1,35.8,-86.5,4.885386356733691
2024-05-11 13:27:00,164138736,-0.07308104668356223,-0.11017176154876279,-0.03599033181836167,35.808507099999936,-86.44685230718586,10208,0.8,35.8,-86.5,4.885386356733691
2024-05-11 13:28:00,164138736,0.03586646455522344,-0.003565394686502417,0.07529832379694928,35.808507099999936,-86.44685230718586,10208,0.4,35.8,-86.5,4.885386356733691
2024-05-11 13:29:00,164138736,-0.380066533656271,-0.5306608968734111,-0.2294721704391309,35.808507099999936,-86.44685230718586,10208,0.7,35.8,-86.5,4.885386356733691
2024-05-11 13:30:00,164138736,-0.4046593918123739,-0.5714473319856602,-0.2378714516390876,35.808507099999936,-86.44685230718586,10208,0.1,35.8,-86.5,4.885386356733691
2024-05-11 13:31:00,164138736,-0.059954286984493045,-0.25303553747791346,0.13312696350892736,35.808507099999936,-86.44685230718586,10208,-0.1,35.8,-86.5,4.885386356733691
2024-05-11 13:32:00,164138736,0.16106012417473245,0.03951657775554278,0.2826036705939221,35.808507099999936,-86.44685230718586,10208,-0.9,35.8,-86.5,4.885386356733691
2024-05-11 13:33:00,164138736,0.6214492069287996,0.40439382781836297,0.8385045860392362,35.808507099999936,-86.44685230718586,10208,-0.2,35.8,-86.5,4.885386356733691
2024-05-11 13:34:00,164138736,1.0709255605875925,0.7216848294702487,1.4201662917049362,35.808507099999936,-86.44685230718586,10208,-0.1,35.8,-86.5,4.885386356733691
2024-05-11 13:35:00,164138736,0.4818621739975622,0.314957045204582,0.6487673027905424,35.808507099999936,-86.44685230718586,10208,-0.1,35.8,-86.5,4.885386356733691
2024-05-11 13:36:00,164138736,0.44714794659181656,0.2522917647006306,0.6420041284830025,35.808507099999936,-86.44685230718586,10208,0.1,35.8,-86.5,4.885386356733691
2024-05-11 13:37:00,164138736,0.06142387200941074,0.008746457194602243,0.11410128682421924,35.808507099999936,-86.44685230718586,10208,0.6,35.8,-86.5,4.885386356733691
2024-05-11 13:38:00,164138736,0.24273723199532668,0.11058142914361344,0.37489303484703995,35.808507099999936,-86.44685230718586,10208,0.3,35.8,-86.5,4.885386356733691
2024-05-11 13:39:00,164138736,0.6331585984784802,0.409560710409102,0.8567564865478584,35.808507099999936,-86.44685230718586,10208,0.4,35.8,-86.5,4.885386356733691
2024-05-11 13:40:00,164138736,0.741654560881809,0.4964623686897597,0.9868467530738584,35.808507099999936,-86.44685230718586,10208,0.7,35.8,-86.5,4.885386356733691
2024-05-11 13:41:00,164138736,0.34522962025050435,0.23069601331037765,0.45976322719063106,35.808507099999936,-86.44685230718586,10208,0.6,35.8,-86.5,4.885386356733691
2024-05-11 13:42:00,164138736,1.5813324857094821,1.0651078818732418,2.0975570895457225,35.808507099999936,-86.44685230718586,10208,0.4,35.8,-86.5,4.885386356733691
2024-05-11 13:43:00,164138736,1.034027325361466,0.6831694737915539,1.3848851769313781,35.808507099999936,-86.44685230718586,10208,0.3,35.8,-86.5,4.885386356733691
2024-05-11 13:44:00,164138736,0.9364613761978816,0.612885303123328,1.2600374492724353,35.808507099999936,-86.44685230718586,10208,0.4,35.8,-86.5,4.885386356733691
2024-05-11 13:45:00,164138736,1.0577019061028918,0.7001057169717787,1.415298095234005,35.808507099999936,-86.44685230718586,10208,0.9,35.8,-86.5,4.885386356733691
2024-05-11 13:46:00,164138736,-0.098080611020507,-0.14328204160903357,-0.052879180431980435,35.808507099999936,-86.44685230718586,10208,1.3,35.8,-86.5,4.885386356733691
2024-05-11 13:47:00,164138736,0.16433545480098352,0.10918713781655398,0.21948377178541306,35.808507099999936,-86.44685230718586,10208,0.4,35.8,-86.5,4.885386356733691
2024-05-11 13:48:00,164138736,1.0528302580699396,0.7011248320872888,1.4045356840525902,35.808507099999936,-86.44685230718586,10208,0.6,35.8,-86.5,4.885386356733691
2024-05-11 13:49:00,164138736,0.5498234044006388,0.36874956691860583,0.7308972418826718,35.808507099999936,-86.44685230718586,10208,1.1,35.8,-86.5,4.885386356733691
2024-05-11 13:50:00,164138736,-0.04305033990017263,-0.0907028999568967,0.0046022201565514426,35.808507099999936,-86.44685230718586,10208,1.1,35.8,-86.5,4.885386356733691
2024-05-11 13:51:00,164138736,-0.7547818397465534,-1.0030740545029337,-0.5064896249901731,35.808507099999936,-86.44685230718586,10208,0.6,35.8,-86.5,4.885386356733691
2024-05-11 13:52:00,164138736,1.0329246700571622,0.6946251434130604,1.371224196701264,35.808507099999936,-86.44685230718586,10208,0.6,35.8,-86.5,4.885386356733691
2024-05-11 13:53:00,164138736,0.4996964250063046,0.33417433623642995,0.6652185137761792,35.808507099999936,-86.44685230718586,10208,0.9,35.8,-86.5,4.885386356733691
2024-05-11 13:54:00,164138736,-0.15511426175290013,-0.2147739735003254,-0.09545455000547487,35.808507099999936,-86.44685230718586,10208,-0.1,35.8,-86.5,4.885386356733691
2024-05-11 13:55:00,164138736,0.8471329976988063,0.5359916001133651,1.1582743952842476,35.808507099999936,-86.44685230718586,10208,0.6,35.8,-86.5,4.885386356733691
2024-05-11 13:56:00,164138736,1.1933009257313383,0.7688018668026133,1.6177999846600633,35.808507099999936,-86.44685230718586,10208,2.0,35.8,-86.5,4.885386356733691
2024-05-11 13:57:00,164138736,0.7215238775113484,0.44486639044722565,0.9981813645754711,35.808507099999936,-86.44685230718586,10208,0.5,35.8,-86.5,4.885386356733691
2024-05-11 13:58:00,164138736,0.8529308039467047,0.548708623458241,1.1571529844351685,35.808507099999936,-86.44685230718586,10208,1.0,35.8,-86.5,4.885386356733691
2024-05-11 13:59:00,164138736,0.5455244278539004,0.3376041603644743,0.7534446953433265,35.808507099999936,-86.44685230718586,10208,0.4,35.8,-86.5,4.885386356733691
2024-05-11 14:00:00,164138736,0.40082784523159043,0.2626793854068365,0.5389763050563443,35.808507099999936,-86.44685230718586,10208,-0.2,35.8,-86.5,4.885386356733691
2024-05-11 14:01:00,164138736,0.22788595624152813,0.12393532674778764,0.33183658573526864,35.808507099999936,-86.44685230718586,10208,0.8,35.8,-86.5,4.885386356733691
2024-05-11 14:02:00,164138736,0.2868332186239072,0.1665256616112058,0.4071407756366086,35.808507099999936,-86.44685230718586,10208,0.1,35.8,-86.5,4.885386356733691
2024-05-11 14:03:00,164138736,0.025354605275829445,-0.008234905976466513,0.0589441165281254,35.808507099999936,-86.44685230718586,10208,0.7,35.8,-86.5,4.885386356733691
2024-05-11 14:04:00,164138736,0.1125131182487811,0.0653210916139106,0.15970514488365162,35.808507099999936,-86.44685230718586,10208,0.9,35.8,-86.5,4.885386356733691
2024-05-11 14:05:00,164138736,-0.46017683859070274,-0.6118342364641153,-0.3085194407172902,35.808507099999936,-86.44685230718586,10208,0.5,35.8,-86.5,4.885386356733691
2024-05-11 14:06:00,164138736,0.23395239208557497,0.14708755019103464,0.3208172339801153,35.808507099999936,-86.44685230718586,10208,0.4,35.8,-86.5,4.885386356733691
2024-05-11 14:07:00,164138736,-0.1397155237101675,-0.2143595550344894,-0.0650714923858456,35.808507099999936,-86.44685230718586,10208,0.6,35.8,-86.5,4.885386356733691
2024-05-11 14:08:00,164138736,-0.5717819408834902,-0.7829634174096527,-0.36060046435732773,35.808507099999936,-86.44685230718586,10208,-0.6,35.8,-86.5,4.885386356733691
2024-05-11 14:09:00,164138736,-0.0895652537708244,-0.19463829418979522,0.015507786648146421,35.808507099999936,-86.44685230718586,10208,0.9,35.8,-86.5,4.885386356733691
2024-05-11 14:10:00,164138736,-0.7383132657510928,-0.9975732838474571,-0.47905324765472845,35.808507099999936,-86.44685230718586,10208,0.4,35.8,-86.5,4.885386356733691
2024-05-11 14:11:00,164138736,-0.9198259919300605,-1.2435864520063982,-0.5960655318537229,35.808507099999936,-86.44685230718586,10208,-0.4,35.8,-86.5,4.885386356733691
2024-05-11 14:12:00,164138736,-0.2646726545424933,-0.3654569987217482,-0.16388831036323837,35.808507099999936,-86.44685230718586,10208,-0.5,35.8,-86.5,4.885386356733691
2024-05-11 14:13:00,164138736,-0.16248768195259386,-0.2573538681196254,-0.06762149578556231,35.808507099999936,-86.44685230718586,10208,-0.1,35.8,-86.5,4.885386356733691
2024-05-11 14:14:00,164138736,0.6793522376218897,0.45614080258188017,0.9025636726618992,35.808507099999936,-86.44685230718586,10208,0.2,35.8,-86.5,4.885386356733691
2024-05-11 14:15:00,164138736,-0.7084949444666274,-0.9426896976131038,-0.474300191320151,35.808507099999936,-86.44685230718586,10208,0.6,35.8,-86.5,4.885386356733691
2024-05-11 14:16:00,164138736,0.2402476328046192,0.1499681336527376,0.3305271319565008,35.808507099999936,-86.44685230718586,10208,0.1,35.8,-86.5,4.885386356733691
2024-05-11 14:17:00,164138736,-0.9630397034717552,-1.2841280246977984,-0.6419513822457118,35.808507099999936,-86.44685230718586,10208,0.4,35.8,-86.5,4.885386356733691
2024-05-11 14:18:00,164138736,-0.3414829154101168,-0.47743117310224714,-0.2055346577179865,35.808507099999936,-86.44685230718586,10208,-0.4,35.8,-86.5,4.885386356733691
2024-05-11 14:19:00,164138736,0.47487929240921317,0.2953051403510578,0.6544534444673685,35.808507099999936,-86.44685230718586,10208,0.3,35.8,-86.5,4.885386356733691
2024-05-11 14:20:00,164138736,-0.6157073051078094,-0.8621995976118708,-0.3692150126037479,35.808507099999936,-86.44685230718586,10208,0.7,35.8,-86.5,4.885386356733691
2024-05-11 14:21:00,164138736,-0.8117549360079018,-1.1118681452190018,-0.5116417267968019,35.808507099999936,-86.44685230718586,10208,0.2,35.8,-86.5,4.885386356733691
2024-05-11 14:22:00,164138736,-1.5346778197503363,-2.0658614060911584,-1.0034942334095143,35.808507099999936,-86.44685230718586,10208,0.0,35.8,-86.5,4.885386356733691
2024-05-11 14:23:00,164138736,-1.1889572913164088,-1.607659333376945,-0.7702552492558726,35.808507099999936,-86.44685230718586,10208,-0.6,35.8,-86.5,4.885386356733691
2024-05-11 14:24:00,164138736,-1.589009041904842,-2.1336057830891355,-1.0444123007205484,35.808507099999936,-86.44685230718586,10208,-1.3,35.8,-86.5,4.885386356733691
2024-05-11 14:25:00,164138736,-0.5238010019124075,-0.713186701390479,-0.33441530243433604,35.808507099999936,-86.44685230718586,10208,-0.3,35.8,-86.5,4.885386356733691
2024-05-11 14:26:00,164138736,-1.0398351467930396,-1.38821459042589,-0.6914557031601892,35.808507099999936,-86.44685230718586,10208,0.1,35.8,-86.5,4.885386356733691
2024-05-11 14:27:00,164138736,-1.0285774236087761,-1.3668540932993638,-0.6903007539181886,35.808507099999936,-86.44685230718586,10208,0.0,35.8,-86.5,4.885386356733691
2024-05-11 14:28:00,164138736,-1.4153785936449226,-1.8830053372354434,-0.9477518500544019,35.808507099999936,-86.44685230718586,10208,-0.2,35.8,-86.5,4.885386356733691
2024-05-11 14:29:00,164138736,-1.0740545666610626,-1.431693044094856,-0.7164160892272691,35.808507099999936,-86.44685230718586,10208,-0.1,35.8,-86.5,4.885386356733691
2024-05-11 14:30:00,164138736,-0.5400256815578766,-0.7357063897639774,-0.3443449733517757,35.808507099999936,-86.44685230718586,10208,-0.2,35.8,-86.5,4.885386356733691
2024-05-11 14:31:00,164138736,-0.692138671875,-0.9204778119726886,-0.46379953177731137,35.808507099999936,-86.44685230718586,10208,-0.9,35.8,-86.5,4.885386356733691
2024-05-11 14:32:00,164138736,-0.9388111681447545,-1.2460826808041805,-0.6315396554853285,35.808507099999936,-86.44685230718586,10208,0.0,35.8,-86.5,4.885386356733691
2024-05-11 14:33:00,164138736,0.017021621644456832,-0.0026191159489282953,0.03666235923784196,35.808507099999936,-86.44685230718586,10208,0.7,35.8,-86.5,4.885386356733691
2024-05-11 14:34:00,164138736,-0.40548096524041694,-0.539768619641088,-0.2711933108397459,35.808507099999936,-86.44685230718586,10208,0.0,35.8,-86.5,4.885386356733691
2024-05-11 14:35:00,164138736,-0.7947255117266308,-1.0540204936253659,-0.5354305298278957,35.808507099999936,-86.44685230718586,10208,-0.1,35.8,-86.5,4.885386356733691
2024-05-11 14:36:00,164138736,-0.28343667579963855,-0.3838660064935603,-0.1830073451057168,35.808507099999936,-86.44685230718586,10208,-0.1,35.8,-86.5,4.885386356733691
2024-05-11 14:37:00,164138736,-0.2779906323554136,-0.37232782210818216,-0.18365344260264502,35.808507099999936,-86.44685230718586,10208,0.1,35.8,-86.5,4.885386356733691
2024-05-11 14:38:00,164138736,-0.043548645553127104,-0.06047562968339887,-0.02662166142285534,35.808507099999936,-86.44685230718586,10208,-0.2,35.8,-86.5,4.885386356733691
2024-05-11 14:39:00,164138736,-0.5352475359364492,-0.7124387491768467,-0.35805632269605187,35.808507099999936,-86.44685230718586,10208,0.0,35.8,-86.5,4.885386356733691
2024-05-11 14:40:00,164138736,-0.532888221355918,-0.7070355973540303,-0.3587408453578056,35.808507099999936,-86.44685230718586,10208,0.0,35.8,-86.5,4.885386356733691
2024-05-11 14:41:00,164138736,-0.48283890068090113,-0.6405708258579724,-0.32510697550382983,35.808507099999936,-86.44685230718586,10208,-0.5,35.8,-86.5,4.885386356733691
2024-05-11 14:42:00,164138736,0.15505839837182667,0.09620450222286131,0.21391229452079202,35.808507099999936,-86.44685230718586,10208,0.2,35.8,-86.5,4.885386356733691
2024-05-11 14:43:00,164138736,0.5141168118485205,0.34525002516893544,0.6829835985281056,35.808507099999936,-86.44685230718586,10208,0.2,35.8,-86.5,4.885386356733691
2024-05-11 14:44:00,164138736,-0.0028807061906620892,-0.023581705288298862,0.01782029290697468,35.808507099999936,-86.44685230718586,10208,-0.2,35.8,-86.5,4.885386356733691
2024-05-11 14:45:00,164138736,0.17664091300066478,0.038774468535179546,0.31450735746615,35.808507099999936,-86.44685230718586,10208,-0.1,35.8,-86.5,4.885386356733691
2024-05-11 14:46:00,164138736,0.6235637241509752,0.40024194506078237,0.846885503241168,35.808507099999936,-86.44685230718586,10208,-0.2,35.8,-86.5,4.885386356733691
2024-05-11 14:47:00,164138736,1.1576192890467385,0.7685790604844821,1.5466595176089948,35.808507099999936,-86.44685230718586,10208,0.9,35.8,-86.5,4.885386356733691
2024-05-11 14:48:00,164138736,0.8895617486970411,0.5916248896842969,1.1874986077097853,35.808507099999936,-86.44685230718586,10208,0.6,35.8,-86.5,4.885386356733691
2024-05-11 14:49:00,164138736,0.15252189918420583,0.08432801228296558,0.2207157860854461,35.808507099999936,-86.44685230718586,10208,0.3,35.8,-86.5,4.885386356733691
2024-05-11 14:50:00,164138736,-1.1271875788080028,-1.5080642618452331,-0.7463108957707725,35.808507099999936,-86.44685230718586,10208,0.5,35.8,-86.5,4.885386356733691
2024-05-11 14:51:00,164138736,-0.008829255952238636,-0.019319187853628843,0.0016606759491515685,35.808507099999936,-86.44685230718586,10208,0.3,35.8,-86.5,4.885386356733691
2024-05-11 14:52:00,164138736,-0.4949901095956624,-0.6657392500751176,-0.3242409691162072,35.808507099999936,-86.44685230718586,10208,0.1,35.8,-86.5,4.885386356733691
2024-05-11 14:53:00,164138736,0.2755250911545898,0.1855381616320857,0.3655120206770939,35.808507099999936,-86.44685230718586,10208,0.9,35.8,-86.5,4.885386356733691
2024-05-11 14:54:00,164138736,-0.1829982159838391,-0.2574075972826755,-0.10858883468500274,35.808507099999936,-86.44685230718586,10208,0.4,35.8,-86.5,4.885386356733691
2024-05-11 14:55:00,164138736,-0.03860849731306783,-0.06500598204293112,-0.012211012583204534,35.808507099999936,-86.44685230718586,10208,0.1,35.8,-86.5,4.885386356733691
2024-05-11 14:56:00,164138736,-0.6126760702126766,-0.8166788989340541,-0.40867324149129897,35.808507099999936,-86.44685230718586,10208,0.6,35.8,-86.5,4.885386356733691
2024-05-11 14:57:00,164138736,0.5630572382523538,0.3796735406670657,0.7464409358376418,35.808507099999936,-86.44685230718586,10208,0.3,35.8,-86.5,4.885386356733691
2024-05-11 14:58:00,164138736,0.9507164304177875,0.6389851194160683,1.2624477414195068,35.808507099999936,-86.44685230718586,10208,0.6,35.8,-86.5,4.885386356733691
2024-05-11 14:59:00,164138736,1.0158308859070275,0.6829125392267933,1.3487492325872616,35.808507099999936,-86.44685230718586,10208,0.2,35.8,-86.5,4.885386356733691
2024-05-11 15:00:00,164138736,0.618683866951076,0.41518373425934296,0.8221839996428091,35.808507099999936,-86.44685230718586,10208,0.9,35.8,-86.5,4.885386356733691
2024-05-11 15:01:00,164138736,0.7515929067543712,0.5058178491892515,0.9973679643194908,35.808507099999936,-86.44685230718586,10208,0.3,35.8,-86.5,4.885386356733691
2024-05-11 15:02:00,164138736,0.6298726331329859,0.4232803491237884,0.8364649171421834,35.808507099999936,-86.44685230718586,10208,0.7,35.8,-86.5,4.885386356733691
2024-05-11 15:03:00,164138736,0.28392077037449565,0.17852771815625548,0.38931382259273584,35.808507099999936,-86.44685230718586,10208,0.8,35.8,-86.5,4.885386356733691
2024-05-11 15:04:00,164138736,-0.3699362164146562,-0.5283411566504288,-0.21153127617888354,35.808507099999936,-86.44685230718586,10208,-0.1,35.8,-86.5,4.885386356733691
2024-05-11 15:05:00,164138736,-0.11456138011827192,-0.20906617433662864,-0.020056585899915214,35.808507099999936,-86.44685230718586,10208,0.5,35.8,-86.5,4.885386356733691
2024-05-11 15:06:00,164138736,0.293324453203808,0.18136052803131725,0.4052883783762988,35.808507099999936,-86.44685230718586,10208,-0.4,35.8,-86.5,4.885386356733691
2024-05-11 15:07:00,164138736,0.6945293454732683,0.4609570459716753,0.9281016449748613,35.808507099999936,-86.44685230718586,10208,0.0,35.8,-86.5,4.885386356733691
2024-05-11 15:08:00,164138736,0.35430255574352726,0.22882158829187876,0.47978352319517575,35.808507099999936,-86.44685230718586,10208,-0.2,35.8,-86.5,4.885386356733691
2024-05-11 15:09:00,164138736,-0.20402337018483105,-0.2723767516071179,-0.1356699887625442,35.808507099999936,-86.44685230718586,10208,-0.4,35.8,-86.5,4.885386356733691
2024-05-11 15:10:00,164138736,1.35127353732347,0.894649211497567,1.8078978631493732,35.808507099999936,-86.44685230718586,10208,-0.4,35.8,-86.5,4.885386356733691
2024-05-11 15:11:00,164138736,1.2789993747898454,0.8530606042042772,1.7049381453754135,35.808507099999936,-86.44685230718586,10208,0.1,35.8,-86.5,4.885386356733691
2024-05-11 15:12:00,164138736,1.8406535022276396,1.2347716392205612,2.446535365234718,35.808507099999936,-86.44685230718586,10208,0.5,35.8,-86.5,4.885386356733691
2024-05-11 15:13:00,164138736,0.9897181825823806,0.664211184367717,1.3152251807970443,35.808507099999936,-86.44685230718586,10208,0.6,35.8,-86.5,4.885386356733691
2024-05-11 15:14:00,164138736,0.7440025468119535,0.5009765824749922,0.9870285111489149,35.808507099999936,-86.44685230718586,10208,0.3,35.8,-86.5,4.885386356733691
2024-05-11 15:15:00,164138736,0.27848318237222597,0.18685614427681835,0.3701102204676336,35.808507099999936,-86.44685230718586,10208,0.8,35.8,-86.5,4.885386356733691
2024-05-11 15:16:00,164138736,0.6804921625441325,0.45520858941721265,0.9057757356710523,35.808507099999936,-86.44685230718586,10208,0.6,35.8,-86.5,4.885386356733691
2024-05-11 15:17:00,164138736,0.5977281623024546,0.4023735575143406,0.7930827670905687,35.808507099999936,-86.44685230718586,10208,0.1,35.8,-86.5,4.885386356733691
2024-05-11 15:18:00,164138736,0.582910615963349,0.3897498537614536,0.7760713781652444,35.808507099999936,-86.44685230718586,10208,0.4,35.8,-86.5,4.885386356733691
2024-05-11 15:19:00,164138736,0.3773623519723016,0.25085599181072904,0.5038687121338742,35.808507099999936,-86.44685230718586,10208,0.7,35.8,-86.5,4.885386356733691
2024-05-11 15:20:00,164138736,0.40147604105371554,0.27025338878939253,0.5326986933180385,35.808507099999936,-86.44685230718586,10208,0.3,35.8,-86.5,4.885386356733691
2024-05-11 15:21:00,164138736,0.15233057428705027,0.10064027639264686,0.20402087218145368,35.808507099999936,-86.44685230718586,10208,0.6,35.8,-86.5,4.885386356733691
2024-05-11 15:22:00,164138736,0.15113361617744409,0.08761178305058974,0.21465544930429842,35.808507099999936,-86.44685230718586,10208,0.6,35.8,-86.5,4.885386356733691
2024-05-11 15:23:00,164138736,0.5254255960511937,0.34683630441061747,0.7040148876917698,35.808507099999936,-86.44685230718586,10208,0.2,35.8,-86.5,4.885386356733691
2024-05-11 15:24:00,164138736,0.7041045178001009,0.46636634850873154,0.9418426870914702,35.808507099999936,-86.44685230718586,10208,0.1,35.8,-86.5,4.885386356733691
2024-05-11 15:25:00,164138736,0.06361378225289341,0.015368590688486443,0.11185897381730037,35.808507099999936,-86.44685230718586,10208,0.5,35.8,-86.5,4.885386356733691
2024-05-11 15:26:00,164138736,-0.7716699021729994,-1.046439466900197,-0.49690033744580153,35.808507099999936,-86.44685230718586,10208,0.3,35.8,-86.5,4.885386356733691
2024-05-11 15:27:00,164138736,-0.32068018858755043,-0.4415519201869826,-0.19980845698811828,35.808507099999936,-86.44685230718586,10208,0.4,35.8,-86.5,4.885386356733691
2024-05-11 15:28:00,164138736,-0.31913029786798086,-0.43946275508260774,-0.19879784065335399,35.808507099999936,-86.44685230718586,10208,0.3,35.8,-86.5,4.885386356733691
2024-05-11 15:29:00,164138736,-0.8393420057162071,-1.135500957253049,-0.5431830541793652,35.808507099999936,-86.44685230718586,10208,0.2,35.8,-86.5,4.885386356733691
2024-05-11 15:30:00,164138736,-0.39594798803169134,-0.5366430621883557,-0.255252913875027,35.808507099999936,-86.44685230718586,10208,-0.5,35.8,-86.5,4.885386356733691
2024-05-11 15:31:00,164138736,-0.7148790494178715,-0.9561302081215651,-0.4736278907141779,35.808507099999936,-86.44685230718586,10208,-0.3,35.8,-86.5,4.885386356733691
2024-05-11 15:32:00,164138736,-1.1132674585995292,-1.4847630352694434,-0.7417718819296151,35.808507099999936,-86.44685230718586,10208,0.1,35.8,-86.5,4.885386356733691
2024-05-11 15:33:00,164138736,-0.2599878061034171,-0.361148712546503,-0.1588268996603312,35.808507099999936,-86.44685230718586,10208,-0.6,35.8,-86.5,4.885386356733691
2024-05-11 15:34:00,164138736,-0.18553903524556573,-0.24864090971547495,-0.1224371607756565,35.808507099999936,-86.44685230718586,10208,-0.2,35.8,-86.5,4.885386356733691
2024-05-11 15:35:00,164138736,-0.3219136980129876,-0.4326627764236206,-0.21116461960235455,35.808507099999936,-86.44685230718586,10208,0.2,35.8,-86.5,4.885386356733691
2024-05-11 15:36:00,164138736,-0.4181877705741426,-0.5565947957446252,-0.27978074540365994,35.808507099999936,-86.44685230718586,10208,0.2,35.8,-86.5,4.885386356733691
2024-05-11 15:37:00,164138736,-0.48004072403539005,-0.6374801083890737,-0.32260133968170646,35.808507099999936,-86.44685230718586,10208,0.4,35.8,-86.5,4.885386356733691
2024-05-11 15:38:00,164138736,-0.3670488471702673,-0.4876901314118798,-0.24640756292865487,35.808507099999936,-86.44685230718586,10208,0.7,35.8,-86.5,4.885386356733691
2024-05-11 15:39:00,164138736,-0.22973493256661903,-0.3070946589731361,-0.15237520616010197,35.808507099999936,-86.44685230718586,10208,0.5,35.8,-86.5,4.885386356733691
2024-05-11 15:40:00,164138736,-0.5567158209692333,-0.7389420297861126,-0.3744896121523541,35.808507099999936,-86.44685230718586,10208,0.1,35.8,-86.5,4.885386356733691
2024-05-11 15:41:00,164138736,-0.32185442782763113,-0.42849156390600585,-0.21521729174925638,35.808507099999936,-86.44685230718586,10208,0.0,35.8,-86.5,4.885386356733691
2024-05-11 15:42:00,164138736,-0.2794489087718561,-0.3712361552692013,-0.18766166227451087,35.808507099999936,-86.44685230718586,10208,0.2,35.8,-86.5,4.885386356733691
2024-05-11 15:43:00,164138736,-0.7458244893241426,-0.9906018510018415,-0.5010471276464437,35.808507099999936,-86.44685230718586,10208,-0.1,35.8,-86.5,4.885386356733691
2024-05-11 15:44:00,164138736,-0.6192831361381977,-0.8292563928790694,-0.4093098793973261,35.808507099999936,-86.44685230718586,10208,0.2,35.8,-86.5,4.885386356733691
2024-05-11 15:45:00,164138736,-0.20224300710322798,-0.2715157825795236,-0.13297023162693236,35.808507099999936,-86.44685230718586,10208,-0.3,35.8,-86.5,4.885386356733691
2024-05-11 15:46:00,164138736,-0.9878996879203094,-1.3165231334672258,-0.6592762423733929,35.808507099999936,-86.44685230718586,10208,0.0,35.8,-86.5,4.885386356733691
2024-05-11 15:47:00,164138736,-0.1868018513970032,-0.24841521154185803,-0.12518849125214837,35.808507099999936,-86.44685230718586,10208,0.2,35.8,-86.5,4.885386356733691
2024-05-11 15:48:00,164138736,0.5480093426887189,0.35721186292986795,0.7388068224475699,35.808507099999936,-86.44685230718586,10208,-0.2,35.8,-86.5,4.885386356733691
2024-05-11 15:49:00,164138736,1.261340799953766,0.8451503347951861,1.677531265112346,35.808507099999936,-86.44685230718586,10208,0.0,35.8,-86.5,4.885386356733691
2024-05-11 15:50:00,164138736,-0.24111078566324814,-0.31976111952565217,-0.16246045180084412,35.808507099999936,-86.44685230718586,10208,1.0,35.8,-86.5,4.885386356733691
2024-05-11 15:51:00,164138736,-0.7336616233923168,-0.9753872669020678,-0.4919359798825657,35.808507099999936,-86.44685230718586,10208,0.3,35.8,-86.5,4.885386356733691
2024-05-11 15:52:00,164138736,-1.6301632376429052,-2.170486524706936,-1.0898399505788743,35.808507099999936,-86.44685230718586,10208,1.0,35.8,-86.5,4.885386356733691
2024-05-11 15:53:00,164138736,-0.4402045921423167,-0.5860154447690759,-0.2943937395155576,35.808507099999936,-86.44685230718586,10208,0.2,35.8,-86.5,4.885386356733691
2024-05-11 15:54:00,164138736,0.11972671847417199,0.08047940285996166,0.15897403408838232,35.808507099999936,-86.44685230718586,10208,-0.1,35.8,-86.5,4.885386356733691
2024-05-11 15:55:00,164138736,-0.303545440694351,-0.4061379104022931,-0.20095297098640896,35.808507099999936,-86.44685230718586,10208,0.2,35.8,-86.5,4.885386356733691
2024-05-11 15:56:00,164138736,-0.9577812394922663,-1.2711675698265537,-0.644394909157979,35.808507099999936,-86.44685230718586,10208,0.1,35.8,-86.5,4.885386356733691
2024-05-11 15:57:00,164138736,-1.1132333084650303,-1.4791924945384662,-0.7472741223915944,35.808507099999936,-86.44685230718586,10208,-0.1,35.8,-86.5,4.885386356733691
2024-05-11 15:58:00,164138736,-0.0014499368969032888,-0.012365432251694125,0.009465558457887548,35.808507099999936,-86.44685230718586,10208,-0.3,35.8,-86.5,4.885386356733691
2024-05-11 15:59:00,164138736,0.7932061591081035,0.5334800541091412,1.0529322641070658,35.808507099999936,-86.44685230718586,10208,0.0,35.8,-86.5,4.885386356733691
2024-05-11 16:00:00,164138736,-0.07866107912454817,-0.10444113635325912,-0.052881021895837224,35.808507099999936,-86.44685230718586,10208,0.6,35.8,-86.5,4.885386356733691
2024-05-11 16:01:00,164138736,-0.6169108510738904,-0.8210846534917966,-0.4127370486559843,35.808507099999936,-86.44685230718586,10208,0.6,35.8,-86.5,4.885386356733691
2024-05-11 16:02:00,164138736,0.06431101598271445,0.02928121847621959,0.09934081348920931,35.808507099999936,-86.44685230718586,10208,0.1,35.8,-86.5,4.885386356733691
2024-05-11 16:03:00,164138736,0.1314299531486424,0.0749353081912997,0.18792459810598508,35.808507099999936,-86.44685230718586,10208,-0.1,35.8,-86.5,4.885386356733691
2024-05-11 16:04:00,164138736,-0.08268495622543817,-0.12742579703628654,-0.0379441154145898,35.808507099999936,-86.44685230718586,10208,0.2,35.8,-86.5,4.885386356733691
2024-05-11 16:05:00,164138736,0.11964130209208977,0.07925208564414402,0.16003051854003553,35.808507099999936,-86.44685230718586,10208,0.1,35.8,-86.5,4.885386356733691
2024-05-11 16:06:00,164138736,0.12694430014553212,0.08496910322204042,0.16891949706902382,35.808507099999936,-86.44685230718586,10208,0.2,35.8,-86.5,4.885386356733691
2024-05-11 16:07:00,164138736,0.11891314898390215,0.07454769472269313,0.16327860324511118,35.808507099999936,-86.44685230718586,10208,0.1,35.8,-86.5,4.885386356733691
2024-05-11 16:08:00,164138736,-0.4659505098877774,-0.6181666997566972,-0.3137343200188576,35.808507099999936,-86.44685230718586,10208,0.3,35.8,-86.5,4.885386356733691
2024-05-11 16:09:00,164138736,-0.34274815326580366,-0.45694862195769065,-0.22854768457391667,35.808507099999936,-86.44685230718586,10208,0.4,35.8,-86.5,4.885386356733691
2024-05-11 16:10:00,164138736,-0.39487086323659215,-0.5248629873222114,-0.26487873915097293,35.808507099999936,-86.44685230718586,10208,0.4,35.8,-86.5,4.885386356733691
2024-05-11 16:11:00,164138736,0.08249409309392337,0.04894848634877278,0.11603969983907397,35.808507099999936,-86.44685230718586,10208,0.2,35.8,-86.5,4.885386356733691
2024-05-11 16:12:00,164138736,-0.177107646149441,-0.23523662810647006,-0.11897866419241193,35.808507099999936,-86.44685230718586,10208,0.3,35.8,-86.5,4.885386356733691
2024-05-11 16:13:00,164138736,-0.03229985496864755,-0.0444977393308459,-0.02010197060644919,35.808507099999936,-86.44685230718586,10208,0.2,35.8,-86.5,4.885386356733691
2024-05-11 16:14:00,164138736,-0.29039829564559516,-0.38598880883655634,-0.19480778245463398,35.808507099999936,-86.44685230718586,10208,0.2,35.8,-86.5,4.885386356733691
2024-05-11 16:15:00,164138736,-0.10398149522423504,-0.1438985186063681,-0.06406447184210197,35.808507099999936,-86.44685230718586,10208,0.3,35.8,-86.5,4.885386356733691
2024-05-11 16:16:00,164138736,-0.09519912319529673,-0.13301843422152104,-0.05737981216907241,35.808507099999936,-86.44685230718586,10208,0.5,35.8,-86.5,4.885386356733691
2024-05-11 16:17:00,164138736,-0.26020202431489575,-0.3468487512389501,-0.17355529739084138,35.808507099999936,-86.44685230718586,10208,0.2,35.8,-86.5,4.885386356733691
2024-05-11 16:18:00,164138736,-0.10380791238914341,-0.137799737921032,-0.06981608685725484,35.808507099999936,-86.44685230718586,10208,0.0,35.8,-86.5,4.885386356733691
2024-05-11 16:19:00,164138736,0.1409241830893788,0.09394688720542507,0.1879014789733325,35.808507099999936,-86.44685230718586,10208,0.1,35.8,-86.5,4.885386356733691
2024-05-11 16:20:00,164138736,0.2625026433517569,0.17383756813013132,0.35116771857338247,35.808507099999936,-86.44685230718586,10208,0.2,35.8,-86.5,4.885386356733691
2024-05-11 16:21:00,164138736,0.18842156108145594,0.12167284270447713,0.25517027945843473,35.808507099999936,-86.44685230718586,10208,0.0,35.8,-86.5,4.885386356733691
2024-05-11 16:22:00,164138736,0.058492202604867184,0.03730669482944457,0.0796777103802898,35.808507099999936,-86.44685230718586,10208,0.2,35.8,-86.5,4.885386356733691
2024-05-11 16:23:00,164138736,0.1077901228370487,0.05894878380582782,0.15663146186826957,35.808507099999936,-86.44685230718586,10208,0.1,35.8,-86.5,4.885386356733691
2024-05-11 16:24:00,164138736,0.01577855583478239,-0.03538553027078879,0.06694264194035357,35.808507099999936,-86.44685230718586,10208,0.2,35.8,-86.5,4.885386356733691
2024-05-11 16:25:00,164138736,0.07664646746411609,0.049786056279567156,0.10350687864866502,35.808507099999936,-86.44685230718586,10208,0.4,35.8,-86.5,4.885386356733691
2024-05-11 16:26:00,164138736,0.15042617069287995,0.09848119846949502,0.20237114291626487,35.808507099999936,-86.44685230718586,10208,0.0,35.8,-86.5,4.885386356733691
2024-05-11 16:27:00,164138736,0.12006151908664152,0.06541837216246651,0.17470466601081652,35.808507099999936,-86.44685230718586,10208,0.2,35.8,-86.5,4.885386356733691
2024-05-11 16:28:00,164138736,0.05818557382511788,0.02208636920948897,0.09428477844074679,35.808507099999936,-86.44685230718586,10208,0.2,35.8,-86.5,4.885386356733691
2024-05-11 16:29:00,164138736,0.30068840432183086,0.19487980045540695,0.40649700818825474,35.808507099999936,-86.44685230718586,10208,0.2,35.8,-86.5,4.885386356733691
2024-05-11 16:30:00,164138736,0.3102585690568258,0.2085419244676529,0.4119752136459987,35.808507099999936,-86.44685230718586,10208,0.2,35.8,-86.5,4.885386356733691
2024-05-11 16:31:00,164138736,0.1894564497126135,0.12609938405987134,0.2528135153653557,35.808507099999936,-86.44685230718586,10208,0.3,35.8,-86.5,4.885386356733691
2024-05-11 16:32:00,164138736,0.008409899517282512,-0.008406141524080367,0.02522594055864539,35.808507099999936,-86.44685230718586,10208,0.6,35.8,-86.5,4.885386356733691
2024-05-11 16:33:00,164138736,0.3168714634908793,0.20389826043940665,0.429844666542352,35.808507099999936,-86.44685230718586,10208,0.1,35.8,-86.5,4.885386356733691
2024-05-11 16:34:00,164138736,0.3971942216658961,0.2512438701432207,0.5431445731885715,35.808507099999936,-86.44685230718586,10208,0.1,35.8,-86.5,4.885386356733691
2024-05-11 16:35:00,164138736,0.12344418841876996,0.0680015733077445,0.1788868035297954,35.808507099999936,-86.44685230718586,10208,0.8,35.8,-86.5,4.885386356733691
2024-05-11 16:36:00,164138736,-0.13996276650239575,-0.18803012064021865,-0.09189541236457285,35.808507099999936,-86.44685230718586,10208,0.6,35.8,-86.5,4.885386356733691
2024-05-11 16:37:00,164138736,-0.14536883130358944,-0.19417604490902965,-0.09656161769814922,35.808507099999936,-86.44685230718586,10208,0.7,35.8,-86.5,4.885386356733691
2024-05-11 16:38:00,164138736,0.02060791302945843,0.010335162393208936,0.030880663665707925,35.808507099999936,-86.44685230718586,10208,0.4,35.8,-86.5,4.885386356733691
2024-05-11 16:39:00,164138736,0.17560848808160306,0.11643781494243757,0.23477916122076856,35.808507099999936,-86.44685230718586,10208,0.6,35.8,-86.5,4.885386356733691
2024-05-11 16:40:00,164138736,-0.2750666912722764,-0.3647291911343019,-0.18540419141025088,35.808507099999936,-86.44685230718586,10208,0.5,35.8,-86.5,4.885386356733691
2024-05-11 16:41:00,164138736,0.37979448186365167,0.2553239674907041,0.5042649962365993,35.808507099999936,-86.44685230718586,10208,0.5,35.8,-86.5,4.885386356733691
2024-05-11 16:42:00,164138736,1.6997218077505043,1.1404445331437412,2.2589990823572674,35.808507099999936,-86.44685230718586,10208,0.4,35.8,-86.5,4.885386356733691
2024-05-11 16:43:00,164138736,-0.04532360104642302,-0.07116819933338978,-0.019479002759456267,35.808507099999936,-86.44685230718586,10208,0.4,35.8,-86.5,4.885386356733691
2024-05-11 16:44:00,164138736,0.7381792921465198,0.49561379922253956,0.9807447850705,35.808507099999936,-86.44685230718586,10208,0.2,35.8,-86.5,4.885386356733691
2024-05-11 16:45:00,164138736,-0.33767915685944855,-0.4545603750922605,-0.2207979386266366,35.808507099999936,-86.44685230718586,10208,0.2,35.8,-86.5,4.885386356733691
2024-05-11 16:46:00,164138736,-0.9365037354993275,-1.248897016145222,-0.6241104548534332,35.808507099999936,-86.44685230718586,10208,0.3,35.8,-86.5,4.885386356733691
2024-05-11 16:47:00,164138736,0.23902656026710659,0.16090545370939724,0.31714766682481593,35.808507099999936,-86.44685230718586,10208,0.5,35.8,-86.5,4.885386356733691
2024-05-11 16:48:00,164138736,-0.2294921875,-0.3042451341243198,-0.1547392408756802,35.808507099999936,-86.44685230718586,10208,0.9,35.8,-86.5,4.885386356733691
2024-05-11 16:49:00,164138736,-0.1770194796964316,-0.2349313349512533,-0.11910762444160988,35.808507099999936,-86.44685230718586,10208,0.7,35.8,-86.5,4.885386356733691
2024-05-11 16:50:00,164138736,0.031958959049719966,-0.02050719816403959,0.08442511626347952,35.808507099999936,-86.44685230718586,10208,0.4,35.8,-86.5,4.885386356733691
2024-05-11 16:51:00,164138736,-0.024980443110783467,-0.05073363373562485,0.0007727475140579185,35.808507099999936,-86.44685230718586,10208,0.6,35.8,-86.5,4.885386356733691
2024-05-11 16:52:00,164138736,0.024730044559255572,0.0026041397398950533,0.04685594937861609,35.808507099999936,-86.44685230718586,10208,0.9,35.8,-86.5,4.885386356733691
2024-05-11 16:53:00,164138736,-0.02644107369023357,-0.04981387124013044,-0.003068276140336706,35.808507099999936,-86.44685230718586,10208,0.7,35.8,-86.5,4.885386356733691
2024-05-11 16:54:00,164138736,-0.06049466726358256,-0.09501181251647847,-0.025977522010686642,35.808507099999936,-86.44685230718586,10208,0.6,35.8,-86.5,4.885386356733691
2024-05-11 16:55:00,164138736,0.003249786448462665,-0.0164317425338405,0.022931315430765827,35.808507099999936,-86.44685230718586,10208,0.6,35.8,-86.5,4.885386356733691
2024-05-11 16:56:00,164138736,0.12289455390730078,0.08132374149628616,0.1644653663183154,35.808507099999936,-86.44685230718586,10208,0.5,35.8,-86.5,4.885386356733691
2024-05-11 16:57:00,164138736,0.0685154184368367,0.028851764538124325,0.10817907233554908,35.808507099999936,-86.44685230718586,10208,0.5,35.8,-86.5,4.885386356733691
2024-05-11 16:58:00,164138736,-0.06858342368889753,-0.09390225488778088,-0.04326459249001417,35.808507099999936,-86.44685230718586,10208,0.6,35.8,-86.5,4.885386356733691
2024-05-11 16:59:00,164138736,-0.2513456466459314,-0.33493642773652155,-0.16775486555534122,35.808507099999936,-86.44685230718586,10208,0.4,35.8,-86.5,4.885386356733691
2024-05-11 17:00:00,164138736,-0.09306108670981843,-0.12402458635113013,-0.062097587068506724,35.808507099999936,-86.44685230718586,10208,0.4,35.8,-86.5,4.885386356733691
2024-05-11 17:01:00,164138736,-0.18022388696830868,-0.239654024197261,-0.12079374973935637,35.808507099999936,-86.44685230718586,10208,0.6,35.8,-86.5,4.885386356733691
2024-05-11 17:02:00,164138736,-0.17580448194245965,-0.23354750036487448,-0.11806146352004482,35.808507099999936,-86.44685230718586,10208,0.6,35.8,-86.5,4.885386356733691
2024-05-11 17:03:00,164138736,-0.5943436869535978,-0.7911232990368561,-0.3975640748703396,35.808507099999936,-86.44685230718586,10208,0.7,35.8,-86.5,4.885386356733691
2024-05-11 17:04:00,164138736,-0.2853257692974529,-0.38030729468083524,-0.19034424391407057,35.808507099999936,-86.44685230718586,10208,0.6,35.8,-86.5,4.885386356733691
2024-05-11 17:05:00,164138736,-0.6445718032847175,-0.8560351499747969,-0.43310845659463815,35.808507099999936,-86.44685230718586,10208,0.4,35.8,-86.5,4.885386356733691
2024-05-11 17:06:00,164138736,0.8078641192417619,0.5444738709232331,1.0712543675602908,35.808507099999936,-86.44685230718586,10208,0.1,35.8,-86.5,4.885386356733691
2024-05-11 17:07:00,164138736,2.519179897654674,1.6938775037389162,3.344482291570432,35.808507099999936,-86.44685230718586,10208,0.4,35.8,-86.5,4.885386356733691
2024-05-11 17:08:00,164138736,0.3489010880758238,0.23228463232869295,0.4655175438229547,35.808507099999936,-86.44685230718586,10208,0.9,35.8,-86.5,4.885386356733691
2024-05-11 17:09:00,164138736,0.46905226152698387,0.3098315814535564,0.6282729416004114,35.808507099999936,-86.44685230718586,10208,1.0,35.8,-86.5,4.885386356733691
2024-05-11 17:10:00,164138736,-0.3202667749401059,-0.4331192354629769,-0.2074143144172349,35.808507099999936,-86.44685230718586,10208,0.7,35.8,-86.5,4.885386356733691
2024-05-11 17:11:00,164138736,0.029895230997466528,-0.02390296005165749,0.08369342204659055,35.808507099999936,-86.44685230718586,10208,0.9,35.8,-86.5,4.885386356733691
2024-05-11 17:12:00,164138736,-0.12301640872916841,-0.18152540735129785,-0.06450741010703898,35.808507099999936,-86.44685230718586,10208,0.5,35.8,-86.5,4.885386356733691
2024-05-11 17:13:00,164138736,0.053290556883282846,0.02046514670054178,0.08611596706602391,35.808507099999936,-86.44685230718586,10208,0.4,35.8,-86.5,4.885386356733691
2024-05-11 17:14:00,164138736,-0.05680450049517695,-0.08557387510664355,-0.02803512588371035,35.808507099999936,-86.44685230718586,10208,0.3,35.8,-86.5,4.885386356733691
2024-05-11 17:15:00,164138736,-0.01292930293900901,-0.019665410311317487,-0.0061931955667005305,35.808507099999936,-86.44685230718586,10208,0.4,35.8,-86.5,4.885386356733691
2024-05-11 17:16:00,164138736,-0.32486916229720075,-0.4311994257012139,-0.21853889889318762,35.808507099999936,-86.44685230718586,10208,0.5,35.8,-86.5,4.885386356733691
2024-05-11 17:17:00,164138736,-0.2398133268272949,-0.31904394690541116,-0.1605827067491786,35.808507099999936,-86.44685230718586,10208,0.2,35.8,-86.5,4.885386356733691
2024-05-11 17:18:00,164138736,-0.16774689726326075,-0.2244135083749459,-0.1110802861515756,35.808507099999936,-86.44685230718586,10208,0.1,35.8,-86.5,4.885386356733691
2024-05-11 17:19:00,164138736,0.2061803698459566,0.13677815485325737,0.27558258483865583,35.808507099999936,-86.44685230718586,10208,0.2,35.8,-86.5,4.885386356733691
2024-05-11 17:20:00,164138736,0.08128181462650261,0.04941637921823088,0.11314725003477433,35.808507099999936,-86.44685230718586,10208,0.2,35.8,-86.5,4.885386356733691
2024-05-11 17:21:00,164138736,0.07645976022336815,0.0441274892951879,0.1087920311515484,35.808507099999936,-86.44685230718586,10208,0.3,35.8,-86.5,4.885386356733691
2024-05-11 17:22:00,164138736,-0.17519749613840788,-0.233130163115523,-0.11726482916129274,35.808507099999936,-86.44685230718586,10208,0.4,35.8,-86.5,4.885386356733691
2024-05-11 17:23:00,164138736,0.029432169446707894,0.008142786712422564,0.050721552180993223,35.808507099999936,-86.44685230718586,10208,0.2,35.8,-86.5,4.885386356733691
2024-05-11 17:24:00,164138736,0.1310575442900975,0.08469857343291853,0.17741651514727647,35.808507099999936,-86.44685230718586,10208,0.1,35.8,-86.5,4.885386356733691
2024-05-11 17:25:00,164138736,0.4322328343035474,0.28957780085272716,0.5748878677543676,35.808507099999936,-86.44685230718586,10208,0.2,35.8,-86.5,4.885386356733691
2024-05-11 17:26:00,164138736,0.17704361464725538,0.1166283827577091,0.23745884653680166,35.808507099999936,-86.44685230718586,10208,1.2,35.8,-86.5,4.885386356733691
2024-05-11 17:27:00,164138736,-0.17933652732864513,-0.2630954728228614,-0.09557758183442888,35.808507099999936,-86.44685230718586,10208,0.6,35.8,-86.5,4.885386356733691
2024-05-11 17:28:00,164138736,-0.0394322573537384,-0.0660070794305931,-0.0128574352768837,35.808507099999936,-86.44685230718586,10208,0.2,35.8,-86.5,4.885386356733691
2024-05-11 17:29:00,164138736,0.20889953325960406,0.13806277960692076,0.27973628691228736,35.808507099999936,-86.44685230718586,10208,0.7,35.8,-86.5,4.885386356733691
2024-05-11 17:30:00,164138736,-0.20675673545729656,-0.2760746659316707,-0.13743880498292244,35.808507099999936,-86.44685230718586,10208,0.7,35.8,-86.5,4.885386356733691
2024-05-11 17:31:00,164138736,-0.30157285996868693,-0.4112888288161158,-0.1918568911212581,35.808507099999936,-86.44685230718586,10208,0.6,35.8,-86.5,4.885386356733691
2024-05-11 17:32:00,164138736,-0.5780397888470915,-0.771409390563499,-0.384670187130684,35.808507099999936,-86.44685230718586,10208,0.5,35.8,-86.5,4.885386356733691
2024-05-11 17:33:00,164138736,-0.6630808478164929,-0.8821671970900065,-0.44399449854297934,35.808507099999936,-86.44685230718586,10208,0.3,35.8,-86.5,4.885386356733691
2024-05-11 17:34:00,164138736,-0.6532786099319099,-0.8673519875108001,-0.43920523235301967,35.808507099999936,-86.44685230718586,10208,0.2,35.8,-86.5,4.885386356733691
2024-05-11 17:35:00,164138736,-0.36155297408267484,-0.4798031503808946,-0.24330279778445507,35.808507099999936,-86.44685230718586,10208,0.1,35.8,-86.5,4.885386356733691
2024-05-11 17:36:00,164138736,-0.2657438687373907,-0.35274693897594694,-0.17874079849883445,35.808507099999936,-86.44685230718586,10208,0.1,35.8,-86.5,4.885386356733691
2024-05-11 17:37:00,164138736,-0.18018062465849866,-0.2404237897726157,-0.11993745954438162,35.808507099999936,-86.44685230718586,10208,0.4,35.8,-86.5,4.885386356733691
2024-05-11 17:38:00,164138736,-0.09150713245261012,-0.12102885734771208,-0.06198540755750816,35.808507099999936,-86.44685230718586,10208,0.2,35.8,-86.5,4.885386356733691
2024-05-11 17:39:00,164138736,0.13084152006189056,0.08742075517078352,0.17426228495299761,35.808507099999936,-86.44685230718586,10208,0.2,35.8,-86.5,4.885386356733691
2024-05-11 17:40:00,164138736,0.061046377155070504,0.03259251074290579,0.08950024356723521,35.808507099999936,-86.44685230718586,10208,0.3,35.8,-86.5,4.885386356733691
2024-05-11 17:41:00,164138736,-0.012503395404443696,-0.025216923874362456,0.0002101330654750641,35.808507099999936,-86.44685230718586,10208,0.1,35.8,-86.5,4.885386356733691
2024-05-11 17:42:00,164138736,-0.014647900056101447,-0.020820429807569242,-0.00847537030463365,35.808507099999936,-86.44685230718586,10208,0.2,35.8,-86.5,4.885386356733691
2024-05-11 17:43:00,164138736,-0.07997761529487656,-0.13171214701211229,-0.028243083577640833,35.808507099999936,-86.44685230718586,10208,0.3,35.8,-86.5,4.885386356733691
2024-05-11 17:44:00,164138736,0.0010323902866386614,-0.02116200584344483,0.023226786416722153,35.808507099999936,-86.44685230718586,10208,0.0,35.8,-86.5,4.885386356733691
2024-05-11 17:45:00,164138736,0.33150742305712005,0.22282336447478585,0.44019148163945426,35.808507099999936,-86.44685230718586,10208,0.1,35.8,-86.5,4.885386356733691
2024-05-11 17:46:00,164138736,0.06221505211918003,0.031310138198506574,0.09311996603985348,35.808507099999936,-86.44685230718586,10208,0.2,35.8,-86.5,4.885386356733691
2024-05-11 17:47:00,164138736,0.13453589947975636,0.058092540148638294,0.21097925881087443,35.808507099999936,-86.44685230718586,10208,0.9,35.8,-86.5,4.885386356733691
2024-05-11 17:48:00,164138736,-0.2117187664183339,-0.2826087590546728,-0.140828773781995,35.808507099999936,-86.44685230718586,10208,0.0,35.8,-86.5,4.885386356733691
2024-05-11 17:49:00,164138736,-0.5012886750273201,-0.6967405800343202,-0.30583677002032006,35.808507099999936,-86.44685230718586,10208,1.3,35.8,-86.5,4.885386356733691
2024-05-11 17:50:00,164138736,-0.29097375824857097,-0.38809496331969023,-0.1938525531774517,35.808507099999936,-86.44685230718586,10208,0.2,35.8,-86.5,4.885386356733691
2024-05-11 17:51:00,164138736,-0.11182947934836289,-0.1512707674660529,-0.07238819123067289,35.808507099999936,-86.44685230718586,10208,0.3,35.8,-86.5,4.885386356733691
2024-05-11 17:52:00,164138736,-0.05638983494977303,-0.0780270393468466,-0.034752630552699455,35.808507099999936,-86.44685230718586,10208,0.3,35.8,-86.5,4.885386356733691
2024-05-11 17:53:00,164138736,-0.12312106534628237,-0.17079117397561994,-0.0754509567169448,35.808507099999936,-86.44685230718586,10208,0.6,35.8,-86.5,4.885386356733691
2024-05-11 17:54:00,164138736,-0.09808480314704983,-0.16634772322771202,-0.029821883066387653,35.808507099999936,-86.44685230718586,10208,0.3,35.8,-86.5,4.885386356733691
2024-05-11 17:55:00,164138736,0.016491272221817295,-0.0041182678607163715,0.03710081230435096,35.808507099999936,-86.44685230718586,10208,0.4,35.8,-86.5,4.885386356733691
2024-05-11 17:56:00,164138736,0.17683458873387062,0.10324412739503669,0.25042505007270455,35.808507099999936,-86.44685230718586,10208,0.2,35.8,-86.5,4.885386356733691
2024-05-11 17:57:00,164138736,0.5880510321221419,0.3936365986278343,0.7824654656164496,35.808507099999936,-86.44685230718586,10208,0.6,35.8,-86.5,4.885386356733691
2024-05-11 17:58:00,164138736,0.5683206277320108,0.38221388083278357,0.754427374631238,35.808507099999936,-86.44685230718586,10208,0.7,35.8,-86.5,4.885386356733691
2024-05-11 17:59:00,164138736,-0.20657018213842887,-0.28412474667388377,-0.12901561760297398,35.808507099999936,-86.44685230718586,10208,0.7,35.8,-86.5,4.885386356733691
2024-05-11 18:00:00,164138736,-0.0529847032845862,-0.07469957789098788,-0.03126982867818453,35.808507099999936,-86.44685230718586,10208,0.3,35.8,-86.5,4.885386356733691
2024-05-11 18:01:00,164138736,0.2092004402740417,0.1405234150550005,0.2778774654930829,35.808507099999936,-86.44685230718586,10208,0.5,35.8,-86.5,4.885386356733691
2024-05-11 18:02:00,164138736,0.4440852295414425,0.29836972242836923,0.5898007366545158,35.808507099999936,-86.44685230718586,10208,0.1,35.8,-86.5,4.885386356733691
2024-05-11 18:03:00,164138736,0.3821909018787828,0.2558396139378514,0.5085421898197142,35.808507099999936,-86.44685230718586,10208,0.5,35.8,-86.5,4.885386356733691
2024-05-11 18:04:00,164138736,-0.09970777212731695,-0.14102263490797126,-0.05839290934666264,35.808507099999936,-86.44685230718586,10208,0.4,35.8,-86.5,4.885386356733691
2024-05-11 18:05:00,164138736,-0.4382608255926362,-0.5812878671827003,-0.29523378400257205,35.808507099999936,-86.44685230718586,10208,0.3,35.8,-86.5,4.885386356733691
2024-05-11 18:06:00,164138736,0.02119999246141938,-0.00271299787005138,0.04511298279289014,35.808507099999936,-86.44685230718586,10208,-0.1,35.8,-86.5,4.885386356733691
2024-05-11 18:07:00,164138736,0.4356851994630548,0.2818570823430228,0.5895133165830868,35.808507099999936,-86.44685230718586,10208,0.3,35.8,-86.5,4.885386356733691
2024-05-11 18:08:00,164138736,0.5336162102807667,0.3481302422020861,0.7191021783594472,35.808507099999936,-86.44685230718586,10208,0.4,35.8,-86.5,4.885386356733691
2024-05-11 18:09:00,164138736,0.2786014764679304,0.17638015554070208,0.3808227973951587,35.808507099999936,-86.44685230718586,10208,0.3,35.8,-86.5,4.885386356733691
2024-05-11 18:10:00,164138736,0.35089476636054134,0.22555826594948178,0.4762312667716009,35.808507099999936,-86.44685230718586,10208,0.5,35.8,-86.5,4.885386356733691
2024-05-11 18:11:00,164138736,0.13161203247152403,0.0823033641156603,0.18092070082738776,35.808507099999936,-86.44685230718586,10208,0.5,35.8,-86.5,4.885386356733691
2024-05-11 18:12:00,164138736,0.2047654378309936,0.13536662490688212,0.2741642507551051,35.808507099999936,-86.44685230718586,10208,0.4,35.8,-86.5,4.885386356733691
2024-05-11 18:13:00,164138736,0.05776735368637567,0.03839360594334175,0.0771411014294096,35.808507099999936,-86.44685230718586,10208,0.3,35.8,-86.5,4.885386356733691
2024-05-11 18:14:00,164138736,0.15747987686906312,0.0962481417595388,0.21871161197858743,35.808507099999936,-86.44685230718586,10208,0.3,35.8,-86.5,4.885386356733691
2024-05-11 18:15:00,164138736,-0.42714331497982516,-0.5677687827107949,-0.2865178472488554,35.808507099999936,-86.44685230718586,10208,0.2,35.8,-86.5,4.885386356733691
2024-05-11 18:16:00,164138736,0.05703359782174681,0.031178374602431256,0.08288882104106236,35.808507099999936,-86.44685230718586,10208,0.3,35.8,-86.5,4.885386356733691
2024-05-11 18:17:00,164138736,-0.9364653165980161,-1.2459229445644127,-0.6270076886316196,35.808507099999936,-86.44685230718586,10208,0.3,35.8,-86.5,4.885386356733691
2024-05-11 18:18:00,164138736,0.4947955523390215,0.3336489175983065,0.6559421870797365,35.808507099999936,-86.44685230718586,10208,0.0,35.8,-86.5,4.885386356733691
2024-05-11 18:19:00,164138736,1.5587599035390047,1.0441276934550978,2.0733921136229116,35.808507099999936,-86.44685230718586,10208,0.9,35.8,-86.5,4.885386356733691
2024-05-11 18:20:00,164138736,-1.0264689811701413,-1.3710898067539161,-0.6818481555863665,35.808507099999936,-86.44685230718586,10208,0.6,35.8,-86.5,4.885386356733691
2024-05-11 18:21:00,164138736,-0.8001576816787155,-1.0719202118508055,-0.5283951515066254,35.808507099999936,-86.44685230718586,10208,-0.2,35.8,-86.5,4.885386356733691
2024-05-11 18:22:00,164138736,0.42662860021225624,0.2838289101899677,0.5694282902345448,35.808507099999936,-86.44685230718586,10208,0.2,35.8,-86.5,4.885386356733691
2024-05-11 18:23:00,164138736,0.5983477902236046,0.39952686199318044,0.7971687184540288,35.808507099999936,-86.44685230718586,10208,0.8,35.8,-86.5,4.885386356733691
2024-05-11 18:24:00,164138736,-0.8406617113945865,-1.1153875429305304,-0.5659358798586425,35.808507099999936,-86.44685230718586,10208,0.2,35.8,-86.5,4.885386356733691
2024-05-11 18:25:00,164138736,0.12328711627070024,0.08376480955248673,0.16280942298891377,35.808507099999936,-86.44685230718586,10208,0.3,35.8,-86.5,4.885386356733691
2024-05-11 18:26:00,164138736,0.1629405531533709,0.10913123055077249,0.21674987575596927,35.808507099999936,-86.44685230718586,10208,0.1,35.8,-86.5,4.885386356733691
2024-05-11 18:27:00,164138736,0.21836782223278833,0.1417949931380896,0.29494065132748704,35.808507099999936,-86.44685230718586,10208,-0.3,35.8,-86.5,4.885386356733691
2024-05-11 18:28:00,164138736,0.6196244732998487,0.4168214269504371,0.8224275196492603,35.808507099999936,-86.44685230718586,10208,0.5,35.8,-86.5,4.885386356733691
2024-05-11 18:29:00,164138736,-0.4939592024104741,-0.660452109393777,-0.32746629542717115,35.808507099999936,-86.44685230718586,10208,0.2,35.8,-86.5,4.885386356733691
2024-05-11 18:30:00,164138736,0.14651643179692753,0.09811871843506632,0.19491414515878874,35.808507099999936,-86.44685230718586,10208,0.0,35.8,-86.5,4.885386356733691
2024-05-11 18:31:00,164138736,0.3613210651164257,0.24325622542450379,0.47938590480834764,35.808507099999936,-86.44685230718586,10208,0.6,35.8,-86.5,4.885386356733691
2024-05-11 18:32:00,164138736,-0.2169097510455195,-0.28866094929972463,-0.14515855279131434,35.808507099999936,-86.44685230718586,10208,0.2,35.8,-86.5,4.885386356733691
2024-05-11 18:33:00,164138736,-0.06774604761448176,-0.09664118460399077,-0.03885091062497275,35.808507099999936,-86.44685230718586,10208,0.4,35.8,-86.5,4.885386356733691
2024-05-11 18:34:00,164138736,-0.46713689869493946,-0.6205103846396754,-0.3137634127502035,35.808507099999936,-86.44685230718586,10208,-0.4,35.8,-86.5,4.885386356733691
2024-05-11 18:35:00,164138736,-0.5883649506661903,-0.7823730796004326,-0.3943568217319481,35.808507099999936,-86.44685230718586,10208,0.4,35.8,-86.5,4.885386356733691
2024-05-11 18:36:00,164138736,-0.3356913070832633,-0.4469186930753233,-0.22446392109120325,35.808507099999936,-86.44685230718586,10208,0.2,35.8,-86.5,4.885386356733691
2024-05-11 18:37:00,164138736,1.318834193216207,0.8841177453165758,1.7535506411158384,35.808507099999936,-86.44685230718586,10208,0.9,35.8,-86.5,4.885386356733691
2024-05-11 18:38:00,164138736,-0.7048336560083222,-0.9366718441083993,-0.472995467908245,35.808507099999936,-86.44685230718586,10208,-0.1,35.8,-86.5,4.885386356733691
2024-05-11 18:39:00,164138736,0.10587444703051446,0.07174915723058989,0.13999973683043904,35.808507099999936,-86.44685230718586,10208,0.2,35.8,-86.5,4.885386356733691
2024-05-11 18:40:00,164138736,0.14904707169164005,0.0890826475298036,0.2090114958534765,35.808507099999936,-86.44685230718586,10208,0.2,35.8,-86.5,4.885386356733691
2024-05-11 18:41:00,164138736,1.2105661172873234,0.8090931403335957,1.6120390942410512,35.808507099999936,-86.44685230718586,10208,0.8,35.8,-86.5,4.885386356733691
2024-05-11 18:42:00,164138736,0.21539351791043207,0.13935251718000535,0.2914345186408588,35.808507099999936,-86.44685230718586,10208,0.0,35.8,-86.5,4.885386356733691
2024-05-11 18:43:00,164138736,0.26023781628278414,0.17187599533132977,0.3485996372342385,35.808507099999936,-86.44685230718586,10208,-0.1,35.8,-86.5,4.885386356733691
2024-05-11 18:44:00,164138736,0.3801183334997058,0.2553150130284825,0.5049216539709291,35.808507099999936,-86.44685230718586,10208,0.5,35.8,-86.5,4.885386356733691
2024-05-11 18:45:00,164138736,0.34326032319161903,0.23165377890720767,0.4548668674760304,35.808507099999936,-86.44685230718586,10208,0.1,35.8,-86.5,4.885386356733691
2024-05-11 18:46:00,164138736,0.1200709698900891,0.08058864603630558,0.15955329374387262,35.808507099999936,-86.44685230718586,10208,0.2,35.8,-86.5,4.885386356733691
2024-05-11 18:47:00,164138736,-0.6265466070527909,-0.8322772707165254,-0.4208159433890564,35.808507099999936,-86.44685230718586,10208,0.3,35.8,-86.5,4.885386356733691
2024-05-11 18:48:00,164138736,0.199695712861072,0.10962008671733629,0.28977133900480767,35.808507099999936,-86.44685230718586,10208,-0.1,35.8,-86.5,4.885386356733691
2024-05-11 18:49:00,164138736,0.04751895270895942,0.028511245290122236,0.06652666012779661,35.808507099999936,-86.44685230718586,10208,0.1,35.8,-86.5,4.885386356733691
2024-05-11 18:50:00,164138736,0.19321801314517484,0.12888446799371409,0.25755155829663556,35.808507099999936,-86.44685230718586,10208,0.1,35.8,-86.5,4.885386356733691
2024-05-11 18:51:00,164138736,-1.2074627238147277,-1.6072173523565767,-0.8077080952728787,35.808507099999936,-86.44685230718586,10208,0.3,35.8,-86.5,4.885386356733691
2024-05-11 18:52:00,164138736,-0.8836659249957969,-1.1756385135423717,-0.5916933364492221,35.808507099999936,-86.44685230718586,10208,0.0,35.8,-86.5,4.885386356733691
2024-05-11 18:53:00,164138736,0.061096663593684736,0.024547593183424518,0.09764573400394495,35.808507099999936,-86.44685230718586,10208,0.1,35.8,-86.5,4.885386356733691
2024-05-11 18:54:00,164138736,-0.13776324335648538,-0.184707817219961,-0.09081866949300976,35.808507099999936,-86.44685230718586,10208,0.0,35.8,-86.5,4.885386356733691
2024-05-11 18:55:00,164138736,0.5515468369094654,0.36863189431776733,0.7344617795011634,35.808507099999936,-86.44685230718586,10208,0.2,35.8,-86.5,4.885386356733691
2024-05-11 18:56:00,164138736,0.22578262914004707,0.15083236313198667,0.30073289514810747,35.808507099999936,-86.44685230718586,10208,0.4,35.8,-86.5,4.885386356733691
2024-05-11 18:57:00,164138736,0.6882384966585406,0.460862216367826,0.9156147769492553,35.808507099999936,-86.44685230718586,10208,0.1,35.8,-86.5,4.885386356733691
2024-05-11 18:58:00,164138736,0.5606255188193511,0.37608362104056825,0.7451674165981339,35.808507099999936,-86.44685230718586,10208,0.6,35.8,-86.5,4.885386356733691
2024-05-11 18:59:00,164138736,-0.011818768598124255,-0.049825391022468954,0.026187853826220447,35.808507099999936,-86.44685230718586,10208,0.1,35.8,-86.5,4.885386356733691
2024-05-11 19:00:00,164138736,0.48504716658960995,0.31004296232702155,0.6600513708521983,35.808507099999936,-86.44685230718586,10208,0.3,35.8,-86.5,4.885386356733691
2024-05-11 19:01:00,164138736,0.7533928486991426,0.4971825674462313,1.0096031299520538,35.808507099999936,-86.44685230718586,10208,0.5,35.8,-86.5,4.885386356733691
2024-05-11 19:02:00,164138736,0.40431559190063887,0.2624990222943847,0.546132161506893,35.808507099999936,-86.44685230718586,10208,0.5,35.8,-86.5,4.885386356733691
2024-05-11 19:03:00,164138736,0.09065050588170394,0.06182796924350845,0.11947304251989943,35.808507099999936,-86.44685230718586,10208,0.4,35.8,-86.5,4.885386356733691
2024-05-11 19:04:00,164138736,0.37645138071620715,0.2540497077112514,0.4988530537211629,35.808507099999936,-86.44685230718586,10208,0.3,35.8,-86.5,4.885386356733691
2024-05-11 19:05:00,164138736,0.5145358077294889,0.34754791808298446,0.6815236973759934,35.808507099999936,-86.44685230718586,10208,0.4,35.8,-86.5,4.885386356733691
2024-05-11 19:06:00,164138736,0.3315591408088853,0.2236193312715396,0.43949895034623104,35.808507099999936,-86.44685230718586,10208,0.3,35.8,-86.5,4.885386356733691
2024-05-11 19:07:00,164138736,0.41293094842804307,0.2789658649258604,0.5468960319302257,35.808507099999936,-86.44685230718586,10208,0.4,35.8,-86.5,4.885386356733691
2024-05-11 19:08:00,164138736,0.5818846342783288,0.3921848905070868,0.7715843780495708,35.808507099999936,-86.44685230718586,10208,0.2,35.8,-86.5,4.885386356733691
2024-05-11 19:09:00,164138736,-0.07741491732055418,-0.10924328044702884,-0.04558655419407952,35.808507099999936,-86.44685230718586,10208,0.7,35.8,-86.5,4.885386356733691
2024-05-11 19:10:00,164138736,-1.3761417309389712,-1.8292107904011745,-0.9230726714767679,35.808507099999936,-86.44685230718586,10208,0.0,35.8,-86.5,4.885386356733691
2024-05-11 19:11:00,164138736,-0.24938299901227304,-0.3336757994316245,-0.16509019859292157,35.808507099999936,-86.44685230718586,10208,0.0,35.8,-86.5,4.885386356733691
2024-05-11 19:12:00,164138736,0.507486924438887,0.3377480692106358,0.6772257796671382,35.808507099999936,-86.44685230718586,10208,0.2,35.8,-86.5,4.885386356733691
2024-05-11 19:13:00,164138736,0.9069201963895427,0.6085074299146951,1.2053329628643903,35.808507099999936,-86.44685230718586,10208,0.3,35.8,-86.5,4.885386356733691
2024-05-11 19:14:00,164138736,0.24491290238052707,0.1512013113021337,0.33862449345892043,35.808507099999936,-86.44685230718586,10208,0.5,35.8,-86.5,4.885386356733691
2024-05-11 19:15:00,164138736,0.3648931199300185,0.24180081446187524,0.48798542539816175,35.808507099999936,-86.44685230718586,10208,0.3,35.8,-86.5,4.885386356733691
2024-05-11 19:16:00,164138736,0.5712232249810861,0.38435712244327147,0.7580893275189008,35.808507099999936,-86.44685230718586,10208,0.3,35.8,-86.5,4.885386356733691
2024-05-11 19:17:00,164138736,0.36681849794573806,0.2467706992462399,0.48686629664523623,35.808507099999936,-86.44685230718586,10208,0.2,35.8,-86.5,4.885386356733691
2024-05-11 19:18:00,164138736,0.6137585309662912,0.4136099380897149,0.8139071238428675,35.808507099999936,-86.44685230718586,10208,0.3,35.8,-86.5,4.885386356733691
2024-05-11 19:19:00,164138736,0.4550293625483356,0.3057819238594383,0.6042768012372328,35.808507099999936,-86.44685230718586,10208,0.5,35.8,-86.5,4.885386356733691
2024-05-11 19:20:00,164138736,0.27904181618296064,0.1874660086148609,0.3706176237510604,35.808507099999936,-86.44685230718586,10208,0.2,35.8,-86.5,4.885386356733691
2024-05-11 19:21:00,164138736,0.9759914703471755,0.6561926771685113,1.2957902635258396,35.808507099999936,-86.44685230718586,10208,0.2,35.8,-86.5,4.885386356733691
2024-05-11 19:22:00,164138736,0.6797109782174681,0.45691706910806507,0.9025048873268711,35.808507099999936,-86.44685230718586,10208,0.7,35.8,-86.5,4.885386356733691
2024-05-11 19:23:00,164138736,-0.44647902262315065,-0.6079407773933085,-0.2850172678529927,35.808507099999936,-86.44685230718586,10208,0.6,35.8,-86.5,4.885386356733691
2024-05-11 19:24:00,164138736,-0.20350204703786987,-0.2713262724926215,-0.13567782158311825,35.808507099999936,-86.44685230718586,10208,0.2,35.8,-86.5,4.885386356733691
2024-05-11 19:25:00,164138736,-0.621868038626429,-0.8267699720960083,-0.41696610515684973,35.808507099999936,-86.44685230718586,10208,0.3,35.8,-86.5,4.885386356733691
2024-05-11 19:26:00,164138736,-1.8948024808759247,-2.5175310909687183,-1.2720738707831312,35.808507099999936,-86.44685230718586,10208,0.2,35.8,-86.5,4.885386356733691
2024-05-11 19:27:00,164138736,-1.6289495944014796,-2.163848690852867,-1.0940504979500918,35.808507099999936,-86.44685230718586,10208,-0.6,35.8,-86.5,4.885386356733691
2024-05-11 19:28:00,164138736,-1.1837523511054135,-1.5752359033706682,-0.7922687988401589,35.808507099999936,-86.44685230718586,10208,0.4,35.8,-86.5,4.885386356733691
2024-05-11 19:29:00,164138736,-1.0290890188929052,-1.3690566146722456,-0.6891214231135648,35.808507099999936,-86.44685230718586,10208,0.5,35.8,-86.5,4.885386356733691
2024-05-11 19:30:00,164138736,-0.1760572832385886,-0.23803316104094546,-0.11408140543623174,35.808507099999936,-86.44685230718586,10208,0.1,35.8,-86.5,4.885386356733691
2024-05-11 19:31:00,164138736,-0.7782946998991258,-1.0363310983893501,-0.5202583014089014,35.808507099999936,-86.44685230718586,10208,0.4,35.8,-86.5,4.885386356733691
2024-05-11 19:32:00,164138736,-0.5717234916148285,-0.7595036508656454,-0.3839433323640115,35.808507099999936,-86.44685230718586,10208,-0.5,35.8,-86.5,4.885386356733691
2024-05-11 19:33:00,164138736,-0.9073506851042367,-1.2049336936784334,-0.6097676765300398,35.808507099999936,-86.44685230718586,10208,0.0,35.8,-86.5,4.885386356733691
2024-05-11 19:34:00,164138736,-0.5572090277194015,-0.7413840463681769,-0.3730340090706261,35.808507099999936,-86.44685230718586,10208,-0.2,35.8,-86.5,4.885386356733691
2024-05-11 19:35:00,164138736,-0.6465247641013786,-0.8587892609507031,-0.43426026725205413,35.808507099999936,-86.44685230718586,10208,-0.3,35.8,-86.5,4.885386356733691
2024-05-11 19:36:00,164138736,-1.184992592047747,-1.5736362362488763,-0.7963489478466179,35.808507099999936,-86.44685230718586,10208,-0.3,35.8,-86.5,4.885386356733691
2024-05-11 19:37:00,164138736,-0.5355335433128783,-0.7120367248260941,-0.3590303617996624,35.808507099999936,-86.44685230718586,10208,-0.4,35.8,-86.5,4.885386356733691
2024-05-11 19:38:00,164138736,0.0317609925035991,0.006546300546427294,0.056975684460770906,35.808507099999936,-86.44685230718586,10208,0.6,35.8,-86.5,4.885386356733691
2024-05-11 19:39:00,164138736,0.12058547942848437,0.08096384248930108,0.16020711636766766,35.808507099999936,-86.44685230718586,10208,0.2,35.8,-86.5,4.885386356733691
2024-05-11 19:40:00,164138736,0.14710515220452253,0.09668944909701101,0.19752085531203406,35.808507099999936,-86.44685230718586,10208,0.3,35.8,-86.5,4.885386356733691
2024-05-11 19:41:00,164138736,-0.7234545093939139,-0.9634021609251631,-0.4835068578626647,35.808507099999936,-86.44685230718586,10208,0.0,35.8,-86.5,4.885386356733691
2024-05-11 19:42:00,164138736,0.6542039472301614,0.43275008975991835,0.8756578047004044,35.808507099999936,-86.44685230718586,10208,-0.1,35.8,-86.5,4.885386356733691
2024-05-11 19:43:00,164138736,0.7285213714168628,0.4838710337318033,0.9731717091019223,35.808507099999936,-86.44685230718586,10208,0.1,35.8,-86.5,4.885386356733691
2024-05-11 19:44:00,164138736,-0.190122500472848,-0.2542030637956244,-0.12604193715007164,35.808507099999936,-86.44685230718586,10208,0.2,35.8,-86.5,4.885386356733691
2024-05-11 19:45:00,164138736,-0.33798314231149124,-0.45168912705227315,-0.2242771575707093,35.808507099999936,-86.44685230718586,10208,0.1,35.8,-86.5,4.885386356733691
2024-05-11 19:46:00,164138736,0.1125490128312563,0.07057335430720316,0.15452467135530945,35.808507099999936,-86.44685230718586,10208,0.1,35.8,-86.5,4.885386356733691
2024-05-11 19:47:00,164138736,-0.6915239694540182,-0.9181561199969275,-0.4648918189111088,35.808507099999936,-86.44685230718586,10208,0.1,35.8,-86.5,4.885386356733691
2024-05-11 19:48:00,164138736,-0.5042906031964526,-0.6699786250519929,-0.33860258134091226,35.808507099999936,-86.44685230718586,10208,0.0,35.8,-86.5,4.885386356733691
2024-05-11 19:49:00,164138736,-0.34520425392463855,-0.45857526476152766,-0.23183324308774944,35.808507099999936,-86.44685230718586,10208,0.2,35.8,-86.5,4.885386356733691
2024-05-11 19:50:00,164138736,-0.30323168633364156,-0.4027561954856661,-0.20370717718161702,35.808507099999936,-86.44685230718586,10208,0.1,35.8,-86.5,4.885386356733691
2024-05-11 19:51:00,164138736,-0.22062169006388702,-0.29447171300015895,-0.14677166712761508,35.808507099999936,-86.44685230718586,10208,-0.1,35.8,-86.5,4.885386356733691
2024-05-11 19:52:00,164138736,0.08789772592940905,0.05796602715180856,0.11782942470700952,35.808507099999936,-86.44685230718586,10208,0.1,35.8,-86.5,4.885386356733691
2024-05-11 19:53:00,164138736,0.29953427754077,0.19248801233179275,0.40658054274974725,35.808507099999936,-86.44685230718586,10208,0.0,35.8,-86.5,4.885386356733691
2024-05-11 19:54:00,164138736,0.2685503366415182,0.17475278040523015,0.3623478928778062,35.808507099999936,-86.44685230718586,10208,0.2,35.8,-86.5,4.885386356733691
2024-05-11 19:55:00,164138736,-0.05215011832693237,-0.0698132986380843,-0.03448693801578045,35.808507099999936,-86.44685230718586,10208,0.2,35.8,-86.5,4.885386356733691
2024-05-11 19:56:00,164138736,-0.18155508548041357,-0.24351003345348393,-0.11960013750734322,35.808507099999936,-86.44685230718586,10208,0.1,35.8,-86.5,4.885386356733691
2024-05-11 19:57:00,164138736,-0.022211132950644887,-0.05061222664160804,0.006189960740318263,35.808507099999936,-86.44685230718586,10208,0.2,35.8,-86.5,4.885386356733691
2024-05-11 19:58:00,164138736,-0.2907932386674092,-0.3861970200161741,-0.19538945731864427,35.808507099999936,-86.44685230718586,10208,0.1,35.8,-86.5,4.885386356733691
2024-05-11 19:59:00,164138736,-0.2779811097217552,-0.36921054029438355,-0.18675167914912688,35.808507099999936,-86.44685230718586,10208,0.1,35.8,-86.5,4.885386356733691
2024-05-11 20:00:00,164138736,-0.4650681886243275,-0.6196487814066948,-0.3104875958419603,35.808507099999936,-86.44685230718586,10208,0.3,35.8,-86.5,4.885386356733691
2024-05-11 20:01:00,164138736,0.03841275477778134,-0.020574212051143473,0.09739972160670615,35.808507099999936,-86.44685230718586,10208,-0.6,35.8,-86.5,4.885386356733691
2024-05-11 20:02:00,164138736,2.436124143619704,1.6204469285684826,3.2518013586709253,35.808507099999936,-86.44685230718586,10208,0.0,35.8,-86.5,4.885386356733691
2024-05-11 20:03:00,164138736,1.3467988846040686,0.9054649688230265,1.7881328003851107,35.808507099999936,-86.44685230718586,10208,0.4,35.8,-86.5,4.885386356733691
2024-05-11 20:04:00,164138736,-0.5573077019061029,-0.7483192848953719,-0.36629611891683383,35.808507099999936,-86.44685230718586,10208,0.4,35.8,-86.5,4.885386356733691
2024-05-11 20:05:00,164138736,-1.3848319550689308,-1.8449971383952626,-0.9246667717425989,35.808507099999936,-86.44685230718586,10208,0.3,35.8,-86.5,4.885386356733691
2024-05-11 20:06:00,164138736,-1.7468148432246133,-2.3255917832231425,-1.168037903226084,35.808507099999936,-86.44685230718586,10208,0.2,35.8,-86.5,4.885386356733691
2024-05-11 20:07:00,164138736,-1.3360297710364828,-1.7753592485135008,-0.8967002935594649,35.808507099999936,-86.44685230718586,10208,-0.2,35.8,-86.5,4.885386356733691
2024-05-11 20:08:00,164138736,-0.35337188248676027,-0.47313512487126635,-0.23360864010225418,35.808507099999936,-86.44685230718586,10208,-0.2,35.8,-86.5,4.885386356733691
2024-05-11 20:09:00,164138736,0.2447985076391224,0.15344650659186204,0.33615050868638274,35.808507099999936,-86.44685230718586,10208,0.0,35.8,-86.5,4.885386356733691
2024-05-11 20:10:00,164138736,0.42218776926067586,0.2810172839846504,0.5633582545367013,35.808507099999936,-86.44685230718586,10208,0.1,35.8,-86.5,4.885386356733691
2024-05-11 20:11:00,164138736,0.06044981186231191,0.03632809780896567,0.08457152591565814,35.808507099999936,-86.44685230718586,10208,0.1,35.8,-86.5,4.885386356733691
2024-05-11 20:12:00,164138736,-0.010923246449083792,-0.019930563027351154,-0.0019159298708164314,35.808507099999936,-86.44685230718586,10208,-0.1,35.8,-86.5,4.885386356733691
2024-05-11 20:13:00,164138736,0.4476325747625252,0.30069339514255855,0.5945717543824919,35.808507099999936,-86.44685230718586,10208,0.1,35.8,-86.5,4.885386356733691
2024-05-11 20:14:00,164138736,1.5472493380127774,1.0334804491687648,2.06101822685679,35.808507099999936,-86.44685230718586,10208,0.1,35.8,-86.5,4.885386356733691
2024-05-11 20:15:00,164138736,1.7777817911482852,1.1888974589873151,2.366666123309255,35.808507099999936,-86.44685230718586,10208,0.5,35.8,-86.5,4.885386356733691
2024-05-11 20:16:00,164138736,1.0403923850453933,0.6962350548599525,1.3845497152308341,35.808507099999936,-86.44685230718586,10208,0.3,35.8,-86.5,4.885386356733691
2024-05-11 20:17:00,164138736,0.4732831019880632,0.31674342839157565,0.6298227755845508,35.808507099999936,-86.44685230718586,10208,0.3,35.8,-86.5,4.885386356733691
2024-05-11 20:18:00,164138736,0.5201177128866846,0.34773967692404206,0.6924957488493272,35.808507099999936,-86.44685230718586,10208,0.4,35.8,-86.5,4.885386356733691
2024-05-11 20:19:00,164138736,0.6460548713853396,0.428951894513816,0.8631578482568631,35.808507099999936,-86.44685230718586,10208,0.5,35.8,-86.5,4.885386356733691
2024-05-11 20:20:00,164138736,0.8894878661945191,0.5957213877230852,1.183254344665953,35.808507099999936,-86.44685230718586,10208,0.6,35.8,-86.5,4.885386356733691
2024-05-11 20:21:00,164138736,0.6487612695443846,0.4366877334989931,0.8608348055897761,35.808507099999936,-86.44685230718586,10208,0.6,35.8,-86.5,4.885386356733691
2024-05-11 20:22:00,164138736,0.5773640102240248,0.3876499826265743,0.7670780378214754,35.808507099999936,-86.44685230718586,10208,0.6,35.8,-86.5,4.885386356733691
2024-05-11 20:23:00,164138736,-0.32079495274146774,-0.42608685759670106,-0.21550304788623442,35.808507099999936,-86.44685230718586,10208,0.5,35.8,-86.5,4.885386356733691
2024-05-11 20:24:00,164138736,0.13072425211205446,0.08718964521961417,0.17425885900449475,35.808507099999936,-86.44685230718586,10208,0.4,35.8,-86.5,4.885386356733691
2024-05-11 20:25:00,164138736,0.5008169762945528,0.33703342411468273,0.6646005284744229,35.808507099999936,-86.44685230718586,10208,0.5,35.8,-86.5,4.885386356733691
2024-05-11 20:26:00,164138736,0.9977211352555481,0.6706961680848202,1.3247461024262759,35.808507099999936,-86.44685230718586,10208,0.4,35.8,-86.5,4.885386356733691
2024-05-11 20:27:00,164138736,0.43666611282153667,0.29294645210842657,0.5803857735346467,35.808507099999936,-86.44685230718586,10208,0.4,35.8,-86.5,4.885386356733691
2024-05-11 20:28:00,164138736,0.28830553271582887,0.1931069622139251,0.38350410321773265,35.808507099999936,-86.44685230718586,10208,0.4,35.8,-86.5,4.885386356733691
2024-05-11 20:29:00,164138736,1.281554724277068,0.8617633114052159,1.70134613714892,35.808507099999936,-86.44685230718586,10208,0.5,35.8,-86.5,4.885386356733691
2024-05-11 20:30:00,164138736,0.4739422980938971,0.3170100366385458,0.6308745595492484,35.808507099999936,-86.44685230718586,10208,0.5,35.8,-86.5,4.885386356733691
2024-05-11 20:31:00,164138736,0.16069748037680734,0.10091514034085665,0.22047982041275804,35.808507099999936,-86.44685230718586,10208,0.6,35.8,-86.5,4.885386356733691
2024-05-11 20:32:00,164138736,0.8053340539887357,0.5411491360296988,1.0695189719477725,35.808507099999936,-86.44685230718586,10208,0.7,35.8,-86.5,4.885386356733691
2024-05-11 20:33:00,164138736,-0.11095351249320282,-0.17125701257376205,-0.05065001241264357,35.808507099999936,-86.44685230718586,10208,0.6,35.8,-86.5,4.885386356733691
2024-05-11 20:34:00,164138736,-0.8015358366257566,-1.0703320094691806,-0.5327396637823324,35.808507099999936,-86.44685230718586,10208,0.5,35.8,-86.5,4.885386356733691
2024-05-11 20:35:00,164138736,-0.004731845198338194,-0.017737347302567992,0.008273656905891602,35.808507099999936,-86.44685230718586,10208,0.3,35.8,-86.5,4.885386356733691
2024-05-11 20:36:00,164138736,-0.21149038739387188,-0.286377334589982,-0.13660344019776177,35.808507099999936,-86.44685230718586,10208,0.3,35.8,-86.5,4.885386356733691
2024-05-11 20:37:00,164138736,-0.3779134333494452,-0.5067660298852319,-0.24906083681365848,35.808507099999936,-86.44685230718586,10208,0.3,35.8,-86.5,4.885386356733691
2024-05-11 20:38:00,164138736,-0.3595561763145175,-0.4769381796246176,-0.24217417300441735,35.808507099999936,-86.44685230718586,10208,0.2,35.8,-86.5,4.885386356733691
2024-05-11 20:39:00,164138736,-0.47039889327294887,-0.627599322402784,-0.3131984641431137,35.808507099999936,-86.44685230718586,10208,0.3,35.8,-86.5,4.885386356733691
2024-05-11 20:40:00,164138736,-0.6848845594107263,-0.9105345251490223,-0.45923459367243036,35.808507099999936,-86.44685230718586,10208,0.3,35.8,-86.5,4.885386356733691
2024-05-11 20:41:00,164138736,-0.376551532552959,-0.5143709143924226,-0.23873215071349538,35.808507099999936,-86.44685230718586,10208,0.0,35.8,-86.5,4.885386356733691
2024-05-11 20:42:00,164138736,-0.581401278528497,-0.7759493633618055,-0.3868531936951885,35.808507099999936,-86.44685230718586,10208,0.2,35.8,-86.5,4.885386356733691
2024-05-11 20:43:00,164138736,-0.65809804766308,-0.8725650443855117,-0.44363105094064825,35.808507099999936,-86.44685230718586,10208,-0.1,35.8,-86.5,4.885386356733691
2024-05-11 20:44:00,164138736,-0.6028781010949058,-0.8036753419832905,-0.4020808602065211,35.808507099999936,-86.44685230718586,10208,-0.1,35.8,-86.5,4.885386356733691
2024-05-11 20:45:00,164138736,0.06731172111424008,0.04335343717302477,0.09127000505545539,35.808507099999936,-86.44685230718586,10208,0.0,35.8,-86.5,4.885386356733691
2024-05-11 20:46:00,164138736,-0.45029825545351376,-0.6101315232893323,-0.29046498761769524,35.808507099999936,-86.44685230718586,10208,-0.1,35.8,-86.5,4.885386356733691
2024-05-11 20:47:00,164138736,-0.06460838086988273,-0.09424927879408797,-0.03496748294567749,35.808507099999936,-86.44685230718586,10208,-0.1,35.8,-86.5,4.885386356733691
2024-05-11 20:48:00,164138736,0.13859598125157616,0.08711834807989063,0.19007361442326168,35.808507099999936,-86.44685230718586,10208,0.1,35.8,-86.5,4.885386356733691
2024-05-11 20:49:00,164138736,-0.06487217218826181,-0.09254736441677182,-0.03719697995975181,35.808507099999936,-86.44685230718586,10208,0.0,35.8,-86.5,4.885386356733691
2024-05-11 20:50:00,164138736,-0.22729245912491594,-0.3045118481963011,-0.15007307005353077,35.808507099999936,-86.44685230718586,10208,0.2,35.8,-86.5,4.885386356733691
2024-05-11 20:51:00,164138736,-0.412902216343729,-0.5487259004987185,-0.27707853218873946,35.808507099999936,-86.44685230718586,10208,0.0,35.8,-86.5,4.885386356733691
2024-05-11 20:52:00,164138736,-0.2571423036104573,-0.3430379363642834,-0.1712466708566312,35.808507099999936,-86.44685230718586,10208,0.1,35.8,-86.5,4.885386356733691
2024-05-11 20:53:00,164138736,-0.20143481461730833,-0.26719606611681435,-0.13567356311780232,35.808507099999936,-86.44685230718586,10208,0.0,35.8,-86.5,4.885386356733691
2024-05-11 20:54:00,164138736,-0.24700135549764626,-0.32749634354754514,-0.16650636744774738,35.808507099999936,-86.44685230718586,10208,0.1,35.8,-86.5,4.885386356733691
2024-05-11 20:55:00,164138736,-0.17548691031911987,-0.23356615850025106,-0.11740766213798867,35.808507099999936,-86.44685230718586,10208,0.1,35.8,-86.5,4.885386356733691
2024-05-11 20:56:00,164138736,0.15784413812941325,0.1023049764474043,0.2133832998114222,35.808507099999936,-86.44685230718586,10208,0.2,35.8,-86.5,4.885386356733691
2024-05-11 20:57:00,164138736,-0.47240455694140887,-0.6285732915183773,-0.31623582236444053,35.808507099999936,-86.44685230718586,10208,0.5,35.8,-86.5,4.885386356733691
2024-05-11 20:58:00,164138736,-1.2763310671654338,-1.6992410770657562,-0.8534210572651113,35.808507099999936,-86.44685230718586,10208,0.2,35.8,-86.5,4.885386356733691
2024-05-11 20:59:00,164138736,-0.45444905653686113,-0.6176422282663665,-0.29125588480735576,35.808507099999936,-86.44685230718586,10208,0.2,35.8,-86.5,4.885386356733691
2024-05-11 21:00:00,164138736,-0.06328686644907518,-0.1225391830223315,-0.004034549875818853,35.808507099999936,-86.44685230718586,10208,0.0,35.8,-86.5,4.885386356733691
2024-05-11 21:01:00,164138736,-0.10123066623177236,-0.15082930625401342,-0.05163202620953129,35.808507099999936,-86.44685230718586,10208,0.2,35.8,-86.5,4.885386356733691
2024-05-11 21:02:00,164138736,-0.018103410753533593,-0.06183655837711452,0.02562973687004733,35.808507099999936,-86.44685230718586,10208,0.2,35.8,-86.5,4.885386356733691
2024-05-11 21:03:00,164138736,-0.17099932816177707,-0.23270123478215532,-0.1092974215413988,35.808507099999936,-86.44685230718586,10208,0.2,35.8,-86.5,4.885386356733691
2024-05-11 21:04:00,164138736,-0.16499719574857094,-0.2183347185470692,-0.11165967295007267,35.808507099999936,-86.44685230718586,10208,0.2,35.8,-86.5,4.885386356733691
2024-05-11 21:05:00,164138736,0.5544215229909213,0.3722912345670819,0.7365518114147607,35.808507099999936,-86.44685230718586,10208,0.4,35.8,-86.5,4.885386356733691
2024-05-11 21:06:00,164138736,1.0029392101336583,0.6728818414413542,1.3329965788259623,35.808507099999936,-86.44685230718586,10208,0.1,35.8,-86.5,4.885386356733691
2024-05-11 21:07:00,164138736,1.059504310797747,0.7038155611100454,1.4151930604854488,35.808507099999936,-86.44685230718586,10208,-0.1,35.8,-86.5,4.885386356733691
2024-05-11 21:08:00,164138736,1.1805790155304303,0.7877575572916615,1.5734004737691991,35.808507099999936,-86.44685230718586,10208,0.2,35.8,-86.5,4.885386356733691
2024-05-11 21:09:00,164138736,1.4509531827925353,0.9715563670678715,1.930349998517199,35.808507099999936,-86.44685230718586,10208,0.4,35.8,-86.5,4.885386356733691
2024-05-11 21:10:00,164138736,0.5364344172936281,0.35192765615518734,0.7209411784320687,35.808507099999936,-86.44685230718586,10208,0.2,35.8,-86.5,4.885386356733691
2024-05-11 21:11:00,164138736,1.054068200445528,0.7065385459928712,1.4015978548981847,35.808507099999936,-86.44685230718586,10208,0.4,35.8,-86.5,4.885386356733691
2024-05-11 21:12:00,164138736,0.8673621910726295,0.5821890085741617,1.1525353735710973,35.808507099999936,-86.44685230718586,10208,0.4,35.8,-86.5,4.885386356733691
2024-05-11 21:13:00,164138736,0.1383409429574542,0.08104151411244365,0.19564037180246474,35.808507099999936,-86.44685230718586,10208,0.8,35.8,-86.5,4.885386356733691
2024-05-11 21:14:00,164138736,-0.6555587881430733,-0.8811259797581882,-0.4299915965279585,35.808507099999936,-86.44685230718586,10208,0.4,35.8,-86.5,4.885386356733691
2024-05-11 21:15:00,164138736,-1.0120458032111634,-1.3748984591849078,-0.649193147237419,35.808507099999936,-86.44685230718586,10208,0.3,35.8,-86.5,4.885386356733691
2024-05-11 21:16:00,164138736,-0.7984995941387861,-1.103193378120116,-0.49380581015745634,35.808507099999936,-86.44685230718586,10208,0.3,35.8,-86.5,4.885386356733691
2024-05-11 21:17:00,164138736,-1.3005349749915938,-1.7326713256185613,-0.8683986243646262,35.808507099999936,-86.44685230718586,10208,0.2,35.8,-86.5,4.885386356733691
2024-05-11 21:18:00,164138736,-0.44375095226336586,-0.5929204081618781,-0.29458149636485365,35.808507099999936,-86.44685230718586,10208,0.4,35.8,-86.5,4.885386356733691
2024-05-11 21:19:00,164138736,-0.42304464210659043,-0.568460228145352,-0.27762905606782884,35.808507099999936,-86.44685230718586,10208,0.3,35.8,-86.5,4.885386356733691
2024-05-11 21:20:00,164138736,-0.07022259936047306,-0.12167248911546194,-0.018772709605484196,35.808507099999936,-86.44685230718586,10208,0.0,35.8,-86.5,4.885386356733691
2024-05-11 21:21:00,164138736,-0.49376086893703763,-0.6589701465556705,-0.3285515913184047,35.808507099999936,-86.44685230718586,10208,0.2,35.8,-86.5,4.885386356733691
2024-05-11 21:22:00,164138736,-0.7381676351294553,-0.9835773059001365,-0.49275796435877406,35.808507099999936,-86.44685230718586,10208,0.0,35.8,-86.5,4.885386356733691
2024-05-11 21:23:00,164138736,-0.44743325618905516,-0.5926920677219628,-0.3021744446561475,35.808507099999936,-86.44685230718586,10208,0.0,35.8,-86.5,4.885386356733691
2024-05-11 21:24:00,164138736,-0.56580517479615,-0.7494254902724415,-0.38218485931985846,35.808507099999936,-86.44685230718586,10208,0.4,35.8,-86.5,4.885386356733691
2024-05-11 21:25:00,164138736,-0.8423117539509078,-1.1171213798217134,-0.5675021280801023,35.808507099999936,-86.44685230718586,10208,0.1,35.8,-86.5,4.885386356733691
2024-05-11 21:26:00,164138736,-0.4599121750483356,-0.6152235501050602,-0.3046007999916109,35.808507099999936,-86.44685230718586,10208,0.0,35.8,-86.5,4.885386356733691
2024-05-11 21:27:00,164138736,-0.2905510477195591,-0.4224347560339141,-0.15866733940520408,35.808507099999936,-86.44685230718586,10208,-0.1,35.8,-86.5,4.885386356733691
2024-05-11 21:28:00,164138736,0.108999368241752,0.02421829973350005,0.19378043675000395,35.808507099999936,-86.44685230718586,10208,-0.1,35.8,-86.5,4.885386356733691
2024-05-11 21:29:00,164138736,0.03851705985976773,0.020986059677559257,0.0560480600419762,35.808507099999936,-86.44685230718586,10208,-0.1,35.8,-86.5,4.885386356733691
2024-05-11 21:30:00,164138736,0.1468277644533877,0.09370750760681693,0.19994802129995845,35.808507099999936,-86.44685230718586,10208,-0.1,35.8,-86.5,4.885386356733691
2024-05-11 21:31:00,164138736,0.133377188071358,0.07943128254946345,0.18732309359325255,35.808507099999936,-86.44685230718586,10208,0.0,35.8,-86.5,4.885386356733691
2024-05-11 21:32:00,164138736,-0.021318394823529693,-0.04100539964556453,-0.0016313900014948597,35.808507099999936,-86.44685230718586,10208,-0.1,35.8,-86.5,4.885386356733691
2024-05-11 21:33:00,164138736,0.42525586331540016,0.2851270469542538,0.5653846796765465,35.808507099999936,-86.44685230718586,10208,0.2,35.8,-86.5,4.885386356733691
2024-05-11 21:34:00,164138736,0.40317550279505715,0.26814282048659144,0.5382081851035229,35.808507099999936,-86.44685230718586,10208,0.2,35.8,-86.5,4.885386356733691
2024-05-11 21:35:00,164138736,-0.5312522985667452,-0.7041827122441,-0.3583218848893903,35.808507099999936,-86.44685230718586,10208,-0.1,35.8,-86.5,4.885386356733691
2024-05-11 21:36:00,164138736,0.11313437806253235,0.05084381255920248,0.17542494356586222,35.808507099999936,-86.44685230718586,10208,0.1,35.8,-86.5,4.885386356733691
2024-05-11 21:37:00,164138736,0.2657849145721251,0.1717644006169831,0.35980542852726716,35.808507099999936,-86.44685230718586,10208,0.2,35.8,-86.5,4.885386356733691
2024-05-11 21:38:00,164138736,-0.019107860932032695,-0.027338618785988242,-0.010877103078077146,35.808507099999936,-86.44685230718586,10208,0.3,35.8,-86.5,4.885386356733691
2024-05-11 21:39:00,164138736,-0.21238288802433591,-0.28142644898906244,-0.14333932705960942,35.808507099999936,-86.44685230718586,10208,0.1,35.8,-86.5,4.885386356733691
2024-05-11 21:40:00,164138736,-0.5502187578808003,-0.732178287086503,-0.36825922867509764,35.808507099999936,-86.44685230718586,10208,0.0,35.8,-86.5,4.885386356733691
2024-05-11 21:41:00,164138736,-0.9273830226546739,-1.2306989020035286,-0.6240671433058191,35.808507099999936,-86.44685230718586,10208,0.0,35.8,-86.5,4.885386356733691
2024-05-11 21:42:00,164138736,-0.17015337350790183,-0.22739794981848133,-0.11290879719732234,35.808507099999936,-86.44685230718586,10208,0.2,35.8,-86.5,4.885386356733691
2024-05-11 21:43:00,164138736,-0.6384416899588097,-0.8478239022850804,-0.429059477632539,35.808507099999936,-86.44685230718586,10208,-0.1,35.8,-86.5,4.885386356733691
2024-05-11 21:44:00,164138736,-0.5642946880779254,-0.748755221252355,-0.3798341549034957,35.808507099999936,-86.44685230718586,10208,-0.1,35.8,-86.5,4.885386356733691
2024-05-11 21:45:00,164138736,-0.21225917587844653,-0.28140565131533346,-0.14311270044155963,35.808507099999936,-86.44685230718586,10208,0.0,35.8,-86.5,4.885386356733691
2024-05-11 21:46:00,164138736,-0.11094607037029254,-0.1481352875735946,-0.07375685316699049,35.808507099999936,-86.44685230718586,10208,0.0,35.8,-86.5,4.885386356733691
2024-05-11 21:47:00,164138736,0.0016260770799012174,-0.008389135688826328,0.011641289848628764,35.808507099999936,-86.44685230718586,10208,-0.1,35.8,-86.5,4.885386356733691
2024-05-11 21:48:00,164138736,-0.04827113302265467,-0.06618874091612748,-0.03035352512918186,35.808507099999936,-86.44685230718586,10208,0.1,35.8,-86.5,4.885386356733691
2024-05-11 21:49:00,164138736,0.015233699796018619,0.008623329443074777,0.02184407014896246,35.808507099999936,-86.44685230718586,10208,0.2,35.8,-86.5,4.885386356733691
2024-05-11 21:50:00,164138736,-0.2105927970799008,-0.28092223751618517,-0.14026335664361642,35.808507099999936,-86.44685230718586,10208,0.1,35.8,-86.5,4.885386356733691
2024-05-11 21:51:00,164138736,-0.17512447559841543,-0.23462955643819092,-0.11561939475863994,35.808507099999936,-86.44685230718586,10208,0.2,35.8,-86.5,4.885386356733691
2024-05-11 21:52:00,164138736,-0.24927110806678715,-0.33133099298497287,-0.16721122314860143,35.808507099999936,-86.44685230718586,10208,0.1,35.8,-86.5,4.885386356733691
2024-05-11 21:53:00,164138736,-0.3177012460858692,-0.42137955295242785,-0.21402293921931054,35.808507099999936,-86.44685230718586,10208,0.1,35.8,-86.5,4.885386356733691
2024-05-11 21:54:00,164138736,-0.09264777567696074,-0.12262760408691915,-0.06266794726700232,35.808507099999936,-86.44685230718586,10208,0.0,35.8,-86.5,4.885386356733691
2024-05-11 21:55:00,164138736,0.03541228365561428,0.02093280421013863,0.049891763101089934,35.808507099999936,-86.44685230718586,10208,0.0,35.8,-86.5,4.885386356733691
2024-05-11 21:56:00,164138736,0.07257790171065905,0.04673607113707196,0.09841973228424614,35.808507099999936,-86.44685230718586,10208,0.0,35.8,-86.5,4.885386356733691
2024-05-11 21:57:00,164138736,0.07038946094012694,0.04650564947875597,0.09427327240149791,35.808507099999936,-86.44685230718586,10208,0.1,35.8,-86.5,4.885386356733691
2024-05-11 21:58:00,164138736,0.14654643630211836,0.09721524453329045,0.19587762807094627,35.808507099999936,-86.44685230718586,10208,0.1,35.8,-86.5,4.885386356733691
2024-05-11 21:59:00,164138736,0.3585962784234196,0.239273033426971,0.4779195234198682,35.808507099999936,-86.44685230718586,10208,0.1,35.8,-86.5,4.885386356733691
2024-05-11 22:00:00,164138736,0.4627262774777236,0.31000052755371377,0.6154520274017334,35.808507099999936,-86.44685230718586,10208,0.2,35.8,-86.5,4.885386356733691
2024-05-11 22:01:00,164138736,0.11898481501134835,0.07920133604281585,0.15876829397988085,35.808507099999936,-86.44685230718586,10208,0.2,35.8,-86.5,4.885386356733691
2024-05-11 22:02:00,164138736,0.12828323579748444,0.0797999566598628,0.1767665149351061,35.808507099999936,-86.44685230718586,10208,0.1,35.8,-86.5,4.885386356733691
2024-05-11 22:03:00,164138736,0.08404880445438018,0.04358291018912578,0.12451469871963458,35.808507099999936,-86.44685230718586,10208,0.2,35.8,-86.5,4.885386356733691
2024-05-11 22:04:00,164138736,-0.0720840792729699,-0.09551738453253684,-0.04865077401340297,35.808507099999936,-86.44685230718586,10208,0.2,35.8,-86.5,4.885386356733691
2024-05-11 22:05:00,164138736,0.09171193064501723,0.061250967538571996,0.12217289375146247,35.808507099999936,-86.44685230718586,10208,0.2,35.8,-86.5,4.885386356733691
2024-05-11 22:06:00,164138736,0.2026750555596419,0.13578067011651584,0.269569441002768,35.808507099999936,-86.44685230718586,10208,0.3,35.8,-86.5,4.885386356733691
2024-05-11 22:07:00,164138736,0.6560781000441325,0.4345929130746825,0.8775632870135824,35.808507099999936,-86.44685230718586,10208,0.0,35.8,-86.5,4.885386356733691
2024-05-11 22:08:00,164138736,1.241310760970074,0.8261610923843699,1.656460429555778,35.808507099999936,-86.44685230718586,10208,0.2,35.8,-86.5,4.885386356733691
2024-05-11 22:09:00,164138736,0.6585436412449562,0.44214752980396754,0.8749397526859449,35.808507099999936,-86.44685230718586,10208,0.6,35.8,-86.5,4.885386356733691
2024-05-11 22:10:00,164138736,0.057925698255322164,0.035747739414493274,0.08010365709615105,35.808507099999936,-86.44685230718586,10208,0.5,35.8,-86.5,4.885386356733691
2024-05-11 22:11:00,164138736,-0.029519995026886663,-0.041105958798087164,-0.017934031255686163,35.808507099999936,-86.44685230718586,10208,0.2,35.8,-86.5,4.885386356733691
2024-05-11 22:12:00,164138736,0.3153340507050689,0.20612349265881524,0.4245446087513226,35.808507099999936,-86.44685230718586,10208,0.0,35.8,-86.5,4.885386356733691
2024-05-11 22:13:00,164138736,0.3932023500546402,0.2599916703868451,0.5264130297224353,35.808507099999936,-86.44685230718586,10208,0.2,35.8,-86.5,4.885386356733691
2024-05-11 22:14:00,164138736,0.29918432075382484,0.19693968582503155,0.40142895568261816,35.808507099999936,-86.44685230718586,10208,0.4,35.8,-86.5,4.885386356733691
2024-05-11 22:15:00,164138736,0.06381494436155011,0.04167135429754046,0.08595853442555976,35.808507099999936,-86.44685230718586,10208,0.3,35.8,-86.5,4.885386356733691
2024-05-11 22:16:00,164138736,-0.36181993619178715,-0.48146811848501037,-0.24217175389856394,35.808507099999936,-86.44685230718586,10208,0.4,35.8,-86.5,4.885386356733691
2024-05-11 22:17:00,164138736,-0.6149660994241762,-0.8198224086666794,-0.410109790181673,35.808507099999936,-86.44685230718586,10208,0.3,35.8,-86.5,4.885386356733691
2024-05-11 22:18:00,164138736,-0.32944314593665935,-0.44023305955881176,-0.21865323231450695,35.808507099999936,-86.44685230718586,10208,0.1,35.8,-86.5,4.885386356733691
2024-05-11 22:19:00,164138736,-0.23009162087046067,-0.30554655986402063,-0.15463668187690072,35.808507099999936,-86.44685230718586,10208,0.2,35.8,-86.5,4.885386356733691
2024-05-11 22:20:00,164138736,-0.0844326878684274,-0.1200348929308016,-0.0488304828060532,35.808507099999936,-86.44685230718586,10208,0.2,35.8,-86.5,4.885386356733691
2024-05-11 22:21:00,164138736,0.1124547100259541,0.06727296969195447,0.15763645035995372,35.808507099999936,-86.44685230718586,10208,0.1,35.8,-86.5,4.885386356733691
2024-05-11 22:22:00,164138736,0.18997268317606758,0.12771906208517178,0.25222630426696335,35.808507099999936,-86.44685230718586,10208,0.2,35.8,-86.5,4.885386356733691
2024-05-11 22:23:00,164138736,0.03981973921282626,0.023694065904762446,0.05594541252089008,35.808507099999936,-86.44685230718586,10208,0.3,35.8,-86.5,4.885386356733691
2024-05-11 22:24:00,164138736,-0.17029563837109113,-0.22590425248704618,-0.11468702425513608,35.808507099999936,-86.44685230718586,10208,0.2,35.8,-86.5,4.885386356733691
2024-05-11 22:25:00,164138736,0.09034592526505758,0.058395325835795125,0.12229652469432004,35.808507099999936,-86.44685230718586,10208,0.2,35.8,-86.5,4.885386356733691
2024-05-11 22:26:00,164138736,0.04147649019776212,0.02309301084783753,0.0598599695476867,35.808507099999936,-86.44685230718586,10208,0.2,35.8,-86.5,4.885386356733691
2024-05-11 22:27:00,164138736,0.029551610581090806,0.017717612108056023,0.04138560905412559,35.808507099999936,-86.44685230718586,10208,0.2,35.8,-86.5,4.885386356733691
2024-05-11 22:28:00,164138736,-0.15884097727177202,-0.21210367750866638,-0.10557827703487765,35.808507099999936,-86.44685230718586,10208,0.2,35.8,-86.5,4.885386356733691
2024-05-11 22:29:00,164138736,0.0675250773631893,0.044643910188109606,0.090406244538269,35.808507099999936,-86.44685230718586,10208,0.2,35.8,-86.5,4.885386356733691
2024-05-11 22:30:00,164138736,0.32619354720073973,0.21906006354935664,0.4333270308521228,35.808507099999936,-86.44685230718586,10208,0.2,35.8,-86.5,4.885386356733691
2024-05-11 22:31:00,164138736,0.16014303324121554,0.10513484473031147,0.2151512217521196,35.808507099999936,-86.44685230718586,10208,0.4,35.8,-86.5,4.885386356733691
2024-05-11 22:32:00,164138736,-0.15432778251355497,-0.20543832097385145,-0.10321724405325848,35.808507099999936,-86.44685230718586,10208,0.2,35.8,-86.5,4.885386356733691
2024-05-11 22:33:00,164138736,0.1905448210664299,0.12585694425046207,0.2552326978823977,35.808507099999936,-86.44685230718586,10208,0.3,35.8,-86.5,4.885386356733691
2024-05-11 22:34:00,164138736,-0.12173697927612223,-0.16158795452474536,-0.0818860040274991,35.808507099999936,-86.44685230718586,10208,0.2,35.8,-86.5,4.885386356733691
2024-05-11 22:35:00,164138736,0.29372563519250167,0.19709429264353684,0.3903569777414665,35.808507099999936,-86.44685230718586,10208,0.2,35.8,-86.5,4.885386356733691
2024-05-11 22:36:00,164138736,0.6899220326160054,0.4602062096940962,0.9196378555379146,35.808507099999936,-86.44685230718586,10208,0.2,35.8,-86.5,4.885386356733691
2024-05-11 22:37:00,164138736,0.24447440972805984,0.16396059362160698,0.3249882258345127,35.808507099999936,-86.44685230718586,10208,0.2,35.8,-86.5,4.885386356733691
2024-05-11 22:38:00,164138736,0.2561696815105918,0.17092044994910746,0.34141891307207606,35.808507099999936,-86.44685230718586,10208,0.2,35.8,-86.5,4.885386356733691
2024-05-11 22:39:00,164138736,0.06547278562647109,0.040106150112215314,0.09083942114072686,35.808507099999936,-86.44685230718586,10208,0.1,35.8,-86.5,4.885386356733691
2024-05-11 22:40:00,164138736,0.00879883505629467,-0.010957623942431086,0.028555294055020428,35.808507099999936,-86.44685230718586,10208,0.3,35.8,-86.5,4.885386356733691
2024-05-11 22:41:00,164138736,-0.002046413564329269,-0.007875620554853793,0.0037827934261952553,35.808507099999936,-86.44685230718586,10208,0.2,35.8,-86.5,4.885386356733691
2024-05-11 22:42:00,164138736,0.16380686654127438,0.1059059485077729,0.22170778457477586,35.808507099999936,-86.44685230718586,10208,0.1,35.8,-86.5,4.885386356733691
2024-05-11 22:43:00,164138736,0.21833379523579355,0.1451990729911407,0.2914685174804464,35.808507099999936,-86.44685230718586,10208,0.1,35.8,-86.5,4.885386356733691
2024-05-11 22:44:00,164138736,0.21241933672558003,0.14289351320121896,0.2819451602499411,35.808507099999936,-86.44685230718586,10208,0.2,35.8,-86.5,4.885386356733691
2024-05-11 22:45:00,164138736,-0.19429119754013954,-0.25900157954291075,-0.12958081553736833,35.808507099999936,-86.44685230718586,10208,0.3,35.8,-86.5,4.885386356733691
2024-05-11 22:46:00,164138736,-0.7957858077294889,-1.0578989779572732,-0.5336726375017047,35.808507099999936,-86.44685230718586,10208,0.1,35.8,-86.5,4.885386356733691
2024-05-11 22:47:00,164138736,-0.5615754836184432,-0.7491528204352369,-0.3739981468016496,35.808507099999936,-86.44685230718586,10208,0.1,35.8,-86.5,4.885386356733691
2024-05-11 22:48:00,164138736,-0.45057851641308005,-0.6003253762771905,-0.30083165654896954,35.808507099999936,-86.44685230718586,10208,-0.1,35.8,-86.5,4.885386356733691
2024-05-11 22:49:00,164138736,-0.31688812809978145,-0.42107487713852343,-0.21270137906103948,35.808507099999936,-86.44685230718586,10208,-0.2,35.8,-86.5,4.885386356733691
2024-05-11 22:50:00,164138736,0.0657298556894124,0.04425018958468146,0.08720952179414335,35.808507099999936,-86.44685230718586,10208,0.0,35.8,-86.5,4.885386356733691
2024-05-11 22:51:00,164138736,0.21478899485646435,0.14410023880598233,0.2854777509069464,35.808507099999936,-86.44685230718586,10208,-0.2,35.8,-86.5,4.885386356733691
2024-05-11 22:52:00,164138736,0.08506938059536819,0.056632402451762195,0.11350635873897418,35.808507099999936,-86.44685230718586,10208,0.1,35.8,-86.5,4.885386356733691
2024-05-11 22:53:00,164138736,-0.3001998767968225,-0.39856606239604525,-0.2018336911975997,35.808507099999936,-86.44685230718586,10208,0.0,35.8,-86.5,4.885386356733691
2024-05-11 22:54:00,164138736,-0.3168956805333726,-0.42127166286053047,-0.2125196982062147,35.808507099999936,-86.44685230718586,10208,0.0,35.8,-86.5,4.885386356733691
2024-05-11 22:55:00,164138736,-0.337777666862811,-0.44933526346918173,-0.22622007025644028,35.808507099999936,-86.44685230718586,10208,-0.1,35.8,-86.5,4.885386356733691
2024-05-11 22:56:00,164138736,-0.065278720919847,-0.08765944876598356,-0.04289799307371044,35.808507099999936,-86.44685230718586,10208,0.0,35.8,-86.5,4.885386356733691
2024-05-11 22:57:00,164138736,0.07055073002479825,0.04777968466775068,0.09332177538184583,35.808507099999936,-86.44685230718586,10208,0.1,35.8,-86.5,4.885386356733691
2024-05-11 22:58:00,164138736,-0.10407992313592804,-0.13955096232280684,-0.06860888394904924,35.808507099999936,-86.44685230718586,10208,0.1,35.8,-86.5,4.885386356733691
2024-05-11 22:59:00,164138736,-0.47328441545477473,-0.6304180205806663,-0.31615081032888315,35.808507099999936,-86.44685230718586,10208,0.0,35.8,-86.5,4.885386356733691
2024-05-11 23:00:00,164138736,-0.3263046172295309,-0.43409951421476506,-0.21850972024429677,35.808507099999936,-86.44685230718586,10208,-0.1,35.8,-86.5,4.885386356733691
2024-05-11 23:01:00,164138736,-0.4373630710953262,-0.5812049063107376,-0.29352123587991474,35.808507099999936,-86.44685230718586,10208,-0.1,35.8,-86.5,4.885386356733691
2024-05-11 23:02:00,164138736,-0.4137162373381809,-0.5508335225793081,-0.27659895209705376,35.808507099999936,-86.44685230718586,10208,-0.1,35.8,-86.5,4.885386356733691
2024-05-11 23:03:00,164138736,-0.419449355350538,-0.5590507399687331,-0.2798479707323429,35.808507099999936,-86.44685230718586,10208,-0.1,35.8,-86.5,4.885386356733691
2024-05-11 23:04:00,164138736,0.03565515442510219,0.02023753521241655,0.05107277363778783,35.808507099999936,-86.44685230718586,10208,-0.2,35.8,-86.5,4.885386356733691
2024-05-11 23:05:00,164138736,0.06585308169869665,0.03370935199460435,0.09799681140278896,35.808507099999936,-86.44685230718586,10208,0.0,35.8,-86.5,4.885386356733691
2024-05-11 23:06:00,164138736,0.14976652308286398,0.09957692745432925,0.1999561187113987,35.808507099999936,-86.44685230718586,10208,-0.1,35.8,-86.5,4.885386356733691
2024-05-11 23:07:00,164138736,0.13453970872562207,0.08641922119543018,0.18266019625581398,35.808507099999936,-86.44685230718586,10208,0.0,35.8,-86.5,4.885386356733691
2024-05-11 23:08:00,164138736,0.01779878468183198,0.002058844690405584,0.03353872467325838,35.808507099999936,-86.44685230718586,10208,0.0,35.8,-86.5,4.885386356733691
2024-05-11 23:09:00,164138736,0.07150985830649483,0.04376652866953101,0.09925318794345864,35.808507099999936,-86.44685230718586,10208,0.0,35.8,-86.5,4.885386356733691
2024-05-11 23:10:00,164138736,0.17497018430564895,0.11589535354160302,0.23404501506969488,35.808507099999936,-86.44685230718586,10208,0.0,35.8,-86.5,4.885386356733691
2024-05-11 23:11:00,164138736,0.20789608573785306,0.13962999700781098,0.27616217446789515,35.808507099999936,-86.44685230718586,10208,0.0,35.8,-86.5,4.885386356733691
2024-05-11 23:12:00,164138736,0.32598454181027237,0.21944664570008376,0.43252243792046097,35.808507099999936,-86.44685230718586,10208,0.0,35.8,-86.5,4.885386356733691
2024-05-11 23:13:00,164138736,0.19744064443930734,0.13278208554811585,0.26209920333049885,35.808507099999936,-86.44685230718586,10208,0.0,35.8,-86.5,4.885386356733691
2024-05-11 23:14:00,164138736,0.3660726951286147,0.24580174408241773,0.48634364617481163,35.808507099999936,-86.44685230718586,10208,0.0,35.8,-86.5,4.885386356733691
2024-05-11 23:15:00,164138736,0.13649541961321032,0.0912241299429023,0.18176670928351835,35.808507099999936,-86.44685230718586,10208,0.1,35.8,-86.5,4.885386356733691
2024-05-11 23:16:00,164138736,0.08427249623691788,0.05558600198558836,0.1129589904882474,35.808507099999936,-86.44685230718586,10208,0.0,35.8,-86.5,4.885386356733691
2024-05-11 23:17:00,164138736,-0.005717364508751341,-0.012845793853710784,0.001411064836208102,35.808507099999936,-86.44685230718586,10208,0.1,35.8,-86.5,4.885386356733691
2024-05-11 23:18:00,164138736,0.09480705338191409,0.06452929348373394,0.12508481328009424,35.808507099999936,-86.44685230718586,10208,0.0,35.8,-86.5,4.885386356733691
2024-05-11 23:19:00,164138736,0.1715170392752816,0.11585522454543537,0.22717885400512786,35.808507099999936,-86.44685230718586,10208,0.0,35.8,-86.5,4.885386356733691
2024-05-11 23:20:00,164138736,0.47034175747099866,0.3171189265292089,0.6235645884127884,35.808507099999936,-86.44685230718586,10208,0.1,35.8,-86.5,4.885386356733691
2024-05-11 23:21:00,164138736,0.3107595745155935,0.2090620166910969,0.41245713234009007,35.808507099999936,-86.44685230718586,10208,0.0,35.8,-86.5,4.885386356733691
2024-05-11 23:22:00,164138736,0.3896886624180397,0.2609018242665007,0.5184755005695787,35.808507099999936,-86.44685230718586,10208,-0.1,35.8,-86.5,4.885386356733691
2024-05-11 23:23:00,164138736,0.33792518559284634,0.22435256627823552,0.45149780490745717,35.808507099999936,-86.44685230718586,10208,-0.1,35.8,-86.5,4.885386356733691
2024-05-11 23:24:00,164138736,0.41868639537449565,0.2804849476641288,0.5568878430848625,35.808507099999936,-86.44685230718586,10208,0.1,35.8,-86.5,4.885386356733691
2024-05-11 23:25:00,164138736,0.2883201450329943,0.19449964493017774,0.38214064513581086,35.808507099999936,-86.44685230718586,10208,0.2,35.8,-86.5,4.885386356733691
2024-05-11 23:26:00,164138736,0.47121340681741763,0.3177613671481504,0.6246654464866849,35.808507099999936,-86.44685230718586,10208,0.2,35.8,-86.5,4.885386356733691
2024-05-11 23:27:00,164138736,0.47254870991299597,0.3186071379816846,0.6264902818443073,35.808507099999936,-86.44685230718586,10208,0.1,35.8,-86.5,4.885386356733691
2024-05-11 23:28:00,164138736,0.5849770274672159,0.3916030947867874,0.7783509601476444,35.808507099999936,-86.44685230718586,10208,-0.1,35.8,-86.5,4.885386356733691
2024-05-11 23:29:00,164138736,0.8933179351252521,0.6005684909206475,1.1860673793298568,35.808507099999936,-86.44685230718586,10208,0.2,35.8,-86.5,4.885386356733691
2024-05-11 23:30:00,164138736,0.639422521225622,0.43105186909406146,0.8477931733571826,35.808507099999936,-86.44685230718586,10208,0.2,35.8,-86.5,4.885386356733691
2024-05-11 23:31:00,164138736,0.158898154119557,0.10621969096487235,0.21157661727424162,35.808507099999936,-86.44685230718586,10208,0.3,35.8,-86.5,4.885386356733691
2024-05-11 23:32:00,164138736,-0.05778795965742407,-0.08524335415374884,-0.0303325651610993,35.808507099999936,-86.44685230718586,10208,0.2,35.8,-86.5,4.885386356733691
2024-05-11 23:33:00,164138736,-0.02564828317279213,-0.040481404949968734,-0.010815161395615523,35.808507099999936,-86.44685230718586,10208,0.0,35.8,-86.5,4.885386356733691
2024-05-11 23:34:00,164138736,0.15938856975296317,0.10720508964470693,0.2115720498612194,35.808507099999936,-86.44685230718586,10208,0.0,35.8,-86.5,4.885386356733691
2024-05-11 23:35:00,164138736,-0.03727066717295335,-0.05483082420995229,-0.01971051013595441,35.808507099999936,-86.44685230718586,10208,-0.1,35.8,-86.5,4.885386356733691
2024-05-11 23:36:00,164138736,0.24473907327042704,0.16176899170862855,0.3277091548322255,35.808507099999936,-86.44685230718586,10208,-0.1,35.8,-86.5,4.885386356733691
2024-05-11 23:37:00,164138736,0.3197353134719654,0.2136399728907562,0.42583065405317455,35.808507099999936,-86.44685230718586,10208,0.0,35.8,-86.5,4.885386356733691
2024-05-11 23:38:00,164138736,0.463029852471419,0.3118871543903732,0.6141725505524648,35.808507099999936,-86.44685230718586,10208,0.1,35.8,-86.5,4.885386356733691
2024-05-11 23:39:00,164138736,0.22915470864681406,0.15464182950315306,0.3036675877904751,35.808507099999936,-86.44685230718586,10208,0.0,35.8,-86.5,4.885386356733691
2024-05-11 23:40:00,164138736,0.27262093416379457,0.1833129868186388,0.3619288815089503,35.808507099999936,-86.44685230718586,10208,0.0,35.8,-86.5,4.885386356733691
2024-05-11 23:41:00,164138736,0.3486153269744032,0.2351427580342456,0.46208789591456073,35.808507099999936,-86.44685230718586,10208,0.0,35.8,-86.5,4.885386356733691
2024-05-11 23:42:00,164138736,0.6081533117749663,0.40847108138592525,0.8078355421640074,35.808507099999936,-86.44685230718586,10208,0.0,35.8,-86.5,4.885386356733691
2024-05-11 23:43:00,164138736,0.5173998218939139,0.3459997557630098,0.688799888024818,35.808507099999936,-86.44685230718586,10208,-0.2,35.8,-86.5,4.885386356733691
2024-05-11 23:44:00,164138736,0.8127134383406187,0.5473240736698245,1.0781028030114128,35.808507099999936,-86.44685230718586,10208,0.0,35.8,-86.5,4.885386356733691
2024-05-11 23:45:00,164138736,0.44959916279631806,0.30210023005632886,0.5970980955363072,35.808507099999936,-86.44685230718586,10208,0.1,35.8,-86.5,4.885386356733691
2024-05-11 23:46:00,164138736,0.3864662360247142,0.26082044129798565,0.5121120307514427,35.808507099999936,-86.44685230718586,10208,0.2,35.8,-86.5,4.885386356733691
2024-05-11 23:47:00,164138736,0.02133678957048325,0.012526744837261633,0.030146834303704864,35.808507099999936,-86.44685230718586,10208,0.0,35.8,-86.5,4.885386356733691
2024-05-11 23:48:00,164138736,0.39485091496091124,0.26516777530105107,0.5245340546207714,35.808507099999936,-86.44685230718586,10208,-0.1,35.8,-86.5,4.885386356733691
2024-05-11 23:49:00,164138736,0.2751785001260928,0.18490862928335328,0.3654483709688323,35.808507099999936,-86.44685230718586,10208,0.1,35.8,-86.5,4.885386356733691
2024-05-11 23:50:00,164138736,0.6275791560713685,0.4211381724430281,0.8340201396997089,35.808507099999936,-86.44685230718586,10208,0.0,35.8,-86.5,4.885386356733691
2024-05-11 23:51:00,164138736,0.44649691860709484,0.2967801135545882,0.5962137236596015,35.808507099999936,-86.44685230718586,10208,0.0,35.8,-86.5,4.885386356733691
2024-05-11 23:52:00,164138736,0.6703457963811366,0.451682210291232,0.8890093824710411,35.808507099999936,-86.44685230718586,10208,0.2,35.8,-86.5,4.885386356733691
2024-05-11 23:53:00,164138736,-0.09686074067701328,-0.12969797155670904,-0.06402350979731752,35.808507099999936,-86.44685230718586,10208,0.1,35.8,-86.5,4.885386356733691
2024-05-11 23:54:00,164138736,0.380780731180649,0.25547450050855847,0.5060869618527395,35.808507099999936,-86.44685230718586,10208,-0.1,35.8,-86.5,4.885386356733691
2024-05-11 23:55:00,164138736,-0.15004386978816409,-0.19993663026569258,-0.1001511093106356,35.808507099999936,-86.44685230718586,10208,-0.1,35.8,-86.5,4.885386356733691
2024-05-11 23:56:00,164138736,0.6647750556909886,0.44863514431480006,0.8809149670671772,35.808507099999936,-86.44685230718586,10208,-0.1,35.8,-86.5,4.885386356733691
2024-05-11 23:57:00,164138736,-0.24790887890362306,-0.32940678203645635,-0.16641097577078978,35.808507099999936,-86.44685230718586,10208,0.0,35.8,-86.5,4.885386356733691
2024-05-11 23:58:00,164138736,1.0623308911608944,0.716430118429606,1.4082316638921828,35.808507099999936,-86.44685230718586,10208,0.1,35.8,-86.5,4.885386356733691
2024-05-11 23:59:00,164138736,-1.654094601126429,-2.193438918842433,-1.1147502834104253,35.808507099999936,-86.44685230718586,10208,-0.1,35.8,-86.5,4.885386356733691
2024-05-12 00:00:00,164138736,-5.457330720410222,-7.246450361152971,-3.668211079667473,35.808507099999936,-86.44685230718586,10208,-0.1,35.8,-86.5,4.885386356733691
2024-05-12 00:01:00,164138736,-0.6826125903665098,-0.9136507647740088,-0.4515744159590108,35.808507099999936,-86.44685230718586,10208,0.0,35.8,-86.5,4.885386356733691
2024-05-12 00:02:00,164138736,-1.7798524714189643,-2.364932286264936,-1.1947726565729928,35.808507099999936,-86.44685230718586,10208,0.1,35.8,-86.5,4.885386356733691
2024-05-12 00:03:00,164138736,-0.5497375365143746,-0.732443047122108,-0.3670320259066413,35.808507099999936,-86.44685230718586,10208,0.1,35.8,-86.5,4.885386356733691
2024-05-12 00:04:00,164138736,-1.09834384982347,-1.4584075557885727,-0.7382801438583676,35.808507099999936,-86.44685230718586,10208,-0.1,35.8,-86.5,4.885386356733691
2024-05-12 00:05:00,164138736,-0.31701019841228145,-0.4224958550733363,-0.2115245417512266,35.808507099999936,-86.44685230718586,10208,-0.2,35.8,-86.5,4.885386356733691
2024-05-12 00:06:00,164138736,-0.6116129830930565,-0.8120790373088231,-0.4111469288772898,35.808507099999936,-86.44685230718586,10208,0.0,35.8,-86.5,4.885386356733691
2024-05-12 00:07:00,164138736,-0.35463724347995124,-0.4716079626204723,-0.2376665243394302,35.808507099999936,-86.44685230718586,10208,0.0,35.8,-86.5,4.885386356733691
2024-05-12 00:08:00,164138736,-0.4783276350769166,-0.6353851193536195,-0.3212701508002137,35.808507099999936,-86.44685230718586,10208,-0.2,35.8,-86.5,4.885386356733691
2024-05-12 00:09:00,164138736,-0.08882464349229784,-0.11976777074178639,-0.05788151624280928,35.808507099999936,-86.44685230718586,10208,0.2,35.8,-86.5,4.885386356733691
2024-05-12 00:10:00,164138736,-0.497674014637273,-0.6610291909554827,-0.3343188383190633,35.808507099999936,-86.44685230718586,10208,0.0,35.8,-86.5,4.885386356733691
2024-05-12 00:11:00,164138736,0.012736650144965679,-0.006418108860946221,0.03189140915087758,35.808507099999936,-86.44685230718586,10208,-0.2,35.8,-86.5,4.885386356733691
2024-05-12 00:12:00,164138736,-0.012563383651405031,-0.030902523400036214,0.005775756097226151,35.808507099999936,-86.44685230718586,10208,0.0,35.8,-86.5,4.885386356733691
2024-05-12 00:13:00,164138736,0.11426027525008406,0.07632295716298734,0.15219759333718078,35.808507099999936,-86.44685230718586,10208,0.1,35.8,-86.5,4.885386356733691
2024-05-12 00:14:00,164138736,-0.3886318963569687,-0.5160741739245052,-0.26118961878943225,35.808507099999936,-86.44685230718586,10208,0.0,35.8,-86.5,4.885386356733691
2024-05-12 00:15:00,164138736,-0.1776063119956288,-0.2370877738785979,-0.11812485011265969,35.808507099999936,-86.44685230718586,10208,-0.2,35.8,-86.5,4.885386356733691
2024-05-12 00:16:00,164138736,-0.022805214569563824,-0.03284074807138214,-0.012769681067745507,35.808507099999936,-86.44685230718586,10208,0.2,35.8,-86.5,4.885386356733691
2024-05-12 00:17:00,164138736,0.2009020396824563,0.13196009203572248,0.2698439873291901,35.808507099999936,-86.44685230718586,10208,0.2,35.8,-86.5,4.885386356733691
2024-05-12 00:18:00,164138736,-0.12674157476777909,-0.17123722708130723,-0.08224592245425094,35.808507099999936,-86.44685230718586,10208,0.1,35.8,-86.5,4.885386356733691
2024-05-12 00:19:00,164138736,0.11817871586300017,0.0750914087414567,0.16126602298454365,35.808507099999936,-86.44685230718586,10208,-0.1,35.8,-86.5,4.885386356733691
2024-05-12 00:20:00,164138736,0.06083903925163921,0.040801354096145215,0.0808767244071332,35.808507099999936,-86.44685230718586,10208,-0.1,35.8,-86.5,4.885386356733691
2024-05-12 00:21:00,164138736,0.13571312704900806,0.09143506171186083,0.1799911923861553,35.808507099999936,-86.44685230718586,10208,0.1,35.8,-86.5,4.885386356733691
2024-05-12 00:22:00,164138736,-0.21548513221355917,-0.28628331618021385,-0.14468694824690448,35.808507099999936,-86.44685230718586,10208,0.0,35.8,-86.5,4.885386356733691
2024-05-12 00:23:00,164138736,-0.22072143144229153,-0.2934358796193695,-0.14800698326521355,35.808507099999936,-86.44685230718586,10208,-0.1,35.8,-86.5,4.885386356733691
2024-05-12 00:24:00,164138736,-0.07072070082643325,-0.09483999877395045,-0.04660140287891605,35.808507099999936,-86.44685230718586,10208,-0.2,35.8,-86.5,4.885386356733691
2024-05-12 00:25:00,164138736,0.1299578442858944,0.08715138339057701,0.1727643051812118,35.808507099999936,-86.44685230718586,10208,0.0,35.8,-86.5,4.885386356733691
2024-05-12 00:26:00,164138736,0.04096261430444057,0.0260468739609254,0.05587835464795574,35.808507099999936,-86.44685230718586,10208,0.0,35.8,-86.5,4.885386356733691
2024-05-12 00:27:00,164138736,0.012000051054604997,0.00534284487944671,0.018657257229763285,35.808507099999936,-86.44685230718586,10208,-0.1,35.8,-86.5,4.885386356733691
2024-05-12 00:28:00,164138736,-0.0833528232638597,-0.11272211052851178,-0.053983535999207626,35.808507099999936,-86.44685230718586,10208,-0.1,35.8,-86.5,4.885386356733691
2024-05-12 00:29:00,164138736,0.12709653914656188,0.08324751642095726,0.1709455618721665,35.808507099999936,-86.44685230718586,10208,0.0,35.8,-86.5,4.885386356733691
2024-05-12 00:30:00,164138736,-0.06034228203676656,-0.08074228566219903,-0.03994227841133409,35.808507099999936,-86.44685230718586,10208,-0.2,35.8,-86.5,4.885386356733691
2024-05-12 00:31:00,164138736,0.1535246797111424,0.10212913384857178,0.204920225573713,35.808507099999936,-86.44685230718586,10208,-0.1,35.8,-86.5,4.885386356733691
2024-05-12 00:32:00,164138736,0.015853643898364276,0.006788136382786308,0.024919151413942242,35.808507099999936,-86.44685230718586,10208,0.0,35.8,-86.5,4.885386356733691
2024-05-12 00:33:00,164138736,0.0759586771623192,0.038023666437509304,0.1138936878871291,35.808507099999936,-86.44685230718586,10208,-0.1,35.8,-86.5,4.885386356733691
2024-05-12 00:34:00,164138736,-0.14657393701139038,-0.19686805484913383,-0.09627981917364693,35.808507099999936,-86.44685230718586,10208,-0.1,35.8,-86.5,4.885386356733691
2024-05-12 00:35:00,164138736,-0.016321771964180287,-0.029376068811674236,-0.0032674751166863365,35.808507099999936,-86.44685230718586,10208,-0.2,35.8,-86.5,4.885386356733691
2024-05-12 00:36:00,164138736,0.24469129591879624,0.16396085352836515,0.3254217383092273,35.808507099999936,-86.44685230718586,10208,-0.1,35.8,-86.5,4.885386356733691
2024-05-12 00:37:00,164138736,0.27647127973688634,0.1845609842197521,0.3683815752540206,35.808507099999936,-86.44685230718586,10208,0.1,35.8,-86.5,4.885386356733691
2024-05-12 00:38:00,164138736,-0.12239736571116341,-0.16238162454287305,-0.08241310687945377,35.808507099999936,-86.44685230718586,10208,0.0,35.8,-86.5,4.885386356733691
2024-05-12 00:39:00,164138736,-0.06873529327741468,-0.09437262558220136,-0.043097960972628,35.808507099999936,-86.44685230718586,10208,-0.3,35.8,-86.5,4.885386356733691
2024-05-12 00:40:00,164138736,-0.03304994186460371,-0.05382159143941098,-0.01227829228979643,35.808507099999936,-86.44685230718586,10208,-0.2,35.8,-86.5,4.885386356733691
2024-05-12 00:41:00,164138736,-0.012562549066126708,-0.029758322567633572,0.004633224435380157,35.808507099999936,-86.44685230718586,10208,-0.2,35.8,-86.5,4.885386356733691
2024-05-12 00:42:00,164138736,-0.18399353643031272,-0.24503189433706768,-0.12295517852355774,35.808507099999936,-86.44685230718586,10208,-0.2,35.8,-86.5,4.885386356733691
2024-05-12 00:43:00,164138736,-0.14997015146898118,-0.19884381494986791,-0.10109648798809445,35.808507099999936,-86.44685230718586,10208,-0.2,35.8,-86.5,4.885386356733691
2024-05-12 00:44:00,164138736,0.03416003680662092,0.019537070600334328,0.048783003012907514,35.808507099999936,-86.44685230718586,10208,-0.1,35.8,-86.5,4.885386356733691
2024-05-12 00:45:00,164138736,0.08617677669358398,0.05736725724328322,0.11498629614388474,35.808507099999936,-86.44685230718586,10208,-0.2,35.8,-86.5,4.885386356733691
2024-05-12 00:46:00,164138736,-0.1376520912360247,-0.1852256096332954,-0.090078572838754,35.808507099999936,-86.44685230718586,10208,-0.3,35.8,-86.5,4.885386356733691
2024-05-12 00:47:00,164138736,-0.08470532456419175,-0.11285789683297588,-0.05655275229540761,35.808507099999936,-86.44685230718586,10208,-0.3,35.8,-86.5,4.885386356733691
2024-05-12 00:48:00,164138736,-0.07291685821389543,-0.0966316231199022,-0.04920209330788867,35.808507099999936,-86.44685230718586,10208,-0.2,35.8,-86.5,4.885386356733691
2024-05-12 00:49:00,164138736,0.013678656541507518,0.005980310618040303,0.021377002464974735,35.808507099999936,-86.44685230718586,10208,-0.1,35.8,-86.5,4.885386356733691
2024-05-12 00:50:00,164138736,0.008427435227825726,0.004894197658687028,0.011960672796964424,35.808507099999936,-86.44685230718586,10208,-0.2,35.8,-86.5,4.885386356733691
2024-05-12 00:51:00,164138736,0.22617650497015804,0.15173701147118246,0.3006159984691336,35.808507099999936,-86.44685230718586,10208,-0.1,35.8,-86.5,4.885386356733691
2024-05-12 00:52:00,164138736,0.19333688188256556,0.12869681497876284,0.2579769487863683,35.808507099999936,-86.44685230718586,10208,-0.2,35.8,-86.5,4.885386356733691
2024-05-12 00:53:00,164138736,0.22463736825928884,0.14789702638435923,0.30137771013421844,35.808507099999936,-86.44685230718586,10208,-0.1,35.8,-86.5,4.885386356733691
2024-05-12 00:54:00,164138736,0.10154041734091292,0.06599385412283679,0.13708698055898905,35.808507099999936,-86.44685230718586,10208,0.1,35.8,-86.5,4.885386356733691
2024-05-12 00:55:00,164138736,-0.06069050463719423,-0.08519781051919535,-0.0361831987551931,35.808507099999936,-86.44685230718586,10208,-0.2,35.8,-86.5,4.885386356733691
2024-05-12 00:56:00,164138736,-0.11955194530987306,-0.15830838913523043,-0.08079550148451568,35.808507099999936,-86.44685230718586,10208,-0.2,35.8,-86.5,4.885386356733691
2024-05-12 00:57:00,164138736,-0.03874329680472953,-0.051197432060599665,-0.026289161548859397,35.808507099999936,-86.44685230718586,10208,-0.2,35.8,-86.5,4.885386356733691
2024-05-12 00:58:00,164138736,0.08808910213385802,0.05860351176314022,0.11757469250457583,35.808507099999936,-86.44685230718586,10208,-0.2,35.8,-86.5,4.885386356733691
2024-05-12 00:59:00,164138736,0.3490173298797915,0.23441823707880355,0.46361642268077946,35.808507099999936,-86.44685230718586,10208,0.0,35.8,-86.5,4.885386356733691
2024-05-12 01:00:00,164138736,0.2833127994704102,0.18978650286068383,0.3768390960801366,35.808507099999936,-86.44685230718586,10208,-0.1,35.8,-86.5,4.885386356733691
2024-05-12 01:01:00,164138736,-0.021318318944852786,-0.02868008950372605,-0.013956548385979522,35.808507099999936,-86.44685230718586,10208,-0.3,35.8,-86.5,4.885386356733691
2024-05-12 01:02:00,164138736,0.2100638804535138,0.140511646627765,0.2796161142792626,35.808507099999936,-86.44685230718586,10208,-0.1,35.8,-86.5,4.885386356733691
2024-05-12 01:03:00,164138736,0.2813804436627858,0.18825337982391685,0.37450750750165474,35.808507099999936,-86.44685230718586,10208,-0.1,35.8,-86.5,4.885386356733691
2024-05-12 01:04:00,164138736,0.31383530309557833,0.2068172442437828,0.4208533619473739,35.808507099999936,-86.44685230718586,10208,-0.2,35.8,-86.5,4.885386356733691
2024-05-12 01:05:00,164138736,0.3517653485152572,0.2360778630048052,0.4674528340257092,35.808507099999936,-86.44685230718586,10208,-0.2,35.8,-86.5,4.885386356733691
2024-05-12 01:06:00,164138736,0.16152935630936868,0.09686108849593804,0.2261976241227993,35.808507099999936,-86.44685230718586,10208,-0.2,35.8,-86.5,4.885386356733691
2024-05-12 01:07:00,164138736,0.4249223248623487,0.28091819779953825,0.5689264519251591,35.808507099999936,-86.44685230718586,10208,0.0,35.8,-86.5,4.885386356733691
2024-05-12 01:08:00,164138736,0.1870592498266224,0.11979373582348278,0.254324763829762,35.808507099999936,-86.44685230718586,10208,-0.2,35.8,-86.5,4.885386356733691
2024-05-12 01:09:00,164138736,0.33584219157174683,0.22407736772076192,0.44760701542273174,35.808507099999936,-86.44685230718586,10208,-0.1,35.8,-86.5,4.885386356733691
2024-05-12 01:10:00,164138736,0.01809192822135048,-0.018158210119804494,0.05434206656250545,35.808507099999936,-86.44685230718586,10208,-0.2,35.8,-86.5,4.885386356733691
2024-05-12 01:11:00,164138736,0.22441100048072882,0.14751036420355762,0.3013116367579,35.808507099999936,-86.44685230718586,10208,-0.2,35.8,-86.5,4.885386356733691
2024-05-12 01:12:00,164138736,0.27621088496133156,0.16245218926006066,0.38996958066260246,35.808507099999936,-86.44685230718586,10208,-0.2,35.8,-86.5,4.885386356733691
2024-05-12 01:13:00,164138736,0.1845532374327505,0.11564639614084236,0.25346007872465864,35.808507099999936,-86.44685230718586,10208,-0.2,35.8,-86.5,4.885386356733691
2024-05-12 01:14:00,164138736,-0.05750996359419165,-0.08693924116132165,-0.028080686027061652,35.808507099999936,-86.44685230718586,10208,-0.1,35.8,-86.5,4.885386356733691
2024-05-12 01:15:00,164138736,0.04102746063057977,0.008519729415669287,0.07353519184549026,35.808507099999936,-86.44685230718586,10208,-0.2,35.8,-86.5,4.885386356733691
2024-05-12 01:16:00,164138736,0.1326018117303085,0.07370708140286025,0.19149654205775674,35.808507099999936,-86.44685230718586,10208,-0.1,35.8,-86.5,4.885386356733691
2024-05-12 01:17:00,164138736,0.135779580255443,0.08992961445598258,0.18162954605490345,35.808507099999936,-86.44685230718586,10208,-0.1,35.8,-86.5,4.885386356733691
2024-05-12 01:18:00,164138736,0.1823227657274504,0.11885810709600586,0.24578742435889495,35.808507099999936,-86.44685230718586,10208,-0.1,35.8,-86.5,4.885386356733691
2024-05-12 01:19:00,164138736,0.0837785711846419,0.052345531453855336,0.11521161091542845,35.808507099999936,-86.44685230718586,10208,-0.1,35.8,-86.5,4.885386356733691
2024-05-12 01:20:00,164138736,0.0010505366341411948,-0.004739941725482153,0.006841014993764542,35.808507099999936,-86.44685230718586,10208,-0.2,35.8,-86.5,4.885386356733691
2024-05-12 01:21:00,164138736,0.040292091472243496,0.01735080061212875,0.06323338233235824,35.808507099999936,-86.44685230718586,10208,-0.2,35.8,-86.5,4.885386356733691
2024-05-12 01:22:00,164138736,-0.05875552975257612,-0.0916173356704156,-0.025893723834736634,35.808507099999936,-86.44685230718586,10208,-0.2,35.8,-86.5,4.885386356733691
2024-05-12 01:23:00,164138736,0.04188504247915528,0.024316990966640032,0.059453093991670536,35.808507099999936,-86.44685230718586,10208,-0.2,35.8,-86.5,4.885386356733691
2024-05-12 01:24:00,164138736,-0.0040550173812050425,-0.010535553158836718,0.0024255183964266317,35.808507099999936,-86.44685230718586,10208,-0.2,35.8,-86.5,4.885386356733691
2024-05-12 01:25:00,164138736,-0.11483573785305985,-0.15923290860167505,-0.07043856710444467,35.808507099999936,-86.44685230718586,10208,-0.2,35.8,-86.5,4.885386356733691
2024-05-12 01:26:00,164138736,-0.12763337761905263,-0.17261837531401703,-0.08264837992408824,35.808507099999936,-86.44685230718586,10208,-0.2,35.8,-86.5,4.885386356733691
2024-05-12 01:27:00,164138736,-0.20938251959692333,-0.2787128715274303,-0.14005216766641634,35.808507099999936,-86.44685230718586,10208,-0.3,35.8,-86.5,4.885386356733691
2024-05-12 01:28:00,164138736,0.2726277477723605,0.182588822840077,0.362666672704644,35.808507099999936,-86.44685230718586,10208,-0.2,35.8,-86.5,4.885386356733691
2024-05-12 01:29:00,164138736,0.38739863320654,0.257364499636733,0.517432766776347,35.808507099999936,-86.44685230718586,10208,-0.2,35.8,-86.5,4.885386356733691
2024-05-12 01:30:00,164138736,0.5250061076202085,0.3474853320629436,0.7025268831774734,35.808507099999936,-86.44685230718586,10208,-0.2,35.8,-86.5,4.885386356733691
2024-05-12 01:31:00,164138736,0.4536184530251765,0.28457684770772307,0.6226600583426299,35.808507099999936,-86.44685230718586,10208,-0.3,35.8,-86.5,4.885386356733691
2024-05-12 01:32:00,164138736,0.14479203471098478,0.08905790809175536,0.20052616133021423,35.808507099999936,-86.44685230718586,10208,0.1,35.8,-86.5,4.885386356733691
2024-05-12 01:33:00,164138736,-0.1442180702809768,-0.1988692049046891,-0.08956693565726451,35.808507099999936,-86.44685230718586,10208,0.1,35.8,-86.5,4.885386356733691
2024-05-12 01:34:00,164138736,0.015412765216250186,-0.025748402133472112,0.056573932565972485,35.808507099999936,-86.44685230718586,10208,-0.4,35.8,-86.5,4.885386356733691
2024-05-12 01:35:00,164138736,0.03845074935174261,0.011152112314239512,0.0657493863892457,35.808507099999936,-86.44685230718586,10208,-0.2,35.8,-86.5,4.885386356733691
2024-05-12 01:36:00,164138736,-0.17788004666747226,-0.26205470136296527,-0.09370539197197927,35.808507099999936,-86.44685230718586,10208,0.1,35.8,-86.5,4.885386356733691
2024-05-12 01:37:00,164138736,-0.1725937125661987,-0.24981724434589145,-0.09537018078650597,35.808507099999936,-86.44685230718586,10208,-0.2,35.8,-86.5,4.885386356733691
2024-05-12 01:38:00,164138736,0.09413044101532947,0.026583402380236154,0.16167747965042278,35.808507099999936,-86.44685230718586,10208,-0.2,35.8,-86.5,4.885386356733691
2024-05-12 01:39:00,164138736,-0.21781644327334293,-0.31603447692397235,-0.11959840962271351,35.808507099999936,-86.44685230718586,10208,0.0,35.8,-86.5,4.885386356733691
2024-05-12 01:40:00,164138736,-0.37598427911693005,-0.5311668018810332,-0.22080175635282692,35.808507099999936,-86.44685230718586,10208,-0.2,35.8,-86.5,4.885386356733691
2024-05-12 01:41:00,164138736,-0.29093694013481425,-0.41464062597361756,-0.16723325429601094,35.808507099999936,-86.44685230718586,10208,-0.3,35.8,-86.5,4.885386356733691
2024-05-12 01:42:00,164138736,-0.405428262388618,-0.5514989954431065,-0.2593575293341295,35.808507099999936,-86.44685230718586,10208,-0.2,35.8,-86.5,4.885386356733691
2024-05-12 01:43:00,164138736,-0.4844781892285222,-0.668041918451382,-0.30091446000566235,35.808507099999936,-86.44685230718586,10208,-0.4,35.8,-86.5,4.885386356733691
2024-05-12 01:44:00,164138736,-0.6204325836940988,-0.8278003305926543,-0.4130648367955433,35.808507099999936,-86.44685230718586,10208,-0.4,35.8,-86.5,4.885386356733691
2024-05-12 01:45:00,164138736,-0.5491973733292703,-0.7467567322386327,-0.35163801441990794,35.808507099999936,-86.44685230718586,10208,-0.5,35.8,-86.5,4.885386356733691
2024-05-12 01:46:00,164138736,-0.5618191316934263,-0.7587416966915305,-0.3648965666953222,35.808507099999936,-86.44685230718586,10208,-0.2,35.8,-86.5,4.885386356733691
2024-05-12 01:47:00,164138736,-0.27617636541431995,-0.38691226533700307,-0.16544046549163685,35.808507099999936,-86.44685230718586,10208,-0.5,35.8,-86.5,4.885386356733691
2024-05-12 01:48:00,164138736,-0.3700928062741678,-0.49861376231262206,-0.24157185023571354,35.808507099999936,-86.44685230718586,10208,-0.2,35.8,-86.5,4.885386356733691
2024-05-12 01:49:00,164138736,-0.7786066482431069,-1.036515616073541,-0.5206976804126728,35.808507099999936,-86.44685230718586,10208,-0.2,35.8,-86.5,4.885386356733691
2024-05-12 01:50:00,164138736,-0.3461547112737475,-0.4757645273636625,-0.21654489518383244,35.808507099999936,-86.44685230718586,10208,-0.5,35.8,-86.5,4.885386356733691
2024-05-12 01:51:00,164138736,-0.24947165801529925,-0.33995740887650466,-0.15898590715409383,35.808507099999936,-86.44685230718586,10208,-0.2,35.8,-86.5,4.885386356733691
2024-05-12 01:52:00,164138736,-0.4226348404926026,-0.5620458807949336,-0.28322380019027155,35.808507099999936,-86.44685230718586,10208,-0.2,35.8,-86.5,4.885386356733691
2024-05-12 01:53:00,164138736,-0.27971234093918124,-0.36992705554822397,-0.1894976263301385,35.808507099999936,-86.44685230718586,10208,-0.2,35.8,-86.5,4.885386356733691
2024-05-12 01:54:00,164138736,-0.17070617881010425,-0.22593788604878368,-0.11547447157142482,35.808507099999936,-86.44685230718586,10208,-0.2,35.8,-86.5,4.885386356733691
2024-05-12 01:55:00,164138736,0.022307334526641784,0.0061667772098052895,0.03844789184347828,35.808507099999936,-86.44685230718586,10208,-0.3,35.8,-86.5,4.885386356733691
2024-05-12 01:56:00,164138736,0.2731324473562542,0.18069626920099185,0.36556862551151653,35.808507099999936,-86.44685230718586,10208,-0.2,35.8,-86.5,4.885386356733691
2024-05-12 01:57:00,164138736,0.8512847017905179,0.5662407677964796,1.1363286357845561,35.808507099999936,-86.44685230718586,10208,0.1,35.8,-86.5,4.885386356733691
2024-05-12 01:58:00,164138736,0.5545774971629119,0.3620768995397289,0.747078094786095,35.808507099999936,-86.44685230718586,10208,0.4,35.8,-86.5,4.885386356733691
2024-05-12 01:59:00,164138736,0.41528254639164425,0.2764319694953149,0.5541331232879736,35.808507099999936,-86.44685230718586,10208,-0.1,35.8,-86.5,4.885386356733691
2024-05-12 02:00:00,164138736,0.5907112947629455,0.3915602998195202,0.7898622897063707,35.808507099999936,-86.44685230718586,10208,-0.9,35.8,-86.5,4.885386356733691
2024-05-12 02:01:00,164138736,-0.14345781419929757,-0.2103653477813905,-0.07655028061720465,35.808507099999936,-86.44685230718586,10208,0.1,35.8,-86.5,4.885386356733691
2024-05-12 02:02:00,164138736,-0.39548958814937796,-0.524870617690943,-0.26610855860781296,35.808507099999936,-86.44685230718586,10208,0.1,35.8,-86.5,4.885386356733691
2024-05-12 02:03:00,164138736,0.17866168249831876,0.11448553354129493,0.2428378314553426,35.808507099999936,-86.44685230718586,10208,-0.1,35.8,-86.5,4.885386356733691
2024-05-12 02:04:00,164138736,-0.026511704753370356,-0.03783105692062548,-0.015192352586115232,35.808507099999936,-86.44685230718586,10208,-0.2,35.8,-86.5,4.885386356733691
2024-05-12 02:05:00,164138736,-0.05149330416219541,-0.07595303498363117,-0.02703357334075965,35.808507099999936,-86.44685230718586,10208,0.3,35.8,-86.5,4.885386356733691
2024-05-12 02:06:00,164138736,-0.22126892130889586,-0.3153995291612242,-0.1271383134565675,35.808507099999936,-86.44685230718586,10208,-0.4,35.8,-86.5,4.885386356733691
2024-05-12 02:07:00,164138736,0.0777392717680838,0.04816638005761431,0.1073121634785533,35.808507099999936,-86.44685230718586,10208,-0.3,35.8,-86.5,4.885386356733691
2024-05-12 02:08:00,164138736,-0.1627986577026942,-0.21612806775844798,-0.10946924764694041,35.808507099999936,-86.44685230718586,10208,0.1,35.8,-86.5,4.885386356733691
2024-05-12 02:09:00,164138736,-0.17144418291862812,-0.22695222775687296,-0.11593613808038328,35.808507099999936,-86.44685230718586,10208,-0.2,35.8,-86.5,4.885386356733691
2024-05-12 02:10:00,164138736,0.1632978160988988,0.10894368023446961,0.21765195196332798,35.808507099999936,-86.44685230718586,10208,-0.2,35.8,-86.5,4.885386356733691
2024-05-12 02:11:00,164138736,-0.07022090621979027,-0.09374708457182247,-0.046694727867758065,35.808507099999936,-86.44685230718586,10208,-0.2,35.8,-86.5,4.885386356733691
2024-05-12 02:12:00,164138736,0.011654107580268311,-0.002821857705399786,0.02613007286593641,35.808507099999936,-86.44685230718586,10208,-0.5,35.8,-86.5,4.885386356733691
2024-05-12 02:13:00,164138736,-0.14290936488630632,-0.19600396636557257,-0.08981476340704006,35.808507099999936,-86.44685230718586,10208,-0.1,35.8,-86.5,4.885386356733691
2024-05-12 02:14:00,164138736,-0.026667702895487085,-0.15588433735713234,0.10254893156615816,35.808507099999936,-86.44685230718586,10208,-0.6,35.8,-86.5,4.885386356733691
2024-05-12 02:15:00,164138736,1.2822932209356086,0.8478547434603563,1.716731698410861,35.808507099999936,-86.44685230718586,10208,-0.5,35.8,-86.5,4.885386356733691
2024-05-12 02:16:00,164138736,0.4190119709356086,0.27620052700313513,0.5618234148680821,35.808507099999936,-86.44685230718586,10208,-0.7,35.8,-86.5,4.885386356733691
2024-05-12 02:17:00,164138736,-0.012533555996041211,-0.07834203052983697,0.053274918537754554,35.808507099999936,-86.44685230718586,10208,-0.7,35.8,-86.5,4.885386356733691
2024-05-12 02:18:00,164138736,-0.2804950850075656,-0.3846621273627858,-0.17632804265234533,35.808507099999936,-86.44685230718586,10208,-0.6,35.8,-86.5,4.885386356733691
2024-05-12 02:19:00,164138736,-0.34673977860205113,-0.463796191025998,-0.22968336617810423,35.808507099999936,-86.44685230718586,10208,-0.5,35.8,-86.5,4.885386356733691
2024-05-12 02:20:00,164138736,-0.07654829608889017,-0.10630994354522894,-0.04678664863255141,35.808507099999936,-86.44685230718586,10208,-0.7,35.8,-86.5,4.885386356733691
2024-05-12 02:21:00,164138736,0.633836347301614,0.4249480952811311,0.8427245993220969,35.808507099999936,-86.44685230718586,10208,-1.0,35.8,-86.5,4.885386356733691
2024-05-12 02:22:00,164138736,0.6716847115101715,0.44405114530978484,0.8993182777105582,35.808507099999936,-86.44685230718586,10208,-0.4,35.8,-86.5,4.885386356733691
2024-05-12 02:23:00,164138736,0.21552636275454984,0.12691413761900258,0.30413858789009707,35.808507099999936,-86.44685230718586,10208,0.0,35.8,-86.5,4.885386356733691
2024-05-12 02:24:00,164138736,-0.1345089243495713,-0.18568106189245626,-0.08333678680668631,35.808507099999936,-86.44685230718586,10208,-0.1,35.8,-86.5,4.885386356733691
2024-05-12 02:25:00,164138736,-0.001785029279520308,-0.06700442675688136,0.06343436819784075,35.808507099999936,-86.44685230718586,10208,-0.1,35.8,-86.5,4.885386356733691
2024-05-12 02:26:00,164138736,0.09181536711055958,0.033032468432585234,0.15059826578853394,35.808507099999936,-86.44685230718586,10208,-0.2,35.8,-86.5,4.885386356733691
2024-05-12 02:27:00,164138736,0.15542670264689812,0.10189585981593266,0.20895754547786358,35.808507099999936,-86.44685230718586,10208,-0.1,35.8,-86.5,4.885386356733691
2024-05-12 02:28:00,164138736,0.10347402504649672,0.0665346433292909,0.14041340676370254,35.808507099999936,-86.44685230718586,10208,-0.1,35.8,-86.5,4.885386356733691
2024-05-12 02:29:00,164138736,0.23846570998129624,0.1540788369201353,0.3228525830424572,35.808507099999936,-86.44685230718586,10208,-0.1,35.8,-86.5,4.885386356733691
2024-05-12 02:30:00,164138736,-0.02136547479680824,-0.0430651905057004,0.0003342409120839218,35.808507099999936,-86.44685230718586,10208,-0.1,35.8,-86.5,4.885386356733691
2024-05-12 02:31:00,164138736,-0.015876198263880224,-0.03346778358264181,0.0017153870548813656,35.808507099999936,-86.44685230718586,10208,0.0,35.8,-86.5,4.885386356733691
2024-05-12 02:32:00,164138736,-0.004443671812366622,-0.017344885579552133,0.008457541954818891,35.808507099999936,-86.44685230718586,10208,-0.1,35.8,-86.5,4.885386356733691
2024-05-12 02:33:00,164138736,0.12215441541537071,0.07402318882175679,0.17028564200898463,35.808507099999936,-86.44685230718586,10208,0.0,35.8,-86.5,4.885386356733691
2024-05-12 02:34:00,164138736,0.22310553770700237,0.13667397863300562,0.3095370967809991,35.808507099999936,-86.44685230718586,10208,-0.2,35.8,-86.5,4.885386356733691
2024-05-12 02:35:00,164138736,0.22992386654390132,0.14487218499328042,0.3149755480945222,35.808507099999936,-86.44685230718586,10208,0.0,35.8,-86.5,4.885386356733691
2024-05-12 02:36:00,164138736,-0.12028760980581708,-0.16735367771002146,-0.0732215419016127,35.808507099999936,-86.44685230718586,10208,0.0,35.8,-86.5,4.885386356733691
2024-05-12 02:37:00,164138736,-0.07617922220441745,-0.10731874356465701,-0.045039700844177875,35.808507099999936,-86.44685230718586,10208,-0.1,35.8,-86.5,4.885386356733691
2024-05-12 02:38:00,164138736,0.17675846923335575,0.11343074040507248,0.24008619806163903,35.808507099999936,-86.44685230718586,10208,-0.1,35.8,-86.5,4.885386356733691
2024-05-12 02:39:00,164138736,0.14153724367697126,0.09445614251340398,0.18861834484053855,35.808507099999936,-86.44685230718586,10208,-0.2,35.8,-86.5,4.885386356733691
2024-05-12 02:40:00,164138736,-0.024020178973795027,-0.034982203924249174,-0.013058154023340878,35.808507099999936,-86.44685230718586,10208,-0.1,35.8,-86.5,4.885386356733691
2024-05-12 02:41:00,164138736,0.025347022779371085,0.01478715432079584,0.03590689123794633,35.808507099999936,-86.44685230718586,10208,0.0,35.8,-86.5,4.885386356733691
2024-05-12 02:42:00,164138736,0.25537708644187124,0.16901023268240317,0.3417439402013393,35.808507099999936,-86.44685230718586,10208,-0.1,35.8,-86.5,4.885386356733691
2024-05-12 02:43:00,164138736,0.32515180391518156,0.21663296355591083,0.4336706442744523,35.808507099999936,-86.44685230718586,10208,-0.1,35.8,-86.5,4.885386356733691
2024-05-12 02:44:00,164138736,0.16491898291048462,0.09970096960791687,0.2301369962130524,35.808507099999936,-86.44685230718586,10208,0.0,35.8,-86.5,4.885386356733691
2024-05-12 02:45:00,164138736,-0.16144147717720242,-0.21439376446581196,-0.10848918988859288,35.808507099999936,-86.44685230718586,10208,0.2,35.8,-86.5,4.885386356733691
2024-05-12 02:46:00,164138736,-0.22484768711646771,-0.3035299890440809,-0.14616538518885452,35.808507099999936,-86.44685230718586,10208,-0.1,35.8,-86.5,4.885386356733691
2024-05-12 02:47:00,164138736,-0.19013169473982852,-0.25472226957754507,-0.12554111990211195,35.808507099999936,-86.44685230718586,10208,-0.2,35.8,-86.5,4.885386356733691
2024-05-12 02:48:00,164138736,-0.23923540147423503,-0.32184450341265536,-0.1566262995358147,35.808507099999936,-86.44685230718586,10208,-0.1,35.8,-86.5,4.885386356733691
2024-05-12 02:49:00,164138736,-0.22093133984112306,-0.29379030671320744,-0.1480723729690387,35.808507099999936,-86.44685230718586,10208,0.0,35.8,-86.5,4.885386356733691
2024-05-12 02:50:00,164138736,-0.002520411104344648,-0.012445270639872854,0.007404448431183559,35.808507099999936,-86.44685230718586,10208,-0.1,35.8,-86.5,4.885386356733691
2024-05-12 02:51:00,164138736,0.43810337377059516,0.2938602701378665,0.5823464774033238,35.808507099999936,-86.44685230718586,10208,0.2,35.8,-86.5,4.885386356733691
2024-05-12 02:52:00,164138736,0.8427882140005044,0.5563041642746609,1.129272263726348,35.808507099999936,-86.44685230718586,10208,-0.2,35.8,-86.5,4.885386356733691
2024-05-12 02:53:00,164138736,0.08640653075350958,0.04814952843833277,0.1246635330686864,35.808507099999936,-86.44685230718586,10208,0.2,35.8,-86.5,4.885386356733691
2024-05-12 02:54:00,164138736,0.10920949485691586,0.03773197280630855,0.18068701690752317,35.808507099999936,-86.44685230718586,10208,0.0,35.8,-86.5,4.885386356733691
2024-05-12 02:55:00,164138736,0.33052552459860457,0.22090276062447295,0.4401482885727362,35.808507099999936,-86.44685230718586,10208,-0.2,35.8,-86.5,4.885386356733691
2024-05-12 02:56:00,164138736,-0.04601218448682527,-0.0741264521871155,-0.017897916786535052,35.808507099999936,-86.44685230718586,10208,0.1,35.8,-86.5,4.885386356733691
2024-05-12 02:57:00,164138736,-0.37906632875546403,-0.5085601309807852,-0.2495725265301429,35.808507099999936,-86.44685230718586,10208,-0.1,35.8,-86.5,4.885386356733691
2024-05-12 02:58:00,164138736,-1.4402832359616677,-1.9311632924754045,-0.949403179447931,35.808507099999936,-86.44685230718586,10208,-0.3,35.8,-86.5,4.885386356733691
2024-05-12 02:59:00,164138736,-1.625189139206456,-2.1786901242365784,-1.0716881541763335,35.808507099999936,-86.44685230718586,10208,-0.5,35.8,-86.5,4.885386356733691
2024-05-12 03:00:00,164138736,-1.4666770211625757,-1.9719807141293613,-0.9613733281957902,35.808507099999936,-86.44685230718586,10208,-0.5,35.8,-86.5,4.885386356733691
2024-05-12 03:01:00,164138736,-0.8870464599445191,-1.198909175067887,-0.5751837448211512,35.808507099999936,-86.44685230718586,10208,-0.6,35.8,-86.5,4.885386356733691
2024-05-12 03:02:00,164138736,-0.6191051613987895,-0.8245889530323537,-0.41362136976522523,35.808507099999936,-86.44685230718586,10208,-0.9,35.8,-86.5,4.885386356733691
2024-05-12 03:03:00,164138736,-0.5724435997394082,-0.7588093192156968,-0.3860778802631195,35.808507099999936,-86.44685230718586,10208,-0.4,35.8,-86.5,4.885386356733691
2024-05-12 03:04:00,164138736,-0.5437097094086247,-0.7358776881451126,-0.3515417306721369,35.808507099999936,-86.44685230718586,10208,-0.6,35.8,-86.5,4.885386356733691
2024-05-12 03:05:00,164138736,0.3510294787901395,0.2267524265747659,0.4753065310055131,35.808507099999936,-86.44685230718586,10208,-0.5,35.8,-86.5,4.885386356733691
2024-05-12 03:06:00,164138736,-0.3222764611003699,-0.43212695578907373,-0.21242596641166606,35.808507099999936,-86.44685230718586,10208,-0.4,35.8,-86.5,4.885386356733691
2024-05-12 03:07:00,164138736,-0.3046444018735289,-0.40427041406585457,-0.20501838968120328,35.808507099999936,-86.44685230718586,10208,-0.4,35.8,-86.5,4.885386356733691
2024-05-12 03:08:00,164138736,-0.5313238825025218,-0.7049118793102025,-0.35773588569484116,35.808507099999936,-86.44685230718586,10208,-0.6,35.8,-86.5,4.885386356733691
2024-05-12 03:09:00,164138736,-0.14787209362653414,-0.20247759382195418,-0.09326659343111411,35.808507099999936,-86.44685230718586,10208,-0.4,35.8,-86.5,4.885386356733691
2024-05-12 03:10:00,164138736,-0.3277853046717384,-0.43975372468021845,-0.2158168846632583,35.808507099999936,-86.44685230718586,10208,-0.5,35.8,-86.5,4.885386356733691
2024-05-12 03:11:00,164138736,0.061906068374746666,0.01569476542363929,0.10811737132585404,35.808507099999936,-86.44685230718586,10208,-0.4,35.8,-86.5,4.885386356733691
2024-05-12 03:12:00,164138736,-0.2843137431962424,-0.3798436183027986,-0.18878386808968622,35.808507099999936,-86.44685230718586,10208,-0.3,35.8,-86.5,4.885386356733691
2024-05-12 03:13:00,164138736,-0.10132426997520175,-0.13569764258231679,-0.06695089736808671,35.808507099999936,-86.44685230718586,10208,-0.3,35.8,-86.5,4.885386356733691
2024-05-12 03:14:00,164138736,-0.3255919794468729,-0.43366579940524547,-0.21751815948850034,35.808507099999936,-86.44685230718586,10208,-0.3,35.8,-86.5,4.885386356733691
2024-05-12 03:15:00,164138736,-0.08739641262688089,-0.1165112794824636,-0.05828154577129817,35.808507099999936,-86.44685230718586,10208,-0.4,35.8,-86.5,4.885386356733691
2024-05-12 03:16:00,164138736,-0.2745489391129371,-0.3651387795768749,-0.1839590986489993,35.808507099999936,-86.44685230718586,10208,-0.5,35.8,-86.5,4.885386356733691
2024-05-12 03:17:00,164138736,-0.10703600310766224,-0.1428768928655905,-0.071195113349734,35.808507099999936,-86.44685230718586,10208,-0.5,35.8,-86.5,4.885386356733691
2024-05-12 03:18:00,164138736,-0.23178024651143242,-0.3085949456993081,-0.15496554732355672,35.808507099999936,-86.44685230718586,10208,-0.4,35.8,-86.5,4.885386356733691
2024-05-12 03:19:00,164138736,-0.04864036082900765,-0.06476722604966142,-0.03251349560835387,35.808507099999936,-86.44685230718586,10208,-0.4,35.8,-86.5,4.885386356733691
2024-05-12 03:20:00,164138736,-0.20808428089011013,-0.2768368373921127,-0.1393317243881076,35.808507099999936,-86.44685230718586,10208,-0.3,35.8,-86.5,4.885386356733691
2024-05-12 03:21:00,164138736,0.02332704505747248,0.0016064353444310842,0.045047654770513874,35.808507099999936,-86.44685230718586,10208,-0.3,35.8,-86.5,4.885386356733691
2024-05-12 03:22:00,164138736,-0.16406241790833054,-0.21786942123139383,-0.11025541458526725,35.808507099999936,-86.44685230718586,10208,-0.4,35.8,-86.5,4.885386356733691
2024-05-12 03:23:00,164138736,-0.10979255927675269,-0.1461048492740182,-0.07348026927948717,35.808507099999936,-86.44685230718586,10208,-0.4,35.8,-86.5,4.885386356733691
2024-05-12 03:24:00,164138736,-0.08045894825466543,-0.10728069622814114,-0.05363720028118972,35.808507099999936,-86.44685230718586,10208,-0.3,35.8,-86.5,4.885386356733691
2024-05-12 03:25:00,164138736,-0.019025063707111822,-0.03476550762108503,-0.0032846197931386163,35.808507099999936,-86.44685230718586,10208,-0.4,35.8,-86.5,4.885386356733691
2024-05-12 03:26:00,164138736,-0.11909666491099949,-0.1603166421416437,-0.07787668768035527,35.808507099999936,-86.44685230718586,10208,-0.2,35.8,-86.5,4.885386356733691
2024-05-12 03:27:00,164138736,0.05386756840534634,0.03624187657378476,0.07149326023690791,35.808507099999936,-86.44685230718586,10208,-0.2,35.8,-86.5,4.885386356733691
2024-05-12 03:28:00,164138736,-0.04112480692039341,-0.05528428154356086,-0.026965332297225954,35.808507099999936,-86.44685230718586,10208,-0.3,35.8,-86.5,4.885386356733691
2024-05-12 03:29:00,164138736,0.08151932634919301,0.05366364242713126,0.10937501027125476,35.808507099999936,-86.44685230718586,10208,-0.2,35.8,-86.5,4.885386356733691
2024-05-12 03:30:00,164138736,0.030301225530115165,0.0197282956829304,0.04087415537729993,35.808507099999936,-86.44685230718586,10208,-0.2,35.8,-86.5,4.885386356733691
2024-05-12 03:31:00,164138736,0.1575610039614156,0.10517430900988259,0.2099476989129486,35.808507099999936,-86.44685230718586,10208,-0.1,35.8,-86.5,4.885386356733691
2024-05-12 03:32:00,164138736,-0.0852512957349109,-0.11336605404601424,-0.05713653742380756,35.808507099999936,-86.44685230718586,10208,-0.1,35.8,-86.5,4.885386356733691
2024-05-12 03:33:00,164138736,0.16021018422684097,0.10796956492839492,0.212450803525287,35.808507099999936,-86.44685230718586,10208,0.0,35.8,-86.5,4.885386356733691
2024-05-12 03:34:00,164138736,-0.05013893399370061,-0.06744022463867021,-0.032837643348731016,35.808507099999936,-86.44685230718586,10208,0.1,35.8,-86.5,4.885386356733691
2024-05-12 03:35:00,164138736,-0.004279402573796512,-0.007463431696679309,-0.0010953734509137145,35.808507099999936,-86.44685230718586,10208,0.0,35.8,-86.5,4.885386356733691
2024-05-12 03:36:00,164138736,-0.13814488752784548,-0.18422816496139025,-0.09206161009430072,35.808507099999936,-86.44685230718586,10208,-0.1,35.8,-86.5,4.885386356733691
2024-05-12 03:37:00,164138736,0.07125056150701917,0.04807160195766083,0.0944295210563775,35.808507099999936,-86.44685230718586,10208,-0.1,35.8,-86.5,4.885386356733691
2024-05-12 03:38:00,164138736,0.04668898027698386,0.030738748425363952,0.06263921212860377,35.808507099999936,-86.44685230718586,10208,0.2,35.8,-86.5,4.885386356733691
2024-05-12 03:39:00,164138736,0.23760571765194183,0.15573929422300573,0.31947214108087796,35.808507099999936,-86.44685230718586,10208,0.3,35.8,-86.5,4.885386356733691
2024-05-12 03:40:00,164138736,0.17411269577221336,0.11566960841203729,0.23255578313238945,35.808507099999936,-86.44685230718586,10208,-0.1,35.8,-86.5,4.885386356733691
2024-05-12 03:41:00,164138736,0.3636346546370629,0.23660572220086,0.4906635870732658,35.808507099999936,-86.44685230718586,10208,-0.5,35.8,-86.5,4.885386356733691
2024-05-12 03:42:00,164138736,0.4340789938582297,0.26735750688584903,0.6008004808306103,35.808507099999936,-86.44685230718586,10208,-0.2,35.8,-86.5,4.885386356733691
2024-05-12 03:43:00,164138736,0.19787470414162323,0.12125584750827098,0.27449356077497544,35.808507099999936,-86.44685230718586,10208,0.2,35.8,-86.5,4.885386356733691
2024-05-12 03:44:00,164138736,0.06271101968273991,0.027193548558938997,0.09822849080654084,35.808507099999936,-86.44685230718586,10208,0.2,35.8,-86.5,4.885386356733691
2024-05-12 03:45:00,164138736,0.13200081220471627,0.0627861538382112,0.20121547057122133,35.808507099999936,-86.44685230718586,10208,-0.2,35.8,-86.5,4.885386356733691
2024-05-12 03:46:00,164138736,-0.09615554758263019,-0.14946879667325125,-0.04284229849200913,35.808507099999936,-86.44685230718586,10208,0.0,35.8,-86.5,4.885386356733691
2024-05-12 03:47:00,164138736,0.13684804437941325,0.08009656405851528,0.19359952470031122,35.808507099999936,-86.44685230718586,10208,-0.1,35.8,-86.5,4.885386356733691
2024-05-12 03:48:00,164138736,0.14762713208483944,0.09689801664766906,0.1983562475220098,35.808507099999936,-86.44685230718586,10208,-0.1,35.8,-86.5,4.885386356733691
2024-05-12 03:49:00,164138736,0.2336790268262441,0.1581839035650347,0.3091741500874535,35.808507099999936,-86.44685230718586,10208,0.0,35.8,-86.5,4.885386356733691
2024-05-12 03:50:00,164138736,0.11572938776689644,0.07452798616285067,0.1569307893709422,35.808507099999936,-86.44685230718586,10208,-0.1,35.8,-86.5,4.885386356733691
2024-05-12 03:51:00,164138736,0.4652748954480498,0.3114012782219677,0.6191485126741318,35.808507099999936,-86.44685230718586,10208,-0.2,35.8,-86.5,4.885386356733691
2024-05-12 03:52:00,164138736,0.26314098817354575,0.1756803634389465,0.350601612908145,35.808507099999936,-86.44685230718586,10208,-0.1,35.8,-86.5,4.885386356733691
2024-05-12 03:53:00,164138736,0.42692856317249495,0.28735517152085394,0.5665019548241359,35.808507099999936,-86.44685230718586,10208,-0.1,35.8,-86.5,4.885386356733691
2024-05-12 03:54:00,164138736,0.25959873263597005,0.17126794236327744,0.34792952290866264,35.808507099999936,-86.44685230718586,10208,-0.2,35.8,-86.5,4.885386356733691
2024-05-12 03:55:00,164138736,0.221743965277194,0.14300185170042168,0.30048607885396633,35.808507099999936,-86.44685230718586,10208,-0.3,35.8,-86.5,4.885386356733691
2024-05-12 03:56:00,164138736,0.5141555591165098,0.3435263506784758,0.6847847675545438,35.808507099999936,-86.44685230718586,10208,0.0,35.8,-86.5,4.885386356733691
2024-05-12 03:57:00,164138736,0.5275911742917787,0.35500070060096023,0.7001816479825972,35.808507099999936,-86.44685230718586,10208,-0.1,35.8,-86.5,4.885386356733691
2024-05-12 03:58:00,164138736,0.40747021057498317,0.2683549129903338,0.5465855081596325,35.808507099999936,-86.44685230718586,10208,-0.6,35.8,-86.5,4.885386356733691
2024-05-12 03:59:00,164138736,0.5653554766308003,0.37980456855127065,0.75090638471033,35.808507099999936,-86.44685230718586,10208,-0.4,35.8,-86.5,4.885386356733691
2024-05-12 04:00:00,164138736,0.8064271866593813,0.5399085191165851,1.0729458542021775,35.808507099999936,-86.44685230718586,10208,-0.3,35.8,-86.5,4.885386356733691
2024-05-12 04:01:00,164138736,0.9217837140635508,0.6196762660567888,1.2238911620703128,35.808507099999936,-86.44685230718586,10208,0.1,35.8,-86.5,4.885386356733691
2024-05-12 04:02:00,164138736,0.7476160579186281,0.4918085269863792,1.003423588850877,35.808507099999936,-86.44685230718586,10208,-0.2,35.8,-86.5,4.885386356733691
2024-05-12 04:03:00,164138736,0.619398064475454,0.4069127727830962,0.8318833561678118,35.808507099999936,-86.44685230718586,10208,0.1,35.8,-86.5,4.885386356733691
2024-05-12 04:04:00,164138736,0.5332860375861634,0.356456060604978,0.7101160145673489,35.808507099999936,-86.44685230718586,10208,-0.2,35.8,-86.5,4.885386356733691
2024-05-12 04:05:00,164138736,0.47235004807288167,0.316070105485611,0.6286299906601523,35.808507099999936,-86.44685230718586,10208,-0.3,35.8,-86.5,4.885386356733691
2024-05-12 04:06:00,164138736,0.14966669961279003,0.0995467130380771,0.19978668618750295,35.808507099999936,-86.44685230718586,10208,0.0,35.8,-86.5,4.885386356733691
2024-05-12 04:07:00,164138736,-0.14302823362369704,-0.19767590707705313,-0.08838056017034097,35.808507099999936,-86.44685230718586,10208,-0.2,35.8,-86.5,4.885386356733691
2024-05-12 04:08:00,164138736,-0.21833083993569266,-0.29141243857736654,-0.14524924129401878,35.808507099999936,-86.44685230718586,10208,-0.5,35.8,-86.5,4.885386356733691
2024-05-12 04:09:00,164138736,-0.13292927539981927,-0.18347765276251662,-0.08238089803712192,35.808507099999936,-86.44685230718586,10208,-0.4,35.8,-86.5,4.885386356733691
2024-05-12 04:10:00,164138736,-0.39978741541274376,-0.5351566415118343,-0.2644181893136533,35.808507099999936,-86.44685230718586,10208,-0.4,35.8,-86.5,4.885386356733691
2024-05-12 04:11:00,164138736,-0.30359346432099027,-0.41814513773023654,-0.18904179091174403,35.808507099999936,-86.44685230718586,10208,-0.6,35.8,-86.5,4.885386356733691
2024-05-12 04:12:00,164138736,-0.4729197642589946,-0.6371472537856785,-0.30869227473231076,35.808507099999936,-86.44685230718586,10208,-0.3,35.8,-86.5,4.885386356733691
2024-05-12 04:13:00,164138736,-0.5371095391833389,-0.717416164419669,-0.35680291394700875,35.808507099999936,-86.44685230718586,10208,-0.4,35.8,-86.5,4.885386356733691
2024-05-12 04:14:00,164138736,-0.4280026505758238,-0.5781200205362809,-0.27788528061536677,35.808507099999936,-86.44685230718586,10208,-0.4,35.8,-86.5,4.885386356733691
2024-05-12 04:15:00,164138736,-0.5007591837592468,-0.6728713793505994,-0.32864698816789417,35.808507099999936,-86.44685230718586,10208,-0.4,35.8,-86.5,4.885386356733691
2024-05-12 04:16:00,164138736,-0.5671598515257229,-0.7558399985200952,-0.3784797045313506,35.808507099999936,-86.44685230718586,10208,-0.7,35.8,-86.5,4.885386356733691
2024-05-12 04:17:00,164138736,-0.5081104927601715,-0.6838384775599136,-0.33238250796042945,35.808507099999936,-86.44685230718586,10208,-0.4,35.8,-86.5,4.885386356733691
2024-05-12 04:18:00,164138736,-0.6144646835070612,-0.8168637078929176,-0.41206565912120474,35.808507099999936,-86.44685230718586,10208,-0.7,35.8,-86.5,4.885386356733691
2024-05-12 04:19:00,164138736,-0.178452243561222,-0.2616372692238007,-0.09526721789864331,35.808507099999936,-86.44685230718586,10208,-0.2,35.8,-86.5,4.885386356733691
2024-05-12 04:20:00,164138736,-0.6179243548251513,-0.8248163144304659,-0.41103239521983664,35.808507099999936,-86.44685230718586,10208,-0.2,35.8,-86.5,4.885386356733691
2024-05-12 04:21:00,164138736,-0.4048853080867518,-0.5385307935717022,-0.27123982260180146,35.808507099999936,-86.44685230718586,10208,-0.6,35.8,-86.5,4.885386356733691
2024-05-12 04:22:00,164138736,-0.6203519696746805,-0.8237688172358218,-0.4169351221135392,35.808507099999936,-86.44685230718586,10208,-0.4,35.8,-86.5,4.885386356733691
2024-05-12 04:23:00,164138736,-0.44878858965198387,-0.6000352777905819,-0.2975419015133859,35.808507099999936,-86.44685230718586,10208,-0.2,35.8,-86.5,4.885386356733691
2024-05-12 04:24:00,164138736,-0.4700646159948722,-0.6251341551732771,-0.3149950768164673,35.808507099999936,-86.44685230718586,10208,-0.5,35.8,-86.5,4.885386356733691
2024-05-12 04:25:00,164138736,-0.22258283952457758,-0.3125696413282266,-0.13259603772092857,35.808507099999936,-86.44685230718586,10208,-0.3,35.8,-86.5,4.885386356733691
2024-05-12 04:26:00,164138736,-0.4432556111297915,-0.5893649070762029,-0.2971463151833801,35.808507099999936,-86.44685230718586,10208,-0.4,35.8,-86.5,4.885386356733691
2024-05-12 04:27:00,164138736,-0.27405425471271855,-0.3681875628355786,-0.17992094658985852,35.808507099999936,-86.44685230718586,10208,-0.4,35.8,-86.5,4.885386356733691
2024-05-12 04:28:00,164138736,-0.7280278363000168,-0.9666945246603922,-0.4893611479396414,35.808507099999936,-86.44685230718586,10208,-0.3,35.8,-86.5,4.885386356733691
2024-05-12 04:29:00,164138736,-0.1165549274491398,-0.2647191287256506,0.03160927382737104,35.808507099999936,-86.44685230718586,10208,0.7,35.8,-86.5,4.885386356733691
2024-05-12 04:30:00,164138736,1.6953184106002017,1.0798681959388134,2.31076862526159,35.808507099999936,-86.44685230718586,10208,2.3,35.8,-86.5,4.885386356733691
2024-05-12 04:31:00,164138736,3.04331025134499,2.047166438715294,4.039454063974686,35.808507099999936,-86.44685230718586,10208,2.0,35.8,-86.5,4.885386356733691
2024-05-12 04:32:00,164138736,1.9208104352303295,1.2665398890538913,2.5750809814067677,35.808507099999936,-86.44685230718586,10208,1.7,35.8,-86.5,4.885386356733691
2024-05-12 04:33:00,164138736,1.3603266066324815,0.9100017944583052,1.8106514188066578,35.808507099999936,-86.44685230718586,10208,2.0,35.8,-86.5,4.885386356733691
2024-05-12 04:34:00,164138736,1.7040424564979826,1.1431736673798292,2.264911245616136,35.808507099999936,-86.44685230718586,10208,0.4,35.8,-86.5,4.885386356733691
2024-05-12 04:35:00,164138736,1.155294124600706,0.7499943186656157,1.5605939305357963,35.808507099999936,-86.44685230718586,10208,-0.9,35.8,-86.5,4.885386356733691
2024-05-12 04:36:00,164138736,2.211780745628783,1.489921621537695,2.9336398697198707,35.808507099999936,-86.44685230718586,10208,-1.3,35.8,-86.5,4.885386356733691
2024-05-12 04:37:00,164138736,1.3749950744998318,0.907893132610291,1.8420970163893726,35.808507099999936,-86.44685230718586,10208,-1.7,35.8,-86.5,4.885386356733691
2024-05-12 04:38:00,164138736,1.2209096676403832,0.7977562437538326,1.6440630915269339,35.808507099999936,-86.44685230718586,10208,-1.2,35.8,-86.5,4.885386356733691
2024-05-12 04:39:00,164138736,0.7619400691408877,0.47654706327837615,1.0473330750033993,35.808507099999936,-86.44685230718586,10208,-1.0,35.8,-86.5,4.885386356733691
2024-05-12 04:40:00,164138736,0.6140054627080531,0.40245308497053234,0.8255578404455739,35.808507099999936,-86.44685230718586,10208,-0.8,35.8,-86.5,4.885386356733691
2024-05-12 04:41:00,164138736,0.11763956727962327,0.027088642165978574,0.20819049239326798,35.808507099999936,-86.44685230718586,10208,-0.8,35.8,-86.5,4.885386356733691
2024-05-12 04:42:00,164138736,0.32811625723720156,0.1947024508425865,0.4615300636318166,35.808507099999936,-86.44685230718586,10208,-0.6,35.8,-86.5,4.885386356733691
2024-05-12 04:43:00,164138736,0.035760510625178654,-0.0588237411756512,0.1303447624260085,35.808507099999936,-86.44685230718586,10208,-0.5,35.8,-86.5,4.885386356733691
2024-05-12 04:44:00,164138736,0.14199671075098771,0.09229683968506962,0.1916965818169058,35.808507099999936,-86.44685230718586,10208,-0.4,35.8,-86.5,4.885386356733691
2024-05-12 04:45:00,164138736,-0.3540766394691493,-0.4734379512810527,-0.2347153276572459,35.808507099999936,-86.44685230718586,10208,-0.3,35.8,-86.5,4.885386356733691
2024-05-12 04:46:00,164138736,-0.16555024732578177,-0.22496932039647394,-0.10613117425508961,35.808507099999936,-86.44685230718586,10208,-0.3,35.8,-86.5,4.885386356733691
2024-05-12 04:47:00,164138736,-0.5585976904001345,-0.7470701982990495,-0.37012518250121956,35.808507099999936,-86.44685230718586,10208,-0.3,35.8,-86.5,4.885386356733691
2024-05-12 04:48:00,164138736,-0.26113704843014457,-0.35139510411804986,-0.17087899274223925,35.808507099999936,-86.44685230718586,10208,-0.3,35.8,-86.5,4.885386356733691
2024-05-12 04:49:00,164138736,-0.4885792427601715,-0.6612025996228815,-0.3159558858974615,35.808507099999936,-86.44685230718586,10208,-0.5,35.8,-86.5,4.885386356733691
2024-05-12 04:50:00,164138736,-0.5123611994052623,-0.6876124871787141,-0.33710991163181037,35.808507099999936,-86.44685230718586,10208,-0.4,35.8,-86.5,4.885386356733691
2024-05-12 04:51:00,164138736,-0.7478697211772865,-0.9941823686804881,-0.5015570736740848,35.808507099999936,-86.44685230718586,10208,-0.4,35.8,-86.5,4.885386356733691
2024-05-12 04:52:00,164138736,-0.6590586843792031,-0.8753032748578461,-0.44281409390056015,35.808507099999936,-86.44685230718586,10208,-0.7,35.8,-86.5,4.885386356733691
2024-05-12 04:53:00,164138736,-0.6976690234637694,-0.9269642266718375,-0.4683738202557012,35.808507099999936,-86.44685230718586,10208,-0.7,35.8,-86.5,4.885386356733691
2024-05-12 04:54:00,164138736,-0.8175013528707128,-1.0893121741902627,-0.545690531551163,35.808507099999936,-86.44685230718586,10208,-0.6,35.8,-86.5,4.885386356733691
2024-05-12 04:55:00,164138736,-0.7884596187794216,-1.050759634493749,-0.5261596030650941,35.808507099999936,-86.44685230718586,10208,-0.5,35.8,-86.5,4.885386356733691
2024-05-12 04:56:00,164138736,-0.8638128756514795,-1.1464304965434766,-0.5811952547594823,35.808507099999936,-86.44685230718586,10208,-0.6,35.8,-86.5,4.885386356733691
2024-05-12 04:57:00,164138736,-0.7195405427769839,-0.9551576016903438,-0.4839234838636239,35.808507099999936,-86.44685230718586,10208,-0.6,35.8,-86.5,4.885386356733691
2024-05-12 04:58:00,164138736,-0.542931808748739,-0.7225442818022367,-0.36331933569524133,35.808507099999936,-86.44685230718586,10208,-0.8,35.8,-86.5,4.885386356733691
2024-05-12 04:59:00,164138736,-0.5645920241047411,-0.7504722541917561,-0.37871179401772603,35.808507099999936,-86.44685230718586,10208,-0.8,35.8,-86.5,4.885386356733691
2024-05-12 05:00:00,164138736,-0.5512219180817082,-0.7317737221520476,-0.37067011401136873,35.808507099999936,-86.44685230718586,10208,-0.6,35.8,-86.5,4.885386356733691
2024-05-12 05:01:00,164138736,-0.3981083124054304,-0.5308716935225072,-0.26534493128835357,35.808507099999936,-86.44685230718586,10208,-0.4,35.8,-86.5,4.885386356733691
2024-05-12 05:02:00,164138736,-0.35865333213370043,-0.48168061766469444,-0.23562604660270642,35.808507099999936,-86.44685230718586,10208,-0.3,35.8,-86.5,4.885386356733691
2024-05-12 05:03:00,164138736,-0.2139826904789425,-0.2881516321156546,-0.1398137488422304,35.808507099999936,-86.44685230718586,10208,-0.3,35.8,-86.5,4.885386356733691
2024-05-12 05:04:00,164138736,-0.09302395979028945,-0.14937837756786576,-0.03666954201271312,35.808507099999936,-86.44685230718586,10208,-0.3,35.8,-86.5,4.885386356733691
2024-05-12 05:05:00,164138736,-0.18341602153560022,-0.25126156516261,-0.11557047790859042,35.808507099999936,-86.44685230718586,10208,-0.2,35.8,-86.5,4.885386356733691
2024-05-12 05:06:00,164138736,-0.14319537226273538,-0.1953245964401587,-0.09106614808531203,35.808507099999936,-86.44685230718586,10208,-0.2,35.8,-86.5,4.885386356733691
2024-05-12 05:07:00,164138736,-0.20247269959440148,-0.2689574900461176,-0.1359879091426854,35.808507099999936,-86.44685230718586,10208,-0.4,35.8,-86.5,4.885386356733691
2024-05-12 05:08:00,164138736,-0.0782548279752648,-0.10762358046074462,-0.04888607548978498,35.808507099999936,-86.44685230718586,10208,-0.5,35.8,-86.5,4.885386356733691
2024-05-12 05:09:00,164138736,-0.2402695102345326,-0.31875775995850314,-0.16178126051056207,35.808507099999936,-86.44685230718586,10208,-0.6,35.8,-86.5,4.885386356733691
2024-05-12 05:10:00,164138736,-0.298065411298966,-0.39751058924288973,-0.19862023335504228,35.808507099999936,-86.44685230718586,10208,-0.4,35.8,-86.5,4.885386356733691
2024-05-12 05:11:00,164138736,-0.005523775116100196,-0.017088999137316145,0.006041448905115752,35.808507099999936,-86.44685230718586,10208,0.0,35.8,-86.5,4.885386356733691
2024-05-12 05:12:00,164138736,-0.199936025961983,-0.2696436504199013,-0.13022840150406473,35.808507099999936,-86.44685230718586,10208,-0.2,35.8,-86.5,4.885386356733691
2024-05-12 05:13:00,164138736,-0.35374802651626597,-0.4790514209493122,-0.22844463208321972,35.808507099999936,-86.44685230718586,10208,-0.4,35.8,-86.5,4.885386356733691
2024-05-12 05:14:00,164138736,-0.2835310812195276,-0.3896469272646287,-0.1774152351744265,35.808507099999936,-86.44685230718586,10208,-0.5,35.8,-86.5,4.885386356733691
2024-05-12 05:15:00,164138736,-0.3122659566503447,-0.41617343753700775,-0.2083584757636816,35.808507099999936,-86.44685230718586,10208,-0.2,35.8,-86.5,4.885386356733691
2024-05-12 05:16:00,164138736,-0.24318163011726632,-0.33011126493486154,-0.15625199529967107,35.808507099999936,-86.44685230718586,10208,0.0,35.8,-86.5,4.885386356733691
2024-05-12 05:17:00,164138736,0.040151784944309835,0.00850888379413528,0.07179468609448439,35.808507099999936,-86.44685230718586,10208,0.0,35.8,-86.5,4.885386356733691
2024-05-12 05:18:00,164138736,-0.08766760245697083,-0.11881722044866716,-0.05651798446527451,35.808507099999936,-86.44685230718586,10208,-0.2,35.8,-86.5,4.885386356733691
2024-05-12 05:19:00,164138736,-0.07071491336373571,-0.09534134622549485,-0.04608848050197657,35.808507099999936,-86.44685230718586,10208,-0.4,35.8,-86.5,4.885386356733691
2024-05-12 05:20:00,164138736,-0.13505343839315737,-0.18063493727831373,-0.089471939508001,35.808507099999936,-86.44685230718586,10208,-0.4,35.8,-86.5,4.885386356733691
2024-05-12 05:21:00,164138736,-0.13692414335701075,-0.18169297353499855,-0.09215531317902295,35.808507099999936,-86.44685230718586,10208,-0.3,35.8,-86.5,4.885386356733691
2024-05-12 05:22:00,164138736,-0.07274536871637526,-0.09887954832219141,-0.0466111891105591,35.808507099999936,-86.44685230718586,10208,-0.3,35.8,-86.5,4.885386356733691
2024-05-12 05:23:00,164138736,-0.11252313343245629,-0.1498417911119268,-0.07520447575298578,35.808507099999936,-86.44685230718586,10208,-0.2,35.8,-86.5,4.885386356733691
2024-05-12 05:24:00,164138736,-0.1479984327058465,-0.19765136803701322,-0.0983454973746798,35.808507099999936,-86.44685230718586,10208,-0.2,35.8,-86.5,4.885386356733691
2024-05-12 05:25:00,164138736,-0.04746127818042829,-0.06296902650562142,-0.03195352985523517,35.808507099999936,-86.44685230718586,10208,-0.3,35.8,-86.5,4.885386356733691
2024-05-12 05:26:00,164138736,0.03295584436864282,0.02140938170351757,0.044502307033768077,35.808507099999936,-86.44685230718586,10208,-0.2,35.8,-86.5,4.885386356733691
2024-05-12 05:27:00,164138736,0.027069184150003152,0.017418496621519983,0.036719871678486324,35.808507099999936,-86.44685230718586,10208,-0.3,35.8,-86.5,4.885386356733691
2024-05-12 05:28:00,164138736,-0.08423863342326202,-0.1116210248029511,-0.05685624204357294,35.808507099999936,-86.44685230718586,10208,-0.2,35.8,-86.5,4.885386356733691
2024-05-12 05:29:00,164138736,-0.13411558211531188,-0.1779638722717513,-0.09026729195887245,35.808507099999936,-86.44685230718586,10208,-0.3,35.8,-86.5,4.885386356733691
2024-05-12 05:30:00,164138736,0.03580082352720978,0.0225411838424602,0.04906046321195935,35.808507099999936,-86.44685230718586,10208,-0.2,35.8,-86.5,4.885386356733691
2024-05-12 05:31:00,164138736,0.03289146654222664,0.017420420611041487,0.04836251247341179,35.808507099999936,-86.44685230718586,10208,-0.2,35.8,-86.5,4.885386356733691
2024-05-12 05:32:00,164138736,-0.004629361445100498,-0.014668356865851885,0.005409633975650889,35.808507099999936,-86.44685230718586,10208,-0.1,35.8,-86.5,4.885386356733691
2024-05-12 05:33:00,164138736,-0.07111213442937753,-0.09491518394464862,-0.04730908491410644,35.808507099999936,-86.44685230718586,10208,0.0,35.8,-86.5,4.885386356733691
2024-05-12 05:34:00,164138736,-0.04574385375566104,-0.06554945878584854,-0.02593824872547354,35.808507099999936,-86.44685230718586,10208,-0.2,35.8,-86.5,4.885386356733691
2024-05-12 05:35:00,164138736,-0.017608977358214553,-0.02460818772777361,-0.010609766988655497,35.808507099999936,-86.44685230718586,10208,-0.1,35.8,-86.5,4.885386356733691
2024-05-12 05:36:00,164138736,-0.09444307944240711,-0.12804801222565265,-0.060838146659161554,35.808507099999936,-86.44685230718586,10208,-0.1,35.8,-86.5,4.885386356733691
2024-05-12 05:37:00,164138736,-0.042759539380358945,-0.057015779576007126,-0.028503299184710763,35.808507099999936,-86.44685230718586,10208,-0.2,35.8,-86.5,4.885386356733691
2024-05-12 05:38:00,164138736,0.15574160629098016,0.10243556667891711,0.2090476459030432,35.808507099999936,-86.44685230718586,10208,0.0,35.8,-86.5,4.885386356733691
2024-05-12 05:39:00,164138736,0.08466385800965136,0.049579176524629696,0.11974853949467301,35.808507099999936,-86.44685230718586,10208,0.0,35.8,-86.5,4.885386356733691
2024-05-12 05:40:00,164138736,0.15797967147570613,0.10110347140701044,0.21485587154440183,35.808507099999936,-86.44685230718586,10208,0.0,35.8,-86.5,4.885386356733691
2024-05-12 05:41:00,164138736,0.06660292512551201,0.03270346825288532,0.1005023819981387,35.808507099999936,-86.44685230718586,10208,0.0,35.8,-86.5,4.885386356733691
2024-05-12 05:42:00,164138736,0.13365989125809097,0.08296572403023832,0.1843540584859436,35.808507099999936,-86.44685230718586,10208,0.2,35.8,-86.5,4.885386356733691
2024-05-12 05:43:00,164138736,0.12265702166169301,0.07605210091809769,0.16926194240528833,35.808507099999936,-86.44685230718586,10208,0.0,35.8,-86.5,4.885386356733691
2024-05-12 05:44:00,164138736,0.0811616580760471,0.04369225633217024,0.11863105981992395,35.808507099999936,-86.44685230718586,10208,-0.1,35.8,-86.5,4.885386356733691
2024-05-12 05:45:00,164138736,0.09898461634950824,0.05910250373950054,0.13886672895951593,35.808507099999936,-86.44685230718586,10208,-0.1,35.8,-86.5,4.885386356733691
2024-05-12 05:46:00,164138736,0.15000093584503194,0.09753969776851247,0.2024621739215514,35.808507099999936,-86.44685230718586,10208,0.0,35.8,-86.5,4.885386356733691
2024-05-12 05:47:00,164138736,0.14553925360940653,0.09654565714393598,0.19453285007487708,35.808507099999936,-86.44685230718586,10208,-0.1,35.8,-86.5,4.885386356733691
2024-05-12 05:48:00,164138736,0.17890450965660726,0.11956619965259713,0.2382428196606174,35.808507099999936,-86.44685230718586,10208,-0.2,35.8,-86.5,4.885386356733691
2024-05-12 05:49:00,164138736,0.11025908623434348,0.07319355539850186,0.1473246170701851,35.808507099999936,-86.44685230718586,10208,-0.2,35.8,-86.5,4.885386356733691
2024-05-12 05:50:00,164138736,0.10376146902714148,0.06855152151184887,0.13897141654243408,35.808507099999936,-86.44685230718586,10208,-0.2,35.8,-86.5,4.885386356733691
2024-05-12 05:51:00,164138736,0.03375520173863589,0.021668365086297946,0.045842038390973824,35.808507099999936,-86.44685230718586,10208,-0.3,35.8,-86.5,4.885386356733691
2024-05-12 05:52:00,164138736,-0.006365838191937342,-0.013750448362600417,0.0010187719787257323,35.808507099999936,-86.44685230718586,10208,-0.2,35.8,-86.5,4.885386356733691
2024-05-12 05:53:00,164138736,0.008301695040912539,-0.011099782303634387,0.027703172385459465,35.808507099999936,-86.44685230718586,10208,-0.2,35.8,-86.5,4.885386356733691
2024-05-12 05:54:00,164138736,0.07661114752332716,0.04846356724287185,0.10475872780378248,35.808507099999936,-86.44685230718586,10208,-0.2,35.8,-86.5,4.885386356733691
2024-05-12 05:55:00,164138736,0.028435656426332907,0.018216947069003026,0.038654365783662784,35.808507099999936,-86.44685230718586,10208,-0.3,35.8,-86.5,4.885386356733691
2024-05-12 05:56:00,164138736,0.09562179267847386,0.06389555221037191,0.1273480331465758,35.808507099999936,-86.44685230718586,10208,-0.2,35.8,-86.5,4.885386356733691
2024-05-12 05:57:00,164138736,0.05260221767361403,0.03374997355055493,0.07145446179667314,35.808507099999936,-86.44685230718586,10208,-0.2,35.8,-86.5,4.885386356733691
2024-05-12 05:58:00,164138736,0.03904277747641014,0.025347196800588133,0.05273835815223215,35.808507099999936,-86.44685230718586,10208,-0.2,35.8,-86.5,4.885386356733691
2024-05-12 05:59:00,164138736,0.06977092073359743,0.04215891330795816,0.09738292815923671,35.808507099999936,-86.44685230718586,10208,-0.3,35.8,-86.5,4.885386356733691
2024-05-12 06:00:00,164138736,0.0966703700955153,0.06424278796633359,0.129097952224697,35.808507099999936,-86.44685230718586,10208,-0.1,35.8,-86.5,4.885386356733691
2024-05-12 06:01:00,164138736,0.15647542372436113,0.1047046512534372,0.20824619619528506,35.808507099999936,-86.44685230718586,10208,-0.2,35.8,-86.5,4.885386356733691
2024-05-12 06:02:00,164138736,0.10663383601893493,0.06918345638476057,0.1440842156531093,35.808507099999936,-86.44685230718586,10208,0.0,35.8,-86.5,4.885386356733691
2024-05-12 06:03:00,164138736,0.16375793990627102,0.10887743418969881,0.21863844562284324,35.808507099999936,-86.44685230718586,10208,0.1,35.8,-86.5,4.885386356733691
2024-05-12 06:04:00,164138736,0.11388569096229825,0.07508454754267005,0.15268683438192646,35.808507099999936,-86.44685230718586,10208,0.0,35.8,-86.5,4.885386356733691
2024-05-12 06:05:00,164138736,0.2376488157784129,0.15912487800298564,0.31617275355384017,35.808507099999936,-86.44685230718586,10208,-0.1,35.8,-86.5,4.885386356733691
2024-05-12 06:06:00,164138736,0.21006946268703766,0.14049939479387294,0.2796395305802024,35.808507099999936,-86.44685230718586,10208,-0.1,35.8,-86.5,4.885386356733691
2024-05-12 06:07:00,164138736,0.19098967582328094,0.12728219809990338,0.2546971535466585,35.808507099999936,-86.44685230718586,10208,-0.2,35.8,-86.5,4.885386356733691
2024-05-12 06:08:00,164138736,0.21676838919069435,0.14457368652888722,0.28896309185250146,35.808507099999936,-86.44685230718586,10208,-0.2,35.8,-86.5,4.885386356733691
2024-05-12 06:09:00,164138736,0.17391633249884414,0.11621045700528912,0.23162220799239916,35.808507099999936,-86.44685230718586,10208,-0.1,35.8,-86.5,4.885386356733691
2024-05-12 06:10:00,164138736,0.15348137635549763,0.10254365943583436,0.2044190932751609,35.808507099999936,-86.44685230718586,10208,-0.2,35.8,-86.5,4.885386356733691
2024-05-12 06:11:00,164138736,0.13836074757271352,0.09240795032495722,0.18431354482046983,35.808507099999936,-86.44685230718586,10208,-0.2,35.8,-86.5,4.885386356733691
2024-05-12 06:12:00,164138736,0.10737885896519839,0.07107501314861711,0.14368270478177966,35.808507099999936,-86.44685230718586,10208,-0.1,35.8,-86.5,4.885386356733691
2024-05-12 06:13:00,164138736,0.05722694422626303,0.037140862288817855,0.0773130261637082,35.808507099999936,-86.44685230718586,10208,-0.2,35.8,-86.5,4.885386356733691
2024-05-12 06:14:00,164138736,0.024415843825093354,0.009460983394403294,0.039370704255783415,35.808507099999936,-86.44685230718586,10208,-0.2,35.8,-86.5,4.885386356733691
2024-05-12 06:15:00,164138736,-0.00428589667420942,-0.009665753137525334,0.001093959789106494,35.808507099999936,-86.44685230718586,10208,-0.2,35.8,-86.5,4.885386356733691
2024-05-12 06:16:00,164138736,-0.0327553662503415,-0.0440420185147076,-0.021468713985975402,35.808507099999936,-86.44685230718586,10208,-0.2,35.8,-86.5,4.885386356733691
2024-05-12 06:17:00,164138736,-0.04054903647365711,-0.05618974277350188,-0.02490833017381234,35.808507099999936,-86.44685230718586,10208,-0.1,35.8,-86.5,4.885386356733691
2024-05-12 06:18:00,164138736,0.025509865715268,0.012046605569567508,0.038973125860968495,35.808507099999936,-86.44685230718586,10208,-0.1,35.8,-86.5,4.885386356733691
2024-05-12 06:19:00,164138736,0.016535177275728844,0.009351694173797847,0.023718660377659843,35.808507099999936,-86.44685230718586,10208,-0.1,35.8,-86.5,4.885386356733691
2024-05-12 06:20:00,164138736,0.043373769774241344,0.028074206795497707,0.05867333275298498,35.808507099999936,-86.44685230718586,10208,-0.2,35.8,-86.5,4.885386356733691
2024-05-12 06:21:00,164138736,0.0527091728574731,0.03433002339045889,0.07108832232448731,35.808507099999936,-86.44685230718586,10208,-0.2,35.8,-86.5,4.885386356733691
2024-05-12 06:22:00,164138736,0.046929139456014624,0.029864044909136935,0.06399423400289231,35.808507099999936,-86.44685230718586,10208,-0.2,35.8,-86.5,4.885386356733691
2024-05-12 06:23:00,164138736,0.04504834747827526,0.028136320145444385,0.06196037481110614,35.808507099999936,-86.44685230718586,10208,-0.3,35.8,-86.5,4.885386356733691
2024-05-12 06:24:00,164138736,0.030892070059657658,0.019051202934942925,0.04273293718437239,35.808507099999936,-86.44685230718586,10208,-0.2,35.8,-86.5,4.885386356733691
2024-05-12 06:25:00,164138736,0.005969743802391929,0.0008362531115463454,0.011103234493237513,35.808507099999936,-86.44685230718586,10208,-0.3,35.8,-86.5,4.885386356733691
2024-05-12 06:26:00,164138736,-0.04924465813088433,-0.0657449077114924,-0.03274440855027626,35.808507099999936,-86.44685230718586,10208,-0.2,35.8,-86.5,4.885386356733691
2024-05-12 06:27:00,164138736,0.016929595680467698,0.0095321480302162,0.024327043330719195,35.808507099999936,-86.44685230718586,10208,-0.2,35.8,-86.5,4.885386356733691
2024-05-12 06:28:00,164138736,-0.017645842169625052,-0.0280736990655703,-0.0072179852736798025,35.808507099999936,-86.44685230718586,10208,-0.1,35.8,-86.5,4.885386356733691
2024-05-12 06:29:00,164138736,0.04414005446289719,0.02792149317198686,0.06035861575380752,35.808507099999936,-86.44685230718586,10208,-0.1,35.8,-86.5,4.885386356733691
2024-05-12 06:30:00,164138736,0.09063451852907489,0.05990155098154036,0.12136748607660942,35.808507099999936,-86.44685230718586,10208,-0.2,35.8,-86.5,4.885386356733691
2024-05-12 06:31:00,164138736,0.014366150142846689,0.001669523698566799,0.02706277658712658,35.808507099999936,-86.44685230718586,10208,-0.3,35.8,-86.5,4.885386356733691
2024-05-12 06:32:00,164138736,0.010700767763364852,0.004687393012033524,0.01671414251469618,35.808507099999936,-86.44685230718586,10208,-0.3,35.8,-86.5,4.885386356733691
2024-05-12 06:33:00,164138736,0.08275655042267359,0.05408550618234453,0.11142759466300264,35.808507099999936,-86.44685230718586,10208,-0.2,35.8,-86.5,4.885386356733691
2024-05-12 06:34:00,164138736,0.07729761858634204,0.05074284155156198,0.10385239562112211,35.808507099999936,-86.44685230718586,10208,0.0,35.8,-86.5,4.885386356733691
2024-05-12 06:35:00,164138736,0.08889060414871595,0.059105608529180655,0.11867559976825126,35.808507099999936,-86.44685230718586,10208,-0.1,35.8,-86.5,4.885386356733691
2024-05-12 06:36:00,164138736,0.01928558602939136,0.0022776789393295777,0.036293493119453145,35.808507099999936,-86.44685230718586,10208,0.0,35.8,-86.5,4.885386356733691
2024-05-12 06:37:00,164138736,-0.0010161271973913278,-0.011664282197560162,0.009632027802777507,35.808507099999936,-86.44685230718586,10208,-0.2,35.8,-86.5,4.885386356733691
2024-05-12 06:38:00,164138736,0.02784640242288637,0.016690472409045885,0.03900233243672686,35.808507099999936,-86.44685230718586,10208,-0.2,35.8,-86.5,4.885386356733691
2024-05-12 06:39:00,164138736,-0.01380571440393362,-0.023202801646883434,-0.0044086271609838044,35.808507099999936,-86.44685230718586,10208,-0.2,35.8,-86.5,4.885386356733691
2024-05-12 06:40:00,164138736,0.0325431541540355,0.020216967299998254,0.044869341008072744,35.808507099999936,-86.44685230718586,10208,-0.2,35.8,-86.5,4.885386356733691
2024-05-12 06:41:00,164138736,-0.036523589369588515,-0.04840717841651558,-0.02464000032266145,35.808507099999936,-86.44685230718586,10208,-0.2,35.8,-86.5,4.885386356733691
2024-05-12 06:42:00,164138736,-0.05690723821951706,-0.07633370713186795,-0.03748076930716618,35.808507099999936,-86.44685230718586,10208,-0.2,35.8,-86.5,4.885386356733691
2024-05-12 06:43:00,164138736,-0.07022802767211668,-0.09295133248411439,-0.04750472286011897,35.808507099999936,-86.44685230718586,10208,-0.2,35.8,-86.5,4.885386356733691
2024-05-12 06:44:00,164138736,-0.11612539798041359,-0.15386126529522912,-0.07838953066559806,35.808507099999936,-86.44685230718586,10208,-0.2,35.8,-86.5,4.885386356733691
2024-05-12 06:45:00,164138736,-0.2165663615921318,-0.2874487338626447,-0.14568398932161888,35.808507099999936,-86.44685230718586,10208,-0.2,35.8,-86.5,4.885386356733691
2024-05-12 06:46:00,164138736,-0.1787460727345326,-0.23832483227541562,-0.1191673131936496,35.808507099999936,-86.44685230718586,10208,-0.2,35.8,-86.5,4.885386356733691
2024-05-12 06:47:00,164138736,-0.0818946699849214,-0.11014904732790232,-0.05364029264194048,35.808507099999936,-86.44685230718586,10208,-0.1,35.8,-86.5,4.885386356733691
2024-05-12 06:48:00,164138736,-0.04268313384168326,-0.06379154586716809,-0.021574721816198426,35.808507099999936,-86.44685230718586,10208,0.0,35.8,-86.5,4.885386356733691
2024-05-12 06:49:00,164138736,-0.06702957204627606,-0.09102378372960956,-0.04303536036294255,35.808507099999936,-86.44685230718586,10208,-0.2,35.8,-86.5,4.885386356733691
2024-05-12 06:50:00,164138736,-0.12405430396772024,-0.1648840749861355,-0.08322453294930497,35.808507099999936,-86.44685230718586,10208,-0.2,35.8,-86.5,4.885386356733691
2024-05-12 06:51:00,164138736,-0.127892294744557,-0.16921640769277183,-0.08656818179634215,35.808507099999936,-86.44685230718586,10208,-0.2,35.8,-86.5,4.885386356733691
2024-05-12 06:52:00,164138736,-0.10131569139574227,-0.13403498818689508,-0.06859639460458947,35.808507099999936,-86.44685230718586,10208,-0.2,35.8,-86.5,4.885386356733691
2024-05-12 06:53:00,164138736,-0.1318570761048882,-0.17465514475756977,-0.08905900745220663,35.808507099999936,-86.44685230718586,10208,-0.2,35.8,-86.5,4.885386356733691
2024-05-12 06:54:00,164138736,-0.1258300288699983,-0.1666836766154956,-0.084976381124501,35.808507099999936,-86.44685230718586,10208,-0.2,35.8,-86.5,4.885386356733691
2024-05-12 06:55:00,164138736,-0.1184028261206498,-0.15702061567560283,-0.07978503656569678,35.808507099999936,-86.44685230718586,10208,-0.2,35.8,-86.5,4.885386356733691
2024-05-12 06:56:00,164138736,-0.08872338341800816,-0.1174900774165334,-0.059956689419482914,35.808507099999936,-86.44685230718586,10208,-0.1,35.8,-86.5,4.885386356733691
2024-05-12 06:57:00,164138736,-0.05972519895737013,-0.07901296820848674,-0.04043742970625351,35.808507099999936,-86.44685230718586,10208,-0.2,35.8,-86.5,4.885386356733691
2024-05-12 06:58:00,164138736,-0.061367894309274126,-0.08123284248271292,-0.04150294613583532,35.808507099999936,-86.44685230718586,10208,-0.1,35.8,-86.5,4.885386356733691
2024-05-12 06:59:00,164138736,-0.053809796392957715,-0.0712666880345256,-0.03635290475138983,35.808507099999936,-86.44685230718586,10208,-0.2,35.8,-86.5,4.885386356733691
2024-05-12 07:00:00,164138736,-0.03138161346907574,-0.04204644472958979,-0.020716782208561692,35.808507099999936,-86.44685230718586,10208,-0.2,35.8,-86.5,4.885386356733691
2024-05-12 07:01:00,164138736,-0.0549502138652173,-0.0758671332439042,-0.034033294486530384,35.808507099999936,-86.44685230718586,10208,-0.2,35.8,-86.5,4.885386356733691
2024-05-12 07:02:00,164138736,-0.02686409286468239,-0.041575878318587556,-0.01215230741077723,35.808507099999936,-86.44685230718586,10208,-0.2,35.8,-86.5,4.885386356733691
2024-05-12 07:03:00,164138736,-0.029293864143720472,-0.04773451715767494,-0.010853211129766005,35.808507099999936,-86.44685230718586,10208,-0.2,35.8,-86.5,4.885386356733691
2024-05-12 07:04:00,164138736,-0.04175670754612895,-0.061203382671569724,-0.02231003242068818,35.808507099999936,-86.44685230718586,10208,-0.2,35.8,-86.5,4.885386356733691
2024-05-12 07:05:00,164138736,-0.02346075318688583,-0.035775497281106086,-0.011146009092665573,35.808507099999936,-86.44685230718586,10208,-0.2,35.8,-86.5,4.885386356733691
2024-05-12 07:06:00,164138736,-0.09603327717168586,-0.13001467213020146,-0.06205188221317025,35.808507099999936,-86.44685230718586,10208,-0.2,35.8,-86.5,4.885386356733691
2024-05-12 07:07:00,164138736,-0.024194718689908898,-0.035057939958710614,-0.01333149742110718,35.808507099999936,-86.44685230718586,10208,-0.2,35.8,-86.5,4.885386356733691
2024-05-12 07:08:00,164138736,-0.08735152900659886,-0.11648954069132936,-0.05821351732186836,35.808507099999936,-86.44685230718586,10208,-0.2,35.8,-86.5,4.885386356733691
2024-05-12 07:09:00,164138736,-0.10216607899976883,-0.1363079631512396,-0.06802419484829804,35.808507099999936,-86.44685230718586,10208,-0.1,35.8,-86.5,4.885386356733691
2024-05-12 07:10:00,164138736,-0.07606277517127606,-0.10127769401106594,-0.05084785633148618,35.808507099999936,-86.44685230718586,10208,-0.2,35.8,-86.5,4.885386356733691
2024-05-12 07:11:00,164138736,-0.03819289268385907,-0.05181583623928302,-0.024569949128435124,35.808507099999936,-86.44685230718586,10208,-0.2,35.8,-86.5,4.885386356733691
2024-05-12 07:12:00,164138736,-0.07662071120282028,-0.10195725655681591,-0.051284165848824656,35.808507099999936,-86.44685230718586,10208,-0.2,35.8,-86.5,4.885386356733691
2024-05-12 07:13:00,164138736,-0.06682641568725832,-0.08835417989410004,-0.045298651480416605,35.808507099999936,-86.44685230718586,10208,-0.2,35.8,-86.5,4.885386356733691
2024-05-12 07:14:00,164138736,-0.05692788427438845,-0.07580532879445406,-0.03805043975432284,35.808507099999936,-86.44685230718586,10208,-0.2,35.8,-86.5,4.885386356733691
2024-05-12 07:15:00,164138736,-0.10257836388675816,-0.13643232274298445,-0.06872440503053186,35.808507099999936,-86.44685230718586,10208,-0.2,35.8,-86.5,4.885386356733691
2024-05-12 07:16:00,164138736,-0.03467942053789089,-0.047402133000762035,-0.02195670807501974,35.808507099999936,-86.44685230718586,10208,-0.2,35.8,-86.5,4.885386356733691
2024-05-12 07:17:00,164138736,-0.04142792014844801,-0.05560505751996425,-0.027250782776931774,35.808507099999936,-86.44685230718586,10208,-0.2,35.8,-86.5,4.885386356733691
2024-05-12 07:18:00,164138736,-0.013618777082041757,-0.018399536604544763,-0.008838017559538752,35.808507099999936,-86.44685230718586,10208,-0.1,35.8,-86.5,4.885386356733691
2024-05-12 07:19:00,164138736,-0.05451104395647697,-0.07218068735510373,-0.03684140055785021,35.808507099999936,-86.44685230718586,10208,-0.1,35.8,-86.5,4.885386356733691
2024-05-12 07:20:00,164138736,-0.023329549454648622,-0.03293463209912984,-0.013724466810167401,35.808507099999936,-86.44685230718586,10208,-0.1,35.8,-86.5,4.885386356733691
2024-05-12 07:21:00,164138736,0.039322853729720074,0.025238549857182747,0.0534071576022574,35.808507099999936,-86.44685230718586,10208,-0.2,35.8,-86.5,4.885386356733691
2024-05-12 07:22:00,164138736,0.024754051562516418,0.01398813282263889,0.03551997030239395,35.808507099999936,-86.44685230718586,10208,-0.1,35.8,-86.5,4.885386356733691
2024-05-12 07:23:00,164138736,0.0028132921749902556,-0.006196564108495846,0.011823148458476356,35.808507099999936,-86.44685230718586,10208,-0.1,35.8,-86.5,4.885386356733691
2024-05-12 07:24:00,164138736,0.013065754285015833,0.00440110650557499,0.021730402064456675,35.808507099999936,-86.44685230718586,10208,-0.2,35.8,-86.5,4.885386356733691
2024-05-12 07:25:00,164138736,-0.0130667375411936,-0.01895201657724701,-0.00718145850514019,35.808507099999936,-86.44685230718586,10208,-0.2,35.8,-86.5,4.885386356733691
2024-05-12 07:26:00,164138736,-0.014780343420648222,-0.021155952603979653,-0.008404734237316792,35.808507099999936,-86.44685230718586,10208,-0.1,35.8,-86.5,4.885386356733691
2024-05-12 07:27:00,164138736,-0.03347830653751786,-0.045470687591248546,-0.021485925483787176,35.808507099999936,-86.44685230718586,10208,-0.2,35.8,-86.5,4.885386356733691
2024-05-12 07:28:00,164138736,-0.05112049382407952,-0.06797519420797628,-0.03426579344018277,35.808507099999936,-86.44685230718586,10208,-0.2,35.8,-86.5,4.885386356733691
2024-05-12 07:29:00,164138736,-0.016834353951695948,-0.02327724250852546,-0.010391465394866434,35.808507099999936,-86.44685230718586,10208,-0.2,35.8,-86.5,4.885386356733691
2024-05-12 07:30:00,164138736,-0.017061994151132735,-0.02277051499376885,-0.01135347330849662,35.808507099999936,-86.44685230718586,10208,-0.2,35.8,-86.5,4.885386356733691
2024-05-12 07:31:00,164138736,-0.046886102898295645,-0.062196128270009754,-0.031576077526581536,35.808507099999936,-86.44685230718586,10208,-0.2,35.8,-86.5,4.885386356733691
2024-05-12 07:32:00,164138736,-0.08935085109359238,-0.11854904707891749,-0.06015265510826727,35.808507099999936,-86.44685230718586,10208,-0.2,35.8,-86.5,4.885386356733691
2024-05-12 07:33:00,164138736,-0.0829033098047663,-0.11017910769723951,-0.0556275119122931,35.808507099999936,-86.44685230718586,10208,-0.2,35.8,-86.5,4.885386356733691
2024-05-12 07:34:00,164138736,-0.10822103740227808,-0.1436297225612363,-0.07281235224331986,35.808507099999936,-86.44685230718586,10208,-0.2,35.8,-86.5,4.885386356733691
2024-05-12 07:35:00,164138736,-0.046068356994341586,-0.06216710491549274,-0.02996960907319043,35.808507099999936,-86.44685230718586,10208,-0.2,35.8,-86.5,4.885386356733691
2024-05-12 07:36:00,164138736,-0.06350141575293165,-0.08459338212270086,-0.04240944938316245,35.808507099999936,-86.44685230718586,10208,-0.2,35.8,-86.5,4.885386356733691
2024-05-12 07:37:00,164138736,-0.09456726361539593,-0.12611444087953455,-0.0630200863512573,35.808507099999936,-86.44685230718586,10208,-0.2,35.8,-86.5,4.885386356733691
2024-05-12 07:38:00,164138736,-0.0628872879736361,-0.08354127360509414,-0.042233302342178064,35.808507099999936,-86.44685230718586,10208,-0.2,35.8,-86.5,4.885386356733691
2024-05-12 07:39:00,164138736,-0.04036733682474676,-0.055838747963591284,-0.024895925685902237,35.808507099999936,-86.44685230718586,10208,-0.1,35.8,-86.5,4.885386356733691
2024-05-12 07:40:00,164138736,-0.07177284923109659,-0.09836588570313307,-0.045179812759060106,35.808507099999936,-86.44685230718586,10208,-0.1,35.8,-86.5,4.885386356733691
2024-05-12 07:41:00,164138736,-0.10492550837729069,-0.14043333582595116,-0.06941768092863021,35.808507099999936,-86.44685230718586,10208,-0.1,35.8,-86.5,4.885386356733691
2024-05-12 07:42:00,164138736,-0.1188193182056994,-0.157591118026451,-0.08004751838494778,35.808507099999936,-86.44685230718586,10208,-0.2,35.8,-86.5,4.885386356733691
2024-05-12 07:43:00,164138736,-0.09930481490627102,-0.1319636976136398,-0.06664593219890225,35.808507099999936,-86.44685230718586,10208,-0.2,35.8,-86.5,4.885386356733691
2024-05-12 07:44:00,164138736,-0.06120465502453556,-0.08126257939782958,-0.04114673065124154,35.808507099999936,-86.44685230718586,10208,-0.2,35.8,-86.5,4.885386356733691
2024-05-12 07:45:00,164138736,-0.05656778916626387,-0.07546279974054221,-0.03767277859198553,35.808507099999936,-86.44685230718586,10208,-0.2,35.8,-86.5,4.885386356733691
2024-05-12 07:46:00,164138736,-0.05219989666300647,-0.07121001833890095,-0.03318977498711199,35.808507099999936,-86.44685230718586,10208,-0.2,35.8,-86.5,4.885386356733691
2024-05-12 07:47:00,164138736,-0.07801947115889794,-0.10437940371798378,-0.05165953859981211,35.808507099999936,-86.44685230718586,10208,-0.2,35.8,-86.5,4.885386356733691
2024-05-12 07:48:00,164138736,-0.09150265845662407,-0.12144898201783506,-0.06155633489541308,35.808507099999936,-86.44685230718586,10208,-0.2,35.8,-86.5,4.885386356733691
2024-05-12 07:49:00,164138736,-0.027170947035768327,-0.03609871747317505,-0.018243176598361603,35.808507099999936,-86.44685230718586,10208,-0.2,35.8,-86.5,4.885386356733691
2024-05-12 07:50:00,164138736,-0.04410729988677917,-0.05856037193744862,-0.029654227836109714,35.808507099999936,-86.44685230718586,10208,-0.2,35.8,-86.5,4.885386356733691
2024-05-12 07:51:00,164138736,-0.06862545462366552,-0.09153785539130777,-0.045713053856023284,35.808507099999936,-86.44685230718586,10208,-0.2,35.8,-86.5,4.885386356733691
2024-05-12 07:52:00,164138736,-0.06887718872809137,-0.09150871713912928,-0.04624566031705346,35.808507099999936,-86.44685230718586,10208,-0.2,35.8,-86.5,4.885386356733691
2024-05-12 07:53:00,164138736,-0.08936053791058969,-0.11880827798362767,-0.05991279783755172,35.808507099999936,-86.44685230718586,10208,-0.2,35.8,-86.5,4.885386356733691
2024-05-12 07:54:00,164138736,-0.0734029024659024,-0.09872188862072866,-0.048083916311076155,35.808507099999936,-86.44685230718586,10208,-0.2,35.8,-86.5,4.885386356733691
2024-05-12 07:55:00,164138736,-0.11088614345158036,-0.14762801602417225,-0.07414427087898848,35.808507099999936,-86.44685230718586,10208,-0.2,35.8,-86.5,4.885386356733691
2024-05-12 07:56:00,164138736,-0.059838505984154335,-0.07964949768586352,-0.04002751428244515,35.808507099999936,-86.44685230718586,10208,-0.1,35.8,-86.5,4.885386356733691
2024-05-12 07:57:00,164138736,-0.01716038486503801,-0.024975953235680602,-0.009344816494395421,35.808507099999936,-86.44685230718586,10208,-0.2,35.8,-86.5,4.885386356733691
2024-05-12 07:58:00,164138736,0.010396635925200615,0.0033368526322010116,0.01745641921820022,35.808507099999936,-86.44685230718586,10208,-0.2,35.8,-86.5,4.885386356733691
2024-05-12 07:59:00,164138736,0.029354349430086794,0.01928875028097362,0.03941994857919997,35.808507099999936,-86.44685230718586,10208,-0.2,35.8,-86.5,4.885386356733691
2024-05-12 08:00:00,164138736,-0.010534099588156869,-0.01906117949996903,-0.00200701967634471,35.808507099999936,-86.44685230718586,10208,-0.2,35.8,-86.5,4.885386356733691
2024-05-12 08:01:00,164138736,0.012300977469612947,-0.00047351182997526324,0.02507546676920116,35.808507099999936,-86.44685230718586,10208,-0.2,35.8,-86.5,4.885386356733691
2024-05-12 08:02:00,164138736,-0.005046103773456976,-0.017734727999793292,0.007642520452879339,35.808507099999936,-86.44685230718586,10208,-0.2,35.8,-86.5,4.885386356733691
2024-05-12 08:03:00,164138736,0.01147761622289723,0.00012255061229806893,0.02283268183349639,35.808507099999936,-86.44685230718586,10208,-0.2,35.8,-86.5,4.885386356733691
2024-05-12 08:04:00,164138736,0.009794218554621826,0.006636613982045154,0.0129518231271985,35.808507099999936,-86.44685230718586,10208,0.0,35.8,-86.5,4.885386356733691
2024-05-12 08:05:00,164138736,-0.006163748784119761,-0.008921941189759863,-0.0034055563784796575,35.808507099999936,-86.44685230718586,10208,-0.1,35.8,-86.5,4.885386356733691
2024-05-12 08:06:00,164138736,-0.014679111565369924,-0.02080575818905692,-0.008552464941682929,35.808507099999936,-86.44685230718586,10208,-0.1,35.8,-86.5,4.885386356733691
2024-05-12 08:07:00,164138736,0.03676753502687353,0.024494609360282582,0.049040460693464474,35.808507099999936,-86.44685230718586,10208,-0.1,35.8,-86.5,4.885386356733691
2024-05-12 08:08:00,164138736,-0.0329477891235762,-0.043924092004951655,-0.02197148624220075,35.808507099999936,-86.44685230718586,10208,-0.1,35.8,-86.5,4.885386356733691
2024-05-12 08:09:00,164138736,0.0005240334547359669,-0.006170200252066031,0.007218267161537965,35.808507099999936,-86.44685230718586,10208,-0.1,35.8,-86.5,4.885386356733691
2024-05-12 08:10:00,164138736,-0.016936889012227063,-0.02362856635341427,-0.010245211671039856,35.808507099999936,-86.44685230718586,10208,-0.1,35.8,-86.5,4.885386356733691
2024-05-12 08:11:00,164138736,-0.0053004606025044195,-0.008057330307259455,-0.002543590897749383,35.808507099999936,-86.44685230718586,10208,0.0,35.8,-86.5,4.885386356733691
2024-05-12 08:12:00,164138736,-0.013963682665949951,-0.018980228469975616,-0.008947136861924285,35.808507099999936,-86.44685230718586,10208,-0.1,35.8,-86.5,4.885386356733691
2024-05-12 08:13:00,164138736,-0.004969363975781439,-0.012590415642119344,0.002651687690556467,35.808507099999936,-86.44685230718586,10208,-0.1,35.8,-86.5,4.885386356733691
2024-05-12 08:14:00,164138736,-0.0124168028427437,-0.028307392900583227,0.0034737872150958273,35.808507099999936,-86.44685230718586,10208,-0.2,35.8,-86.5,4.885386356733691
2024-05-12 08:15:00,164138736,-0.021083411307806287,-0.03979663228839943,-0.002370190327213143,35.808507099999936,-86.44685230718586,10208,-0.2,35.8,-86.5,4.885386356733691
2024-05-12 08:16:00,164138736,0.010699053979513224,0.002558560921600868,0.01883954703742558,35.808507099999936,-86.44685230718586,10208,-0.2,35.8,-86.5,4.885386356733691
2024-05-12 08:17:00,164138736,0.01609796602291474,0.009604814975951063,0.02259111706987842,35.808507099999936,-86.44685230718586,10208,-0.2,35.8,-86.5,4.885386356733691
2024-05-12 08:18:00,164138736,-0.014647570406741237,-0.020040125286919643,-0.00925501552656283,35.808507099999936,-86.44685230718586,10208,-0.1,35.8,-86.5,4.885386356733691
2024-05-12 08:19:00,164138736,-0.0020662214664620847,-0.005181738264256865,0.0010492953313326952,35.808507099999936,-86.44685230718586,10208,-0.1,35.8,-86.5,4.885386356733691
2024-05-12 08:20:00,164138736,-0.009122904948764948,-0.013037749616119098,-0.005208060281410797,35.808507099999936,-86.44685230718586,10208,-0.1,35.8,-86.5,4.885386356733691
2024-05-12 08:21:00,164138736,-0.032317874370682696,-0.04835810400860613,-0.016277644732759264,35.808507099999936,-86.44685230718586,10208,-0.2,35.8,-86.5,4.885386356733691
2024-05-12 08:22:00,164138736,-0.015526450353736595,-0.024722091110683096,-0.006330809596790091,35.808507099999936,-86.44685230718586,10208,-0.1,35.8,-86.5,4.885386356733691
2024-05-12 08:23:00,164138736,0.030337900624791487,0.015823412344393738,0.044852388905189236,35.808507099999936,-86.44685230718586,10208,-0.2,35.8,-86.5,4.885386356733691
2024-05-12 08:24:00,164138736,-0.0057937885661532434,-0.013476796103932924,0.001889218971626438,35.808507099999936,-86.44685230718586,10208,-0.1,35.8,-86.5,4.885386356733691
2024-05-12 08:25:00,164138736,0.028255062449595716,0.01650804094526395,0.040002083953927486,35.808507099999936,-86.44685230718586,10208,-0.2,35.8,-86.5,4.885386356733691
2024-05-12 08:26:00,164138736,0.05435897940024483,0.03492137628704768,0.07379658251344198,35.808507099999936,-86.44685230718586,10208,-0.1,35.8,-86.5,4.885386356733691
2024-05-12 08:27:00,164138736,0.07680785968629161,0.04964493624260273,0.1039707831299805,35.808507099999936,-86.44685230718586,10208,-0.2,35.8,-86.5,4.885386356733691
2024-05-12 08:28:00,164138736,0.021257046171700145,0.00999819557220094,0.03251589677119935,35.808507099999936,-86.44685230718586,10208,-0.1,35.8,-86.5,4.885386356733691
2024-05-12 08:29:00,164138736,0.034703493919962594,0.0214124814059021,0.04799450643402309,35.808507099999936,-86.44685230718586,10208,-0.2,35.8,-86.5,4.885386356733691
2024-05-12 08:30:00,164138736,0.01797388124241473,0.010855908956169308,0.025091853528660155,35.808507099999936,-86.44685230718586,10208,-0.2,35.8,-86.5,4.885386356733691
2024-05-12 08:31:00,164138736,0.019880042111384603,0.013319279477743567,0.02644080474502564,35.808507099999936,-86.44685230718586,10208,-0.1,35.8,-86.5,4.885386356733691
2024-05-12 08:32:00,164138736,0.05382620446539278,0.03533128508839019,0.07232112384239538,35.808507099999936,-86.44685230718586,10208,0.0,35.8,-86.5,4.885386356733691
2024-05-12 08:33:00,164138736,0.10212577199005968,0.06902094345539078,0.13523060052472857,35.808507099999936,-86.44685230718586,10208,-0.1,35.8,-86.5,4.885386356733691
2024-05-12 08:34:00,164138736,0.04377553666607999,0.028845552010145898,0.05870552132201408,35.808507099999936,-86.44685230718586,10208,-0.1,35.8,-86.5,4.885386356733691
2024-05-12 08:35:00,164138736,0.028243464435918585,0.01844812503242558,0.03803880383941159,35.808507099999936,-86.44685230718586,10208,0.0,35.8,-86.5,4.885386356733691
2024-05-12 08:36:00,164138736,0.06375951196174134,0.042007986232318856,0.08551103769116383,35.808507099999936,-86.44685230718586,10208,-0.1,35.8,-86.5,4.885386356733691
2024-05-12 08:37:00,164138736,0.07249152075146058,0.04617461842812297,0.09880842307479819,35.808507099999936,-86.44685230718586,10208,-0.2,35.8,-86.5,4.885386356733691
2024-05-12 08:38:00,164138736,0.013920675529757039,0.001474571040543389,0.02636678001897069,35.808507099999936,-86.44685230718586,10208,-0.1,35.8,-86.5,4.885386356733691
2024-05-12 08:39:00,164138736,0.007138389625562143,-0.005950745140873472,0.020227524391997757,35.808507099999936,-86.44685230718586,10208,-0.2,35.8,-86.5,4.885386356733691
2024-05-12 08:40:00,164138736,-0.06246390018835113,-0.08474849601004217,-0.04017930436666009,35.808507099999936,-86.44685230718586,10208,-0.1,35.8,-86.5,4.885386356733691
2024-05-12 08:41:00,164138736,0.0030587204527197545,-0.0014414935761298893,0.007558934481569399,35.808507099999936,-86.44685230718586,10208,-0.2,35.8,-86.5,4.885386356733691
2024-05-12 08:42:00,164138736,0.05416086141744074,0.036744522935413124,0.07157719989946836,35.808507099999936,-86.44685230718586,10208,-0.1,35.8,-86.5,4.885386356733691
2024-05-12 08:43:00,164138736,0.020614177649984765,0.013115698983849615,0.028112656316119915,35.808507099999936,-86.44685230718586,10208,-0.1,35.8,-86.5,4.885386356733691
2024-05-12 08:44:00,164138736,0.03809953393275576,0.024144318502846963,0.052054749362664555,35.808507099999936,-86.44685230718586,10208,-0.1,35.8,-86.5,4.885386356733691
2024-05-12 08:45:00,164138736,0.032661545733597426,0.021259259057711078,0.04406383240948378,35.808507099999936,-86.44685230718586,10208,-0.1,35.8,-86.5,4.885386356733691
2024-05-12 08:46:00,164138736,-0.044942490270495336,-0.060457295870720955,-0.029427684670269717,35.808507099999936,-86.44685230718586,10208,-0.2,35.8,-86.5,4.885386356733691
2024-05-12 08:47:00,164138736,-0.04548397718376975,-0.06193864858041487,-0.029029305787124638,35.808507099999936,-86.44685230718586,10208,-0.2,35.8,-86.5,4.885386356733691
2024-05-12 08:48:00,164138736,-0.000747547906440781,-0.009524932118473543,0.00802983630559198,35.808507099999936,-86.44685230718586,10208,-0.1,35.8,-86.5,4.885386356733691
2024-05-12 08:49:00,164138736,-0.008441210033593759,-0.03063319135571676,0.013750771288529242,35.808507099999936,-86.44685230718586,10208,-0.2,35.8,-86.5,4.885386356733691
2024-05-12 08:50:00,164138736,0.019700683838742326,-0.004403053963216833,0.04380442164070149,35.808507099999936,-86.44685230718586,10208,-0.3,35.8,-86.5,4.885386356733691
2024-05-12 08:51:00,164138736,0.0028149763368967,-0.019041011529876126,0.02467096420366953,35.808507099999936,-86.44685230718586,10208,-0.2,35.8,-86.5,4.885386356733691
2024-05-12 08:52:00,164138736,-0.027885300967223546,-0.053299759271798364,-0.002470842662648725,35.808507099999936,-86.44685230718586,10208,-0.2,35.8,-86.5,4.885386356733691
2024-05-12 08:53:00,164138736,0.06284152186790729,0.04118356683424723,0.08449947690156734,35.808507099999936,-86.44685230718586,10208,-0.1,35.8,-86.5,4.885386356733691
2024-05-12 08:54:00,164138736,0.1710190712082843,0.1152496638764208,0.2267884785401478,35.808507099999936,-86.44685230718586,10208,0.0,35.8,-86.5,4.885386356733691
2024-05-12 08:55:00,164138736,0.18697379239870546,0.1253900794742237,0.2485575053231872,35.808507099999936,-86.44685230718586,10208,0.1,35.8,-86.5,4.885386356733691
2024-05-12 08:56:00,164138736,0.13785592485131556,0.09297852550585378,0.18273332419677735,35.808507099999936,-86.44685230718586,10208,0.0,35.8,-86.5,4.885386356733691
2024-05-12 08:57:00,164138736,0.0281625502688338,0.013211052924290534,0.04311404761337707,35.808507099999936,-86.44685230718586,10208,-0.1,35.8,-86.5,4.885386356733691
2024-05-12 08:58:00,164138736,0.016556006994677134,-8.297021229734455e-05,0.03319498420165161,35.808507099999936,-86.44685230718586,10208,-0.2,35.8,-86.5,4.885386356733691
2024-05-12 08:59:00,164138736,0.002453946193433401,-0.01876074617696081,0.02366863856382761,35.808507099999936,-86.44685230718586,10208,-0.2,35.8,-86.5,4.885386356733691
2024-05-12 09:00:00,164138736,-0.012534664594333446,-0.02709741967333696,0.002028090484670066,35.808507099999936,-86.44685230718586,10208,-0.2,35.8,-86.5,4.885386356733691
2024-05-12 09:01:00,164138736,-0.030681306111708374,-0.045834617295663675,-0.01552799492775307,35.808507099999936,-86.44685230718586,10208,-0.1,35.8,-86.5,4.885386356733691
2024-05-12 09:02:00,164138736,0.02189156507275292,0.014406118834954611,0.02937701131055123,35.808507099999936,-86.44685230718586,10208,-0.1,35.8,-86.5,4.885386356733691
2024-05-12 09:03:00,164138736,0.046494058738559704,0.02671840083894613,0.06626971663817327,35.808507099999936,-86.44685230718586,10208,0.0,35.8,-86.5,4.885386356733691
2024-05-12 09:04:00,164138736,-0.024700887506250255,-0.03928118141630394,-0.010120593596196567,35.808507099999936,-86.44685230718586,10208,0.0,35.8,-86.5,4.885386356733691
2024-05-12 09:05:00,164138736,0.03745136889500673,0.024340782760141698,0.05056195502987176,35.808507099999936,-86.44685230718586,10208,-0.1,35.8,-86.5,4.885386356733691
2024-05-12 09:06:00,164138736,0.04009216554868759,0.026147637736737357,0.05403669336063782,35.808507099999936,-86.44685230718586,10208,-0.2,35.8,-86.5,4.885386356733691
2024-05-12 09:07:00,164138736,0.0036811978927617436,-0.002264894718411227,0.009627290503934714,35.808507099999936,-86.44685230718586,10208,-0.2,35.8,-86.5,4.885386356733691
2024-05-12 09:08:00,164138736,0.03632743645612233,0.02248625333899088,0.05016861957325378,35.808507099999936,-86.44685230718586,10208,-0.1,35.8,-86.5,4.885386356733691
2024-05-12 09:09:00,164138736,0.10873833805743527,0.07345047755642592,0.14402619855844462,35.808507099999936,-86.44685230718586,10208,-0.1,35.8,-86.5,4.885386356733691
2024-05-12 09:10:00,164138736,0.11522087092037239,0.07784775351282225,0.15259398832792254,35.808507099999936,-86.44685230718586,10208,-0.1,35.8,-86.5,4.885386356733691
2024-05-12 09:11:00,164138736,0.07531348345820024,0.049608668568560166,0.10101829834784032,35.808507099999936,-86.44685230718586,10208,-0.1,35.8,-86.5,4.885386356733691
2024-05-12 09:12:00,164138736,0.07862491774414719,0.05142851728808362,0.10582131820021076,35.808507099999936,-86.44685230718586,10208,-0.2,35.8,-86.5,4.885386356733691
2024-05-12 09:13:00,164138736,-0.0250098825543217,-0.036781619801609246,-0.013238145307034155,35.808507099999936,-86.44685230718586,10208,-0.1,35.8,-86.5,4.885386356733691
2024-05-12 09:14:00,164138736,0.10752572096187794,0.07274303226712701,0.1423084096566289,35.808507099999936,-86.44685230718586,10208,-0.1,35.8,-86.5,4.885386356733691
2024-05-12 09:15:00,164138736,0.16514352414939895,0.1114168008536164,0.21887024744518152,35.808507099999936,-86.44685230718586,10208,0.1,35.8,-86.5,4.885386356733691
2024-05-12 09:16:00,164138736,0.29628418625483355,0.19837482125021727,0.3941935512594498,35.808507099999936,-86.44685230718586,10208,-0.1,35.8,-86.5,4.885386356733691
2024-05-12 09:17:00,164138736,0.4222394870124412,0.280992832233634,0.5634861417912483,35.808507099999936,-86.44685230718586,10208,-0.2,35.8,-86.5,4.885386356733691
2024-05-12 09:18:00,164138736,0.359146620975538,0.2414452954326845,0.4768479465183915,35.808507099999936,-86.44685230718586,10208,-0.1,35.8,-86.5,4.885386356733691
2024-05-12 09:19:00,164138736,0.3914383642610962,0.26369467531492913,0.5191820532072633,35.808507099999936,-86.44685230718586,10208,0.2,35.8,-86.5,4.885386356733691
2024-05-12 09:20:00,164138736,0.24058753336205446,0.16074673617160945,0.3204283305524995,35.808507099999936,-86.44685230718586,10208,-0.2,35.8,-86.5,4.885386356733691
2024-05-12 09:21:00,164138736,0.22902861584251008,0.14379510438520043,0.3142621272998197,35.808507099999936,-86.44685230718586,10208,-0.2,35.8,-86.5,4.885386356733691
2024-05-12 09:22:00,164138736,0.09316194273917244,0.04691797067365052,0.13940591480469436,35.808507099999936,-86.44685230718586,10208,-0.1,35.8,-86.5,4.885386356733691
2024-05-12 09:23:00,164138736,0.09319360318725832,0.055647297294877704,0.13073990907963895,35.808507099999936,-86.44685230718586,10208,0.1,35.8,-86.5,4.885386356733691
2024-05-12 09:24:00,164138736,0.09604060385318594,0.06518620729660904,0.12689500040976284,35.808507099999936,-86.44685230718586,10208,0.2,35.8,-86.5,4.885386356733691
2024-05-12 09:25:00,164138736,0.14090887299302288,0.09448651316253243,0.18733123282351333,35.808507099999936,-86.44685230718586,10208,0.2,35.8,-86.5,4.885386356733691
2024-05-12 09:26:00,164138736,0.046717189026905054,0.026697683027471723,0.06673669502633839,35.808507099999936,-86.44685230718586,10208,0.1,35.8,-86.5,4.885386356733691
2024-05-12 09:27:00,164138736,0.043153635831831606,0.019951379537584676,0.06635589212607854,35.808507099999936,-86.44685230718586,10208,0.1,35.8,-86.5,4.885386356733691
2024-05-12 09:28:00,164138736,-0.017116817196664507,-0.03945412507600013,0.005220490682671112,35.808507099999936,-86.44685230718586,10208,0.0,35.8,-86.5,4.885386356733691
2024-05-12 09:29:00,164138736,-0.05763501999116858,-0.08516421830686578,-0.030105821675471378,35.808507099999936,-86.44685230718586,10208,0.0,35.8,-86.5,4.885386356733691
2024-05-12 09:30:00,164138736,-0.0841714208688845,-0.11659776524241308,-0.051745076495355924,35.808507099999936,-86.44685230718586,10208,-0.1,35.8,-86.5,4.885386356733691
2024-05-12 09:31:00,164138736,-0.047788593058788145,-0.06789123012153048,-0.02768595599604581,35.808507099999936,-86.44685230718586,10208,-0.2,35.8,-86.5,4.885386356733691
2024-05-12 09:32:00,164138736,-0.04565190595512672,-0.061503231439625924,-0.029800580470627516,35.808507099999936,-86.44685230718586,10208,-0.1,35.8,-86.5,4.885386356733691
2024-05-12 09:33:00,164138736,-0.06367563479846167,-0.08910908603816271,-0.03824218355876062,35.808507099999936,-86.44685230718586,10208,-0.1,35.8,-86.5,4.885386356733691
2024-05-12 09:34:00,164138736,-0.057358147236991425,-0.07693282454778991,-0.03778346992619294,35.808507099999936,-86.44685230718586,10208,-0.1,35.8,-86.5,4.885386356733691
2024-05-12 09:35:00,164138736,-0.04202315658230708,-0.057457781018283596,-0.026588532146330557,35.808507099999936,-86.44685230718586,10208,-0.2,35.8,-86.5,4.885386356733691
2024-05-12 09:36:00,164138736,-0.12247050938866005,-0.16299788762558048,-0.08194313115173962,35.808507099999936,-86.44685230718586,10208,-0.2,35.8,-86.5,4.885386356733691
2024-05-12 09:37:00,164138736,-0.15976438541579102,-0.2139800526654079,-0.10554871816617414,35.808507099999936,-86.44685230718586,10208,-0.2,35.8,-86.5,4.885386356733691
2024-05-12 09:38:00,164138736,-0.04289151200048861,-0.05814736245869689,-0.02763566154228033,35.808507099999936,-86.44685230718586,10208,0.0,35.8,-86.5,4.885386356733691
2024-05-12 09:39:00,164138736,-0.054434257461147655,-0.07337160784280888,-0.035496907079486426,35.808507099999936,-86.44685230718586,10208,-0.2,35.8,-86.5,4.885386356733691
2024-05-12 09:40:00,164138736,-0.04649694733917913,-0.06434791800353695,-0.028645976674821307,35.808507099999936,-86.44685230718586,10208,-0.2,35.8,-86.5,4.885386356733691
2024-05-12 09:41:00,164138736,-0.020275210885289698,-0.027758503248095805,-0.012791918522483592,35.808507099999936,-86.44685230718586,10208,-0.1,35.8,-86.5,4.885386356733691
2024-05-12 09:42:00,164138736,0.041554987791326915,0.027702273996387708,0.05540770158626612,35.808507099999936,-86.44685230718586,10208,-0.1,35.8,-86.5,4.885386356733691
2024-05-12 09:43:00,164138736,0.023251182694682036,0.015702145231478972,0.0308002201578851,35.808507099999936,-86.44685230718586,10208,-0.1,35.8,-86.5,4.885386356733691
2024-05-12 09:44:00,164138736,0.0011813885105802617,-0.0005887164447664389,0.0029514934659269623,35.808507099999936,-86.44685230718586,10208,-0.1,35.8,-86.5,4.885386356733691
2024-05-12 09:45:00,164138736,-0.004266620283569357,-0.008286145705292007,-0.00024709486184670577,35.808507099999936,-86.44685230718586,10208,-0.2,35.8,-86.5,4.885386356733691
2024-05-12 09:46:00,164138736,-0.025843214371417622,-0.03807427141913888,-0.013612157323696361,35.808507099999936,-86.44685230718586,10208,-0.2,35.8,-86.5,4.885386356733691
2024-05-12 09:47:00,164138736,0.02013040118034686,0.013357197329785162,0.02690360503090856,35.808507099999936,-86.44685230718586,10208,-0.1,35.8,-86.5,4.885386356733691
2024-05-12 09:48:00,164138736,0.04892325898345557,0.032956637934782804,0.06488988003212834,35.808507099999936,-86.44685230718586,10208,-0.2,35.8,-86.5,4.885386356733691
2024-05-12 09:49:00,164138736,0.048947106613436236,0.03202718444065278,0.0658670287862197,35.808507099999936,-86.44685230718586,10208,-0.2,35.8,-86.5,4.885386356733691
2024-05-12 09:50:00,164138736,-0.04790258247257481,-0.06404955107023676,-0.031755613874912866,35.808507099999936,-86.44685230718586,10208,-0.2,35.8,-86.5,4.885386356733691
2024-05-12 09:51:00,164138736,-0.07334071802627984,-0.0998287315372111,-0.04685270451534858,35.808507099999936,-86.44685230718586,10208,-0.1,35.8,-86.5,4.885386356733691
2024-05-12 09:52:00,164138736,-0.08702236193494663,-0.11696690240504591,-0.05707782146484734,35.808507099999936,-86.44685230718586,10208,-0.1,35.8,-86.5,4.885386356733691
2024-05-12 09:53:00,164138736,-0.05998737922673588,-0.08219714840313502,-0.03777761005033673,35.808507099999936,-86.44685230718586,10208,-0.1,35.8,-86.5,4.885386356733691
2024-05-12 09:54:00,164138736,-0.04569699480458242,-0.06118390228678644,-0.0302100873223784,35.808507099999936,-86.44685230718586,10208,-0.2,35.8,-86.5,4.885386356733691
2024-05-12 09:55:00,164138736,0.03567546954793103,0.023208734959506643,0.048142204136355414,35.808507099999936,-86.44685230718586,10208,-0.2,35.8,-86.5,4.885386356733691
2024-05-12 09:56:00,164138736,0.09798178451527824,0.0649336136532898,0.1310299553772667,35.808507099999936,-86.44685230718586,10208,-0.1,35.8,-86.5,4.885386356733691
2024-05-12 09:57:00,164138736,0.1841360065226757,0.12399580726678658,0.24427620577856482,35.808507099999936,-86.44685230718586,10208,0.1,35.8,-86.5,4.885386356733691
2024-05-12 09:58:00,164138736,0.2076072051529926,0.13959735975552726,0.27561705055045793,35.808507099999936,-86.44685230718586,10208,-0.1,35.8,-86.5,4.885386356733691
2024-05-12 09:59:00,164138736,0.07504022081345621,0.047195351884286876,0.10288508974262554,35.808507099999936,-86.44685230718586,10208,-0.2,35.8,-86.5,4.885386356733691
2024-05-12 10:00:00,164138736,0.05062164327163542,0.03226892696464406,0.06897435957862678,35.808507099999936,-86.44685230718586,10208,-0.1,35.8,-86.5,4.885386356733691
2024-05-12 10:01:00,164138736,0.10341596571326496,0.06973658930186888,0.13709534212466104,35.808507099999936,-86.44685230718586,10208,0.0,35.8,-86.5,4.885386356733691
2024-05-12 10:02:00,164138736,0.13281685085848186,0.08935226316879329,0.1762814385481704,35.808507099999936,-86.44685230718586,10208,0.1,35.8,-86.5,4.885386356733691
2024-05-12 10:03:00,164138736,0.15012674132849277,0.09778037442224688,0.20247310823473866,35.808507099999936,-86.44685230718586,10208,0.1,35.8,-86.5,4.885386356733691
2024-05-12 10:04:00,164138736,0.019595065370212085,0.006350493702831517,0.032839637037592656,35.808507099999936,-86.44685230718586,10208,0.0,35.8,-86.5,4.885386356733691
2024-05-12 10:05:00,164138736,0.024725777115209357,0.006468837311367898,0.04298271691905081,35.808507099999936,-86.44685230718586,10208,0.1,35.8,-86.5,4.885386356733691
2024-05-12 10:06:00,164138736,0.035165862421421855,0.019445994910281646,0.05088572993256206,35.808507099999936,-86.44685230718586,10208,0.1,35.8,-86.5,4.885386356733691
2024-05-12 10:07:00,164138736,0.005384265614902724,0.003012963992826452,0.007755567236978997,35.808507099999936,-86.44685230718586,10208,0.1,35.8,-86.5,4.885386356733691
2024-05-12 10:08:00,164138736,-0.03486131515451622,-0.05020048913983444,-0.01952214116919801,35.808507099999936,-86.44685230718586,10208,0.0,35.8,-86.5,4.885386356733691
2024-05-12 10:09:00,164138736,0.055854525434626136,0.035724919571365865,0.0759841312978864,35.808507099999936,-86.44685230718586,10208,0.0,35.8,-86.5,4.885386356733691
2024-05-12 10:10:00,164138736,0.05398996708452421,0.03643737456964666,0.07154255959940176,35.808507099999936,-86.44685230718586,10208,0.0,35.8,-86.5,4.885386356733691
2024-05-12 10:11:00,164138736,0.09125736854825152,0.06153930821826658,0.12097542887823645,35.808507099999936,-86.44685230718586,10208,0.0,35.8,-86.5,4.885386356733691
2024-05-12 10:12:00,164138736,0.06721362156922495,0.04525356778896658,0.08917367534948331,35.808507099999936,-86.44685230718586,10208,0.1,35.8,-86.5,4.885386356733691
2024-05-12 10:13:00,164138736,0.1151745301729573,0.07579259050198978,0.15455646984392482,35.808507099999936,-86.44685230718586,10208,0.1,35.8,-86.5,4.885386356733691
2024-05-12 10:14:00,164138736,0.07590856597017905,0.04872259890808622,0.10309453303227187,35.808507099999936,-86.44685230718586,10208,0.1,35.8,-86.5,4.885386356733691
2024-05-12 10:15:00,164138736,0.10910477474702632,0.07142843701371791,0.1467811124803347,35.808507099999936,-86.44685230718586,10208,0.1,35.8,-86.5,4.885386356733691
2024-05-12 10:16:00,164138736,0.03842840342210617,0.025635730588845353,0.05122107625536698,35.808507099999936,-86.44685230718586,10208,0.0,35.8,-86.5,4.885386356733691
2024-05-12 10:17:00,164138736,0.04270975078282616,0.028640746453275454,0.05677875511237687,35.808507099999936,-86.44685230718586,10208,0.0,35.8,-86.5,4.885386356733691
2024-05-12 10:18:00,164138736,0.03786715293940715,0.025280455568843677,0.05045385030997063,35.808507099999936,-86.44685230718586,10208,0.1,35.8,-86.5,4.885386356733691
2024-05-12 10:19:00,164138736,-0.03798432853611508,-0.05171632329723295,-0.024252333774997213,35.808507099999936,-86.44685230718586,10208,0.0,35.8,-86.5,4.885386356733691
2024-05-12 10:20:00,164138736,0.044439658272082,0.026760087820688703,0.062119228723475306,35.808507099999936,-86.44685230718586,10208,0.0,35.8,-86.5,4.885386356733691
2024-05-12 10:21:00,164138736,0.061598264056720746,0.0399464094569188,0.0832501186565227,35.808507099999936,-86.44685230718586,10208,0.0,35.8,-86.5,4.885386356733691
2024-05-12 10:22:00,164138736,-0.006263952850092957,-0.017912548539248115,0.005384642839062201,35.808507099999936,-86.44685230718586,10208,0.0,35.8,-86.5,4.885386356733691
2024-05-12 10:23:00,164138736,-0.13677568057277656,-0.18161053825335777,-0.09194082289219536,35.808507099999936,-86.44685230718586,10208,0.0,35.8,-86.5,4.885386356733691
2024-05-12 10:24:00,164138736,-0.06423045134656608,-0.08536006363198477,-0.04310083906114738,35.808507099999936,-86.44685230718586,10208,-0.1,35.8,-86.5,4.885386356733691
2024-05-12 10:25:00,164138736,0.02384614194890518,0.006370188894259408,0.041322095003550954,35.808507099999936,-86.44685230718586,10208,0.0,35.8,-86.5,4.885386356733691
2024-05-12 10:26:00,164138736,0.029242743119827917,0.003834819018077272,0.05465066722157856,35.808507099999936,-86.44685230718586,10208,0.0,35.8,-86.5,4.885386356733691
2024-05-12 10:27:00,164138736,-0.02835346534898318,-0.04352405693505789,-0.013182873762908472,35.808507099999936,-86.44685230718586,10208,0.0,35.8,-86.5,4.885386356733691
2024-05-12 10:28:00,164138736,-0.031355194702353664,-0.04595617711478467,-0.01675421228992266,35.808507099999936,-86.44685230718586,10208,0.1,35.8,-86.5,4.885386356733691
2024-05-12 10:29:00,164138736,-0.06714271488972133,-0.08963973247488863,-0.04464569730455403,35.808507099999936,-86.44685230718586,10208,0.1,35.8,-86.5,4.885386356733691
2024-05-12 10:30:00,164138736,-0.07445084367250547,-0.09909043789883629,-0.049811249446174655,35.808507099999936,-86.44685230718586,10208,0.0,35.8,-86.5,4.885386356733691
2024-05-12 10:31:00,164138736,0.09738508069282742,0.06058993164256946,0.13418022974308538,35.808507099999936,-86.44685230718586,10208,-0.1,35.8,-86.5,4.885386356733691
2024-05-12 10:32:00,164138736,0.1961156438482473,0.1318065195880042,0.2604247681084904,35.808507099999936,-86.44685230718586,10208,0.0,35.8,-86.5,4.885386356733691
2024-05-12 10:33:00,164138736,0.05236105287163227,0.03229907496773814,0.0724230307755264,35.808507099999936,-86.44685230718586,10208,0.1,35.8,-86.5,4.885386356733691
2024-05-12 10:34:00,164138736,0.014566965366099293,-0.0016226771765755817,0.030756607908774165,35.808507099999936,-86.44685230718586,10208,0.1,35.8,-86.5,4.885386356733691
2024-05-12 10:35:00,164138736,0.05232209011301068,0.03109677083835067,0.07354740938767068,35.808507099999936,-86.44685230718586,10208,0.1,35.8,-86.5,4.885386356733691
2024-05-12 10:36:00,164138736,0.018816549664146563,0.012294270461293885,0.02533882886699924,35.808507099999936,-86.44685230718586,10208,-0.2,35.8,-86.5,4.885386356733691
2024-05-12 10:37:00,164138736,-0.04477056979171045,-0.05928317729439618,-0.03025796228902472,35.808507099999936,-86.44685230718586,10208,0.0,35.8,-86.5,4.885386356733691
2024-05-12 10:38:00,164138736,-0.08665912682046487,-0.11539039383406645,-0.05792785980686328,35.808507099999936,-86.44685230718586,10208,0.0,35.8,-86.5,4.885386356733691
2024-05-12 10:39:00,164138736,-0.06906975526174765,-0.0919761184043865,-0.04616339211910879,35.808507099999936,-86.44685230718586,10208,0.0,35.8,-86.5,4.885386356733691
2024-05-12 10:40:00,164138736,-0.09353167720504792,-0.12437837212844546,-0.06268498228165037,35.808507099999936,-86.44685230718586,10208,0.1,35.8,-86.5,4.885386356733691
2024-05-12 10:41:00,164138736,-0.05796689801193679,-0.0802459007907975,-0.03568789523307607,35.808507099999936,-86.44685230718586,10208,0.0,35.8,-86.5,4.885386356733691
2024-05-12 10:42:00,164138736,-0.08193637255301152,-0.10990177105886118,-0.05397097404716186,35.808507099999936,-86.44685230718586,10208,0.0,35.8,-86.5,4.885386356733691
2024-05-12 10:43:00,164138736,-0.0707195515430607,-0.0942583335413879,-0.0471807695447335,35.808507099999936,-86.44685230718586,10208,-0.1,35.8,-86.5,4.885386356733691
2024-05-12 10:44:00,164138736,-0.14358128520090788,-0.19106000973233545,-0.09610256066948031,35.808507099999936,-86.44685230718586,10208,0.0,35.8,-86.5,4.885386356733691
2024-05-12 10:45:00,164138736,-0.14387513233177118,-0.19087832830257132,-0.09687193636097105,35.808507099999936,-86.44685230718586,10208,0.0,35.8,-86.5,4.885386356733691
2024-05-12 10:46:00,164138736,-0.1316518879770511,-0.17512762087872585,-0.08817615507537636,35.808507099999936,-86.44685230718586,10208,0.0,35.8,-86.5,4.885386356733691
2024-05-12 10:47:00,164138736,-0.12745326849623823,-0.17016475571131093,-0.08474178128116552,35.808507099999936,-86.44685230718586,10208,-0.1,35.8,-86.5,4.885386356733691
2024-05-12 10:48:00,164138736,-0.15863640483145594,-0.21426691849602175,-0.10300589116689012,35.808507099999936,-86.44685230718586,10208,0.0,35.8,-86.5,4.885386356733691
2024-05-12 10:49:00,164138736,-0.1460173554923924,-0.19787290840884358,-0.0941618025759412,35.808507099999936,-86.44685230718586,10208,-0.1,35.8,-86.5,4.885386356733691
2024-05-12 10:50:00,164138736,-0.13216684901962844,-0.17862582330472818,-0.0857078747345287,35.808507099999936,-86.44685230718586,10208,-0.1,35.8,-86.5,4.885386356733691
2024-05-12 10:51:00,164138736,-0.14854569682035978,-0.19708280312658588,-0.10000859051413369,35.808507099999936,-86.44685230718586,10208,-0.1,35.8,-86.5,4.885386356733691
2024-05-12 10:52:00,164138736,-0.14839243167346167,-0.19680763873348076,-0.09997722461344258,35.808507099999936,-86.44685230718586,10208,-0.2,35.8,-86.5,4.885386356733691
2024-05-12 10:53:00,164138736,-0.10298736510696872,-0.137455050862595,-0.06851967935134246,35.808507099999936,-86.44685230718586,10208,-0.1,35.8,-86.5,4.885386356733691
2024-05-12 10:54:00,164138736,-0.11630320853648285,-0.15665731993271947,-0.07594909714024622,35.808507099999936,-86.44685230718586,10208,-0.1,35.8,-86.5,4.885386356733691
2024-05-12 10:55:00,164138736,-0.12098444494210239,-0.16055270063074678,-0.081416189253458,35.808507099999936,-86.44685230718586,10208,0.0,35.8,-86.5,4.885386356733691
2024-05-12 10:56:00,164138736,-0.14916844422494957,-0.1992739902961544,-0.09906289815374475,35.808507099999936,-86.44685230718586,10208,0.0,35.8,-86.5,4.885386356733691
2024-05-12 10:57:00,164138736,-0.21144769972574814,-0.28165533837423234,-0.14124006107726395,35.808507099999936,-86.44685230718586,10208,0.0,35.8,-86.5,4.885386356733691
2024-05-12 10:58:00,164138736,-0.16880789104530936,-0.22399271743239754,-0.11362306465822117,35.808507099999936,-86.44685230718586,10208,-0.1,35.8,-86.5,4.885386356733691
2024-05-12 10:59:00,164138736,-0.1263728600343603,-0.167514704016034,-0.0852310160526866,35.808507099999936,-86.44685230718586,10208,-0.2,35.8,-86.5,4.885386356733691
2024-05-12 11:00:00,164138736,-0.014174451744628579,-0.020379171490987676,-0.007969731998269482,35.808507099999936,-86.44685230718586,10208,-0.2,35.8,-86.5,4.885386356733691
2024-05-12 11:01:00,164138736,0.011742849316305174,0.0011755196764736478,0.0223101789561367,35.808507099999936,-86.44685230718586,10208,-0.3,35.8,-86.5,4.885386356733691
2024-05-12 11:02:00,164138736,0.009506628268023185,-0.008963108628589933,0.0279763651646363,35.808507099999936,-86.44685230718586,10208,-0.3,35.8,-86.5,4.885386356733691
2024-05-12 11:03:00,164138736,0.012776239133153735,-0.011225610948749116,0.036778089215056584,35.808507099999936,-86.44685230718586,10208,-0.2,35.8,-86.5,4.885386356733691
2024-05-12 11:04:00,164138736,0.024058886157961284,0.004862773222994325,0.043254999092928244,35.808507099999936,-86.44685230718586,10208,-0.1,35.8,-86.5,4.885386356733691
2024-05-12 11:05:00,164138736,0.0664790447879014,0.04170865226419957,0.09124943731160323,35.808507099999936,-86.44685230718586,10208,0.0,35.8,-86.5,4.885386356733691
2024-05-12 11:06:00,164138736,0.06862262246106884,0.04560660445419922,0.09163864046793846,35.808507099999936,-86.44685230718586,10208,0.0,35.8,-86.5,4.885386356733691
2024-05-12 11:07:00,164138736,0.06526254886096167,0.04362270593702708,0.08690239178489625,35.808507099999936,-86.44685230718586,10208,0.1,35.8,-86.5,4.885386356733691
2024-05-12 11:08:00,164138736,0.053984077007239825,0.03443792578610631,0.07353022822837334,35.808507099999936,-86.44685230718586,10208,0.0,35.8,-86.5,4.885386356733691
2024-05-12 11:09:00,164138736,0.03246025696006011,0.017797364624884945,0.04712314929523527,35.808507099999936,-86.44685230718586,10208,0.1,35.8,-86.5,4.885386356733691
2024-05-12 11:10:00,164138736,-0.0029766594874594304,-0.014977072048519021,0.009023753073600161,35.808507099999936,-86.44685230718586,10208,0.0,35.8,-86.5,4.885386356733691
2024-05-12 11:11:00,164138736,-0.0487977305593792,-0.06479338518582398,-0.03280207593293442,35.808507099999936,-86.44685230718586,10208,0.0,35.8,-86.5,4.885386356733691
2024-05-12 11:12:00,164138736,-0.0676496514716081,-0.08948859364953349,-0.045810709293682715,35.808507099999936,-86.44685230718586,10208,0.0,35.8,-86.5,4.885386356733691
2024-05-12 11:13:00,164138736,-0.061946661101946035,-0.08202809551311466,-0.04186522669077742,35.808507099999936,-86.44685230718586,10208,0.0,35.8,-86.5,4.885386356733691
2024-05-12 11:14:00,164138736,-0.05816356912906649,-0.07776726728134618,-0.0385598709767868,35.808507099999936,-86.44685230718586,10208,0.0,35.8,-86.5,4.885386356733691
2024-05-12 11:15:00,164138736,-0.057942332079848266,-0.0775468082968779,-0.038337855862818626,35.808507099999936,-86.44685230718586,10208,0.0,35.8,-86.5,4.885386356733691
2024-05-12 11:16:00,164138736,-0.03735386964532458,-0.05240109381058817,-0.022306645480060998,35.808507099999936,-86.44685230718586,10208,0.0,35.8,-86.5,4.885386356733691
2024-05-12 11:17:00,164138736,-0.06107199488667409,-0.0867209510742902,-0.03542303869905798,35.808507099999936,-86.44685230718586,10208,0.0,35.8,-86.5,4.885386356733691
2024-05-12 11:18:00,164138736,-0.07126026884693384,-0.09819838068063337,-0.04432215701323432,35.808507099999936,-86.44685230718586,10208,0.0,35.8,-86.5,4.885386356733691
2024-05-12 11:19:00,164138736,-0.0818188172823323,-0.10990959458543395,-0.053728039979230646,35.808507099999936,-86.44685230718586,10208,0.0,35.8,-86.5,4.885386356733691
2024-05-12 11:20:00,164138736,-0.09290819097543292,-0.12350577318902324,-0.06231060876184259,35.808507099999936,-86.44685230718586,10208,0.1,35.8,-86.5,4.885386356733691
2024-05-12 11:21:00,164138736,-0.14399170250241677,-0.19099984641292392,-0.09698355859190963,35.808507099999936,-86.44685230718586,10208,0.1,35.8,-86.5,4.885386356733691
2024-05-12 11:22:00,164138736,-0.10938604132954355,-0.1450355336267455,-0.07373654903234159,35.808507099999936,-86.44685230718586,10208,0.0,35.8,-86.5,4.885386356733691
2024-05-12 11:23:00,164138736,-0.06737608098310356,-0.08901064709844382,-0.0457415148677633,35.808507099999936,-86.44685230718586,10208,0.0,35.8,-86.5,4.885386356733691
2024-05-12 11:24:00,164138736,-0.14412387009026142,-0.19131244393171135,-0.0969352962488115,35.808507099999936,-86.44685230718586,10208,-0.1,35.8,-86.5,4.885386356733691
2024-05-12 11:25:00,164138736,-0.06480394374947461,-0.08578090176172708,-0.04382698573722214,35.808507099999936,-86.44685230718586,10208,-0.1,35.8,-86.5,4.885386356733691
2024-05-12 11:26:00,164138736,0.023339739083121428,0.014009372452907384,0.03267010571333547,35.808507099999936,-86.44685230718586,10208,-0.1,35.8,-86.5,4.885386356733691
2024-05-12 11:27:00,164138736,0.0035041160205104803,-0.0010046293293430961,0.008012861370364057,35.808507099999936,-86.44685230718586,10208,0.0,35.8,-86.5,4.885386356733691
2024-05-12 11:28:00,164138736,-0.014718831106569435,-0.019814786963367886,-0.009622875249770983,35.808507099999936,-86.44685230718586,10208,0.0,35.8,-86.5,4.885386356733691
2024-05-12 11:29:00,164138736,-0.04371391660668502,-0.05791256511293831,-0.029515268100431733,35.808507099999936,-86.44685230718586,10208,0.0,35.8,-86.5,4.885386356733691
2024-05-12 11:30:00,164138736,-0.04731662239736571,-0.06440222236117538,-0.030231022433556055,35.808507099999936,-86.44685230718586,10208,0.0,35.8,-86.5,4.885386356733691
2024-05-12 11:31:00,164138736,0.008891914944241491,-0.0011657578929076956,0.018949587781390678,35.808507099999936,-86.44685230718586,10208,-0.1,35.8,-86.5,4.885386356733691
2024-05-12 11:32:00,164138736,0.035268625799408676,0.02013361543533091,0.05040363616348644,35.808507099999936,-86.44685230718586,10208,-0.1,35.8,-86.5,4.885386356733691
2024-05-12 11:33:00,164138736,0.05138930299575487,0.03162192302600437,0.07115668296550537,35.808507099999936,-86.44685230718586,10208,0.0,35.8,-86.5,4.885386356733691
2024-05-12 11:34:00,164138736,0.0693132391533919,0.04243747263526294,0.09618900567152085,35.808507099999936,-86.44685230718586,10208,-0.1,35.8,-86.5,4.885386356733691
2024-05-12 11:35:00,164138736,0.06991416043536168,0.043820911617040784,0.09600740925368258,35.808507099999936,-86.44685230718586,10208,0.0,35.8,-86.5,4.885386356733691
2024-05-12 11:36:00,164138736,0.049537130226284046,0.03267582824410556,0.06639843220846253,35.808507099999936,-86.44685230718586,10208,0.1,35.8,-86.5,4.885386356733691
2024-05-12 11:37:00,164138736,-0.009170821671848258,-0.019967244453271797,0.0016256011095752785,35.808507099999936,-86.44685230718586,10208,0.2,35.8,-86.5,4.885386356733691
2024-05-12 11:38:00,164138736,-0.04163284660908866,-0.05793788414257255,-0.025327809075604772,35.808507099999936,-86.44685230718586,10208,0.1,35.8,-86.5,4.885386356733691
2024-05-12 11:39:00,164138736,0.031170489087390195,0.01931884545197427,0.04302213272280612,35.808507099999936,-86.44685230718586,10208,0.0,35.8,-86.5,4.885386356733691
2024-05-12 11:40:00,164138736,0.039470618734763784,0.025909732518931687,0.05303150495059588,35.808507099999936,-86.44685230718586,10208,0.0,35.8,-86.5,4.885386356733691
2024-05-12 11:41:00,164138736,0.03830476567179225,0.021906133083177938,0.054703398260406565,35.808507099999936,-86.44685230718586,10208,0.0,35.8,-86.5,4.885386356733691
2024-05-12 11:42:00,164138736,0.06211174744924765,0.041301305291348234,0.08292218960714706,35.808507099999936,-86.44685230718586,10208,0.0,35.8,-86.5,4.885386356733691
2024-05-12 11:43:00,164138736,0.038633181091595914,0.025448889472572248,0.05181747271061958,35.808507099999936,-86.44685230718586,10208,0.1,35.8,-86.5,4.885386356733691
2024-05-12 11:44:00,164138736,-0.0036021388050045994,-0.007662103109040079,0.0004578254990308798,35.808507099999936,-86.44685230718586,10208,0.1,35.8,-86.5,4.885386356733691
2024-05-12 11:45:00,164138736,-0.02877881499690022,-0.038002595949620285,-0.01955503404418015,35.808507099999936,-86.44685230718586,10208,0.2,35.8,-86.5,4.885386356733691
2024-05-12 11:46:00,164138736,-0.0046990411587826105,-0.008411805278255401,-0.00098627703930982,35.808507099999936,-86.44685230718586,10208,0.2,35.8,-86.5,4.885386356733691
2024-05-12 11:47:00,164138736,0.02194592579147041,0.009840482288019457,0.03405136929492136,35.808507099999936,-86.44685230718586,10208,0.1,35.8,-86.5,4.885386356733691
2024-05-12 11:48:00,164138736,-0.03165536673981308,-0.04827528606809353,-0.015035447411532631,35.808507099999936,-86.44685230718586,10208,0.2,35.8,-86.5,4.885386356733691
2024-05-12 11:49:00,164138736,-0.06346365358497605,-0.08533359689656929,-0.04159371027338281,35.808507099999936,-86.44685230718586,10208,0.2,35.8,-86.5,4.885386356733691
2024-05-12 11:50:00,164138736,-0.10445192153612559,-0.13829632892762697,-0.07060751414462421,35.808507099999936,-86.44685230718586,10208,0.1,35.8,-86.5,4.885386356733691
2024-05-12 11:51:00,164138736,-0.0654468241360016,-0.08656514473675261,-0.044328503535250585,35.808507099999936,-86.44685230718586,10208,0.0,35.8,-86.5,4.885386356733691
2024-05-12 11:52:00,164138736,-0.0643813358350496,-0.08613502768042489,-0.0426276439896743,35.808507099999936,-86.44685230718586,10208,0.0,35.8,-86.5,4.885386356733691
2024-05-12 11:53:00,164138736,-0.07191704324851841,-0.09517622751740705,-0.04865785897962978,35.808507099999936,-86.44685230718586,10208,0.1,35.8,-86.5,4.885386356733691
2024-05-12 11:54:00,164138736,-0.04194454354733208,-0.055586879783685414,-0.028302207310978753,35.808507099999936,-86.44685230718586,10208,-0.1,35.8,-86.5,4.885386356733691
2024-05-12 11:55:00,164138736,-0.04014773134745923,-0.0535783946989067,-0.026717067996011756,35.808507099999936,-86.44685230718586,10208,0.0,35.8,-86.5,4.885386356733691
2024-05-12 11:56:00,164138736,-0.012265239374382671,-0.017810836491884856,-0.006719642256880489,35.808507099999936,-86.44685230718586,10208,0.0,35.8,-86.5,4.885386356733691
2024-05-12 11:57:00,164138736,0.01791750991913642,0.00953521380227778,0.026299806035995063,35.808507099999936,-86.44685230718586,10208,0.0,35.8,-86.5,4.885386356733691
2024-05-12 11:58:00,164138736,0.007206221835759156,0.0011207366280816915,0.01329170704343662,35.808507099999936,-86.44685230718586,10208,0.0,35.8,-86.5,4.885386356733691
2024-05-12 11:59:00,164138736,0.023168555184667674,0.006615424383694078,0.03972168598564127,35.808507099999936,-86.44685230718586,10208,0.0,35.8,-86.5,4.885386356733691
2024-05-12 12:00:00,164138736,-0.013941914704957101,-0.024233711312967532,-0.003650118096946672,35.808507099999936,-86.44685230718586,10208,0.1,35.8,-86.5,4.885386356733691
