timestamp,substation,Sim GIC (Median),Sim GIC (2.5),Sim GIC (97.5),sub lat,sub lon,site_1_device,site_1_gic,site_1_Latitude,site_1_Longitude,site_1_Distance
2024-05-10 12:00:00,105031194,0.03847832433902133,0.016243864353415075,0.060712784324627594,33.4122281035946,-112.50028495142833,10063,0.0,33.4,-112.5,1.3599603290246456
2024-05-10 12:01:00,105031194,0.012766814170960575,0.0011898015048036042,0.024343826837117548,33.4122281035946,-112.50028495142833,10063,0.0,33.4,-112.5,1.3599603290246456
2024-05-10 12:02:00,105031194,0.023962157940594097,0.011289433451748961,0.036634882429439235,33.4122281035946,-112.50028495142833,10063,0.0,33.4,-112.5,1.3599603290246456
2024-05-10 12:03:00,105031194,0.018475036914658762,0.006393875477553381,0.030556198351764145,33.4122281035946,-112.50028495142833,10063,0.0,33.4,-112.5,1.3599603290246456
2024-05-10 12:04:00,105031194,0.03534534763396854,0.016862188495436824,0.05382850677250025,33.4122281035946,-112.50028495142833,10063,0.0,33.4,-112.5,1.3599603290246456
2024-05-10 12:05:00,105031194,0.02739425706783634,0.011757511699331282,0.04303100243634139,33.4122281035946,-112.50028495142833,10063,0.0,33.4,-112.5,1.3599603290246456
2024-05-10 12:06:00,105031194,0.029511784533513077,0.013309378402236244,0.045714190664789905,33.4122281035946,-112.50028495142833,10063,0.0,33.4,-112.5,1.3599603290246456
2024-05-10 12:07:00,105031194,0.01642714650129472,0.003992953857966785,0.028861339144622657,33.4122281035946,-112.50028495142833,10063,0.0,33.4,-112.5,1.3599603290246456
2024-05-10 12:08:00,105031194,0.017969829308681358,0.006207968961876087,0.02973168965548663,33.4122281035946,-112.50028495142833,10063,0.0,33.4,-112.5,1.3599603290246456
2024-05-10 12:09:00,105031194,0.022783444189223786,0.009052016325810186,0.036514872052637384,33.4122281035946,-112.50028495142833,10063,0.0,33.4,-112.5,1.3599603290246456
2024-05-10 12:10:00,105031194,0.03159150015460426,0.015288068036118017,0.04789493227309051,33.4122281035946,-112.50028495142833,10063,0.0,33.4,-112.5,1.3599603290246456
2024-05-10 12:11:00,105031194,0.023460171517173768,0.013630205863926378,0.03329013717042116,33.4122281035946,-112.50028495142833,10063,-0.1,33.4,-112.5,1.3599603290246456
2024-05-10 12:12:00,105031194,0.024573579083376547,0.01444986787148216,0.03469729029527093,33.4122281035946,-112.50028495142833,10063,0.0,33.4,-112.5,1.3599603290246456
2024-05-10 12:13:00,105031194,0.024643001852984212,0.01404612141287047,0.035239882293097956,33.4122281035946,-112.50028495142833,10063,0.0,33.4,-112.5,1.3599603290246456
2024-05-10 12:14:00,105031194,0.034281306375485654,0.020204750687293722,0.048357862063677585,33.4122281035946,-112.50028495142833,10063,0.0,33.4,-112.5,1.3599603290246456
2024-05-10 12:15:00,105031194,0.03448428785169315,0.020064293157186153,0.04890428254620015,33.4122281035946,-112.50028495142833,10063,0.0,33.4,-112.5,1.3599603290246456
2024-05-10 12:16:00,105031194,0.03258725480563976,0.019703742854620045,0.045470766756659474,33.4122281035946,-112.50028495142833,10063,0.0,33.4,-112.5,1.3599603290246456
2024-05-10 12:17:00,105031194,0.022505286441594222,0.012841823573259425,0.03216874930992902,33.4122281035946,-112.50028495142833,10063,0.0,33.4,-112.5,1.3599603290246456
2024-05-10 12:18:00,105031194,0.030482719340163254,0.018232368724276728,0.04273306995604978,33.4122281035946,-112.50028495142833,10063,0.0,33.4,-112.5,1.3599603290246456
2024-05-10 12:19:00,105031194,0.030610311236629325,0.018243203049412265,0.042977419423846384,33.4122281035946,-112.50028495142833,10063,0.0,33.4,-112.5,1.3599603290246456
2024-05-10 12:20:00,105031194,0.027941548620889847,0.016563435915504892,0.039319661326274805,33.4122281035946,-112.50028495142833,10063,0.0,33.4,-112.5,1.3599603290246456
2024-05-10 12:21:00,105031194,0.011946138690576194,0.003130397721698902,0.020761879659453485,33.4122281035946,-112.50028495142833,10063,0.0,33.4,-112.5,1.3599603290246456
2024-05-10 12:22:00,105031194,0.009671210740051171,0.001473710458846646,0.017868711021255694,33.4122281035946,-112.50028495142833,10063,0.0,33.4,-112.5,1.3599603290246456
2024-05-10 12:23:00,105031194,0.00960947571086063,0.001306970926134644,0.017911980495586614,33.4122281035946,-112.50028495142833,10063,0.0,33.4,-112.5,1.3599603290246456
2024-05-10 12:24:00,105031194,0.020573729646560224,0.01120992666760962,0.029937532625510827,33.4122281035946,-112.50028495142833,10063,0.0,33.4,-112.5,1.3599603290246456
2024-05-10 12:25:00,105031194,0.016467394374945855,0.008504408604475083,0.024430380145416628,33.4122281035946,-112.50028495142833,10063,-0.1,33.4,-112.5,1.3599603290246456
2024-05-10 12:26:00,105031194,0.011688423313534256,0.0037986501678024427,0.01957819645926607,33.4122281035946,-112.50028495142833,10063,0.0,33.4,-112.5,1.3599603290246456
2024-05-10 12:27:00,105031194,0.006545022318313247,-0.0034693801175428134,0.016559424754169307,33.4122281035946,-112.50028495142833,10063,-0.1,33.4,-112.5,1.3599603290246456
2024-05-10 12:28:00,105031194,0.012250510948192036,-0.0001573812415086983,0.02465840313789277,33.4122281035946,-112.50028495142833,10063,-0.1,33.4,-112.5,1.3599603290246456
2024-05-10 12:29:00,105031194,0.006057605601618707,-0.004545997701163294,0.016661208904400707,33.4122281035946,-112.50028495142833,10063,0.0,33.4,-112.5,1.3599603290246456
2024-05-10 12:30:00,105031194,0.017456772681094447,0.005680919441615185,0.02923262592057371,33.4122281035946,-112.50028495142833,10063,0.0,33.4,-112.5,1.3599603290246456
2024-05-10 12:31:00,105031194,0.01893341237727849,0.007664796385088589,0.030202028369468392,33.4122281035946,-112.50028495142833,10063,0.0,33.4,-112.5,1.3599603290246456
2024-05-10 12:32:00,105031194,0.026469772429652465,0.014036484115315398,0.03890306074398953,33.4122281035946,-112.50028495142833,10063,-0.1,33.4,-112.5,1.3599603290246456
2024-05-10 12:33:00,105031194,0.028440116057309547,0.014525929830087561,0.042354302284531534,33.4122281035946,-112.50028495142833,10063,0.0,33.4,-112.5,1.3599603290246456
2024-05-10 12:34:00,105031194,0.026761980626459052,0.01333310825594771,0.040190852996970394,33.4122281035946,-112.50028495142833,10063,0.0,33.4,-112.5,1.3599603290246456
2024-05-10 12:35:00,105031194,0.01484900529250414,0.0017114310586893878,0.02798657952631889,33.4122281035946,-112.50028495142833,10063,0.0,33.4,-112.5,1.3599603290246456
2024-05-10 12:36:00,105031194,0.017186664223929466,0.0045067671233633665,0.029866561324495566,33.4122281035946,-112.50028495142833,10063,-0.1,33.4,-112.5,1.3599603290246456
2024-05-10 12:37:00,105031194,0.012453104027427025,-0.0031826393784226137,0.028088847433276665,33.4122281035946,-112.50028495142833,10063,0.0,33.4,-112.5,1.3599603290246456
2024-05-10 12:38:00,105031194,0.019603336150413684,0.004304145089841914,0.034902527210985454,33.4122281035946,-112.50028495142833,10063,0.0,33.4,-112.5,1.3599603290246456
2024-05-10 12:39:00,105031194,0.014819206628901366,-0.0008812549237015854,0.03051966818150432,33.4122281035946,-112.50028495142833,10063,0.0,33.4,-112.5,1.3599603290246456
2024-05-10 12:40:00,105031194,0.01854025792695359,0.0022256236134680814,0.0348548922404391,33.4122281035946,-112.50028495142833,10063,0.0,33.4,-112.5,1.3599603290246456
2024-05-10 12:41:00,105031194,0.016333399877955634,0.00019635096872214555,0.03247044878718912,33.4122281035946,-112.50028495142833,10063,-0.1,33.4,-112.5,1.3599603290246456
2024-05-10 12:42:00,105031194,0.02202848668735682,0.0058520967712765715,0.03820487660343707,33.4122281035946,-112.50028495142833,10063,0.0,33.4,-112.5,1.3599603290246456
2024-05-10 12:43:00,105031194,0.02299322258377037,0.00496217137951413,0.04102427378802661,33.4122281035946,-112.50028495142833,10063,-0.1,33.4,-112.5,1.3599603290246456
2024-05-10 12:44:00,105031194,0.033309552900341134,0.01440190539898058,0.05221720040170169,33.4122281035946,-112.50028495142833,10063,-0.1,33.4,-112.5,1.3599603290246456
2024-05-10 12:45:00,105031194,0.02769218943042991,0.009414508210507641,0.04596987065035218,33.4122281035946,-112.50028495142833,10063,0.0,33.4,-112.5,1.3599603290246456
2024-05-10 12:46:00,105031194,0.033314657132351363,0.013092105269410462,0.05353720899529227,33.4122281035946,-112.50028495142833,10063,-0.1,33.4,-112.5,1.3599603290246456
2024-05-10 12:47:00,105031194,0.019475334005669663,-0.00023794943567903223,0.03918861744701836,33.4122281035946,-112.50028495142833,10063,0.0,33.4,-112.5,1.3599603290246456
2024-05-10 12:48:00,105031194,0.03049507395368429,0.01135322121602176,0.04963692669134682,33.4122281035946,-112.50028495142833,10063,0.0,33.4,-112.5,1.3599603290246456
2024-05-10 12:49:00,105031194,0.027983646567728993,0.01140282466823022,0.044564468467227766,33.4122281035946,-112.50028495142833,10063,-0.1,33.4,-112.5,1.3599603290246456
2024-05-10 12:50:00,105031194,0.03214832986066399,0.013057981945866048,0.05123867777546193,33.4122281035946,-112.50028495142833,10063,0.0,33.4,-112.5,1.3599603290246456
2024-05-10 12:51:00,105031194,0.0239444508066723,0.005282946217928443,0.04260595539541616,33.4122281035946,-112.50028495142833,10063,0.0,33.4,-112.5,1.3599603290246456
2024-05-10 12:52:00,105031194,0.03304992104160721,0.014412768984576003,0.05168707309863841,33.4122281035946,-112.50028495142833,10063,0.0,33.4,-112.5,1.3599603290246456
2024-05-10 12:53:00,105031194,0.02731217494039542,0.00816376231572211,0.046460587565068726,33.4122281035946,-112.50028495142833,10063,0.0,33.4,-112.5,1.3599603290246456
2024-05-10 12:54:00,105031194,0.03357158998211221,0.013552543990365103,0.05359063597385932,33.4122281035946,-112.50028495142833,10063,0.0,33.4,-112.5,1.3599603290246456
2024-05-10 12:55:00,105031194,0.026074005675707525,0.0060867059587352244,0.04606130539267983,33.4122281035946,-112.50028495142833,10063,0.0,33.4,-112.5,1.3599603290246456
2024-05-10 12:56:00,105031194,0.029269833576072324,0.009250220352830268,0.04928944679931438,33.4122281035946,-112.50028495142833,10063,0.0,33.4,-112.5,1.3599603290246456
2024-05-10 12:57:00,105031194,0.026950548989126424,0.006971390950128581,0.04692970702812427,33.4122281035946,-112.50028495142833,10063,0.0,33.4,-112.5,1.3599603290246456
2024-05-10 12:58:00,105031194,0.031012973184816956,0.010864647121245546,0.051161299248388366,33.4122281035946,-112.50028495142833,10063,0.0,33.4,-112.5,1.3599603290246456
2024-05-10 12:59:00,105031194,0.03048447210522296,0.01077428178057398,0.050194662429871945,33.4122281035946,-112.50028495142833,10063,-0.1,33.4,-112.5,1.3599603290246456
2024-05-10 13:00:00,105031194,0.03880431462013055,0.019324896953703204,0.05828373228655789,33.4122281035946,-112.50028495142833,10063,0.0,33.4,-112.5,1.3599603290246456
2024-05-10 13:01:00,105031194,0.029564022384765576,0.009578686197940486,0.049549358571590665,33.4122281035946,-112.50028495142833,10063,0.0,33.4,-112.5,1.3599603290246456
2024-05-10 13:02:00,105031194,0.02849413026128251,0.010819356121863064,0.046168904400701954,33.4122281035946,-112.50028495142833,10063,0.0,33.4,-112.5,1.3599603290246456
2024-05-10 13:03:00,105031194,0.01795819378217255,-0.0003196646195649036,0.03623605218391,33.4122281035946,-112.50028495142833,10063,0.0,33.4,-112.5,1.3599603290246456
2024-05-10 13:04:00,105031194,0.025397781433106077,0.008153993413940134,0.042641569452272016,33.4122281035946,-112.50028495142833,10063,0.0,33.4,-112.5,1.3599603290246456
2024-05-10 13:05:00,105031194,0.023944258504172495,0.009003580084590962,0.03888493692375403,33.4122281035946,-112.50028495142833,10063,0.0,33.4,-112.5,1.3599603290246456
2024-05-10 13:06:00,105031194,0.025125938158991157,0.010715750203940428,0.039536126114041885,33.4122281035946,-112.50028495142833,10063,0.0,33.4,-112.5,1.3599603290246456
2024-05-10 13:07:00,105031194,0.03287757096758444,0.01714695378736182,0.048608188147807055,33.4122281035946,-112.50028495142833,10063,0.0,33.4,-112.5,1.3599603290246456
2024-05-10 13:08:00,105031194,0.03312212401618224,0.016901329229127713,0.04934291880323677,33.4122281035946,-112.50028495142833,10063,0.0,33.4,-112.5,1.3599603290246456
2024-05-10 13:09:00,105031194,0.023583714864543526,0.007534988689415479,0.039632441039671576,33.4122281035946,-112.50028495142833,10063,0.0,33.4,-112.5,1.3599603290246456
2024-05-10 13:10:00,105031194,0.04546895287149028,0.02574769463236585,0.06519021111061471,33.4122281035946,-112.50028495142833,10063,0.0,33.4,-112.5,1.3599603290246456
2024-05-10 13:11:00,105031194,0.03172512247696441,0.013363054677010943,0.05008719027691787,33.4122281035946,-112.50028495142833,10063,0.0,33.4,-112.5,1.3599603290246456
2024-05-10 13:12:00,105031194,0.04021361740005499,0.020342569498853234,0.060084665301256744,33.4122281035946,-112.50028495142833,10063,0.0,33.4,-112.5,1.3599603290246456
2024-05-10 13:13:00,105031194,0.04150020146280303,0.02301587640439238,0.05998452652121369,33.4122281035946,-112.50028495142833,10063,0.0,33.4,-112.5,1.3599603290246456
2024-05-10 13:14:00,105031194,0.0603216604532716,0.036882617845436665,0.08376070306110653,33.4122281035946,-112.50028495142833,10063,0.1,33.4,-112.5,1.3599603290246456
2024-05-10 13:15:00,105031194,0.06807579450486671,0.04202533842381778,0.09412625058591564,33.4122281035946,-112.50028495142833,10063,0.0,33.4,-112.5,1.3599603290246456
2024-05-10 13:16:00,105031194,0.07631233538311899,0.046564718970262285,0.10605995179597569,33.4122281035946,-112.50028495142833,10063,0.0,33.4,-112.5,1.3599603290246456
2024-05-10 13:17:00,105031194,0.07284905600657962,0.04493225600906512,0.10076585600409413,33.4122281035946,-112.50028495142833,10063,0.0,33.4,-112.5,1.3599603290246456
2024-05-10 13:18:00,105031194,0.06012563573145179,0.036665380774283475,0.0835858906886201,33.4122281035946,-112.50028495142833,10063,0.0,33.4,-112.5,1.3599603290246456
2024-05-10 13:19:00,105031194,0.031232822635793855,0.012876294832441071,0.04958935043914664,33.4122281035946,-112.50028495142833,10063,0.1,33.4,-112.5,1.3599603290246456
2024-05-10 13:20:00,105031194,0.02885596593444377,0.009540209775384723,0.04817172209350282,33.4122281035946,-112.50028495142833,10063,0.0,33.4,-112.5,1.3599603290246456
2024-05-10 13:21:00,105031194,0.01893661052462104,-0.0013923574749660078,0.03926557852420809,33.4122281035946,-112.50028495142833,10063,0.0,33.4,-112.5,1.3599603290246456
2024-05-10 13:22:00,105031194,0.022214600001862983,0.0034719611357755774,0.040957238867950385,33.4122281035946,-112.50028495142833,10063,0.0,33.4,-112.5,1.3599603290246456
2024-05-10 13:23:00,105031194,0.014787440805481939,-0.005258782961954702,0.03483366457291858,33.4122281035946,-112.50028495142833,10063,0.0,33.4,-112.5,1.3599603290246456
2024-05-10 13:24:00,105031194,0.025511618350418916,0.005480311294058779,0.04554292540677905,33.4122281035946,-112.50028495142833,10063,0.0,33.4,-112.5,1.3599603290246456
2024-05-10 13:25:00,105031194,0.0251469726705332,0.005003668709146574,0.045290276631919826,33.4122281035946,-112.50028495142833,10063,0.0,33.4,-112.5,1.3599603290246456
2024-05-10 13:26:00,105031194,0.03447127488290338,0.01362944066981684,0.05531310909598992,33.4122281035946,-112.50028495142833,10063,0.0,33.4,-112.5,1.3599603290246456
2024-05-10 13:27:00,105031194,0.02524969095152973,0.00462502619940363,0.045874355703655834,33.4122281035946,-112.50028495142833,10063,0.0,33.4,-112.5,1.3599603290246456
2024-05-10 13:28:00,105031194,0.02158264904749086,0.0035509916408371055,0.03961430645414461,33.4122281035946,-112.50028495142833,10063,0.0,33.4,-112.5,1.3599603290246456
2024-05-10 13:29:00,105031194,0.019184203021805138,-0.0013505117269257717,0.039718917770536044,33.4122281035946,-112.50028495142833,10063,0.0,33.4,-112.5,1.3599603290246456
2024-05-10 13:30:00,105031194,0.024033911646338516,0.004809854685402303,0.043257968607274724,33.4122281035946,-112.50028495142833,10063,0.0,33.4,-112.5,1.3599603290246456
2024-05-10 13:31:00,105031194,0.023102559279539577,0.0022701126187366534,0.0439350059403425,33.4122281035946,-112.50028495142833,10063,0.0,33.4,-112.5,1.3599603290246456
2024-05-10 13:32:00,105031194,0.03184348936976453,0.01075812752775291,0.052928851211776144,33.4122281035946,-112.50028495142833,10063,0.0,33.4,-112.5,1.3599603290246456
2024-05-10 13:33:00,105031194,0.028911414378810497,0.008092117171363447,0.049730711586257546,33.4122281035946,-112.50028495142833,10063,0.0,33.4,-112.5,1.3599603290246456
2024-05-10 13:34:00,105031194,0.031937002325041,0.013489418082321271,0.05038458656776073,33.4122281035946,-112.50028495142833,10063,0.0,33.4,-112.5,1.3599603290246456
2024-05-10 13:35:00,105031194,0.040239510311830304,0.018934983796691483,0.06154403682696913,33.4122281035946,-112.50028495142833,10063,0.0,33.4,-112.5,1.3599603290246456
2024-05-10 13:36:00,105031194,0.046346356547822744,0.02510645457546374,0.06758625852018174,33.4122281035946,-112.50028495142833,10063,0.0,33.4,-112.5,1.3599603290246456
2024-05-10 13:37:00,105031194,0.03684869116314577,0.0177872727325068,0.05591010959378474,33.4122281035946,-112.50028495142833,10063,0.0,33.4,-112.5,1.3599603290246456
2024-05-10 13:38:00,105031194,0.03142998818183238,0.013471163992313816,0.04938881237135095,33.4122281035946,-112.50028495142833,10063,0.1,33.4,-112.5,1.3599603290246456
2024-05-10 13:39:00,105031194,0.020981448545214897,0.0018928260720746867,0.04007007101835511,33.4122281035946,-112.50028495142833,10063,0.0,33.4,-112.5,1.3599603290246456
2024-05-10 13:40:00,105031194,0.02349843317642808,0.005314519828145972,0.04168234652471019,33.4122281035946,-112.50028495142833,10063,0.0,33.4,-112.5,1.3599603290246456
2024-05-10 13:41:00,105031194,0.02076140164378619,0.0004857582689617758,0.04103704501861061,33.4122281035946,-112.50028495142833,10063,0.0,33.4,-112.5,1.3599603290246456
2024-05-10 13:42:00,105031194,0.03242341912126012,0.013159529297028509,0.051687308945491735,33.4122281035946,-112.50028495142833,10063,0.0,33.4,-112.5,1.3599603290246456
2024-05-10 13:43:00,105031194,0.01890144175070106,8.131812294598015e-05,0.03772156537845614,33.4122281035946,-112.50028495142833,10063,0.0,33.4,-112.5,1.3599603290246456
2024-05-10 13:44:00,105031194,0.018490786770263713,0.0010173645554926794,0.035964208985034746,33.4122281035946,-112.50028495142833,10063,0.0,33.4,-112.5,1.3599603290246456
2024-05-10 13:45:00,105031194,0.02201172698544708,0.002221728100606609,0.04180172587028755,33.4122281035946,-112.50028495142833,10063,0.0,33.4,-112.5,1.3599603290246456
2024-05-10 13:46:00,105031194,0.025447627270266292,0.006323082538858299,0.044572172001674286,33.4122281035946,-112.50028495142833,10063,0.0,33.4,-112.5,1.3599603290246456
2024-05-10 13:47:00,105031194,0.00898489380486987,-0.009619980794851695,0.027589768404591434,33.4122281035946,-112.50028495142833,10063,0.0,33.4,-112.5,1.3599603290246456
2024-05-10 13:48:00,105031194,0.019559805304026696,-0.001961036708813098,0.04108064731686649,33.4122281035946,-112.50028495142833,10063,0.0,33.4,-112.5,1.3599603290246456
2024-05-10 13:49:00,105031194,0.014307954622110404,-0.002294769850948281,0.03091067909516909,33.4122281035946,-112.50028495142833,10063,0.0,33.4,-112.5,1.3599603290246456
2024-05-10 13:50:00,105031194,0.007852316898443965,-0.008433773814045744,0.024138407610933672,33.4122281035946,-112.50028495142833,10063,0.0,33.4,-112.5,1.3599603290246456
2024-05-10 13:51:00,105031194,0.006644524785298202,-0.008956071027506904,0.02224512059810331,33.4122281035946,-112.50028495142833,10063,0.0,33.4,-112.5,1.3599603290246456
2024-05-10 13:52:00,105031194,0.016051101997246842,0.002018839029919374,0.03008336496457431,33.4122281035946,-112.50028495142833,10063,0.1,33.4,-112.5,1.3599603290246456
2024-05-10 13:53:00,105031194,0.04237694235111267,0.024795002853475506,0.059958881848749826,33.4122281035946,-112.50028495142833,10063,0.1,33.4,-112.5,1.3599603290246456
2024-05-10 13:54:00,105031194,0.07757232756701701,0.04801969562783358,0.10712495950620045,33.4122281035946,-112.50028495142833,10063,0.1,33.4,-112.5,1.3599603290246456
2024-05-10 13:55:00,105031194,0.05950110285708629,0.03655083905008355,0.08245136666408903,33.4122281035946,-112.50028495142833,10063,0.1,33.4,-112.5,1.3599603290246456
2024-05-10 13:56:00,105031194,0.07359573056449867,0.045616823821501805,0.10157463730749552,33.4122281035946,-112.50028495142833,10063,0.0,33.4,-112.5,1.3599603290246456
2024-05-10 13:57:00,105031194,0.07261455187429312,0.045037257717250964,0.10019184603133528,33.4122281035946,-112.50028495142833,10063,0.0,33.4,-112.5,1.3599603290246456
2024-05-10 13:58:00,105031194,0.06149641223097766,0.03760019749457144,0.08539262696738388,33.4122281035946,-112.50028495142833,10063,0.0,33.4,-112.5,1.3599603290246456
2024-05-10 13:59:00,105031194,0.047389447888333755,0.027971140448747198,0.06680775532792031,33.4122281035946,-112.50028495142833,10063,0.0,33.4,-112.5,1.3599603290246456
2024-05-10 14:00:00,105031194,0.026055971843714287,0.009571143934815673,0.0425407997526129,33.4122281035946,-112.50028495142833,10063,0.0,33.4,-112.5,1.3599603290246456
2024-05-10 14:01:00,105031194,0.03412452652725977,0.018027852254702884,0.050221200799816665,33.4122281035946,-112.50028495142833,10063,0.0,33.4,-112.5,1.3599603290246456
2024-05-10 14:02:00,105031194,0.03492136979779056,0.019487690110687208,0.0503550494848939,33.4122281035946,-112.50028495142833,10063,0.1,33.4,-112.5,1.3599603290246456
2024-05-10 14:03:00,105031194,0.023358345940412386,0.010061137072085361,0.03665555480873941,33.4122281035946,-112.50028495142833,10063,0.0,33.4,-112.5,1.3599603290246456
2024-05-10 14:04:00,105031194,0.04598342275159739,0.02654201171722518,0.06542483378596961,33.4122281035946,-112.50028495142833,10063,0.1,33.4,-112.5,1.3599603290246456
2024-05-10 14:05:00,105031194,0.02193847331960241,0.00708170337941764,0.03679524325978718,33.4122281035946,-112.50028495142833,10063,0.0,33.4,-112.5,1.3599603290246456
2024-05-10 14:06:00,105031194,0.025784822961710568,0.010337332281074734,0.041232313642346405,33.4122281035946,-112.50028495142833,10063,0.0,33.4,-112.5,1.3599603290246456
2024-05-10 14:07:00,105031194,0.022275243618318848,0.006690994465323154,0.03785949277131454,33.4122281035946,-112.50028495142833,10063,0.0,33.4,-112.5,1.3599603290246456
2024-05-10 14:08:00,105031194,0.02921378213409241,0.013658676014494364,0.04476888825369046,33.4122281035946,-112.50028495142833,10063,0.1,33.4,-112.5,1.3599603290246456
2024-05-10 14:09:00,105031194,0.02485525724412418,0.009166130940225559,0.040544383548022804,33.4122281035946,-112.50028495142833,10063,0.1,33.4,-112.5,1.3599603290246456
2024-05-10 14:10:00,105031194,0.018284274554824783,0.003645746463219879,0.03292280264642969,33.4122281035946,-112.50028495142833,10063,0.0,33.4,-112.5,1.3599603290246456
2024-05-10 14:11:00,105031194,0.0019379415380119938,-0.015363080203473496,0.019238963279497485,33.4122281035946,-112.50028495142833,10063,0.0,33.4,-112.5,1.3599603290246456
2024-05-10 14:12:00,105031194,0.010080115054121881,-0.007836160328753599,0.02799639043699736,33.4122281035946,-112.50028495142833,10063,0.0,33.4,-112.5,1.3599603290246456
2024-05-10 14:13:00,105031194,0.0021745438695761734,-0.021037952685301498,0.025387040424453843,33.4122281035946,-112.50028495142833,10063,0.1,33.4,-112.5,1.3599603290246456
2024-05-10 14:14:00,105031194,-0.004607204800746695,-0.021515144175462523,0.012300734573969133,33.4122281035946,-112.50028495142833,10063,0.0,33.4,-112.5,1.3599603290246456
2024-05-10 14:15:00,105031194,0.015121704538327512,-0.003617490155566583,0.03386089923222161,33.4122281035946,-112.50028495142833,10063,0.0,33.4,-112.5,1.3599603290246456
2024-05-10 14:16:00,105031194,0.027787271392298862,0.010854105294808396,0.04472043748978933,33.4122281035946,-112.50028495142833,10063,0.0,33.4,-112.5,1.3599603290246456
2024-05-10 14:17:00,105031194,0.010384604865841657,-0.006429704919195773,0.027198914650879088,33.4122281035946,-112.50028495142833,10063,0.1,33.4,-112.5,1.3599603290246456
2024-05-10 14:18:00,105031194,0.024834777380262556,0.005149881203152202,0.04451967355737291,33.4122281035946,-112.50028495142833,10063,0.0,33.4,-112.5,1.3599603290246456
2024-05-10 14:19:00,105031194,0.028956414446325733,0.013048891835604311,0.04486393705704715,33.4122281035946,-112.50028495142833,10063,0.0,33.4,-112.5,1.3599603290246456
2024-05-10 14:20:00,105031194,0.02751798561723062,0.007818214316237599,0.047217756918223636,33.4122281035946,-112.50028495142833,10063,0.0,33.4,-112.5,1.3599603290246456
2024-05-10 14:21:00,105031194,0.0237340680460672,0.007464057496993491,0.04000407859514091,33.4122281035946,-112.50028495142833,10063,0.1,33.4,-112.5,1.3599603290246456
2024-05-10 14:22:00,105031194,0.026795763604045043,0.00539524392367513,0.048196283284414956,33.4122281035946,-112.50028495142833,10063,0.1,33.4,-112.5,1.3599603290246456
2024-05-10 14:23:00,105031194,0.05062578096028819,0.02434340699245107,0.0769081549281253,33.4122281035946,-112.50028495142833,10063,0.0,33.4,-112.5,1.3599603290246456
2024-05-10 14:24:00,105031194,0.049929813872836064,0.028634186912239238,0.0712254408334329,33.4122281035946,-112.50028495142833,10063,0.1,33.4,-112.5,1.3599603290246456
2024-05-10 14:25:00,105031194,0.03533621816200765,0.008740145017323373,0.061932291306691936,33.4122281035946,-112.50028495142833,10063,0.0,33.4,-112.5,1.3599603290246456
2024-05-10 14:26:00,105031194,0.04878053798008813,0.025121922624866837,0.07243915333530943,33.4122281035946,-112.50028495142833,10063,0.0,33.4,-112.5,1.3599603290246456
2024-05-10 14:27:00,105031194,0.04548144821924587,0.019161282510745902,0.07180161392774584,33.4122281035946,-112.50028495142833,10063,0.0,33.4,-112.5,1.3599603290246456
2024-05-10 14:28:00,105031194,0.07135236264558925,0.04271546534815912,0.09998925994301938,33.4122281035946,-112.50028495142833,10063,0.1,33.4,-112.5,1.3599603290246456
2024-05-10 14:29:00,105031194,0.021394923851617557,0.00629893145294164,0.03649091625029348,33.4122281035946,-112.50028495142833,10063,0.0,33.4,-112.5,1.3599603290246456
2024-05-10 14:30:00,105031194,-0.0002735505058332653,-0.020161569990634894,0.019614468978968364,33.4122281035946,-112.50028495142833,10063,0.0,33.4,-112.5,1.3599603290246456
2024-05-10 14:31:00,105031194,0.005154608182763346,-0.011680583464929206,0.021989799830455896,33.4122281035946,-112.50028495142833,10063,0.0,33.4,-112.5,1.3599603290246456
2024-05-10 14:32:00,105031194,0.0064594820493304025,-0.012766693004867737,0.025685657103528544,33.4122281035946,-112.50028495142833,10063,0.0,33.4,-112.5,1.3599603290246456
2024-05-10 14:33:00,105031194,0.012063817080797205,-0.00843486882644265,0.03256250298803706,33.4122281035946,-112.50028495142833,10063,0.0,33.4,-112.5,1.3599603290246456
2024-05-10 14:34:00,105031194,-0.011873649583552045,-0.02566884800718809,0.0019215488400839992,33.4122281035946,-112.50028495142833,10063,0.1,33.4,-112.5,1.3599603290246456
2024-05-10 14:35:00,105031194,0.0020803788692983815,-0.014909747887864824,0.019070505626461585,33.4122281035946,-112.50028495142833,10063,0.0,33.4,-112.5,1.3599603290246456
2024-05-10 14:36:00,105031194,-0.0013971948359922785,-0.017135186029963917,0.014340796357979359,33.4122281035946,-112.50028495142833,10063,0.1,33.4,-112.5,1.3599603290246456
2024-05-10 14:37:00,105031194,-0.055049016693447084,-0.09913496319357909,-0.010963070193315078,33.4122281035946,-112.50028495142833,10063,0.1,33.4,-112.5,1.3599603290246456
2024-05-10 14:38:00,105031194,-0.03515731569175267,-0.07518532140315339,0.004870690019648044,33.4122281035946,-112.50028495142833,10063,0.0,33.4,-112.5,1.3599603290246456
2024-05-10 14:39:00,105031194,-0.07525984693544197,-0.11839435609412541,-0.032125337776758515,33.4122281035946,-112.50028495142833,10063,0.0,33.4,-112.5,1.3599603290246456
2024-05-10 14:40:00,105031194,-0.022133966025334427,-0.058524801266225605,0.014256869215556751,33.4122281035946,-112.50028495142833,10063,0.0,33.4,-112.5,1.3599603290246456
2024-05-10 14:41:00,105031194,-0.026873363521839826,-0.05956408395405742,0.005817356910377769,33.4122281035946,-112.50028495142833,10063,0.1,33.4,-112.5,1.3599603290246456
2024-05-10 14:42:00,105031194,-0.05892400144054356,-0.1010965778445212,-0.016751425036565917,33.4122281035946,-112.50028495142833,10063,0.1,33.4,-112.5,1.3599603290246456
2024-05-10 14:43:00,105031194,-0.07507557231908954,-0.12399200816949114,-0.026159136468687935,33.4122281035946,-112.50028495142833,10063,0.0,33.4,-112.5,1.3599603290246456
2024-05-10 14:44:00,105031194,-0.0806402731905474,-0.12805175873804994,-0.03322878764304485,33.4122281035946,-112.50028495142833,10063,0.0,33.4,-112.5,1.3599603290246456
2024-05-10 14:45:00,105031194,-0.0629164861756748,-0.10745729616457919,-0.018375676186770412,33.4122281035946,-112.50028495142833,10063,0.0,33.4,-112.5,1.3599603290246456
2024-05-10 14:46:00,105031194,-0.059115824080422465,-0.09712465270175756,-0.02110699545908737,33.4122281035946,-112.50028495142833,10063,0.1,33.4,-112.5,1.3599603290246456
2024-05-10 14:47:00,105031194,-0.04862927542276715,-0.0861175159829358,-0.011141034862598508,33.4122281035946,-112.50028495142833,10063,0.1,33.4,-112.5,1.3599603290246456
2024-05-10 14:48:00,105031194,-0.033110037985172314,-0.06749288091045483,0.0012728049401101935,33.4122281035946,-112.50028495142833,10063,0.1,33.4,-112.5,1.3599603290246456
2024-05-10 14:49:00,105031194,-0.0314525953935531,-0.06943220638805658,0.006527015600950391,33.4122281035946,-112.50028495142833,10063,0.0,33.4,-112.5,1.3599603290246456
2024-05-10 14:50:00,105031194,-0.0069258611598710116,-0.039040606181836905,0.025188883862094884,33.4122281035946,-112.50028495142833,10063,0.0,33.4,-112.5,1.3599603290246456
2024-05-10 14:51:00,105031194,0.012937071885780915,-0.006548882298982331,0.03242302607054416,33.4122281035946,-112.50028495142833,10063,0.1,33.4,-112.5,1.3599603290246456
2024-05-10 14:52:00,105031194,-0.019435702938788376,-0.0277267093516421,-0.011144696525934653,33.4122281035946,-112.50028495142833,10063,0.1,33.4,-112.5,1.3599603290246456
2024-05-10 14:53:00,105031194,-0.012264428560926643,-0.029985316485373736,0.00545645936352045,33.4122281035946,-112.50028495142833,10063,0.1,33.4,-112.5,1.3599603290246456
2024-05-10 14:54:00,105031194,-0.0478514281156523,-0.07426261918963815,-0.021440237041666452,33.4122281035946,-112.50028495142833,10063,0.0,33.4,-112.5,1.3599603290246456
2024-05-10 14:55:00,105031194,-0.06604355249558587,-0.09295796365765706,-0.03912914133351468,33.4122281035946,-112.50028495142833,10063,0.1,33.4,-112.5,1.3599603290246456
2024-05-10 14:56:00,105031194,-0.04008117574675564,-0.05771211174681022,-0.02245023974670106,33.4122281035946,-112.50028495142833,10063,0.1,33.4,-112.5,1.3599603290246456
2024-05-10 14:57:00,105031194,0.006045986232073889,-0.003247692459627515,0.015339664923775293,33.4122281035946,-112.50028495142833,10063,0.1,33.4,-112.5,1.3599603290246456
2024-05-10 14:58:00,105031194,0.05211661720209589,0.032137755639928406,0.07209547876426338,33.4122281035946,-112.50028495142833,10063,0.1,33.4,-112.5,1.3599603290246456
2024-05-10 14:59:00,105031194,0.11117496615961979,0.0676540677398967,0.15469586457934287,33.4122281035946,-112.50028495142833,10063,0.0,33.4,-112.5,1.3599603290246456
2024-05-10 15:00:00,105031194,0.17623669053789667,0.10647634549768732,0.24599703557810604,33.4122281035946,-112.50028495142833,10063,0.1,33.4,-112.5,1.3599603290246456
2024-05-10 15:01:00,105031194,0.11268930934967104,0.06991676657803683,0.15546185212130526,33.4122281035946,-112.50028495142833,10063,0.1,33.4,-112.5,1.3599603290246456
2024-05-10 15:02:00,105031194,0.08735108058572862,0.053063007530550356,0.12163915364090688,33.4122281035946,-112.50028495142833,10063,0.1,33.4,-112.5,1.3599603290246456
2024-05-10 15:03:00,105031194,0.03713614702397458,0.021869228837949783,0.05240306520999938,33.4122281035946,-112.50028495142833,10063,0.0,33.4,-112.5,1.3599603290246456
2024-05-10 15:04:00,105031194,0.06567864708210293,0.040875304474003255,0.0904819896902026,33.4122281035946,-112.50028495142833,10063,0.1,33.4,-112.5,1.3599603290246456
2024-05-10 15:05:00,105031194,-0.045291317932460606,-0.06834089300719559,-0.022241742857725625,33.4122281035946,-112.50028495142833,10063,0.1,33.4,-112.5,1.3599603290246456
2024-05-10 15:06:00,105031194,-0.0021793191646102606,-0.011561275007814308,0.007202636678593787,33.4122281035946,-112.50028495142833,10063,0.1,33.4,-112.5,1.3599603290246456
2024-05-10 15:07:00,105031194,0.01639448821557485,0.007988615665805231,0.024800360765344465,33.4122281035946,-112.50028495142833,10063,0.1,33.4,-112.5,1.3599603290246456
2024-05-10 15:08:00,105031194,0.03611692790713606,0.01910180560281893,0.05313205021145319,33.4122281035946,-112.50028495142833,10063,0.1,33.4,-112.5,1.3599603290246456
2024-05-10 15:09:00,105031194,0.010676321458753989,0.0019329042860325857,0.01941973863147539,33.4122281035946,-112.50028495142833,10063,0.1,33.4,-112.5,1.3599603290246456
2024-05-10 15:10:00,105031194,0.001961536946323252,-0.006512220873154277,0.010435294765800782,33.4122281035946,-112.50028495142833,10063,0.0,33.4,-112.5,1.3599603290246456
2024-05-10 15:11:00,105031194,-0.018951309956744416,-0.035230946122338395,-0.0026716737911504362,33.4122281035946,-112.50028495142833,10063,0.1,33.4,-112.5,1.3599603290246456
2024-05-10 15:12:00,105031194,-0.02453197753885504,-0.04224988567458657,-0.006814069403123513,33.4122281035946,-112.50028495142833,10063,0.1,33.4,-112.5,1.3599603290246456
2024-05-10 15:13:00,105031194,-0.055125313978916485,-0.08300941639919938,-0.02724121155863359,33.4122281035946,-112.50028495142833,10063,0.0,33.4,-112.5,1.3599603290246456
2024-05-10 15:14:00,105031194,-0.07870181616661805,-0.11804315287800463,-0.039360479455231474,33.4122281035946,-112.50028495142833,10063,0.1,33.4,-112.5,1.3599603290246456
2024-05-10 15:15:00,105031194,-0.0920482583695271,-0.13589211207902957,-0.04820440466002463,33.4122281035946,-112.50028495142833,10063,0.1,33.4,-112.5,1.3599603290246456
2024-05-10 15:16:00,105031194,-0.12540990390574425,-0.17712735448286526,-0.07369245332862323,33.4122281035946,-112.50028495142833,10063,0.0,33.4,-112.5,1.3599603290246456
2024-05-10 15:17:00,105031194,-0.08948020524004553,-0.13269506877825732,-0.04626534170183375,33.4122281035946,-112.50028495142833,10063,0.1,33.4,-112.5,1.3599603290246456
2024-05-10 15:18:00,105031194,-0.009786188320666918,-0.04449972552736423,0.024927348886030397,33.4122281035946,-112.50028495142833,10063,0.0,33.4,-112.5,1.3599603290246456
2024-05-10 15:19:00,105031194,-0.056607878903118296,-0.0890057442878484,-0.024210013518388196,33.4122281035946,-112.50028495142833,10063,0.0,33.4,-112.5,1.3599603290246456
2024-05-10 15:20:00,105031194,-0.016824339882921157,-0.023971978322697284,-0.00967670144314503,33.4122281035946,-112.50028495142833,10063,0.1,33.4,-112.5,1.3599603290246456
2024-05-10 15:21:00,105031194,-0.032403261102572606,-0.04522802013196115,-0.01957850207318406,33.4122281035946,-112.50028495142833,10063,0.1,33.4,-112.5,1.3599603290246456
2024-05-10 15:22:00,105031194,-0.020955776040686498,-0.04220230123561118,0.0002907491542381811,33.4122281035946,-112.50028495142833,10063,0.1,33.4,-112.5,1.3599603290246456
2024-05-10 15:23:00,105031194,-0.04081471201231094,-0.07469924010492898,-0.006930183919692891,33.4122281035946,-112.50028495142833,10063,0.0,33.4,-112.5,1.3599603290246456
2024-05-10 15:24:00,105031194,-0.020463099035044622,-0.05324060261600583,0.012314404545916587,33.4122281035946,-112.50028495142833,10063,0.0,33.4,-112.5,1.3599603290246456
2024-05-10 15:25:00,105031194,0.010784533973288208,-0.02220600748229161,0.04377507542886802,33.4122281035946,-112.50028495142833,10063,0.0,33.4,-112.5,1.3599603290246456
2024-05-10 15:26:00,105031194,0.009058056604746918,-0.013390786335650644,0.031506899545144476,33.4122281035946,-112.50028495142833,10063,0.0,33.4,-112.5,1.3599603290246456
2024-05-10 15:27:00,105031194,-0.06115634449768431,-0.0945215846909188,-0.027791104304449823,33.4122281035946,-112.50028495142833,10063,0.0,33.4,-112.5,1.3599603290246456
2024-05-10 15:28:00,105031194,-0.11134643931079534,-0.1667115420325446,-0.05598133658904609,33.4122281035946,-112.50028495142833,10063,0.0,33.4,-112.5,1.3599603290246456
2024-05-10 15:29:00,105031194,-0.1606624891904456,-0.2363609486028898,-0.08496402977800137,33.4122281035946,-112.50028495142833,10063,0.0,33.4,-112.5,1.3599603290246456
2024-05-10 15:30:00,105031194,-0.14234803563315318,-0.20713210787865202,-0.07756396338765434,33.4122281035946,-112.50028495142833,10063,0.1,33.4,-112.5,1.3599603290246456
2024-05-10 15:31:00,105031194,-0.10469370819441508,-0.14707947654269435,-0.06230793984613581,33.4122281035946,-112.50028495142833,10063,0.1,33.4,-112.5,1.3599603290246456
2024-05-10 15:32:00,105031194,-0.05668416406893939,-0.08031274169142426,-0.033055586446454524,33.4122281035946,-112.50028495142833,10063,0.1,33.4,-112.5,1.3599603290246456
2024-05-10 15:33:00,105031194,0.018309279046862276,0.0075723637782399555,0.029046194315484594,33.4122281035946,-112.50028495142833,10063,0.0,33.4,-112.5,1.3599603290246456
2024-05-10 15:34:00,105031194,-0.010057672889174717,-0.032295282511796135,0.012179936733446702,33.4122281035946,-112.50028495142833,10063,0.1,33.4,-112.5,1.3599603290246456
2024-05-10 15:35:00,105031194,-0.002694600421162997,-0.031252351160794244,0.025863150318468246,33.4122281035946,-112.50028495142833,10063,0.0,33.4,-112.5,1.3599603290246456
2024-05-10 15:36:00,105031194,-0.03922251998915898,-0.0837560248439343,0.005310984865616326,33.4122281035946,-112.50028495142833,10063,0.0,33.4,-112.5,1.3599603290246456
2024-05-10 15:37:00,105031194,-0.0865071330913258,-0.13475933603114224,-0.038254930151509346,33.4122281035946,-112.50028495142833,10063,0.0,33.4,-112.5,1.3599603290246456
2024-05-10 15:38:00,105031194,-0.026501620071699643,-0.07267485812982158,0.0196716179864223,33.4122281035946,-112.50028495142833,10063,0.0,33.4,-112.5,1.3599603290246456
2024-05-10 15:39:00,105031194,-0.021878824287382588,-0.042847980424883234,-0.000909668149881946,33.4122281035946,-112.50028495142833,10063,0.0,33.4,-112.5,1.3599603290246456
2024-05-10 15:40:00,105031194,-0.045206883442553136,-0.06331741738608643,-0.02709634949901985,33.4122281035946,-112.50028495142833,10063,0.0,33.4,-112.5,1.3599603290246456
2024-05-10 15:41:00,105031194,-0.01038638073077663,-0.021956009088042648,0.0011832476264893848,33.4122281035946,-112.50028495142833,10063,0.0,33.4,-112.5,1.3599603290246456
2024-05-10 15:42:00,105031194,-0.004047448060510648,-0.023852388901110754,0.01575749278008946,33.4122281035946,-112.50028495142833,10063,0.0,33.4,-112.5,1.3599603290246456
2024-05-10 15:43:00,105031194,-0.020269803677766596,-0.06199354625207053,0.021453938896537336,33.4122281035946,-112.50028495142833,10063,0.0,33.4,-112.5,1.3599603290246456
2024-05-10 15:44:00,105031194,0.010670465409437972,0.004615887273537422,0.016725043545338523,33.4122281035946,-112.50028495142833,10063,0.0,33.4,-112.5,1.3599603290246456
2024-05-10 15:45:00,105031194,-0.005648565744186249,-0.014315378177062372,0.0030182466886898747,33.4122281035946,-112.50028495142833,10063,0.1,33.4,-112.5,1.3599603290246456
2024-05-10 15:46:00,105031194,0.05945778264399188,0.02967950566636635,0.08923605962161742,33.4122281035946,-112.50028495142833,10063,0.1,33.4,-112.5,1.3599603290246456
2024-05-10 15:47:00,105031194,-0.05426041829555277,-0.08480359033392547,-0.023717246257180063,33.4122281035946,-112.50028495142833,10063,0.0,33.4,-112.5,1.3599603290246456
2024-05-10 15:48:00,105031194,-0.05931308869958343,-0.09356532921323836,-0.025060848185928505,33.4122281035946,-112.50028495142833,10063,0.0,33.4,-112.5,1.3599603290246456
2024-05-10 15:49:00,105031194,-0.03156093645150561,-0.06659034514230888,0.0034684722392976583,33.4122281035946,-112.50028495142833,10063,0.0,33.4,-112.5,1.3599603290246456
2024-05-10 15:50:00,105031194,-0.006580018998981227,-0.02270916205679434,0.009549124058831886,33.4122281035946,-112.50028495142833,10063,0.0,33.4,-112.5,1.3599603290246456
2024-05-10 15:51:00,105031194,-0.005580080501014302,-0.01600209990447376,0.004841938902445152,33.4122281035946,-112.50028495142833,10063,0.1,33.4,-112.5,1.3599603290246456
2024-05-10 15:52:00,105031194,0.024294133895967577,0.002298743660531174,0.046289524131403983,33.4122281035946,-112.50028495142833,10063,0.0,33.4,-112.5,1.3599603290246456
2024-05-10 15:53:00,105031194,0.03739030644472697,0.007943466574647774,0.06683714631480617,33.4122281035946,-112.50028495142833,10063,0.1,33.4,-112.5,1.3599603290246456
2024-05-10 15:54:00,105031194,-0.05828386439794773,-0.08236499807960054,-0.03420273071629492,33.4122281035946,-112.50028495142833,10063,0.1,33.4,-112.5,1.3599603290246456
2024-05-10 15:55:00,105031194,-0.10600663503552589,-0.14820198857915684,-0.06381128149189493,33.4122281035946,-112.50028495142833,10063,0.0,33.4,-112.5,1.3599603290246456
2024-05-10 15:56:00,105031194,-0.08096604338405948,-0.11197646761294702,-0.04995561915517194,33.4122281035946,-112.50028495142833,10063,0.1,33.4,-112.5,1.3599603290246456
2024-05-10 15:57:00,105031194,-0.008991285501087359,-0.023630441155452056,0.00564787015327734,33.4122281035946,-112.50028495142833,10063,0.1,33.4,-112.5,1.3599603290246456
2024-05-10 15:58:00,105031194,0.017051282048999753,-0.003708173780897578,0.037810737878897084,33.4122281035946,-112.50028495142833,10063,0.1,33.4,-112.5,1.3599603290246456
2024-05-10 15:59:00,105031194,-0.0390433920232257,-0.05474266834491767,-0.023344115701533732,33.4122281035946,-112.50028495142833,10063,0.0,33.4,-112.5,1.3599603290246456
2024-05-10 16:00:00,105031194,-0.09631325173096027,-0.13380021399772424,-0.0588262894641963,33.4122281035946,-112.50028495142833,10063,0.1,33.4,-112.5,1.3599603290246456
2024-05-10 16:01:00,105031194,-0.12185740331071138,-0.1685358601467798,-0.07517894647464296,33.4122281035946,-112.50028495142833,10063,0.1,33.4,-112.5,1.3599603290246456
2024-05-10 16:02:00,105031194,-0.11887650879888904,-0.16474488964706774,-0.07300812795071036,33.4122281035946,-112.50028495142833,10063,0.0,33.4,-112.5,1.3599603290246456
2024-05-10 16:03:00,105031194,-0.09096367980229825,-0.12656919793938923,-0.05535816166520726,33.4122281035946,-112.50028495142833,10063,0.1,33.4,-112.5,1.3599603290246456
2024-05-10 16:04:00,105031194,-0.06642198798778866,-0.09459202195280272,-0.038251954022774586,33.4122281035946,-112.50028495142833,10063,0.0,33.4,-112.5,1.3599603290246456
2024-05-10 16:05:00,105031194,-0.07635493883466288,-0.10577129657665707,-0.046938581092668685,33.4122281035946,-112.50028495142833,10063,0.1,33.4,-112.5,1.3599603290246456
2024-05-10 16:06:00,105031194,-0.09380747088905714,-0.12972365573204017,-0.05789128604607411,33.4122281035946,-112.50028495142833,10063,0.0,33.4,-112.5,1.3599603290246456
2024-05-10 16:07:00,105031194,-0.11828501958792147,-0.1636274571817642,-0.07294258199407874,33.4122281035946,-112.50028495142833,10063,0.0,33.4,-112.5,1.3599603290246456
2024-05-10 16:08:00,105031194,-0.08990094334559333,-0.12446069458016279,-0.05534119211102387,33.4122281035946,-112.50028495142833,10063,0.0,33.4,-112.5,1.3599603290246456
2024-05-10 16:09:00,105031194,-0.12506794835671894,-0.17335136318282068,-0.07678453353061722,33.4122281035946,-112.50028495142833,10063,0.0,33.4,-112.5,1.3599603290246456
2024-05-10 16:10:00,105031194,-0.1275001561133784,-0.17611648292377902,-0.07888382930297777,33.4122281035946,-112.50028495142833,10063,0.0,33.4,-112.5,1.3599603290246456
2024-05-10 16:11:00,105031194,-0.12649825478164026,-0.17465488689455025,-0.07834162266873027,33.4122281035946,-112.50028495142833,10063,0.1,33.4,-112.5,1.3599603290246456
2024-05-10 16:12:00,105031194,-0.050156810516069926,-0.07574107920829493,-0.02457254182384493,33.4122281035946,-112.50028495142833,10063,0.0,33.4,-112.5,1.3599603290246456
2024-05-10 16:13:00,105031194,-0.08140633026030578,-0.11314855163711815,-0.049664108883493395,33.4122281035946,-112.50028495142833,10063,0.1,33.4,-112.5,1.3599603290246456
2024-05-10 16:14:00,105031194,-0.08751267294182365,-0.1210750960270233,-0.053950249856624,33.4122281035946,-112.50028495142833,10063,0.0,33.4,-112.5,1.3599603290246456
2024-05-10 16:15:00,105031194,-0.12812244532429112,-0.1781029561561111,-0.07814193449247114,33.4122281035946,-112.50028495142833,10063,0.0,33.4,-112.5,1.3599603290246456
2024-05-10 16:16:00,105031194,-0.08867487675956168,-0.12395953728404471,-0.053390216235078634,33.4122281035946,-112.50028495142833,10063,0.0,33.4,-112.5,1.3599603290246456
2024-05-10 16:17:00,105031194,-0.11554438384123762,-0.16078374904255674,-0.0703050186399185,33.4122281035946,-112.50028495142833,10063,0.0,33.4,-112.5,1.3599603290246456
2024-05-10 16:18:00,105031194,-0.11605097960802098,-0.16115329189622818,-0.07094866731981377,33.4122281035946,-112.50028495142833,10063,0.0,33.4,-112.5,1.3599603290246456
2024-05-10 16:19:00,105031194,-0.11294355908441439,-0.15753684545132662,-0.06835027271750217,33.4122281035946,-112.50028495142833,10063,0.0,33.4,-112.5,1.3599603290246456
2024-05-10 16:20:00,105031194,-0.09733184316151199,-0.13449035471373494,-0.060173331609289026,33.4122281035946,-112.50028495142833,10063,0.0,33.4,-112.5,1.3599603290246456
2024-05-10 16:21:00,105031194,-0.10376257003567423,-0.14369964589047893,-0.06382549418086952,33.4122281035946,-112.50028495142833,10063,0.0,33.4,-112.5,1.3599603290246456
2024-05-10 16:22:00,105031194,-0.07325256041196854,-0.10379512121376314,-0.04270999961017394,33.4122281035946,-112.50028495142833,10063,0.1,33.4,-112.5,1.3599603290246456
2024-05-10 16:23:00,105031194,-0.06475611118352353,-0.09003939114670492,-0.03947283122034215,33.4122281035946,-112.50028495142833,10063,0.0,33.4,-112.5,1.3599603290246456
2024-05-10 16:24:00,105031194,-0.11680113827170137,-0.16139741286335132,-0.07220486368005141,33.4122281035946,-112.50028495142833,10063,0.0,33.4,-112.5,1.3599603290246456
2024-05-10 16:25:00,105031194,-0.11469421932534467,-0.1585825151060739,-0.07080592354461543,33.4122281035946,-112.50028495142833,10063,0.0,33.4,-112.5,1.3599603290246456
2024-05-10 16:26:00,105031194,-0.09227764644945405,-0.1307883338382675,-0.0537669590606406,33.4122281035946,-112.50028495142833,10063,0.0,33.4,-112.5,1.3599603290246456
2024-05-10 16:27:00,105031194,-0.0700591398066932,-0.0973388549850283,-0.04277942462835811,33.4122281035946,-112.50028495142833,10063,0.1,33.4,-112.5,1.3599603290246456
2024-05-10 16:28:00,105031194,-0.08271078576210111,-0.11951868122751533,-0.04590289029668689,33.4122281035946,-112.50028495142833,10063,0.1,33.4,-112.5,1.3599603290246456
2024-05-10 16:29:00,105031194,-0.10194169482062186,-0.1412023270157919,-0.06268106262545181,33.4122281035946,-112.50028495142833,10063,0.0,33.4,-112.5,1.3599603290246456
2024-05-10 16:30:00,105031194,-0.09263874864075006,-0.12955991457974325,-0.05571758270175687,33.4122281035946,-112.50028495142833,10063,0.0,33.4,-112.5,1.3599603290246456
2024-05-10 16:31:00,105031194,-0.1018615390423844,-0.14086494772214697,-0.06285813036262183,33.4122281035946,-112.50028495142833,10063,0.0,33.4,-112.5,1.3599603290246456
2024-05-10 16:32:00,105031194,-0.07067205147925101,-0.10150463310149192,-0.039839469857010104,33.4122281035946,-112.50028495142833,10063,0.0,33.4,-112.5,1.3599603290246456
2024-05-10 16:33:00,105031194,-0.05844638027766612,-0.08564176245854832,-0.031250998096783916,33.4122281035946,-112.50028495142833,10063,0.0,33.4,-112.5,1.3599603290246456
2024-05-10 16:34:00,105031194,-0.02485885173867207,-0.050945996192089796,0.001228292714745654,33.4122281035946,-112.50028495142833,10063,0.0,33.4,-112.5,1.3599603290246456
2024-05-10 16:35:00,105031194,-0.047031655348093365,-0.07901840478070399,-0.015044905915482736,33.4122281035946,-112.50028495142833,10063,0.1,33.4,-112.5,1.3599603290246456
2024-05-10 16:36:00,105031194,-0.03300636147744462,-0.07191241017388852,0.005899687218999278,33.4122281035946,-112.50028495142833,10063,0.0,33.4,-112.5,1.3599603290246456
2024-05-10 16:37:00,105031194,-0.08116507078891498,-0.12480329078689481,-0.03752685079093515,33.4122281035946,-112.50028495142833,10063,0.1,33.4,-112.5,1.3599603290246456
2024-05-10 16:38:00,105031194,-0.07986635521050184,-0.13277746131832863,-0.026955249102675036,33.4122281035946,-112.50028495142833,10063,0.1,33.4,-112.5,1.3599603290246456
2024-05-10 16:39:00,105031194,-0.11036628636211754,-0.16259010685124015,-0.058142465872994924,33.4122281035946,-112.50028495142833,10063,0.1,33.4,-112.5,1.3599603290246456
2024-05-10 16:40:00,105031194,-0.06037238988316484,-0.10945925908530071,-0.011285520681028963,33.4122281035946,-112.50028495142833,10063,0.1,33.4,-112.5,1.3599603290246456
2024-05-10 16:41:00,105031194,-0.060400659980249724,-0.10252906580402138,-0.01827225415647807,33.4122281035946,-112.50028495142833,10063,0.1,33.4,-112.5,1.3599603290246456
2024-05-10 16:42:00,105031194,-0.052860499205832766,-0.10246215761803144,-0.003258840793634088,33.4122281035946,-112.50028495142833,10063,0.1,33.4,-112.5,1.3599603290246456
2024-05-10 16:43:00,105031194,-0.07144384551720395,-0.11961787569150516,-0.023269815342902747,33.4122281035946,-112.50028495142833,10063,0.1,33.4,-112.5,1.3599603290246456
2024-05-10 16:44:00,105031194,-0.03617772832545679,-0.08501108586088915,0.012655629209975573,33.4122281035946,-112.50028495142833,10063,0.0,33.4,-112.5,1.3599603290246456
2024-05-10 16:45:00,105031194,-0.055954241614195314,-0.09793150323001498,-0.013976979998375653,33.4122281035946,-112.50028495142833,10063,0.1,33.4,-112.5,1.3599603290246456
2024-05-10 16:46:00,105031194,-0.05758939874485485,-0.12209916094159956,0.006920363451889865,33.4122281035946,-112.50028495142833,10063,0.1,33.4,-112.5,1.3599603290246456
2024-05-10 16:47:00,105031194,-0.08267151883320141,-0.14359709746509677,-0.02174594020130604,33.4122281035946,-112.50028495142833,10063,0.1,33.4,-112.5,1.3599603290246456
2024-05-10 16:48:00,105031194,-0.07140328119096655,-0.11510983193847579,-0.0276967304434573,33.4122281035946,-112.50028495142833,10063,0.1,33.4,-112.5,1.3599603290246456
2024-05-10 16:49:00,105031194,-0.1288030036283951,-0.17953576846316627,-0.07807023879362394,33.4122281035946,-112.50028495142833,10063,0.0,33.4,-112.5,1.3599603290246456
2024-05-10 16:50:00,105031194,-0.12393792430090632,-0.17545678567404238,-0.07241906292777026,33.4122281035946,-112.50028495142833,10063,0.0,33.4,-112.5,1.3599603290246456
2024-05-10 16:51:00,105031194,-0.1526872966821331,-0.21456059306611872,-0.09081400029814748,33.4122281035946,-112.50028495142833,10063,0.0,33.4,-112.5,1.3599603290246456
2024-05-10 16:52:00,105031194,-0.12730825723911562,-0.1934506465049481,-0.061165867973283175,33.4122281035946,-112.50028495142833,10063,0.1,33.4,-112.5,1.3599603290246456
2024-05-10 16:53:00,105031194,-0.13691863915264457,-0.20219543787986444,-0.07164184042542471,33.4122281035946,-112.50028495142833,10063,0.1,33.4,-112.5,1.3599603290246456
2024-05-10 16:54:00,105031194,-0.10842377133725822,-0.16348600311239048,-0.053361539562125956,33.4122281035946,-112.50028495142833,10063,0.1,33.4,-112.5,1.3599603290246456
2024-05-10 16:55:00,105031194,-0.0657452183400974,-0.09430829995374795,-0.037182136726446845,33.4122281035946,-112.50028495142833,10063,0.0,33.4,-112.5,1.3599603290246456
2024-05-10 16:56:00,105031194,-0.02181911853691682,-0.05408989942629355,0.01045166235245992,33.4122281035946,-112.50028495142833,10063,0.0,33.4,-112.5,1.3599603290246456
2024-05-10 16:57:00,105031194,-0.08339768618245039,-0.13755796783470348,-0.02923740453019731,33.4122281035946,-112.50028495142833,10063,0.1,33.4,-112.5,1.3599603290246456
2024-05-10 16:58:00,105031194,-0.0672207061575125,-0.1362543351609246,0.0018129228458996366,33.4122281035946,-112.50028495142833,10063,0.1,33.4,-112.5,1.3599603290246456
2024-05-10 16:59:00,105031194,-0.15946345430866518,-0.23706754456084045,-0.0818593640564899,33.4122281035946,-112.50028495142833,10063,0.0,33.4,-112.5,1.3599603290246456
2024-05-10 17:00:00,105031194,-0.13376936852000654,-0.20550926520734877,-0.0620294718326643,33.4122281035946,-112.50028495142833,10063,0.1,33.4,-112.5,1.3599603290246456
2024-05-10 17:01:00,105031194,-0.16581665638152668,-0.23025219689851606,-0.10138111586453728,33.4122281035946,-112.50028495142833,10063,0.0,33.4,-112.5,1.3599603290246456
2024-05-10 17:02:00,105031194,-0.06625851318543605,-0.09743375775474444,-0.03508326861612765,33.4122281035946,-112.50028495142833,10063,0.0,33.4,-112.5,1.3599603290246456
2024-05-10 17:03:00,105031194,-0.21831852496242182,-0.30934152455775804,-0.1272955253670856,33.4122281035946,-112.50028495142833,10063,0.1,33.4,-112.5,1.3599603290246456
2024-05-10 17:04:00,105031194,-0.01104873051492706,-0.04019403399564708,0.018096572965792958,33.4122281035946,-112.50028495142833,10063,0.0,33.4,-112.5,1.3599603290246456
2024-05-10 17:05:00,105031194,-0.35592823188616557,-0.5048619580348841,-0.2069945057374471,33.4122281035946,-112.50028495142833,10063,0.0,33.4,-112.5,1.3599603290246456
2024-05-10 17:06:00,105031194,-0.4547736003456922,-0.8211156203817201,-0.08843158030966425,33.4122281035946,-112.50028495142833,10063,0.6,33.4,-112.5,1.3599603290246456
2024-05-10 17:07:00,105031194,0.7772963096604759,0.440570218120817,1.1140224012001347,33.4122281035946,-112.50028495142833,10063,0.1,33.4,-112.5,1.3599603290246456
2024-05-10 17:08:00,105031194,0.466335391527728,0.2885974828840345,0.6440733001714216,33.4122281035946,-112.50028495142833,10063,-0.3,33.4,-112.5,1.3599603290246456
2024-05-10 17:09:00,105031194,0.04181379490902125,-0.18038196780430865,0.2640095576223511,33.4122281035946,-112.50028495142833,10063,0.3,33.4,-112.5,1.3599603290246456
2024-05-10 17:10:00,105031194,-0.276638108730301,-0.6317666317329131,0.07849041427231124,33.4122281035946,-112.50028495142833,10063,0.6,33.4,-112.5,1.3599603290246456
2024-05-10 17:11:00,105031194,0.051312769594219924,-0.14337485765302488,0.24600039684146474,33.4122281035946,-112.50028495142833,10063,0.3,33.4,-112.5,1.3599603290246456
2024-05-10 17:12:00,105031194,-0.16971788428639784,-0.30314957643824747,-0.0362861921345482,33.4122281035946,-112.50028495142833,10063,0.1,33.4,-112.5,1.3599603290246456
2024-05-10 17:13:00,105031194,0.05225817472986782,0.006593720687890867,0.09792262877184478,33.4122281035946,-112.50028495142833,10063,0.1,33.4,-112.5,1.3599603290246456
2024-05-10 17:14:00,105031194,-0.31665447084799925,-0.5135157335524093,-0.11979320814358921,33.4122281035946,-112.50028495142833,10063,-0.1,33.4,-112.5,1.3599603290246456
2024-05-10 17:15:00,105031194,-0.16354913658745004,-0.4000156543100003,0.07291738113510021,33.4122281035946,-112.50028495142833,10063,0.4,33.4,-112.5,1.3599603290246456
2024-05-10 17:16:00,105031194,0.14554211071384301,0.043067013145604266,0.24801720828208176,33.4122281035946,-112.50028495142833,10063,-0.4,33.4,-112.5,1.3599603290246456
2024-05-10 17:17:00,105031194,-0.22687086212302307,-0.3662395671300493,-0.08750215711599685,33.4122281035946,-112.50028495142833,10063,0.1,33.4,-112.5,1.3599603290246456
2024-05-10 17:18:00,105031194,0.04158318663420753,-0.055065549924094334,0.13823192319250938,33.4122281035946,-112.50028495142833,10063,0.0,33.4,-112.5,1.3599603290246456
2024-05-10 17:19:00,105031194,-0.022646560691376414,-0.03916179074771066,-0.006131330635042169,33.4122281035946,-112.50028495142833,10063,-0.2,33.4,-112.5,1.3599603290246456
2024-05-10 17:20:00,105031194,0.20246370599831554,0.12427306083969125,0.2806543511569398,33.4122281035946,-112.50028495142833,10063,0.0,33.4,-112.5,1.3599603290246456
2024-05-10 17:21:00,105031194,0.3263095531958088,0.20214859319979359,0.45047051319182396,33.4122281035946,-112.50028495142833,10063,-0.2,33.4,-112.5,1.3599603290246456
2024-05-10 17:22:00,105031194,0.3953675097438103,0.22717254302958936,0.5635624764580313,33.4122281035946,-112.50028495142833,10063,-0.2,33.4,-112.5,1.3599603290246456
2024-05-10 17:23:00,105031194,0.3142885615369935,0.16443916453522187,0.46413795853876516,33.4122281035946,-112.50028495142833,10063,-0.4,33.4,-112.5,1.3599603290246456
2024-05-10 17:24:00,105031194,0.301919905739582,0.18327821524685994,0.42056159623230405,33.4122281035946,-112.50028495142833,10063,-0.2,33.4,-112.5,1.3599603290246456
2024-05-10 17:25:00,105031194,0.2657605420639342,0.16408276192225005,0.36743832220561834,33.4122281035946,-112.50028495142833,10063,-0.1,33.4,-112.5,1.3599603290246456
2024-05-10 17:26:00,105031194,0.28938550177616135,0.1761929627571569,0.4025780407951658,33.4122281035946,-112.50028495142833,10063,-0.2,33.4,-112.5,1.3599603290246456
2024-05-10 17:27:00,105031194,0.2660768655850027,0.15897819615907474,0.3731755350109307,33.4122281035946,-112.50028495142833,10063,-0.3,33.4,-112.5,1.3599603290246456
2024-05-10 17:28:00,105031194,0.24665762226851212,0.13647865962214478,0.35683658491487946,33.4122281035946,-112.50028495142833,10063,-0.2,33.4,-112.5,1.3599603290246456
2024-05-10 17:29:00,105031194,0.26155664108899,0.1416591309447264,0.38145415123325366,33.4122281035946,-112.50028495142833,10063,-0.3,33.4,-112.5,1.3599603290246456
2024-05-10 17:30:00,105031194,0.1295383134450944,0.03690203314069568,0.2221745937494931,33.4122281035946,-112.50028495142833,10063,-0.3,33.4,-112.5,1.3599603290246456
2024-05-10 17:31:00,105031194,0.23315389857704477,0.14346089987559224,0.3228468972784973,33.4122281035946,-112.50028495142833,10063,-0.1,33.4,-112.5,1.3599603290246456
2024-05-10 17:32:00,105031194,0.3101298956195812,0.19221011683971423,0.4280496743994482,33.4122281035946,-112.50028495142833,10063,0.0,33.4,-112.5,1.3599603290246456
2024-05-10 17:33:00,105031194,0.3795583888907032,0.20664266794434316,0.5524741098370632,33.4122281035946,-112.50028495142833,10063,-0.2,33.4,-112.5,1.3599603290246456
2024-05-10 17:34:00,105031194,0.39113589442500796,0.22801486461171996,0.554256924238296,33.4122281035946,-112.50028495142833,10063,-0.3,33.4,-112.5,1.3599603290246456
2024-05-10 17:35:00,105031194,0.4632494195929278,0.26126303808989015,0.6652358010959655,33.4122281035946,-112.50028495142833,10063,-0.2,33.4,-112.5,1.3599603290246456
2024-05-10 17:36:00,105031194,0.34509266886794776,0.20525108573617967,0.48493425199971585,33.4122281035946,-112.50028495142833,10063,-0.2,33.4,-112.5,1.3599603290246456
2024-05-10 17:37:00,105031194,0.3151511238166656,0.17440988938658794,0.45589235824674323,33.4122281035946,-112.50028495142833,10063,-0.3,33.4,-112.5,1.3599603290246456
2024-05-10 17:38:00,105031194,0.37040397036531214,0.22289403632222385,0.5179139044084005,33.4122281035946,-112.50028495142833,10063,-0.1,33.4,-112.5,1.3599603290246456
2024-05-10 17:39:00,105031194,0.474530680399192,0.2566030470314393,0.6924583137669447,33.4122281035946,-112.50028495142833,10063,0.1,33.4,-112.5,1.3599603290246456
2024-05-10 17:40:00,105031194,0.47423226555300535,0.28834186314459764,0.6601226679614131,33.4122281035946,-112.50028495142833,10063,-0.1,33.4,-112.5,1.3599603290246456
2024-05-10 17:41:00,105031194,-0.008160351442031134,-0.08925604310608577,0.07293534022202351,33.4122281035946,-112.50028495142833,10063,0.1,33.4,-112.5,1.3599603290246456
2024-05-10 17:42:00,105031194,-0.15865937723803863,-0.2704272895177907,-0.04689146495828657,33.4122281035946,-112.50028495142833,10063,-0.2,33.4,-112.5,1.3599603290246456
2024-05-10 17:43:00,105031194,-0.17060849762388638,-0.24812097326587754,-0.09309602198189523,33.4122281035946,-112.50028495142833,10063,1.0,33.4,-112.5,1.3599603290246456
2024-05-10 17:44:00,105031194,0.1118100650204733,0.0671108711767793,0.1565092588641673,33.4122281035946,-112.50028495142833,10063,0.2,33.4,-112.5,1.3599603290246456
2024-05-10 17:45:00,105031194,0.31116619441929017,0.18838003346597973,0.4339523553726006,33.4122281035946,-112.50028495142833,10063,0.0,33.4,-112.5,1.3599603290246456
2024-05-10 17:46:00,105031194,0.07223686946511186,0.027832270803939206,0.11664146812628451,33.4122281035946,-112.50028495142833,10063,-0.2,33.4,-112.5,1.3599603290246456
2024-05-10 17:47:00,105031194,-0.2165791424625042,-0.3843468923430129,-0.04881139258199549,33.4122281035946,-112.50028495142833,10063,0.3,33.4,-112.5,1.3599603290246456
2024-05-10 17:48:00,105031194,-0.025670835325307503,-0.08081222890848778,0.029470558257872783,33.4122281035946,-112.50028495142833,10063,0.0,33.4,-112.5,1.3599603290246456
2024-05-10 17:49:00,105031194,-0.15010284065729343,-0.26956386604464944,-0.030641815269937422,33.4122281035946,-112.50028495142833,10063,0.1,33.4,-112.5,1.3599603290246456
2024-05-10 17:50:00,105031194,0.1550834913466582,0.07959913176007657,0.2305678509332398,33.4122281035946,-112.50028495142833,10063,-0.1,33.4,-112.5,1.3599603290246456
2024-05-10 17:51:00,105031194,0.11756374750795183,0.060950716869675986,0.17417677814622767,33.4122281035946,-112.50028495142833,10063,0.1,33.4,-112.5,1.3599603290246456
2024-05-10 17:52:00,105031194,0.26305645104861797,0.1479031688858819,0.37820973321135404,33.4122281035946,-112.50028495142833,10063,0.1,33.4,-112.5,1.3599603290246456
2024-05-10 17:53:00,105031194,0.28875903575039263,0.15505251306591686,0.42246555843486844,33.4122281035946,-112.50028495142833,10063,-0.3,33.4,-112.5,1.3599603290246456
2024-05-10 17:54:00,105031194,-0.012186233987527169,-0.13011324451484318,0.10574077653978886,33.4122281035946,-112.50028495142833,10063,-0.2,33.4,-112.5,1.3599603290246456
2024-05-10 17:55:00,105031194,0.09975330590534218,0.05797126037590803,0.14153535143477633,33.4122281035946,-112.50028495142833,10063,-0.2,33.4,-112.5,1.3599603290246456
2024-05-10 17:56:00,105031194,0.2538083895695463,0.13408965059037858,0.37352712854871406,33.4122281035946,-112.50028495142833,10063,-0.3,33.4,-112.5,1.3599603290246456
2024-05-10 17:57:00,105031194,0.0795396590059189,0.044535252343806946,0.11454406566803085,33.4122281035946,-112.50028495142833,10063,-0.1,33.4,-112.5,1.3599603290246456
2024-05-10 17:58:00,105031194,-0.11595910847103014,-0.1610609361197449,-0.07085728082231538,33.4122281035946,-112.50028495142833,10063,0.1,33.4,-112.5,1.3599603290246456
2024-05-10 17:59:00,105031194,-0.2782233684092648,-0.39910809539179776,-0.15733864142673187,33.4122281035946,-112.50028495142833,10063,0.0,33.4,-112.5,1.3599603290246456
2024-05-10 18:00:00,105031194,-0.1517542686679851,-0.24601423676093426,-0.057494300575035975,33.4122281035946,-112.50028495142833,10063,0.4,33.4,-112.5,1.3599603290246456
2024-05-10 18:01:00,105031194,0.025343636287712946,-0.0698499534505011,0.12053722602592701,33.4122281035946,-112.50028495142833,10063,0.2,33.4,-112.5,1.3599603290246456
2024-05-10 18:02:00,105031194,0.12945182182222725,0.00023089449288327124,0.25867274915157124,33.4122281035946,-112.50028495142833,10063,0.2,33.4,-112.5,1.3599603290246456
2024-05-10 18:03:00,105031194,0.2608126236918268,0.08503905569920686,0.4365861916844467,33.4122281035946,-112.50028495142833,10063,0.0,33.4,-112.5,1.3599603290246456
2024-05-10 18:04:00,105031194,0.2784307091811994,0.16476242450333767,0.3920989938590611,33.4122281035946,-112.50028495142833,10063,0.0,33.4,-112.5,1.3599603290246456
2024-05-10 18:05:00,105031194,0.061337770758789587,0.036016449253386595,0.08665909226419258,33.4122281035946,-112.50028495142833,10063,-0.1,33.4,-112.5,1.3599603290246456
2024-05-10 18:06:00,105031194,-0.14143822163799755,-0.217869612224363,-0.0650068310516321,33.4122281035946,-112.50028495142833,10063,0.2,33.4,-112.5,1.3599603290246456
2024-05-10 18:07:00,105031194,0.0698713949870881,0.010437496508953988,0.1293052934652222,33.4122281035946,-112.50028495142833,10063,-0.2,33.4,-112.5,1.3599603290246456
2024-05-10 18:08:00,105031194,0.02104800016242283,-0.1487059308996345,0.19080193122448016,33.4122281035946,-112.50028495142833,10063,-0.3,33.4,-112.5,1.3599603290246456
2024-05-10 18:09:00,105031194,-0.00833913163510796,-0.09115192364364832,0.0744736603734324,33.4122281035946,-112.50028495142833,10063,-0.3,33.4,-112.5,1.3599603290246456
2024-05-10 18:10:00,105031194,0.12861053943243064,0.07454622946436326,0.18267484940049802,33.4122281035946,-112.50028495142833,10063,0.1,33.4,-112.5,1.3599603290246456
2024-05-10 18:11:00,105031194,0.38921100192500235,0.2377434769130029,0.5406785269370018,33.4122281035946,-112.50028495142833,10063,-0.1,33.4,-112.5,1.3599603290246456
2024-05-10 18:12:00,105031194,0.3757221831141291,0.214076743156953,0.5373676230713051,33.4122281035946,-112.50028495142833,10063,-0.2,33.4,-112.5,1.3599603290246456
2024-05-10 18:13:00,105031194,0.235683522288125,0.08083480468772011,0.3905322398885299,33.4122281035946,-112.50028495142833,10063,-0.3,33.4,-112.5,1.3599603290246456
2024-05-10 18:14:00,105031194,0.30142755641480606,0.12739525396646229,0.47545985886314984,33.4122281035946,-112.50028495142833,10063,-0.2,33.4,-112.5,1.3599603290246456
2024-05-10 18:15:00,105031194,0.19180077418852925,-0.03623667767129754,0.4198382260483561,33.4122281035946,-112.50028495142833,10063,-0.1,33.4,-112.5,1.3599603290246456
2024-05-10 18:16:00,105031194,0.06582117565095841,-0.09891475939033162,0.23055711069224843,33.4122281035946,-112.50028495142833,10063,-0.5,33.4,-112.5,1.3599603290246456
2024-05-10 18:17:00,105031194,0.05690872818812018,-0.13590329239542714,0.2497207487716675,33.4122281035946,-112.50028495142833,10063,-0.3,33.4,-112.5,1.3599603290246456
2024-05-10 18:18:00,105031194,0.04459190180591634,-0.12183517046942256,0.21101897408125525,33.4122281035946,-112.50028495142833,10063,-0.4,33.4,-112.5,1.3599603290246456
2024-05-10 18:19:00,105031194,0.07258875021272643,-0.03893943664692892,0.18411693707238178,33.4122281035946,-112.50028495142833,10063,-0.2,33.4,-112.5,1.3599603290246456
2024-05-10 18:20:00,105031194,0.000838881992299013,-0.02672695979383604,0.028404723778434067,33.4122281035946,-112.50028495142833,10063,-0.1,33.4,-112.5,1.3599603290246456
2024-05-10 18:21:00,105031194,0.01018371614593531,-0.041641620335340516,0.06200905262721113,33.4122281035946,-112.50028495142833,10063,0.1,33.4,-112.5,1.3599603290246456
2024-05-10 18:22:00,105031194,-0.0455672492361986,-0.16391458493692979,0.07278008646453257,33.4122281035946,-112.50028495142833,10063,0.2,33.4,-112.5,1.3599603290246456
2024-05-10 18:23:00,105031194,-0.08720889247949867,-0.2550812376431913,0.08066345268419395,33.4122281035946,-112.50028495142833,10063,0.5,33.4,-112.5,1.3599603290246456
2024-05-10 18:24:00,105031194,-0.228979745966862,-0.40623642332958865,-0.051723068604135336,33.4122281035946,-112.50028495142833,10063,0.4,33.4,-112.5,1.3599603290246456
2024-05-10 18:25:00,105031194,-0.2337443367472506,-0.4145976559180034,-0.05289101757649778,33.4122281035946,-112.50028495142833,10063,0.4,33.4,-112.5,1.3599603290246456
2024-05-10 18:26:00,105031194,-0.3241049088683577,-0.5779766135617066,-0.07023320417500883,33.4122281035946,-112.50028495142833,10063,0.3,33.4,-112.5,1.3599603290246456
2024-05-10 18:27:00,105031194,-0.07231382263709388,-0.5111691917138477,0.36654154643965997,33.4122281035946,-112.50028495142833,10063,0.6,33.4,-112.5,1.3599603290246456
2024-05-10 18:28:00,105031194,0.14362275424937343,-0.20101830552208644,0.4882638140208333,33.4122281035946,-112.50028495142833,10063,0.9,33.4,-112.5,1.3599603290246456
2024-05-10 18:29:00,105031194,-0.1346668909183271,-0.4746449192142749,0.20531113737762066,33.4122281035946,-112.50028495142833,10063,0.6,33.4,-112.5,1.3599603290246456
2024-05-10 18:30:00,105031194,-0.3441652294983889,-0.5671617525437309,-0.12116870645304689,33.4122281035946,-112.50028495142833,10063,0.5,33.4,-112.5,1.3599603290246456
2024-05-10 18:31:00,105031194,-0.49184314929004896,-0.6899768410668397,-0.2937094575132582,33.4122281035946,-112.50028495142833,10063,0.1,33.4,-112.5,1.3599603290246456
2024-05-10 18:32:00,105031194,-0.30604486571704237,-0.42473280104308664,-0.18735693039099813,33.4122281035946,-112.50028495142833,10063,0.0,33.4,-112.5,1.3599603290246456
2024-05-10 18:33:00,105031194,-0.1808143109287413,-0.3097084753530405,-0.0519201465044421,33.4122281035946,-112.50028495142833,10063,-0.2,33.4,-112.5,1.3599603290246456
2024-05-10 18:34:00,105031194,-0.10127694538126282,-0.2222082875695176,0.01965439680699195,33.4122281035946,-112.50028495142833,10063,-0.2,33.4,-112.5,1.3599603290246456
2024-05-10 18:35:00,105031194,0.048165884629166295,-0.09698137371552312,0.1933131429738557,33.4122281035946,-112.50028495142833,10063,-0.3,33.4,-112.5,1.3599603290246456
2024-05-10 18:36:00,105031194,-0.03517739470729418,-0.16985875202770617,0.0995039626131178,33.4122281035946,-112.50028495142833,10063,-0.2,33.4,-112.5,1.3599603290246456
2024-05-10 18:37:00,105031194,0.06885222507551082,-0.07357256853034945,0.2112770186813711,33.4122281035946,-112.50028495142833,10063,-0.3,33.4,-112.5,1.3599603290246456
2024-05-10 18:38:00,105031194,0.1284965755503139,-0.031023811504964693,0.2880169626055925,33.4122281035946,-112.50028495142833,10063,-0.3,33.4,-112.5,1.3599603290246456
2024-05-10 18:39:00,105031194,0.18718982171436496,0.02251705327829287,0.3518625901504371,33.4122281035946,-112.50028495142833,10063,-0.3,33.4,-112.5,1.3599603290246456
2024-05-10 18:40:00,105031194,0.13755723100621253,0.0416669715672358,0.23344749044518925,33.4122281035946,-112.50028495142833,10063,-0.1,33.4,-112.5,1.3599603290246456
2024-05-10 18:41:00,105031194,0.16659411740982974,0.07966421278107257,0.2535240220385869,33.4122281035946,-112.50028495142833,10063,-0.1,33.4,-112.5,1.3599603290246456
2024-05-10 18:42:00,105031194,0.06290397465869903,-0.011781948871906242,0.13758989818930428,33.4122281035946,-112.50028495142833,10063,-0.2,33.4,-112.5,1.3599603290246456
2024-05-10 18:43:00,105031194,0.10014017667852745,0.04210549778941752,0.15817485556763738,33.4122281035946,-112.50028495142833,10063,-0.2,33.4,-112.5,1.3599603290246456
2024-05-10 18:44:00,105031194,0.13497618186803428,0.07478928430019173,0.19516307943587685,33.4122281035946,-112.50028495142833,10063,-0.2,33.4,-112.5,1.3599603290246456
2024-05-10 18:45:00,105031194,0.21141174664361434,0.12904602536969642,0.29377746791753223,33.4122281035946,-112.50028495142833,10063,-0.1,33.4,-112.5,1.3599603290246456
2024-05-10 18:46:00,105031194,0.20109373014326906,0.11222815341561737,0.28995930687092075,33.4122281035946,-112.50028495142833,10063,0.2,33.4,-112.5,1.3599603290246456
2024-05-10 18:47:00,105031194,0.13502737286735214,0.06634796701310659,0.2037067787215977,33.4122281035946,-112.50028495142833,10063,-0.1,33.4,-112.5,1.3599603290246456
2024-05-10 18:48:00,105031194,0.13770440404763198,0.08471270802424039,0.19069610007102358,33.4122281035946,-112.50028495142833,10063,0.0,33.4,-112.5,1.3599603290246456
2024-05-10 18:49:00,105031194,0.06652752707271163,0.028364950739313485,0.10469010340610978,33.4122281035946,-112.50028495142833,10063,-0.1,33.4,-112.5,1.3599603290246456
2024-05-10 18:50:00,105031194,0.144541520298573,0.0880580941082636,0.20102494648888242,33.4122281035946,-112.50028495142833,10063,-0.2,33.4,-112.5,1.3599603290246456
2024-05-10 18:51:00,105031194,0.36612118713389663,0.22410176018344927,0.508140614084344,33.4122281035946,-112.50028495142833,10063,-0.1,33.4,-112.5,1.3599603290246456
2024-05-10 18:52:00,105031194,0.29630950654397037,0.18088521520199796,0.4117337978859428,33.4122281035946,-112.50028495142833,10063,0.1,33.4,-112.5,1.3599603290246456
2024-05-10 18:53:00,105031194,0.45361230572811645,0.28156652134349136,0.6256580901127415,33.4122281035946,-112.50028495142833,10063,-0.1,33.4,-112.5,1.3599603290246456
2024-05-10 18:54:00,105031194,0.27477433608569446,0.165998767227005,0.3835499049443839,33.4122281035946,-112.50028495142833,10063,0.1,33.4,-112.5,1.3599603290246456
2024-05-10 18:55:00,105031194,0.39991463643304986,0.24402441953141932,0.5558048533346804,33.4122281035946,-112.50028495142833,10063,-0.2,33.4,-112.5,1.3599603290246456
2024-05-10 18:56:00,105031194,0.25807442982333306,0.14846195482766994,0.3676869048189962,33.4122281035946,-112.50028495142833,10063,-0.2,33.4,-112.5,1.3599603290246456
2024-05-10 18:57:00,105031194,0.29242925942854436,0.150890524475874,0.4339679943812147,33.4122281035946,-112.50028495142833,10063,-0.1,33.4,-112.5,1.3599603290246456
2024-05-10 18:58:00,105031194,-0.03778134623280229,-0.21988435358783462,0.14432166112223002,33.4122281035946,-112.50028495142833,10063,-1.0,33.4,-112.5,1.3599603290246456
2024-05-10 18:59:00,105031194,-0.42954700179418304,-0.6677996043321441,-0.19129439925622196,33.4122281035946,-112.50028495142833,10063,-0.5,33.4,-112.5,1.3599603290246456
2024-05-10 19:00:00,105031194,-0.15673383849187253,-0.3448990628071241,0.03143138582337909,33.4122281035946,-112.50028495142833,10063,-0.3,33.4,-112.5,1.3599603290246456
2024-05-10 19:01:00,105031194,-0.19039645377680908,-0.38601492706740415,0.005222019513785953,33.4122281035946,-112.50028495142833,10063,-0.1,33.4,-112.5,1.3599603290246456
2024-05-10 19:02:00,105031194,-0.15652665119740136,-0.3589924543584375,0.04593915196363477,33.4122281035946,-112.50028495142833,10063,-0.2,33.4,-112.5,1.3599603290246456
2024-05-10 19:03:00,105031194,-0.22222842668677112,-0.439856185950112,-0.004600667423430266,33.4122281035946,-112.50028495142833,10063,-0.2,33.4,-112.5,1.3599603290246456
2024-05-10 19:04:00,105031194,-0.12669155756793543,-0.36445809549081,0.1110749803549391,33.4122281035946,-112.50028495142833,10063,-0.4,33.4,-112.5,1.3599603290246456
2024-05-10 19:05:00,105031194,-0.41892493494470046,-0.6731550935883341,-0.16469477630106683,33.4122281035946,-112.50028495142833,10063,-0.3,33.4,-112.5,1.3599603290246456
2024-05-10 19:06:00,105031194,-0.38448612192496284,-0.5846546672640645,-0.1843175765858613,33.4122281035946,-112.50028495142833,10063,0.0,33.4,-112.5,1.3599603290246456
2024-05-10 19:07:00,105031194,-0.4171939323887341,-0.6267088203701521,-0.20767904440731613,33.4122281035946,-112.50028495142833,10063,-0.2,33.4,-112.5,1.3599603290246456
2024-05-10 19:08:00,105031194,-0.38765968090590824,-0.575565283312448,-0.1997540784993684,33.4122281035946,-112.50028495142833,10063,-0.1,33.4,-112.5,1.3599603290246456
2024-05-10 19:09:00,105031194,-0.3135421020107199,-0.46516395579114644,-0.16192024823029338,33.4122281035946,-112.50028495142833,10063,0.0,33.4,-112.5,1.3599603290246456
2024-05-10 19:10:00,105031194,-0.162332262361847,-0.24465661831708227,-0.08000790640661173,33.4122281035946,-112.50028495142833,10063,0.0,33.4,-112.5,1.3599603290246456
2024-05-10 19:11:00,105031194,-0.31839380993094657,-0.4499088086970188,-0.18687881116487431,33.4122281035946,-112.50028495142833,10063,0.1,33.4,-112.5,1.3599603290246456
2024-05-10 19:12:00,105031194,-0.19678043642412185,-0.3081963151735512,-0.08536455767469248,33.4122281035946,-112.50028495142833,10063,-0.1,33.4,-112.5,1.3599603290246456
2024-05-10 19:13:00,105031194,-0.32630702473204537,-0.4882191838752964,-0.16439486558879432,33.4122281035946,-112.50028495142833,10063,0.0,33.4,-112.5,1.3599603290246456
2024-05-10 19:14:00,105031194,-0.1174224742439069,-0.2007054473207249,-0.03413950116708889,33.4122281035946,-112.50028495142833,10063,-0.1,33.4,-112.5,1.3599603290246456
2024-05-10 19:15:00,105031194,-0.10423157564791449,-0.18421860881287333,-0.024244542482955656,33.4122281035946,-112.50028495142833,10063,0.0,33.4,-112.5,1.3599603290246456
2024-05-10 19:16:00,105031194,-0.1763305846894003,-0.27571681387249614,-0.07694435550630445,33.4122281035946,-112.50028495142833,10063,0.0,33.4,-112.5,1.3599603290246456
2024-05-10 19:17:00,105031194,-0.36900783022562217,-0.5284743765487997,-0.20954128390244461,33.4122281035946,-112.50028495142833,10063,-0.1,33.4,-112.5,1.3599603290246456
2024-05-10 19:18:00,105031194,-0.34048277219491346,-0.4823486953267133,-0.1986168490631136,33.4122281035946,-112.50028495142833,10063,0.0,33.4,-112.5,1.3599603290246456
2024-05-10 19:19:00,105031194,-0.35016942991499317,-0.5005943233345969,-0.19974453649538945,33.4122281035946,-112.50028495142833,10063,0.1,33.4,-112.5,1.3599603290246456
2024-05-10 19:20:00,105031194,-0.24238773479819634,-0.36514066849885396,-0.1196348010975387,33.4122281035946,-112.50028495142833,10063,0.0,33.4,-112.5,1.3599603290246456
2024-05-10 19:21:00,105031194,-0.3311658656098565,-0.4727750566059842,-0.18955667461372883,33.4122281035946,-112.50028495142833,10063,0.0,33.4,-112.5,1.3599603290246456
2024-05-10 19:22:00,105031194,-0.45562246937612844,-0.6299457931802996,-0.28129914557195723,33.4122281035946,-112.50028495142833,10063,0.0,33.4,-112.5,1.3599603290246456
2024-05-10 19:23:00,105031194,-0.32257467211413204,-0.4478955798029086,-0.19725376442535547,33.4122281035946,-112.50028495142833,10063,0.2,33.4,-112.5,1.3599603290246456
2024-05-10 19:24:00,105031194,-0.0677167777227571,-0.13219602177916912,-0.003237533666345091,33.4122281035946,-112.50028495142833,10063,-0.1,33.4,-112.5,1.3599603290246456
2024-05-10 19:25:00,105031194,-0.022650141416440072,-0.07872848188564983,0.0334281990527697,33.4122281035946,-112.50028495142833,10063,0.0,33.4,-112.5,1.3599603290246456
2024-05-10 19:26:00,105031194,-0.02382791506416358,-0.03963534660950589,-0.008020483518821266,33.4122281035946,-112.50028495142833,10063,0.0,33.4,-112.5,1.3599603290246456
2024-05-10 19:27:00,105031194,-0.18725056958415157,-0.261992158981215,-0.11250898018708819,33.4122281035946,-112.50028495142833,10063,0.2,33.4,-112.5,1.3599603290246456
2024-05-10 19:28:00,105031194,-0.18415180453213684,-0.25472472578729705,-0.11357888327697661,33.4122281035946,-112.50028495142833,10063,0.1,33.4,-112.5,1.3599603290246456
2024-05-10 19:29:00,105031194,-0.18212497612008624,-0.255131606319585,-0.10911834592058751,33.4122281035946,-112.50028495142833,10063,0.1,33.4,-112.5,1.3599603290246456
2024-05-10 19:30:00,105031194,-0.17112785528290242,-0.24399735224142763,-0.09825835832437721,33.4122281035946,-112.50028495142833,10063,0.2,33.4,-112.5,1.3599603290246456
2024-05-10 19:31:00,105031194,-0.2274699772014878,-0.31716767148608727,-0.1377722829168883,33.4122281035946,-112.50028495142833,10063,0.2,33.4,-112.5,1.3599603290246456
2024-05-10 19:32:00,105031194,-0.16470764999868429,-0.22811151492977833,-0.10130378506759025,33.4122281035946,-112.50028495142833,10063,0.2,33.4,-112.5,1.3599603290246456
2024-05-10 19:33:00,105031194,-0.13437305102101468,-0.18588493204296608,-0.08286116999906329,33.4122281035946,-112.50028495142833,10063,0.1,33.4,-112.5,1.3599603290246456
2024-05-10 19:34:00,105031194,-0.18819447387392657,-0.26231459851051725,-0.11407434923733588,33.4122281035946,-112.50028495142833,10063,0.1,33.4,-112.5,1.3599603290246456
2024-05-10 19:35:00,105031194,-0.08323747408722193,-0.12340448588918439,-0.04307046228525947,33.4122281035946,-112.50028495142833,10063,0.1,33.4,-112.5,1.3599603290246456
2024-05-10 19:36:00,105031194,-0.3776289706951694,-0.5213899903014635,-0.23386795108887526,33.4122281035946,-112.50028495142833,10063,0.2,33.4,-112.5,1.3599603290246456
2024-05-10 19:37:00,105031194,-0.34496685451732245,-0.48370953227596447,-0.20622417675868046,33.4122281035946,-112.50028495142833,10063,0.2,33.4,-112.5,1.3599603290246456
2024-05-10 19:38:00,105031194,-0.4453034172409954,-0.669232208595468,-0.22137462588652287,33.4122281035946,-112.50028495142833,10063,0.5,33.4,-112.5,1.3599603290246456
2024-05-10 19:39:00,105031194,-0.45433670007168575,-0.7221422540903513,-0.18653114605302018,33.4122281035946,-112.50028495142833,10063,0.4,33.4,-112.5,1.3599603290246456
2024-05-10 19:40:00,105031194,-0.043143871579837435,-0.2577177213007401,0.17142997814106523,33.4122281035946,-112.50028495142833,10063,0.4,33.4,-112.5,1.3599603290246456
2024-05-10 19:41:00,105031194,0.14177006267899306,0.01669715251359713,0.26684297284438896,33.4122281035946,-112.50028495142833,10063,0.2,33.4,-112.5,1.3599603290246456
2024-05-10 19:42:00,105031194,0.0893345904592127,-0.045443566874810506,0.22411274779323592,33.4122281035946,-112.50028495142833,10063,0.2,33.4,-112.5,1.3599603290246456
2024-05-10 19:43:00,105031194,-0.05730077355716775,-0.17153453705786328,0.056932989943527794,33.4122281035946,-112.50028495142833,10063,0.3,33.4,-112.5,1.3599603290246456
2024-05-10 19:44:00,105031194,-0.08768986425328099,-0.1874224874392347,0.012042758932672731,33.4122281035946,-112.50028495142833,10063,0.2,33.4,-112.5,1.3599603290246456
2024-05-10 19:45:00,105031194,-0.2217926136692134,-0.3610897989703908,-0.08249542836803603,33.4122281035946,-112.50028495142833,10063,0.2,33.4,-112.5,1.3599603290246456
2024-05-10 19:46:00,105031194,-0.5123032152251268,-0.725967815118538,-0.29863861533171554,33.4122281035946,-112.50028495142833,10063,0.3,33.4,-112.5,1.3599603290246456
2024-05-10 19:47:00,105031194,-1.006414654298235,-1.4762170655353808,-0.5366122430610893,33.4122281035946,-112.50028495142833,10063,0.7,33.4,-112.5,1.3599603290246456
2024-05-10 19:48:00,105031194,-0.5701896413947154,-1.0479247545942463,-0.09245452819518452,33.4122281035946,-112.50028495142833,10063,0.8,33.4,-112.5,1.3599603290246456
2024-05-10 19:49:00,105031194,0.28105844324454665,0.10273956221141753,0.45937732427767575,33.4122281035946,-112.50028495142833,10063,0.3,33.4,-112.5,1.3599603290246456
2024-05-10 19:50:00,105031194,0.42311683576335235,0.1956084181809683,0.6506252533457364,33.4122281035946,-112.50028495142833,10063,0.2,33.4,-112.5,1.3599603290246456
2024-05-10 19:51:00,105031194,-0.089457888114805,-0.3417753434028,0.16285956717319006,33.4122281035946,-112.50028495142833,10063,0.6,33.4,-112.5,1.3599603290246456
2024-05-10 19:52:00,105031194,0.1205971701402771,-0.027743930468362266,0.26893827074891646,33.4122281035946,-112.50028495142833,10063,0.2,33.4,-112.5,1.3599603290246456
2024-05-10 19:53:00,105031194,0.0041495266370381555,-0.022374582594736365,0.030673635868812676,33.4122281035946,-112.50028495142833,10063,0.2,33.4,-112.5,1.3599603290246456
2024-05-10 19:54:00,105031194,-0.24349264908889204,-0.4241662612688458,-0.06281903690893823,33.4122281035946,-112.50028495142833,10063,0.3,33.4,-112.5,1.3599603290246456
2024-05-10 19:55:00,105031194,-0.3709790418485082,-0.5963682842637763,-0.14558979943324019,33.4122281035946,-112.50028495142833,10063,0.3,33.4,-112.5,1.3599603290246456
2024-05-10 19:56:00,105031194,-0.271735481685611,-0.41940353765703997,-0.12406742571418208,33.4122281035946,-112.50028495142833,10063,0.2,33.4,-112.5,1.3599603290246456
2024-05-10 19:57:00,105031194,-0.07670252871866778,-0.263719098406767,0.11031404096943145,33.4122281035946,-112.50028495142833,10063,0.2,33.4,-112.5,1.3599603290246456
2024-05-10 19:58:00,105031194,0.06755397090812933,0.018465462984693384,0.11664247883156527,33.4122281035946,-112.50028495142833,10063,0.0,33.4,-112.5,1.3599603290246456
2024-05-10 19:59:00,105031194,-0.1647229214802263,-0.2896787509186107,-0.03976709204184191,33.4122281035946,-112.50028495142833,10063,-0.2,33.4,-112.5,1.3599603290246456
2024-05-10 20:00:00,105031194,-0.15898247009737274,-0.30875783807175233,-0.009207102122993138,33.4122281035946,-112.50028495142833,10063,-0.1,33.4,-112.5,1.3599603290246456
2024-05-10 20:01:00,105031194,-0.12288067031867352,-0.29701603898659595,0.05125469834924891,33.4122281035946,-112.50028495142833,10063,-0.3,33.4,-112.5,1.3599603290246456
2024-05-10 20:02:00,105031194,0.04557349160153818,-0.041038412690889224,0.13218539589396558,33.4122281035946,-112.50028495142833,10063,-0.1,33.4,-112.5,1.3599603290246456
2024-05-10 20:03:00,105031194,0.25704957624339503,0.06403868002187993,0.4500604724649101,33.4122281035946,-112.50028495142833,10063,-0.3,33.4,-112.5,1.3599603290246456
2024-05-10 20:04:00,105031194,0.251197534287115,0.07253166095060626,0.42986340762362374,33.4122281035946,-112.50028495142833,10063,-0.3,33.4,-112.5,1.3599603290246456
2024-05-10 20:05:00,105031194,0.022446092721049655,-0.0020220968969977375,0.046914282339097044,33.4122281035946,-112.50028495142833,10063,0.0,33.4,-112.5,1.3599603290246456
2024-05-10 20:06:00,105031194,0.08631918877905893,0.020277062522717673,0.15236131503540018,33.4122281035946,-112.50028495142833,10063,-0.1,33.4,-112.5,1.3599603290246456
2024-05-10 20:07:00,105031194,0.08448269152850435,0.04449223266471455,0.12447315039229415,33.4122281035946,-112.50028495142833,10063,0.1,33.4,-112.5,1.3599603290246456
2024-05-10 20:08:00,105031194,0.06844893986426928,0.037236600951473145,0.09966127877706542,33.4122281035946,-112.50028495142833,10063,0.0,33.4,-112.5,1.3599603290246456
2024-05-10 20:09:00,105031194,-0.02494583976707084,-0.07749320615502128,0.02760152662087961,33.4122281035946,-112.50028495142833,10063,0.0,33.4,-112.5,1.3599603290246456
2024-05-10 20:10:00,105031194,0.2513633036337102,0.14839980993596863,0.3543267973314517,33.4122281035946,-112.50028495142833,10063,0.1,33.4,-112.5,1.3599603290246456
2024-05-10 20:11:00,105031194,0.16861580495015346,0.09912366302821642,0.23810794687209053,33.4122281035946,-112.50028495142833,10063,0.1,33.4,-112.5,1.3599603290246456
2024-05-10 20:12:00,105031194,0.21597136042890766,0.1178831365862941,0.31405958427152125,33.4122281035946,-112.50028495142833,10063,0.1,33.4,-112.5,1.3599603290246456
2024-05-10 20:13:00,105031194,0.1877202004995016,0.03797841057494461,0.3374619904240586,33.4122281035946,-112.50028495142833,10063,0.1,33.4,-112.5,1.3599603290246456
2024-05-10 20:14:00,105031194,4.790257714502278e-05,-0.017122151198619408,0.01721795635290945,33.4122281035946,-112.50028495142833,10063,0.2,33.4,-112.5,1.3599603290246456
2024-05-10 20:15:00,105031194,0.16113439860964263,0.06245794254243074,0.2598108546768545,33.4122281035946,-112.50028495142833,10063,0.1,33.4,-112.5,1.3599603290246456
2024-05-10 20:16:00,105031194,0.1784616864841743,0.08206762186739334,0.2748557511009552,33.4122281035946,-112.50028495142833,10063,0.2,33.4,-112.5,1.3599603290246456
2024-05-10 20:17:00,105031194,0.383880046954878,0.23642854455929668,0.5313315493504593,33.4122281035946,-112.50028495142833,10063,0.0,33.4,-112.5,1.3599603290246456
2024-05-10 20:18:00,105031194,0.5353375133453754,0.32974567234069385,0.7409293543500569,33.4122281035946,-112.50028495142833,10063,-0.1,33.4,-112.5,1.3599603290246456
2024-05-10 20:19:00,105031194,0.4223754126905349,0.26403305876383365,0.5807177666172362,33.4122281035946,-112.50028495142833,10063,-0.1,33.4,-112.5,1.3599603290246456
2024-05-10 20:20:00,105031194,0.20079503448873778,0.07619338025265104,0.3253966887248245,33.4122281035946,-112.50028495142833,10063,-0.2,33.4,-112.5,1.3599603290246456
2024-05-10 20:21:00,105031194,0.19961366098622715,0.06339279509185336,0.33583452688060095,33.4122281035946,-112.50028495142833,10063,-0.3,33.4,-112.5,1.3599603290246456
2024-05-10 20:22:00,105031194,0.11365150700423651,0.06867436559027497,0.15862864841819807,33.4122281035946,-112.50028495142833,10063,0.0,33.4,-112.5,1.3599603290246456
2024-05-10 20:23:00,105031194,0.19319389448652888,0.12111786543611668,0.26526992353694107,33.4122281035946,-112.50028495142833,10063,0.0,33.4,-112.5,1.3599603290246456
2024-05-10 20:24:00,105031194,0.4049276589301595,0.252721427771323,0.5571338900889959,33.4122281035946,-112.50028495142833,10063,-0.2,33.4,-112.5,1.3599603290246456
2024-05-10 20:25:00,105031194,0.31797462639242485,0.19641028604908084,0.43953896673576887,33.4122281035946,-112.50028495142833,10063,-0.2,33.4,-112.5,1.3599603290246456
2024-05-10 20:26:00,105031194,0.3978791366375628,0.24040749105355674,0.5553507822215689,33.4122281035946,-112.50028495142833,10063,-0.5,33.4,-112.5,1.3599603290246456
2024-05-10 20:27:00,105031194,0.04566880191533644,-0.010574733013623099,0.10191233684429599,33.4122281035946,-112.50028495142833,10063,-0.3,33.4,-112.5,1.3599603290246456
2024-05-10 20:28:00,105031194,0.2066541712352992,0.1173393250787811,0.2959690173918173,33.4122281035946,-112.50028495142833,10063,-0.3,33.4,-112.5,1.3599603290246456
2024-05-10 20:29:00,105031194,0.17533045429748045,0.08588915213148982,0.26477175646347106,33.4122281035946,-112.50028495142833,10063,0.0,33.4,-112.5,1.3599603290246456
2024-05-10 20:30:00,105031194,0.11965306264868841,0.06301916861609133,0.1762869566812855,33.4122281035946,-112.50028495142833,10063,0.1,33.4,-112.5,1.3599603290246456
2024-05-10 20:31:00,105031194,-0.24814853831200176,-0.37612970023504977,-0.12016737638895375,33.4122281035946,-112.50028495142833,10063,0.2,33.4,-112.5,1.3599603290246456
2024-05-10 20:32:00,105031194,-0.3332741773619613,-0.47652701023767896,-0.19002134448624367,33.4122281035946,-112.50028495142833,10063,0.0,33.4,-112.5,1.3599603290246456
2024-05-10 20:33:00,105031194,-0.104834241140167,-0.15351296618970414,-0.056155516090629846,33.4122281035946,-112.50028495142833,10063,0.1,33.4,-112.5,1.3599603290246456
2024-05-10 20:34:00,105031194,-0.17232549094121186,-0.24976992784668967,-0.09488105403573403,33.4122281035946,-112.50028495142833,10063,0.1,33.4,-112.5,1.3599603290246456
2024-05-10 20:35:00,105031194,-0.21652326374087147,-0.3258410729215877,-0.10720545456015526,33.4122281035946,-112.50028495142833,10063,-0.1,33.4,-112.5,1.3599603290246456
2024-05-10 20:36:00,105031194,-0.1811315313298976,-0.27918304494280305,-0.08308001771699214,33.4122281035946,-112.50028495142833,10063,0.0,33.4,-112.5,1.3599603290246456
2024-05-10 20:37:00,105031194,0.03513470888471892,-0.10091273911564705,0.1711821568850849,33.4122281035946,-112.50028495142833,10063,-0.3,33.4,-112.5,1.3599603290246456
2024-05-10 20:38:00,105031194,0.020091342829816807,-0.08708439370182705,0.12726707936146067,33.4122281035946,-112.50028495142833,10063,-0.2,33.4,-112.5,1.3599603290246456
2024-05-10 20:39:00,105031194,0.11060298680162109,0.05815823264122577,0.1630477409620164,33.4122281035946,-112.50028495142833,10063,0.0,33.4,-112.5,1.3599603290246456
2024-05-10 20:40:00,105031194,0.027279697426232253,-0.017717173576412882,0.07227656842887739,33.4122281035946,-112.50028495142833,10063,-0.1,33.4,-112.5,1.3599603290246456
2024-05-10 20:41:00,105031194,-0.005913878512876437,-0.02027871827995579,0.008450961254202914,33.4122281035946,-112.50028495142833,10063,0.1,33.4,-112.5,1.3599603290246456
2024-05-10 20:42:00,105031194,-0.03876440523642776,-0.06674932999316698,-0.010779480479688543,33.4122281035946,-112.50028495142833,10063,0.0,33.4,-112.5,1.3599603290246456
2024-05-10 20:43:00,105031194,-0.19933231612830832,-0.2768818246648836,-0.12178280759173303,33.4122281035946,-112.50028495142833,10063,-0.1,33.4,-112.5,1.3599603290246456
2024-05-10 20:44:00,105031194,-0.23744827701259674,-0.33258365183442395,-0.14231290219076953,33.4122281035946,-112.50028495142833,10063,0.2,33.4,-112.5,1.3599603290246456
2024-05-10 20:45:00,105031194,-0.11458535843573593,-0.18382275657616554,-0.045347960295306314,33.4122281035946,-112.50028495142833,10063,0.2,33.4,-112.5,1.3599603290246456
2024-05-10 20:46:00,105031194,-0.17150098497846297,-0.2424712373305778,-0.10053073262634815,33.4122281035946,-112.50028495142833,10063,0.2,33.4,-112.5,1.3599603290246456
2024-05-10 20:47:00,105031194,-0.3001182310581954,-0.44646972886984393,-0.15376673324654688,33.4122281035946,-112.50028495142833,10063,0.4,33.4,-112.5,1.3599603290246456
2024-05-10 20:48:00,105031194,-0.26360305566994247,-0.37954435987787993,-0.14766175146200503,33.4122281035946,-112.50028495142833,10063,0.2,33.4,-112.5,1.3599603290246456
2024-05-10 20:49:00,105031194,-0.25192008618228046,-0.37069836927644134,-0.13314180308811957,33.4122281035946,-112.50028495142833,10063,0.0,33.4,-112.5,1.3599603290246456
2024-05-10 20:50:00,105031194,-0.25685780643856615,-0.3549647393955459,-0.1587508734815864,33.4122281035946,-112.50028495142833,10063,-0.1,33.4,-112.5,1.3599603290246456
2024-05-10 20:51:00,105031194,-0.21075141355208585,-0.29187944877992206,-0.12962337832424964,33.4122281035946,-112.50028495142833,10063,0.2,33.4,-112.5,1.3599603290246456
2024-05-10 20:52:00,105031194,-0.1705195061012841,-0.2361294522813789,-0.1049095599211893,33.4122281035946,-112.50028495142833,10063,-0.1,33.4,-112.5,1.3599603290246456
2024-05-10 20:53:00,105031194,-0.2195311453436177,-0.30359835244531164,-0.1354639382419238,33.4122281035946,-112.50028495142833,10063,0.0,33.4,-112.5,1.3599603290246456
2024-05-10 20:54:00,105031194,-0.0634911681534454,-0.14974779147379796,0.022765455166907173,33.4122281035946,-112.50028495142833,10063,0.0,33.4,-112.5,1.3599603290246456
2024-05-10 20:55:00,105031194,-0.08092529668074736,-0.1261213200702637,-0.03572927329123101,33.4122281035946,-112.50028495142833,10063,0.4,33.4,-112.5,1.3599603290246456
2024-05-10 20:56:00,105031194,-0.016609977939819907,-0.06328001501936857,0.030060059139728756,33.4122281035946,-112.50028495142833,10063,0.1,33.4,-112.5,1.3599603290246456
2024-05-10 20:57:00,105031194,0.003257126168656604,-0.0012694632487759414,0.0077837155860891495,33.4122281035946,-112.50028495142833,10063,-0.3,33.4,-112.5,1.3599603290246456
2024-05-10 20:58:00,105031194,0.10066680878657266,0.05688044339848092,0.1444531741746644,33.4122281035946,-112.50028495142833,10063,-0.1,33.4,-112.5,1.3599603290246456
2024-05-10 20:59:00,105031194,0.0692819000320803,-0.038554333677810776,0.17711813374197138,33.4122281035946,-112.50028495142833,10063,-0.3,33.4,-112.5,1.3599603290246456
2024-05-10 21:00:00,105031194,0.010414048278747038,-0.03395247870659518,0.05478057526408925,33.4122281035946,-112.50028495142833,10063,0.1,33.4,-112.5,1.3599603290246456
2024-05-10 21:01:00,105031194,-0.05398543752883946,-0.07854309937144871,-0.029427775686230218,33.4122281035946,-112.50028495142833,10063,0.0,33.4,-112.5,1.3599603290246456
2024-05-10 21:02:00,105031194,-0.3827607943898156,-0.5300091837804186,-0.2355124049992125,33.4122281035946,-112.50028495142833,10063,0.0,33.4,-112.5,1.3599603290246456
2024-05-10 21:03:00,105031194,-0.3448191383564121,-0.494831121275489,-0.19480715543733518,33.4122281035946,-112.50028495142833,10063,0.1,33.4,-112.5,1.3599603290246456
2024-05-10 21:04:00,105031194,-0.05058784861641908,-0.08278142717084949,-0.01839427006198867,33.4122281035946,-112.50028495142833,10063,0.1,33.4,-112.5,1.3599603290246456
2024-05-10 21:05:00,105031194,0.0997295634783711,0.06276515906911856,0.13669396788762364,33.4122281035946,-112.50028495142833,10063,0.1,33.4,-112.5,1.3599603290246456
2024-05-10 21:06:00,105031194,0.1156747647447927,0.06380575253594545,0.16754377695363995,33.4122281035946,-112.50028495142833,10063,-0.2,33.4,-112.5,1.3599603290246456
2024-05-10 21:07:00,105031194,0.27270744394109514,0.084873828378043,0.46054105950414725,33.4122281035946,-112.50028495142833,10063,0.2,33.4,-112.5,1.3599603290246456
2024-05-10 21:08:00,105031194,0.2689313131797695,0.1456313301489917,0.39223129621054725,33.4122281035946,-112.50028495142833,10063,0.1,33.4,-112.5,1.3599603290246456
2024-05-10 21:09:00,105031194,0.08789321153071933,0.035095062288105626,0.14069136077333302,33.4122281035946,-112.50028495142833,10063,0.1,33.4,-112.5,1.3599603290246456
2024-05-10 21:10:00,105031194,-0.21819848585453697,-0.3050828133017448,-0.13131415840732913,33.4122281035946,-112.50028495142833,10063,0.2,33.4,-112.5,1.3599603290246456
2024-05-10 21:11:00,105031194,-0.21218125879260383,-0.2942006367919827,-0.13016188079322494,33.4122281035946,-112.50028495142833,10063,0.1,33.4,-112.5,1.3599603290246456
2024-05-10 21:12:00,105031194,-0.1303460615560281,-0.24178380381369366,-0.018908319298362536,33.4122281035946,-112.50028495142833,10063,-0.1,33.4,-112.5,1.3599603290246456
2024-05-10 21:13:00,105031194,-0.03214746510161889,-0.08156214523123947,0.0172672150280017,33.4122281035946,-112.50028495142833,10063,0.1,33.4,-112.5,1.3599603290246456
2024-05-10 21:14:00,105031194,0.13232449637049049,0.07996374916273709,0.1846852435782439,33.4122281035946,-112.50028495142833,10063,-0.1,33.4,-112.5,1.3599603290246456
2024-05-10 21:15:00,105031194,0.2699429456163244,0.15986065368294483,0.380025237549704,33.4122281035946,-112.50028495142833,10063,-0.1,33.4,-112.5,1.3599603290246456
2024-05-10 21:16:00,105031194,0.256931288377907,0.15561607570973573,0.3582465010460783,33.4122281035946,-112.50028495142833,10063,0.0,33.4,-112.5,1.3599603290246456
2024-05-10 21:17:00,105031194,0.21471050902407496,0.12177457620920407,0.30764644183894585,33.4122281035946,-112.50028495142833,10063,0.1,33.4,-112.5,1.3599603290246456
2024-05-10 21:18:00,105031194,0.3532386059244922,0.20183983829730542,0.5046373735516789,33.4122281035946,-112.50028495142833,10063,-0.2,33.4,-112.5,1.3599603290246456
2024-05-10 21:19:00,105031194,0.2984275063663198,0.171363525269007,0.42549148746363263,33.4122281035946,-112.50028495142833,10063,-0.2,33.4,-112.5,1.3599603290246456
2024-05-10 21:20:00,105031194,0.35727793711674094,0.21147153702992172,0.5030843372035602,33.4122281035946,-112.50028495142833,10063,-0.1,33.4,-112.5,1.3599603290246456
2024-05-10 21:21:00,105031194,0.13229891267327362,0.03328634256872,0.23131148277782726,33.4122281035946,-112.50028495142833,10063,0.3,33.4,-112.5,1.3599603290246456
2024-05-10 21:22:00,105031194,0.23182761377391212,0.14225590752489126,0.321399320022933,33.4122281035946,-112.50028495142833,10063,0.1,33.4,-112.5,1.3599603290246456
2024-05-10 21:23:00,105031194,0.2784907594587208,0.15663620163403214,0.4003453172834095,33.4122281035946,-112.50028495142833,10063,-0.2,33.4,-112.5,1.3599603290246456
2024-05-10 21:24:00,105031194,0.5111712101257344,0.28835474945194606,0.7339876707995228,33.4122281035946,-112.50028495142833,10063,-0.3,33.4,-112.5,1.3599603290246456
2024-05-10 21:25:00,105031194,0.408573287126041,0.2480055315448919,0.5691410427071901,33.4122281035946,-112.50028495142833,10063,-0.1,33.4,-112.5,1.3599603290246456
2024-05-10 21:26:00,105031194,0.2925691753742577,0.1489355232781852,0.4362028274703302,33.4122281035946,-112.50028495142833,10063,0.1,33.4,-112.5,1.3599603290246456
2024-05-10 21:27:00,105031194,0.17798852703427864,-0.004981008840296924,0.36095806290885424,33.4122281035946,-112.50028495142833,10063,0.3,33.4,-112.5,1.3599603290246456
2024-05-10 21:28:00,105031194,0.06616599564044474,-0.08324583749828045,0.21557782877916992,33.4122281035946,-112.50028495142833,10063,0.3,33.4,-112.5,1.3599603290246456
2024-05-10 21:29:00,105031194,-0.03461956299578193,-0.17467553961508356,0.10543641362351971,33.4122281035946,-112.50028495142833,10063,0.3,33.4,-112.5,1.3599603290246456
2024-05-10 21:30:00,105031194,-0.11171155510748033,-0.22680892264879646,0.0033858124338357887,33.4122281035946,-112.50028495142833,10063,0.3,33.4,-112.5,1.3599603290246456
2024-05-10 21:31:00,105031194,-0.12719410324778774,-0.2493982769565382,-0.004989929539037263,33.4122281035946,-112.50028495142833,10063,0.3,33.4,-112.5,1.3599603290246456
2024-05-10 21:32:00,105031194,-0.11855338335165318,-0.19276166692518823,-0.044345099778118124,33.4122281035946,-112.50028495142833,10063,0.3,33.4,-112.5,1.3599603290246456
2024-05-10 21:33:00,105031194,-0.04765613122610813,-0.1426003143317029,0.04728805187948663,33.4122281035946,-112.50028495142833,10063,0.1,33.4,-112.5,1.3599603290246456
2024-05-10 21:34:00,105031194,0.08015207275614039,0.021666521306422923,0.13863762420585785,33.4122281035946,-112.50028495142833,10063,0.2,33.4,-112.5,1.3599603290246456
2024-05-10 21:35:00,105031194,0.2106369720563851,0.08876428296293998,0.3325096611498302,33.4122281035946,-112.50028495142833,10063,0.1,33.4,-112.5,1.3599603290246456
2024-05-10 21:36:00,105031194,0.030344879130556147,-0.14925766037498475,0.20994741863609703,33.4122281035946,-112.50028495142833,10063,0.4,33.4,-112.5,1.3599603290246456
2024-05-10 21:37:00,105031194,0.0823099728798099,-0.15804941167724923,0.32266935743686903,33.4122281035946,-112.50028495142833,10063,0.5,33.4,-112.5,1.3599603290246456
2024-05-10 21:38:00,105031194,-0.04237837428500964,-0.28361519784613315,0.19885844927611385,33.4122281035946,-112.50028495142833,10063,0.4,33.4,-112.5,1.3599603290246456
2024-05-10 21:39:00,105031194,-0.006820911429226646,-0.1829509844017234,0.1693091615432701,33.4122281035946,-112.50028495142833,10063,0.3,33.4,-112.5,1.3599603290246456
2024-05-10 21:40:00,105031194,-0.31033491594257556,-0.48363798912075573,-0.1370318427643954,33.4122281035946,-112.50028495142833,10063,0.2,33.4,-112.5,1.3599603290246456
2024-05-10 21:41:00,105031194,-0.3392922269588308,-0.5979057316386072,-0.08067872227905448,33.4122281035946,-112.50028495142833,10063,0.4,33.4,-112.5,1.3599603290246456
2024-05-10 21:42:00,105031194,0.41673151656511453,0.062285910849925075,0.771177122280304,33.4122281035946,-112.50028495142833,10063,-0.8,33.4,-112.5,1.3599603290246456
2024-05-10 21:43:00,105031194,0.4115150978751971,-0.13174150245625088,0.954771698206645,33.4122281035946,-112.50028495142833,10063,-0.8,33.4,-112.5,1.3599603290246456
2024-05-10 21:44:00,105031194,0.1578463588657154,-0.03351904539263287,0.34921176312406366,33.4122281035946,-112.50028495142833,10063,-0.6,33.4,-112.5,1.3599603290246456
2024-05-10 21:45:00,105031194,0.4179811748526617,0.18775537163306144,0.6482069780722619,33.4122281035946,-112.50028495142833,10063,-0.5,33.4,-112.5,1.3599603290246456
2024-05-10 21:46:00,105031194,0.8256407125735128,0.4674490197586471,1.1838324053883784,33.4122281035946,-112.50028495142833,10063,-0.4,33.4,-112.5,1.3599603290246456
2024-05-10 21:47:00,105031194,0.7380869111190912,0.4365606824082387,1.0396131398299437,33.4122281035946,-112.50028495142833,10063,-0.4,33.4,-112.5,1.3599603290246456
2024-05-10 21:48:00,105031194,0.6994573258255657,0.424041608278291,0.9748730433728405,33.4122281035946,-112.50028495142833,10063,-0.3,33.4,-112.5,1.3599603290246456
2024-05-10 21:49:00,105031194,0.4483060290439423,0.25438163368315286,0.6422304244047317,33.4122281035946,-112.50028495142833,10063,-0.2,33.4,-112.5,1.3599603290246456
2024-05-10 21:50:00,105031194,0.5069216694356057,0.3136046753456255,0.7002386635255858,33.4122281035946,-112.50028495142833,10063,0.1,33.4,-112.5,1.3599603290246456
2024-05-10 21:51:00,105031194,0.44730577898914353,0.22998505326277877,0.6646265047155083,33.4122281035946,-112.50028495142833,10063,0.2,33.4,-112.5,1.3599603290246456
2024-05-10 21:52:00,105031194,0.5308672995785051,0.2961344681869027,0.7656001309701075,33.4122281035946,-112.50028495142833,10063,0.2,33.4,-112.5,1.3599603290246456
2024-05-10 21:53:00,105031194,0.39448924779770594,0.2093523919311684,0.5796261036642435,33.4122281035946,-112.50028495142833,10063,0.1,33.4,-112.5,1.3599603290246456
2024-05-10 21:54:00,105031194,0.3621270187516559,0.21024583178333112,0.5140082057199807,33.4122281035946,-112.50028495142833,10063,0.2,33.4,-112.5,1.3599603290246456
2024-05-10 21:55:00,105031194,0.24041323051881278,0.0954899526200419,0.38533650841758366,33.4122281035946,-112.50028495142833,10063,0.3,33.4,-112.5,1.3599603290246456
2024-05-10 21:56:00,105031194,0.43107709556556584,0.23122727671004895,0.6309269144210827,33.4122281035946,-112.50028495142833,10063,0.3,33.4,-112.5,1.3599603290246456
2024-05-10 21:57:00,105031194,0.3464118912232512,0.17443340337124222,0.5183903790752602,33.4122281035946,-112.50028495142833,10063,0.2,33.4,-112.5,1.3599603290246456
2024-05-10 21:58:00,105031194,0.4561054902081203,0.28200489809538476,0.6302060823208558,33.4122281035946,-112.50028495142833,10063,0.1,33.4,-112.5,1.3599603290246456
2024-05-10 21:59:00,105031194,0.3116472771199873,0.18991105178861667,0.4333835024513579,33.4122281035946,-112.50028495142833,10063,0.0,33.4,-112.5,1.3599603290246456
2024-05-10 22:00:00,105031194,0.323481483651059,0.18948530523250406,0.45747766206961393,33.4122281035946,-112.50028495142833,10063,0.0,33.4,-112.5,1.3599603290246456
2024-05-10 22:01:00,105031194,0.08185512431712078,0.027544317030226306,0.13616593160401524,33.4122281035946,-112.50028495142833,10063,0.2,33.4,-112.5,1.3599603290246456
2024-05-10 22:02:00,105031194,0.17570114045060778,0.07110621758351146,0.28029606331770407,33.4122281035946,-112.50028495142833,10063,0.2,33.4,-112.5,1.3599603290246456
2024-05-10 22:03:00,105031194,-0.35185452524667726,-0.5695519917630006,-0.13415705873035386,33.4122281035946,-112.50028495142833,10063,0.3,33.4,-112.5,1.3599603290246456
2024-05-10 22:04:00,105031194,-0.7674368625695824,-1.272961410399178,-0.2619123147399869,33.4122281035946,-112.50028495142833,10063,1.1,33.4,-112.5,1.3599603290246456
2024-05-10 22:05:00,105031194,-0.378601361655182,-0.7014413556581031,-0.05576136765226092,33.4122281035946,-112.50028495142833,10063,0.6,33.4,-112.5,1.3599603290246456
2024-05-10 22:06:00,105031194,-0.3043126685105446,-0.5664992433188307,-0.04212609370225845,33.4122281035946,-112.50028495142833,10063,0.7,33.4,-112.5,1.3599603290246456
2024-05-10 22:07:00,105031194,-0.39234275793928636,-0.641214517299159,-0.14347099857941367,33.4122281035946,-112.50028495142833,10063,0.4,33.4,-112.5,1.3599603290246456
2024-05-10 22:08:00,105031194,-0.7618279303739169,-1.163489444759754,-0.36016641598808,33.4122281035946,-112.50028495142833,10063,0.7,33.4,-112.5,1.3599603290246456
2024-05-10 22:09:00,105031194,-0.4210051569485463,-0.6190486904962107,-0.22296162340088185,33.4122281035946,-112.50028495142833,10063,0.4,33.4,-112.5,1.3599603290246456
2024-05-10 22:10:00,105031194,-0.17215181919360967,-0.23867898792050038,-0.10562465046671896,33.4122281035946,-112.50028495142833,10063,0.1,33.4,-112.5,1.3599603290246456
2024-05-10 22:11:00,105031194,-0.08206748143176928,-0.13219850705671463,-0.03193645580682395,33.4122281035946,-112.50028495142833,10063,-0.2,33.4,-112.5,1.3599603290246456
2024-05-10 22:12:00,105031194,-0.05227133412519382,-0.15364468919448226,0.049102020944094625,33.4122281035946,-112.50028495142833,10063,0.0,33.4,-112.5,1.3599603290246456
2024-05-10 22:13:00,105031194,-0.12819920451658076,-0.2263506921414859,-0.03004771689167561,33.4122281035946,-112.50028495142833,10063,-0.1,33.4,-112.5,1.3599603290246456
2024-05-10 22:14:00,105031194,-0.40450345391505643,-0.5582771006101376,-0.2507298072199753,33.4122281035946,-112.50028495142833,10063,0.1,33.4,-112.5,1.3599603290246456
2024-05-10 22:15:00,105031194,-0.22820949495644868,-0.35531424682988777,-0.1011047430830096,33.4122281035946,-112.50028495142833,10063,0.0,33.4,-112.5,1.3599603290246456
2024-05-10 22:16:00,105031194,-0.0038219693935097163,-0.2221515540622169,0.2145076152751975,33.4122281035946,-112.50028495142833,10063,-0.4,33.4,-112.5,1.3599603290246456
2024-05-10 22:17:00,105031194,0.4072040040222496,0.022051396031102677,0.7923566120133965,33.4122281035946,-112.50028495142833,10063,-0.4,33.4,-112.5,1.3599603290246456
2024-05-10 22:18:00,105031194,0.02002242626093946,-0.12293064282068693,0.16297549534256583,33.4122281035946,-112.50028495142833,10063,-0.4,33.4,-112.5,1.3599603290246456
2024-05-10 22:19:00,105031194,-0.011038135415771208,-0.16473893962256939,0.142662668791027,33.4122281035946,-112.50028495142833,10063,-0.1,33.4,-112.5,1.3599603290246456
2024-05-10 22:20:00,105031194,-0.07810341456076132,-0.158609385574453,0.00240255645293036,33.4122281035946,-112.50028495142833,10063,0.0,33.4,-112.5,1.3599603290246456
2024-05-10 22:21:00,105031194,0.21506759925394722,0.08633852157137656,0.3437966769365179,33.4122281035946,-112.50028495142833,10063,-0.1,33.4,-112.5,1.3599603290246456
2024-05-10 22:22:00,105031194,0.2834151212988482,0.09269764044548306,0.47413260215221337,33.4122281035946,-112.50028495142833,10063,-0.3,33.4,-112.5,1.3599603290246456
2024-05-10 22:23:00,105031194,0.036084556467036795,-0.01231769827005394,0.08448681120412753,33.4122281035946,-112.50028495142833,10063,0.2,33.4,-112.5,1.3599603290246456
2024-05-10 22:24:00,105031194,0.2304264806510932,0.11415112200204004,0.34670183930014636,33.4122281035946,-112.50028495142833,10063,-0.2,33.4,-112.5,1.3599603290246456
2024-05-10 22:25:00,105031194,-0.3436549109801239,-0.49096801664860645,-0.19634180531164133,33.4122281035946,-112.50028495142833,10063,0.1,33.4,-112.5,1.3599603290246456
2024-05-10 22:26:00,105031194,-0.4787814833788682,-0.7333414888058384,-0.22422147795189806,33.4122281035946,-112.50028495142833,10063,0.5,33.4,-112.5,1.3599603290246456
2024-05-10 22:27:00,105031194,-0.13540556455698602,-0.18701074856104272,-0.08380038055292933,33.4122281035946,-112.50028495142833,10063,0.2,33.4,-112.5,1.3599603290246456
2024-05-10 22:28:00,105031194,0.03339780324179293,0.009656042940108845,0.05713956354347702,33.4122281035946,-112.50028495142833,10063,0.1,33.4,-112.5,1.3599603290246456
2024-05-10 22:29:00,105031194,0.2013574270207673,0.08731221888155331,0.3154026351599813,33.4122281035946,-112.50028495142833,10063,0.1,33.4,-112.5,1.3599603290246456
2024-05-10 22:30:00,105031194,0.021866294593177314,-0.00646990775339943,0.05020249693975406,33.4122281035946,-112.50028495142833,10063,0.1,33.4,-112.5,1.3599603290246456
2024-05-10 22:31:00,105031194,-0.4981036630253725,-0.7458280399403403,-0.2503792861104048,33.4122281035946,-112.50028495142833,10063,0.3,33.4,-112.5,1.3599603290246456
2024-05-10 22:32:00,105031194,-0.5890848328555492,-0.9273560915070751,-0.25081357420402334,33.4122281035946,-112.50028495142833,10063,0.6,33.4,-112.5,1.3599603290246456
2024-05-10 22:33:00,105031194,-0.6072268859574625,-0.8715401353936936,-0.3429136365212316,33.4122281035946,-112.50028495142833,10063,0.6,33.4,-112.5,1.3599603290246456
2024-05-10 22:34:00,105031194,-1.706476256678483,-2.4479968293145022,-0.9649556840424638,33.4122281035946,-112.50028495142833,10063,0.0,33.4,-112.5,1.3599603290246456
2024-05-10 22:35:00,105031194,-2.7519887275526997,-4.004250033488805,-1.499727421616594,33.4122281035946,-112.50028495142833,10063,1.8,33.4,-112.5,1.3599603290246456
2024-05-10 22:36:00,105031194,-0.3006561450481667,-0.5116547415566167,-0.08965754853971661,33.4122281035946,-112.50028495142833,10063,0.0,33.4,-112.5,1.3599603290246456
2024-05-10 22:37:00,105031194,1.7286314697665417,0.7668429994919121,2.6904199400411715,33.4122281035946,-112.50028495142833,10063,-1.2,33.4,-112.5,1.3599603290246456
2024-05-10 22:38:00,105031194,0.2454795482879303,-0.21078026133734903,0.7017393579132096,33.4122281035946,-112.50028495142833,10063,-0.8,33.4,-112.5,1.3599603290246456
2024-05-10 22:39:00,105031194,-0.042046590678645565,-0.19252815815771657,0.10843497680042545,33.4122281035946,-112.50028495142833,10063,-0.4,33.4,-112.5,1.3599603290246456
2024-05-10 22:40:00,105031194,-0.02950216810860186,-0.2682647621922976,0.20926042597509387,33.4122281035946,-112.50028495142833,10063,-0.3,33.4,-112.5,1.3599603290246456
2024-05-10 22:41:00,105031194,0.5010127642799261,0.19637774138186298,0.8056477871779892,33.4122281035946,-112.50028495142833,10063,-0.4,33.4,-112.5,1.3599603290246456
2024-05-10 22:42:00,105031194,0.5443498366401487,0.16382105116310786,0.9248786221171895,33.4122281035946,-112.50028495142833,10063,-0.5,33.4,-112.5,1.3599603290246456
2024-05-10 22:43:00,105031194,0.867617672302277,0.4369987142839203,1.2982366303206339,33.4122281035946,-112.50028495142833,10063,-0.6,33.4,-112.5,1.3599603290246456
2024-05-10 22:44:00,105031194,0.9944100182069895,0.4760345618039674,1.5127854746100116,33.4122281035946,-112.50028495142833,10063,-0.7,33.4,-112.5,1.3599603290246456
2024-05-10 22:45:00,105031194,0.9851292581799298,0.495588089386586,1.4746704269732736,33.4122281035946,-112.50028495142833,10063,-0.5,33.4,-112.5,1.3599603290246456
2024-05-10 22:46:00,105031194,0.8007611995399521,0.4411638435030911,1.160358555576813,33.4122281035946,-112.50028495142833,10063,-0.3,33.4,-112.5,1.3599603290246456
2024-05-10 22:47:00,105031194,0.8436757077166536,0.46943680850381925,1.217914606929488,33.4122281035946,-112.50028495142833,10063,0.0,33.4,-112.5,1.3599603290246456
2024-05-10 22:48:00,105031194,1.1045489737735992,0.5525977745667425,1.6565001729804558,33.4122281035946,-112.50028495142833,10063,-0.6,33.4,-112.5,1.3599603290246456
2024-05-10 22:49:00,105031194,0.41981103268043807,0.09285424332543246,0.7467678220354437,33.4122281035946,-112.50028495142833,10063,-0.4,33.4,-112.5,1.3599603290246456
2024-05-10 22:50:00,105031194,0.43894925141951563,0.21060658292946344,0.6672919199095678,33.4122281035946,-112.50028495142833,10063,-0.3,33.4,-112.5,1.3599603290246456
2024-05-10 22:51:00,105031194,0.1056637649970226,-0.09621741069551121,0.3075449406895564,33.4122281035946,-112.50028495142833,10063,-0.1,33.4,-112.5,1.3599603290246456
2024-05-10 22:52:00,105031194,0.528356537444241,0.24137794601432078,0.8153351288741613,33.4122281035946,-112.50028495142833,10063,-0.4,33.4,-112.5,1.3599603290246456
2024-05-10 22:53:00,105031194,0.8161560879170633,0.3829669624662662,1.2493452133678604,33.4122281035946,-112.50028495142833,10063,-0.4,33.4,-112.5,1.3599603290246456
2024-05-10 22:54:00,105031194,0.23106034303055825,-0.17826095419172447,0.640381640252841,33.4122281035946,-112.50028495142833,10063,-0.5,33.4,-112.5,1.3599603290246456
2024-05-10 22:55:00,105031194,0.25091646258855815,0.013349473339992063,0.48848345183712427,33.4122281035946,-112.50028495142833,10063,-0.2,33.4,-112.5,1.3599603290246456
2024-05-10 22:56:00,105031194,0.1559191860423355,-0.054010029207991805,0.36584840129266283,33.4122281035946,-112.50028495142833,10063,-0.2,33.4,-112.5,1.3599603290246456
2024-05-10 22:57:00,105031194,-0.01470071964124195,-0.16308565119835663,0.13368421191587274,33.4122281035946,-112.50028495142833,10063,0.0,33.4,-112.5,1.3599603290246456
2024-05-10 22:58:00,105031194,-0.18508768483137428,-0.3249322267732654,-0.045243142889483196,33.4122281035946,-112.50028495142833,10063,0.1,33.4,-112.5,1.3599603290246456
2024-05-10 22:59:00,105031194,-0.14212788722111977,-0.2525402088235377,-0.03171556561870181,33.4122281035946,-112.50028495142833,10063,0.1,33.4,-112.5,1.3599603290246456
2024-05-10 23:00:00,105031194,-0.14910549078242302,-0.29616441632392826,-0.002046565240917786,33.4122281035946,-112.50028495142833,10063,0.1,33.4,-112.5,1.3599603290246456
2024-05-10 23:01:00,105031194,0.0008130028178770099,-0.13035911676535097,0.13198512240110502,33.4122281035946,-112.50028495142833,10063,0.0,33.4,-112.5,1.3599603290246456
2024-05-10 23:02:00,105031194,0.07680812912325277,0.04079598742298102,0.11282027082352453,33.4122281035946,-112.50028495142833,10063,0.1,33.4,-112.5,1.3599603290246456
2024-05-10 23:03:00,105031194,0.0408052296452411,0.021518904296340645,0.06009155499414156,33.4122281035946,-112.50028495142833,10063,0.2,33.4,-112.5,1.3599603290246456
2024-05-10 23:04:00,105031194,0.13598197101286255,0.08152331673848107,0.19044062528724404,33.4122281035946,-112.50028495142833,10063,0.1,33.4,-112.5,1.3599603290246456
2024-05-10 23:05:00,105031194,-0.07361686739248964,-0.10490606770961014,-0.04232766707536914,33.4122281035946,-112.50028495142833,10063,0.3,33.4,-112.5,1.3599603290246456
2024-05-10 23:06:00,105031194,-0.249656889048454,-0.3646930854338973,-0.13462069266301074,33.4122281035946,-112.50028495142833,10063,0.5,33.4,-112.5,1.3599603290246456
2024-05-10 23:07:00,105031194,-0.48022393865468804,-0.6621586092557493,-0.29828926805362677,33.4122281035946,-112.50028495142833,10063,0.5,33.4,-112.5,1.3599603290246456
2024-05-10 23:08:00,105031194,-0.5009120224617926,-0.688838471563044,-0.3129855733605411,33.4122281035946,-112.50028495142833,10063,0.4,33.4,-112.5,1.3599603290246456
2024-05-10 23:09:00,105031194,-0.3511910200455135,-0.48444134868743105,-0.21794069140359595,33.4122281035946,-112.50028495142833,10063,0.4,33.4,-112.5,1.3599603290246456
2024-05-10 23:10:00,105031194,-0.046485784721616505,-0.25273600849073413,0.15976443904750115,33.4122281035946,-112.50028495142833,10063,-0.1,33.4,-112.5,1.3599603290246456
2024-05-10 23:11:00,105031194,0.35807085179628684,-0.04113748575887227,0.7572791893514459,33.4122281035946,-112.50028495142833,10063,-0.4,33.4,-112.5,1.3599603290246456
2024-05-10 23:12:00,105031194,0.14280755531133554,-0.26050421959853853,0.5461193302212096,33.4122281035946,-112.50028495142833,10063,-0.4,33.4,-112.5,1.3599603290246456
2024-05-10 23:13:00,105031194,0.06257019639831053,-0.1458104337802636,0.2709508265768847,33.4122281035946,-112.50028495142833,10063,-0.3,33.4,-112.5,1.3599603290246456
2024-05-10 23:14:00,105031194,-0.0009625427501920687,-0.1832169175953494,0.18129183209496527,33.4122281035946,-112.50028495142833,10063,-0.1,33.4,-112.5,1.3599603290246456
2024-05-10 23:15:00,105031194,0.12057221993032763,-0.04698858406375686,0.2881330239244121,33.4122281035946,-112.50028495142833,10063,0.0,33.4,-112.5,1.3599603290246456
2024-05-10 23:16:00,105031194,0.22842886871182685,-0.048960075039907264,0.505817812463561,33.4122281035946,-112.50028495142833,10063,-0.2,33.4,-112.5,1.3599603290246456
2024-05-10 23:17:00,105031194,0.3614015379351071,0.09329690925603912,0.629506166614175,33.4122281035946,-112.50028495142833,10063,-0.2,33.4,-112.5,1.3599603290246456
2024-05-10 23:18:00,105031194,0.40913782804214716,0.132860703873314,0.6854149522109803,33.4122281035946,-112.50028495142833,10063,-0.2,33.4,-112.5,1.3599603290246456
2024-05-10 23:19:00,105031194,0.297334970295087,0.12084739724087026,0.47382254334930374,33.4122281035946,-112.50028495142833,10063,-0.1,33.4,-112.5,1.3599603290246456
2024-05-10 23:20:00,105031194,0.13294507370124406,0.001551905378774171,0.2643382420237139,33.4122281035946,-112.50028495142833,10063,0.1,33.4,-112.5,1.3599603290246456
2024-05-10 23:21:00,105031194,0.12260037771740376,0.05357683569700343,0.19162391973780407,33.4122281035946,-112.50028495142833,10063,0.1,33.4,-112.5,1.3599603290246456
2024-05-10 23:22:00,105031194,0.022197100900047787,-0.02536679788144371,0.06976099968153929,33.4122281035946,-112.50028495142833,10063,0.2,33.4,-112.5,1.3599603290246456
2024-05-10 23:23:00,105031194,0.050892903120840494,0.005408241721313656,0.09637756452036733,33.4122281035946,-112.50028495142833,10063,0.2,33.4,-112.5,1.3599603290246456
2024-05-10 23:24:00,105031194,-0.07863825245669545,-0.14506869179763004,-0.012207813115760857,33.4122281035946,-112.50028495142833,10063,0.2,33.4,-112.5,1.3599603290246456
2024-05-10 23:25:00,105031194,-0.18899854548966377,-0.2602059439672744,-0.11779114701205312,33.4122281035946,-112.50028495142833,10063,0.3,33.4,-112.5,1.3599603290246456
2024-05-10 23:26:00,105031194,-0.36947155593518627,-0.5085507246506393,-0.2303923872197332,33.4122281035946,-112.50028495142833,10063,0.4,33.4,-112.5,1.3599603290246456
2024-05-10 23:27:00,105031194,-0.31621969992383603,-0.45262072307649076,-0.1798186767711813,33.4122281035946,-112.50028495142833,10063,0.5,33.4,-112.5,1.3599603290246456
2024-05-10 23:28:00,105031194,-0.26906767605166687,-0.37027545118454575,-0.167859900918788,33.4122281035946,-112.50028495142833,10063,0.4,33.4,-112.5,1.3599603290246456
2024-05-10 23:29:00,105031194,-0.1577145140915689,-0.24281482494908627,-0.07261420323405152,33.4122281035946,-112.50028495142833,10063,0.4,33.4,-112.5,1.3599603290246456
2024-05-10 23:30:00,105031194,-0.0801959379697522,-0.11348621138422588,-0.046905664555278524,33.4122281035946,-112.50028495142833,10063,0.4,33.4,-112.5,1.3599603290246456
2024-05-10 23:31:00,105031194,0.1609407673250851,0.0833089034525016,0.23857263119766864,33.4122281035946,-112.50028495142833,10063,0.2,33.4,-112.5,1.3599603290246456
2024-05-10 23:32:00,105031194,0.2625411196733197,0.11744876581937339,0.4076334735272661,33.4122281035946,-112.50028495142833,10063,0.1,33.4,-112.5,1.3599603290246456
2024-05-10 23:33:00,105031194,0.20247051774181032,0.08210080689349991,0.32284022859012074,33.4122281035946,-112.50028495142833,10063,0.1,33.4,-112.5,1.3599603290246456
2024-05-10 23:34:00,105031194,0.10641259619313173,0.03637128897677064,0.17645390340949282,33.4122281035946,-112.50028495142833,10063,0.2,33.4,-112.5,1.3599603290246456
2024-05-10 23:35:00,105031194,0.0672091154009556,0.029256733038177746,0.10516149776373346,33.4122281035946,-112.50028495142833,10063,0.2,33.4,-112.5,1.3599603290246456
2024-05-10 23:36:00,105031194,0.06728759794881133,-0.02268154643229639,0.15725674232991904,33.4122281035946,-112.50028495142833,10063,0.1,33.4,-112.5,1.3599603290246456
2024-05-10 23:37:00,105031194,0.0691841048723026,0.01379958110371355,0.12456862864089166,33.4122281035946,-112.50028495142833,10063,0.2,33.4,-112.5,1.3599603290246456
2024-05-10 23:38:00,105031194,-0.09016721220196862,-0.17350861169697546,-0.0068258127069617675,33.4122281035946,-112.50028495142833,10063,0.2,33.4,-112.5,1.3599603290246456
2024-05-10 23:39:00,105031194,-0.14906384867095485,-0.2078157058690222,-0.09031199147288749,33.4122281035946,-112.50028495142833,10063,0.2,33.4,-112.5,1.3599603290246456
2024-05-10 23:40:00,105031194,-0.029233423137437303,-0.050827161838476125,-0.007639684436398481,33.4122281035946,-112.50028495142833,10063,0.2,33.4,-112.5,1.3599603290246456
2024-05-10 23:41:00,105031194,-0.036541381112675436,-0.1440895654732378,0.07100680324788693,33.4122281035946,-112.50028495142833,10063,0.5,33.4,-112.5,1.3599603290246456
2024-05-10 23:42:00,105031194,0.26211623064146605,0.15853735309898265,0.36569510818394946,33.4122281035946,-112.50028495142833,10063,0.4,33.4,-112.5,1.3599603290246456
2024-05-10 23:43:00,105031194,0.5955270659376898,0.34419730628488265,0.8468568255904969,33.4122281035946,-112.50028495142833,10063,-0.1,33.4,-112.5,1.3599603290246456
2024-05-10 23:44:00,105031194,0.3718603430574067,0.14886045974664203,0.5948602263681713,33.4122281035946,-112.50028495142833,10063,-0.1,33.4,-112.5,1.3599603290246456
2024-05-10 23:45:00,105031194,0.1748153084321858,0.08777018639551613,0.26186043046885543,33.4122281035946,-112.50028495142833,10063,0.0,33.4,-112.5,1.3599603290246456
2024-05-10 23:46:00,105031194,0.7504656388795465,0.4069971310772726,1.0939341466818204,33.4122281035946,-112.50028495142833,10063,-0.3,33.4,-112.5,1.3599603290246456
2024-05-10 23:47:00,105031194,0.5150032317298546,0.27579703916879994,0.7542094242909093,33.4122281035946,-112.50028495142833,10063,-0.2,33.4,-112.5,1.3599603290246456
2024-05-10 23:48:00,105031194,0.36892429963285267,0.13673910151407062,0.6011094977516347,33.4122281035946,-112.50028495142833,10063,-0.1,33.4,-112.5,1.3599603290246456
2024-05-10 23:49:00,105031194,0.16957982167319155,0.03283504831371381,0.3063245950326693,33.4122281035946,-112.50028495142833,10063,-0.1,33.4,-112.5,1.3599603290246456
2024-05-10 23:50:00,105031194,0.21308506351630413,-0.009200421800996117,0.4353705488336044,33.4122281035946,-112.50028495142833,10063,0.0,33.4,-112.5,1.3599603290246456
2024-05-10 23:51:00,105031194,0.2527828253103571,0.11607429297294636,0.3894913576477679,33.4122281035946,-112.50028495142833,10063,-0.1,33.4,-112.5,1.3599603290246456
2024-05-10 23:52:00,105031194,0.2257506979674913,0.045336900554723086,0.40616449538025956,33.4122281035946,-112.50028495142833,10063,0.0,33.4,-112.5,1.3599603290246456
2024-05-10 23:53:00,105031194,0.13663341122957176,0.08020623134031421,0.1930605911188293,33.4122281035946,-112.50028495142833,10063,0.2,33.4,-112.5,1.3599603290246456
2024-05-10 23:54:00,105031194,0.2206877292280335,0.0595664629737728,0.3818089954822942,33.4122281035946,-112.50028495142833,10063,0.2,33.4,-112.5,1.3599603290246456
2024-05-10 23:55:00,105031194,0.011440979814905492,-0.0535062808743591,0.07638824050417009,33.4122281035946,-112.50028495142833,10063,0.3,33.4,-112.5,1.3599603290246456
2024-05-10 23:56:00,105031194,0.21276648052971586,0.052011753407473243,0.3735212076519585,33.4122281035946,-112.50028495142833,10063,0.3,33.4,-112.5,1.3599603290246456
2024-05-10 23:57:00,105031194,0.0260630837362013,-0.08512649670913362,0.13725266418153623,33.4122281035946,-112.50028495142833,10063,0.3,33.4,-112.5,1.3599603290246456
2024-05-10 23:58:00,105031194,0.2916530666132936,-0.019239419276918357,0.6025455525035055,33.4122281035946,-112.50028495142833,10063,0.3,33.4,-112.5,1.3599603290246456
2024-05-10 23:59:00,105031194,-0.4749641002642801,-0.9723740387944316,0.02244583826587143,33.4122281035946,-112.50028495142833,10063,0.3,33.4,-112.5,1.3599603290246456
2024-05-11 00:00:00,105031194,-1.487622570178695,-3.300951991414852,0.32570685105746233,33.4122281035946,-112.50028495142833,10063,0.2,33.4,-112.5,1.3599603290246456
2024-05-11 00:01:00,105031194,-0.4308962508289722,-0.894123527101474,0.03233102544352967,33.4122281035946,-112.50028495142833,10063,0.3,33.4,-112.5,1.3599603290246456
2024-05-11 00:02:00,105031194,-0.681133827862136,-1.439142571850701,0.07687491612642883,33.4122281035946,-112.50028495142833,10063,0.4,33.4,-112.5,1.3599603290246456
2024-05-11 00:03:00,105031194,-0.3899122598976507,-0.7732630827237097,-0.006561437071591791,33.4122281035946,-112.50028495142833,10063,0.3,33.4,-112.5,1.3599603290246456
2024-05-11 00:04:00,105031194,-0.5804580184348035,-1.088064009014201,-0.07285202785540579,33.4122281035946,-112.50028495142833,10063,0.4,33.4,-112.5,1.3599603290246456
2024-05-11 00:05:00,105031194,-0.41775689799137844,-0.6569056680221039,-0.17860812796065298,33.4122281035946,-112.50028495142833,10063,0.2,33.4,-112.5,1.3599603290246456
2024-05-11 00:06:00,105031194,-0.5465489542776985,-0.9218169749844013,-0.1712809335709956,33.4122281035946,-112.50028495142833,10063,0.2,33.4,-112.5,1.3599603290246456
2024-05-11 00:07:00,105031194,-0.33402058041921784,-0.5684539018208424,-0.09958725901759327,33.4122281035946,-112.50028495142833,10063,0.3,33.4,-112.5,1.3599603290246456
2024-05-11 00:08:00,105031194,-0.470955204675826,-0.772746688261901,-0.16916372108975103,33.4122281035946,-112.50028495142833,10063,0.2,33.4,-112.5,1.3599603290246456
2024-05-11 00:09:00,105031194,-0.5156832088466575,-0.7322156399405013,-0.29915077775281373,33.4122281035946,-112.50028495142833,10063,0.2,33.4,-112.5,1.3599603290246456
2024-05-11 00:10:00,105031194,-0.48295849059967505,-0.764743989682745,-0.20117299151660512,33.4122281035946,-112.50028495142833,10063,0.2,33.4,-112.5,1.3599603290246456
2024-05-11 00:11:00,105031194,-0.3590287839676391,-0.5705761219705903,-0.14748144596468793,33.4122281035946,-112.50028495142833,10063,0.4,33.4,-112.5,1.3599603290246456
2024-05-11 00:12:00,105031194,-0.4002240478266799,-0.6892411734844623,-0.11120692216889744,33.4122281035946,-112.50028495142833,10063,0.2,33.4,-112.5,1.3599603290246456
2024-05-11 00:13:00,105031194,-0.42486258672508304,-0.6203295967283132,-0.22939557672185282,33.4122281035946,-112.50028495142833,10063,0.3,33.4,-112.5,1.3599603290246456
2024-05-11 00:14:00,105031194,-0.25832978534286977,-0.42928007264819057,-0.08737949803754899,33.4122281035946,-112.50028495142833,10063,0.1,33.4,-112.5,1.3599603290246456
2024-05-11 00:15:00,105031194,-0.3096740634430359,-0.43807870233643365,-0.18126942454963813,33.4122281035946,-112.50028495142833,10063,0.1,33.4,-112.5,1.3599603290246456
2024-05-11 00:16:00,105031194,-0.3440613193054658,-0.5072951242836047,-0.18082751432732688,33.4122281035946,-112.50028495142833,10063,0.1,33.4,-112.5,1.3599603290246456
2024-05-11 00:17:00,105031194,-0.28174914731200607,-0.4182902509875225,-0.14520804363648965,33.4122281035946,-112.50028495142833,10063,0.1,33.4,-112.5,1.3599603290246456
2024-05-11 00:18:00,105031194,-0.5156424954547582,-0.7442697017359923,-0.28701528917352404,33.4122281035946,-112.50028495142833,10063,0.2,33.4,-112.5,1.3599603290246456
2024-05-11 00:19:00,105031194,-0.6479788412874504,-0.8946935091957291,-0.4012641733791717,33.4122281035946,-112.50028495142833,10063,0.1,33.4,-112.5,1.3599603290246456
2024-05-11 00:20:00,105031194,-0.45152867678552866,-0.6710166694320966,-0.23204068413896076,33.4122281035946,-112.50028495142833,10063,0.2,33.4,-112.5,1.3599603290246456
2024-05-11 00:21:00,105031194,-0.28803822137695506,-0.42065797611807354,-0.15541846663583658,33.4122281035946,-112.50028495142833,10063,0.1,33.4,-112.5,1.3599603290246456
2024-05-11 00:22:00,105031194,-0.5211064011175979,-0.7306767072653338,-0.3115360949698619,33.4122281035946,-112.50028495142833,10063,0.1,33.4,-112.5,1.3599603290246456
2024-05-11 00:23:00,105031194,-0.8086996677338629,-1.1142671631453895,-0.5031321723223363,33.4122281035946,-112.50028495142833,10063,0.2,33.4,-112.5,1.3599603290246456
2024-05-11 00:24:00,105031194,-0.778322578372739,-1.1160047210676636,-0.44064043567781447,33.4122281035946,-112.50028495142833,10063,0.3,33.4,-112.5,1.3599603290246456
2024-05-11 00:25:00,105031194,-0.9785023272354949,-1.3786483589565965,-0.5783562955143934,33.4122281035946,-112.50028495142833,10063,0.6,33.4,-112.5,1.3599603290246456
2024-05-11 00:26:00,105031194,-0.6992385011156997,-0.9701413772868906,-0.42833562494450883,33.4122281035946,-112.50028495142833,10063,0.3,33.4,-112.5,1.3599603290246456
2024-05-11 00:27:00,105031194,-0.587613526591681,-0.8125336352933138,-0.36269341789004816,33.4122281035946,-112.50028495142833,10063,0.1,33.4,-112.5,1.3599603290246456
2024-05-11 00:28:00,105031194,-0.6060322726934326,-0.8574703280395441,-0.3545942173473211,33.4122281035946,-112.50028495142833,10063,0.2,33.4,-112.5,1.3599603290246456
2024-05-11 00:29:00,105031194,-0.6919447094631523,-1.0096242432067797,-0.3742651757195251,33.4122281035946,-112.50028495142833,10063,0.3,33.4,-112.5,1.3599603290246456
2024-05-11 00:30:00,105031194,-0.46879314686747076,-0.8511653172035643,-0.08642097653137731,33.4122281035946,-112.50028495142833,10063,0.5,33.4,-112.5,1.3599603290246456
2024-05-11 00:31:00,105031194,-0.0324253441129983,-0.2818733637945364,0.21702267556853982,33.4122281035946,-112.50028495142833,10063,0.4,33.4,-112.5,1.3599603290246456
2024-05-11 00:32:00,105031194,-0.42334584327167213,-0.6189018855339832,-0.22778980100936103,33.4122281035946,-112.50028495142833,10063,0.1,33.4,-112.5,1.3599603290246456
2024-05-11 00:33:00,105031194,-0.18574130772858075,-0.3120481433314165,-0.059434472125744986,33.4122281035946,-112.50028495142833,10063,0.0,33.4,-112.5,1.3599603290246456
2024-05-11 00:34:00,105031194,-0.1802846192836923,-0.3143636316801822,-0.04620560688720235,33.4122281035946,-112.50028495142833,10063,-0.7,33.4,-112.5,1.3599603290246456
2024-05-11 00:35:00,105031194,-0.2665686009400396,-0.3710695426253604,-0.16206765925471878,33.4122281035946,-112.50028495142833,10063,-0.3,33.4,-112.5,1.3599603290246456
2024-05-11 00:36:00,105031194,0.10865668749212823,-0.05611333555809042,0.2734267105423469,33.4122281035946,-112.50028495142833,10063,-0.3,33.4,-112.5,1.3599603290246456
2024-05-11 00:37:00,105031194,0.13257138331308874,-0.057082966533960305,0.3222257331601378,33.4122281035946,-112.50028495142833,10063,-0.4,33.4,-112.5,1.3599603290246456
2024-05-11 00:38:00,105031194,0.495722552440491,0.23190982548325795,0.7595352793977241,33.4122281035946,-112.50028495142833,10063,-0.6,33.4,-112.5,1.3599603290246456
2024-05-11 00:39:00,105031194,0.40702649165892546,0.1837062005520985,0.6303467827657524,33.4122281035946,-112.50028495142833,10063,-0.4,33.4,-112.5,1.3599603290246456
2024-05-11 00:40:00,105031194,0.031931946629202526,-0.05762078658714222,0.12148467984554727,33.4122281035946,-112.50028495142833,10063,-0.1,33.4,-112.5,1.3599603290246456
2024-05-11 00:41:00,105031194,-0.0524338635332698,-0.09495321261844206,-0.009914514448097538,33.4122281035946,-112.50028495142833,10063,0.1,33.4,-112.5,1.3599603290246456
2024-05-11 00:42:00,105031194,0.2623183167723934,0.15738376115426017,0.3672528723905267,33.4122281035946,-112.50028495142833,10063,0.0,33.4,-112.5,1.3599603290246456
2024-05-11 00:43:00,105031194,0.07119335259053662,0.00588421981194559,0.13650248536912765,33.4122281035946,-112.50028495142833,10063,0.1,33.4,-112.5,1.3599603290246456
2024-05-11 00:44:00,105031194,-0.08068169757755465,-0.1903149995530412,0.028951604397931915,33.4122281035946,-112.50028495142833,10063,0.3,33.4,-112.5,1.3599603290246456
2024-05-11 00:45:00,105031194,-0.08300127186542393,-0.2200463994435396,0.054043855712691755,33.4122281035946,-112.50028495142833,10063,0.3,33.4,-112.5,1.3599603290246456
2024-05-11 00:46:00,105031194,-0.25779983996387973,-0.5221073210269196,0.006507641099160133,33.4122281035946,-112.50028495142833,10063,0.6,33.4,-112.5,1.3599603290246456
2024-05-11 00:47:00,105031194,-0.17697106312922065,-0.4186307705026415,0.0646886442442002,33.4122281035946,-112.50028495142833,10063,0.5,33.4,-112.5,1.3599603290246456
2024-05-11 00:48:00,105031194,0.04463197231092736,-0.18771180708161073,0.27697575170346544,33.4122281035946,-112.50028495142833,10063,0.5,33.4,-112.5,1.3599603290246456
2024-05-11 00:49:00,105031194,-0.047773468651269614,-0.08776905760775786,-0.007777879694781366,33.4122281035946,-112.50028495142833,10063,0.1,33.4,-112.5,1.3599603290246456
2024-05-11 00:50:00,105031194,0.07964480715828019,-0.028148364201273576,0.18743797851783395,33.4122281035946,-112.50028495142833,10063,0.1,33.4,-112.5,1.3599603290246456
2024-05-11 00:51:00,105031194,-0.15048048596736976,-0.2901318249728265,-0.010829146961912978,33.4122281035946,-112.50028495142833,10063,0.3,33.4,-112.5,1.3599603290246456
2024-05-11 00:52:00,105031194,-0.004873740887390917,-0.07496122998286642,0.0652137482080846,33.4122281035946,-112.50028495142833,10063,0.0,33.4,-112.5,1.3599603290246456
2024-05-11 00:53:00,105031194,0.015588356336231703,-0.0420898593333411,0.07326657200580451,33.4122281035946,-112.50028495142833,10063,0.2,33.4,-112.5,1.3599603290246456
2024-05-11 00:54:00,105031194,0.24612530601213226,0.1351346300707832,0.3571159819534813,33.4122281035946,-112.50028495142833,10063,-0.1,33.4,-112.5,1.3599603290246456
2024-05-11 00:55:00,105031194,0.011002936770338855,-0.010395204857328305,0.03240107839800602,33.4122281035946,-112.50028495142833,10063,0.1,33.4,-112.5,1.3599603290246456
2024-05-11 00:56:00,105031194,-0.19629711808548087,-0.2726133128670042,-0.11998092330395753,33.4122281035946,-112.50028495142833,10063,0.1,33.4,-112.5,1.3599603290246456
2024-05-11 00:57:00,105031194,-0.0332855027731955,-0.05126053267107933,-0.015310472875311676,33.4122281035946,-112.50028495142833,10063,-0.1,33.4,-112.5,1.3599603290246456
2024-05-11 00:58:00,105031194,0.15565129267728717,0.09453301881921765,0.21676956653535667,33.4122281035946,-112.50028495142833,10063,0.0,33.4,-112.5,1.3599603290246456
2024-05-11 00:59:00,105031194,0.09449735288319316,0.051486266565778635,0.13750843920060768,33.4122281035946,-112.50028495142833,10063,0.0,33.4,-112.5,1.3599603290246456
2024-05-11 01:00:00,105031194,-0.12086631192762713,-0.17595887540504876,-0.0657737484502055,33.4122281035946,-112.50028495142833,10063,0.0,33.4,-112.5,1.3599603290246456
2024-05-11 01:01:00,105031194,-0.14436498510284831,-0.2007997564642815,-0.08793021374141514,33.4122281035946,-112.50028495142833,10063,-0.1,33.4,-112.5,1.3599603290246456
2024-05-11 01:02:00,105031194,0.00015960039271439448,-0.052064993816865954,0.05238419460229474,33.4122281035946,-112.50028495142833,10063,0.1,33.4,-112.5,1.3599603290246456
2024-05-11 01:03:00,105031194,-0.06841921639626666,-0.12107329377037765,-0.015765139022155684,33.4122281035946,-112.50028495142833,10063,0.1,33.4,-112.5,1.3599603290246456
2024-05-11 01:04:00,105031194,0.1591234551892204,0.07430238350105066,0.2439445268773901,33.4122281035946,-112.50028495142833,10063,0.0,33.4,-112.5,1.3599603290246456
2024-05-11 01:05:00,105031194,0.25410170485744055,0.1493139673051619,0.3588894424097192,33.4122281035946,-112.50028495142833,10063,-0.1,33.4,-112.5,1.3599603290246456
2024-05-11 01:06:00,105031194,0.2622359564299123,0.16258161859468584,0.3618902942651388,33.4122281035946,-112.50028495142833,10063,-0.2,33.4,-112.5,1.3599603290246456
2024-05-11 01:07:00,105031194,0.14708503220232674,0.07577859610311914,0.21839146830153433,33.4122281035946,-112.50028495142833,10063,0.0,33.4,-112.5,1.3599603290246456
2024-05-11 01:08:00,105031194,0.07004150159724545,-0.019059019010426906,0.1591420222049178,33.4122281035946,-112.50028495142833,10063,0.0,33.4,-112.5,1.3599603290246456
2024-05-11 01:09:00,105031194,-0.24447767013324456,-0.34481813728589256,-0.14413720298059657,33.4122281035946,-112.50028495142833,10063,0.2,33.4,-112.5,1.3599603290246456
2024-05-11 01:10:00,105031194,-0.11560618152754687,-0.23208745326378669,0.0008750902086929468,33.4122281035946,-112.50028495142833,10063,-0.1,33.4,-112.5,1.3599603290246456
2024-05-11 01:11:00,105031194,0.03355027300878696,-0.12261337382979828,0.1897139198473722,33.4122281035946,-112.50028495142833,10063,-0.3,33.4,-112.5,1.3599603290246456
2024-05-11 01:12:00,105031194,-0.021701680514515806,-0.10206125990398726,0.05865789887495565,33.4122281035946,-112.50028495142833,10063,-0.2,33.4,-112.5,1.3599603290246456
2024-05-11 01:13:00,105031194,-0.09833737362507627,-0.14615182816398584,-0.05052291908616671,33.4122281035946,-112.50028495142833,10063,0.0,33.4,-112.5,1.3599603290246456
2024-05-11 01:14:00,105031194,-0.12687765202487358,-0.18011770178471564,-0.07363760226503153,33.4122281035946,-112.50028495142833,10063,0.1,33.4,-112.5,1.3599603290246456
2024-05-11 01:15:00,105031194,-0.05053908293845773,-0.14443495199063833,0.04335678611372286,33.4122281035946,-112.50028495142833,10063,0.2,33.4,-112.5,1.3599603290246456
2024-05-11 01:16:00,105031194,0.11326882837959586,-0.044229250617580276,0.270766907376772,33.4122281035946,-112.50028495142833,10063,0.3,33.4,-112.5,1.3599603290246456
2024-05-11 01:17:00,105031194,0.042794456546614255,-0.12111143268046268,0.2067003457736912,33.4122281035946,-112.50028495142833,10063,0.3,33.4,-112.5,1.3599603290246456
2024-05-11 01:18:00,105031194,-0.08826545177076892,-0.250419569567865,0.07388866602632715,33.4122281035946,-112.50028495142833,10063,0.4,33.4,-112.5,1.3599603290246456
2024-05-11 01:19:00,105031194,0.13644102711049913,0.021829356771068495,0.25105269744992975,33.4122281035946,-112.50028495142833,10063,0.3,33.4,-112.5,1.3599603290246456
2024-05-11 01:20:00,105031194,-0.10014771595877364,-0.2717345393452434,0.07143910742769613,33.4122281035946,-112.50028495142833,10063,0.3,33.4,-112.5,1.3599603290246456
2024-05-11 01:21:00,105031194,0.03511135699117583,-0.17395624129636905,0.2441789552787207,33.4122281035946,-112.50028495142833,10063,0.5,33.4,-112.5,1.3599603290246456
2024-05-11 01:22:00,105031194,-0.13274624453010905,-0.37301036801123266,0.10751787895101456,33.4122281035946,-112.50028495142833,10063,0.4,33.4,-112.5,1.3599603290246456
2024-05-11 01:23:00,105031194,-0.15512199505036206,-0.330771701626283,0.020527711525558906,33.4122281035946,-112.50028495142833,10063,0.5,33.4,-112.5,1.3599603290246456
2024-05-11 01:24:00,105031194,-0.14424856066444708,-0.24261748099726066,-0.0458796403316335,33.4122281035946,-112.50028495142833,10063,0.3,33.4,-112.5,1.3599603290246456
2024-05-11 01:25:00,105031194,-0.03350195762649398,-0.056475724291070686,-0.010528190961917275,33.4122281035946,-112.50028495142833,10063,0.1,33.4,-112.5,1.3599603290246456
2024-05-11 01:26:00,105031194,-0.04938856161995835,-0.13910376653227333,0.04032664329235663,33.4122281035946,-112.50028495142833,10063,0.3,33.4,-112.5,1.3599603290246456
2024-05-11 01:27:00,105031194,0.3349493586722024,0.20667964518715376,0.463219072157251,33.4122281035946,-112.50028495142833,10063,0.0,33.4,-112.5,1.3599603290246456
2024-05-11 01:28:00,105031194,0.5447398344671032,0.2778179630999654,0.8116617058342409,33.4122281035946,-112.50028495142833,10063,-0.5,33.4,-112.5,1.3599603290246456
2024-05-11 01:29:00,105031194,0.46757704278701895,0.21973938938671558,0.7154146961873223,33.4122281035946,-112.50028495142833,10063,-0.4,33.4,-112.5,1.3599603290246456
2024-05-11 01:30:00,105031194,-0.002877868375467837,-0.09640697166747969,0.090651234916544,33.4122281035946,-112.50028495142833,10063,0.0,33.4,-112.5,1.3599603290246456
2024-05-11 01:31:00,105031194,-0.6799741878755884,-1.0777713484989047,-0.282177027252272,33.4122281035946,-112.50028495142833,10063,0.8,33.4,-112.5,1.3599603290246456
2024-05-11 01:32:00,105031194,-0.15699644235253363,-0.2411060931727727,-0.07288679153229456,33.4122281035946,-112.50028495142833,10063,0.3,33.4,-112.5,1.3599603290246456
2024-05-11 01:33:00,105031194,0.08971205072706206,0.04691601139896054,0.1325080900551636,33.4122281035946,-112.50028495142833,10063,0.1,33.4,-112.5,1.3599603290246456
2024-05-11 01:34:00,105031194,0.20476405013044527,0.11993489937098523,0.2895932008899053,33.4122281035946,-112.50028495142833,10063,0.1,33.4,-112.5,1.3599603290246456
2024-05-11 01:35:00,105031194,0.11911213974629466,0.07214442746449537,0.16607985202809394,33.4122281035946,-112.50028495142833,10063,0.1,33.4,-112.5,1.3599603290246456
2024-05-11 01:36:00,105031194,0.008809258516370926,-0.06579381149665744,0.08341232852939931,33.4122281035946,-112.50028495142833,10063,-0.1,33.4,-112.5,1.3599603290246456
2024-05-11 01:37:00,105031194,-0.11312841312676192,-0.2666949268812581,0.040438100627734286,33.4122281035946,-112.50028495142833,10063,-0.2,33.4,-112.5,1.3599603290246456
2024-05-11 01:38:00,105031194,-0.10038604578738541,-0.19795133656667024,-0.0028207550081005978,33.4122281035946,-112.50028495142833,10063,-0.1,33.4,-112.5,1.3599603290246456
2024-05-11 01:39:00,105031194,-0.047646770984062996,-0.18346886265175555,0.08817532068362954,33.4122281035946,-112.50028495142833,10063,-0.1,33.4,-112.5,1.3599603290246456
2024-05-11 01:40:00,105031194,0.02016405674481304,-0.09150265982001365,0.13183077330963974,33.4122281035946,-112.50028495142833,10063,-0.1,33.4,-112.5,1.3599603290246456
2024-05-11 01:41:00,105031194,-0.028546069176063338,-0.12563662036675777,0.0685444820146311,33.4122281035946,-112.50028495142833,10063,-0.1,33.4,-112.5,1.3599603290246456
2024-05-11 01:42:00,105031194,-0.1065463507174512,-0.16775776656224378,-0.04533493487265859,33.4122281035946,-112.50028495142833,10063,0.1,33.4,-112.5,1.3599603290246456
2024-05-11 01:43:00,105031194,0.082962339774302,-0.06662106196792116,0.23254574151652513,33.4122281035946,-112.50028495142833,10063,-0.1,33.4,-112.5,1.3599603290246456
2024-05-11 01:44:00,105031194,0.30867840999907775,0.13877789493396162,0.47857892506419386,33.4122281035946,-112.50028495142833,10063,-0.2,33.4,-112.5,1.3599603290246456
2024-05-11 01:45:00,105031194,0.1995896761357273,0.08535311601312988,0.31382623625832473,33.4122281035946,-112.50028495142833,10063,-0.2,33.4,-112.5,1.3599603290246456
2024-05-11 01:46:00,105031194,0.3216647812513107,0.19175052086897357,0.4515790416336478,33.4122281035946,-112.50028495142833,10063,-0.1,33.4,-112.5,1.3599603290246456
2024-05-11 01:47:00,105031194,0.2551394980540849,0.14256236252460447,0.3677166335835654,33.4122281035946,-112.50028495142833,10063,-0.1,33.4,-112.5,1.3599603290246456
2024-05-11 01:48:00,105031194,0.06683745000983142,0.024389293377163918,0.10928560664249892,33.4122281035946,-112.50028495142833,10063,0.1,33.4,-112.5,1.3599603290246456
2024-05-11 01:49:00,105031194,-0.3107105165458562,-0.46415606276475874,-0.15726497032695363,33.4122281035946,-112.50028495142833,10063,0.4,33.4,-112.5,1.3599603290246456
2024-05-11 01:50:00,105031194,-0.17153248333262472,-0.23954177881911687,-0.10352318784613258,33.4122281035946,-112.50028495142833,10063,0.1,33.4,-112.5,1.3599603290246456
2024-05-11 01:51:00,105031194,0.039063028607654246,-0.017855161841116983,0.09598121905642548,33.4122281035946,-112.50028495142833,10063,-0.1,33.4,-112.5,1.3599603290246456
2024-05-11 01:52:00,105031194,0.14370813909435196,-0.00037765936381153886,0.2877939375525155,33.4122281035946,-112.50028495142833,10063,-0.3,33.4,-112.5,1.3599603290246456
2024-05-11 01:53:00,105031194,0.05792639072011266,-0.11190117363769814,0.22775395507792345,33.4122281035946,-112.50028495142833,10063,-0.4,33.4,-112.5,1.3599603290246456
2024-05-11 01:54:00,105031194,0.145126249449671,0.0049661543447675205,0.28528634455457447,33.4122281035946,-112.50028495142833,10063,-0.3,33.4,-112.5,1.3599603290246456
2024-05-11 01:55:00,105031194,-0.12204959280969795,-0.19674932837177062,-0.04734985724762529,33.4122281035946,-112.50028495142833,10063,-0.1,33.4,-112.5,1.3599603290246456
2024-05-11 01:56:00,105031194,-0.05228133912777295,-0.1367411121800514,0.0321784339245055,33.4122281035946,-112.50028495142833,10063,-0.1,33.4,-112.5,1.3599603290246456
2024-05-11 01:57:00,105031194,0.07655488325606502,-0.022746950604568522,0.17585671711669856,33.4122281035946,-112.50028495142833,10063,-0.1,33.4,-112.5,1.3599603290246456
2024-05-11 01:58:00,105031194,0.26613515190718745,0.12283197470927729,0.4094383291050976,33.4122281035946,-112.50028495142833,10063,-0.2,33.4,-112.5,1.3599603290246456
2024-05-11 01:59:00,105031194,0.16948586945929087,0.06039074940054864,0.2785809895180331,33.4122281035946,-112.50028495142833,10063,-0.2,33.4,-112.5,1.3599603290246456
2024-05-11 02:00:00,105031194,0.20913941074596873,0.09159239735553013,0.32668642413640736,33.4122281035946,-112.50028495142833,10063,-0.2,33.4,-112.5,1.3599603290246456
2024-05-11 02:01:00,105031194,0.2972854588386185,0.17990295379428828,0.41466796388294874,33.4122281035946,-112.50028495142833,10063,-0.1,33.4,-112.5,1.3599603290246456
2024-05-11 02:02:00,105031194,0.30038066840535704,0.16810827603145795,0.43265306077925614,33.4122281035946,-112.50028495142833,10063,-0.1,33.4,-112.5,1.3599603290246456
2024-05-11 02:03:00,105031194,0.19159673912180641,0.034385715900213026,0.34880776234339983,33.4122281035946,-112.50028495142833,10063,-0.2,33.4,-112.5,1.3599603290246456
2024-05-11 02:04:00,105031194,0.2031751077028136,0.02658683141942561,0.3797633839862016,33.4122281035946,-112.50028495142833,10063,-0.2,33.4,-112.5,1.3599603290246456
2024-05-11 02:05:00,105031194,0.38235527261937585,0.17590326223402414,0.5888072830047275,33.4122281035946,-112.50028495142833,10063,-0.2,33.4,-112.5,1.3599603290246456
2024-05-11 02:06:00,105031194,0.3553033224231141,0.16756434068071183,0.5430423041655164,33.4122281035946,-112.50028495142833,10063,-0.2,33.4,-112.5,1.3599603290246456
2024-05-11 02:07:00,105031194,-0.3841105986835568,-0.6063058929675063,-0.16191530439960727,33.4122281035946,-112.50028495142833,10063,0.1,33.4,-112.5,1.3599603290246456
2024-05-11 02:08:00,105031194,-0.2572514202520438,-0.36159062211863496,-0.1529122183854526,33.4122281035946,-112.50028495142833,10063,0.1,33.4,-112.5,1.3599603290246456
2024-05-11 02:09:00,105031194,-0.0267542081588139,-0.08405644207421623,0.030548025756588423,33.4122281035946,-112.50028495142833,10063,0.3,33.4,-112.5,1.3599603290246456
2024-05-11 02:10:00,105031194,0.2367621244737799,0.10868739206022021,0.3648368568873396,33.4122281035946,-112.50028495142833,10063,0.2,33.4,-112.5,1.3599603290246456
2024-05-11 02:11:00,105031194,0.11627572230915341,0.06282040179099013,0.16973104282731669,33.4122281035946,-112.50028495142833,10063,0.1,33.4,-112.5,1.3599603290246456
2024-05-11 02:12:00,105031194,0.40028081364686924,0.22946088490987282,0.5711007423838657,33.4122281035946,-112.50028495142833,10063,0.2,33.4,-112.5,1.3599603290246456
2024-05-11 02:13:00,105031194,0.36900661017437625,0.22833296887637136,0.5096802514723812,33.4122281035946,-112.50028495142833,10063,0.0,33.4,-112.5,1.3599603290246456
2024-05-11 02:14:00,105031194,0.7009355190553164,0.431716648922853,0.9701543891877797,33.4122281035946,-112.50028495142833,10063,0.1,33.4,-112.5,1.3599603290246456
2024-05-11 02:15:00,105031194,0.33043124436057714,0.15193085126841607,0.5089316374527382,33.4122281035946,-112.50028495142833,10063,0.2,33.4,-112.5,1.3599603290246456
2024-05-11 02:16:00,105031194,0.5579913805780423,0.21939777770400348,0.8965849834520812,33.4122281035946,-112.50028495142833,10063,0.4,33.4,-112.5,1.3599603290246456
2024-05-11 02:17:00,105031194,0.0734532921814444,-0.24771215394538432,0.39461873830827315,33.4122281035946,-112.50028495142833,10063,0.7,33.4,-112.5,1.3599603290246456
2024-05-11 02:18:00,105031194,0.09236612723338053,-0.14762264464370572,0.3323548991104668,33.4122281035946,-112.50028495142833,10063,0.5,33.4,-112.5,1.3599603290246456
2024-05-11 02:19:00,105031194,-0.02739320085654475,-0.234878490462276,0.18009208874918647,33.4122281035946,-112.50028495142833,10063,0.5,33.4,-112.5,1.3599603290246456
2024-05-11 02:20:00,105031194,0.0790259462363038,-0.06531293721813877,0.22336482969074636,33.4122281035946,-112.50028495142833,10063,0.1,33.4,-112.5,1.3599603290246456
2024-05-11 02:21:00,105031194,-1.0596896887086986,-1.4731594586699508,-0.6462199187474463,33.4122281035946,-112.50028495142833,10063,0.6,33.4,-112.5,1.3599603290246456
2024-05-11 02:22:00,105031194,-0.108177049487262,-0.21808730867242948,0.001733209697905469,33.4122281035946,-112.50028495142833,10063,0.1,33.4,-112.5,1.3599603290246456
2024-05-11 02:23:00,105031194,0.5320256675361892,0.24188724312235926,0.822164091950019,33.4122281035946,-112.50028495142833,10063,-0.1,33.4,-112.5,1.3599603290246456
2024-05-11 02:24:00,105031194,-0.08569513039341323,-0.14350719350544855,-0.02788306728137789,33.4122281035946,-112.50028495142833,10063,-0.1,33.4,-112.5,1.3599603290246456
2024-05-11 02:25:00,105031194,0.1919205321470523,0.11802980936383327,0.2658112549302713,33.4122281035946,-112.50028495142833,10063,0.0,33.4,-112.5,1.3599603290246456
2024-05-11 02:26:00,105031194,0.11370234673166324,-0.04499719941246014,0.27240189287578664,33.4122281035946,-112.50028495142833,10063,0.3,33.4,-112.5,1.3599603290246456
2024-05-11 02:27:00,105031194,0.6148399290252935,0.2313689107014244,0.9983109473491626,33.4122281035946,-112.50028495142833,10063,0.4,33.4,-112.5,1.3599603290246456
2024-05-11 02:28:00,105031194,-0.23001371750860175,-0.40313201315749425,-0.05689542185970925,33.4122281035946,-112.50028495142833,10063,0.3,33.4,-112.5,1.3599603290246456
2024-05-11 02:29:00,105031194,-1.027195410135396,-1.4209839124869896,-0.6334069077838022,33.4122281035946,-112.50028495142833,10063,0.3,33.4,-112.5,1.3599603290246456
2024-05-11 02:30:00,105031194,-0.6452837492103565,-0.8908192678650751,-0.3997482305556378,33.4122281035946,-112.50028495142833,10063,0.2,33.4,-112.5,1.3599603290246456
2024-05-11 02:31:00,105031194,-0.3078741965194543,-0.43056288757473304,-0.18518550546417553,33.4122281035946,-112.50028495142833,10063,0.2,33.4,-112.5,1.3599603290246456
2024-05-11 02:32:00,105031194,-0.33512751812950936,-0.4784373353385879,-0.19181770092043082,33.4122281035946,-112.50028495142833,10063,0.2,33.4,-112.5,1.3599603290246456
2024-05-11 02:33:00,105031194,-0.6496995249786472,-0.9263601330139385,-0.373038916943356,33.4122281035946,-112.50028495142833,10063,-0.1,33.4,-112.5,1.3599603290246456
2024-05-11 02:34:00,105031194,-0.0710865648137938,-0.3401388162974037,0.19796568666981615,33.4122281035946,-112.50028495142833,10063,-0.6,33.4,-112.5,1.3599603290246456
2024-05-11 02:35:00,105031194,0.15782498204006193,-0.12799050809624632,0.44364047217637015,33.4122281035946,-112.50028495142833,10063,-0.4,33.4,-112.5,1.3599603290246456
2024-05-11 02:36:00,105031194,-0.3708806529438081,-0.6069066695870784,-0.1348546363005378,33.4122281035946,-112.50028495142833,10063,-0.4,33.4,-112.5,1.3599603290246456
2024-05-11 02:37:00,105031194,-0.6083248920159829,-0.8680388093044202,-0.34861097472754565,33.4122281035946,-112.50028495142833,10063,0.1,33.4,-112.5,1.3599603290246456
2024-05-11 02:38:00,105031194,-0.7026499083130282,-0.9717477222278779,-0.43355209439817854,33.4122281035946,-112.50028495142833,10063,0.1,33.4,-112.5,1.3599603290246456
2024-05-11 02:39:00,105031194,0.8910775665651288,0.5271508988769801,1.2550042342532777,33.4122281035946,-112.50028495142833,10063,0.1,33.4,-112.5,1.3599603290246456
2024-05-11 02:40:00,105031194,0.06581221763926373,-0.05550844376421185,0.18713287904273931,33.4122281035946,-112.50028495142833,10063,-0.3,33.4,-112.5,1.3599603290246456
2024-05-11 02:41:00,105031194,-0.6682481147876397,-0.9997122962100409,-0.33678393336523843,33.4122281035946,-112.50028495142833,10063,-0.1,33.4,-112.5,1.3599603290246456
2024-05-11 02:42:00,105031194,-0.21697558105583617,-0.3461637230596142,-0.08778743905205816,33.4122281035946,-112.50028495142833,10063,0.0,33.4,-112.5,1.3599603290246456
2024-05-11 02:43:00,105031194,0.002994805346937445,-0.008239952306707784,0.014229563000582675,33.4122281035946,-112.50028495142833,10063,-0.1,33.4,-112.5,1.3599603290246456
2024-05-11 02:44:00,105031194,0.05153523725136454,-0.06539985127685372,0.1684703257795828,33.4122281035946,-112.50028495142833,10063,0.2,33.4,-112.5,1.3599603290246456
2024-05-11 02:45:00,105031194,0.3242675161834125,0.18416645233389894,0.464368580032926,33.4122281035946,-112.50028495142833,10063,-0.2,33.4,-112.5,1.3599603290246456
2024-05-11 02:46:00,105031194,-0.04844728482991893,-0.1501958849947334,0.05330131533489553,33.4122281035946,-112.50028495142833,10063,0.2,33.4,-112.5,1.3599603290246456
2024-05-11 02:47:00,105031194,0.5381678721463695,0.29130785268554693,0.7850278916071921,33.4122281035946,-112.50028495142833,10063,0.3,33.4,-112.5,1.3599603290246456
2024-05-11 02:48:00,105031194,-0.16871465695321672,-0.326058876908104,-0.01137043699832943,33.4122281035946,-112.50028495142833,10063,0.3,33.4,-112.5,1.3599603290246456
2024-05-11 02:49:00,105031194,-0.021630648544179905,-0.15937821903227745,0.11611692194391765,33.4122281035946,-112.50028495142833,10063,0.4,33.4,-112.5,1.3599603290246456
2024-05-11 02:50:00,105031194,0.00940405395402193,-0.034324696032548646,0.05313280394059251,33.4122281035946,-112.50028495142833,10063,0.1,33.4,-112.5,1.3599603290246456
2024-05-11 02:51:00,105031194,0.2945927437161443,0.1813422670236108,0.4078432204086778,33.4122281035946,-112.50028495142833,10063,0.0,33.4,-112.5,1.3599603290246456
2024-05-11 02:52:00,105031194,0.1703935875195571,0.09881048735914628,0.24197668767996794,33.4122281035946,-112.50028495142833,10063,0.0,33.4,-112.5,1.3599603290246456
2024-05-11 02:53:00,105031194,0.5347665537634215,0.26629123003540667,0.8032418774914364,33.4122281035946,-112.50028495142833,10063,0.1,33.4,-112.5,1.3599603290246456
2024-05-11 02:54:00,105031194,0.40769134624569414,0.1263000398119799,0.6890826526794084,33.4122281035946,-112.50028495142833,10063,0.3,33.4,-112.5,1.3599603290246456
2024-05-11 02:55:00,105031194,0.6849475152286372,0.3835468258273933,0.986348204629881,33.4122281035946,-112.50028495142833,10063,0.3,33.4,-112.5,1.3599603290246456
2024-05-11 02:56:00,105031194,0.6155098412083205,0.3807606032915377,0.8502590791251033,33.4122281035946,-112.50028495142833,10063,0.0,33.4,-112.5,1.3599603290246456
2024-05-11 02:57:00,105031194,0.6769287409377576,0.4073191429737758,0.9465383389017393,33.4122281035946,-112.50028495142833,10063,-0.1,33.4,-112.5,1.3599603290246456
2024-05-11 02:58:00,105031194,1.0069675554234283,0.5787735915462116,1.435161519300645,33.4122281035946,-112.50028495142833,10063,0.1,33.4,-112.5,1.3599603290246456
2024-05-11 02:59:00,105031194,0.7594627488992716,0.38766395808461024,1.131261539713933,33.4122281035946,-112.50028495142833,10063,0.2,33.4,-112.5,1.3599603290246456
2024-05-11 03:00:00,105031194,-0.04419185257827628,-0.1664378666477002,0.07805416149114763,33.4122281035946,-112.50028495142833,10063,0.3,33.4,-112.5,1.3599603290246456
2024-05-11 03:01:00,105031194,-0.22504772563414754,-0.34108568443449505,-0.10900976683380006,33.4122281035946,-112.50028495142833,10063,0.3,33.4,-112.5,1.3599603290246456
2024-05-11 03:02:00,105031194,-0.13831543269573976,-0.2255986963402843,-0.05103216905119523,33.4122281035946,-112.50028495142833,10063,0.2,33.4,-112.5,1.3599603290246456
2024-05-11 03:03:00,105031194,0.24651653675553867,0.13147710283300718,0.36155597067807016,33.4122281035946,-112.50028495142833,10063,0.0,33.4,-112.5,1.3599603290246456
2024-05-11 03:04:00,105031194,0.030295841848131392,0.0069192005920931145,0.053672483104169666,33.4122281035946,-112.50028495142833,10063,0.0,33.4,-112.5,1.3599603290246456
2024-05-11 03:05:00,105031194,-0.16331916391606768,-0.23147692504712364,-0.09516140278501174,33.4122281035946,-112.50028495142833,10063,-0.2,33.4,-112.5,1.3599603290246456
2024-05-11 03:06:00,105031194,-0.24086682592754377,-0.3350005772902217,-0.1467330745648658,33.4122281035946,-112.50028495142833,10063,-0.1,33.4,-112.5,1.3599603290246456
2024-05-11 03:07:00,105031194,-0.03788732121045582,-0.05836870844427985,-0.017405933976631795,33.4122281035946,-112.50028495142833,10063,-0.1,33.4,-112.5,1.3599603290246456
2024-05-11 03:08:00,105031194,-0.01729377506461717,-0.03769781648595957,0.003110266356725233,33.4122281035946,-112.50028495142833,10063,-0.1,33.4,-112.5,1.3599603290246456
2024-05-11 03:09:00,105031194,0.17406883209775714,0.10332652183433902,0.24481114236117527,33.4122281035946,-112.50028495142833,10063,-0.1,33.4,-112.5,1.3599603290246456
2024-05-11 03:10:00,105031194,-0.12770190730546238,-0.21345021190546565,-0.041953602705459114,33.4122281035946,-112.50028495142833,10063,-0.2,33.4,-112.5,1.3599603290246456
2024-05-11 03:11:00,105031194,-0.19306936356960272,-0.2855444301151666,-0.10059429702403885,33.4122281035946,-112.50028495142833,10063,-0.2,33.4,-112.5,1.3599603290246456
2024-05-11 03:12:00,105031194,-0.17704111763876035,-0.262053956036005,-0.09202827924151571,33.4122281035946,-112.50028495142833,10063,-0.1,33.4,-112.5,1.3599603290246456
2024-05-11 03:13:00,105031194,0.27812014850082833,0.10867175888296787,0.4475685381186888,33.4122281035946,-112.50028495142833,10063,-0.4,33.4,-112.5,1.3599603290246456
2024-05-11 03:14:00,105031194,0.1027612661444375,-0.19721341703022394,0.4027359493190989,33.4122281035946,-112.50028495142833,10063,-0.6,33.4,-112.5,1.3599603290246456
2024-05-11 03:15:00,105031194,-0.27977113920788543,-0.5964280632039562,0.03688578478818538,33.4122281035946,-112.50028495142833,10063,-0.5,33.4,-112.5,1.3599603290246456
2024-05-11 03:16:00,105031194,-0.2952399048192735,-0.5185613274149197,-0.07191848222362726,33.4122281035946,-112.50028495142833,10063,-0.3,33.4,-112.5,1.3599603290246456
2024-05-11 03:17:00,105031194,-0.2843124534799671,-0.4497113122105024,-0.11891359474943178,33.4122281035946,-112.50028495142833,10063,-0.3,33.4,-112.5,1.3599603290246456
2024-05-11 03:18:00,105031194,-0.413195519411661,-0.6061662012286558,-0.22022483759466613,33.4122281035946,-112.50028495142833,10063,-0.2,33.4,-112.5,1.3599603290246456
2024-05-11 03:19:00,105031194,-0.2861764853196405,-0.4618142895201165,-0.11053868111916454,33.4122281035946,-112.50028495142833,10063,-0.2,33.4,-112.5,1.3599603290246456
2024-05-11 03:20:00,105031194,-0.30325030255158264,-0.5491176818709256,-0.05738292323223973,33.4122281035946,-112.50028495142833,10063,-0.3,33.4,-112.5,1.3599603290246456
2024-05-11 03:21:00,105031194,-0.29856103036569004,-0.5783776188996406,-0.018744441831739456,33.4122281035946,-112.50028495142833,10063,-0.4,33.4,-112.5,1.3599603290246456
2024-05-11 03:22:00,105031194,-0.34260593809392814,-0.6012783018532627,-0.08393357433459359,33.4122281035946,-112.50028495142833,10063,-0.3,33.4,-112.5,1.3599603290246456
2024-05-11 03:23:00,105031194,-0.1102198907823718,-0.2755024279812822,0.05506264641653866,33.4122281035946,-112.50028495142833,10063,-0.3,33.4,-112.5,1.3599603290246456
2024-05-11 03:24:00,105031194,-0.11774982577119779,-0.24189841233497128,0.006398760792575703,33.4122281035946,-112.50028495142833,10063,-0.2,33.4,-112.5,1.3599603290246456
2024-05-11 03:25:00,105031194,-0.06314513695501899,-0.18159486067145691,0.055304586761418945,33.4122281035946,-112.50028495142833,10063,-0.2,33.4,-112.5,1.3599603290246456
2024-05-11 03:26:00,105031194,-0.1655283329715453,-0.3122527793155395,-0.018803886627551086,33.4122281035946,-112.50028495142833,10063,-0.2,33.4,-112.5,1.3599603290246456
2024-05-11 03:27:00,105031194,-0.06433445321514378,-0.1831860568491846,0.05451715041889704,33.4122281035946,-112.50028495142833,10063,-0.2,33.4,-112.5,1.3599603290246456
2024-05-11 03:28:00,105031194,-0.007525048106335794,-0.11436122043627858,0.099311124223607,33.4122281035946,-112.50028495142833,10063,-0.2,33.4,-112.5,1.3599603290246456
2024-05-11 03:29:00,105031194,0.09777045616504992,0.01578892303423665,0.1797519892958632,33.4122281035946,-112.50028495142833,10063,-0.2,33.4,-112.5,1.3599603290246456
2024-05-11 03:30:00,105031194,0.08674623900291759,0.02960495824202007,0.14388751976381509,33.4122281035946,-112.50028495142833,10063,-0.1,33.4,-112.5,1.3599603290246456
2024-05-11 03:31:00,105031194,0.09972945808078207,0.050832871902826635,0.1486260442587375,33.4122281035946,-112.50028495142833,10063,-0.1,33.4,-112.5,1.3599603290246456
2024-05-11 03:32:00,105031194,-0.026833413786387286,-0.05386464396149554,0.00019781638872097204,33.4122281035946,-112.50028495142833,10063,-0.1,33.4,-112.5,1.3599603290246456
2024-05-11 03:33:00,105031194,-0.10690266971609422,-0.15553228697650287,-0.05827305245568556,33.4122281035946,-112.50028495142833,10063,0.0,33.4,-112.5,1.3599603290246456
2024-05-11 03:34:00,105031194,-0.2842735334633287,-0.4084408459481223,-0.16010622097853505,33.4122281035946,-112.50028495142833,10063,-0.1,33.4,-112.5,1.3599603290246456
2024-05-11 03:35:00,105031194,-0.34314509167482976,-0.497951044040288,-0.1883391393093715,33.4122281035946,-112.50028495142833,10063,0.0,33.4,-112.5,1.3599603290246456
2024-05-11 03:36:00,105031194,-0.41466165896981283,-0.6008915850585259,-0.2284317328810998,33.4122281035946,-112.50028495142833,10063,-0.1,33.4,-112.5,1.3599603290246456
2024-05-11 03:37:00,105031194,-0.33712001335818814,-0.4957234360029629,-0.17851659071341336,33.4122281035946,-112.50028495142833,10063,-0.1,33.4,-112.5,1.3599603290246456
2024-05-11 03:38:00,105031194,-0.24099061872588673,-0.3724394525522234,-0.10954178489955008,33.4122281035946,-112.50028495142833,10063,-0.1,33.4,-112.5,1.3599603290246456
2024-05-11 03:39:00,105031194,-0.15109527334270365,-0.28118734551356445,-0.021003201171842845,33.4122281035946,-112.50028495142833,10063,-0.2,33.4,-112.5,1.3599603290246456
2024-05-11 03:40:00,105031194,-0.17042949077492944,-0.3269163910362226,-0.01394259051363625,33.4122281035946,-112.50028495142833,10063,-0.2,33.4,-112.5,1.3599603290246456
2024-05-11 03:41:00,105031194,-0.1597678351613114,-0.31301781970300135,-0.006517850619621457,33.4122281035946,-112.50028495142833,10063,-0.2,33.4,-112.5,1.3599603290246456
2024-05-11 03:42:00,105031194,-0.19097965878532513,-0.31929376847571295,-0.06266554909493732,33.4122281035946,-112.50028495142833,10063,-0.2,33.4,-112.5,1.3599603290246456
2024-05-11 03:43:00,105031194,-0.1461932335823849,-0.2592697772480208,-0.03311668991674896,33.4122281035946,-112.50028495142833,10063,-0.2,33.4,-112.5,1.3599603290246456
2024-05-11 03:44:00,105031194,-0.1466519174179591,-0.24242825841436277,-0.05087557642155542,33.4122281035946,-112.50028495142833,10063,-0.1,33.4,-112.5,1.3599603290246456
2024-05-11 03:45:00,105031194,-0.10222145403825204,-0.17532794540803953,-0.02911496266846457,33.4122281035946,-112.50028495142833,10063,-0.1,33.4,-112.5,1.3599603290246456
2024-05-11 03:46:00,105031194,-0.05249884873198806,-0.10803050539482563,0.003032807930849507,33.4122281035946,-112.50028495142833,10063,-0.1,33.4,-112.5,1.3599603290246456
2024-05-11 03:47:00,105031194,0.032876448157248946,-0.027114385254638003,0.0928672815691359,33.4122281035946,-112.50028495142833,10063,-0.1,33.4,-112.5,1.3599603290246456
2024-05-11 03:48:00,105031194,0.06759518360820237,-0.004040312021969389,0.13923067923837412,33.4122281035946,-112.50028495142833,10063,-0.1,33.4,-112.5,1.3599603290246456
2024-05-11 03:49:00,105031194,0.06571561520979599,-0.00966543817456783,0.1410966685941598,33.4122281035946,-112.50028495142833,10063,-0.2,33.4,-112.5,1.3599603290246456
2024-05-11 03:50:00,105031194,-0.05480539423096569,-0.14448907098867794,0.03487828252674657,33.4122281035946,-112.50028495142833,10063,-0.1,33.4,-112.5,1.3599603290246456
2024-05-11 03:51:00,105031194,-0.06393660478176132,-0.16870378172960696,0.04083057216608432,33.4122281035946,-112.50028495142833,10063,-0.2,33.4,-112.5,1.3599603290246456
2024-05-11 03:52:00,105031194,-0.03570297254143834,-0.15039740491422,0.07899145983134333,33.4122281035946,-112.50028495142833,10063,-0.2,33.4,-112.5,1.3599603290246456
2024-05-11 03:53:00,105031194,0.05094542186057346,-0.0834212053957403,0.18531204911688723,33.4122281035946,-112.50028495142833,10063,-0.2,33.4,-112.5,1.3599603290246456
2024-05-11 03:54:00,105031194,0.0774982325751568,-0.04712976463152986,0.20212622978184347,33.4122281035946,-112.50028495142833,10063,-0.3,33.4,-112.5,1.3599603290246456
2024-05-11 03:55:00,105031194,0.14900788852380692,0.04209761295494374,0.2559181640926701,33.4122281035946,-112.50028495142833,10063,-0.2,33.4,-112.5,1.3599603290246456
2024-05-11 03:56:00,105031194,0.16453042337589227,0.08508795077747382,0.2439728959743107,33.4122281035946,-112.50028495142833,10063,-0.2,33.4,-112.5,1.3599603290246456
2024-05-11 03:57:00,105031194,0.15438284924782505,0.0758260073825712,0.2329396911130789,33.4122281035946,-112.50028495142833,10063,-0.1,33.4,-112.5,1.3599603290246456
2024-05-11 03:58:00,105031194,0.16505327557253285,0.09566681859845895,0.23443973254660677,33.4122281035946,-112.50028495142833,10063,0.0,33.4,-112.5,1.3599603290246456
2024-05-11 03:59:00,105031194,0.31881143121903105,0.19644755344234802,0.4411753089957141,33.4122281035946,-112.50028495142833,10063,0.0,33.4,-112.5,1.3599603290246456
2024-05-11 04:00:00,105031194,0.32052283629046796,0.19213618530118629,0.44890948727974966,33.4122281035946,-112.50028495142833,10063,0.0,33.4,-112.5,1.3599603290246456
2024-05-11 04:01:00,105031194,0.33955243711632893,0.19921934309121828,0.4798855311414396,33.4122281035946,-112.50028495142833,10063,0.1,33.4,-112.5,1.3599603290246456
2024-05-11 04:02:00,105031194,0.2633891816234641,0.14587024351653244,0.38090811973039573,33.4122281035946,-112.50028495142833,10063,0.1,33.4,-112.5,1.3599603290246456
2024-05-11 04:03:00,105031194,0.17670332546810383,0.094428252244993,0.25897839869121464,33.4122281035946,-112.50028495142833,10063,0.1,33.4,-112.5,1.3599603290246456
2024-05-11 04:04:00,105031194,0.07688972440706963,0.04000078787739067,0.1137786609367486,33.4122281035946,-112.50028495142833,10063,0.1,33.4,-112.5,1.3599603290246456
2024-05-11 04:05:00,105031194,0.10050913011351773,0.06016470300748526,0.14085355721955017,33.4122281035946,-112.50028495142833,10063,0.0,33.4,-112.5,1.3599603290246456
2024-05-11 04:06:00,105031194,0.0937476804057477,0.055154800059973905,0.1323405607515215,33.4122281035946,-112.50028495142833,10063,0.0,33.4,-112.5,1.3599603290246456
2024-05-11 04:07:00,105031194,0.12863737199091374,0.07774402126083993,0.17953072272098755,33.4122281035946,-112.50028495142833,10063,-0.1,33.4,-112.5,1.3599603290246456
2024-05-11 04:08:00,105031194,0.07449616406131583,0.04460543019721837,0.1043868979254133,33.4122281035946,-112.50028495142833,10063,-0.1,33.4,-112.5,1.3599603290246456
2024-05-11 04:09:00,105031194,0.11895436526073101,0.07157896310587214,0.16632976741558989,33.4122281035946,-112.50028495142833,10063,0.0,33.4,-112.5,1.3599603290246456
2024-05-11 04:10:00,105031194,0.058134371852432205,0.034398059138945704,0.0818706845659187,33.4122281035946,-112.50028495142833,10063,0.0,33.4,-112.5,1.3599603290246456
2024-05-11 04:11:00,105031194,0.06864400613378444,0.03465137713656133,0.10263663513100754,33.4122281035946,-112.50028495142833,10063,0.1,33.4,-112.5,1.3599603290246456
2024-05-11 04:12:00,105031194,0.1856214312852867,0.09869764061423758,0.2725452219563358,33.4122281035946,-112.50028495142833,10063,0.1,33.4,-112.5,1.3599603290246456
2024-05-11 04:13:00,105031194,0.1980509165870516,0.1181303475330363,0.2779714856410669,33.4122281035946,-112.50028495142833,10063,0.0,33.4,-112.5,1.3599603290246456
2024-05-11 04:14:00,105031194,0.16493280356595838,0.10040458256587849,0.22946102456603829,33.4122281035946,-112.50028495142833,10063,-0.1,33.4,-112.5,1.3599603290246456
2024-05-11 04:15:00,105031194,0.19084398888219567,0.11342849000635921,0.2682594877580321,33.4122281035946,-112.50028495142833,10063,0.0,33.4,-112.5,1.3599603290246456
2024-05-11 04:16:00,105031194,0.2150672414342413,0.12906694578140765,0.30106753708707495,33.4122281035946,-112.50028495142833,10063,0.0,33.4,-112.5,1.3599603290246456
2024-05-11 04:17:00,105031194,0.3183102921622439,0.19365442248398348,0.4429661618405043,33.4122281035946,-112.50028495142833,10063,0.0,33.4,-112.5,1.3599603290246456
2024-05-11 04:18:00,105031194,0.17461039583484075,0.06975664941945003,0.2794641422502315,33.4122281035946,-112.50028495142833,10063,0.2,33.4,-112.5,1.3599603290246456
2024-05-11 04:19:00,105031194,-0.041572224301261826,-0.1519716728977712,0.06882722429524753,33.4122281035946,-112.50028495142833,10063,0.2,33.4,-112.5,1.3599603290246456
2024-05-11 04:20:00,105031194,-0.11979177655973985,-0.22631779520251022,-0.013265757916969503,33.4122281035946,-112.50028495142833,10063,0.2,33.4,-112.5,1.3599603290246456
2024-05-11 04:21:00,105031194,-0.09709843474547938,-0.18148552421088443,-0.012711345280074338,33.4122281035946,-112.50028495142833,10063,0.2,33.4,-112.5,1.3599603290246456
2024-05-11 04:22:00,105031194,-0.06998366751692918,-0.10248676688217599,-0.03748056815168237,33.4122281035946,-112.50028495142833,10063,0.1,33.4,-112.5,1.3599603290246456
2024-05-11 04:23:00,105031194,0.07499204732063793,0.00023942381398789347,0.14974467082728796,33.4122281035946,-112.50028495142833,10063,-0.1,33.4,-112.5,1.3599603290246456
2024-05-11 04:24:00,105031194,0.08511541088628383,-0.013489618818945129,0.18372044059151277,33.4122281035946,-112.50028495142833,10063,-0.2,33.4,-112.5,1.3599603290246456
2024-05-11 04:25:00,105031194,0.08931521556522805,0.003999404231783035,0.17463102689867305,33.4122281035946,-112.50028495142833,10063,-0.2,33.4,-112.5,1.3599603290246456
2024-05-11 04:26:00,105031194,0.08421917729701772,0.0034985949198096528,0.1649397596742258,33.4122281035946,-112.50028495142833,10063,-0.2,33.4,-112.5,1.3599603290246456
2024-05-11 04:27:00,105031194,0.020364469245249983,-0.04138775770172319,0.08211669619222316,33.4122281035946,-112.50028495142833,10063,-0.2,33.4,-112.5,1.3599603290246456
2024-05-11 04:28:00,105031194,-0.23216861918747173,-0.3528052949902548,-0.11153194338468866,33.4122281035946,-112.50028495142833,10063,0.2,33.4,-112.5,1.3599603290246456
2024-05-11 04:29:00,105031194,-0.5461982877850345,-0.8111362368028194,-0.2812603387672497,33.4122281035946,-112.50028495142833,10063,0.4,33.4,-112.5,1.3599603290246456
2024-05-11 04:30:00,105031194,-0.4371122852023831,-0.6346499467669353,-0.23957462363783094,33.4122281035946,-112.50028495142833,10063,0.4,33.4,-112.5,1.3599603290246456
2024-05-11 04:31:00,105031194,-0.21765680441208052,-0.30773136463175643,-0.1275822441924046,33.4122281035946,-112.50028495142833,10063,0.1,33.4,-112.5,1.3599603290246456
2024-05-11 04:32:00,105031194,0.14272723847797097,0.04438467943095287,0.24106979752498908,33.4122281035946,-112.50028495142833,10063,-0.2,33.4,-112.5,1.3599603290246456
2024-05-11 04:33:00,105031194,0.3754513021873632,0.19527597878283823,0.5556266255918882,33.4122281035946,-112.50028495142833,10063,-0.4,33.4,-112.5,1.3599603290246456
2024-05-11 04:34:00,105031194,0.3176192415551105,0.08275595557465476,0.5524825275355663,33.4122281035946,-112.50028495142833,10063,-0.6,33.4,-112.5,1.3599603290246456
2024-05-11 04:35:00,105031194,0.141880564312471,-0.0671086506091032,0.3508697792340452,33.4122281035946,-112.50028495142833,10063,-0.5,33.4,-112.5,1.3599603290246456
2024-05-11 04:36:00,105031194,0.04240453502259405,-0.13232715141415727,0.21713622145934539,33.4122281035946,-112.50028495142833,10063,-0.4,33.4,-112.5,1.3599603290246456
2024-05-11 04:37:00,105031194,0.07640444722355846,-0.04247740878612341,0.19528630323324034,33.4122281035946,-112.50028495142833,10063,-0.3,33.4,-112.5,1.3599603290246456
2024-05-11 04:38:00,105031194,0.11230257841791108,0.032693040757697314,0.19191211607812486,33.4122281035946,-112.50028495142833,10063,-0.1,33.4,-112.5,1.3599603290246456
2024-05-11 04:39:00,105031194,0.08952231529923879,0.038758365427318656,0.14028626517115894,33.4122281035946,-112.50028495142833,10063,-0.1,33.4,-112.5,1.3599603290246456
2024-05-11 04:40:00,105031194,0.041478090470487235,0.009704072955991051,0.07325210798498341,33.4122281035946,-112.50028495142833,10063,0.0,33.4,-112.5,1.3599603290246456
2024-05-11 04:41:00,105031194,0.018392766448740435,-0.0625943738646659,0.09937990676214678,33.4122281035946,-112.50028495142833,10063,0.2,33.4,-112.5,1.3599603290246456
2024-05-11 04:42:00,105031194,-0.18373701277490645,-0.3591648095941721,-0.008309215955640825,33.4122281035946,-112.50028495142833,10063,0.4,33.4,-112.5,1.3599603290246456
2024-05-11 04:43:00,105031194,-0.15537018112034157,-0.26793184692537014,-0.042808515315312975,33.4122281035946,-112.50028495142833,10063,0.3,33.4,-112.5,1.3599603290246456
2024-05-11 04:44:00,105031194,0.1951190509266199,0.11759209039287438,0.27264601146036543,33.4122281035946,-112.50028495142833,10063,0.0,33.4,-112.5,1.3599603290246456
2024-05-11 04:45:00,105031194,0.2771892196855935,0.1567407631136748,0.39763767625751223,33.4122281035946,-112.50028495142833,10063,-0.2,33.4,-112.5,1.3599603290246456
2024-05-11 04:46:00,105031194,0.2619864535296247,0.125367649482768,0.39860525757648135,33.4122281035946,-112.50028495142833,10063,-0.3,33.4,-112.5,1.3599603290246456
2024-05-11 04:47:00,105031194,0.45720572926496206,0.2811726581650702,0.6332388003648539,33.4122281035946,-112.50028495142833,10063,-0.2,33.4,-112.5,1.3599603290246456
2024-05-11 04:48:00,105031194,0.7357314385118938,0.45260990676444113,1.0188529702593465,33.4122281035946,-112.50028495142833,10063,-0.2,33.4,-112.5,1.3599603290246456
2024-05-11 04:49:00,105031194,0.720819850463915,0.4432884562082385,0.9983512447195915,33.4122281035946,-112.50028495142833,10063,-0.2,33.4,-112.5,1.3599603290246456
2024-05-11 04:50:00,105031194,0.6452350354471004,0.39873112922681075,0.89173894166739,33.4122281035946,-112.50028495142833,10063,-0.2,33.4,-112.5,1.3599603290246456
2024-05-11 04:51:00,105031194,0.3266385488846995,0.20100553089392342,0.4522715668754756,33.4122281035946,-112.50028495142833,10063,-0.1,33.4,-112.5,1.3599603290246456
2024-05-11 04:52:00,105031194,0.16500176452707155,0.0978606994840194,0.2321428295701237,33.4122281035946,-112.50028495142833,10063,-0.1,33.4,-112.5,1.3599603290246456
2024-05-11 04:53:00,105031194,0.10110013620418212,0.04896835964925102,0.15323191275911324,33.4122281035946,-112.50028495142833,10063,-0.1,33.4,-112.5,1.3599603290246456
2024-05-11 04:54:00,105031194,0.04276216380081646,0.004179173615368757,0.08134515398626416,33.4122281035946,-112.50028495142833,10063,0.0,33.4,-112.5,1.3599603290246456
2024-05-11 04:55:00,105031194,0.02299650534692354,-0.03370579277460202,0.0796988034684491,33.4122281035946,-112.50028495142833,10063,-0.1,33.4,-112.5,1.3599603290246456
2024-05-11 04:56:00,105031194,0.0651933167275256,0.00461825737377787,0.12576837608127334,33.4122281035946,-112.50028495142833,10063,-0.1,33.4,-112.5,1.3599603290246456
2024-05-11 04:57:00,105031194,0.029988176240748312,-0.0209167812869088,0.08089313376840543,33.4122281035946,-112.50028495142833,10063,-0.1,33.4,-112.5,1.3599603290246456
2024-05-11 04:58:00,105031194,-0.027139134425753792,-0.047028148938466574,-0.007250119913041014,33.4122281035946,-112.50028495142833,10063,0.0,33.4,-112.5,1.3599603290246456
2024-05-11 04:59:00,105031194,-0.019621654907676197,-0.03450439442705897,-0.004738915388293423,33.4122281035946,-112.50028495142833,10063,0.1,33.4,-112.5,1.3599603290246456
2024-05-11 05:00:00,105031194,0.03719087948767062,0.003579781754342558,0.07080197722099868,33.4122281035946,-112.50028495142833,10063,0.0,33.4,-112.5,1.3599603290246456
2024-05-11 05:01:00,105031194,-0.009499530509174863,-0.041686829961724285,0.022687768943374563,33.4122281035946,-112.50028495142833,10063,0.1,33.4,-112.5,1.3599603290246456
2024-05-11 05:02:00,105031194,0.011498388623824286,-0.04807670527931812,0.0710734825269667,33.4122281035946,-112.50028495142833,10063,0.1,33.4,-112.5,1.3599603290246456
2024-05-11 05:03:00,105031194,0.07816033122928598,-0.0012955646676014315,0.1576162271261734,33.4122281035946,-112.50028495142833,10063,0.1,33.4,-112.5,1.3599603290246456
2024-05-11 05:04:00,105031194,0.12044183691534072,0.029942023989675687,0.21094164984100575,33.4122281035946,-112.50028495142833,10063,0.1,33.4,-112.5,1.3599603290246456
2024-05-11 05:05:00,105031194,0.10882638201565671,0.02785095309829856,0.18980181093301485,33.4122281035946,-112.50028495142833,10063,0.1,33.4,-112.5,1.3599603290246456
2024-05-11 05:06:00,105031194,0.10507491033029437,0.025384851401822423,0.18476496925876632,33.4122281035946,-112.50028495142833,10063,0.1,33.4,-112.5,1.3599603290246456
2024-05-11 05:07:00,105031194,0.11917417520922106,0.06045199197616346,0.17789635844227866,33.4122281035946,-112.50028495142833,10063,0.1,33.4,-112.5,1.3599603290246456
2024-05-11 05:08:00,105031194,0.15010479588661446,0.07396892124731068,0.22624067052591823,33.4122281035946,-112.50028495142833,10063,0.1,33.4,-112.5,1.3599603290246456
2024-05-11 05:09:00,105031194,0.16740640755716713,0.08388735804691892,0.2509254570674153,33.4122281035946,-112.50028495142833,10063,0.1,33.4,-112.5,1.3599603290246456
2024-05-11 05:10:00,105031194,0.097816133648764,0.05459882259265694,0.14103344470487106,33.4122281035946,-112.50028495142833,10063,0.0,33.4,-112.5,1.3599603290246456
2024-05-11 05:11:00,105031194,0.13299659273136677,0.07697241041528485,0.18902077504744869,33.4122281035946,-112.50028495142833,10063,-0.1,33.4,-112.5,1.3599603290246456
2024-05-11 05:12:00,105031194,0.11028648503148056,0.06084569101922243,0.15972727904373868,33.4122281035946,-112.50028495142833,10063,0.0,33.4,-112.5,1.3599603290246456
2024-05-11 05:13:00,105031194,0.037252169269161924,-0.0174935973370631,0.09199793587538695,33.4122281035946,-112.50028495142833,10063,0.1,33.4,-112.5,1.3599603290246456
2024-05-11 05:14:00,105031194,-0.08661891851151904,-0.22535773177289553,0.052119894749857454,33.4122281035946,-112.50028495142833,10063,0.3,33.4,-112.5,1.3599603290246456
2024-05-11 05:15:00,105031194,-0.20218911009524027,-0.41329443372708036,0.008916213536599826,33.4122281035946,-112.50028495142833,10063,0.4,33.4,-112.5,1.3599603290246456
2024-05-11 05:16:00,105031194,-0.15610607524508496,-0.330517559464261,0.018305408974091025,33.4122281035946,-112.50028495142833,10063,0.4,33.4,-112.5,1.3599603290246456
2024-05-11 05:17:00,105031194,0.1828860353169622,0.07044895819336137,0.29532311244056303,33.4122281035946,-112.50028495142833,10063,0.1,33.4,-112.5,1.3599603290246456
2024-05-11 05:18:00,105031194,0.37171316507475494,0.21322844636318272,0.5301978837863272,33.4122281035946,-112.50028495142833,10063,-0.2,33.4,-112.5,1.3599603290246456
2024-05-11 05:19:00,105031194,0.29303636980175335,0.13104039303295442,0.45503234657055225,33.4122281035946,-112.50028495142833,10063,-0.3,33.4,-112.5,1.3599603290246456
2024-05-11 05:20:00,105031194,0.1483434659830367,0.06890967596688005,0.22777725599919332,33.4122281035946,-112.50028495142833,10063,-0.2,33.4,-112.5,1.3599603290246456
2024-05-11 05:21:00,105031194,0.08043943725078177,0.030497201527415488,0.13038167297414804,33.4122281035946,-112.50028495142833,10063,0.0,33.4,-112.5,1.3599603290246456
2024-05-11 05:22:00,105031194,-0.06436148345395518,-0.13432521959611618,0.005602252688205828,33.4122281035946,-112.50028495142833,10063,0.1,33.4,-112.5,1.3599603290246456
2024-05-11 05:23:00,105031194,0.0005237533530310983,-0.05513050912378111,0.05617801582984331,33.4122281035946,-112.50028495142833,10063,0.1,33.4,-112.5,1.3599603290246456
2024-05-11 05:24:00,105031194,0.040454063049204216,0.001868289351090513,0.07903983674731792,33.4122281035946,-112.50028495142833,10063,0.1,33.4,-112.5,1.3599603290246456
2024-05-11 05:25:00,105031194,0.11319704027676866,0.06479374735954223,0.16160033319399508,33.4122281035946,-112.50028495142833,10063,0.0,33.4,-112.5,1.3599603290246456
2024-05-11 05:26:00,105031194,0.1605843556344621,0.08971621834311168,0.23145249292581255,33.4122281035946,-112.50028495142833,10063,0.1,33.4,-112.5,1.3599603290246456
2024-05-11 05:27:00,105031194,-0.022044364021176557,-0.12006235774142257,0.07597362969906946,33.4122281035946,-112.50028495142833,10063,0.1,33.4,-112.5,1.3599603290246456
2024-05-11 05:28:00,105031194,0.022646948516322346,-0.05163639934097505,0.09693029637361975,33.4122281035946,-112.50028495142833,10063,0.1,33.4,-112.5,1.3599603290246456
2024-05-11 05:29:00,105031194,-0.04124220629799944,-0.07445216048648758,-0.008032252109511306,33.4122281035946,-112.50028495142833,10063,0.1,33.4,-112.5,1.3599603290246456
2024-05-11 05:30:00,105031194,0.016897674320543524,-0.002646991967695491,0.03644234060878254,33.4122281035946,-112.50028495142833,10063,0.0,33.4,-112.5,1.3599603290246456
2024-05-11 05:31:00,105031194,0.07395299821624499,0.03350898909391844,0.11439700733857153,33.4122281035946,-112.50028495142833,10063,0.0,33.4,-112.5,1.3599603290246456
2024-05-11 05:32:00,105031194,0.03169378312341087,0.005417425724687671,0.05797014052213406,33.4122281035946,-112.50028495142833,10063,0.1,33.4,-112.5,1.3599603290246456
2024-05-11 05:33:00,105031194,0.06742703034612525,0.019061007204086086,0.11579305348816442,33.4122281035946,-112.50028495142833,10063,0.0,33.4,-112.5,1.3599603290246456
2024-05-11 05:34:00,105031194,0.0025746591442570442,-0.06929101779187832,0.07444033608039241,33.4122281035946,-112.50028495142833,10063,0.1,33.4,-112.5,1.3599603290246456
2024-05-11 05:35:00,105031194,-0.0003233056756487298,-0.05072915948990481,0.05008254813860735,33.4122281035946,-112.50028495142833,10063,0.1,33.4,-112.5,1.3599603290246456
2024-05-11 05:36:00,105031194,0.01995997637269263,-0.026655906255250883,0.06657585900063615,33.4122281035946,-112.50028495142833,10063,0.0,33.4,-112.5,1.3599603290246456
2024-05-11 05:37:00,105031194,0.058680734024698235,0.030486912750722267,0.0868745552986742,33.4122281035946,-112.50028495142833,10063,0.0,33.4,-112.5,1.3599603290246456
2024-05-11 05:38:00,105031194,0.06320179600130305,-0.007728345716835311,0.1341319377194414,33.4122281035946,-112.50028495142833,10063,-0.2,33.4,-112.5,1.3599603290246456
2024-05-11 05:39:00,105031194,0.12990070513670185,0.010506230019232829,0.24929518025417086,33.4122281035946,-112.50028495142833,10063,-0.3,33.4,-112.5,1.3599603290246456
2024-05-11 05:40:00,105031194,0.22713026450380716,0.0890436521346713,0.365216876872943,33.4122281035946,-112.50028495142833,10063,-0.3,33.4,-112.5,1.3599603290246456
2024-05-11 05:41:00,105031194,0.14838845454556704,0.0706187987591383,0.2261581103319958,33.4122281035946,-112.50028495142833,10063,-0.2,33.4,-112.5,1.3599603290246456
2024-05-11 05:42:00,105031194,0.016263621381358576,-0.01782758607313783,0.05035482883585498,33.4122281035946,-112.50028495142833,10063,-0.1,33.4,-112.5,1.3599603290246456
2024-05-11 05:43:00,105031194,0.05121425386142735,0.02016246321683676,0.08226604450601793,33.4122281035946,-112.50028495142833,10063,0.0,33.4,-112.5,1.3599603290246456
2024-05-11 05:44:00,105031194,0.12236505924236207,0.07211106632245093,0.17261905216227322,33.4122281035946,-112.50028495142833,10063,-0.1,33.4,-112.5,1.3599603290246456
2024-05-11 05:45:00,105031194,0.1608705234837562,0.08972111064622405,0.2320199363212883,33.4122281035946,-112.50028495142833,10063,0.0,33.4,-112.5,1.3599603290246456
2024-05-11 05:46:00,105031194,0.184205929164595,0.06998128398364219,0.2984305743455478,33.4122281035946,-112.50028495142833,10063,0.1,33.4,-112.5,1.3599603290246456
2024-05-11 05:47:00,105031194,0.10741080596510853,-0.04354244816639534,0.2583640600966124,33.4122281035946,-112.50028495142833,10063,0.3,33.4,-112.5,1.3599603290246456
2024-05-11 05:48:00,105031194,0.17797976307781227,0.08666446837899026,0.26929505777663426,33.4122281035946,-112.50028495142833,10063,0.1,33.4,-112.5,1.3599603290246456
2024-05-11 05:49:00,105031194,0.0193986531923709,-0.10640158443572918,0.145198890820471,33.4122281035946,-112.50028495142833,10063,0.3,33.4,-112.5,1.3599603290246456
2024-05-11 05:50:00,105031194,-0.12629374497682283,-0.24741012095719117,-0.00517736899645449,33.4122281035946,-112.50028495142833,10063,0.3,33.4,-112.5,1.3599603290246456
2024-05-11 05:51:00,105031194,-0.06804851315956469,-0.19723676861863665,0.06113974229950726,33.4122281035946,-112.50028495142833,10063,0.3,33.4,-112.5,1.3599603290246456
2024-05-11 05:52:00,105031194,-0.3929306295301233,-0.5727914829775973,-0.21306977608264926,33.4122281035946,-112.50028495142833,10063,0.3,33.4,-112.5,1.3599603290246456
2024-05-11 05:53:00,105031194,-0.41868295021504537,-0.5918866839731177,-0.24547921645697304,33.4122281035946,-112.50028495142833,10063,0.2,33.4,-112.5,1.3599603290246456
2024-05-11 05:54:00,105031194,-0.4618493087261794,-0.662637217261275,-0.2610614001910838,33.4122281035946,-112.50028495142833,10063,0.1,33.4,-112.5,1.3599603290246456
2024-05-11 05:55:00,105031194,-0.7172245880901664,-0.9899488608318087,-0.4445003153485242,33.4122281035946,-112.50028495142833,10063,0.2,33.4,-112.5,1.3599603290246456
2024-05-11 05:56:00,105031194,-0.5518766004956306,-0.7637448544590525,-0.3400083465322087,33.4122281035946,-112.50028495142833,10063,0.3,33.4,-112.5,1.3599603290246456
2024-05-11 05:57:00,105031194,-0.2875413223050703,-0.4100805849179928,-0.16500205969214776,33.4122281035946,-112.50028495142833,10063,0.2,33.4,-112.5,1.3599603290246456
2024-05-11 05:58:00,105031194,0.020927051283782895,-0.09030847449578924,0.13216257706335505,33.4122281035946,-112.50028495142833,10063,0.2,33.4,-112.5,1.3599603290246456
2024-05-11 05:59:00,105031194,-0.1706648491747735,-0.26968641275478566,-0.07164328559476135,33.4122281035946,-112.50028495142833,10063,0.2,33.4,-112.5,1.3599603290246456
2024-05-11 06:00:00,105031194,-0.2335005186330107,-0.32458484160187406,-0.1424161956641473,33.4122281035946,-112.50028495142833,10063,0.1,33.4,-112.5,1.3599603290246456
2024-05-11 06:01:00,105031194,-0.20232783207310395,-0.2888509696303225,-0.11580469451588543,33.4122281035946,-112.50028495142833,10063,0.0,33.4,-112.5,1.3599603290246456
2024-05-11 06:02:00,105031194,-0.20206779866878474,-0.28575747579326494,-0.11837812154430452,33.4122281035946,-112.50028495142833,10063,0.0,33.4,-112.5,1.3599603290246456
2024-05-11 06:03:00,105031194,-0.19910762315256553,-0.2783116435695703,-0.11990360273556076,33.4122281035946,-112.50028495142833,10063,0.0,33.4,-112.5,1.3599603290246456
2024-05-11 06:04:00,105031194,-0.15059600163363202,-0.21432718712150267,-0.08686481614576136,33.4122281035946,-112.50028495142833,10063,0.0,33.4,-112.5,1.3599603290246456
2024-05-11 06:05:00,105031194,-0.11065557591948555,-0.16069784511799579,-0.060613306720975306,33.4122281035946,-112.50028495142833,10063,-0.1,33.4,-112.5,1.3599603290246456
2024-05-11 06:06:00,105031194,-0.26932414840990887,-0.39296916957685535,-0.14567912724296242,33.4122281035946,-112.50028495142833,10063,-0.1,33.4,-112.5,1.3599603290246456
2024-05-11 06:07:00,105031194,-0.33024547939051063,-0.46344722839146957,-0.19704373038955172,33.4122281035946,-112.50028495142833,10063,-0.1,33.4,-112.5,1.3599603290246456
2024-05-11 06:08:00,105031194,-0.29705070538964484,-0.4101399485612425,-0.1839614622180472,33.4122281035946,-112.50028495142833,10063,0.0,33.4,-112.5,1.3599603290246456
2024-05-11 06:09:00,105031194,-0.21877291236530272,-0.3029800319493423,-0.13456579278126313,33.4122281035946,-112.50028495142833,10063,0.0,33.4,-112.5,1.3599603290246456
2024-05-11 06:10:00,105031194,-0.11370663841404978,-0.19997722408502794,-0.027436052743071634,33.4122281035946,-112.50028495142833,10063,-0.1,33.4,-112.5,1.3599603290246456
2024-05-11 06:11:00,105031194,-0.002577569488929314,-0.11336641826028193,0.1082112792824233,33.4122281035946,-112.50028495142833,10063,-0.3,33.4,-112.5,1.3599603290246456
2024-05-11 06:12:00,105031194,-0.1960641388620313,-0.28189154442717174,-0.11023673329689089,33.4122281035946,-112.50028495142833,10063,-0.1,33.4,-112.5,1.3599603290246456
2024-05-11 06:13:00,105031194,-0.44539980961005193,-0.6204657839872547,-0.27033383523284915,33.4122281035946,-112.50028495142833,10063,0.1,33.4,-112.5,1.3599603290246456
2024-05-11 06:14:00,105031194,-0.5837310713372732,-0.8294183328895461,-0.33804380978500026,33.4122281035946,-112.50028495142833,10063,-0.1,33.4,-112.5,1.3599603290246456
2024-05-11 06:15:00,105031194,-0.3774924334698826,-0.559429232730807,-0.1955556342089581,33.4122281035946,-112.50028495142833,10063,-0.1,33.4,-112.5,1.3599603290246456
2024-05-11 06:16:00,105031194,0.09043053177098993,0.052581503476165796,0.12827956006581406,33.4122281035946,-112.50028495142833,10063,-0.1,33.4,-112.5,1.3599603290246456
2024-05-11 06:17:00,105031194,-0.005859033901962771,-0.03875010822157513,0.027032040417649592,33.4122281035946,-112.50028495142833,10063,-0.2,33.4,-112.5,1.3599603290246456
2024-05-11 06:18:00,105031194,0.006548620147009444,-0.01730652500850521,0.0304037653025241,33.4122281035946,-112.50028495142833,10063,-0.2,33.4,-112.5,1.3599603290246456
2024-05-11 06:19:00,105031194,-0.017420219477320927,-0.03204135569225579,-0.0027990832623860686,33.4122281035946,-112.50028495142833,10063,-0.1,33.4,-112.5,1.3599603290246456
2024-05-11 06:20:00,105031194,0.14323864356476934,0.07975432723439244,0.20672295989514625,33.4122281035946,-112.50028495142833,10063,-0.1,33.4,-112.5,1.3599603290246456
2024-05-11 06:21:00,105031194,0.24937804013882814,0.15254498021120227,0.346211100066454,33.4122281035946,-112.50028495142833,10063,0.0,33.4,-112.5,1.3599603290246456
2024-05-11 06:22:00,105031194,0.4022964891793211,0.21701801882702093,0.5875749595316213,33.4122281035946,-112.50028495142833,10063,-0.1,33.4,-112.5,1.3599603290246456
2024-05-11 06:23:00,105031194,0.1590865875707761,0.06016396371945988,0.2580092114220923,33.4122281035946,-112.50028495142833,10063,0.1,33.4,-112.5,1.3599603290246456
2024-05-11 06:24:00,105031194,0.09182323489714102,-0.007328186379455051,0.1909746561737371,33.4122281035946,-112.50028495142833,10063,0.2,33.4,-112.5,1.3599603290246456
2024-05-11 06:25:00,105031194,-0.13355409916849775,-0.2263650202415279,-0.0407431780954676,33.4122281035946,-112.50028495142833,10063,0.1,33.4,-112.5,1.3599603290246456
2024-05-11 06:26:00,105031194,0.07568751845103731,-0.07297497775672128,0.2243500146587959,33.4122281035946,-112.50028495142833,10063,0.3,33.4,-112.5,1.3599603290246456
2024-05-11 06:27:00,105031194,0.14105670428050002,-0.04986668044070078,0.33198008900170084,33.4122281035946,-112.50028495142833,10063,0.3,33.4,-112.5,1.3599603290246456
2024-05-11 06:28:00,105031194,-0.017630747152262052,-0.11937175930477155,0.08411026500024744,33.4122281035946,-112.50028495142833,10063,0.1,33.4,-112.5,1.3599603290246456
2024-05-11 06:29:00,105031194,0.42872025157187255,0.17340884081036922,0.6840316623333759,33.4122281035946,-112.50028495142833,10063,0.2,33.4,-112.5,1.3599603290246456
2024-05-11 06:30:00,105031194,0.49419826469535855,0.13469331960247494,0.8537032097882422,33.4122281035946,-112.50028495142833,10063,0.4,33.4,-112.5,1.3599603290246456
2024-05-11 06:31:00,105031194,0.6030535791162634,0.20298557805747885,1.0031215801750482,33.4122281035946,-112.50028495142833,10063,0.3,33.4,-112.5,1.3599603290246456
2024-05-11 06:32:00,105031194,0.6732308492344573,0.22370924649824425,1.1227524519706704,33.4122281035946,-112.50028495142833,10063,0.4,33.4,-112.5,1.3599603290246456
2024-05-11 06:33:00,105031194,0.31780803777402344,-0.04472712948390922,0.6803432050319561,33.4122281035946,-112.50028495142833,10063,0.4,33.4,-112.5,1.3599603290246456
2024-05-11 06:34:00,105031194,-0.127936779630928,-0.33128952937227063,0.07541597011041465,33.4122281035946,-112.50028495142833,10063,0.4,33.4,-112.5,1.3599603290246456
2024-05-11 06:35:00,105031194,-0.29184992148898037,-0.48875494339840536,-0.09494489957955538,33.4122281035946,-112.50028495142833,10063,0.3,33.4,-112.5,1.3599603290246456
2024-05-11 06:36:00,105031194,-0.5140341984103423,-0.7307743122306573,-0.29729408459002726,33.4122281035946,-112.50028495142833,10063,0.3,33.4,-112.5,1.3599603290246456
2024-05-11 06:37:00,105031194,-0.9000282309445223,-1.2475670263330823,-0.5524894355559624,33.4122281035946,-112.50028495142833,10063,0.1,33.4,-112.5,1.3599603290246456
2024-05-11 06:38:00,105031194,-0.6473285719976389,-0.9114241102755842,-0.3832330337196937,33.4122281035946,-112.50028495142833,10063,-0.1,33.4,-112.5,1.3599603290246456
2024-05-11 06:39:00,105031194,-0.726135056101738,-1.0281989772902198,-0.42407113491325626,33.4122281035946,-112.50028495142833,10063,-0.2,33.4,-112.5,1.3599603290246456
2024-05-11 06:40:00,105031194,-0.6422125606757955,-0.9237803157975182,-0.3606448055540727,33.4122281035946,-112.50028495142833,10063,-0.2,33.4,-112.5,1.3599603290246456
2024-05-11 06:41:00,105031194,-0.31026114607439903,-0.4373535565708806,-0.1831687355779175,33.4122281035946,-112.50028495142833,10063,-0.2,33.4,-112.5,1.3599603290246456
2024-05-11 06:42:00,105031194,-0.0654183751734249,-0.09385820584700626,-0.036978544499843544,33.4122281035946,-112.50028495142833,10063,-0.2,33.4,-112.5,1.3599603290246456
2024-05-11 06:43:00,105031194,-0.47250336032351453,-0.6530643447018566,-0.29194237594517247,33.4122281035946,-112.50028495142833,10063,0.0,33.4,-112.5,1.3599603290246456
2024-05-11 06:44:00,105031194,-0.6329220884612629,-0.8808357506126989,-0.3850084263098268,33.4122281035946,-112.50028495142833,10063,0.0,33.4,-112.5,1.3599603290246456
2024-05-11 06:45:00,105031194,-0.2699054447434525,-0.37867417894653344,-0.1611367105403716,33.4122281035946,-112.50028495142833,10063,-0.1,33.4,-112.5,1.3599603290246456
2024-05-11 06:46:00,105031194,-0.0542637177831715,-0.07818954825781971,-0.0303378873085233,33.4122281035946,-112.50028495142833,10063,-0.1,33.4,-112.5,1.3599603290246456
2024-05-11 06:47:00,105031194,0.016758257996827484,0.0053203011705319145,0.028196214823123053,33.4122281035946,-112.50028495142833,10063,-0.1,33.4,-112.5,1.3599603290246456
2024-05-11 06:48:00,105031194,-0.14200390632005228,-0.21147423804247711,-0.07253357459762745,33.4122281035946,-112.50028495142833,10063,-0.2,33.4,-112.5,1.3599603290246456
2024-05-11 06:49:00,105031194,-0.4482084965440713,-0.6196371854236272,-0.2767798076645154,33.4122281035946,-112.50028495142833,10063,-0.1,33.4,-112.5,1.3599603290246456
2024-05-11 06:50:00,105031194,-0.5202704713607492,-0.720964795234975,-0.3195761474865234,33.4122281035946,-112.50028495142833,10063,0.1,33.4,-112.5,1.3599603290246456
2024-05-11 06:51:00,105031194,-0.27958632864636884,-0.46845847629362813,-0.09071418099910952,33.4122281035946,-112.50028495142833,10063,-0.4,33.4,-112.5,1.3599603290246456
2024-05-11 06:52:00,105031194,-0.17354351822021336,-0.31523156347582115,-0.031855472964605586,33.4122281035946,-112.50028495142833,10063,-0.4,33.4,-112.5,1.3599603290246456
2024-05-11 06:53:00,105031194,-0.5157307007380372,-0.7547409631801574,-0.27672043829591697,33.4122281035946,-112.50028495142833,10063,-0.3,33.4,-112.5,1.3599603290246456
2024-05-11 06:54:00,105031194,-0.5531253769601646,-0.8191498453119146,-0.2871009086084147,33.4122281035946,-112.50028495142833,10063,-0.4,33.4,-112.5,1.3599603290246456
2024-05-11 06:55:00,105031194,-0.509516834496126,-0.7632140339314111,-0.2558196350608409,33.4122281035946,-112.50028495142833,10063,-0.4,33.4,-112.5,1.3599603290246456
2024-05-11 06:56:00,105031194,-0.5995092399110248,-0.8855141818617798,-0.3135042979602698,33.4122281035946,-112.50028495142833,10063,-0.4,33.4,-112.5,1.3599603290246456
2024-05-11 06:57:00,105031194,-0.7734459586310805,-1.1253679128152818,-0.42152400444687915,33.4122281035946,-112.50028495142833,10063,-0.4,33.4,-112.5,1.3599603290246456
2024-05-11 06:58:00,105031194,-0.8684255675515417,-1.3328265831492663,-0.40402455195381703,33.4122281035946,-112.50028495142833,10063,-0.5,33.4,-112.5,1.3599603290246456
2024-05-11 06:59:00,105031194,-0.4271529361881073,-0.7716123515293565,-0.0826935208468581,33.4122281035946,-112.50028495142833,10063,-0.5,33.4,-112.5,1.3599603290246456
2024-05-11 07:00:00,105031194,-0.36343351170831456,-0.6049371891815238,-0.12192983423510534,33.4122281035946,-112.50028495142833,10063,-0.4,33.4,-112.5,1.3599603290246456
2024-05-11 07:01:00,105031194,0.2728660702369121,0.08575771129026383,0.4599744291835604,33.4122281035946,-112.50028495142833,10063,-0.3,33.4,-112.5,1.3599603290246456
2024-05-11 07:02:00,105031194,0.4990348538902021,0.30045111162410965,0.6976185961562945,33.4122281035946,-112.50028495142833,10063,-0.2,33.4,-112.5,1.3599603290246456
2024-05-11 07:03:00,105031194,0.7109423791966343,0.39185431817567995,1.0300304402175886,33.4122281035946,-112.50028495142833,10063,0.2,33.4,-112.5,1.3599603290246456
2024-05-11 07:04:00,105031194,0.3810835162062871,0.0006395200231658626,0.7615275123894083,33.4122281035946,-112.50028495142833,10063,0.5,33.4,-112.5,1.3599603290246456
2024-05-11 07:05:00,105031194,0.8138628597779755,0.2557281174976942,1.3719976020582567,33.4122281035946,-112.50028495142833,10063,0.7,33.4,-112.5,1.3599603290246456
2024-05-11 07:06:00,105031194,0.6768125084911258,0.1699473976670084,1.1836776193152434,33.4122281035946,-112.50028495142833,10063,0.6,33.4,-112.5,1.3599603290246456
2024-05-11 07:07:00,105031194,-0.2802608075013669,-0.539857220484836,-0.02066439451789781,33.4122281035946,-112.50028495142833,10063,0.6,33.4,-112.5,1.3599603290246456
2024-05-11 07:08:00,105031194,-0.46771490413294103,-0.6477296040245354,-0.2877002042413467,33.4122281035946,-112.50028495142833,10063,0.3,33.4,-112.5,1.3599603290246456
2024-05-11 07:09:00,105031194,-0.8015402182003012,-1.1062327950800475,-0.49684764132055503,33.4122281035946,-112.50028495142833,10063,0.3,33.4,-112.5,1.3599603290246456
2024-05-11 07:10:00,105031194,-0.7660158876899191,-1.0660698338689287,-0.4659619415109094,33.4122281035946,-112.50028495142833,10063,0.3,33.4,-112.5,1.3599603290246456
2024-05-11 07:11:00,105031194,-0.6952304470546562,-0.9949142809290952,-0.3955466131802172,33.4122281035946,-112.50028495142833,10063,-0.1,33.4,-112.5,1.3599603290246456
2024-05-11 07:12:00,105031194,-1.1063541553186296,-1.6246914963016117,-0.5880168143356473,33.4122281035946,-112.50028495142833,10063,-0.4,33.4,-112.5,1.3599603290246456
2024-05-11 07:13:00,105031194,-0.922173223960071,-1.3547312428540583,-0.4896152050660837,33.4122281035946,-112.50028495142833,10063,-0.3,33.4,-112.5,1.3599603290246456
2024-05-11 07:14:00,105031194,-1.0138761936535214,-1.449032860014034,-0.5787195272930088,33.4122281035946,-112.50028495142833,10063,-0.5,33.4,-112.5,1.3599603290246456
2024-05-11 07:15:00,105031194,-0.6702577660985309,-0.954419735674954,-0.38609579652210796,33.4122281035946,-112.50028495142833,10063,-0.4,33.4,-112.5,1.3599603290246456
2024-05-11 07:16:00,105031194,-0.4610381973149485,-0.7122687508789907,-0.20980764375090633,33.4122281035946,-112.50028495142833,10063,-0.6,33.4,-112.5,1.3599603290246456
2024-05-11 07:17:00,105031194,-0.012325442068326092,-0.1638837568505834,0.13923287271393123,33.4122281035946,-112.50028495142833,10063,-0.7,33.4,-112.5,1.3599603290246456
2024-05-11 07:18:00,105031194,-0.05350182492402428,-0.27447992352872885,0.16747627368068033,33.4122281035946,-112.50028495142833,10063,-0.5,33.4,-112.5,1.3599603290246456
2024-05-11 07:19:00,105031194,0.12997542485428407,-0.17210844068817152,0.4320592903967396,33.4122281035946,-112.50028495142833,10063,-0.7,33.4,-112.5,1.3599603290246456
2024-05-11 07:20:00,105031194,0.27352751555638616,-0.02277235169748587,0.5698273828102582,33.4122281035946,-112.50028495142833,10063,-0.6,33.4,-112.5,1.3599603290246456
2024-05-11 07:21:00,105031194,0.28380859460136654,-0.0014824649200422257,0.5690996541227753,33.4122281035946,-112.50028495142833,10063,-0.5,33.4,-112.5,1.3599603290246456
2024-05-11 07:22:00,105031194,0.6557467871259216,0.3229930271166256,0.9885005471352176,33.4122281035946,-112.50028495142833,10063,-0.6,33.4,-112.5,1.3599603290246456
2024-05-11 07:23:00,105031194,0.9084365801152804,0.4802117826022251,1.3366613776283356,33.4122281035946,-112.50028495142833,10063,-0.8,33.4,-112.5,1.3599603290246456
2024-05-11 07:24:00,105031194,0.9049301877160344,0.5209063549217794,1.2889540205102894,33.4122281035946,-112.50028495142833,10063,-0.7,33.4,-112.5,1.3599603290246456
2024-05-11 07:25:00,105031194,0.70406408427764,0.42015307583282363,0.9879750927224564,33.4122281035946,-112.50028495142833,10063,-0.4,33.4,-112.5,1.3599603290246456
2024-05-11 07:26:00,105031194,0.7101669839599676,0.43931377126641596,0.9810201966535192,33.4122281035946,-112.50028495142833,10063,-0.3,33.4,-112.5,1.3599603290246456
2024-05-11 07:27:00,105031194,0.5846446856557576,0.3610988087297135,0.8081905625818016,33.4122281035946,-112.50028495142833,10063,-0.2,33.4,-112.5,1.3599603290246456
2024-05-11 07:28:00,105031194,0.6723919688422877,0.41453404156950013,0.9302498961150752,33.4122281035946,-112.50028495142833,10063,-0.2,33.4,-112.5,1.3599603290246456
2024-05-11 07:29:00,105031194,0.6183702014946848,0.36199006960536756,0.8747503333840021,33.4122281035946,-112.50028495142833,10063,-0.1,33.4,-112.5,1.3599603290246456
2024-05-11 07:30:00,105031194,0.3378138484149987,0.0896341285610866,0.5859935682689108,33.4122281035946,-112.50028495142833,10063,0.3,33.4,-112.5,1.3599603290246456
2024-05-11 07:31:00,105031194,0.31449397950360836,0.0915079347209003,0.5374800242863165,33.4122281035946,-112.50028495142833,10063,0.3,33.4,-112.5,1.3599603290246456
2024-05-11 07:32:00,105031194,0.5528280438113033,0.3073865067457494,0.7982695808768573,33.4122281035946,-112.50028495142833,10063,0.3,33.4,-112.5,1.3599603290246456
2024-05-11 07:33:00,105031194,0.5444440118557677,0.2883532760833965,0.800534747628139,33.4122281035946,-112.50028495142833,10063,0.2,33.4,-112.5,1.3599603290246456
2024-05-11 07:34:00,105031194,0.47433830778999136,0.2834431206354554,0.6652334949445273,33.4122281035946,-112.50028495142833,10063,0.2,33.4,-112.5,1.3599603290246456
2024-05-11 07:35:00,105031194,0.536262067058182,0.33379156601024745,0.7387325681061165,33.4122281035946,-112.50028495142833,10063,-0.1,33.4,-112.5,1.3599603290246456
2024-05-11 07:36:00,105031194,0.4808455799008372,0.2949920518226894,0.666699107978985,33.4122281035946,-112.50028495142833,10063,0.1,33.4,-112.5,1.3599603290246456
2024-05-11 07:37:00,105031194,0.8363539439936479,0.49055503397075845,1.1821528540165374,33.4122281035946,-112.50028495142833,10063,-0.3,33.4,-112.5,1.3599603290246456
2024-05-11 07:38:00,105031194,0.7199029915763023,0.4483159076171232,0.9914900755354814,33.4122281035946,-112.50028495142833,10063,-0.2,33.4,-112.5,1.3599603290246456
2024-05-11 07:39:00,105031194,0.47605139242116373,0.2963817362802972,0.6557210485620303,33.4122281035946,-112.50028495142833,10063,-0.1,33.4,-112.5,1.3599603290246456
2024-05-11 07:40:00,105031194,0.5746380996173784,0.34514914225738846,0.8041270569773684,33.4122281035946,-112.50028495142833,10063,-0.3,33.4,-112.5,1.3599603290246456
2024-05-11 07:41:00,105031194,0.7007048478289356,0.4330419089470693,0.9683677867108019,33.4122281035946,-112.50028495142833,10063,-0.3,33.4,-112.5,1.3599603290246456
2024-05-11 07:42:00,105031194,0.61651379374185,0.3831575686242442,0.8498700188594558,33.4122281035946,-112.50028495142833,10063,-0.3,33.4,-112.5,1.3599603290246456
2024-05-11 07:43:00,105031194,0.6760036161444839,0.42002510670497223,0.9319821255839955,33.4122281035946,-112.50028495142833,10063,-0.2,33.4,-112.5,1.3599603290246456
2024-05-11 07:44:00,105031194,0.4973900858732991,0.26188734445498274,0.7328928272916154,33.4122281035946,-112.50028495142833,10063,0.2,33.4,-112.5,1.3599603290246456
2024-05-11 07:45:00,105031194,0.20580175385250532,-0.047013804190324804,0.45861731189533544,33.4122281035946,-112.50028495142833,10063,0.4,33.4,-112.5,1.3599603290246456
2024-05-11 07:46:00,105031194,0.1768561894379563,0.01639703061443426,0.33731534826147835,33.4122281035946,-112.50028495142833,10063,0.3,33.4,-112.5,1.3599603290246456
2024-05-11 07:47:00,105031194,-0.0036867294873235935,-0.0883692716231871,0.0809958126485399,33.4122281035946,-112.50028495142833,10063,0.2,33.4,-112.5,1.3599603290246456
2024-05-11 07:48:00,105031194,0.2004486077072981,0.09943205237439086,0.3014651630402054,33.4122281035946,-112.50028495142833,10063,0.1,33.4,-112.5,1.3599603290246456
2024-05-11 07:49:00,105031194,0.361173280750525,0.22492502946177712,0.4974215320392729,33.4122281035946,-112.50028495142833,10063,-0.1,33.4,-112.5,1.3599603290246456
2024-05-11 07:50:00,105031194,0.579378381072728,0.3608442914957792,0.7979124706496767,33.4122281035946,-112.50028495142833,10063,-0.2,33.4,-112.5,1.3599603290246456
2024-05-11 07:51:00,105031194,0.6159649816689485,0.3567800982458686,0.8751498650920284,33.4122281035946,-112.50028495142833,10063,0.1,33.4,-112.5,1.3599603290246456
2024-05-11 07:52:00,105031194,0.648205937327523,0.3800995821946332,0.9163122924604128,33.4122281035946,-112.50028495142833,10063,0.0,33.4,-112.5,1.3599603290246456
2024-05-11 07:53:00,105031194,0.7139641339505526,0.42468868245535074,1.0032395854457543,33.4122281035946,-112.50028495142833,10063,0.0,33.4,-112.5,1.3599603290246456
2024-05-11 07:54:00,105031194,0.6124911177039781,0.3062695911188057,0.9187126442891506,33.4122281035946,-112.50028495142833,10063,0.2,33.4,-112.5,1.3599603290246456
2024-05-11 07:55:00,105031194,0.3964035390440916,0.10785274343805107,0.6849543346501321,33.4122281035946,-112.50028495142833,10063,0.4,33.4,-112.5,1.3599603290246456
2024-05-11 07:56:00,105031194,0.3648032519676347,0.12515792346511717,0.6044485804701523,33.4122281035946,-112.50028495142833,10063,0.3,33.4,-112.5,1.3599603290246456
2024-05-11 07:57:00,105031194,0.466901225535045,0.2726807916150729,0.6611216594550171,33.4122281035946,-112.50028495142833,10063,0.0,33.4,-112.5,1.3599603290246456
2024-05-11 07:58:00,105031194,0.584081851496807,0.3558537215866465,0.8123099814069675,33.4122281035946,-112.50028495142833,10063,-0.2,33.4,-112.5,1.3599603290246456
2024-05-11 07:59:00,105031194,0.5057924612983128,0.27865311818261385,0.7329318044140117,33.4122281035946,-112.50028495142833,10063,-0.4,33.4,-112.5,1.3599603290246456
2024-05-11 08:00:00,105031194,0.4052214100583454,0.24518204538684046,0.5652607747298504,33.4122281035946,-112.50028495142833,10063,-0.2,33.4,-112.5,1.3599603290246456
2024-05-11 08:01:00,105031194,0.4121123207056134,0.2538188089096734,0.5704058325015533,33.4122281035946,-112.50028495142833,10063,-0.2,33.4,-112.5,1.3599603290246456
2024-05-11 08:02:00,105031194,0.41187829762361106,0.2564951798118701,0.567261415435352,33.4122281035946,-112.50028495142833,10063,-0.1,33.4,-112.5,1.3599603290246456
2024-05-11 08:03:00,105031194,0.4584735250637346,0.28163683208189927,0.63531021804557,33.4122281035946,-112.50028495142833,10063,-0.1,33.4,-112.5,1.3599603290246456
2024-05-11 08:04:00,105031194,0.4080722813767598,0.2513283412579418,0.5648162214955779,33.4122281035946,-112.50028495142833,10063,-0.2,33.4,-112.5,1.3599603290246456
2024-05-11 08:05:00,105031194,0.3364135922215188,0.20783844036903681,0.46498874407400076,33.4122281035946,-112.50028495142833,10063,-0.1,33.4,-112.5,1.3599603290246456
2024-05-11 08:06:00,105031194,0.16376909378782797,0.06564461255141418,0.26189357502424176,33.4122281035946,-112.50028495142833,10063,0.1,33.4,-112.5,1.3599603290246456
2024-05-11 08:07:00,105031194,-0.1017339475403883,-0.14397422052375697,-0.059493674557019614,33.4122281035946,-112.50028495142833,10063,0.1,33.4,-112.5,1.3599603290246456
2024-05-11 08:08:00,105031194,-0.15993024703240102,-0.24239214873067116,-0.07746834533413088,33.4122281035946,-112.50028495142833,10063,0.2,33.4,-112.5,1.3599603290246456
2024-05-11 08:09:00,105031194,-0.03909367909196142,-0.1447963598646462,0.06660900168072337,33.4122281035946,-112.50028495142833,10063,0.0,33.4,-112.5,1.3599603290246456
2024-05-11 08:10:00,105031194,0.2646369597037792,0.10650044607002335,0.42277347333753507,33.4122281035946,-112.50028495142833,10063,-0.3,33.4,-112.5,1.3599603290246456
2024-05-11 08:11:00,105031194,0.4744593196065354,0.2825185044952147,0.6664001347178561,33.4122281035946,-112.50028495142833,10063,-0.3,33.4,-112.5,1.3599603290246456
2024-05-11 08:12:00,105031194,0.3149759547882958,0.19322676303972067,0.436725146536871,33.4122281035946,-112.50028495142833,10063,-0.2,33.4,-112.5,1.3599603290246456
2024-05-11 08:13:00,105031194,0.13816026136259266,0.05636752797767332,0.219952994747512,33.4122281035946,-112.50028495142833,10063,0.1,33.4,-112.5,1.3599603290246456
2024-05-11 08:14:00,105031194,0.03390767863529538,-0.0492572242015515,0.11707258147214226,33.4122281035946,-112.50028495142833,10063,0.1,33.4,-112.5,1.3599603290246456
2024-05-11 08:15:00,105031194,0.01872399595045398,-0.11878037882128273,0.1562283707221907,33.4122281035946,-112.50028495142833,10063,0.3,33.4,-112.5,1.3599603290246456
2024-05-11 08:16:00,105031194,0.16837942573874443,0.09482842205832095,0.2419304294191679,33.4122281035946,-112.50028495142833,10063,0.0,33.4,-112.5,1.3599603290246456
2024-05-11 08:17:00,105031194,0.016520435271132856,-0.00411296507311271,0.037153835615378425,33.4122281035946,-112.50028495142833,10063,0.1,33.4,-112.5,1.3599603290246456
2024-05-11 08:18:00,105031194,-0.2046659590085889,-0.29858848366321866,-0.1107434343539591,33.4122281035946,-112.50028495142833,10063,0.2,33.4,-112.5,1.3599603290246456
2024-05-11 08:19:00,105031194,-0.7785087200091746,-1.1429942530327193,-0.4140231869856299,33.4122281035946,-112.50028495142833,10063,0.8,33.4,-112.5,1.3599603290246456
2024-05-11 08:20:00,105031194,-1.531538653567919,-2.1136850893849495,-0.9493922177508887,33.4122281035946,-112.50028495142833,10063,0.6,33.4,-112.5,1.3599603290246456
2024-05-11 08:21:00,105031194,-1.114415486392222,-1.538060156297071,-0.6907708164873729,33.4122281035946,-112.50028495142833,10063,0.3,33.4,-112.5,1.3599603290246456
2024-05-11 08:22:00,105031194,-0.4271914530638839,-0.608457199247095,-0.24592570688067283,33.4122281035946,-112.50028495142833,10063,0.1,33.4,-112.5,1.3599603290246456
2024-05-11 08:23:00,105031194,0.1412277686285505,-0.0547479691958809,0.3372035064529819,33.4122281035946,-112.50028495142833,10063,-0.4,33.4,-112.5,1.3599603290246456
2024-05-11 08:24:00,105031194,-0.11950913096987001,-0.22568456109269125,-0.013333700847048768,33.4122281035946,-112.50028495142833,10063,0.0,33.4,-112.5,1.3599603290246456
2024-05-11 08:25:00,105031194,-0.4781729949446848,-0.6621124489992797,-0.2942335408900899,33.4122281035946,-112.50028495142833,10063,0.1,33.4,-112.5,1.3599603290246456
2024-05-11 08:26:00,105031194,-0.10565003814369896,-0.16523862833893727,-0.046061447948460656,33.4122281035946,-112.50028495142833,10063,0.1,33.4,-112.5,1.3599603290246456
2024-05-11 08:27:00,105031194,-0.28288146554676813,-0.39150412202378815,-0.1742588090697481,33.4122281035946,-112.50028495142833,10063,0.1,33.4,-112.5,1.3599603290246456
2024-05-11 08:28:00,105031194,-0.14296028198660315,-0.19840975467054744,-0.08751080930265887,33.4122281035946,-112.50028495142833,10063,0.0,33.4,-112.5,1.3599603290246456
2024-05-11 08:29:00,105031194,-0.3631410973314616,-0.5140745176755602,-0.21220767698736298,33.4122281035946,-112.50028495142833,10063,0.2,33.4,-112.5,1.3599603290246456
2024-05-11 08:30:00,105031194,-0.49861770631152585,-0.6944275072580703,-0.3028079053649813,33.4122281035946,-112.50028495142833,10063,0.2,33.4,-112.5,1.3599603290246456
2024-05-11 08:31:00,105031194,-0.4300040705106163,-0.5966010027586196,-0.26340713826261297,33.4122281035946,-112.50028495142833,10063,0.1,33.4,-112.5,1.3599603290246456
2024-05-11 08:32:00,105031194,-0.06249795700465908,-0.18063353219350167,0.05563761818418351,33.4122281035946,-112.50028495142833,10063,-0.3,33.4,-112.5,1.3599603290246456
2024-05-11 08:33:00,105031194,-0.024556290515299947,-0.09230714995196847,0.04319456892136857,33.4122281035946,-112.50028495142833,10063,-0.1,33.4,-112.5,1.3599603290246456
2024-05-11 08:34:00,105031194,-0.1260031355742014,-0.24655537596397378,-0.005450895184429011,33.4122281035946,-112.50028495142833,10063,-0.1,33.4,-112.5,1.3599603290246456
2024-05-11 08:35:00,105031194,-0.06454091263245837,-0.19012144359166033,0.061039618326743594,33.4122281035946,-112.50028495142833,10063,-0.2,33.4,-112.5,1.3599603290246456
2024-05-11 08:36:00,105031194,-0.0646052898035369,-0.1983818135934871,0.0691712339864133,33.4122281035946,-112.50028495142833,10063,-0.1,33.4,-112.5,1.3599603290246456
2024-05-11 08:37:00,105031194,0.3020345983197768,0.009532733538328952,0.5945364631012247,33.4122281035946,-112.50028495142833,10063,-0.5,33.4,-112.5,1.3599603290246456
2024-05-11 08:38:00,105031194,0.7979450091596502,0.4485264478913005,1.1473635704279999,33.4122281035946,-112.50028495142833,10063,-0.6,33.4,-112.5,1.3599603290246456
2024-05-11 08:39:00,105031194,0.5535764522047568,0.3392519839689835,0.7679009204405302,33.4122281035946,-112.50028495142833,10063,-0.2,33.4,-112.5,1.3599603290246456
2024-05-11 08:40:00,105031194,0.11255098952979484,0.06034185137667445,0.16476012768291523,33.4122281035946,-112.50028495142833,10063,0.0,33.4,-112.5,1.3599603290246456
2024-05-11 08:41:00,105031194,-0.35641082168969895,-0.49247480422097123,-0.2203468391584267,33.4122281035946,-112.50028495142833,10063,0.1,33.4,-112.5,1.3599603290246456
2024-05-11 08:42:00,105031194,-0.47678132099391224,-0.6627894869372656,-0.2907731550505589,33.4122281035946,-112.50028495142833,10063,0.3,33.4,-112.5,1.3599603290246456
2024-05-11 08:43:00,105031194,-0.6910887164131442,-0.9548379648648935,-0.42733946796139494,33.4122281035946,-112.50028495142833,10063,0.3,33.4,-112.5,1.3599603290246456
2024-05-11 08:44:00,105031194,-0.8209569364001876,-1.137113703877378,-0.5048001689229973,33.4122281035946,-112.50028495142833,10063,0.2,33.4,-112.5,1.3599603290246456
2024-05-11 08:45:00,105031194,-0.6031868530152585,-0.8995906623971592,-0.3067830436333579,33.4122281035946,-112.50028495142833,10063,-0.2,33.4,-112.5,1.3599603290246456
2024-05-11 08:46:00,105031194,-0.9534537638992744,-1.435143528498407,-0.47176399930014173,33.4122281035946,-112.50028495142833,10063,-0.4,33.4,-112.5,1.3599603290246456
2024-05-11 08:47:00,105031194,-1.1095366995585592,-1.6551295354418747,-0.5639438636752436,33.4122281035946,-112.50028495142833,10063,-0.4,33.4,-112.5,1.3599603290246456
2024-05-11 08:48:00,105031194,-1.2646195684982122,-1.8674783666721884,-0.6617607703242361,33.4122281035946,-112.50028495142833,10063,-0.5,33.4,-112.5,1.3599603290246456
2024-05-11 08:49:00,105031194,-1.4904048680736308,-2.1910741847420887,-0.7897355514051732,33.4122281035946,-112.50028495142833,10063,-0.4,33.4,-112.5,1.3599603290246456
2024-05-11 08:50:00,105031194,-1.8191101283656625,-2.6711149407787707,-0.9671053159525546,33.4122281035946,-112.50028495142833,10063,-0.6,33.4,-112.5,1.3599603290246456
2024-05-11 08:51:00,105031194,-1.424363637590468,-2.048737968458023,-0.7999893067229128,33.4122281035946,-112.50028495142833,10063,-0.4,33.4,-112.5,1.3599603290246456
2024-05-11 08:52:00,105031194,-1.210726888892346,-1.687534615343698,-0.7339191624409938,33.4122281035946,-112.50028495142833,10063,-0.3,33.4,-112.5,1.3599603290246456
2024-05-11 08:53:00,105031194,-1.2472251688029832,-1.7409083527411011,-0.7535419848648652,33.4122281035946,-112.50028495142833,10063,-0.1,33.4,-112.5,1.3599603290246456
2024-05-11 08:54:00,105031194,-1.2923589287171686,-1.8148291219613948,-0.7698887354729423,33.4122281035946,-112.50028495142833,10063,0.1,33.4,-112.5,1.3599603290246456
2024-05-11 08:55:00,105031194,-1.0729945058138448,-1.5388784830792672,-0.6071105285484225,33.4122281035946,-112.50028495142833,10063,0.0,33.4,-112.5,1.3599603290246456
2024-05-11 08:56:00,105031194,-0.44074990243690654,-0.7279699503921306,-0.1535298544816825,33.4122281035946,-112.50028495142833,10063,-0.3,33.4,-112.5,1.3599603290246456
2024-05-11 08:57:00,105031194,-0.14656236427784697,-0.3875174111629762,0.09439268260728229,33.4122281035946,-112.50028495142833,10063,-0.3,33.4,-112.5,1.3599603290246456
2024-05-11 08:58:00,105031194,0.11372101429263064,-0.061306692777771885,0.28874872136303315,33.4122281035946,-112.50028495142833,10063,-0.3,33.4,-112.5,1.3599603290246456
2024-05-11 08:59:00,105031194,-0.11090568187931406,-0.3104756018836323,0.0886642381250042,33.4122281035946,-112.50028495142833,10063,-0.2,33.4,-112.5,1.3599603290246456
2024-05-11 09:00:00,105031194,0.17032231146932236,0.03399200012485276,0.30665262281379196,33.4122281035946,-112.50028495142833,10063,-0.2,33.4,-112.5,1.3599603290246456
2024-05-11 09:01:00,105031194,0.5097465590296084,0.3074640472260428,0.712029070833174,33.4122281035946,-112.50028495142833,10063,-0.2,33.4,-112.5,1.3599603290246456
2024-05-11 09:02:00,105031194,0.6997772856127649,0.43420275810393383,0.9653518131215959,33.4122281035946,-112.50028495142833,10063,-0.1,33.4,-112.5,1.3599603290246456
2024-05-11 09:03:00,105031194,0.7520822423666641,0.4668302406067874,1.0373342441265407,33.4122281035946,-112.50028495142833,10063,-0.2,33.4,-112.5,1.3599603290246456
2024-05-11 09:04:00,105031194,0.5913748865699708,0.366039665707061,0.8167101074328806,33.4122281035946,-112.50028495142833,10063,-0.1,33.4,-112.5,1.3599603290246456
2024-05-11 09:05:00,105031194,0.45194069091650774,0.27904820656603524,0.6248331752669802,33.4122281035946,-112.50028495142833,10063,-0.1,33.4,-112.5,1.3599603290246456
2024-05-11 09:06:00,105031194,0.5325149815800345,0.3291569151565122,0.7358730480035569,33.4122281035946,-112.50028495142833,10063,0.0,33.4,-112.5,1.3599603290246456
2024-05-11 09:07:00,105031194,0.5003014717876613,0.3098879612259987,0.6907149823493238,33.4122281035946,-112.50028495142833,10063,0.0,33.4,-112.5,1.3599603290246456
2024-05-11 09:08:00,105031194,0.49499519965739774,0.3029674683521213,0.6870229309626742,33.4122281035946,-112.50028495142833,10063,0.0,33.4,-112.5,1.3599603290246456
2024-05-11 09:09:00,105031194,0.3439212487473673,0.20054308653018027,0.4872994109645543,33.4122281035946,-112.50028495142833,10063,0.1,33.4,-112.5,1.3599603290246456
2024-05-11 09:10:00,105031194,0.4766836394334123,0.26123001888778485,0.6921372599790397,33.4122281035946,-112.50028495142833,10063,0.1,33.4,-112.5,1.3599603290246456
2024-05-11 09:11:00,105031194,0.5398095496848487,0.2846960302912758,0.7949230690784217,33.4122281035946,-112.50028495142833,10063,0.2,33.4,-112.5,1.3599603290246456
2024-05-11 09:12:00,105031194,0.5760915921347445,0.29474872510345956,0.8574344591660295,33.4122281035946,-112.50028495142833,10063,0.2,33.4,-112.5,1.3599603290246456
2024-05-11 09:13:00,105031194,0.32016324402055735,0.09485106264613286,0.5454754253949818,33.4122281035946,-112.50028495142833,10063,0.2,33.4,-112.5,1.3599603290246456
2024-05-11 09:14:00,105031194,0.17773722052913485,-0.03353780221207428,0.389012243270344,33.4122281035946,-112.50028495142833,10063,0.3,33.4,-112.5,1.3599603290246456
2024-05-11 09:15:00,105031194,0.3140734273760596,0.10015694605924541,0.5279899086928738,33.4122281035946,-112.50028495142833,10063,0.3,33.4,-112.5,1.3599603290246456
2024-05-11 09:16:00,105031194,0.4120807748814265,0.16318502382218986,0.6609765259406633,33.4122281035946,-112.50028495142833,10063,0.3,33.4,-112.5,1.3599603290246456
2024-05-11 09:17:00,105031194,0.021993073910756295,-0.19982230457988764,0.24380845240140026,33.4122281035946,-112.50028495142833,10063,0.4,33.4,-112.5,1.3599603290246456
2024-05-11 09:18:00,105031194,-0.289228149541516,-0.43704206622000985,-0.1414142328630221,33.4122281035946,-112.50028495142833,10063,0.3,33.4,-112.5,1.3599603290246456
2024-05-11 09:19:00,105031194,-0.1405998881250377,-0.2055159391438477,-0.07568383710622772,33.4122281035946,-112.50028495142833,10063,0.1,33.4,-112.5,1.3599603290246456
2024-05-11 09:20:00,105031194,-0.021847225416919507,-0.1083033139292649,0.06460886309542588,33.4122281035946,-112.50028495142833,10063,0.2,33.4,-112.5,1.3599603290246456
2024-05-11 09:21:00,105031194,-0.2306283598177527,-0.33262292010111083,-0.12863379953439455,33.4122281035946,-112.50028495142833,10063,0.2,33.4,-112.5,1.3599603290246456
2024-05-11 09:22:00,105031194,-0.24992607574312384,-0.36143617465932765,-0.13841597682692,33.4122281035946,-112.50028495142833,10063,0.2,33.4,-112.5,1.3599603290246456
2024-05-11 09:23:00,105031194,-0.0865128683451479,-0.12168527843995178,-0.051340458250344036,33.4122281035946,-112.50028495142833,10063,0.0,33.4,-112.5,1.3599603290246456
2024-05-11 09:24:00,105031194,-0.3187757242625033,-0.46505237643170005,-0.1724990720933065,33.4122281035946,-112.50028495142833,10063,0.2,33.4,-112.5,1.3599603290246456
2024-05-11 09:25:00,105031194,-0.5553590610324589,-0.7678272418732401,-0.3428908801916777,33.4122281035946,-112.50028495142833,10063,0.3,33.4,-112.5,1.3599603290246456
2024-05-11 09:26:00,105031194,-0.06882239524383747,-0.14989577597169573,0.012250985484020774,33.4122281035946,-112.50028495142833,10063,-0.2,33.4,-112.5,1.3599603290246456
2024-05-11 09:27:00,105031194,0.35854024213988495,0.20596233769778038,0.5111181465819895,33.4122281035946,-112.50028495142833,10063,-0.2,33.4,-112.5,1.3599603290246456
2024-05-11 09:28:00,105031194,0.15466642514790846,0.0775236580643675,0.2318091922314494,33.4122281035946,-112.50028495142833,10063,0.0,33.4,-112.5,1.3599603290246456
2024-05-11 09:29:00,105031194,-0.12086635359322517,-0.16758630682833453,-0.0741464003581158,33.4122281035946,-112.50028495142833,10063,0.1,33.4,-112.5,1.3599603290246456
2024-05-11 09:30:00,105031194,-0.5273810811620906,-0.7482302503821642,-0.306531911942017,33.4122281035946,-112.50028495142833,10063,0.0,33.4,-112.5,1.3599603290246456
2024-05-11 09:31:00,105031194,-0.26874623261742236,-0.4019954181458798,-0.13549704708896496,33.4122281035946,-112.50028495142833,10063,-0.1,33.4,-112.5,1.3599603290246456
2024-05-11 09:32:00,105031194,-0.13619929497482122,-0.21490380025082828,-0.05749478969881418,33.4122281035946,-112.50028495142833,10063,-0.1,33.4,-112.5,1.3599603290246456
2024-05-11 09:33:00,105031194,-0.23482162882147922,-0.3661645297771646,-0.10347872786579382,33.4122281035946,-112.50028495142833,10063,-0.1,33.4,-112.5,1.3599603290246456
2024-05-11 09:34:00,105031194,-0.16609909687013852,-0.22979598683296198,-0.10240220690731504,33.4122281035946,-112.50028495142833,10063,0.1,33.4,-112.5,1.3599603290246456
2024-05-11 09:35:00,105031194,-0.2945896176298039,-0.4693645136501285,-0.11981472160947931,33.4122281035946,-112.50028495142833,10063,0.2,33.4,-112.5,1.3599603290246456
2024-05-11 09:36:00,105031194,-0.784920459900887,-1.1212810057729887,-0.4485599140287852,33.4122281035946,-112.50028495142833,10063,0.3,33.4,-112.5,1.3599603290246456
2024-05-11 09:37:00,105031194,-0.7051503415497249,-1.0316918851573527,-0.37860879794209723,33.4122281035946,-112.50028495142833,10063,0.6,33.4,-112.5,1.3599603290246456
2024-05-11 09:38:00,105031194,-0.648079305931571,-1.0280533926425082,-0.2681052192206339,33.4122281035946,-112.50028495142833,10063,0.4,33.4,-112.5,1.3599603290246456
2024-05-11 09:39:00,105031194,-1.0847306797995155,-1.6149090280527227,-0.5545523315463085,33.4122281035946,-112.50028495142833,10063,0.8,33.4,-112.5,1.3599603290246456
2024-05-11 09:40:00,105031194,-1.0343896463270623,-1.5533467488910588,-0.5154325437630659,33.4122281035946,-112.50028495142833,10063,0.7,33.4,-112.5,1.3599603290246456
2024-05-11 09:41:00,105031194,-0.38513358786190394,-0.8628601241775902,0.09259294845378235,33.4122281035946,-112.50028495142833,10063,0.7,33.4,-112.5,1.3599603290246456
2024-05-11 09:42:00,105031194,0.4109160335470291,-0.21366528698504583,1.0354973540791041,33.4122281035946,-112.50028495142833,10063,0.7,33.4,-112.5,1.3599603290246456
2024-05-11 09:43:00,105031194,-0.020346549838487913,-0.4099953354489881,0.3693022357720122,33.4122281035946,-112.50028495142833,10063,0.6,33.4,-112.5,1.3599603290246456
2024-05-11 09:44:00,105031194,-0.3859559218200825,-0.6616969956305152,-0.11021484800964981,33.4122281035946,-112.50028495142833,10063,0.5,33.4,-112.5,1.3599603290246456
2024-05-11 09:45:00,105031194,-0.303338291944252,-0.5467210865510663,-0.05995549733743766,33.4122281035946,-112.50028495142833,10063,0.4,33.4,-112.5,1.3599603290246456
2024-05-11 09:46:00,105031194,-0.628218408383401,-0.9855867239304843,-0.27085009283631784,33.4122281035946,-112.50028495142833,10063,0.6,33.4,-112.5,1.3599603290246456
2024-05-11 09:47:00,105031194,-0.559771318331753,-0.9145512422937103,-0.20499139436979558,33.4122281035946,-112.50028495142833,10063,0.6,33.4,-112.5,1.3599603290246456
2024-05-11 09:48:00,105031194,-0.2850184149562818,-0.5911231665193892,0.021086336606825684,33.4122281035946,-112.50028495142833,10063,0.5,33.4,-112.5,1.3599603290246456
2024-05-11 09:49:00,105031194,0.008842210064971536,-0.15235940494619452,0.1700438250761376,33.4122281035946,-112.50028495142833,10063,0.3,33.4,-112.5,1.3599603290246456
2024-05-11 09:50:00,105031194,0.035944714098742794,0.002284217618374655,0.06960521057911093,33.4122281035946,-112.50028495142833,10063,0.0,33.4,-112.5,1.3599603290246456
2024-05-11 09:51:00,105031194,-0.07830788877935331,-0.20212305156916233,0.045507274010455706,33.4122281035946,-112.50028495142833,10063,0.2,33.4,-112.5,1.3599603290246456
2024-05-11 09:52:00,105031194,-0.8159939995721767,-1.1843419150482224,-0.4476460840961309,33.4122281035946,-112.50028495142833,10063,0.3,33.4,-112.5,1.3599603290246456
2024-05-11 09:53:00,105031194,-0.2989689364593799,-0.5723595086828923,-0.025578364235867457,33.4122281035946,-112.50028495142833,10063,0.4,33.4,-112.5,1.3599603290246456
2024-05-11 09:54:00,105031194,-0.05766038274661678,-0.26638327702311193,0.1510625115298784,33.4122281035946,-112.50028495142833,10063,0.2,33.4,-112.5,1.3599603290246456
2024-05-11 09:55:00,105031194,-0.09725517928217002,-0.15283891943238295,-0.04167143913195709,33.4122281035946,-112.50028495142833,10063,0.0,33.4,-112.5,1.3599603290246456
2024-05-11 09:56:00,105031194,-0.05876044299704636,-0.11664419259806613,-0.0008766933960265913,33.4122281035946,-112.50028495142833,10063,0.0,33.4,-112.5,1.3599603290246456
2024-05-11 09:57:00,105031194,0.04066487483505443,-0.03781285401340366,0.11914260368351252,33.4122281035946,-112.50028495142833,10063,0.0,33.4,-112.5,1.3599603290246456
2024-05-11 09:58:00,105031194,0.294957822846963,0.1810425025874623,0.40887314310646367,33.4122281035946,-112.50028495142833,10063,-0.1,33.4,-112.5,1.3599603290246456
2024-05-11 09:59:00,105031194,0.35543482142843696,0.21356269839447872,0.4973069444623952,33.4122281035946,-112.50028495142833,10063,-0.3,33.4,-112.5,1.3599603290246456
2024-05-11 10:00:00,105031194,0.1376692006234227,0.03640025870039955,0.23893814254644585,33.4122281035946,-112.50028495142833,10063,-0.3,33.4,-112.5,1.3599603290246456
2024-05-11 10:01:00,105031194,0.0057068601102977555,-0.09848414878779682,0.10989786900839232,33.4122281035946,-112.50028495142833,10063,-0.2,33.4,-112.5,1.3599603290246456
2024-05-11 10:02:00,105031194,0.5310048995945686,0.33030524976015757,0.7317045494289798,33.4122281035946,-112.50028495142833,10063,-0.3,33.4,-112.5,1.3599603290246456
2024-05-11 10:03:00,105031194,0.44948910383092133,0.2631398051400077,0.635838402521835,33.4122281035946,-112.50028495142833,10063,-0.3,33.4,-112.5,1.3599603290246456
2024-05-11 10:04:00,105031194,0.3719777647676623,0.21031815561750986,0.5336373739178147,33.4122281035946,-112.50028495142833,10063,-0.4,33.4,-112.5,1.3599603290246456
2024-05-11 10:05:00,105031194,0.15658128019982487,0.09618194425811843,0.2169806161415313,33.4122281035946,-112.50028495142833,10063,-0.2,33.4,-112.5,1.3599603290246456
2024-05-11 10:06:00,105031194,-0.11292600487288844,-0.24331997664619975,0.017467966900422863,33.4122281035946,-112.50028495142833,10063,-0.3,33.4,-112.5,1.3599603290246456
2024-05-11 10:07:00,105031194,0.03203527415761822,-0.1488552749105466,0.21292582322578305,33.4122281035946,-112.50028495142833,10063,-0.4,33.4,-112.5,1.3599603290246456
2024-05-11 10:08:00,105031194,0.34337985500189144,0.18491656412308044,0.5018431458807024,33.4122281035946,-112.50028495142833,10063,-0.4,33.4,-112.5,1.3599603290246456
2024-05-11 10:09:00,105031194,0.4027181488734887,0.23324281054247042,0.572193487204507,33.4122281035946,-112.50028495142833,10063,-0.3,33.4,-112.5,1.3599603290246456
2024-05-11 10:10:00,105031194,0.2222584237897171,0.06807443056586157,0.3764424170135726,33.4122281035946,-112.50028495142833,10063,-0.3,33.4,-112.5,1.3599603290246456
2024-05-11 10:11:00,105031194,0.04490842797530602,-0.1189778500403511,0.20879470599096311,33.4122281035946,-112.50028495142833,10063,-0.3,33.4,-112.5,1.3599603290246456
2024-05-11 10:12:00,105031194,0.2369402107271485,0.12817960744839074,0.34570081400590624,33.4122281035946,-112.50028495142833,10063,-0.2,33.4,-112.5,1.3599603290246456
2024-05-11 10:13:00,105031194,0.31789638501426254,0.1723556585448033,0.4634371114837218,33.4122281035946,-112.50028495142833,10063,-0.2,33.4,-112.5,1.3599603290246456
2024-05-11 10:14:00,105031194,0.514455599771033,0.3165113660200425,0.7123998335220234,33.4122281035946,-112.50028495142833,10063,-0.3,33.4,-112.5,1.3599603290246456
2024-05-11 10:15:00,105031194,0.476638317416261,0.2943736959745199,0.6589029388580021,33.4122281035946,-112.50028495142833,10063,-0.1,33.4,-112.5,1.3599603290246456
2024-05-11 10:16:00,105031194,0.38345609734156977,0.23641359637868842,0.5304985983044511,33.4122281035946,-112.50028495142833,10063,-0.2,33.4,-112.5,1.3599603290246456
2024-05-11 10:17:00,105031194,0.14691476678629792,0.09004481903396785,0.20378471453862798,33.4122281035946,-112.50028495142833,10063,0.0,33.4,-112.5,1.3599603290246456
2024-05-11 10:18:00,105031194,0.14760416243686328,-0.01679074654346202,0.3119990714171886,33.4122281035946,-112.50028495142833,10063,0.0,33.4,-112.5,1.3599603290246456
2024-05-11 10:19:00,105031194,0.14547110743074326,-0.1246059179215031,0.41554813278298963,33.4122281035946,-112.50028495142833,10063,0.5,33.4,-112.5,1.3599603290246456
2024-05-11 10:20:00,105031194,0.20513702734879508,0.09522368600295926,0.3150503686946309,33.4122281035946,-112.50028495142833,10063,0.1,33.4,-112.5,1.3599603290246456
2024-05-11 10:21:00,105031194,0.3005235483473106,0.18435732768213248,0.4166897690124887,33.4122281035946,-112.50028495142833,10063,-0.1,33.4,-112.5,1.3599603290246456
2024-05-11 10:22:00,105031194,0.1983808895671054,0.11331379602748454,0.28344798310672625,33.4122281035946,-112.50028495142833,10063,0.0,33.4,-112.5,1.3599603290246456
2024-05-11 10:23:00,105031194,0.04302903226607782,-0.057176591550219535,0.14323465608237518,33.4122281035946,-112.50028495142833,10063,0.2,33.4,-112.5,1.3599603290246456
2024-05-11 10:24:00,105031194,-0.21166283363723815,-0.31336820720004926,-0.10995746007442704,33.4122281035946,-112.50028495142833,10063,0.2,33.4,-112.5,1.3599603290246456
2024-05-11 10:25:00,105031194,-0.09995641675340082,-0.1578369097693934,-0.04207592373740825,33.4122281035946,-112.50028495142833,10063,0.1,33.4,-112.5,1.3599603290246456
2024-05-11 10:26:00,105031194,-0.1710555369949393,-0.24996933494857299,-0.09214173904130564,33.4122281035946,-112.50028495142833,10063,0.1,33.4,-112.5,1.3599603290246456
2024-05-11 10:27:00,105031194,-0.38375108647055195,-0.533528965217331,-0.23397320772377295,33.4122281035946,-112.50028495142833,10063,0.1,33.4,-112.5,1.3599603290246456
2024-05-11 10:28:00,105031194,-0.30443167938549714,-0.4243039022150193,-0.184559456555975,33.4122281035946,-112.50028495142833,10063,0.1,33.4,-112.5,1.3599603290246456
2024-05-11 10:29:00,105031194,0.07786333878444329,-0.07638103185807266,0.23210770942695924,33.4122281035946,-112.50028495142833,10063,-0.3,33.4,-112.5,1.3599603290246456
2024-05-11 10:30:00,105031194,0.6597218003478789,0.3868930810476893,0.9325505196480683,33.4122281035946,-112.50028495142833,10063,-0.5,33.4,-112.5,1.3599603290246456
2024-05-11 10:31:00,105031194,0.545876463998884,0.3104510292022472,0.7813018987955208,33.4122281035946,-112.50028495142833,10063,-0.3,33.4,-112.5,1.3599603290246456
2024-05-11 10:32:00,105031194,0.5647291594154591,0.24232796838422493,0.8871303504466932,33.4122281035946,-112.50028495142833,10063,-0.7,33.4,-112.5,1.3599603290246456
2024-05-11 10:33:00,105031194,0.8112336296336096,0.5023783003306537,1.1200889589365655,33.4122281035946,-112.50028495142833,10063,-0.2,33.4,-112.5,1.3599603290246456
2024-05-11 10:34:00,105031194,0.31375957397104504,0.19034283740445795,0.4371763105376321,33.4122281035946,-112.50028495142833,10063,-0.1,33.4,-112.5,1.3599603290246456
2024-05-11 10:35:00,105031194,-0.17873534770276314,-0.2502689077181426,-0.10720178768738373,33.4122281035946,-112.50028495142833,10063,0.1,33.4,-112.5,1.3599603290246456
2024-05-11 10:36:00,105031194,-0.2219496709539702,-0.3104813648573327,-0.1334179770506077,33.4122281035946,-112.50028495142833,10063,0.1,33.4,-112.5,1.3599603290246456
2024-05-11 10:37:00,105031194,-0.2807331063385229,-0.4021317468053274,-0.15933446587171837,33.4122281035946,-112.50028495142833,10063,0.3,33.4,-112.5,1.3599603290246456
2024-05-11 10:38:00,105031194,-0.09204686288904283,-0.22379691145086805,0.0397031856727824,33.4122281035946,-112.50028495142833,10063,0.1,33.4,-112.5,1.3599603290246456
2024-05-11 10:39:00,105031194,0.1221094812916587,0.04770158316692756,0.19651737941638986,33.4122281035946,-112.50028495142833,10063,-0.1,33.4,-112.5,1.3599603290246456
2024-05-11 10:40:00,105031194,0.5455146100941607,0.32764175198272993,0.7633874682055914,33.4122281035946,-112.50028495142833,10063,-0.6,33.4,-112.5,1.3599603290246456
2024-05-11 10:41:00,105031194,0.4582391378950015,0.14853235305627954,0.7679459227337234,33.4122281035946,-112.50028495142833,10063,0.4,33.4,-112.5,1.3599603290246456
2024-05-11 10:42:00,105031194,-0.5929569174117761,-0.8501897975115777,-0.3357240373119745,33.4122281035946,-112.50028495142833,10063,0.0,33.4,-112.5,1.3599603290246456
2024-05-11 10:43:00,105031194,0.2467317425302769,0.07829695675201212,0.4151665283085417,33.4122281035946,-112.50028495142833,10063,-0.3,33.4,-112.5,1.3599603290246456
2024-05-11 10:44:00,105031194,0.702469790517761,0.4091387072054303,0.9958008738300919,33.4122281035946,-112.50028495142833,10063,-0.4,33.4,-112.5,1.3599603290246456
2024-05-11 10:45:00,105031194,1.0980083260283733,0.6599947868208071,1.5360218652359394,33.4122281035946,-112.50028495142833,10063,-0.1,33.4,-112.5,1.3599603290246456
2024-05-11 10:46:00,105031194,0.6502817595064789,0.39892040122786077,0.9016431177850971,33.4122281035946,-112.50028495142833,10063,-0.1,33.4,-112.5,1.3599603290246456
2024-05-11 10:47:00,105031194,0.18353178877766269,0.11051778009800671,0.25654579745731865,33.4122281035946,-112.50028495142833,10063,-0.1,33.4,-112.5,1.3599603290246456
2024-05-11 10:48:00,105031194,0.17103988547951804,0.10516218073771029,0.2369175902213258,33.4122281035946,-112.50028495142833,10063,0.1,33.4,-112.5,1.3599603290246456
2024-05-11 10:49:00,105031194,0.21018961023884758,0.12880874550220484,0.2915704749754903,33.4122281035946,-112.50028495142833,10063,0.0,33.4,-112.5,1.3599603290246456
2024-05-11 10:50:00,105031194,0.2665290968740046,0.16419396708868206,0.36886422665932717,33.4122281035946,-112.50028495142833,10063,-0.1,33.4,-112.5,1.3599603290246456
2024-05-11 10:51:00,105031194,0.4206404169661957,0.25116815695648537,0.590112676975906,33.4122281035946,-112.50028495142833,10063,-0.1,33.4,-112.5,1.3599603290246456
2024-05-11 10:52:00,105031194,0.398646989197734,0.23878336869560762,0.5585106096998604,33.4122281035946,-112.50028495142833,10063,-0.2,33.4,-112.5,1.3599603290246456
2024-05-11 10:53:00,105031194,0.3664068581914543,0.22654087387310154,0.5062728425098071,33.4122281035946,-112.50028495142833,10063,-0.1,33.4,-112.5,1.3599603290246456
2024-05-11 10:54:00,105031194,0.19045175307484014,0.10689517268433903,0.27400833346534126,33.4122281035946,-112.50028495142833,10063,-0.1,33.4,-112.5,1.3599603290246456
2024-05-11 10:55:00,105031194,-0.02966222454231223,-0.044449774030433695,-0.014874675054190763,33.4122281035946,-112.50028495142833,10063,-0.1,33.4,-112.5,1.3599603290246456
2024-05-11 10:56:00,105031194,-0.36209587325204284,-0.49878600145858043,-0.22540574504550528,33.4122281035946,-112.50028495142833,10063,0.1,33.4,-112.5,1.3599603290246456
2024-05-11 10:57:00,105031194,-0.38463823014594856,-0.5326855482906043,-0.23659091200129273,33.4122281035946,-112.50028495142833,10063,0.1,33.4,-112.5,1.3599603290246456
2024-05-11 10:58:00,105031194,-0.4159243620073138,-0.6047882851535326,-0.22706043886109506,33.4122281035946,-112.50028495142833,10063,0.0,33.4,-112.5,1.3599603290246456
2024-05-11 10:59:00,105031194,-0.19778528632521006,-0.3094637188687922,-0.08610685378162788,33.4122281035946,-112.50028495142833,10063,0.2,33.4,-112.5,1.3599603290246456
2024-05-11 11:00:00,105031194,-0.45746013905881044,-0.7101104022103155,-0.20480987590730532,33.4122281035946,-112.50028495142833,10063,0.4,33.4,-112.5,1.3599603290246456
2024-05-11 11:01:00,105031194,-0.5927439260676989,-0.8160478304903201,-0.3694400216450776,33.4122281035946,-112.50028495142833,10063,0.3,33.4,-112.5,1.3599603290246456
2024-05-11 11:02:00,105031194,-0.3175855813674012,-0.4378429321769602,-0.19732823055784227,33.4122281035946,-112.50028495142833,10063,0.1,33.4,-112.5,1.3599603290246456
2024-05-11 11:03:00,105031194,-0.19998735919557417,-0.28046545411316354,-0.1195092642779848,33.4122281035946,-112.50028495142833,10063,0.0,33.4,-112.5,1.3599603290246456
2024-05-11 11:04:00,105031194,-0.27029682779427905,-0.3834956161763672,-0.15709803941219092,33.4122281035946,-112.50028495142833,10063,0.0,33.4,-112.5,1.3599603290246456
2024-05-11 11:05:00,105031194,0.05082111773233755,-0.02789315002918108,0.12953538549385618,33.4122281035946,-112.50028495142833,10063,-0.1,33.4,-112.5,1.3599603290246456
2024-05-11 11:06:00,105031194,0.12676242707684673,0.07162750890331734,0.18189734525037612,33.4122281035946,-112.50028495142833,10063,0.0,33.4,-112.5,1.3599603290246456
2024-05-11 11:07:00,105031194,0.1934403834495703,0.10902457231329717,0.27785619458584343,33.4122281035946,-112.50028495142833,10063,0.1,33.4,-112.5,1.3599603290246456
2024-05-11 11:08:00,105031194,0.053580277092666724,0.00558076060367451,0.10157979358165894,33.4122281035946,-112.50028495142833,10063,0.1,33.4,-112.5,1.3599603290246456
2024-05-11 11:09:00,105031194,0.08546998689854447,0.01909307237914991,0.15184690141793905,33.4122281035946,-112.50028495142833,10063,0.1,33.4,-112.5,1.3599603290246456
2024-05-11 11:10:00,105031194,0.2215168765742556,0.08558245321071015,0.357451299937801,33.4122281035946,-112.50028495142833,10063,0.2,33.4,-112.5,1.3599603290246456
2024-05-11 11:11:00,105031194,0.2982340852636902,0.12687531717614678,0.4695928533512337,33.4122281035946,-112.50028495142833,10063,0.2,33.4,-112.5,1.3599603290246456
2024-05-11 11:12:00,105031194,0.29989650433084797,0.16533091491726534,0.43446209374443057,33.4122281035946,-112.50028495142833,10063,0.1,33.4,-112.5,1.3599603290246456
2024-05-11 11:13:00,105031194,0.43890471053414776,0.2665198916277207,0.6112895294405748,33.4122281035946,-112.50028495142833,10063,0.0,33.4,-112.5,1.3599603290246456
2024-05-11 11:14:00,105031194,0.36797815715347915,0.22462576538958368,0.5113305489173746,33.4122281035946,-112.50028495142833,10063,-0.1,33.4,-112.5,1.3599603290246456
2024-05-11 11:15:00,105031194,0.46124313716638954,0.2707087476519993,0.6517775266807797,33.4122281035946,-112.50028495142833,10063,0.0,33.4,-112.5,1.3599603290246456
2024-05-11 11:16:00,105031194,0.32311758092770304,0.1918705998970323,0.45436456195837377,33.4122281035946,-112.50028495142833,10063,0.0,33.4,-112.5,1.3599603290246456
2024-05-11 11:17:00,105031194,0.37708052209482756,0.22896952508791968,0.5251915191017354,33.4122281035946,-112.50028495142833,10063,0.0,33.4,-112.5,1.3599603290246456
2024-05-11 11:18:00,105031194,0.2884677619227491,0.17846819188696667,0.3984673319585315,33.4122281035946,-112.50028495142833,10063,-0.1,33.4,-112.5,1.3599603290246456
2024-05-11 11:19:00,105031194,0.45002725931411997,0.2758595899852403,0.6241949286429996,33.4122281035946,-112.50028495142833,10063,-0.1,33.4,-112.5,1.3599603290246456
2024-05-11 11:20:00,105031194,0.24133029119356683,0.14738768336076724,0.3352728990263664,33.4122281035946,-112.50028495142833,10063,-0.2,33.4,-112.5,1.3599603290246456
2024-05-11 11:21:00,105031194,0.3363785476407461,0.20761417499354298,0.46514292028794924,33.4122281035946,-112.50028495142833,10063,-0.1,33.4,-112.5,1.3599603290246456
2024-05-11 11:22:00,105031194,0.19863831272866941,0.1203710101394895,0.2769056153178493,33.4122281035946,-112.50028495142833,10063,-0.2,33.4,-112.5,1.3599603290246456
2024-05-11 11:23:00,105031194,0.2857435776438928,0.1759034628683377,0.3955836924194479,33.4122281035946,-112.50028495142833,10063,-0.1,33.4,-112.5,1.3599603290246456
2024-05-11 11:24:00,105031194,0.09083478648406931,0.0035380610499334275,0.1781315119182052,33.4122281035946,-112.50028495142833,10063,-0.2,33.4,-112.5,1.3599603290246456
2024-05-11 11:25:00,105031194,0.24175765106739258,0.1340522456741275,0.3494630564606577,33.4122281035946,-112.50028495142833,10063,-0.2,33.4,-112.5,1.3599603290246456
2024-05-11 11:26:00,105031194,0.2140635066154532,0.1251198059268052,0.30300720730410124,33.4122281035946,-112.50028495142833,10063,-0.1,33.4,-112.5,1.3599603290246456
2024-05-11 11:27:00,105031194,-0.009995506470302434,-0.08421263326355341,0.06422162032294854,33.4122281035946,-112.50028495142833,10063,-0.1,33.4,-112.5,1.3599603290246456
2024-05-11 11:28:00,105031194,-0.06652621065212745,-0.0939324041886816,-0.03912001711557331,33.4122281035946,-112.50028495142833,10063,0.1,33.4,-112.5,1.3599603290246456
2024-05-11 11:29:00,105031194,-0.3044960762684544,-0.44186340793884243,-0.16712874459806631,33.4122281035946,-112.50028495142833,10063,-0.1,33.4,-112.5,1.3599603290246456
2024-05-11 11:30:00,105031194,-0.24308363773059427,-0.3393927036684057,-0.1467745717927829,33.4122281035946,-112.50028495142833,10063,0.3,33.4,-112.5,1.3599603290246456
2024-05-11 11:31:00,105031194,-0.7197640362314712,-1.0037153286608214,-0.435812743802121,33.4122281035946,-112.50028495142833,10063,0.1,33.4,-112.5,1.3599603290246456
2024-05-11 11:32:00,105031194,0.1632913541517089,-0.06204000084337047,0.38862270914678826,33.4122281035946,-112.50028495142833,10063,-0.4,33.4,-112.5,1.3599603290246456
2024-05-11 11:33:00,105031194,0.9418867388576792,0.5762499378455184,1.30752353986984,33.4122281035946,-112.50028495142833,10063,-0.2,33.4,-112.5,1.3599603290246456
2024-05-11 11:34:00,105031194,1.1041755741065307,0.676040878532145,1.5323102696809163,33.4122281035946,-112.50028495142833,10063,-0.1,33.4,-112.5,1.3599603290246456
2024-05-11 11:35:00,105031194,0.5946932139486673,0.3265598023917563,0.8628266255055782,33.4122281035946,-112.50028495142833,10063,0.0,33.4,-112.5,1.3599603290246456
2024-05-11 11:36:00,105031194,-0.13658141471763005,-0.19002520904483866,-0.08313762039042143,33.4122281035946,-112.50028495142833,10063,0.3,33.4,-112.5,1.3599603290246456
2024-05-11 11:37:00,105031194,-0.688490498325505,-0.9968272063329576,-0.3801537903180524,33.4122281035946,-112.50028495142833,10063,0.0,33.4,-112.5,1.3599603290246456
2024-05-11 11:38:00,105031194,-0.13286154846533,-0.26220948790839216,-0.0035136090222677996,33.4122281035946,-112.50028495142833,10063,0.0,33.4,-112.5,1.3599603290246456
2024-05-11 11:39:00,105031194,0.16609898268917395,0.08506487932892845,0.24713308604941944,33.4122281035946,-112.50028495142833,10063,-0.1,33.4,-112.5,1.3599603290246456
2024-05-11 11:40:00,105031194,0.24606297840189217,0.15003267671021087,0.3420932800935735,33.4122281035946,-112.50028495142833,10063,0.0,33.4,-112.5,1.3599603290246456
2024-05-11 11:41:00,105031194,-0.062125173633912914,-0.1624446512843699,0.03819430401654407,33.4122281035946,-112.50028495142833,10063,-0.1,33.4,-112.5,1.3599603290246456
2024-05-11 11:42:00,105031194,0.15256564078191973,0.07440282177439313,0.23072845978944634,33.4122281035946,-112.50028495142833,10063,0.0,33.4,-112.5,1.3599603290246456
2024-05-11 11:43:00,105031194,0.1740249014998737,0.10568820552011393,0.24236159747963348,33.4122281035946,-112.50028495142833,10063,0.1,33.4,-112.5,1.3599603290246456
2024-05-11 11:44:00,105031194,0.30579703183083756,0.18530255223659214,0.426291511425083,33.4122281035946,-112.50028495142833,10063,0.1,33.4,-112.5,1.3599603290246456
2024-05-11 11:45:00,105031194,0.18222494200712308,0.1108979833924748,0.25355190062177135,33.4122281035946,-112.50028495142833,10063,0.0,33.4,-112.5,1.3599603290246456
2024-05-11 11:46:00,105031194,-0.13376311383203265,-0.21503070070666902,-0.0524955269573963,33.4122281035946,-112.50028495142833,10063,0.0,33.4,-112.5,1.3599603290246456
2024-05-11 11:47:00,105031194,-0.13780728650311275,-0.22114214814677596,-0.054472424859449545,33.4122281035946,-112.50028495142833,10063,-0.1,33.4,-112.5,1.3599603290246456
2024-05-11 11:48:00,105031194,-0.05930417582508962,-0.1577086235484326,0.03910027189825335,33.4122281035946,-112.50028495142833,10063,-0.1,33.4,-112.5,1.3599603290246456
2024-05-11 11:49:00,105031194,0.33895532700016084,0.20437425973517304,0.47353639426514865,33.4122281035946,-112.50028495142833,10063,0.0,33.4,-112.5,1.3599603290246456
2024-05-11 11:50:00,105031194,0.32516038248824297,0.2000218905500514,0.45029887442643457,33.4122281035946,-112.50028495142833,10063,0.1,33.4,-112.5,1.3599603290246456
2024-05-11 11:51:00,105031194,0.08522457654650946,0.013340942362524116,0.1571082107304948,33.4122281035946,-112.50028495142833,10063,0.0,33.4,-112.5,1.3599603290246456
2024-05-11 11:52:00,105031194,0.04812530711485824,-0.02344199251045309,0.11969260674016957,33.4122281035946,-112.50028495142833,10063,0.0,33.4,-112.5,1.3599603290246456
2024-05-11 11:53:00,105031194,-0.14714792614079425,-0.26841254963436034,-0.02588330264722817,33.4122281035946,-112.50028495142833,10063,-0.1,33.4,-112.5,1.3599603290246456
2024-05-11 11:54:00,105031194,-0.06213558469976317,-0.14208902703021237,0.01781785763068601,33.4122281035946,-112.50028495142833,10063,0.0,33.4,-112.5,1.3599603290246456
2024-05-11 11:55:00,105031194,-0.24683142413751671,-0.3609497261127425,-0.13271312216229092,33.4122281035946,-112.50028495142833,10063,0.0,33.4,-112.5,1.3599603290246456
2024-05-11 11:56:00,105031194,-0.2759145131535399,-0.4030026027858391,-0.14882642352124067,33.4122281035946,-112.50028495142833,10063,0.0,33.4,-112.5,1.3599603290246456
2024-05-11 11:57:00,105031194,-0.4290411772397825,-0.6083613666075873,-0.24972098787197772,33.4122281035946,-112.50028495142833,10063,0.0,33.4,-112.5,1.3599603290246456
2024-05-11 11:58:00,105031194,-0.3550181647244477,-0.5106817489023494,-0.19935458054654595,33.4122281035946,-112.50028495142833,10063,0.1,33.4,-112.5,1.3599603290246456
2024-05-11 11:59:00,105031194,-0.36391822715992467,-0.5240246467873604,-0.20381180753248898,33.4122281035946,-112.50028495142833,10063,0.1,33.4,-112.5,1.3599603290246456
2024-05-11 12:00:00,105031194,-0.06901874529188476,-0.10955380309601778,-0.028483687487751735,33.4122281035946,-112.50028495142833,10063,0.1,33.4,-112.5,1.3599603290246456
2024-05-11 12:01:00,105031194,-0.13846112702527366,-0.1946777513272804,-0.08224450272326692,33.4122281035946,-112.50028495142833,10063,0.2,33.4,-112.5,1.3599603290246456
2024-05-11 12:02:00,105031194,-0.01606695102822058,-0.04468325529868889,0.012549353242247728,33.4122281035946,-112.50028495142833,10063,0.0,33.4,-112.5,1.3599603290246456
2024-05-11 12:03:00,105031194,0.2046058306395456,0.08902687418746784,0.32018478709162335,33.4122281035946,-112.50028495142833,10063,-0.1,33.4,-112.5,1.3599603290246456
2024-05-11 12:04:00,105031194,0.03128405789541837,0.001554760971139317,0.06101335481969742,33.4122281035946,-112.50028495142833,10063,0.0,33.4,-112.5,1.3599603290246456
2024-05-11 12:05:00,105031194,-0.1386313382854929,-0.2200729315166903,-0.0571897450542955,33.4122281035946,-112.50028495142833,10063,-0.2,33.4,-112.5,1.3599603290246456
2024-05-11 12:06:00,105031194,-0.07127075598505588,-0.11030435978883252,-0.03223715218127924,33.4122281035946,-112.50028495142833,10063,0.2,33.4,-112.5,1.3599603290246456
2024-05-11 12:07:00,105031194,-0.24856906220372907,-0.34459549615682616,-0.15254262825063197,33.4122281035946,-112.50028495142833,10063,0.1,33.4,-112.5,1.3599603290246456
2024-05-11 12:08:00,105031194,-0.5320079271543893,-0.7377881146082776,-0.3262277397005009,33.4122281035946,-112.50028495142833,10063,0.2,33.4,-112.5,1.3599603290246456
2024-05-11 12:09:00,105031194,-0.39112943512641996,-0.5516095180876162,-0.2306493521652237,33.4122281035946,-112.50028495142833,10063,0.1,33.4,-112.5,1.3599603290246456
2024-05-11 12:10:00,105031194,-0.18969093713934043,-0.30042399445766366,-0.0789578798210172,33.4122281035946,-112.50028495142833,10063,0.0,33.4,-112.5,1.3599603290246456
2024-05-11 12:11:00,105031194,-0.12002339478216559,-0.1892495847970831,-0.0507972047672481,33.4122281035946,-112.50028495142833,10063,0.0,33.4,-112.5,1.3599603290246456
2024-05-11 12:12:00,105031194,0.049191005338251215,0.01818064631925641,0.08020136435724602,33.4122281035946,-112.50028495142833,10063,0.1,33.4,-112.5,1.3599603290246456
2024-05-11 12:13:00,105031194,-0.10062028136965644,-0.14758773838629344,-0.053652824353019435,33.4122281035946,-112.50028495142833,10063,0.1,33.4,-112.5,1.3599603290246456
2024-05-11 12:14:00,105031194,-0.05198891385999675,-0.08744965057791249,-0.01652817714208102,33.4122281035946,-112.50028495142833,10063,0.2,33.4,-112.5,1.3599603290246456
2024-05-11 12:15:00,105031194,-0.1507876938031543,-0.21516174598233107,-0.08641364162397751,33.4122281035946,-112.50028495142833,10063,0.1,33.4,-112.5,1.3599603290246456
2024-05-11 12:16:00,105031194,-0.10336988326745636,-0.1479868905193674,-0.058752876015545324,33.4122281035946,-112.50028495142833,10063,0.0,33.4,-112.5,1.3599603290246456
2024-05-11 12:17:00,105031194,-0.24945198504118843,-0.34697579925860617,-0.1519281708237707,33.4122281035946,-112.50028495142833,10063,0.1,33.4,-112.5,1.3599603290246456
2024-05-11 12:18:00,105031194,-0.30159528250981094,-0.4170356027307764,-0.18615496228884548,33.4122281035946,-112.50028495142833,10063,0.1,33.4,-112.5,1.3599603290246456
2024-05-11 12:19:00,105031194,-0.22832063521564305,-0.31821964503409494,-0.1384216253971912,33.4122281035946,-112.50028495142833,10063,0.0,33.4,-112.5,1.3599603290246456
2024-05-11 12:20:00,105031194,-0.020655903014555218,-0.06634279799177648,0.025030991962666043,33.4122281035946,-112.50028495142833,10063,0.1,33.4,-112.5,1.3599603290246456
2024-05-11 12:21:00,105031194,0.11903463769762457,0.06156476368604724,0.1765045117092019,33.4122281035946,-112.50028495142833,10063,0.1,33.4,-112.5,1.3599603290246456
2024-05-11 12:22:00,105031194,0.17000942301141672,0.07442733970423777,0.2655915063185957,33.4122281035946,-112.50028495142833,10063,0.2,33.4,-112.5,1.3599603290246456
2024-05-11 12:23:00,105031194,0.07138136102309402,-0.00938434286109971,0.15214706490728774,33.4122281035946,-112.50028495142833,10063,0.2,33.4,-112.5,1.3599603290246456
2024-05-11 12:24:00,105031194,0.08849984681084816,0.011867741110025865,0.16513195251167045,33.4122281035946,-112.50028495142833,10063,0.2,33.4,-112.5,1.3599603290246456
2024-05-11 12:25:00,105031194,-0.020206904059392985,-0.03641449642100082,-0.0039993116977851476,33.4122281035946,-112.50028495142833,10063,0.1,33.4,-112.5,1.3599603290246456
2024-05-11 12:26:00,105031194,0.04141049737564688,0.011860252355905338,0.07096074239538842,33.4122281035946,-112.50028495142833,10063,0.2,33.4,-112.5,1.3599603290246456
2024-05-11 12:27:00,105031194,-0.15858808563167887,-0.22180297823635717,-0.09537319302700056,33.4122281035946,-112.50028495142833,10063,0.1,33.4,-112.5,1.3599603290246456
2024-05-11 12:28:00,105031194,-0.07651020446602595,-0.11401328372636035,-0.03900712520569156,33.4122281035946,-112.50028495142833,10063,0.0,33.4,-112.5,1.3599603290246456
2024-05-11 12:29:00,105031194,-0.15982622976874686,-0.2523823383148531,-0.06727012122264057,33.4122281035946,-112.50028495142833,10063,0.1,33.4,-112.5,1.3599603290246456
2024-05-11 12:30:00,105031194,-0.12993040332762656,-0.21215835494285923,-0.047702451712393915,33.4122281035946,-112.50028495142833,10063,-0.2,33.4,-112.5,1.3599603290246456
2024-05-11 12:31:00,105031194,-0.19012104803760463,-0.2924965321243001,-0.08774556395090914,33.4122281035946,-112.50028495142833,10063,0.0,33.4,-112.5,1.3599603290246456
2024-05-11 12:32:00,105031194,-0.38604331879939574,-0.5811307753854328,-0.19095586221335872,33.4122281035946,-112.50028495142833,10063,-0.1,33.4,-112.5,1.3599603290246456
2024-05-11 12:33:00,105031194,-0.5780238916112077,-0.8904833823701035,-0.2655644008523119,33.4122281035946,-112.50028495142833,10063,-0.3,33.4,-112.5,1.3599603290246456
2024-05-11 12:34:00,105031194,-0.4915424331673713,-0.7667880813687553,-0.21629678496598725,33.4122281035946,-112.50028495142833,10063,-0.2,33.4,-112.5,1.3599603290246456
2024-05-11 12:35:00,105031194,-0.2784016015270172,-0.4787299860362241,-0.07807321701781031,33.4122281035946,-112.50028495142833,10063,-0.3,33.4,-112.5,1.3599603290246456
2024-05-11 12:36:00,105031194,-0.6696545820225749,-0.9669253933351276,-0.3723837707100222,33.4122281035946,-112.50028495142833,10063,-0.2,33.4,-112.5,1.3599603290246456
2024-05-11 12:37:00,105031194,-0.6774849047356829,-0.9852986367835737,-0.3696711726877921,33.4122281035946,-112.50028495142833,10063,-0.2,33.4,-112.5,1.3599603290246456
2024-05-11 12:38:00,105031194,-0.578425432300956,-0.8119491424222489,-0.3449017221796631,33.4122281035946,-112.50028495142833,10063,0.0,33.4,-112.5,1.3599603290246456
2024-05-11 12:39:00,105031194,-0.5753223423783044,-0.7956310373926874,-0.3550136473639213,33.4122281035946,-112.50028495142833,10063,0.1,33.4,-112.5,1.3599603290246456
2024-05-11 12:40:00,105031194,-0.44386673418987066,-0.6154064562690472,-0.2723270121106941,33.4122281035946,-112.50028495142833,10063,0.0,33.4,-112.5,1.3599603290246456
2024-05-11 12:41:00,105031194,0.1461963154011427,0.0414678748051332,0.2509247559971522,33.4122281035946,-112.50028495142833,10063,0.1,33.4,-112.5,1.3599603290246456
2024-05-11 12:42:00,105031194,-0.5117240147221656,-0.7242204765126602,-0.2992275529316709,33.4122281035946,-112.50028495142833,10063,0.0,33.4,-112.5,1.3599603290246456
2024-05-11 12:43:00,105031194,-0.3023091674803343,-0.4301370804990121,-0.1744812544616565,33.4122281035946,-112.50028495142833,10063,0.2,33.4,-112.5,1.3599603290246456
2024-05-11 12:44:00,105031194,0.01174476906369153,-0.059901306744406524,0.08339084487178958,33.4122281035946,-112.50028495142833,10063,0.2,33.4,-112.5,1.3599603290246456
2024-05-11 12:45:00,105031194,0.03517976919884086,0.014838133030144026,0.05552140536753769,33.4122281035946,-112.50028495142833,10063,0.1,33.4,-112.5,1.3599603290246456
2024-05-11 12:46:00,105031194,0.13488683313420766,0.07909408636499615,0.19067957990341916,33.4122281035946,-112.50028495142833,10063,0.0,33.4,-112.5,1.3599603290246456
2024-05-11 12:47:00,105031194,0.2981988322129823,0.18218332253586828,0.41421434189009637,33.4122281035946,-112.50028495142833,10063,0.0,33.4,-112.5,1.3599603290246456
2024-05-11 12:48:00,105031194,0.24333382494523562,0.14654586420087834,0.3401217856895929,33.4122281035946,-112.50028495142833,10063,0.1,33.4,-112.5,1.3599603290246456
2024-05-11 12:49:00,105031194,0.1095484123312294,0.040256204477192095,0.1788406201852667,33.4122281035946,-112.50028495142833,10063,-0.1,33.4,-112.5,1.3599603290246456
2024-05-11 12:50:00,105031194,0.24009882591263318,0.13532464098443922,0.3448730108408271,33.4122281035946,-112.50028495142833,10063,0.0,33.4,-112.5,1.3599603290246456
2024-05-11 12:51:00,105031194,0.20452216568223217,0.11769005812065186,0.29135427324381247,33.4122281035946,-112.50028495142833,10063,0.0,33.4,-112.5,1.3599603290246456
2024-05-11 12:52:00,105031194,0.1887156196839566,0.11257502426600242,0.26485621510191076,33.4122281035946,-112.50028495142833,10063,0.1,33.4,-112.5,1.3599603290246456
2024-05-11 12:53:00,105031194,0.4119635351693122,0.2540308151506818,0.5698962551879426,33.4122281035946,-112.50028495142833,10063,-0.1,33.4,-112.5,1.3599603290246456
2024-05-11 12:54:00,105031194,0.09851349640012086,0.05828632306883142,0.1387406697314103,33.4122281035946,-112.50028495142833,10063,0.1,33.4,-112.5,1.3599603290246456
2024-05-11 12:55:00,105031194,0.11085626392748982,0.05695635584981474,0.1647561720051649,33.4122281035946,-112.50028495142833,10063,0.0,33.4,-112.5,1.3599603290246456
2024-05-11 12:56:00,105031194,-0.1710069429276413,-0.2768787157483979,-0.06513517010688467,33.4122281035946,-112.50028495142833,10063,0.1,33.4,-112.5,1.3599603290246456
2024-05-11 12:57:00,105031194,-0.10915681093529726,-0.22525936973618005,0.006945747865585536,33.4122281035946,-112.50028495142833,10063,-0.1,33.4,-112.5,1.3599603290246456
2024-05-11 12:58:00,105031194,-0.10602383854281304,-0.20462567121390104,-0.007422005871725035,33.4122281035946,-112.50028495142833,10063,-0.1,33.4,-112.5,1.3599603290246456
2024-05-11 12:59:00,105031194,-0.1369766031315895,-0.21828693427881046,-0.05566627198436851,33.4122281035946,-112.50028495142833,10063,0.0,33.4,-112.5,1.3599603290246456
2024-05-11 13:00:00,105031194,-0.2329860810475788,-0.3543782607189667,-0.1115939013761909,33.4122281035946,-112.50028495142833,10063,0.0,33.4,-112.5,1.3599603290246456
2024-05-11 13:01:00,105031194,-0.06422047017557654,-0.12289169217923906,-0.0055492481719140105,33.4122281035946,-112.50028495142833,10063,-0.1,33.4,-112.5,1.3599603290246456
2024-05-11 13:02:00,105031194,-0.10690701905553951,-0.1550101590048491,-0.058803879106229924,33.4122281035946,-112.50028495142833,10063,0.0,33.4,-112.5,1.3599603290246456
2024-05-11 13:03:00,105031194,0.007524153774288618,-0.01702356115537323,0.03207186870395047,33.4122281035946,-112.50028495142833,10063,0.1,33.4,-112.5,1.3599603290246456
2024-05-11 13:04:00,105031194,-0.133095883096762,-0.18797567521403363,-0.07821609097949041,33.4122281035946,-112.50028495142833,10063,0.0,33.4,-112.5,1.3599603290246456
2024-05-11 13:05:00,105031194,0.2110067664839346,0.12337517315145217,0.298638359816417,33.4122281035946,-112.50028495142833,10063,0.0,33.4,-112.5,1.3599603290246456
2024-05-11 13:06:00,105031194,0.3412454450516996,0.19313010284013316,0.4893607872632661,33.4122281035946,-112.50028495142833,10063,0.1,33.4,-112.5,1.3599603290246456
2024-05-11 13:07:00,105031194,0.06259558142995418,0.02135951758100784,0.10383164527890051,33.4122281035946,-112.50028495142833,10063,-0.1,33.4,-112.5,1.3599603290246456
2024-05-11 13:08:00,105031194,-0.036633241351166204,-0.05526660078134943,-0.01799988192098298,33.4122281035946,-112.50028495142833,10063,0.0,33.4,-112.5,1.3599603290246456
2024-05-11 13:09:00,105031194,0.18413530313876694,0.08760521196955685,0.28066539430797705,33.4122281035946,-112.50028495142833,10063,0.0,33.4,-112.5,1.3599603290246456
2024-05-11 13:10:00,105031194,0.09861416461641777,0.05869636055360727,0.13853196867922826,33.4122281035946,-112.50028495142833,10063,-0.1,33.4,-112.5,1.3599603290246456
2024-05-11 13:11:00,105031194,0.20786817643072522,0.12529138333578616,0.2904449695256643,33.4122281035946,-112.50028495142833,10063,-0.2,33.4,-112.5,1.3599603290246456
2024-05-11 13:12:00,105031194,0.4161352097502627,0.2503275535986972,0.5819428659018282,33.4122281035946,-112.50028495142833,10063,0.1,33.4,-112.5,1.3599603290246456
2024-05-11 13:13:00,105031194,0.4538937621192078,0.27388124657580437,0.6339062776626112,33.4122281035946,-112.50028495142833,10063,0.0,33.4,-112.5,1.3599603290246456
2024-05-11 13:14:00,105031194,0.5012025681690764,0.290746500239328,0.7116586360988247,33.4122281035946,-112.50028495142833,10063,-0.1,33.4,-112.5,1.3599603290246456
2024-05-11 13:15:00,105031194,0.13685519617975206,0.08489373479679146,0.18881665756271265,33.4122281035946,-112.50028495142833,10063,-0.1,33.4,-112.5,1.3599603290246456
2024-05-11 13:16:00,105031194,0.12827057802073646,0.061164401560839604,0.19537675448063332,33.4122281035946,-112.50028495142833,10063,0.1,33.4,-112.5,1.3599603290246456
2024-05-11 13:17:00,105031194,0.11921370541560172,0.06896913538143401,0.16945827544976944,33.4122281035946,-112.50028495142833,10063,0.1,33.4,-112.5,1.3599603290246456
2024-05-11 13:18:00,105031194,0.04982021842264211,-0.006969720343193882,0.1066101571884781,33.4122281035946,-112.50028495142833,10063,0.0,33.4,-112.5,1.3599603290246456
2024-05-11 13:19:00,105031194,0.21326975905444978,0.08632511926322306,0.3402143988456765,33.4122281035946,-112.50028495142833,10063,0.2,33.4,-112.5,1.3599603290246456
2024-05-11 13:20:00,105031194,-0.0647224232693919,-0.10323055774613481,-0.02621428879264899,33.4122281035946,-112.50028495142833,10063,0.1,33.4,-112.5,1.3599603290246456
2024-05-11 13:21:00,105031194,-0.26957705146388006,-0.37805670808342073,-0.16109739484433938,33.4122281035946,-112.50028495142833,10063,0.1,33.4,-112.5,1.3599603290246456
2024-05-11 13:22:00,105031194,-0.3200744363411626,-0.4511752549926822,-0.18897361768964302,33.4122281035946,-112.50028495142833,10063,0.2,33.4,-112.5,1.3599603290246456
2024-05-11 13:23:00,105031194,-0.10398448878586442,-0.1448396374492098,-0.06312934012251904,33.4122281035946,-112.50028495142833,10063,0.1,33.4,-112.5,1.3599603290246456
2024-05-11 13:24:00,105031194,0.026027206008955927,-0.025714558599424325,0.07776897061733617,33.4122281035946,-112.50028495142833,10063,0.1,33.4,-112.5,1.3599603290246456
2024-05-11 13:25:00,105031194,-0.24598351407114574,-0.3409816248706986,-0.1509854032715929,33.4122281035946,-112.50028495142833,10063,0.1,33.4,-112.5,1.3599603290246456
2024-05-11 13:26:00,105031194,-0.2969112358333772,-0.4138339538893346,-0.1799885177774198,33.4122281035946,-112.50028495142833,10063,0.1,33.4,-112.5,1.3599603290246456
2024-05-11 13:27:00,105031194,-0.22093142826754347,-0.30693401011126253,-0.13492884642382444,33.4122281035946,-112.50028495142833,10063,0.1,33.4,-112.5,1.3599603290246456
2024-05-11 13:28:00,105031194,0.028307676130399823,-0.009423261165955262,0.0660386134267549,33.4122281035946,-112.50028495142833,10063,0.0,33.4,-112.5,1.3599603290246456
2024-05-11 13:29:00,105031194,0.14351126374408396,0.03803821928815765,0.24898430820001027,33.4122281035946,-112.50028495142833,10063,0.1,33.4,-112.5,1.3599603290246456
2024-05-11 13:30:00,105031194,0.12475089953376685,0.04522548590576565,0.20427631316176803,33.4122281035946,-112.50028495142833,10063,0.0,33.4,-112.5,1.3599603290246456
2024-05-11 13:31:00,105031194,0.2962293466384596,0.08951376392184698,0.5029449293550723,33.4122281035946,-112.50028495142833,10063,0.2,33.4,-112.5,1.3599603290246456
2024-05-11 13:32:00,105031194,-0.010634043055031904,-0.0346606246663972,0.013392538556333397,33.4122281035946,-112.50028495142833,10063,0.1,33.4,-112.5,1.3599603290246456
2024-05-11 13:33:00,105031194,0.22584226199502783,0.1291305696849152,0.32255395430514044,33.4122281035946,-112.50028495142833,10063,0.1,33.4,-112.5,1.3599603290246456
2024-05-11 13:34:00,105031194,0.2725650176207796,0.06570621717817823,0.47942381806338097,33.4122281035946,-112.50028495142833,10063,0.2,33.4,-112.5,1.3599603290246456
2024-05-11 13:35:00,105031194,0.07757145130515591,-0.09245958940068466,0.2476024920109965,33.4122281035946,-112.50028495142833,10063,0.3,33.4,-112.5,1.3599603290246456
2024-05-11 13:36:00,105031194,-0.01762278728710953,-0.17383521322135778,0.13858963864713872,33.4122281035946,-112.50028495142833,10063,0.2,33.4,-112.5,1.3599603290246456
2024-05-11 13:37:00,105031194,-0.16975535197244176,-0.24415632116822,-0.09535438277666353,33.4122281035946,-112.50028495142833,10063,0.1,33.4,-112.5,1.3599603290246456
2024-05-11 13:38:00,105031194,-0.19730362463002862,-0.2950888091299986,-0.09951844013005866,33.4122281035946,-112.50028495142833,10063,0.1,33.4,-112.5,1.3599603290246456
2024-05-11 13:39:00,105031194,0.014394478109361467,-0.09917294746265821,0.12796190368138116,33.4122281035946,-112.50028495142833,10063,0.1,33.4,-112.5,1.3599603290246456
2024-05-11 13:40:00,105031194,0.04910894110856733,-0.031524384343379515,0.12974226656051419,33.4122281035946,-112.50028495142833,10063,0.0,33.4,-112.5,1.3599603290246456
2024-05-11 13:41:00,105031194,0.010493246757667243,-0.07602487818345553,0.09701137169879002,33.4122281035946,-112.50028495142833,10063,0.1,33.4,-112.5,1.3599603290246456
2024-05-11 13:42:00,105031194,0.28460081175254437,0.07084398524112531,0.4983576382639634,33.4122281035946,-112.50028495142833,10063,0.1,33.4,-112.5,1.3599603290246456
2024-05-11 13:43:00,105031194,0.30510693633774844,0.08772009882445303,0.5224937738510438,33.4122281035946,-112.50028495142833,10063,0.3,33.4,-112.5,1.3599603290246456
2024-05-11 13:44:00,105031194,0.37263927225929155,0.1733097619659702,0.571968782552613,33.4122281035946,-112.50028495142833,10063,0.0,33.4,-112.5,1.3599603290246456
2024-05-11 13:45:00,105031194,0.1613945271607569,0.029848723828520246,0.2929403304929935,33.4122281035946,-112.50028495142833,10063,0.0,33.4,-112.5,1.3599603290246456
2024-05-11 13:46:00,105031194,-0.15637781858714975,-0.22484960771881451,-0.087906029455485,33.4122281035946,-112.50028495142833,10063,-0.1,33.4,-112.5,1.3599603290246456
2024-05-11 13:47:00,105031194,-0.0035659544848618352,-0.02538435783488404,0.01825244886516037,33.4122281035946,-112.50028495142833,10063,-0.1,33.4,-112.5,1.3599603290246456
2024-05-11 13:48:00,105031194,-0.23759137252042242,-0.33357041864088277,-0.14161232639996207,33.4122281035946,-112.50028495142833,10063,0.1,33.4,-112.5,1.3599603290246456
2024-05-11 13:49:00,105031194,-0.034708073179332076,-0.10244556136561367,0.03302941500694951,33.4122281035946,-112.50028495142833,10063,0.1,33.4,-112.5,1.3599603290246456
2024-05-11 13:50:00,105031194,-0.17681301738203206,-0.25592950412563464,-0.0976965306384295,33.4122281035946,-112.50028495142833,10063,0.1,33.4,-112.5,1.3599603290246456
2024-05-11 13:51:00,105031194,-0.32306487438149917,-0.449191823007311,-0.19693792575568733,33.4122281035946,-112.50028495142833,10063,-0.1,33.4,-112.5,1.3599603290246456
2024-05-11 13:52:00,105031194,-0.1529550329664778,-0.22536311827844047,-0.08054694765451516,33.4122281035946,-112.50028495142833,10063,0.0,33.4,-112.5,1.3599603290246456
2024-05-11 13:53:00,105031194,-0.114073917057081,-0.182101467694479,-0.046046366419683016,33.4122281035946,-112.50028495142833,10063,0.1,33.4,-112.5,1.3599603290246456
2024-05-11 13:54:00,105031194,-0.19256165243199744,-0.26668095654083634,-0.11844234832315856,33.4122281035946,-112.50028495142833,10063,-0.2,33.4,-112.5,1.3599603290246456
2024-05-11 13:55:00,105031194,-0.20423903273778005,-0.28266713598038695,-0.12581092949517314,33.4122281035946,-112.50028495142833,10063,0.0,33.4,-112.5,1.3599603290246456
2024-05-11 13:56:00,105031194,-0.05793254918783242,-0.12606010203752296,0.010195003661858125,33.4122281035946,-112.50028495142833,10063,0.1,33.4,-112.5,1.3599603290246456
2024-05-11 13:57:00,105031194,0.039906724814737254,-0.030930602863479595,0.1107440524929541,33.4122281035946,-112.50028495142833,10063,0.0,33.4,-112.5,1.3599603290246456
2024-05-11 13:58:00,105031194,0.18250353103807024,0.1000414841580839,0.2649655779180566,33.4122281035946,-112.50028495142833,10063,0.0,33.4,-112.5,1.3599603290246456
2024-05-11 13:59:00,105031194,-0.008614498166846039,-0.026642152345974238,0.00941315601228216,33.4122281035946,-112.50028495142833,10063,-0.1,33.4,-112.5,1.3599603290246456
2024-05-11 14:00:00,105031194,-0.2591704808474334,-0.36887622187666314,-0.14946473981820363,33.4122281035946,-112.50028495142833,10063,-0.1,33.4,-112.5,1.3599603290246456
2024-05-11 14:01:00,105031194,-0.33418841021634954,-0.48938156363770124,-0.1789952567949978,33.4122281035946,-112.50028495142833,10063,-0.1,33.4,-112.5,1.3599603290246456
2024-05-11 14:02:00,105031194,-0.3965838507172607,-0.5582552328552157,-0.23491246857930564,33.4122281035946,-112.50028495142833,10063,-0.1,33.4,-112.5,1.3599603290246456
2024-05-11 14:03:00,105031194,-0.23979934125690533,-0.3462222823460446,-0.13337640016776608,33.4122281035946,-112.50028495142833,10063,-0.1,33.4,-112.5,1.3599603290246456
2024-05-11 14:04:00,105031194,-0.07255570329305597,-0.11881554133718848,-0.026295865248923453,33.4122281035946,-112.50028495142833,10063,-0.2,33.4,-112.5,1.3599603290246456
2024-05-11 14:05:00,105031194,-0.005387972719437511,-0.0603012795384507,0.04952533409957567,33.4122281035946,-112.50028495142833,10063,-0.2,33.4,-112.5,1.3599603290246456
2024-05-11 14:06:00,105031194,0.12987955040846927,0.07824628472453114,0.18151281609240738,33.4122281035946,-112.50028495142833,10063,-0.3,33.4,-112.5,1.3599603290246456
2024-05-11 14:07:00,105031194,0.15654714530413238,0.09469956520183459,0.21839472540643018,33.4122281035946,-112.50028495142833,10063,-0.2,33.4,-112.5,1.3599603290246456
2024-05-11 14:08:00,105031194,-0.08234372753142274,-0.15807566392205244,-0.00661179114079305,33.4122281035946,-112.50028495142833,10063,-0.2,33.4,-112.5,1.3599603290246456
2024-05-11 14:09:00,105031194,0.2183010720724898,0.13113680571589492,0.3054653384290847,33.4122281035946,-112.50028495142833,10063,-0.2,33.4,-112.5,1.3599603290246456
2024-05-11 14:10:00,105031194,0.10995380793590762,0.060183717153864495,0.15972389871795073,33.4122281035946,-112.50028495142833,10063,-0.2,33.4,-112.5,1.3599603290246456
2024-05-11 14:11:00,105031194,-0.06885491068157505,-0.18130086141441587,0.04359104005126575,33.4122281035946,-112.50028495142833,10063,-0.2,33.4,-112.5,1.3599603290246456
2024-05-11 14:12:00,105031194,0.14512288600747897,0.09042883208375421,0.19981693993120372,33.4122281035946,-112.50028495142833,10063,-0.1,33.4,-112.5,1.3599603290246456
2024-05-11 14:13:00,105031194,0.17821008269966843,0.11036669678582922,0.24605346861350763,33.4122281035946,-112.50028495142833,10063,-0.2,33.4,-112.5,1.3599603290246456
2024-05-11 14:14:00,105031194,0.2932550183084226,0.17747287206941517,0.40903716454743,33.4122281035946,-112.50028495142833,10063,-0.2,33.4,-112.5,1.3599603290246456
2024-05-11 14:15:00,105031194,0.004948564530552956,-0.09365551110779957,0.10355264016890547,33.4122281035946,-112.50028495142833,10063,-0.2,33.4,-112.5,1.3599603290246456
2024-05-11 14:16:00,105031194,0.2300035021265497,0.1417457438735303,0.31826126037956914,33.4122281035946,-112.50028495142833,10063,-0.2,33.4,-112.5,1.3599603290246456
2024-05-11 14:17:00,105031194,0.11482618493627933,0.029953023394263534,0.19969934647829513,33.4122281035946,-112.50028495142833,10063,-0.2,33.4,-112.5,1.3599603290246456
2024-05-11 14:18:00,105031194,0.07739446729364065,-0.04053699916392152,0.19532593375120283,33.4122281035946,-112.50028495142833,10063,-0.5,33.4,-112.5,1.3599603290246456
2024-05-11 14:19:00,105031194,0.5509642186320216,0.3417423043189055,0.7601861329451377,33.4122281035946,-112.50028495142833,10063,-0.2,33.4,-112.5,1.3599603290246456
2024-05-11 14:20:00,105031194,0.4931243802222393,0.3050877763084324,0.6811609841360462,33.4122281035946,-112.50028495142833,10063,-0.4,33.4,-112.5,1.3599603290246456
2024-05-11 14:21:00,105031194,0.4620881862751673,0.2836857452946759,0.6404906272556588,33.4122281035946,-112.50028495142833,10063,0.0,33.4,-112.5,1.3599603290246456
2024-05-11 14:22:00,105031194,0.4745251531327577,0.2533393299695369,0.6957109762959786,33.4122281035946,-112.50028495142833,10063,-0.5,33.4,-112.5,1.3599603290246456
2024-05-11 14:23:00,105031194,0.3547728597968443,0.17891136849950584,0.5306343510941828,33.4122281035946,-112.50028495142833,10063,-0.4,33.4,-112.5,1.3599603290246456
2024-05-11 14:24:00,105031194,0.08999221627643526,-0.10390428119151031,0.28388871374438085,33.4122281035946,-112.50028495142833,10063,-0.4,33.4,-112.5,1.3599603290246456
2024-05-11 14:25:00,105031194,0.2886269331564263,0.145510199060647,0.4317436672522056,33.4122281035946,-112.50028495142833,10063,-0.3,33.4,-112.5,1.3599603290246456
2024-05-11 14:26:00,105031194,0.15852193314352198,0.0016098448685170075,0.31543402141852694,33.4122281035946,-112.50028495142833,10063,-0.4,33.4,-112.5,1.3599603290246456
2024-05-11 14:27:00,105031194,0.06778622084991064,-0.057238128329594365,0.19281057002941565,33.4122281035946,-112.50028495142833,10063,-0.2,33.4,-112.5,1.3599603290246456
2024-05-11 14:28:00,105031194,0.1915095219125138,0.05933778561114897,0.3236812582138786,33.4122281035946,-112.50028495142833,10063,-0.2,33.4,-112.5,1.3599603290246456
2024-05-11 14:29:00,105031194,0.2905679057932279,0.13572912581532437,0.4454066857711314,33.4122281035946,-112.50028495142833,10063,-0.3,33.4,-112.5,1.3599603290246456
2024-05-11 14:30:00,105031194,0.3415412882338266,0.1996139956946746,0.4834685807729786,33.4122281035946,-112.50028495142833,10063,-0.3,33.4,-112.5,1.3599603290246456
2024-05-11 14:31:00,105031194,0.1127570510863351,0.006263097443876986,0.21925100472879322,33.4122281035946,-112.50028495142833,10063,-0.2,33.4,-112.5,1.3599603290246456
2024-05-11 14:32:00,105031194,0.14221767055522533,0.022829681048925576,0.2616056600615251,33.4122281035946,-112.50028495142833,10063,-0.3,33.4,-112.5,1.3599603290246456
2024-05-11 14:33:00,105031194,0.38411482654157136,0.2368382930129418,0.5313913600702009,33.4122281035946,-112.50028495142833,10063,-0.2,33.4,-112.5,1.3599603290246456
2024-05-11 14:34:00,105031194,0.37577188182108684,0.2332801877737102,0.5182635758684635,33.4122281035946,-112.50028495142833,10063,-0.1,33.4,-112.5,1.3599603290246456
2024-05-11 14:35:00,105031194,0.2324598422694139,0.12951953036083874,0.3354001541779891,33.4122281035946,-112.50028495142833,10063,-0.3,33.4,-112.5,1.3599603290246456
2024-05-11 14:36:00,105031194,0.30801360570547875,0.19146143402313104,0.42456577738782647,33.4122281035946,-112.50028495142833,10063,-0.1,33.4,-112.5,1.3599603290246456
2024-05-11 14:37:00,105031194,0.2058573692131386,0.12310396269143989,0.2886107757348373,33.4122281035946,-112.50028495142833,10063,0.0,33.4,-112.5,1.3599603290246456
2024-05-11 14:38:00,105031194,0.24608898164709112,0.1523289731412524,0.3398489901529298,33.4122281035946,-112.50028495142833,10063,0.0,33.4,-112.5,1.3599603290246456
2024-05-11 14:39:00,105031194,0.14733790502624405,0.06032544921777176,0.23435036083471633,33.4122281035946,-112.50028495142833,10063,-0.2,33.4,-112.5,1.3599603290246456
2024-05-11 14:40:00,105031194,0.22293897612687938,0.1361741610055654,0.30970379124819336,33.4122281035946,-112.50028495142833,10063,-0.2,33.4,-112.5,1.3599603290246456
2024-05-11 14:41:00,105031194,-0.07135631450016301,-0.13793578863754358,-0.004776840362782461,33.4122281035946,-112.50028495142833,10063,0.0,33.4,-112.5,1.3599603290246456
2024-05-11 14:42:00,105031194,0.0015064818850319774,-0.04174731570564892,0.04476027947571287,33.4122281035946,-112.50028495142833,10063,-0.2,33.4,-112.5,1.3599603290246456
2024-05-11 14:43:00,105031194,0.08854190309889111,0.04762818659487013,0.12945561960291208,33.4122281035946,-112.50028495142833,10063,0.1,33.4,-112.5,1.3599603290246456
2024-05-11 14:44:00,105031194,0.05878744452023109,-0.028648419205919054,0.14622330824638125,33.4122281035946,-112.50028495142833,10063,-0.2,33.4,-112.5,1.3599603290246456
2024-05-11 14:45:00,105031194,-0.03987297460913569,-0.05922417716501034,-0.02052177205326104,33.4122281035946,-112.50028495142833,10063,0.0,33.4,-112.5,1.3599603290246456
2024-05-11 14:46:00,105031194,-0.08018357545749534,-0.11329221530820716,-0.04707493560678352,33.4122281035946,-112.50028495142833,10063,0.1,33.4,-112.5,1.3599603290246456
2024-05-11 14:47:00,105031194,-0.04989029929730945,-0.15966652579106747,0.059885927196448564,33.4122281035946,-112.50028495142833,10063,0.2,33.4,-112.5,1.3599603290246456
2024-05-11 14:48:00,105031194,0.002563694645634638,-0.07211283670073536,0.07724022599200463,33.4122281035946,-112.50028495142833,10063,0.1,33.4,-112.5,1.3599603290246456
2024-05-11 14:49:00,105031194,-0.12825621477034138,-0.18226720436944321,-0.07424522517123955,33.4122281035946,-112.50028495142833,10063,0.1,33.4,-112.5,1.3599603290246456
2024-05-11 14:50:00,105031194,-0.2547452108231945,-0.3884623454381103,-0.12102807620827874,33.4122281035946,-112.50028495142833,10063,-0.1,33.4,-112.5,1.3599603290246456
2024-05-11 14:51:00,105031194,-0.006063959390629312,-0.039051368141456794,0.02692344936019817,33.4122281035946,-112.50028495142833,10063,0.0,33.4,-112.5,1.3599603290246456
2024-05-11 14:52:00,105031194,-0.11152288644724624,-0.1697798573545063,-0.05326591553998619,33.4122281035946,-112.50028495142833,10063,0.0,33.4,-112.5,1.3599603290246456
2024-05-11 14:53:00,105031194,0.389021126548748,0.21763024094992348,0.5604120121475725,33.4122281035946,-112.50028495142833,10063,0.0,33.4,-112.5,1.3599603290246456
2024-05-11 14:54:00,105031194,0.3810885368209136,0.22156226765699955,0.5406148059848277,33.4122281035946,-112.50028495142833,10063,0.1,33.4,-112.5,1.3599603290246456
2024-05-11 14:55:00,105031194,0.23723204157234667,0.08573228642740616,0.3887317967172872,33.4122281035946,-112.50028495142833,10063,0.1,33.4,-112.5,1.3599603290246456
2024-05-11 14:56:00,105031194,0.09960695318339385,0.015456790375480922,0.18375711599130679,33.4122281035946,-112.50028495142833,10063,0.2,33.4,-112.5,1.3599603290246456
2024-05-11 14:57:00,105031194,0.10270617101307203,-0.03850454959514368,0.24391689162128774,33.4122281035946,-112.50028495142833,10063,0.2,33.4,-112.5,1.3599603290246456
2024-05-11 14:58:00,105031194,0.18436924314807943,0.039704843459756084,0.3290336428364028,33.4122281035946,-112.50028495142833,10063,0.2,33.4,-112.5,1.3599603290246456
2024-05-11 14:59:00,105031194,0.2819456270117462,0.1029118201720586,0.4609794338514338,33.4122281035946,-112.50028495142833,10063,0.2,33.4,-112.5,1.3599603290246456
2024-05-11 15:00:00,105031194,0.11615605712447398,-0.02229947805881681,0.25461159230776476,33.4122281035946,-112.50028495142833,10063,0.2,33.4,-112.5,1.3599603290246456
2024-05-11 15:01:00,105031194,0.012565351075748762,-0.13991423724664914,0.16504493939814668,33.4122281035946,-112.50028495142833,10063,0.3,33.4,-112.5,1.3599603290246456
2024-05-11 15:02:00,105031194,0.2293841931982057,0.04736439992773117,0.4114039864686802,33.4122281035946,-112.50028495142833,10063,0.2,33.4,-112.5,1.3599603290246456
2024-05-11 15:03:00,105031194,-0.19535880257086105,-0.3323864742785025,-0.058331130863219616,33.4122281035946,-112.50028495142833,10063,0.1,33.4,-112.5,1.3599603290246456
2024-05-11 15:04:00,105031194,-0.30382227920518634,-0.4248379462359804,-0.18280661217439226,33.4122281035946,-112.50028495142833,10063,0.3,33.4,-112.5,1.3599603290246456
2024-05-11 15:05:00,105031194,-0.2655122264668831,-0.38684462503110867,-0.14417982790265754,33.4122281035946,-112.50028495142833,10063,0.1,33.4,-112.5,1.3599603290246456
2024-05-11 15:06:00,105031194,-0.3435730668330999,-0.48125601483246727,-0.2058901188337325,33.4122281035946,-112.50028495142833,10063,0.2,33.4,-112.5,1.3599603290246456
2024-05-11 15:07:00,105031194,-0.21324410911822775,-0.33645923605670247,-0.09002898217975301,33.4122281035946,-112.50028495142833,10063,0.1,33.4,-112.5,1.3599603290246456
2024-05-11 15:08:00,105031194,-0.33094268865045395,-0.470969203654675,-0.1909161736462329,33.4122281035946,-112.50028495142833,10063,0.2,33.4,-112.5,1.3599603290246456
2024-05-11 15:09:00,105031194,-0.4278662054143603,-0.5920648027561948,-0.2636676080725259,33.4122281035946,-112.50028495142833,10063,0.1,33.4,-112.5,1.3599603290246456
2024-05-11 15:10:00,105031194,-0.3025251231360527,-0.46422872614547384,-0.14082152012663152,33.4122281035946,-112.50028495142833,10063,0.2,33.4,-112.5,1.3599603290246456
2024-05-11 15:11:00,105031194,-0.4559057561872074,-0.6396546133442725,-0.2721568990301423,33.4122281035946,-112.50028495142833,10063,0.1,33.4,-112.5,1.3599603290246456
2024-05-11 15:12:00,105031194,-0.11889268817719653,-0.2715338970331259,0.03374852067873285,33.4122281035946,-112.50028495142833,10063,0.2,33.4,-112.5,1.3599603290246456
2024-05-11 15:13:00,105031194,-0.015968791164989813,-0.14357691631561126,0.11163933398563164,33.4122281035946,-112.50028495142833,10063,0.1,33.4,-112.5,1.3599603290246456
2024-05-11 15:14:00,105031194,0.01663686065197347,-0.08858620857216373,0.12185992987611066,33.4122281035946,-112.50028495142833,10063,0.1,33.4,-112.5,1.3599603290246456
2024-05-11 15:15:00,105031194,0.025877135136731493,-0.03581131477646296,0.08756558504992595,33.4122281035946,-112.50028495142833,10063,-0.1,33.4,-112.5,1.3599603290246456
2024-05-11 15:16:00,105031194,0.07832067111378097,-0.019775446601516436,0.17641678882907835,33.4122281035946,-112.50028495142833,10063,0.0,33.4,-112.5,1.3599603290246456
2024-05-11 15:17:00,105031194,-0.13048186014419658,-0.20225123815254953,-0.05871248213584361,33.4122281035946,-112.50028495142833,10063,0.1,33.4,-112.5,1.3599603290246456
2024-05-11 15:18:00,105031194,-0.136475794504567,-0.20257922083652025,-0.07037236817261376,33.4122281035946,-112.50028495142833,10063,0.0,33.4,-112.5,1.3599603290246456
2024-05-11 15:19:00,105031194,-0.02788244818688404,-0.06698235611363129,0.011217459739863204,33.4122281035946,-112.50028495142833,10063,-0.1,33.4,-112.5,1.3599603290246456
2024-05-11 15:20:00,105031194,0.07704104129836999,0.013204206844906821,0.14087787575183314,33.4122281035946,-112.50028495142833,10063,0.0,33.4,-112.5,1.3599603290246456
2024-05-11 15:21:00,105031194,0.06073314405774655,0.033096294976566173,0.08836999313892693,33.4122281035946,-112.50028495142833,10063,-0.2,33.4,-112.5,1.3599603290246456
2024-05-11 15:22:00,105031194,0.029509366427289723,-0.00500902115467489,0.06402775400925434,33.4122281035946,-112.50028495142833,10063,0.0,33.4,-112.5,1.3599603290246456
2024-05-11 15:23:00,105031194,0.04552789427789936,-0.042248616115809316,0.13330440467160803,33.4122281035946,-112.50028495142833,10063,0.1,33.4,-112.5,1.3599603290246456
2024-05-11 15:24:00,105031194,-0.05126322182269932,-0.11836567031833518,0.015839226672936538,33.4122281035946,-112.50028495142833,10063,0.2,33.4,-112.5,1.3599603290246456
2024-05-11 15:25:00,105031194,-0.021445929242679056,-0.039371132078363305,-0.003520726406994811,33.4122281035946,-112.50028495142833,10063,0.0,33.4,-112.5,1.3599603290246456
2024-05-11 15:26:00,105031194,0.07100805908026941,0.0323662601900585,0.10964985797048032,33.4122281035946,-112.50028495142833,10063,0.0,33.4,-112.5,1.3599603290246456
2024-05-11 15:27:00,105031194,0.08130917045927342,0.047217300153762326,0.11540104076478452,33.4122281035946,-112.50028495142833,10063,-0.1,33.4,-112.5,1.3599603290246456
2024-05-11 15:28:00,105031194,-0.042542756033855905,-0.07266923337611228,-0.012416278691599534,33.4122281035946,-112.50028495142833,10063,-0.1,33.4,-112.5,1.3599603290246456
2024-05-11 15:29:00,105031194,-0.03666157793038126,-0.08196439588485296,0.008641240024090453,33.4122281035946,-112.50028495142833,10063,-0.1,33.4,-112.5,1.3599603290246456
2024-05-11 15:30:00,105031194,-0.21883592584210082,-0.3037007112509881,-0.13397114043321356,33.4122281035946,-112.50028495142833,10063,0.1,33.4,-112.5,1.3599603290246456
2024-05-11 15:31:00,105031194,-0.20952214971931657,-0.3000052025083745,-0.11903909693025869,33.4122281035946,-112.50028495142833,10063,0.0,33.4,-112.5,1.3599603290246456
2024-05-11 15:32:00,105031194,-0.20873263923545837,-0.361122615488532,-0.056342662982384745,33.4122281035946,-112.50028495142833,10063,-0.3,33.4,-112.5,1.3599603290246456
2024-05-11 15:33:00,105031194,-0.2562846429459284,-0.3677661235006143,-0.14480316239124252,33.4122281035946,-112.50028495142833,10063,0.2,33.4,-112.5,1.3599603290246456
2024-05-11 15:34:00,105031194,-0.3178847567610125,-0.43921070942433904,-0.19655880409768603,33.4122281035946,-112.50028495142833,10063,0.1,33.4,-112.5,1.3599603290246456
2024-05-11 15:35:00,105031194,-0.15364274393795127,-0.2147156635161501,-0.09256982435975245,33.4122281035946,-112.50028495142833,10063,0.1,33.4,-112.5,1.3599603290246456
2024-05-11 15:36:00,105031194,-0.22557707556656428,-0.3128771609316064,-0.13827699020152218,33.4122281035946,-112.50028495142833,10063,0.0,33.4,-112.5,1.3599603290246456
2024-05-11 15:37:00,105031194,-0.10013578079490897,-0.15154682239960965,-0.04872473919020828,33.4122281035946,-112.50028495142833,10063,-0.1,33.4,-112.5,1.3599603290246456
2024-05-11 15:38:00,105031194,-0.10706404377157826,-0.15009132405703327,-0.06403676348612325,33.4122281035946,-112.50028495142833,10063,-0.2,33.4,-112.5,1.3599603290246456
2024-05-11 15:39:00,105031194,-0.06060533978103778,-0.09491830949575905,-0.026292370066316503,33.4122281035946,-112.50028495142833,10063,-0.1,33.4,-112.5,1.3599603290246456
2024-05-11 15:40:00,105031194,-0.07766035629156204,-0.12028474673107109,-0.03503596585205298,33.4122281035946,-112.50028495142833,10063,0.0,33.4,-112.5,1.3599603290246456
2024-05-11 15:41:00,105031194,-0.01805404961075389,-0.04970294540047421,0.013594846178966422,33.4122281035946,-112.50028495142833,10063,-0.1,33.4,-112.5,1.3599603290246456
2024-05-11 15:42:00,105031194,0.1167810015289351,0.07064015769834664,0.16292184535952356,33.4122281035946,-112.50028495142833,10063,-0.1,33.4,-112.5,1.3599603290246456
2024-05-11 15:43:00,105031194,-0.05134224528152838,-0.11863211238765624,0.01594762182459948,33.4122281035946,-112.50028495142833,10063,-0.1,33.4,-112.5,1.3599603290246456
2024-05-11 15:44:00,105031194,-0.16521905463791095,-0.27078143891337103,-0.05965667036245084,33.4122281035946,-112.50028495142833,10063,-0.2,33.4,-112.5,1.3599603290246456
2024-05-11 15:45:00,105031194,-0.04230985217131056,-0.06526949282988623,-0.019350211512734885,33.4122281035946,-112.50028495142833,10063,0.0,33.4,-112.5,1.3599603290246456
2024-05-11 15:46:00,105031194,-0.2609212511670741,-0.4482478164448339,-0.07359468588931431,33.4122281035946,-112.50028495142833,10063,-0.3,33.4,-112.5,1.3599603290246456
2024-05-11 15:47:00,105031194,-0.2652320243525587,-0.38879293244305907,-0.14167111626205836,33.4122281035946,-112.50028495142833,10063,-0.2,33.4,-112.5,1.3599603290246456
2024-05-11 15:48:00,105031194,-0.4797076085082869,-0.661625601649975,-0.29778961536659887,33.4122281035946,-112.50028495142833,10063,0.1,33.4,-112.5,1.3599603290246456
2024-05-11 15:49:00,105031194,-0.07891647922829784,-0.1232909003549599,-0.03454205810163576,33.4122281035946,-112.50028495142833,10063,0.1,33.4,-112.5,1.3599603290246456
2024-05-11 15:50:00,105031194,-0.08443682108606611,-0.1388247276120519,-0.03004891456008031,33.4122281035946,-112.50028495142833,10063,-0.2,33.4,-112.5,1.3599603290246456
2024-05-11 15:51:00,105031194,0.14295349607746266,0.03474853856740516,0.25115845358752015,33.4122281035946,-112.50028495142833,10063,-0.3,33.4,-112.5,1.3599603290246456
2024-05-11 15:52:00,105031194,0.05172146028900287,-0.14364163660729803,0.24708455718530378,33.4122281035946,-112.50028495142833,10063,-0.5,33.4,-112.5,1.3599603290246456
2024-05-11 15:53:00,105031194,0.02336356027651225,-0.07584844155997116,0.12257556211299565,33.4122281035946,-112.50028495142833,10063,-0.3,33.4,-112.5,1.3599603290246456
2024-05-11 15:54:00,105031194,-0.022257758202825318,-0.08626438469018002,0.041748868284529395,33.4122281035946,-112.50028495142833,10063,-0.2,33.4,-112.5,1.3599603290246456
2024-05-11 15:55:00,105031194,0.0934921353523658,0.025721489278052137,0.16126278142667944,33.4122281035946,-112.50028495142833,10063,-0.2,33.4,-112.5,1.3599603290246456
2024-05-11 15:56:00,105031194,0.024784267609437593,-0.057576759967793226,0.10714529518666842,33.4122281035946,-112.50028495142833,10063,-0.2,33.4,-112.5,1.3599603290246456
2024-05-11 15:57:00,105031194,-0.046493566102630245,-0.19011004462609146,0.09712291242083096,33.4122281035946,-112.50028495142833,10063,-0.3,33.4,-112.5,1.3599603290246456
2024-05-11 15:58:00,105031194,-0.165417057892182,-0.2559020625077373,-0.07493205327662675,33.4122281035946,-112.50028495142833,10063,-0.1,33.4,-112.5,1.3599603290246456
2024-05-11 15:59:00,105031194,0.03169403431277038,1.4631496831528368e-05,0.06337343712870924,33.4122281035946,-112.50028495142833,10063,0.1,33.4,-112.5,1.3599603290246456
2024-05-11 16:00:00,105031194,0.02116045724296942,0.0015485068670433796,0.04077240761889546,33.4122281035946,-112.50028495142833,10063,-0.1,33.4,-112.5,1.3599603290246456
2024-05-11 16:01:00,105031194,-0.11900424195479437,-0.24816954909515884,0.010161065185570112,33.4122281035946,-112.50028495142833,10063,-0.2,33.4,-112.5,1.3599603290246456
2024-05-11 16:02:00,105031194,-0.07395525454522524,-0.1101909501848101,-0.03771955890564039,33.4122281035946,-112.50028495142833,10063,-0.2,33.4,-112.5,1.3599603290246456
2024-05-11 16:03:00,105031194,-0.10743947492160819,-0.15110808204586546,-0.06377086779735093,33.4122281035946,-112.50028495142833,10063,-0.1,33.4,-112.5,1.3599603290246456
2024-05-11 16:04:00,105031194,-0.1463852838302652,-0.20643780836982875,-0.08633275929070164,33.4122281035946,-112.50028495142833,10063,0.0,33.4,-112.5,1.3599603290246456
2024-05-11 16:05:00,105031194,-0.13837875510078101,-0.20371963608829907,-0.07303787411326296,33.4122281035946,-112.50028495142833,10063,-0.1,33.4,-112.5,1.3599603290246456
2024-05-11 16:06:00,105031194,-0.2834624420748767,-0.39921030936268836,-0.16771457478706503,33.4122281035946,-112.50028495142833,10063,0.0,33.4,-112.5,1.3599603290246456
2024-05-11 16:07:00,105031194,-0.25999652122831285,-0.3603932439089924,-0.15959979854763331,33.4122281035946,-112.50028495142833,10063,0.1,33.4,-112.5,1.3599603290246456
2024-05-11 16:08:00,105031194,-0.13387845412572438,-0.23004050808337723,-0.03771640016807154,33.4122281035946,-112.50028495142833,10063,-0.1,33.4,-112.5,1.3599603290246456
2024-05-11 16:09:00,105031194,-0.045194508520484976,-0.12562769045346936,0.0352386734124994,33.4122281035946,-112.50028495142833,10063,-0.2,33.4,-112.5,1.3599603290246456
2024-05-11 16:10:00,105031194,-0.01918001426069291,-0.08352522913205666,0.04516520061067085,33.4122281035946,-112.50028495142833,10063,-0.2,33.4,-112.5,1.3599603290246456
2024-05-11 16:11:00,105031194,0.03519464875029927,0.01218370624004442,0.05820559126055412,33.4122281035946,-112.50028495142833,10063,0.0,33.4,-112.5,1.3599603290246456
2024-05-11 16:12:00,105031194,-0.071780101154268,-0.11654998356315624,-0.02701021874537976,33.4122281035946,-112.50028495142833,10063,0.0,33.4,-112.5,1.3599603290246456
2024-05-11 16:13:00,105031194,-0.020000217841554428,-0.036367595367952324,-0.0036328403151565276,33.4122281035946,-112.50028495142833,10063,0.0,33.4,-112.5,1.3599603290246456
2024-05-11 16:14:00,105031194,-0.01813834293798186,-0.05600574370935695,0.01972905783339323,33.4122281035946,-112.50028495142833,10063,0.0,33.4,-112.5,1.3599603290246456
2024-05-11 16:15:00,105031194,0.08830096072781093,0.0535723239221627,0.12302959753345917,33.4122281035946,-112.50028495142833,10063,0.0,33.4,-112.5,1.3599603290246456
2024-05-11 16:16:00,105031194,0.20608282898246943,0.12539979823897418,0.2867658597259647,33.4122281035946,-112.50028495142833,10063,-0.1,33.4,-112.5,1.3599603290246456
2024-05-11 16:17:00,105031194,0.044838856053695995,-0.01370720731857384,0.10338491942596584,33.4122281035946,-112.50028495142833,10063,-0.1,33.4,-112.5,1.3599603290246456
2024-05-11 16:18:00,105031194,-0.08164512151490458,-0.13585672067491422,-0.02743352235489495,33.4122281035946,-112.50028495142833,10063,0.0,33.4,-112.5,1.3599603290246456
2024-05-11 16:19:00,105031194,-0.09434729797156019,-0.14661197362189005,-0.04208262232123034,33.4122281035946,-112.50028495142833,10063,-0.1,33.4,-112.5,1.3599603290246456
2024-05-11 16:20:00,105031194,0.0049787445826139235,-0.012162577484791201,0.022120066650019046,33.4122281035946,-112.50028495142833,10063,-0.1,33.4,-112.5,1.3599603290246456
2024-05-11 16:21:00,105031194,-0.08285612214641426,-0.11680501647741048,-0.04890722781541804,33.4122281035946,-112.50028495142833,10063,0.1,33.4,-112.5,1.3599603290246456
2024-05-11 16:22:00,105031194,-0.046279659918830644,-0.08171870644871781,-0.010840613388943474,33.4122281035946,-112.50028495142833,10063,0.0,33.4,-112.5,1.3599603290246456
2024-05-11 16:23:00,105031194,-0.14795792605587862,-0.20498405704530154,-0.09093179506645573,33.4122281035946,-112.50028495142833,10063,0.0,33.4,-112.5,1.3599603290246456
2024-05-11 16:24:00,105031194,-0.3203312433453132,-0.44523359610091073,-0.1954288905897157,33.4122281035946,-112.50028495142833,10063,0.0,33.4,-112.5,1.3599603290246456
2024-05-11 16:25:00,105031194,-0.07996895052737703,-0.13213699253833633,-0.02780090851641774,33.4122281035946,-112.50028495142833,10063,-0.1,33.4,-112.5,1.3599603290246456
2024-05-11 16:26:00,105031194,-0.12499990867174238,-0.1879490574286323,-0.062050759914852455,33.4122281035946,-112.50028495142833,10063,0.0,33.4,-112.5,1.3599603290246456
2024-05-11 16:27:00,105031194,-0.2299449173896982,-0.3253405644473752,-0.1345492703320212,33.4122281035946,-112.50028495142833,10063,0.0,33.4,-112.5,1.3599603290246456
2024-05-11 16:28:00,105031194,-0.2458207251756151,-0.35258755792689844,-0.13905389242433178,33.4122281035946,-112.50028495142833,10063,0.0,33.4,-112.5,1.3599603290246456
2024-05-11 16:29:00,105031194,-0.10377759805047199,-0.14492545359880632,-0.06262974250213765,33.4122281035946,-112.50028495142833,10063,0.0,33.4,-112.5,1.3599603290246456
2024-05-11 16:30:00,105031194,-0.12597223809619146,-0.17393518586776086,-0.07800929032462206,33.4122281035946,-112.50028495142833,10063,0.1,33.4,-112.5,1.3599603290246456
2024-05-11 16:31:00,105031194,-0.07773100067966414,-0.11307488169748466,-0.04238711966184362,33.4122281035946,-112.50028495142833,10063,-0.1,33.4,-112.5,1.3599603290246456
2024-05-11 16:32:00,105031194,-0.10443172937861286,-0.14599763259357396,-0.06286582616365176,33.4122281035946,-112.50028495142833,10063,-0.1,33.4,-112.5,1.3599603290246456
2024-05-11 16:33:00,105031194,-0.19607879156710692,-0.29746793406401056,-0.09468964907020329,33.4122281035946,-112.50028495142833,10063,0.2,33.4,-112.5,1.3599603290246456
2024-05-11 16:34:00,105031194,-0.47826165788081054,-0.67250159104625,-0.2840217247153712,33.4122281035946,-112.50028495142833,10063,0.3,33.4,-112.5,1.3599603290246456
2024-05-11 16:35:00,105031194,0.012986701495950123,0.002579319577768205,0.02339408341413204,33.4122281035946,-112.50028495142833,10063,0.0,33.4,-112.5,1.3599603290246456
2024-05-11 16:36:00,105031194,0.043292619361493145,0.024878765104937015,0.061706473618049276,33.4122281035946,-112.50028495142833,10063,0.0,33.4,-112.5,1.3599603290246456
2024-05-11 16:37:00,105031194,-0.013701611137288896,-0.023719396774459858,-0.003683825500117935,33.4122281035946,-112.50028495142833,10063,-0.1,33.4,-112.5,1.3599603290246456
2024-05-11 16:38:00,105031194,0.010709189824283066,0.0018729058699510602,0.019545473778615072,33.4122281035946,-112.50028495142833,10063,0.0,33.4,-112.5,1.3599603290246456
2024-05-11 16:39:00,105031194,0.06808095505545125,0.039953694449725616,0.09620821566117689,33.4122281035946,-112.50028495142833,10063,0.0,33.4,-112.5,1.3599603290246456
2024-05-11 16:40:00,105031194,-0.08615448870033815,-0.138579274415201,-0.03372970298547532,33.4122281035946,-112.50028495142833,10063,0.0,33.4,-112.5,1.3599603290246456
2024-05-11 16:41:00,105031194,0.2625068717526463,0.15496928291537523,0.37004446058991736,33.4122281035946,-112.50028495142833,10063,-0.1,33.4,-112.5,1.3599603290246456
2024-05-11 16:42:00,105031194,0.9731635927948588,0.5527422661119608,1.3935849194777568,33.4122281035946,-112.50028495142833,10063,0.0,33.4,-112.5,1.3599603290246456
2024-05-11 16:43:00,105031194,0.14726416062199532,0.08249118470288988,0.21203713654110076,33.4122281035946,-112.50028495142833,10063,-0.1,33.4,-112.5,1.3599603290246456
2024-05-11 16:44:00,105031194,0.3691213410872882,0.18455700436273556,0.5536856778118409,33.4122281035946,-112.50028495142833,10063,0.1,33.4,-112.5,1.3599603290246456
2024-05-11 16:45:00,105031194,-0.22234122237111242,-0.3095945062045992,-0.13508793853762563,33.4122281035946,-112.50028495142833,10063,0.1,33.4,-112.5,1.3599603290246456
2024-05-11 16:46:00,105031194,-0.7659983041143059,-1.0621265799843749,-0.46987002824423685,33.4122281035946,-112.50028495142833,10063,0.2,33.4,-112.5,1.3599603290246456
2024-05-11 16:47:00,105031194,-0.10830886467452013,-0.18087812624518562,-0.03573960310385463,33.4122281035946,-112.50028495142833,10063,0.2,33.4,-112.5,1.3599603290246456
2024-05-11 16:48:00,105031194,-0.0994584421897984,-0.14262785121531824,-0.056289033164278565,33.4122281035946,-112.50028495142833,10063,0.1,33.4,-112.5,1.3599603290246456
2024-05-11 16:49:00,105031194,0.0322086903002413,0.017213624955668187,0.04720375564481442,33.4122281035946,-112.50028495142833,10063,0.1,33.4,-112.5,1.3599603290246456
2024-05-11 16:50:00,105031194,-0.2311107149828496,-0.3226982524486593,-0.1395231775170399,33.4122281035946,-112.50028495142833,10063,0.1,33.4,-112.5,1.3599603290246456
2024-05-11 16:51:00,105031194,-0.08527044686757233,-0.11954675666395623,-0.050994137071188446,33.4122281035946,-112.50028495142833,10063,0.0,33.4,-112.5,1.3599603290246456
2024-05-11 16:52:00,105031194,0.04484748437473746,0.014002735226106518,0.0756922335233684,33.4122281035946,-112.50028495142833,10063,-0.1,33.4,-112.5,1.3599603290246456
2024-05-11 16:53:00,105031194,0.06431450980352495,0.035235061705295626,0.09339395790175427,33.4122281035946,-112.50028495142833,10063,-0.1,33.4,-112.5,1.3599603290246456
2024-05-11 16:54:00,105031194,0.018106350124158087,-0.015257106708376093,0.05146980695669227,33.4122281035946,-112.50028495142833,10063,-0.1,33.4,-112.5,1.3599603290246456
2024-05-11 16:55:00,105031194,0.024130557025150358,0.009863650468745303,0.038397463581555415,33.4122281035946,-112.50028495142833,10063,0.0,33.4,-112.5,1.3599603290246456
2024-05-11 16:56:00,105031194,-0.04067293412745335,-0.05718513972409958,-0.02416072853080711,33.4122281035946,-112.50028495142833,10063,0.0,33.4,-112.5,1.3599603290246456
2024-05-11 16:57:00,105031194,0.03809772854388451,0.01144399351515727,0.06475146357261174,33.4122281035946,-112.50028495142833,10063,0.1,33.4,-112.5,1.3599603290246456
2024-05-11 16:58:00,105031194,-0.0237460192304645,-0.044986792084179966,-0.002505246376749034,33.4122281035946,-112.50028495142833,10063,0.0,33.4,-112.5,1.3599603290246456
2024-05-11 16:59:00,105031194,0.0028557479676149804,-0.028668500109005506,0.034379996044235465,33.4122281035946,-112.50028495142833,10063,0.0,33.4,-112.5,1.3599603290246456
2024-05-11 17:00:00,105031194,-0.021040643363818175,-0.04430794389272734,0.002226657165090986,33.4122281035946,-112.50028495142833,10063,0.0,33.4,-112.5,1.3599603290246456
2024-05-11 17:01:00,105031194,0.031673143464557824,0.016017468873229745,0.0473288180558859,33.4122281035946,-112.50028495142833,10063,0.0,33.4,-112.5,1.3599603290246456
2024-05-11 17:02:00,105031194,0.10169018003723425,0.04111046511384861,0.1622698949606199,33.4122281035946,-112.50028495142833,10063,0.0,33.4,-112.5,1.3599603290246456
2024-05-11 17:03:00,105031194,0.17601096742427008,0.07603549290729932,0.27598644194124083,33.4122281035946,-112.50028495142833,10063,-0.2,33.4,-112.5,1.3599603290246456
2024-05-11 17:04:00,105031194,0.07756054458781123,-0.010711261332867011,0.16583235050848946,33.4122281035946,-112.50028495142833,10063,-0.2,33.4,-112.5,1.3599603290246456
2024-05-11 17:05:00,105031194,0.03913216811204456,-0.012779461152437943,0.09104379737652707,33.4122281035946,-112.50028495142833,10063,-0.1,33.4,-112.5,1.3599603290246456
2024-05-11 17:06:00,105031194,-0.13038795105389372,-0.19535925922568645,-0.065416642882101,33.4122281035946,-112.50028495142833,10063,0.1,33.4,-112.5,1.3599603290246456
2024-05-11 17:07:00,105031194,-0.0808601921751706,-0.16776984558619384,0.006049461235852663,33.4122281035946,-112.50028495142833,10063,0.2,33.4,-112.5,1.3599603290246456
2024-05-11 17:08:00,105031194,0.34436763871582526,0.21119615767161568,0.4775391197600348,33.4122281035946,-112.50028495142833,10063,0.0,33.4,-112.5,1.3599603290246456
2024-05-11 17:09:00,105031194,0.3774466543904223,0.2339534455679985,0.5209398632128461,33.4122281035946,-112.50028495142833,10063,-0.1,33.4,-112.5,1.3599603290246456
2024-05-11 17:10:00,105031194,0.27294960385071754,0.16498179137353192,0.38091741632790316,33.4122281035946,-112.50028495142833,10063,0.0,33.4,-112.5,1.3599603290246456
2024-05-11 17:11:00,105031194,0.3751639871949092,0.22804029527221018,0.5222876791176082,33.4122281035946,-112.50028495142833,10063,-0.2,33.4,-112.5,1.3599603290246456
2024-05-11 17:12:00,105031194,0.2739128584233591,0.169519869096877,0.3783058477498412,33.4122281035946,-112.50028495142833,10063,0.0,33.4,-112.5,1.3599603290246456
2024-05-11 17:13:00,105031194,0.1328434757935,0.08133694310338341,0.1843500084836166,33.4122281035946,-112.50028495142833,10063,0.0,33.4,-112.5,1.3599603290246456
2024-05-11 17:14:00,105031194,0.11396321726678159,0.06857401699469685,0.1593524175388663,33.4122281035946,-112.50028495142833,10063,0.0,33.4,-112.5,1.3599603290246456
2024-05-11 17:15:00,105031194,0.02322206542560805,0.012376603278175548,0.034067527573040546,33.4122281035946,-112.50028495142833,10063,0.0,33.4,-112.5,1.3599603290246456
2024-05-11 17:16:00,105031194,0.09618871319229524,0.03800266630383968,0.1543747600807508,33.4122281035946,-112.50028495142833,10063,-0.1,33.4,-112.5,1.3599603290246456
2024-05-11 17:17:00,105031194,0.024478939526806243,-0.012041486173733185,0.06099936522734567,33.4122281035946,-112.50028495142833,10063,-0.1,33.4,-112.5,1.3599603290246456
2024-05-11 17:18:00,105031194,-0.14965767754629292,-0.2062849149246298,-0.09303044016795603,33.4122281035946,-112.50028495142833,10063,0.1,33.4,-112.5,1.3599603290246456
2024-05-11 17:19:00,105031194,-0.18769033107309038,-0.26286162785178074,-0.11251903429440002,33.4122281035946,-112.50028495142833,10063,0.2,33.4,-112.5,1.3599603290246456
2024-05-11 17:20:00,105031194,-0.12938702936963478,-0.1780109568439786,-0.08076310189529096,33.4122281035946,-112.50028495142833,10063,0.2,33.4,-112.5,1.3599603290246456
2024-05-11 17:21:00,105031194,-0.11684384837018368,-0.16049579921526289,-0.07319189752510447,33.4122281035946,-112.50028495142833,10063,0.1,33.4,-112.5,1.3599603290246456
2024-05-11 17:22:00,105031194,-0.0949552352101814,-0.1479104589914164,-0.0420000114289464,33.4122281035946,-112.50028495142833,10063,0.0,33.4,-112.5,1.3599603290246456
2024-05-11 17:23:00,105031194,-0.14866550346103527,-0.20435331125688122,-0.09297769566518933,33.4122281035946,-112.50028495142833,10063,0.1,33.4,-112.5,1.3599603290246456
2024-05-11 17:24:00,105031194,-0.23601790015261276,-0.3306136118771234,-0.1414221884281021,33.4122281035946,-112.50028495142833,10063,0.2,33.4,-112.5,1.3599603290246456
2024-05-11 17:25:00,105031194,-0.17608275375490015,-0.2825472883506924,-0.06961821915910785,33.4122281035946,-112.50028495142833,10063,0.3,33.4,-112.5,1.3599603290246456
2024-05-11 17:26:00,105031194,0.4116052452353457,0.2450760325871072,0.5781344578835842,33.4122281035946,-112.50028495142833,10063,0.1,33.4,-112.5,1.3599603290246456
2024-05-11 17:27:00,105031194,0.23896287988992712,0.14787212298780117,0.3300536367920531,33.4122281035946,-112.50028495142833,10063,0.0,33.4,-112.5,1.3599603290246456
2024-05-11 17:28:00,105031194,0.07138081870317435,0.011786360647423853,0.13097527675892484,33.4122281035946,-112.50028495142833,10063,0.1,33.4,-112.5,1.3599603290246456
2024-05-11 17:29:00,105031194,0.09222217092048213,0.039160320538450054,0.1452840213025142,33.4122281035946,-112.50028495142833,10063,0.1,33.4,-112.5,1.3599603290246456
2024-05-11 17:30:00,105031194,0.14891147231192967,0.0917174469694968,0.20610549765436253,33.4122281035946,-112.50028495142833,10063,0.0,33.4,-112.5,1.3599603290246456
2024-05-11 17:31:00,105031194,0.17436358912668207,0.10373492170858661,0.24499225654477752,33.4122281035946,-112.50028495142833,10063,-0.1,33.4,-112.5,1.3599603290246456
2024-05-11 17:32:00,105031194,0.052322750721969055,-0.013814330826474153,0.11845983227041226,33.4122281035946,-112.50028495142833,10063,0.0,33.4,-112.5,1.3599603290246456
2024-05-11 17:33:00,105031194,-0.04144734588162305,-0.12751875633434545,0.04462406457109935,33.4122281035946,-112.50028495142833,10063,-0.1,33.4,-112.5,1.3599603290246456
2024-05-11 17:34:00,105031194,-0.036846870448835375,-0.1105894682064516,0.03689572730878085,33.4122281035946,-112.50028495142833,10063,-0.2,33.4,-112.5,1.3599603290246456
2024-05-11 17:35:00,105031194,-0.018122974404365062,-0.049949634195708296,0.013703685386978172,33.4122281035946,-112.50028495142833,10063,0.0,33.4,-112.5,1.3599603290246456
2024-05-11 17:36:00,105031194,-0.0359150706895424,-0.05011381755149449,-0.02171632382759032,33.4122281035946,-112.50028495142833,10063,0.1,33.4,-112.5,1.3599603290246456
2024-05-11 17:37:00,105031194,-0.036778779564434684,-0.058238665086575506,-0.015318894042293859,33.4122281035946,-112.50028495142833,10063,0.1,33.4,-112.5,1.3599603290246456
2024-05-11 17:38:00,105031194,-0.02168999768768582,-0.06381877872138633,0.02043878334601469,33.4122281035946,-112.50028495142833,10063,0.2,33.4,-112.5,1.3599603290246456
2024-05-11 17:39:00,105031194,-0.0571313638612814,-0.09761224843237798,-0.01665047929018481,33.4122281035946,-112.50028495142833,10063,0.1,33.4,-112.5,1.3599603290246456
2024-05-11 17:40:00,105031194,-0.06432994801091861,-0.10152182051805098,-0.027138075503786253,33.4122281035946,-112.50028495142833,10063,0.2,33.4,-112.5,1.3599603290246456
2024-05-11 17:41:00,105031194,-0.15784772772827468,-0.22151938232411048,-0.09417607313243889,33.4122281035946,-112.50028495142833,10063,0.2,33.4,-112.5,1.3599603290246456
2024-05-11 17:42:00,105031194,-0.1411008688721591,-0.1993818163745505,-0.08281992136976772,33.4122281035946,-112.50028495142833,10063,0.2,33.4,-112.5,1.3599603290246456
2024-05-11 17:43:00,105031194,-0.21179309989650147,-0.2948934293112889,-0.12869277048171404,33.4122281035946,-112.50028495142833,10063,0.1,33.4,-112.5,1.3599603290246456
2024-05-11 17:44:00,105031194,-0.18271868654473084,-0.2517166921248032,-0.11372068096465847,33.4122281035946,-112.50028495142833,10063,0.2,33.4,-112.5,1.3599603290246456
2024-05-11 17:45:00,105031194,-0.15208392211278074,-0.2335834403258669,-0.07058440389969459,33.4122281035946,-112.50028495142833,10063,0.2,33.4,-112.5,1.3599603290246456
2024-05-11 17:46:00,105031194,-0.10951480817021732,-0.17934108451724154,-0.039688531823193096,33.4122281035946,-112.50028495142833,10063,0.2,33.4,-112.5,1.3599603290246456
2024-05-11 17:47:00,105031194,-0.11319824159238721,-0.15695279602307044,-0.06944368716170399,33.4122281035946,-112.50028495142833,10063,0.1,33.4,-112.5,1.3599603290246456
2024-05-11 17:48:00,105031194,0.05806401432030846,0.023164949731132818,0.0929630789094841,33.4122281035946,-112.50028495142833,10063,0.0,33.4,-112.5,1.3599603290246456
2024-05-11 17:49:00,105031194,0.15412499460118606,0.09491451381125177,0.21333547539112035,33.4122281035946,-112.50028495142833,10063,0.0,33.4,-112.5,1.3599603290246456
2024-05-11 17:50:00,105031194,-0.20126515977407916,-0.28862051517331416,-0.11390980437484416,33.4122281035946,-112.50028495142833,10063,0.1,33.4,-112.5,1.3599603290246456
2024-05-11 17:51:00,105031194,-0.14858396268942228,-0.23330999816316872,-0.06385792721567585,33.4122281035946,-112.50028495142833,10063,0.2,33.4,-112.5,1.3599603290246456
2024-05-11 17:52:00,105031194,0.12526860423673397,0.0606956288757715,0.18984157959769643,33.4122281035946,-112.50028495142833,10063,0.2,33.4,-112.5,1.3599603290246456
2024-05-11 17:53:00,105031194,0.16443663136216632,0.10076058518325423,0.22811267754107842,33.4122281035946,-112.50028495142833,10063,0.1,33.4,-112.5,1.3599603290246456
2024-05-11 17:54:00,105031194,-0.02820807355182157,-0.04506620699432228,-0.01134994010932086,33.4122281035946,-112.50028495142833,10063,0.1,33.4,-112.5,1.3599603290246456
2024-05-11 17:55:00,105031194,-0.10502818422356999,-0.15859784278996877,-0.05145852565717122,33.4122281035946,-112.50028495142833,10063,0.1,33.4,-112.5,1.3599603290246456
2024-05-11 17:56:00,105031194,-0.14879327905125084,-0.23121232598054284,-0.06637423212195884,33.4122281035946,-112.50028495142833,10063,0.2,33.4,-112.5,1.3599603290246456
2024-05-11 17:57:00,105031194,-0.044466562509488564,-0.13381689652809747,0.04488377150912033,33.4122281035946,-112.50028495142833,10063,0.2,33.4,-112.5,1.3599603290246456
2024-05-11 17:58:00,105031194,0.04373248266555103,-0.018221877073050216,0.10568684240415227,33.4122281035946,-112.50028495142833,10063,0.2,33.4,-112.5,1.3599603290246456
2024-05-11 17:59:00,105031194,0.08040936070758112,0.04624106680195872,0.11457765461320352,33.4122281035946,-112.50028495142833,10063,0.1,33.4,-112.5,1.3599603290246456
2024-05-11 18:00:00,105031194,0.0493373517594026,0.0069017991798357575,0.09177290433896944,33.4122281035946,-112.50028495142833,10063,0.1,33.4,-112.5,1.3599603290246456
2024-05-11 18:01:00,105031194,-0.055698015573632936,-0.11485536513656153,0.0034593339892956473,33.4122281035946,-112.50028495142833,10063,0.2,33.4,-112.5,1.3599603290246456
2024-05-11 18:02:00,105031194,-0.0852223726876143,-0.14918783103324204,-0.021256914341986566,33.4122281035946,-112.50028495142833,10063,0.2,33.4,-112.5,1.3599603290246456
2024-05-11 18:03:00,105031194,0.03672157922463563,-0.019760637935776364,0.09320379638504761,33.4122281035946,-112.50028495142833,10063,0.1,33.4,-112.5,1.3599603290246456
2024-05-11 18:04:00,105031194,0.01228616893526098,-0.001056432100408542,0.025628769970930502,33.4122281035946,-112.50028495142833,10063,0.2,33.4,-112.5,1.3599603290246456
2024-05-11 18:05:00,105031194,-0.05908631269670066,-0.10275343205794063,-0.015419193335460692,33.4122281035946,-112.50028495142833,10063,0.0,33.4,-112.5,1.3599603290246456
2024-05-11 18:06:00,105031194,-0.21255145167329706,-0.2927210680190166,-0.13238183532757752,33.4122281035946,-112.50028495142833,10063,0.1,33.4,-112.5,1.3599603290246456
2024-05-11 18:07:00,105031194,-0.23687335998426778,-0.3423220597225842,-0.13142466024595134,33.4122281035946,-112.50028495142833,10063,0.2,33.4,-112.5,1.3599603290246456
2024-05-11 18:08:00,105031194,-0.13594159763889915,-0.2039276769853545,-0.06795551829244381,33.4122281035946,-112.50028495142833,10063,0.2,33.4,-112.5,1.3599603290246456
2024-05-11 18:09:00,105031194,-0.05590325086205054,-0.10804477975607635,-0.0037617219680247324,33.4122281035946,-112.50028495142833,10063,0.1,33.4,-112.5,1.3599603290246456
2024-05-11 18:10:00,105031194,0.019746384359178706,-0.012449500563083193,0.051942269281440606,33.4122281035946,-112.50028495142833,10063,0.1,33.4,-112.5,1.3599603290246456
2024-05-11 18:11:00,105031194,-0.032962411231046804,-0.049806594138545955,-0.016118228323547652,33.4122281035946,-112.50028495142833,10063,0.0,33.4,-112.5,1.3599603290246456
2024-05-11 18:12:00,105031194,-0.04834881438208478,-0.06789434563174535,-0.028803283132424203,33.4122281035946,-112.50028495142833,10063,0.1,33.4,-112.5,1.3599603290246456
2024-05-11 18:13:00,105031194,-0.08265506668730561,-0.1159020737052718,-0.049408059669339435,33.4122281035946,-112.50028495142833,10063,0.1,33.4,-112.5,1.3599603290246456
2024-05-11 18:14:00,105031194,-0.026804135844042804,-0.052891895963822724,-0.0007163757242628806,33.4122281035946,-112.50028495142833,10063,0.1,33.4,-112.5,1.3599603290246456
2024-05-11 18:15:00,105031194,0.030518919506237734,-0.006574780042564284,0.06761261905503975,33.4122281035946,-112.50028495142833,10063,0.0,33.4,-112.5,1.3599603290246456
2024-05-11 18:16:00,105031194,0.049219541524899865,0.011353021269698442,0.08708606178010128,33.4122281035946,-112.50028495142833,10063,0.1,33.4,-112.5,1.3599603290246456
2024-05-11 18:17:00,105031194,0.014250189999273102,-0.045623307375007666,0.07412368737355386,33.4122281035946,-112.50028495142833,10063,0.0,33.4,-112.5,1.3599603290246456
2024-05-11 18:18:00,105031194,0.04060419515956808,-0.12392073680495815,0.2051291271240943,33.4122281035946,-112.50028495142833,10063,0.5,33.4,-112.5,1.3599603290246456
2024-05-11 18:19:00,105031194,0.2521335512839076,0.04200537380515659,0.4622617287626586,33.4122281035946,-112.50028495142833,10063,0.4,33.4,-112.5,1.3599603290246456
2024-05-11 18:20:00,105031194,0.1979940814254362,0.0891434900231277,0.3068446728277447,33.4122281035946,-112.50028495142833,10063,-0.1,33.4,-112.5,1.3599603290246456
2024-05-11 18:21:00,105031194,-0.02147681746366954,-0.06211082986638293,0.019157194939043855,33.4122281035946,-112.50028495142833,10063,0.1,33.4,-112.5,1.3599603290246456
2024-05-11 18:22:00,105031194,-0.06336747765841269,-0.20645638042870937,0.07972142511188399,33.4122281035946,-112.50028495142833,10063,0.4,33.4,-112.5,1.3599603290246456
2024-05-11 18:23:00,105031194,0.31370123818208623,0.16152334424372983,0.46587913212044263,33.4122281035946,-112.50028495142833,10063,0.1,33.4,-112.5,1.3599603290246456
2024-05-11 18:24:00,105031194,0.09634727369795523,0.05665058674792457,0.1360439606479859,33.4122281035946,-112.50028495142833,10063,0.0,33.4,-112.5,1.3599603290246456
2024-05-11 18:25:00,105031194,-0.007160465631312533,-0.06915294751331882,0.05483201625069376,33.4122281035946,-112.50028495142833,10063,0.2,33.4,-112.5,1.3599603290246456
2024-05-11 18:26:00,105031194,-0.1053432387200115,-0.19911766291769584,-0.01156881452232715,33.4122281035946,-112.50028495142833,10063,0.3,33.4,-112.5,1.3599603290246456
2024-05-11 18:27:00,105031194,-0.04257234188005617,-0.15848226921546885,0.07333758545535651,33.4122281035946,-112.50028495142833,10063,0.4,33.4,-112.5,1.3599603290246456
2024-05-11 18:28:00,105031194,0.037194987544389824,-0.06370472949465358,0.13809470458343323,33.4122281035946,-112.50028495142833,10063,0.2,33.4,-112.5,1.3599603290246456
2024-05-11 18:29:00,105031194,0.013090404184655862,-0.005426800314135309,0.03160760868344703,33.4122281035946,-112.50028495142833,10063,0.1,33.4,-112.5,1.3599603290246456
2024-05-11 18:30:00,105031194,-0.13435423980469355,-0.23475633400098767,-0.033952145608399445,33.4122281035946,-112.50028495142833,10063,0.2,33.4,-112.5,1.3599603290246456
2024-05-11 18:31:00,105031194,-0.13244306671394565,-0.21751228150245147,-0.04737385192543983,33.4122281035946,-112.50028495142833,10063,0.1,33.4,-112.5,1.3599603290246456
2024-05-11 18:32:00,105031194,-0.02943047282016942,-0.0650017478427679,0.00614080220242905,33.4122281035946,-112.50028495142833,10063,0.0,33.4,-112.5,1.3599603290246456
2024-05-11 18:33:00,105031194,-0.12262116204410381,-0.18182270614929827,-0.06341961793890935,33.4122281035946,-112.50028495142833,10063,0.1,33.4,-112.5,1.3599603290246456
2024-05-11 18:34:00,105031194,-0.11918443258131683,-0.18091063208434516,-0.05745823307828852,33.4122281035946,-112.50028495142833,10063,0.1,33.4,-112.5,1.3599603290246456
2024-05-11 18:35:00,105031194,0.0424836223224989,-0.014813281761961547,0.09978052640695935,33.4122281035946,-112.50028495142833,10063,-0.1,33.4,-112.5,1.3599603290246456
2024-05-11 18:36:00,105031194,-0.10566320289148107,-0.15309753126571282,-0.05822887451724932,33.4122281035946,-112.50028495142833,10063,0.1,33.4,-112.5,1.3599603290246456
2024-05-11 18:37:00,105031194,-0.1434286409425304,-0.28599821751460486,-0.0008590643704559364,33.4122281035946,-112.50028495142833,10063,0.5,33.4,-112.5,1.3599603290246456
2024-05-11 18:38:00,105031194,-0.006604860916771334,-0.05992835441137266,0.04671863257782999,33.4122281035946,-112.50028495142833,10063,0.2,33.4,-112.5,1.3599603290246456
2024-05-11 18:39:00,105031194,0.015659257292605974,-0.03162037003078129,0.06293888461599324,33.4122281035946,-112.50028495142833,10063,0.1,33.4,-112.5,1.3599603290246456
2024-05-11 18:40:00,105031194,-0.1460873047759369,-0.2429727000465855,-0.0492019095052883,33.4122281035946,-112.50028495142833,10063,0.2,33.4,-112.5,1.3599603290246456
2024-05-11 18:41:00,105031194,-0.010471089754101104,-0.18835598158414787,0.16741380207594567,33.4122281035946,-112.50028495142833,10063,0.3,33.4,-112.5,1.3599603290246456
2024-05-11 18:42:00,105031194,0.09387276390452028,0.04045889501525678,0.1472866327937838,33.4122281035946,-112.50028495142833,10063,0.2,33.4,-112.5,1.3599603290246456
2024-05-11 18:43:00,105031194,0.06674760078676445,-0.014098034478164476,0.1475932360516934,33.4122281035946,-112.50028495142833,10063,0.1,33.4,-112.5,1.3599603290246456
2024-05-11 18:44:00,105031194,0.007697928529904445,-0.06930612546476218,0.08470198252457108,33.4122281035946,-112.50028495142833,10063,0.2,33.4,-112.5,1.3599603290246456
2024-05-11 18:45:00,105031194,0.016647566099458742,-0.04299340832383022,0.07628854052274771,33.4122281035946,-112.50028495142833,10063,0.3,33.4,-112.5,1.3599603290246456
2024-05-11 18:46:00,105031194,-0.034102287134715824,-0.048939365451832785,-0.019265208817598863,33.4122281035946,-112.50028495142833,10063,0.0,33.4,-112.5,1.3599603290246456
2024-05-11 18:47:00,105031194,0.037408450841442696,0.012443546630129795,0.0623733550527556,33.4122281035946,-112.50028495142833,10063,0.0,33.4,-112.5,1.3599603290246456
2024-05-11 18:48:00,105031194,-0.25765876702142687,-0.36182712852386095,-0.1534904055189928,33.4122281035946,-112.50028495142833,10063,0.1,33.4,-112.5,1.3599603290246456
2024-05-11 18:49:00,105031194,-0.024413378008762095,-0.036199808158790286,-0.012626947858733903,33.4122281035946,-112.50028495142833,10063,0.1,33.4,-112.5,1.3599603290246456
2024-05-11 18:50:00,105031194,-0.025552372957864555,-0.046697746575947684,-0.004406999339781427,33.4122281035946,-112.50028495142833,10063,0.1,33.4,-112.5,1.3599603290246456
2024-05-11 18:51:00,105031194,0.14128718821262637,-0.011630882735080172,0.2942052591603329,33.4122281035946,-112.50028495142833,10063,-0.2,33.4,-112.5,1.3599603290246456
2024-05-11 18:52:00,105031194,-0.03492052169963473,-0.11414985642412367,0.044308813024854225,33.4122281035946,-112.50028495142833,10063,-0.1,33.4,-112.5,1.3599603290246456
2024-05-11 18:53:00,105031194,-0.10443136601342369,-0.14481001260225052,-0.06405271942459685,33.4122281035946,-112.50028495142833,10063,0.1,33.4,-112.5,1.3599603290246456
2024-05-11 18:54:00,105031194,-0.10559022841965757,-0.153118362671922,-0.05806209416739313,33.4122281035946,-112.50028495142833,10063,0.0,33.4,-112.5,1.3599603290246456
2024-05-11 18:55:00,105031194,-0.05273916181022629,-0.11069725871010051,0.005218935089647936,33.4122281035946,-112.50028495142833,10063,0.2,33.4,-112.5,1.3599603290246456
2024-05-11 18:56:00,105031194,-0.10304551203280016,-0.14326100811244066,-0.06283001595315965,33.4122281035946,-112.50028495142833,10063,0.2,33.4,-112.5,1.3599603290246456
2024-05-11 18:57:00,105031194,-0.07954502074814689,-0.14099773552065026,-0.018092305975643513,33.4122281035946,-112.50028495142833,10063,0.2,33.4,-112.5,1.3599603290246456
2024-05-11 18:58:00,105031194,-0.08442505940860301,-0.12058064624039821,-0.04826947257680781,33.4122281035946,-112.50028495142833,10063,0.2,33.4,-112.5,1.3599603290246456
2024-05-11 18:59:00,105031194,-0.016179626117389347,-0.03388423704191221,0.0015249848071335163,33.4122281035946,-112.50028495142833,10063,0.1,33.4,-112.5,1.3599603290246456
2024-05-11 19:00:00,105031194,-0.11735955485227964,-0.183056648615101,-0.051662461089458295,33.4122281035946,-112.50028495142833,10063,0.1,33.4,-112.5,1.3599603290246456
2024-05-11 19:01:00,105031194,-0.09845721627670787,-0.1528154900959482,-0.04409894245746754,33.4122281035946,-112.50028495142833,10063,0.1,33.4,-112.5,1.3599603290246456
2024-05-11 19:02:00,105031194,-0.07808780839391295,-0.11237188012542762,-0.04380373666239828,33.4122281035946,-112.50028495142833,10063,0.2,33.4,-112.5,1.3599603290246456
2024-05-11 19:03:00,105031194,0.04497782256685309,0.002747142505128683,0.0872085026285775,33.4122281035946,-112.50028495142833,10063,0.0,33.4,-112.5,1.3599603290246456
2024-05-11 19:04:00,105031194,-0.04394426380650685,-0.07483717562439116,-0.013051351988622555,33.4122281035946,-112.50028495142833,10063,0.1,33.4,-112.5,1.3599603290246456
2024-05-11 19:05:00,105031194,-0.0031689331832219295,-0.017274905342483823,0.010937038976039964,33.4122281035946,-112.50028495142833,10063,0.1,33.4,-112.5,1.3599603290246456
2024-05-11 19:06:00,105031194,-0.00866799322825859,-0.02611516691300861,0.008779180456491427,33.4122281035946,-112.50028495142833,10063,0.0,33.4,-112.5,1.3599603290246456
2024-05-11 19:07:00,105031194,-0.0022879386424268632,-0.011725903018264821,0.007150025733411095,33.4122281035946,-112.50028495142833,10063,0.0,33.4,-112.5,1.3599603290246456
2024-05-11 19:08:00,105031194,-0.04172913080906609,-0.06257915501868855,-0.020879106599443635,33.4122281035946,-112.50028495142833,10063,0.1,33.4,-112.5,1.3599603290246456
2024-05-11 19:09:00,105031194,0.1521328143119861,0.061404533772485156,0.24286109485148705,33.4122281035946,-112.50028495142833,10063,0.0,33.4,-112.5,1.3599603290246456
2024-05-11 19:10:00,105031194,0.13829968999515468,-0.03935958300183956,0.31595896299214893,33.4122281035946,-112.50028495142833,10063,-0.2,33.4,-112.5,1.3599603290246456
2024-05-11 19:11:00,105031194,-0.055172496054550275,-0.08146112412443096,-0.02888386798466959,33.4122281035946,-112.50028495142833,10063,0.1,33.4,-112.5,1.3599603290246456
2024-05-11 19:12:00,105031194,-0.06316670324924148,-0.08794663130802938,-0.03838677519045358,33.4122281035946,-112.50028495142833,10063,0.2,33.4,-112.5,1.3599603290246456
2024-05-11 19:13:00,105031194,-0.043632039968362735,-0.09100045301415235,0.0037363730774268925,33.4122281035946,-112.50028495142833,10063,0.3,33.4,-112.5,1.3599603290246456
2024-05-11 19:14:00,105031194,0.13630954815042123,0.07239457108737488,0.2002245252134676,33.4122281035946,-112.50028495142833,10063,0.1,33.4,-112.5,1.3599603290246456
2024-05-11 19:15:00,105031194,0.04397895629869679,0.002272479401981685,0.08568543319541189,33.4122281035946,-112.50028495142833,10063,0.1,33.4,-112.5,1.3599603290246456
2024-05-11 19:16:00,105031194,0.011620244586974832,-0.0244286099165993,0.047669099090548964,33.4122281035946,-112.50028495142833,10063,0.2,33.4,-112.5,1.3599603290246456
2024-05-11 19:17:00,105031194,-0.03818670219717253,-0.06892522239856064,-0.007448181995784429,33.4122281035946,-112.50028495142833,10063,0.2,33.4,-112.5,1.3599603290246456
2024-05-11 19:18:00,105031194,-0.060704207976772055,-0.09160567907065076,-0.02980273688289336,33.4122281035946,-112.50028495142833,10063,0.2,33.4,-112.5,1.3599603290246456
2024-05-11 19:19:00,105031194,-0.03879900760747338,-0.05717849402608469,-0.020419521188862068,33.4122281035946,-112.50028495142833,10063,0.1,33.4,-112.5,1.3599603290246456
2024-05-11 19:20:00,105031194,-0.1191290816791673,-0.16518671810179736,-0.07307144525653723,33.4122281035946,-112.50028495142833,10063,0.1,33.4,-112.5,1.3599603290246456
2024-05-11 19:21:00,105031194,-0.19783071473739483,-0.2852407356062425,-0.11042069386854714,33.4122281035946,-112.50028495142833,10063,0.2,33.4,-112.5,1.3599603290246456
2024-05-11 19:22:00,105031194,0.04201947014286148,-0.017675904360650085,0.10171484464637305,33.4122281035946,-112.50028495142833,10063,0.0,33.4,-112.5,1.3599603290246456
2024-05-11 19:23:00,105031194,0.12396452451125663,0.031779363717931886,0.21614968530458137,33.4122281035946,-112.50028495142833,10063,-0.1,33.4,-112.5,1.3599603290246456
2024-05-11 19:24:00,105031194,-0.07123096255041185,-0.1100922915936524,-0.0323696335071713,33.4122281035946,-112.50028495142833,10063,0.1,33.4,-112.5,1.3599603290246456
2024-05-11 19:25:00,105031194,0.09264506634562872,-0.008315531978210278,0.19360566466946771,33.4122281035946,-112.50028495142833,10063,-0.1,33.4,-112.5,1.3599603290246456
2024-05-11 19:26:00,105031194,0.2888020181043405,0.043358022999475276,0.5342460132092057,33.4122281035946,-112.50028495142833,10063,-0.4,33.4,-112.5,1.3599603290246456
2024-05-11 19:27:00,105031194,0.17067319407541523,0.018723412406890128,0.32262297574394033,33.4122281035946,-112.50028495142833,10063,-0.4,33.4,-112.5,1.3599603290246456
2024-05-11 19:28:00,105031194,0.1600471082616733,0.020770678069786414,0.2993235384535602,33.4122281035946,-112.50028495142833,10063,-0.3,33.4,-112.5,1.3599603290246456
2024-05-11 19:29:00,105031194,0.15317774619791893,0.047396009682756285,0.25895948271308156,33.4122281035946,-112.50028495142833,10063,-0.2,33.4,-112.5,1.3599603290246456
2024-05-11 19:30:00,105031194,0.05625500171429263,0.025318435610393823,0.08719156781819144,33.4122281035946,-112.50028495142833,10063,-0.1,33.4,-112.5,1.3599603290246456
2024-05-11 19:31:00,105031194,0.17644550713224985,0.07626218438415018,0.27662882988034954,33.4122281035946,-112.50028495142833,10063,-0.2,33.4,-112.5,1.3599603290246456
2024-05-11 19:32:00,105031194,0.13174815594752168,0.04257029004787581,0.22092602184716753,33.4122281035946,-112.50028495142833,10063,0.0,33.4,-112.5,1.3599603290246456
2024-05-11 19:33:00,105031194,0.07771305109850973,-0.002929312659037328,0.1583554148560568,33.4122281035946,-112.50028495142833,10063,0.0,33.4,-112.5,1.3599603290246456
2024-05-11 19:34:00,105031194,0.11824518948414697,0.05770750630057375,0.1787828726677202,33.4122281035946,-112.50028495142833,10063,0.1,33.4,-112.5,1.3599603290246456
2024-05-11 19:35:00,105031194,0.15590139192031266,0.06087255085630734,0.250930232984318,33.4122281035946,-112.50028495142833,10063,-0.1,33.4,-112.5,1.3599603290246456
2024-05-11 19:36:00,105031194,0.09766203472519148,0.029199350305544616,0.16612471914483834,33.4122281035946,-112.50028495142833,10063,0.0,33.4,-112.5,1.3599603290246456
2024-05-11 19:37:00,105031194,0.2269706997301495,0.1406535028006901,0.3132878966596089,33.4122281035946,-112.50028495142833,10063,0.2,33.4,-112.5,1.3599603290246456
2024-05-11 19:38:00,105031194,0.15522330372423904,0.09303609558680848,0.2174105118616696,33.4122281035946,-112.50028495142833,10063,0.0,33.4,-112.5,1.3599603290246456
2024-05-11 19:39:00,105031194,0.13037331490765763,0.07911176312158731,0.18163486669372797,33.4122281035946,-112.50028495142833,10063,0.1,33.4,-112.5,1.3599603290246456
2024-05-11 19:40:00,105031194,0.10112213802274157,0.062012934205394686,0.14023134184008845,33.4122281035946,-112.50028495142833,10063,0.2,33.4,-112.5,1.3599603290246456
2024-05-11 19:41:00,105031194,0.024403959256631965,-0.025497574226385256,0.07430549273964919,33.4122281035946,-112.50028495142833,10063,0.0,33.4,-112.5,1.3599603290246456
2024-05-11 19:42:00,105031194,-0.19527272582138752,-0.3487947941424318,-0.041750657500343236,33.4122281035946,-112.50028495142833,10063,0.4,33.4,-112.5,1.3599603290246456
2024-05-11 19:43:00,105031194,-0.08981918595497261,-0.13596114566949022,-0.04367722624045501,33.4122281035946,-112.50028495142833,10063,0.3,33.4,-112.5,1.3599603290246456
2024-05-11 19:44:00,105031194,0.10238737338934477,0.058002053905750736,0.14677269287293881,33.4122281035946,-112.50028495142833,10063,0.1,33.4,-112.5,1.3599603290246456
2024-05-11 19:45:00,105031194,0.10092678813326213,0.05887570870000167,0.1429778675665226,33.4122281035946,-112.50028495142833,10063,0.1,33.4,-112.5,1.3599603290246456
2024-05-11 19:46:00,105031194,0.07716783672048334,0.04595943406047398,0.1083762393804927,33.4122281035946,-112.50028495142833,10063,0.1,33.4,-112.5,1.3599603290246456
2024-05-11 19:47:00,105031194,0.22493034774959228,0.10921596609553824,0.3406447294036463,33.4122281035946,-112.50028495142833,10063,-0.1,33.4,-112.5,1.3599603290246456
2024-05-11 19:48:00,105031194,0.22410046679894427,0.13825908224990732,0.30994185134798125,33.4122281035946,-112.50028495142833,10063,0.1,33.4,-112.5,1.3599603290246456
2024-05-11 19:49:00,105031194,0.21292058213952086,0.09981561544427248,0.32602554883476925,33.4122281035946,-112.50028495142833,10063,-0.1,33.4,-112.5,1.3599603290246456
2024-05-11 19:50:00,105031194,0.07705808183505669,0.031582714636156015,0.12253344903395737,33.4122281035946,-112.50028495142833,10063,0.0,33.4,-112.5,1.3599603290246456
2024-05-11 19:51:00,105031194,0.02374080174313645,-0.01014396311149485,0.057625566597767755,33.4122281035946,-112.50028495142833,10063,0.1,33.4,-112.5,1.3599603290246456
2024-05-11 19:52:00,105031194,-0.014910091870416935,-0.04346556304103589,0.01364537930020202,33.4122281035946,-112.50028495142833,10063,0.1,33.4,-112.5,1.3599603290246456
2024-05-11 19:53:00,105031194,-0.0033937441267649425,-0.03176665441999636,0.024979166166466477,33.4122281035946,-112.50028495142833,10063,0.2,33.4,-112.5,1.3599603290246456
2024-05-11 19:54:00,105031194,-0.03891162494170843,-0.06956894923852999,-0.008254300644886865,33.4122281035946,-112.50028495142833,10063,0.2,33.4,-112.5,1.3599603290246456
2024-05-11 19:55:00,105031194,0.06589614568432246,0.039680733935423054,0.09211155743322187,33.4122281035946,-112.50028495142833,10063,0.1,33.4,-112.5,1.3599603290246456
2024-05-11 19:56:00,105031194,0.11527521364661611,0.07000428896893567,0.16054613832429654,33.4122281035946,-112.50028495142833,10063,0.1,33.4,-112.5,1.3599603290246456
2024-05-11 19:57:00,105031194,0.09872342371626903,0.05984972497238783,0.13759712246015024,33.4122281035946,-112.50028495142833,10063,0.1,33.4,-112.5,1.3599603290246456
2024-05-11 19:58:00,105031194,0.08854305227445461,0.019529599532595518,0.15755650501631369,33.4122281035946,-112.50028495142833,10063,0.0,33.4,-112.5,1.3599603290246456
2024-05-11 19:59:00,105031194,0.15564871895918272,0.09586651453946367,0.2154309233789018,33.4122281035946,-112.50028495142833,10063,0.1,33.4,-112.5,1.3599603290246456
2024-05-11 20:00:00,105031194,0.20607274819068017,0.06273254528673292,0.34941295109462744,33.4122281035946,-112.50028495142833,10063,-0.1,33.4,-112.5,1.3599603290246456
2024-05-11 20:01:00,105031194,-0.1768855628572675,-0.2783181160626919,-0.0754530096518431,33.4122281035946,-112.50028495142833,10063,0.2,33.4,-112.5,1.3599603290246456
2024-05-11 20:02:00,105031194,-0.4385697448093393,-0.8132092330988536,-0.06393025651982503,33.4122281035946,-112.50028495142833,10063,1.0,33.4,-112.5,1.3599603290246456
2024-05-11 20:03:00,105031194,0.02931039073181703,-0.008848988036897792,0.06746976950053185,33.4122281035946,-112.50028495142833,10063,0.3,33.4,-112.5,1.3599603290246456
2024-05-11 20:04:00,105031194,0.2135178850984719,0.12170797027565933,0.30532779992128445,33.4122281035946,-112.50028495142833,10063,-0.1,33.4,-112.5,1.3599603290246456
2024-05-11 20:05:00,105031194,0.39337206914796863,0.1137066019652111,0.6730375363307262,33.4122281035946,-112.50028495142833,10063,-0.3,33.4,-112.5,1.3599603290246456
2024-05-11 20:06:00,105031194,0.45875628098943516,0.20314922972170468,0.7143633322571656,33.4122281035946,-112.50028495142833,10063,-0.4,33.4,-112.5,1.3599603290246456
2024-05-11 20:07:00,105031194,0.35057009075528167,0.15617540187788773,0.5449647796326756,33.4122281035946,-112.50028495142833,10063,-0.2,33.4,-112.5,1.3599603290246456
2024-05-11 20:08:00,105031194,0.11294687804497573,0.0675562966031106,0.15833745948684086,33.4122281035946,-112.50028495142833,10063,0.0,33.4,-112.5,1.3599603290246456
2024-05-11 20:09:00,105031194,0.06313474137120983,0.027457221618001536,0.09881226112441813,33.4122281035946,-112.50028495142833,10063,0.1,33.4,-112.5,1.3599603290246456
2024-05-11 20:10:00,105031194,0.02132346980138927,0.006830792120868311,0.03581614748191023,33.4122281035946,-112.50028495142833,10063,0.2,33.4,-112.5,1.3599603290246456
2024-05-11 20:11:00,105031194,0.10494224258487284,0.052467061482614284,0.15741742368713138,33.4122281035946,-112.50028495142833,10063,0.0,33.4,-112.5,1.3599603290246456
2024-05-11 20:12:00,105031194,0.10916631133120536,0.0657562580362506,0.15257636462616012,33.4122281035946,-112.50028495142833,10063,0.2,33.4,-112.5,1.3599603290246456
2024-05-11 20:13:00,105031194,0.07203187752242786,0.009099491215206645,0.13496426382964907,33.4122281035946,-112.50028495142833,10063,0.2,33.4,-112.5,1.3599603290246456
2024-05-11 20:14:00,105031194,-0.1625339084190788,-0.3835052492744444,0.058437432436286824,33.4122281035946,-112.50028495142833,10063,0.5,33.4,-112.5,1.3599603290246456
2024-05-11 20:15:00,105031194,-0.13285572897249476,-0.261384832587214,-0.0043266253577754765,33.4122281035946,-112.50028495142833,10063,0.4,33.4,-112.5,1.3599603290246456
2024-05-11 20:16:00,105031194,-0.20208022596412584,-0.3108204617122422,-0.09333999021600947,33.4122281035946,-112.50028495142833,10063,0.3,33.4,-112.5,1.3599603290246456
2024-05-11 20:17:00,105031194,-0.21494680782663345,-0.3072302381739097,-0.12266337747935718,33.4122281035946,-112.50028495142833,10063,0.3,33.4,-112.5,1.3599603290246456
2024-05-11 20:18:00,105031194,-0.15825475128977337,-0.24329618936049358,-0.07321331321905315,33.4122281035946,-112.50028495142833,10063,0.2,33.4,-112.5,1.3599603290246456
2024-05-11 20:19:00,105031194,-0.09944260785520137,-0.16662969073505285,-0.03225552497534988,33.4122281035946,-112.50028495142833,10063,0.3,33.4,-112.5,1.3599603290246456
2024-05-11 20:20:00,105031194,-0.13967163406004943,-0.22488007371723545,-0.05446319440286339,33.4122281035946,-112.50028495142833,10063,0.3,33.4,-112.5,1.3599603290246456
2024-05-11 20:21:00,105031194,-0.06225699344685653,-0.10592881346229681,-0.018585173431416246,33.4122281035946,-112.50028495142833,10063,0.2,33.4,-112.5,1.3599603290246456
2024-05-11 20:22:00,105031194,-0.024938874743735108,-0.045599763516452285,-0.004277985971017934,33.4122281035946,-112.50028495142833,10063,0.1,33.4,-112.5,1.3599603290246456
2024-05-11 20:23:00,105031194,0.11601425489725284,0.05493421672486131,0.17709429306964436,33.4122281035946,-112.50028495142833,10063,0.0,33.4,-112.5,1.3599603290246456
2024-05-11 20:24:00,105031194,-0.010308639949069649,-0.028478596675107035,0.007861316776967739,33.4122281035946,-112.50028495142833,10063,0.0,33.4,-112.5,1.3599603290246456
2024-05-11 20:25:00,105031194,-0.03812361732189471,-0.05442532508258764,-0.02182190956120178,33.4122281035946,-112.50028495142833,10063,0.1,33.4,-112.5,1.3599603290246456
2024-05-11 20:26:00,105031194,-0.17044628026981587,-0.2504975027657425,-0.09039505777388922,33.4122281035946,-112.50028495142833,10063,0.2,33.4,-112.5,1.3599603290246456
2024-05-11 20:27:00,105031194,0.0007450891221193949,-0.00831705481788474,0.00980723306212353,33.4122281035946,-112.50028495142833,10063,0.1,33.4,-112.5,1.3599603290246456
2024-05-11 20:28:00,105031194,0.0013952467658536374,-0.02613737033580945,0.028927863867516723,33.4122281035946,-112.50028495142833,10063,0.0,33.4,-112.5,1.3599603290246456
2024-05-11 20:29:00,105031194,-0.2246350882327497,-0.31755598956232467,-0.1317141869031747,33.4122281035946,-112.50028495142833,10063,0.2,33.4,-112.5,1.3599603290246456
2024-05-11 20:30:00,105031194,-0.06669956095288228,-0.10272038033000938,-0.030678741575755182,33.4122281035946,-112.50028495142833,10063,0.2,33.4,-112.5,1.3599603290246456
2024-05-11 20:31:00,105031194,0.060185961191306696,0.03203073360072067,0.08834118878189272,33.4122281035946,-112.50028495142833,10063,0.0,33.4,-112.5,1.3599603290246456
2024-05-11 20:32:00,105031194,-0.04627207368740667,-0.07502500151676077,-0.017519145858052577,33.4122281035946,-112.50028495142833,10063,0.1,33.4,-112.5,1.3599603290246456
2024-05-11 20:33:00,105031194,0.0568768146456791,-0.021829469216778676,0.13558309850813688,33.4122281035946,-112.50028495142833,10063,0.1,33.4,-112.5,1.3599603290246456
2024-05-11 20:34:00,105031194,0.19572851010331274,0.08713192692808455,0.30432509327854096,33.4122281035946,-112.50028495142833,10063,-0.1,33.4,-112.5,1.3599603290246456
2024-05-11 20:35:00,105031194,0.09825671534112335,0.0526184324794785,0.1438949982027682,33.4122281035946,-112.50028495142833,10063,0.1,33.4,-112.5,1.3599603290246456
2024-05-11 20:36:00,105031194,0.0647326059502542,0.012291122928670316,0.11717408897183806,33.4122281035946,-112.50028495142833,10063,0.0,33.4,-112.5,1.3599603290246456
2024-05-11 20:37:00,105031194,0.060167360535108266,-0.0035783312023741354,0.12391305227259067,33.4122281035946,-112.50028495142833,10063,0.0,33.4,-112.5,1.3599603290246456
2024-05-11 20:38:00,105031194,0.07854503200358517,0.023377209844214743,0.1337128541629556,33.4122281035946,-112.50028495142833,10063,0.0,33.4,-112.5,1.3599603290246456
2024-05-11 20:39:00,105031194,0.11744086435683221,0.026844804174316242,0.2080369245393482,33.4122281035946,-112.50028495142833,10063,-0.1,33.4,-112.5,1.3599603290246456
2024-05-11 20:40:00,105031194,0.16512407250393107,0.06635249110133154,0.2638956539065306,33.4122281035946,-112.50028495142833,10063,-0.1,33.4,-112.5,1.3599603290246456
2024-05-11 20:41:00,105031194,0.15591416022691287,0.047113398217154226,0.26471492223667153,33.4122281035946,-112.50028495142833,10063,-0.1,33.4,-112.5,1.3599603290246456
2024-05-11 20:42:00,105031194,0.13246343691429147,0.047812359747884586,0.21711451408069835,33.4122281035946,-112.50028495142833,10063,0.0,33.4,-112.5,1.3599603290246456
2024-05-11 20:43:00,105031194,0.1460014370997742,0.04114308633798222,0.25085978786156615,33.4122281035946,-112.50028495142833,10063,0.0,33.4,-112.5,1.3599603290246456
2024-05-11 20:44:00,105031194,0.031475554751523305,-0.04764510029858662,0.11059620980163323,33.4122281035946,-112.50028495142833,10063,-0.1,33.4,-112.5,1.3599603290246456
2024-05-11 20:45:00,105031194,-0.03322818041469827,-0.08204668445059968,0.015590323621203127,33.4122281035946,-112.50028495142833,10063,0.0,33.4,-112.5,1.3599603290246456
2024-05-11 20:46:00,105031194,0.061920109858562354,0.002582819307313966,0.12125740040981074,33.4122281035946,-112.50028495142833,10063,0.0,33.4,-112.5,1.3599603290246456
2024-05-11 20:47:00,105031194,0.05493087191187209,0.028462417844090218,0.08139932597965396,33.4122281035946,-112.50028495142833,10063,0.1,33.4,-112.5,1.3599603290246456
2024-05-11 20:48:00,105031194,-0.0009440525939978277,-0.018752462802406097,0.016864357614410443,33.4122281035946,-112.50028495142833,10063,0.1,33.4,-112.5,1.3599603290246456
2024-05-11 20:49:00,105031194,0.044107787795703304,0.01396186559473922,0.07425370999666739,33.4122281035946,-112.50028495142833,10063,0.1,33.4,-112.5,1.3599603290246456
2024-05-11 20:50:00,105031194,0.10491853482552388,0.0438569448345852,0.16598012481646257,33.4122281035946,-112.50028495142833,10063,0.0,33.4,-112.5,1.3599603290246456
2024-05-11 20:51:00,105031194,0.1223569123709299,0.038006052180453095,0.2067077725614067,33.4122281035946,-112.50028495142833,10063,0.0,33.4,-112.5,1.3599603290246456
2024-05-11 20:52:00,105031194,0.10341620283101552,0.04080972885711742,0.16602267680491362,33.4122281035946,-112.50028495142833,10063,0.0,33.4,-112.5,1.3599603290246456
2024-05-11 20:53:00,105031194,0.050916795172249694,-0.01911597306916788,0.12094956341366728,33.4122281035946,-112.50028495142833,10063,0.0,33.4,-112.5,1.3599603290246456
2024-05-11 20:54:00,105031194,0.08901029316002951,0.025509200527276496,0.1525113857927825,33.4122281035946,-112.50028495142833,10063,-0.1,33.4,-112.5,1.3599603290246456
2024-05-11 20:55:00,105031194,0.056891356659231805,-0.0030096709995978965,0.1167923843180615,33.4122281035946,-112.50028495142833,10063,0.0,33.4,-112.5,1.3599603290246456
2024-05-11 20:56:00,105031194,0.05960159996561799,0.012597371649457248,0.10660582828177874,33.4122281035946,-112.50028495142833,10063,0.1,33.4,-112.5,1.3599603290246456
2024-05-11 20:57:00,105031194,0.16348244528838182,0.018786193763151604,0.30817869681361204,33.4122281035946,-112.50028495142833,10063,-0.1,33.4,-112.5,1.3599603290246456
2024-05-11 20:58:00,105031194,0.2819762512029646,0.08358510328806068,0.4803673991178685,33.4122281035946,-112.50028495142833,10063,-0.3,33.4,-112.5,1.3599603290246456
2024-05-11 20:59:00,105031194,0.22103111323886515,0.07100202851482668,0.3710601979629036,33.4122281035946,-112.50028495142833,10063,-0.2,33.4,-112.5,1.3599603290246456
2024-05-11 21:00:00,105031194,0.09799914240322419,0.012209915315220171,0.1837883694912282,33.4122281035946,-112.50028495142833,10063,0.0,33.4,-112.5,1.3599603290246456
2024-05-11 21:01:00,105031194,0.1533755948568664,0.08362108200849136,0.22313010770524142,33.4122281035946,-112.50028495142833,10063,0.0,33.4,-112.5,1.3599603290246456
2024-05-11 21:02:00,105031194,0.17502463816368677,0.09388971943946643,0.2561595568879071,33.4122281035946,-112.50028495142833,10063,0.0,33.4,-112.5,1.3599603290246456
2024-05-11 21:03:00,105031194,0.0931428934569718,0.03315608105128076,0.15312970586266283,33.4122281035946,-112.50028495142833,10063,0.0,33.4,-112.5,1.3599603290246456
2024-05-11 21:04:00,105031194,0.154015334840061,0.09102873071173509,0.2170019389683869,33.4122281035946,-112.50028495142833,10063,0.0,33.4,-112.5,1.3599603290246456
2024-05-11 21:05:00,105031194,0.02309057563443754,-0.00827736022336998,0.05445851149224506,33.4122281035946,-112.50028495142833,10063,0.0,33.4,-112.5,1.3599603290246456
2024-05-11 21:06:00,105031194,-0.1778101734583614,-0.24741545909881166,-0.10820488781791113,33.4122281035946,-112.50028495142833,10063,0.2,33.4,-112.5,1.3599603290246456
2024-05-11 21:07:00,105031194,-0.1765854728805983,-0.29262365194326995,-0.06054729381792669,33.4122281035946,-112.50028495142833,10063,0.3,33.4,-112.5,1.3599603290246456
2024-05-11 21:08:00,105031194,-0.14282412548318393,-0.22936514867276164,-0.056283102293606224,33.4122281035946,-112.50028495142833,10063,0.4,33.4,-112.5,1.3599603290246456
2024-05-11 21:09:00,105031194,-0.15972336877321527,-0.23199107834381288,-0.08745565920261765,33.4122281035946,-112.50028495142833,10063,0.2,33.4,-112.5,1.3599603290246456
2024-05-11 21:10:00,105031194,-0.15229142934578777,-0.23472542150028047,-0.06985743719129504,33.4122281035946,-112.50028495142833,10063,0.3,33.4,-112.5,1.3599603290246456
2024-05-11 21:11:00,105031194,-0.19308378354980046,-0.3005144524679691,-0.08565311463163182,33.4122281035946,-112.50028495142833,10063,0.3,33.4,-112.5,1.3599603290246456
2024-05-11 21:12:00,105031194,-0.1288321614878154,-0.18939588827474654,-0.06826843470088426,33.4122281035946,-112.50028495142833,10063,0.3,33.4,-112.5,1.3599603290246456
2024-05-11 21:13:00,105031194,0.12054207757200561,0.0345033395517801,0.20658081559223113,33.4122281035946,-112.50028495142833,10063,0.0,33.4,-112.5,1.3599603290246456
2024-05-11 21:14:00,105031194,0.1223341225341393,0.008938498714980009,0.2357297463532986,33.4122281035946,-112.50028495142833,10063,-0.1,33.4,-112.5,1.3599603290246456
2024-05-11 21:15:00,105031194,0.333026401709093,0.15455660093670986,0.5114962024814761,33.4122281035946,-112.50028495142833,10063,-0.2,33.4,-112.5,1.3599603290246456
2024-05-11 21:16:00,105031194,0.25026306058388126,0.0918312956264094,0.4086948255413531,33.4122281035946,-112.50028495142833,10063,-0.3,33.4,-112.5,1.3599603290246456
2024-05-11 21:17:00,105031194,0.2282498837407809,0.10346024313882199,0.3530395243427398,33.4122281035946,-112.50028495142833,10063,-0.1,33.4,-112.5,1.3599603290246456
2024-05-11 21:18:00,105031194,0.08247365004344806,0.020511965430684467,0.14443533465621167,33.4122281035946,-112.50028495142833,10063,-0.1,33.4,-112.5,1.3599603290246456
2024-05-11 21:19:00,105031194,-0.0011902931232298638,-0.04704459265045779,0.044664006403998056,33.4122281035946,-112.50028495142833,10063,0.0,33.4,-112.5,1.3599603290246456
2024-05-11 21:20:00,105031194,-0.03232677009402054,-0.05964788078686673,-0.005005659401174346,33.4122281035946,-112.50028495142833,10063,0.1,33.4,-112.5,1.3599603290246456
2024-05-11 21:21:00,105031194,0.05666759621613381,0.03204229431113104,0.08129289812113659,33.4122281035946,-112.50028495142833,10063,0.2,33.4,-112.5,1.3599603290246456
2024-05-11 21:22:00,105031194,0.03751222759235492,0.020078767931818522,0.05494568725289131,33.4122281035946,-112.50028495142833,10063,0.1,33.4,-112.5,1.3599603290246456
2024-05-11 21:23:00,105031194,0.07158148463087198,0.04367490046921848,0.09948806879252547,33.4122281035946,-112.50028495142833,10063,0.1,33.4,-112.5,1.3599603290246456
2024-05-11 21:24:00,105031194,0.13727270100116357,0.07605133827053287,0.19849406373179426,33.4122281035946,-112.50028495142833,10063,0.0,33.4,-112.5,1.3599603290246456
2024-05-11 21:25:00,105031194,0.10795002529557496,0.033429912773477094,0.18247013781767282,33.4122281035946,-112.50028495142833,10063,-0.1,33.4,-112.5,1.3599603290246456
2024-05-11 21:26:00,105031194,0.0830125933828738,0.04701635234894727,0.11900883441680032,33.4122281035946,-112.50028495142833,10063,0.0,33.4,-112.5,1.3599603290246456
2024-05-11 21:27:00,105031194,-0.007421308397794489,-0.012811223885650515,-0.002031392909938462,33.4122281035946,-112.50028495142833,10063,0.1,33.4,-112.5,1.3599603290246456
2024-05-11 21:28:00,105031194,0.006102319762084264,-0.023974795813737168,0.0361794353379057,33.4122281035946,-112.50028495142833,10063,0.1,33.4,-112.5,1.3599603290246456
2024-05-11 21:29:00,105031194,0.025594215496663276,0.004311609908073409,0.046876821085253144,33.4122281035946,-112.50028495142833,10063,0.1,33.4,-112.5,1.3599603290246456
2024-05-11 21:30:00,105031194,-0.005171248960982039,-0.01460189329374276,0.004259395371778681,33.4122281035946,-112.50028495142833,10063,0.1,33.4,-112.5,1.3599603290246456
2024-05-11 21:31:00,105031194,-0.038302747957420606,-0.07571376205891664,-0.0008917338559245799,33.4122281035946,-112.50028495142833,10063,0.1,33.4,-112.5,1.3599603290246456
2024-05-11 21:32:00,105031194,-0.11931444068566516,-0.19854235109624754,-0.04008653027508277,33.4122281035946,-112.50028495142833,10063,0.3,33.4,-112.5,1.3599603290246456
2024-05-11 21:33:00,105031194,-0.05711347616618566,-0.09491954032320919,-0.019307412009162125,33.4122281035946,-112.50028495142833,10063,0.2,33.4,-112.5,1.3599603290246456
2024-05-11 21:34:00,105031194,-0.06234360955635734,-0.09858983998290818,-0.026097379129806503,33.4122281035946,-112.50028495142833,10063,0.2,33.4,-112.5,1.3599603290246456
2024-05-11 21:35:00,105031194,0.016795666708244346,0.007965365981380182,0.02562596743510851,33.4122281035946,-112.50028495142833,10063,0.1,33.4,-112.5,1.3599603290246456
2024-05-11 21:36:00,105031194,-0.07195496618970038,-0.12549099392399246,-0.01841893845540829,33.4122281035946,-112.50028495142833,10063,0.2,33.4,-112.5,1.3599603290246456
2024-05-11 21:37:00,105031194,-0.10694528378710795,-0.1658626358132771,-0.048027931760938815,33.4122281035946,-112.50028495142833,10063,0.3,33.4,-112.5,1.3599603290246456
2024-05-11 21:38:00,105031194,-0.02452426766964314,-0.050724292955986995,0.0016757576167007182,33.4122281035946,-112.50028495142833,10063,0.0,33.4,-112.5,1.3599603290246456
2024-05-11 21:39:00,105031194,0.023810285023637676,0.006469032982124215,0.041151537065151136,33.4122281035946,-112.50028495142833,10063,0.1,33.4,-112.5,1.3599603290246456
2024-05-11 21:40:00,105031194,0.05929286181599947,0.03652132596109869,0.08206439767090026,33.4122281035946,-112.50028495142833,10063,0.1,33.4,-112.5,1.3599603290246456
2024-05-11 21:41:00,105031194,0.05326213272392603,-0.025825767337509624,0.13235003278536167,33.4122281035946,-112.50028495142833,10063,0.1,33.4,-112.5,1.3599603290246456
2024-05-11 21:42:00,105031194,0.027337087386159992,-0.019404720321092795,0.07407889509341278,33.4122281035946,-112.50028495142833,10063,-0.1,33.4,-112.5,1.3599603290246456
2024-05-11 21:43:00,105031194,0.05875239706544829,-0.006727777755643698,0.12423257188654027,33.4122281035946,-112.50028495142833,10063,0.0,33.4,-112.5,1.3599603290246456
2024-05-11 21:44:00,105031194,0.15275765679683886,0.08734711305586997,0.21816820053780778,33.4122281035946,-112.50028495142833,10063,0.0,33.4,-112.5,1.3599603290246456
2024-05-11 21:45:00,105031194,0.051667046146095505,0.00907080761816436,0.09426328467402664,33.4122281035946,-112.50028495142833,10063,0.1,33.4,-112.5,1.3599603290246456
2024-05-11 21:46:00,105031194,-0.011895666435206417,-0.01876612635266216,-0.005025206517750674,33.4122281035946,-112.50028495142833,10063,0.1,33.4,-112.5,1.3599603290246456
2024-05-11 21:47:00,105031194,-0.04129033740737715,-0.08239240448292912,-0.00018827033182518965,33.4122281035946,-112.50028495142833,10063,0.2,33.4,-112.5,1.3599603290246456
2024-05-11 21:48:00,105031194,0.019941055148435288,-0.010179516228799076,0.05006162652566965,33.4122281035946,-112.50028495142833,10063,0.2,33.4,-112.5,1.3599603290246456
2024-05-11 21:49:00,105031194,0.0176381641839746,-6.299597608784915e-05,0.035339324344037054,33.4122281035946,-112.50028495142833,10063,0.1,33.4,-112.5,1.3599603290246456
2024-05-11 21:50:00,105031194,0.054885701108303736,0.033294923993804515,0.07647647822280296,33.4122281035946,-112.50028495142833,10063,0.1,33.4,-112.5,1.3599603290246456
2024-05-11 21:51:00,105031194,0.06146963647062561,0.035838842400375645,0.08710043054087557,33.4122281035946,-112.50028495142833,10063,0.1,33.4,-112.5,1.3599603290246456
2024-05-11 21:52:00,105031194,0.061777843544924896,0.03527951606108547,0.08827617102876432,33.4122281035946,-112.50028495142833,10063,0.0,33.4,-112.5,1.3599603290246456
2024-05-11 21:53:00,105031194,0.026566464334037324,0.00031200624786112754,0.05282092242021352,33.4122281035946,-112.50028495142833,10063,0.0,33.4,-112.5,1.3599603290246456
2024-05-11 21:54:00,105031194,-0.03283259638003511,-0.051365051063125555,-0.014300141696944671,33.4122281035946,-112.50028495142833,10063,0.1,33.4,-112.5,1.3599603290246456
2024-05-11 21:55:00,105031194,-0.04721570128217844,-0.07783733069701965,-0.01659407186733723,33.4122281035946,-112.50028495142833,10063,0.2,33.4,-112.5,1.3599603290246456
2024-05-11 21:56:00,105031194,-0.024977710039355516,-0.06377828784379251,0.013822867765081483,33.4122281035946,-112.50028495142833,10063,0.2,33.4,-112.5,1.3599603290246456
2024-05-11 21:57:00,105031194,-0.004369164036467639,-0.03429578514436989,0.025557457071434614,33.4122281035946,-112.50028495142833,10063,0.1,33.4,-112.5,1.3599603290246456
2024-05-11 21:58:00,105031194,-0.039256613564062695,-0.09830277076131615,0.019789543633190756,33.4122281035946,-112.50028495142833,10063,0.2,33.4,-112.5,1.3599603290246456
2024-05-11 21:59:00,105031194,-0.08444929024285432,-0.15182469510828903,-0.017073885377419606,33.4122281035946,-112.50028495142833,10063,0.2,33.4,-112.5,1.3599603290246456
2024-05-11 22:00:00,105031194,-0.11840920914653082,-0.20877250334888803,-0.02804591494417362,33.4122281035946,-112.50028495142833,10063,0.2,33.4,-112.5,1.3599603290246456
2024-05-11 22:01:00,105031194,-0.04314188312308485,-0.07923454058768681,-0.0070492256584828855,33.4122281035946,-112.50028495142833,10063,0.1,33.4,-112.5,1.3599603290246456
2024-05-11 22:02:00,105031194,-0.08864549633886454,-0.15881559935221612,-0.01847539332551297,33.4122281035946,-112.50028495142833,10063,0.2,33.4,-112.5,1.3599603290246456
2024-05-11 22:03:00,105031194,-0.10999444950772286,-0.17673320621415436,-0.04325569280129135,33.4122281035946,-112.50028495142833,10063,0.2,33.4,-112.5,1.3599603290246456
2024-05-11 22:04:00,105031194,-0.03972464391519228,-0.0742775436350395,-0.005171744195345072,33.4122281035946,-112.50028495142833,10063,0.1,33.4,-112.5,1.3599603290246456
2024-05-11 22:05:00,105031194,0.017698983487727155,-0.005457855826166615,0.04085582280162092,33.4122281035946,-112.50028495142833,10063,0.1,33.4,-112.5,1.3599603290246456
2024-05-11 22:06:00,105031194,-0.0691848067827301,-0.11191893697574476,-0.02645067658971545,33.4122281035946,-112.50028495142833,10063,0.0,33.4,-112.5,1.3599603290246456
2024-05-11 22:07:00,105031194,-0.33295593544739277,-0.5383834565298315,-0.12752841436495396,33.4122281035946,-112.50028495142833,10063,0.5,33.4,-112.5,1.3599603290246456
2024-05-11 22:08:00,105031194,-0.2673675169594082,-0.4904491063204105,-0.04428592759840591,33.4122281035946,-112.50028495142833,10063,0.4,33.4,-112.5,1.3599603290246456
2024-05-11 22:09:00,105031194,-0.04190511210477429,-0.08760445246870344,0.003794228259154854,33.4122281035946,-112.50028495142833,10063,0.1,33.4,-112.5,1.3599603290246456
2024-05-11 22:10:00,105031194,0.020455290374339075,0.011942185663194394,0.028968395085483753,33.4122281035946,-112.50028495142833,10063,0.0,33.4,-112.5,1.3599603290246456
2024-05-11 22:11:00,105031194,-0.15919383494230105,-0.2241027784966948,-0.09428489138790731,33.4122281035946,-112.50028495142833,10063,0.1,33.4,-112.5,1.3599603290246456
2024-05-11 22:12:00,105031194,-0.34558676762324303,-0.5091854286497512,-0.18198810659673484,33.4122281035946,-112.50028495142833,10063,0.3,33.4,-112.5,1.3599603290246456
2024-05-11 22:13:00,105031194,-0.21644121457618093,-0.33360490594542525,-0.0992775232069366,33.4122281035946,-112.50028495142833,10063,0.2,33.4,-112.5,1.3599603290246456
2024-05-11 22:14:00,105031194,-0.012805534544102392,-0.061240269305486233,0.03562920021728144,33.4122281035946,-112.50028495142833,10063,0.1,33.4,-112.5,1.3599603290246456
2024-05-11 22:15:00,105031194,0.022023337865260357,0.005127962075331168,0.03891871365518955,33.4122281035946,-112.50028495142833,10063,0.1,33.4,-112.5,1.3599603290246456
2024-05-11 22:16:00,105031194,0.07463779656224635,0.03388240038022684,0.11539319274426586,33.4122281035946,-112.50028495142833,10063,-0.1,33.4,-112.5,1.3599603290246456
2024-05-11 22:17:00,105031194,0.06678333596968591,-0.012932196306820631,0.14649886824619246,33.4122281035946,-112.50028495142833,10063,-0.1,33.4,-112.5,1.3599603290246456
2024-05-11 22:18:00,105031194,0.05187719630760655,-0.0011145892688020562,0.10486898188401517,33.4122281035946,-112.50028495142833,10063,0.0,33.4,-112.5,1.3599603290246456
2024-05-11 22:19:00,105031194,-0.03184567143105774,-0.05948648813064912,-0.00420485473146635,33.4122281035946,-112.50028495142833,10063,0.0,33.4,-112.5,1.3599603290246456
2024-05-11 22:20:00,105031194,-0.13254683249712676,-0.2020377923305396,-0.06305587266371393,33.4122281035946,-112.50028495142833,10063,0.1,33.4,-112.5,1.3599603290246456
2024-05-11 22:21:00,105031194,-0.09651757638585196,-0.1727823380926085,-0.020252814679095413,33.4122281035946,-112.50028495142833,10063,0.2,33.4,-112.5,1.3599603290246456
2024-05-11 22:22:00,105031194,-0.021139724507340366,-0.07343936793947194,0.0311599189247912,33.4122281035946,-112.50028495142833,10063,0.1,33.4,-112.5,1.3599603290246456
2024-05-11 22:23:00,105031194,0.012561123732013258,-0.020277893871674495,0.04540014133570101,33.4122281035946,-112.50028495142833,10063,0.1,33.4,-112.5,1.3599603290246456
2024-05-11 22:24:00,105031194,0.010414820200548318,0.00452745072650135,0.016302189674595284,33.4122281035946,-112.50028495142833,10063,0.0,33.4,-112.5,1.3599603290246456
2024-05-11 22:25:00,105031194,-0.0940606907017792,-0.14857352587240114,-0.03954785553115729,33.4122281035946,-112.50028495142833,10063,0.1,33.4,-112.5,1.3599603290246456
2024-05-11 22:26:00,105031194,-0.1390107963887746,-0.19884964881101788,-0.0791719439665313,33.4122281035946,-112.50028495142833,10063,0.1,33.4,-112.5,1.3599603290246456
2024-05-11 22:27:00,105031194,-0.07858917984485925,-0.11318161858622898,-0.043996741103489515,33.4122281035946,-112.50028495142833,10063,0.0,33.4,-112.5,1.3599603290246456
2024-05-11 22:28:00,105031194,0.030903320859565576,0.0039803070967707535,0.0578263346223604,33.4122281035946,-112.50028495142833,10063,0.0,33.4,-112.5,1.3599603290246456
2024-05-11 22:29:00,105031194,-0.00108044108523693,-0.008949487345450853,0.006788605174976993,33.4122281035946,-112.50028495142833,10063,-0.1,33.4,-112.5,1.3599603290246456
2024-05-11 22:30:00,105031194,-0.1030050058460959,-0.15608734221727366,-0.04992266947491814,33.4122281035946,-112.50028495142833,10063,0.1,33.4,-112.5,1.3599603290246456
2024-05-11 22:31:00,105031194,-0.07834265963232756,-0.11390388896820902,-0.0427814302964461,33.4122281035946,-112.50028495142833,10063,0.2,33.4,-112.5,1.3599603290246456
2024-05-11 22:32:00,105031194,-0.008132087982904298,-0.020376807952066055,0.004112631986257461,33.4122281035946,-112.50028495142833,10063,0.0,33.4,-112.5,1.3599603290246456
2024-05-11 22:33:00,105031194,-0.06397203076251533,-0.1018728353022493,-0.026071226222781345,33.4122281035946,-112.50028495142833,10063,0.1,33.4,-112.5,1.3599603290246456
2024-05-11 22:34:00,105031194,-0.05169042077307638,-0.0730267215147904,-0.030354120031362362,33.4122281035946,-112.50028495142833,10063,0.1,33.4,-112.5,1.3599603290246456
2024-05-11 22:35:00,105031194,-0.07423878239072687,-0.13557109657487346,-0.012906468206580285,33.4122281035946,-112.50028495142833,10063,0.1,33.4,-112.5,1.3599603290246456
2024-05-11 22:36:00,105031194,-0.15395826787132313,-0.2789025671626195,-0.029013968580026778,33.4122281035946,-112.50028495142833,10063,0.3,33.4,-112.5,1.3599603290246456
2024-05-11 22:37:00,105031194,-0.04278292166195467,-0.08512435637415146,-0.00044148694975788827,33.4122281035946,-112.50028495142833,10063,0.1,33.4,-112.5,1.3599603290246456
2024-05-11 22:38:00,105031194,-0.01412014984156711,-0.07830335010969651,0.0500630504265623,33.4122281035946,-112.50028495142833,10063,0.1,33.4,-112.5,1.3599603290246456
2024-05-11 22:39:00,105031194,-0.08263987005585548,-0.13277454284468254,-0.03250519726702843,33.4122281035946,-112.50028495142833,10063,0.2,33.4,-112.5,1.3599603290246456
2024-05-11 22:40:00,105031194,-0.08592032488986365,-0.12048900456503439,-0.05135164521469291,33.4122281035946,-112.50028495142833,10063,0.0,33.4,-112.5,1.3599603290246456
2024-05-11 22:41:00,105031194,0.003153012993847173,-0.01164350141840156,0.017949527406095907,33.4122281035946,-112.50028495142833,10063,0.0,33.4,-112.5,1.3599603290246456
2024-05-11 22:42:00,105031194,-0.09051862877766184,-0.16160992079901204,-0.019427336756311628,33.4122281035946,-112.50028495142833,10063,0.1,33.4,-112.5,1.3599603290246456
2024-05-11 22:43:00,105031194,-0.17254648972676137,-0.25320797329279476,-0.09188500616072798,33.4122281035946,-112.50028495142833,10063,0.2,33.4,-112.5,1.3599603290246456
2024-05-11 22:44:00,105031194,-0.08200449253654779,-0.14458060133827327,-0.019428383734822308,33.4122281035946,-112.50028495142833,10063,0.1,33.4,-112.5,1.3599603290246456
2024-05-11 22:45:00,105031194,0.07721921009242647,0.04770779902515661,0.10673062115969632,33.4122281035946,-112.50028495142833,10063,0.0,33.4,-112.5,1.3599603290246456
2024-05-11 22:46:00,105031194,0.17100477291628213,0.08484861704498795,0.25716092878757635,33.4122281035946,-112.50028495142833,10063,-0.1,33.4,-112.5,1.3599603290246456
2024-05-11 22:47:00,105031194,0.1458903014486134,0.02879376452922748,0.2629868383679993,33.4122281035946,-112.50028495142833,10063,-0.2,33.4,-112.5,1.3599603290246456
2024-05-11 22:48:00,105031194,0.036986061233492046,0.003987174701873479,0.0699849477651106,33.4122281035946,-112.50028495142833,10063,0.0,33.4,-112.5,1.3599603290246456
2024-05-11 22:49:00,105031194,0.0339071621827972,0.0068292402707471195,0.06098508409484728,33.4122281035946,-112.50028495142833,10063,-0.1,33.4,-112.5,1.3599603290246456
2024-05-11 22:50:00,105031194,-0.10303426272396866,-0.1485993660334672,-0.05746915941447011,33.4122281035946,-112.50028495142833,10063,0.1,33.4,-112.5,1.3599603290246456
2024-05-11 22:51:00,105031194,-0.09870707001433507,-0.1746547470122588,-0.022759393016411347,33.4122281035946,-112.50028495142833,10063,0.2,33.4,-112.5,1.3599603290246456
2024-05-11 22:52:00,105031194,0.041643853927787425,0.024142607309063577,0.05914510054651127,33.4122281035946,-112.50028495142833,10063,0.0,33.4,-112.5,1.3599603290246456
2024-05-11 22:53:00,105031194,0.07761220306736932,0.04673737537217924,0.1084870307625594,33.4122281035946,-112.50028495142833,10063,0.0,33.4,-112.5,1.3599603290246456
2024-05-11 22:54:00,105031194,0.007580804084319883,-0.018459721080061407,0.03362132924870117,33.4122281035946,-112.50028495142833,10063,-0.1,33.4,-112.5,1.3599603290246456
2024-05-11 22:55:00,105031194,0.05842442276950618,0.031551645806955235,0.08529719973205713,33.4122281035946,-112.50028495142833,10063,0.0,33.4,-112.5,1.3599603290246456
2024-05-11 22:56:00,105031194,-0.008862226414044529,-0.017958688145668297,0.00023423531757924172,33.4122281035946,-112.50028495142833,10063,0.0,33.4,-112.5,1.3599603290246456
2024-05-11 22:57:00,105031194,-0.035013239476818094,-0.06494524636009287,-0.005081232593543317,33.4122281035946,-112.50028495142833,10063,0.0,33.4,-112.5,1.3599603290246456
2024-05-11 22:58:00,105031194,0.03897138560753325,0.021308340132096457,0.056634431082970046,33.4122281035946,-112.50028495142833,10063,0.1,33.4,-112.5,1.3599603290246456
2024-05-11 22:59:00,105031194,0.1301195477403541,0.061750434790826536,0.1984886606898817,33.4122281035946,-112.50028495142833,10063,-0.1,33.4,-112.5,1.3599603290246456
2024-05-11 23:00:00,105031194,0.09494311681202844,0.05102684520138081,0.13885938842267606,33.4122281035946,-112.50028495142833,10063,-0.1,33.4,-112.5,1.3599603290246456
2024-05-11 23:01:00,105031194,0.09821967327824903,0.044918197394938936,0.15152114916155912,33.4122281035946,-112.50028495142833,10063,-0.1,33.4,-112.5,1.3599603290246456
2024-05-11 23:02:00,105031194,0.10351749953723695,0.04857706887156079,0.1584579302029131,33.4122281035946,-112.50028495142833,10063,-0.1,33.4,-112.5,1.3599603290246456
2024-05-11 23:03:00,105031194,0.07486166956895839,0.012054159851850196,0.1376691792860666,33.4122281035946,-112.50028495142833,10063,-0.1,33.4,-112.5,1.3599603290246456
2024-05-11 23:04:00,105031194,-0.015708447693253146,-0.06270945267454194,0.03129255728803565,33.4122281035946,-112.50028495142833,10063,0.1,33.4,-112.5,1.3599603290246456
2024-05-11 23:05:00,105031194,-0.03402193352623617,-0.081199205314563,0.013155338262090657,33.4122281035946,-112.50028495142833,10063,0.1,33.4,-112.5,1.3599603290246456
2024-05-11 23:06:00,105031194,-0.04341648996935538,-0.08154018880298484,-0.005292791135725922,33.4122281035946,-112.50028495142833,10063,0.1,33.4,-112.5,1.3599603290246456
2024-05-11 23:07:00,105031194,0.04019379387537448,-0.007960379898995167,0.08834796764974412,33.4122281035946,-112.50028495142833,10063,0.1,33.4,-112.5,1.3599603290246456
2024-05-11 23:08:00,105031194,0.006177869519158771,-0.017191062701399553,0.029546801739717094,33.4122281035946,-112.50028495142833,10063,0.0,33.4,-112.5,1.3599603290246456
2024-05-11 23:09:00,105031194,0.013084846658647191,-0.014936234715538824,0.04110592803283321,33.4122281035946,-112.50028495142833,10063,0.1,33.4,-112.5,1.3599603290246456
2024-05-11 23:10:00,105031194,-0.03875692579022873,-0.07824889536783391,0.0007350437873764673,33.4122281035946,-112.50028495142833,10063,0.1,33.4,-112.5,1.3599603290246456
2024-05-11 23:11:00,105031194,-0.03145501333326997,-0.0727899969729521,0.009879970306412168,33.4122281035946,-112.50028495142833,10063,0.1,33.4,-112.5,1.3599603290246456
2024-05-11 23:12:00,105031194,-0.051747588457985605,-0.11156837882711712,0.008073201911145904,33.4122281035946,-112.50028495142833,10063,0.1,33.4,-112.5,1.3599603290246456
2024-05-11 23:13:00,105031194,-0.024723751768327758,-0.06928324765379829,0.019835744117142777,33.4122281035946,-112.50028495142833,10063,0.1,33.4,-112.5,1.3599603290246456
2024-05-11 23:14:00,105031194,-0.03863891647146612,-0.11423330973566512,0.03695547679273289,33.4122281035946,-112.50028495142833,10063,0.1,33.4,-112.5,1.3599603290246456
2024-05-11 23:15:00,105031194,-0.007728715477718478,-0.03365711523721462,0.018199684281777664,33.4122281035946,-112.50028495142833,10063,0.1,33.4,-112.5,1.3599603290246456
2024-05-11 23:16:00,105031194,0.00947904202604314,-0.018195034403544297,0.037153118455630574,33.4122281035946,-112.50028495142833,10063,0.0,33.4,-112.5,1.3599603290246456
2024-05-11 23:17:00,105031194,0.042627170955923326,0.023588527741535893,0.06166581417031076,33.4122281035946,-112.50028495142833,10063,0.0,33.4,-112.5,1.3599603290246456
2024-05-11 23:18:00,105031194,0.023369454912378722,0.00830413575159611,0.038434774073161336,33.4122281035946,-112.50028495142833,10063,0.0,33.4,-112.5,1.3599603290246456
2024-05-11 23:19:00,105031194,-0.02658985016178509,-0.04498364558143701,-0.008196054742133165,33.4122281035946,-112.50028495142833,10063,0.0,33.4,-112.5,1.3599603290246456
2024-05-11 23:20:00,105031194,-0.09248022822649184,-0.15794420202841453,-0.027016254424569133,33.4122281035946,-112.50028495142833,10063,0.1,33.4,-112.5,1.3599603290246456
2024-05-11 23:21:00,105031194,-0.08263747990573042,-0.13755403735666005,-0.027720922454800796,33.4122281035946,-112.50028495142833,10063,0.1,33.4,-112.5,1.3599603290246456
2024-05-11 23:22:00,105031194,-0.11611594434186845,-0.19664559643347307,-0.03558629225026384,33.4122281035946,-112.50028495142833,10063,0.1,33.4,-112.5,1.3599603290246456
2024-05-11 23:23:00,105031194,-0.08780435839887325,-0.16350935845736747,-0.012099358340379035,33.4122281035946,-112.50028495142833,10063,0.2,33.4,-112.5,1.3599603290246456
2024-05-11 23:24:00,105031194,-0.05432465802227499,-0.1278386242386496,0.019189308194099634,33.4122281035946,-112.50028495142833,10063,0.1,33.4,-112.5,1.3599603290246456
2024-05-11 23:25:00,105031194,-0.010033292347301844,-0.023408218157310184,0.0033416334627064948,33.4122281035946,-112.50028495142833,10063,0.0,33.4,-112.5,1.3599603290246456
2024-05-11 23:26:00,105031194,-0.02052653220841209,-0.06557777957704279,0.024524715160218608,33.4122281035946,-112.50028495142833,10063,0.1,33.4,-112.5,1.3599603290246456
2024-05-11 23:27:00,105031194,-0.09368528799863736,-0.1612361582131464,-0.02613441778412831,33.4122281035946,-112.50028495142833,10063,0.1,33.4,-112.5,1.3599603290246456
2024-05-11 23:28:00,105031194,-0.19537591026135415,-0.32586258492458525,-0.06488923559812304,33.4122281035946,-112.50028495142833,10063,0.2,33.4,-112.5,1.3599603290246456
2024-05-11 23:29:00,105031194,-0.18474908774417537,-0.32757777889569445,-0.041920396592656284,33.4122281035946,-112.50028495142833,10063,0.3,33.4,-112.5,1.3599603290246456
2024-05-11 23:30:00,105031194,-0.08051450870866084,-0.1712659939867156,0.010236976569393916,33.4122281035946,-112.50028495142833,10063,0.2,33.4,-112.5,1.3599603290246456
2024-05-11 23:31:00,105031194,0.07186211856288653,0.03324192306828373,0.11048231405748933,33.4122281035946,-112.50028495142833,10063,0.0,33.4,-112.5,1.3599603290246456
2024-05-11 23:32:00,105031194,0.07369475082183878,0.043995506702975064,0.1033939949407025,33.4122281035946,-112.50028495142833,10063,-0.1,33.4,-112.5,1.3599603290246456
2024-05-11 23:33:00,105031194,-0.007260085135159788,-0.02188095188630578,0.007360781615986204,33.4122281035946,-112.50028495142833,10063,0.0,33.4,-112.5,1.3599603290246456
2024-05-11 23:34:00,105031194,-0.051900857748701686,-0.11757345705624442,0.013771741558841054,33.4122281035946,-112.50028495142833,10063,0.0,33.4,-112.5,1.3599603290246456
2024-05-11 23:35:00,105031194,-0.03143168060535146,-0.06103810236533352,-0.0018252588453694027,33.4122281035946,-112.50028495142833,10063,0.0,33.4,-112.5,1.3599603290246456
2024-05-11 23:36:00,105031194,-0.07353803312371224,-0.15613332892867043,0.009057262681245959,33.4122281035946,-112.50028495142833,10063,0.1,33.4,-112.5,1.3599603290246456
2024-05-11 23:37:00,105031194,-0.049295798421473844,-0.11504991816789147,0.016458321324943778,33.4122281035946,-112.50028495142833,10063,0.1,33.4,-112.5,1.3599603290246456
2024-05-11 23:38:00,105031194,-0.06367559774115987,-0.14881769548066023,0.021466499998340494,33.4122281035946,-112.50028495142833,10063,0.1,33.4,-112.5,1.3599603290246456
2024-05-11 23:39:00,105031194,-0.029407346293833667,-0.07681298931442439,0.017998296726757054,33.4122281035946,-112.50028495142833,10063,0.1,33.4,-112.5,1.3599603290246456
2024-05-11 23:40:00,105031194,-0.03855803408617688,-0.11218018829939097,0.0350641201270372,33.4122281035946,-112.50028495142833,10063,0.0,33.4,-112.5,1.3599603290246456
2024-05-11 23:41:00,105031194,-0.07162219054972459,-0.13139105388261244,-0.011853327216836747,33.4122281035946,-112.50028495142833,10063,0.1,33.4,-112.5,1.3599603290246456
2024-05-11 23:42:00,105031194,-0.150697002496718,-0.2843535585495792,-0.01704044644385677,33.4122281035946,-112.50028495142833,10063,0.2,33.4,-112.5,1.3599603290246456
2024-05-11 23:43:00,105031194,-0.11933844142847938,-0.24093849102471773,0.0022616081677589717,33.4122281035946,-112.50028495142833,10063,0.3,33.4,-112.5,1.3599603290246456
2024-05-11 23:44:00,105031194,-0.1693180827234281,-0.29448695370676825,-0.04414921174008793,33.4122281035946,-112.50028495142833,10063,0.2,33.4,-112.5,1.3599603290246456
2024-05-11 23:45:00,105031194,-0.043663324976083835,-0.11934261426908899,0.03201596431692132,33.4122281035946,-112.50028495142833,10063,0.1,33.4,-112.5,1.3599603290246456
2024-05-11 23:46:00,105031194,-0.0327310817991015,-0.08660554202204365,0.021143378423840654,33.4122281035946,-112.50028495142833,10063,0.0,33.4,-112.5,1.3599603290246456
2024-05-11 23:47:00,105031194,-0.07200480178920529,-0.10654507816578535,-0.037464525412625245,33.4122281035946,-112.50028495142833,10063,0.0,33.4,-112.5,1.3599603290246456
2024-05-11 23:48:00,105031194,-0.12097701233041994,-0.21720228377321793,-0.024751740887621942,33.4122281035946,-112.50028495142833,10063,0.1,33.4,-112.5,1.3599603290246456
2024-05-11 23:49:00,105031194,-0.07237304606151658,-0.12677326368286118,-0.01797282844017198,33.4122281035946,-112.50028495142833,10063,0.1,33.4,-112.5,1.3599603290246456
2024-05-11 23:50:00,105031194,-0.14160396008843318,-0.25342264449453533,-0.029785275682331025,33.4122281035946,-112.50028495142833,10063,0.1,33.4,-112.5,1.3599603290246456
2024-05-11 23:51:00,105031194,-0.12815128675753013,-0.22923020645534636,-0.027072367059713887,33.4122281035946,-112.50028495142833,10063,0.1,33.4,-112.5,1.3599603290246456
2024-05-11 23:52:00,105031194,-0.10916127835824632,-0.20795946600075543,-0.010363090715737225,33.4122281035946,-112.50028495142833,10063,0.1,33.4,-112.5,1.3599603290246456
2024-05-11 23:53:00,105031194,0.0036768318365709243,-0.013372212918144217,0.020725876591286066,33.4122281035946,-112.50028495142833,10063,0.0,33.4,-112.5,1.3599603290246456
2024-05-11 23:54:00,105031194,-0.0907852642323227,-0.19936065930756497,0.01779013084291957,33.4122281035946,-112.50028495142833,10063,0.1,33.4,-112.5,1.3599603290246456
2024-05-11 23:55:00,105031194,-0.04435511072964549,-0.0685153446740367,-0.02019487678525429,33.4122281035946,-112.50028495142833,10063,0.1,33.4,-112.5,1.3599603290246456
2024-05-11 23:56:00,105031194,-0.13442085712187035,-0.2655811796677554,-0.003260534575985269,33.4122281035946,-112.50028495142833,10063,0.1,33.4,-112.5,1.3599603290246456
2024-05-11 23:57:00,105031194,0.026811367070348337,0.0035383079873802514,0.05008442615331642,33.4122281035946,-112.50028495142833,10063,0.1,33.4,-112.5,1.3599603290246456
2024-05-11 23:58:00,105031194,-0.1423156774641453,-0.33992314904274645,0.05529179411445587,33.4122281035946,-112.50028495142833,10063,0.1,33.4,-112.5,1.3599603290246456
2024-05-11 23:59:00,105031194,0.11383924494556343,-0.12399903300633024,0.3516775228974571,33.4122281035946,-112.50028495142833,10063,0.1,33.4,-112.5,1.3599603290246456
2024-05-12 00:00:00,105031194,0.4615060731760475,-0.5399133786093978,1.4629255249614928,33.4122281035946,-112.50028495142833,10063,0.1,33.4,-112.5,1.3599603290246456
2024-05-12 00:01:00,105031194,0.040583638916710664,-0.15927593128174056,0.24044320911516187,33.4122281035946,-112.50028495142833,10063,0.1,33.4,-112.5,1.3599603290246456
2024-05-12 00:02:00,105031194,0.20533628310316143,-0.17882409069399602,0.5894966569003188,33.4122281035946,-112.50028495142833,10063,-0.1,33.4,-112.5,1.3599603290246456
2024-05-12 00:03:00,105031194,0.050048030323669446,-0.09741246888029617,0.19750852952763506,33.4122281035946,-112.50028495142833,10063,0.0,33.4,-112.5,1.3599603290246456
2024-05-12 00:04:00,105031194,0.06253448202533902,-0.1692214941348265,0.2942904581855046,33.4122281035946,-112.50028495142833,10063,0.1,33.4,-112.5,1.3599603290246456
2024-05-12 00:05:00,105031194,-0.0056730648085661995,-0.10718019469802899,0.09583406508089658,33.4122281035946,-112.50028495142833,10063,0.0,33.4,-112.5,1.3599603290246456
2024-05-12 00:06:00,105031194,0.03747490490732025,-0.11387234190257373,0.18882215171721423,33.4122281035946,-112.50028495142833,10063,0.0,33.4,-112.5,1.3599603290246456
2024-05-12 00:07:00,105031194,0.036780076381797415,-0.061511628199580094,0.13507178096317493,33.4122281035946,-112.50028495142833,10063,0.0,33.4,-112.5,1.3599603290246456
2024-05-12 00:08:00,105031194,0.021173630432187843,-0.09539242384262688,0.13773968470700257,33.4122281035946,-112.50028495142833,10063,0.0,33.4,-112.5,1.3599603290246456
2024-05-12 00:09:00,105031194,0.007440226904306147,-0.04896142841819445,0.06384188222680674,33.4122281035946,-112.50028495142833,10063,0.0,33.4,-112.5,1.3599603290246456
2024-05-12 00:10:00,105031194,0.06005670486752423,-0.0681848381891893,0.18829824792423777,33.4122281035946,-112.50028495142833,10063,0.0,33.4,-112.5,1.3599603290246456
2024-05-12 00:11:00,105031194,-0.04736274983314841,-0.07490110008863016,-0.019824399577666654,33.4122281035946,-112.50028495142833,10063,0.1,33.4,-112.5,1.3599603290246456
2024-05-12 00:12:00,105031194,-0.02108490039914667,-0.04874004930755582,0.006570248509262484,33.4122281035946,-112.50028495142833,10063,0.2,33.4,-112.5,1.3599603290246456
2024-05-12 00:13:00,105031194,0.012524189481680173,-0.030714222903545557,0.0557626018669059,33.4122281035946,-112.50028495142833,10063,0.1,33.4,-112.5,1.3599603290246456
2024-05-12 00:14:00,105031194,0.09240545334036515,-0.0024102888887940765,0.18722119556952438,33.4122281035946,-112.50028495142833,10063,0.1,33.4,-112.5,1.3599603290246456
2024-05-12 00:15:00,105031194,0.008354058387450456,-0.026556760669918425,0.04326487744481934,33.4122281035946,-112.50028495142833,10063,0.1,33.4,-112.5,1.3599603290246456
2024-05-12 00:16:00,105031194,-0.036705145404597635,-0.06729108426950145,-0.0061192065396938194,33.4122281035946,-112.50028495142833,10063,0.2,33.4,-112.5,1.3599603290246456
2024-05-12 00:17:00,105031194,0.007257755344886063,-0.030449730281098798,0.04496524097087092,33.4122281035946,-112.50028495142833,10063,0.1,33.4,-112.5,1.3599603290246456
2024-05-12 00:18:00,105031194,0.026064469501308172,0.004257529426408207,0.04787140957620814,33.4122281035946,-112.50028495142833,10063,0.0,33.4,-112.5,1.3599603290246456
2024-05-12 00:19:00,105031194,-0.04535953591778281,-0.07356815166780693,-0.017150920167758685,33.4122281035946,-112.50028495142833,10063,0.1,33.4,-112.5,1.3599603290246456
2024-05-12 00:20:00,105031194,-0.028759770317420066,-0.0543654558855803,-0.0031540847492598396,33.4122281035946,-112.50028495142833,10063,0.1,33.4,-112.5,1.3599603290246456
2024-05-12 00:21:00,105031194,0.017582751816741637,-0.0009303400361487038,0.03609584366963198,33.4122281035946,-112.50028495142833,10063,0.0,33.4,-112.5,1.3599603290246456
2024-05-12 00:22:00,105031194,0.08723784613357109,0.02459597111764035,0.14987972114950182,33.4122281035946,-112.50028495142833,10063,0.0,33.4,-112.5,1.3599603290246456
2024-05-12 00:23:00,105031194,0.010083122125015413,-0.03591449224283708,0.05608073649286791,33.4122281035946,-112.50028495142833,10063,0.0,33.4,-112.5,1.3599603290246456
2024-05-12 00:24:00,105031194,-0.030539757142121784,-0.061778586379894834,0.0006990720956512667,33.4122281035946,-112.50028495142833,10063,0.1,33.4,-112.5,1.3599603290246456
2024-05-12 00:25:00,105031194,-0.026510000511130637,-0.04052487739163113,-0.012495123630630144,33.4122281035946,-112.50028495142833,10063,0.1,33.4,-112.5,1.3599603290246456
2024-05-12 00:26:00,105031194,0.027614773883101122,0.0013705372335176512,0.05385901053268459,33.4122281035946,-112.50028495142833,10063,0.0,33.4,-112.5,1.3599603290246456
2024-05-12 00:27:00,105031194,0.005463965935671337,-0.017232371811946007,0.02816030368328868,33.4122281035946,-112.50028495142833,10063,0.0,33.4,-112.5,1.3599603290246456
2024-05-12 00:28:00,105031194,-0.009035056593068459,-0.04367014990668401,0.02560003672054709,33.4122281035946,-112.50028495142833,10063,0.0,33.4,-112.5,1.3599603290246456
2024-05-12 00:29:00,105031194,-0.03060662192946071,-0.043241198512581874,-0.017972045346339546,33.4122281035946,-112.50028495142833,10063,0.1,33.4,-112.5,1.3599603290246456
2024-05-12 00:30:00,105031194,-0.007513821810224223,-0.04192258082114728,0.026894937200698833,33.4122281035946,-112.50028495142833,10063,0.1,33.4,-112.5,1.3599603290246456
2024-05-12 00:31:00,105031194,-0.028347627371829703,-0.040144407416968016,-0.01655084732669139,33.4122281035946,-112.50028495142833,10063,0.1,33.4,-112.5,1.3599603290246456
2024-05-12 00:32:00,105031194,0.010508147538623922,-0.016817116800081165,0.03783341187732901,33.4122281035946,-112.50028495142833,10063,0.0,33.4,-112.5,1.3599603290246456
2024-05-12 00:33:00,105031194,0.029092073249708313,-0.004024640890892814,0.06220878739030944,33.4122281035946,-112.50028495142833,10063,-0.1,33.4,-112.5,1.3599603290246456
2024-05-12 00:34:00,105031194,0.009572401377042291,-0.0368322207177616,0.05597702347184619,33.4122281035946,-112.50028495142833,10063,0.1,33.4,-112.5,1.3599603290246456
2024-05-12 00:35:00,105031194,-0.08902830939347807,-0.12431899933331939,-0.053737619453636754,33.4122281035946,-112.50028495142833,10063,0.1,33.4,-112.5,1.3599603290246456
2024-05-12 00:36:00,105031194,-0.097702585839384,-0.13993643368739594,-0.05546873799137205,33.4122281035946,-112.50028495142833,10063,0.1,33.4,-112.5,1.3599603290246456
2024-05-12 00:37:00,105031194,-0.007768240756753161,-0.021774790756680602,0.0062383092431742785,33.4122281035946,-112.50028495142833,10063,0.0,33.4,-112.5,1.3599603290246456
2024-05-12 00:38:00,105031194,0.0594768464610647,0.003585989984381477,0.11536770293774792,33.4122281035946,-112.50028495142833,10063,-0.1,33.4,-112.5,1.3599603290246456
2024-05-12 00:39:00,105031194,-0.025847054443243235,-0.05106569907571617,-0.0006284098107703015,33.4122281035946,-112.50028495142833,10063,0.0,33.4,-112.5,1.3599603290246456
2024-05-12 00:40:00,105031194,-0.03029820986831284,-0.06534896956664447,0.004752549830018795,33.4122281035946,-112.50028495142833,10063,0.0,33.4,-112.5,1.3599603290246456
2024-05-12 00:41:00,105031194,0.017745661154547458,-0.011967137279546129,0.04745845958864105,33.4122281035946,-112.50028495142833,10063,0.0,33.4,-112.5,1.3599603290246456
2024-05-12 00:42:00,105031194,0.04331156352347357,-0.009917393446853953,0.09654052049380109,33.4122281035946,-112.50028495142833,10063,-0.1,33.4,-112.5,1.3599603290246456
2024-05-12 00:43:00,105031194,0.026235340987679757,-0.01988125384718634,0.07235193582254586,33.4122281035946,-112.50028495142833,10063,-0.1,33.4,-112.5,1.3599603290246456
2024-05-12 00:44:00,105031194,0.0005352582827729231,-0.030375080026203097,0.03144559659174894,33.4122281035946,-112.50028495142833,10063,0.0,33.4,-112.5,1.3599603290246456
2024-05-12 00:45:00,105031194,-0.0226084656603045,-0.03779040124323059,-0.007426530077378406,33.4122281035946,-112.50028495142833,10063,0.0,33.4,-112.5,1.3599603290246456
2024-05-12 00:46:00,105031194,-0.002951011219295909,-0.03665504921309903,0.030753026774507208,33.4122281035946,-112.50028495142833,10063,0.0,33.4,-112.5,1.3599603290246456
2024-05-12 00:47:00,105031194,-0.021197327863473378,-0.06447460471859831,0.022079948991651555,33.4122281035946,-112.50028495142833,10063,-0.1,33.4,-112.5,1.3599603290246456
2024-05-12 00:48:00,105031194,-0.008886374166982855,-0.04972526893378189,0.03195252059981618,33.4122281035946,-112.50028495142833,10063,-0.1,33.4,-112.5,1.3599603290246456
2024-05-12 00:49:00,105031194,0.005702342842310624,-0.028799559060311286,0.04020424474493253,33.4122281035946,-112.50028495142833,10063,-0.1,33.4,-112.5,1.3599603290246456
2024-05-12 00:50:00,105031194,-0.008511151826327966,-0.03921480223665796,0.022192498584002025,33.4122281035946,-112.50028495142833,10063,0.0,33.4,-112.5,1.3599603290246456
2024-05-12 00:51:00,105031194,-0.02528899364035698,-0.035732187948960714,-0.014845799331753244,33.4122281035946,-112.50028495142833,10063,0.0,33.4,-112.5,1.3599603290246456
2024-05-12 00:52:00,105031194,-0.07332070750816909,-0.10317267624734473,-0.043468738768993445,33.4122281035946,-112.50028495142833,10063,0.0,33.4,-112.5,1.3599603290246456
2024-05-12 00:53:00,105031194,-0.086705422766488,-0.12744169908330005,-0.04596914644967595,33.4122281035946,-112.50028495142833,10063,0.1,33.4,-112.5,1.3599603290246456
2024-05-12 00:54:00,105031194,-0.01903430457176748,-0.02719625280570911,-0.010872356337825847,33.4122281035946,-112.50028495142833,10063,0.0,33.4,-112.5,1.3599603290246456
2024-05-12 00:55:00,105031194,0.011505369143002523,-0.032990417076618365,0.05600115536262341,33.4122281035946,-112.50028495142833,10063,0.0,33.4,-112.5,1.3599603290246456
2024-05-12 00:56:00,105031194,0.028148494750563798,-0.014264447501723464,0.07056143700285106,33.4122281035946,-112.50028495142833,10063,-0.1,33.4,-112.5,1.3599603290246456
2024-05-12 00:57:00,105031194,-0.02365348781831402,-0.05105848292751628,0.0037515072908882383,33.4122281035946,-112.50028495142833,10063,0.0,33.4,-112.5,1.3599603290246456
2024-05-12 00:58:00,105031194,-0.0555825231802232,-0.0801809383019089,-0.030984108058537508,33.4122281035946,-112.50028495142833,10063,0.1,33.4,-112.5,1.3599603290246456
2024-05-12 00:59:00,105031194,-0.08834318304638657,-0.1254768688000502,-0.05120949729272291,33.4122281035946,-112.50028495142833,10063,0.1,33.4,-112.5,1.3599603290246456
2024-05-12 01:00:00,105031194,-0.01337133990620673,-0.025706719378932017,-0.0010359604334814441,33.4122281035946,-112.50028495142833,10063,0.0,33.4,-112.5,1.3599603290246456
2024-05-12 01:01:00,105031194,0.02855056914095063,-0.0022387344678877624,0.059339872749789024,33.4122281035946,-112.50028495142833,10063,-0.1,33.4,-112.5,1.3599603290246456
2024-05-12 01:02:00,105031194,-0.005525643821656524,-0.012500942485923747,0.001449654842610698,33.4122281035946,-112.50028495142833,10063,0.0,33.4,-112.5,1.3599603290246456
2024-05-12 01:03:00,105031194,-0.027973242013423147,-0.04626817733026324,-0.009678306696583056,33.4122281035946,-112.50028495142833,10063,0.0,33.4,-112.5,1.3599603290246456
2024-05-12 01:04:00,105031194,-0.052840981169736595,-0.08750120760660053,-0.01818075473287266,33.4122281035946,-112.50028495142833,10063,0.1,33.4,-112.5,1.3599603290246456
2024-05-12 01:05:00,105031194,-0.03024321712911573,-0.06860096902754668,0.008114534769315226,33.4122281035946,-112.50028495142833,10063,0.1,33.4,-112.5,1.3599603290246456
2024-05-12 01:06:00,105031194,0.017482100743558233,0.009038974961115304,0.025925226526001162,33.4122281035946,-112.50028495142833,10063,0.0,33.4,-112.5,1.3599603290246456
2024-05-12 01:07:00,105031194,-0.02183188971559188,-0.061760167795462464,0.0180963883642787,33.4122281035946,-112.50028495142833,10063,0.1,33.4,-112.5,1.3599603290246456
2024-05-12 01:08:00,105031194,-0.056773933909079505,-0.08228966579116591,-0.0312582020269931,33.4122281035946,-112.50028495142833,10063,0.0,33.4,-112.5,1.3599603290246456
2024-05-12 01:09:00,105031194,-0.07764045687359239,-0.13243849365624782,-0.022842420090936948,33.4122281035946,-112.50028495142833,10063,0.0,33.4,-112.5,1.3599603290246456
2024-05-12 01:10:00,105031194,-0.05739026790529135,-0.08190040984343096,-0.032880125967151744,33.4122281035946,-112.50028495142833,10063,0.1,33.4,-112.5,1.3599603290246456
2024-05-12 01:11:00,105031194,-0.0731851048755896,-0.1043273638845141,-0.04204284586666511,33.4122281035946,-112.50028495142833,10063,0.0,33.4,-112.5,1.3599603290246456
2024-05-12 01:12:00,105031194,-0.059422930133036504,-0.08346253821422867,-0.03538332205184434,33.4122281035946,-112.50028495142833,10063,0.0,33.4,-112.5,1.3599603290246456
2024-05-12 01:13:00,105031194,-0.08268591823910636,-0.12032498929279609,-0.04504684718541663,33.4122281035946,-112.50028495142833,10063,0.1,33.4,-112.5,1.3599603290246456
2024-05-12 01:14:00,105031194,-0.023697345019099703,-0.03759003745554089,-0.00980465258265852,33.4122281035946,-112.50028495142833,10063,0.0,33.4,-112.5,1.3599603290246456
2024-05-12 01:15:00,105031194,-0.016129472559051856,-0.02331855293190611,-0.008940392186197601,33.4122281035946,-112.50028495142833,10063,0.0,33.4,-112.5,1.3599603290246456
2024-05-12 01:16:00,105031194,-0.0344482443991577,-0.05273303252321579,-0.016163456275099616,33.4122281035946,-112.50028495142833,10063,0.0,33.4,-112.5,1.3599603290246456
2024-05-12 01:17:00,105031194,-0.08743130893476848,-0.12680560281639247,-0.04805701505314451,33.4122281035946,-112.50028495142833,10063,0.1,33.4,-112.5,1.3599603290246456
2024-05-12 01:18:00,105031194,-0.06757821288557354,-0.10133511692626015,-0.033821308844886926,33.4122281035946,-112.50028495142833,10063,0.0,33.4,-112.5,1.3599603290246456
2024-05-12 01:19:00,105031194,-0.06057136890158655,-0.08850039048397912,-0.03264234731919397,33.4122281035946,-112.50028495142833,10063,0.0,33.4,-112.5,1.3599603290246456
2024-05-12 01:20:00,105031194,-0.004694068607742375,-0.01098015199321057,0.0015920147777258213,33.4122281035946,-112.50028495142833,10063,0.0,33.4,-112.5,1.3599603290246456
2024-05-12 01:21:00,105031194,-0.03853148291235262,-0.055036653753213476,-0.02202631207149177,33.4122281035946,-112.50028495142833,10063,0.0,33.4,-112.5,1.3599603290246456
2024-05-12 01:22:00,105031194,-0.010817055421588555,-0.03795387120784993,0.016319760364672826,33.4122281035946,-112.50028495142833,10063,-0.1,33.4,-112.5,1.3599603290246456
2024-05-12 01:23:00,105031194,-0.10320924002359759,-0.14478689828056196,-0.061631581766633206,33.4122281035946,-112.50028495142833,10063,0.0,33.4,-112.5,1.3599603290246456
2024-05-12 01:24:00,105031194,-0.04152399379285029,-0.06319642676778635,-0.019851560817914227,33.4122281035946,-112.50028495142833,10063,0.0,33.4,-112.5,1.3599603290246456
2024-05-12 01:25:00,105031194,-0.03977729636219858,-0.07175189301117152,-0.0078026997132256345,33.4122281035946,-112.50028495142833,10063,-0.1,33.4,-112.5,1.3599603290246456
2024-05-12 01:26:00,105031194,0.052685973801470526,-0.0068861799488961345,0.11225812755183719,33.4122281035946,-112.50028495142833,10063,-0.1,33.4,-112.5,1.3599603290246456
2024-05-12 01:27:00,105031194,0.03512562566227092,-0.04193909600075533,0.11219034732529717,33.4122281035946,-112.50028495142833,10063,-0.2,33.4,-112.5,1.3599603290246456
2024-05-12 01:28:00,105031194,-0.017267617734284698,-0.046105790769448506,0.01157055530087911,33.4122281035946,-112.50028495142833,10063,0.1,33.4,-112.5,1.3599603290246456
2024-05-12 01:29:00,105031194,-0.10284208235016354,-0.15930190443097086,-0.046382260269356226,33.4122281035946,-112.50028495142833,10063,0.1,33.4,-112.5,1.3599603290246456
2024-05-12 01:30:00,105031194,-0.12735995652362994,-0.206280232321024,-0.04843968072623589,33.4122281035946,-112.50028495142833,10063,0.2,33.4,-112.5,1.3599603290246456
2024-05-12 01:31:00,105031194,-0.1310092475128717,-0.24764103490107575,-0.014377460124667674,33.4122281035946,-112.50028495142833,10063,0.2,33.4,-112.5,1.3599603290246456
2024-05-12 01:32:00,105031194,0.029474433927501657,-0.005859216780635012,0.06480808463563832,33.4122281035946,-112.50028495142833,10063,0.1,33.4,-112.5,1.3599603290246456
2024-05-12 01:33:00,105031194,0.1392681964919354,0.04538585297028909,0.2331505400135817,33.4122281035946,-112.50028495142833,10063,-0.1,33.4,-112.5,1.3599603290246456
2024-05-12 01:34:00,105031194,-0.031809453255207926,-0.0660581009963033,0.002439194485887447,33.4122281035946,-112.50028495142833,10063,-0.1,33.4,-112.5,1.3599603290246456
2024-05-12 01:35:00,105031194,0.06361216341698528,0.0383173841958155,0.08890694263815506,33.4122281035946,-112.50028495142833,10063,0.0,33.4,-112.5,1.3599603290246456
2024-05-12 01:36:00,105031194,-0.0032103834074362005,-0.05513479461686279,0.04871402780199039,33.4122281035946,-112.50028495142833,10063,0.0,33.4,-112.5,1.3599603290246456
2024-05-12 01:37:00,105031194,-0.06572636436284288,-0.13765094963713564,0.006198220911449892,33.4122281035946,-112.50028495142833,10063,0.0,33.4,-112.5,1.3599603290246456
2024-05-12 01:38:00,105031194,0.006538313613852813,-0.015275123068548509,0.028351750296254134,33.4122281035946,-112.50028495142833,10063,0.1,33.4,-112.5,1.3599603290246456
2024-05-12 01:39:00,105031194,0.1453245061981891,0.07836660706931114,0.21228240532706705,33.4122281035946,-112.50028495142833,10063,-0.1,33.4,-112.5,1.3599603290246456
2024-05-12 01:40:00,105031194,0.014533172681567202,-0.06411367007479093,0.09318001543792534,33.4122281035946,-112.50028495142833,10063,-0.1,33.4,-112.5,1.3599603290246456
2024-05-12 01:41:00,105031194,0.04852826980351167,0.025646776729002597,0.07140976287802075,33.4122281035946,-112.50028495142833,10063,0.1,33.4,-112.5,1.3599603290246456
2024-05-12 01:42:00,105031194,0.07975652126727786,0.018580177856885774,0.14093286467766997,33.4122281035946,-112.50028495142833,10063,-0.1,33.4,-112.5,1.3599603290246456
2024-05-12 01:43:00,105031194,0.005886203718833521,-0.0752594239466637,0.08703183138433075,33.4122281035946,-112.50028495142833,10063,-0.1,33.4,-112.5,1.3599603290246456
2024-05-12 01:44:00,105031194,0.10653728466769237,0.023529578412647995,0.18954499092273674,33.4122281035946,-112.50028495142833,10063,-0.1,33.4,-112.5,1.3599603290246456
2024-05-12 01:45:00,105031194,0.11258818749641827,0.039003456004595094,0.18617291898824145,33.4122281035946,-112.50028495142833,10063,-0.1,33.4,-112.5,1.3599603290246456
2024-05-12 01:46:00,105031194,0.19797456831809013,0.11225608777430253,0.28369304886187774,33.4122281035946,-112.50028495142833,10063,-0.1,33.4,-112.5,1.3599603290246456
2024-05-12 01:47:00,105031194,0.05844642432233818,0.03221991845785909,0.08467293018681726,33.4122281035946,-112.50028495142833,10063,0.1,33.4,-112.5,1.3599603290246456
2024-05-12 01:48:00,105031194,0.17464989792546234,0.10769367267931636,0.24160612317160834,33.4122281035946,-112.50028495142833,10063,0.0,33.4,-112.5,1.3599603290246456
2024-05-12 01:49:00,105031194,0.17579979992577838,0.08157305832904362,0.27002654152251315,33.4122281035946,-112.50028495142833,10063,-0.1,33.4,-112.5,1.3599603290246456
2024-05-12 01:50:00,105031194,0.07575240499847455,0.03669797416855372,0.11480683582839538,33.4122281035946,-112.50028495142833,10063,-0.1,33.4,-112.5,1.3599603290246456
2024-05-12 01:51:00,105031194,0.20175235980846232,0.12289522066754247,0.28060949894938214,33.4122281035946,-112.50028495142833,10063,0.0,33.4,-112.5,1.3599603290246456
2024-05-12 01:52:00,105031194,0.06550955100604718,0.01907039642330665,0.1119487055887877,33.4122281035946,-112.50028495142833,10063,-0.1,33.4,-112.5,1.3599603290246456
2024-05-12 01:53:00,105031194,0.05988450442589026,0.0318393068935688,0.08792970195821172,33.4122281035946,-112.50028495142833,10063,-0.1,33.4,-112.5,1.3599603290246456
2024-05-12 01:54:00,105031194,0.0007642336192009766,-0.003716553021014259,0.005245020259416212,33.4122281035946,-112.50028495142833,10063,0.1,33.4,-112.5,1.3599603290246456
2024-05-12 01:55:00,105031194,-0.0022598195139158306,-0.01932758706755185,0.01480794803972019,33.4122281035946,-112.50028495142833,10063,0.1,33.4,-112.5,1.3599603290246456
2024-05-12 01:56:00,105031194,-0.05366186164572259,-0.1265087094158815,0.01918498612443631,33.4122281035946,-112.50028495142833,10063,0.2,33.4,-112.5,1.3599603290246456
2024-05-12 01:57:00,105031194,-0.020653543236761822,-0.2043817240042831,0.16307463753075943,33.4122281035946,-112.50028495142833,10063,0.4,33.4,-112.5,1.3599603290246456
2024-05-12 01:58:00,105031194,0.005089818597405423,-0.14844330536928305,0.1586229425640939,33.4122281035946,-112.50028495142833,10063,0.4,33.4,-112.5,1.3599603290246456
2024-05-12 01:59:00,105031194,-0.12532618818577043,-0.1996533567456275,-0.05099901962591337,33.4122281035946,-112.50028495142833,10063,0.1,33.4,-112.5,1.3599603290246456
2024-05-12 02:00:00,105031194,-0.06407986714162475,-0.2137433845827961,0.0855836502995466,33.4122281035946,-112.50028495142833,10063,0.1,33.4,-112.5,1.3599603290246456
2024-05-12 02:01:00,105031194,0.3347710629967146,0.19313407130880073,0.4764080546846285,33.4122281035946,-112.50028495142833,10063,0.1,33.4,-112.5,1.3599603290246456
2024-05-12 02:02:00,105031194,-0.04681019091311871,-0.1236510586727941,0.030030676846556692,33.4122281035946,-112.50028495142833,10063,-0.1,33.4,-112.5,1.3599603290246456
2024-05-12 02:03:00,105031194,-0.03969962491227168,-0.06973253934636085,-0.009666710478182503,33.4122281035946,-112.50028495142833,10063,0.0,33.4,-112.5,1.3599603290246456
2024-05-12 02:04:00,105031194,0.1282006317723652,0.05403518618725857,0.20236607735747186,33.4122281035946,-112.50028495142833,10063,0.1,33.4,-112.5,1.3599603290246456
2024-05-12 02:05:00,105031194,0.18071152247899308,0.1114399197737861,0.24998312518420007,33.4122281035946,-112.50028495142833,10063,-0.1,33.4,-112.5,1.3599603290246456
2024-05-12 02:06:00,105031194,-0.1705553511849012,-0.26089638444421415,-0.08021431792558822,33.4122281035946,-112.50028495142833,10063,-0.2,33.4,-112.5,1.3599603290246456
2024-05-12 02:07:00,105031194,0.01691472063734031,-0.028078377519661617,0.061907818794342234,33.4122281035946,-112.50028495142833,10063,0.1,33.4,-112.5,1.3599603290246456
2024-05-12 02:08:00,105031194,0.15493109255076798,0.09263910665673822,0.21722307844479774,33.4122281035946,-112.50028495142833,10063,0.0,33.4,-112.5,1.3599603290246456
2024-05-12 02:09:00,105031194,-0.050876941752254164,-0.08776523026192662,-0.013988653242581708,33.4122281035946,-112.50028495142833,10063,-0.1,33.4,-112.5,1.3599603290246456
2024-05-12 02:10:00,105031194,0.04847809187320987,0.014094522865316157,0.08286166088110358,33.4122281035946,-112.50028495142833,10063,0.0,33.4,-112.5,1.3599603290246456
2024-05-12 02:11:00,105031194,0.09992168312845635,0.05698157958871516,0.14286178666819754,33.4122281035946,-112.50028495142833,10063,0.0,33.4,-112.5,1.3599603290246456
2024-05-12 02:12:00,105031194,-0.13004967718745347,-0.21458223102109913,-0.04551712335380782,33.4122281035946,-112.50028495142833,10063,0.1,33.4,-112.5,1.3599603290246456
2024-05-12 02:13:00,105031194,0.12853059927141644,-0.006066396754024456,0.26312759529685736,33.4122281035946,-112.50028495142833,10063,-0.3,33.4,-112.5,1.3599603290246456
2024-05-12 02:14:00,105031194,0.3361407163503923,0.1241864842606824,0.5480949484401021,33.4122281035946,-112.50028495142833,10063,0.1,33.4,-112.5,1.3599603290246456
2024-05-12 02:15:00,105031194,0.31985239588765235,0.026571146002736856,0.6131336457725678,33.4122281035946,-112.50028495142833,10063,0.2,33.4,-112.5,1.3599603290246456
2024-05-12 02:16:00,105031194,0.2300304502397128,0.08803943925830601,0.37202146122111956,33.4122281035946,-112.50028495142833,10063,0.1,33.4,-112.5,1.3599603290246456
2024-05-12 02:17:00,105031194,0.01914888336896662,-0.09201653266352083,0.13031429940145406,33.4122281035946,-112.50028495142833,10063,0.2,33.4,-112.5,1.3599603290246456
2024-05-12 02:18:00,105031194,0.1011899918131647,0.02068864076703504,0.18169134285929434,33.4122281035946,-112.50028495142833,10063,0.2,33.4,-112.5,1.3599603290246456
2024-05-12 02:19:00,105031194,-0.32708336967498736,-0.45160285097638775,-0.202563888373587,33.4122281035946,-112.50028495142833,10063,0.2,33.4,-112.5,1.3599603290246456
2024-05-12 02:20:00,105031194,-0.21273357640802487,-0.30984435108208397,-0.1156228017339658,33.4122281035946,-112.50028495142833,10063,-0.1,33.4,-112.5,1.3599603290246456
2024-05-12 02:21:00,105031194,-0.4286113572505333,-0.6075150649830623,-0.24970764951800425,33.4122281035946,-112.50028495142833,10063,0.2,33.4,-112.5,1.3599603290246456
2024-05-12 02:22:00,105031194,-0.1799304526060937,-0.337330466448654,-0.02253043876353339,33.4122281035946,-112.50028495142833,10063,0.3,33.4,-112.5,1.3599603290246456
2024-05-12 02:23:00,105031194,-0.06334270162021807,-0.12644094984065252,-0.0002444533997836146,33.4122281035946,-112.50028495142833,10063,0.0,33.4,-112.5,1.3599603290246456
2024-05-12 02:24:00,105031194,-0.03195908850696134,-0.04469005555284157,-0.019228121461081105,33.4122281035946,-112.50028495142833,10063,-0.1,33.4,-112.5,1.3599603290246456
2024-05-12 02:25:00,105031194,-0.2867727344412179,-0.4011571144143605,-0.17238835446807532,33.4122281035946,-112.50028495142833,10063,0.1,33.4,-112.5,1.3599603290246456
2024-05-12 02:26:00,105031194,-0.2637669391192515,-0.37190804057569843,-0.15562583766280452,33.4122281035946,-112.50028495142833,10063,0.1,33.4,-112.5,1.3599603290246456
2024-05-12 02:27:00,105031194,-0.31260105612732114,-0.43248002116010154,-0.19272209109454075,33.4122281035946,-112.50028495142833,10063,0.1,33.4,-112.5,1.3599603290246456
2024-05-12 02:28:00,105031194,-0.28492249925632523,-0.392970336509604,-0.17687466200304647,33.4122281035946,-112.50028495142833,10063,0.0,33.4,-112.5,1.3599603290246456
2024-05-12 02:29:00,105031194,-0.3180307121970749,-0.4384050710117736,-0.19765635338237622,33.4122281035946,-112.50028495142833,10063,0.0,33.4,-112.5,1.3599603290246456
2024-05-12 02:30:00,105031194,-0.23564478594641713,-0.3443944653116645,-0.12689510658116973,33.4122281035946,-112.50028495142833,10063,-0.1,33.4,-112.5,1.3599603290246456
2024-05-12 02:31:00,105031194,-0.28631014952944933,-0.4123127752732867,-0.16030752378561197,33.4122281035946,-112.50028495142833,10063,-0.1,33.4,-112.5,1.3599603290246456
2024-05-12 02:32:00,105031194,-0.16347558056074368,-0.24713701398120796,-0.07981414714027942,33.4122281035946,-112.50028495142833,10063,-0.2,33.4,-112.5,1.3599603290246456
2024-05-12 02:33:00,105031194,-0.24341920821140883,-0.34463086739384624,-0.14220754902897143,33.4122281035946,-112.50028495142833,10063,-0.1,33.4,-112.5,1.3599603290246456
2024-05-12 02:34:00,105031194,-0.3067909016887795,-0.42265313247182845,-0.1909286709057305,33.4122281035946,-112.50028495142833,10063,0.1,33.4,-112.5,1.3599603290246456
2024-05-12 02:35:00,105031194,-0.2566049560988532,-0.35338032312633416,-0.15982958907137224,33.4122281035946,-112.50028495142833,10063,0.0,33.4,-112.5,1.3599603290246456
2024-05-12 02:36:00,105031194,-0.1150142985699088,-0.21651098306202063,-0.013517614077796974,33.4122281035946,-112.50028495142833,10063,-0.2,33.4,-112.5,1.3599603290246456
2024-05-12 02:37:00,105031194,-0.1473751570060756,-0.24003627139604516,-0.05471404261610602,33.4122281035946,-112.50028495142833,10063,-0.2,33.4,-112.5,1.3599603290246456
2024-05-12 02:38:00,105031194,-0.20197421447245548,-0.27813906903004104,-0.12580935991486988,33.4122281035946,-112.50028495142833,10063,0.0,33.4,-112.5,1.3599603290246456
2024-05-12 02:39:00,105031194,-0.07640214900213077,-0.10529721885349977,-0.047507079150761765,33.4122281035946,-112.50028495142833,10063,0.0,33.4,-112.5,1.3599603290246456
2024-05-12 02:40:00,105031194,-0.06256904292289742,-0.10126315428181387,-0.023874931563980954,33.4122281035946,-112.50028495142833,10063,-0.1,33.4,-112.5,1.3599603290246456
2024-05-12 02:41:00,105031194,-0.02601167631763288,-0.040187100415954746,-0.011836252219311012,33.4122281035946,-112.50028495142833,10063,-0.1,33.4,-112.5,1.3599603290246456
2024-05-12 02:42:00,105031194,-0.05452759698165212,-0.09839177857986392,-0.010663415383440324,33.4122281035946,-112.50028495142833,10063,0.0,33.4,-112.5,1.3599603290246456
2024-05-12 02:43:00,105031194,-0.12658606965461264,-0.2045976754859241,-0.048574463823301176,33.4122281035946,-112.50028495142833,10063,0.1,33.4,-112.5,1.3599603290246456
2024-05-12 02:44:00,105031194,-0.007194914170192936,-0.07710138142982528,0.0627115530894394,33.4122281035946,-112.50028495142833,10063,0.1,33.4,-112.5,1.3599603290246456
2024-05-12 02:45:00,105031194,0.0003566971744337132,-0.01226772025040528,0.012981114599272706,33.4122281035946,-112.50028495142833,10063,-0.1,33.4,-112.5,1.3599603290246456
2024-05-12 02:46:00,105031194,0.07702621745894182,0.019954949389355665,0.134097485528528,33.4122281035946,-112.50028495142833,10063,-0.2,33.4,-112.5,1.3599603290246456
2024-05-12 02:47:00,105031194,-0.023861172560196577,-0.04690302299399321,-0.0008193221263999434,33.4122281035946,-112.50028495142833,10063,-0.2,33.4,-112.5,1.3599603290246456
2024-05-12 02:48:00,105031194,0.010747954623104562,-0.01514527927514795,0.036641188521357074,33.4122281035946,-112.50028495142833,10063,-0.1,33.4,-112.5,1.3599603290246456
2024-05-12 02:49:00,105031194,0.02471480032127238,-0.008382960927672337,0.057812561570217094,33.4122281035946,-112.50028495142833,10063,-0.1,33.4,-112.5,1.3599603290246456
2024-05-12 02:50:00,105031194,0.16490712083577364,0.10162580954078909,0.22818843213075818,33.4122281035946,-112.50028495142833,10063,-0.1,33.4,-112.5,1.3599603290246456
2024-05-12 02:51:00,105031194,-0.021607191620604312,-0.0946468045135976,0.051432421272388965,33.4122281035946,-112.50028495142833,10063,0.2,33.4,-112.5,1.3599603290246456
2024-05-12 02:52:00,105031194,0.07326614148596058,-0.12158505235753342,0.2681173353294546,33.4122281035946,-112.50028495142833,10063,0.1,33.4,-112.5,1.3599603290246456
2024-05-12 02:53:00,105031194,0.26025092716149073,0.1522593603216836,0.3682424940012978,33.4122281035946,-112.50028495142833,10063,-0.1,33.4,-112.5,1.3599603290246456
2024-05-12 02:54:00,105031194,0.12802371329961712,0.07931603196262299,0.17673139463661125,33.4122281035946,-112.50028495142833,10063,-0.2,33.4,-112.5,1.3599603290246456
2024-05-12 02:55:00,105031194,0.2428714536275854,0.10185400029997166,0.3838889069551991,33.4122281035946,-112.50028495142833,10063,0.1,33.4,-112.5,1.3599603290246456
2024-05-12 02:56:00,105031194,0.11251728206798248,0.033124031512694135,0.19191053262327082,33.4122281035946,-112.50028495142833,10063,-0.1,33.4,-112.5,1.3599603290246456
2024-05-12 02:57:00,105031194,-0.02553281586155126,-0.07635585480214588,0.02529022307904335,33.4122281035946,-112.50028495142833,10063,-0.1,33.4,-112.5,1.3599603290246456
2024-05-12 02:58:00,105031194,0.2587732502046615,-0.002147685996106319,0.5196941864054294,33.4122281035946,-112.50028495142833,10063,-0.6,33.4,-112.5,1.3599603290246456
2024-05-12 02:59:00,105031194,0.3675088594920868,0.056871092993117545,0.678146625991056,33.4122281035946,-112.50028495142833,10063,-0.7,33.4,-112.5,1.3599603290246456
2024-05-12 03:00:00,105031194,0.4843013016577236,0.17947378840967376,0.7891288149057735,33.4122281035946,-112.50028495142833,10063,-0.6,33.4,-112.5,1.3599603290246456
2024-05-12 03:01:00,105031194,0.34332772167422865,0.14679014570646004,0.5398652976419973,33.4122281035946,-112.50028495142833,10063,-0.6,33.4,-112.5,1.3599603290246456
2024-05-12 03:02:00,105031194,0.2587671392856348,0.15177949793649992,0.3657547806347696,33.4122281035946,-112.50028495142833,10063,-0.3,33.4,-112.5,1.3599603290246456
2024-05-12 03:03:00,105031194,0.2843965733689921,0.1746268323341531,0.3941663144038311,33.4122281035946,-112.50028495142833,10063,-0.2,33.4,-112.5,1.3599603290246456
2024-05-12 03:04:00,105031194,-0.19835918143077666,-0.3341197160904604,-0.06259864677109295,33.4122281035946,-112.50028495142833,10063,-0.2,33.4,-112.5,1.3599603290246456
2024-05-12 03:05:00,105031194,0.2541962744187293,0.12000016875042244,0.38839238008703614,33.4122281035946,-112.50028495142833,10063,0.1,33.4,-112.5,1.3599603290246456
2024-05-12 03:06:00,105031194,0.0073890945790296425,-0.00689265474130173,0.021670843899361015,33.4122281035946,-112.50028495142833,10063,-0.1,33.4,-112.5,1.3599603290246456
2024-05-12 03:07:00,105031194,-0.03571999521092611,-0.0635130657770239,-0.007926924644828318,33.4122281035946,-112.50028495142833,10063,0.0,33.4,-112.5,1.3599603290246456
2024-05-12 03:08:00,105031194,0.007324316362810738,-0.01983570602584172,0.034484338751463194,33.4122281035946,-112.50028495142833,10063,-0.1,33.4,-112.5,1.3599603290246456
2024-05-12 03:09:00,105031194,0.1704108596132849,0.0972183877005482,0.2436033315260216,33.4122281035946,-112.50028495142833,10063,0.0,33.4,-112.5,1.3599603290246456
2024-05-12 03:10:00,105031194,0.01707559860011329,-0.0012127314921119188,0.035363928692338495,33.4122281035946,-112.50028495142833,10063,0.0,33.4,-112.5,1.3599603290246456
2024-05-12 03:11:00,105031194,0.11927988168720464,0.0389702173391593,0.19958954603524998,33.4122281035946,-112.50028495142833,10063,0.0,33.4,-112.5,1.3599603290246456
2024-05-12 03:12:00,105031194,0.09254529621722854,0.055180967379505494,0.12990962505495157,33.4122281035946,-112.50028495142833,10063,0.0,33.4,-112.5,1.3599603290246456
2024-05-12 03:13:00,105031194,0.1417739532285727,0.08319142086610452,0.20035648559104086,33.4122281035946,-112.50028495142833,10063,0.0,33.4,-112.5,1.3599603290246456
2024-05-12 03:14:00,105031194,-0.01377277328313888,-0.07115214785287476,0.04360660128659699,33.4122281035946,-112.50028495142833,10063,-0.1,33.4,-112.5,1.3599603290246456
2024-05-12 03:15:00,105031194,0.023194653062162337,0.01038347063656363,0.03600583548776104,33.4122281035946,-112.50028495142833,10063,-0.1,33.4,-112.5,1.3599603290246456
2024-05-12 03:16:00,105031194,-0.07936436406460434,-0.11489140211881785,-0.043837326010390844,33.4122281035946,-112.50028495142833,10063,0.0,33.4,-112.5,1.3599603290246456
2024-05-12 03:17:00,105031194,-0.06882456658678807,-0.09592868098138055,-0.04172045219219559,33.4122281035946,-112.50028495142833,10063,0.0,33.4,-112.5,1.3599603290246456
2024-05-12 03:18:00,105031194,-0.0844655629856638,-0.122015562416986,-0.04691556355434159,33.4122281035946,-112.50028495142833,10063,-0.1,33.4,-112.5,1.3599603290246456
2024-05-12 03:19:00,105031194,-0.005237886817204733,-0.02332931132341274,0.012853537689003271,33.4122281035946,-112.50028495142833,10063,-0.1,33.4,-112.5,1.3599603290246456
2024-05-12 03:20:00,105031194,-0.0966356701747442,-0.14166981865488393,-0.051601521694604476,33.4122281035946,-112.50028495142833,10063,-0.1,33.4,-112.5,1.3599603290246456
2024-05-12 03:21:00,105031194,-0.11844880301458645,-0.16398548645659228,-0.07291211957258062,33.4122281035946,-112.50028495142833,10063,-0.1,33.4,-112.5,1.3599603290246456
2024-05-12 03:22:00,105031194,-0.15749858032426514,-0.2258885128572506,-0.08910864779127968,33.4122281035946,-112.50028495142833,10063,-0.1,33.4,-112.5,1.3599603290246456
2024-05-12 03:23:00,105031194,-0.14166029977535172,-0.20392451671883186,-0.07939608283187158,33.4122281035946,-112.50028495142833,10063,-0.1,33.4,-112.5,1.3599603290246456
2024-05-12 03:24:00,105031194,-0.1418139320450431,-0.20118287531346818,-0.08244498877661806,33.4122281035946,-112.50028495142833,10063,0.0,33.4,-112.5,1.3599603290246456
2024-05-12 03:25:00,105031194,-0.12164422286146864,-0.17179709406818125,-0.07149135165475604,33.4122281035946,-112.50028495142833,10063,-0.1,33.4,-112.5,1.3599603290246456
2024-05-12 03:26:00,105031194,-0.1537580018008786,-0.220264053035981,-0.08725195056577618,33.4122281035946,-112.50028495142833,10063,-0.1,33.4,-112.5,1.3599603290246456
2024-05-12 03:27:00,105031194,-0.09751692574872707,-0.13537279783894265,-0.05966105365851148,33.4122281035946,-112.50028495142833,10063,-0.1,33.4,-112.5,1.3599603290246456
2024-05-12 03:28:00,105031194,-0.18806614964864307,-0.2643455955104677,-0.11178670378681843,33.4122281035946,-112.50028495142833,10063,0.0,33.4,-112.5,1.3599603290246456
2024-05-12 03:29:00,105031194,-0.16915254561898105,-0.23602212359401872,-0.10228296764394337,33.4122281035946,-112.50028495142833,10063,0.0,33.4,-112.5,1.3599603290246456
2024-05-12 03:30:00,105031194,-0.1331816419753664,-0.1838990270401042,-0.08246425691062859,33.4122281035946,-112.50028495142833,10063,0.0,33.4,-112.5,1.3599603290246456
2024-05-12 03:31:00,105031194,-0.044132675951453836,-0.08990546316319697,0.0016401112602892967,33.4122281035946,-112.50028495142833,10063,0.0,33.4,-112.5,1.3599603290246456
2024-05-12 03:32:00,105031194,-0.09285926854093197,-0.1303670723745388,-0.05535146470732517,33.4122281035946,-112.50028495142833,10063,0.0,33.4,-112.5,1.3599603290246456
2024-05-12 03:33:00,105031194,-0.07899267543703936,-0.12089782482634653,-0.03708752604773219,33.4122281035946,-112.50028495142833,10063,0.0,33.4,-112.5,1.3599603290246456
2024-05-12 03:34:00,105031194,-0.00088630320325812,-0.015965627227550197,0.014193020821033958,33.4122281035946,-112.50028495142833,10063,0.0,33.4,-112.5,1.3599603290246456
2024-05-12 03:35:00,105031194,0.00019671336473555114,-0.00860961867843626,0.009003045407907364,33.4122281035946,-112.50028495142833,10063,-0.1,33.4,-112.5,1.3599603290246456
2024-05-12 03:36:00,105031194,-0.02623505907918332,-0.04533888962765935,-0.0071312285307072905,33.4122281035946,-112.50028495142833,10063,0.0,33.4,-112.5,1.3599603290246456
2024-05-12 03:37:00,105031194,0.03588184816508967,-0.005869735298414384,0.07763343162859374,33.4122281035946,-112.50028495142833,10063,-0.1,33.4,-112.5,1.3599603290246456
2024-05-12 03:38:00,105031194,0.31751784964238194,0.17254033807487998,0.4624953612098839,33.4122281035946,-112.50028495142833,10063,0.1,33.4,-112.5,1.3599603290246456
2024-05-12 03:39:00,105031194,0.13588979580722058,0.07097390812933084,0.2008056834851103,33.4122281035946,-112.50028495142833,10063,0.0,33.4,-112.5,1.3599603290246456
2024-05-12 03:40:00,105031194,-0.3133275457809593,-0.4317263612509388,-0.1949287303109798,33.4122281035946,-112.50028495142833,10063,0.0,33.4,-112.5,1.3599603290246456
2024-05-12 03:41:00,105031194,-0.22615329932099335,-0.33482903796574814,-0.11747756067623857,33.4122281035946,-112.50028495142833,10063,-0.1,33.4,-112.5,1.3599603290246456
2024-05-12 03:42:00,105031194,0.01354658680068845,-0.11502821404094578,0.14212138764232268,33.4122281035946,-112.50028495142833,10063,0.2,33.4,-112.5,1.3599603290246456
2024-05-12 03:43:00,105031194,0.25638982093613477,0.11442907476408268,0.39835056710818684,33.4122281035946,-112.50028495142833,10063,0.2,33.4,-112.5,1.3599603290246456
2024-05-12 03:44:00,105031194,0.16960481529294474,0.09323016924545723,0.24597946134043225,33.4122281035946,-112.50028495142833,10063,0.0,33.4,-112.5,1.3599603290246456
2024-05-12 03:45:00,105031194,0.04708408568618133,0.016273752699136283,0.07789441867322638,33.4122281035946,-112.50028495142833,10063,0.0,33.4,-112.5,1.3599603290246456
2024-05-12 03:46:00,105031194,0.17759200460499242,0.10622743625356658,0.24895657295641827,33.4122281035946,-112.50028495142833,10063,-0.1,33.4,-112.5,1.3599603290246456
2024-05-12 03:47:00,105031194,0.23182828303771957,0.14031078809629416,0.323345777979145,33.4122281035946,-112.50028495142833,10063,-0.1,33.4,-112.5,1.3599603290246456
2024-05-12 03:48:00,105031194,0.15663962919068963,0.09710636573094751,0.21617289265043177,33.4122281035946,-112.50028495142833,10063,0.0,33.4,-112.5,1.3599603290246456
2024-05-12 03:49:00,105031194,0.23869110574306251,0.14447631840109304,0.332905893085032,33.4122281035946,-112.50028495142833,10063,-0.1,33.4,-112.5,1.3599603290246456
2024-05-12 03:50:00,105031194,0.22507509676958984,0.13284620743376563,0.31730398610541405,33.4122281035946,-112.50028495142833,10063,-0.1,33.4,-112.5,1.3599603290246456
2024-05-12 03:51:00,105031194,0.19586829600038322,0.09449365732170385,0.2972429346790626,33.4122281035946,-112.50028495142833,10063,-0.1,33.4,-112.5,1.3599603290246456
2024-05-12 03:52:00,105031194,0.158776431578739,0.0791133690868615,0.2384394940706165,33.4122281035946,-112.50028495142833,10063,0.0,33.4,-112.5,1.3599603290246456
2024-05-12 03:53:00,105031194,0.1717562345212517,0.06400908349206307,0.2795033855504403,33.4122281035946,-112.50028495142833,10063,0.1,33.4,-112.5,1.3599603290246456
2024-05-12 03:54:00,105031194,0.0037024695769271566,-0.048194134526073976,0.05559907367992829,33.4122281035946,-112.50028495142833,10063,0.1,33.4,-112.5,1.3599603290246456
2024-05-12 03:55:00,105031194,-0.07494786391772895,-0.12769853627503303,-0.02219719156042487,33.4122281035946,-112.50028495142833,10063,0.1,33.4,-112.5,1.3599603290246456
2024-05-12 03:56:00,105031194,0.10395445833596466,-0.025994446462439577,0.23390336313436888,33.4122281035946,-112.50028495142833,10063,0.1,33.4,-112.5,1.3599603290246456
2024-05-12 03:57:00,105031194,-0.02706694169264756,-0.08195499081568032,0.027821107430385197,33.4122281035946,-112.50028495142833,10063,0.0,33.4,-112.5,1.3599603290246456
2024-05-12 03:58:00,105031194,-0.10380792691425436,-0.1575086737790084,-0.05010718004950033,33.4122281035946,-112.50028495142833,10063,0.0,33.4,-112.5,1.3599603290246456
2024-05-12 03:59:00,105031194,0.0026122791820185434,-0.07020620523020155,0.07543076359423864,33.4122281035946,-112.50028495142833,10063,0.0,33.4,-112.5,1.3599603290246456
2024-05-12 04:00:00,105031194,0.18807581199620754,-0.04697166116591528,0.42312328515833036,33.4122281035946,-112.50028495142833,10063,0.3,33.4,-112.5,1.3599603290246456
2024-05-12 04:01:00,105031194,0.2859365036696326,0.04991343311332841,0.5219595742259368,33.4122281035946,-112.50028495142833,10063,0.3,33.4,-112.5,1.3599603290246456
2024-05-12 04:02:00,105031194,0.06683159680206177,-0.10247775803289627,0.2361409516370198,33.4122281035946,-112.50028495142833,10063,0.2,33.4,-112.5,1.3599603290246456
2024-05-12 04:03:00,105031194,0.2020599453489443,0.015289051523309921,0.3888308391745787,33.4122281035946,-112.50028495142833,10063,0.2,33.4,-112.5,1.3599603290246456
2024-05-12 04:04:00,105031194,-0.09376781644637493,-0.19964088695045398,0.012105254057704129,33.4122281035946,-112.50028495142833,10063,0.1,33.4,-112.5,1.3599603290246456
2024-05-12 04:05:00,105031194,-0.06199010844661677,-0.18619457653801763,0.06221435964478407,33.4122281035946,-112.50028495142833,10063,0.1,33.4,-112.5,1.3599603290246456
2024-05-12 04:06:00,105031194,0.24980308291184852,0.12249749230673548,0.37710867351696153,33.4122281035946,-112.50028495142833,10063,0.1,33.4,-112.5,1.3599603290246456
2024-05-12 04:07:00,105031194,0.05381786859657992,0.020262124553510584,0.08737361263964927,33.4122281035946,-112.50028495142833,10063,-0.2,33.4,-112.5,1.3599603290246456
2024-05-12 04:08:00,105031194,0.07272784164488166,0.04339951830716783,0.1020561649825955,33.4122281035946,-112.50028495142833,10063,0.0,33.4,-112.5,1.3599603290246456
2024-05-12 04:09:00,105031194,0.012859567666023315,-0.006473708127231085,0.03219284345927771,33.4122281035946,-112.50028495142833,10063,-0.1,33.4,-112.5,1.3599603290246456
2024-05-12 04:10:00,105031194,-0.10592626962947302,-0.18498824777533335,-0.026864291483612676,33.4122281035946,-112.50028495142833,10063,-0.2,33.4,-112.5,1.3599603290246456
2024-05-12 04:11:00,105031194,-0.22735506857985766,-0.3344593149746258,-0.12025082218508952,33.4122281035946,-112.50028495142833,10063,-0.2,33.4,-112.5,1.3599603290246456
2024-05-12 04:12:00,105031194,0.0458008203143739,-0.003908096828945454,0.09550973745769326,33.4122281035946,-112.50028495142833,10063,-0.3,33.4,-112.5,1.3599603290246456
2024-05-12 04:13:00,105031194,-0.10277036478736247,-0.20403303157916022,-0.0015076979955647163,33.4122281035946,-112.50028495142833,10063,-0.3,33.4,-112.5,1.3599603290246456
2024-05-12 04:14:00,105031194,0.042215241835774145,-8.538160211947476e-05,0.08451586527366776,33.4122281035946,-112.50028495142833,10063,-0.1,33.4,-112.5,1.3599603290246456
2024-05-12 04:15:00,105031194,-0.13069774157759784,-0.24025537199861685,-0.021140111156578836,33.4122281035946,-112.50028495142833,10063,-0.2,33.4,-112.5,1.3599603290246456
2024-05-12 04:16:00,105031194,-0.3322170657668272,-0.4742834317111869,-0.1901506998224675,33.4122281035946,-112.50028495142833,10063,-0.1,33.4,-112.5,1.3599603290246456
2024-05-12 04:17:00,105031194,0.018602014903233863,-0.04237599249123026,0.07958002229769798,33.4122281035946,-112.50028495142833,10063,-0.1,33.4,-112.5,1.3599603290246456
2024-05-12 04:18:00,105031194,-0.2736167558125504,-0.42719958913147604,-0.12003392249362477,33.4122281035946,-112.50028495142833,10063,-0.2,33.4,-112.5,1.3599603290246456
2024-05-12 04:19:00,105031194,-0.030460670605536148,-0.04412501395872898,-0.016796327252343313,33.4122281035946,-112.50028495142833,10063,0.0,33.4,-112.5,1.3599603290246456
2024-05-12 04:20:00,105031194,-0.12088266845578739,-0.2485205288769482,0.0067551919653734,33.4122281035946,-112.50028495142833,10063,-0.2,33.4,-112.5,1.3599603290246456
2024-05-12 04:21:00,105031194,-0.252718549936585,-0.41589586906852694,-0.08954123080464307,33.4122281035946,-112.50028495142833,10063,-0.3,33.4,-112.5,1.3599603290246456
2024-05-12 04:22:00,105031194,-0.03640719294138247,-0.1379838629720283,0.06516947708926335,33.4122281035946,-112.50028495142833,10063,-0.2,33.4,-112.5,1.3599603290246456
2024-05-12 04:23:00,105031194,0.04945539003540973,-0.07621488277154277,0.17512566284236225,33.4122281035946,-112.50028495142833,10063,-0.3,33.4,-112.5,1.3599603290246456
2024-05-12 04:24:00,105031194,-0.13147544952651852,-0.2695431849697608,0.006592285916723811,33.4122281035946,-112.50028495142833,10063,-0.3,33.4,-112.5,1.3599603290246456
2024-05-12 04:25:00,105031194,0.030557498391752865,-0.0595312866753778,0.12064628345888354,33.4122281035946,-112.50028495142833,10063,-0.2,33.4,-112.5,1.3599603290246456
2024-05-12 04:26:00,105031194,-0.0988679421878483,-0.21167868102520876,0.013942796649512146,33.4122281035946,-112.50028495142833,10063,-0.2,33.4,-112.5,1.3599603290246456
2024-05-12 04:27:00,105031194,-0.017308885955218012,-0.09394798215269777,0.05933021024226175,33.4122281035946,-112.50028495142833,10063,-0.1,33.4,-112.5,1.3599603290246456
2024-05-12 04:28:00,105031194,0.06196714180714708,-0.03443327598986757,0.15836755960416174,33.4122281035946,-112.50028495142833,10063,-0.2,33.4,-112.5,1.3599603290246456
2024-05-12 04:29:00,105031194,0.2557608361445241,0.11481196445449621,0.396709707834552,33.4122281035946,-112.50028495142833,10063,-0.5,33.4,-112.5,1.3599603290246456
2024-05-12 04:30:00,105031194,0.7876073896959611,0.4895253918776555,1.0856893875142668,33.4122281035946,-112.50028495142833,10063,-0.2,33.4,-112.5,1.3599603290246456
2024-05-12 04:31:00,105031194,1.310923231536882,0.802247266075896,1.819599196997868,33.4122281035946,-112.50028495142833,10063,-0.2,33.4,-112.5,1.3599603290246456
2024-05-12 04:32:00,105031194,1.0013312964062941,0.6173037790872661,1.3853588137253223,33.4122281035946,-112.50028495142833,10063,-0.1,33.4,-112.5,1.3599603290246456
2024-05-12 04:33:00,105031194,1.1557765498122476,0.6795952926654278,1.6319578069590674,33.4122281035946,-112.50028495142833,10063,0.0,33.4,-112.5,1.3599603290246456
2024-05-12 04:34:00,105031194,1.5510393343585775,0.9074638616262835,2.1946148070908715,33.4122281035946,-112.50028495142833,10063,0.0,33.4,-112.5,1.3599603290246456
2024-05-12 04:35:00,105031194,1.1557248227466317,0.670263663447983,1.6411859820452803,33.4122281035946,-112.50028495142833,10063,0.0,33.4,-112.5,1.3599603290246456
2024-05-12 04:36:00,105031194,0.9877419768456828,0.5370606917448062,1.4384232619465593,33.4122281035946,-112.50028495142833,10063,0.2,33.4,-112.5,1.3599603290246456
2024-05-12 04:37:00,105031194,0.9997375161144275,0.4768935522777601,1.522581479951095,33.4122281035946,-112.50028495142833,10063,0.4,33.4,-112.5,1.3599603290246456
2024-05-12 04:38:00,105031194,0.7270817253756148,0.2556065327427898,1.1985569180084397,33.4122281035946,-112.50028495142833,10063,0.5,33.4,-112.5,1.3599603290246456
2024-05-12 04:39:00,105031194,0.33080332136169116,-0.056571268015215725,0.718177910738598,33.4122281035946,-112.50028495142833,10063,0.6,33.4,-112.5,1.3599603290246456
2024-05-12 04:40:00,105031194,0.19434569325942658,-0.16953401535256246,0.5582254018714157,33.4122281035946,-112.50028495142833,10063,0.6,33.4,-112.5,1.3599603290246456
2024-05-12 04:41:00,105031194,-0.08416189188658091,-0.3753727072432471,0.2070489234700853,33.4122281035946,-112.50028495142833,10063,0.6,33.4,-112.5,1.3599603290246456
2024-05-12 04:42:00,105031194,-0.3068810917222919,-0.5501951439292943,-0.06356703951528958,33.4122281035946,-112.50028495142833,10063,0.5,33.4,-112.5,1.3599603290246456
2024-05-12 04:43:00,105031194,-0.41294527650556356,-0.6439930210841834,-0.1818975319269437,33.4122281035946,-112.50028495142833,10063,0.3,33.4,-112.5,1.3599603290246456
2024-05-12 04:44:00,105031194,-0.41495305551846223,-0.606091334285723,-0.22381477675120148,33.4122281035946,-112.50028495142833,10063,0.3,33.4,-112.5,1.3599603290246456
2024-05-12 04:45:00,105031194,-0.47013374066031666,-0.6552919236891367,-0.2849755576314966,33.4122281035946,-112.50028495142833,10063,0.1,33.4,-112.5,1.3599603290246456
2024-05-12 04:46:00,105031194,-0.4256811025167318,-0.5953158344811582,-0.25604637055230545,33.4122281035946,-112.50028495142833,10063,0.1,33.4,-112.5,1.3599603290246456
2024-05-12 04:47:00,105031194,-0.47253470767037314,-0.6529960879249609,-0.2920733274157854,33.4122281035946,-112.50028495142833,10063,0.1,33.4,-112.5,1.3599603290246456
2024-05-12 04:48:00,105031194,-0.45420324314096217,-0.6282462593378768,-0.2801602269440475,33.4122281035946,-112.50028495142833,10063,0.1,33.4,-112.5,1.3599603290246456
2024-05-12 04:49:00,105031194,-0.4524542918629515,-0.6264415197670714,-0.27846706395883164,33.4122281035946,-112.50028495142833,10063,0.0,33.4,-112.5,1.3599603290246456
2024-05-12 04:50:00,105031194,-0.3641499843457737,-0.5051780450162708,-0.22312192367527667,33.4122281035946,-112.50028495142833,10063,-0.1,33.4,-112.5,1.3599603290246456
2024-05-12 04:51:00,105031194,-0.3694156684345545,-0.5243886928887009,-0.21444264398040808,33.4122281035946,-112.50028495142833,10063,-0.2,33.4,-112.5,1.3599603290246456
2024-05-12 04:52:00,105031194,-0.40045989793083425,-0.5826773970886494,-0.21824239877301907,33.4122281035946,-112.50028495142833,10063,-0.2,33.4,-112.5,1.3599603290246456
2024-05-12 04:53:00,105031194,-0.1910277077278127,-0.31217025813657295,-0.06988515731905243,33.4122281035946,-112.50028495142833,10063,-0.2,33.4,-112.5,1.3599603290246456
2024-05-12 04:54:00,105031194,-0.1502948244397568,-0.2889525113065064,-0.011637137573007217,33.4122281035946,-112.50028495142833,10063,-0.3,33.4,-112.5,1.3599603290246456
2024-05-12 04:55:00,105031194,-0.15779323704548898,-0.30050768978285136,-0.015078784308126564,33.4122281035946,-112.50028495142833,10063,-0.3,33.4,-112.5,1.3599603290246456
2024-05-12 04:56:00,105031194,-0.21546391044719435,-0.3534099810817002,-0.0775178398126885,33.4122281035946,-112.50028495142833,10063,-0.2,33.4,-112.5,1.3599603290246456
2024-05-12 04:57:00,105031194,-0.224336503499554,-0.37197985950444296,-0.07669314749466505,33.4122281035946,-112.50028495142833,10063,-0.3,33.4,-112.5,1.3599603290246456
2024-05-12 04:58:00,105031194,-0.26554801466234057,-0.4497500076381865,-0.08134602168649463,33.4122281035946,-112.50028495142833,10063,-0.3,33.4,-112.5,1.3599603290246456
2024-05-12 04:59:00,105031194,-0.1630162703921379,-0.3043592263428686,-0.021673314441407188,33.4122281035946,-112.50028495142833,10063,-0.3,33.4,-112.5,1.3599603290246456
2024-05-12 05:00:00,105031194,-0.15254520318986742,-0.2762264003821554,-0.028864005997579406,33.4122281035946,-112.50028495142833,10063,-0.3,33.4,-112.5,1.3599603290246456
2024-05-12 05:01:00,105031194,-0.18757618147614913,-0.34540024997881336,-0.0297521129734849,33.4122281035946,-112.50028495142833,10063,-0.3,33.4,-112.5,1.3599603290246456
2024-05-12 05:02:00,105031194,-0.22462309381607565,-0.40116940587415706,-0.04807678175799421,33.4122281035946,-112.50028495142833,10063,-0.3,33.4,-112.5,1.3599603290246456
2024-05-12 05:03:00,105031194,-0.17364264268157545,-0.33539389829144256,-0.011891387071708337,33.4122281035946,-112.50028495142833,10063,-0.3,33.4,-112.5,1.3599603290246456
2024-05-12 05:04:00,105031194,-0.17762268901706899,-0.3097344440107813,-0.04551093402335668,33.4122281035946,-112.50028495142833,10063,-0.2,33.4,-112.5,1.3599603290246456
2024-05-12 05:05:00,105031194,-0.140537046691558,-0.24968273705418198,-0.03139135632893404,33.4122281035946,-112.50028495142833,10063,-0.1,33.4,-112.5,1.3599603290246456
2024-05-12 05:06:00,105031194,-0.19666574365415035,-0.32613895320635056,-0.06719253410195017,33.4122281035946,-112.50028495142833,10063,-0.1,33.4,-112.5,1.3599603290246456
2024-05-12 05:07:00,105031194,-0.13549760017482176,-0.23601544272654368,-0.034979757623099864,33.4122281035946,-112.50028495142833,10063,-0.2,33.4,-112.5,1.3599603290246456
2024-05-12 05:08:00,105031194,-0.17328133770523774,-0.2968856830629857,-0.049676992347489776,33.4122281035946,-112.50028495142833,10063,-0.2,33.4,-112.5,1.3599603290246456
2024-05-12 05:09:00,105031194,-0.10779152869290008,-0.19770439273040846,-0.017878664655391716,33.4122281035946,-112.50028495142833,10063,-0.2,33.4,-112.5,1.3599603290246456
2024-05-12 05:10:00,105031194,-0.10163068598344044,-0.20619920523373875,0.00293783326685787,33.4122281035946,-112.50028495142833,10063,-0.2,33.4,-112.5,1.3599603290246456
2024-05-12 05:11:00,105031194,-0.10776800951705418,-0.2327069144343244,0.017170895400216032,33.4122281035946,-112.50028495142833,10063,-0.2,33.4,-112.5,1.3599603290246456
2024-05-12 05:12:00,105031194,-0.11416883919019553,-0.2569452189002045,0.028607540519813443,33.4122281035946,-112.50028495142833,10063,-0.3,33.4,-112.5,1.3599603290246456
2024-05-12 05:13:00,105031194,-0.08330390882345132,-0.2145730672108859,0.047965249563983264,33.4122281035946,-112.50028495142833,10063,-0.2,33.4,-112.5,1.3599603290246456
2024-05-12 05:14:00,105031194,-0.03703685893903131,-0.14715558896656633,0.07308187108850372,33.4122281035946,-112.50028495142833,10063,-0.2,33.4,-112.5,1.3599603290246456
2024-05-12 05:15:00,105031194,0.016375054468291756,-0.05312848012196318,0.08587858905854669,33.4122281035946,-112.50028495142833,10063,-0.1,33.4,-112.5,1.3599603290246456
2024-05-12 05:16:00,105031194,-0.021255853547442524,-0.08493360096133364,0.04242189386644858,33.4122281035946,-112.50028495142833,10063,-0.1,33.4,-112.5,1.3599603290246456
2024-05-12 05:17:00,105031194,0.02458459805984432,-0.030357066494622397,0.07952626261431103,33.4122281035946,-112.50028495142833,10063,-0.1,33.4,-112.5,1.3599603290246456
2024-05-12 05:18:00,105031194,0.07348274845316426,0.02085954624374852,0.12610595066257999,33.4122281035946,-112.50028495142833,10063,-0.1,33.4,-112.5,1.3599603290246456
2024-05-12 05:19:00,105031194,0.04729461094296979,0.015735413806005932,0.07885380807993365,33.4122281035946,-112.50028495142833,10063,0.0,33.4,-112.5,1.3599603290246456
2024-05-12 05:20:00,105031194,0.04131846890182592,0.022242790928568762,0.06039414687508307,33.4122281035946,-112.50028495142833,10063,0.0,33.4,-112.5,1.3599603290246456
2024-05-12 05:21:00,105031194,0.0678273463720353,0.03804673320178546,0.09760795954228514,33.4122281035946,-112.50028495142833,10063,0.0,33.4,-112.5,1.3599603290246456
2024-05-12 05:22:00,105031194,0.01847856495101554,-0.0157491416117517,0.05270627151378278,33.4122281035946,-112.50028495142833,10063,0.0,33.4,-112.5,1.3599603290246456
2024-05-12 05:23:00,105031194,-0.024930792932434286,-0.06806236988405931,0.01820078401919074,33.4122281035946,-112.50028495142833,10063,-0.1,33.4,-112.5,1.3599603290246456
2024-05-12 05:24:00,105031194,-0.048899280119315026,-0.1044412742245615,0.006642713985931442,33.4122281035946,-112.50028495142833,10063,-0.1,33.4,-112.5,1.3599603290246456
2024-05-12 05:25:00,105031194,0.013966652475617247,-0.02040224829835242,0.04833555324958691,33.4122281035946,-112.50028495142833,10063,-0.1,33.4,-112.5,1.3599603290246456
2024-05-12 05:26:00,105031194,-0.00905755101329542,-0.03662480763387765,0.018509705607286805,33.4122281035946,-112.50028495142833,10063,0.0,33.4,-112.5,1.3599603290246456
2024-05-12 05:27:00,105031194,-0.018958891280213573,-0.03646705277246962,-0.0014507297879575234,33.4122281035946,-112.50028495142833,10063,0.0,33.4,-112.5,1.3599603290246456
2024-05-12 05:28:00,105031194,-0.038355794727083364,-0.0555665963832119,-0.021144993070954823,33.4122281035946,-112.50028495142833,10063,0.0,33.4,-112.5,1.3599603290246456
2024-05-12 05:29:00,105031194,-0.08169259218018231,-0.11693802156058106,-0.04644716279978355,33.4122281035946,-112.50028495142833,10063,0.0,33.4,-112.5,1.3599603290246456
2024-05-12 05:30:00,105031194,-0.10239569318530682,-0.15865869964194074,-0.04613268672867292,33.4122281035946,-112.50028495142833,10063,0.0,33.4,-112.5,1.3599603290246456
2024-05-12 05:31:00,105031194,-0.04977211828625235,-0.10027323374435249,0.0007289971718477742,33.4122281035946,-112.50028495142833,10063,0.0,33.4,-112.5,1.3599603290246456
2024-05-12 05:32:00,105031194,0.0009656194964306513,-0.05099327934194671,0.05292451833480802,33.4122281035946,-112.50028495142833,10063,-0.1,33.4,-112.5,1.3599603290246456
2024-05-12 05:33:00,105031194,0.02892508629190245,-0.015238340698708969,0.07308851328251387,33.4122281035946,-112.50028495142833,10063,0.0,33.4,-112.5,1.3599603290246456
2024-05-12 05:34:00,105031194,0.009409565824725198,-0.05951780200296454,0.07833693365241494,33.4122281035946,-112.50028495142833,10063,-0.1,33.4,-112.5,1.3599603290246456
2024-05-12 05:35:00,105031194,0.04828431156171807,-0.016587917696053597,0.11315654081948974,33.4122281035946,-112.50028495142833,10063,-0.1,33.4,-112.5,1.3599603290246456
2024-05-12 05:36:00,105031194,0.034387866194055663,-0.023445160839320134,0.09222089322743146,33.4122281035946,-112.50028495142833,10063,0.0,33.4,-112.5,1.3599603290246456
2024-05-12 05:37:00,105031194,0.014529873440876844,-0.04177031681190599,0.07083006369365968,33.4122281035946,-112.50028495142833,10063,-0.1,33.4,-112.5,1.3599603290246456
2024-05-12 05:38:00,105031194,0.033024605631295174,-0.007568166467696286,0.07361737773028663,33.4122281035946,-112.50028495142833,10063,0.0,33.4,-112.5,1.3599603290246456
2024-05-12 05:39:00,105031194,-0.01970517664160143,-0.06622431324913855,0.026813959965935698,33.4122281035946,-112.50028495142833,10063,0.0,33.4,-112.5,1.3599603290246456
2024-05-12 05:40:00,105031194,0.03091798344293897,-0.00813833205503221,0.06997429894091015,33.4122281035946,-112.50028495142833,10063,0.0,33.4,-112.5,1.3599603290246456
2024-05-12 05:41:00,105031194,0.04188487596257985,0.011688372489981471,0.07208137943517823,33.4122281035946,-112.50028495142833,10063,0.0,33.4,-112.5,1.3599603290246456
2024-05-12 05:42:00,105031194,0.04223848857174817,0.011544301376153459,0.07293267576734287,33.4122281035946,-112.50028495142833,10063,0.0,33.4,-112.5,1.3599603290246456
2024-05-12 05:43:00,105031194,0.04173538109402681,0.004778587503534985,0.07869217468451864,33.4122281035946,-112.50028495142833,10063,0.0,33.4,-112.5,1.3599603290246456
2024-05-12 05:44:00,105031194,0.06542875859464803,0.02003855343362354,0.11081896375567252,33.4122281035946,-112.50028495142833,10063,0.0,33.4,-112.5,1.3599603290246456
2024-05-12 05:45:00,105031194,0.10133334237353918,0.06180491265183243,0.14086177209524592,33.4122281035946,-112.50028495142833,10063,0.0,33.4,-112.5,1.3599603290246456
2024-05-12 05:46:00,105031194,0.07107341384053006,0.04407903721153777,0.09806779046952235,33.4122281035946,-112.50028495142833,10063,0.1,33.4,-112.5,1.3599603290246456
2024-05-12 05:47:00,105031194,0.048359720096491594,0.02703100172733133,0.06968843846565186,33.4122281035946,-112.50028495142833,10063,0.1,33.4,-112.5,1.3599603290246456
2024-05-12 05:48:00,105031194,0.05936875593449388,0.033659321771596695,0.08507819009739107,33.4122281035946,-112.50028495142833,10063,0.1,33.4,-112.5,1.3599603290246456
2024-05-12 05:49:00,105031194,0.05367599097185565,0.033495788464113975,0.07385619347959732,33.4122281035946,-112.50028495142833,10063,0.0,33.4,-112.5,1.3599603290246456
2024-05-12 05:50:00,105031194,0.05012287564440292,0.029914395633059167,0.07033135565574666,33.4122281035946,-112.50028495142833,10063,0.1,33.4,-112.5,1.3599603290246456
2024-05-12 05:51:00,105031194,0.044290587176477776,0.027083911983345723,0.061497262369609826,33.4122281035946,-112.50028495142833,10063,0.0,33.4,-112.5,1.3599603290246456
2024-05-12 05:52:00,105031194,0.08295996271699368,0.050513910859611176,0.11540601457437619,33.4122281035946,-112.50028495142833,10063,0.0,33.4,-112.5,1.3599603290246456
2024-05-12 05:53:00,105031194,0.087725530815005,0.05481753964642793,0.12063352198358207,33.4122281035946,-112.50028495142833,10063,0.0,33.4,-112.5,1.3599603290246456
2024-05-12 05:54:00,105031194,0.09194121820931521,0.05723164391038899,0.12665079250824143,33.4122281035946,-112.50028495142833,10063,0.0,33.4,-112.5,1.3599603290246456
2024-05-12 05:55:00,105031194,0.07136916003673148,0.04411025549124832,0.09862806458221464,33.4122281035946,-112.50028495142833,10063,0.0,33.4,-112.5,1.3599603290246456
2024-05-12 05:56:00,105031194,0.0604067087981075,0.03732312865050337,0.08349028894571163,33.4122281035946,-112.50028495142833,10063,0.1,33.4,-112.5,1.3599603290246456
2024-05-12 05:57:00,105031194,0.034163068094950746,0.0136712096995413,0.05465492649036019,33.4122281035946,-112.50028495142833,10063,0.0,33.4,-112.5,1.3599603290246456
2024-05-12 05:58:00,105031194,0.019645643519682,0.003771126388098185,0.035520160651265814,33.4122281035946,-112.50028495142833,10063,0.1,33.4,-112.5,1.3599603290246456
2024-05-12 05:59:00,105031194,0.03192217921964573,0.005815557390643211,0.05802880104864824,33.4122281035946,-112.50028495142833,10063,0.1,33.4,-112.5,1.3599603290246456
2024-05-12 06:00:00,105031194,-0.015322027324665604,-0.022079063280776107,-0.0085649913685551,33.4122281035946,-112.50028495142833,10063,0.1,33.4,-112.5,1.3599603290246456
2024-05-12 06:01:00,105031194,-0.008155904216065645,-0.0171615634302515,0.0008497549981202109,33.4122281035946,-112.50028495142833,10063,0.1,33.4,-112.5,1.3599603290246456
2024-05-12 06:02:00,105031194,-0.030740297046331147,-0.04632449517569309,-0.015156098916969203,33.4122281035946,-112.50028495142833,10063,0.1,33.4,-112.5,1.3599603290246456
2024-05-12 06:03:00,105031194,-0.012697828061502884,-0.026644580242651778,0.0012489241196460103,33.4122281035946,-112.50028495142833,10063,0.0,33.4,-112.5,1.3599603290246456
2024-05-12 06:04:00,105031194,0.0028788870476419925,-0.0026839251868330436,0.008441699282117028,33.4122281035946,-112.50028495142833,10063,0.1,33.4,-112.5,1.3599603290246456
2024-05-12 06:05:00,105031194,0.01719491930982217,0.0016178051690923095,0.03277203345055203,33.4122281035946,-112.50028495142833,10063,0.1,33.4,-112.5,1.3599603290246456
2024-05-12 06:06:00,105031194,0.012496105779752627,-0.007725770076858745,0.032717981636363996,33.4122281035946,-112.50028495142833,10063,0.1,33.4,-112.5,1.3599603290246456
2024-05-12 06:07:00,105031194,0.0121525900778971,-0.007435751645318744,0.03174093180111294,33.4122281035946,-112.50028495142833,10063,0.1,33.4,-112.5,1.3599603290246456
2024-05-12 06:08:00,105031194,-0.007421358156555067,-0.0289044321710372,0.014061715857927065,33.4122281035946,-112.50028495142833,10063,0.1,33.4,-112.5,1.3599603290246456
2024-05-12 06:09:00,105031194,0.004579120093907213,-0.016671950604940443,0.025830190792754865,33.4122281035946,-112.50028495142833,10063,0.1,33.4,-112.5,1.3599603290246456
2024-05-12 06:10:00,105031194,-0.0038280577716850324,-0.01816957264084309,0.010513457097473025,33.4122281035946,-112.50028495142833,10063,0.1,33.4,-112.5,1.3599603290246456
2024-05-12 06:11:00,105031194,0.001519206698917412,-0.006998808265528624,0.010037221663363448,33.4122281035946,-112.50028495142833,10063,0.1,33.4,-112.5,1.3599603290246456
2024-05-12 06:12:00,105031194,0.0003487810394823524,-0.005274590169316392,0.005972152248281097,33.4122281035946,-112.50028495142833,10063,0.1,33.4,-112.5,1.3599603290246456
2024-05-12 06:13:00,105031194,0.025032078781933115,0.012793428767601922,0.03727072879626431,33.4122281035946,-112.50028495142833,10063,0.1,33.4,-112.5,1.3599603290246456
2024-05-12 06:14:00,105031194,0.03420325302032236,0.01785658338418846,0.050549922656456255,33.4122281035946,-112.50028495142833,10063,0.1,33.4,-112.5,1.3599603290246456
2024-05-12 06:15:00,105031194,-0.008049413033442743,-0.01727238228485653,0.001173556217971045,33.4122281035946,-112.50028495142833,10063,0.1,33.4,-112.5,1.3599603290246456
2024-05-12 06:16:00,105031194,-0.018399711379099796,-0.027094142932720774,-0.009705279825478818,33.4122281035946,-112.50028495142833,10063,0.0,33.4,-112.5,1.3599603290246456
2024-05-12 06:17:00,105031194,-0.02104874397730128,-0.03065064246613826,-0.011446845488464303,33.4122281035946,-112.50028495142833,10063,0.0,33.4,-112.5,1.3599603290246456
2024-05-12 06:18:00,105031194,-0.011732012685782212,-0.01823885209425969,-0.0052251732773047335,33.4122281035946,-112.50028495142833,10063,0.0,33.4,-112.5,1.3599603290246456
2024-05-12 06:19:00,105031194,-0.01045845709357988,-0.01735916315504106,-0.0035577510321187006,33.4122281035946,-112.50028495142833,10063,0.0,33.4,-112.5,1.3599603290246456
2024-05-12 06:20:00,105031194,-0.016289492455975767,-0.02447483497150986,-0.008104149940441672,33.4122281035946,-112.50028495142833,10063,0.0,33.4,-112.5,1.3599603290246456
2024-05-12 06:21:00,105031194,-0.010447038159099404,-0.018932230451532646,-0.0019618458666661627,33.4122281035946,-112.50028495142833,10063,0.0,33.4,-112.5,1.3599603290246456
2024-05-12 06:22:00,105031194,-0.013395751735579484,-0.02104640835718319,-0.005745095113975778,33.4122281035946,-112.50028495142833,10063,0.0,33.4,-112.5,1.3599603290246456
2024-05-12 06:23:00,105031194,-0.014267883555587838,-0.0231747247982685,-0.0053610423129071775,33.4122281035946,-112.50028495142833,10063,0.1,33.4,-112.5,1.3599603290246456
2024-05-12 06:24:00,105031194,-0.011030146064267067,-0.02006664782195105,-0.0019936443065830863,33.4122281035946,-112.50028495142833,10063,0.1,33.4,-112.5,1.3599603290246456
2024-05-12 06:25:00,105031194,0.009363310136841232,-0.008222959060996151,0.026949579334678616,33.4122281035946,-112.50028495142833,10063,0.0,33.4,-112.5,1.3599603290246456
2024-05-12 06:26:00,105031194,-0.021279740969785826,-0.03492128017173365,-0.007638201767838004,33.4122281035946,-112.50028495142833,10063,0.0,33.4,-112.5,1.3599603290246456
2024-05-12 06:27:00,105031194,-0.028649576401914515,-0.04165228527567491,-0.01564686752815412,33.4122281035946,-112.50028495142833,10063,0.0,33.4,-112.5,1.3599603290246456
2024-05-12 06:28:00,105031194,-0.0409711951064296,-0.05856181066122721,-0.023380579551631996,33.4122281035946,-112.50028495142833,10063,0.1,33.4,-112.5,1.3599603290246456
2024-05-12 06:29:00,105031194,-0.023943042479756576,-0.034524615383224204,-0.01336146957628895,33.4122281035946,-112.50028495142833,10063,0.1,33.4,-112.5,1.3599603290246456
2024-05-12 06:30:00,105031194,-0.02453652500196968,-0.03642232204583909,-0.012650727958100273,33.4122281035946,-112.50028495142833,10063,0.1,33.4,-112.5,1.3599603290246456
2024-05-12 06:31:00,105031194,-0.0357716650673466,-0.050682444368956386,-0.020860885765736817,33.4122281035946,-112.50028495142833,10063,0.0,33.4,-112.5,1.3599603290246456
2024-05-12 06:32:00,105031194,-0.03505923205293379,-0.04946182422617691,-0.02065663987969067,33.4122281035946,-112.50028495142833,10063,0.0,33.4,-112.5,1.3599603290246456
2024-05-12 06:33:00,105031194,-0.00485226936103757,-0.015231678788873864,0.005527140066798725,33.4122281035946,-112.50028495142833,10063,0.1,33.4,-112.5,1.3599603290246456
2024-05-12 06:34:00,105031194,-0.032964124940079,-0.04703554432110963,-0.018892705559048366,33.4122281035946,-112.50028495142833,10063,0.0,33.4,-112.5,1.3599603290246456
2024-05-12 06:35:00,105031194,-0.04141704289167933,-0.059351420254489154,-0.023482665528869504,33.4122281035946,-112.50028495142833,10063,0.0,33.4,-112.5,1.3599603290246456
2024-05-12 06:36:00,105031194,-0.047500396125341876,-0.07269621218080258,-0.022304580069881168,33.4122281035946,-112.50028495142833,10063,0.0,33.4,-112.5,1.3599603290246456
2024-05-12 06:37:00,105031194,-0.0075875151779680496,-0.021348977523155295,0.006173947167219194,33.4122281035946,-112.50028495142833,10063,0.0,33.4,-112.5,1.3599603290246456
2024-05-12 06:38:00,105031194,0.02420595377794657,0.012922287109657263,0.03548962044623588,33.4122281035946,-112.50028495142833,10063,0.0,33.4,-112.5,1.3599603290246456
2024-05-12 06:39:00,105031194,0.014752563880748292,0.003895891016551585,0.025609236744945,33.4122281035946,-112.50028495142833,10063,0.0,33.4,-112.5,1.3599603290246456
2024-05-12 06:40:00,105031194,-0.008201901166663939,-0.014927573274437451,-0.0014762290588904263,33.4122281035946,-112.50028495142833,10063,0.0,33.4,-112.5,1.3599603290246456
2024-05-12 06:41:00,105031194,-0.027705501805650515,-0.04295439855735206,-0.012456605053948976,33.4122281035946,-112.50028495142833,10063,0.0,33.4,-112.5,1.3599603290246456
2024-05-12 06:42:00,105031194,-0.0475266464285081,-0.0685527492848242,-0.026500543572192004,33.4122281035946,-112.50028495142833,10063,0.0,33.4,-112.5,1.3599603290246456
2024-05-12 06:43:00,105031194,-0.032275969442680366,-0.04630829557201713,-0.018243643313343605,33.4122281035946,-112.50028495142833,10063,0.0,33.4,-112.5,1.3599603290246456
2024-05-12 06:44:00,105031194,-0.04004332555173038,-0.06010185468139554,-0.019984796422065222,33.4122281035946,-112.50028495142833,10063,0.0,33.4,-112.5,1.3599603290246456
2024-05-12 06:45:00,105031194,-0.04196088535175484,-0.06665974138583344,-0.017262029317676238,33.4122281035946,-112.50028495142833,10063,0.0,33.4,-112.5,1.3599603290246456
2024-05-12 06:46:00,105031194,-0.022097029319251817,-0.044562093029368297,0.0003680343908646633,33.4122281035946,-112.50028495142833,10063,0.0,33.4,-112.5,1.3599603290246456
2024-05-12 06:47:00,105031194,-0.027270509207266428,-0.04501638697895009,-0.009524631435582763,33.4122281035946,-112.50028495142833,10063,0.0,33.4,-112.5,1.3599603290246456
2024-05-12 06:48:00,105031194,-0.017686781391854027,-0.028288937154759476,-0.00708462562894858,33.4122281035946,-112.50028495142833,10063,0.0,33.4,-112.5,1.3599603290246456
2024-05-12 06:49:00,105031194,-0.019534167088451505,-0.02874363452735388,-0.010324699649549128,33.4122281035946,-112.50028495142833,10063,0.0,33.4,-112.5,1.3599603290246456
2024-05-12 06:50:00,105031194,-0.05330796653222769,-0.07516399811857515,-0.031451934945880236,33.4122281035946,-112.50028495142833,10063,0.0,33.4,-112.5,1.3599603290246456
2024-05-12 06:51:00,105031194,-0.06912116023284712,-0.09940785065346927,-0.038834469812224964,33.4122281035946,-112.50028495142833,10063,0.0,33.4,-112.5,1.3599603290246456
2024-05-12 06:52:00,105031194,-0.055383899654287846,-0.08515795020057355,-0.025609849108002136,33.4122281035946,-112.50028495142833,10063,0.0,33.4,-112.5,1.3599603290246456
2024-05-12 06:53:00,105031194,-0.06304598767673997,-0.09741115498452788,-0.028680820368952066,33.4122281035946,-112.50028495142833,10063,0.0,33.4,-112.5,1.3599603290246456
2024-05-12 06:54:00,105031194,-0.0532763469700216,-0.08503308711466898,-0.02151960682537423,33.4122281035946,-112.50028495142833,10063,-0.1,33.4,-112.5,1.3599603290246456
2024-05-12 06:55:00,105031194,-0.041358679442912355,-0.06514498236330873,-0.017572376522515983,33.4122281035946,-112.50028495142833,10063,0.0,33.4,-112.5,1.3599603290246456
2024-05-12 06:56:00,105031194,-0.05517013248100011,-0.08318698310620776,-0.027153281855792463,33.4122281035946,-112.50028495142833,10063,0.0,33.4,-112.5,1.3599603290246456
2024-05-12 06:57:00,105031194,-0.043543212562151,-0.0683200384658354,-0.018766386658466597,33.4122281035946,-112.50028495142833,10063,0.0,33.4,-112.5,1.3599603290246456
2024-05-12 06:58:00,105031194,-0.0526426271657235,-0.08017471023495627,-0.025110544096490727,33.4122281035946,-112.50028495142833,10063,0.0,33.4,-112.5,1.3599603290246456
2024-05-12 06:59:00,105031194,-0.0460664641008074,-0.06901065450271135,-0.023122273698903455,33.4122281035946,-112.50028495142833,10063,0.0,33.4,-112.5,1.3599603290246456
2024-05-12 07:00:00,105031194,-0.05323754212460749,-0.08404933679338022,-0.02242574745583475,33.4122281035946,-112.50028495142833,10063,0.0,33.4,-112.5,1.3599603290246456
2024-05-12 07:01:00,105031194,-0.015086684498106151,-0.04136040150346981,0.011187032507257508,33.4122281035946,-112.50028495142833,10063,0.0,33.4,-112.5,1.3599603290246456
2024-05-12 07:02:00,105031194,0.006761275953137617,-0.0143342267737309,0.027856778680006137,33.4122281035946,-112.50028495142833,10063,-0.1,33.4,-112.5,1.3599603290246456
2024-05-12 07:03:00,105031194,-0.0011604922144129474,-0.01902517446558748,0.016704190036761584,33.4122281035946,-112.50028495142833,10063,0.0,33.4,-112.5,1.3599603290246456
2024-05-12 07:04:00,105031194,-0.028412330104169416,-0.049483910846900805,-0.007340749361438029,33.4122281035946,-112.50028495142833,10063,0.0,33.4,-112.5,1.3599603290246456
2024-05-12 07:05:00,105031194,-0.022284246120666228,-0.04039517154752599,-0.004173320693806468,33.4122281035946,-112.50028495142833,10063,-0.1,33.4,-112.5,1.3599603290246456
2024-05-12 07:06:00,105031194,-0.0054163361011049065,-0.02383336824585214,0.013000696043642328,33.4122281035946,-112.50028495142833,10063,0.0,33.4,-112.5,1.3599603290246456
2024-05-12 07:07:00,105031194,7.899113840304702e-05,-0.010750199882266435,0.010908182159072528,33.4122281035946,-112.50028495142833,10063,0.0,33.4,-112.5,1.3599603290246456
2024-05-12 07:08:00,105031194,-0.005707743066502593,-0.017436592071762295,0.006021105938757109,33.4122281035946,-112.50028495142833,10063,-0.1,33.4,-112.5,1.3599603290246456
2024-05-12 07:09:00,105031194,0.007328338985714885,-0.005929270790788886,0.020585948762218656,33.4122281035946,-112.50028495142833,10063,0.0,33.4,-112.5,1.3599603290246456
2024-05-12 07:10:00,105031194,0.018419604923626747,0.007931096436831242,0.02890811341042225,33.4122281035946,-112.50028495142833,10063,0.0,33.4,-112.5,1.3599603290246456
2024-05-12 07:11:00,105031194,0.01666578870007878,0.00803456150080422,0.02529701589935334,33.4122281035946,-112.50028495142833,10063,0.0,33.4,-112.5,1.3599603290246456
2024-05-12 07:12:00,105031194,0.0017891464975317167,-0.004750405640074133,0.008328698635137567,33.4122281035946,-112.50028495142833,10063,0.0,33.4,-112.5,1.3599603290246456
2024-05-12 07:13:00,105031194,-0.026990099350529675,-0.03895578927087978,-0.015024409430179568,33.4122281035946,-112.50028495142833,10063,0.0,33.4,-112.5,1.3599603290246456
2024-05-12 07:14:00,105031194,-0.03854418220611191,-0.0546450582396945,-0.022443306172529324,33.4122281035946,-112.50028495142833,10063,0.0,33.4,-112.5,1.3599603290246456
2024-05-12 07:15:00,105031194,-0.026984228192067666,-0.03920106129322612,-0.014767395090909215,33.4122281035946,-112.50028495142833,10063,0.0,33.4,-112.5,1.3599603290246456
2024-05-12 07:16:00,105031194,-0.022898179528325034,-0.03518210554638847,-0.010614253510261603,33.4122281035946,-112.50028495142833,10063,0.0,33.4,-112.5,1.3599603290246456
2024-05-12 07:17:00,105031194,-0.02942499782881912,-0.04366894033032187,-0.015181055327316369,33.4122281035946,-112.50028495142833,10063,0.0,33.4,-112.5,1.3599603290246456
2024-05-12 07:18:00,105031194,-0.02508407779676778,-0.03664233115413929,-0.01352582443939627,33.4122281035946,-112.50028495142833,10063,0.1,33.4,-112.5,1.3599603290246456
2024-05-12 07:19:00,105031194,-0.01766450215501735,-0.02956230158560879,-0.005766702724425914,33.4122281035946,-112.50028495142833,10063,0.1,33.4,-112.5,1.3599603290246456
2024-05-12 07:20:00,105031194,-0.008561207746191235,-0.019018702546305583,0.0018962870539231125,33.4122281035946,-112.50028495142833,10063,0.0,33.4,-112.5,1.3599603290246456
2024-05-12 07:21:00,105031194,0.014135637464930179,-0.00012983416004167837,0.028401109089902038,33.4122281035946,-112.50028495142833,10063,0.0,33.4,-112.5,1.3599603290246456
2024-05-12 07:22:00,105031194,-0.004358567612082271,-0.01415225744789461,0.005435122223730068,33.4122281035946,-112.50028495142833,10063,0.0,33.4,-112.5,1.3599603290246456
2024-05-12 07:23:00,105031194,-0.03484933067829159,-0.05239065114008579,-0.017308010216497388,33.4122281035946,-112.50028495142833,10063,0.0,33.4,-112.5,1.3599603290246456
2024-05-12 07:24:00,105031194,-0.03265658145003665,-0.04808058642712894,-0.017232576472944367,33.4122281035946,-112.50028495142833,10063,0.0,33.4,-112.5,1.3599603290246456
2024-05-12 07:25:00,105031194,-0.018711677003905112,-0.02856337424186616,-0.00885997976594406,33.4122281035946,-112.50028495142833,10063,0.0,33.4,-112.5,1.3599603290246456
2024-05-12 07:26:00,105031194,-0.005847232661961102,-0.012904613319703167,0.0012101479957809629,33.4122281035946,-112.50028495142833,10063,0.0,33.4,-112.5,1.3599603290246456
2024-05-12 07:27:00,105031194,-0.006792637283908613,-0.014713583283983084,0.001128308716165859,33.4122281035946,-112.50028495142833,10063,0.0,33.4,-112.5,1.3599603290246456
2024-05-12 07:28:00,105031194,-0.015037024881969233,-0.024091344140536142,-0.005982705623402324,33.4122281035946,-112.50028495142833,10063,0.0,33.4,-112.5,1.3599603290246456
2024-05-12 07:29:00,105031194,-0.010495036272166493,-0.017913889485416435,-0.003076183058916551,33.4122281035946,-112.50028495142833,10063,-0.1,33.4,-112.5,1.3599603290246456
2024-05-12 07:30:00,105031194,-0.01841825077744282,-0.028400690731012958,-0.00843581082387268,33.4122281035946,-112.50028495142833,10063,0.0,33.4,-112.5,1.3599603290246456
2024-05-12 07:31:00,105031194,-0.010020518649626206,-0.017832632212908147,-0.0022084050863442643,33.4122281035946,-112.50028495142833,10063,-0.1,33.4,-112.5,1.3599603290246456
2024-05-12 07:32:00,105031194,-0.019574608195852647,-0.03108743333996085,-0.008061783051744443,33.4122281035946,-112.50028495142833,10063,-0.1,33.4,-112.5,1.3599603290246456
2024-05-12 07:33:00,105031194,-0.017462994392987815,-0.026933800831806014,-0.007992187954169618,33.4122281035946,-112.50028495142833,10063,0.0,33.4,-112.5,1.3599603290246456
2024-05-12 07:34:00,105031194,-0.04113759418463983,-0.058679383463213816,-0.023595804906065845,33.4122281035946,-112.50028495142833,10063,-0.1,33.4,-112.5,1.3599603290246456
2024-05-12 07:35:00,105031194,-0.037916386216402725,-0.05353126939091371,-0.022301503041891744,33.4122281035946,-112.50028495142833,10063,0.0,33.4,-112.5,1.3599603290246456
2024-05-12 07:36:00,105031194,-0.031707544775766074,-0.04558343778586439,-0.017831651765667755,33.4122281035946,-112.50028495142833,10063,0.0,33.4,-112.5,1.3599603290246456
2024-05-12 07:37:00,105031194,-0.020587516305232912,-0.03192732201462851,-0.009247710595837315,33.4122281035946,-112.50028495142833,10063,0.0,33.4,-112.5,1.3599603290246456
2024-05-12 07:38:00,105031194,-0.004489121339082814,-0.01624682179617127,0.007268579118005639,33.4122281035946,-112.50028495142833,10063,0.0,33.4,-112.5,1.3599603290246456
2024-05-12 07:39:00,105031194,0.006549779851143752,-0.004241580611505564,0.01734114031379307,33.4122281035946,-112.50028495142833,10063,-0.1,33.4,-112.5,1.3599603290246456
2024-05-12 07:40:00,105031194,-0.0062341139741658395,-0.01721590263675702,0.004747674688425343,33.4122281035946,-112.50028495142833,10063,-0.1,33.4,-112.5,1.3599603290246456
2024-05-12 07:41:00,105031194,-0.025096857074819116,-0.04050003079355459,-0.009693683356083647,33.4122281035946,-112.50028495142833,10063,-0.1,33.4,-112.5,1.3599603290246456
2024-05-12 07:42:00,105031194,-0.04607349752854348,-0.06895985198295165,-0.02318714307413531,33.4122281035946,-112.50028495142833,10063,-0.1,33.4,-112.5,1.3599603290246456
2024-05-12 07:43:00,105031194,-0.028287521373675458,-0.04650329304534699,-0.010071749702003922,33.4122281035946,-112.50028495142833,10063,-0.1,33.4,-112.5,1.3599603290246456
2024-05-12 07:44:00,105031194,-0.030907225595156365,-0.04931095464091338,-0.012503496549399345,33.4122281035946,-112.50028495142833,10063,-0.1,33.4,-112.5,1.3599603290246456
2024-05-12 07:45:00,105031194,-0.02610869231240831,-0.043826163731722524,-0.008391220893094097,33.4122281035946,-112.50028495142833,10063,0.0,33.4,-112.5,1.3599603290246456
2024-05-12 07:46:00,105031194,-0.017721554332425206,-0.034027591823674104,-0.0014155168411763078,33.4122281035946,-112.50028495142833,10063,-0.1,33.4,-112.5,1.3599603290246456
2024-05-12 07:47:00,105031194,-0.014210524454553198,-0.03032433398089046,0.0019032850717840676,33.4122281035946,-112.50028495142833,10063,-0.1,33.4,-112.5,1.3599603290246456
2024-05-12 07:48:00,105031194,0.0003803985203223492,-0.01562610725366508,0.016386904294309775,33.4122281035946,-112.50028495142833,10063,-0.1,33.4,-112.5,1.3599603290246456
2024-05-12 07:49:00,105031194,0.027799595473713492,0.015756085284162925,0.03984310566326406,33.4122281035946,-112.50028495142833,10063,-0.1,33.4,-112.5,1.3599603290246456
2024-05-12 07:50:00,105031194,0.011312619117188547,0.00393733519298551,0.018687903041391583,33.4122281035946,-112.50028495142833,10063,0.0,33.4,-112.5,1.3599603290246456
2024-05-12 07:51:00,105031194,0.013114730980980179,0.005273351411448652,0.020956110550511706,33.4122281035946,-112.50028495142833,10063,0.0,33.4,-112.5,1.3599603290246456
2024-05-12 07:52:00,105031194,-0.012409365745868189,-0.020074402265526425,-0.004744329226209952,33.4122281035946,-112.50028495142833,10063,0.0,33.4,-112.5,1.3599603290246456
2024-05-12 07:53:00,105031194,0.00015664415960280618,-0.005789254584064547,0.006102542903270159,33.4122281035946,-112.50028495142833,10063,-0.1,33.4,-112.5,1.3599603290246456
2024-05-12 07:54:00,105031194,0.0008180513262141375,-0.0075144891195119655,0.00915059177194024,33.4122281035946,-112.50028495142833,10063,0.0,33.4,-112.5,1.3599603290246456
2024-05-12 07:55:00,105031194,-0.007679978843223576,-0.014732006790949024,-0.0006279508954981266,33.4122281035946,-112.50028495142833,10063,-0.1,33.4,-112.5,1.3599603290246456
2024-05-12 07:56:00,105031194,0.006587400097441673,-0.0034624610109212275,0.016637261205804575,33.4122281035946,-112.50028495142833,10063,0.0,33.4,-112.5,1.3599603290246456
2024-05-12 07:57:00,105031194,-0.01131865441064128,-0.026911917358063444,0.004274608536780883,33.4122281035946,-112.50028495142833,10063,0.0,33.4,-112.5,1.3599603290246456
2024-05-12 07:58:00,105031194,-0.03273711050953585,-0.05347431310036217,-0.01199990791870953,33.4122281035946,-112.50028495142833,10063,0.0,33.4,-112.5,1.3599603290246456
2024-05-12 07:59:00,105031194,-0.022455875412004816,-0.04335549239899765,-0.0015562584250119818,33.4122281035946,-112.50028495142833,10063,0.1,33.4,-112.5,1.3599603290246456
2024-05-12 08:00:00,105031194,-0.04431012194553498,-0.06596249623529477,-0.022657747655775193,33.4122281035946,-112.50028495142833,10063,0.1,33.4,-112.5,1.3599603290246456
2024-05-12 08:01:00,105031194,-0.04953880671512121,-0.07236671442721508,-0.02671089900302734,33.4122281035946,-112.50028495142833,10063,0.0,33.4,-112.5,1.3599603290246456
2024-05-12 08:02:00,105031194,-0.04388451395139978,-0.06245570711685296,-0.0253133207859466,33.4122281035946,-112.50028495142833,10063,0.0,33.4,-112.5,1.3599603290246456
2024-05-12 08:03:00,105031194,-0.043843201618297474,-0.062318186490834676,-0.02536821674576027,33.4122281035946,-112.50028495142833,10063,0.0,33.4,-112.5,1.3599603290246456
2024-05-12 08:04:00,105031194,-0.047645589866603076,-0.06616740234415602,-0.029123777389050125,33.4122281035946,-112.50028495142833,10063,0.0,33.4,-112.5,1.3599603290246456
2024-05-12 08:05:00,105031194,-0.03361282003798375,-0.04750043873190783,-0.019725201344059667,33.4122281035946,-112.50028495142833,10063,0.0,33.4,-112.5,1.3599603290246456
2024-05-12 08:06:00,105031194,-0.030656419554375168,-0.04312072359234739,-0.018192115516402943,33.4122281035946,-112.50028495142833,10063,0.0,33.4,-112.5,1.3599603290246456
2024-05-12 08:07:00,105031194,-0.012035637087249421,-0.019728363164947832,-0.00434291100955101,33.4122281035946,-112.50028495142833,10063,0.0,33.4,-112.5,1.3599603290246456
2024-05-12 08:08:00,105031194,-0.023645488771929155,-0.036271348601539355,-0.011019628942318956,33.4122281035946,-112.50028495142833,10063,-0.1,33.4,-112.5,1.3599603290246456
2024-05-12 08:09:00,105031194,-0.019608942444390317,-0.030221465232007125,-0.00899641965677351,33.4122281035946,-112.50028495142833,10063,-0.1,33.4,-112.5,1.3599603290246456
2024-05-12 08:10:00,105031194,-0.012909419108757248,-0.02351104101265561,-0.002307797204858889,33.4122281035946,-112.50028495142833,10063,0.0,33.4,-112.5,1.3599603290246456
2024-05-12 08:11:00,105031194,0.017998214180704252,0.007570678516373223,0.02842574984503528,33.4122281035946,-112.50028495142833,10063,-0.1,33.4,-112.5,1.3599603290246456
2024-05-12 08:12:00,105031194,-0.008337554268914311,-0.017225706800015506,0.0005505982621868844,33.4122281035946,-112.50028495142833,10063,-0.1,33.4,-112.5,1.3599603290246456
2024-05-12 08:13:00,105031194,-0.01565980807781625,-0.023282464315482712,-0.008037151840149788,33.4122281035946,-112.50028495142833,10063,-0.1,33.4,-112.5,1.3599603290246456
2024-05-12 08:14:00,105031194,-0.05034797224461248,-0.07036753832722063,-0.03032840616200433,33.4122281035946,-112.50028495142833,10063,-0.1,33.4,-112.5,1.3599603290246456
2024-05-12 08:15:00,105031194,-0.050663533817771306,-0.07037566075500959,-0.03095140688053303,33.4122281035946,-112.50028495142833,10063,0.0,33.4,-112.5,1.3599603290246456
2024-05-12 08:16:00,105031194,-0.0393762731677234,-0.054720502227495305,-0.024032044107951497,33.4122281035946,-112.50028495142833,10063,-0.1,33.4,-112.5,1.3599603290246456
2024-05-12 08:17:00,105031194,-0.01676373209359059,-0.024815993211417555,-0.008711470975763625,33.4122281035946,-112.50028495142833,10063,-0.1,33.4,-112.5,1.3599603290246456
2024-05-12 08:18:00,105031194,-0.015063385751462667,-0.023455836036019313,-0.00667093546690602,33.4122281035946,-112.50028495142833,10063,0.0,33.4,-112.5,1.3599603290246456
2024-05-12 08:19:00,105031194,-0.009152304273798074,-0.014982542481653035,-0.003322066065943114,33.4122281035946,-112.50028495142833,10063,-0.1,33.4,-112.5,1.3599603290246456
2024-05-12 08:20:00,105031194,-0.019379299105276915,-0.02808036261018258,-0.01067823560037125,33.4122281035946,-112.50028495142833,10063,0.0,33.4,-112.5,1.3599603290246456
2024-05-12 08:21:00,105031194,-0.044634611758970676,-0.062082707202779266,-0.02718651631516208,33.4122281035946,-112.50028495142833,10063,0.0,33.4,-112.5,1.3599603290246456
2024-05-12 08:22:00,105031194,-0.04353444069101099,-0.060558457634660216,-0.026510423747361768,33.4122281035946,-112.50028495142833,10063,0.0,33.4,-112.5,1.3599603290246456
2024-05-12 08:23:00,105031194,-0.025879501335948407,-0.03863546762217776,-0.013123535049719052,33.4122281035946,-112.50028495142833,10063,0.0,33.4,-112.5,1.3599603290246456
2024-05-12 08:24:00,105031194,-0.040295246170709995,-0.05665140886232285,-0.023939083479097137,33.4122281035946,-112.50028495142833,10063,-0.1,33.4,-112.5,1.3599603290246456
2024-05-12 08:25:00,105031194,-0.022382930615630334,-0.035834190652702935,-0.008931670578557734,33.4122281035946,-112.50028495142833,10063,0.0,33.4,-112.5,1.3599603290246456
2024-05-12 08:26:00,105031194,-0.052027187242469096,-0.07309885014783667,-0.03095552433710153,33.4122281035946,-112.50028495142833,10063,0.0,33.4,-112.5,1.3599603290246456
2024-05-12 08:27:00,105031194,-0.04013778210062076,-0.057463088231782214,-0.0228124759694593,33.4122281035946,-112.50028495142833,10063,0.0,33.4,-112.5,1.3599603290246456
2024-05-12 08:28:00,105031194,-0.03740283067135098,-0.051878788566774754,-0.022926872775927205,33.4122281035946,-112.50028495142833,10063,0.0,33.4,-112.5,1.3599603290246456
2024-05-12 08:29:00,105031194,-0.030256998666881918,-0.04236858453276778,-0.018145412800996054,33.4122281035946,-112.50028495142833,10063,0.0,33.4,-112.5,1.3599603290246456
2024-05-12 08:30:00,105031194,-0.02066819896626976,-0.029823846425325998,-0.011512551507213522,33.4122281035946,-112.50028495142833,10063,0.0,33.4,-112.5,1.3599603290246456
2024-05-12 08:31:00,105031194,-0.00046999223146540736,-0.007689289564320415,0.0067493051013896,33.4122281035946,-112.50028495142833,10063,0.0,33.4,-112.5,1.3599603290246456
2024-05-12 08:32:00,105031194,0.024423190878675304,0.006298334489261575,0.04254804726808903,33.4122281035946,-112.50028495142833,10063,0.0,33.4,-112.5,1.3599603290246456
2024-05-12 08:33:00,105031194,0.021675277627869298,-0.0015893603571507306,0.044939915612889327,33.4122281035946,-112.50028495142833,10063,0.0,33.4,-112.5,1.3599603290246456
2024-05-12 08:34:00,105031194,0.005065897093882576,-0.008891297337126059,0.01902309152489121,33.4122281035946,-112.50028495142833,10063,0.0,33.4,-112.5,1.3599603290246456
2024-05-12 08:35:00,105031194,0.00657041268437241,-0.0037927701656394154,0.016933595534384234,33.4122281035946,-112.50028495142833,10063,0.0,33.4,-112.5,1.3599603290246456
2024-05-12 08:36:00,105031194,-0.028806236397211245,-0.042708950664058484,-0.014903522130364003,33.4122281035946,-112.50028495142833,10063,0.0,33.4,-112.5,1.3599603290246456
2024-05-12 08:37:00,105031194,-0.029798724452987136,-0.04487203559196871,-0.014725413314005563,33.4122281035946,-112.50028495142833,10063,0.0,33.4,-112.5,1.3599603290246456
2024-05-12 08:38:00,105031194,-0.04674337007441467,-0.06442521911935173,-0.029061521029477604,33.4122281035946,-112.50028495142833,10063,-0.1,33.4,-112.5,1.3599603290246456
2024-05-12 08:39:00,105031194,-0.033214077173165026,-0.04770861662449212,-0.01871953772183793,33.4122281035946,-112.50028495142833,10063,-0.1,33.4,-112.5,1.3599603290246456
2024-05-12 08:40:00,105031194,-0.03598764374069368,-0.057664471887313246,-0.01431081559407411,33.4122281035946,-112.50028495142833,10063,-0.1,33.4,-112.5,1.3599603290246456
2024-05-12 08:41:00,105031194,-0.034034631482003384,-0.04931733859778959,-0.018751924366217178,33.4122281035946,-112.50028495142833,10063,0.0,33.4,-112.5,1.3599603290246456
2024-05-12 08:42:00,105031194,-0.027795435091069805,-0.03873168848685892,-0.016859181695280688,33.4122281035946,-112.50028495142833,10063,0.0,33.4,-112.5,1.3599603290246456
2024-05-12 08:43:00,105031194,-0.02756402636458047,-0.038561843594335704,-0.016566209134825236,33.4122281035946,-112.50028495142833,10063,-0.1,33.4,-112.5,1.3599603290246456
2024-05-12 08:44:00,105031194,-0.04536465859801548,-0.06252459073186806,-0.0282047264641629,33.4122281035946,-112.50028495142833,10063,-0.1,33.4,-112.5,1.3599603290246456
2024-05-12 08:45:00,105031194,-0.030220257125930267,-0.041950435719212434,-0.0184900785326481,33.4122281035946,-112.50028495142833,10063,0.0,33.4,-112.5,1.3599603290246456
2024-05-12 08:46:00,105031194,-0.04592215811149836,-0.06606538424572816,-0.025778931977268545,33.4122281035946,-112.50028495142833,10063,-0.1,33.4,-112.5,1.3599603290246456
2024-05-12 08:47:00,105031194,-0.0454633048462975,-0.07039855956913102,-0.020528050123463974,33.4122281035946,-112.50028495142833,10063,0.0,33.4,-112.5,1.3599603290246456
2024-05-12 08:48:00,105031194,-0.0552928022897912,-0.07655463253501045,-0.03403097204457195,33.4122281035946,-112.50028495142833,10063,-0.1,33.4,-112.5,1.3599603290246456
2024-05-12 08:49:00,105031194,-0.12426835566497686,-0.17108393571416597,-0.07745277561578776,33.4122281035946,-112.50028495142833,10063,0.0,33.4,-112.5,1.3599603290246456
2024-05-12 08:50:00,105031194,-0.1583381506397312,-0.2187604318094585,-0.09791586947000389,33.4122281035946,-112.50028495142833,10063,-0.1,33.4,-112.5,1.3599603290246456
2024-05-12 08:51:00,105031194,-0.10400944404107959,-0.14311727563725657,-0.06490161244490263,33.4122281035946,-112.50028495142833,10063,0.0,33.4,-112.5,1.3599603290246456
2024-05-12 08:52:00,105031194,-0.10869230760406133,-0.15071457578454397,-0.06667003942357869,33.4122281035946,-112.50028495142833,10063,0.1,33.4,-112.5,1.3599603290246456
2024-05-12 08:53:00,105031194,-0.05556999001754705,-0.07708964066370866,-0.03405033937138543,33.4122281035946,-112.50028495142833,10063,-0.1,33.4,-112.5,1.3599603290246456
2024-05-12 08:54:00,105031194,-0.004318859957261149,-0.010172744231588097,0.0015350243170657992,33.4122281035946,-112.50028495142833,10063,-0.1,33.4,-112.5,1.3599603290246456
2024-05-12 08:55:00,105031194,0.012306902311277446,-0.005385875349185453,0.029999679971740346,33.4122281035946,-112.50028495142833,10063,0.0,33.4,-112.5,1.3599603290246456
2024-05-12 08:56:00,105031194,-0.012437218005118924,-0.03355439483404964,0.008679958823811796,33.4122281035946,-112.50028495142833,10063,0.0,33.4,-112.5,1.3599603290246456
2024-05-12 08:57:00,105031194,-0.05057273257416842,-0.07744487635051851,-0.02370058879781833,33.4122281035946,-112.50028495142833,10063,0.0,33.4,-112.5,1.3599603290246456
2024-05-12 08:58:00,105031194,-0.07540685539122176,-0.10529649582766484,-0.045517214954778666,33.4122281035946,-112.50028495142833,10063,-0.1,33.4,-112.5,1.3599603290246456
2024-05-12 08:59:00,105031194,-0.08361058997545849,-0.11494461919107914,-0.052276560759837845,33.4122281035946,-112.50028495142833,10063,0.0,33.4,-112.5,1.3599603290246456
2024-05-12 09:00:00,105031194,-0.07047127114426821,-0.09916115110102708,-0.04178139118750935,33.4122281035946,-112.50028495142833,10063,0.0,33.4,-112.5,1.3599603290246456
2024-05-12 09:01:00,105031194,-0.050059865271721626,-0.07493836882628008,-0.025181361717163172,33.4122281035946,-112.50028495142833,10063,-0.1,33.4,-112.5,1.3599603290246456
2024-05-12 09:02:00,105031194,-0.027133827359800005,-0.043521438180917874,-0.010746216538682136,33.4122281035946,-112.50028495142833,10063,-0.1,33.4,-112.5,1.3599603290246456
2024-05-12 09:03:00,105031194,0.02129543710829043,0.011683857748592163,0.030907016467988695,33.4122281035946,-112.50028495142833,10063,-0.1,33.4,-112.5,1.3599603290246456
2024-05-12 09:04:00,105031194,0.020991188228622844,0.010814701765803339,0.031167674691442347,33.4122281035946,-112.50028495142833,10063,-0.1,33.4,-112.5,1.3599603290246456
2024-05-12 09:05:00,105031194,0.028430474378643582,0.014527572931051834,0.04233337582623533,33.4122281035946,-112.50028495142833,10063,-0.1,33.4,-112.5,1.3599603290246456
2024-05-12 09:06:00,105031194,0.006731445977534452,-0.004325414206992706,0.01778830616206161,33.4122281035946,-112.50028495142833,10063,-0.1,33.4,-112.5,1.3599603290246456
2024-05-12 09:07:00,105031194,-0.0016176438647953386,-0.008398460792417179,0.005163173062826502,33.4122281035946,-112.50028495142833,10063,-0.1,33.4,-112.5,1.3599603290246456
2024-05-12 09:08:00,105031194,-0.0014546434161966484,-0.008643351930492415,0.005734065098099118,33.4122281035946,-112.50028495142833,10063,-0.1,33.4,-112.5,1.3599603290246456
2024-05-12 09:09:00,105031194,0.013665794464629144,-0.003371274867337402,0.03070286379659569,33.4122281035946,-112.50028495142833,10063,0.0,33.4,-112.5,1.3599603290246456
2024-05-12 09:10:00,105031194,-0.004408802382143867,-0.025238751841123272,0.016421147076835542,33.4122281035946,-112.50028495142833,10063,0.0,33.4,-112.5,1.3599603290246456
2024-05-12 09:11:00,105031194,-0.004148082789260501,-0.01948182375928631,0.011185658180765307,33.4122281035946,-112.50028495142833,10063,0.0,33.4,-112.5,1.3599603290246456
2024-05-12 09:12:00,105031194,-0.009563705061891983,-0.021223811214516983,0.002096401090733016,33.4122281035946,-112.50028495142833,10063,-0.1,33.4,-112.5,1.3599603290246456
2024-05-12 09:13:00,105031194,-0.00825340212662681,-0.011910562030556364,-0.004596242222697255,33.4122281035946,-112.50028495142833,10063,-0.1,33.4,-112.5,1.3599603290246456
2024-05-12 09:14:00,105031194,0.007168777344575797,-0.014275137838981468,0.02861269252813306,33.4122281035946,-112.50028495142833,10063,0.0,33.4,-112.5,1.3599603290246456
2024-05-12 09:15:00,105031194,0.021243402802681607,-0.009437610832830078,0.05192441643819329,33.4122281035946,-112.50028495142833,10063,0.0,33.4,-112.5,1.3599603290246456
2024-05-12 09:16:00,105031194,-0.029517361191664118,-0.10188754312306038,0.042852820739732136,33.4122281035946,-112.50028495142833,10063,0.0,33.4,-112.5,1.3599603290246456
2024-05-12 09:17:00,105031194,-0.1539744653901404,-0.28083635986423905,-0.027112570916041717,33.4122281035946,-112.50028495142833,10063,0.1,33.4,-112.5,1.3599603290246456
2024-05-12 09:18:00,105031194,-0.1124536501465308,-0.23562801226157987,0.010720711968518273,33.4122281035946,-112.50028495142833,10063,0.2,33.4,-112.5,1.3599603290246456
2024-05-12 09:19:00,105031194,-0.06280695611325368,-0.17898112538943148,0.053367213162924115,33.4122281035946,-112.50028495142833,10063,0.1,33.4,-112.5,1.3599603290246456
2024-05-12 09:20:00,105031194,-0.11850849005660943,-0.1986147402327968,-0.03840223988042207,33.4122281035946,-112.50028495142833,10063,0.1,33.4,-112.5,1.3599603290246456
2024-05-12 09:21:00,105031194,-0.2035120643866727,-0.293209052550881,-0.11381507622246438,33.4122281035946,-112.50028495142833,10063,0.0,33.4,-112.5,1.3599603290246456
2024-05-12 09:22:00,105031194,-0.13652378340884297,-0.20145961442390456,-0.07158795239378138,33.4122281035946,-112.50028495142833,10063,0.0,33.4,-112.5,1.3599603290246456
2024-05-12 09:23:00,105031194,0.0035894178252415245,-0.036473735262067916,0.04365257091255097,33.4122281035946,-112.50028495142833,10063,0.0,33.4,-112.5,1.3599603290246456
2024-05-12 09:24:00,105031194,0.03834829500156868,0.01388460805699963,0.06281198194613773,33.4122281035946,-112.50028495142833,10063,0.0,33.4,-112.5,1.3599603290246456
2024-05-12 09:25:00,105031194,0.04466403534724964,0.009723611789024228,0.07960445890547505,33.4122281035946,-112.50028495142833,10063,0.0,33.4,-112.5,1.3599603290246456
2024-05-12 09:26:00,105031194,0.008988285085951063,-0.00877497229550788,0.026751542467410003,33.4122281035946,-112.50028495142833,10063,-0.1,33.4,-112.5,1.3599603290246456
2024-05-12 09:27:00,105031194,-0.0023445454255619424,-0.0232570863065426,0.018567995455418713,33.4122281035946,-112.50028495142833,10063,-0.1,33.4,-112.5,1.3599603290246456
2024-05-12 09:28:00,105031194,0.035797219854175,0.012239445618709592,0.05935499408964041,33.4122281035946,-112.50028495142833,10063,0.0,33.4,-112.5,1.3599603290246456
2024-05-12 09:29:00,105031194,0.06692915605054352,0.03990016387874929,0.09395814822233775,33.4122281035946,-112.50028495142833,10063,-0.1,33.4,-112.5,1.3599603290246456
2024-05-12 09:30:00,105031194,0.05575179862544725,0.03364014263718069,0.0778634546137138,33.4122281035946,-112.50028495142833,10063,-0.1,33.4,-112.5,1.3599603290246456
2024-05-12 09:31:00,105031194,0.030835920159954736,0.01796080013699963,0.04371104018290985,33.4122281035946,-112.50028495142833,10063,-0.1,33.4,-112.5,1.3599603290246456
2024-05-12 09:32:00,105031194,0.03573102763338122,0.02107829385550016,0.05038376141126228,33.4122281035946,-112.50028495142833,10063,-0.1,33.4,-112.5,1.3599603290246456
2024-05-12 09:33:00,105031194,0.06886176323462137,0.04099237080373141,0.09673115566551133,33.4122281035946,-112.50028495142833,10063,-0.1,33.4,-112.5,1.3599603290246456
2024-05-12 09:34:00,105031194,0.029940219938645696,0.012871218200501692,0.0470092216767897,33.4122281035946,-112.50028495142833,10063,-0.1,33.4,-112.5,1.3599603290246456
2024-05-12 09:35:00,105031194,0.0068695903620637966,-0.012606619859989995,0.02634580058411759,33.4122281035946,-112.50028495142833,10063,-0.1,33.4,-112.5,1.3599603290246456
2024-05-12 09:36:00,105031194,-0.0332028103285098,-0.04593612166135007,-0.020469498995669532,33.4122281035946,-112.50028495142833,10063,-0.1,33.4,-112.5,1.3599603290246456
2024-05-12 09:37:00,105031194,-0.047051187221282965,-0.06731140922378148,-0.026790965218784456,33.4122281035946,-112.50028495142833,10063,-0.1,33.4,-112.5,1.3599603290246456
2024-05-12 09:38:00,105031194,-0.015647297333820927,-0.021728130886013882,-0.009566463781627971,33.4122281035946,-112.50028495142833,10063,-0.1,33.4,-112.5,1.3599603290246456
2024-05-12 09:39:00,105031194,-0.046427938431258635,-0.06420221580495628,-0.02865366105756099,33.4122281035946,-112.50028495142833,10063,-0.1,33.4,-112.5,1.3599603290246456
2024-05-12 09:40:00,105031194,-0.05039804730153547,-0.0704167272496821,-0.030379367353388836,33.4122281035946,-112.50028495142833,10063,-0.1,33.4,-112.5,1.3599603290246456
2024-05-12 09:41:00,105031194,-0.034349304457010704,-0.04735728293869594,-0.021341325975325467,33.4122281035946,-112.50028495142833,10063,-0.1,33.4,-112.5,1.3599603290246456
2024-05-12 09:42:00,105031194,-0.018576118618630358,-0.02827652579602416,-0.008875711441236557,33.4122281035946,-112.50028495142833,10063,-0.1,33.4,-112.5,1.3599603290246456
2024-05-12 09:43:00,105031194,-0.0071865236437966854,-0.022948002783827828,0.008574955496234455,33.4122281035946,-112.50028495142833,10063,-0.1,33.4,-112.5,1.3599603290246456
2024-05-12 09:44:00,105031194,-0.031192283444124086,-0.04832489370466769,-0.014059673183580479,33.4122281035946,-112.50028495142833,10063,0.0,33.4,-112.5,1.3599603290246456
2024-05-12 09:45:00,105031194,-0.014891315045017273,-0.022610761394775268,-0.007171868695259277,33.4122281035946,-112.50028495142833,10063,-0.1,33.4,-112.5,1.3599603290246456
2024-05-12 09:46:00,105031194,-0.0025157486870141022,-0.005916079256594572,0.0008845818825663678,33.4122281035946,-112.50028495142833,10063,0.0,33.4,-112.5,1.3599603290246456
2024-05-12 09:47:00,105031194,0.0018840891984215926,-0.007704205008491145,0.01147238340533433,33.4122281035946,-112.50028495142833,10063,0.0,33.4,-112.5,1.3599603290246456
2024-05-12 09:48:00,105031194,-0.01045838139194566,-0.021989123819940164,0.0010723610360488436,33.4122281035946,-112.50028495142833,10063,-0.1,33.4,-112.5,1.3599603290246456
2024-05-12 09:49:00,105031194,-0.00735659590115613,-0.020952907442709248,0.006239715640396988,33.4122281035946,-112.50028495142833,10063,-0.1,33.4,-112.5,1.3599603290246456
2024-05-12 09:50:00,105031194,-0.022269516452717453,-0.030889300048092788,-0.013649732857342117,33.4122281035946,-112.50028495142833,10063,-0.1,33.4,-112.5,1.3599603290246456
2024-05-12 09:51:00,105031194,-0.01648242465575765,-0.02759775819526042,-0.00536709111625488,33.4122281035946,-112.50028495142833,10063,-0.1,33.4,-112.5,1.3599603290246456
2024-05-12 09:52:00,105031194,-0.005145199842432044,-0.017604517371362642,0.007314117686498556,33.4122281035946,-112.50028495142833,10063,-0.1,33.4,-112.5,1.3599603290246456
2024-05-12 09:53:00,105031194,0.02235605362901945,0.0071994503536668,0.037512656904372096,33.4122281035946,-112.50028495142833,10063,-0.1,33.4,-112.5,1.3599603290246456
2024-05-12 09:54:00,105031194,-0.007745571451406684,-0.014156154799804487,-0.0013349881030088806,33.4122281035946,-112.50028495142833,10063,-0.1,33.4,-112.5,1.3599603290246456
2024-05-12 09:55:00,105031194,-0.011480650285090831,-0.019186181176595568,-0.0037751193935860964,33.4122281035946,-112.50028495142833,10063,-0.1,33.4,-112.5,1.3599603290246456
2024-05-12 09:56:00,105031194,-0.044291035229437066,-0.07298467862590907,-0.015597391832965053,33.4122281035946,-112.50028495142833,10063,0.0,33.4,-112.5,1.3599603290246456
2024-05-12 09:57:00,105031194,-0.01399624233328864,-0.05290258476176956,0.024910100095192282,33.4122281035946,-112.50028495142833,10063,0.0,33.4,-112.5,1.3599603290246456
2024-05-12 09:58:00,105031194,0.0008720757763966273,-0.04495919823986887,0.04670334979266212,33.4122281035946,-112.50028495142833,10063,0.0,33.4,-112.5,1.3599603290246456
2024-05-12 09:59:00,105031194,-0.04465578503876164,-0.09106999409535844,0.0017584240178351584,33.4122281035946,-112.50028495142833,10063,0.0,33.4,-112.5,1.3599603290246456
2024-05-12 10:00:00,105031194,-0.04229656194221756,-0.07787724387895822,-0.006715880005476883,33.4122281035946,-112.50028495142833,10063,-0.1,33.4,-112.5,1.3599603290246456
2024-05-12 10:01:00,105031194,-0.015303982683197907,-0.04921873176477135,0.018610766398375535,33.4122281035946,-112.50028495142833,10063,0.0,33.4,-112.5,1.3599603290246456
2024-05-12 10:02:00,105031194,0.001776129624238878,-0.032292276472485566,0.03584453572096332,33.4122281035946,-112.50028495142833,10063,-0.1,33.4,-112.5,1.3599603290246456
2024-05-12 10:03:00,105031194,0.0294861074151796,-0.005880671344938592,0.06485288617529779,33.4122281035946,-112.50028495142833,10063,-0.1,33.4,-112.5,1.3599603290246456
2024-05-12 10:04:00,105031194,-0.0012637988346380765,-0.02366551631918691,0.021137918649910756,33.4122281035946,-112.50028495142833,10063,0.0,33.4,-112.5,1.3599603290246456
2024-05-12 10:05:00,105031194,0.013442141876356046,-0.008667015108291381,0.03555129886100347,33.4122281035946,-112.50028495142833,10063,0.0,33.4,-112.5,1.3599603290246456
2024-05-12 10:06:00,105031194,0.026895404121390135,-0.0022857481109532125,0.05607655635373349,33.4122281035946,-112.50028495142833,10063,-0.1,33.4,-112.5,1.3599603290246456
2024-05-12 10:07:00,105031194,0.04635179321716929,0.010968859500061774,0.0817347269342768,33.4122281035946,-112.50028495142833,10063,0.0,33.4,-112.5,1.3599603290246456
2024-05-12 10:08:00,105031194,0.02756714119247971,-0.004215183080699729,0.05934946546565915,33.4122281035946,-112.50028495142833,10063,0.0,33.4,-112.5,1.3599603290246456
2024-05-12 10:09:00,105031194,0.022889127488121715,-0.010121635281135324,0.05589989025737875,33.4122281035946,-112.50028495142833,10063,0.0,33.4,-112.5,1.3599603290246456
2024-05-12 10:10:00,105031194,0.030228518619625725,0.0009476328150638397,0.05950940442418761,33.4122281035946,-112.50028495142833,10063,-0.1,33.4,-112.5,1.3599603290246456
2024-05-12 10:11:00,105031194,0.03493581271129614,0.0013585402238647237,0.06851308519872755,33.4122281035946,-112.50028495142833,10063,-0.1,33.4,-112.5,1.3599603290246456
2024-05-12 10:12:00,105031194,0.04284268723249921,0.011463893134205067,0.07422148133079336,33.4122281035946,-112.50028495142833,10063,-0.1,33.4,-112.5,1.3599603290246456
2024-05-12 10:13:00,105031194,0.06314564581122081,0.02684245101735152,0.0994488406050901,33.4122281035946,-112.50028495142833,10063,-0.1,33.4,-112.5,1.3599603290246456
2024-05-12 10:14:00,105031194,0.06024261938482892,0.02558863545334788,0.09489660331630997,33.4122281035946,-112.50028495142833,10063,0.0,33.4,-112.5,1.3599603290246456
2024-05-12 10:15:00,105031194,0.04836190706973091,0.014682343470134425,0.0820414706693274,33.4122281035946,-112.50028495142833,10063,-0.1,33.4,-112.5,1.3599603290246456
2024-05-12 10:16:00,105031194,0.057778966327327395,0.023112448530667067,0.09244548412398773,33.4122281035946,-112.50028495142833,10063,0.0,33.4,-112.5,1.3599603290246456
2024-05-12 10:17:00,105031194,0.05918771015184892,0.023221276923067476,0.09515414338063036,33.4122281035946,-112.50028495142833,10063,-0.1,33.4,-112.5,1.3599603290246456
2024-05-12 10:18:00,105031194,0.06868542887487526,0.035958243556964954,0.10141261419278558,33.4122281035946,-112.50028495142833,10063,-0.1,33.4,-112.5,1.3599603290246456
2024-05-12 10:19:00,105031194,0.08489425030343216,0.0520856305344446,0.11770287007241972,33.4122281035946,-112.50028495142833,10063,-0.1,33.4,-112.5,1.3599603290246456
2024-05-12 10:20:00,105031194,0.059033049101285394,0.0349679522942533,0.08309814590831749,33.4122281035946,-112.50028495142833,10063,-0.1,33.4,-112.5,1.3599603290246456
2024-05-12 10:21:00,105031194,0.055701139956049826,0.028898832499892512,0.08250344741220714,33.4122281035946,-112.50028495142833,10063,0.0,33.4,-112.5,1.3599603290246456
2024-05-12 10:22:00,105031194,0.07332592833329711,0.041377291360313796,0.10527456530628043,33.4122281035946,-112.50028495142833,10063,-0.1,33.4,-112.5,1.3599603290246456
2024-05-12 10:23:00,105031194,0.0804644114032089,0.049488456333261724,0.11144036647315607,33.4122281035946,-112.50028495142833,10063,-0.1,33.4,-112.5,1.3599603290246456
2024-05-12 10:24:00,105031194,0.04938895263263307,0.02993153982388549,0.06884636544138065,33.4122281035946,-112.50028495142833,10063,-0.1,33.4,-112.5,1.3599603290246456
2024-05-12 10:25:00,105031194,0.040102891308864706,0.022366369011251556,0.05783941360647786,33.4122281035946,-112.50028495142833,10063,-0.1,33.4,-112.5,1.3599603290246456
2024-05-12 10:26:00,105031194,0.06705475441252529,0.040671283141655606,0.09343822568339497,33.4122281035946,-112.50028495142833,10063,-0.1,33.4,-112.5,1.3599603290246456
2024-05-12 10:27:00,105031194,0.08679789763508845,0.050837556727645956,0.12275823854253096,33.4122281035946,-112.50028495142833,10063,-0.1,33.4,-112.5,1.3599603290246456
2024-05-12 10:28:00,105031194,0.08122864022808976,0.04725208134177754,0.11520519911440198,33.4122281035946,-112.50028495142833,10063,-0.1,33.4,-112.5,1.3599603290246456
2024-05-12 10:29:00,105031194,0.079206010917281,0.04847446125490447,0.10993756057965752,33.4122281035946,-112.50028495142833,10063,-0.1,33.4,-112.5,1.3599603290246456
2024-05-12 10:30:00,105031194,0.040156826620832795,0.021975031160369054,0.05833862208129653,33.4122281035946,-112.50028495142833,10063,-0.1,33.4,-112.5,1.3599603290246456
2024-05-12 10:31:00,105031194,-0.012432970601811323,-0.051750398291804674,0.026884457088182025,33.4122281035946,-112.50028495142833,10063,0.0,33.4,-112.5,1.3599603290246456
2024-05-12 10:32:00,105031194,0.011112473497241968,-0.0311196025242112,0.053344549518695134,33.4122281035946,-112.50028495142833,10063,0.0,33.4,-112.5,1.3599603290246456
2024-05-12 10:33:00,105031194,0.04820590971792257,0.011120838413456131,0.085290981022389,33.4122281035946,-112.50028495142833,10063,0.0,33.4,-112.5,1.3599603290246456
2024-05-12 10:34:00,105031194,0.06575869790401583,0.03127975866398703,0.10023763714404463,33.4122281035946,-112.50028495142833,10063,0.0,33.4,-112.5,1.3599603290246456
2024-05-12 10:35:00,105031194,0.05777104387485716,0.025237101304447465,0.09030498644526685,33.4122281035946,-112.50028495142833,10063,-0.1,33.4,-112.5,1.3599603290246456
2024-05-12 10:36:00,105031194,0.014532059298175424,-0.0029716286095501036,0.03203574720590095,33.4122281035946,-112.50028495142833,10063,0.0,33.4,-112.5,1.3599603290246456
2024-05-12 10:37:00,105031194,0.034992487671205025,0.016132574289713174,0.053852401052696876,33.4122281035946,-112.50028495142833,10063,-0.1,33.4,-112.5,1.3599603290246456
2024-05-12 10:38:00,105031194,0.05790080213895941,0.03530359035315618,0.08049801392476263,33.4122281035946,-112.50028495142833,10063,-0.1,33.4,-112.5,1.3599603290246456
2024-05-12 10:39:00,105031194,0.06302256356308558,0.038588079388219426,0.08745704773795174,33.4122281035946,-112.50028495142833,10063,-0.1,33.4,-112.5,1.3599603290246456
2024-05-12 10:40:00,105031194,0.048039157978168,0.027294381796085367,0.06878393416025062,33.4122281035946,-112.50028495142833,10063,-0.1,33.4,-112.5,1.3599603290246456
2024-05-12 10:41:00,105031194,0.04593656769659566,0.0277098007546129,0.06416333463857843,33.4122281035946,-112.50028495142833,10063,-0.1,33.4,-112.5,1.3599603290246456
2024-05-12 10:42:00,105031194,0.06072974683166036,0.03718300407250785,0.08427648959081287,33.4122281035946,-112.50028495142833,10063,-0.1,33.4,-112.5,1.3599603290246456
2024-05-12 10:43:00,105031194,0.08064065486388772,0.04916662337577337,0.11211468635200206,33.4122281035946,-112.50028495142833,10063,-0.1,33.4,-112.5,1.3599603290246456
2024-05-12 10:44:00,105031194,0.07805942645078212,0.04075817635210692,0.11536067654945732,33.4122281035946,-112.50028495142833,10063,-0.1,33.4,-112.5,1.3599603290246456
2024-05-12 10:45:00,105031194,0.057097345599344464,0.020669214360920687,0.09352547683776824,33.4122281035946,-112.50028495142833,10063,-0.1,33.4,-112.5,1.3599603290246456
2024-05-12 10:46:00,105031194,0.046526393029613554,0.008990525393756589,0.08406226066547051,33.4122281035946,-112.50028495142833,10063,-0.2,33.4,-112.5,1.3599603290246456
2024-05-12 10:47:00,105031194,0.047236619125363095,0.018378959118119053,0.07609427913260713,33.4122281035946,-112.50028495142833,10063,-0.1,33.4,-112.5,1.3599603290246456
2024-05-12 10:48:00,105031194,0.07365465641108092,0.03208104272354719,0.11522827009861464,33.4122281035946,-112.50028495142833,10063,-0.2,33.4,-112.5,1.3599603290246456
2024-05-12 10:49:00,105031194,0.07338542598515226,0.030864988003060208,0.11590586396724431,33.4122281035946,-112.50028495142833,10063,-0.2,33.4,-112.5,1.3599603290246456
2024-05-12 10:50:00,105031194,0.0676122181010164,0.026144661768941015,0.1090797744330918,33.4122281035946,-112.50028495142833,10063,-0.1,33.4,-112.5,1.3599603290246456
2024-05-12 10:51:00,105031194,0.05244285684343857,0.01923248513531542,0.08565322855156172,33.4122281035946,-112.50028495142833,10063,-0.1,33.4,-112.5,1.3599603290246456
2024-05-12 10:52:00,105031194,0.053362399988275556,0.020449988722331384,0.08627481125421974,33.4122281035946,-112.50028495142833,10063,-0.1,33.4,-112.5,1.3599603290246456
2024-05-12 10:53:00,105031194,0.050550310384076,0.018806955256920332,0.08229366551123167,33.4122281035946,-112.50028495142833,10063,-0.1,33.4,-112.5,1.3599603290246456
2024-05-12 10:54:00,105031194,0.0506151668090396,0.017306097464980755,0.08392423615309845,33.4122281035946,-112.50028495142833,10063,-0.1,33.4,-112.5,1.3599603290246456
2024-05-12 10:55:00,105031194,0.04419578907591974,0.01168223945383088,0.07670933869800861,33.4122281035946,-112.50028495142833,10063,-0.1,33.4,-112.5,1.3599603290246456
2024-05-12 10:56:00,105031194,0.03237855924322174,-0.001632702982279112,0.0663898214687226,33.4122281035946,-112.50028495142833,10063,-0.1,33.4,-112.5,1.3599603290246456
2024-05-12 10:57:00,105031194,0.021286635650350928,-0.01235173766538428,0.05492500896608614,33.4122281035946,-112.50028495142833,10063,-0.1,33.4,-112.5,1.3599603290246456
2024-05-12 10:58:00,105031194,0.02976950914642698,0.003164191250010065,0.0563748270428439,33.4122281035946,-112.50028495142833,10063,-0.1,33.4,-112.5,1.3599603290246456
2024-05-12 10:59:00,105031194,0.009708928153100047,-0.014969300911236877,0.03438715721743697,33.4122281035946,-112.50028495142833,10063,-0.1,33.4,-112.5,1.3599603290246456
2024-05-12 11:00:00,105031194,0.002296408507559272,-0.008796278834884166,0.01338909585000271,33.4122281035946,-112.50028495142833,10063,-0.1,33.4,-112.5,1.3599603290246456
2024-05-12 11:01:00,105031194,0.03528438907240361,0.014648621968258911,0.05592015617654831,33.4122281035946,-112.50028495142833,10063,0.0,33.4,-112.5,1.3599603290246456
2024-05-12 11:02:00,105031194,0.03048653872234322,0.010418175466180072,0.05055490197850637,33.4122281035946,-112.50028495142833,10063,0.0,33.4,-112.5,1.3599603290246456
2024-05-12 11:03:00,105031194,0.011829015413113347,0.0018006144402735302,0.021857416385953163,33.4122281035946,-112.50028495142833,10063,0.0,33.4,-112.5,1.3599603290246456
2024-05-12 11:04:00,105031194,0.002386422202003782,-0.003841289016004785,0.008614133420012349,33.4122281035946,-112.50028495142833,10063,0.0,33.4,-112.5,1.3599603290246456
2024-05-12 11:05:00,105031194,0.011657018660157621,0.003842882076065637,0.019471155244249604,33.4122281035946,-112.50028495142833,10063,-0.1,33.4,-112.5,1.3599603290246456
2024-05-12 11:06:00,105031194,0.013268763094321028,0.004887728623617504,0.021649797565024553,33.4122281035946,-112.50028495142833,10063,-0.1,33.4,-112.5,1.3599603290246456
2024-05-12 11:07:00,105031194,0.021330073211844904,0.010187389266365213,0.032472757157324596,33.4122281035946,-112.50028495142833,10063,-0.1,33.4,-112.5,1.3599603290246456
2024-05-12 11:08:00,105031194,0.029849852479493625,0.01540690626143973,0.04429279869754752,33.4122281035946,-112.50028495142833,10063,0.0,33.4,-112.5,1.3599603290246456
2024-05-12 11:09:00,105031194,0.04013202932545388,0.02291656643999872,0.05734749221090904,33.4122281035946,-112.50028495142833,10063,0.0,33.4,-112.5,1.3599603290246456
2024-05-12 11:10:00,105031194,0.03997012022660956,0.02241021248966595,0.05753002796355318,33.4122281035946,-112.50028495142833,10063,-0.1,33.4,-112.5,1.3599603290246456
2024-05-12 11:11:00,105031194,0.034585918312399815,0.018326063845138248,0.05084577277966138,33.4122281035946,-112.50028495142833,10063,-0.1,33.4,-112.5,1.3599603290246456
2024-05-12 11:12:00,105031194,0.020153800926451634,0.00554513306438194,0.03476246878852133,33.4122281035946,-112.50028495142833,10063,-0.1,33.4,-112.5,1.3599603290246456
2024-05-12 11:13:00,105031194,0.016206063905648858,0.0026149800055981897,0.029797147805699524,33.4122281035946,-112.50028495142833,10063,-0.1,33.4,-112.5,1.3599603290246456
2024-05-12 11:14:00,105031194,0.01482482423538053,-0.0017822583864370144,0.03143190685719807,33.4122281035946,-112.50028495142833,10063,0.0,33.4,-112.5,1.3599603290246456
2024-05-12 11:15:00,105031194,0.020419250138688665,0.005312102360646187,0.035526397916731144,33.4122281035946,-112.50028495142833,10063,0.0,33.4,-112.5,1.3599603290246456
2024-05-12 11:16:00,105031194,0.029874944312821543,0.013593680778350346,0.04615620784729274,33.4122281035946,-112.50028495142833,10063,0.0,33.4,-112.5,1.3599603290246456
2024-05-12 11:17:00,105031194,0.036032374540027695,0.017593502582763803,0.054471246497291584,33.4122281035946,-112.50028495142833,10063,0.0,33.4,-112.5,1.3599603290246456
2024-05-12 11:18:00,105031194,0.03445068383904496,0.0182374271651268,0.05066394051296312,33.4122281035946,-112.50028495142833,10063,0.0,33.4,-112.5,1.3599603290246456
2024-05-12 11:19:00,105031194,0.037731530884733626,0.02111701918463204,0.05434604258483521,33.4122281035946,-112.50028495142833,10063,0.0,33.4,-112.5,1.3599603290246456
2024-05-12 11:20:00,105031194,0.03141548730947538,0.015480266489671629,0.047350708129279134,33.4122281035946,-112.50028495142833,10063,0.0,33.4,-112.5,1.3599603290246456
2024-05-12 11:21:00,105031194,0.02793260258150533,0.010253003409221275,0.04561220175378938,33.4122281035946,-112.50028495142833,10063,0.0,33.4,-112.5,1.3599603290246456
2024-05-12 11:22:00,105031194,0.014935392571436964,0.0060691237261415,0.023801661416732428,33.4122281035946,-112.50028495142833,10063,0.0,33.4,-112.5,1.3599603290246456
2024-05-12 11:23:00,105031194,0.026834113420114762,0.014179388157014495,0.03948883868321503,33.4122281035946,-112.50028495142833,10063,0.0,33.4,-112.5,1.3599603290246456
2024-05-12 11:24:00,105031194,0.011214737902304777,0.00031546943886190046,0.022114006365747653,33.4122281035946,-112.50028495142833,10063,-0.1,33.4,-112.5,1.3599603290246456
2024-05-12 11:25:00,105031194,0.01026216036484413,-0.0014396625931230086,0.02196398332281127,33.4122281035946,-112.50028495142833,10063,0.0,33.4,-112.5,1.3599603290246456
2024-05-12 11:26:00,105031194,0.02709011205797081,0.008574697407378151,0.04560552670856347,33.4122281035946,-112.50028495142833,10063,0.0,33.4,-112.5,1.3599603290246456
2024-05-12 11:27:00,105031194,0.04383833404428519,0.023077729302630575,0.06459893878593981,33.4122281035946,-112.50028495142833,10063,0.0,33.4,-112.5,1.3599603290246456
2024-05-12 11:28:00,105031194,0.03970695996178077,0.018962552782939613,0.06045136714062194,33.4122281035946,-112.50028495142833,10063,0.0,33.4,-112.5,1.3599603290246456
2024-05-12 11:29:00,105031194,0.03298932745757181,0.016695403015856612,0.04928325189928701,33.4122281035946,-112.50028495142833,10063,0.1,33.4,-112.5,1.3599603290246456
2024-05-12 11:30:00,105031194,0.020780229554710008,0.007255459561506007,0.03430499954791401,33.4122281035946,-112.50028495142833,10063,0.0,33.4,-112.5,1.3599603290246456
2024-05-12 11:31:00,105031194,0.022922584967341834,0.004391069564759851,0.04145410036992382,33.4122281035946,-112.50028495142833,10063,0.0,33.4,-112.5,1.3599603290246456
2024-05-12 11:32:00,105031194,0.014838378451146073,0.0012960814930993853,0.02838067540919276,33.4122281035946,-112.50028495142833,10063,0.0,33.4,-112.5,1.3599603290246456
2024-05-12 11:33:00,105031194,0.01146355352873907,-0.0007834340591258461,0.023710541116603985,33.4122281035946,-112.50028495142833,10063,0.0,33.4,-112.5,1.3599603290246456
2024-05-12 11:34:00,105031194,0.015128303043609247,0.004246140062363216,0.02601046602485528,33.4122281035946,-112.50028495142833,10063,0.0,33.4,-112.5,1.3599603290246456
2024-05-12 11:35:00,105031194,0.03497892869799806,0.02026392793022968,0.049693929465766444,33.4122281035946,-112.50028495142833,10063,0.0,33.4,-112.5,1.3599603290246456
2024-05-12 11:36:00,105031194,0.024674967673180753,0.008398685279231228,0.04095125006713028,33.4122281035946,-112.50028495142833,10063,0.0,33.4,-112.5,1.3599603290246456
2024-05-12 11:37:00,105031194,0.019854722004023835,-0.00552299221753472,0.04523243622558239,33.4122281035946,-112.50028495142833,10063,-0.1,33.4,-112.5,1.3599603290246456
2024-05-12 11:38:00,105031194,0.028961267753680443,0.0027897428057759993,0.05513279270158489,33.4122281035946,-112.50028495142833,10063,-0.1,33.4,-112.5,1.3599603290246456
2024-05-12 11:39:00,105031194,0.04575001724518195,0.0221624114447823,0.0693376230455816,33.4122281035946,-112.50028495142833,10063,0.0,33.4,-112.5,1.3599603290246456
2024-05-12 11:40:00,105031194,0.04163372841154378,0.01997034963495365,0.06329710718813392,33.4122281035946,-112.50028495142833,10063,0.0,33.4,-112.5,1.3599603290246456
2024-05-12 11:41:00,105031194,0.0379831831853978,0.016887047460043,0.0590793189107526,33.4122281035946,-112.50028495142833,10063,-0.1,33.4,-112.5,1.3599603290246456
2024-05-12 11:42:00,105031194,0.024273791730524692,0.004552585309281543,0.04399499815176784,33.4122281035946,-112.50028495142833,10063,0.0,33.4,-112.5,1.3599603290246456
2024-05-12 11:43:00,105031194,0.023021974019431405,0.006632425764618272,0.039411522274244534,33.4122281035946,-112.50028495142833,10063,0.0,33.4,-112.5,1.3599603290246456
2024-05-12 11:44:00,105031194,0.023384108113404772,0.00359298283448262,0.04317523339232693,33.4122281035946,-112.50028495142833,10063,-0.1,33.4,-112.5,1.3599603290246456
2024-05-12 11:45:00,105031194,0.025756399358306453,0.0066809324553562255,0.04483186626125668,33.4122281035946,-112.50028495142833,10063,0.0,33.4,-112.5,1.3599603290246456
2024-05-12 11:46:00,105031194,0.022483338948051396,0.0018886860306281741,0.04307799186547462,33.4122281035946,-112.50028495142833,10063,0.0,33.4,-112.5,1.3599603290246456
2024-05-12 11:47:00,105031194,0.014561580479348413,-0.0026111265423955504,0.031734287501092376,33.4122281035946,-112.50028495142833,10063,-0.1,33.4,-112.5,1.3599603290246456
2024-05-12 11:48:00,105031194,0.01027875943028154,-0.010311847980272923,0.030869366840836,33.4122281035946,-112.50028495142833,10063,0.0,33.4,-112.5,1.3599603290246456
2024-05-12 11:49:00,105031194,0.020646065799492977,0.002366044014993497,0.03892608758399246,33.4122281035946,-112.50028495142833,10063,0.0,33.4,-112.5,1.3599603290246456
2024-05-12 11:50:00,105031194,0.013201320868064246,-0.006869045326154252,0.03327168706228274,33.4122281035946,-112.50028495142833,10063,0.0,33.4,-112.5,1.3599603290246456
2024-05-12 11:51:00,105031194,0.017874233200202986,-0.00021374138638279028,0.03596220778678876,33.4122281035946,-112.50028495142833,10063,0.0,33.4,-112.5,1.3599603290246456
2024-05-12 11:52:00,105031194,0.013082812299196524,-0.0020347548151671783,0.028200379413560225,33.4122281035946,-112.50028495142833,10063,0.0,33.4,-112.5,1.3599603290246456
2024-05-12 11:53:00,105031194,0.018484789896547796,0.004791560312672494,0.0321780194804231,33.4122281035946,-112.50028495142833,10063,0.0,33.4,-112.5,1.3599603290246456
2024-05-12 11:54:00,105031194,0.01669497499575587,0.004171993932518152,0.02921795605899359,33.4122281035946,-112.50028495142833,10063,0.0,33.4,-112.5,1.3599603290246456
2024-05-12 11:55:00,105031194,0.009458544312627893,-0.004581313699820382,0.02349840232507617,33.4122281035946,-112.50028495142833,10063,0.0,33.4,-112.5,1.3599603290246456
2024-05-12 11:56:00,105031194,0.006202667836949634,-0.005159990812969793,0.01756532648686906,33.4122281035946,-112.50028495142833,10063,0.0,33.4,-112.5,1.3599603290246456
2024-05-12 11:57:00,105031194,0.013047887033643289,0.004245255228610731,0.021850518838675847,33.4122281035946,-112.50028495142833,10063,0.0,33.4,-112.5,1.3599603290246456
2024-05-12 11:58:00,105031194,0.0067213178906849564,-0.002287651563029627,0.01573028734439954,33.4122281035946,-112.50028495142833,10063,0.0,33.4,-112.5,1.3599603290246456
2024-05-12 11:59:00,105031194,0.013081728267036425,0.004756498866715671,0.02140695766735718,33.4122281035946,-112.50028495142833,10063,0.0,33.4,-112.5,1.3599603290246456
2024-05-12 12:00:00,105031194,0.01394964512468947,0.001458193562935214,0.026441096686443726,33.4122281035946,-112.50028495142833,10063,0.0,33.4,-112.5,1.3599603290246456
