timestamp,substation,Sim GIC (Median),Sim GIC (2.5),Sim GIC (97.5),sub lat,sub lon,site_1_device,site_1_gic,site_1_Latitude,site_1_Longitude,site_1_Distance
2024-05-10 12:00:00,685084900,0.03298071814449185,0.00816534071559926,0.057796095573384436,35.808713750000045,-86.48408854387709,10208,0.1,35.8,-86.5,1.7314143468666412
2024-05-10 12:01:00,685084900,0.02798353455254273,0.007300853862958052,0.048666215242127414,35.808713750000045,-86.48408854387709,10208,0.2,35.8,-86.5,1.7314143468666412
2024-05-10 12:02:00,685084900,0.02714082163776739,0.00770047150548743,0.04658117177004735,35.808713750000045,-86.48408854387709,10208,0.2,35.8,-86.5,1.7314143468666412
2024-05-10 12:03:00,685084900,0.027074509526389352,0.0076219759116076535,0.04652704314117105,35.808713750000045,-86.48408854387709,10208,0.1,35.8,-86.5,1.7314143468666412
2024-05-10 12:04:00,685084900,0.026909622315520316,0.007330313689756257,0.046488930941284375,35.808713750000045,-86.48408854387709,10208,0.2,35.8,-86.5,1.7314143468666412
2024-05-10 12:05:00,685084900,0.025066819059504065,0.006358635753697026,0.04377500236531111,35.808713750000045,-86.48408854387709,10208,0.2,35.8,-86.5,1.7314143468666412
2024-05-10 12:06:00,685084900,0.03058836150666412,0.008456321322615395,0.05272040169071284,35.808713750000045,-86.48408854387709,10208,0.2,35.8,-86.5,1.7314143468666412
2024-05-10 12:07:00,685084900,0.0293150845997752,0.007735164768714605,0.05089500443083579,35.808713750000045,-86.48408854387709,10208,0.2,35.8,-86.5,1.7314143468666412
2024-05-10 12:08:00,685084900,0.026074104847808612,0.0070145090388134615,0.04513370065680376,35.808713750000045,-86.48408854387709,10208,0.2,35.8,-86.5,1.7314143468666412
2024-05-10 12:09:00,685084900,0.02688632952581738,0.008143650166702633,0.045629008884932126,35.808713750000045,-86.48408854387709,10208,0.2,35.8,-86.5,1.7314143468666412
2024-05-10 12:10:00,685084900,0.0313528496784577,0.008960618990761043,0.05374508036615436,35.808713750000045,-86.48408854387709,10208,0.2,35.8,-86.5,1.7314143468666412
2024-05-10 12:11:00,685084900,0.021109350551754016,0.006769254078912943,0.03544944702459509,35.808713750000045,-86.48408854387709,10208,0.2,35.8,-86.5,1.7314143468666412
2024-05-10 12:12:00,685084900,0.0250236311452695,0.007987471530206375,0.04205979076033262,35.808713750000045,-86.48408854387709,10208,0.2,35.8,-86.5,1.7314143468666412
2024-05-10 12:13:00,685084900,0.025691710307282255,0.0073750182919867825,0.04400840232257773,35.808713750000045,-86.48408854387709,10208,0.2,35.8,-86.5,1.7314143468666412
2024-05-10 12:14:00,685084900,0.03119508323849009,0.007911332976880212,0.054478833500099966,35.808713750000045,-86.48408854387709,10208,0.2,35.8,-86.5,1.7314143468666412
2024-05-10 12:15:00,685084900,0.03355789376972663,0.009885102518163328,0.05723068502128993,35.808713750000045,-86.48408854387709,10208,0.1,35.8,-86.5,1.7314143468666412
2024-05-10 12:16:00,685084900,0.031103624139925578,0.008858494935226023,0.05334875334462513,35.808713750000045,-86.48408854387709,10208,0.2,35.8,-86.5,1.7314143468666412
2024-05-10 12:17:00,685084900,0.030266629022163438,0.009068133153797377,0.0514651248905295,35.808713750000045,-86.48408854387709,10208,0.2,35.8,-86.5,1.7314143468666412
2024-05-10 12:18:00,685084900,0.03312602296481617,0.009659919696123606,0.05659212623350873,35.808713750000045,-86.48408854387709,10208,0.2,35.8,-86.5,1.7314143468666412
2024-05-10 12:19:00,685084900,0.030634232952679735,0.009828771553087381,0.05143969435227209,35.808713750000045,-86.48408854387709,10208,0.2,35.8,-86.5,1.7314143468666412
2024-05-10 12:20:00,685084900,0.03338009411645721,0.009788200165229716,0.056971988067684706,35.808713750000045,-86.48408854387709,10208,0.2,35.8,-86.5,1.7314143468666412
2024-05-10 12:21:00,685084900,0.02698656377490928,0.006466244130323047,0.047506883419495514,35.808713750000045,-86.48408854387709,10208,0.2,35.8,-86.5,1.7314143468666412
2024-05-10 12:22:00,685084900,0.032373452715690934,0.010351919323678786,0.05439498610770308,35.808713750000045,-86.48408854387709,10208,0.2,35.8,-86.5,1.7314143468666412
2024-05-10 12:23:00,685084900,0.032689254237407796,0.011053702077097709,0.05432480639771788,35.808713750000045,-86.48408854387709,10208,0.2,35.8,-86.5,1.7314143468666412
2024-05-10 12:24:00,685084900,0.03572231054145695,0.012701515939488164,0.05874310514342573,35.808713750000045,-86.48408854387709,10208,0.2,35.8,-86.5,1.7314143468666412
2024-05-10 12:25:00,685084900,0.032797425404120874,0.01025812337558095,0.0553367274326608,35.808713750000045,-86.48408854387709,10208,0.2,35.8,-86.5,1.7314143468666412
2024-05-10 12:26:00,685084900,0.029626719327925353,0.01093085811956301,0.0483225805362877,35.808713750000045,-86.48408854387709,10208,0.2,35.8,-86.5,1.7314143468666412
2024-05-10 12:27:00,685084900,0.030109325991273327,0.01256475563690793,0.04765389634563873,35.808713750000045,-86.48408854387709,10208,0.2,35.8,-86.5,1.7314143468666412
2024-05-10 12:28:00,685084900,0.026990671164250326,0.011509711260693986,0.042471631067806666,35.808713750000045,-86.48408854387709,10208,0.3,35.8,-86.5,1.7314143468666412
2024-05-10 12:29:00,685084900,0.026321334171872372,0.011620183060510462,0.04102248528323428,35.808713750000045,-86.48408854387709,10208,0.3,35.8,-86.5,1.7314143468666412
2024-05-10 12:30:00,685084900,0.02770993784921796,0.010817213415506247,0.044602662282929674,35.808713750000045,-86.48408854387709,10208,0.3,35.8,-86.5,1.7314143468666412
2024-05-10 12:31:00,685084900,0.028502384126787628,0.010278753768813102,0.04672601448476216,35.808713750000045,-86.48408854387709,10208,0.3,35.8,-86.5,1.7314143468666412
2024-05-10 12:32:00,685084900,0.03410715181393036,0.013039702806376539,0.05517460082148419,35.808713750000045,-86.48408854387709,10208,0.2,35.8,-86.5,1.7314143468666412
2024-05-10 12:33:00,685084900,0.031010725871780692,0.012101388401696216,0.04992006334186517,35.808713750000045,-86.48408854387709,10208,0.2,35.8,-86.5,1.7314143468666412
2024-05-10 12:34:00,685084900,0.03117753870950582,0.01174714007921757,0.050607937339794073,35.808713750000045,-86.48408854387709,10208,0.2,35.8,-86.5,1.7314143468666412
2024-05-10 12:35:00,685084900,0.0262470566031912,0.008246245444646923,0.04424786776173548,35.808713750000045,-86.48408854387709,10208,0.2,35.8,-86.5,1.7314143468666412
2024-05-10 12:36:00,685084900,0.029038263152891465,0.011357226258074789,0.04671930004770814,35.808713750000045,-86.48408854387709,10208,0.2,35.8,-86.5,1.7314143468666412
2024-05-10 12:37:00,685084900,0.02446043916252049,0.009689053985349012,0.03923182433969197,35.808713750000045,-86.48408854387709,10208,0.3,35.8,-86.5,1.7314143468666412
2024-05-10 12:38:00,685084900,0.027827526469637903,0.012740519093249445,0.042914533846026365,35.808713750000045,-86.48408854387709,10208,0.3,35.8,-86.5,1.7314143468666412
2024-05-10 12:39:00,685084900,0.022843972099011747,0.010990236787530841,0.034697707410492655,35.808713750000045,-86.48408854387709,10208,0.3,35.8,-86.5,1.7314143468666412
2024-05-10 12:40:00,685084900,0.02820327286761963,0.01260858057182852,0.04379796516341074,35.808713750000045,-86.48408854387709,10208,0.2,35.8,-86.5,1.7314143468666412
2024-05-10 12:41:00,685084900,0.026181929690291116,0.011181442561822928,0.0411824168187593,35.808713750000045,-86.48408854387709,10208,0.3,35.8,-86.5,1.7314143468666412
2024-05-10 12:42:00,685084900,0.025082114244677833,0.011907136831789754,0.03825709165756591,35.808713750000045,-86.48408854387709,10208,0.3,35.8,-86.5,1.7314143468666412
2024-05-10 12:43:00,685084900,0.019969781132937278,0.010455472463186996,0.02948408980268756,35.808713750000045,-86.48408854387709,10208,0.3,35.8,-86.5,1.7314143468666412
2024-05-10 12:44:00,685084900,0.02340038430394145,0.011303493987003104,0.0354972746208798,35.808713750000045,-86.48408854387709,10208,0.3,35.8,-86.5,1.7314143468666412
2024-05-10 12:45:00,685084900,0.01792793556115895,0.00942162573227249,0.026434245390045415,35.808713750000045,-86.48408854387709,10208,0.3,35.8,-86.5,1.7314143468666412
2024-05-10 12:46:00,685084900,0.019677655361768135,0.010329668427533778,0.02902564229600249,35.808713750000045,-86.48408854387709,10208,0.3,35.8,-86.5,1.7314143468666412
2024-05-10 12:47:00,685084900,0.020030056941244694,0.009810143744566225,0.030249970137923163,35.808713750000045,-86.48408854387709,10208,0.3,35.8,-86.5,1.7314143468666412
2024-05-10 12:48:00,685084900,0.02789517513600948,0.012203187474730759,0.0435871627972882,35.808713750000045,-86.48408854387709,10208,0.2,35.8,-86.5,1.7314143468666412
2024-05-10 12:49:00,685084900,0.029883717560655894,0.009945665321380956,0.04982176979993083,35.808713750000045,-86.48408854387709,10208,0.3,35.8,-86.5,1.7314143468666412
2024-05-10 12:50:00,685084900,0.02565605558640378,0.012202018839993898,0.039110092332813665,35.808713750000045,-86.48408854387709,10208,0.2,35.8,-86.5,1.7314143468666412
2024-05-10 12:51:00,685084900,0.028395382766364483,0.013068458201972593,0.04372230733075637,35.808713750000045,-86.48408854387709,10208,0.3,35.8,-86.5,1.7314143468666412
2024-05-10 12:52:00,685084900,0.024579035971256095,0.01147211063688133,0.03768596130563086,35.808713750000045,-86.48408854387709,10208,0.3,35.8,-86.5,1.7314143468666412
2024-05-10 12:53:00,685084900,0.023572502315805995,0.009340016605284282,0.03780498802632771,35.808713750000045,-86.48408854387709,10208,0.3,35.8,-86.5,1.7314143468666412
2024-05-10 12:54:00,685084900,0.02452985023442097,0.011011541938824133,0.038048158530017806,35.808713750000045,-86.48408854387709,10208,0.3,35.8,-86.5,1.7314143468666412
2024-05-10 12:55:00,685084900,0.026459725334408626,0.012099700122995037,0.040819750545822216,35.808713750000045,-86.48408854387709,10208,0.2,35.8,-86.5,1.7314143468666412
2024-05-10 12:56:00,685084900,0.026940554200039667,0.012674281190917411,0.041206827209161925,35.808713750000045,-86.48408854387709,10208,0.2,35.8,-86.5,1.7314143468666412
2024-05-10 12:57:00,685084900,0.022960242121990847,0.011905659515739091,0.034014824728242604,35.808713750000045,-86.48408854387709,10208,0.3,35.8,-86.5,1.7314143468666412
2024-05-10 12:58:00,685084900,0.022959228802945843,0.011576731823005726,0.03434172578288596,35.808713750000045,-86.48408854387709,10208,0.3,35.8,-86.5,1.7314143468666412
2024-05-10 12:59:00,685084900,0.021311518163110235,0.010693021136263957,0.031930015189956515,35.808713750000045,-86.48408854387709,10208,0.3,35.8,-86.5,1.7314143468666412
2024-05-10 13:00:00,685084900,0.024448853975666717,0.01150110263665416,0.037396605314679275,35.808713750000045,-86.48408854387709,10208,0.3,35.8,-86.5,1.7314143468666412
2024-05-10 13:01:00,685084900,0.01917655241914299,0.010529392400400779,0.0278237124378852,35.808713750000045,-86.48408854387709,10208,0.3,35.8,-86.5,1.7314143468666412
2024-05-10 13:02:00,685084900,0.02906257896192457,0.013157328124057722,0.044967829799791414,35.808713750000045,-86.48408854387709,10208,0.3,35.8,-86.5,1.7314143468666412
2024-05-10 13:03:00,685084900,0.017967779522545,0.009576289598469095,0.026359269446620905,35.808713750000045,-86.48408854387709,10208,0.2,35.8,-86.5,1.7314143468666412
2024-05-10 13:04:00,685084900,0.023331213093637698,0.010752700734390483,0.035909725452884914,35.808713750000045,-86.48408854387709,10208,0.3,35.8,-86.5,1.7314143468666412
2024-05-10 13:05:00,685084900,0.013594806274473067,0.005250597703399383,0.02193901484554675,35.808713750000045,-86.48408854387709,10208,0.3,35.8,-86.5,1.7314143468666412
2024-05-10 13:06:00,685084900,0.019222197952732275,0.00978155786731524,0.02866283803814931,35.808713750000045,-86.48408854387709,10208,0.3,35.8,-86.5,1.7314143468666412
2024-05-10 13:07:00,685084900,0.018045599859836683,0.008727888026986182,0.027363311692687187,35.808713750000045,-86.48408854387709,10208,0.3,35.8,-86.5,1.7314143468666412
2024-05-10 13:08:00,685084900,0.017237414107999307,0.00809425664141949,0.026380571574579126,35.808713750000045,-86.48408854387709,10208,0.2,35.8,-86.5,1.7314143468666412
2024-05-10 13:09:00,685084900,0.017377081218788747,0.008811365979837886,0.025942796457739607,35.808713750000045,-86.48408854387709,10208,0.2,35.8,-86.5,1.7314143468666412
2024-05-10 13:10:00,685084900,0.014763248632157819,0.0010530447350326974,0.02847345252928294,35.808713750000045,-86.48408854387709,10208,0.3,35.8,-86.5,1.7314143468666412
2024-05-10 13:11:00,685084900,-0.0003204471566329166,-0.01800707355680941,0.017366179243543577,35.808713750000045,-86.48408854387709,10208,0.2,35.8,-86.5,1.7314143468666412
2024-05-10 13:12:00,685084900,0.002386619760914785,-0.021217005769174218,0.02599024529100379,35.808713750000045,-86.48408854387709,10208,0.3,35.8,-86.5,1.7314143468666412
2024-05-10 13:13:00,685084900,-0.00843080106644159,-0.03212196934788564,0.015260367215002454,35.808713750000045,-86.48408854387709,10208,0.2,35.8,-86.5,1.7314143468666412
2024-05-10 13:14:00,685084900,-0.007796641276358917,-0.024041491202301216,0.00844820864958338,35.808713750000045,-86.48408854387709,10208,0.3,35.8,-86.5,1.7314143468666412
2024-05-10 13:15:00,685084900,-0.005270734038542162,-0.02014297552318312,0.009601507446098796,35.808713750000045,-86.48408854387709,10208,0.3,35.8,-86.5,1.7314143468666412
2024-05-10 13:16:00,685084900,0.007214483672849428,-0.0038137588252901942,0.01824272617098905,35.808713750000045,-86.48408854387709,10208,0.3,35.8,-86.5,1.7314143468666412
2024-05-10 13:17:00,685084900,0.010717361824738555,0.0037894108418731753,0.017645312807603935,35.808713750000045,-86.48408854387709,10208,0.2,35.8,-86.5,1.7314143468666412
2024-05-10 13:18:00,685084900,0.015709955899123787,0.006444458716614785,0.02497545308163279,35.808713750000045,-86.48408854387709,10208,0.1,35.8,-86.5,1.7314143468666412
2024-05-10 13:19:00,685084900,0.004676668252733304,-0.001966180755350647,0.011319517260817254,35.808713750000045,-86.48408854387709,10208,0.2,35.8,-86.5,1.7314143468666412
2024-05-10 13:20:00,685084900,0.012905248877339981,0.005168302490701281,0.02064219526397868,35.808713750000045,-86.48408854387709,10208,0.2,35.8,-86.5,1.7314143468666412
2024-05-10 13:21:00,685084900,0.011262392147964652,0.005872891765068233,0.016651892530861072,35.808713750000045,-86.48408854387709,10208,0.2,35.8,-86.5,1.7314143468666412
2024-05-10 13:22:00,685084900,0.019848459906921183,0.00925897958873801,0.030437940225104355,35.808713750000045,-86.48408854387709,10208,0.2,35.8,-86.5,1.7314143468666412
2024-05-10 13:23:00,685084900,0.014270266832404274,0.0073547484815176135,0.021185785183290937,35.808713750000045,-86.48408854387709,10208,0.2,35.8,-86.5,1.7314143468666412
2024-05-10 13:24:00,685084900,0.017408051583778162,0.009845831575288195,0.02497027159226813,35.808713750000045,-86.48408854387709,10208,0.2,35.8,-86.5,1.7314143468666412
2024-05-10 13:25:00,685084900,0.012086111503554898,0.007083575765104011,0.017088647242005782,35.808713750000045,-86.48408854387709,10208,0.2,35.8,-86.5,1.7314143468666412
2024-05-10 13:26:00,685084900,0.018298556360528222,0.010122240760705725,0.02647487196035072,35.808713750000045,-86.48408854387709,10208,0.2,35.8,-86.5,1.7314143468666412
2024-05-10 13:27:00,685084900,0.010179395233133774,0.005797797760420218,0.01456099270584733,35.808713750000045,-86.48408854387709,10208,0.2,35.8,-86.5,1.7314143468666412
2024-05-10 13:28:00,685084900,0.019104932568260864,0.009489676389786874,0.028720188746734855,35.808713750000045,-86.48408854387709,10208,0.2,35.8,-86.5,1.7314143468666412
2024-05-10 13:29:00,685084900,0.01075761816849545,0.0059280378234712995,0.015587198513519602,35.808713750000045,-86.48408854387709,10208,0.2,35.8,-86.5,1.7314143468666412
2024-05-10 13:30:00,685084900,0.01620400024085696,0.009558632827984723,0.022849367653729195,35.808713750000045,-86.48408854387709,10208,0.2,35.8,-86.5,1.7314143468666412
2024-05-10 13:31:00,685084900,0.004148561199319066,-0.004024760069537849,0.01232188246817598,35.808713750000045,-86.48408854387709,10208,0.2,35.8,-86.5,1.7314143468666412
2024-05-10 13:32:00,685084900,0.004525059930574357,-0.0030239174714650867,0.0120740373326138,35.808713750000045,-86.48408854387709,10208,0.3,35.8,-86.5,1.7314143468666412
2024-05-10 13:33:00,685084900,0.0026356569054788925,-0.0058276110079340014,0.011098924818891787,35.808713750000045,-86.48408854387709,10208,0.3,35.8,-86.5,1.7314143468666412
2024-05-10 13:34:00,685084900,0.0037098257190522205,-0.004604950940036427,0.012024602378140868,35.808713750000045,-86.48408854387709,10208,0.2,35.8,-86.5,1.7314143468666412
2024-05-10 13:35:00,685084900,-0.005329732535746407,-0.018321742065476106,0.007662276993983293,35.808713750000045,-86.48408854387709,10208,0.2,35.8,-86.5,1.7314143468666412
2024-05-10 13:36:00,685084900,-0.0008244452736244637,-0.014018231385202766,0.01236934083795384,35.808713750000045,-86.48408854387709,10208,0.3,35.8,-86.5,1.7314143468666412
2024-05-10 13:37:00,685084900,-0.0021566821972475647,-0.013920722323606149,0.009607357929111021,35.808713750000045,-86.48408854387709,10208,0.2,35.8,-86.5,1.7314143468666412
2024-05-10 13:38:00,685084900,-0.0014483874166420665,-0.011308779114276812,0.008412004280992678,35.808713750000045,-86.48408854387709,10208,0.2,35.8,-86.5,1.7314143468666412
2024-05-10 13:39:00,685084900,-0.003824102493765856,-0.013138964306991362,0.005490759319459651,35.808713750000045,-86.48408854387709,10208,0.2,35.8,-86.5,1.7314143468666412
2024-05-10 13:40:00,685084900,0.0006754157843009369,-0.00836316773298647,0.009713999301588344,35.808713750000045,-86.48408854387709,10208,0.2,35.8,-86.5,1.7314143468666412
2024-05-10 13:41:00,685084900,-0.003336907956290742,-0.012844569979850194,0.006170754067268709,35.808713750000045,-86.48408854387709,10208,0.2,35.8,-86.5,1.7314143468666412
2024-05-10 13:42:00,685084900,-0.00042443273046630775,-0.009339306354673626,0.00849044089374101,35.808713750000045,-86.48408854387709,10208,0.2,35.8,-86.5,1.7314143468666412
2024-05-10 13:43:00,685084900,-0.0035525617298056956,-0.01358127209344574,0.006476148633834349,35.808713750000045,-86.48408854387709,10208,0.2,35.8,-86.5,1.7314143468666412
2024-05-10 13:44:00,685084900,-0.0005998404617668722,-0.010112504073953688,0.008912823150419944,35.808713750000045,-86.48408854387709,10208,0.2,35.8,-86.5,1.7314143468666412
2024-05-10 13:45:00,685084900,-0.006774012963885658,-0.02009993748032997,0.00655191155255865,35.808713750000045,-86.48408854387709,10208,0.2,35.8,-86.5,1.7314143468666412
2024-05-10 13:46:00,685084900,-0.0066060048265591835,-0.019064451503857924,0.005852441850739558,35.808713750000045,-86.48408854387709,10208,0.2,35.8,-86.5,1.7314143468666412
2024-05-10 13:47:00,685084900,-0.00616333259378573,-0.01640473936890039,0.004078074181328929,35.808713750000045,-86.48408854387709,10208,0.2,35.8,-86.5,1.7314143468666412
2024-05-10 13:48:00,685084900,-0.009250999699523968,-0.02541946782982899,0.0069174684307810545,35.808713750000045,-86.48408854387709,10208,0.2,35.8,-86.5,1.7314143468666412
2024-05-10 13:49:00,685084900,-0.0015537099863910482,-0.00898912161454403,0.005881701641761934,35.808713750000045,-86.48408854387709,10208,0.2,35.8,-86.5,1.7314143468666412
2024-05-10 13:50:00,685084900,-0.0035865979460797696,-0.01211637940207437,0.004943183509914832,35.808713750000045,-86.48408854387709,10208,0.1,35.8,-86.5,1.7314143468666412
2024-05-10 13:51:00,685084900,-0.0026387051599652636,-0.010691594954265804,0.005414184634335278,35.808713750000045,-86.48408854387709,10208,0.2,35.8,-86.5,1.7314143468666412
2024-05-10 13:52:00,685084900,-0.003473515549039552,-0.013898981238998872,0.006951950140919769,35.808713750000045,-86.48408854387709,10208,0.2,35.8,-86.5,1.7314143468666412
2024-05-10 13:53:00,685084900,-0.020543905136644558,-0.045933421379001776,0.0048456111057126605,35.808713750000045,-86.48408854387709,10208,0.3,35.8,-86.5,1.7314143468666412
2024-05-10 13:54:00,685084900,-0.027568123007109282,-0.0615050443268261,0.0063687983126075425,35.808713750000045,-86.48408854387709,10208,0.3,35.8,-86.5,1.7314143468666412
2024-05-10 13:55:00,685084900,-0.023898490299373645,-0.05222052670539952,0.004423546106652229,35.808713750000045,-86.48408854387709,10208,0.2,35.8,-86.5,1.7314143468666412
2024-05-10 13:56:00,685084900,-0.03046055219280856,-0.06543727353587876,0.004516169150261647,35.808713750000045,-86.48408854387709,10208,0.2,35.8,-86.5,1.7314143468666412
2024-05-10 13:57:00,685084900,-0.02820653088075167,-0.05860665844262568,0.002193596681122338,35.808713750000045,-86.48408854387709,10208,0.2,35.8,-86.5,1.7314143468666412
2024-05-10 13:58:00,685084900,-0.028066115725657727,-0.056418609308597475,0.00028637785728201706,35.808713750000045,-86.48408854387709,10208,0.3,35.8,-86.5,1.7314143468666412
2024-05-10 13:59:00,685084900,-0.024806654204757885,-0.048669390122910966,-0.0009439182866048078,35.808713750000045,-86.48408854387709,10208,0.2,35.8,-86.5,1.7314143468666412
2024-05-10 14:00:00,685084900,-0.02601876067249424,-0.05153215531668815,-0.0005053660283003275,35.808713750000045,-86.48408854387709,10208,0.1,35.8,-86.5,1.7314143468666412
2024-05-10 14:01:00,685084900,-0.021113193828785428,-0.041880003200696,-0.00034638445687485905,35.808713750000045,-86.48408854387709,10208,0.2,35.8,-86.5,1.7314143468666412
2024-05-10 14:02:00,685084900,-0.020544166122416,-0.03953522562673908,-0.0015531066180929226,35.808713750000045,-86.48408854387709,10208,0.2,35.8,-86.5,1.7314143468666412
2024-05-10 14:03:00,685084900,-0.02413955693607292,-0.04691505555528604,-0.0013640583168598036,35.808713750000045,-86.48408854387709,10208,0.2,35.8,-86.5,1.7314143468666412
2024-05-10 14:04:00,685084900,-0.032162509913723505,-0.06429556007481586,-2.9459752631147418e-05,35.808713750000045,-86.48408854387709,10208,0.3,35.8,-86.5,1.7314143468666412
2024-05-10 14:05:00,685084900,-0.02690995909980102,-0.05088859504144774,-0.002931323158154295,35.808713750000045,-86.48408854387709,10208,0.2,35.8,-86.5,1.7314143468666412
2024-05-10 14:06:00,685084900,-0.027316171047105514,-0.050535498415987715,-0.00409684367822331,35.808713750000045,-86.48408854387709,10208,0.2,35.8,-86.5,1.7314143468666412
2024-05-10 14:07:00,685084900,-0.0313698841007107,-0.058643382624145854,-0.004096385577275544,35.808713750000045,-86.48408854387709,10208,0.2,35.8,-86.5,1.7314143468666412
2024-05-10 14:08:00,685084900,-0.024800450912480718,-0.04730832153202278,-0.002292580292938655,35.808713750000045,-86.48408854387709,10208,0.2,35.8,-86.5,1.7314143468666412
2024-05-10 14:09:00,685084900,-0.02858691625973484,-0.054654079164597365,-0.0025197533548723186,35.808713750000045,-86.48408854387709,10208,0.2,35.8,-86.5,1.7314143468666412
2024-05-10 14:10:00,685084900,-0.02665428227037893,-0.05016638115031495,-0.0031421833904429035,35.808713750000045,-86.48408854387709,10208,0.2,35.8,-86.5,1.7314143468666412
2024-05-10 14:11:00,685084900,-0.03273960649365936,-0.05912713254684012,-0.006352080440478601,35.808713750000045,-86.48408854387709,10208,0.2,35.8,-86.5,1.7314143468666412
2024-05-10 14:12:00,685084900,-0.032330100056943915,-0.05994339605328809,-0.0047168040605997386,35.808713750000045,-86.48408854387709,10208,0.2,35.8,-86.5,1.7314143468666412
2024-05-10 14:13:00,685084900,-0.03639733414563382,-0.06890119879238171,-0.003893469498885929,35.808713750000045,-86.48408854387709,10208,0.2,35.8,-86.5,1.7314143468666412
2024-05-10 14:14:00,685084900,-0.02691649973753241,-0.050365762099530156,-0.0034672373755346673,35.808713750000045,-86.48408854387709,10208,0.2,35.8,-86.5,1.7314143468666412
2024-05-10 14:15:00,685084900,-0.03978438303626137,-0.07310161252819448,-0.006467153544328252,35.808713750000045,-86.48408854387709,10208,0.2,35.8,-86.5,1.7314143468666412
2024-05-10 14:16:00,685084900,-0.03087509399945093,-0.059895584632445806,-0.0018546033664560597,35.808713750000045,-86.48408854387709,10208,0.2,35.8,-86.5,1.7314143468666412
2024-05-10 14:17:00,685084900,-0.03671863853490505,-0.0662469062901143,-0.007190370779695792,35.808713750000045,-86.48408854387709,10208,0.2,35.8,-86.5,1.7314143468666412
2024-05-10 14:18:00,685084900,-0.039527143979922345,-0.0733581995905049,-0.005696088369339797,35.808713750000045,-86.48408854387709,10208,0.1,35.8,-86.5,1.7314143468666412
2024-05-10 14:19:00,685084900,-0.031137322569823378,-0.056855083217021284,-0.005419561922625472,35.808713750000045,-86.48408854387709,10208,0.2,35.8,-86.5,1.7314143468666412
2024-05-10 14:20:00,685084900,-0.04228742569985611,-0.07611846208593537,-0.008456389313776853,35.808713750000045,-86.48408854387709,10208,0.1,35.8,-86.5,1.7314143468666412
2024-05-10 14:21:00,685084900,-0.02967129510444687,-0.053395364735734335,-0.0059472254731594044,35.808713750000045,-86.48408854387709,10208,0.1,35.8,-86.5,1.7314143468666412
2024-05-10 14:22:00,685084900,-0.04659075843622481,-0.08606713604634836,-0.007114380826101253,35.808713750000045,-86.48408854387709,10208,0.0,35.8,-86.5,1.7314143468666412
2024-05-10 14:23:00,685084900,-0.04809607766824195,-0.09091219478299181,-0.005279960553492093,35.808713750000045,-86.48408854387709,10208,0.1,35.8,-86.5,1.7314143468666412
2024-05-10 14:24:00,685084900,-0.032970477930234436,-0.0587749967546323,-0.007165959105836575,35.808713750000045,-86.48408854387709,10208,0.2,35.8,-86.5,1.7314143468666412
2024-05-10 14:25:00,685084900,-0.06342413253886794,-0.11271700476530584,-0.014131260312430047,35.808713750000045,-86.48408854387709,10208,0.1,35.8,-86.5,1.7314143468666412
2024-05-10 14:26:00,685084900,-0.03495337871713132,-0.06277940991782699,-0.007127347516435647,35.808713750000045,-86.48408854387709,10208,0.2,35.8,-86.5,1.7314143468666412
2024-05-10 14:27:00,685084900,-0.04696267903372194,-0.08633053269707777,-0.007594825370366105,35.808713750000045,-86.48408854387709,10208,0.0,35.8,-86.5,1.7314143468666412
2024-05-10 14:28:00,685084900,-0.03522994154318917,-0.0618309188074221,-0.008628964278956236,35.808713750000045,-86.48408854387709,10208,0.2,35.8,-86.5,1.7314143468666412
2024-05-10 14:29:00,685084900,-0.027084317236196778,-0.0505192085760199,-0.0036494258963736537,35.808713750000045,-86.48408854387709,10208,0.0,35.8,-86.5,1.7314143468666412
2024-05-10 14:30:00,685084900,-0.022781631613066313,-0.040643608483451374,-0.004919654742681256,35.808713750000045,-86.48408854387709,10208,0.0,35.8,-86.5,1.7314143468666412
2024-05-10 14:31:00,685084900,-0.01900747717028107,-0.032306859939479515,-0.005708094401082619,35.808713750000045,-86.48408854387709,10208,0.1,35.8,-86.5,1.7314143468666412
2024-05-10 14:32:00,685084900,-0.0019799912224380298,-0.007830546015867896,0.003870563570991837,35.808713750000045,-86.48408854387709,10208,0.1,35.8,-86.5,1.7314143468666412
2024-05-10 14:33:00,685084900,-0.013257296676994892,-0.02238939898412838,-0.004125194369861406,35.808713750000045,-86.48408854387709,10208,0.1,35.8,-86.5,1.7314143468666412
2024-05-10 14:34:00,685084900,0.0024245383359476794,-0.025077447763359927,0.029926524435255286,35.808713750000045,-86.48408854387709,10208,0.0,35.8,-86.5,1.7314143468666412
2024-05-10 14:35:00,685084900,-0.017936609219446547,-0.03094097223673654,-0.004932246202156553,35.808713750000045,-86.48408854387709,10208,0.1,35.8,-86.5,1.7314143468666412
2024-05-10 14:36:00,685084900,-0.003772183601376829,-0.011962924918187866,0.0044185577154342084,35.808713750000045,-86.48408854387709,10208,0.2,35.8,-86.5,1.7314143468666412
2024-05-10 14:37:00,685084900,-0.029477718618786727,-0.05219210448162963,-0.006763332755943825,35.808713750000045,-86.48408854387709,10208,0.1,35.8,-86.5,1.7314143468666412
2024-05-10 14:38:00,685084900,-0.025026381136029056,-0.046796877206925755,-0.003255885065132358,35.808713750000045,-86.48408854387709,10208,0.2,35.8,-86.5,1.7314143468666412
2024-05-10 14:39:00,685084900,0.00031447218181145776,-0.015233715941020147,0.01586266030464306,35.808713750000045,-86.48408854387709,10208,0.2,35.8,-86.5,1.7314143468666412
2024-05-10 14:40:00,685084900,-0.019827176839934953,-0.03533032684009881,-0.004324026839771096,35.808713750000045,-86.48408854387709,10208,0.2,35.8,-86.5,1.7314143468666412
2024-05-10 14:41:00,685084900,-0.0037608686596576047,-0.017555791413534895,0.010034054094219685,35.808713750000045,-86.48408854387709,10208,0.2,35.8,-86.5,1.7314143468666412
2024-05-10 14:42:00,685084900,-0.009903712727996273,-0.02552157241996349,0.0057141469639709445,35.808713750000045,-86.48408854387709,10208,0.1,35.8,-86.5,1.7314143468666412
2024-05-10 14:43:00,685084900,-0.003147921509284178,-0.018903460279012924,0.012607617260444567,35.808713750000045,-86.48408854387709,10208,0.1,35.8,-86.5,1.7314143468666412
2024-05-10 14:44:00,685084900,-0.0022589164286871927,-0.015338384869599186,0.0108205520122248,35.808713750000045,-86.48408854387709,10208,0.1,35.8,-86.5,1.7314143468666412
2024-05-10 14:45:00,685084900,-0.013553814472732082,-0.026189527062716964,-0.0009181018827471993,35.808713750000045,-86.48408854387709,10208,0.1,35.8,-86.5,1.7314143468666412
2024-05-10 14:46:00,685084900,-0.004603789368971291,-0.013045358096067022,0.003837779358124442,35.808713750000045,-86.48408854387709,10208,0.2,35.8,-86.5,1.7314143468666412
2024-05-10 14:47:00,685084900,-0.02070422724099791,-0.03722142118308361,-0.004187033298912214,35.808713750000045,-86.48408854387709,10208,0.2,35.8,-86.5,1.7314143468666412
2024-05-10 14:48:00,685084900,-0.020637200515223737,-0.03612903723319531,-0.005145363797252158,35.808713750000045,-86.48408854387709,10208,0.2,35.8,-86.5,1.7314143468666412
2024-05-10 14:49:00,685084900,-0.03759350164191548,-0.06559870992290992,-0.009588293360921044,35.808713750000045,-86.48408854387709,10208,0.3,35.8,-86.5,1.7314143468666412
2024-05-10 14:50:00,685084900,-0.03118970086290761,-0.05595708936173146,-0.006422312364083763,35.808713750000045,-86.48408854387709,10208,0.2,35.8,-86.5,1.7314143468666412
2024-05-10 14:51:00,685084900,-0.02219303261937114,-0.04089845031289828,-0.003487614925843995,35.808713750000045,-86.48408854387709,10208,0.2,35.8,-86.5,1.7314143468666412
2024-05-10 14:52:00,685084900,-0.004999908650570775,-0.013100213520832547,0.0031003962196909964,35.808713750000045,-86.48408854387709,10208,0.2,35.8,-86.5,1.7314143468666412
2024-05-10 14:53:00,685084900,-0.06609112958260327,-0.11734059983252115,-0.01484165933268538,35.808713750000045,-86.48408854387709,10208,0.3,35.8,-86.5,1.7314143468666412
2024-05-10 14:54:00,685084900,-0.03401942051090325,-0.06277059644991753,-0.005268244571888979,35.808713750000045,-86.48408854387709,10208,0.3,35.8,-86.5,1.7314143468666412
2024-05-10 14:55:00,685084900,-0.04142857527845084,-0.07392644308189723,-0.008930707475004449,35.808713750000045,-86.48408854387709,10208,0.3,35.8,-86.5,1.7314143468666412
2024-05-10 14:56:00,685084900,-0.05323904251683536,-0.09300713344498507,-0.013470951588685644,35.808713750000045,-86.48408854387709,10208,0.3,35.8,-86.5,1.7314143468666412
2024-05-10 14:57:00,685084900,-0.060529967483130574,-0.1083410780407568,-0.012718856925504361,35.808713750000045,-86.48408854387709,10208,0.4,35.8,-86.5,1.7314143468666412
2024-05-10 14:58:00,685084900,-0.048102681357826894,-0.08760632956748171,-0.00859903314817207,35.808713750000045,-86.48408854387709,10208,0.5,35.8,-86.5,1.7314143468666412
2024-05-10 14:59:00,685084900,-0.047522355665195366,-0.08300992881921637,-0.01203478251117436,35.808713750000045,-86.48408854387709,10208,0.5,35.8,-86.5,1.7314143468666412
2024-05-10 15:00:00,685084900,-0.056567966777683505,-0.10749768251636937,-0.005638251038997642,35.808713750000045,-86.48408854387709,10208,0.4,35.8,-86.5,1.7314143468666412
2024-05-10 15:01:00,685084900,-0.05590275942116835,-0.09378717986318387,-0.018018338979152837,35.808713750000045,-86.48408854387709,10208,0.4,35.8,-86.5,1.7314143468666412
2024-05-10 15:02:00,685084900,-0.05434055495117844,-0.08916318172290807,-0.019517928179448807,35.808713750000045,-86.48408854387709,10208,0.2,35.8,-86.5,1.7314143468666412
2024-05-10 15:03:00,685084900,-0.04916815895639816,-0.07684232949045657,-0.02149398842233975,35.808713750000045,-86.48408854387709,10208,0.2,35.8,-86.5,1.7314143468666412
2024-05-10 15:04:00,685084900,-0.046065022020269415,-0.07594377368649582,-0.016186270354043013,35.808713750000045,-86.48408854387709,10208,0.3,35.8,-86.5,1.7314143468666412
2024-05-10 15:05:00,685084900,-0.04371237225715314,-0.07020074821746734,-0.017223996296838937,35.808713750000045,-86.48408854387709,10208,0.1,35.8,-86.5,1.7314143468666412
2024-05-10 15:06:00,685084900,-0.03476545260749411,-0.05384785575542639,-0.015683049459561837,35.808713750000045,-86.48408854387709,10208,0.2,35.8,-86.5,1.7314143468666412
2024-05-10 15:07:00,685084900,-0.029191700179222534,-0.044028971163993375,-0.014354429194451694,35.808713750000045,-86.48408854387709,10208,0.2,35.8,-86.5,1.7314143468666412
2024-05-10 15:08:00,685084900,-0.04441338380712267,-0.07158721537102904,-0.017239552243216303,35.808713750000045,-86.48408854387709,10208,0.2,35.8,-86.5,1.7314143468666412
2024-05-10 15:09:00,685084900,-0.028892206680718572,-0.043904919298236866,-0.013879494063200281,35.808713750000045,-86.48408854387709,10208,0.2,35.8,-86.5,1.7314143468666412
2024-05-10 15:10:00,685084900,-0.022698808373744325,-0.0322094685501631,-0.013188148197325545,35.808713750000045,-86.48408854387709,10208,0.2,35.8,-86.5,1.7314143468666412
2024-05-10 15:11:00,685084900,-0.03027051811500452,-0.04575828173667748,-0.014782754493331555,35.808713750000045,-86.48408854387709,10208,0.1,35.8,-86.5,1.7314143468666412
2024-05-10 15:12:00,685084900,-0.02712789508586132,-0.04054797246710305,-0.013707817704619586,35.808713750000045,-86.48408854387709,10208,0.2,35.8,-86.5,1.7314143468666412
2024-05-10 15:13:00,685084900,-0.020733249852860944,-0.03458959609925333,-0.006876903606468561,35.808713750000045,-86.48408854387709,10208,0.2,35.8,-86.5,1.7314143468666412
2024-05-10 15:14:00,685084900,-0.016861846363616616,-0.02998783625068291,-0.0037358564765503244,35.808713750000045,-86.48408854387709,10208,0.1,35.8,-86.5,1.7314143468666412
2024-05-10 15:15:00,685084900,-0.011928391200067537,-0.026846796634040104,0.00299001423390503,35.808713750000045,-86.48408854387709,10208,0.1,35.8,-86.5,1.7314143468666412
2024-05-10 15:16:00,685084900,0.006786937712019694,-0.01640681674422907,0.029980692168268454,35.808713750000045,-86.48408854387709,10208,0.1,35.8,-86.5,1.7314143468666412
2024-05-10 15:17:00,685084900,-0.01972380398741968,-0.03013161651202707,-0.009315991462812288,35.808713750000045,-86.48408854387709,10208,0.3,35.8,-86.5,1.7314143468666412
2024-05-10 15:18:00,685084900,-0.03498569621924354,-0.060680074522121444,-0.009291317916365626,35.808713750000045,-86.48408854387709,10208,0.2,35.8,-86.5,1.7314143468666412
2024-05-10 15:19:00,685084900,-0.008839316470717614,-0.02067669673368809,0.0029980637922528627,35.808713750000045,-86.48408854387709,10208,0.1,35.8,-86.5,1.7314143468666412
2024-05-10 15:20:00,685084900,-0.010305282607844956,-0.02199826042196866,0.0013876952062787506,35.808713750000045,-86.48408854387709,10208,0.2,35.8,-86.5,1.7314143468666412
2024-05-10 15:21:00,685084900,-0.004213719377601075,-0.01483738035767957,0.006409941602477421,35.808713750000045,-86.48408854387709,10208,0.4,35.8,-86.5,1.7314143468666412
2024-05-10 15:22:00,685084900,-0.03169400650298908,-0.05421172032233544,-0.009176292683642711,35.808713750000045,-86.48408854387709,10208,0.3,35.8,-86.5,1.7314143468666412
2024-05-10 15:23:00,685084900,-0.05470485693669271,-0.09108184886881446,-0.018327865004570967,35.808713750000045,-86.48408854387709,10208,0.2,35.8,-86.5,1.7314143468666412
2024-05-10 15:24:00,685084900,-0.03774623062759738,-0.05945765783070714,-0.016034803424487626,35.808713750000045,-86.48408854387709,10208,0.3,35.8,-86.5,1.7314143468666412
2024-05-10 15:25:00,685084900,-0.05459711065850325,-0.09065588197468555,-0.018538339342320943,35.808713750000045,-86.48408854387709,10208,0.3,35.8,-86.5,1.7314143468666412
2024-05-10 15:26:00,685084900,-0.0318305736511605,-0.05124126388069246,-0.012419883421628548,35.808713750000045,-86.48408854387709,10208,0.2,35.8,-86.5,1.7314143468666412
2024-05-10 15:27:00,685084900,-0.023099348700599695,-0.04153285640558899,-0.004665840995610397,35.808713750000045,-86.48408854387709,10208,0.1,35.8,-86.5,1.7314143468666412
2024-05-10 15:28:00,685084900,-0.026553005681554182,-0.04629772493881129,-0.00680828642429707,35.808713750000045,-86.48408854387709,10208,0.1,35.8,-86.5,1.7314143468666412
2024-05-10 15:29:00,685084900,-0.016491748938724026,-0.036532834146709194,0.0035493362692611413,35.808713750000045,-86.48408854387709,10208,0.1,35.8,-86.5,1.7314143468666412
2024-05-10 15:30:00,685084900,0.0013762065124896523,-0.018940222795905622,0.021692635820884928,35.808713750000045,-86.48408854387709,10208,0.1,35.8,-86.5,1.7314143468666412
2024-05-10 15:31:00,685084900,0.009441243095051625,-0.016746915815725103,0.035629402005828356,35.808713750000045,-86.48408854387709,10208,0.2,35.8,-86.5,1.7314143468666412
2024-05-10 15:32:00,685084900,-0.008605804071381498,-0.02312450535148001,0.005912897208717013,35.808713750000045,-86.48408854387709,10208,0.2,35.8,-86.5,1.7314143468666412
2024-05-10 15:33:00,685084900,-0.02072263100681164,-0.030178364369121434,-0.011266897644501844,35.808713750000045,-86.48408854387709,10208,0.4,35.8,-86.5,1.7314143468666412
2024-05-10 15:34:00,685084900,-0.04584363489721795,-0.07517112985391541,-0.01651613994052048,35.808713750000045,-86.48408854387709,10208,0.3,35.8,-86.5,1.7314143468666412
2024-05-10 15:35:00,685084900,-0.055193883825967835,-0.09401706167794854,-0.01637070597398712,35.808713750000045,-86.48408854387709,10208,0.2,35.8,-86.5,1.7314143468666412
2024-05-10 15:36:00,685084900,-0.042885236637497715,-0.07768382047140922,-0.008086652803586211,35.808713750000045,-86.48408854387709,10208,0.3,35.8,-86.5,1.7314143468666412
2024-05-10 15:37:00,685084900,-0.041215584914637796,-0.06776389215482154,-0.014667277674454058,35.808713750000045,-86.48408854387709,10208,0.2,35.8,-86.5,1.7314143468666412
2024-05-10 15:38:00,685084900,-0.04970028870203548,-0.07987657478389165,-0.019524002620179316,35.808713750000045,-86.48408854387709,10208,0.4,35.8,-86.5,1.7314143468666412
2024-05-10 15:39:00,685084900,-0.022134505267422232,-0.04730101185087181,0.003032001316027339,35.808713750000045,-86.48408854387709,10208,0.4,35.8,-86.5,1.7314143468666412
2024-05-10 15:40:00,685084900,-0.010339383158654916,-0.030307819251242634,0.009629052933932802,35.808713750000045,-86.48408854387709,10208,0.1,35.8,-86.5,1.7314143468666412
2024-05-10 15:41:00,685084900,-0.02329399839053638,-0.044377642841820636,-0.0022103539392521222,35.808713750000045,-86.48408854387709,10208,0.2,35.8,-86.5,1.7314143468666412
2024-05-10 15:42:00,685084900,-0.04362056442932868,-0.07624682422224427,-0.010994304636413078,35.808713750000045,-86.48408854387709,10208,0.3,35.8,-86.5,1.7314143468666412
2024-05-10 15:43:00,685084900,-0.058718792768477114,-0.09736447059298449,-0.02007311494396974,35.808713750000045,-86.48408854387709,10208,0.2,35.8,-86.5,1.7314143468666412
2024-05-10 15:44:00,685084900,0.00040742588588352886,-0.016000125127141804,0.016814976898908863,35.808713750000045,-86.48408854387709,10208,0.2,35.8,-86.5,1.7314143468666412
2024-05-10 15:45:00,685084900,0.00739041493896197,-0.014569616022106312,0.029350445900030254,35.808713750000045,-86.48408854387709,10208,0.3,35.8,-86.5,1.7314143468666412
2024-05-10 15:46:00,685084900,-0.010055045874710442,-0.042308016162626964,0.02219792441320608,35.808713750000045,-86.48408854387709,10208,0.2,35.8,-86.5,1.7314143468666412
2024-05-10 15:47:00,685084900,-0.05547414342268409,-0.08845958694708037,-0.02248869989828782,35.808713750000045,-86.48408854387709,10208,0.2,35.8,-86.5,1.7314143468666412
2024-05-10 15:48:00,685084900,-0.05291183746815049,-0.08841539655456547,-0.017408278381735504,35.808713750000045,-86.48408854387709,10208,0.3,35.8,-86.5,1.7314143468666412
2024-05-10 15:49:00,685084900,-0.05872498892583379,-0.09787042697470466,-0.019579550876962927,35.808713750000045,-86.48408854387709,10208,0.2,35.8,-86.5,1.7314143468666412
2024-05-10 15:50:00,685084900,-0.018011235677722965,-0.028554437384430212,-0.00746803397101572,35.808713750000045,-86.48408854387709,10208,0.2,35.8,-86.5,1.7314143468666412
2024-05-10 15:51:00,685084900,0.012409839681434246,-0.015192894740832177,0.04001257410370067,35.808713750000045,-86.48408854387709,10208,0.0,35.8,-86.5,1.7314143468666412
2024-05-10 15:52:00,685084900,0.02042071917109948,-0.010799374106840336,0.05164081244903929,35.808713750000045,-86.48408854387709,10208,0.2,35.8,-86.5,1.7314143468666412
2024-05-10 15:53:00,685084900,0.007993901906273231,-0.014694654304727852,0.030682458117274315,35.808713750000045,-86.48408854387709,10208,0.2,35.8,-86.5,1.7314143468666412
2024-05-10 15:54:00,685084900,-0.018303265087381657,-0.026806859757251427,-0.009799670417511886,35.808713750000045,-86.48408854387709,10208,0.3,35.8,-86.5,1.7314143468666412
2024-05-10 15:55:00,685084900,-0.010723060822438776,-0.03526454026897939,0.013818418624101835,35.808713750000045,-86.48408854387709,10208,0.1,35.8,-86.5,1.7314143468666412
2024-05-10 15:56:00,685084900,0.013459866489430924,-0.020183831615930427,0.04710356459479227,35.808713750000045,-86.48408854387709,10208,0.2,35.8,-86.5,1.7314143468666412
2024-05-10 15:57:00,685084900,0.016198289819267186,-0.011545563730816295,0.043942143369350664,35.808713750000045,-86.48408854387709,10208,0.3,35.8,-86.5,1.7314143468666412
2024-05-10 15:58:00,685084900,0.01107082702845796,-0.010561635849816748,0.03270328990673267,35.808713750000045,-86.48408854387709,10208,0.3,35.8,-86.5,1.7314143468666412
2024-05-10 15:59:00,685084900,-0.011566658186768235,-0.018663814546509963,-0.004469501827026508,35.808713750000045,-86.48408854387709,10208,0.2,35.8,-86.5,1.7314143468666412
2024-05-10 16:00:00,685084900,0.003979684605883846,-0.019099335676222448,0.027058704887990143,35.808713750000045,-86.48408854387709,10208,0.2,35.8,-86.5,1.7314143468666412
2024-05-10 16:01:00,685084900,0.00762639493852473,-0.021566230252080314,0.03681902012912978,35.808713750000045,-86.48408854387709,10208,0.2,35.8,-86.5,1.7314143468666412
2024-05-10 16:02:00,685084900,0.02950991266272416,-0.009763425835232514,0.06878325116068083,35.808713750000045,-86.48408854387709,10208,0.2,35.8,-86.5,1.7314143468666412
2024-05-10 16:03:00,685084900,0.02295380758613889,-0.009875948860646171,0.05578356403292395,35.808713750000045,-86.48408854387709,10208,0.2,35.8,-86.5,1.7314143468666412
2024-05-10 16:04:00,685084900,0.02381162388499503,-0.008870225672189553,0.056493473442179615,35.808713750000045,-86.48408854387709,10208,0.3,35.8,-86.5,1.7314143468666412
2024-05-10 16:05:00,685084900,0.005349464358783201,-0.013575795211535945,0.02427472392910235,35.808713750000045,-86.48408854387709,10208,0.2,35.8,-86.5,1.7314143468666412
2024-05-10 16:06:00,685084900,0.020316751554818786,-0.008766686715190465,0.049400189824828036,35.808713750000045,-86.48408854387709,10208,0.2,35.8,-86.5,1.7314143468666412
2024-05-10 16:07:00,685084900,0.02144546847898205,-0.009959880853866225,0.052850817811830327,35.808713750000045,-86.48408854387709,10208,0.1,35.8,-86.5,1.7314143468666412
2024-05-10 16:08:00,685084900,0.02761755690289249,-0.006112928769899079,0.06134804257568406,35.808713750000045,-86.48408854387709,10208,0.2,35.8,-86.5,1.7314143468666412
2024-05-10 16:09:00,685084900,-0.0007357040586772988,-0.01787106348574931,0.01639965536839471,35.808713750000045,-86.48408854387709,10208,0.1,35.8,-86.5,1.7314143468666412
2024-05-10 16:10:00,685084900,0.0442026791832314,-0.007561827431677257,0.09596718579814005,35.808713750000045,-86.48408854387709,10208,0.1,35.8,-86.5,1.7314143468666412
2024-05-10 16:11:00,685084900,0.031895032527066755,-0.007632047310859591,0.0714221123649931,35.808713750000045,-86.48408854387709,10208,0.2,35.8,-86.5,1.7314143468666412
2024-05-10 16:12:00,685084900,0.042778737286873605,-0.0010805136313027236,0.08663798820504993,35.808713750000045,-86.48408854387709,10208,0.3,35.8,-86.5,1.7314143468666412
2024-05-10 16:13:00,685084900,0.019245715372179208,-0.009897723387131172,0.04838915413148959,35.808713750000045,-86.48408854387709,10208,0.1,35.8,-86.5,1.7314143468666412
2024-05-10 16:14:00,685084900,0.029271804973753653,-0.0048479386831979665,0.06339154863070527,35.808713750000045,-86.48408854387709,10208,0.2,35.8,-86.5,1.7314143468666412
2024-05-10 16:15:00,685084900,0.01288156979983496,-0.013337910326142498,0.03910104992581242,35.808713750000045,-86.48408854387709,10208,0.2,35.8,-86.5,1.7314143468666412
2024-05-10 16:16:00,685084900,0.01843574440711765,-0.006174617533327743,0.04304610634756304,35.808713750000045,-86.48408854387709,10208,0.3,35.8,-86.5,1.7314143468666412
2024-05-10 16:17:00,685084900,0.009993687001506033,-0.013972910542848577,0.03396028454586064,35.808713750000045,-86.48408854387709,10208,0.1,35.8,-86.5,1.7314143468666412
2024-05-10 16:18:00,685084900,0.026257685149525666,-0.004932495930338468,0.0574478662293898,35.808713750000045,-86.48408854387709,10208,0.1,35.8,-86.5,1.7314143468666412
2024-05-10 16:19:00,685084900,0.01602211380133151,-0.006779347696128139,0.03882357529879116,35.808713750000045,-86.48408854387709,10208,0.2,35.8,-86.5,1.7314143468666412
2024-05-10 16:20:00,685084900,0.0328684782693269,-0.00266994553949524,0.06840690207814903,35.808713750000045,-86.48408854387709,10208,0.2,35.8,-86.5,1.7314143468666412
2024-05-10 16:21:00,685084900,0.036636632484482214,-0.0016290807819587458,0.07490234575092317,35.808713750000045,-86.48408854387709,10208,0.2,35.8,-86.5,1.7314143468666412
2024-05-10 16:22:00,685084900,0.045637583363833806,0.0016072852241169333,0.08966788150355068,35.808713750000045,-86.48408854387709,10208,0.3,35.8,-86.5,1.7314143468666412
2024-05-10 16:23:00,685084900,0.020011436843038327,-0.0058986415443002885,0.04592151523037694,35.808713750000045,-86.48408854387709,10208,0.3,35.8,-86.5,1.7314143468666412
2024-05-10 16:24:00,685084900,0.036455396845906714,-0.006914547820753153,0.07982534151256658,35.808713750000045,-86.48408854387709,10208,0.1,35.8,-86.5,1.7314143468666412
2024-05-10 16:25:00,685084900,0.04331315950651496,-0.0012836768901870327,0.08790999590321695,35.808713750000045,-86.48408854387709,10208,0.2,35.8,-86.5,1.7314143468666412
2024-05-10 16:26:00,685084900,0.05407530009225462,0.0025657965795926746,0.10558480360491657,35.808713750000045,-86.48408854387709,10208,0.2,35.8,-86.5,1.7314143468666412
2024-05-10 16:27:00,685084900,0.021005847146227285,-0.00719908934535856,0.04921078363781313,35.808713750000045,-86.48408854387709,10208,0.2,35.8,-86.5,1.7314143468666412
2024-05-10 16:28:00,685084900,0.05667700828444501,0.003991494610369302,0.10936252195852073,35.808713750000045,-86.48408854387709,10208,0.2,35.8,-86.5,1.7314143468666412
2024-05-10 16:29:00,685084900,0.035900271572197696,0.0027815564947991298,0.06901898664959627,35.808713750000045,-86.48408854387709,10208,0.2,35.8,-86.5,1.7314143468666412
2024-05-10 16:30:00,685084900,0.0382755060042001,0.005596908842471694,0.07095410316592851,35.808713750000045,-86.48408854387709,10208,0.2,35.8,-86.5,1.7314143468666412
2024-05-10 16:31:00,685084900,0.01680400705048921,-0.00924196993385569,0.04284998403483411,35.808713750000045,-86.48408854387709,10208,0.2,35.8,-86.5,1.7314143468666412
2024-05-10 16:32:00,685084900,0.042655335710444706,0.0005529628486611732,0.08475770857222824,35.808713750000045,-86.48408854387709,10208,0.3,35.8,-86.5,1.7314143468666412
2024-05-10 16:33:00,685084900,0.031506597715171294,-0.0013085012690015885,0.06432169669934418,35.808713750000045,-86.48408854387709,10208,0.4,35.8,-86.5,1.7314143468666412
2024-05-10 16:34:00,685084900,0.04241602133806712,0.006010055286711828,0.07882198738942242,35.808713750000045,-86.48408854387709,10208,0.3,35.8,-86.5,1.7314143468666412
2024-05-10 16:35:00,685084900,0.041330050604409155,0.004309573110241251,0.07835052809857707,35.808713750000045,-86.48408854387709,10208,0.2,35.8,-86.5,1.7314143468666412
2024-05-10 16:36:00,685084900,0.06130391716075248,0.006113159572405595,0.11649467474909936,35.808713750000045,-86.48408854387709,10208,0.2,35.8,-86.5,1.7314143468666412
2024-05-10 16:37:00,685084900,0.048962138367725366,-0.0005548740475157521,0.09847915078296648,35.808713750000045,-86.48408854387709,10208,0.2,35.8,-86.5,1.7314143468666412
2024-05-10 16:38:00,685084900,0.07611150379219389,0.00903882318249305,0.14318418440189473,35.808713750000045,-86.48408854387709,10208,0.2,35.8,-86.5,1.7314143468666412
2024-05-10 16:39:00,685084900,0.054809483851693826,0.004680884632469996,0.10493808307091765,35.808713750000045,-86.48408854387709,10208,0.2,35.8,-86.5,1.7314143468666412
2024-05-10 16:40:00,685084900,0.07544912679450337,0.011844795132778072,0.13905345845622868,35.808713750000045,-86.48408854387709,10208,0.3,35.8,-86.5,1.7314143468666412
2024-05-10 16:41:00,685084900,0.042797345480184545,0.001642087910404065,0.08395260304996502,35.808713750000045,-86.48408854387709,10208,0.3,35.8,-86.5,1.7314143468666412
2024-05-10 16:42:00,685084900,0.06789858868720151,0.008971265077758778,0.12682591229664425,35.808713750000045,-86.48408854387709,10208,0.3,35.8,-86.5,1.7314143468666412
2024-05-10 16:43:00,685084900,0.056365572372056846,0.009005349272625439,0.10372579547148825,35.808713750000045,-86.48408854387709,10208,0.3,35.8,-86.5,1.7314143468666412
2024-05-10 16:44:00,685084900,0.06976316034513266,0.014089466606734408,0.12543685408353092,35.808713750000045,-86.48408854387709,10208,0.3,35.8,-86.5,1.7314143468666412
2024-05-10 16:45:00,685084900,0.043749040938417784,0.006849958783789273,0.0806481230930463,35.808713750000045,-86.48408854387709,10208,0.3,35.8,-86.5,1.7314143468666412
2024-05-10 16:46:00,685084900,0.08968902548127472,0.013353411692290915,0.1660246392702585,35.808713750000045,-86.48408854387709,10208,0.2,35.8,-86.5,1.7314143468666412
2024-05-10 16:47:00,685084900,0.06709484261959771,0.004404864292264998,0.12978482094693042,35.808713750000045,-86.48408854387709,10208,0.4,35.8,-86.5,1.7314143468666412
2024-05-10 16:48:00,685084900,0.05535480153584689,0.007712770085769129,0.10299683298592466,35.808713750000045,-86.48408854387709,10208,0.2,35.8,-86.5,1.7314143468666412
2024-05-10 16:49:00,685084900,0.03524158813845975,0.00043045905397490203,0.0700527172229446,35.808713750000045,-86.48408854387709,10208,0.2,35.8,-86.5,1.7314143468666412
2024-05-10 16:50:00,685084900,0.05989564391054719,0.014133180096415274,0.10565810772467911,35.808713750000045,-86.48408854387709,10208,0.2,35.8,-86.5,1.7314143468666412
2024-05-10 16:51:00,685084900,0.05507611655194886,0.008485016224795243,0.10166721687910249,35.808713750000045,-86.48408854387709,10208,0.2,35.8,-86.5,1.7314143468666412
2024-05-10 16:52:00,685084900,0.09318629779026824,0.019083044452459175,0.1672895511280773,35.808713750000045,-86.48408854387709,10208,0.4,35.8,-86.5,1.7314143468666412
2024-05-10 16:53:00,685084900,0.05603826695347922,0.009610783765986078,0.10246575014097237,35.808713750000045,-86.48408854387709,10208,0.1,35.8,-86.5,1.7314143468666412
2024-05-10 16:54:00,685084900,0.05612968596822075,0.015904984960529896,0.09635438697591162,35.808713750000045,-86.48408854387709,10208,0.2,35.8,-86.5,1.7314143468666412
2024-05-10 16:55:00,685084900,0.013588014511590687,0.007091087711275278,0.020084941311906097,35.808713750000045,-86.48408854387709,10208,0.4,35.8,-86.5,1.7314143468666412
2024-05-10 16:56:00,685084900,0.04650022892159909,0.016645629022438203,0.07635482882075999,35.808713750000045,-86.48408854387709,10208,0.2,35.8,-86.5,1.7314143468666412
2024-05-10 16:57:00,685084900,0.06620959499656713,0.014415995463885486,0.11800319452924878,35.808713750000045,-86.48408854387709,10208,0.2,35.8,-86.5,1.7314143468666412
2024-05-10 16:58:00,685084900,0.09602947209453776,0.01887188054505605,0.17318706364401948,35.808713750000045,-86.48408854387709,10208,0.2,35.8,-86.5,1.7314143468666412
2024-05-10 16:59:00,685084900,0.0730537906459457,8.68432270292041e-05,0.14602073806486218,35.808713750000045,-86.48408854387709,10208,0.2,35.8,-86.5,1.7314143468666412
2024-05-10 17:00:00,685084900,0.09546746418791965,0.01750895096401564,0.17342597741182367,35.808713750000045,-86.48408854387709,10208,0.1,35.8,-86.5,1.7314143468666412
2024-05-10 17:01:00,685084900,0.03872836161236997,0.0004893488743186597,0.07696737435042128,35.808713750000045,-86.48408854387709,10208,0.2,35.8,-86.5,1.7314143468666412
2024-05-10 17:02:00,685084900,0.05098417146781506,0.019808861836322314,0.0821594810993078,35.808713750000045,-86.48408854387709,10208,0.3,35.8,-86.5,1.7314143468666412
2024-05-10 17:03:00,685084900,0.08191789487262821,0.015834072066967977,0.14800171767828846,35.808713750000045,-86.48408854387709,10208,0.1,35.8,-86.5,1.7314143468666412
2024-05-10 17:04:00,685084900,0.05243195522208301,0.014200203718009285,0.09066370672615673,35.808713750000045,-86.48408854387709,10208,0.2,35.8,-86.5,1.7314143468666412
2024-05-10 17:05:00,685084900,0.1207143171729862,0.02138558697958305,0.22004304736638935,35.808713750000045,-86.48408854387709,10208,0.1,35.8,-86.5,1.7314143468666412
2024-05-10 17:06:00,685084900,0.4180403313704121,0.06949331759780453,0.7665873451430196,35.808713750000045,-86.48408854387709,10208,0.0,35.8,-86.5,1.7314143468666412
2024-05-10 17:07:00,685084900,-0.09272959958649195,-0.2705126390419241,0.08505343986894019,35.808713750000045,-86.48408854387709,10208,1.8,35.8,-86.5,1.7314143468666412
2024-05-10 17:08:00,685084900,-0.18325191130955587,-0.34993788978584456,-0.016565932833267183,35.808713750000045,-86.48408854387709,10208,0.7,35.8,-86.5,1.7314143468666412
2024-05-10 17:09:00,685084900,0.2731714408992518,0.05564533621969325,0.4906975455788104,35.808713750000045,-86.48408854387709,10208,0.1,35.8,-86.5,1.7314143468666412
2024-05-10 17:10:00,685084900,0.378966283381346,0.022494176866502347,0.7354383898961897,35.808713750000045,-86.48408854387709,10208,-0.4,35.8,-86.5,1.7314143468666412
2024-05-10 17:11:00,685084900,0.05364858406697974,-0.018786287599368,0.12608345573332747,35.808713750000045,-86.48408854387709,10208,0.9,35.8,-86.5,1.7314143468666412
2024-05-10 17:12:00,685084900,0.08166733794991571,0.0012004376922401389,0.16213423820759126,35.808713750000045,-86.48408854387709,10208,0.1,35.8,-86.5,1.7314143468666412
2024-05-10 17:13:00,685084900,-0.04426395716728103,-0.12388223694009584,0.03535432260553378,35.808713750000045,-86.48408854387709,10208,0.0,35.8,-86.5,1.7314143468666412
2024-05-10 17:14:00,685084900,0.20707295513345478,0.05779298000121122,0.35635293026569836,35.808713750000045,-86.48408854387709,10208,0.6,35.8,-86.5,1.7314143468666412
2024-05-10 17:15:00,685084900,0.13879950958847118,0.004528387732957856,0.27307063144398447,35.808713750000045,-86.48408854387709,10208,0.4,35.8,-86.5,1.7314143468666412
2024-05-10 17:16:00,685084900,-0.25900244664729,-0.5126494374549266,-0.005355455839653356,35.808713750000045,-86.48408854387709,10208,-0.1,35.8,-86.5,1.7314143468666412
2024-05-10 17:17:00,685084900,0.10922979779426252,0.027407260661868618,0.1910523349266564,35.808713750000045,-86.48408854387709,10208,0.1,35.8,-86.5,1.7314143468666412
2024-05-10 17:18:00,685084900,-0.043932478341305904,-0.11352422601357814,0.02565926933096633,35.808713750000045,-86.48408854387709,10208,0.0,35.8,-86.5,1.7314143468666412
2024-05-10 17:19:00,685084900,-0.12333762413235262,-0.24276650185895615,-0.003908746405749078,35.808713750000045,-86.48408854387709,10208,0.6,35.8,-86.5,1.7314143468666412
2024-05-10 17:20:00,685084900,-0.19965957713431773,-0.38353432930461556,-0.015784824964019895,35.808713750000045,-86.48408854387709,10208,0.4,35.8,-86.5,1.7314143468666412
2024-05-10 17:21:00,685084900,-0.13515772463574696,-0.28140804659329066,0.01109259732179671,35.808713750000045,-86.48408854387709,10208,0.4,35.8,-86.5,1.7314143468666412
2024-05-10 17:22:00,685084900,-0.16272647571627855,-0.33838287783453935,0.012929926401982289,35.808713750000045,-86.48408854387709,10208,0.2,35.8,-86.5,1.7314143468666412
2024-05-10 17:23:00,685084900,-0.10093326947796481,-0.20093954735142136,-0.0009269916045082649,35.808713750000045,-86.48408854387709,10208,0.0,35.8,-86.5,1.7314143468666412
2024-05-10 17:24:00,685084900,0.033273766404763115,0.0007583492128356156,0.06578918359669061,35.808713750000045,-86.48408854387709,10208,-0.4,35.8,-86.5,1.7314143468666412
2024-05-10 17:25:00,685084900,-0.06220077666646294,-0.11359211674900513,-0.010809436583920744,35.808713750000045,-86.48408854387709,10208,-0.2,35.8,-86.5,1.7314143468666412
2024-05-10 17:26:00,685084900,-0.06535243980020344,-0.14065087965978512,0.009946000059378221,35.808713750000045,-86.48408854387709,10208,0.0,35.8,-86.5,1.7314143468666412
2024-05-10 17:27:00,685084900,-0.05049375539348682,-0.1515348990869329,0.05054738829995927,35.808713750000045,-86.48408854387709,10208,0.2,35.8,-86.5,1.7314143468666412
2024-05-10 17:28:00,685084900,-0.0233281072386977,-0.1271697477798234,0.080513533302428,35.808713750000045,-86.48408854387709,10208,0.5,35.8,-86.5,1.7314143468666412
2024-05-10 17:29:00,685084900,-0.11100520330863907,-0.24608615592575972,0.024075749308481567,35.808713750000045,-86.48408854387709,10208,0.4,35.8,-86.5,1.7314143468666412
2024-05-10 17:30:00,685084900,-0.12884808131809913,-0.2445191343229316,-0.013177028313266656,35.808713750000045,-86.48408854387709,10208,-0.1,35.8,-86.5,1.7314143468666412
2024-05-10 17:31:00,685084900,-0.09131337591041713,-0.17936923063990037,-0.003257521180933892,35.808713750000045,-86.48408854387709,10208,-0.3,35.8,-86.5,1.7314143468666412
2024-05-10 17:32:00,685084900,-0.09464189263903702,-0.18530296727344325,-0.003980818004630793,35.808713750000045,-86.48408854387709,10208,0.1,35.8,-86.5,1.7314143468666412
2024-05-10 17:33:00,685084900,-0.23521139867047616,-0.44508801013932076,-0.025334787201631598,35.808713750000045,-86.48408854387709,10208,-0.2,35.8,-86.5,1.7314143468666412
2024-05-10 17:34:00,685084900,-0.0760985979636243,-0.17925760878777502,0.02706041286052642,35.808713750000045,-86.48408854387709,10208,0.0,35.8,-86.5,1.7314143468666412
2024-05-10 17:35:00,685084900,-0.18078128747997785,-0.3560699085279647,-0.005492666431990978,35.808713750000045,-86.48408854387709,10208,0.1,35.8,-86.5,1.7314143468666412
2024-05-10 17:36:00,685084900,-0.05385381492417213,-0.1261292936885576,0.018421663840213348,35.808713750000045,-86.48408854387709,10208,0.1,35.8,-86.5,1.7314143468666412
2024-05-10 17:37:00,685084900,-0.1518153695348292,-0.3151112506038326,0.011480511534174204,35.808713750000045,-86.48408854387709,10208,0.3,35.8,-86.5,1.7314143468666412
2024-05-10 17:38:00,685084900,0.0778876890170951,-0.01742767830392837,0.17320305633811856,35.808713750000045,-86.48408854387709,10208,0.8,35.8,-86.5,1.7314143468666412
2024-05-10 17:39:00,685084900,0.07094638493530848,-0.054799950311753234,0.19669272018237022,35.808713750000045,-86.48408854387709,10208,0.9,35.8,-86.5,1.7314143468666412
2024-05-10 17:40:00,685084900,-0.015900642942404217,-0.08732548370887883,0.05552419782407039,35.808713750000045,-86.48408854387709,10208,-0.3,35.8,-86.5,1.7314143468666412
2024-05-10 17:41:00,685084900,0.09903222775411188,0.0017570588077044924,0.19630739670051928,35.808713750000045,-86.48408854387709,10208,0.0,35.8,-86.5,1.7314143468666412
2024-05-10 17:42:00,685084900,0.13284340366550798,0.018622067668772932,0.24706473966224302,35.808713750000045,-86.48408854387709,10208,-0.2,35.8,-86.5,1.7314143468666412
2024-05-10 17:43:00,685084900,0.004226659397671667,-0.025572913825007506,0.034026232620350844,35.808713750000045,-86.48408854387709,10208,-2.7,35.8,-86.5,1.7314143468666412
2024-05-10 17:44:00,685084900,-0.10459631677433878,-0.2383826674610011,0.029190033912323526,35.808713750000045,-86.48408854387709,10208,-0.5,35.8,-86.5,1.7314143468666412
2024-05-10 17:45:00,685084900,-0.028123805245538647,-0.05950644068744138,0.003258830196364089,35.808713750000045,-86.48408854387709,10208,0.6,35.8,-86.5,1.7314143468666412
2024-05-10 17:46:00,685084900,-0.07806010489184823,-0.1633517672268982,0.0072315574432017665,35.808713750000045,-86.48408854387709,10208,-0.4,35.8,-86.5,1.7314143468666412
2024-05-10 17:47:00,685084900,0.1920029980749914,0.02921039789304855,0.3547955982569343,35.808713750000045,-86.48408854387709,10208,-0.6,35.8,-86.5,1.7314143468666412
2024-05-10 17:48:00,685084900,0.006128735123822252,-0.006298824093830531,0.018556294341475033,35.808713750000045,-86.48408854387709,10208,-0.2,35.8,-86.5,1.7314143468666412
2024-05-10 17:49:00,685084900,0.22212908038695386,0.040590727882022365,0.40366743289188534,35.808713750000045,-86.48408854387709,10208,0.4,35.8,-86.5,1.7314143468666412
2024-05-10 17:50:00,685084900,-0.11062184407074498,-0.236298471194692,0.015054783053202056,35.808713750000045,-86.48408854387709,10208,0.0,35.8,-86.5,1.7314143468666412
2024-05-10 17:51:00,685084900,0.1820719269352947,0.048809717546574344,0.3153341363240151,35.808713750000045,-86.48408854387709,10208,0.4,35.8,-86.5,1.7314143468666412
2024-05-10 17:52:00,685084900,0.04272399697435247,-0.04463632360952432,0.13008431755822925,35.808713750000045,-86.48408854387709,10208,0.4,35.8,-86.5,1.7314143468666412
2024-05-10 17:53:00,685084900,-0.18563592265577386,-0.3712710481353526,-7.971761951108824e-07,35.808713750000045,-86.48408854387709,10208,0.5,35.8,-86.5,1.7314143468666412
2024-05-10 17:54:00,685084900,-0.2434709814465439,-0.47872123856786647,-0.008220724325221307,35.808713750000045,-86.48408854387709,10208,-0.5,35.8,-86.5,1.7314143468666412
2024-05-10 17:55:00,685084900,-0.05786063740056236,-0.148139343131682,0.03241806833055729,35.808713750000045,-86.48408854387709,10208,0.5,35.8,-86.5,1.7314143468666412
2024-05-10 17:56:00,685084900,-0.22191873074539892,-0.42222800433083674,-0.0216094571599611,35.808713750000045,-86.48408854387709,10208,0.2,35.8,-86.5,1.7314143468666412
2024-05-10 17:57:00,685084900,0.010500491226609314,-0.03081079723165496,0.05181177968487359,35.808713750000045,-86.48408854387709,10208,0.2,35.8,-86.5,1.7314143468666412
2024-05-10 17:58:00,685084900,-0.032456605203534904,-0.10027165699083834,0.03535844658376854,35.808713750000045,-86.48408854387709,10208,-0.4,35.8,-86.5,1.7314143468666412
2024-05-10 17:59:00,685084900,0.1502587341508692,-0.009873263651078185,0.31039073195281663,35.808713750000045,-86.48408854387709,10208,-1.3,35.8,-86.5,1.7314143468666412
2024-05-10 18:00:00,685084900,0.17766989936905575,0.023624534356877253,0.3317152643812342,35.808713750000045,-86.48408854387709,10208,-0.9,35.8,-86.5,1.7314143468666412
2024-05-10 18:01:00,685084900,0.27660617687274086,0.05392381530013013,0.4992885384453516,35.808713750000045,-86.48408854387709,10208,0.2,35.8,-86.5,1.7314143468666412
2024-05-10 18:02:00,685084900,0.2849456027761432,0.05382524602190683,0.5160659595303796,35.808713750000045,-86.48408854387709,10208,0.0,35.8,-86.5,1.7314143468666412
2024-05-10 18:03:00,685084900,0.2713179495323402,0.05066120629115345,0.4919746927735269,35.808713750000045,-86.48408854387709,10208,0.4,35.8,-86.5,1.7314143468666412
2024-05-10 18:04:00,685084900,0.10161939818504759,0.026954336302928414,0.17628446006716675,35.808713750000045,-86.48408854387709,10208,0.4,35.8,-86.5,1.7314143468666412
2024-05-10 18:05:00,685084900,0.12875244576576658,0.038812835136570745,0.21869205639496242,35.808713750000045,-86.48408854387709,10208,0.8,35.8,-86.5,1.7314143468666412
2024-05-10 18:06:00,685084900,-0.010468821599327965,-0.05566973405118101,0.03473209085252508,35.808713750000045,-86.48408854387709,10208,-0.3,35.8,-86.5,1.7314143468666412
2024-05-10 18:07:00,685084900,0.053517985520301924,0.028404185614380347,0.0786317854262235,35.808713750000045,-86.48408854387709,10208,0.4,35.8,-86.5,1.7314143468666412
2024-05-10 18:08:00,685084900,-0.14461309667714267,-0.2953339936847674,0.006107800330482083,35.808713750000045,-86.48408854387709,10208,0.0,35.8,-86.5,1.7314143468666412
2024-05-10 18:09:00,685084900,0.07096455413059012,0.042009464284852985,0.09991964397632726,35.808713750000045,-86.48408854387709,10208,0.4,35.8,-86.5,1.7314143468666412
2024-05-10 18:10:00,685084900,0.05969433248964988,0.028292091628487413,0.09109657335081234,35.808713750000045,-86.48408854387709,10208,0.2,35.8,-86.5,1.7314143468666412
2024-05-10 18:11:00,685084900,0.06003023316255735,0.01835066958368825,0.10170979674142645,35.808713750000045,-86.48408854387709,10208,0.2,35.8,-86.5,1.7314143468666412
2024-05-10 18:12:00,685084900,-0.09806366197679696,-0.20757577160504026,0.011448447651446342,35.808713750000045,-86.48408854387709,10208,0.7,35.8,-86.5,1.7314143468666412
2024-05-10 18:13:00,685084900,-0.15457360473509674,-0.3289845284713533,0.019837319001159842,35.808713750000045,-86.48408854387709,10208,-0.3,35.8,-86.5,1.7314143468666412
2024-05-10 18:14:00,685084900,-0.1890980554412657,-0.3787894476624447,0.0005933367799132727,35.808713750000045,-86.48408854387709,10208,-0.6,35.8,-86.5,1.7314143468666412
2024-05-10 18:15:00,685084900,-0.329057497231048,-0.6426779036783887,-0.015437090783707197,35.808713750000045,-86.48408854387709,10208,-0.5,35.8,-86.5,1.7314143468666412
2024-05-10 18:16:00,685084900,-0.23268521208849705,-0.46633278799840916,0.0009623638214150965,35.808713750000045,-86.48408854387709,10208,0.3,35.8,-86.5,1.7314143468666412
2024-05-10 18:17:00,685084900,-0.26181858116616796,-0.508087710254972,-0.015549452077363884,35.808713750000045,-86.48408854387709,10208,-0.3,35.8,-86.5,1.7314143468666412
2024-05-10 18:18:00,685084900,-0.2628494601323449,-0.5111234473932134,-0.014575472871476397,35.808713750000045,-86.48408854387709,10208,-0.5,35.8,-86.5,1.7314143468666412
2024-05-10 18:19:00,685084900,-0.18072680105839148,-0.35736095013389446,-0.004092651982888523,35.808713750000045,-86.48408854387709,10208,-0.5,35.8,-86.5,1.7314143468666412
2024-05-10 18:20:00,685084900,-0.06469645384741696,-0.14525816778165407,0.01586526008682014,35.808713750000045,-86.48408854387709,10208,-0.5,35.8,-86.5,1.7314143468666412
2024-05-10 18:21:00,685084900,0.032712882528709096,-0.021122694539526414,0.0865484595969446,35.808713750000045,-86.48408854387709,10208,-0.5,35.8,-86.5,1.7314143468666412
2024-05-10 18:22:00,685084900,0.1583103716734198,0.024811522488917714,0.2918092208579219,35.808713750000045,-86.48408854387709,10208,-0.5,35.8,-86.5,1.7314143468666412
2024-05-10 18:23:00,685084900,0.2518765488645737,0.01760220658558795,0.48615089114355947,35.808713750000045,-86.48408854387709,10208,-0.7,35.8,-86.5,1.7314143468666412
2024-05-10 18:24:00,685084900,0.2731851046728302,-0.002034966608306654,0.548405175953967,35.808713750000045,-86.48408854387709,10208,-0.4,35.8,-86.5,1.7314143468666412
2024-05-10 18:25:00,685084900,0.2721317550361597,-0.0035247107693232027,0.5477882208416427,35.808713750000045,-86.48408854387709,10208,0.1,35.8,-86.5,1.7314143468666412
2024-05-10 18:26:00,685084900,0.4356202816273754,0.05748038459940735,0.8137601786553434,35.808713750000045,-86.48408854387709,10208,0.2,35.8,-86.5,1.7314143468666412
2024-05-10 18:27:00,685084900,0.8310369678848769,0.11309698013877967,1.548976955630974,35.808713750000045,-86.48408854387709,10208,0.9,35.8,-86.5,1.7314143468666412
2024-05-10 18:28:00,685084900,0.5805556759709228,0.08257716198931425,1.0785341899525314,35.808713750000045,-86.48408854387709,10208,0.9,35.8,-86.5,1.7314143468666412
2024-05-10 18:29:00,685084900,0.6436370664903118,0.10225932582129849,1.1850148071593252,35.808713750000045,-86.48408854387709,10208,1.6,35.8,-86.5,1.7314143468666412
2024-05-10 18:30:00,685084900,0.323517036822793,0.042905151805589514,0.6041289218399964,35.808713750000045,-86.48408854387709,10208,1.1,35.8,-86.5,1.7314143468666412
2024-05-10 18:31:00,685084900,0.24155124338505327,0.03273831558125853,0.450364171188848,35.808713750000045,-86.48408854387709,10208,0.6,35.8,-86.5,1.7314143468666412
2024-05-10 18:32:00,685084900,0.012503591254002789,-0.06631005197719145,0.09131723448519702,35.808713750000045,-86.48408854387709,10208,0.3,35.8,-86.5,1.7314143468666412
2024-05-10 18:33:00,685084900,-0.1148489629492795,-0.2906041643664416,0.06090623846788258,35.808713750000045,-86.48408854387709,10208,0.4,35.8,-86.5,1.7314143468666412
2024-05-10 18:34:00,685084900,-0.06700615379420718,-0.20017995965322496,0.0661676520648106,35.808713750000045,-86.48408854387709,10208,0.1,35.8,-86.5,1.7314143468666412
2024-05-10 18:35:00,685084900,-0.08583158426983852,-0.25414984107902205,0.08248667253934504,35.808713750000045,-86.48408854387709,10208,0.0,35.8,-86.5,1.7314143468666412
2024-05-10 18:36:00,685084900,-0.09938558421041954,-0.26392311615341474,0.06515194773257565,35.808713750000045,-86.48408854387709,10208,0.0,35.8,-86.5,1.7314143468666412
2024-05-10 18:37:00,685084900,-0.065638272932254,-0.24551682787756665,0.11424028201305866,35.808713750000045,-86.48408854387709,10208,0.0,35.8,-86.5,1.7314143468666412
2024-05-10 18:38:00,685084900,-0.1345928982351158,-0.3227884834610282,0.053602686990796594,35.808713750000045,-86.48408854387709,10208,0.4,35.8,-86.5,1.7314143468666412
2024-05-10 18:39:00,685084900,-0.16605565839753347,-0.37095804696385104,0.038846730168784066,35.808713750000045,-86.48408854387709,10208,0.3,35.8,-86.5,1.7314143468666412
2024-05-10 18:40:00,685084900,-0.08574919565940914,-0.2050787236957413,0.03358033237692301,35.808713750000045,-86.48408854387709,10208,0.2,35.8,-86.5,1.7314143468666412
2024-05-10 18:41:00,685084900,-0.027343440592970395,-0.08490839568860671,0.030221514502665924,35.808713750000045,-86.48408854387709,10208,0.0,35.8,-86.5,1.7314143468666412
2024-05-10 18:42:00,685084900,-0.09332493061817326,-0.17671442374791851,-0.009935437488428012,35.808713750000045,-86.48408854387709,10208,0.2,35.8,-86.5,1.7314143468666412
2024-05-10 18:43:00,685084900,-0.009864795063675533,-0.026928805095914932,0.007199214968563867,35.808713750000045,-86.48408854387709,10208,0.0,35.8,-86.5,1.7314143468666412
2024-05-10 18:44:00,685084900,-0.03974031391926235,-0.07981842970689754,0.00033780186837283066,35.808713750000045,-86.48408854387709,10208,-0.1,35.8,-86.5,1.7314143468666412
2024-05-10 18:45:00,685084900,0.06717468831229707,0.014635621898298229,0.11971375472629592,35.808713750000045,-86.48408854387709,10208,0.3,35.8,-86.5,1.7314143468666412
2024-05-10 18:46:00,685084900,0.06871278220242755,0.01028412350956414,0.12714144089529095,35.808713750000045,-86.48408854387709,10208,0.0,35.8,-86.5,1.7314143468666412
2024-05-10 18:47:00,685084900,0.03019167704316058,0.005593556350494532,0.05478979773582662,35.808713750000045,-86.48408854387709,10208,0.0,35.8,-86.5,1.7314143468666412
2024-05-10 18:48:00,685084900,-0.06903301667429572,-0.13136153389967892,-0.006704499448912507,35.808713750000045,-86.48408854387709,10208,0.2,35.8,-86.5,1.7314143468666412
2024-05-10 18:49:00,685084900,-0.05430438202663645,-0.12477751348807406,0.016168749434801157,35.808713750000045,-86.48408854387709,10208,-0.1,35.8,-86.5,1.7314143468666412
2024-05-10 18:50:00,685084900,0.0822921158406425,-0.004156014847996506,0.1687402465292815,35.808713750000045,-86.48408854387709,10208,0.5,35.8,-86.5,1.7314143468666412
2024-05-10 18:51:00,685084900,0.1691970299295555,0.007370232845971575,0.33102382701313937,35.808713750000045,-86.48408854387709,10208,0.6,35.8,-86.5,1.7314143468666412
2024-05-10 18:52:00,685084900,0.1679581960095763,-0.0007464358657567893,0.33666282788490937,35.808713750000045,-86.48408854387709,10208,0.1,35.8,-86.5,1.7314143468666412
2024-05-10 18:53:00,685084900,0.07308575476907449,-0.030103764182078385,0.17627527372022736,35.808713750000045,-86.48408854387709,10208,0.8,35.8,-86.5,1.7314143468666412
2024-05-10 18:54:00,685084900,-0.03197434410282486,-0.09131657396934803,0.027367885763698314,35.808713750000045,-86.48408854387709,10208,0.5,35.8,-86.5,1.7314143468666412
2024-05-10 18:55:00,685084900,-0.03334760982555756,-0.08689522677908003,0.02020000712796491,35.808713750000045,-86.48408854387709,10208,0.6,35.8,-86.5,1.7314143468666412
2024-05-10 18:56:00,685084900,-0.08620561395784954,-0.19350792876688966,0.0210967008511906,35.808713750000045,-86.48408854387709,10208,0.2,35.8,-86.5,1.7314143468666412
2024-05-10 18:57:00,685084900,-0.12008225677313224,-0.24997875865484165,0.00981424510857716,35.808713750000045,-86.48408854387709,10208,-0.1,35.8,-86.5,1.7314143468666412
2024-05-10 18:58:00,685084900,-0.2689123378155932,-0.5140154196046419,-0.023809256026544462,35.808713750000045,-86.48408854387709,10208,1.4,35.8,-86.5,1.7314143468666412
2024-05-10 18:59:00,685084900,-0.2617348835784153,-0.5147211262347569,-0.00874864092207378,35.808713750000045,-86.48408854387709,10208,0.1,35.8,-86.5,1.7314143468666412
2024-05-10 19:00:00,685084900,-0.1617599075563658,-0.3449857759872333,0.0214659608745017,35.808713750000045,-86.48408854387709,10208,-0.6,35.8,-86.5,1.7314143468666412
2024-05-10 19:01:00,685084900,-0.09742209505698148,-0.22674143755156134,0.03189724743759838,35.808713750000045,-86.48408854387709,10208,-0.4,35.8,-86.5,1.7314143468666412
2024-05-10 19:02:00,685084900,-0.12222612120596932,-0.25002849334815214,0.0055762509362135,35.808713750000045,-86.48408854387709,10208,-0.4,35.8,-86.5,1.7314143468666412
2024-05-10 19:03:00,685084900,-0.14688601666997564,-0.29232024583223204,-0.00145178750771921,35.808713750000045,-86.48408854387709,10208,-0.4,35.8,-86.5,1.7314143468666412
2024-05-10 19:04:00,685084900,-0.35754074886812004,-0.7091810278136843,-0.005900469922555718,35.808713750000045,-86.48408854387709,10208,-0.2,35.8,-86.5,1.7314143468666412
2024-05-10 19:05:00,685084900,-0.26813782087170845,-0.5367890369138806,0.0005133951704637263,35.808713750000045,-86.48408854387709,10208,-0.3,35.8,-86.5,1.7314143468666412
2024-05-10 19:06:00,685084900,-0.21799621633338542,-0.4059298195475872,-0.030062613119183595,35.808713750000045,-86.48408854387709,10208,-1.0,35.8,-86.5,1.7314143468666412
2024-05-10 19:07:00,685084900,-0.1810704922627986,-0.3390541418904184,-0.023086842635178823,35.808713750000045,-86.48408854387709,10208,-0.7,35.8,-86.5,1.7314143468666412
2024-05-10 19:08:00,685084900,0.0021289118040145123,-0.04833108449840849,0.052588908106437515,35.808713750000045,-86.48408854387709,10208,-0.1,35.8,-86.5,1.7314143468666412
2024-05-10 19:09:00,685084900,0.032678137710612336,-0.0018907851528650876,0.06724706057408976,35.808713750000045,-86.48408854387709,10208,0.2,35.8,-86.5,1.7314143468666412
2024-05-10 19:10:00,685084900,-0.049822545564647644,-0.10086267996126881,0.0012175888319735234,35.808713750000045,-86.48408854387709,10208,0.2,35.8,-86.5,1.7314143468666412
2024-05-10 19:11:00,685084900,-0.07890248282611491,-0.13788960006374498,-0.019915365588484828,35.808713750000045,-86.48408854387709,10208,0.3,35.8,-86.5,1.7314143468666412
2024-05-10 19:12:00,685084900,-0.19476951491375777,-0.35581179198008805,-0.03372723784742748,35.808713750000045,-86.48408854387709,10208,0.0,35.8,-86.5,1.7314143468666412
2024-05-10 19:13:00,685084900,-0.19618902867002302,-0.3871665768514961,-0.005211480488549969,35.808713750000045,-86.48408854387709,10208,0.5,35.8,-86.5,1.7314143468666412
2024-05-10 19:14:00,685084900,-0.20425245628793046,-0.4006793183676759,-0.007825594208185044,35.808713750000045,-86.48408854387709,10208,0.6,35.8,-86.5,1.7314143468666412
2024-05-10 19:15:00,685084900,-0.22673779184896833,-0.45172755235770945,-0.0017480313402272185,35.808713750000045,-86.48408854387709,10208,0.1,35.8,-86.5,1.7314143468666412
2024-05-10 19:16:00,685084900,-0.3082622540582325,-0.6056085269106111,-0.010915981205853964,35.808713750000045,-86.48408854387709,10208,0.2,35.8,-86.5,1.7314143468666412
2024-05-10 19:17:00,685084900,-0.28477323592390563,-0.5290778870976376,-0.040468584750173675,35.808713750000045,-86.48408854387709,10208,0.1,35.8,-86.5,1.7314143468666412
2024-05-10 19:18:00,685084900,-0.19266286694771023,-0.3246496541082122,-0.060676079787208265,35.808713750000045,-86.48408854387709,10208,-0.2,35.8,-86.5,1.7314143468666412
2024-05-10 19:19:00,685084900,-0.1711473073747708,-0.28588093597708986,-0.05641367877245171,35.808713750000045,-86.48408854387709,10208,-0.1,35.8,-86.5,1.7314143468666412
2024-05-10 19:20:00,685084900,-0.20868698317650267,-0.35699105361824235,-0.060382912734762983,35.808713750000045,-86.48408854387709,10208,-0.1,35.8,-86.5,1.7314143468666412
2024-05-10 19:21:00,685084900,-0.18547249738209667,-0.32041943652764293,-0.050525558236550416,35.808713750000045,-86.48408854387709,10208,-0.5,35.8,-86.5,1.7314143468666412
2024-05-10 19:22:00,685084900,-0.1869072601469716,-0.3236851680588094,-0.05012935223513376,35.808713750000045,-86.48408854387709,10208,-0.6,35.8,-86.5,1.7314143468666412
2024-05-10 19:23:00,685084900,-0.12304177345168134,-0.21909589379777977,-0.02698765310558289,35.808713750000045,-86.48408854387709,10208,-0.2,35.8,-86.5,1.7314143468666412
2024-05-10 19:24:00,685084900,-0.13440696328938528,-0.24136587825847963,-0.027448048320290935,35.808713750000045,-86.48408854387709,10208,1.3,35.8,-86.5,1.7314143468666412
2024-05-10 19:25:00,685084900,-0.18087297938538624,-0.36298768913814417,0.0012417303673716573,35.808713750000045,-86.48408854387709,10208,1.1,35.8,-86.5,1.7314143468666412
2024-05-10 19:26:00,685084900,-0.00010680743488755576,-0.035869273272912984,0.03565565840313787,35.808713750000045,-86.48408854387709,10208,0.7,35.8,-86.5,1.7314143468666412
2024-05-10 19:27:00,685084900,-0.051431169747183925,-0.07191921673963758,-0.030943122754730275,35.808713750000045,-86.48408854387709,10208,0.3,35.8,-86.5,1.7314143468666412
2024-05-10 19:28:00,685084900,-0.034602643662679095,-0.06448026426746482,-0.004725023057893369,35.808713750000045,-86.48408854387709,10208,-0.1,35.8,-86.5,1.7314143468666412
2024-05-10 19:29:00,685084900,-0.04672168354580847,-0.06471063592639589,-0.028732731165221036,35.808713750000045,-86.48408854387709,10208,0.0,35.8,-86.5,1.7314143468666412
2024-05-10 19:30:00,685084900,-0.0729670999189632,-0.13388804355233158,-0.012046156285594835,35.808713750000045,-86.48408854387709,10208,-0.3,35.8,-86.5,1.7314143468666412
2024-05-10 19:31:00,685084900,-0.07055416793412783,-0.11470359679373622,-0.026404739074519443,35.808713750000045,-86.48408854387709,10208,-0.1,35.8,-86.5,1.7314143468666412
2024-05-10 19:32:00,685084900,-0.10915049499686164,-0.1890313217194764,-0.02926966827424686,35.808713750000045,-86.48408854387709,10208,0.1,35.8,-86.5,1.7314143468666412
2024-05-10 19:33:00,685084900,-0.10415911401929516,-0.18517633941074096,-0.02314188862784934,35.808713750000045,-86.48408854387709,10208,0.2,35.8,-86.5,1.7314143468666412
2024-05-10 19:34:00,685084900,-0.06546377670708806,-0.11162510990543068,-0.019302443508745444,35.808713750000045,-86.48408854387709,10208,0.1,35.8,-86.5,1.7314143468666412
2024-05-10 19:35:00,685084900,-0.05692696014184958,-0.09192370285072102,-0.02193021743297814,35.808713750000045,-86.48408854387709,10208,0.1,35.8,-86.5,1.7314143468666412
2024-05-10 19:36:00,685084900,-0.106719871295244,-0.19788519649327824,-0.01555454609720977,35.808713750000045,-86.48408854387709,10208,-0.2,35.8,-86.5,1.7314143468666412
2024-05-10 19:37:00,685084900,-0.06613307521899595,-0.11992596449980791,-0.012340185938183978,35.808713750000045,-86.48408854387709,10208,-0.1,35.8,-86.5,1.7314143468666412
2024-05-10 19:38:00,685084900,0.1177905112525001,-0.019846350130130322,0.25542737263513055,35.808713750000045,-86.48408854387709,10208,-0.9,35.8,-86.5,1.7314143468666412
2024-05-10 19:39:00,685084900,0.3997049520860684,0.011171538471491271,0.7882383657006455,35.808713750000045,-86.48408854387709,10208,1.2,35.8,-86.5,1.7314143468666412
2024-05-10 19:40:00,685084900,0.3410347872479457,-0.001358861049695792,0.6834284355455873,35.808713750000045,-86.48408854387709,10208,2.0,35.8,-86.5,1.7314143468666412
2024-05-10 19:41:00,685084900,0.08832943543701582,-0.01121074010210342,0.18786961097613508,35.808713750000045,-86.48408854387709,10208,1.5,35.8,-86.5,1.7314143468666412
2024-05-10 19:42:00,685084900,-0.007102234778824314,-0.037634827029187974,0.023430357471539348,35.808713750000045,-86.48408854387709,10208,0.6,35.8,-86.5,1.7314143468666412
2024-05-10 19:43:00,685084900,-0.03129599233882573,-0.060141905217573996,-0.0024500794600774735,35.808713750000045,-86.48408854387709,10208,0.0,35.8,-86.5,1.7314143468666412
2024-05-10 19:44:00,685084900,-0.11708280618509832,-0.213299969146878,-0.020865643223318645,35.808713750000045,-86.48408854387709,10208,0.2,35.8,-86.5,1.7314143468666412
2024-05-10 19:45:00,685084900,0.0346048769729604,-0.006528504027171381,0.07573825797309218,35.808713750000045,-86.48408854387709,10208,0.2,35.8,-86.5,1.7314143468666412
2024-05-10 19:46:00,685084900,-0.07880811155764304,-0.14039623974952267,-0.01721998336576342,35.808713750000045,-86.48408854387709,10208,0.4,35.8,-86.5,1.7314143468666412
2024-05-10 19:47:00,685084900,0.37798830608273004,0.047933705914044444,0.7080429062514156,35.808713750000045,-86.48408854387709,10208,-1.6,35.8,-86.5,1.7314143468666412
2024-05-10 19:48:00,685084900,0.8268858910248275,0.06359109978863586,1.590180682261019,35.808713750000045,-86.48408854387709,10208,1.7,35.8,-86.5,1.7314143468666412
2024-05-10 19:49:00,685084900,0.2270480407991903,-0.026970381579020625,0.4810664631774012,35.808713750000045,-86.48408854387709,10208,2.0,35.8,-86.5,1.7314143468666412
2024-05-10 19:50:00,685084900,0.00777600299774919,-0.054486285396579216,0.0700382913920776,35.808713750000045,-86.48408854387709,10208,1.2,35.8,-86.5,1.7314143468666412
2024-05-10 19:51:00,685084900,0.2202408565477629,0.025628319748397244,0.41485339334712856,35.808713750000045,-86.48408854387709,10208,0.6,35.8,-86.5,1.7314143468666412
2024-05-10 19:52:00,685084900,0.09421603332531076,-0.018016940794734496,0.206449007445356,35.808713750000045,-86.48408854387709,10208,0.7,35.8,-86.5,1.7314143468666412
2024-05-10 19:53:00,685084900,-0.03405569296357771,-0.06628694685866335,-0.0018244390684920703,35.808713750000045,-86.48408854387709,10208,0.2,35.8,-86.5,1.7314143468666412
2024-05-10 19:54:00,685084900,0.216352456355143,0.026124582550218572,0.40658033016006745,35.808713750000045,-86.48408854387709,10208,-0.3,35.8,-86.5,1.7314143468666412
2024-05-10 19:55:00,685084900,0.3246672321824957,0.023041895007211544,0.6262925693577799,35.808713750000045,-86.48408854387709,10208,0.7,35.8,-86.5,1.7314143468666412
2024-05-10 19:56:00,685084900,0.12640629908183956,-0.019621330093684664,0.2724339282573638,35.808713750000045,-86.48408854387709,10208,0.7,35.8,-86.5,1.7314143468666412
2024-05-10 19:57:00,685084900,0.3872136239967013,0.042327840210322765,0.7320994077830798,35.808713750000045,-86.48408854387709,10208,0.8,35.8,-86.5,1.7314143468666412
2024-05-10 19:58:00,685084900,0.18557968986218779,-0.009303403384091913,0.3804627831084675,35.808713750000045,-86.48408854387709,10208,2.6,35.8,-86.5,1.7314143468666412
2024-05-10 19:59:00,685084900,-0.27184446112934824,-0.49515020452415937,-0.04853871773453708,35.808713750000045,-86.48408854387709,10208,0.5,35.8,-86.5,1.7314143468666412
2024-05-10 20:00:00,685084900,-0.2527624244407751,-0.48870969924500174,-0.016815149636548482,35.808713750000045,-86.48408854387709,10208,0.3,35.8,-86.5,1.7314143468666412
2024-05-10 20:01:00,685084900,-0.33712921450421884,-0.6274890160794182,-0.04676941292901943,35.808713750000045,-86.48408854387709,10208,0.5,35.8,-86.5,1.7314143468666412
2024-05-10 20:02:00,685084900,-0.21439027497651358,-0.40132263502671994,-0.027457914926307198,35.808713750000045,-86.48408854387709,10208,-0.1,35.8,-86.5,1.7314143468666412
2024-05-10 20:03:00,685084900,-0.28889723407717144,-0.5132179358165552,-0.0645765323377877,35.808713750000045,-86.48408854387709,10208,0.2,35.8,-86.5,1.7314143468666412
2024-05-10 20:04:00,685084900,-0.42111553918136874,-0.7896718278690755,-0.05255925049366189,35.808713750000045,-86.48408854387709,10208,-0.1,35.8,-86.5,1.7314143468666412
2024-05-10 20:05:00,685084900,-0.18722562911771815,-0.3386298640007042,-0.035821394234732074,35.808713750000045,-86.48408854387709,10208,-0.1,35.8,-86.5,1.7314143468666412
2024-05-10 20:06:00,685084900,-0.04810875113088971,-0.13259093585320894,0.03637343359142953,35.808713750000045,-86.48408854387709,10208,0.1,35.8,-86.5,1.7314143468666412
2024-05-10 20:07:00,685084900,-0.041041976706486225,-0.12724463242430242,0.045160679011329974,35.808713750000045,-86.48408854387709,10208,0.0,35.8,-86.5,1.7314143468666412
2024-05-10 20:08:00,685084900,-0.1564716269846482,-0.2666677848539817,-0.0462754691153147,35.808713750000045,-86.48408854387709,10208,0.1,35.8,-86.5,1.7314143468666412
2024-05-10 20:09:00,685084900,-0.04619659748988097,-0.09444105144208739,0.0020478564623254633,35.808713750000045,-86.48408854387709,10208,-0.1,35.8,-86.5,1.7314143468666412
2024-05-10 20:10:00,685084900,0.059661782260861426,-0.05678394298640929,0.17610750750813214,35.808713750000045,-86.48408854387709,10208,-0.4,35.8,-86.5,1.7314143468666412
2024-05-10 20:11:00,685084900,-0.12486914844423151,-0.20215577919872124,-0.04758251768974177,35.808713750000045,-86.48408854387709,10208,0.2,35.8,-86.5,1.7314143468666412
2024-05-10 20:12:00,685084900,0.08408158749001252,-0.05855453044447961,0.22671770542450465,35.808713750000045,-86.48408854387709,10208,0.4,35.8,-86.5,1.7314143468666412
2024-05-10 20:13:00,685084900,0.23192260372774987,-0.029375788885378507,0.49322099634087824,35.808713750000045,-86.48408854387709,10208,0.5,35.8,-86.5,1.7314143468666412
2024-05-10 20:14:00,685084900,-0.048542391155578984,-0.09228328471407042,-0.004801497597087548,35.808713750000045,-86.48408854387709,10208,0.3,35.8,-86.5,1.7314143468666412
2024-05-10 20:15:00,685084900,0.10788149727857907,-0.03185690027922597,0.2476198948363841,35.808713750000045,-86.48408854387709,10208,0.8,35.8,-86.5,1.7314143468666412
2024-05-10 20:16:00,685084900,0.09071939201585863,-0.04958562174995601,0.23102440578167327,35.808713750000045,-86.48408854387709,10208,1.0,35.8,-86.5,1.7314143468666412
2024-05-10 20:17:00,685084900,0.11476439401938279,-0.028109043429572184,0.25763783146833774,35.808713750000045,-86.48408854387709,10208,1.6,35.8,-86.5,1.7314143468666412
2024-05-10 20:18:00,685084900,0.06319277504585538,-0.04209042130730431,0.16847597139901507,35.808713750000045,-86.48408854387709,10208,0.7,35.8,-86.5,1.7314143468666412
2024-05-10 20:19:00,685084900,-0.11323596554148814,-0.19646070669529542,-0.030011224387680863,35.808713750000045,-86.48408854387709,10208,0.6,35.8,-86.5,1.7314143468666412
2024-05-10 20:20:00,685084900,-0.2223622412511624,-0.4124180484107409,-0.03230643409158393,35.808713750000045,-86.48408854387709,10208,1.3,35.8,-86.5,1.7314143468666412
2024-05-10 20:21:00,685084900,-0.40711333499952057,-0.74474683606527,-0.0694798339337711,35.808713750000045,-86.48408854387709,10208,0.9,35.8,-86.5,1.7314143468666412
2024-05-10 20:22:00,685084900,-0.18887504829042456,-0.35122559483797067,-0.02652450174287843,35.808713750000045,-86.48408854387709,10208,-0.3,35.8,-86.5,1.7314143468666412
2024-05-10 20:23:00,685084900,-0.051780254310141015,-0.07490910945545841,-0.02865139916482362,35.808713750000045,-86.48408854387709,10208,0.6,35.8,-86.5,1.7314143468666412
2024-05-10 20:24:00,685084900,-0.1593711047502837,-0.24450893916590843,-0.074233270334659,35.808713750000045,-86.48408854387709,10208,1.2,35.8,-86.5,1.7314143468666412
2024-05-10 20:25:00,685084900,-0.07818652257553747,-0.23153528037531224,0.0751622352242373,35.808713750000045,-86.48408854387709,10208,0.8,35.8,-86.5,1.7314143468666412
2024-05-10 20:26:00,685084900,-0.18219800947813997,-0.30413142931080234,-0.06026458964547761,35.808713750000045,-86.48408854387709,10208,1.4,35.8,-86.5,1.7314143468666412
2024-05-10 20:27:00,685084900,-0.21603595513021218,-0.3851379621067391,-0.04693394815368526,35.808713750000045,-86.48408854387709,10208,-0.1,35.8,-86.5,1.7314143468666412
2024-05-10 20:28:00,685084900,0.03515148976543404,-0.05074964016049032,0.12105261969135839,35.808713750000045,-86.48408854387709,10208,-0.8,35.8,-86.5,1.7314143468666412
2024-05-10 20:29:00,685084900,-0.4661654412706346,-0.8152750515575475,-0.11705583098372169,35.808713750000045,-86.48408854387709,10208,-0.1,35.8,-86.5,1.7314143468666412
2024-05-10 20:30:00,685084900,-0.06427871723983139,-0.16207561133269852,0.033518176853035736,35.808713750000045,-86.48408854387709,10208,-1.2,35.8,-86.5,1.7314143468666412
2024-05-10 20:31:00,685084900,-0.006058134364055641,-0.09349836224565194,0.08138209351754067,35.808713750000045,-86.48408854387709,10208,-1.1,35.8,-86.5,1.7314143468666412
2024-05-10 20:32:00,685084900,-0.09501817696192318,-0.14732215395220333,-0.04271419997164301,35.808713750000045,-86.48408854387709,10208,0.3,35.8,-86.5,1.7314143468666412
2024-05-10 20:33:00,685084900,-0.26739337513249595,-0.4636871967358487,-0.07109955352914318,35.808713750000045,-86.48408854387709,10208,0.3,35.8,-86.5,1.7314143468666412
2024-05-10 20:34:00,685084900,-0.055732314027069234,-0.09237311796231648,-0.019091510091821987,35.808713750000045,-86.48408854387709,10208,0.3,35.8,-86.5,1.7314143468666412
2024-05-10 20:35:00,685084900,-0.32985128519434054,-0.5745274711142783,-0.08517509927440275,35.808713750000045,-86.48408854387709,10208,0.1,35.8,-86.5,1.7314143468666412
2024-05-10 20:36:00,685084900,-0.16906931581477952,-0.3103954896054447,-0.02774314202411432,35.808713750000045,-86.48408854387709,10208,0.2,35.8,-86.5,1.7314143468666412
2024-05-10 20:37:00,685084900,-0.3150998046916046,-0.5481708954507762,-0.08202871393243288,35.808713750000045,-86.48408854387709,10208,0.0,35.8,-86.5,1.7314143468666412
2024-05-10 20:38:00,685084900,-0.29575834293532227,-0.539084307229269,-0.052432378641375565,35.808713750000045,-86.48408854387709,10208,0.0,35.8,-86.5,1.7314143468666412
2024-05-10 20:39:00,685084900,-0.0105820273342915,-0.08336745623039174,0.06220340156180874,35.808713750000045,-86.48408854387709,10208,-0.1,35.8,-86.5,1.7314143468666412
2024-05-10 20:40:00,685084900,-0.11615850529417386,-0.21565816157589154,-0.01665884901245618,35.808713750000045,-86.48408854387709,10208,-0.5,35.8,-86.5,1.7314143468666412
2024-05-10 20:41:00,685084900,0.022996747982766536,-0.057779691165724414,0.10377318713125748,35.808713750000045,-86.48408854387709,10208,-0.5,35.8,-86.5,1.7314143468666412
2024-05-10 20:42:00,685084900,-0.0060752057035096,-0.060377264576212286,0.04822685316919309,35.808713750000045,-86.48408854387709,10208,-0.2,35.8,-86.5,1.7314143468666412
2024-05-10 20:43:00,685084900,0.176638770600494,0.010648160500962262,0.3426293807000257,35.808713750000045,-86.48408854387709,10208,0.3,35.8,-86.5,1.7314143468666412
2024-05-10 20:44:00,685084900,0.07579658940564728,-0.0650955338950817,0.21668871270637624,35.808713750000045,-86.48408854387709,10208,-0.1,35.8,-86.5,1.7314143468666412
2024-05-10 20:45:00,685084900,0.09272308267838376,-0.04010906099546173,0.22555522635222924,35.808713750000045,-86.48408854387709,10208,0.2,35.8,-86.5,1.7314143468666412
2024-05-10 20:46:00,685084900,0.053409098296175087,-0.029685045482259212,0.1365032420746094,35.808713750000045,-86.48408854387709,10208,0.3,35.8,-86.5,1.7314143468666412
2024-05-10 20:47:00,685084900,0.1948834594336627,-0.01692536992942109,0.40669228879674646,35.808713750000045,-86.48408854387709,10208,-0.9,35.8,-86.5,1.7314143468666412
2024-05-10 20:48:00,685084900,0.4011156509286538,0.03508412643471037,0.7671471754225972,35.808713750000045,-86.48408854387709,10208,1.1,35.8,-86.5,1.7314143468666412
2024-05-10 20:49:00,685084900,0.06471019907132362,-0.017808210466051883,0.14722860860869913,35.808713750000045,-86.48408854387709,10208,1.1,35.8,-86.5,1.7314143468666412
2024-05-10 20:50:00,685084900,0.1720270632735498,-0.01037044390620015,0.3544245704532998,35.808713750000045,-86.48408854387709,10208,0.8,35.8,-86.5,1.7314143468666412
2024-05-10 20:51:00,685084900,0.12829733183500985,-0.00808379655363159,0.26467846022365127,35.808713750000045,-86.48408854387709,10208,0.9,35.8,-86.5,1.7314143468666412
2024-05-10 20:52:00,685084900,0.2221123465132056,0.028191554513412598,0.4160331385129986,35.808713750000045,-86.48408854387709,10208,1.1,35.8,-86.5,1.7314143468666412
2024-05-10 20:53:00,685084900,0.14082498043755518,0.003115140640495173,0.2785348202346152,35.808713750000045,-86.48408854387709,10208,0.4,35.8,-86.5,1.7314143468666412
2024-05-10 20:54:00,685084900,0.35878281121936995,0.05204234550107595,0.665523276937664,35.808713750000045,-86.48408854387709,10208,0.3,35.8,-86.5,1.7314143468666412
2024-05-10 20:55:00,685084900,0.26491301381996835,0.006316638489036297,0.5235093891509004,35.808713750000045,-86.48408854387709,10208,0.5,35.8,-86.5,1.7314143468666412
2024-05-10 20:56:00,685084900,0.19812050712292997,0.010267227243520277,0.38597378700233964,35.808713750000045,-86.48408854387709,10208,-0.3,35.8,-86.5,1.7314143468666412
2024-05-10 20:57:00,685084900,-0.00805041620854812,-0.03319530152827979,0.017094469111183556,35.808713750000045,-86.48408854387709,10208,0.6,35.8,-86.5,1.7314143468666412
2024-05-10 20:58:00,685084900,-0.1308786796898191,-0.253520317403539,-0.008237041976099188,35.808713750000045,-86.48408854387709,10208,-0.1,35.8,-86.5,1.7314143468666412
2024-05-10 20:59:00,685084900,-0.1811925385250048,-0.3372084106539752,-0.025176666396034414,35.808713750000045,-86.48408854387709,10208,-0.1,35.8,-86.5,1.7314143468666412
2024-05-10 21:00:00,685084900,-0.11331122364064712,-0.23722412168954785,0.010601674408253603,35.808713750000045,-86.48408854387709,10208,-1.1,35.8,-86.5,1.7314143468666412
2024-05-10 21:01:00,685084900,0.2853907679421195,0.008151260014902628,0.5626302758693363,35.808713750000045,-86.48408854387709,10208,-0.1,35.8,-86.5,1.7314143468666412
2024-05-10 21:02:00,685084900,0.14119264176810598,-0.016897950595123334,0.2992832341313353,35.808713750000045,-86.48408854387709,10208,0.5,35.8,-86.5,1.7314143468666412
2024-05-10 21:03:00,685084900,0.3344341680838425,0.01722072229823962,0.6516476138694454,35.808713750000045,-86.48408854387709,10208,1.3,35.8,-86.5,1.7314143468666412
2024-05-10 21:04:00,685084900,0.0030550452070742867,-0.04880456217811013,0.0549146525922587,35.808713750000045,-86.48408854387709,10208,1.7,35.8,-86.5,1.7314143468666412
2024-05-10 21:05:00,685084900,-0.13986364081151229,-0.245179126504087,-0.03454815511893758,35.808713750000045,-86.48408854387709,10208,0.9,35.8,-86.5,1.7314143468666412
2024-05-10 21:06:00,685084900,-0.07644697228132195,-0.22143056350213158,0.06853661893948766,35.808713750000045,-86.48408854387709,10208,0.4,35.8,-86.5,1.7314143468666412
2024-05-10 21:07:00,685084900,0.4240387497769159,0.051898105813137974,0.7961793937406938,35.808713750000045,-86.48408854387709,10208,-0.2,35.8,-86.5,1.7314143468666412
2024-05-10 21:08:00,685084900,0.11022507414853083,-0.03401465096960213,0.25446479926666377,35.808713750000045,-86.48408854387709,10208,0.6,35.8,-86.5,1.7314143468666412
2024-05-10 21:09:00,685084900,-0.11526580552727726,-0.2096664307699167,-0.020865180284637838,35.808713750000045,-86.48408854387709,10208,0.6,35.8,-86.5,1.7314143468666412
2024-05-10 21:10:00,685084900,-0.1417341556978771,-0.27217970061094954,-0.011288610784804615,35.808713750000045,-86.48408854387709,10208,1.0,35.8,-86.5,1.7314143468666412
2024-05-10 21:11:00,685084900,-0.10095153916339066,-0.23082626271936219,0.02892318439258089,35.808713750000045,-86.48408854387709,10208,1.8,35.8,-86.5,1.7314143468666412
2024-05-10 21:12:00,685084900,-0.41422952832835747,-0.7784105407064577,-0.05004851595025733,35.808713750000045,-86.48408854387709,10208,0.4,35.8,-86.5,1.7314143468666412
2024-05-10 21:13:00,685084900,-0.0036659993496851867,-0.03356620313071808,0.0262342044313477,35.808713750000045,-86.48408854387709,10208,0.2,35.8,-86.5,1.7314143468666412
2024-05-10 21:14:00,685084900,-0.05072596126061281,-0.08637367648766456,-0.015078246033561067,35.808713750000045,-86.48408854387709,10208,0.4,35.8,-86.5,1.7314143468666412
2024-05-10 21:15:00,685084900,-0.03597245155442218,-0.08168445436857548,0.009739551259731125,35.808713750000045,-86.48408854387709,10208,0.2,35.8,-86.5,1.7314143468666412
2024-05-10 21:16:00,685084900,-0.03864419568522953,-0.10274231246103135,0.02545392109057229,35.808713750000045,-86.48408854387709,10208,0.9,35.8,-86.5,1.7314143468666412
2024-05-10 21:17:00,685084900,0.075710828623358,-0.028394137223422808,0.1798157944701388,35.808713750000045,-86.48408854387709,10208,1.8,35.8,-86.5,1.7314143468666412
2024-05-10 21:18:00,685084900,-0.22800547658154527,-0.4075122181036067,-0.04849873505948385,35.808713750000045,-86.48408854387709,10208,1.5,35.8,-86.5,1.7314143468666412
2024-05-10 21:19:00,685084900,-0.1481872528450715,-0.2842326293821098,-0.012141876308033206,35.808713750000045,-86.48408854387709,10208,0.9,35.8,-86.5,1.7314143468666412
2024-05-10 21:20:00,685084900,0.14246619365002056,-0.017236133859771213,0.3021685211598123,35.808713750000045,-86.48408854387709,10208,0.3,35.8,-86.5,1.7314143468666412
2024-05-10 21:21:00,685084900,0.38351440942760434,0.008586001087397155,0.7584428177678115,35.808713750000045,-86.48408854387709,10208,0.2,35.8,-86.5,1.7314143468666412
2024-05-10 21:22:00,685084900,0.3630200958765026,0.0177432392331745,0.7082969525198306,35.808713750000045,-86.48408854387709,10208,0.9,35.8,-86.5,1.7314143468666412
2024-05-10 21:23:00,685084900,0.25906881519669084,0.00971557070102888,0.5084220596923528,35.808713750000045,-86.48408854387709,10208,0.6,35.8,-86.5,1.7314143468666412
2024-05-10 21:24:00,685084900,0.08042446847080623,-0.02988359906728455,0.190732536008897,35.808713750000045,-86.48408854387709,10208,0.7,35.8,-86.5,1.7314143468666412
2024-05-10 21:25:00,685084900,0.23987485966429103,0.03577293856332406,0.44397678076525804,35.808713750000045,-86.48408854387709,10208,0.5,35.8,-86.5,1.7314143468666412
2024-05-10 21:26:00,685084900,0.1828796922879966,0.007075388379052416,0.3586839961969408,35.808713750000045,-86.48408854387709,10208,0.7,35.8,-86.5,1.7314143468666412
2024-05-10 21:27:00,685084900,0.22548298781240395,0.013652938243317703,0.4373130373814902,35.808713750000045,-86.48408854387709,10208,1.2,35.8,-86.5,1.7314143468666412
2024-05-10 21:28:00,685084900,0.07443407127820331,-0.029958901993119694,0.1788270445495263,35.808713750000045,-86.48408854387709,10208,1.5,35.8,-86.5,1.7314143468666412
2024-05-10 21:29:00,685084900,-0.006619557207193484,-0.07649524325858692,0.06325612884419995,35.808713750000045,-86.48408854387709,10208,1.6,35.8,-86.5,1.7314143468666412
2024-05-10 21:30:00,685084900,-0.059432994381405,-0.20486599411324236,0.08600000535043234,35.808713750000045,-86.48408854387709,10208,1.3,35.8,-86.5,1.7314143468666412
2024-05-10 21:31:00,685084900,0.11921048180401204,-0.03705981010235372,0.2754807737103778,35.808713750000045,-86.48408854387709,10208,0.9,35.8,-86.5,1.7314143468666412
2024-05-10 21:32:00,685084900,0.1408887650233912,-0.03611201824617047,0.3178895482929529,35.808713750000045,-86.48408854387709,10208,0.4,35.8,-86.5,1.7314143468666412
2024-05-10 21:33:00,685084900,0.25687333731019585,0.009455000495057042,0.5042916741253347,35.808713750000045,-86.48408854387709,10208,-0.2,35.8,-86.5,1.7314143468666412
2024-05-10 21:34:00,685084900,0.17398711828553765,-0.028674873185098676,0.37664910975617394,35.808713750000045,-86.48408854387709,10208,-0.2,35.8,-86.5,1.7314143468666412
2024-05-10 21:35:00,685084900,0.3175430349158856,0.03875558062637213,0.5963304892053991,35.808713750000045,-86.48408854387709,10208,-1.3,35.8,-86.5,1.7314143468666412
2024-05-10 21:36:00,685084900,0.5131197726077174,0.06418752805772593,0.9620520171577087,35.808713750000045,-86.48408854387709,10208,-1.1,35.8,-86.5,1.7314143468666412
2024-05-10 21:37:00,685084900,0.8357352928259105,0.12363133855085151,1.5478392471009697,35.808713750000045,-86.48408854387709,10208,-0.7,35.8,-86.5,1.7314143468666412
2024-05-10 21:38:00,685084900,0.8531798136338501,0.1173434050862815,1.5890162221814186,35.808713750000045,-86.48408854387709,10208,1.0,35.8,-86.5,1.7314143468666412
2024-05-10 21:39:00,685084900,0.703029810861204,0.1251022385739583,1.2809573831484498,35.808713750000045,-86.48408854387709,10208,2.3,35.8,-86.5,1.7314143468666412
2024-05-10 21:40:00,685084900,0.25779461588086744,0.0828872433363908,0.4327019884253441,35.808713750000045,-86.48408854387709,10208,3.0,35.8,-86.5,1.7314143468666412
2024-05-10 21:41:00,685084900,0.31261848906341944,0.10804912311871465,0.5171878550081243,35.808713750000045,-86.48408854387709,10208,2.3,35.8,-86.5,1.7314143468666412
2024-05-10 21:42:00,685084900,-0.35362124972160663,-0.826757748703749,0.1195152492605357,35.808713750000045,-86.48408854387709,10208,4.5,35.8,-86.5,1.7314143468666412
2024-05-10 21:43:00,685084900,-0.9873662779775336,-1.9945794595456494,0.019846903590582166,35.808713750000045,-86.48408854387709,10208,2.0,35.8,-86.5,1.7314143468666412
2024-05-10 21:44:00,685084900,-0.44205358642496034,-0.9926522030217115,0.10854503017179079,35.808713750000045,-86.48408854387709,10208,0.6,35.8,-86.5,1.7314143468666412
2024-05-10 21:45:00,685084900,-0.49243538092669015,-0.9960188376094833,0.011148075756102993,35.808713750000045,-86.48408854387709,10208,-0.4,35.8,-86.5,1.7314143468666412
2024-05-10 21:46:00,685084900,-0.37622526290036723,-0.7644675777510241,0.012017051950289681,35.808713750000045,-86.48408854387709,10208,-0.4,35.8,-86.5,1.7314143468666412
2024-05-10 21:47:00,685084900,-0.3109018291173241,-0.6155627912443544,-0.0062408669902937475,35.808713750000045,-86.48408854387709,10208,0.3,35.8,-86.5,1.7314143468666412
2024-05-10 21:48:00,685084900,-0.061769718440811985,-0.19194582416651468,0.0684063872848907,35.808713750000045,-86.48408854387709,10208,0.2,35.8,-86.5,1.7314143468666412
2024-05-10 21:49:00,685084900,-0.18773105890861516,-0.3647507230018477,-0.010711394815382635,35.808713750000045,-86.48408854387709,10208,-0.7,35.8,-86.5,1.7314143468666412
2024-05-10 21:50:00,685084900,-0.07070018432247775,-0.1404546820566426,-0.0009456865883128995,35.808713750000045,-86.48408854387709,10208,-0.6,35.8,-86.5,1.7314143468666412
2024-05-10 21:51:00,685084900,0.023222660529348942,-0.014605451104240417,0.061050772162938305,35.808713750000045,-86.48408854387709,10208,-0.3,35.8,-86.5,1.7314143468666412
2024-05-10 21:52:00,685084900,0.09430843146759628,0.015937665484665506,0.17267919745052707,35.808713750000045,-86.48408854387709,10208,-0.3,35.8,-86.5,1.7314143468666412
2024-05-10 21:53:00,685084900,0.04724332576000057,0.006211926075922809,0.08827472544407833,35.808713750000045,-86.48408854387709,10208,-0.5,35.8,-86.5,1.7314143468666412
2024-05-10 21:54:00,685084900,-0.003290295921561697,-0.03899746049591084,0.03241686865278745,35.808713750000045,-86.48408854387709,10208,-0.6,35.8,-86.5,1.7314143468666412
2024-05-10 21:55:00,685084900,0.12887395718952274,-0.009840008830679842,0.26758792320972535,35.808713750000045,-86.48408854387709,10208,-0.9,35.8,-86.5,1.7314143468666412
2024-05-10 21:56:00,685084900,0.13072532050627225,-0.016891662901593996,0.2783423039141385,35.808713750000045,-86.48408854387709,10208,-0.7,35.8,-86.5,1.7314143468666412
2024-05-10 21:57:00,685084900,0.23630998787177676,0.04048659185981138,0.4321333838837421,35.808713750000045,-86.48408854387709,10208,-0.5,35.8,-86.5,1.7314143468666412
2024-05-10 21:58:00,685084900,-0.008793065110227769,-0.05856404228024345,0.040977912059787916,35.808713750000045,-86.48408854387709,10208,0.1,35.8,-86.5,1.7314143468666412
2024-05-10 21:59:00,685084900,-0.19442690982061822,-0.4102738415967536,0.02142002195551715,35.808713750000045,-86.48408854387709,10208,0.1,35.8,-86.5,1.7314143468666412
2024-05-10 22:00:00,685084900,-0.23449497954029322,-0.4940546168632419,0.02506465778265546,35.808713750000045,-86.48408854387709,10208,-0.1,35.8,-86.5,1.7314143468666412
2024-05-10 22:01:00,685084900,-0.05885736150234917,-0.17072468458416812,0.05300996157946977,35.808713750000045,-86.48408854387709,10208,-0.7,35.8,-86.5,1.7314143468666412
2024-05-10 22:02:00,685084900,0.07977757970198097,0.030677654879403327,0.12887750452455862,35.808713750000045,-86.48408854387709,10208,-0.2,35.8,-86.5,1.7314143468666412
2024-05-10 22:03:00,685084900,0.31730550267027785,0.07156438938752438,0.5630466159530313,35.808713750000045,-86.48408854387709,10208,-0.1,35.8,-86.5,1.7314143468666412
2024-05-10 22:04:00,685084900,0.920216738015273,0.12510038159349157,1.7153330944370544,35.808713750000045,-86.48408854387709,10208,-0.3,35.8,-86.5,1.7314143468666412
2024-05-10 22:05:00,685084900,0.7396997119567502,0.10647382307623132,1.3729256008372692,35.808713750000045,-86.48408854387709,10208,0.9,35.8,-86.5,1.7314143468666412
2024-05-10 22:06:00,685084900,0.4993957847897928,0.08566612522332079,0.9131254443562649,35.808713750000045,-86.48408854387709,10208,1.4,35.8,-86.5,1.7314143468666412
2024-05-10 22:07:00,685084900,0.44867738622422976,0.10555342007414015,0.7918013523743194,35.808713750000045,-86.48408854387709,10208,0.9,35.8,-86.5,1.7314143468666412
2024-05-10 22:08:00,685084900,0.5985705972760014,0.13514301003392842,1.0619981845180744,35.808713750000045,-86.48408854387709,10208,0.9,35.8,-86.5,1.7314143468666412
2024-05-10 22:09:00,685084900,0.22156695511490207,0.06577483250085259,0.37735907772895155,35.808713750000045,-86.48408854387709,10208,1.0,35.8,-86.5,1.7314143468666412
2024-05-10 22:10:00,685084900,-0.0009376690463083417,-0.0980807219538257,0.096205383861209,35.808713750000045,-86.48408854387709,10208,0.5,35.8,-86.5,1.7314143468666412
2024-05-10 22:11:00,685084900,-0.111612096238473,-0.30039997587863265,0.07717578340168664,35.808713750000045,-86.48408854387709,10208,0.3,35.8,-86.5,1.7314143468666412
2024-05-10 22:12:00,685084900,-0.23860205670852508,-0.534243729310113,0.05703961589306289,35.808713750000045,-86.48408854387709,10208,-0.3,35.8,-86.5,1.7314143468666412
2024-05-10 22:13:00,685084900,-0.1060201061116663,-0.3049741504256802,0.09293393820234759,35.808713750000045,-86.48408854387709,10208,-0.5,35.8,-86.5,1.7314143468666412
2024-05-10 22:14:00,685084900,0.1366495518533672,0.05600620668307858,0.21729289702365578,35.808713750000045,-86.48408854387709,10208,-0.4,35.8,-86.5,1.7314143468666412
2024-05-10 22:15:00,685084900,0.09997991627306448,0.05401015869614377,0.1459496738499852,35.808713750000045,-86.48408854387709,10208,-0.5,35.8,-86.5,1.7314143468666412
2024-05-10 22:16:00,685084900,-0.17741822330600557,-0.3931236780540839,0.038287231442072744,35.808713750000045,-86.48408854387709,10208,-0.2,35.8,-86.5,1.7314143468666412
2024-05-10 22:17:00,685084900,-0.45919520693011306,-0.9334720386037594,0.015081624743533195,35.808713750000045,-86.48408854387709,10208,-0.9,35.8,-86.5,1.7314143468666412
2024-05-10 22:18:00,685084900,-0.08309857630457106,-0.24912332336928322,0.08292617076014112,35.808713750000045,-86.48408854387709,10208,-1.5,35.8,-86.5,1.7314143468666412
2024-05-10 22:19:00,685084900,-0.008997750386505538,-0.08626742696494491,0.06827192619193384,35.808713750000045,-86.48408854387709,10208,-1.4,35.8,-86.5,1.7314143468666412
2024-05-10 22:20:00,685084900,0.10044059419920562,0.059692870758976814,0.14118831763943443,35.808713750000045,-86.48408854387709,10208,-1.8,35.8,-86.5,1.7314143468666412
2024-05-10 22:21:00,685084900,0.029787882751639287,-0.0013074066690580526,0.06088317217233663,35.808713750000045,-86.48408854387709,10208,-1.2,35.8,-86.5,1.7314143468666412
2024-05-10 22:22:00,685084900,-0.14479562658227846,-0.32852137256903363,0.038930119404476715,35.808713750000045,-86.48408854387709,10208,-1.2,35.8,-86.5,1.7314143468666412
2024-05-10 22:23:00,685084900,0.04433893684420557,-0.027587442367001246,0.11626531605541238,35.808713750000045,-86.48408854387709,10208,-1.3,35.8,-86.5,1.7314143468666412
2024-05-10 22:24:00,685084900,-0.06945289532129766,-0.18793809394394112,0.04903230330134581,35.808713750000045,-86.48408854387709,10208,-0.9,35.8,-86.5,1.7314143468666412
2024-05-10 22:25:00,685084900,0.28430345095318277,0.07050727652797434,0.4980996253783912,35.808713750000045,-86.48408854387709,10208,-0.2,35.8,-86.5,1.7314143468666412
2024-05-10 22:26:00,685084900,0.6233808110845754,0.10788705742473192,1.138874564744419,35.808713750000045,-86.48408854387709,10208,-0.3,35.8,-86.5,1.7314143468666412
2024-05-10 22:27:00,685084900,0.2114223693149877,0.05174798959309754,0.37109674903687784,35.808713750000045,-86.48408854387709,10208,0.2,35.8,-86.5,1.7314143468666412
2024-05-10 22:28:00,685084900,0.07250847268120587,0.04627879549665413,0.09873814986575762,35.808713750000045,-86.48408854387709,10208,0.2,35.8,-86.5,1.7314143468666412
2024-05-10 22:29:00,685084900,-0.14116842761164797,-0.33050244314931565,0.04816558792601969,35.808713750000045,-86.48408854387709,10208,0.2,35.8,-86.5,1.7314143468666412
2024-05-10 22:30:00,685084900,0.05153922531215152,0.010001108124934113,0.09307734249936893,35.808713750000045,-86.48408854387709,10208,0.3,35.8,-86.5,1.7314143468666412
2024-05-10 22:31:00,685084900,0.39810971822527,0.09177585549854528,0.7044435809519948,35.808713750000045,-86.48408854387709,10208,0.5,35.8,-86.5,1.7314143468666412
2024-05-10 22:32:00,685084900,0.5290100441415115,0.08348671274754055,0.9745333755354826,35.808713750000045,-86.48408854387709,10208,1.0,35.8,-86.5,1.7314143468666412
2024-05-10 22:33:00,685084900,0.4967204891120177,0.08947283718067317,0.9039681410433622,35.808713750000045,-86.48408854387709,10208,1.3,35.8,-86.5,1.7314143468666412
2024-05-10 22:34:00,685084900,1.1630804979648859,0.1818916105169932,2.1442693854127786,35.808713750000045,-86.48408854387709,10208,1.0,35.8,-86.5,1.7314143468666412
2024-05-10 22:35:00,685084900,1.8558908884526903,0.20401877117891432,3.507763005726466,35.808713750000045,-86.48408854387709,10208,3.6,35.8,-86.5,1.7314143468666412
2024-05-10 22:36:00,685084900,0.2462326927159405,0.014577865959431668,0.47788751947244934,35.808713750000045,-86.48408854387709,10208,1.0,35.8,-86.5,1.7314143468666412
2024-05-10 22:37:00,685084900,-1.1628038589795644,-2.298301035561808,-0.027306682397320925,35.808713750000045,-86.48408854387709,10208,-0.2,35.8,-86.5,1.7314143468666412
2024-05-10 22:38:00,685084900,-0.8388591733007681,-1.729221416525823,0.05150306992428677,35.808713750000045,-86.48408854387709,10208,-4.3,35.8,-86.5,1.7314143468666412
2024-05-10 22:39:00,685084900,-0.10168193472097124,-0.316044341695888,0.11268047225394552,35.808713750000045,-86.48408854387709,10208,-2.4,35.8,-86.5,1.7314143468666412
2024-05-10 22:40:00,685084900,-0.14732434097038632,-0.3501598962021406,0.055511214261367986,35.808713750000045,-86.48408854387709,10208,-1.6,35.8,-86.5,1.7314143468666412
2024-05-10 22:41:00,685084900,-0.2531579501210401,-0.5319038642621627,0.025587964020082565,35.808713750000045,-86.48408854387709,10208,-1.6,35.8,-86.5,1.7314143468666412
2024-05-10 22:42:00,685084900,-0.34737760265481177,-0.7159386594846622,0.021183454175038585,35.808713750000045,-86.48408854387709,10208,-2.3,35.8,-86.5,1.7314143468666412
2024-05-10 22:43:00,685084900,-0.18497218296843723,-0.42168682093491217,0.05174245499803773,35.808713750000045,-86.48408854387709,10208,-1.3,35.8,-86.5,1.7314143468666412
2024-05-10 22:44:00,685084900,-0.3367678896244052,-0.6874244432016645,0.013888663952854097,35.808713750000045,-86.48408854387709,10208,-0.9,35.8,-86.5,1.7314143468666412
2024-05-10 22:45:00,685084900,-0.19796063183295143,-0.45071010948204027,0.05478884581613741,35.808713750000045,-86.48408854387709,10208,-1.6,35.8,-86.5,1.7314143468666412
2024-05-10 22:46:00,685084900,-0.1553339251513119,-0.3456921641218663,0.035024313819242536,35.808713750000045,-86.48408854387709,10208,-1.0,35.8,-86.5,1.7314143468666412
2024-05-10 22:47:00,685084900,-0.19812353361190047,-0.4057975489309309,0.009550481707129965,35.808713750000045,-86.48408854387709,10208,-1.1,35.8,-86.5,1.7314143468666412
2024-05-10 22:48:00,685084900,-0.48722329745776877,-0.9782194767073412,0.003772881791803684,35.808713750000045,-86.48408854387709,10208,-1.3,35.8,-86.5,1.7314143468666412
2024-05-10 22:49:00,685084900,-0.4314422094348941,-0.8544437656473578,-0.008440653222430428,35.808713750000045,-86.48408854387709,10208,-1.0,35.8,-86.5,1.7314143468666412
2024-05-10 22:50:00,685084900,-0.07476675502389729,-0.20498042319354662,0.055446913145752036,35.808713750000045,-86.48408854387709,10208,-0.3,35.8,-86.5,1.7314143468666412
2024-05-10 22:51:00,685084900,-0.2035937164963374,-0.39944890738544725,-0.00773852560722757,35.808713750000045,-86.48408854387709,10208,-1.4,35.8,-86.5,1.7314143468666412
2024-05-10 22:52:00,685084900,-0.4431536250573,-0.8626385836665682,-0.02366866644803184,35.808713750000045,-86.48408854387709,10208,-0.7,35.8,-86.5,1.7314143468666412
2024-05-10 22:53:00,685084900,-0.7136060333765026,-1.378765284883451,-0.0484467818695542,35.808713750000045,-86.48408854387709,10208,-1.1,35.8,-86.5,1.7314143468666412
2024-05-10 22:54:00,685084900,-0.5659889196820442,-1.0814485890628727,-0.0505292503012158,35.808713750000045,-86.48408854387709,10208,-1.9,35.8,-86.5,1.7314143468666412
2024-05-10 22:55:00,685084900,-0.4490125588145766,-0.8505882245558347,-0.04743689307331844,35.808713750000045,-86.48408854387709,10208,-1.7,35.8,-86.5,1.7314143468666412
2024-05-10 22:56:00,685084900,-0.37519651719524943,-0.6915221212462868,-0.05887091314421211,35.808713750000045,-86.48408854387709,10208,-0.9,35.8,-86.5,1.7314143468666412
2024-05-10 22:57:00,685084900,-0.35918474999064154,-0.6642337716682787,-0.054135728313004394,35.808713750000045,-86.48408854387709,10208,-1.0,35.8,-86.5,1.7314143468666412
2024-05-10 22:58:00,685084900,-0.16403036111140298,-0.3193180102652632,-0.00874271195754281,35.808713750000045,-86.48408854387709,10208,-0.3,35.8,-86.5,1.7314143468666412
2024-05-10 22:59:00,685084900,-0.23500601493358292,-0.4267033341074852,-0.04330869575968063,35.808713750000045,-86.48408854387709,10208,-0.5,35.8,-86.5,1.7314143468666412
2024-05-10 23:00:00,685084900,-0.2023835352145351,-0.35768405156445116,-0.04708301886461899,35.808713750000045,-86.48408854387709,10208,0.0,35.8,-86.5,1.7314143468666412
2024-05-10 23:01:00,685084900,-0.0034927887730576003,-0.19338707635007438,0.1864014988039592,35.808713750000045,-86.48408854387709,10208,0.0,35.8,-86.5,1.7314143468666412
2024-05-10 23:02:00,685084900,0.34434089872287116,-0.1644612339457358,0.8531430313914781,35.808713750000045,-86.48408854387709,10208,0.1,35.8,-86.5,1.7314143468666412
2024-05-10 23:03:00,685084900,0.3803378774082412,-0.10213389648048332,0.8628096512969657,35.808713750000045,-86.48408854387709,10208,-0.1,35.8,-86.5,1.7314143468666412
2024-05-10 23:04:00,685084900,0.3199210587009617,0.039784856765350984,0.6000572606365724,35.808713750000045,-86.48408854387709,10208,0.4,35.8,-86.5,1.7314143468666412
2024-05-10 23:05:00,685084900,0.14188966241232404,-0.009025127160377983,0.292804451985026,35.808713750000045,-86.48408854387709,10208,-0.8,35.8,-86.5,1.7314143468666412
2024-05-10 23:06:00,685084900,0.2655773547646498,0.06734043237600387,0.4638142771532957,35.808713750000045,-86.48408854387709,10208,-0.2,35.8,-86.5,1.7314143468666412
2024-05-10 23:07:00,685084900,0.1241767427307211,0.03865148030611151,0.2097020051553307,35.808713750000045,-86.48408854387709,10208,-0.5,35.8,-86.5,1.7314143468666412
2024-05-10 23:08:00,685084900,0.09123288470783246,0.031057229523719553,0.15140853989194536,35.808713750000045,-86.48408854387709,10208,-0.9,35.8,-86.5,1.7314143468666412
2024-05-10 23:09:00,685084900,0.014183538667131127,-0.03799368010955402,0.06636075744381628,35.808713750000045,-86.48408854387709,10208,-1.1,35.8,-86.5,1.7314143468666412
2024-05-10 23:10:00,685084900,-0.512436240169933,-1.051645801443164,0.026773321103297998,35.808713750000045,-86.48408854387709,10208,-0.1,35.8,-86.5,1.7314143468666412
2024-05-10 23:11:00,685084900,-0.8555321494604649,-1.7355566776501548,0.02449237872922505,35.808713750000045,-86.48408854387709,10208,-0.6,35.8,-86.5,1.7314143468666412
2024-05-10 23:12:00,685084900,-0.7017683068937957,-1.3763818586097563,-0.027154755177835055,35.808713750000045,-86.48408854387709,10208,-1.9,35.8,-86.5,1.7314143468666412
2024-05-10 23:13:00,685084900,-0.4537872084852987,-0.8940961237500257,-0.013478293220571702,35.808713750000045,-86.48408854387709,10208,-1.4,35.8,-86.5,1.7314143468666412
2024-05-10 23:14:00,685084900,-0.3790114414956478,-0.7172578205548712,-0.04076506243642436,35.808713750000045,-86.48408854387709,10208,-0.7,35.8,-86.5,1.7314143468666412
2024-05-10 23:15:00,685084900,-0.38844002760250296,-0.7122538756403364,-0.06462617956466954,35.808713750000045,-86.48408854387709,10208,-1.5,35.8,-86.5,1.7314143468666412
2024-05-10 23:16:00,685084900,-0.5095119534039064,-0.919106995109281,-0.09991691169853195,35.808713750000045,-86.48408854387709,10208,-0.9,35.8,-86.5,1.7314143468666412
2024-05-10 23:17:00,685084900,-0.4741222199450905,-0.8597729113837318,-0.08847152850644924,35.808713750000045,-86.48408854387709,10208,-0.1,35.8,-86.5,1.7314143468666412
2024-05-10 23:18:00,685084900,-0.4645332587831519,-0.8349601012338268,-0.0941064163324769,35.808713750000045,-86.48408854387709,10208,-0.7,35.8,-86.5,1.7314143468666412
2024-05-10 23:19:00,685084900,-0.3148208007607271,-0.558978347117896,-0.07066325440355825,35.808713750000045,-86.48408854387709,10208,-0.9,35.8,-86.5,1.7314143468666412
2024-05-10 23:20:00,685084900,-0.2684461263978569,-0.4719269840826398,-0.06496526871307409,35.808713750000045,-86.48408854387709,10208,-0.2,35.8,-86.5,1.7314143468666412
2024-05-10 23:21:00,685084900,-0.18692593808613453,-0.31850734122847024,-0.05534453494379882,35.808713750000045,-86.48408854387709,10208,0.2,35.8,-86.5,1.7314143468666412
2024-05-10 23:22:00,685084900,-0.2083052921872373,-0.34170246669091753,-0.0749081176835571,35.808713750000045,-86.48408854387709,10208,-0.3,35.8,-86.5,1.7314143468666412
2024-05-10 23:23:00,685084900,-0.2113111402335869,-0.3520601768509852,-0.07056210361618864,35.808713750000045,-86.48408854387709,10208,-0.1,35.8,-86.5,1.7314143468666412
2024-05-10 23:24:00,685084900,-0.22271307154477804,-0.3737169671521685,-0.07170917593738754,35.808713750000045,-86.48408854387709,10208,0.2,35.8,-86.5,1.7314143468666412
2024-05-10 23:25:00,685084900,-0.145937670134985,-0.23714567293405922,-0.05472966733591075,35.808713750000045,-86.48408854387709,10208,0.3,35.8,-86.5,1.7314143468666412
2024-05-10 23:26:00,685084900,-0.03599876273616337,-0.06214642324730528,-0.00985110222502146,35.808713750000045,-86.48408854387709,10208,0.2,35.8,-86.5,1.7314143468666412
2024-05-10 23:27:00,685084900,0.012221457297640032,-0.0411224198971203,0.06556533449240036,35.808713750000045,-86.48408854387709,10208,0.0,35.8,-86.5,1.7314143468666412
2024-05-10 23:28:00,685084900,-0.0858659077267881,-0.12837101925260505,-0.04336079620097114,35.808713750000045,-86.48408854387709,10208,-0.5,35.8,-86.5,1.7314143468666412
2024-05-10 23:29:00,685084900,-0.06252535189568956,-0.10592394063479997,-0.019126763156579143,35.808713750000045,-86.48408854387709,10208,0.1,35.8,-86.5,1.7314143468666412
2024-05-10 23:30:00,685084900,-0.08834553823105505,-0.13948283820688068,-0.03720823825522944,35.808713750000045,-86.48408854387709,10208,-0.1,35.8,-86.5,1.7314143468666412
2024-05-10 23:31:00,685084900,-0.16246642245489556,-0.28428934078640533,-0.0406435041233858,35.808713750000045,-86.48408854387709,10208,0.3,35.8,-86.5,1.7314143468666412
2024-05-10 23:32:00,685084900,-0.278634569672185,-0.4940746048814338,-0.06319453446293616,35.808713750000045,-86.48408854387709,10208,0.2,35.8,-86.5,1.7314143468666412
2024-05-10 23:33:00,685084900,-0.2501291730055973,-0.44576875924641657,-0.05448958676477797,35.808713750000045,-86.48408854387709,10208,-0.2,35.8,-86.5,1.7314143468666412
2024-05-10 23:34:00,685084900,-0.1320706074399762,-0.22334133670926365,-0.04079987817068875,35.808713750000045,-86.48408854387709,10208,-0.6,35.8,-86.5,1.7314143468666412
2024-05-10 23:35:00,685084900,-0.21859165735507702,-0.3807566579683046,-0.056426656741849435,35.808713750000045,-86.48408854387709,10208,-0.5,35.8,-86.5,1.7314143468666412
2024-05-10 23:36:00,685084900,-0.25140857247594384,-0.4530847750477113,-0.0497323699041764,35.808713750000045,-86.48408854387709,10208,-0.8,35.8,-86.5,1.7314143468666412
2024-05-10 23:37:00,685084900,-0.16718213495666256,-0.2909125750065904,-0.04345169490673473,35.808713750000045,-86.48408854387709,10208,-0.5,35.8,-86.5,1.7314143468666412
2024-05-10 23:38:00,685084900,-0.1754113885485733,-0.31439047432597356,-0.03643230277117307,35.808713750000045,-86.48408854387709,10208,-0.5,35.8,-86.5,1.7314143468666412
2024-05-10 23:39:00,685084900,-0.05868899092709529,-0.1255905757531664,0.008212593898975822,35.808713750000045,-86.48408854387709,10208,-0.3,35.8,-86.5,1.7314143468666412
2024-05-10 23:40:00,685084900,0.10097534254083075,-0.013929159083364478,0.21587984416502598,35.808713750000045,-86.48408854387709,10208,-0.2,35.8,-86.5,1.7314143468666412
2024-05-10 23:41:00,685084900,0.2540206639816397,-0.006599179356486851,0.5146405073197662,35.808713750000045,-86.48408854387709,10208,0.0,35.8,-86.5,1.7314143468666412
2024-05-10 23:42:00,685084900,0.02515795339893477,-0.07147959496904618,0.12179550176691573,35.808713750000045,-86.48408854387709,10208,-0.2,35.8,-86.5,1.7314143468666412
2024-05-10 23:43:00,685084900,-0.18184539625607807,-0.29928281850826466,-0.0644079740038915,35.808713750000045,-86.48408854387709,10208,-0.1,35.8,-86.5,1.7314143468666412
2024-05-10 23:44:00,685084900,-0.24636295295515234,-0.4465052203145534,-0.04622068559575129,35.808713750000045,-86.48408854387709,10208,-0.7,35.8,-86.5,1.7314143468666412
2024-05-10 23:45:00,685084900,-0.058765515274222295,-0.11099264733271566,-0.0065383832157289365,35.808713750000045,-86.48408854387709,10208,-0.7,35.8,-86.5,1.7314143468666412
2024-05-10 23:46:00,685084900,-0.5380198957139242,-0.979108607960826,-0.09693118346702234,35.808713750000045,-86.48408854387709,10208,-0.7,35.8,-86.5,1.7314143468666412
2024-05-10 23:47:00,685084900,-0.3423817617907649,-0.6489528949789624,-0.03581062860256745,35.808713750000045,-86.48408854387709,10208,-1.1,35.8,-86.5,1.7314143468666412
2024-05-10 23:48:00,685084900,-0.31000295291431174,-0.563789952823504,-0.0562159530051195,35.808713750000045,-86.48408854387709,10208,-1.1,35.8,-86.5,1.7314143468666412
2024-05-10 23:49:00,685084900,-0.21883602180814454,-0.38656715328993496,-0.0511048903263541,35.808713750000045,-86.48408854387709,10208,-0.6,35.8,-86.5,1.7314143468666412
2024-05-10 23:50:00,685084900,-0.3144294184650762,-0.5520471117649391,-0.07681172516521328,35.808713750000045,-86.48408854387709,10208,-0.7,35.8,-86.5,1.7314143468666412
2024-05-10 23:51:00,685084900,-0.08991343043519093,-0.1490555302160942,-0.030771330654287665,35.808713750000045,-86.48408854387709,10208,-0.3,35.8,-86.5,1.7314143468666412
2024-05-10 23:52:00,685084900,-0.1533809782437374,-0.24538769139243782,-0.06137426509503696,35.808713750000045,-86.48408854387709,10208,-0.2,35.8,-86.5,1.7314143468666412
2024-05-10 23:53:00,685084900,0.04211446905424712,-0.03881189498492846,0.1230408330934227,35.808713750000045,-86.48408854387709,10208,-0.2,35.8,-86.5,1.7314143468666412
2024-05-10 23:54:00,685084900,-0.21315168420500458,-0.34212190630954814,-0.08418146210046101,35.808713750000045,-86.48408854387709,10208,-0.4,35.8,-86.5,1.7314143468666412
2024-05-10 23:55:00,685084900,0.1321907580580259,-0.020805537786289935,0.2851870539023418,35.808713750000045,-86.48408854387709,10208,-0.1,35.8,-86.5,1.7314143468666412
2024-05-10 23:56:00,685084900,-0.21526562678549382,-0.33894059610709165,-0.091590657463896,35.808713750000045,-86.48408854387709,10208,-0.1,35.8,-86.5,1.7314143468666412
2024-05-10 23:57:00,685084900,0.16243470428610457,-0.011234444627680862,0.33610385319989,35.808713750000045,-86.48408854387709,10208,-0.1,35.8,-86.5,1.7314143468666412
2024-05-10 23:58:00,685084900,-0.3978420730878141,-0.67387988279348,-0.12180426338214828,35.808713750000045,-86.48408854387709,10208,0.0,35.8,-86.5,1.7314143468666412
2024-05-10 23:59:00,685084900,0.7674698101728653,0.12736353008312895,1.4075760902626016,35.808713750000045,-86.48408854387709,10208,-0.1,35.8,-86.5,1.7314143468666412
2024-05-11 00:00:00,685084900,2.0842943634053728,0.14859249991810475,4.019996226892641,35.808713750000045,-86.48408854387709,10208,0.1,35.8,-86.5,1.7314143468666412
2024-05-11 00:01:00,685084900,0.33465768830761783,-0.12650475731779004,0.7958201339330258,35.808713750000045,-86.48408854387709,10208,-0.1,35.8,-86.5,1.7314143468666412
2024-05-11 00:02:00,685084900,0.8455756776831498,0.05560476549415827,1.6355465898721413,35.808713750000045,-86.48408854387709,10208,-0.2,35.8,-86.5,1.7314143468666412
2024-05-11 00:03:00,685084900,0.3981683162850827,-0.02158265839310064,0.817919290963266,35.808713750000045,-86.48408854387709,10208,-0.1,35.8,-86.5,1.7314143468666412
2024-05-11 00:04:00,685084900,0.6187170165933533,0.04355584314613714,1.1938781900405695,35.808713750000045,-86.48408854387709,10208,0.0,35.8,-86.5,1.7314143468666412
2024-05-11 00:05:00,685084900,0.2806217267999091,-0.014625832737117483,0.5758692863369357,35.808713750000045,-86.48408854387709,10208,0.1,35.8,-86.5,1.7314143468666412
2024-05-11 00:06:00,685084900,0.47060401085325754,0.04798289112188797,0.893225130584627,35.808713750000045,-86.48408854387709,10208,-0.1,35.8,-86.5,1.7314143468666412
2024-05-11 00:07:00,685084900,0.2516454531189252,0.0003123247527808126,0.5029785814850696,35.808713750000045,-86.48408854387709,10208,0.0,35.8,-86.5,1.7314143468666412
2024-05-11 00:08:00,685084900,0.3537977304567646,0.024925385648623177,0.682670075264906,35.808713750000045,-86.48408854387709,10208,0.1,35.8,-86.5,1.7314143468666412
2024-05-11 00:09:00,685084900,0.25462305201086005,0.0042553913103163254,0.5049907127114037,35.808713750000045,-86.48408854387709,10208,0.2,35.8,-86.5,1.7314143468666412
2024-05-11 00:10:00,685084900,0.3007599677346902,0.02193364599677372,0.5795862894726067,35.808713750000045,-86.48408854387709,10208,-0.1,35.8,-86.5,1.7314143468666412
2024-05-11 00:11:00,685084900,0.2651859557941285,0.012807486900309084,0.5175644246879479,35.808713750000045,-86.48408854387709,10208,0.1,35.8,-86.5,1.7314143468666412
2024-05-11 00:12:00,685084900,0.3522409363408656,0.022451737217263734,0.6820301354644676,35.808713750000045,-86.48408854387709,10208,0.2,35.8,-86.5,1.7314143468666412
2024-05-11 00:13:00,685084900,0.1251765464726277,-0.013834135574356143,0.2641872285196115,35.808713750000045,-86.48408854387709,10208,-0.1,35.8,-86.5,1.7314143468666412
2024-05-11 00:14:00,685084900,0.21503179379574147,0.016543578444976725,0.4135200091465062,35.808713750000045,-86.48408854387709,10208,0.2,35.8,-86.5,1.7314143468666412
2024-05-11 00:15:00,685084900,0.10635067491460824,-0.008584893893298112,0.2212862437225146,35.808713750000045,-86.48408854387709,10208,-0.1,35.8,-86.5,1.7314143468666412
2024-05-11 00:16:00,685084900,0.16912297683028302,0.007841393767038435,0.33040455989352757,35.808713750000045,-86.48408854387709,10208,0.2,35.8,-86.5,1.7314143468666412
2024-05-11 00:17:00,685084900,0.15822619275912073,-0.01090544182887393,0.3273578273471154,35.808713750000045,-86.48408854387709,10208,0.1,35.8,-86.5,1.7314143468666412
2024-05-11 00:18:00,685084900,0.17177975073546953,-0.007059306699832346,0.3506188081707714,35.808713750000045,-86.48408854387709,10208,0.4,35.8,-86.5,1.7314143468666412
2024-05-11 00:19:00,685084900,0.0698895778284028,-0.025323698397188066,0.16510285405399366,35.808713750000045,-86.48408854387709,10208,0.3,35.8,-86.5,1.7314143468666412
2024-05-11 00:20:00,685084900,0.1241126224829514,-0.026745440445688856,0.27497068541159164,35.808713750000045,-86.48408854387709,10208,-0.3,35.8,-86.5,1.7314143468666412
2024-05-11 00:21:00,685084900,0.12701319822466606,-0.01739609153282709,0.2714224879821592,35.808713750000045,-86.48408854387709,10208,0.0,35.8,-86.5,1.7314143468666412
2024-05-11 00:22:00,685084900,0.1997664393237075,0.000884472588406432,0.39864840605900853,35.808713750000045,-86.48408854387709,10208,0.5,35.8,-86.5,1.7314143468666412
2024-05-11 00:23:00,685084900,0.1905852595510784,0.001582867374106539,0.3795876517280503,35.808713750000045,-86.48408854387709,10208,0.4,35.8,-86.5,1.7314143468666412
2024-05-11 00:24:00,685084900,0.5574736309756989,0.04289479319732159,1.0720524687540762,35.808713750000045,-86.48408854387709,10208,0.3,35.8,-86.5,1.7314143468666412
2024-05-11 00:25:00,685084900,0.30761149495579526,-0.02468700130433743,0.639909991215928,35.808713750000045,-86.48408854387709,10208,0.8,35.8,-86.5,1.7314143468666412
2024-05-11 00:26:00,685084900,0.14454341544027527,-0.02031335039935614,0.30940018127990665,35.808713750000045,-86.48408854387709,10208,1.0,35.8,-86.5,1.7314143468666412
2024-05-11 00:27:00,685084900,0.1735145439617411,-0.007861214031961411,0.3548903019554436,35.808713750000045,-86.48408854387709,10208,0.5,35.8,-86.5,1.7314143468666412
2024-05-11 00:28:00,685084900,0.3140526132929942,0.01109912526325918,0.6170061013227293,35.808713750000045,-86.48408854387709,10208,0.7,35.8,-86.5,1.7314143468666412
2024-05-11 00:29:00,685084900,0.4547273729500068,0.02043755706885042,0.8890171888311632,35.808713750000045,-86.48408854387709,10208,1.0,35.8,-86.5,1.7314143468666412
2024-05-11 00:30:00,685084900,0.5389580383506011,0.010769796935175657,1.0671462797660265,35.808713750000045,-86.48408854387709,10208,1.3,35.8,-86.5,1.7314143468666412
2024-05-11 00:31:00,685084900,0.2448085720457322,-0.04576215505318504,0.5353792991446494,35.808713750000045,-86.48408854387709,10208,0.9,35.8,-86.5,1.7314143468666412
2024-05-11 00:32:00,685084900,0.07092856675406471,-0.07701402541497844,0.21887115892310788,35.808713750000045,-86.48408854387709,10208,0.3,35.8,-86.5,1.7314143468666412
2024-05-11 00:33:00,685084900,-0.34149348663658446,-0.6369165313739598,-0.04607044189920917,35.808713750000045,-86.48408854387709,10208,0.1,35.8,-86.5,1.7314143468666412
2024-05-11 00:34:00,685084900,-0.045464793306593136,-0.13399884370599846,0.043069257092812195,35.808713750000045,-86.48408854387709,10208,-0.4,35.8,-86.5,1.7314143468666412
2024-05-11 00:35:00,685084900,0.11452368945985651,0.010482016485734477,0.21856536243397856,35.808713750000045,-86.48408854387709,10208,0.4,35.8,-86.5,1.7314143468666412
2024-05-11 00:36:00,685084900,-0.047183199985442584,-0.25198228269344874,0.15761588272256355,35.808713750000045,-86.48408854387709,10208,0.7,35.8,-86.5,1.7314143468666412
2024-05-11 00:37:00,685084900,-0.26980038112494154,-0.5273393861135909,-0.012261376136292135,35.808713750000045,-86.48408854387709,10208,1.2,35.8,-86.5,1.7314143468666412
2024-05-11 00:38:00,685084900,-0.27181437389114677,-0.514122273609347,-0.029506474172946467,35.808713750000045,-86.48408854387709,10208,0.1,35.8,-86.5,1.7314143468666412
2024-05-11 00:39:00,685084900,-0.20419643237114593,-0.40173178371914675,-0.006661081023145138,35.808713750000045,-86.48408854387709,10208,0.1,35.8,-86.5,1.7314143468666412
2024-05-11 00:40:00,685084900,-0.1455083848969922,-0.30501750647535825,0.01400073668137386,35.808713750000045,-86.48408854387709,10208,0.0,35.8,-86.5,1.7314143468666412
2024-05-11 00:41:00,685084900,-0.09981462181055394,-0.17279283400505513,-0.026836409616052742,35.808713750000045,-86.48408854387709,10208,0.0,35.8,-86.5,1.7314143468666412
2024-05-11 00:42:00,685084900,-0.07641352209053989,-0.11123931466085188,-0.0415877295202279,35.808713750000045,-86.48408854387709,10208,-0.2,35.8,-86.5,1.7314143468666412
2024-05-11 00:43:00,685084900,-0.05986517551527299,-0.08507988574762497,-0.03465046528292101,35.808713750000045,-86.48408854387709,10208,-0.5,35.8,-86.5,1.7314143468666412
2024-05-11 00:44:00,685084900,0.04156556815690616,-0.03859623884708554,0.12172737516089785,35.808713750000045,-86.48408854387709,10208,0.1,35.8,-86.5,1.7314143468666412
2024-05-11 00:45:00,685084900,-0.009233917337018688,-0.08674164285215064,0.06827380817811327,35.808713750000045,-86.48408854387709,10208,-0.8,35.8,-86.5,1.7314143468666412
2024-05-11 00:46:00,685084900,0.1539926181403919,-0.037636226768508196,0.345621463049292,35.808713750000045,-86.48408854387709,10208,-0.9,35.8,-86.5,1.7314143468666412
2024-05-11 00:47:00,685084900,0.18286780342609993,-0.02746712436226917,0.393202731214469,35.808713750000045,-86.48408854387709,10208,-0.2,35.8,-86.5,1.7314143468666412
2024-05-11 00:48:00,685084900,0.2843070706827334,0.0012641307252535539,0.5673500106402133,35.808713750000045,-86.48408854387709,10208,-0.3,35.8,-86.5,1.7314143468666412
2024-05-11 00:49:00,685084900,0.014288668754362147,-0.04892528283111772,0.07750262033984201,35.808713750000045,-86.48408854387709,10208,-0.5,35.8,-86.5,1.7314143468666412
2024-05-11 00:50:00,685084900,0.07178737304318088,-0.009458497048226114,0.15303324313458788,35.808713750000045,-86.48408854387709,10208,-1.2,35.8,-86.5,1.7314143468666412
2024-05-11 00:51:00,685084900,0.06993791426919656,-0.014914910990842661,0.15479073952923578,35.808713750000045,-86.48408854387709,10208,-0.5,35.8,-86.5,1.7314143468666412
2024-05-11 00:52:00,685084900,0.02633727450617705,-0.023342884060946218,0.07601743307330032,35.808713750000045,-86.48408854387709,10208,-0.2,35.8,-86.5,1.7314143468666412
2024-05-11 00:53:00,685084900,-0.03757081548078956,-0.07513315148225663,-8.479479322483219e-06,35.808713750000045,-86.48408854387709,10208,-0.3,35.8,-86.5,1.7314143468666412
2024-05-11 00:54:00,685084900,-0.18307390963381862,-0.33455496538148094,-0.03159285388615629,35.808713750000045,-86.48408854387709,10208,-0.1,35.8,-86.5,1.7314143468666412
2024-05-11 00:55:00,685084900,-0.15462006477196905,-0.2936238742474224,-0.015616255296515641,35.808713750000045,-86.48408854387709,10208,0.2,35.8,-86.5,1.7314143468666412
2024-05-11 00:56:00,685084900,-0.08361158807083674,-0.17178737137916902,0.004564195237495544,35.808713750000045,-86.48408854387709,10208,-0.1,35.8,-86.5,1.7314143468666412
2024-05-11 00:57:00,685084900,-0.05989075685076531,-0.11955156748113632,-0.0002299462203942948,35.808713750000045,-86.48408854387709,10208,0.1,35.8,-86.5,1.7314143468666412
2024-05-11 00:58:00,685084900,-0.08616435776321216,-0.1402789191168879,-0.03204979640953641,35.808713750000045,-86.48408854387709,10208,-0.1,35.8,-86.5,1.7314143468666412
2024-05-11 00:59:00,685084900,-0.20048349338164648,-0.357725448262049,-0.04324153850124396,35.808713750000045,-86.48408854387709,10208,-0.2,35.8,-86.5,1.7314143468666412
2024-05-11 01:00:00,685084900,-0.19338812231616678,-0.3589292081884158,-0.027847036443917755,35.808713750000045,-86.48408854387709,10208,-0.3,35.8,-86.5,1.7314143468666412
2024-05-11 01:01:00,685084900,-0.1048420904142871,-0.20457182156323123,-0.005112359265342967,35.808713750000045,-86.48408854387709,10208,-0.2,35.8,-86.5,1.7314143468666412
2024-05-11 01:02:00,685084900,0.06515252205374743,-0.0550348071502947,0.18533985125778957,35.808713750000045,-86.48408854387709,10208,-0.1,35.8,-86.5,1.7314143468666412
2024-05-11 01:03:00,685084900,0.05429935695825203,-0.06041098934070085,0.1690097032572049,35.808713750000045,-86.48408854387709,10208,-0.2,35.8,-86.5,1.7314143468666412
2024-05-11 01:04:00,685084900,0.0024045967141813934,-0.05312726095798975,0.057936454386352546,35.808713750000045,-86.48408854387709,10208,0.0,35.8,-86.5,1.7314143468666412
2024-05-11 01:05:00,685084900,-0.14478775568271374,-0.24303299772922332,-0.046542513636204166,35.808713750000045,-86.48408854387709,10208,-0.3,35.8,-86.5,1.7314143468666412
2024-05-11 01:06:00,685084900,-0.04904553212009986,-0.09646151852195134,-0.0016295457182483875,35.808713750000045,-86.48408854387709,10208,-0.3,35.8,-86.5,1.7314143468666412
2024-05-11 01:07:00,685084900,0.011184470558936113,-0.08312289486922286,0.10549183598709508,35.808713750000045,-86.48408854387709,10208,-0.6,35.8,-86.5,1.7314143468666412
2024-05-11 01:08:00,685084900,-0.03241919124374954,-0.0971644209116406,0.03232603842414152,35.808713750000045,-86.48408854387709,10208,-0.2,35.8,-86.5,1.7314143468666412
2024-05-11 01:09:00,685084900,-0.05938344428261896,-0.12150079524250826,0.0027339066772703313,35.808713750000045,-86.48408854387709,10208,-0.4,35.8,-86.5,1.7314143468666412
2024-05-11 01:10:00,685084900,-0.09592997667047107,-0.19317766002877512,0.001317706687832973,35.808713750000045,-86.48408854387709,10208,-0.5,35.8,-86.5,1.7314143468666412
2024-05-11 01:11:00,685084900,-0.18138921733822852,-0.3456799847644356,-0.01709844991202142,35.808713750000045,-86.48408854387709,10208,-0.7,35.8,-86.5,1.7314143468666412
2024-05-11 01:12:00,685084900,-0.12316075069598087,-0.2349030162458975,-0.01141848514606425,35.808713750000045,-86.48408854387709,10208,-0.7,35.8,-86.5,1.7314143468666412
2024-05-11 01:13:00,685084900,-0.07760733955244771,-0.149931731827877,-0.005282947277018432,35.808713750000045,-86.48408854387709,10208,-0.4,35.8,-86.5,1.7314143468666412
2024-05-11 01:14:00,685084900,-0.025143184354021474,-0.08142537868787963,0.03113900997983669,35.808713750000045,-86.48408854387709,10208,-0.1,35.8,-86.5,1.7314143468666412
2024-05-11 01:15:00,685084900,0.0323283507187413,-0.04610212805556852,0.11075882949305113,35.808713750000045,-86.48408854387709,10208,0.0,35.8,-86.5,1.7314143468666412
2024-05-11 01:16:00,685084900,0.010392832291070134,-0.042049334633856794,0.06283499921599707,35.808713750000045,-86.48408854387709,10208,0.2,35.8,-86.5,1.7314143468666412
2024-05-11 01:17:00,685084900,0.10027726580812855,-0.021859107508474473,0.22241363912473158,35.808713750000045,-86.48408854387709,10208,0.0,35.8,-86.5,1.7314143468666412
2024-05-11 01:18:00,685084900,0.1662560198719099,-0.02338577375728973,0.35589781350110955,35.808713750000045,-86.48408854387709,10208,0.2,35.8,-86.5,1.7314143468666412
2024-05-11 01:19:00,685084900,-0.008037480958452463,-0.07562751900665304,0.059552557089748125,35.808713750000045,-86.48408854387709,10208,0.2,35.8,-86.5,1.7314143468666412
2024-05-11 01:20:00,685084900,0.134326054894371,-0.009076956278585568,0.27772906606732756,35.808713750000045,-86.48408854387709,10208,0.3,35.8,-86.5,1.7314143468666412
2024-05-11 01:21:00,685084900,0.05640090433799266,-0.03356131957021048,0.1463631282461958,35.808713750000045,-86.48408854387709,10208,0.2,35.8,-86.5,1.7314143468666412
2024-05-11 01:22:00,685084900,0.07651657591590805,-0.01694680271832455,0.16997995455014064,35.808713750000045,-86.48408854387709,10208,0.3,35.8,-86.5,1.7314143468666412
2024-05-11 01:23:00,685084900,-0.06522224986801711,-0.13302935201439395,0.0025848522783597228,35.808713750000045,-86.48408854387709,10208,0.3,35.8,-86.5,1.7314143468666412
2024-05-11 01:24:00,685084900,-0.15022794111671267,-0.29796097463479126,-0.0024949075986340774,35.808713750000045,-86.48408854387709,10208,0.2,35.8,-86.5,1.7314143468666412
2024-05-11 01:25:00,685084900,-0.19090910413237971,-0.37380832117630713,-0.008009887088452267,35.808713750000045,-86.48408854387709,10208,-0.2,35.8,-86.5,1.7314143468666412
2024-05-11 01:26:00,685084900,-0.06297683683753254,-0.14662638505784398,0.020672711382778902,35.808713750000045,-86.48408854387709,10208,-0.1,35.8,-86.5,1.7314143468666412
2024-05-11 01:27:00,685084900,-0.30494534223770725,-0.5612326320837202,-0.048658052391694295,35.808713750000045,-86.48408854387709,10208,-0.4,35.8,-86.5,1.7314143468666412
2024-05-11 01:28:00,685084900,-0.3545986732221243,-0.6746537344691887,-0.034543611975059785,35.808713750000045,-86.48408854387709,10208,-0.8,35.8,-86.5,1.7314143468666412
2024-05-11 01:29:00,685084900,-0.3209491670732941,-0.6119897751232111,-0.029908559023377024,35.808713750000045,-86.48408854387709,10208,-1.4,35.8,-86.5,1.7314143468666412
2024-05-11 01:30:00,685084900,-0.11140196773936946,-0.24112753990286978,0.01832360442413085,35.808713750000045,-86.48408854387709,10208,-0.9,35.8,-86.5,1.7314143468666412
2024-05-11 01:31:00,685084900,-0.03951054731310015,-0.1457985986600954,0.0667775040338951,35.808713750000045,-86.48408854387709,10208,-0.2,35.8,-86.5,1.7314143468666412
2024-05-11 01:32:00,685084900,-0.21102039847665774,-0.4053857060969551,-0.016655090856360383,35.808713750000045,-86.48408854387709,10208,0.5,35.8,-86.5,1.7314143468666412
2024-05-11 01:33:00,685084900,-0.10807901368336784,-0.23630292298175637,0.020144895615020697,35.808713750000045,-86.48408854387709,10208,-0.2,35.8,-86.5,1.7314143468666412
2024-05-11 01:34:00,685084900,-0.06975939166409582,-0.18542955268889905,0.04591076936070741,35.808713750000045,-86.48408854387709,10208,-0.9,35.8,-86.5,1.7314143468666412
2024-05-11 01:35:00,685084900,-0.05195397928246894,-0.17951373093268178,0.07560577236774388,35.808713750000045,-86.48408854387709,10208,-0.9,35.8,-86.5,1.7314143468666412
2024-05-11 01:36:00,685084900,-0.059826319860626406,-0.15600439599048543,0.03635175626923261,35.808713750000045,-86.48408854387709,10208,-1.0,35.8,-86.5,1.7314143468666412
2024-05-11 01:37:00,685084900,-0.10224418473388015,-0.23438978758820572,0.02990141812044543,35.808713750000045,-86.48408854387709,10208,-0.9,35.8,-86.5,1.7314143468666412
2024-05-11 01:38:00,685084900,-0.04596761271868605,-0.14510442385858316,0.05316919842121106,35.808713750000045,-86.48408854387709,10208,-0.8,35.8,-86.5,1.7314143468666412
2024-05-11 01:39:00,685084900,-0.13226401188586812,-0.2960574350876819,0.03152941131594569,35.808713750000045,-86.48408854387709,10208,0.1,35.8,-86.5,1.7314143468666412
2024-05-11 01:40:00,685084900,-0.006290993757831545,-0.08013567066111243,0.06755368314544935,35.808713750000045,-86.48408854387709,10208,-1.1,35.8,-86.5,1.7314143468666412
2024-05-11 01:41:00,685084900,-0.036092838747195134,-0.1078419444666451,0.035656266972254845,35.808713750000045,-86.48408854387709,10208,-0.8,35.8,-86.5,1.7314143468666412
2024-05-11 01:42:00,685084900,0.05679496246933055,0.03073013053463808,0.08285979440402302,35.808713750000045,-86.48408854387709,10208,-0.6,35.8,-86.5,1.7314143468666412
2024-05-11 01:43:00,685084900,-0.12138167049713237,-0.2572082608262729,0.014444919832008143,35.808713750000045,-86.48408854387709,10208,-0.7,35.8,-86.5,1.7314143468666412
2024-05-11 01:44:00,685084900,-0.06818844491231338,-0.18773048744960316,0.051353597624976405,35.808713750000045,-86.48408854387709,10208,-0.5,35.8,-86.5,1.7314143468666412
2024-05-11 01:45:00,685084900,-0.05160732804806985,-0.13751557694125066,0.03430092084511095,35.808713750000045,-86.48408854387709,10208,-0.5,35.8,-86.5,1.7314143468666412
2024-05-11 01:46:00,685084900,-0.01220230588836003,-0.09244670567198345,0.06804209389526338,35.808713750000045,-86.48408854387709,10208,-0.9,35.8,-86.5,1.7314143468666412
2024-05-11 01:47:00,685084900,-0.07098782527502864,-0.17561677370118445,0.033641123151127175,35.808713750000045,-86.48408854387709,10208,-1.1,35.8,-86.5,1.7314143468666412
2024-05-11 01:48:00,685084900,0.02130874829077448,0.000228773702133922,0.04238872287941504,35.808713750000045,-86.48408854387709,10208,-0.7,35.8,-86.5,1.7314143468666412
2024-05-11 01:49:00,685084900,0.06567947064459365,0.02487729276836618,0.10648164852082112,35.808713750000045,-86.48408854387709,10208,-1.6,35.8,-86.5,1.7314143468666412
2024-05-11 01:50:00,685084900,0.07677433526026937,0.025287663166228803,0.12826100735430995,35.808713750000045,-86.48408854387709,10208,-0.1,35.8,-86.5,1.7314143468666412
2024-05-11 01:51:00,685084900,-0.03275117252044575,-0.0801598766515171,0.014657531610625593,35.808713750000045,-86.48408854387709,10208,-0.1,35.8,-86.5,1.7314143468666412
2024-05-11 01:52:00,685084900,-0.037623570601893655,-0.09532013362286121,0.02007299241907389,35.808713750000045,-86.48408854387709,10208,-0.7,35.8,-86.5,1.7314143468666412
2024-05-11 01:53:00,685084900,-0.02336961179270228,-0.06622228437645089,0.019483060791046326,35.808713750000045,-86.48408854387709,10208,-0.7,35.8,-86.5,1.7314143468666412
2024-05-11 01:54:00,685084900,0.04599964626699626,0.02338996591953994,0.06860932661445257,35.808713750000045,-86.48408854387709,10208,-0.5,35.8,-86.5,1.7314143468666412
2024-05-11 01:55:00,685084900,0.08417226904257881,0.026466906002445174,0.14187763208271245,35.808713750000045,-86.48408854387709,10208,-0.2,35.8,-86.5,1.7314143468666412
2024-05-11 01:56:00,685084900,0.08121162047703634,0.005035404285614692,0.157387836668458,35.808713750000045,-86.48408854387709,10208,-0.1,35.8,-86.5,1.7314143468666412
2024-05-11 01:57:00,685084900,-0.009841464675346636,-0.03868611961600931,0.019003190265316043,35.808713750000045,-86.48408854387709,10208,-0.6,35.8,-86.5,1.7314143468666412
2024-05-11 01:58:00,685084900,-0.004594058499852522,-0.029224830341519174,0.02003671334181413,35.808713750000045,-86.48408854387709,10208,-1.4,35.8,-86.5,1.7314143468666412
2024-05-11 01:59:00,685084900,-0.04225787121574592,-0.11570882296138948,0.03119308052989766,35.808713750000045,-86.48408854387709,10208,-1.1,35.8,-86.5,1.7314143468666412
2024-05-11 02:00:00,685084900,-0.022913843894373592,-0.07666680359487524,0.030839115806128047,35.808713750000045,-86.48408854387709,10208,-0.9,35.8,-86.5,1.7314143468666412
2024-05-11 02:01:00,685084900,0.006907527127679595,-0.09494836560142603,0.10876341985678523,35.808713750000045,-86.48408854387709,10208,-0.9,35.8,-86.5,1.7314143468666412
2024-05-11 02:02:00,685084900,-0.039377951670109865,-0.09403077062507129,0.015274867284851563,35.808713750000045,-86.48408854387709,10208,0.0,35.8,-86.5,1.7314143468666412
2024-05-11 02:03:00,685084900,-0.10555459768401751,-0.28297869233388423,0.07186949696584921,35.808713750000045,-86.48408854387709,10208,2.9,35.8,-86.5,1.7314143468666412
2024-05-11 02:04:00,685084900,0.05866814862182658,-0.1333555447645658,0.2506918420082189,35.808713750000045,-86.48408854387709,10208,2.5,35.8,-86.5,1.7314143468666412
2024-05-11 02:05:00,685084900,-0.26547772866732017,-0.8265860960555378,0.2956306387208975,35.808713750000045,-86.48408854387709,10208,1.6,35.8,-86.5,1.7314143468666412
2024-05-11 02:06:00,685084900,-0.5619846669795454,-1.1024879514292065,-0.021481382529884407,35.808713750000045,-86.48408854387709,10208,-2.7,35.8,-86.5,1.7314143468666412
2024-05-11 02:07:00,685084900,-0.20681852867880682,-0.35299647283073887,-0.060640584526874736,35.808713750000045,-86.48408854387709,10208,3.4,35.8,-86.5,1.7314143468666412
2024-05-11 02:08:00,685084900,-0.19081128549479603,-0.32504270912646327,-0.05657986186312883,35.808713750000045,-86.48408854387709,10208,0.3,35.8,-86.5,1.7314143468666412
2024-05-11 02:09:00,685084900,-0.6021094562707527,-1.0744754062122441,-0.1297435063292614,35.808713750000045,-86.48408854387709,10208,1.9,35.8,-86.5,1.7314143468666412
2024-05-11 02:10:00,685084900,-0.4708169964070118,-0.885805751533751,-0.05582824128027264,35.808713750000045,-86.48408854387709,10208,-0.6,35.8,-86.5,1.7314143468666412
2024-05-11 02:11:00,685084900,-0.8648188167076906,-1.5856330446424463,-0.14400458877293498,35.808713750000045,-86.48408854387709,10208,-4.4,35.8,-86.5,1.7314143468666412
2024-05-11 02:12:00,685084900,-0.9272289109374343,-1.7636177961770483,-0.09084002569782024,35.808713750000045,-86.48408854387709,10208,-4.8,35.8,-86.5,1.7314143468666412
2024-05-11 02:13:00,685084900,-0.5944070155458636,-1.1470243154019282,-0.04178971568979917,35.808713750000045,-86.48408854387709,10208,-5.5,35.8,-86.5,1.7314143468666412
2024-05-11 02:14:00,685084900,-0.3981247810846058,-0.8067518805492635,0.010502318380051834,35.808713750000045,-86.48408854387709,10208,-3.4,35.8,-86.5,1.7314143468666412
2024-05-11 02:15:00,685084900,-0.07152650102962964,-0.23443556576160068,0.09138256370234142,35.808713750000045,-86.48408854387709,10208,-2.1,35.8,-86.5,1.7314143468666412
2024-05-11 02:16:00,685084900,0.04237977794616432,-0.04455229807189172,0.12931185396422035,35.808713750000045,-86.48408854387709,10208,-3.8,35.8,-86.5,1.7314143468666412
2024-05-11 02:17:00,685084900,0.43875993909495903,-0.06139276574275332,0.9389126439326714,35.808713750000045,-86.48408854387709,10208,-2.0,35.8,-86.5,1.7314143468666412
2024-05-11 02:18:00,685084900,-0.10646185505366117,-0.6156308397192785,0.40270712961195615,35.808713750000045,-86.48408854387709,10208,-3.4,35.8,-86.5,1.7314143468666412
2024-05-11 02:19:00,685084900,0.0208163981319035,-0.3933678176443763,0.4350006139081833,35.808713750000045,-86.48408854387709,10208,-1.1,35.8,-86.5,1.7314143468666412
2024-05-11 02:20:00,685084900,0.04978210491547267,-0.2023863597037933,0.30195056953473864,35.808713750000045,-86.48408854387709,10208,-4.7,35.8,-86.5,1.7314143468666412
2024-05-11 02:21:00,685084900,0.25784906350131315,-0.16774181042915315,0.6834399374317794,35.808713750000045,-86.48408854387709,10208,-3.3,35.8,-86.5,1.7314143468666412
2024-05-11 02:22:00,685084900,0.10308075135557461,-0.17502056616866035,0.38118206887980954,35.808713750000045,-86.48408854387709,10208,-2.7,35.8,-86.5,1.7314143468666412
2024-05-11 02:23:00,685084900,0.21654276023715954,0.11939415053384868,0.3136913699404704,35.808713750000045,-86.48408854387709,10208,-2.5,35.8,-86.5,1.7314143468666412
2024-05-11 02:24:00,685084900,0.3944171836252732,0.15657194174572375,0.6322624255048227,35.808713750000045,-86.48408854387709,10208,-0.2,35.8,-86.5,1.7314143468666412
2024-05-11 02:25:00,685084900,0.07581208981999472,0.008640232500995673,0.14298394713899376,35.808713750000045,-86.48408854387709,10208,-0.9,35.8,-86.5,1.7314143468666412
2024-05-11 02:26:00,685084900,0.1435590034053882,-0.08656882057756268,0.37368682738833914,35.808713750000045,-86.48408854387709,10208,-1.7,35.8,-86.5,1.7314143468666412
2024-05-11 02:27:00,685084900,0.19858357468626206,0.01343075863940249,0.3837363907331216,35.808713750000045,-86.48408854387709,10208,0.6,35.8,-86.5,1.7314143468666412
2024-05-11 02:28:00,685084900,0.05462513606501812,-0.0063172422385503885,0.11556751436858663,35.808713750000045,-86.48408854387709,10208,1.3,35.8,-86.5,1.7314143468666412
2024-05-11 02:29:00,685084900,-0.020180886675226023,-0.20771151686265113,0.16734974351219908,35.808713750000045,-86.48408854387709,10208,1.1,35.8,-86.5,1.7314143468666412
2024-05-11 02:30:00,685084900,0.2201813909136856,0.04899828766877101,0.3913644941586002,35.808713750000045,-86.48408854387709,10208,1.8,35.8,-86.5,1.7314143468666412
2024-05-11 02:31:00,685084900,0.22451603869583756,0.051127939576446874,0.39790413781522826,35.808713750000045,-86.48408854387709,10208,1.5,35.8,-86.5,1.7314143468666412
2024-05-11 02:32:00,685084900,0.3395110068099965,0.0714319435382817,0.6075900700817114,35.808713750000045,-86.48408854387709,10208,0.2,35.8,-86.5,1.7314143468666412
2024-05-11 02:33:00,685084900,0.6986928297195486,0.11140082690131115,1.285984832537786,35.808713750000045,-86.48408854387709,10208,0.3,35.8,-86.5,1.7314143468666412
2024-05-11 02:34:00,685084900,0.463623857530236,0.016257189392803795,0.9109905256676682,35.808713750000045,-86.48408854387709,10208,-0.5,35.8,-86.5,1.7314143468666412
2024-05-11 02:35:00,685084900,0.18567315251056027,-0.011355383863651675,0.3827016888847722,35.808713750000045,-86.48408854387709,10208,2.6,35.8,-86.5,1.7314143468666412
2024-05-11 02:36:00,685084900,-0.05134099108626078,-0.13323429520481567,0.030552313032294096,35.808713750000045,-86.48408854387709,10208,1.1,35.8,-86.5,1.7314143468666412
2024-05-11 02:37:00,685084900,0.04976819518755648,0.005186859859585384,0.09434953051552758,35.808713750000045,-86.48408854387709,10208,-0.4,35.8,-86.5,1.7314143468666412
2024-05-11 02:38:00,685084900,-0.10181356402315705,-0.306963233548257,0.10333610550194289,35.808713750000045,-86.48408854387709,10208,-0.6,35.8,-86.5,1.7314143468666412
2024-05-11 02:39:00,685084900,0.05390255084034574,-0.1424590197310491,0.2502641214117406,35.808713750000045,-86.48408854387709,10208,2.9,35.8,-86.5,1.7314143468666412
2024-05-11 02:40:00,685084900,0.12526181149819432,0.0066380154680688586,0.24388560752831978,35.808713750000045,-86.48408854387709,10208,3.8,35.8,-86.5,1.7314143468666412
2024-05-11 02:41:00,685084900,0.24525136633374664,-0.04017463998192364,0.530677372649417,35.808713750000045,-86.48408854387709,10208,3.6,35.8,-86.5,1.7314143468666412
2024-05-11 02:42:00,685084900,0.41666383621431313,-0.03660763234764575,0.869935304776272,35.808713750000045,-86.48408854387709,10208,1.8,35.8,-86.5,1.7314143468666412
2024-05-11 02:43:00,685084900,0.2424580844040276,-0.1083833446226316,0.5932995134306869,35.808713750000045,-86.48408854387709,10208,0.5,35.8,-86.5,1.7314143468666412
2024-05-11 02:44:00,685084900,-0.08823481580917676,-0.2197939818706015,0.043324350252248,35.808713750000045,-86.48408854387709,10208,0.9,35.8,-86.5,1.7314143468666412
2024-05-11 02:45:00,685084900,-0.13260527112456721,-0.23840328168088834,-0.02680726056824609,35.808713750000045,-86.48408854387709,10208,0.1,35.8,-86.5,1.7314143468666412
2024-05-11 02:46:00,685084900,-0.1341415025599466,-0.41577909842481053,0.1474960933049173,35.808713750000045,-86.48408854387709,10208,-2.6,35.8,-86.5,1.7314143468666412
2024-05-11 02:47:00,685084900,-0.001009695707909918,-0.3690659987900669,0.36704660737424705,35.808713750000045,-86.48408854387709,10208,-1.3,35.8,-86.5,1.7314143468666412
2024-05-11 02:48:00,685084900,0.565288074239437,0.072040780014335,1.058535368464539,35.808713750000045,-86.48408854387709,10208,1.6,35.8,-86.5,1.7314143468666412
2024-05-11 02:49:00,685084900,0.9104632112750609,0.15249973124659566,1.6684266913035262,35.808713750000045,-86.48408854387709,10208,3.9,35.8,-86.5,1.7314143468666412
2024-05-11 02:50:00,685084900,0.41840572395658204,0.05297688861239597,0.7838345593007681,35.808713750000045,-86.48408854387709,10208,4.6,35.8,-86.5,1.7314143468666412
2024-05-11 02:51:00,685084900,0.40553874013884084,0.06057087475195816,0.7505066055257235,35.808713750000045,-86.48408854387709,10208,4.3,35.8,-86.5,1.7314143468666412
2024-05-11 02:52:00,685084900,0.18603142107903917,0.02936384583332699,0.3426989963247513,35.808713750000045,-86.48408854387709,10208,1.5,35.8,-86.5,1.7314143468666412
2024-05-11 02:53:00,685084900,0.31666165257590523,0.05008848699196794,0.5832348181598426,35.808713750000045,-86.48408854387709,10208,1.0,35.8,-86.5,1.7314143468666412
2024-05-11 02:54:00,685084900,0.3052686655689745,0.04487414843450571,0.5656631827034433,35.808713750000045,-86.48408854387709,10208,-0.4,35.8,-86.5,1.7314143468666412
2024-05-11 02:55:00,685084900,0.23986668641244957,0.055285117187733435,0.4244482556371657,35.808713750000045,-86.48408854387709,10208,0.2,35.8,-86.5,1.7314143468666412
2024-05-11 02:56:00,685084900,0.4057273864746094,0.07944302395424885,0.7320117489949699,35.808713750000045,-86.48408854387709,10208,0.2,35.8,-86.5,1.7314143468666412
2024-05-11 02:57:00,685084900,0.349618710682708,0.04758076778580417,0.6516566535796118,35.808713750000045,-86.48408854387709,10208,-0.7,35.8,-86.5,1.7314143468666412
2024-05-11 02:58:00,685084900,0.23848049353655346,0.0386951245643784,0.4382658625087285,35.808713750000045,-86.48408854387709,10208,-0.2,35.8,-86.5,1.7314143468666412
2024-05-11 02:59:00,685084900,0.25946147536461833,0.028080344185899497,0.49084260654333717,35.808713750000045,-86.48408854387709,10208,0.1,35.8,-86.5,1.7314143468666412
2024-05-11 03:00:00,685084900,0.08728766168775219,-0.009931040403004077,0.18450636377850846,35.808713750000045,-86.48408854387709,10208,-0.2,35.8,-86.5,1.7314143468666412
2024-05-11 03:01:00,685084900,-0.060601903154453976,-0.1662611122458077,0.04505730593689973,35.808713750000045,-86.48408854387709,10208,1.3,35.8,-86.5,1.7314143468666412
2024-05-11 03:02:00,685084900,-0.23994604083781446,-0.46566048385077424,-0.01423159782485467,35.808713750000045,-86.48408854387709,10208,0.4,35.8,-86.5,1.7314143468666412
2024-05-11 03:03:00,685084900,-0.26012943668019156,-0.517571537304059,-0.002687336056324152,35.808713750000045,-86.48408854387709,10208,0.9,35.8,-86.5,1.7314143468666412
2024-05-11 03:04:00,685084900,-0.2035189784446978,-0.4247881977665131,0.017750240877117518,35.808713750000045,-86.48408854387709,10208,0.6,35.8,-86.5,1.7314143468666412
2024-05-11 03:05:00,685084900,-0.18585686212269026,-0.4065895209295518,0.03487579668417129,35.808713750000045,-86.48408854387709,10208,-0.7,35.8,-86.5,1.7314143468666412
2024-05-11 03:06:00,685084900,0.04096459099808714,-0.047851774204238896,0.1297809562004132,35.808713750000045,-86.48408854387709,10208,-0.4,35.8,-86.5,1.7314143468666412
2024-05-11 03:07:00,685084900,0.12012186159443038,0.039714638389345636,0.20052908479951512,35.808713750000045,-86.48408854387709,10208,-1.3,35.8,-86.5,1.7314143468666412
2024-05-11 03:08:00,685084900,0.04151693573716349,-0.028795217170633394,0.11182908864496037,35.808713750000045,-86.48408854387709,10208,-0.9,35.8,-86.5,1.7314143468666412
2024-05-11 03:09:00,685084900,0.07323064019235895,-0.07643099601012587,0.22289227639484377,35.808713750000045,-86.48408854387709,10208,-1.2,35.8,-86.5,1.7314143468666412
2024-05-11 03:10:00,685084900,0.17580362126261256,0.05052238100868364,0.30108486151654146,35.808713750000045,-86.48408854387709,10208,-1.4,35.8,-86.5,1.7314143468666412
2024-05-11 03:11:00,685084900,0.22202551789787206,0.001696111813238338,0.44235492398250575,35.808713750000045,-86.48408854387709,10208,-1.8,35.8,-86.5,1.7314143468666412
2024-05-11 03:12:00,685084900,0.23910519382499895,-0.06633798729915352,0.5445483749491514,35.808713750000045,-86.48408854387709,10208,-0.4,35.8,-86.5,1.7314143468666412
2024-05-11 03:13:00,685084900,0.41321486246690065,0.010073012150071059,0.8163567127837302,35.808713750000045,-86.48408854387709,10208,0.0,35.8,-86.5,1.7314143468666412
2024-05-11 03:14:00,685084900,0.2212254390190653,-0.030589716828027164,0.4730405948661578,35.808713750000045,-86.48408854387709,10208,0.4,35.8,-86.5,1.7314143468666412
2024-05-11 03:15:00,685084900,0.27824051811459405,0.011752674133717167,0.5447283620954709,35.808713750000045,-86.48408854387709,10208,0.6,35.8,-86.5,1.7314143468666412
2024-05-11 03:16:00,685084900,0.26468684838454676,0.009641609965389986,0.5197320868037035,35.808713750000045,-86.48408854387709,10208,1.3,35.8,-86.5,1.7314143468666412
2024-05-11 03:17:00,685084900,0.026289539402895672,-0.012772770985252261,0.06535184979104361,35.808713750000045,-86.48408854387709,10208,1.2,35.8,-86.5,1.7314143468666412
2024-05-11 03:18:00,685084900,-0.10788197315372551,-0.22839273295432896,0.012628786646877943,35.808713750000045,-86.48408854387709,10208,0.9,35.8,-86.5,1.7314143468666412
2024-05-11 03:19:00,685084900,-0.28144455148457037,-0.5522945006190629,-0.010594602350077864,35.808713750000045,-86.48408854387709,10208,0.4,35.8,-86.5,1.7314143468666412
2024-05-11 03:20:00,685084900,-0.4253393192778679,-0.8505141645876924,-0.000164473968043366,35.808713750000045,-86.48408854387709,10208,-0.8,35.8,-86.5,1.7314143468666412
2024-05-11 03:21:00,685084900,-0.4205385668612841,-0.8465861408131833,0.005509007090615081,35.808713750000045,-86.48408854387709,10208,-2.2,35.8,-86.5,1.7314143468666412
2024-05-11 03:22:00,685084900,-0.42173892536176155,-0.8494289905050829,0.0059511397815598666,35.808713750000045,-86.48408854387709,10208,-2.4,35.8,-86.5,1.7314143468666412
2024-05-11 03:23:00,685084900,-0.26589636427488755,-0.5508115313928663,0.019018802843091154,35.808713750000045,-86.48408854387709,10208,-2.4,35.8,-86.5,1.7314143468666412
2024-05-11 03:24:00,685084900,-0.1372027746686698,-0.2925994036125918,0.018193854275252164,35.808713750000045,-86.48408854387709,10208,-2.3,35.8,-86.5,1.7314143468666412
2024-05-11 03:25:00,685084900,0.08488305174590921,0.010865967005959959,0.15890013648585846,35.808713750000045,-86.48408854387709,10208,-2.3,35.8,-86.5,1.7314143468666412
2024-05-11 03:26:00,685084900,0.1438620449635673,0.014193528744477851,0.27353056118265673,35.808713750000045,-86.48408854387709,10208,-2.1,35.8,-86.5,1.7314143468666412
2024-05-11 03:27:00,685084900,0.15414898585535652,0.01157174807885411,0.29672622363185897,35.808713750000045,-86.48408854387709,10208,-1.6,35.8,-86.5,1.7314143468666412
2024-05-11 03:28:00,685084900,0.09752149908993175,0.003473157977997049,0.19156984020186646,35.808713750000045,-86.48408854387709,10208,-0.9,35.8,-86.5,1.7314143468666412
2024-05-11 03:29:00,685084900,0.12454448679428254,0.007711712597387996,0.24137726099117707,35.808713750000045,-86.48408854387709,10208,-0.3,35.8,-86.5,1.7314143468666412
2024-05-11 03:30:00,685084900,0.06009495811488056,-0.0035258041470256837,0.1237157203767868,35.808713750000045,-86.48408854387709,10208,0.3,35.8,-86.5,1.7314143468666412
2024-05-11 03:31:00,685084900,0.07808991960013723,-0.008837431094249018,0.16501727029452345,35.808713750000045,-86.48408854387709,10208,0.4,35.8,-86.5,1.7314143468666412
2024-05-11 03:32:00,685084900,0.033509581980483996,-0.02599692117006859,0.09301608513103658,35.808713750000045,-86.48408854387709,10208,0.8,35.8,-86.5,1.7314143468666412
2024-05-11 03:33:00,685084900,0.03963926372386981,-0.026285673381786535,0.10556420082952617,35.808713750000045,-86.48408854387709,10208,0.6,35.8,-86.5,1.7314143468666412
2024-05-11 03:34:00,685084900,-0.02523429704818777,-0.07311407654312763,0.02264548244675208,35.808713750000045,-86.48408854387709,10208,0.7,35.8,-86.5,1.7314143468666412
2024-05-11 03:35:00,685084900,-0.06910276817810479,-0.13271746808713886,-0.005488068269070737,35.808713750000045,-86.48408854387709,10208,0.6,35.8,-86.5,1.7314143468666412
2024-05-11 03:36:00,685084900,-0.11266733193926629,-0.2014074092162976,-0.02392725466223497,35.808713750000045,-86.48408854387709,10208,0.5,35.8,-86.5,1.7314143468666412
2024-05-11 03:37:00,685084900,-0.09547168517481502,-0.1825472632809173,-0.008396107068712744,35.808713750000045,-86.48408854387709,10208,0.2,35.8,-86.5,1.7314143468666412
2024-05-11 03:38:00,685084900,-0.104528717972243,-0.19215436608390965,-0.016903069860576353,35.808713750000045,-86.48408854387709,10208,0.0,35.8,-86.5,1.7314143468666412
2024-05-11 03:39:00,685084900,-0.0830022148742881,-0.1481843651174194,-0.017820064631156804,35.808713750000045,-86.48408854387709,10208,0.0,35.8,-86.5,1.7314143468666412
2024-05-11 03:40:00,685084900,-0.07348430597629817,-0.1273109567067108,-0.019657655245885537,35.808713750000045,-86.48408854387709,10208,0.1,35.8,-86.5,1.7314143468666412
2024-05-11 03:41:00,685084900,-0.02656403350284938,-0.07164664950469371,0.01851858249899494,35.808713750000045,-86.48408854387709,10208,0.1,35.8,-86.5,1.7314143468666412
2024-05-11 03:42:00,685084900,-0.042522140774217,-0.11868045935681432,0.03363617780838032,35.808713750000045,-86.48408854387709,10208,0.3,35.8,-86.5,1.7314143468666412
2024-05-11 03:43:00,685084900,-0.08029245929423001,-0.18884161667659133,0.02825669808813129,35.808713750000045,-86.48408854387709,10208,0.4,35.8,-86.5,1.7314143468666412
2024-05-11 03:44:00,685084900,-0.0620418409412951,-0.14787903002696062,0.023795348144370412,35.808713750000045,-86.48408854387709,10208,0.5,35.8,-86.5,1.7314143468666412
2024-05-11 03:45:00,685084900,-0.076200067716392,-0.18320382653055267,0.030803691097768662,35.808713750000045,-86.48408854387709,10208,0.6,35.8,-86.5,1.7314143468666412
2024-05-11 03:46:00,685084900,-0.09175867359351214,-0.19096925572839493,0.00745190854137065,35.808713750000045,-86.48408854387709,10208,0.6,35.8,-86.5,1.7314143468666412
2024-05-11 03:47:00,685084900,-0.1050206952713926,-0.19043646307611278,-0.01960492746667243,35.808713750000045,-86.48408854387709,10208,0.6,35.8,-86.5,1.7314143468666412
2024-05-11 03:48:00,685084900,-0.13373853636012434,-0.2291043988964241,-0.03837267382382459,35.808713750000045,-86.48408854387709,10208,0.5,35.8,-86.5,1.7314143468666412
2024-05-11 03:49:00,685084900,-0.1360976200578352,-0.24081400900032945,-0.03138123111534098,35.808713750000045,-86.48408854387709,10208,0.4,35.8,-86.5,1.7314143468666412
2024-05-11 03:50:00,685084900,-0.1347222908599792,-0.2404441276969539,-0.029000454023004482,35.808713750000045,-86.48408854387709,10208,0.1,35.8,-86.5,1.7314143468666412
2024-05-11 03:51:00,685084900,-0.10001373210847979,-0.19051494399595975,-0.009512520220999812,35.808713750000045,-86.48408854387709,10208,-0.1,35.8,-86.5,1.7314143468666412
2024-05-11 03:52:00,685084900,-0.13345282720733828,-0.23896091246620704,-0.027944741948469534,35.808713750000045,-86.48408854387709,10208,-0.2,35.8,-86.5,1.7314143468666412
2024-05-11 03:53:00,685084900,-0.1565803060935661,-0.27832373002328614,-0.034836882163846034,35.808713750000045,-86.48408854387709,10208,-0.2,35.8,-86.5,1.7314143468666412
2024-05-11 03:54:00,685084900,-0.15655883142590604,-0.27100500381033704,-0.042112659041475056,35.808713750000045,-86.48408854387709,10208,-0.3,35.8,-86.5,1.7314143468666412
2024-05-11 03:55:00,685084900,-0.16101593512693507,-0.2815108239288886,-0.04052104632498152,35.808713750000045,-86.48408854387709,10208,-0.3,35.8,-86.5,1.7314143468666412
2024-05-11 03:56:00,685084900,-0.1552754307883493,-0.2744963830133318,-0.036054478563366785,35.808713750000045,-86.48408854387709,10208,-0.2,35.8,-86.5,1.7314143468666412
2024-05-11 03:57:00,685084900,-0.1646092792605905,-0.2959260730103291,-0.0332924855108519,35.808713750000045,-86.48408854387709,10208,-0.2,35.8,-86.5,1.7314143468666412
2024-05-11 03:58:00,685084900,-0.11196617223948702,-0.2001836810149361,-0.023748663464037922,35.808713750000045,-86.48408854387709,10208,-0.2,35.8,-86.5,1.7314143468666412
2024-05-11 03:59:00,685084900,-0.027337931752926405,-0.03859694750835167,-0.016078915997501136,35.808713750000045,-86.48408854387709,10208,-0.2,35.8,-86.5,1.7314143468666412
2024-05-11 04:00:00,685084900,-0.03071709206702329,-0.05274424961210239,-0.008689934521944196,35.808713750000045,-86.48408854387709,10208,-0.2,35.8,-86.5,1.7314143468666412
2024-05-11 04:01:00,685084900,-0.02630993673764545,-0.06490073334587652,0.012280859870585623,35.808713750000045,-86.48408854387709,10208,-0.2,35.8,-86.5,1.7314143468666412
2024-05-11 04:02:00,685084900,-0.03964737476561802,-0.07291521965379377,-0.00637952987744226,35.808713750000045,-86.48408854387709,10208,-0.3,35.8,-86.5,1.7314143468666412
2024-05-11 04:03:00,685084900,-0.09028328932125294,-0.15124826771914532,-0.029318310923360562,35.808713750000045,-86.48408854387709,10208,-0.4,35.8,-86.5,1.7314143468666412
2024-05-11 04:04:00,685084900,-0.07254297491200594,-0.11792175845525889,-0.02716419136875299,35.808713750000045,-86.48408854387709,10208,-0.3,35.8,-86.5,1.7314143468666412
2024-05-11 04:05:00,685084900,-0.007197689913869626,-0.023377828933888824,0.008982449106149572,35.808713750000045,-86.48408854387709,10208,-0.2,35.8,-86.5,1.7314143468666412
2024-05-11 04:06:00,685084900,0.017771386226392384,-0.02790377413190423,0.063446546584689,35.808713750000045,-86.48408854387709,10208,0.0,35.8,-86.5,1.7314143468666412
2024-05-11 04:07:00,685084900,0.0014627544208108457,-0.03038582197766161,0.0333113308192833,35.808713750000045,-86.48408854387709,10208,0.2,35.8,-86.5,1.7314143468666412
2024-05-11 04:08:00,685084900,-0.028338131523004056,-0.0400303003903573,-0.01664596265565081,35.808713750000045,-86.48408854387709,10208,0.3,35.8,-86.5,1.7314143468666412
2024-05-11 04:09:00,685084900,-0.0305748298493663,-0.051162563966670266,-0.009987095732062332,35.808713750000045,-86.48408854387709,10208,0.4,35.8,-86.5,1.7314143468666412
2024-05-11 04:10:00,685084900,-0.04775740848584871,-0.07227166543445238,-0.02324315153724505,35.808713750000045,-86.48408854387709,10208,0.3,35.8,-86.5,1.7314143468666412
2024-05-11 04:11:00,685084900,-0.04890849178239813,-0.07754748360562537,-0.020269499959170892,35.808713750000045,-86.48408854387709,10208,0.1,35.8,-86.5,1.7314143468666412
2024-05-11 04:12:00,685084900,-0.06285983985433982,-0.10479031140200738,-0.02092936830667226,35.808713750000045,-86.48408854387709,10208,-0.2,35.8,-86.5,1.7314143468666412
2024-05-11 04:13:00,685084900,-0.048064529935866296,-0.08709542789497314,-0.009033631976759451,35.808713750000045,-86.48408854387709,10208,-0.3,35.8,-86.5,1.7314143468666412
2024-05-11 04:14:00,685084900,0.014873722895088017,-0.030440583154945133,0.060188028945121166,35.808713750000045,-86.48408854387709,10208,-0.5,35.8,-86.5,1.7314143468666412
2024-05-11 04:15:00,685084900,0.019533835727252973,-0.03696888145603134,0.07603655291053729,35.808713750000045,-86.48408854387709,10208,-0.5,35.8,-86.5,1.7314143468666412
2024-05-11 04:16:00,685084900,-0.018818255471317418,-0.034609084198968354,-0.0030274267436664858,35.808713750000045,-86.48408854387709,10208,-0.4,35.8,-86.5,1.7314143468666412
2024-05-11 04:17:00,685084900,-0.0033288023659424565,-0.0317966799265725,0.02513907519468759,35.808713750000045,-86.48408854387709,10208,-0.4,35.8,-86.5,1.7314143468666412
2024-05-11 04:18:00,685084900,0.006202418129157122,-0.020036245477852252,0.0324410817361665,35.808713750000045,-86.48408854387709,10208,0.0,35.8,-86.5,1.7314143468666412
2024-05-11 04:19:00,685084900,-0.007952617933546527,-0.027906131095769383,0.012000895228676329,35.808713750000045,-86.48408854387709,10208,-0.2,35.8,-86.5,1.7314143468666412
2024-05-11 04:20:00,685084900,-0.01455885079697466,-0.03372847550379603,0.004610773909846705,35.808713750000045,-86.48408854387709,10208,-0.2,35.8,-86.5,1.7314143468666412
2024-05-11 04:21:00,685084900,-0.03187755794435359,-0.057094200142853935,-0.00666091574585324,35.808713750000045,-86.48408854387709,10208,-0.2,35.8,-86.5,1.7314143468666412
2024-05-11 04:22:00,685084900,-0.12072764552513385,-0.2152494794682152,-0.02620581158205247,35.808713750000045,-86.48408854387709,10208,-0.2,35.8,-86.5,1.7314143468666412
2024-05-11 04:23:00,685084900,-0.1947405647734467,-0.3519607343713076,-0.03752039517558581,35.808713750000045,-86.48408854387709,10208,-0.3,35.8,-86.5,1.7314143468666412
2024-05-11 04:24:00,685084900,-0.178331083311839,-0.32025167243917096,-0.03641049418450701,35.808713750000045,-86.48408854387709,10208,-0.2,35.8,-86.5,1.7314143468666412
2024-05-11 04:25:00,685084900,-0.14570575988605347,-0.25774704935659143,-0.03366447041551553,35.808713750000045,-86.48408854387709,10208,-0.2,35.8,-86.5,1.7314143468666412
2024-05-11 04:26:00,685084900,-0.16467853384524603,-0.29350066616981746,-0.0358564015206746,35.808713750000045,-86.48408854387709,10208,-0.3,35.8,-86.5,1.7314143468666412
2024-05-11 04:27:00,685084900,-0.09916763267183593,-0.1776709370092941,-0.020664328334377743,35.808713750000045,-86.48408854387709,10208,-0.3,35.8,-86.5,1.7314143468666412
2024-05-11 04:28:00,685084900,-0.01817226081224761,-0.06785281562599844,0.031508294001503234,35.808713750000045,-86.48408854387709,10208,0.1,35.8,-86.5,1.7314143468666412
2024-05-11 04:29:00,685084900,-0.17428370763089887,-0.332218757430607,-0.016348657831190744,35.808713750000045,-86.48408854387709,10208,-0.4,35.8,-86.5,1.7314143468666412
2024-05-11 04:30:00,685084900,-0.16320288093120522,-0.302363265602277,-0.02404249626013341,35.808713750000045,-86.48408854387709,10208,-0.4,35.8,-86.5,1.7314143468666412
2024-05-11 04:31:00,685084900,-0.1280766521112664,-0.22539365530395059,-0.03075964891858221,35.808713750000045,-86.48408854387709,10208,-0.1,35.8,-86.5,1.7314143468666412
2024-05-11 04:32:00,685084900,-0.09387140331768556,-0.1538767744813812,-0.03386603215398991,35.808713750000045,-86.48408854387709,10208,0.0,35.8,-86.5,1.7314143468666412
2024-05-11 04:33:00,685084900,-0.08692629415875085,-0.12758674660740638,-0.046265841710095325,35.808713750000045,-86.48408854387709,10208,-0.3,35.8,-86.5,1.7314143468666412
2024-05-11 04:34:00,685084900,-0.09846439246130856,-0.1493667278220462,-0.04756205710057091,35.808713750000045,-86.48408854387709,10208,-0.5,35.8,-86.5,1.7314143468666412
2024-05-11 04:35:00,685084900,-0.04164058455061255,-0.06180830509597273,-0.02147286400525237,35.808713750000045,-86.48408854387709,10208,-0.5,35.8,-86.5,1.7314143468666412
2024-05-11 04:36:00,685084900,-0.04493135650765599,-0.07068754659555629,-0.0191751664197557,35.808713750000045,-86.48408854387709,10208,-0.4,35.8,-86.5,1.7314143468666412
2024-05-11 04:37:00,685084900,-0.022711636680200264,-0.06413302903391549,0.018709755673514968,35.808713750000045,-86.48408854387709,10208,-0.2,35.8,-86.5,1.7314143468666412
2024-05-11 04:38:00,685084900,0.025266109373878937,-0.08375814358099441,0.1342903623287523,35.808713750000045,-86.48408854387709,10208,0.1,35.8,-86.5,1.7314143468666412
2024-05-11 04:39:00,685084900,-0.014105717367827692,-0.13126249916632085,0.10305106443066547,35.808713750000045,-86.48408854387709,10208,0.1,35.8,-86.5,1.7314143468666412
2024-05-11 04:40:00,685084900,-0.07295660100371226,-0.17844627636472932,0.03253307435730478,35.808713750000045,-86.48408854387709,10208,0.0,35.8,-86.5,1.7314143468666412
2024-05-11 04:41:00,685084900,-0.04057084087084505,-0.1317509132733069,0.05060923153161679,35.808713750000045,-86.48408854387709,10208,0.3,35.8,-86.5,1.7314143468666412
2024-05-11 04:42:00,685084900,-0.07545693600506452,-0.21372450712450686,0.0628106351143778,35.808713750000045,-86.48408854387709,10208,0.2,35.8,-86.5,1.7314143468666412
2024-05-11 04:43:00,685084900,-0.21058561405882228,-0.3621870470416497,-0.05898418107599482,35.808713750000045,-86.48408854387709,10208,-0.1,35.8,-86.5,1.7314143468666412
2024-05-11 04:44:00,685084900,-0.206492035999824,-0.34845520035331967,-0.06452887164632834,35.808713750000045,-86.48408854387709,10208,0.1,35.8,-86.5,1.7314143468666412
2024-05-11 04:45:00,685084900,-0.10133827430094018,-0.1747142242720205,-0.027962324329859872,35.808713750000045,-86.48408854387709,10208,0.2,35.8,-86.5,1.7314143468666412
2024-05-11 04:46:00,685084900,-0.06062583051115856,-0.0986971862688277,-0.02255447475348942,35.808713750000045,-86.48408854387709,10208,0.2,35.8,-86.5,1.7314143468666412
2024-05-11 04:47:00,685084900,-0.0031704847734088295,-0.06938969249598624,0.06304872294916859,35.808713750000045,-86.48408854387709,10208,0.2,35.8,-86.5,1.7314143468666412
2024-05-11 04:48:00,685084900,-0.04627269233884471,-0.1785655878247382,0.08602020314704878,35.808713750000045,-86.48408854387709,10208,0.3,35.8,-86.5,1.7314143468666412
2024-05-11 04:49:00,685084900,-0.033895739951066386,-0.1883691304226341,0.12057765052050133,35.808713750000045,-86.48408854387709,10208,0.2,35.8,-86.5,1.7314143468666412
2024-05-11 04:50:00,685084900,-0.06903084801922088,-0.2068637695689702,0.06880207353052845,35.808713750000045,-86.48408854387709,10208,0.1,35.8,-86.5,1.7314143468666412
2024-05-11 04:51:00,685084900,-0.0744964763792714,-0.1427689087827052,-0.006224043975837576,35.808713750000045,-86.48408854387709,10208,-0.1,35.8,-86.5,1.7314143468666412
2024-05-11 04:52:00,685084900,-0.02778844121485327,-0.0540436877629365,-0.0015331946667700436,35.808713750000045,-86.48408854387709,10208,-0.3,35.8,-86.5,1.7314143468666412
2024-05-11 04:53:00,685084900,0.05929446777563089,-0.004805128072234967,0.12339406362349675,35.808713750000045,-86.48408854387709,10208,-0.6,35.8,-86.5,1.7314143468666412
2024-05-11 04:54:00,685084900,0.046556344910924995,-0.0375694760043131,0.1306821658261631,35.808713750000045,-86.48408854387709,10208,-0.9,35.8,-86.5,1.7314143468666412
2024-05-11 04:55:00,685084900,0.06281245043394786,-0.01960068818963502,0.14522558905753075,35.808713750000045,-86.48408854387709,10208,-0.8,35.8,-86.5,1.7314143468666412
2024-05-11 04:56:00,685084900,0.07461057706575067,-0.004276904457799324,0.15349805858930066,35.808713750000045,-86.48408854387709,10208,-0.7,35.8,-86.5,1.7314143468666412
2024-05-11 04:57:00,685084900,0.09529192750696056,0.000576066060413008,0.19000778895350812,35.808713750000045,-86.48408854387709,10208,-0.5,35.8,-86.5,1.7314143468666412
2024-05-11 04:58:00,685084900,0.0989729112318561,-0.0007246483983845559,0.19867047086209677,35.808713750000045,-86.48408854387709,10208,-0.3,35.8,-86.5,1.7314143468666412
2024-05-11 04:59:00,685084900,0.1016539871572406,-0.011091814510649362,0.21439978882513056,35.808713750000045,-86.48408854387709,10208,-0.2,35.8,-86.5,1.7314143468666412
2024-05-11 05:00:00,685084900,0.07880117320822001,-0.012837910455125084,0.1704402568715651,35.808713750000045,-86.48408854387709,10208,-0.1,35.8,-86.5,1.7314143468666412
2024-05-11 05:01:00,685084900,0.08960960756313424,0.0025527458610785647,0.17666646926518992,35.808713750000045,-86.48408854387709,10208,0.0,35.8,-86.5,1.7314143468666412
2024-05-11 05:02:00,685084900,0.0850477055085932,0.0006473052563565757,0.1694481057608298,35.808713750000045,-86.48408854387709,10208,0.1,35.8,-86.5,1.7314143468666412
2024-05-11 05:03:00,685084900,0.11171933269051794,-0.00042743203733196233,0.22386609741836783,35.808713750000045,-86.48408854387709,10208,0.0,35.8,-86.5,1.7314143468666412
2024-05-11 05:04:00,685084900,0.07773500075657735,-0.006293167528807264,0.16176316904196197,35.808713750000045,-86.48408854387709,10208,0.1,35.8,-86.5,1.7314143468666412
2024-05-11 05:05:00,685084900,0.08107878845974191,-0.005025560387026173,0.16718313730651,35.808713750000045,-86.48408854387709,10208,0.2,35.8,-86.5,1.7314143468666412
2024-05-11 05:06:00,685084900,0.061135286120816854,-0.02103309360175859,0.1433036658433923,35.808713750000045,-86.48408854387709,10208,0.2,35.8,-86.5,1.7314143468666412
2024-05-11 05:07:00,685084900,0.05777344738948081,-0.017265979317459774,0.1328128740964214,35.808713750000045,-86.48408854387709,10208,0.2,35.8,-86.5,1.7314143468666412
2024-05-11 05:08:00,685084900,0.050268161232710364,-0.007936413711655044,0.10847273617707577,35.808713750000045,-86.48408854387709,10208,0.3,35.8,-86.5,1.7314143468666412
2024-05-11 05:09:00,685084900,0.035954689129776174,-0.008681970968177355,0.0805913492277297,35.808713750000045,-86.48408854387709,10208,0.2,35.8,-86.5,1.7314143468666412
2024-05-11 05:10:00,685084900,-0.020570708908486383,-0.049952537227856836,0.008811119410884069,35.808713750000045,-86.48408854387709,10208,-0.1,35.8,-86.5,1.7314143468666412
2024-05-11 05:11:00,685084900,0.003610975083362038,-0.01743238523005654,0.024654335396780618,35.808713750000045,-86.48408854387709,10208,0.0,35.8,-86.5,1.7314143468666412
2024-05-11 05:12:00,685084900,0.007509294859739302,-0.017516348907216997,0.032534938626695604,35.808713750000045,-86.48408854387709,10208,0.0,35.8,-86.5,1.7314143468666412
2024-05-11 05:13:00,685084900,0.06556359284182242,0.006164552403996389,0.12496263327964846,35.808713750000045,-86.48408854387709,10208,-0.1,35.8,-86.5,1.7314143468666412
2024-05-11 05:14:00,685084900,0.12097567396029259,0.011749905046186337,0.23020144287439884,35.808713750000045,-86.48408854387709,10208,0.2,35.8,-86.5,1.7314143468666412
2024-05-11 05:15:00,685084900,0.15113512076382357,0.015085682324469413,0.28718455920317776,35.808713750000045,-86.48408854387709,10208,0.3,35.8,-86.5,1.7314143468666412
2024-05-11 05:16:00,685084900,0.11847127261543403,0.0018449593691798744,0.23509758586168816,35.808713750000045,-86.48408854387709,10208,0.3,35.8,-86.5,1.7314143468666412
2024-05-11 05:17:00,685084900,0.06176119525719587,-0.00951349466305397,0.1330358851774457,35.808713750000045,-86.48408854387709,10208,0.6,35.8,-86.5,1.7314143468666412
2024-05-11 05:18:00,685084900,-0.018760649285704478,-0.06460780055384663,0.027086501982437672,35.808713750000045,-86.48408854387709,10208,0.2,35.8,-86.5,1.7314143468666412
2024-05-11 05:19:00,685084900,0.011020469681560873,-0.016388245025586612,0.038429184388708355,35.808713750000045,-86.48408854387709,10208,0.1,35.8,-86.5,1.7314143468666412
2024-05-11 05:20:00,685084900,0.08537345134578621,0.004394341110157338,0.1663525615814151,35.808713750000045,-86.48408854387709,10208,0.1,35.8,-86.5,1.7314143468666412
2024-05-11 05:21:00,685084900,0.09273590910090002,-0.0020915409070828977,0.18756335910888294,35.808713750000045,-86.48408854387709,10208,-0.3,35.8,-86.5,1.7314143468666412
2024-05-11 05:22:00,685084900,0.05818511242023153,-0.002380926611964533,0.1187511514524276,35.808713750000045,-86.48408854387709,10208,-0.4,35.8,-86.5,1.7314143468666412
2024-05-11 05:23:00,685084900,0.013223447572006502,-0.00992278558799192,0.03636968073200492,35.808713750000045,-86.48408854387709,10208,-0.3,35.8,-86.5,1.7314143468666412
2024-05-11 05:24:00,685084900,-0.030055801381019435,-0.0775496655268177,0.017438062764778838,35.808713750000045,-86.48408854387709,10208,-0.2,35.8,-86.5,1.7314143468666412
2024-05-11 05:25:00,685084900,-0.03355135008562469,-0.07493328534093172,0.007830585169682339,35.808713750000045,-86.48408854387709,10208,-0.2,35.8,-86.5,1.7314143468666412
2024-05-11 05:26:00,685084900,0.060187988499306,0.013920097941129646,0.10645587905748236,35.808713750000045,-86.48408854387709,10208,0.0,35.8,-86.5,1.7314143468666412
2024-05-11 05:27:00,685084900,0.13339294454116668,0.0204193284989969,0.24636656058333645,35.808713750000045,-86.48408854387709,10208,-0.1,35.8,-86.5,1.7314143468666412
2024-05-11 05:28:00,685084900,0.1062015592450653,0.005827917780883277,0.20657520070924734,35.808713750000045,-86.48408854387709,10208,-0.1,35.8,-86.5,1.7314143468666412
2024-05-11 05:29:00,685084900,0.011931567362033046,-0.023348153294813434,0.04721128801887953,35.808713750000045,-86.48408854387709,10208,-0.2,35.8,-86.5,1.7314143468666412
2024-05-11 05:30:00,685084900,0.0258655997836197,-0.004469918559936902,0.056201118127176306,35.808713750000045,-86.48408854387709,10208,0.0,35.8,-86.5,1.7314143468666412
2024-05-11 05:31:00,685084900,0.041115221114630014,0.004463444905598107,0.07776699732366192,35.808713750000045,-86.48408854387709,10208,0.0,35.8,-86.5,1.7314143468666412
2024-05-11 05:32:00,685084900,0.030419148369451136,-0.001680152373619001,0.06251844911252127,35.808713750000045,-86.48408854387709,10208,0.1,35.8,-86.5,1.7314143468666412
2024-05-11 05:33:00,685084900,0.03617319711199044,-0.0009238564884183342,0.07327025071239922,35.808713750000045,-86.48408854387709,10208,0.1,35.8,-86.5,1.7314143468666412
2024-05-11 05:34:00,685084900,0.05208452483833277,0.0036079929446586056,0.10056105673200694,35.808713750000045,-86.48408854387709,10208,0.1,35.8,-86.5,1.7314143468666412
2024-05-11 05:35:00,685084900,0.025669860936044925,-0.0018578310248568257,0.05319755289694668,35.808713750000045,-86.48408854387709,10208,0.2,35.8,-86.5,1.7314143468666412
2024-05-11 05:36:00,685084900,0.002119105296721776,-0.005284049788801511,0.009522260382245063,35.808713750000045,-86.48408854387709,10208,0.1,35.8,-86.5,1.7314143468666412
2024-05-11 05:37:00,685084900,-0.0501961185375796,-0.09328418530293625,-0.0071080517722229425,35.808713750000045,-86.48408854387709,10208,0.0,35.8,-86.5,1.7314143468666412
2024-05-11 05:38:00,685084900,-0.07871577398201404,-0.14633884841504405,-0.011092699548984036,35.808713750000045,-86.48408854387709,10208,0.0,35.8,-86.5,1.7314143468666412
2024-05-11 05:39:00,685084900,-0.09154101065845399,-0.17079216211438106,-0.012289859202526926,35.808713750000045,-86.48408854387709,10208,0.0,35.8,-86.5,1.7314143468666412
2024-05-11 05:40:00,685084900,-0.07225516841326612,-0.14279485475944442,-0.0017154820670878396,35.808713750000045,-86.48408854387709,10208,0.0,35.8,-86.5,1.7314143468666412
2024-05-11 05:41:00,685084900,-0.023943353076067722,-0.07256628613007066,0.024679579977935205,35.808713750000045,-86.48408854387709,10208,0.1,35.8,-86.5,1.7314143468666412
2024-05-11 05:42:00,685084900,-0.03036549713440044,-0.06914434802452636,0.00841335375572548,35.808713750000045,-86.48408854387709,10208,0.0,35.8,-86.5,1.7314143468666412
2024-05-11 05:43:00,685084900,-0.03823675873621086,-0.07716263211062058,0.0006891146381988525,35.808713750000045,-86.48408854387709,10208,0.0,35.8,-86.5,1.7314143468666412
2024-05-11 05:44:00,685084900,-0.05178495886827686,-0.09261385311787101,-0.010956064618682704,35.808713750000045,-86.48408854387709,10208,0.1,35.8,-86.5,1.7314143468666412
2024-05-11 05:45:00,685084900,-0.0021449037662831906,-0.01739119284421613,0.013101385311649748,35.808713750000045,-86.48408854387709,10208,0.1,35.8,-86.5,1.7314143468666412
2024-05-11 05:46:00,685084900,0.041631683536880994,-0.006527653304073934,0.08979102037783593,35.808713750000045,-86.48408854387709,10208,0.1,35.8,-86.5,1.7314143468666412
2024-05-11 05:47:00,685084900,0.05069072918356387,-0.012155897229764047,0.11353735559689179,35.808713750000045,-86.48408854387709,10208,0.2,35.8,-86.5,1.7314143468666412
2024-05-11 05:48:00,685084900,-0.07225043050538957,-0.12355431211987977,-0.02094654889089937,35.808713750000045,-86.48408854387709,10208,-0.1,35.8,-86.5,1.7314143468666412
2024-05-11 05:49:00,685084900,0.016725540481803396,-0.02329085697479218,0.056741937938398976,35.808713750000045,-86.48408854387709,10208,0.2,35.8,-86.5,1.7314143468666412
2024-05-11 05:50:00,685084900,0.030819552250973072,-0.009079938760282149,0.07071904326222829,35.808713750000045,-86.48408854387709,10208,0.3,35.8,-86.5,1.7314143468666412
2024-05-11 05:51:00,685084900,0.05791691220199493,-0.0027376478078258992,0.11857147221181576,35.808713750000045,-86.48408854387709,10208,0.3,35.8,-86.5,1.7314143468666412
2024-05-11 05:52:00,685084900,0.0413973392378827,-0.00434468743307085,0.08713936590883625,35.808713750000045,-86.48408854387709,10208,0.0,35.8,-86.5,1.7314143468666412
2024-05-11 05:53:00,685084900,-0.007608123970416543,-0.01912753174959667,0.003911283808763583,35.808713750000045,-86.48408854387709,10208,-0.1,35.8,-86.5,1.7314143468666412
2024-05-11 05:54:00,685084900,-0.10253967341754608,-0.2007725359017502,-0.004306810933341967,35.808713750000045,-86.48408854387709,10208,0.2,35.8,-86.5,1.7314143468666412
2024-05-11 05:55:00,685084900,-0.1361337673287305,-0.2834658310666641,0.011198296409203112,35.808713750000045,-86.48408854387709,10208,-0.5,35.8,-86.5,1.7314143468666412
2024-05-11 05:56:00,685084900,-0.055234827607288886,-0.12740868488196935,0.01693902966739158,35.808713750000045,-86.48408854387709,10208,-0.6,35.8,-86.5,1.7314143468666412
2024-05-11 05:57:00,685084900,-0.040587603284275284,-0.09969333570754418,0.018518129138993623,35.808713750000045,-86.48408854387709,10208,-0.4,35.8,-86.5,1.7314143468666412
2024-05-11 05:58:00,685084900,0.05693332028212608,0.01611954334103651,0.09774709722321565,35.808713750000045,-86.48408854387709,10208,-1.0,35.8,-86.5,1.7314143468666412
2024-05-11 05:59:00,685084900,0.02776256470208851,0.004431745451206989,0.05109338395297003,35.808713750000045,-86.48408854387709,10208,-0.7,35.8,-86.5,1.7314143468666412
2024-05-11 06:00:00,685084900,0.0054572033016330535,-0.00593364985672092,0.016848056459987028,35.808713750000045,-86.48408854387709,10208,-0.2,35.8,-86.5,1.7314143468666412
2024-05-11 06:01:00,685084900,0.0064697736209081815,-0.004866113311096091,0.017805660552912453,35.808713750000045,-86.48408854387709,10208,-0.4,35.8,-86.5,1.7314143468666412
2024-05-11 06:02:00,685084900,-0.021787230729575755,-0.06014642629660792,0.016571964837456408,35.808713750000045,-86.48408854387709,10208,-0.6,35.8,-86.5,1.7314143468666412
2024-05-11 06:03:00,685084900,0.00537349573300842,-0.036926418177908704,0.04767340964392555,35.808713750000045,-86.48408854387709,10208,-0.4,35.8,-86.5,1.7314143468666412
2024-05-11 06:04:00,685084900,0.012104230433722512,-0.03464290976940756,0.05885137063685258,35.808713750000045,-86.48408854387709,10208,-0.2,35.8,-86.5,1.7314143468666412
2024-05-11 06:05:00,685084900,-0.019789040208905033,-0.07484164276319719,0.03526356234538713,35.808713750000045,-86.48408854387709,10208,0.0,35.8,-86.5,1.7314143468666412
2024-05-11 06:06:00,685084900,-0.05287823680269694,-0.1334444358844382,0.02768796227904432,35.808713750000045,-86.48408854387709,10208,0.1,35.8,-86.5,1.7314143468666412
2024-05-11 06:07:00,685084900,-0.001987201620767641,-0.03962422674902599,0.03564982350749071,35.808713750000045,-86.48408854387709,10208,0.1,35.8,-86.5,1.7314143468666412
2024-05-11 06:08:00,685084900,0.04515735110582404,0.018562456785472095,0.07175224542617599,35.808713750000045,-86.48408854387709,10208,0.3,35.8,-86.5,1.7314143468666412
2024-05-11 06:09:00,685084900,0.05097144164731219,0.004232154444294339,0.09771072885033004,35.808713750000045,-86.48408854387709,10208,0.3,35.8,-86.5,1.7314143468666412
2024-05-11 06:10:00,685084900,0.027493535951230857,-0.00307553992598766,0.05806261182844938,35.808713750000045,-86.48408854387709,10208,0.2,35.8,-86.5,1.7314143468666412
2024-05-11 06:11:00,685084900,0.12945987493621477,0.012792475161186048,0.24612727471124352,35.808713750000045,-86.48408854387709,10208,-0.1,35.8,-86.5,1.7314143468666412
2024-05-11 06:12:00,685084900,0.16001257931697105,0.0028298511866431397,0.31719530744729896,35.808713750000045,-86.48408854387709,10208,0.0,35.8,-86.5,1.7314143468666412
2024-05-11 06:13:00,685084900,0.1169521701199622,-0.02230176652362062,0.25620610676354505,35.808713750000045,-86.48408854387709,10208,-0.3,35.8,-86.5,1.7314143468666412
2024-05-11 06:14:00,685084900,0.0002827854788215191,-0.10374648438202208,0.10431205533966512,35.808713750000045,-86.48408854387709,10208,-0.2,35.8,-86.5,1.7314143468666412
2024-05-11 06:15:00,685084900,0.06336025495856258,-0.006164656404252053,0.1328851663213772,35.808713750000045,-86.48408854387709,10208,-0.1,35.8,-86.5,1.7314143468666412
2024-05-11 06:16:00,685084900,0.2032507323705677,0.04467514359875224,0.36182632114238317,35.808713750000045,-86.48408854387709,10208,0.1,35.8,-86.5,1.7314143468666412
2024-05-11 06:17:00,685084900,0.13984709100267914,0.031459805544412134,0.24823437646094615,35.808713750000045,-86.48408854387709,10208,-0.2,35.8,-86.5,1.7314143468666412
2024-05-11 06:18:00,685084900,0.14317642447927612,0.030819612900666746,0.25553323605788547,35.808713750000045,-86.48408854387709,10208,0.0,35.8,-86.5,1.7314143468666412
2024-05-11 06:19:00,685084900,0.051593670848238446,0.016763286234987497,0.0864240554614894,35.808713750000045,-86.48408854387709,10208,0.0,35.8,-86.5,1.7314143468666412
2024-05-11 06:20:00,685084900,0.033069712328445855,-0.01028738916810177,0.07642681382499347,35.808713750000045,-86.48408854387709,10208,0.1,35.8,-86.5,1.7314143468666412
2024-05-11 06:21:00,685084900,0.012492274107673302,-0.027153103106836076,0.052137651322182677,35.808713750000045,-86.48408854387709,10208,0.2,35.8,-86.5,1.7314143468666412
2024-05-11 06:22:00,685084900,0.04116319375464639,-0.0019538644858235338,0.08428025199511631,35.808713750000045,-86.48408854387709,10208,-0.1,35.8,-86.5,1.7314143468666412
2024-05-11 06:23:00,685084900,0.014565798285509326,-0.0018449382969071178,0.03097653486792577,35.808713750000045,-86.48408854387709,10208,-0.3,35.8,-86.5,1.7314143468666412
2024-05-11 06:24:00,685084900,-0.05196777669551313,-0.10984058312739864,0.005905029736372379,35.808713750000045,-86.48408854387709,10208,-0.6,35.8,-86.5,1.7314143468666412
2024-05-11 06:25:00,685084900,-0.11076554509722794,-0.22689500858757722,0.0053639183931213225,35.808713750000045,-86.48408854387709,10208,-0.6,35.8,-86.5,1.7314143468666412
2024-05-11 06:26:00,685084900,-0.09227370867091053,-0.20142751868435219,0.016880101342531123,35.808713750000045,-86.48408854387709,10208,-0.9,35.8,-86.5,1.7314143468666412
2024-05-11 06:27:00,685084900,-0.004098835052382489,-0.115449489130979,0.10725181902621403,35.808713750000045,-86.48408854387709,10208,-0.6,35.8,-86.5,1.7314143468666412
2024-05-11 06:28:00,685084900,-0.011580955845923254,-0.09421680065029724,0.07105488895845073,35.808713750000045,-86.48408854387709,10208,-0.6,35.8,-86.5,1.7314143468666412
2024-05-11 06:29:00,685084900,0.07397897129661699,0.006763863417631549,0.14119407917560242,35.808713750000045,-86.48408854387709,10208,-0.1,35.8,-86.5,1.7314143468666412
2024-05-11 06:30:00,685084900,0.0662725892095816,-0.03593739156132218,0.16848256998048539,35.808713750000045,-86.48408854387709,10208,-0.3,35.8,-86.5,1.7314143468666412
2024-05-11 06:31:00,685084900,0.05671414578610326,-0.007047451218946205,0.12047574279115272,35.808713750000045,-86.48408854387709,10208,-0.5,35.8,-86.5,1.7314143468666412
2024-05-11 06:32:00,685084900,0.08048040817147867,0.018882481930808555,0.1420783344121488,35.808713750000045,-86.48408854387709,10208,-0.1,35.8,-86.5,1.7314143468666412
2024-05-11 06:33:00,685084900,-0.04002866732168294,-0.1505590407549979,0.07050170611163203,35.808713750000045,-86.48408854387709,10208,-0.3,35.8,-86.5,1.7314143468666412
2024-05-11 06:34:00,685084900,0.005217340101551192,-0.03883564536211157,0.049270325565213956,35.808713750000045,-86.48408854387709,10208,-0.2,35.8,-86.5,1.7314143468666412
2024-05-11 06:35:00,685084900,0.012006331067319355,-0.0480819959941058,0.07209465812874451,35.808713750000045,-86.48408854387709,10208,-0.1,35.8,-86.5,1.7314143468666412
2024-05-11 06:36:00,685084900,0.03060130136639942,0.010768812768807805,0.05043378996399103,35.808713750000045,-86.48408854387709,10208,0.1,35.8,-86.5,1.7314143468666412
2024-05-11 06:37:00,685084900,-0.027698134686534807,-0.08443859671240932,0.029042327339339702,35.808713750000045,-86.48408854387709,10208,0.0,35.8,-86.5,1.7314143468666412
2024-05-11 06:38:00,685084900,0.06037416519057294,-0.028134599418630904,0.1488829297997768,35.808713750000045,-86.48408854387709,10208,0.3,35.8,-86.5,1.7314143468666412
2024-05-11 06:39:00,685084900,-0.0038600070971968035,-0.08123549359094644,0.07351547939655283,35.808713750000045,-86.48408854387709,10208,0.2,35.8,-86.5,1.7314143468666412
2024-05-11 06:40:00,685084900,-0.05544891626785165,-0.11785140340336785,0.006953570867664544,35.808713750000045,-86.48408854387709,10208,-0.1,35.8,-86.5,1.7314143468666412
2024-05-11 06:41:00,685084900,-0.09990146421472258,-0.204699928396909,0.004896999967463844,35.808713750000045,-86.48408854387709,10208,0.2,35.8,-86.5,1.7314143468666412
2024-05-11 06:42:00,685084900,-0.0619223577990657,-0.12804081991133567,0.004196104313204274,35.808713750000045,-86.48408854387709,10208,0.0,35.8,-86.5,1.7314143468666412
2024-05-11 06:43:00,685084900,0.011429540367036677,-0.050035614040769116,0.07289469477484248,35.808713750000045,-86.48408854387709,10208,-0.2,35.8,-86.5,1.7314143468666412
2024-05-11 06:44:00,685084900,0.013867476360061944,-0.047644346356479,0.07537929907660289,35.808713750000045,-86.48408854387709,10208,0.5,35.8,-86.5,1.7314143468666412
2024-05-11 06:45:00,685084900,0.030176269703450102,-0.010411436776543694,0.0707639761834439,35.808713750000045,-86.48408854387709,10208,1.0,35.8,-86.5,1.7314143468666412
2024-05-11 06:46:00,685084900,0.07333268298346,-0.01023975603031968,0.1569051219972397,35.808713750000045,-86.48408854387709,10208,0.4,35.8,-86.5,1.7314143468666412
2024-05-11 06:47:00,685084900,0.12582633057615464,-0.044477219531482065,0.2961298806837913,35.808713750000045,-86.48408854387709,10208,0.7,35.8,-86.5,1.7314143468666412
2024-05-11 06:48:00,685084900,0.08295738416465241,-0.05126297478067392,0.21717774310997873,35.808713750000045,-86.48408854387709,10208,1.1,35.8,-86.5,1.7314143468666412
2024-05-11 06:49:00,685084900,0.14053397492907074,-0.014032985279596344,0.29510093513773783,35.808713750000045,-86.48408854387709,10208,0.8,35.8,-86.5,1.7314143468666412
2024-05-11 06:50:00,685084900,0.009940197945603125,-0.05554630939302596,0.0754267052842322,35.808713750000045,-86.48408854387709,10208,0.2,35.8,-86.5,1.7314143468666412
2024-05-11 06:51:00,685084900,-0.03187753421473038,-0.0911944044865226,0.027439336057061843,35.808713750000045,-86.48408854387709,10208,0.7,35.8,-86.5,1.7314143468666412
2024-05-11 06:52:00,685084900,-0.026596248911464462,-0.05466986944654063,0.001477371623611702,35.808713750000045,-86.48408854387709,10208,0.7,35.8,-86.5,1.7314143468666412
2024-05-11 06:53:00,685084900,-0.17906615328452052,-0.3515715458799977,-0.0065607606890432935,35.808713750000045,-86.48408854387709,10208,0.3,35.8,-86.5,1.7314143468666412
2024-05-11 06:54:00,685084900,-0.16615028227425777,-0.3257631163255914,-0.006537448222924153,35.808713750000045,-86.48408854387709,10208,0.2,35.8,-86.5,1.7314143468666412
2024-05-11 06:55:00,685084900,-0.13908652387053355,-0.29880389613984776,0.020630848398780655,35.808713750000045,-86.48408854387709,10208,0.4,35.8,-86.5,1.7314143468666412
2024-05-11 06:56:00,685084900,-0.2827029199350097,-0.5483927737785246,-0.017013066091494777,35.808713750000045,-86.48408854387709,10208,-0.6,35.8,-86.5,1.7314143468666412
2024-05-11 06:57:00,685084900,-0.2671298813964187,-0.5529978682114011,0.01873810541856369,35.808713750000045,-86.48408854387709,10208,-0.4,35.8,-86.5,1.7314143468666412
2024-05-11 06:58:00,685084900,-0.5112005463364786,-1.0024098680580966,-0.019991224614860637,35.808713750000045,-86.48408854387709,10208,-0.8,35.8,-86.5,1.7314143468666412
2024-05-11 06:59:00,685084900,-0.1301869629370581,-0.30546060544407483,0.045086679569958626,35.808713750000045,-86.48408854387709,10208,-0.9,35.8,-86.5,1.7314143468666412
2024-05-11 07:00:00,685084900,-0.009959703134704774,-0.05078098039319848,0.030861574123788926,35.808713750000045,-86.48408854387709,10208,-1.4,35.8,-86.5,1.7314143468666412
2024-05-11 07:01:00,685084900,-0.06845190978803808,-0.14681690533504305,0.009913085758966864,35.808713750000045,-86.48408854387709,10208,-0.8,35.8,-86.5,1.7314143468666412
2024-05-11 07:02:00,685084900,-0.13251305011269546,-0.2756338046956619,0.010607704470270957,35.808713750000045,-86.48408854387709,10208,-1.1,35.8,-86.5,1.7314143468666412
2024-05-11 07:03:00,685084900,-0.10653860166558661,-0.23882947879499145,0.02575227546381824,35.808713750000045,-86.48408854387709,10208,-1.5,35.8,-86.5,1.7314143468666412
2024-05-11 07:04:00,685084900,-0.020036216983076865,-0.12390032695141005,0.08382789298525632,35.808713750000045,-86.48408854387709,10208,-1.5,35.8,-86.5,1.7314143468666412
2024-05-11 07:05:00,685084900,0.16918781065026947,0.004955207973408149,0.3334204133271308,35.808713750000045,-86.48408854387709,10208,-1.5,35.8,-86.5,1.7314143468666412
2024-05-11 07:06:00,685084900,0.16335163015443843,-0.0069986120436082155,0.33370187235248505,35.808713750000045,-86.48408854387709,10208,-1.9,35.8,-86.5,1.7314143468666412
2024-05-11 07:07:00,685084900,0.1203139602697048,-0.01670620581065195,0.25733412635006153,35.808713750000045,-86.48408854387709,10208,-2.0,35.8,-86.5,1.7314143468666412
2024-05-11 07:08:00,685084900,0.06489197712419173,0.006488578179156955,0.1232953760692265,35.808713750000045,-86.48408854387709,10208,-1.7,35.8,-86.5,1.7314143468666412
2024-05-11 07:09:00,685084900,0.06022848895354486,-0.06699850625812717,0.18745548416521687,35.808713750000045,-86.48408854387709,10208,-0.6,35.8,-86.5,1.7314143468666412
2024-05-11 07:10:00,685084900,0.08015608643234859,0.03488955314980863,0.12542261971488855,35.808713750000045,-86.48408854387709,10208,-0.7,35.8,-86.5,1.7314143468666412
2024-05-11 07:11:00,685084900,0.13949746627012355,0.04993633950505613,0.22905859303519097,35.808713750000045,-86.48408854387709,10208,0.1,35.8,-86.5,1.7314143468666412
2024-05-11 07:12:00,685084900,0.050079189215880074,0.01932902792673374,0.0808293505050264,35.808713750000045,-86.48408854387709,10208,0.7,35.8,-86.5,1.7314143468666412
2024-05-11 07:13:00,685084900,0.13481129594673305,0.02735626339505441,0.24226632849841168,35.808713750000045,-86.48408854387709,10208,1.1,35.8,-86.5,1.7314143468666412
2024-05-11 07:14:00,685084900,0.04743238768484581,0.00886983869752924,0.08599493667216238,35.808713750000045,-86.48408854387709,10208,0.8,35.8,-86.5,1.7314143468666412
2024-05-11 07:15:00,685084900,0.17739908760958417,0.03782377088054639,0.31697440433862195,35.808713750000045,-86.48408854387709,10208,0.6,35.8,-86.5,1.7314143468666412
2024-05-11 07:16:00,685084900,0.14327724491419533,0.011417547099926678,0.275136942728464,35.808713750000045,-86.48408854387709,10208,-0.4,35.8,-86.5,1.7314143468666412
2024-05-11 07:17:00,685084900,0.08687254976889554,-0.020606430747605375,0.19435153028539645,35.808713750000045,-86.48408854387709,10208,-0.1,35.8,-86.5,1.7314143468666412
2024-05-11 07:18:00,685084900,0.11380784914007745,-0.08401226330377821,0.31162796158393313,35.808713750000045,-86.48408854387709,10208,0.4,35.8,-86.5,1.7314143468666412
2024-05-11 07:19:00,685084900,0.09462455414090289,-0.07282477102238417,0.26207387930418996,35.808713750000045,-86.48408854387709,10208,0.8,35.8,-86.5,1.7314143468666412
2024-05-11 07:20:00,685084900,0.12068968710678091,-0.019409644549565813,0.26078901876312766,35.808713750000045,-86.48408854387709,10208,0.9,35.8,-86.5,1.7314143468666412
2024-05-11 07:21:00,685084900,0.12205884083053291,-0.005867300266864148,0.24998498192792995,35.808713750000045,-86.48408854387709,10208,0.8,35.8,-86.5,1.7314143468666412
2024-05-11 07:22:00,685084900,0.17122074735188691,-0.003985670936432456,0.34642716564020626,35.808713750000045,-86.48408854387709,10208,0.6,35.8,-86.5,1.7314143468666412
2024-05-11 07:23:00,685084900,0.06464771728990218,-0.0326430091764261,0.16193844375623045,35.808713750000045,-86.48408854387709,10208,0.1,35.8,-86.5,1.7314143468666412
2024-05-11 07:24:00,685084900,0.10260949330435716,-0.08687324032714737,0.2920922269358617,35.808713750000045,-86.48408854387709,10208,0.9,35.8,-86.5,1.7314143468666412
2024-05-11 07:25:00,685084900,0.03305707530199319,-0.09508596733276956,0.16120011793675595,35.808713750000045,-86.48408854387709,10208,0.9,35.8,-86.5,1.7314143468666412
2024-05-11 07:26:00,685084900,0.03209535568130842,-0.049395465374567196,0.11358617673718403,35.808713750000045,-86.48408854387709,10208,0.7,35.8,-86.5,1.7314143468666412
2024-05-11 07:27:00,685084900,0.07908400578553354,-0.01777942253612859,0.17594743410719565,35.808713750000045,-86.48408854387709,10208,0.5,35.8,-86.5,1.7314143468666412
2024-05-11 07:28:00,685084900,0.05073502309064217,-0.018269760419610113,0.11973980660089445,35.808713750000045,-86.48408854387709,10208,0.2,35.8,-86.5,1.7314143468666412
2024-05-11 07:29:00,685084900,0.14768738993559416,0.017354784234929643,0.2780199956362587,35.808713750000045,-86.48408854387709,10208,0.1,35.8,-86.5,1.7314143468666412
2024-05-11 07:30:00,685084900,0.1525501797643378,0.019465162158391752,0.28563519737028387,35.808713750000045,-86.48408854387709,10208,0.0,35.8,-86.5,1.7314143468666412
2024-05-11 07:31:00,685084900,0.05946827255485037,0.018941442641457945,0.0999951024682428,35.808713750000045,-86.48408854387709,10208,-0.4,35.8,-86.5,1.7314143468666412
2024-05-11 07:32:00,685084900,0.047593029537855096,0.011722056873650757,0.08346400220205943,35.808713750000045,-86.48408854387709,10208,0.0,35.8,-86.5,1.7314143468666412
2024-05-11 07:33:00,685084900,0.11449691795549219,0.001398678573403575,0.2275951573375808,35.808713750000045,-86.48408854387709,10208,0.0,35.8,-86.5,1.7314143468666412
2024-05-11 07:34:00,685084900,-0.006688710820698947,-0.046992189719372406,0.03361476807797451,35.808713750000045,-86.48408854387709,10208,-0.1,35.8,-86.5,1.7314143468666412
2024-05-11 07:35:00,685084900,-0.03881544363763241,-0.08620335979433558,0.00857247251907075,35.808713750000045,-86.48408854387709,10208,0.1,35.8,-86.5,1.7314143468666412
2024-05-11 07:36:00,685084900,0.0828691859652552,0.006650658594497941,0.15908771333601246,35.808713750000045,-86.48408854387709,10208,0.9,35.8,-86.5,1.7314143468666412
2024-05-11 07:37:00,685084900,-0.053603673951290724,-0.11160679097883186,0.004399443076250419,35.808713750000045,-86.48408854387709,10208,0.2,35.8,-86.5,1.7314143468666412
2024-05-11 07:38:00,685084900,0.2340416077727348,0.031637542169890925,0.4364456733755787,35.808713750000045,-86.48408854387709,10208,1.0,35.8,-86.5,1.7314143468666412
2024-05-11 07:39:00,685084900,0.09247902161977238,-0.012051192137789352,0.1970092353773341,35.808713750000045,-86.48408854387709,10208,0.4,35.8,-86.5,1.7314143468666412
2024-05-11 07:40:00,685084900,0.11446908567283645,0.021445347063144188,0.20749282428252872,35.808713750000045,-86.48408854387709,10208,0.6,35.8,-86.5,1.7314143468666412
2024-05-11 07:41:00,685084900,0.11798866851745071,-0.0025073943901848805,0.2384847314250863,35.808713750000045,-86.48408854387709,10208,0.6,35.8,-86.5,1.7314143468666412
2024-05-11 07:42:00,685084900,0.08476390274242819,0.0023035064613391026,0.16722429902351726,35.808713750000045,-86.48408854387709,10208,0.8,35.8,-86.5,1.7314143468666412
2024-05-11 07:43:00,685084900,0.0007166710169265634,-0.04138743662575946,0.04282077865961259,35.808713750000045,-86.48408854387709,10208,0.7,35.8,-86.5,1.7314143468666412
2024-05-11 07:44:00,685084900,0.19712799414741808,0.03474956174135563,0.35950642655348053,35.808713750000045,-86.48408854387709,10208,1.2,35.8,-86.5,1.7314143468666412
2024-05-11 07:45:00,685084900,0.12004790726169773,0.015121889331623242,0.22497392519177223,35.808713750000045,-86.48408854387709,10208,0.1,35.8,-86.5,1.7314143468666412
2024-05-11 07:46:00,685084900,0.06797559396003666,-0.06252876575379471,0.19847995367386803,35.808713750000045,-86.48408854387709,10208,0.0,35.8,-86.5,1.7314143468666412
2024-05-11 07:47:00,685084900,-0.001708954071629825,-0.10467327228049653,0.10125536413723688,35.808713750000045,-86.48408854387709,10208,-0.2,35.8,-86.5,1.7314143468666412
2024-05-11 07:48:00,685084900,0.06499830090767117,0.03216321749360832,0.09783338432173402,35.808713750000045,-86.48408854387709,10208,-0.2,35.8,-86.5,1.7314143468666412
2024-05-11 07:49:00,685084900,-0.03652660315198712,-0.09470142335455217,0.02164821705057792,35.808713750000045,-86.48408854387709,10208,-0.4,35.8,-86.5,1.7314143468666412
2024-05-11 07:50:00,685084900,0.04539420160577052,-0.0007819971672639522,0.09157040037880498,35.808713750000045,-86.48408854387709,10208,-0.4,35.8,-86.5,1.7314143468666412
2024-05-11 07:51:00,685084900,0.11631657152105356,0.025731089031021323,0.2069020540110858,35.808713750000045,-86.48408854387709,10208,0.0,35.8,-86.5,1.7314143468666412
2024-05-11 07:52:00,685084900,0.1223967798460067,-0.005712254011487325,0.2505058137035007,35.808713750000045,-86.48408854387709,10208,-0.4,35.8,-86.5,1.7314143468666412
2024-05-11 07:53:00,685084900,0.1858002733847561,0.02350228022015835,0.34809826654935383,35.808713750000045,-86.48408854387709,10208,-0.2,35.8,-86.5,1.7314143468666412
2024-05-11 07:54:00,685084900,0.2823578783867739,0.051258864795701936,0.5134568919778458,35.808713750000045,-86.48408854387709,10208,0.6,35.8,-86.5,1.7314143468666412
2024-05-11 07:55:00,685084900,0.273020118775589,0.046914051867228024,0.49912618568395,35.808713750000045,-86.48408854387709,10208,0.4,35.8,-86.5,1.7314143468666412
2024-05-11 07:56:00,685084900,0.18987207943429543,0.02656897812597875,0.3531751807426121,35.808713750000045,-86.48408854387709,10208,0.6,35.8,-86.5,1.7314143468666412
2024-05-11 07:57:00,685084900,0.044647620681475375,-0.014668898766858528,0.10396414012980928,35.808713750000045,-86.48408854387709,10208,0.3,35.8,-86.5,1.7314143468666412
2024-05-11 07:58:00,685084900,-0.04076936790906269,-0.16676405573392872,0.08522531991580334,35.808713750000045,-86.48408854387709,10208,0.4,35.8,-86.5,1.7314143468666412
2024-05-11 07:59:00,685084900,-0.16487809805238335,-0.343750396207121,0.013994200102354304,35.808713750000045,-86.48408854387709,10208,0.6,35.8,-86.5,1.7314143468666412
2024-05-11 08:00:00,685084900,-0.045487368475613216,-0.09957600108311687,0.008601264131890433,35.808713750000045,-86.48408854387709,10208,0.9,35.8,-86.5,1.7314143468666412
2024-05-11 08:01:00,685084900,-0.11612103974650831,-0.2204718496535335,-0.011770229839483129,35.808713750000045,-86.48408854387709,10208,0.1,35.8,-86.5,1.7314143468666412
2024-05-11 08:02:00,685084900,-0.09748689616856834,-0.1919575092410779,-0.0030162830960587805,35.808713750000045,-86.48408854387709,10208,0.2,35.8,-86.5,1.7314143468666412
2024-05-11 08:03:00,685084900,-0.20920839162183913,-0.40485079776357175,-0.013565985480106513,35.808713750000045,-86.48408854387709,10208,-0.1,35.8,-86.5,1.7314143468666412
2024-05-11 08:04:00,685084900,-0.09123113961851509,-0.2202115040908075,0.037749224853777325,35.808713750000045,-86.48408854387709,10208,0.0,35.8,-86.5,1.7314143468666412
2024-05-11 08:05:00,685084900,-0.11039691325715507,-0.2995771690300038,0.07878334251569367,35.808713750000045,-86.48408854387709,10208,-0.1,35.8,-86.5,1.7314143468666412
2024-05-11 08:06:00,685084900,-0.04238809870647438,-0.2064539297346501,0.12167773232170133,35.808713750000045,-86.48408854387709,10208,0.2,35.8,-86.5,1.7314143468666412
2024-05-11 08:07:00,685084900,-0.25367943777201074,-0.4728697408704976,-0.03448913467352388,35.808713750000045,-86.48408854387709,10208,-0.1,35.8,-86.5,1.7314143468666412
2024-05-11 08:08:00,685084900,-0.10339681462465554,-0.20842962679071164,0.0016359975414005773,35.808713750000045,-86.48408854387709,10208,-0.4,35.8,-86.5,1.7314143468666412
2024-05-11 08:09:00,685084900,-0.35031702314837315,-0.6279111959986634,-0.07272285029808295,35.808713750000045,-86.48408854387709,10208,-0.3,35.8,-86.5,1.7314143468666412
2024-05-11 08:10:00,685084900,-0.18556497621311785,-0.35362998539436874,-0.01749996703186696,35.808713750000045,-86.48408854387709,10208,-0.1,35.8,-86.5,1.7314143468666412
2024-05-11 08:11:00,685084900,-0.12104239268197096,-0.20878027056129522,-0.03330451480264672,35.808713750000045,-86.48408854387709,10208,-0.4,35.8,-86.5,1.7314143468666412
2024-05-11 08:12:00,685084900,-0.183561607263356,-0.32507810090660094,-0.04204511362011101,35.808713750000045,-86.48408854387709,10208,-0.4,35.8,-86.5,1.7314143468666412
2024-05-11 08:13:00,685084900,-0.17066462214712977,-0.30783403738855925,-0.03349520690570029,35.808713750000045,-86.48408854387709,10208,-0.4,35.8,-86.5,1.7314143468666412
2024-05-11 08:14:00,685084900,-0.16828606252150802,-0.3121383007083215,-0.02443382433469457,35.808713750000045,-86.48408854387709,10208,-0.5,35.8,-86.5,1.7314143468666412
2024-05-11 08:15:00,685084900,-0.0794489218552159,-0.1683112454327409,0.009413401722309103,35.808713750000045,-86.48408854387709,10208,-0.1,35.8,-86.5,1.7314143468666412
2024-05-11 08:16:00,685084900,-0.16809460647008367,-0.3333288906449068,-0.0028603222952605922,35.808713750000045,-86.48408854387709,10208,-0.4,35.8,-86.5,1.7314143468666412
2024-05-11 08:17:00,685084900,-0.15895154833713473,-0.30468894024211374,-0.013214156432155733,35.808713750000045,-86.48408854387709,10208,-0.6,35.8,-86.5,1.7314143468666412
2024-05-11 08:18:00,685084900,-0.1420319226257899,-0.3112781633274032,0.02721431807582339,35.808713750000045,-86.48408854387709,10208,-0.2,35.8,-86.5,1.7314143468666412
2024-05-11 08:19:00,685084900,-0.07678278260529242,-0.21284017396600777,0.059274608755422925,35.808713750000045,-86.48408854387709,10208,-0.2,35.8,-86.5,1.7314143468666412
2024-05-11 08:20:00,685084900,-0.31862517756428105,-0.6224517661245998,-0.014798589003962304,35.808713750000045,-86.48408854387709,10208,-1.7,35.8,-86.5,1.7314143468666412
2024-05-11 08:21:00,685084900,-0.19957241341822404,-0.3896206384949522,-0.009524188341495876,35.808713750000045,-86.48408854387709,10208,-1.0,35.8,-86.5,1.7314143468666412
2024-05-11 08:22:00,685084900,-0.4666003629354799,-0.8833916897046237,-0.049809036166336196,35.808713750000045,-86.48408854387709,10208,-0.2,35.8,-86.5,1.7314143468666412
2024-05-11 08:23:00,685084900,-0.4606481576494988,-0.9000856450761158,-0.02121067022288181,35.808713750000045,-86.48408854387709,10208,-0.3,35.8,-86.5,1.7314143468666412
2024-05-11 08:24:00,685084900,-0.35087937673788067,-0.6979873251610441,-0.003771428314717218,35.808713750000045,-86.48408854387709,10208,0.7,35.8,-86.5,1.7314143468666412
2024-05-11 08:25:00,685084900,-0.18507788785768983,-0.3535130722770822,-0.016642703438297518,35.808713750000045,-86.48408854387709,10208,-0.5,35.8,-86.5,1.7314143468666412
2024-05-11 08:26:00,685084900,-0.025933061178370298,-0.12619379792235427,0.07432767556561368,35.808713750000045,-86.48408854387709,10208,-0.6,35.8,-86.5,1.7314143468666412
2024-05-11 08:27:00,685084900,-0.08230361099922985,-0.1896721256891446,0.025064903690684898,35.808713750000045,-86.48408854387709,10208,-0.7,35.8,-86.5,1.7314143468666412
2024-05-11 08:28:00,685084900,0.22842489783204314,-0.04252458236808862,0.4993743780321749,35.808713750000045,-86.48408854387709,10208,-0.8,35.8,-86.5,1.7314143468666412
2024-05-11 08:29:00,685084900,0.24287795122630176,-0.02697697430922877,0.5127328767618323,35.808713750000045,-86.48408854387709,10208,-0.3,35.8,-86.5,1.7314143468666412
2024-05-11 08:30:00,685084900,0.1537594968389166,-0.04507277848112179,0.352591772158955,35.808713750000045,-86.48408854387709,10208,-0.8,35.8,-86.5,1.7314143468666412
2024-05-11 08:31:00,685084900,-0.012059255141737321,-0.06754483057265889,0.04342632028918425,35.808713750000045,-86.48408854387709,10208,-0.5,35.8,-86.5,1.7314143468666412
2024-05-11 08:32:00,685084900,-0.0481594815379273,-0.16328505031584611,0.06696608723999153,35.808713750000045,-86.48408854387709,10208,-0.1,35.8,-86.5,1.7314143468666412
2024-05-11 08:33:00,685084900,0.05411191237558033,-0.15466616107551345,0.2628899858266741,35.808713750000045,-86.48408854387709,10208,0.2,35.8,-86.5,1.7314143468666412
2024-05-11 08:34:00,685084900,-0.20398409958244892,-0.37282997611124097,-0.03513822305365688,35.808713750000045,-86.48408854387709,10208,-0.3,35.8,-86.5,1.7314143468666412
2024-05-11 08:35:00,685084900,-0.33620911688314,-0.632603234152574,-0.03981499961370588,35.808713750000045,-86.48408854387709,10208,-0.1,35.8,-86.5,1.7314143468666412
2024-05-11 08:36:00,685084900,-0.23761200792611487,-0.44145029458012963,-0.0337737212721001,35.808713750000045,-86.48408854387709,10208,-0.1,35.8,-86.5,1.7314143468666412
2024-05-11 08:37:00,685084900,-0.3192029566915547,-0.5833964376908322,-0.05500947569227721,35.808713750000045,-86.48408854387709,10208,0.1,35.8,-86.5,1.7314143468666412
2024-05-11 08:38:00,685084900,-0.1632713758472476,-0.28624136551056245,-0.040301386183932725,35.808713750000045,-86.48408854387709,10208,0.9,35.8,-86.5,1.7314143468666412
2024-05-11 08:39:00,685084900,-0.056980251063415484,-0.09193351378644674,-0.022026988340384232,35.808713750000045,-86.48408854387709,10208,0.9,35.8,-86.5,1.7314143468666412
2024-05-11 08:40:00,685084900,0.030922098174220217,-0.04306778145865918,0.10491197780709961,35.808713750000045,-86.48408854387709,10208,0.2,35.8,-86.5,1.7314143468666412
2024-05-11 08:41:00,685084900,-0.0435522010283095,-0.0717081552346167,-0.015396246822002305,35.808713750000045,-86.48408854387709,10208,-0.3,35.8,-86.5,1.7314143468666412
2024-05-11 08:42:00,685084900,0.013202344601636936,-0.05153113053500122,0.0779358197382751,35.808713750000045,-86.48408854387709,10208,-0.2,35.8,-86.5,1.7314143468666412
2024-05-11 08:43:00,685084900,-0.09214696053618461,-0.19779999864787112,0.013506077575501901,35.808713750000045,-86.48408854387709,10208,-0.1,35.8,-86.5,1.7314143468666412
2024-05-11 08:44:00,685084900,-0.03261908101169712,-0.12031793753030667,0.05507977550691243,35.808713750000045,-86.48408854387709,10208,-0.8,35.8,-86.5,1.7314143468666412
2024-05-11 08:45:00,685084900,-0.16342330475982275,-0.2833450154935534,-0.043501594026092105,35.808713750000045,-86.48408854387709,10208,0.4,35.8,-86.5,1.7314143468666412
2024-05-11 08:46:00,685084900,-0.24120504229198628,-0.46619589736601397,-0.016214187217958587,35.808713750000045,-86.48408854387709,10208,-1.4,35.8,-86.5,1.7314143468666412
2024-05-11 08:47:00,685084900,-0.2336630035585097,-0.4340294905174211,-0.03329651659959823,35.808713750000045,-86.48408854387709,10208,-1.6,35.8,-86.5,1.7314143468666412
2024-05-11 08:48:00,685084900,-0.22703446296532842,-0.44356167695874105,-0.010507248971915767,35.808713750000045,-86.48408854387709,10208,-2.0,35.8,-86.5,1.7314143468666412
2024-05-11 08:49:00,685084900,-0.22411685576756368,-0.428725480720843,-0.019508230814284377,35.808713750000045,-86.48408854387709,10208,-2.8,35.8,-86.5,1.7314143468666412
2024-05-11 08:50:00,685084900,-0.25538988504621435,-0.49196370354674973,-0.018816066545678967,35.808713750000045,-86.48408854387709,10208,-2.5,35.8,-86.5,1.7314143468666412
2024-05-11 08:51:00,685084900,-0.34828949231145845,-0.6832205572997944,-0.013358427323122535,35.808713750000045,-86.48408854387709,10208,-1.8,35.8,-86.5,1.7314143468666412
2024-05-11 08:52:00,685084900,-0.21504246186472542,-0.4742208687977767,0.044135945068325855,35.808713750000045,-86.48408854387709,10208,-0.9,35.8,-86.5,1.7314143468666412
2024-05-11 08:53:00,685084900,-0.11654920047293113,-0.3261676420533143,0.09306924110745199,35.808713750000045,-86.48408854387709,10208,-1.9,35.8,-86.5,1.7314143468666412
2024-05-11 08:54:00,685084900,-0.019420821953717703,-0.09611459093279165,0.057272947025356236,35.808713750000045,-86.48408854387709,10208,-2.3,35.8,-86.5,1.7314143468666412
2024-05-11 08:55:00,685084900,0.020548707058386427,-0.057095009377447846,0.09819242349422069,35.808713750000045,-86.48408854387709,10208,-1.4,35.8,-86.5,1.7314143468666412
2024-05-11 08:56:00,685084900,-0.08354741379007366,-0.18025041432977867,0.01315558674963134,35.808713750000045,-86.48408854387709,10208,-0.2,35.8,-86.5,1.7314143468666412
2024-05-11 08:57:00,685084900,-0.1810072608337197,-0.35614738662221973,-0.005867135045219685,35.808713750000045,-86.48408854387709,10208,1.1,35.8,-86.5,1.7314143468666412
2024-05-11 08:58:00,685084900,-0.1643485304647111,-0.35980674626146464,0.031109685332042447,35.808713750000045,-86.48408854387709,10208,1.7,35.8,-86.5,1.7314143468666412
2024-05-11 08:59:00,685084900,-0.2616334336671399,-0.5120521849554864,-0.011214682378793417,35.808713750000045,-86.48408854387709,10208,1.6,35.8,-86.5,1.7314143468666412
2024-05-11 09:00:00,685084900,-0.1053041084227982,-0.2281100118109331,0.017501794965336687,35.808713750000045,-86.48408854387709,10208,1.3,35.8,-86.5,1.7314143468666412
2024-05-11 09:01:00,685084900,0.0664876169539492,0.008220295582328244,0.12475493832557015,35.808713750000045,-86.48408854387709,10208,1.6,35.8,-86.5,1.7314143468666412
2024-05-11 09:02:00,685084900,0.2101579267223489,0.0036953720687778746,0.4166204813759199,35.808713750000045,-86.48408854387709,10208,1.3,35.8,-86.5,1.7314143468666412
2024-05-11 09:03:00,685084900,0.03336092362727747,-0.035193732678751324,0.10191557993330626,35.808713750000045,-86.48408854387709,10208,1.4,35.8,-86.5,1.7314143468666412
2024-05-11 09:04:00,685084900,-0.06635448543032946,-0.13993713262591212,0.007228161765253205,35.808713750000045,-86.48408854387709,10208,1.6,35.8,-86.5,1.7314143468666412
2024-05-11 09:05:00,685084900,-0.2308814184090076,-0.4202081716072278,-0.041554665210787434,35.808713750000045,-86.48408854387709,10208,1.6,35.8,-86.5,1.7314143468666412
2024-05-11 09:06:00,685084900,-0.155946489461092,-0.31450473582910465,0.002611756906920698,35.808713750000045,-86.48408854387709,10208,1.2,35.8,-86.5,1.7314143468666412
2024-05-11 09:07:00,685084900,-0.13342718574611148,-0.270030887635196,0.003176516142973068,35.808713750000045,-86.48408854387709,10208,0.9,35.8,-86.5,1.7314143468666412
2024-05-11 09:08:00,685084900,-0.21373675758596547,-0.4167473945387352,-0.010726120633195724,35.808713750000045,-86.48408854387709,10208,0.7,35.8,-86.5,1.7314143468666412
2024-05-11 09:09:00,685084900,-0.15213433062380885,-0.5251157940376572,0.2208471327900395,35.808713750000045,-86.48408854387709,10208,0.2,35.8,-86.5,1.7314143468666412
2024-05-11 09:10:00,685084900,-0.12009412755722478,-0.34756401815294075,0.10737576303849121,35.808713750000045,-86.48408854387709,10208,-0.2,35.8,-86.5,1.7314143468666412
2024-05-11 09:11:00,685084900,-0.08876856686528609,-0.1816156372134275,0.004078503482855336,35.808713750000045,-86.48408854387709,10208,-0.3,35.8,-86.5,1.7314143468666412
2024-05-11 09:12:00,685084900,-0.1320165314767372,-0.204771785312869,-0.05926127764060539,35.808713750000045,-86.48408854387709,10208,-0.4,35.8,-86.5,1.7314143468666412
2024-05-11 09:13:00,685084900,-0.068776713655391,-0.10511086041182335,-0.032442566898958636,35.808713750000045,-86.48408854387709,10208,-0.6,35.8,-86.5,1.7314143468666412
2024-05-11 09:14:00,685084900,-0.05894470471380217,-0.08982234445648504,-0.028067064971119292,35.808713750000045,-86.48408854387709,10208,-0.6,35.8,-86.5,1.7314143468666412
2024-05-11 09:15:00,685084900,0.04535402763426985,-0.0691389021315036,0.1598469574000433,35.808713750000045,-86.48408854387709,10208,-0.5,35.8,-86.5,1.7314143468666412
2024-05-11 09:16:00,685084900,0.03946276222529151,-0.06499791710635217,0.1439234415569352,35.808713750000045,-86.48408854387709,10208,-0.5,35.8,-86.5,1.7314143468666412
2024-05-11 09:17:00,685084900,0.2930897710783496,-0.028925324239204853,0.615104866395904,35.808713750000045,-86.48408854387709,10208,-0.1,35.8,-86.5,1.7314143468666412
2024-05-11 09:18:00,685084900,0.08802254579174655,-0.09630075616554949,0.2723458477490426,35.808713750000045,-86.48408854387709,10208,-0.8,35.8,-86.5,1.7314143468666412
2024-05-11 09:19:00,685084900,0.01766967043911922,-0.11804823897890948,0.1533875798571479,35.808713750000045,-86.48408854387709,10208,-0.2,35.8,-86.5,1.7314143468666412
2024-05-11 09:20:00,685084900,0.19543544297741017,-0.10064359191442457,0.4915144778692449,35.808713750000045,-86.48408854387709,10208,-0.7,35.8,-86.5,1.7314143468666412
2024-05-11 09:21:00,685084900,0.18597121557775728,-0.04848647818021362,0.4204289093357282,35.808713750000045,-86.48408854387709,10208,0.1,35.8,-86.5,1.7314143468666412
2024-05-11 09:22:00,685084900,0.2824314027002536,-0.02049539404215661,0.5853581994426638,35.808713750000045,-86.48408854387709,10208,0.0,35.8,-86.5,1.7314143468666412
2024-05-11 09:23:00,685084900,0.1806618508349831,-0.024284361839513102,0.3856080635094793,35.808713750000045,-86.48408854387709,10208,0.3,35.8,-86.5,1.7314143468666412
2024-05-11 09:24:00,685084900,0.21335130212446468,-0.00452275431813795,0.43122535856706734,35.808713750000045,-86.48408854387709,10208,0.5,35.8,-86.5,1.7314143468666412
2024-05-11 09:25:00,685084900,0.10607436589931753,-0.0734793734520106,0.28562810525064564,35.808713750000045,-86.48408854387709,10208,0.2,35.8,-86.5,1.7314143468666412
2024-05-11 09:26:00,685084900,0.20562410643217782,0.028306475661447283,0.38294173720290836,35.808713750000045,-86.48408854387709,10208,-0.2,35.8,-86.5,1.7314143468666412
2024-05-11 09:27:00,685084900,0.28191743156776866,0.03902711864860717,0.5248077444869301,35.808713750000045,-86.48408854387709,10208,0.6,35.8,-86.5,1.7314143468666412
2024-05-11 09:28:00,685084900,0.2866164902030981,0.010598137983636846,0.5626348424225593,35.808713750000045,-86.48408854387709,10208,0.8,35.8,-86.5,1.7314143468666412
2024-05-11 09:29:00,685084900,0.1209844705957491,0.011623483460535433,0.23034545773096277,35.808713750000045,-86.48408854387709,10208,0.3,35.8,-86.5,1.7314143468666412
2024-05-11 09:30:00,685084900,0.09098576922182597,0.004858605452716103,0.17711293299093583,35.808713750000045,-86.48408854387709,10208,0.2,35.8,-86.5,1.7314143468666412
2024-05-11 09:31:00,685084900,0.12041289035153213,0.018811975024168662,0.22201380567889561,35.808713750000045,-86.48408854387709,10208,0.0,35.8,-86.5,1.7314143468666412
2024-05-11 09:32:00,685084900,0.13673846097944883,0.011978176567793625,0.26149874539110407,35.808713750000045,-86.48408854387709,10208,0.6,35.8,-86.5,1.7314143468666412
2024-05-11 09:33:00,685084900,0.06949109480376202,-0.08435293001225032,0.22333511961977437,35.808713750000045,-86.48408854387709,10208,0.9,35.8,-86.5,1.7314143468666412
2024-05-11 09:34:00,685084900,0.34379162304178534,0.0400637448333348,0.6475195012502359,35.808713750000045,-86.48408854387709,10208,0.9,35.8,-86.5,1.7314143468666412
2024-05-11 09:35:00,685084900,0.2849507213200029,-0.06254510703602462,0.6324465496760303,35.808713750000045,-86.48408854387709,10208,0.0,35.8,-86.5,1.7314143468666412
2024-05-11 09:36:00,685084900,0.24189955930062085,-0.14710121314581293,0.6309003317470546,35.808713750000045,-86.48408854387709,10208,-1.2,35.8,-86.5,1.7314143468666412
2024-05-11 09:37:00,685084900,0.10901844381243893,-0.25771821367888365,0.4757551013037615,35.808713750000045,-86.48408854387709,10208,-0.9,35.8,-86.5,1.7314143468666412
2024-05-11 09:38:00,685084900,0.34087670306351336,-0.04746882113879386,0.7292222272658206,35.808713750000045,-86.48408854387709,10208,0.2,35.8,-86.5,1.7314143468666412
2024-05-11 09:39:00,685084900,0.5047024096429308,0.018799049139000712,0.9906057701468609,35.808713750000045,-86.48408854387709,10208,0.6,35.8,-86.5,1.7314143468666412
2024-05-11 09:40:00,685084900,0.58783392663281,-0.012291547494648891,1.1879594007602687,35.808713750000045,-86.48408854387709,10208,0.6,35.8,-86.5,1.7314143468666412
2024-05-11 09:41:00,685084900,0.9044413204231596,0.18649413778085988,1.6223885030654595,35.808713750000045,-86.48408854387709,10208,-0.6,35.8,-86.5,1.7314143468666412
2024-05-11 09:42:00,685084900,0.9046277300816057,0.14568930844917594,1.6635661517140354,35.808713750000045,-86.48408854387709,10208,1.2,35.8,-86.5,1.7314143468666412
2024-05-11 09:43:00,685084900,0.5866923816426937,0.0780369599304015,1.095347803354986,35.808713750000045,-86.48408854387709,10208,1.1,35.8,-86.5,1.7314143468666412
2024-05-11 09:44:00,685084900,0.42748084257493985,-0.010863417584847324,0.865825102734727,35.808713750000045,-86.48408854387709,10208,-0.2,35.8,-86.5,1.7314143468666412
2024-05-11 09:45:00,685084900,0.3642282287146152,0.09198707079747387,0.6364693866317566,35.808713750000045,-86.48408854387709,10208,0.5,35.8,-86.5,1.7314143468666412
2024-05-11 09:46:00,685084900,0.48836342376113817,0.11610646232836347,0.8606203851939129,35.808713750000045,-86.48408854387709,10208,0.9,35.8,-86.5,1.7314143468666412
2024-05-11 09:47:00,685084900,0.5822668274377285,0.12807411552672132,1.0364595393487357,35.808713750000045,-86.48408854387709,10208,0.7,35.8,-86.5,1.7314143468666412
2024-05-11 09:48:00,685084900,0.4036957138564335,0.0818642268841317,0.7255272008287352,35.808713750000045,-86.48408854387709,10208,0.7,35.8,-86.5,1.7314143468666412
2024-05-11 09:49:00,685084900,0.26011343233202155,0.06043012942500886,0.45979673523903425,35.808713750000045,-86.48408854387709,10208,2.0,35.8,-86.5,1.7314143468666412
2024-05-11 09:50:00,685084900,0.2212077875464413,0.07731219777727058,0.36510337731561204,35.808713750000045,-86.48408854387709,10208,1.9,35.8,-86.5,1.7314143468666412
2024-05-11 09:51:00,685084900,0.471619455302892,0.10344432102056689,0.8397945895852171,35.808713750000045,-86.48408854387709,10208,0.6,35.8,-86.5,1.7314143468666412
2024-05-11 09:52:00,685084900,0.380856147771244,0.08069300422826936,0.6810192913142186,35.808713750000045,-86.48408854387709,10208,-0.1,35.8,-86.5,1.7314143468666412
2024-05-11 09:53:00,685084900,0.1805303454318941,0.03346893183538449,0.32759175902840376,35.808713750000045,-86.48408854387709,10208,0.3,35.8,-86.5,1.7314143468666412
2024-05-11 09:54:00,685084900,0.12160087994624884,-0.021014975023058255,0.2642167349155559,35.808713750000045,-86.48408854387709,10208,1.1,35.8,-86.5,1.7314143468666412
2024-05-11 09:55:00,685084900,0.05596902984537049,0.010653135620857304,0.10128492406988368,35.808713750000045,-86.48408854387709,10208,0.1,35.8,-86.5,1.7314143468666412
2024-05-11 09:56:00,685084900,0.05123579073208807,-0.06040712752388396,0.1628787089880601,35.808713750000045,-86.48408854387709,10208,0.6,35.8,-86.5,1.7314143468666412
2024-05-11 09:57:00,685084900,0.2099887229647505,-0.003665529549258001,0.42364297547875895,35.808713750000045,-86.48408854387709,10208,0.3,35.8,-86.5,1.7314143468666412
2024-05-11 09:58:00,685084900,0.2165670433377931,-0.14119659411948146,0.5743306807950677,35.808713750000045,-86.48408854387709,10208,0.5,35.8,-86.5,1.7314143468666412
2024-05-11 09:59:00,685084900,-0.05755222092239185,-0.21221884263363588,0.0971144007888522,35.808713750000045,-86.48408854387709,10208,-0.3,35.8,-86.5,1.7314143468666412
2024-05-11 10:00:00,685084900,-0.11244436711694221,-0.2730373857776687,0.04814865154378424,35.808713750000045,-86.48408854387709,10208,-0.2,35.8,-86.5,1.7314143468666412
2024-05-11 10:01:00,685084900,-0.056373057344573894,-0.19650750340770706,0.08376138871855926,35.808713750000045,-86.48408854387709,10208,-0.2,35.8,-86.5,1.7314143468666412
2024-05-11 10:02:00,685084900,-0.04469659261119871,-0.14960036511730032,0.0602071798949029,35.808713750000045,-86.48408854387709,10208,-0.3,35.8,-86.5,1.7314143468666412
2024-05-11 10:03:00,685084900,-0.21088466070286765,-0.46094040480346765,0.03917108339773234,35.808713750000045,-86.48408854387709,10208,-0.2,35.8,-86.5,1.7314143468666412
2024-05-11 10:04:00,685084900,-0.32181041643133723,-0.6043276279201758,-0.03929320494249866,35.808713750000045,-86.48408854387709,10208,-0.3,35.8,-86.5,1.7314143468666412
2024-05-11 10:05:00,685084900,-0.2552311890223079,-0.46309785701356754,-0.047364521031048296,35.808713750000045,-86.48408854387709,10208,-0.3,35.8,-86.5,1.7314143468666412
2024-05-11 10:06:00,685084900,-0.3454833245549975,-0.6396902454429558,-0.05127640366703912,35.808713750000045,-86.48408854387709,10208,-0.8,35.8,-86.5,1.7314143468666412
2024-05-11 10:07:00,685084900,-0.2706711210495847,-0.5093739220143277,-0.03196832008484163,35.808713750000045,-86.48408854387709,10208,-1.0,35.8,-86.5,1.7314143468666412
2024-05-11 10:08:00,685084900,-0.25507381929193634,-0.47396048152074566,-0.03618715706312703,35.808713750000045,-86.48408854387709,10208,-0.6,35.8,-86.5,1.7314143468666412
2024-05-11 10:09:00,685084900,-0.28063886856664005,-0.5224527037223928,-0.038825033410887305,35.808713750000045,-86.48408854387709,10208,-0.3,35.8,-86.5,1.7314143468666412
2024-05-11 10:10:00,685084900,-0.22962912666613253,-0.4594266425092335,0.00016838917696845868,35.808713750000045,-86.48408854387709,10208,-0.1,35.8,-86.5,1.7314143468666412
2024-05-11 10:11:00,685084900,-0.257821589087029,-0.5341472260687552,0.018504047894697173,35.808713750000045,-86.48408854387709,10208,-0.5,35.8,-86.5,1.7314143468666412
2024-05-11 10:12:00,685084900,-0.11197073931011002,-0.3488351569578996,0.12489367833767952,35.808713750000045,-86.48408854387709,10208,-0.8,35.8,-86.5,1.7314143468666412
2024-05-11 10:13:00,685084900,-0.23483073126171447,-0.4547233841927756,-0.01493807833065336,35.808713750000045,-86.48408854387709,10208,-0.1,35.8,-86.5,1.7314143468666412
2024-05-11 10:14:00,685084900,-0.15231227634252922,-0.2968927334157416,-0.0077318192693168475,35.808713750000045,-86.48408854387709,10208,-0.3,35.8,-86.5,1.7314143468666412
2024-05-11 10:15:00,685084900,-0.27998744038502965,-0.49133652117986126,-0.06863835959019801,35.808713750000045,-86.48408854387709,10208,0.0,35.8,-86.5,1.7314143468666412
2024-05-11 10:16:00,685084900,-0.18638179329472576,-0.3413391288276594,-0.03142445776179212,35.808713750000045,-86.48408854387709,10208,0.0,35.8,-86.5,1.7314143468666412
2024-05-11 10:17:00,685084900,-0.26084104831698124,-0.4595358312739154,-0.06214626536004708,35.808713750000045,-86.48408854387709,10208,-0.2,35.8,-86.5,1.7314143468666412
2024-05-11 10:18:00,685084900,-0.09929242419491058,-0.18095809629986603,-0.017626752089955136,35.808713750000045,-86.48408854387709,10208,-0.4,35.8,-86.5,1.7314143468666412
2024-05-11 10:19:00,685084900,-0.011636977638265152,-0.0625103826587754,0.03923642738224509,35.808713750000045,-86.48408854387709,10208,-0.2,35.8,-86.5,1.7314143468666412
2024-05-11 10:20:00,685084900,-0.09329859201909715,-0.17945756368662152,-0.007139620351572784,35.808713750000045,-86.48408854387709,10208,0.3,35.8,-86.5,1.7314143468666412
2024-05-11 10:21:00,685084900,-0.14760344671417422,-0.3106821853021473,0.015475291873798841,35.808713750000045,-86.48408854387709,10208,0.4,35.8,-86.5,1.7314143468666412
2024-05-11 10:22:00,685084900,-0.10676190832275309,-0.21818492759391428,0.004661110948408112,35.808713750000045,-86.48408854387709,10208,0.5,35.8,-86.5,1.7314143468666412
2024-05-11 10:23:00,685084900,-0.09287281611980651,-0.17872874060986177,-0.007016891629751235,35.808713750000045,-86.48408854387709,10208,0.3,35.8,-86.5,1.7314143468666412
2024-05-11 10:24:00,685084900,-0.04966958421304391,-0.17753729185315234,0.07819812342706453,35.808713750000045,-86.48408854387709,10208,0.2,35.8,-86.5,1.7314143468666412
2024-05-11 10:25:00,685084900,-0.16082710953631013,-0.2950921717904378,-0.02656204728218245,35.808713750000045,-86.48408854387709,10208,0.6,35.8,-86.5,1.7314143468666412
2024-05-11 10:26:00,685084900,-0.05123985591316351,-0.11401039987874065,0.011530688052413633,35.808713750000045,-86.48408854387709,10208,0.4,35.8,-86.5,1.7314143468666412
2024-05-11 10:27:00,685084900,-0.050723079394075644,-0.11548834904673408,0.014042190258582783,35.808713750000045,-86.48408854387709,10208,0.3,35.8,-86.5,1.7314143468666412
2024-05-11 10:28:00,685084900,-0.04593311946666233,-0.12421671560053864,0.03235047666721398,35.808713750000045,-86.48408854387709,10208,0.1,35.8,-86.5,1.7314143468666412
2024-05-11 10:29:00,685084900,-0.19797016392639202,-0.3681329123766054,-0.027807415476178626,35.808713750000045,-86.48408854387709,10208,-0.5,35.8,-86.5,1.7314143468666412
2024-05-11 10:30:00,685084900,-0.043635902744695976,-0.1329050486327687,0.04563324314337673,35.808713750000045,-86.48408854387709,10208,0.7,35.8,-86.5,1.7314143468666412
2024-05-11 10:31:00,685084900,-0.18815648259135326,-0.3607262666369272,-0.015586698545779348,35.808713750000045,-86.48408854387709,10208,0.2,35.8,-86.5,1.7314143468666412
2024-05-11 10:32:00,685084900,-0.11209696631505334,-0.30932806326739637,0.0851341306372897,35.808713750000045,-86.48408854387709,10208,-0.2,35.8,-86.5,1.7314143468666412
2024-05-11 10:33:00,685084900,0.11166190588001285,-0.04679379799119693,0.2701176097512226,35.808713750000045,-86.48408854387709,10208,0.2,35.8,-86.5,1.7314143468666412
2024-05-11 10:34:00,685084900,-0.11659883603042777,-0.18486190006589404,-0.0483357719949615,35.808713750000045,-86.48408854387709,10208,-0.2,35.8,-86.5,1.7314143468666412
2024-05-11 10:35:00,685084900,-0.09928644048181572,-0.21511104235098027,0.016538161387348843,35.808713750000045,-86.48408854387709,10208,-0.2,35.8,-86.5,1.7314143468666412
2024-05-11 10:36:00,685084900,-0.13605334314629786,-0.2690186066535878,-0.0030880796390078957,35.808713750000045,-86.48408854387709,10208,-0.5,35.8,-86.5,1.7314143468666412
2024-05-11 10:37:00,685084900,-0.042379074314735685,-0.16852135191443862,0.08376320328496727,35.808713750000045,-86.48408854387709,10208,-0.5,35.8,-86.5,1.7314143468666412
2024-05-11 10:38:00,685084900,0.06259577596596447,-0.05760437966252366,0.1827959315944526,35.808713750000045,-86.48408854387709,10208,-0.2,35.8,-86.5,1.7314143468666412
2024-05-11 10:39:00,685084900,-0.09429923687994521,-0.20691924784155763,0.018320774081667213,35.808713750000045,-86.48408854387709,10208,0.8,35.8,-86.5,1.7314143468666412
2024-05-11 10:40:00,685084900,-0.004589274896417758,-0.05830903277487884,0.049130482982043325,35.808713750000045,-86.48408854387709,10208,0.6,35.8,-86.5,1.7314143468666412
2024-05-11 10:41:00,685084900,0.34968775202142527,0.044057001999358136,0.6553185020434924,35.808713750000045,-86.48408854387709,10208,0.9,35.8,-86.5,1.7314143468666412
2024-05-11 10:42:00,685084900,-0.31783772348636097,-0.622150717201052,-0.013524729771669963,35.808713750000045,-86.48408854387709,10208,-0.2,35.8,-86.5,1.7314143468666412
2024-05-11 10:43:00,685084900,-0.06061938896063758,-0.22927149184526108,0.1080327139239859,35.808713750000045,-86.48408854387709,10208,0.0,35.8,-86.5,1.7314143468666412
2024-05-11 10:44:00,685084900,-0.07271065307930162,-0.2456942521074173,0.10027294594881404,35.808713750000045,-86.48408854387709,10208,0.4,35.8,-86.5,1.7314143468666412
2024-05-11 10:45:00,685084900,0.22592977140281692,-0.022966615997202067,0.4748261588028359,35.808713750000045,-86.48408854387709,10208,0.2,35.8,-86.5,1.7314143468666412
2024-05-11 10:46:00,685084900,-0.033697020510498436,-0.09162647526877615,0.024232434247779273,35.808713750000045,-86.48408854387709,10208,0.0,35.8,-86.5,1.7314143468666412
2024-05-11 10:47:00,685084900,-0.07999758361246895,-0.1948958435637719,0.03490067633883401,35.808713750000045,-86.48408854387709,10208,-1.1,35.8,-86.5,1.7314143468666412
2024-05-11 10:48:00,685084900,-0.22154010440490354,-0.436378631601107,-0.006701577208700099,35.808713750000045,-86.48408854387709,10208,-0.3,35.8,-86.5,1.7314143468666412
2024-05-11 10:49:00,685084900,-0.05293896122915118,-0.10890236116784385,0.0030244387095415062,35.808713750000045,-86.48408854387709,10208,-0.9,35.8,-86.5,1.7314143468666412
2024-05-11 10:50:00,685084900,-0.15896990801074318,-0.2905789539845386,-0.02736086203694779,35.808713750000045,-86.48408854387709,10208,-0.2,35.8,-86.5,1.7314143468666412
2024-05-11 10:51:00,685084900,0.12940854455451478,0.013590954841063763,0.2452261342679658,35.808713750000045,-86.48408854387709,10208,-0.1,35.8,-86.5,1.7314143468666412
2024-05-11 10:52:00,685084900,-0.1353637559668843,-0.23965121135004425,-0.031076300583724334,35.808713750000045,-86.48408854387709,10208,-0.2,35.8,-86.5,1.7314143468666412
2024-05-11 10:53:00,685084900,0.06680026916986195,-0.006178414847930483,0.13977895318765438,35.808713750000045,-86.48408854387709,10208,0.1,35.8,-86.5,1.7314143468666412
2024-05-11 10:54:00,685084900,-0.08256080411950774,-0.15992012405837247,-0.005201484180642993,35.808713750000045,-86.48408854387709,10208,-0.6,35.8,-86.5,1.7314143468666412
2024-05-11 10:55:00,685084900,0.007596298681463102,-0.12868786562183315,0.14388046298475937,35.808713750000045,-86.48408854387709,10208,-0.4,35.8,-86.5,1.7314143468666412
2024-05-11 10:56:00,685084900,-0.010643911305576985,-0.08625372718827982,0.06496590457712585,35.808713750000045,-86.48408854387709,10208,-0.6,35.8,-86.5,1.7314143468666412
2024-05-11 10:57:00,685084900,-0.13307608368417603,-0.3690796890631291,0.10292752169477704,35.808713750000045,-86.48408854387709,10208,-0.8,35.8,-86.5,1.7314143468666412
2024-05-11 10:58:00,685084900,-0.12397920997173255,-0.30156426026958805,0.053605840326122964,35.808713750000045,-86.48408854387709,10208,-0.5,35.8,-86.5,1.7314143468666412
2024-05-11 10:59:00,685084900,0.07131183103338215,-0.09217912675587342,0.23480278882263772,35.808713750000045,-86.48408854387709,10208,-0.1,35.8,-86.5,1.7314143468666412
2024-05-11 11:00:00,685084900,0.18767936556789805,0.00677079203069858,0.3685879391050975,35.808713750000045,-86.48408854387709,10208,-0.9,35.8,-86.5,1.7314143468666412
2024-05-11 11:01:00,685084900,-0.009672537616378282,-0.0934026933471467,0.07405761811439014,35.808713750000045,-86.48408854387709,10208,-0.3,35.8,-86.5,1.7314143468666412
2024-05-11 11:02:00,685084900,0.013704019259829288,-0.1499103305610267,0.17731836908068527,35.808713750000045,-86.48408854387709,10208,-0.8,35.8,-86.5,1.7314143468666412
2024-05-11 11:03:00,685084900,0.01835234612527115,-0.10488312552194333,0.14158781777248564,35.808713750000045,-86.48408854387709,10208,-0.1,35.8,-86.5,1.7314143468666412
2024-05-11 11:04:00,685084900,0.046616780974356696,-0.04002416862211592,0.13325773057082932,35.808713750000045,-86.48408854387709,10208,0.4,35.8,-86.5,1.7314143468666412
2024-05-11 11:05:00,685084900,0.07381603328189196,0.028899613542281093,0.11873245302150282,35.808713750000045,-86.48408854387709,10208,0.1,35.8,-86.5,1.7314143468666412
2024-05-11 11:06:00,685084900,0.11022424922345385,0.03707011078897038,0.18337838765793732,35.808713750000045,-86.48408854387709,10208,0.5,35.8,-86.5,1.7314143468666412
2024-05-11 11:07:00,685084900,0.2619857351973943,0.04077911435086071,0.48319235604392796,35.808713750000045,-86.48408854387709,10208,0.2,35.8,-86.5,1.7314143468666412
2024-05-11 11:08:00,685084900,0.1680821032033483,0.01825899835036121,0.3179052080563354,35.808713750000045,-86.48408854387709,10208,-0.1,35.8,-86.5,1.7314143468666412
2024-05-11 11:09:00,685084900,0.22040078009866435,0.027550910980053522,0.41325064921727517,35.808713750000045,-86.48408854387709,10208,0.1,35.8,-86.5,1.7314143468666412
2024-05-11 11:10:00,685084900,0.1816716351281418,0.0164875900402755,0.3468556802160081,35.808713750000045,-86.48408854387709,10208,0.3,35.8,-86.5,1.7314143468666412
2024-05-11 11:11:00,685084900,0.2023872206815554,0.02575228985376682,0.379022151509344,35.808713750000045,-86.48408854387709,10208,0.0,35.8,-86.5,1.7314143468666412
2024-05-11 11:12:00,685084900,0.10743018173097202,0.004315397776526925,0.2105449656854171,35.808713750000045,-86.48408854387709,10208,0.2,35.8,-86.5,1.7314143468666412
2024-05-11 11:13:00,685084900,0.06510115828222289,0.012902057458830628,0.11730025910561515,35.808713750000045,-86.48408854387709,10208,0.5,35.8,-86.5,1.7314143468666412
2024-05-11 11:14:00,685084900,0.0811676629534005,0.022617148048226073,0.13971817785857493,35.808713750000045,-86.48408854387709,10208,-0.1,35.8,-86.5,1.7314143468666412
2024-05-11 11:15:00,685084900,0.18946899723188942,0.03198118983838541,0.34695680462539347,35.808713750000045,-86.48408854387709,10208,0.2,35.8,-86.5,1.7314143468666412
2024-05-11 11:16:00,685084900,0.07172888657673142,0.002015240307208274,0.14144253284625458,35.808713750000045,-86.48408854387709,10208,0.3,35.8,-86.5,1.7314143468666412
2024-05-11 11:17:00,685084900,0.10868745725589385,0.010117397109195,0.20725751740259268,35.808713750000045,-86.48408854387709,10208,0.0,35.8,-86.5,1.7314143468666412
2024-05-11 11:18:00,685084900,0.09005359618873827,0.02110744881036343,0.1589997435671131,35.808713750000045,-86.48408854387709,10208,0.5,35.8,-86.5,1.7314143468666412
2024-05-11 11:19:00,685084900,0.21407436763350404,0.03898773071860562,0.38916100454840247,35.808713750000045,-86.48408854387709,10208,0.3,35.8,-86.5,1.7314143468666412
2024-05-11 11:20:00,685084900,0.10346500750909175,0.010289209737344748,0.19664080528083877,35.808713750000045,-86.48408854387709,10208,-0.4,35.8,-86.5,1.7314143468666412
2024-05-11 11:21:00,685084900,0.12072932648033445,0.014781064492602233,0.22667758846806668,35.808713750000045,-86.48408854387709,10208,0.4,35.8,-86.5,1.7314143468666412
2024-05-11 11:22:00,685084900,0.12949777370983911,-0.003438916026972938,0.26243446344665117,35.808713750000045,-86.48408854387709,10208,0.6,35.8,-86.5,1.7314143468666412
2024-05-11 11:23:00,685084900,0.1356103189374748,0.001040231276660697,0.2701804065982889,35.808713750000045,-86.48408854387709,10208,-0.3,35.8,-86.5,1.7314143468666412
2024-05-11 11:24:00,685084900,-0.06160298849643279,-0.11953879763258884,-0.0036671793602767386,35.808713750000045,-86.48408854387709,10208,0.2,35.8,-86.5,1.7314143468666412
2024-05-11 11:25:00,685084900,-0.15574968718969348,-0.30246363567669665,-0.009035738702690338,35.808713750000045,-86.48408854387709,10208,0.6,35.8,-86.5,1.7314143468666412
2024-05-11 11:26:00,685084900,-0.2211863829453038,-0.42071376570770846,-0.021659000182899096,35.808713750000045,-86.48408854387709,10208,0.9,35.8,-86.5,1.7314143468666412
2024-05-11 11:27:00,685084900,-0.1981495180303167,-0.399536628174196,0.003237592113562643,35.808713750000045,-86.48408854387709,10208,0.2,35.8,-86.5,1.7314143468666412
2024-05-11 11:28:00,685084900,-0.2763768358365272,-0.5397217337843941,-0.013031937888660305,35.808713750000045,-86.48408854387709,10208,1.0,35.8,-86.5,1.7314143468666412
2024-05-11 11:29:00,685084900,-0.1877459729367162,-0.40386785582620777,0.028375909952775363,35.808713750000045,-86.48408854387709,10208,-0.1,35.8,-86.5,1.7314143468666412
2024-05-11 11:30:00,685084900,-0.10605723679907465,-0.25784505936911817,0.045730585770968876,35.808713750000045,-86.48408854387709,10208,1.1,35.8,-86.5,1.7314143468666412
2024-05-11 11:31:00,685084900,-0.47910431462321895,-0.8899705991010254,-0.06823803014541246,35.808713750000045,-86.48408854387709,10208,-0.3,35.8,-86.5,1.7314143468666412
2024-05-11 11:32:00,685084900,-0.3897245441736915,-0.7396255991879979,-0.039823489159385106,35.808713750000045,-86.48408854387709,10208,-1.4,35.8,-86.5,1.7314143468666412
2024-05-11 11:33:00,685084900,0.049699641749132537,-0.010446445002649692,0.10984572850091476,35.808713750000045,-86.48408854387709,10208,0.2,35.8,-86.5,1.7314143468666412
2024-05-11 11:34:00,685084900,0.24367741762429335,0.017745690488988164,0.46960914475959853,35.808713750000045,-86.48408854387709,10208,0.7,35.8,-86.5,1.7314143468666412
2024-05-11 11:35:00,685084900,0.45866113552409044,0.014766326635068272,0.9025559444131126,35.808713750000045,-86.48408854387709,10208,0.4,35.8,-86.5,1.7314143468666412
2024-05-11 11:36:00,685084900,-0.15407852943743647,-0.3999453320233376,0.09178827314846469,35.808713750000045,-86.48408854387709,10208,0.8,35.8,-86.5,1.7314143468666412
2024-05-11 11:37:00,685084900,-0.43123763603256626,-0.8585197763945527,-0.0039554956705799005,35.808713750000045,-86.48408854387709,10208,-0.5,35.8,-86.5,1.7314143468666412
2024-05-11 11:38:00,685084900,-0.3233290071365572,-0.6078594082142904,-0.038798606058824014,35.808713750000045,-86.48408854387709,10208,-0.4,35.8,-86.5,1.7314143468666412
2024-05-11 11:39:00,685084900,-0.10877654018543195,-0.238290550338216,0.020737469967352096,35.808713750000045,-86.48408854387709,10208,-0.3,35.8,-86.5,1.7314143468666412
2024-05-11 11:40:00,685084900,-0.1904581564741,-0.3438171056174569,-0.03709920733074312,35.808713750000045,-86.48408854387709,10208,0.9,35.8,-86.5,1.7314143468666412
2024-05-11 11:41:00,685084900,-0.4633427910461631,-0.8516164861761488,-0.07506909591617733,35.808713750000045,-86.48408854387709,10208,0.2,35.8,-86.5,1.7314143468666412
2024-05-11 11:42:00,685084900,-0.2990638460981501,-0.548677682789969,-0.04945000940633126,35.808713750000045,-86.48408854387709,10208,-0.3,35.8,-86.5,1.7314143468666412
2024-05-11 11:43:00,685084900,-0.2670638258215077,-0.4796207467551029,-0.05450690488791257,35.808713750000045,-86.48408854387709,10208,-0.3,35.8,-86.5,1.7314143468666412
2024-05-11 11:44:00,685084900,-0.15659310213254454,-0.2762053095553709,-0.03698089470971817,35.808713750000045,-86.48408854387709,10208,-0.5,35.8,-86.5,1.7314143468666412
2024-05-11 11:45:00,685084900,-0.20128166170511458,-0.3495077459357429,-0.05305557747448625,35.808713750000045,-86.48408854387709,10208,-1.0,35.8,-86.5,1.7314143468666412
2024-05-11 11:46:00,685084900,-0.29210686443151845,-0.5421871915867493,-0.04202653727628752,35.808713750000045,-86.48408854387709,10208,0.3,35.8,-86.5,1.7314143468666412
2024-05-11 11:47:00,685084900,-0.31932107782556296,-0.6071096860780225,-0.031532469573103405,35.808713750000045,-86.48408854387709,10208,-0.3,35.8,-86.5,1.7314143468666412
2024-05-11 11:48:00,685084900,-0.46612173771810117,-0.8383047575218492,-0.0939387179143531,35.808713750000045,-86.48408854387709,10208,-1.2,35.8,-86.5,1.7314143468666412
2024-05-11 11:49:00,685084900,-0.0077067174683822905,-0.05961179848980226,0.044198363553037676,35.808713750000045,-86.48408854387709,10208,-1.1,35.8,-86.5,1.7314143468666412
2024-05-11 11:50:00,685084900,-0.03005604593242345,-0.05088529793311658,-0.009226793931730322,35.808713750000045,-86.48408854387709,10208,0.1,35.8,-86.5,1.7314143468666412
2024-05-11 11:51:00,685084900,-0.07027268778500176,-0.15546610558533425,0.014920730015330744,35.808713750000045,-86.48408854387709,10208,0.3,35.8,-86.5,1.7314143468666412
2024-05-11 11:52:00,685084900,0.08176224810530375,-0.10075110278259716,0.26427559899320463,35.808713750000045,-86.48408854387709,10208,0.4,35.8,-86.5,1.7314143468666412
2024-05-11 11:53:00,685084900,-0.09313241859851625,-0.2668150784497322,0.0805502412526997,35.808713750000045,-86.48408854387709,10208,-0.4,35.8,-86.5,1.7314143468666412
2024-05-11 11:54:00,685084900,0.062144295874264066,-0.1097989499649861,0.23408754171351423,35.808713750000045,-86.48408854387709,10208,-0.2,35.8,-86.5,1.7314143468666412
2024-05-11 11:55:00,685084900,-0.19192497699791422,-0.33476498531937987,-0.04908496867644857,35.808713750000045,-86.48408854387709,10208,-0.4,35.8,-86.5,1.7314143468666412
2024-05-11 11:56:00,685084900,-0.14855202685768523,-0.2542490474034966,-0.042855006311873875,35.808713750000045,-86.48408854387709,10208,-0.6,35.8,-86.5,1.7314143468666412
2024-05-11 11:57:00,685084900,-0.23809152075966974,-0.4281945357765655,-0.04798850574277394,35.808713750000045,-86.48408854387709,10208,-0.6,35.8,-86.5,1.7314143468666412
2024-05-11 11:58:00,685084900,-0.23191997935969155,-0.43335589588334544,-0.030484062836037662,35.808713750000045,-86.48408854387709,10208,-1.0,35.8,-86.5,1.7314143468666412
2024-05-11 11:59:00,685084900,-0.16220768875296515,-0.34916884387632124,0.024753466370390942,35.808713750000045,-86.48408854387709,10208,-0.5,35.8,-86.5,1.7314143468666412
2024-05-11 12:00:00,685084900,-0.10312438572342955,-0.26024115720845203,0.05399238576159293,35.808713750000045,-86.48408854387709,10208,0.7,35.8,-86.5,1.7314143468666412
2024-05-11 12:01:00,685084900,-0.07329031686776423,-0.22651871131973483,0.07993807758420636,35.808713750000045,-86.48408854387709,10208,-0.4,35.8,-86.5,1.7314143468666412
2024-05-11 12:02:00,685084900,0.0923118959678927,-0.02408907408846976,0.20871286602425515,35.808713750000045,-86.48408854387709,10208,-1.0,35.8,-86.5,1.7314143468666412
2024-05-11 12:03:00,685084900,0.06771490793542406,-0.018433756127793147,0.15386357199864126,35.808713750000045,-86.48408854387709,10208,-0.2,35.8,-86.5,1.7314143468666412
2024-05-11 12:04:00,685084900,0.1933376104461321,0.03487898473685383,0.35179623615541034,35.808713750000045,-86.48408854387709,10208,0.8,35.8,-86.5,1.7314143468666412
2024-05-11 12:05:00,685084900,0.0011531571132990844,-0.018615667062160567,0.020921981288758735,35.808713750000045,-86.48408854387709,10208,-0.3,35.8,-86.5,1.7314143468666412
2024-05-11 12:06:00,685084900,0.12948420870280059,0.02263380350555408,0.2363346139000471,35.808713750000045,-86.48408854387709,10208,0.0,35.8,-86.5,1.7314143468666412
2024-05-11 12:07:00,685084900,0.17226960375233633,0.023938244731094377,0.3206009627735783,35.808713750000045,-86.48408854387709,10208,1.6,35.8,-86.5,1.7314143468666412
2024-05-11 12:08:00,685084900,0.07374251570249453,-0.019412457067507397,0.16689748847249647,35.808713750000045,-86.48408854387709,10208,-0.2,35.8,-86.5,1.7314143468666412
2024-05-11 12:09:00,685084900,0.008336763575963711,-0.042741917342056984,0.05941544449398441,35.808713750000045,-86.48408854387709,10208,0.1,35.8,-86.5,1.7314143468666412
2024-05-11 12:10:00,685084900,0.1254463861192243,0.016286764178815347,0.23460600805963322,35.808713750000045,-86.48408854387709,10208,-0.7,35.8,-86.5,1.7314143468666412
2024-05-11 12:11:00,685084900,0.08672838252746747,-0.036342057372005535,0.20979882242694048,35.808713750000045,-86.48408854387709,10208,-0.2,35.8,-86.5,1.7314143468666412
2024-05-11 12:12:00,685084900,0.053320993933007474,-0.037058872430213316,0.14370086029622825,35.808713750000045,-86.48408854387709,10208,0.0,35.8,-86.5,1.7314143468666412
2024-05-11 12:13:00,685084900,0.03206795943047909,-0.04246564701575915,0.10660156587671733,35.808713750000045,-86.48408854387709,10208,0.2,35.8,-86.5,1.7314143468666412
2024-05-11 12:14:00,685084900,0.17869729168397433,0.04164660636001449,0.31574797700793417,35.808713750000045,-86.48408854387709,10208,0.1,35.8,-86.5,1.7314143468666412
2024-05-11 12:15:00,685084900,0.00048484670771154365,-0.08000186272774151,0.08097155614316459,35.808713750000045,-86.48408854387709,10208,0.9,35.8,-86.5,1.7314143468666412
2024-05-11 12:16:00,685084900,-0.008415181242385484,-0.07580368795753245,0.05897332547276149,35.808713750000045,-86.48408854387709,10208,0.7,35.8,-86.5,1.7314143468666412
2024-05-11 12:17:00,685084900,-0.05244423838854638,-0.14185824918227735,0.03696977240518458,35.808713750000045,-86.48408854387709,10208,0.8,35.8,-86.5,1.7314143468666412
2024-05-11 12:18:00,685084900,-0.12678234883419362,-0.2519330314833098,-0.0016316661850774294,35.808713750000045,-86.48408854387709,10208,0.3,35.8,-86.5,1.7314143468666412
2024-05-11 12:19:00,685084900,-0.12392015207030264,-0.2536007166552666,0.005760412514661348,35.808713750000045,-86.48408854387709,10208,0.2,35.8,-86.5,1.7314143468666412
2024-05-11 12:20:00,685084900,-0.1124848004708614,-0.1978797390271916,-0.027089861914531194,35.808713750000045,-86.48408854387709,10208,0.3,35.8,-86.5,1.7314143468666412
2024-05-11 12:21:00,685084900,-0.09649316753087303,-0.16906610511309716,-0.02392022994864891,35.808713750000045,-86.48408854387709,10208,-0.2,35.8,-86.5,1.7314143468666412
2024-05-11 12:22:00,685084900,0.03215718726303726,-0.08032548557982234,0.14463986010589686,35.808713750000045,-86.48408854387709,10208,-0.2,35.8,-86.5,1.7314143468666412
2024-05-11 12:23:00,685084900,0.03961102334781229,-0.019115060153173838,0.09833710684879841,35.808713750000045,-86.48408854387709,10208,-0.3,35.8,-86.5,1.7314143468666412
2024-05-11 12:24:00,685084900,0.060911851035081545,-0.018766070577785253,0.14058977264794834,35.808713750000045,-86.48408854387709,10208,-0.2,35.8,-86.5,1.7314143468666412
2024-05-11 12:25:00,685084900,0.029003002736579676,-0.03080667143105099,0.08881267690421034,35.808713750000045,-86.48408854387709,10208,0.0,35.8,-86.5,1.7314143468666412
2024-05-11 12:26:00,685084900,0.09756567186369701,-0.04076856732247795,0.23589991104987196,35.808713750000045,-86.48408854387709,10208,0.0,35.8,-86.5,1.7314143468666412
2024-05-11 12:27:00,685084900,0.058484003859714286,-0.005815099878934145,0.12278310759836272,35.808713750000045,-86.48408854387709,10208,0.2,35.8,-86.5,1.7314143468666412
2024-05-11 12:28:00,685084900,0.03629527688427266,-0.04270376223722224,0.11529431600576756,35.808713750000045,-86.48408854387709,10208,0.6,35.8,-86.5,1.7314143468666412
2024-05-11 12:29:00,685084900,0.06732176836497365,0.01872624719383504,0.11591728953611227,35.808713750000045,-86.48408854387709,10208,0.3,35.8,-86.5,1.7314143468666412
2024-05-11 12:30:00,685084900,-0.08523392372670074,-0.1800774442797163,0.00960959682631482,35.808713750000045,-86.48408854387709,10208,0.2,35.8,-86.5,1.7314143468666412
2024-05-11 12:31:00,685084900,-0.004151186409137677,-0.11035990323228666,0.10205753041401129,35.808713750000045,-86.48408854387709,10208,0.3,35.8,-86.5,1.7314143468666412
2024-05-11 12:32:00,685084900,0.08367198862000128,-0.014443112669317207,0.18178708990931974,35.808713750000045,-86.48408854387709,10208,-0.2,35.8,-86.5,1.7314143468666412
2024-05-11 12:33:00,685084900,-0.09138253653859162,-0.18862472901271887,0.005859655935535654,35.808713750000045,-86.48408854387709,10208,0.5,35.8,-86.5,1.7314143468666412
2024-05-11 12:34:00,685084900,-0.19338278363195135,-0.3871520352380605,0.0003864679741578392,35.808713750000045,-86.48408854387709,10208,0.5,35.8,-86.5,1.7314143468666412
2024-05-11 12:35:00,685084900,-0.08958453016146446,-0.1946391352188665,0.01547007489593756,35.808713750000045,-86.48408854387709,10208,-0.6,35.8,-86.5,1.7314143468666412
2024-05-11 12:36:00,685084900,-0.11143316674248517,-0.26863545803849864,0.045769124553528315,35.808713750000045,-86.48408854387709,10208,-0.5,35.8,-86.5,1.7314143468666412
2024-05-11 12:37:00,685084900,-0.03011105111884686,-0.1397304770193462,0.07950837478165249,35.808713750000045,-86.48408854387709,10208,-0.6,35.8,-86.5,1.7314143468666412
2024-05-11 12:38:00,685084900,0.01696759133669219,-0.11255564855961704,0.1464908312330014,35.808713750000045,-86.48408854387709,10208,-0.3,35.8,-86.5,1.7314143468666412
2024-05-11 12:39:00,685084900,-0.14156721226705668,-0.33365488522611353,0.050520460692000196,35.808713750000045,-86.48408854387709,10208,-0.4,35.8,-86.5,1.7314143468666412
2024-05-11 12:40:00,685084900,-0.13649282442617514,-0.42126722098496083,0.14828157213261053,35.808713750000045,-86.48408854387709,10208,-0.4,35.8,-86.5,1.7314143468666412
2024-05-11 12:41:00,685084900,0.3860615984898088,0.055720917874823694,0.7164022791047939,35.808713750000045,-86.48408854387709,10208,-0.4,35.8,-86.5,1.7314143468666412
2024-05-11 12:42:00,685084900,0.3551603075475122,0.05748358699212719,0.6528370281028972,35.808713750000045,-86.48408854387709,10208,0.7,35.8,-86.5,1.7314143468666412
2024-05-11 12:43:00,685084900,0.025614488902473576,-0.13406260448777502,0.1852915822927222,35.808713750000045,-86.48408854387709,10208,0.4,35.8,-86.5,1.7314143468666412
2024-05-11 12:44:00,685084900,0.5248009348845594,0.10224633619307272,0.947355533576046,35.808713750000045,-86.48408854387709,10208,0.3,35.8,-86.5,1.7314143468666412
2024-05-11 12:45:00,685084900,0.1623641388001022,0.029428491973405885,0.2952997856267985,35.808713750000045,-86.48408854387709,10208,1.3,35.8,-86.5,1.7314143468666412
2024-05-11 12:46:00,685084900,0.24380110010815373,0.0453850091682064,0.4422171910481011,35.808713750000045,-86.48408854387709,10208,0.7,35.8,-86.5,1.7314143468666412
2024-05-11 12:47:00,685084900,0.05688568049817576,-0.03663005297878526,0.1504014139751368,35.808713750000045,-86.48408854387709,10208,0.3,35.8,-86.5,1.7314143468666412
2024-05-11 12:48:00,685084900,0.20196149608955818,0.029859495287648252,0.3740634968914681,35.808713750000045,-86.48408854387709,10208,-0.3,35.8,-86.5,1.7314143468666412
2024-05-11 12:49:00,685084900,0.10426442576641193,-0.01777207438132153,0.22630092591414538,35.808713750000045,-86.48408854387709,10208,0.2,35.8,-86.5,1.7314143468666412
2024-05-11 12:50:00,685084900,0.21317405675029946,0.0352881050917358,0.3910600084088631,35.808713750000045,-86.48408854387709,10208,0.8,35.8,-86.5,1.7314143468666412
2024-05-11 12:51:00,685084900,0.17828164039719563,0.007853559563581719,0.34870972123080957,35.808713750000045,-86.48408854387709,10208,0.3,35.8,-86.5,1.7314143468666412
2024-05-11 12:52:00,685084900,0.24143964617382221,0.04478189128307855,0.43809740106456585,35.808713750000045,-86.48408854387709,10208,0.4,35.8,-86.5,1.7314143468666412
2024-05-11 12:53:00,685084900,0.21453964654118243,0.038647649239275494,0.39043164384308937,35.808713750000045,-86.48408854387709,10208,0.4,35.8,-86.5,1.7314143468666412
2024-05-11 12:54:00,685084900,0.10828471744950377,0.030540763720630276,0.18602867117837726,35.808713750000045,-86.48408854387709,10208,0.7,35.8,-86.5,1.7314143468666412
2024-05-11 12:55:00,685084900,-0.011157481078742412,-0.054523329375151294,0.03220836721766647,35.808713750000045,-86.48408854387709,10208,0.4,35.8,-86.5,1.7314143468666412
2024-05-11 12:56:00,685084900,-0.044077494758523864,-0.11176133475307418,0.02360634523602645,35.808713750000045,-86.48408854387709,10208,0.3,35.8,-86.5,1.7314143468666412
2024-05-11 12:57:00,685084900,-0.21972467567428455,-0.4258694298956147,-0.013579921452954391,35.808713750000045,-86.48408854387709,10208,0.8,35.8,-86.5,1.7314143468666412
2024-05-11 12:58:00,685084900,-0.14729059600317004,-0.30672749328967197,0.012146301283331856,35.808713750000045,-86.48408854387709,10208,0.4,35.8,-86.5,1.7314143468666412
2024-05-11 12:59:00,685084900,-0.17062099876224232,-0.3352943882930965,-0.005947609231388151,35.808713750000045,-86.48408854387709,10208,0.1,35.8,-86.5,1.7314143468666412
2024-05-11 13:00:00,685084900,-0.08109341264171896,-0.21457124761458587,0.052384422331147956,35.808713750000045,-86.48408854387709,10208,0.1,35.8,-86.5,1.7314143468666412
2024-05-11 13:01:00,685084900,-0.0332907978608132,-0.09947078834146508,0.032889192619838685,35.808713750000045,-86.48408854387709,10208,0.2,35.8,-86.5,1.7314143468666412
2024-05-11 13:02:00,685084900,0.07791136733300748,-0.011279528695234742,0.1671022633612497,35.808713750000045,-86.48408854387709,10208,0.0,35.8,-86.5,1.7314143468666412
2024-05-11 13:03:00,685084900,0.13551889671602743,0.014624078603925672,0.2564137148281292,35.808713750000045,-86.48408854387709,10208,0.1,35.8,-86.5,1.7314143468666412
2024-05-11 13:04:00,685084900,0.13727895461558975,-0.044845796035340446,0.31940370526651995,35.808713750000045,-86.48408854387709,10208,0.3,35.8,-86.5,1.7314143468666412
2024-05-11 13:05:00,685084900,0.18577242122052418,0.007371171781976965,0.36417367065907136,35.808713750000045,-86.48408854387709,10208,0.3,35.8,-86.5,1.7314143468666412
2024-05-11 13:06:00,685084900,0.19143552209357728,0.031974861001900806,0.35089618318525373,35.808713750000045,-86.48408854387709,10208,0.1,35.8,-86.5,1.7314143468666412
2024-05-11 13:07:00,685084900,0.08378807040934765,-0.009769743035277292,0.1773458838539726,35.808713750000045,-86.48408854387709,10208,-0.1,35.8,-86.5,1.7314143468666412
2024-05-11 13:08:00,685084900,0.10638608849120765,-0.0031310182690395677,0.21590319525145485,35.808713750000045,-86.48408854387709,10208,0.4,35.8,-86.5,1.7314143468666412
2024-05-11 13:09:00,685084900,0.1262104400629635,0.008081575388628304,0.2443393047372987,35.808713750000045,-86.48408854387709,10208,0.4,35.8,-86.5,1.7314143468666412
2024-05-11 13:10:00,685084900,0.1594362393592778,0.012109002969358323,0.30676347574919727,35.808713750000045,-86.48408854387709,10208,0.2,35.8,-86.5,1.7314143468666412
2024-05-11 13:11:00,685084900,0.06855806429753307,-0.0017942929953057851,0.13891042159037192,35.808713750000045,-86.48408854387709,10208,0.8,35.8,-86.5,1.7314143468666412
2024-05-11 13:12:00,685084900,0.09688472186629213,-0.03352917547639769,0.22729861920898195,35.808713750000045,-86.48408854387709,10208,1.0,35.8,-86.5,1.7314143468666412
2024-05-11 13:13:00,685084900,0.05978003771576051,-0.0966339160238929,0.21619399145541393,35.808713750000045,-86.48408854387709,10208,0.8,35.8,-86.5,1.7314143468666412
2024-05-11 13:14:00,685084900,0.04140310032542472,-0.2483456244649911,0.3311518251158405,35.808713750000045,-86.48408854387709,10208,0.8,35.8,-86.5,1.7314143468666412
2024-05-11 13:15:00,685084900,-0.15411436886457125,-0.40252621055480337,0.09429747282566087,35.808713750000045,-86.48408854387709,10208,0.6,35.8,-86.5,1.7314143468666412
2024-05-11 13:16:00,685084900,-0.13410936751939662,-0.22120656142994016,-0.04701217360885307,35.808713750000045,-86.48408854387709,10208,0.0,35.8,-86.5,1.7314143468666412
2024-05-11 13:17:00,685084900,-0.17383682735830486,-0.315386575750104,-0.032287078966505706,35.808713750000045,-86.48408854387709,10208,0.0,35.8,-86.5,1.7314143468666412
2024-05-11 13:18:00,685084900,-0.07662556359009527,-0.18029606861344735,0.02704494143325681,35.808713750000045,-86.48408854387709,10208,0.4,35.8,-86.5,1.7314143468666412
2024-05-11 13:19:00,685084900,-0.08072876561465644,-0.1639170796813087,0.002459548451995794,35.808713750000045,-86.48408854387709,10208,0.1,35.8,-86.5,1.7314143468666412
2024-05-11 13:20:00,685084900,-0.1956179874730575,-0.4014353962652089,0.010199421319093904,35.808713750000045,-86.48408854387709,10208,-0.4,35.8,-86.5,1.7314143468666412
2024-05-11 13:21:00,685084900,-0.07565862569699933,-0.1862723438218225,0.03495509242782385,35.808713750000045,-86.48408854387709,10208,-0.1,35.8,-86.5,1.7314143468666412
2024-05-11 13:22:00,685084900,-0.15147667085074223,-0.2776698908522932,-0.02528345084919123,35.808713750000045,-86.48408854387709,10208,0.2,35.8,-86.5,1.7314143468666412
2024-05-11 13:23:00,685084900,-0.04125498939698866,-0.13987480140019562,0.05736482260621829,35.808713750000045,-86.48408854387709,10208,0.0,35.8,-86.5,1.7314143468666412
2024-05-11 13:24:00,685084900,0.030669854323817487,-0.07287101959123746,0.13421072823887242,35.808713750000045,-86.48408854387709,10208,0.2,35.8,-86.5,1.7314143468666412
2024-05-11 13:25:00,685084900,-0.100125546894702,-0.1721768378392224,-0.028074255950181592,35.808713750000045,-86.48408854387709,10208,0.0,35.8,-86.5,1.7314143468666412
2024-05-11 13:26:00,685084900,-0.05897391315426855,-0.1003362243194445,-0.01761160198909261,35.808713750000045,-86.48408854387709,10208,0.1,35.8,-86.5,1.7314143468666412
2024-05-11 13:27:00,685084900,-0.027005663876895868,-0.06431879901922632,0.010307471265434583,35.808713750000045,-86.48408854387709,10208,0.8,35.8,-86.5,1.7314143468666412
2024-05-11 13:28:00,685084900,-0.007327641708063614,-0.053218052393843945,0.03856276897771671,35.808713750000045,-86.48408854387709,10208,0.4,35.8,-86.5,1.7314143468666412
2024-05-11 13:29:00,685084900,-0.08747070061735604,-0.21243752322957057,0.037496121994858495,35.808713750000045,-86.48408854387709,10208,0.7,35.8,-86.5,1.7314143468666412
2024-05-11 13:30:00,685084900,-0.07623558671344585,-0.2193666929791288,0.0668955195522371,35.808713750000045,-86.48408854387709,10208,0.1,35.8,-86.5,1.7314143468666412
2024-05-11 13:31:00,685084900,0.015436770255403704,-0.2121064468414413,0.24297998735224874,35.808713750000045,-86.48408854387709,10208,-0.1,35.8,-86.5,1.7314143468666412
2024-05-11 13:32:00,685084900,0.06716027453030687,-0.06557849352225134,0.1998990425828651,35.808713750000045,-86.48408854387709,10208,-0.9,35.8,-86.5,1.7314143468666412
2024-05-11 13:33:00,685084900,0.17702820193631263,0.027897042947061412,0.32615936092556386,35.808713750000045,-86.48408854387709,10208,-0.2,35.8,-86.5,1.7314143468666412
2024-05-11 13:34:00,685084900,0.2608255451769338,0.055084724992885775,0.46656636536098184,35.808713750000045,-86.48408854387709,10208,-0.1,35.8,-86.5,1.7314143468666412
2024-05-11 13:35:00,685084900,0.1333696035707085,0.016417417795251882,0.2503217893461651,35.808713750000045,-86.48408854387709,10208,-0.1,35.8,-86.5,1.7314143468666412
2024-05-11 13:36:00,685084900,0.12565914656222868,-0.05140018448468317,0.3027184776091405,35.808713750000045,-86.48408854387709,10208,0.1,35.8,-86.5,1.7314143468666412
2024-05-11 13:37:00,685084900,0.034223289600377446,-0.024821555431217578,0.09326813463197248,35.808713750000045,-86.48408854387709,10208,0.6,35.8,-86.5,1.7314143468666412
2024-05-11 13:38:00,685084900,0.08950667390906739,-0.044451616264939486,0.22346496408307426,35.808713750000045,-86.48408854387709,10208,0.3,35.8,-86.5,1.7314143468666412
2024-05-11 13:39:00,685084900,0.16824761139280298,0.009638697356361331,0.3268565254292446,35.808713750000045,-86.48408854387709,10208,0.4,35.8,-86.5,1.7314143468666412
2024-05-11 13:40:00,685084900,0.18078704031025233,0.031185298254773813,0.3303887823657309,35.808713750000045,-86.48408854387709,10208,0.7,35.8,-86.5,1.7314143468666412
2024-05-11 13:41:00,685084900,0.0972976791994958,0.024396261008971756,0.17019909739001987,35.808713750000045,-86.48408854387709,10208,0.6,35.8,-86.5,1.7314143468666412
2024-05-11 13:42:00,685084900,0.364249729035922,0.061624203657655474,0.6668752544141885,35.808713750000045,-86.48408854387709,10208,0.4,35.8,-86.5,1.7314143468666412
2024-05-11 13:43:00,685084900,0.21435603569559228,-0.014494031010004432,0.44320610240118896,35.808713750000045,-86.48408854387709,10208,0.3,35.8,-86.5,1.7314143468666412
2024-05-11 13:44:00,685084900,0.18969049691031584,-0.029912602588328507,0.4092935964089602,35.808713750000045,-86.48408854387709,10208,0.4,35.8,-86.5,1.7314143468666412
2024-05-11 13:45:00,685084900,0.20585364387912403,-0.024802922531724836,0.4365102102899729,35.808713750000045,-86.48408854387709,10208,0.9,35.8,-86.5,1.7314143468666412
2024-05-11 13:46:00,685084900,-0.04439714324498385,-0.08689509647476709,-0.0018991900152006136,35.808713750000045,-86.48408854387709,10208,1.3,35.8,-86.5,1.7314143468666412
2024-05-11 13:47:00,685084900,0.02397730283153562,-0.011962252619253311,0.059916858282324556,35.808713750000045,-86.48408854387709,10208,0.4,35.8,-86.5,1.7314143468666412
2024-05-11 13:48:00,685084900,0.22378840314997228,0.0036934992352107565,0.4438833070647338,35.808713750000045,-86.48408854387709,10208,0.6,35.8,-86.5,1.7314143468666412
2024-05-11 13:49:00,685084900,0.10044320774463174,-0.008812905053254216,0.2096993205425177,35.808713750000045,-86.48408854387709,10208,1.1,35.8,-86.5,1.7314143468666412
2024-05-11 13:50:00,685084900,-0.02709009323492095,-0.08297797868733464,0.028797792217492738,35.808713750000045,-86.48408854387709,10208,1.1,35.8,-86.5,1.7314143468666412
2024-05-11 13:51:00,685084900,-0.16967194691230245,-0.31786523645628895,-0.021478657368315918,35.808713750000045,-86.48408854387709,10208,0.6,35.8,-86.5,1.7314143468666412
2024-05-11 13:52:00,685084900,0.24365961206945383,0.043255866922778524,0.4440633572161291,35.808713750000045,-86.48408854387709,10208,0.6,35.8,-86.5,1.7314143468666412
2024-05-11 13:53:00,685084900,0.0964329597047294,-0.005439920738782328,0.19830584014824112,35.808713750000045,-86.48408854387709,10208,0.9,35.8,-86.5,1.7314143468666412
2024-05-11 13:54:00,685084900,-0.03565826108171864,-0.08343520572382612,0.012118683560388838,35.808713750000045,-86.48408854387709,10208,-0.1,35.8,-86.5,1.7314143468666412
2024-05-11 13:55:00,685084900,0.20371315558644534,-0.0293155891078328,0.43674190028072346,35.808713750000045,-86.48408854387709,10208,0.6,35.8,-86.5,1.7314143468666412
2024-05-11 13:56:00,685084900,0.27593324869049424,-0.024267185747957387,0.5761336831289459,35.808713750000045,-86.48408854387709,10208,2.0,35.8,-86.5,1.7314143468666412
2024-05-11 13:57:00,685084900,0.1735244275101416,-0.04498766182941907,0.3920365168497023,35.808713750000045,-86.48408854387709,10208,0.5,35.8,-86.5,1.7314143468666412
2024-05-11 13:58:00,685084900,0.21285090545880048,-0.0029494301271950074,0.42865124104479596,35.808713750000045,-86.48408854387709,10208,1.0,35.8,-86.5,1.7314143468666412
2024-05-11 13:59:00,685084900,0.1456781748404179,-0.017001819112607425,0.30835816879344324,35.808713750000045,-86.48408854387709,10208,0.4,35.8,-86.5,1.7314143468666412
2024-05-11 14:00:00,685084900,0.12907946085721433,0.035280856359869855,0.2228780653545588,35.808713750000045,-86.48408854387709,10208,-0.2,35.8,-86.5,1.7314143468666412
2024-05-11 14:01:00,685084900,0.09421068510114546,-0.001527612031287734,0.18994898223357864,35.808713750000045,-86.48408854387709,10208,0.8,35.8,-86.5,1.7314143468666412
2024-05-11 14:02:00,685084900,0.11373465840417263,0.007920743998376029,0.21954857280996923,35.808713750000045,-86.48408854387709,10208,0.1,35.8,-86.5,1.7314143468666412
2024-05-11 14:03:00,685084900,0.04748690264611414,0.006848757626840098,0.08812504766538817,35.808713750000045,-86.48408854387709,10208,0.7,35.8,-86.5,1.7314143468666412
2024-05-11 14:04:00,685084900,0.06117723704827417,0.019132551469117035,0.10322192262743131,35.808713750000045,-86.48408854387709,10208,0.9,35.8,-86.5,1.7314143468666412
2024-05-11 14:05:00,685084900,-0.08140735724025232,-0.17198161064314565,0.00916689616264102,35.808713750000045,-86.48408854387709,10208,0.5,35.8,-86.5,1.7314143468666412
2024-05-11 14:06:00,685084900,0.07386105326733977,0.005422343528600146,0.14229976300607938,35.808713750000045,-86.48408854387709,10208,0.4,35.8,-86.5,1.7314143468666412
2024-05-11 14:07:00,685084900,-0.033380449980637654,-0.1083318092869828,0.0415709093257075,35.808713750000045,-86.48408854387709,10208,0.6,35.8,-86.5,1.7314143468666412
2024-05-11 14:08:00,685084900,-0.12347682627079547,-0.2828128693730515,0.03585921683146055,35.808713750000045,-86.48408854387709,10208,-0.6,35.8,-86.5,1.7314143468666412
2024-05-11 14:09:00,685084900,-0.027396851445334665,-0.1489638935078707,0.09417019061720139,35.808713750000045,-86.48408854387709,10208,0.9,35.8,-86.5,1.7314143468666412
2024-05-11 14:10:00,685084900,-0.1806890944065307,-0.36066763642328675,-0.0007105523897746324,35.808713750000045,-86.48408854387709,10208,0.4,35.8,-86.5,1.7314143468666412
2024-05-11 14:11:00,685084900,-0.21872949055079735,-0.44606834292105046,0.008609361819455735,35.808713750000045,-86.48408854387709,10208,-0.4,35.8,-86.5,1.7314143468666412
2024-05-11 14:12:00,685084900,-0.07632030459482876,-0.156959699078433,0.004319089888775482,35.808713750000045,-86.48408854387709,10208,-0.5,35.8,-86.5,1.7314143468666412
2024-05-11 14:13:00,685084900,-0.0658351655525895,-0.16566948667690967,0.03399915557173065,35.808713750000045,-86.48408854387709,10208,-0.1,35.8,-86.5,1.7314143468666412
2024-05-11 14:14:00,685084900,0.11903650326141994,-0.01240530976218994,0.2504783162850298,35.808713750000045,-86.48408854387709,10208,0.2,35.8,-86.5,1.7314143468666412
2024-05-11 14:15:00,685084900,-0.1982656926537971,-0.34391797250301603,-0.052613412804578125,35.808713750000045,-86.48408854387709,10208,0.6,35.8,-86.5,1.7314143468666412
2024-05-11 14:16:00,685084900,0.04472823325787604,-0.026072146592145358,0.11552861310789744,35.808713750000045,-86.48408854387709,10208,0.1,35.8,-86.5,1.7314143468666412
2024-05-11 14:17:00,685084900,-0.24885044085073568,-0.4505502126492992,-0.04715066905217219,35.808713750000045,-86.48408854387709,10208,0.4,35.8,-86.5,1.7314143468666412
2024-05-11 14:18:00,685084900,-0.07940987115268669,-0.19523762405722023,0.03641788175184685,35.808713750000045,-86.48408854387709,10208,-0.4,35.8,-86.5,1.7314143468666412
2024-05-11 14:19:00,685084900,0.060866744789246675,-0.08025436798355429,0.20198785756204762,35.808713750000045,-86.48408854387709,10208,0.3,35.8,-86.5,1.7314143468666412
2024-05-11 14:20:00,685084900,-0.1821524213445852,-0.3908321331291078,0.02652729043993743,35.808713750000045,-86.48408854387709,10208,0.7,35.8,-86.5,1.7314143468666412
2024-05-11 14:21:00,685084900,-0.23410068427305855,-0.4652325159825458,-0.0029688525635713225,35.808713750000045,-86.48408854387709,10208,0.2,35.8,-86.5,1.7314143468666412
2024-05-11 14:22:00,685084900,-0.3910072508801048,-0.7541148111468838,-0.0278996906133257,35.808713750000045,-86.48408854387709,10208,0.0,35.8,-86.5,1.7314143468666412
2024-05-11 14:23:00,685084900,-0.32005973674341903,-0.6175094529886811,-0.022610020498156913,35.808713750000045,-86.48408854387709,10208,-0.6,35.8,-86.5,1.7314143468666412
2024-05-11 14:24:00,685084900,-0.40290075736953335,-0.7667042046254247,-0.039097310113642036,35.808713750000045,-86.48408854387709,10208,-1.3,35.8,-86.5,1.7314143468666412
2024-05-11 14:25:00,685084900,-0.16418093422874958,-0.3076931086697571,-0.020668759787742075,35.808713750000045,-86.48408854387709,10208,-0.3,35.8,-86.5,1.7314143468666412
2024-05-11 14:26:00,685084900,-0.2868214230771504,-0.5107500484854594,-0.06289279766884145,35.808713750000045,-86.48408854387709,10208,0.1,35.8,-86.5,1.7314143468666412
2024-05-11 14:27:00,685084900,-0.2723768512594997,-0.4796667255474407,-0.0650869769715586,35.808713750000045,-86.48408854387709,10208,0.0,35.8,-86.5,1.7314143468666412
2024-05-11 14:28:00,685084900,-0.36061850408619495,-0.6482340987661647,-0.07300290940622522,35.808713750000045,-86.48408854387709,10208,-0.2,35.8,-86.5,1.7314143468666412
2024-05-11 14:29:00,685084900,-0.28363956920877753,-0.5105147446074126,-0.05676439381014245,35.808713750000045,-86.48408854387709,10208,-0.1,35.8,-86.5,1.7314143468666412
2024-05-11 14:30:00,685084900,-0.1736826497833442,-0.32382619293433357,-0.023539106632354784,35.808713750000045,-86.48408854387709,10208,-0.2,35.8,-86.5,1.7314143468666412
2024-05-11 14:31:00,685084900,-0.20775604632851577,-0.35169816367344175,-0.06381392898358976,35.808713750000045,-86.48408854387709,10208,-0.9,35.8,-86.5,1.7314143468666412
2024-05-11 14:32:00,685084900,-0.2525787635705739,-0.43870621111014413,-0.06645131603100368,35.808713750000045,-86.48408854387709,10208,0.0,35.8,-86.5,1.7314143468666412
2024-05-11 14:33:00,685084900,-0.03557557841636386,-0.06725005443649815,-0.0039011023962295666,35.808713750000045,-86.48408854387709,10208,0.7,35.8,-86.5,1.7314143468666412
2024-05-11 14:34:00,685084900,-0.14030420691997475,-0.22926269766081542,-0.05134571617913408,35.808713750000045,-86.48408854387709,10208,0.0,35.8,-86.5,1.7314143468666412
2024-05-11 14:35:00,685084900,-0.2067441786385737,-0.36176799256402337,-0.051720364713123995,35.808713750000045,-86.48408854387709,10208,-0.1,35.8,-86.5,1.7314143468666412
2024-05-11 14:36:00,685084900,-0.08321175337960116,-0.15772975300680697,-0.008693753752395325,35.808713750000045,-86.48408854387709,10208,-0.1,35.8,-86.5,1.7314143468666412
2024-05-11 14:37:00,685084900,-0.07643371407586452,-0.13999174932743536,-0.012875678824293676,35.808713750000045,-86.48408854387709,10208,0.1,35.8,-86.5,1.7314143468666412
2024-05-11 14:38:00,685084900,-0.023854725779345474,-0.041929929967486554,-0.00577952159120439,35.808713750000045,-86.48408854387709,10208,-0.2,35.8,-86.5,1.7314143468666412
2024-05-11 14:39:00,685084900,-0.1446360926060526,-0.25477554688768866,-0.03449663832441653,35.808713750000045,-86.48408854387709,10208,0.0,35.8,-86.5,1.7314143468666412
2024-05-11 14:40:00,685084900,-0.126002377363845,-0.22919154728447405,-0.022813207443215952,35.808713750000045,-86.48408854387709,10208,0.0,35.8,-86.5,1.7314143468666412
2024-05-11 14:41:00,685084900,-0.1168649460376311,-0.21075991964612273,-0.022969972429139493,35.808713750000045,-86.48408854387709,10208,-0.5,35.8,-86.5,1.7314143468666412
2024-05-11 14:42:00,685084900,0.03697544464587203,-0.008050782261784989,0.08200167155352905,35.808713750000045,-86.48408854387709,10208,0.2,35.8,-86.5,1.7314143468666412
2024-05-11 14:43:00,685084900,0.09689710696591734,-0.0030676296932223013,0.196861843625057,35.808713750000045,-86.48408854387709,10208,0.2,35.8,-86.5,1.7314143468666412
2024-05-11 14:44:00,685084900,-0.011609453760543443,-0.03724164885412265,0.014022741333035764,35.808713750000045,-86.48408854387709,10208,-0.2,35.8,-86.5,1.7314143468666412
2024-05-11 14:45:00,685084900,0.04787178190265955,-0.10462951235829271,0.20037307616361183,35.808713750000045,-86.48408854387709,10208,-0.1,35.8,-86.5,1.7314143468666412
2024-05-11 14:46:00,685084900,0.16049143734119367,-0.00022730646720151015,0.3212101811495889,35.808713750000045,-86.48408854387709,10208,-0.2,35.8,-86.5,1.7314143468666412
2024-05-11 14:47:00,685084900,0.27287232771606035,0.026364811049610276,0.5193798443825104,35.808713750000045,-86.48408854387709,10208,0.9,35.8,-86.5,1.7314143468666412
2024-05-11 14:48:00,685084900,0.20886605653333118,0.021205393352030283,0.39652671971463205,35.808713750000045,-86.48408854387709,10208,0.6,35.8,-86.5,1.7314143468666412
2024-05-11 14:49:00,685084900,0.037360871968529094,-0.02573941397689139,0.10046115791394958,35.808713750000045,-86.48408854387709,10208,0.3,35.8,-86.5,1.7314143468666412
2024-05-11 14:50:00,685084900,-0.23538156892921433,-0.4785907990634699,0.007827661205041248,35.808713750000045,-86.48408854387709,10208,0.5,35.8,-86.5,1.7314143468666412
2024-05-11 14:51:00,685084900,0.026396647506539424,0.009969286303993716,0.042824008709085135,35.808713750000045,-86.48408854387709,10208,0.3,35.8,-86.5,1.7314143468666412
2024-05-11 14:52:00,685084900,-0.10646708306644134,-0.2196932642961565,0.006759098163273802,35.808713750000045,-86.48408854387709,10208,0.1,35.8,-86.5,1.7314143468666412
2024-05-11 14:53:00,685084900,0.06862884363073106,0.015445491168437173,0.12181219609302495,35.808713750000045,-86.48408854387709,10208,0.9,35.8,-86.5,1.7314143468666412
2024-05-11 14:54:00,685084900,-0.048657627096092775,-0.1110525537390657,0.013737299546880154,35.808713750000045,-86.48408854387709,10208,0.4,35.8,-86.5,1.7314143468666412
2024-05-11 14:55:00,685084900,-0.003955147854818461,-0.03193785436650289,0.02402755865686597,35.808713750000045,-86.48408854387709,10208,0.1,35.8,-86.5,1.7314143468666412
2024-05-11 14:56:00,685084900,-0.13867209241465586,-0.2638147822945849,-0.01352940253472687,35.808713750000045,-86.48408854387709,10208,0.6,35.8,-86.5,1.7314143468666412
2024-05-11 14:57:00,685084900,0.1358773745220623,0.029274644738933306,0.2424801043051913,35.808713750000045,-86.48408854387709,10208,0.3,35.8,-86.5,1.7314143468666412
2024-05-11 14:58:00,685084900,0.19084372196569488,0.006406137916176474,0.37528130601521326,35.808713750000045,-86.48408854387709,10208,0.6,35.8,-86.5,1.7314143468666412
2024-05-11 14:59:00,685084900,0.20974425910380196,0.012879770472894014,0.4066087477347099,35.808713750000045,-86.48408854387709,10208,0.2,35.8,-86.5,1.7314143468666412
2024-05-11 15:00:00,685084900,0.1257477640384143,0.004023719033383125,0.2474718090434455,35.808713750000045,-86.48408854387709,10208,0.9,35.8,-86.5,1.7314143468666412
2024-05-11 15:01:00,685084900,0.16727542043453747,0.022823898591371766,0.31172694227770315,35.808713750000045,-86.48408854387709,10208,0.3,35.8,-86.5,1.7314143468666412
2024-05-11 15:02:00,685084900,0.12826652244665354,0.005938325318797247,0.25059471957450985,35.808713750000045,-86.48408854387709,10208,0.7,35.8,-86.5,1.7314143468666412
2024-05-11 15:03:00,685084900,0.06532446938869371,-0.015197305821774573,0.145846244599162,35.808713750000045,-86.48408854387709,10208,0.8,35.8,-86.5,1.7314143468666412
2024-05-11 15:04:00,685084900,-0.07693606667175498,-0.217613847176899,0.06374171383338903,35.808713750000045,-86.48408854387709,10208,-0.1,35.8,-86.5,1.7314143468666412
2024-05-11 15:05:00,685084900,0.0026110396660969574,-0.10211866003811239,0.10734073937030629,35.808713750000045,-86.48408854387709,10208,0.5,35.8,-86.5,1.7314143468666412
2024-05-11 15:06:00,685084900,0.0937378032943428,0.004994684467510224,0.18248092212117537,35.808713750000045,-86.48408854387709,10208,-0.4,35.8,-86.5,1.7314143468666412
2024-05-11 15:07:00,685084900,0.18319984851624233,0.03435759964019522,0.3320420973922894,35.808713750000045,-86.48408854387709,10208,0.0,35.8,-86.5,1.7314143468666412
2024-05-11 15:08:00,685084900,0.09265205670942295,0.0028685360863672377,0.18243557733247867,35.808713750000045,-86.48408854387709,10208,-0.2,35.8,-86.5,1.7314143468666412
2024-05-11 15:09:00,685084900,-0.01709012153089327,-0.0601720967937142,0.025991853731927663,35.808713750000045,-86.48408854387709,10208,-0.4,35.8,-86.5,1.7314143468666412
2024-05-11 15:10:00,685084900,0.344157025889414,0.04915021077194254,0.6391638410068854,35.808713750000045,-86.48408854387709,10208,-0.4,35.8,-86.5,1.7314143468666412
2024-05-11 15:11:00,685084900,0.30965641126908466,0.04492140368985942,0.5743914188483099,35.808713750000045,-86.48408854387709,10208,0.1,35.8,-86.5,1.7314143468666412
2024-05-11 15:12:00,685084900,0.4329761916867983,0.0688470759134806,0.797105307460116,35.808713750000045,-86.48408854387709,10208,0.5,35.8,-86.5,1.7314143468666412
2024-05-11 15:13:00,685084900,0.2280898950367705,0.03238914600061579,0.4237906440729252,35.808713750000045,-86.48408854387709,10208,0.6,35.8,-86.5,1.7314143468666412
2024-05-11 15:14:00,685084900,0.1818504743954441,0.037500684833631365,0.3262002639572569,35.808713750000045,-86.48408854387709,10208,0.3,35.8,-86.5,1.7314143468666412
2024-05-11 15:15:00,685084900,0.08043368710875111,0.02322303990097392,0.13764433431652828,35.808713750000045,-86.48408854387709,10208,0.8,35.8,-86.5,1.7314143468666412
2024-05-11 15:16:00,685084900,0.18192776370224892,0.04273306995746942,0.3211224574470284,35.808713750000045,-86.48408854387709,10208,0.6,35.8,-86.5,1.7314143468666412
2024-05-11 15:17:00,685084900,0.15486348076161716,0.03811335155807766,0.27161360996515665,35.808713750000045,-86.48408854387709,10208,0.1,35.8,-86.5,1.7314143468666412
2024-05-11 15:18:00,685084900,0.1481471340689951,0.028176632769733437,0.2681176353682568,35.808713750000045,-86.48408854387709,10208,0.4,35.8,-86.5,1.7314143468666412
2024-05-11 15:19:00,685084900,0.0878730383830016,0.007194716325399128,0.1685513604406041,35.808713750000045,-86.48408854387709,10208,0.7,35.8,-86.5,1.7314143468666412
2024-05-11 15:20:00,685084900,0.09836998303303722,0.020110048971057434,0.17662991709501702,35.808713750000045,-86.48408854387709,10208,0.3,35.8,-86.5,1.7314143468666412
2024-05-11 15:21:00,685084900,0.03445383423354374,0.0003890894185506408,0.06851857904853684,35.808713750000045,-86.48408854387709,10208,0.6,35.8,-86.5,1.7314143468666412
2024-05-11 15:22:00,685084900,0.051838452012729706,-0.003817917729717138,0.10749482175517655,35.808713750000045,-86.48408854387709,10208,0.6,35.8,-86.5,1.7314143468666412
2024-05-11 15:23:00,685084900,0.1369978430772998,0.02021128150894648,0.25378440464565316,35.808713750000045,-86.48408854387709,10208,0.2,35.8,-86.5,1.7314143468666412
2024-05-11 15:24:00,685084900,0.17747688678261733,0.025348278773447586,0.3296054947917871,35.808713750000045,-86.48408854387709,10208,0.1,35.8,-86.5,1.7314143468666412
2024-05-11 15:25:00,685084900,0.016793375056945965,-0.036790289974430804,0.07037704008832274,35.808713750000045,-86.48408854387709,10208,0.5,35.8,-86.5,1.7314143468666412
2024-05-11 15:26:00,685084900,-0.15527279808285577,-0.3510945669940083,0.040548970828296754,35.808713750000045,-86.48408854387709,10208,0.3,35.8,-86.5,1.7314143468666412
2024-05-11 15:27:00,685084900,-0.050812374527372604,-0.14487097763015733,0.04324622857541211,35.808713750000045,-86.48408854387709,10208,0.4,35.8,-86.5,1.7314143468666412
2024-05-11 15:28:00,685084900,-0.06470926980805541,-0.1577999854543613,0.02838144583825046,35.808713750000045,-86.48408854387709,10208,0.3,35.8,-86.5,1.7314143468666412
2024-05-11 15:29:00,685084900,-0.18833807641897093,-0.3954640657962522,0.018787912958310338,35.808713750000045,-86.48408854387709,10208,0.2,35.8,-86.5,1.7314143468666412
2024-05-11 15:30:00,685084900,-0.0752707262045598,-0.1744344808065226,0.02389302839740301,35.808713750000045,-86.48408854387709,10208,-0.5,35.8,-86.5,1.7314143468666412
2024-05-11 15:31:00,685084900,-0.17200416739386204,-0.3254408483954296,-0.018567486392294497,35.808713750000045,-86.48408854387709,10208,-0.3,35.8,-86.5,1.7314143468666412
2024-05-11 15:32:00,685084900,-0.2513311646813583,-0.4825190329557591,-0.0201432964069575,35.808713750000045,-86.48408854387709,10208,0.1,35.8,-86.5,1.7314143468666412
2024-05-11 15:33:00,685084900,-0.04526153216846212,-0.12768794358860863,0.0371648792516844,35.808713750000045,-86.48408854387709,10208,-0.6,35.8,-86.5,1.7314143468666412
2024-05-11 15:34:00,685084900,-0.04210614003666953,-0.08372320665794467,-0.000489073415394399,35.808713750000045,-86.48408854387709,10208,-0.2,35.8,-86.5,1.7314143468666412
2024-05-11 15:35:00,685084900,-0.07749840903779205,-0.1521069561753027,-0.0028898619002813986,35.808713750000045,-86.48408854387709,10208,0.2,35.8,-86.5,1.7314143468666412
2024-05-11 15:36:00,685084900,-0.08997906336627234,-0.1744502773905119,-0.005507849342032786,35.808713750000045,-86.48408854387709,10208,0.2,35.8,-86.5,1.7314143468666412
2024-05-11 15:37:00,685084900,-0.1144849101248089,-0.20875774482520182,-0.020212075424415984,35.808713750000045,-86.48408854387709,10208,0.4,35.8,-86.5,1.7314143468666412
2024-05-11 15:38:00,685084900,-0.07916379564146749,-0.15158174112985723,-0.006745850153077743,35.808713750000045,-86.48408854387709,10208,0.7,35.8,-86.5,1.7314143468666412
2024-05-11 15:39:00,685084900,-0.05003080868288103,-0.09972808687319454,-0.000333530492567527,35.808713750000045,-86.48408854387709,10208,0.5,35.8,-86.5,1.7314143468666412
2024-05-11 15:40:00,685084900,-0.12351746902260591,-0.2313053288708336,-0.015729609174378212,35.808713750000045,-86.48408854387709,10208,0.1,35.8,-86.5,1.7314143468666412
2024-05-11 15:41:00,685084900,-0.06857740309868551,-0.1344027136894921,-0.002752092507878917,35.808713750000045,-86.48408854387709,10208,0.0,35.8,-86.5,1.7314143468666412
2024-05-11 15:42:00,685084900,-0.06124300049228322,-0.11663058351197544,-0.005855417472590996,35.808713750000045,-86.48408854387709,10208,0.2,35.8,-86.5,1.7314143468666412
2024-05-11 15:43:00,685084900,-0.166736330854548,-0.31240908249144367,-0.02106357921765234,35.808713750000045,-86.48408854387709,10208,-0.1,35.8,-86.5,1.7314143468666412
2024-05-11 15:44:00,685084900,-0.12836461782295108,-0.26473849880042105,0.008009263154518886,35.808713750000045,-86.48408854387709,10208,0.2,35.8,-86.5,1.7314143468666412
2024-05-11 15:45:00,685084900,-0.04519834194555328,-0.0911626884786262,0.0007660045875196447,35.808713750000045,-86.48408854387709,10208,-0.3,35.8,-86.5,1.7314143468666412
2024-05-11 15:46:00,685084900,-0.22771114652078264,-0.43099919190553737,-0.024423101136027914,35.808713750000045,-86.48408854387709,10208,0.0,35.8,-86.5,1.7314143468666412
2024-05-11 15:47:00,685084900,-0.03696562338773244,-0.07483261468524421,0.0009013679097793423,35.808713750000045,-86.48408854387709,10208,0.2,35.8,-86.5,1.7314143468666412
2024-05-11 15:48:00,685084900,0.1305296305208777,0.00011564495990395995,0.26094361608185146,35.808713750000045,-86.48408854387709,10208,-0.2,35.8,-86.5,1.7314143468666412
2024-05-11 15:49:00,685084900,0.26739850073110843,0.01845274410576636,0.5163442573564505,35.808713750000045,-86.48408854387709,10208,0.0,35.8,-86.5,1.7314143468666412
2024-05-11 15:50:00,685084900,-0.06787109679637054,-0.11500124906576062,-0.020740944526980463,35.808713750000045,-86.48408854387709,10208,1.0,35.8,-86.5,1.7314143468666412
2024-05-11 15:51:00,685084900,-0.16614788686499632,-0.31226465582031293,-0.02003111790967968,35.808713750000045,-86.48408854387709,10208,0.3,35.8,-86.5,1.7314143468666412
2024-05-11 15:52:00,685084900,-0.36040272709500815,-0.6909939086754251,-0.029811545514591253,35.808713750000045,-86.48408854387709,10208,1.0,35.8,-86.5,1.7314143468666412
2024-05-11 15:53:00,685084900,-0.07486044005731969,-0.1647271294070932,0.01500624929245381,35.808713750000045,-86.48408854387709,10208,0.2,35.8,-86.5,1.7314143468666412
2024-05-11 15:54:00,685084900,0.019930499948425908,-0.0023843250214191335,0.042245324918270946,35.808713750000045,-86.48408854387709,10208,-0.1,35.8,-86.5,1.7314143468666412
2024-05-11 15:55:00,685084900,-0.07671871903604842,-0.14339946462167605,-0.01003797345042079,35.808713750000045,-86.48408854387709,10208,0.2,35.8,-86.5,1.7314143468666412
2024-05-11 15:56:00,685084900,-0.21971933234034566,-0.40425357852985616,-0.035185086150835154,35.808713750000045,-86.48408854387709,10208,0.1,35.8,-86.5,1.7314143468666412
2024-05-11 15:57:00,685084900,-0.24306847380565652,-0.4621129687065677,-0.024023978904745363,35.808713750000045,-86.48408854387709,10208,-0.1,35.8,-86.5,1.7314143468666412
2024-05-11 15:58:00,685084900,0.009323625574195313,-0.004997253292178514,0.02364450444056914,35.808713750000045,-86.48408854387709,10208,-0.3,35.8,-86.5,1.7314143468666412
2024-05-11 15:59:00,685084900,0.16444300514944624,0.012433116298287084,0.3164528940006054,35.808713750000045,-86.48408854387709,10208,0.0,35.8,-86.5,1.7314143468666412
2024-05-11 16:00:00,685084900,-0.040017421083636304,-0.05762685357757922,-0.022407988589693388,35.808713750000045,-86.48408854387709,10208,0.6,35.8,-86.5,1.7314143468666412
2024-05-11 16:01:00,685084900,-0.14551660897512123,-0.27041149007331894,-0.0206217278769235,35.808713750000045,-86.48408854387709,10208,0.6,35.8,-86.5,1.7314143468666412
2024-05-11 16:02:00,685084900,0.01557140716707939,-0.019645058382640607,0.05078787271679938,35.808713750000045,-86.48408854387709,10208,0.1,35.8,-86.5,1.7314143468666412
2024-05-11 16:03:00,685084900,0.020471039680963244,-0.029598012013008355,0.07054009137493485,35.808713750000045,-86.48408854387709,10208,-0.1,35.8,-86.5,1.7314143468666412
2024-05-11 16:04:00,685084900,-0.016709987758066962,-0.062083409438538864,0.028663433922404936,35.808713750000045,-86.48408854387709,10208,0.2,35.8,-86.5,1.7314143468666412
2024-05-11 16:05:00,685084900,0.029627025247662357,0.004062900181386726,0.05519115031393799,35.808713750000045,-86.48408854387709,10208,0.1,35.8,-86.5,1.7314143468666412
2024-05-11 16:06:00,685084900,0.0349670004828632,0.009423836951379366,0.06051016401434703,35.808713750000045,-86.48408854387709,10208,0.2,35.8,-86.5,1.7314143468666412
2024-05-11 16:07:00,685084900,0.029979521424961155,-0.004588157340439231,0.06454720019036154,35.808713750000045,-86.48408854387709,10208,0.1,35.8,-86.5,1.7314143468666412
2024-05-11 16:08:00,685084900,-0.10195057554059006,-0.19103109219869333,-0.012870058882486796,35.808713750000045,-86.48408854387709,10208,0.3,35.8,-86.5,1.7314143468666412
2024-05-11 16:09:00,685084900,-0.06426506224461025,-0.1351929328856246,0.006662808396404096,35.808713750000045,-86.48408854387709,10208,0.4,35.8,-86.5,1.7314143468666412
2024-05-11 16:10:00,685084900,-0.0754059887445446,-0.15327904420830318,0.00246706671921397,35.808713750000045,-86.48408854387709,10208,0.4,35.8,-86.5,1.7314143468666412
2024-05-11 16:11:00,685084900,0.031284756803159834,0.0022174808728262704,0.0603520327334934,35.808713750000045,-86.48408854387709,10208,0.2,35.8,-86.5,1.7314143468666412
2024-05-11 16:12:00,685084900,-0.03469061747283525,-0.06890870240153699,-0.00047253254413351375,35.808713750000045,-86.48408854387709,10208,0.3,35.8,-86.5,1.7314143468666412
2024-05-11 16:13:00,685084900,0.0015940373586822694,-0.009067193474226416,0.012255268191590955,35.808713750000045,-86.48408854387709,10208,0.2,35.8,-86.5,1.7314143468666412
2024-05-11 16:14:00,685084900,-0.059774098656044446,-0.11632852410674352,-0.003219673205345365,35.808713750000045,-86.48408854387709,10208,0.2,35.8,-86.5,1.7314143468666412
2024-05-11 16:15:00,685084900,-0.015731459787890825,-0.047153954632725564,0.015691035056943914,35.808713750000045,-86.48408854387709,10208,0.3,35.8,-86.5,1.7314143468666412
2024-05-11 16:16:00,685084900,-0.025569407268106015,-0.05622616816369032,0.005087353627478284,35.808713750000045,-86.48408854387709,10208,0.5,35.8,-86.5,1.7314143468666412
2024-05-11 16:17:00,685084900,-0.05817054066789495,-0.1111419107963636,-0.005199170539426305,35.808713750000045,-86.48408854387709,10208,0.2,35.8,-86.5,1.7314143468666412
2024-05-11 16:18:00,685084900,-0.020799403192216147,-0.040524103462005925,-0.0010747029224263717,35.808713750000045,-86.48408854387709,10208,0.0,35.8,-86.5,1.7314143468666412
2024-05-11 16:19:00,685084900,0.030309707146806853,0.0007158259420659528,0.05990358835154776,35.808713750000045,-86.48408854387709,10208,0.1,35.8,-86.5,1.7314143468666412
2024-05-11 16:20:00,685084900,0.049835030873830316,-0.007102659162917566,0.1067727209105782,35.808713750000045,-86.48408854387709,10208,0.2,35.8,-86.5,1.7314143468666412
2024-05-11 16:21:00,685084900,0.03609433515647473,-0.012553170040688268,0.08474184035363772,35.808713750000045,-86.48408854387709,10208,0.0,35.8,-86.5,1.7314143468666412
2024-05-11 16:22:00,685084900,0.004133068200478878,-0.012449335305192391,0.020715471706150144,35.808713750000045,-86.48408854387709,10208,0.2,35.8,-86.5,1.7314143468666412
2024-05-11 16:23:00,685084900,0.023786083715588918,-0.022371860003138223,0.06994402743431606,35.808713750000045,-86.48408854387709,10208,0.1,35.8,-86.5,1.7314143468666412
2024-05-11 16:24:00,685084900,0.007942275826211095,-0.05356732462818167,0.06945187628060387,35.808713750000045,-86.48408854387709,10208,0.2,35.8,-86.5,1.7314143468666412
2024-05-11 16:25:00,685084900,0.02107938144057889,0.0015935193898263186,0.04056524349133146,35.808713750000045,-86.48408854387709,10208,0.4,35.8,-86.5,1.7314143468666412
2024-05-11 16:26:00,685084900,0.038477144950014995,0.002427603502166399,0.07452668639786358,35.808713750000045,-86.48408854387709,10208,0.0,35.8,-86.5,1.7314143468666412
2024-05-11 16:27:00,685084900,0.03320457980227134,-0.01869020309494776,0.08509936269949044,35.808713750000045,-86.48408854387709,10208,0.2,35.8,-86.5,1.7314143468666412
2024-05-11 16:28:00,685084900,0.022031004106589588,-0.017228963399493622,0.0612909716126728,35.808713750000045,-86.48408854387709,10208,0.2,35.8,-86.5,1.7314143468666412
2024-05-11 16:29:00,685084900,0.07758163075039831,0.002107156859301282,0.15305610464149533,35.808713750000045,-86.48408854387709,10208,0.2,35.8,-86.5,1.7314143468666412
2024-05-11 16:30:00,685084900,0.07378929737196245,0.012226015196398418,0.1353525795475265,35.808713750000045,-86.48408854387709,10208,0.2,35.8,-86.5,1.7314143468666412
2024-05-11 16:31:00,685084900,0.045128757551202214,0.004434410850874523,0.0858231042515299,35.808713750000045,-86.48408854387709,10208,0.3,35.8,-86.5,1.7314143468666412
2024-05-11 16:32:00,685084900,0.003049283077352866,-0.01648331286016438,0.022581879014870115,35.808713750000045,-86.48408854387709,10208,0.6,35.8,-86.5,1.7314143468666412
2024-05-11 16:33:00,685084900,0.08240364442836862,-0.0011780202406538182,0.16598530909739106,35.808713750000045,-86.48408854387709,10208,0.1,35.8,-86.5,1.7314143468666412
2024-05-11 16:34:00,685084900,0.09798419820276298,-0.014938444863920111,0.2109068412694461,35.808713750000045,-86.48408854387709,10208,0.1,35.8,-86.5,1.7314143468666412
2024-05-11 16:35:00,685084900,0.02589527143274447,-0.02499819221913302,0.07678873508462196,35.808713750000045,-86.48408854387709,10208,0.8,35.8,-86.5,1.7314143468666412
2024-05-11 16:36:00,685084900,-0.027920705765465723,-0.05867653495551682,0.0028351234245853722,35.808713750000045,-86.48408854387709,10208,0.6,35.8,-86.5,1.7314143468666412
2024-05-11 16:37:00,685084900,-0.026559428713348942,-0.05614626414429996,0.0030274067176020818,35.808713750000045,-86.48408854387709,10208,0.7,35.8,-86.5,1.7314143468666412
2024-05-11 16:38:00,685084900,0.007783666784200559,-0.004733819090939989,0.02030115265934111,35.808713750000045,-86.48408854387709,10208,0.4,35.8,-86.5,1.7314143468666412
2024-05-11 16:39:00,685084900,0.03571173803230701,-0.002844913429195635,0.07426838949380965,35.808713750000045,-86.48408854387709,10208,0.6,35.8,-86.5,1.7314143468666412
2024-05-11 16:40:00,685084900,-0.06374566909364189,-0.11470265009379567,-0.012788688093488113,35.808713750000045,-86.48408854387709,10208,0.5,35.8,-86.5,1.7314143468666412
2024-05-11 16:41:00,685084900,0.08747867521377081,0.01327714294103323,0.1616802074865084,35.808713750000045,-86.48408854387709,10208,0.5,35.8,-86.5,1.7314143468666412
2024-05-11 16:42:00,685084900,0.33765361352342044,0.003243943734979493,0.6720632833118614,35.808713750000045,-86.48408854387709,10208,0.4,35.8,-86.5,1.7314143468666412
2024-05-11 16:43:00,685084900,-0.04451768464022382,-0.07213401952523558,-0.016901349755212056,35.808713750000045,-86.48408854387709,10208,0.4,35.8,-86.5,1.7314143468666412
2024-05-11 16:44:00,685084900,0.14656861772774527,0.0015617268930004091,0.29157550856249015,35.808713750000045,-86.48408854387709,10208,0.2,35.8,-86.5,1.7314143468666412
2024-05-11 16:45:00,685084900,-0.09367972632422893,-0.17410815395008167,-0.013251298698376171,35.808713750000045,-86.48408854387709,10208,0.2,35.8,-86.5,1.7314143468666412
2024-05-11 16:46:00,685084900,-0.17935470614404428,-0.3728785122566829,0.014169099968594362,35.808713750000045,-86.48408854387709,10208,0.3,35.8,-86.5,1.7314143468666412
2024-05-11 16:47:00,685084900,0.06862667445456654,0.02061790515767331,0.11663544375145976,35.808713750000045,-86.48408854387709,10208,0.5,35.8,-86.5,1.7314143468666412
2024-05-11 16:48:00,685084900,-0.048711326511898696,-0.09137832811470892,-0.006044324909088468,35.808713750000045,-86.48408854387709,10208,0.9,35.8,-86.5,1.7314143468666412
2024-05-11 16:49:00,685084900,-0.03495290380399662,-0.06857053337183505,-0.0013352742361581807,35.808713750000045,-86.48408854387709,10208,0.7,35.8,-86.5,1.7314143468666412
2024-05-11 16:50:00,685084900,0.016575876545729697,-0.04655790965012942,0.07970966274158882,35.808713750000045,-86.48408854387709,10208,0.4,35.8,-86.5,1.7314143468666412
2024-05-11 16:51:00,685084900,-0.0026043108348166614,-0.033217163493264236,0.028008541823630915,35.808713750000045,-86.48408854387709,10208,0.6,35.8,-86.5,1.7314143468666412
2024-05-11 16:52:00,685084900,0.010694500737809141,-0.01519701578926083,0.03658601726487911,35.808713750000045,-86.48408854387709,10208,0.9,35.8,-86.5,1.7314143468666412
2024-05-11 16:53:00,685084900,-0.003008390362822296,-0.03025805636525705,0.024241275639612456,35.808713750000045,-86.48408854387709,10208,0.7,35.8,-86.5,1.7314143468666412
2024-05-11 16:54:00,685084900,-0.0062748237031373544,-0.04242774112036135,0.029878093714086645,35.808713750000045,-86.48408854387709,10208,0.6,35.8,-86.5,1.7314143468666412
2024-05-11 16:55:00,685084900,0.005961104055018576,-0.018331101897068155,0.030253310007105304,35.808713750000045,-86.48408854387709,10208,0.6,35.8,-86.5,1.7314143468666412
2024-05-11 16:56:00,685084900,0.03320784458956946,0.005527886467931526,0.0608878027112074,35.808713750000045,-86.48408854387709,10208,0.5,35.8,-86.5,1.7314143468666412
2024-05-11 16:57:00,685084900,0.014665384940357119,-0.02592540678486128,0.055256176665575515,35.808713750000045,-86.48408854387709,10208,0.5,35.8,-86.5,1.7314143468666412
2024-05-11 16:58:00,685084900,-0.015487696792587147,-0.03389460758742201,0.002919214002247709,35.808713750000045,-86.48408854387709,10208,0.6,35.8,-86.5,1.7314143468666412
2024-05-11 16:59:00,685084900,-0.05867855309959057,-0.10929985536633005,-0.008057250832851096,35.808713750000045,-86.48408854387709,10208,0.4,35.8,-86.5,1.7314143468666412
2024-05-11 17:00:00,685084900,-0.01880767735043226,-0.03765464523857641,3.9290537711886286e-05,35.808713750000045,-86.48408854387709,10208,0.4,35.8,-86.5,1.7314143468666412
2024-05-11 17:01:00,685084900,-0.04495095404988579,-0.08000535912962287,-0.00989654897014871,35.808713750000045,-86.48408854387709,10208,0.6,35.8,-86.5,1.7314143468666412
2024-05-11 17:02:00,685084900,-0.04243678219300753,-0.07690495983862786,-0.00796860454738721,35.808713750000045,-86.48408854387709,10208,0.6,35.8,-86.5,1.7314143468666412
2024-05-11 17:03:00,685084900,-0.14208995390034557,-0.26177605671362164,-0.022403851087069493,35.808713750000045,-86.48408854387709,10208,0.7,35.8,-86.5,1.7314143468666412
2024-05-11 17:04:00,685084900,-0.0619481977553839,-0.12121783392937052,-0.0026785615813972735,35.808713750000045,-86.48408854387709,10208,0.6,35.8,-86.5,1.7314143468666412
2024-05-11 17:05:00,685084900,-0.15515846811690903,-0.2802946149922877,-0.03002232124153037,35.808713750000045,-86.48408854387709,10208,0.4,35.8,-86.5,1.7314143468666412
2024-05-11 17:06:00,685084900,0.19590092539065784,0.04309053063501472,0.34871132014630096,35.808713750000045,-86.48408854387709,10208,0.1,35.8,-86.5,1.7314143468666412
2024-05-11 17:07:00,685084900,0.5518952339546906,0.06761132308271067,1.0361791448266706,35.808713750000045,-86.48408854387709,10208,0.4,35.8,-86.5,1.7314143468666412
2024-05-11 17:08:00,685084900,0.038854673194179776,-0.03459879193197861,0.11230813832033816,35.808713750000045,-86.48408854387709,10208,0.9,35.8,-86.5,1.7314143468666412
2024-05-11 17:09:00,685084900,0.0935646453477748,-0.009226795580101019,0.1963560862756506,35.808713750000045,-86.48408854387709,10208,1.0,35.8,-86.5,1.7314143468666412
2024-05-11 17:10:00,685084900,-0.08572612934330605,-0.16518848324382515,-0.006263775442786945,35.808713750000045,-86.48408854387709,10208,0.7,35.8,-86.5,1.7314143468666412
2024-05-11 17:11:00,685084900,-0.00020805331950389706,-0.06382838257887673,0.06341227593986894,35.808713750000045,-86.48408854387709,10208,0.9,35.8,-86.5,1.7314143468666412
2024-05-11 17:12:00,685084900,-0.04321331615486478,-0.0990586967611124,0.012632064451382832,35.808713750000045,-86.48408854387709,10208,0.5,35.8,-86.5,1.7314143468666412
2024-05-11 17:13:00,685084900,-0.0007322105530852348,-0.03509124048368199,0.033626819377511524,35.808713750000045,-86.48408854387709,10208,0.4,35.8,-86.5,1.7314143468666412
2024-05-11 17:14:00,685084900,-0.03071511537337672,-0.059367587183408545,-0.0020626435633448945,35.808713750000045,-86.48408854387709,10208,0.3,35.8,-86.5,1.7314143468666412
2024-05-11 17:15:00,685084900,-0.015942921755533534,-0.024056780672524133,-0.007829062838542934,35.808713750000045,-86.48408854387709,10208,0.4,35.8,-86.5,1.7314143468666412
2024-05-11 17:16:00,685084900,-0.08832411903940597,-0.15225746758159298,-0.024390770497218967,35.808713750000045,-86.48408854387709,10208,0.5,35.8,-86.5,1.7314143468666412
2024-05-11 17:17:00,685084900,-0.060605789882349506,-0.10959763621511032,-0.011613943549588703,35.808713750000045,-86.48408854387709,10208,0.2,35.8,-86.5,1.7314143468666412
2024-05-11 17:18:00,685084900,-0.043458565498408486,-0.0806085390170683,-0.006308591979748666,35.808713750000045,-86.48408854387709,10208,0.1,35.8,-86.5,1.7314143468666412
2024-05-11 17:19:00,685084900,0.03972239516770671,-0.00419443273533459,0.083639223070748,35.808713750000045,-86.48408854387709,10208,0.2,35.8,-86.5,1.7314143468666412
2024-05-11 17:20:00,685084900,0.006861405117686515,-0.01949523687580313,0.03321804711117616,35.808713750000045,-86.48408854387709,10208,0.2,35.8,-86.5,1.7314143468666412
2024-05-11 17:21:00,685084900,0.009818316347741728,-0.018593542718052143,0.0382301754135356,35.808713750000045,-86.48408854387709,10208,0.3,35.8,-86.5,1.7314143468666412
2024-05-11 17:22:00,685084900,-0.04525859117828605,-0.08113712735467833,-0.009380055001893775,35.808713750000045,-86.48408854387709,10208,0.4,35.8,-86.5,1.7314143468666412
2024-05-11 17:23:00,685084900,0.00867594795573375,-0.014874822693993423,0.032226718605460926,35.808713750000045,-86.48408854387709,10208,0.2,35.8,-86.5,1.7314143468666412
2024-05-11 17:24:00,685084900,0.027225481397606978,-0.0062218333947638635,0.06067279618997782,35.808713750000045,-86.48408854387709,10208,0.1,35.8,-86.5,1.7314143468666412
2024-05-11 17:25:00,685084900,0.09517110728864792,0.00822738167139657,0.18211483290589925,35.808713750000045,-86.48408854387709,10208,0.2,35.8,-86.5,1.7314143468666412
2024-05-11 17:26:00,685084900,0.024837062273878496,-0.014814918577743516,0.06448904312550051,35.808713750000045,-86.48408854387709,10208,1.2,35.8,-86.5,1.7314143468666412
2024-05-11 17:27:00,685084900,-0.04883489159024155,-0.12727442927412716,0.02960464609364407,35.808713750000045,-86.48408854387709,10208,0.6,35.8,-86.5,1.7314143468666412
2024-05-11 17:28:00,685084900,-0.012886489247345811,-0.04051552808357833,0.014742549588886704,35.808713750000045,-86.48408854387709,10208,0.2,35.8,-86.5,1.7314143468666412
2024-05-11 17:29:00,685084900,0.03448105419571959,-0.01124628097079073,0.0802083893622299,35.808713750000045,-86.48408854387709,10208,0.7,35.8,-86.5,1.7314143468666412
2024-05-11 17:30:00,685084900,-0.061697918212726445,-0.10564100552265596,-0.01775483090279694,35.808713750000045,-86.48408854387709,10208,0.7,35.8,-86.5,1.7314143468666412
2024-05-11 17:31:00,685084900,-0.0782292421503843,-0.15936358720995747,0.002905102909188856,35.808713750000045,-86.48408854387709,10208,0.6,35.8,-86.5,1.7314143468666412
2024-05-11 17:32:00,685084900,-0.13892321019021953,-0.26007642907437933,-0.01776999130605969,35.808713750000045,-86.48408854387709,10208,0.5,35.8,-86.5,1.7314143468666412
2024-05-11 17:33:00,685084900,-0.1550555540237478,-0.28813027968032157,-0.021980828367173993,35.808713750000045,-86.48408854387709,10208,0.3,35.8,-86.5,1.7314143468666412
2024-05-11 17:34:00,685084900,-0.1532285288828046,-0.2805412618324734,-0.025915795933135782,35.808713750000045,-86.48408854387709,10208,0.2,35.8,-86.5,1.7314143468666412
2024-05-11 17:35:00,685084900,-0.08893035335194448,-0.15960240178930651,-0.01825830491458244,35.808713750000045,-86.48408854387709,10208,0.1,35.8,-86.5,1.7314143468666412
2024-05-11 17:36:00,685084900,-0.07264582807775624,-0.12510920608564224,-0.02018245006987024,35.808713750000045,-86.48408854387709,10208,0.1,35.8,-86.5,1.7314143468666412
2024-05-11 17:37:00,685084900,-0.052691730943075665,-0.09121642781372855,-0.014167034072422792,35.808713750000045,-86.48408854387709,10208,0.4,35.8,-86.5,1.7314143468666412
2024-05-11 17:38:00,685084900,-0.03363452185378751,-0.05167824168630879,-0.015590802021266236,35.808713750000045,-86.48408854387709,10208,0.2,35.8,-86.5,1.7314143468666412
2024-05-11 17:39:00,685084900,0.0172349830241354,-0.00909248914376435,0.04356245519203515,35.808713750000045,-86.48408854387709,10208,0.2,35.8,-86.5,1.7314143468666412
2024-05-11 17:40:00,685084900,-0.0012278058581810794,-0.027648390488067817,0.025192778771705657,35.808713750000045,-86.48408854387709,10208,0.3,35.8,-86.5,1.7314143468666412
2024-05-11 17:41:00,685084900,-0.013462171710090664,-0.02756521849896225,0.0006408750787809218,35.808713750000045,-86.48408854387709,10208,0.1,35.8,-86.5,1.7314143468666412
2024-05-11 17:42:00,685084900,-0.014232160905582759,-0.02033839026264147,-0.008125931548524049,35.808713750000045,-86.48408854387709,10208,0.2,35.8,-86.5,1.7314143468666412
2024-05-11 17:43:00,685084900,-0.025461839122425892,-0.08159047834193864,0.030666800097086857,35.808713750000045,-86.48408854387709,10208,0.3,35.8,-86.5,1.7314143468666412
2024-05-11 17:44:00,685084900,-0.005410865119582627,-0.03221265222663308,0.021390921987467826,35.808713750000045,-86.48408854387709,10208,0.0,35.8,-86.5,1.7314143468666412
2024-05-11 17:45:00,685084900,0.06941070521366861,0.005067770394816054,0.13375364003252116,35.808713750000045,-86.48408854387709,10208,0.1,35.8,-86.5,1.7314143468666412
2024-05-11 17:46:00,685084900,0.003431626791591683,-0.027805700532002223,0.03466895411518559,35.808713750000045,-86.48408854387709,10208,0.2,35.8,-86.5,1.7314143468666412
2024-05-11 17:47:00,685084900,0.028638570839395118,-0.049992636696711425,0.10726977837550167,35.808713750000045,-86.48408854387709,10208,0.9,35.8,-86.5,1.7314143468666412
2024-05-11 17:48:00,685084900,-0.056244427514861875,-0.10131738826269122,-0.011171466767032526,35.808713750000045,-86.48408854387709,10208,0.0,35.8,-86.5,1.7314143468666412
2024-05-11 17:49:00,685084900,-0.11710113699835423,-0.276091073059918,0.041888799063209525,35.808713750000045,-86.48408854387709,10208,1.3,35.8,-86.5,1.7314143468666412
2024-05-11 17:50:00,685084900,-0.06497648216047461,-0.12445306042013204,-0.005499903900817178,35.808713750000045,-86.48408854387709,10208,0.2,35.8,-86.5,1.7314143468666412
2024-05-11 17:51:00,685084900,-0.033760817642571064,-0.06076408931398972,-0.006757545971152405,35.808713750000045,-86.48408854387709,10208,0.3,35.8,-86.5,1.7314143468666412
2024-05-11 17:52:00,685084900,-0.02754504839365484,-0.04569503902359119,-0.009395057763718493,35.808713750000045,-86.48408854387709,10208,0.3,35.8,-86.5,1.7314143468666412
2024-05-11 17:53:00,685084900,-0.04066898522957428,-0.08032886492744373,-0.0010091055317048361,35.808713750000045,-86.48408854387709,10208,0.6,35.8,-86.5,1.7314143468666412
2024-05-11 17:54:00,685084900,-0.030633630252317367,-0.10498570679371938,0.04371844628908464,35.808713750000045,-86.48408854387709,10208,0.3,35.8,-86.5,1.7314143468666412
2024-05-11 17:55:00,685084900,0.00010374202452494782,-0.023488847904903264,0.02369633195395316,35.808713750000045,-86.48408854387709,10208,0.4,35.8,-86.5,1.7314143468666412
2024-05-11 17:56:00,685084900,0.03947652797211555,-0.024087399683523456,0.10304045562775456,35.808713750000045,-86.48408854387709,10208,0.2,35.8,-86.5,1.7314143468666412
2024-05-11 17:57:00,685084900,0.13012748159012222,0.012446069323184442,0.24780889385706,35.808713750000045,-86.48408854387709,10208,0.6,35.8,-86.5,1.7314143468666412
2024-05-11 17:58:00,685084900,0.11639901400414103,0.007076198275277737,0.2257218297330043,35.808713750000045,-86.48408854387709,10208,0.7,35.8,-86.5,1.7314143468666412
2024-05-11 17:59:00,685084900,-0.05880742383307872,-0.11895447862035533,0.0013396309541978749,35.808713750000045,-86.48408854387709,10208,0.7,35.8,-86.5,1.7314143468666412
2024-05-11 18:00:00,685084900,-0.011923365289922841,-0.030333777217726156,0.006487046637880474,35.808713750000045,-86.48408854387709,10208,0.3,35.8,-86.5,1.7314143468666412
2024-05-11 18:01:00,685084900,0.04353451560468744,0.002675613172863321,0.08439341803651157,35.808713750000045,-86.48408854387709,10208,0.5,35.8,-86.5,1.7314143468666412
2024-05-11 18:02:00,685084900,0.09515561909986649,0.008838586208391522,0.18147265199134144,35.808713750000045,-86.48408854387709,10208,0.1,35.8,-86.5,1.7314143468666412
2024-05-11 18:03:00,685084900,0.07423693715283433,-0.00228546733992141,0.15075934164559007,35.808713750000045,-86.48408854387709,10208,0.5,35.8,-86.5,1.7314143468666412
2024-05-11 18:04:00,685084900,-0.03208901325808168,-0.06755177647015462,0.0033737499539912563,35.808713750000045,-86.48408854387709,10208,0.4,35.8,-86.5,1.7314143468666412
2024-05-11 18:05:00,685084900,-0.0989883887182568,-0.18233274353783147,-0.01564403389868213,35.808713750000045,-86.48408854387709,10208,0.3,35.8,-86.5,1.7314143468666412
2024-05-11 18:06:00,685084900,0.011632009448825552,-0.015837002739675646,0.03910102163732675,35.808713750000045,-86.48408854387709,10208,-0.1,35.8,-86.5,1.7314143468666412
2024-05-11 18:07:00,685084900,0.10228309329917308,-0.006121188936076716,0.21068737553442288,35.808713750000045,-86.48408854387709,10208,0.3,35.8,-86.5,1.7314143468666412
2024-05-11 18:08:00,685084900,0.11981343293077767,-0.00650042060232231,0.24612728646387766,35.808713750000045,-86.48408854387709,10208,0.4,35.8,-86.5,1.7314143468666412
2024-05-11 18:09:00,685084900,0.06504188549141797,-0.01139197367041457,0.14147574465325052,35.808713750000045,-86.48408854387709,10208,0.3,35.8,-86.5,1.7314143468666412
2024-05-11 18:10:00,685084900,0.08537487857038732,-0.004022265485400314,0.17477202262617497,35.808713750000045,-86.48408854387709,10208,0.5,35.8,-86.5,1.7314143468666412
2024-05-11 18:11:00,685084900,0.03775840953603717,-0.00015612833855268432,0.07567294741062702,35.808713750000045,-86.48408854387709,10208,0.5,35.8,-86.5,1.7314143468666412
2024-05-11 18:12:00,685084900,0.05766964151142585,0.01281714519296441,0.10252213782988728,35.808713750000045,-86.48408854387709,10208,0.4,35.8,-86.5,1.7314143468666412
2024-05-11 18:13:00,685084900,0.02398734358868987,0.010590347538295772,0.03738433963908397,35.808713750000045,-86.48408854387709,10208,0.3,35.8,-86.5,1.7314143468666412
2024-05-11 18:14:00,685084900,0.04552298098822608,-0.003896717935225759,0.09494267991167793,35.808713750000045,-86.48408854387709,10208,0.3,35.8,-86.5,1.7314143468666412
2024-05-11 18:15:00,685084900,-0.08936903311569737,-0.17351156118008132,-0.005226505051313432,35.808713750000045,-86.48408854387709,10208,0.2,35.8,-86.5,1.7314143468666412
2024-05-11 18:16:00,685084900,0.029173644781914348,0.004959245504598121,0.053388044059230574,35.808713750000045,-86.48408854387709,10208,0.3,35.8,-86.5,1.7314143468666412
2024-05-11 18:17:00,685084900,-0.2110047330772949,-0.39809788842081906,-0.023911577733770728,35.808713750000045,-86.48408854387709,10208,0.3,35.8,-86.5,1.7314143468666412
2024-05-11 18:18:00,685084900,0.14398655253283996,0.04806986319555216,0.23990324187012774,35.808713750000045,-86.48408854387709,10208,0.0,35.8,-86.5,1.7314143468666412
2024-05-11 18:19:00,685084900,0.3362939163751865,0.026351990289080474,0.6462358424612926,35.808713750000045,-86.48408854387709,10208,0.9,35.8,-86.5,1.7314143468666412
2024-05-11 18:20:00,685084900,-0.25198905806294525,-0.4699683478774995,-0.03400976824839097,35.808713750000045,-86.48408854387709,10208,0.6,35.8,-86.5,1.7314143468666412
2024-05-11 18:21:00,685084900,-0.1606071721649683,-0.3362353545708957,0.015021010240959115,35.808713750000045,-86.48408854387709,10208,-0.2,35.8,-86.5,1.7314143468666412
2024-05-11 18:22:00,685084900,0.1098691193786498,0.019878300800324364,0.1998599379569752,35.808713750000045,-86.48408854387709,10208,0.2,35.8,-86.5,1.7314143468666412
2024-05-11 18:23:00,685084900,0.11976289949564622,-0.0014711657252390459,0.24099696471653148,35.808713750000045,-86.48408854387709,10208,0.8,35.8,-86.5,1.7314143468666412
2024-05-11 18:24:00,685084900,-0.19277244778230998,-0.3543072844005711,-0.031237611164048884,35.808713750000045,-86.48408854387709,10208,0.2,35.8,-86.5,1.7314143468666412
2024-05-11 18:25:00,685084900,0.043357828598176384,0.02104110601316231,0.06567455118319046,35.808713750000045,-86.48408854387709,10208,0.3,35.8,-86.5,1.7314143468666412
2024-05-11 18:26:00,685084900,0.03763201466004321,0.005192862200791362,0.07007116711929506,35.808713750000045,-86.48408854387709,10208,0.1,35.8,-86.5,1.7314143468666412
2024-05-11 18:27:00,685084900,0.05645371092672547,0.0035799219045424893,0.10932749994890845,35.808713750000045,-86.48408854387709,10208,-0.3,35.8,-86.5,1.7314143468666412
2024-05-11 18:28:00,685084900,0.13610184136540118,0.01741969870989013,0.25478398402091224,35.808713750000045,-86.48408854387709,10208,0.5,35.8,-86.5,1.7314143468666412
2024-05-11 18:29:00,685084900,-0.11670763635282638,-0.22327328036715394,-0.010141992338498843,35.808713750000045,-86.48408854387709,10208,0.2,35.8,-86.5,1.7314143468666412
2024-05-11 18:30:00,685084900,0.05203996669869336,0.021954353319231984,0.08212558007815474,35.808713750000045,-86.48408854387709,10208,0.0,35.8,-86.5,1.7314143468666412
2024-05-11 18:31:00,685084900,0.07853893601982563,0.009557120004000552,0.1475207520356507,35.808713750000045,-86.48408854387709,10208,0.6,35.8,-86.5,1.7314143468666412
2024-05-11 18:32:00,685084900,-0.04524398138640147,-0.08903523039054001,-0.0014527323822629348,35.808713750000045,-86.48408854387709,10208,0.2,35.8,-86.5,1.7314143468666412
2024-05-11 18:33:00,685084900,-0.010785502399785773,-0.03591381565368721,0.014342810854115665,35.808713750000045,-86.48408854387709,10208,0.4,35.8,-86.5,1.7314143468666412
2024-05-11 18:34:00,685084900,-0.09781469846621567,-0.18963793020359082,-0.005991466728840503,35.808713750000045,-86.48408854387709,10208,-0.4,35.8,-86.5,1.7314143468666412
2024-05-11 18:35:00,685084900,-0.12850834783003806,-0.24617449832746435,-0.010842197332611755,35.808713750000045,-86.48408854387709,10208,0.4,35.8,-86.5,1.7314143468666412
2024-05-11 18:36:00,685084900,-0.051091530576358325,-0.11894827258656432,0.016765211433847675,35.808713750000045,-86.48408854387709,10208,0.2,35.8,-86.5,1.7314143468666412
2024-05-11 18:37:00,685084900,0.3025729712336835,0.042178191155989586,0.5629677513113773,35.808713750000045,-86.48408854387709,10208,0.9,35.8,-86.5,1.7314143468666412
2024-05-11 18:38:00,685084900,-0.1744595459025421,-0.3141382290615488,-0.03478086274353537,35.808713750000045,-86.48408854387709,10208,-0.1,35.8,-86.5,1.7314143468666412
2024-05-11 18:39:00,685084900,0.041296388771041734,0.021593156971998193,0.060999620570085275,35.808713750000045,-86.48408854387709,10208,0.2,35.8,-86.5,1.7314143468666412
2024-05-11 18:40:00,685084900,0.04176577386554649,-0.008194931850117146,0.09172647958121012,35.808713750000045,-86.48408854387709,10208,0.2,35.8,-86.5,1.7314143468666412
2024-05-11 18:41:00,685084900,0.2852132729259047,0.04063488436125398,0.5297916614905555,35.808713750000045,-86.48408854387709,10208,0.8,35.8,-86.5,1.7314143468666412
2024-05-11 18:42:00,685084900,0.035283105920125915,-0.018761272243460893,0.08932748408371272,35.808713750000045,-86.48408854387709,10208,0.0,35.8,-86.5,1.7314143468666412
2024-05-11 18:43:00,685084900,0.07328884186324612,0.014462866494821258,0.13211481723167098,35.808713750000045,-86.48408854387709,10208,-0.1,35.8,-86.5,1.7314143468666412
2024-05-11 18:44:00,685084900,0.08509931595596437,0.010641164026730779,0.15955746788519798,35.808713750000045,-86.48408854387709,10208,0.5,35.8,-86.5,1.7314143468666412
2024-05-11 18:45:00,685084900,0.08670699909058849,0.022216322201501007,0.15119767597967598,35.808713750000045,-86.48408854387709,10208,0.1,35.8,-86.5,1.7314143468666412
2024-05-11 18:46:00,685084900,0.021559827666035737,-0.0019438671890759478,0.045063522521147426,35.808713750000045,-86.48408854387709,10208,0.2,35.8,-86.5,1.7314143468666412
2024-05-11 18:47:00,685084900,-0.1280483599869934,-0.2503067436741036,-0.00578997629988319,35.808713750000045,-86.48408854387709,10208,0.3,35.8,-86.5,1.7314143468666412
2024-05-11 18:48:00,685084900,0.06786923642597827,-0.013908949626031689,0.14964742247798823,35.808713750000045,-86.48408854387709,10208,-0.1,35.8,-86.5,1.7314143468666412
2024-05-11 18:49:00,685084900,0.020288925845910015,0.005583448889146142,0.03499440280267389,35.808713750000045,-86.48408854387709,10208,0.1,35.8,-86.5,1.7314143468666412
2024-05-11 18:50:00,685084900,0.05513451992463328,0.016181034262846783,0.09408800558641978,35.808713750000045,-86.48408854387709,10208,0.1,35.8,-86.5,1.7314143468666412
2024-05-11 18:51:00,685084900,-0.2717065458419584,-0.5166958029626375,-0.026717288721279348,35.808713750000045,-86.48408854387709,10208,0.3,35.8,-86.5,1.7314143468666412
2024-05-11 18:52:00,685084900,-0.16530020419751226,-0.3424330847493032,0.011832676354278648,35.808713750000045,-86.48408854387709,10208,0.0,35.8,-86.5,1.7314143468666412
2024-05-11 18:53:00,685084900,0.030577325628520502,-0.006332588220276686,0.06748723947731769,35.808713750000045,-86.48408854387709,10208,0.1,35.8,-86.5,1.7314143468666412
2024-05-11 18:54:00,685084900,-0.021198850192715838,-0.052973066873546554,0.010575366488114874,35.808713750000045,-86.48408854387709,10208,0.0,35.8,-86.5,1.7314143468666412
2024-05-11 18:55:00,685084900,0.1354084874289743,0.024585097551184987,0.2462318773067636,35.808713750000045,-86.48408854387709,10208,0.2,35.8,-86.5,1.7314143468666412
2024-05-11 18:56:00,685084900,0.051460889817566864,0.006445593345238289,0.09647618628989543,35.808713750000045,-86.48408854387709,10208,0.4,35.8,-86.5,1.7314143468666412
2024-05-11 18:57:00,685084900,0.1681068102304937,0.03140821933741195,0.30480540112357546,35.808713750000045,-86.48408854387709,10208,0.1,35.8,-86.5,1.7314143468666412
2024-05-11 18:58:00,685084900,0.1256567218116088,0.016219852849209113,0.2350935907740085,35.808713750000045,-86.48408854387709,10208,0.6,35.8,-86.5,1.7314143468666412
2024-05-11 18:59:00,685084900,0.009670162850285666,-0.03409441448241723,0.053434740182988556,35.808713750000045,-86.48408854387709,10208,0.1,35.8,-86.5,1.7314143468666412
2024-05-11 19:00:00,685084900,0.13035052850411574,0.003816128946411923,0.25688492806181956,35.808713750000045,-86.48408854387709,10208,0.3,35.8,-86.5,1.7314143468666412
2024-05-11 19:01:00,685084900,0.18674394758900462,0.021482781057657552,0.3520051141203517,35.808713750000045,-86.48408854387709,10208,0.5,35.8,-86.5,1.7314143468666412
2024-05-11 19:02:00,685084900,0.10758604679479644,0.010464775520511713,0.20470731806908116,35.808713750000045,-86.48408854387709,10208,0.5,35.8,-86.5,1.7314143468666412
2024-05-11 19:03:00,685084900,0.04223339334781649,0.025476996241034142,0.058989790454598845,35.808713750000045,-86.48408854387709,10208,0.4,35.8,-86.5,1.7314143468666412
2024-05-11 19:04:00,685084900,0.11202555530088895,0.04063597303105536,0.18341513757072253,35.808713750000045,-86.48408854387709,10208,0.3,35.8,-86.5,1.7314143468666412
2024-05-11 19:05:00,685084900,0.13317178252886508,0.03734070485420582,0.22900286020352434,35.808713750000045,-86.48408854387709,10208,0.4,35.8,-86.5,1.7314143468666412
2024-05-11 19:06:00,685084900,0.0914675855524362,0.02899924453727519,0.1539359265675972,35.808713750000045,-86.48408854387709,10208,0.3,35.8,-86.5,1.7314143468666412
2024-05-11 19:07:00,685084900,0.10948392794929099,0.0328615295836992,0.18610632631488278,35.808713750000045,-86.48408854387709,10208,0.4,35.8,-86.5,1.7314143468666412
2024-05-11 19:08:00,685084900,0.14461059785161792,0.033571023963944124,0.2556501717392917,35.808713750000045,-86.48408854387709,10208,0.2,35.8,-86.5,1.7314143468666412
2024-05-11 19:09:00,685084900,-0.017909894553943217,-0.04737113602538079,0.011551346917494359,35.808713750000045,-86.48408854387709,10208,0.7,35.8,-86.5,1.7314143468666412
2024-05-11 19:10:00,685084900,-0.2966862455982447,-0.5686137020320272,-0.024758789164462225,35.808713750000045,-86.48408854387709,10208,0.0,35.8,-86.5,1.7314143468666412
2024-05-11 19:11:00,685084900,-0.021119435320945897,-0.07646793979185508,0.03422906914996329,35.808713750000045,-86.48408854387709,10208,0.0,35.8,-86.5,1.7314143468666412
2024-05-11 19:12:00,685084900,0.1289634935472664,0.024098028917421493,0.23382895817711133,35.808713750000045,-86.48408854387709,10208,0.2,35.8,-86.5,1.7314143468666412
2024-05-11 19:13:00,685084900,0.21191098021434793,0.0343557913935634,0.3894661690351324,35.808713750000045,-86.48408854387709,10208,0.3,35.8,-86.5,1.7314143468666412
2024-05-11 19:14:00,685084900,0.04683447493429383,-0.028781774774821446,0.12245072464340911,35.808713750000045,-86.48408854387709,10208,0.5,35.8,-86.5,1.7314143468666412
2024-05-11 19:15:00,685084900,0.09369597213734855,0.013535870332184827,0.1738560739425123,35.808713750000045,-86.48408854387709,10208,0.3,35.8,-86.5,1.7314143468666412
2024-05-11 19:16:00,685084900,0.12662905787331352,0.016992999805972686,0.23626511594065436,35.808713750000045,-86.48408854387709,10208,0.3,35.8,-86.5,1.7314143468666412
2024-05-11 19:17:00,685084900,0.08443923147236171,0.013324560676675479,0.15555390226804794,35.808713750000045,-86.48408854387709,10208,0.2,35.8,-86.5,1.7314143468666412
2024-05-11 19:18:00,685084900,0.14150148377614127,0.025020961171648717,0.25798200638063384,35.808713750000045,-86.48408854387709,10208,0.3,35.8,-86.5,1.7314143468666412
2024-05-11 19:19:00,685084900,0.10037062676384213,0.0117898580500084,0.18895139547767587,35.808713750000045,-86.48408854387709,10208,0.5,35.8,-86.5,1.7314143468666412
2024-05-11 19:20:00,685084900,0.06938632046045998,0.014072463146609628,0.12470017777431033,35.808713750000045,-86.48408854387709,10208,0.2,35.8,-86.5,1.7314143468666412
2024-05-11 19:21:00,685084900,0.23433842238918118,0.04503849663377385,0.4236383481445885,35.808713750000045,-86.48408854387709,10208,0.2,35.8,-86.5,1.7314143468666412
2024-05-11 19:22:00,685084900,0.1428334910194587,0.011531836329705836,0.27413514570921155,35.808713750000045,-86.48408854387709,10208,0.7,35.8,-86.5,1.7314143468666412
2024-05-11 19:23:00,685084900,-0.09799938452027353,-0.2167887481957067,0.02078997915515965,35.808713750000045,-86.48408854387709,10208,0.6,35.8,-86.5,1.7314143468666412
2024-05-11 19:24:00,685084900,-0.027457355811600727,-0.06914820394148274,0.014233492318281284,35.808713750000045,-86.48408854387709,10208,0.2,35.8,-86.5,1.7314143468666412
2024-05-11 19:25:00,685084900,-0.1368998939267885,-0.2603558555373826,-0.013443932316194368,35.808713750000045,-86.48408854387709,10208,0.3,35.8,-86.5,1.7314143468666412
2024-05-11 19:26:00,685084900,-0.42199667749103476,-0.7944020253353793,-0.04959132964669022,35.808713750000045,-86.48408854387709,10208,0.2,35.8,-86.5,1.7314143468666412
2024-05-11 19:27:00,685084900,-0.3373553154848531,-0.655679365455232,-0.01903126551447426,35.808713750000045,-86.48408854387709,10208,-0.6,35.8,-86.5,1.7314143468666412
2024-05-11 19:28:00,685084900,-0.25368455888123503,-0.49225789215369287,-0.015111225608777229,35.808713750000045,-86.48408854387709,10208,0.4,35.8,-86.5,1.7314143468666412
2024-05-11 19:29:00,685084900,-0.21482764592327844,-0.4213009774686785,-0.008354314377878369,35.808713750000045,-86.48408854387709,10208,0.5,35.8,-86.5,1.7314143468666412
2024-05-11 19:30:00,685084900,-0.03509403561776167,-0.07958072982117737,0.009392658585654017,35.808713750000045,-86.48408854387709,10208,0.1,35.8,-86.5,1.7314143468666412
2024-05-11 19:31:00,685084900,-0.1840558311806161,-0.3433114201125038,-0.0248002422487284,35.808713750000045,-86.48408854387709,10208,0.4,35.8,-86.5,1.7314143468666412
2024-05-11 19:32:00,685084900,-0.13120732567177254,-0.24442018900785656,-0.017994462335688508,35.808713750000045,-86.48408854387709,10208,-0.5,35.8,-86.5,1.7314143468666412
2024-05-11 19:33:00,685084900,-0.20751330831664958,-0.3849768956859043,-0.03004972094739486,35.808713750000045,-86.48408854387709,10208,0.0,35.8,-86.5,1.7314143468666412
2024-05-11 19:34:00,685084900,-0.12433096572065322,-0.23707014430104878,-0.011591787140257673,35.808713750000045,-86.48408854387709,10208,-0.2,35.8,-86.5,1.7314143468666412
2024-05-11 19:35:00,685084900,-0.15335152016122147,-0.28086671808862684,-0.0258363222338161,35.808713750000045,-86.48408854387709,10208,-0.3,35.8,-86.5,1.7314143468666412
2024-05-11 19:36:00,685084900,-0.27340612887694843,-0.5045948231243579,-0.042217434629539,35.808713750000045,-86.48408854387709,10208,-0.3,35.8,-86.5,1.7314143468666412
2024-05-11 19:37:00,685084900,-0.11320228807542977,-0.2197647197059007,-0.006639856444958847,35.808713750000045,-86.48408854387709,10208,-0.4,35.8,-86.5,1.7314143468666412
2024-05-11 19:38:00,685084900,0.0013680837261813073,-0.02639581596430106,0.029131983416663676,35.808713750000045,-86.48408854387709,10208,0.6,35.8,-86.5,1.7314143468666412
2024-05-11 19:39:00,685084900,0.022131133736903504,-0.0013546956631457045,0.04561696313695271,35.808713750000045,-86.48408854387709,10208,0.2,35.8,-86.5,1.7314143468666412
2024-05-11 19:40:00,685084900,0.01739825561853087,-0.016599578516398306,0.05139608975346005,35.808713750000045,-86.48408854387709,10208,0.3,35.8,-86.5,1.7314143468666412
2024-05-11 19:41:00,685084900,-0.17014799137282227,-0.31719326088028277,-0.023102721865361775,35.808713750000045,-86.48408854387709,10208,0.0,35.8,-86.5,1.7314143468666412
2024-05-11 19:42:00,685084900,0.16174171655548444,0.01843404770849502,0.30504938540247384,35.808713750000045,-86.48408854387709,10208,-0.1,35.8,-86.5,1.7314143468666412
2024-05-11 19:43:00,685084900,0.14641424883269752,-0.006912075915900651,0.2997405735812957,35.808713750000045,-86.48408854387709,10208,0.1,35.8,-86.5,1.7314143468666412
2024-05-11 19:44:00,685084900,-0.05275461684960043,-0.09468364042581792,-0.010825593273382929,35.808713750000045,-86.48408854387709,10208,0.2,35.8,-86.5,1.7314143468666412
2024-05-11 19:45:00,685084900,-0.06806168110481267,-0.14034578958329613,0.00422242737367079,35.808713750000045,-86.48408854387709,10208,0.1,35.8,-86.5,1.7314143468666412
2024-05-11 19:46:00,685084900,0.032650630106922755,0.0010456337881616234,0.06425562642568389,35.808713750000045,-86.48408854387709,10208,0.1,35.8,-86.5,1.7314143468666412
2024-05-11 19:47:00,685084900,-0.1582855572216288,-0.2930380292397262,-0.02353308520353134,35.808713750000045,-86.48408854387709,10208,0.1,35.8,-86.5,1.7314143468666412
2024-05-11 19:48:00,685084900,-0.09949695446704487,-0.19794839526729263,-0.0010455136667971293,35.808713750000045,-86.48408854387709,10208,0.0,35.8,-86.5,1.7314143468666412
2024-05-11 19:49:00,685084900,-0.07348797364610109,-0.14165424187236594,-0.005321705419836231,35.808713750000045,-86.48408854387709,10208,0.2,35.8,-86.5,1.7314143468666412
2024-05-11 19:50:00,685084900,-0.059596052407096034,-0.11837424583864647,-0.0008178589755455865,35.808713750000045,-86.48408854387709,10208,0.1,35.8,-86.5,1.7314143468666412
2024-05-11 19:51:00,685084900,-0.04498382731420367,-0.09138608995186194,0.001418435323454606,35.808713750000045,-86.48408854387709,10208,-0.1,35.8,-86.5,1.7314143468666412
2024-05-11 19:52:00,685084900,0.02571588117321145,0.0058986999138922296,0.04553306243253068,35.808713750000045,-86.48408854387709,10208,0.1,35.8,-86.5,1.7314143468666412
2024-05-11 19:53:00,685084900,0.07022319741111197,-0.006563685114629736,0.14701007993685367,35.808713750000045,-86.48408854387709,10208,0.0,35.8,-86.5,1.7314143468666412
2024-05-11 19:54:00,685084900,0.06051745187057772,-0.004077179477921522,0.12511208321907696,35.808713750000045,-86.48408854387709,10208,0.2,35.8,-86.5,1.7314143468666412
2024-05-11 19:55:00,685084900,-0.012573357388407253,-0.02427562258622387,-0.0008710921905906322,35.808713750000045,-86.48408854387709,10208,0.2,35.8,-86.5,1.7314143468666412
2024-05-11 19:56:00,685084900,-0.034563715536480556,-0.0749558082402434,0.005828377167282288,35.808713750000045,-86.48408854387709,10208,0.1,35.8,-86.5,1.7314143468666412
2024-05-11 19:57:00,685084900,0.0014863651153138604,-0.03095429391445828,0.033927024145086,35.808713750000045,-86.48408854387709,10208,0.2,35.8,-86.5,1.7314143468666412
2024-05-11 19:58:00,685084900,-0.06228293711977191,-0.11901654739589053,-0.005549326843653293,35.808713750000045,-86.48408854387709,10208,0.1,35.8,-86.5,1.7314143468666412
2024-05-11 19:59:00,685084900,-0.054951283782620354,-0.10886790538426332,-0.0010346621809773915,35.808713750000045,-86.48408854387709,10208,0.1,35.8,-86.5,1.7314143468666412
2024-05-11 20:00:00,685084900,-0.1052785625214054,-0.20122556102149747,-0.009331564021313313,35.808713750000045,-86.48408854387709,10208,0.3,35.8,-86.5,1.7314143468666412
2024-05-11 20:01:00,685084900,0.03816030782264756,-0.03202321733467769,0.1083438329799728,35.808713750000045,-86.48408854387709,10208,-0.6,35.8,-86.5,1.7314143468666412
2024-05-11 20:02:00,685084900,0.5699493803269284,0.05691901805084254,1.0829797426030143,35.808713750000045,-86.48408854387709,10208,0.0,35.8,-86.5,1.7314143468666412
2024-05-11 20:03:00,685084900,0.2698439730841118,0.010642131820604472,0.5290458143476191,35.808713750000045,-86.48408854387709,10208,0.4,35.8,-86.5,1.7314143468666412
2024-05-11 20:04:00,685084900,-0.1291432367849446,-0.2546598420097612,-0.003626631560127991,35.808713750000045,-86.48408854387709,10208,0.4,35.8,-86.5,1.7314143468666412
2024-05-11 20:05:00,685084900,-0.3070061522678152,-0.5906415531486062,-0.023370751387024102,35.808713750000045,-86.48408854387709,10208,0.3,35.8,-86.5,1.7314143468666412
2024-05-11 20:06:00,685084900,-0.37799656799998793,-0.7309610809267532,-0.025032055073222703,35.808713750000045,-86.48408854387709,10208,0.2,35.8,-86.5,1.7314143468666412
2024-05-11 20:07:00,685084900,-0.2806413018150304,-0.5423097243335098,-0.01897287929655106,35.808713750000045,-86.48408854387709,10208,-0.2,35.8,-86.5,1.7314143468666412
2024-05-11 20:08:00,685084900,-0.06055289943825902,-0.13736459895449205,0.016258800077974006,35.808713750000045,-86.48408854387709,10208,-0.2,35.8,-86.5,1.7314143468666412
2024-05-11 20:09:00,685084900,0.05740023172374692,-0.012074264977319032,0.12687472842481287,35.808713750000045,-86.48408854387709,10208,0.0,35.8,-86.5,1.7314143468666412
2024-05-11 20:10:00,685084900,0.09013272229664744,0.002104080393931493,0.1781613641993634,35.808713750000045,-86.48408854387709,10208,0.1,35.8,-86.5,1.7314143468666412
2024-05-11 20:11:00,685084900,0.004284661250701268,-0.01625181138879737,0.024821133890199906,35.808713750000045,-86.48408854387709,10208,0.1,35.8,-86.5,1.7314143468666412
2024-05-11 20:12:00,685084900,-0.0012984139532872952,-0.01084639531894952,0.00824956741237493,35.808713750000045,-86.48408854387709,10208,-0.1,35.8,-86.5,1.7314143468666412
2024-05-11 20:13:00,685084900,0.10431923430159978,0.016260191756588202,0.19237827684661135,35.808713750000045,-86.48408854387709,10208,0.1,35.8,-86.5,1.7314143468666412
2024-05-11 20:14:00,685084900,0.35597139087874535,0.03887265307691895,0.6730701286805718,35.808713750000045,-86.48408854387709,10208,0.1,35.8,-86.5,1.7314143468666412
2024-05-11 20:15:00,685084900,0.38972333588693153,0.030293898833759214,0.7491527729401039,35.808713750000045,-86.48408854387709,10208,0.5,35.8,-86.5,1.7314143468666412
2024-05-11 20:16:00,685084900,0.2262456838765558,0.016107178741575384,0.4363841890115362,35.808713750000045,-86.48408854387709,10208,0.3,35.8,-86.5,1.7314143468666412
2024-05-11 20:17:00,685084900,0.11023995117926325,0.014053668420069304,0.2064262339384572,35.808713750000045,-86.48408854387709,10208,0.3,35.8,-86.5,1.7314143468666412
2024-05-11 20:18:00,685084900,0.13070805953025177,0.023481574136836478,0.23793454492366706,35.808713750000045,-86.48408854387709,10208,0.4,35.8,-86.5,1.7314143468666412
2024-05-11 20:19:00,685084900,0.16096133382511202,0.02195329079477429,0.2999693768554498,35.808713750000045,-86.48408854387709,10208,0.5,35.8,-86.5,1.7314143468666412
2024-05-11 20:20:00,685084900,0.21259598773681804,0.03348502908435377,0.3917069463892823,35.808713750000045,-86.48408854387709,10208,0.6,35.8,-86.5,1.7314143468666412
2024-05-11 20:21:00,685084900,0.15313806482506184,0.02736776947190586,0.27890836017821785,35.808713750000045,-86.48408854387709,10208,0.6,35.8,-86.5,1.7314143468666412
2024-05-11 20:22:00,685084900,0.1361802555846142,0.021894575306065825,0.25046593586316257,35.808713750000045,-86.48408854387709,10208,0.6,35.8,-86.5,1.7314143468666412
2024-05-11 20:23:00,685084900,-0.06776732603174453,-0.12881036966602405,-0.00672428239746499,35.808713750000045,-86.48408854387709,10208,0.5,35.8,-86.5,1.7314143468666412
2024-05-11 20:24:00,685084900,0.05219042533664152,0.02186438778060791,0.08251646289267513,35.808713750000045,-86.48408854387709,10208,0.4,35.8,-86.5,1.7314143468666412
2024-05-11 20:25:00,685084900,0.12340272795697067,0.025680502291896695,0.22112495362204465,35.808713750000045,-86.48408854387709,10208,0.5,35.8,-86.5,1.7314143468666412
2024-05-11 20:26:00,685084900,0.23591012448052393,0.040464768169471615,0.43135548079157626,35.808713750000045,-86.48408854387709,10208,0.4,35.8,-86.5,1.7314143468666412
2024-05-11 20:27:00,685084900,0.09143519802388522,0.004165286443101976,0.17870510960466846,35.808713750000045,-86.48408854387709,10208,0.4,35.8,-86.5,1.7314143468666412
2024-05-11 20:28:00,685084900,0.07627087819472045,0.01688548895262766,0.13565626743681325,35.808713750000045,-86.48408854387709,10208,0.4,35.8,-86.5,1.7314143468666412
2024-05-11 20:29:00,685084900,0.2947068948752141,0.0454077823561376,0.5440060073942906,35.808713750000045,-86.48408854387709,10208,0.5,35.8,-86.5,1.7314143468666412
2024-05-11 20:30:00,685084900,0.09718885178043286,0.0002831463465388928,0.19409455721432683,35.808713750000045,-86.48408854387709,10208,0.5,35.8,-86.5,1.7314143468666412
2024-05-11 20:31:00,685084900,0.04203433836556635,-0.004692845527003726,0.08876152225813644,35.808713750000045,-86.48408854387709,10208,0.6,35.8,-86.5,1.7314143468666412
2024-05-11 20:32:00,685084900,0.1876261021037509,0.02955900660828889,0.3456931975992129,35.808713750000045,-86.48408854387709,10208,0.7,35.8,-86.5,1.7314143468666412
2024-05-11 20:33:00,685084900,-0.039755076911518375,-0.09969950272834494,0.02018934890530818,35.808713750000045,-86.48408854387709,10208,0.6,35.8,-86.5,1.7314143468666412
2024-05-11 20:34:00,685084900,-0.172036183786296,-0.3397478858003231,-0.004324481772268907,35.808713750000045,-86.48408854387709,10208,0.5,35.8,-86.5,1.7314143468666412
2024-05-11 20:35:00,685084900,0.008309354378059557,-0.007585381612288521,0.024204090368407635,35.808713750000045,-86.48408854387709,10208,0.3,35.8,-86.5,1.7314143468666412
2024-05-11 20:36:00,685084900,-0.05141045635148993,-0.10319687346693293,0.0003759607639530829,35.808713750000045,-86.48408854387709,10208,0.3,35.8,-86.5,1.7314143468666412
2024-05-11 20:37:00,685084900,-0.08619218222952242,-0.169354786916666,-0.003029577542378842,35.808713750000045,-86.48408854387709,10208,0.3,35.8,-86.5,1.7314143468666412
2024-05-11 20:38:00,685084900,-0.07887948465251089,-0.1468468091238089,-0.010912160181212882,35.808713750000045,-86.48408854387709,10208,0.2,35.8,-86.5,1.7314143468666412
2024-05-11 20:39:00,685084900,-0.11030493699710643,-0.20777859517789138,-0.012831278816321484,35.808713750000045,-86.48408854387709,10208,0.3,35.8,-86.5,1.7314143468666412
2024-05-11 20:40:00,685084900,-0.15408301080884593,-0.2892216144344192,-0.0189444071832727,35.808713750000045,-86.48408854387709,10208,0.3,35.8,-86.5,1.7314143468666412
2024-05-11 20:41:00,685084900,-0.089499114741394,-0.19184197617387294,0.012843746691084942,35.808713750000045,-86.48408854387709,10208,0.0,35.8,-86.5,1.7314143468666412
2024-05-11 20:42:00,685084900,-0.13486622192752226,-0.25561257252661873,-0.014119871328425765,35.808713750000045,-86.48408854387709,10208,0.2,35.8,-86.5,1.7314143468666412
2024-05-11 20:43:00,685084900,-0.15559532759409264,-0.28036239543752844,-0.03082825975065684,35.808713750000045,-86.48408854387709,10208,-0.1,35.8,-86.5,1.7314143468666412
2024-05-11 20:44:00,685084900,-0.13435260706005597,-0.2577464039737279,-0.010958810146384057,35.808713750000045,-86.48408854387709,10208,-0.1,35.8,-86.5,1.7314143468666412
2024-05-11 20:45:00,685084900,0.0119762298799475,-0.004526763931003949,0.028479223690898947,35.808713750000045,-86.48408854387709,10208,0.0,35.8,-86.5,1.7314143468666412
2024-05-11 20:46:00,685084900,-0.11605529233602846,-0.22831270572330087,-0.0037978789487560505,35.808713750000045,-86.48408854387709,10208,-0.1,35.8,-86.5,1.7314143468666412
2024-05-11 20:47:00,685084900,-0.01896531147370021,-0.04545307189295705,0.0075224489455566375,35.808713750000045,-86.48408854387709,10208,-0.1,35.8,-86.5,1.7314143468666412
2024-05-11 20:48:00,685084900,0.015514998846432468,-0.02297506585113672,0.054005063544001655,35.808713750000045,-86.48408854387709,10208,0.1,35.8,-86.5,1.7314143468666412
2024-05-11 20:49:00,685084900,-0.030045117158254843,-0.05376178275808812,-0.006328451558421565,35.808713750000045,-86.48408854387709,10208,0.0,35.8,-86.5,1.7314143468666412
2024-05-11 20:50:00,685084900,-0.0664280504689733,-0.11633450837354402,-0.016521592564402568,35.808713750000045,-86.48408854387709,10208,0.2,35.8,-86.5,1.7314143468666412
2024-05-11 20:51:00,685084900,-0.10558703511692809,-0.18707324864306138,-0.024100821590794796,35.808713750000045,-86.48408854387709,10208,0.0,35.8,-86.5,1.7314143468666412
2024-05-11 20:52:00,685084900,-0.0661142823194287,-0.11934896629991451,-0.0128795983389429,35.808713750000045,-86.48408854387709,10208,0.1,35.8,-86.5,1.7314143468666412
2024-05-11 20:53:00,685084900,-0.05531485383752696,-0.0941858548240935,-0.016443852850960422,35.808713750000045,-86.48408854387709,10208,0.0,35.8,-86.5,1.7314143468666412
2024-05-11 20:54:00,685084900,-0.06660245935148895,-0.11367612018676218,-0.01952879851621573,35.808713750000045,-86.48408854387709,10208,0.1,35.8,-86.5,1.7314143468666412
2024-05-11 20:55:00,685084900,-0.049748419432649696,-0.08533290497215353,-0.014163933893145866,35.808713750000045,-86.48408854387709,10208,0.1,35.8,-86.5,1.7314143468666412
2024-05-11 20:56:00,685084900,0.02409426558314351,-0.013864137019864164,0.06205266818615118,35.808713750000045,-86.48408854387709,10208,0.2,35.8,-86.5,1.7314143468666412
2024-05-11 20:57:00,685084900,-0.13000151961941644,-0.22583664145669585,-0.03416639778213705,35.808713750000045,-86.48408854387709,10208,0.5,35.8,-86.5,1.7314143468666412
2024-05-11 20:58:00,685084900,-0.3008245379634567,-0.5590774319767169,-0.042571643950196525,35.808713750000045,-86.48408854387709,10208,0.2,35.8,-86.5,1.7314143468666412
2024-05-11 20:59:00,685084900,-0.1074524878172884,-0.22611192174579323,0.01120694611121642,35.808713750000045,-86.48408854387709,10208,0.2,35.8,-86.5,1.7314143468666412
2024-05-11 21:00:00,685084900,-0.034094669150280005,-0.10009408316738207,0.03190474486682206,35.808713750000045,-86.48408854387709,10208,0.0,35.8,-86.5,1.7314143468666412
2024-05-11 21:01:00,685084900,-0.04783321156466496,-0.09525033605973293,-0.0004160870695969904,35.808713750000045,-86.48408854387709,10208,0.2,35.8,-86.5,1.7314143468666412
2024-05-11 21:02:00,685084900,-0.033937554593525564,-0.08484128348796202,0.016966174300910887,35.808713750000045,-86.48408854387709,10208,0.2,35.8,-86.5,1.7314143468666412
2024-05-11 21:03:00,685084900,-0.06717701125000657,-0.11259240823943273,-0.02176161426058041,35.808713750000045,-86.48408854387709,10208,0.2,35.8,-86.5,1.7314143468666412
2024-05-11 21:04:00,685084900,-0.059631302441697676,-0.09207551764612074,-0.027187087237274622,35.808713750000045,-86.48408854387709,10208,0.2,35.8,-86.5,1.7314143468666412
2024-05-11 21:05:00,685084900,0.10446060176816016,-0.0030174772370295116,0.21193868077334982,35.808713750000045,-86.48408854387709,10208,0.4,35.8,-86.5,1.7314143468666412
2024-05-11 21:06:00,685084900,0.20424098750449862,0.006841426075298751,0.4016405489336985,35.808713750000045,-86.48408854387709,10208,0.1,35.8,-86.5,1.7314143468666412
2024-05-11 21:07:00,685084900,0.21609162226088832,-0.009005891229642626,0.44118913575141927,35.808713750000045,-86.48408854387709,10208,-0.1,35.8,-86.5,1.7314143468666412
2024-05-11 21:08:00,685084900,0.24810043340091667,0.005615317542439241,0.4905855492593941,35.808713750000045,-86.48408854387709,10208,0.2,35.8,-86.5,1.7314143468666412
2024-05-11 21:09:00,685084900,0.30780565329822984,0.017983878508326667,0.5976274280881331,35.808713750000045,-86.48408854387709,10208,0.4,35.8,-86.5,1.7314143468666412
2024-05-11 21:10:00,685084900,0.10846436769271266,-0.01670845261697794,0.23363718800240324,35.808713750000045,-86.48408854387709,10208,0.2,35.8,-86.5,1.7314143468666412
2024-05-11 21:11:00,685084900,0.24416125309731868,0.03334944015289312,0.45497306604174426,35.808713750000045,-86.48408854387709,10208,0.4,35.8,-86.5,1.7314143468666412
2024-05-11 21:12:00,685084900,0.1850615823998416,0.013702925001498695,0.3564202397981845,35.808713750000045,-86.48408854387709,10208,0.4,35.8,-86.5,1.7314143468666412
2024-05-11 21:13:00,685084900,0.02195530524571309,-0.026857755265427663,0.07076836575685384,35.808713750000045,-86.48408854387709,10208,0.8,35.8,-86.5,1.7314143468666412
2024-05-11 21:14:00,685084900,-0.15436482573806157,-0.30336486057637346,-0.005364790899749644,35.808713750000045,-86.48408854387709,10208,0.4,35.8,-86.5,1.7314143468666412
2024-05-11 21:15:00,685084900,-0.2280994112570172,-0.48871673712736485,0.03251791461333045,35.808713750000045,-86.48408854387709,10208,0.3,35.8,-86.5,1.7314143468666412
2024-05-11 21:16:00,685084900,-0.1912541527353683,-0.43029147942306545,0.04778317395232884,35.808713750000045,-86.48408854387709,10208,0.3,35.8,-86.5,1.7314143468666412
2024-05-11 21:17:00,685084900,-0.30804677561135924,-0.5716386432072948,-0.044454908015423567,35.808713750000045,-86.48408854387709,10208,0.2,35.8,-86.5,1.7314143468666412
2024-05-11 21:18:00,685084900,-0.11485423132646942,-0.20837310246810703,-0.021335360184831814,35.808713750000045,-86.48408854387709,10208,0.4,35.8,-86.5,1.7314143468666412
2024-05-11 21:19:00,685084900,-0.1215027268492462,-0.217683410115122,-0.025322043583370438,35.808713750000045,-86.48408854387709,10208,0.3,35.8,-86.5,1.7314143468666412
2024-05-11 21:20:00,685084900,-0.038765717210109074,-0.09286176512557137,0.01533033070535323,35.808713750000045,-86.48408854387709,10208,0.0,35.8,-86.5,1.7314143468666412
2024-05-11 21:21:00,685084900,-0.14499648401379667,-0.24813662241656653,-0.0418563456110268,35.808713750000045,-86.48408854387709,10208,0.2,35.8,-86.5,1.7314143468666412
2024-05-11 21:22:00,685084900,-0.18823371610147646,-0.3379638741788542,-0.03850355802409869,35.808713750000045,-86.48408854387709,10208,0.0,35.8,-86.5,1.7314143468666412
2024-05-11 21:23:00,685084900,-0.1206963936113718,-0.20425062602166372,-0.037142161201079896,35.808713750000045,-86.48408854387709,10208,0.0,35.8,-86.5,1.7314143468666412
2024-05-11 21:24:00,685084900,-0.15539199711094787,-0.26185860331250965,-0.04892539090938611,35.808713750000045,-86.48408854387709,10208,0.4,35.8,-86.5,1.7314143468666412
2024-05-11 21:25:00,685084900,-0.20750470175868166,-0.369012896744635,-0.04599650677272829,35.808713750000045,-86.48408854387709,10208,0.1,35.8,-86.5,1.7314143468666412
2024-05-11 21:26:00,685084900,-0.11338546922243756,-0.21449649187172148,-0.012274446573153616,35.808713750000045,-86.48408854387709,10208,0.0,35.8,-86.5,1.7314143468666412
2024-05-11 21:27:00,685084900,-0.0697932463006518,-0.19352105956612492,0.05393456696482131,35.808713750000045,-86.48408854387709,10208,-0.1,35.8,-86.5,1.7314143468666412
2024-05-11 21:28:00,685084900,0.02173624795478867,-0.07296002250776375,0.11643251841734108,35.808713750000045,-86.48408854387709,10208,-0.1,35.8,-86.5,1.7314143468666412
2024-05-11 21:29:00,685084900,0.002951637401465369,-0.014329522639432086,0.020232797442362824,35.808713750000045,-86.48408854387709,10208,-0.1,35.8,-86.5,1.7314143468666412
2024-05-11 21:30:00,685084900,0.03013569409204315,-0.00854037293907215,0.06881176112315845,35.808713750000045,-86.48408854387709,10208,-0.1,35.8,-86.5,1.7314143468666412
2024-05-11 21:31:00,685084900,0.021643654884871976,-0.023211952601363644,0.06649926237110759,35.808713750000045,-86.48408854387709,10208,0.0,35.8,-86.5,1.7314143468666412
2024-05-11 21:32:00,685084900,-0.011298469071750602,-0.03239058035137158,0.009793642207870374,35.808713750000045,-86.48408854387709,10208,-0.1,35.8,-86.5,1.7314143468666412
2024-05-11 21:33:00,685084900,0.08562740994205231,0.0007942427599556268,0.170460577124149,35.808713750000045,-86.48408854387709,10208,0.2,35.8,-86.5,1.7314143468666412
2024-05-11 21:34:00,685084900,0.06756615530506588,-0.017445763230865052,0.1525780738409968,35.808713750000045,-86.48408854387709,10208,0.2,35.8,-86.5,1.7314143468666412
2024-05-11 21:35:00,685084900,-0.1328746895703519,-0.2319376854377772,-0.03381169370292658,35.808713750000045,-86.48408854387709,10208,-0.1,35.8,-86.5,1.7314143468666412
2024-05-11 21:36:00,685084900,0.029870305914324085,-0.035925052830867804,0.09566566465951598,35.808713750000045,-86.48408854387709,10208,0.1,35.8,-86.5,1.7314143468666412
2024-05-11 21:37:00,685084900,0.05060071699075756,-0.017108207203797327,0.11830964118531245,35.808713750000045,-86.48408854387709,10208,0.2,35.8,-86.5,1.7314143468666412
2024-05-11 21:38:00,685084900,-0.013996581543830712,-0.0215014664478453,-0.0064916966398161245,35.808713750000045,-86.48408854387709,10208,0.3,35.8,-86.5,1.7314143468666412
2024-05-11 21:39:00,685084900,-0.052189915510497,-0.09221067549659895,-0.012169155524395063,35.808713750000045,-86.48408854387709,10208,0.1,35.8,-86.5,1.7314143468666412
2024-05-11 21:40:00,685084900,-0.12854478049775298,-0.23956328473882418,-0.017526276256681766,35.808713750000045,-86.48408854387709,10208,0.0,35.8,-86.5,1.7314143468666412
2024-05-11 21:41:00,685084900,-0.20190366836065562,-0.38035153349225104,-0.023455803229060213,35.808713750000045,-86.48408854387709,10208,0.0,35.8,-86.5,1.7314143468666412
2024-05-11 21:42:00,685084900,-0.03008288541895155,-0.06731919102620848,0.007153420188305379,35.808713750000045,-86.48408854387709,10208,0.2,35.8,-86.5,1.7314143468666412
2024-05-11 21:43:00,685084900,-0.14807934174220194,-0.2715703888975586,-0.02458829458684529,35.808713750000045,-86.48408854387709,10208,-0.1,35.8,-86.5,1.7314143468666412
2024-05-11 21:44:00,685084900,-0.12197515158021538,-0.23010084630447064,-0.013849456855960104,35.808713750000045,-86.48408854387709,10208,-0.1,35.8,-86.5,1.7314143468666412
2024-05-11 21:45:00,685084900,-0.050448773607922305,-0.09106034937289983,-0.009837197842944768,35.808713750000045,-86.48408854387709,10208,0.0,35.8,-86.5,1.7314143468666412
2024-05-11 21:46:00,685084900,-0.02911749572343448,-0.05228163844915125,-0.0059533529977177126,35.808713750000045,-86.48408854387709,10208,0.0,35.8,-86.5,1.7314143468666412
2024-05-11 21:47:00,685084900,-0.005411553118320304,-0.019503592484866602,0.008680486248225993,35.808713750000045,-86.48408854387709,10208,-0.1,35.8,-86.5,1.7314143468666412
2024-05-11 21:48:00,685084900,-0.017704935785741234,-0.032953253766767755,-0.0024566178047147145,35.808713750000045,-86.48408854387709,10208,0.1,35.8,-86.5,1.7314143468666412
2024-05-11 21:49:00,685084900,-0.005753421310458155,-0.012591682071101545,0.0010848394501852343,35.808713750000045,-86.48408854387709,10208,0.2,35.8,-86.5,1.7314143468666412
2024-05-11 21:50:00,685084900,-0.057206227623863196,-0.10074436804543993,-0.01366808720228646,35.808713750000045,-86.48408854387709,10208,0.1,35.8,-86.5,1.7314143468666412
2024-05-11 21:51:00,685084900,-0.04728333334355204,-0.08564617061087701,-0.00892049607622706,35.808713750000045,-86.48408854387709,10208,0.2,35.8,-86.5,1.7314143468666412
2024-05-11 21:52:00,685084900,-0.06548902294182024,-0.11453896333958927,-0.016439082544051208,35.808713750000045,-86.48408854387709,10208,0.1,35.8,-86.5,1.7314143468666412
2024-05-11 21:53:00,685084900,-0.07875363203047424,-0.1393026538936048,-0.01820461016734367,35.808713750000045,-86.48408854387709,10208,0.1,35.8,-86.5,1.7314143468666412
2024-05-11 21:54:00,685084900,-0.025950167270498783,-0.043273670911848555,-0.008626663629149014,35.808713750000045,-86.48408854387709,10208,0.0,35.8,-86.5,1.7314143468666412
2024-05-11 21:55:00,685084900,0.0002485434321164283,-0.013139178856982998,0.013636265721215854,35.808713750000045,-86.48408854387709,10208,0.0,35.8,-86.5,1.7314143468666412
2024-05-11 21:56:00,685084900,0.00778648295335186,-0.011470917611363641,0.02704388351806736,35.808713750000045,-86.48408854387709,10208,0.0,35.8,-86.5,1.7314143468666412
2024-05-11 21:57:00,685084900,0.0070705910857764365,-0.008835931382229135,0.022977113553782007,35.808713750000045,-86.48408854387709,10208,0.1,35.8,-86.5,1.7314143468666412
2024-05-11 21:58:00,685084900,0.026256630784645928,-0.005740208409132128,0.05825346997842398,35.808713750000045,-86.48408854387709,10208,0.1,35.8,-86.5,1.7314143468666412
2024-05-11 21:59:00,685084900,0.07407831039377404,0.00019902350506516286,0.14795759728248292,35.808713750000045,-86.48408854387709,10208,0.1,35.8,-86.5,1.7314143468666412
2024-05-11 22:00:00,685084900,0.0934875669219627,0.0010209593835216052,0.1859541744604038,35.808713750000045,-86.48408854387709,10208,0.2,35.8,-86.5,1.7314143468666412
2024-05-11 22:01:00,685084900,0.015368727805555147,-0.009890581998116479,0.04062803760922677,35.808713750000045,-86.48408854387709,10208,0.2,35.8,-86.5,1.7314143468666412
2024-05-11 22:02:00,685084900,0.026597694253953575,-0.012418277615148184,0.06561366612305533,35.808713750000045,-86.48408854387709,10208,0.1,35.8,-86.5,1.7314143468666412
2024-05-11 22:03:00,685084900,0.015481968453528502,-0.024226784925471898,0.055190721832528905,35.808713750000045,-86.48408854387709,10208,0.2,35.8,-86.5,1.7314143468666412
2024-05-11 22:04:00,685084900,-0.01789756797669955,-0.03152909363468858,-0.004266042318710523,35.808713750000045,-86.48408854387709,10208,0.2,35.8,-86.5,1.7314143468666412
2024-05-11 22:05:00,685084900,0.01944774337157998,0.000426442576072196,0.03846904416708776,35.808713750000045,-86.48408854387709,10208,0.2,35.8,-86.5,1.7314143468666412
2024-05-11 22:06:00,685084900,0.04342669901947247,0.002409454389907917,0.08444394364903703,35.808713750000045,-86.48408854387709,10208,0.3,35.8,-86.5,1.7314143468666412
2024-05-11 22:07:00,685084900,0.15245963485752406,0.008784943636124115,0.296134326078924,35.808713750000045,-86.48408854387709,10208,0.0,35.8,-86.5,1.7314143468666412
2024-05-11 22:08:00,685084900,0.2754465574855843,0.014943591110059051,0.5359495238611095,35.808713750000045,-86.48408854387709,10208,0.2,35.8,-86.5,1.7314143468666412
2024-05-11 22:09:00,685084900,0.13054315792929028,0.0017247659216184652,0.2593615499369621,35.808713750000045,-86.48408854387709,10208,0.6,35.8,-86.5,1.7314143468666412
2024-05-11 22:10:00,685084900,0.008578859364818068,-0.009143266271446156,0.026300985001082293,35.808713750000045,-86.48408854387709,10208,0.5,35.8,-86.5,1.7314143468666412
2024-05-11 22:11:00,685084900,0.0003065766306956021,-0.01082773432291434,0.011440887584305545,35.808713750000045,-86.48408854387709,10208,0.2,35.8,-86.5,1.7314143468666412
2024-05-11 22:12:00,685084900,0.0844399112939995,0.008261856827566819,0.1606179657604322,35.808713750000045,-86.48408854387709,10208,0.0,35.8,-86.5,1.7314143468666412
2024-05-11 22:13:00,685084900,0.09393787223697911,0.006721458013284984,0.18115428646067322,35.808713750000045,-86.48408854387709,10208,0.2,35.8,-86.5,1.7314143468666412
2024-05-11 22:14:00,685084900,0.0680813517599356,0.00043925704621890216,0.1357234464736523,35.808713750000045,-86.48408854387709,10208,0.4,35.8,-86.5,1.7314143468666412
2024-05-11 22:15:00,685084900,0.014978209556792516,-0.0005913714457441311,0.030547790559329165,35.808713750000045,-86.48408854387709,10208,0.3,35.8,-86.5,1.7314143468666412
2024-05-11 22:16:00,685084900,-0.078191948642487,-0.1505547303073465,-0.0058291669776275035,35.808713750000045,-86.48408854387709,10208,0.4,35.8,-86.5,1.7314143468666412
2024-05-11 22:17:00,685084900,-0.13001732130377744,-0.2565155616460508,-0.0035190809615040786,35.808713750000045,-86.48408854387709,10208,0.3,35.8,-86.5,1.7314143468666412
2024-05-11 22:18:00,685084900,-0.06434825321292428,-0.13448029804135947,0.0057837916155109165,35.808713750000045,-86.48408854387709,10208,0.1,35.8,-86.5,1.7314143468666412
2024-05-11 22:19:00,685084900,-0.048232009928741146,-0.09264128773953602,-0.003822732117946273,35.808713750000045,-86.48408854387709,10208,0.2,35.8,-86.5,1.7314143468666412
2024-05-11 22:20:00,685084900,-0.01145970965682378,-0.043079035664321565,0.020159616350674002,35.808713750000045,-86.48408854387709,10208,0.2,35.8,-86.5,1.7314143468666412
2024-05-11 22:21:00,685084900,0.027289728630927882,-0.011107420539142283,0.06568687780099805,35.808713750000045,-86.48408854387709,10208,0.1,35.8,-86.5,1.7314143468666412
2024-05-11 22:22:00,685084900,0.04124225877480933,0.004434806757267207,0.07804971079235146,35.808713750000045,-86.48408854387709,10208,0.2,35.8,-86.5,1.7314143468666412
2024-05-11 22:23:00,685084900,0.003893211694395454,-0.009684407809738588,0.017470831198529498,35.808713750000045,-86.48408854387709,10208,0.3,35.8,-86.5,1.7314143468666412
2024-05-11 22:24:00,685084900,-0.03844200518601038,-0.07097782662153812,-0.005906183750482637,35.808713750000045,-86.48408854387709,10208,0.2,35.8,-86.5,1.7314143468666412
2024-05-11 22:25:00,685084900,0.02360777700195877,0.0006960450923986991,0.04651950891151884,35.808713750000045,-86.48408854387709,10208,0.2,35.8,-86.5,1.7314143468666412
2024-05-11 22:26:00,685084900,0.010134319330752898,-0.00654643048789569,0.026815069149401488,35.808713750000045,-86.48408854387709,10208,0.2,35.8,-86.5,1.7314143468666412
2024-05-11 22:27:00,685084900,0.005739811369454051,-0.004250768602048256,0.015730391340956357,35.808713750000045,-86.48408854387709,10208,0.2,35.8,-86.5,1.7314143468666412
2024-05-11 22:28:00,685084900,-0.035836364730701564,-0.06928231783675695,-0.002390411624646177,35.808713750000045,-86.48408854387709,10208,0.2,35.8,-86.5,1.7314143468666412
2024-05-11 22:29:00,685084900,0.016779282707132265,0.0023281160629596755,0.031230449351304854,35.808713750000045,-86.48408854387709,10208,0.2,35.8,-86.5,1.7314143468666412
2024-05-11 22:30:00,685084900,0.07200206328175897,0.008440880086981573,0.13556324647653636,35.808713750000045,-86.48408854387709,10208,0.2,35.8,-86.5,1.7314143468666412
2024-05-11 22:31:00,685084900,0.02996900471249281,-0.006348058837131257,0.06628606826211687,35.808713750000045,-86.48408854387709,10208,0.4,35.8,-86.5,1.7314143468666412
2024-05-11 22:32:00,685084900,-0.03467576208736725,-0.06587140546782592,-0.003480118706908574,35.808713750000045,-86.48408854387709,10208,0.2,35.8,-86.5,1.7314143468666412
2024-05-11 22:33:00,685084900,0.04764334660051008,0.005975396830587232,0.08931129637043293,35.808713750000045,-86.48408854387709,10208,0.3,35.8,-86.5,1.7314143468666412
2024-05-11 22:34:00,685084900,-0.02905996421398376,-0.052916649583217,-0.005203278844750515,35.808713750000045,-86.48408854387709,10208,0.2,35.8,-86.5,1.7314143468666412
2024-05-11 22:35:00,685084900,0.07529387012294418,0.017437981427844716,0.13314975881804364,35.808713750000045,-86.48408854387709,10208,0.2,35.8,-86.5,1.7314143468666412
2024-05-11 22:36:00,685084900,0.1531702104477411,0.011343944154044022,0.29499647674143814,35.808713750000045,-86.48408854387709,10208,0.2,35.8,-86.5,1.7314143468666412
2024-05-11 22:37:00,685084900,0.04842038108906493,0.00019320698394019453,0.09664755519418966,35.808713750000045,-86.48408854387709,10208,0.2,35.8,-86.5,1.7314143468666412
2024-05-11 22:38:00,685084900,0.06030280909124604,0.007589763705570754,0.11301585447692132,35.808713750000045,-86.48408854387709,10208,0.2,35.8,-86.5,1.7314143468666412
2024-05-11 22:39:00,685084900,0.014360864048607012,-0.005664522845280118,0.034386250942494145,35.808713750000045,-86.48408854387709,10208,0.1,35.8,-86.5,1.7314143468666412
2024-05-11 22:40:00,685084900,0.0049721770985621935,-0.01906268105100378,0.029007035248128168,35.808713750000045,-86.48408854387709,10208,0.3,35.8,-86.5,1.7314143468666412
2024-05-11 22:41:00,685084900,0.002762143493259843,-0.004831016700191433,0.010355303686711118,35.808713750000045,-86.48408854387709,10208,0.2,35.8,-86.5,1.7314143468666412
2024-05-11 22:42:00,685084900,0.04232684136559359,0.0016407741368843834,0.0830129085943028,35.808713750000045,-86.48408854387709,10208,0.1,35.8,-86.5,1.7314143468666412
2024-05-11 22:43:00,685084900,0.052636617690665494,0.007003514437431031,0.09826972094389996,35.808713750000045,-86.48408854387709,10208,0.1,35.8,-86.5,1.7314143468666412
2024-05-11 22:44:00,685084900,0.05002529691671796,0.009436355039369869,0.09061423879406605,35.808713750000045,-86.48408854387709,10208,0.2,35.8,-86.5,1.7314143468666412
2024-05-11 22:45:00,685084900,-0.047016755638302134,-0.08789513353148985,-0.006138377745114415,35.808713750000045,-86.48408854387709,10208,0.3,35.8,-86.5,1.7314143468666412
2024-05-11 22:46:00,685084900,-0.17536566845907328,-0.3334846475084745,-0.017246689409672056,35.808713750000045,-86.48408854387709,10208,0.1,35.8,-86.5,1.7314143468666412
2024-05-11 22:47:00,685084900,-0.11732067513481916,-0.23574324328626417,0.0011018930166258462,35.808713750000045,-86.48408854387709,10208,0.1,35.8,-86.5,1.7314143468666412
2024-05-11 22:48:00,685084900,-0.09524022258201861,-0.18786230087196615,-0.0026181442920710923,35.808713750000045,-86.48408854387709,10208,-0.1,35.8,-86.5,1.7314143468666412
2024-05-11 22:49:00,685084900,-0.06457368078533242,-0.1272682801465126,-0.0018790814241522596,35.808713750000045,-86.48408854387709,10208,-0.2,35.8,-86.5,1.7314143468666412
2024-05-11 22:50:00,685084900,0.016156613265578188,0.004379285976246738,0.027933940554909636,35.808713750000045,-86.48408854387709,10208,0.0,35.8,-86.5,1.7314143468666412
2024-05-11 22:51:00,685084900,0.04867655908652577,0.0069520492923549684,0.09040106888069657,35.808713750000045,-86.48408854387709,10208,-0.2,35.8,-86.5,1.7314143468666412
2024-05-11 22:52:00,685084900,0.012319317381896665,-0.004856635888278773,0.0294952706520721,35.808713750000045,-86.48408854387709,10208,0.1,35.8,-86.5,1.7314143468666412
2024-05-11 22:53:00,685084900,-0.06986278323575644,-0.12908000211066725,-0.01064556436084562,35.808713750000045,-86.48408854387709,10208,0.0,35.8,-86.5,1.7314143468666412
2024-05-11 22:54:00,685084900,-0.06602996551677855,-0.1295781788983557,-0.0024817521352013955,35.808713750000045,-86.48408854387709,10208,0.0,35.8,-86.5,1.7314143468666412
2024-05-11 22:55:00,685084900,-0.07008942871504209,-0.13859237503362937,-0.0015864823964548136,35.808713750000045,-86.48408854387709,10208,-0.1,35.8,-86.5,1.7314143468666412
2024-05-11 22:56:00,685084900,-0.00829505956485597,-0.024376547137052167,0.007786428007340229,35.808713750000045,-86.48408854387709,10208,0.0,35.8,-86.5,1.7314143468666412
2024-05-11 22:57:00,685084900,0.018024797478055667,0.0054530262043802295,0.030596568751731106,35.808713750000045,-86.48408854387709,10208,0.1,35.8,-86.5,1.7314143468666412
2024-05-11 22:58:00,685084900,-0.02618936411710738,-0.05115500219590537,-0.0012237260383093848,35.808713750000045,-86.48408854387709,10208,0.1,35.8,-86.5,1.7314143468666412
2024-05-11 22:59:00,685084900,-0.1068866013999585,-0.2049328417846762,-0.008840361015240786,35.808713750000045,-86.48408854387709,10208,0.0,35.8,-86.5,1.7314143468666412
2024-05-11 23:00:00,685084900,-0.06814247101204621,-0.13463365569308253,-0.001651286331009888,35.808713750000045,-86.48408854387709,10208,-0.1,35.8,-86.5,1.7314143468666412
2024-05-11 23:01:00,685084900,-0.09659293584560659,-0.184152015264463,-0.009033856426750184,35.808713750000045,-86.48408854387709,10208,-0.1,35.8,-86.5,1.7314143468666412
2024-05-11 23:02:00,685084900,-0.08890694423898723,-0.17434221330781188,-0.003471675170162586,35.808713750000045,-86.48408854387709,10208,-0.1,35.8,-86.5,1.7314143468666412
2024-05-11 23:03:00,685084900,-0.09090284605353328,-0.17894374060194673,-0.00286195150511985,35.808713750000045,-86.48408854387709,10208,-0.1,35.8,-86.5,1.7314143468666412
2024-05-11 23:04:00,685084900,0.015244974012573694,0.0025445129211557633,0.027945435103991625,35.808713750000045,-86.48408854387709,10208,-0.2,35.8,-86.5,1.7314143468666412
2024-05-11 23:05:00,685084900,0.014821561535653767,-0.014837054395029406,0.04448017746633694,35.808713750000045,-86.48408854387709,10208,0.0,35.8,-86.5,1.7314143468666412
2024-05-11 23:06:00,685084900,0.03485419049548397,0.0048966095201359965,0.06481177147083195,35.808713750000045,-86.48408854387709,10208,-0.1,35.8,-86.5,1.7314143468666412
2024-05-11 23:07:00,685084900,0.03041817345070855,-0.002587911360720504,0.0634242582621376,35.808713750000045,-86.48408854387709,10208,0.0,35.8,-86.5,1.7314143468666412
2024-05-11 23:08:00,685084900,0.0070682652620316835,-0.009529832479468025,0.023666363003531393,35.808713750000045,-86.48408854387709,10208,0.0,35.8,-86.5,1.7314143468666412
2024-05-11 23:09:00,685084900,0.02242274803849139,0.0016709736517386171,0.043174522425244166,35.808713750000045,-86.48408854387709,10208,0.0,35.8,-86.5,1.7314143468666412
2024-05-11 23:10:00,685084900,0.04597705871207488,0.009791808683728365,0.0821623087404214,35.808713750000045,-86.48408854387709,10208,0.0,35.8,-86.5,1.7314143468666412
2024-05-11 23:11:00,685084900,0.05357850824495892,0.014316483546845525,0.09284053294307232,35.808713750000045,-86.48408854387709,10208,0.0,35.8,-86.5,1.7314143468666412
2024-05-11 23:12:00,685084900,0.07894727746030991,0.017757241342768938,0.1401373135778509,35.808713750000045,-86.48408854387709,10208,0.0,35.8,-86.5,1.7314143468666412
2024-05-11 23:13:00,685084900,0.04969647208074635,0.012741230899340691,0.08665171326215201,35.808713750000045,-86.48408854387709,10208,0.0,35.8,-86.5,1.7314143468666412
2024-05-11 23:14:00,685084900,0.08984012385703768,0.019383428423875623,0.16029681929019973,35.808713750000045,-86.48408854387709,10208,0.0,35.8,-86.5,1.7314143468666412
2024-05-11 23:15:00,685084900,0.03420893698630112,0.007827319671223073,0.06059055430137916,35.808713750000045,-86.48408854387709,10208,0.1,35.8,-86.5,1.7314143468666412
2024-05-11 23:16:00,685084900,0.02807293310210299,0.010618068335757489,0.04552779786844849,35.808713750000045,-86.48408854387709,10208,0.0,35.8,-86.5,1.7314143468666412
2024-05-11 23:17:00,685084900,0.0067228637610655465,-0.002676004590145638,0.01612173211227673,35.808713750000045,-86.48408854387709,10208,0.1,35.8,-86.5,1.7314143468666412
2024-05-11 23:18:00,685084900,0.031337017169636855,0.015087126911538573,0.04758690742773514,35.808713750000045,-86.48408854387709,10208,0.0,35.8,-86.5,1.7314143468666412
2024-05-11 23:19:00,685084900,0.04811935450458334,0.01727433429162299,0.0789643747175437,35.808713750000045,-86.48408854387709,10208,0.0,35.8,-86.5,1.7314143468666412
2024-05-11 23:20:00,685084900,0.11380786713771397,0.025888470461285853,0.20172726381414208,35.808713750000045,-86.48408854387709,10208,0.1,35.8,-86.5,1.7314143468666412
2024-05-11 23:21:00,685084900,0.07457383463025173,0.01584867304338839,0.13329899621711508,35.808713750000045,-86.48408854387709,10208,0.0,35.8,-86.5,1.7314143468666412
2024-05-11 23:22:00,685084900,0.09798473340196744,0.0210514627317913,0.17491800407214358,35.808713750000045,-86.48408854387709,10208,-0.1,35.8,-86.5,1.7314143468666412
2024-05-11 23:23:00,685084900,0.08579349197151681,0.015167666506477634,0.156419317436556,35.808713750000045,-86.48408854387709,10208,-0.1,35.8,-86.5,1.7314143468666412
2024-05-11 23:24:00,685084900,0.10588283737634122,0.023712359983461773,0.18805331476922066,35.808713750000045,-86.48408854387709,10208,0.1,35.8,-86.5,1.7314143468666412
2024-05-11 23:25:00,685084900,0.07218025752018183,0.019241040758077754,0.1251194742822859,35.808713750000045,-86.48408854387709,10208,0.2,35.8,-86.5,1.7314143468666412
2024-05-11 23:26:00,685084900,0.11746688039814296,0.02953037767677548,0.20540338311951045,35.808713750000045,-86.48408854387709,10208,0.2,35.8,-86.5,1.7314143468666412
2024-05-11 23:27:00,685084900,0.11465441146470912,0.026020296006589658,0.20328852692282856,35.808713750000045,-86.48408854387709,10208,0.1,35.8,-86.5,1.7314143468666412
2024-05-11 23:28:00,685084900,0.14853315475248377,0.031920567152584914,0.26514574235238264,35.808713750000045,-86.48408854387709,10208,-0.1,35.8,-86.5,1.7314143468666412
2024-05-11 23:29:00,685084900,0.21129641504037597,0.03912573532418903,0.38346709475656293,35.808713750000045,-86.48408854387709,10208,0.2,35.8,-86.5,1.7314143468666412
2024-05-11 23:30:00,685084900,0.14618154652742388,0.026031330069386696,0.2663317629854611,35.808713750000045,-86.48408854387709,10208,0.2,35.8,-86.5,1.7314143468666412
2024-05-11 23:31:00,685084900,0.03980162581422622,0.006817862993585645,0.0727853886348668,35.808713750000045,-86.48408854387709,10208,0.3,35.8,-86.5,1.7314143468666412
2024-05-11 23:32:00,685084900,-0.0026493252085292586,-0.03148841266600555,0.026189762248947035,35.808713750000045,-86.48408854387709,10208,0.2,35.8,-86.5,1.7314143468666412
2024-05-11 23:33:00,685084900,0.009194749228971953,-0.009057232076979912,0.027446730534923816,35.808713750000045,-86.48408854387709,10208,0.0,35.8,-86.5,1.7314143468666412
2024-05-11 23:34:00,685084900,0.05069273465739534,0.02043541647925162,0.08095005283553906,35.808713750000045,-86.48408854387709,10208,0.0,35.8,-86.5,1.7314143468666412
2024-05-11 23:35:00,685084900,0.004880440018685295,-0.011310803236395661,0.021071683273766253,35.808713750000045,-86.48408854387709,10208,-0.1,35.8,-86.5,1.7314143468666412
2024-05-11 23:36:00,685084900,0.07379083178070622,0.021131508950342902,0.12645015461106954,35.808713750000045,-86.48408854387709,10208,-0.1,35.8,-86.5,1.7314143468666412
2024-05-11 23:37:00,685084900,0.08488242387290601,0.021084722436699718,0.1486801253091123,35.808713750000045,-86.48408854387709,10208,0.0,35.8,-86.5,1.7314143468666412
2024-05-11 23:38:00,685084900,0.11658114303096317,0.02896979464273816,0.2041924914191882,35.808713750000045,-86.48408854387709,10208,0.1,35.8,-86.5,1.7314143468666412
2024-05-11 23:39:00,685084900,0.06133305822031243,0.018814273734918244,0.10385184270570662,35.808713750000045,-86.48408854387709,10208,0.0,35.8,-86.5,1.7314143468666412
2024-05-11 23:40:00,685084900,0.07657159729619593,0.02424879776753215,0.1288943968248597,35.808713750000045,-86.48408854387709,10208,0.0,35.8,-86.5,1.7314143468666412
2024-05-11 23:41:00,685084900,0.09110150532828294,0.025866902859402227,0.15633610779716367,35.808713750000045,-86.48408854387709,10208,0.0,35.8,-86.5,1.7314143468666412
2024-05-11 23:42:00,685084900,0.15188287582346155,0.03336750373552398,0.2703982479113991,35.808713750000045,-86.48408854387709,10208,0.0,35.8,-86.5,1.7314143468666412
2024-05-11 23:43:00,685084900,0.12827056546137489,0.024050197723443148,0.23249093319930664,35.808713750000045,-86.48408854387709,10208,-0.2,35.8,-86.5,1.7314143468666412
2024-05-11 23:44:00,685084900,0.19396228572227206,0.039065115213532176,0.34885945623101194,35.808713750000045,-86.48408854387709,10208,0.0,35.8,-86.5,1.7314143468666412
2024-05-11 23:45:00,685084900,0.10619017511866762,0.01902106065488232,0.1933592895824529,35.808713750000045,-86.48408854387709,10208,0.1,35.8,-86.5,1.7314143468666412
2024-05-11 23:46:00,685084900,0.09568662713980146,0.023323461017926095,0.16804979326167682,35.808713750000045,-86.48408854387709,10208,0.2,35.8,-86.5,1.7314143468666412
2024-05-11 23:47:00,685084900,0.017905970908846724,0.010091251714761554,0.025720690102931893,35.808713750000045,-86.48408854387709,10208,0.0,35.8,-86.5,1.7314143468666412
2024-05-11 23:48:00,685084900,0.10909847164602991,0.03154828825981773,0.1866486550322421,35.808713750000045,-86.48408854387709,10208,-0.1,35.8,-86.5,1.7314143468666412
2024-05-11 23:49:00,685084900,0.07333581365028644,0.019833236233060665,0.1268383910675122,35.808713750000045,-86.48408854387709,10208,0.1,35.8,-86.5,1.7314143468666412
2024-05-11 23:50:00,685084900,0.15651665298266945,0.03321469746383028,0.27981860850150864,35.808713750000045,-86.48408854387709,10208,0.0,35.8,-86.5,1.7314143468666412
2024-05-11 23:51:00,685084900,0.11021148781689848,0.016063868079572996,0.20435910755422396,35.808713750000045,-86.48408854387709,10208,0.0,35.8,-86.5,1.7314143468666412
2024-05-11 23:52:00,685084900,0.15967128833188415,0.032480093633083046,0.2868624830306853,35.808713750000045,-86.48408854387709,10208,0.2,35.8,-86.5,1.7314143468666412
2024-05-11 23:53:00,685084900,-0.016193230799884707,-0.03816523306373497,0.005778771463965552,35.808713750000045,-86.48408854387709,10208,0.1,35.8,-86.5,1.7314143468666412
2024-05-11 23:54:00,685084900,0.1079739414771772,0.03239665801762802,0.18355122493672638,35.808713750000045,-86.48408854387709,10208,-0.1,35.8,-86.5,1.7314143468666412
2024-05-11 23:55:00,685084900,-0.02347429735033642,-0.05436341007162245,0.0074148153709496095,35.808713750000045,-86.48408854387709,10208,-0.1,35.8,-86.5,1.7314143468666412
2024-05-11 23:56:00,685084900,0.17330887979842227,0.04817072134207229,0.29844703825477226,35.808713750000045,-86.48408854387709,10208,-0.1,35.8,-86.5,1.7314143468666412
2024-05-11 23:57:00,685084900,-0.05239681020709758,-0.10141873734845677,-0.003374883065738375,35.808713750000045,-86.48408854387709,10208,0.0,35.8,-86.5,1.7314143468666412
2024-05-11 23:58:00,685084900,0.2622930896145911,0.06148019371743124,0.4631059855117509,35.808713750000045,-86.48408854387709,10208,0.1,35.8,-86.5,1.7314143468666412
2024-05-11 23:59:00,685084900,-0.3922351306127716,-0.7069595781112894,-0.0775106831142538,35.808713750000045,-86.48408854387709,10208,-0.1,35.8,-86.5,1.7314143468666412
2024-05-12 00:00:00,685084900,-1.1435573965250925,-2.2048212572640975,-0.08229353578608745,35.808713750000045,-86.48408854387709,10208,-0.1,35.8,-86.5,1.7314143468666412
2024-05-12 00:01:00,685084900,-0.06723088683421449,-0.2197623725309353,0.08530059886250632,35.808713750000045,-86.48408854387709,10208,0.0,35.8,-86.5,1.7314143468666412
2024-05-12 00:02:00,685084900,-0.3753171560342631,-0.7249610093395653,-0.0256733027289609,35.808713750000045,-86.48408854387709,10208,0.1,35.8,-86.5,1.7314143468666412
2024-05-12 00:03:00,685084900,-0.09100223188842795,-0.20428722132140853,0.022282757544552625,35.808713750000045,-86.48408854387709,10208,0.1,35.8,-86.5,1.7314143468666412
2024-05-12 00:04:00,685084900,-0.23492627634485858,-0.44861402210966483,-0.021238530580052345,35.808713750000045,-86.48408854387709,10208,-0.1,35.8,-86.5,1.7314143468666412
2024-05-12 00:05:00,685084900,-0.05230760021184063,-0.1181417164554267,0.013526516031745435,35.808713750000045,-86.48408854387709,10208,-0.2,35.8,-86.5,1.7314143468666412
2024-05-12 00:06:00,685084900,-0.13307672001486587,-0.25240738268270263,-0.013746057347029106,35.808713750000045,-86.48408854387709,10208,0.0,35.8,-86.5,1.7314143468666412
2024-05-12 00:07:00,685084900,-0.07037782188061507,-0.14157807959530527,0.0008224358340751109,35.808713750000045,-86.48408854387709,10208,0.0,35.8,-86.5,1.7314143468666412
2024-05-12 00:08:00,685084900,-0.10042968370326029,-0.1944038647819345,-0.006455502624586093,35.808713750000045,-86.48408854387709,10208,-0.2,35.8,-86.5,1.7314143468666412
2024-05-12 00:09:00,685084900,-0.012472740779727917,-0.034051870348141305,0.009106388788685471,35.808713750000045,-86.48408854387709,10208,0.2,35.8,-86.5,1.7314143468666412
2024-05-12 00:10:00,685084900,-0.1107435936725773,-0.2090710422353962,-0.0124161451097584,35.808713750000045,-86.48408854387709,10208,0.0,35.8,-86.5,1.7314143468666412
2024-05-12 00:11:00,685084900,0.016579095918056383,-0.005115400399465387,0.03827359223557815,35.808713750000045,-86.48408854387709,10208,-0.2,35.8,-86.5,1.7314143468666412
2024-05-12 00:12:00,685084900,8.709276772699824e-05,-0.02076413353050993,0.020938319065963926,35.808713750000045,-86.48408854387709,10208,0.0,35.8,-86.5,1.7314143468666412
2024-05-12 00:13:00,685084900,0.024951028839886067,0.0011946175228827113,0.04870744015688942,35.808713750000045,-86.48408854387709,10208,0.1,35.8,-86.5,1.7314143468666412
2024-05-12 00:14:00,685084900,-0.08774141344995248,-0.16403689835902036,-0.011445928540884595,35.808713750000045,-86.48408854387709,10208,0.0,35.8,-86.5,1.7314143468666412
2024-05-12 00:15:00,685084900,-0.029789445579813563,-0.067195388461463,0.007616497301835869,35.808713750000045,-86.48408854387709,10208,-0.2,35.8,-86.5,1.7314143468666412
2024-05-12 00:16:00,685084900,0.0016242366311689633,-0.0076574984664072795,0.010905971728745207,35.808713750000045,-86.48408854387709,10208,0.2,35.8,-86.5,1.7314143468666412
2024-05-12 00:17:00,685084900,0.040805559793252955,-0.0056687415854170115,0.08727986117192292,35.808713750000045,-86.48408854387709,10208,0.2,35.8,-86.5,1.7314143468666412
2024-05-12 00:18:00,685084900,-0.02896790033069808,-0.059980455722739245,0.0020446550613430862,35.808713750000045,-86.48408854387709,10208,0.1,35.8,-86.5,1.7314143468666412
2024-05-12 00:19:00,685084900,0.03152827729133447,6.50250466000396e-05,0.0629915295360689,35.808713750000045,-86.48408854387709,10208,-0.1,35.8,-86.5,1.7314143468666412
2024-05-12 00:20:00,685084900,0.014726129729393432,0.0022429724256220075,0.02720928703316486,35.808713750000045,-86.48408854387709,10208,-0.1,35.8,-86.5,1.7314143468666412
2024-05-12 00:21:00,685084900,0.03074133949305439,0.004843896028150382,0.05663878295795839,35.808713750000045,-86.48408854387709,10208,0.1,35.8,-86.5,1.7314143468666412
2024-05-12 00:22:00,685084900,-0.050131379636085986,-0.09283522352975128,-0.007427535742420693,35.808713750000045,-86.48408854387709,10208,0.0,35.8,-86.5,1.7314143468666412
2024-05-12 00:23:00,685084900,-0.041757296297320924,-0.08543907780823218,0.0019244852135903295,35.808713750000045,-86.48408854387709,10208,-0.1,35.8,-86.5,1.7314143468666412
2024-05-12 00:24:00,685084900,-0.007927051509236359,-0.0240498750825914,0.008195772064118683,35.808713750000045,-86.48408854387709,10208,-0.2,35.8,-86.5,1.7314143468666412
2024-05-12 00:25:00,685084900,0.03219903212869897,0.005826327469373227,0.058571736788024714,35.808713750000045,-86.48408854387709,10208,0.0,35.8,-86.5,1.7314143468666412
2024-05-12 00:26:00,685084900,0.0072214335664134745,-0.005031101830647705,0.019473968963474655,35.808713750000045,-86.48408854387709,10208,0.0,35.8,-86.5,1.7314143468666412
2024-05-12 00:27:00,685084900,0.0016030890875882403,-0.005946681374274789,0.009152859549451269,35.808713750000045,-86.48408854387709,10208,-0.1,35.8,-86.5,1.7314143468666412
2024-05-12 00:28:00,685084900,-0.016728318932077272,-0.03704839808869184,0.0035917602245373013,35.808713750000045,-86.48408854387709,10208,-0.1,35.8,-86.5,1.7314143468666412
2024-05-12 00:29:00,685084900,0.031226450433327033,0.0016743086262298243,0.06077859224042424,35.808713750000045,-86.48408854387709,10208,0.0,35.8,-86.5,1.7314143468666412
2024-05-12 00:30:00,685084900,-0.01280221930268473,-0.025995016374723588,0.0003905777693541286,35.808713750000045,-86.48408854387709,10208,-0.2,35.8,-86.5,1.7314143468666412
2024-05-12 00:31:00,685084900,0.0382470420806618,0.005803458186386792,0.0706906259749368,35.808713750000045,-86.48408854387709,10208,-0.1,35.8,-86.5,1.7314143468666412
2024-05-12 00:32:00,685084900,0.002114573660198281,-0.008334128750834502,0.012563276071231064,35.808713750000045,-86.48408854387709,10208,0.0,35.8,-86.5,1.7314143468666412
2024-05-12 00:33:00,685084900,0.014590545476645372,-0.023140234829228806,0.05232132578251955,35.808713750000045,-86.48408854387709,10208,-0.1,35.8,-86.5,1.7314143468666412
2024-05-12 00:34:00,685084900,-0.036112284131232894,-0.0693283681883218,-0.0028962000741439772,35.808713750000045,-86.48408854387709,10208,-0.1,35.8,-86.5,1.7314143468666412
2024-05-12 00:35:00,685084900,0.0011658672125610474,-0.013135002140955677,0.015466736566077773,35.808713750000045,-86.48408854387709,10208,-0.2,35.8,-86.5,1.7314143468666412
2024-05-12 00:36:00,685084900,0.054985638825622435,0.005689647691037476,0.1042816299602074,35.808713750000045,-86.48408854387709,10208,-0.1,35.8,-86.5,1.7314143468666412
2024-05-12 00:37:00,685084900,0.05192230135783623,-0.005058680657250285,0.10890328337292274,35.808713750000045,-86.48408854387709,10208,0.1,35.8,-86.5,1.7314143468666412
2024-05-12 00:38:00,685084900,-0.03507847744262531,-0.058939283835875864,-0.011217671049374756,35.808713750000045,-86.48408854387709,10208,0.0,35.8,-86.5,1.7314143468666412
2024-05-12 00:39:00,685084900,-0.012549804855531387,-0.03185312684569537,0.006753517134632601,35.808713750000045,-86.48408854387709,10208,-0.3,35.8,-86.5,1.7314143468666412
2024-05-12 00:40:00,685084900,-0.006488767380512394,-0.028296297445703146,0.01531876268467836,35.808713750000045,-86.48408854387709,10208,-0.2,35.8,-86.5,1.7314143468666412
2024-05-12 00:41:00,685084900,-0.003299997088567635,-0.023155888785180784,0.016555894608045515,35.808713750000045,-86.48408854387709,10208,-0.2,35.8,-86.5,1.7314143468666412
2024-05-12 00:42:00,685084900,-0.04419217754228049,-0.08094853159186716,-0.007435823492693817,35.808713750000045,-86.48408854387709,10208,-0.2,35.8,-86.5,1.7314143468666412
2024-05-12 00:43:00,685084900,-0.033732942069386505,-0.0616546781523622,-0.005811205986410814,35.808713750000045,-86.48408854387709,10208,-0.2,35.8,-86.5,1.7314143468666412
2024-05-12 00:44:00,685084900,0.00555596058209951,-0.007726111998387384,0.018838033162586403,35.808713750000045,-86.48408854387709,10208,-0.1,35.8,-86.5,1.7314143468666412
2024-05-12 00:45:00,685084900,0.016444072758662436,-0.002413874515206124,0.035302020032530995,35.808713750000045,-86.48408854387709,10208,-0.2,35.8,-86.5,1.7314143468666412
2024-05-12 00:46:00,685084900,-0.03368303418239652,-0.06580176697800214,-0.001564301386790909,35.808713750000045,-86.48408854387709,10208,-0.3,35.8,-86.5,1.7314143468666412
2024-05-12 00:47:00,685084900,-0.017310017255143022,-0.03420504007370227,-0.00041499443658377447,35.808713750000045,-86.48408854387709,10208,-0.3,35.8,-86.5,1.7314143468666412
2024-05-12 00:48:00,685084900,-0.01553947964048097,-0.028590915957179552,-0.002488043323782387,35.808713750000045,-86.48408854387709,10208,-0.2,35.8,-86.5,1.7314143468666412
2024-05-12 00:49:00,685084900,0.0022277676906855056,-0.005641281111436684,0.010096816492807695,35.808713750000045,-86.48408854387709,10208,-0.1,35.8,-86.5,1.7314143468666412
2024-05-12 00:50:00,685084900,7.472374171479564e-05,-0.0037916250091327296,0.003941072492562321,35.808713750000045,-86.48408854387709,10208,-0.2,35.8,-86.5,1.7314143468666412
2024-05-12 00:51:00,685084900,0.04793898756261952,0.0026477578958226597,0.09323021722941638,35.808713750000045,-86.48408854387709,10208,-0.1,35.8,-86.5,1.7314143468666412
2024-05-12 00:52:00,685084900,0.04005339807845156,-0.001557847129446073,0.0816646432863492,35.808713750000045,-86.48408854387709,10208,-0.2,35.8,-86.5,1.7314143468666412
2024-05-12 00:53:00,685084900,0.047881716918688776,-0.003852553749006865,0.09961598758638442,35.808713750000045,-86.48408854387709,10208,-0.1,35.8,-86.5,1.7314143468666412
2024-05-12 00:54:00,685084900,0.016747856589075537,-0.008930019360179592,0.042425732538330665,35.808713750000045,-86.48408854387709,10208,0.1,35.8,-86.5,1.7314143468666412
2024-05-12 00:55:00,685084900,-0.01883023412097759,-0.03886476182130422,0.0012042935793490327,35.808713750000045,-86.48408854387709,10208,-0.2,35.8,-86.5,1.7314143468666412
2024-05-12 00:56:00,685084900,-0.028928186080563204,-0.050345690679578475,-0.007510681481547928,35.808713750000045,-86.48408854387709,10208,-0.2,35.8,-86.5,1.7314143468666412
2024-05-12 00:57:00,685084900,-0.008365207497674342,-0.014615039159739999,-0.0021153758356086847,35.808713750000045,-86.48408854387709,10208,-0.2,35.8,-86.5,1.7314143468666412
2024-05-12 00:58:00,685084900,0.019601055817389215,6.106810415857158e-05,0.039141043530619854,35.808713750000045,-86.48408854387709,10208,-0.2,35.8,-86.5,1.7314143468666412
2024-05-12 00:59:00,685084900,0.07347082338159967,0.004665652255366318,0.14227599450783301,35.808713750000045,-86.48408854387709,10208,0.0,35.8,-86.5,1.7314143468666412
2024-05-12 01:00:00,685084900,0.053581451680248186,-0.0036455698574223983,0.11080847321791877,35.808713750000045,-86.48408854387709,10208,-0.1,35.8,-86.5,1.7314143468666412
2024-05-12 01:01:00,685084900,-0.01038752070351904,-0.014949720109405946,-0.005825321297632135,35.808713750000045,-86.48408854387709,10208,-0.3,35.8,-86.5,1.7314143468666412
2024-05-12 01:02:00,685084900,0.04443174861146046,0.0012958591941349198,0.087567638028786,35.808713750000045,-86.48408854387709,10208,-0.1,35.8,-86.5,1.7314143468666412
2024-05-12 01:03:00,685084900,0.05773525119388993,0.00013796862946836158,0.11533253375831151,35.808713750000045,-86.48408854387709,10208,-0.1,35.8,-86.5,1.7314143468666412
2024-05-12 01:04:00,685084900,0.06877386193188871,-0.0026052603347154896,0.14015298419849292,35.808713750000045,-86.48408854387709,10208,-0.2,35.8,-86.5,1.7314143468666412
2024-05-12 01:05:00,685084900,0.07258615577148766,0.0027199623359854264,0.1424523492069899,35.808713750000045,-86.48408854387709,10208,-0.2,35.8,-86.5,1.7314143468666412
2024-05-12 01:06:00,685084900,0.0321180173512185,-0.02170190963989592,0.08593794434233291,35.808713750000045,-86.48408854387709,10208,-0.2,35.8,-86.5,1.7314143468666412
2024-05-12 01:07:00,685084900,0.08760384673148734,-0.005927440996725805,0.18113513445970048,35.808713750000045,-86.48408854387709,10208,0.0,35.8,-86.5,1.7314143468666412
2024-05-12 01:08:00,685084900,0.031599438262611086,-0.017402180051667368,0.08060105657688954,35.808713750000045,-86.48408854387709,10208,-0.2,35.8,-86.5,1.7314143468666412
2024-05-12 01:09:00,685084900,0.06367290861749296,-0.005975346283865493,0.13332116351885143,35.808713750000045,-86.48408854387709,10208,-0.1,35.8,-86.5,1.7314143468666412
2024-05-12 01:10:00,685084900,-0.006106718683210731,-0.05052286460428608,0.038309427237864624,35.808713750000045,-86.48408854387709,10208,-0.2,35.8,-86.5,1.7314143468666412
2024-05-12 01:11:00,685084900,0.04355391545350229,-0.007563354462508644,0.09467118536951322,35.808713750000045,-86.48408854387709,10208,-0.2,35.8,-86.5,1.7314143468666412
2024-05-12 01:12:00,685084900,0.053532779337017826,-0.04368771777212053,0.1507532764461562,35.808713750000045,-86.48408854387709,10208,-0.2,35.8,-86.5,1.7314143468666412
2024-05-12 01:13:00,685084900,0.02858383441500481,-0.024182771048698995,0.08135043987870862,35.808713750000045,-86.48408854387709,10208,-0.2,35.8,-86.5,1.7314143468666412
2024-05-12 01:14:00,685084900,-0.028009807454232972,-0.05554828403152536,-0.0004713308769405816,35.808713750000045,-86.48408854387709,10208,-0.1,35.8,-86.5,1.7314143468666412
2024-05-12 01:15:00,685084900,-0.002488291255563558,-0.037347673142450216,0.032371090631323096,35.808713750000045,-86.48408854387709,10208,-0.2,35.8,-86.5,1.7314143468666412
2024-05-12 01:16:00,685084900,0.015540860207512143,-0.03723022911422271,0.06831194952924699,35.808713750000045,-86.48408854387709,10208,-0.1,35.8,-86.5,1.7314143468666412
2024-05-12 01:17:00,685084900,0.015889339945664244,-0.014615177671301171,0.04639385756262966,35.808713750000045,-86.48408854387709,10208,-0.1,35.8,-86.5,1.7314143468666412
2024-05-12 01:18:00,685084900,0.023504018623234042,-0.019847569602841737,0.06685560684930983,35.808713750000045,-86.48408854387709,10208,-0.1,35.8,-86.5,1.7314143468666412
2024-05-12 01:19:00,685084900,0.0040168828746177405,-0.022251398880510545,0.030285164629746023,35.808713750000045,-86.48408854387709,10208,-0.1,35.8,-86.5,1.7314143468666412
2024-05-12 01:20:00,685084900,-0.01223554607999349,-0.02163339580855573,-0.002837696351431251,35.808713750000045,-86.48408854387709,10208,-0.2,35.8,-86.5,1.7314143468666412
2024-05-12 01:21:00,685084900,-0.0002585019773497386,-0.022826605807814343,0.02230960185311487,35.808713750000045,-86.48408854387709,10208,-0.2,35.8,-86.5,1.7314143468666412
2024-05-12 01:22:00,685084900,-0.023743279523791766,-0.05570123393349318,0.00821467488590965,35.808713750000045,-86.48408854387709,10208,-0.2,35.8,-86.5,1.7314143468666412
2024-05-12 01:23:00,685084900,0.0008717111957578268,-0.014180789336922777,0.01592421172843843,35.808713750000045,-86.48408854387709,10208,-0.2,35.8,-86.5,1.7314143468666412
2024-05-12 01:24:00,685084900,-0.01235890717176118,-0.02015808352872912,-0.004559730814793241,35.808713750000045,-86.48408854387709,10208,-0.2,35.8,-86.5,1.7314143468666412
2024-05-12 01:25:00,685084900,-0.03412561025407864,-0.07147226217119323,0.0032210416630359534,35.808713750000045,-86.48408854387709,10208,-0.2,35.8,-86.5,1.7314143468666412
2024-05-12 01:26:00,685084900,-0.039454046038067736,-0.07019424968141684,-0.008713842394718636,35.808713750000045,-86.48408854387709,10208,-0.2,35.8,-86.5,1.7314143468666412
2024-05-12 01:27:00,685084900,-0.0524420138566223,-0.09406989166241804,-0.010814136050826567,35.808713750000045,-86.48408854387709,10208,-0.3,35.8,-86.5,1.7314143468666412
2024-05-12 01:28:00,685084900,0.05487710257544963,-0.00030912261749327374,0.11006332776839253,35.808713750000045,-86.48408854387709,10208,-0.2,35.8,-86.5,1.7314143468666412
2024-05-12 01:29:00,685084900,0.07629169372399541,-0.0070950517285817555,0.1596784391765726,35.808713750000045,-86.48408854387709,10208,-0.2,35.8,-86.5,1.7314143468666412
2024-05-12 01:30:00,685084900,0.10919012940002112,-0.006450595461092112,0.22483085426113436,35.808713750000045,-86.48408854387709,10208,-0.2,35.8,-86.5,1.7314143468666412
2024-05-12 01:31:00,685084900,0.09550443213500669,-0.03630452864510515,0.22731339291511854,35.808713750000045,-86.48408854387709,10208,-0.3,35.8,-86.5,1.7314143468666412
2024-05-12 01:32:00,685084900,0.02530979035922001,-0.020623162418235214,0.07124274313667524,35.808713750000045,-86.48408854387709,10208,0.1,35.8,-86.5,1.7314143468666412
2024-05-12 01:33:00,685084900,-0.03579073847743113,-0.07800756596610736,0.006426089011245091,35.808713750000045,-86.48408854387709,10208,0.1,35.8,-86.5,1.7314143468666412
2024-05-12 01:34:00,685084900,0.005347679907151653,-0.04213500519917456,0.05283036501347787,35.808713750000045,-86.48408854387709,10208,-0.4,35.8,-86.5,1.7314143468666412
2024-05-12 01:35:00,685084900,0.0011746112179579797,-0.02734874291128452,0.02969796534720048,35.808713750000045,-86.48408854387709,10208,-0.2,35.8,-86.5,1.7314143468666412
2024-05-12 01:36:00,685084900,-0.05140149288716217,-0.12944869323538405,0.02664570746105971,35.808713750000045,-86.48408854387709,10208,0.1,35.8,-86.5,1.7314143468666412
2024-05-12 01:37:00,685084900,-0.047879812856929445,-0.11694815654131227,0.021188530827453388,35.808713750000045,-86.48408854387709,10208,-0.2,35.8,-86.5,1.7314143468666412
2024-05-12 01:38:00,685084900,0.005877696914647198,-0.06590507931327196,0.07766047314256634,35.808713750000045,-86.48408854387709,10208,-0.2,35.8,-86.5,1.7314143468666412
2024-05-12 01:39:00,685084900,-0.07428490522329488,-0.16318095751093858,0.014611147064348837,35.808713750000045,-86.48408854387709,10208,0.0,35.8,-86.5,1.7314143468666412
2024-05-12 01:40:00,685084900,-0.10766189324430916,-0.23935980202891577,0.02403601554029744,35.808713750000045,-86.48408854387709,10208,-0.2,35.8,-86.5,1.7314143468666412
2024-05-12 01:41:00,685084900,-0.08900759720369401,-0.19626390755775508,0.018248713150367038,35.808713750000045,-86.48408854387709,10208,-0.3,35.8,-86.5,1.7314143468666412
2024-05-12 01:42:00,685084900,-0.1204545558821698,-0.22625037688163302,-0.014658734882706567,35.808713750000045,-86.48408854387709,10208,-0.2,35.8,-86.5,1.7314143468666412
2024-05-12 01:43:00,685084900,-0.13703823265968432,-0.2800293150759884,0.005952849756619721,35.808713750000045,-86.48408854387709,10208,-0.4,35.8,-86.5,1.7314143468666412
2024-05-12 01:44:00,685084900,-0.1661322900891384,-0.29566398558433515,-0.03660059459394166,35.808713750000045,-86.48408854387709,10208,-0.4,35.8,-86.5,1.7314143468666412
2024-05-12 01:45:00,685084900,-0.15167563091449957,-0.2946985806116481,-0.00865268121735105,35.808713750000045,-86.48408854387709,10208,-0.5,35.8,-86.5,1.7314143468666412
2024-05-12 01:46:00,685084900,-0.1555118468999061,-0.2920199828873134,-0.019003710912498806,35.808713750000045,-86.48408854387709,10208,-0.2,35.8,-86.5,1.7314143468666412
2024-05-12 01:47:00,685084900,-0.09501917857649186,-0.18704630908510728,-0.0029920480678764516,35.808713750000045,-86.48408854387709,10208,-0.5,35.8,-86.5,1.7314143468666412
2024-05-12 01:48:00,685084900,-0.12122959632078271,-0.20938246833407612,-0.033076724307489314,35.808713750000045,-86.48408854387709,10208,-0.2,35.8,-86.5,1.7314143468666412
2024-05-12 01:49:00,685084900,-0.21098163453379812,-0.36938568376819136,-0.0525775852994049,35.808713750000045,-86.48408854387709,10208,-0.2,35.8,-86.5,1.7314143468666412
2024-05-12 01:50:00,685084900,-0.10601938079488943,-0.2056365945508104,-0.00640216703896844,35.808713750000045,-86.48408854387709,10208,-0.5,35.8,-86.5,1.7314143468666412
2024-05-12 01:51:00,685084900,-0.09453624322579543,-0.16180682248869183,-0.027265663962899034,35.808713750000045,-86.48408854387709,10208,-0.2,35.8,-86.5,1.7314143468666412
2024-05-12 01:52:00,685084900,-0.12910368046507228,-0.2145233941917687,-0.04368396673837588,35.808713750000045,-86.48408854387709,10208,-0.2,35.8,-86.5,1.7314143468666412
2024-05-12 01:53:00,685084900,-0.09416160763071621,-0.14752089289988995,-0.04080232236154247,35.808713750000045,-86.48408854387709,10208,-0.2,35.8,-86.5,1.7314143468666412
2024-05-12 01:54:00,685084900,-0.06455929903031678,-0.09891218540329423,-0.030206412657339324,35.808713750000045,-86.48408854387709,10208,-0.2,35.8,-86.5,1.7314143468666412
2024-05-12 01:55:00,685084900,-0.020864439796263047,-0.041641367559759015,-8.751203276707864e-05,35.808713750000045,-86.48408854387709,10208,-0.3,35.8,-86.5,1.7314143468666412
2024-05-12 01:56:00,685084900,0.04051387394204104,-0.019429911555820294,0.10045765943990237,35.808713750000045,-86.48408854387709,10208,-0.2,35.8,-86.5,1.7314143468666412
2024-05-12 01:57:00,685084900,0.16812441248018306,-0.011115551202727197,0.34736437616309335,35.808713750000045,-86.48408854387709,10208,0.1,35.8,-86.5,1.7314143468666412
2024-05-12 01:58:00,685084900,0.09721554752637174,-0.034873762487279275,0.22930485754002275,35.808713750000045,-86.48408854387709,10208,0.4,35.8,-86.5,1.7314143468666412
2024-05-12 01:59:00,685084900,0.07687919165515707,-0.01029920286951723,0.16405758617983135,35.808713750000045,-86.48408854387709,10208,-0.1,35.8,-86.5,1.7314143468666412
2024-05-12 02:00:00,685084900,0.1215235216952685,-0.006983756901874166,0.2500308002924112,35.808713750000045,-86.48408854387709,10208,-0.9,35.8,-86.5,1.7314143468666412
2024-05-12 02:01:00,685084900,-0.04856459935719965,-0.11363902603728021,0.016509827322880914,35.808713750000045,-86.48408854387709,10208,0.1,35.8,-86.5,1.7314143468666412
2024-05-12 02:02:00,685084900,-0.0858081748362107,-0.16213572468887377,-0.009480624983547625,35.808713750000045,-86.48408854387709,10208,0.1,35.8,-86.5,1.7314143468666412
2024-05-12 02:03:00,685084900,0.040081065215756606,-0.006301167416360241,0.08646329784787346,35.808713750000045,-86.48408854387709,10208,-0.1,35.8,-86.5,1.7314143468666412
2024-05-12 02:04:00,685084900,-0.011806454807620123,-0.02427866480098479,0.0006657551857445435,35.808713750000045,-86.48408854387709,10208,-0.2,35.8,-86.5,1.7314143468666412
2024-05-12 02:05:00,685084900,-0.022007544007009522,-0.0440968401164121,8.175210239306022e-05,35.808713750000045,-86.48408854387709,10208,0.3,35.8,-86.5,1.7314143468666412
2024-05-12 02:06:00,685084900,-0.05623074410021024,-0.1375776514447073,0.025116163244286796,35.808713750000045,-86.48408854387709,10208,-0.4,35.8,-86.5,1.7314143468666412
2024-05-12 02:07:00,685084900,0.008874760511022489,-0.014329372064664529,0.032078893086709505,35.808713750000045,-86.48408854387709,10208,-0.3,35.8,-86.5,1.7314143468666412
2024-05-12 02:08:00,685084900,-0.052055242803967394,-0.08495158287004739,-0.019158902737887396,35.808713750000045,-86.48408854387709,10208,0.1,35.8,-86.5,1.7314143468666412
2024-05-12 02:09:00,685084900,-0.04661133919454855,-0.07838087682392808,-0.014841801565169017,35.808713750000045,-86.48408854387709,10208,-0.2,35.8,-86.5,1.7314143468666412
2024-05-12 02:10:00,685084900,0.026895801373272032,-0.007098253818136464,0.06088985656468053,35.808713750000045,-86.48408854387709,10208,-0.2,35.8,-86.5,1.7314143468666412
2024-05-12 02:11:00,685084900,-0.029700842974726274,-0.04429253430568207,-0.015109151643770476,35.808713750000045,-86.48408854387709,10208,-0.2,35.8,-86.5,1.7314143468666412
2024-05-12 02:12:00,685084900,0.0023672625212037652,-0.01791255589636814,0.022647080938775672,35.808713750000045,-86.48408854387709,10208,-0.5,35.8,-86.5,1.7314143468666412
2024-05-12 02:13:00,685084900,-0.02750023708458947,-0.0703626424747947,0.015362168305615771,35.808713750000045,-86.48408854387709,10208,-0.1,35.8,-86.5,1.7314143468666412
2024-05-12 02:14:00,685084900,0.016109077779735265,-0.13918905240875154,0.1714072079682221,35.808713750000045,-86.48408854387709,10208,-0.6,35.8,-86.5,1.7314143468666412
2024-05-12 02:15:00,685084900,0.296326490400939,0.013809807647043648,0.5788431731548344,35.808713750000045,-86.48408854387709,10208,-0.5,35.8,-86.5,1.7314143468666412
2024-05-12 02:16:00,685084900,0.09367314472083045,-0.001478284106093547,0.18882457354775445,35.808713750000045,-86.48408854387709,10208,-0.7,35.8,-86.5,1.7314143468666412
2024-05-12 02:17:00,685084900,0.016290882167675068,-0.06384494414205746,0.09642670847740759,35.808713750000045,-86.48408854387709,10208,-0.7,35.8,-86.5,1.7314143468666412
2024-05-12 02:18:00,685084900,-0.03722260654894553,-0.11801919429288509,0.04357398119499402,35.808713750000045,-86.48408854387709,10208,-0.6,35.8,-86.5,1.7314143468666412
2024-05-12 02:19:00,685084900,-0.043598069307703095,-0.11939501386189622,0.03219887524649003,35.808713750000045,-86.48408854387709,10208,-0.5,35.8,-86.5,1.7314143468666412
2024-05-12 02:20:00,685084900,0.013752052426418363,-0.015411479869117627,0.04291558472195435,35.808713750000045,-86.48408854387709,10208,-0.7,35.8,-86.5,1.7314143468666412
2024-05-12 02:21:00,685084900,0.17140215519056595,0.04097851206599812,0.3018257983151338,35.808713750000045,-86.48408854387709,10208,-1.0,35.8,-86.5,1.7314143468666412
2024-05-12 02:22:00,685084900,0.16298048754386157,0.012140708928319588,0.31382026615940356,35.808713750000045,-86.48408854387709,10208,-0.4,35.8,-86.5,1.7314143468666412
2024-05-12 02:23:00,685084900,0.05429126728118147,-0.02463637812874786,0.1332189126911108,35.808713750000045,-86.48408854387709,10208,0.0,35.8,-86.5,1.7314143468666412
2024-05-12 02:24:00,685084900,-0.018026653960317114,-0.05979969873201125,0.02374639081137702,35.808713750000045,-86.48408854387709,10208,-0.1,35.8,-86.5,1.7314143468666412
2024-05-12 02:25:00,685084900,0.023473544576140804,-0.05643366555687318,0.10338075470915478,35.808713750000045,-86.48408854387709,10208,-0.1,35.8,-86.5,1.7314143468666412
2024-05-12 02:26:00,685084900,0.04284756185227621,-0.022510821780633038,0.10820594548518545,35.808713750000045,-86.48408854387709,10208,-0.2,35.8,-86.5,1.7314143468666412
2024-05-12 02:27:00,685084900,0.05477651302335081,0.014959980051253728,0.0945930459954479,35.808713750000045,-86.48408854387709,10208,-0.1,35.8,-86.5,1.7314143468666412
2024-05-12 02:28:00,685084900,0.03962702324667791,0.009418266950711403,0.06983577954264442,35.808713750000045,-86.48408854387709,10208,-0.1,35.8,-86.5,1.7314143468666412
2024-05-12 02:29:00,685084900,0.06776706500588926,0.005518476157221133,0.13001565385455738,35.808713750000045,-86.48408854387709,10208,-0.1,35.8,-86.5,1.7314143468666412
2024-05-12 02:30:00,685084900,0.0016901420520790166,-0.023207944921459295,0.02658822902561733,35.808713750000045,-86.48408854387709,10208,-0.1,35.8,-86.5,1.7314143468666412
2024-05-12 02:31:00,685084900,0.00821117775185283,-0.014173348347901883,0.030595703851607543,35.808713750000045,-86.48408854387709,10208,0.0,35.8,-86.5,1.7314143468666412
2024-05-12 02:32:00,685084900,0.005566623720773211,-0.011388757411352299,0.022522004852898722,35.808713750000045,-86.48408854387709,10208,-0.1,35.8,-86.5,1.7314143468666412
2024-05-12 02:33:00,685084900,0.03638762889007794,-0.004309940238232647,0.07708519801838853,35.808713750000045,-86.48408854387709,10208,0.0,35.8,-86.5,1.7314143468666412
2024-05-12 02:34:00,685084900,0.0612484796702982,-0.009742243209895834,0.13223920255049224,35.808713750000045,-86.48408854387709,10208,-0.2,35.8,-86.5,1.7314143468666412
2024-05-12 02:35:00,685084900,0.061862437935106374,-0.003590998070699611,0.12731587394091237,35.808713750000045,-86.48408854387709,10208,0.0,35.8,-86.5,1.7314143468666412
2024-05-12 02:36:00,685084900,-0.02227034268959625,-0.06078380531217746,0.016243119932984964,35.808713750000045,-86.48408854387709,10208,0.0,35.8,-86.5,1.7314143468666412
2024-05-12 02:37:00,685084900,-0.005667486564377129,-0.03305042821153277,0.02171545508277851,35.808713750000045,-86.48408854387709,10208,-0.1,35.8,-86.5,1.7314143468666412
2024-05-12 02:38:00,685084900,0.04918030780197072,0.0019224998913867017,0.09643811571255473,35.808713750000045,-86.48408854387709,10208,-0.1,35.8,-86.5,1.7314143468666412
2024-05-12 02:39:00,685084900,0.03379961958489485,0.004151965057947533,0.06344727411184217,35.808713750000045,-86.48408854387709,10208,-0.2,35.8,-86.5,1.7314143468666412
2024-05-12 02:40:00,685084900,-0.003158943919263274,-0.013841092911606777,0.007523205073080229,35.808713750000045,-86.48408854387709,10208,-0.1,35.8,-86.5,1.7314143468666412
2024-05-12 02:41:00,685084900,0.00987813131233631,-0.0002046389183700311,0.01996090154304265,35.808713750000045,-86.48408854387709,10208,0.0,35.8,-86.5,1.7314143468666412
2024-05-12 02:42:00,685084900,0.06115611351490342,0.00515689513157281,0.11715533189823402,35.808713750000045,-86.48408854387709,10208,-0.1,35.8,-86.5,1.7314143468666412
2024-05-12 02:43:00,685084900,0.07449380904135483,0.006589272482379019,0.14239834560033066,35.808713750000045,-86.48408854387709,10208,-0.1,35.8,-86.5,1.7314143468666412
2024-05-12 02:44:00,685084900,0.03867006462215175,-0.015255280939693278,0.09259541018399678,35.808713750000045,-86.48408854387709,10208,0.0,35.8,-86.5,1.7314143468666412
2024-05-12 02:45:00,685084900,-0.035024288282670187,-0.06676929639130405,-0.0032792801740363225,35.808713750000045,-86.48408854387709,10208,0.2,35.8,-86.5,1.7314143468666412
2024-05-12 02:46:00,685084900,-0.04690149652933866,-0.10206485963192932,0.008261866573252001,35.808713750000045,-86.48408854387709,10208,-0.1,35.8,-86.5,1.7314143468666412
2024-05-12 02:47:00,685084900,-0.03716678305127594,-0.07933441136327493,0.005000845260723051,35.808713750000045,-86.48408854387709,10208,-0.2,35.8,-86.5,1.7314143468666412
2024-05-12 02:48:00,685084900,-0.048681401533012675,-0.10455276480820469,0.007189961742179347,35.808713750000045,-86.48408854387709,10208,-0.1,35.8,-86.5,1.7314143468666412
2024-05-12 02:49:00,685084900,-0.04285115564759337,-0.08726769234834061,0.0015653810531538748,35.808713750000045,-86.48408854387709,10208,0.0,35.8,-86.5,1.7314143468666412
2024-05-12 02:50:00,685084900,0.0037122739187085397,-0.009065770167409958,0.01649031800482704,35.808713750000045,-86.48408854387709,10208,-0.1,35.8,-86.5,1.7314143468666412
2024-05-12 02:51:00,685084900,0.1022404887648982,0.015919355281023617,0.1885616222487728,35.808713750000045,-86.48408854387709,10208,0.2,35.8,-86.5,1.7314143468666412
2024-05-12 02:52:00,685084900,0.18846026153153994,0.001976424506460406,0.3749440985566195,35.808713750000045,-86.48408854387709,10208,-0.2,35.8,-86.5,1.7314143468666412
2024-05-12 02:53:00,685084900,0.004111755872301872,-0.03117457732270046,0.0393980890673042,35.808713750000045,-86.48408854387709,10208,0.2,35.8,-86.5,1.7314143468666412
2024-05-12 02:54:00,685084900,0.025791676034843995,-0.05155168479868324,0.10313503686837122,35.808713750000045,-86.48408854387709,10208,0.0,35.8,-86.5,1.7314143468666412
2024-05-12 02:55:00,685084900,0.06646375521446285,-0.00043420162916602,0.13336171205809172,35.808713750000045,-86.48408854387709,10208,-0.2,35.8,-86.5,1.7314143468666412
2024-05-12 02:56:00,685084900,-0.014321066143533569,-0.04365120723315053,0.015009074946083391,35.808713750000045,-86.48408854387709,10208,0.1,35.8,-86.5,1.7314143468666412
2024-05-12 02:57:00,685084900,-0.09220026769169883,-0.1788678641936227,-0.0055326711897749625,35.808713750000045,-86.48408854387709,10208,-0.1,35.8,-86.5,1.7314143468666412
2024-05-12 02:58:00,685084900,-0.3308839034777643,-0.6547154659467521,-0.007052341008776497,35.808713750000045,-86.48408854387709,10208,-0.3,35.8,-86.5,1.7314143468666412
2024-05-12 02:59:00,685084900,-0.3674901880188604,-0.7316221455711645,-0.0033582304665563667,35.808713750000045,-86.48408854387709,10208,-0.5,35.8,-86.5,1.7314143468666412
2024-05-12 03:00:00,685084900,-0.3423580578212058,-0.6838615924393067,-0.0008545232031049732,35.808713750000045,-86.48408854387709,10208,-0.5,35.8,-86.5,1.7314143468666412
2024-05-12 03:01:00,685084900,-0.22492503157861296,-0.4451183612027221,-0.00473170195450387,35.808713750000045,-86.48408854387709,10208,-0.6,35.8,-86.5,1.7314143468666412
2024-05-12 03:02:00,685084900,-0.16523446760966462,-0.29323101703390597,-0.0372379181854233,35.808713750000045,-86.48408854387709,10208,-0.9,35.8,-86.5,1.7314143468666412
2024-05-12 03:03:00,685084900,-0.16087886224116907,-0.27262123280251577,-0.04913649167982237,35.808713750000045,-86.48408854387709,10208,-0.4,35.8,-86.5,1.7314143468666412
2024-05-12 03:04:00,685084900,-0.14107902721823184,-0.27936083920826704,-0.0027972152281966756,35.808713750000045,-86.48408854387709,10208,-0.6,35.8,-86.5,1.7314143468666412
2024-05-12 03:05:00,685084900,0.05207133020581859,-0.03531230102540125,0.13945496143703842,35.808713750000045,-86.48408854387709,10208,-0.5,35.8,-86.5,1.7314143468666412
2024-05-12 03:06:00,685084900,-0.10626143870453107,-0.1810271121306029,-0.03149576527845925,35.808713750000045,-86.48408854387709,10208,-0.4,35.8,-86.5,1.7314143468666412
2024-05-12 03:07:00,685084900,-0.08994790637100313,-0.15110784555689952,-0.02878796718510674,35.808713750000045,-86.48408854387709,10208,-0.4,35.8,-86.5,1.7314143468666412
2024-05-12 03:08:00,685084900,-0.1355935756039443,-0.23931353724421406,-0.03187361396367455,35.808713750000045,-86.48408854387709,10208,-0.6,35.8,-86.5,1.7314143468666412
2024-05-12 03:09:00,685084900,-0.04662995428227705,-0.08958740367868406,-0.003672504885870044,35.808713750000045,-86.48408854387709,10208,-0.4,35.8,-86.5,1.7314143468666412
2024-05-12 03:10:00,685084900,-0.0823674421624682,-0.15731455152450163,-0.007420332800434762,35.808713750000045,-86.48408854387709,10208,-0.5,35.8,-86.5,1.7314143468666412
2024-05-12 03:11:00,685084900,0.008381729207747561,-0.041302881187068784,0.0580663396025639,35.808713750000045,-86.48408854387709,10208,-0.4,35.8,-86.5,1.7314143468666412
2024-05-12 03:12:00,685084900,-0.07038696500063744,-0.13218747400466926,-0.008586455996605624,35.808713750000045,-86.48408854387709,10208,-0.3,35.8,-86.5,1.7314143468666412
2024-05-12 03:13:00,685084900,-0.023760718151315717,-0.04732607444984656,-0.0001953618527848755,35.808713750000045,-86.48408854387709,10208,-0.3,35.8,-86.5,1.7314143468666412
2024-05-12 03:14:00,685084900,-0.07612453760841026,-0.14395668507561957,-0.00829239014120095,35.808713750000045,-86.48408854387709,10208,-0.3,35.8,-86.5,1.7314143468666412
2024-05-12 03:15:00,685084900,-0.01812041186612969,-0.0369073217684266,0.0006664980361672235,35.808713750000045,-86.48408854387709,10208,-0.4,35.8,-86.5,1.7314143468666412
2024-05-12 03:16:00,685084900,-0.062106872935702356,-0.11714049074778689,-0.007073255123617825,35.808713750000045,-86.48408854387709,10208,-0.5,35.8,-86.5,1.7314143468666412
2024-05-12 03:17:00,685084900,-0.021458231849644755,-0.044615906378055875,0.001699442678766365,35.808713750000045,-86.48408854387709,10208,-0.5,35.8,-86.5,1.7314143468666412
2024-05-12 03:18:00,685084900,-0.052926593926743364,-0.10035851476212575,-0.00549467309136098,35.808713750000045,-86.48408854387709,10208,-0.4,35.8,-86.5,1.7314143468666412
2024-05-12 03:19:00,685084900,-0.01111203299806514,-0.02141492427667408,-0.0008091417194561971,35.808713750000045,-86.48408854387709,10208,-0.4,35.8,-86.5,1.7314143468666412
2024-05-12 03:20:00,685084900,-0.04948336210680553,-0.09163271374665725,-0.007334010466953811,35.808713750000045,-86.48408854387709,10208,-0.3,35.8,-86.5,1.7314143468666412
2024-05-12 03:21:00,685084900,0.007060194785112331,-0.01669832624067819,0.030818715810902852,35.808713750000045,-86.48408854387709,10208,-0.3,35.8,-86.5,1.7314143468666412
2024-05-12 03:22:00,685084900,-0.036626072641820336,-0.06873784521770004,-0.00451430006594062,35.808713750000045,-86.48408854387709,10208,-0.4,35.8,-86.5,1.7314143468666412
2024-05-12 03:23:00,685084900,-0.020149259496713215,-0.04245239342884421,0.0021538744354177783,35.808713750000045,-86.48408854387709,10208,-0.4,35.8,-86.5,1.7314143468666412
2024-05-12 03:24:00,685084900,-0.016256602883098426,-0.033138345795696175,0.0006251400294993263,35.808713750000045,-86.48408854387709,10208,-0.3,35.8,-86.5,1.7314143468666412
2024-05-12 03:25:00,685084900,-0.0012054543969770687,-0.018237365017207456,0.01582645622325332,35.808713750000045,-86.48408854387709,10208,-0.4,35.8,-86.5,1.7314143468666412
2024-05-12 03:26:00,685084900,-0.02447104566275232,-0.05226974193306044,0.0033276506075558022,35.808713750000045,-86.48408854387709,10208,-0.2,35.8,-86.5,1.7314143468666412
2024-05-12 03:27:00,685084900,0.015582913268550418,0.0055091082735910304,0.025656718263509806,35.808713750000045,-86.48408854387709,10208,-0.2,35.8,-86.5,1.7314143468666412
2024-05-12 03:28:00,685084900,-0.007023072595474459,-0.016338393793922906,0.0022922486029739895,35.808713750000045,-86.48408854387709,10208,-0.3,35.8,-86.5,1.7314143468666412
2024-05-12 03:29:00,685084900,0.020482203426502178,0.0017249478015086417,0.039239459051495715,35.808713750000045,-86.48408854387709,10208,-0.2,35.8,-86.5,1.7314143468666412
2024-05-12 03:30:00,685084900,0.006669468060386366,-0.0010110777711495504,0.01435001389192228,35.808713750000045,-86.48408854387709,10208,-0.2,35.8,-86.5,1.7314143468666412
2024-05-12 03:31:00,685084900,0.03490448366818046,0.002745488297961639,0.06706347903839929,35.808713750000045,-86.48408854387709,10208,-0.1,35.8,-86.5,1.7314143468666412
2024-05-12 03:32:00,685084900,-0.021832078114081808,-0.03932162540043052,-0.004342530827733095,35.808713750000045,-86.48408854387709,10208,-0.1,35.8,-86.5,1.7314143468666412
2024-05-12 03:33:00,685084900,0.03737201170385806,0.007205899303068194,0.06753812410464792,35.808713750000045,-86.48408854387709,10208,0.0,35.8,-86.5,1.7314143468666412
2024-05-12 03:34:00,685084900,-0.01547762164351278,-0.02783506185042578,-0.003120181436599782,35.808713750000045,-86.48408854387709,10208,0.1,35.8,-86.5,1.7314143468666412
2024-05-12 03:35:00,685084900,8.223047974771835e-05,-0.004626214033800363,0.004790674993295799,35.808713750000045,-86.48408854387709,10208,0.0,35.8,-86.5,1.7314143468666412
2024-05-12 03:36:00,685084900,-0.031625922927138145,-0.060975022393374365,-0.0022768234609019285,35.808713750000045,-86.48408854387709,10208,-0.1,35.8,-86.5,1.7314143468666412
2024-05-12 03:37:00,685084900,0.01930005228110585,0.006116723903612129,0.03248338065859957,35.808713750000045,-86.48408854387709,10208,-0.1,35.8,-86.5,1.7314143468666412
2024-05-12 03:38:00,685084900,0.0047526604470263896,-0.0065847772219706615,0.01609009811602344,35.808713750000045,-86.48408854387709,10208,0.2,35.8,-86.5,1.7314143468666412
2024-05-12 03:39:00,685084900,0.04782503598796175,-0.0073955396523189346,0.10304561162824244,35.808713750000045,-86.48408854387709,10208,0.3,35.8,-86.5,1.7314143468666412
2024-05-12 03:40:00,685084900,0.03656260503885645,-0.0006754625465148142,0.07380067262422771,35.808713750000045,-86.48408854387709,10208,-0.1,35.8,-86.5,1.7314143468666412
2024-05-12 03:41:00,685084900,0.08601028067839571,-0.001690787585423445,0.17371134894221485,35.808713750000045,-86.48408854387709,10208,-0.5,35.8,-86.5,1.7314143468666412
2024-05-12 03:42:00,685084900,0.10092334352087959,-0.031780080919753595,0.23362676796151277,35.808713750000045,-86.48408854387709,10208,-0.2,35.8,-86.5,1.7314143468666412
2024-05-12 03:43:00,685084900,0.04756892456973088,-0.013022670256019504,0.10816051939548127,35.808713750000045,-86.48408854387709,10208,0.2,35.8,-86.5,1.7314143468666412
2024-05-12 03:44:00,685084900,0.025064136489734764,-0.010014424358146156,0.06014269733761568,35.808713750000045,-86.48408854387709,10208,0.2,35.8,-86.5,1.7314143468666412
2024-05-12 03:45:00,685084900,0.04674155686474039,-0.02117838696041357,0.11466150068989434,35.808713750000045,-86.48408854387709,10208,-0.2,35.8,-86.5,1.7314143468666412
2024-05-12 03:46:00,685084900,-0.0055717276340374305,-0.0587944505536422,0.047650995285567335,35.808713750000045,-86.48408854387709,10208,0.0,35.8,-86.5,1.7314143468666412
2024-05-12 03:47:00,685084900,0.0505991196504117,0.002780611742855321,0.09841762755796808,35.808713750000045,-86.48408854387709,10208,-0.1,35.8,-86.5,1.7314143468666412
2024-05-12 03:48:00,685084900,0.04776674577190961,0.01464318854697056,0.08089030299684866,35.808713750000045,-86.48408854387709,10208,-0.1,35.8,-86.5,1.7314143468666412
2024-05-12 03:49:00,685084900,0.0649221870188915,0.022088974280092356,0.10775539975769066,35.808713750000045,-86.48408854387709,10208,0.0,35.8,-86.5,1.7314143468666412
2024-05-12 03:50:00,685084900,0.037447498721730095,0.008517216185037393,0.0663777812584228,35.808713750000045,-86.48408854387709,10208,-0.1,35.8,-86.5,1.7314143468666412
2024-05-12 03:51:00,685084900,0.11617732865744657,0.02321244422481618,0.20914221309007697,35.808713750000045,-86.48408854387709,10208,-0.2,35.8,-86.5,1.7314143468666412
2024-05-12 03:52:00,685084900,0.06551083703929335,0.012019231472247073,0.11900244260633963,35.808713750000045,-86.48408854387709,10208,-0.1,35.8,-86.5,1.7314143468666412
2024-05-12 03:53:00,685084900,0.10762609173647092,0.025601685836516952,0.1896504976364249,35.808713750000045,-86.48408854387709,10208,-0.1,35.8,-86.5,1.7314143468666412
2024-05-12 03:54:00,685084900,0.06586253875522062,0.008398600453953242,0.123326477056488,35.808713750000045,-86.48408854387709,10208,-0.2,35.8,-86.5,1.7314143468666412
2024-05-12 03:55:00,685084900,0.06692033601272163,0.011242344151052519,0.12259832787439073,35.808713750000045,-86.48408854387709,10208,-0.3,35.8,-86.5,1.7314143468666412
2024-05-12 03:56:00,685084900,0.1304369498678078,0.025479079899495133,0.23539481983612046,35.808713750000045,-86.48408854387709,10208,0.0,35.8,-86.5,1.7314143468666412
2024-05-12 03:57:00,685084900,0.13076553011229156,0.029144757470882313,0.2323863027537008,35.808713750000045,-86.48408854387709,10208,-0.1,35.8,-86.5,1.7314143468666412
2024-05-12 03:58:00,685084900,0.10708530236188404,0.01540036235650355,0.19877024236726454,35.808713750000045,-86.48408854387709,10208,-0.6,35.8,-86.5,1.7314143468666412
2024-05-12 03:59:00,685084900,0.14549323096721062,0.034489735370420244,0.256496726564001,35.808713750000045,-86.48408854387709,10208,-0.4,35.8,-86.5,1.7314143468666412
2024-05-12 04:00:00,685084900,0.19964570749022453,0.03666634556327178,0.3626250694171773,35.808713750000045,-86.48408854387709,10208,-0.3,35.8,-86.5,1.7314143468666412
2024-05-12 04:01:00,685084900,0.21875814246746542,0.03922174604140399,0.39829453889352684,35.808713750000045,-86.48408854387709,10208,0.1,35.8,-86.5,1.7314143468666412
2024-05-12 04:02:00,685084900,0.18625308045141634,0.016587591370247984,0.3559185695325847,35.808713750000045,-86.48408854387709,10208,-0.2,35.8,-86.5,1.7314143468666412
2024-05-12 04:03:00,685084900,0.15929688971236639,0.017682016295296366,0.3009117631294364,35.808713750000045,-86.48408854387709,10208,0.1,35.8,-86.5,1.7314143468666412
2024-05-12 04:04:00,685084900,0.14644277697052022,0.03708444668453524,0.2558011072565052,35.808713750000045,-86.48408854387709,10208,-0.2,35.8,-86.5,1.7314143468666412
2024-05-12 04:05:00,685084900,0.135940033554149,0.03902575337161977,0.2328543137366782,35.808713750000045,-86.48408854387709,10208,-0.3,35.8,-86.5,1.7314143468666412
2024-05-12 04:06:00,685084900,0.05490448367459388,0.0223882887874889,0.08742067856169886,35.808713750000045,-86.48408854387709,10208,0.0,35.8,-86.5,1.7314143468666412
2024-05-12 04:07:00,685084900,-0.00787591160586318,-0.052564562525307425,0.03681273931358107,35.808713750000045,-86.48408854387709,10208,-0.2,35.8,-86.5,1.7314143468666412
2024-05-12 04:08:00,685084900,-0.02088823740163263,-0.06681525504170051,0.02503878023843525,35.808713750000045,-86.48408854387709,10208,-0.5,35.8,-86.5,1.7314143468666412
2024-05-12 04:09:00,685084900,-0.0076700746010996464,-0.048775116285542014,0.03343496708334272,35.808713750000045,-86.48408854387709,10208,-0.4,35.8,-86.5,1.7314143468666412
2024-05-12 04:10:00,685084900,-0.0686925427578565,-0.1564632039190123,0.019078118403299302,35.808713750000045,-86.48408854387709,10208,-0.4,35.8,-86.5,1.7314143468666412
2024-05-12 04:11:00,685084900,-0.04831949086820991,-0.1385479336353792,0.041908951898959365,35.808713750000045,-86.48408854387709,10208,-0.6,35.8,-86.5,1.7314143468666412
2024-05-12 04:12:00,685084900,-0.09683969803279731,-0.20951995109167146,0.01584055502607684,35.808713750000045,-86.48408854387709,10208,-0.3,35.8,-86.5,1.7314143468666412
2024-05-12 04:13:00,685084900,-0.10803084511362472,-0.22246448942481173,0.006402799197562273,35.808713750000045,-86.48408854387709,10208,-0.4,35.8,-86.5,1.7314143468666412
2024-05-12 04:14:00,685084900,-0.09003828577171177,-0.19557991269856026,0.015503341155136713,35.808713750000045,-86.48408854387709,10208,-0.4,35.8,-86.5,1.7314143468666412
2024-05-12 04:15:00,685084900,-0.10576658611259127,-0.22167394000155566,0.010140767776373141,35.808713750000045,-86.48408854387709,10208,-0.4,35.8,-86.5,1.7314143468666412
2024-05-12 04:16:00,685084900,-0.11509197994455364,-0.23165549041389816,0.00147153052479089,35.808713750000045,-86.48408854387709,10208,-0.7,35.8,-86.5,1.7314143468666412
2024-05-12 04:17:00,685084900,-0.11328994851025785,-0.23373825470982523,0.007158357689309516,35.808713750000045,-86.48408854387709,10208,-0.4,35.8,-86.5,1.7314143468666412
2024-05-12 04:18:00,685084900,-0.13022649568764252,-0.2526709430290221,-0.007782048346262935,35.808713750000045,-86.48408854387709,10208,-0.7,35.8,-86.5,1.7314143468666412
2024-05-12 04:19:00,685084900,-0.043504555071450436,-0.12369707558185142,0.03668796543895054,35.808713750000045,-86.48408854387709,10208,-0.2,35.8,-86.5,1.7314143468666412
2024-05-12 04:20:00,685084900,-0.14664110835959787,-0.27883513190382,-0.014447084815375766,35.808713750000045,-86.48408854387709,10208,-0.2,35.8,-86.5,1.7314143468666412
2024-05-12 04:21:00,685084900,-0.08950310228010433,-0.17210367739417043,-0.00690252716603823,35.808713750000045,-86.48408854387709,10208,-0.6,35.8,-86.5,1.7314143468666412
2024-05-12 04:22:00,685084900,-0.14135708432912666,-0.2635706945160585,-0.019143474142194833,35.808713750000045,-86.48408854387709,10208,-0.4,35.8,-86.5,1.7314143468666412
2024-05-12 04:23:00,685084900,-0.1016184541308487,-0.20136399054666848,-0.0018729177150289406,35.808713750000045,-86.48408854387709,10208,-0.2,35.8,-86.5,1.7314143468666412
2024-05-12 04:24:00,685084900,-0.10434814580110552,-0.20003240816656712,-0.008663883435643921,35.808713750000045,-86.48408854387709,10208,-0.5,35.8,-86.5,1.7314143468666412
2024-05-12 04:25:00,685084900,-0.05589637142263488,-0.13482944609037176,0.023036703245101993,35.808713750000045,-86.48408854387709,10208,-0.3,35.8,-86.5,1.7314143468666412
2024-05-12 04:26:00,685084900,-0.1033984288803747,-0.19310248172795783,-0.013694376032791583,35.808713750000045,-86.48408854387709,10208,-0.4,35.8,-86.5,1.7314143468666412
2024-05-12 04:27:00,685084900,-0.06796431333006991,-0.13291142871699477,-0.0030171979431450613,35.808713750000045,-86.48408854387709,10208,-0.4,35.8,-86.5,1.7314143468666412
2024-05-12 04:28:00,685084900,-0.17373670983330547,-0.3168853322652655,-0.030588087401345443,35.808713750000045,-86.48408854387709,10208,-0.3,35.8,-86.5,1.7314143468666412
2024-05-12 04:29:00,685084900,-0.025801063706270385,-0.1948067147622831,0.1432045873497423,35.808713750000045,-86.48408854387709,10208,0.7,35.8,-86.5,1.7314143468666412
2024-05-12 04:30:00,685084900,0.37176126814882626,-0.07263399615830324,0.8161565324559558,35.808713750000045,-86.48408854387709,10208,2.3,35.8,-86.5,1.7314143468666412
2024-05-12 04:31:00,685084900,0.6405226445149959,0.06090917245193217,1.2201361165780595,35.808713750000045,-86.48408854387709,10208,2.0,35.8,-86.5,1.7314143468666412
2024-05-12 04:32:00,685084900,0.3848102289955329,-0.043353959320042934,0.8129744173111088,35.808713750000045,-86.48408854387709,10208,1.7,35.8,-86.5,1.7314143468666412
2024-05-12 04:33:00,685084900,0.28141850084767855,0.007142514267498401,0.5556944874278587,35.808713750000045,-86.48408854387709,10208,2.0,35.8,-86.5,1.7314143468666412
2024-05-12 04:34:00,685084900,0.34642111285067917,0.012128530329489184,0.6807136953718691,35.808713750000045,-86.48408854387709,10208,0.4,35.8,-86.5,1.7314143468666412
2024-05-12 04:35:00,685084900,0.2560531549511456,-0.0234808598362648,0.535587169738556,35.808713750000045,-86.48408854387709,10208,-0.9,35.8,-86.5,1.7314143468666412
2024-05-12 04:36:00,685084900,0.4973827721532271,0.07647813952614158,0.9182874047803127,35.808713750000045,-86.48408854387709,10208,-1.3,35.8,-86.5,1.7314143468666412
2024-05-12 04:37:00,685084900,0.32137535623679964,0.017579782279189105,0.6251709301944102,35.808713750000045,-86.48408854387709,10208,-1.7,35.8,-86.5,1.7314143468666412
2024-05-12 04:38:00,685084900,0.300011884629045,0.012787841095818264,0.5872359281622717,35.808713750000045,-86.48408854387709,10208,-1.2,35.8,-86.5,1.7314143468666412
2024-05-12 04:39:00,685084900,0.21419852615284615,-0.006251801033618665,0.43464885333931097,35.808713750000045,-86.48408854387709,10208,-1.0,35.8,-86.5,1.7314143468666412
2024-05-12 04:40:00,685084900,0.18789397331396845,0.04372960583222907,0.33205834079570784,35.808713750000045,-86.48408854387709,10208,-0.8,35.8,-86.5,1.7314143468666412
2024-05-12 04:41:00,685084900,0.08863048009930158,-0.013104158191801357,0.19036511839040451,35.808713750000045,-86.48408854387709,10208,-0.8,35.8,-86.5,1.7314143468666412
2024-05-12 04:42:00,685084900,0.13433846548730763,0.018682311014454334,0.24999461996016092,35.808713750000045,-86.48408854387709,10208,-0.6,35.8,-86.5,1.7314143468666412
2024-05-12 04:43:00,685084900,0.07158476663421447,-0.04146519755723324,0.18463473082566217,35.808713750000045,-86.48408854387709,10208,-0.5,35.8,-86.5,1.7314143468666412
2024-05-12 04:44:00,685084900,0.08707864603582612,0.04459651713666114,0.12956077493499107,35.808713750000045,-86.48408854387709,10208,-0.4,35.8,-86.5,1.7314143468666412
2024-05-12 04:45:00,685084900,-0.02526419444940358,-0.10134417248801925,0.05081578358921208,35.808713750000045,-86.48408854387709,10208,-0.3,35.8,-86.5,1.7314143468666412
2024-05-12 04:46:00,685084900,0.010911116162321275,-0.034175184919187404,0.05599741724382995,35.808713750000045,-86.48408854387709,10208,-0.3,35.8,-86.5,1.7314143468666412
2024-05-12 04:47:00,685084900,-0.0845001774821894,-0.20313308830898116,0.03413273334460237,35.808713750000045,-86.48408854387709,10208,-0.3,35.8,-86.5,1.7314143468666412
2024-05-12 04:48:00,685084900,-0.01712295639490873,-0.0778610088139151,0.04361509602409763,35.808713750000045,-86.48408854387709,10208,-0.3,35.8,-86.5,1.7314143468666412
2024-05-12 04:49:00,685084900,-0.08285255566810551,-0.20237922222758759,0.036674110891376566,35.808713750000045,-86.48408854387709,10208,-0.5,35.8,-86.5,1.7314143468666412
2024-05-12 04:50:00,685084900,-0.08909748160927265,-0.2025845333806815,0.024389570162136207,35.808713750000045,-86.48408854387709,10208,-0.4,35.8,-86.5,1.7314143468666412
2024-05-12 04:51:00,685084900,-0.1482567230806947,-0.29374660248078366,-0.0027668436806057295,35.808713750000045,-86.48408854387709,10208,-0.4,35.8,-86.5,1.7314143468666412
2024-05-12 04:52:00,685084900,-0.1246532345267054,-0.2514098967319634,0.002103427678552594,35.808713750000045,-86.48408854387709,10208,-0.7,35.8,-86.5,1.7314143468666412
2024-05-12 04:53:00,685084900,-0.1421331522363741,-0.27749501770902496,-0.006771286763723211,35.808713750000045,-86.48408854387709,10208,-0.7,35.8,-86.5,1.7314143468666412
2024-05-12 04:54:00,685084900,-0.1686137545084745,-0.33517017332170923,-0.002057335695239748,35.808713750000045,-86.48408854387709,10208,-0.6,35.8,-86.5,1.7314143468666412
2024-05-12 04:55:00,685084900,-0.16731803819647392,-0.32843952095887025,-0.0061965554340776,35.808713750000045,-86.48408854387709,10208,-0.5,35.8,-86.5,1.7314143468666412
2024-05-12 04:56:00,685084900,-0.1807817105246456,-0.3464112365908155,-0.01515218445847566,35.808713750000045,-86.48408854387709,10208,-0.6,35.8,-86.5,1.7314143468666412
2024-05-12 04:57:00,685084900,-0.15090373513196728,-0.28971851566780216,-0.012088954596132434,35.808713750000045,-86.48408854387709,10208,-0.6,35.8,-86.5,1.7314143468666412
2024-05-12 04:58:00,685084900,-0.11460185010880533,-0.22412117395715586,-0.005082526260454814,35.808713750000045,-86.48408854387709,10208,-0.8,35.8,-86.5,1.7314143468666412
2024-05-12 04:59:00,685084900,-0.12345263616463123,-0.2351481437132387,-0.011757128616023765,35.808713750000045,-86.48408854387709,10208,-0.8,35.8,-86.5,1.7314143468666412
2024-05-12 05:00:00,685084900,-0.12065217538255128,-0.22759119064599437,-0.013713160119108198,35.808713750000045,-86.48408854387709,10208,-0.6,35.8,-86.5,1.7314143468666412
2024-05-12 05:01:00,685084900,-0.09203470081952729,-0.17558963528073251,-0.008479766358322066,35.808713750000045,-86.48408854387709,10208,-0.4,35.8,-86.5,1.7314143468666412
2024-05-12 05:02:00,685084900,-0.08531137016209164,-0.1682568323827426,-0.002365907941440676,35.808713750000045,-86.48408854387709,10208,-0.3,35.8,-86.5,1.7314143468666412
2024-05-12 05:03:00,685084900,-0.055022642487395745,-0.10719302969434888,-0.0028522552804426046,35.808713750000045,-86.48408854387709,10208,-0.3,35.8,-86.5,1.7314143468666412
2024-05-12 05:04:00,685084900,-0.032291258271300076,-0.09233271506017293,0.027750198517572773,35.808713750000045,-86.48408854387709,10208,-0.3,35.8,-86.5,1.7314143468666412
2024-05-12 05:05:00,685084900,-0.054486561238404965,-0.10756035052665419,-0.001412771950155732,35.808713750000045,-86.48408854387709,10208,-0.2,35.8,-86.5,1.7314143468666412
2024-05-12 05:06:00,685084900,-0.04440419787757735,-0.08504582041361078,-0.003762575341543929,35.808713750000045,-86.48408854387709,10208,-0.2,35.8,-86.5,1.7314143468666412
2024-05-12 05:07:00,685084900,-0.056215307419141346,-0.09760789079923096,-0.014822724039051723,35.808713750000045,-86.48408854387709,10208,-0.4,35.8,-86.5,1.7314143468666412
2024-05-12 05:08:00,685084900,-0.02606075565207301,-0.05064997723956049,-0.0014715340645855349,35.808713750000045,-86.48408854387709,10208,-0.5,35.8,-86.5,1.7314143468666412
2024-05-12 05:09:00,685084900,-0.06238997888468862,-0.10923776446576884,-0.015542193303608398,35.808713750000045,-86.48408854387709,10208,-0.6,35.8,-86.5,1.7314143468666412
2024-05-12 05:10:00,685084900,-0.07225427197864895,-0.1350491444342824,-0.009459399523015513,35.808713750000045,-86.48408854387709,10208,-0.4,35.8,-86.5,1.7314143468666412
2024-05-12 05:11:00,685084900,-0.00810243270504611,-0.024398413011369018,0.0081935476012768,35.808713750000045,-86.48408854387709,10208,0.0,35.8,-86.5,1.7314143468666412
2024-05-12 05:12:00,685084900,-0.05520333519058895,-0.10457973186500003,-0.005826938516177868,35.808713750000045,-86.48408854387709,10208,-0.2,35.8,-86.5,1.7314143468666412
2024-05-12 05:13:00,685084900,-0.0874809198276902,-0.17648291541897887,0.001521075763598459,35.808713750000045,-86.48408854387709,10208,-0.4,35.8,-86.5,1.7314143468666412
2024-05-12 05:14:00,685084900,-0.0734782230557414,-0.15563474181761036,0.008678295706127548,35.808713750000045,-86.48408854387709,10208,-0.5,35.8,-86.5,1.7314143468666412
2024-05-12 05:15:00,685084900,-0.08358248432931599,-0.14873398099111923,-0.01843098766751275,35.808713750000045,-86.48408854387709,10208,-0.2,35.8,-86.5,1.7314143468666412
2024-05-12 05:16:00,685084900,-0.06819015264350774,-0.1320287574359756,-0.004351547851039861,35.808713750000045,-86.48408854387709,10208,0.0,35.8,-86.5,1.7314143468666412
2024-05-12 05:17:00,685084900,-0.007295376475256565,-0.043725824536064765,0.029135071585551637,35.808713750000045,-86.48408854387709,10208,0.0,35.8,-86.5,1.7314143468666412
2024-05-12 05:18:00,685084900,-0.03730172291648572,-0.06167107274803225,-0.012932373084939199,35.808713750000045,-86.48408854387709,10208,-0.2,35.8,-86.5,1.7314143468666412
2024-05-12 05:19:00,685084900,-0.027363112410524186,-0.04599585595135622,-0.008730368869692154,35.808713750000045,-86.48408854387709,10208,-0.4,35.8,-86.5,1.7314143468666412
2024-05-12 05:20:00,685084900,-0.039714228649947496,-0.06982457896976915,-0.009603878330125843,35.808713750000045,-86.48408854387709,10208,-0.4,35.8,-86.5,1.7314143468666412
2024-05-12 05:21:00,685084900,-0.03782966654815366,-0.06503516476860646,-0.010624168327700856,35.808713750000045,-86.48408854387709,10208,-0.3,35.8,-86.5,1.7314143468666412
2024-05-12 05:22:00,685084900,-0.023049788981696143,-0.04294302358902656,-0.0031565543743657214,35.808713750000045,-86.48408854387709,10208,-0.3,35.8,-86.5,1.7314143468666412
2024-05-12 05:23:00,685084900,-0.030970284020091034,-0.054694788701667066,-0.007245779338515005,35.808713750000045,-86.48408854387709,10208,-0.2,35.8,-86.5,1.7314143468666412
2024-05-12 05:24:00,685084900,-0.03884325271175464,-0.07044846770685925,-0.007238037716650041,35.808713750000045,-86.48408854387709,10208,-0.2,35.8,-86.5,1.7314143468666412
2024-05-12 05:25:00,685084900,-0.013210352267205676,-0.02258646960353218,-0.0038342349308791712,35.808713750000045,-86.48408854387709,10208,-0.3,35.8,-86.5,1.7314143468666412
2024-05-12 05:26:00,685084900,0.001742103673823343,-0.007034824004915204,0.01051903135256189,35.808713750000045,-86.48408854387709,10208,-0.2,35.8,-86.5,1.7314143468666412
2024-05-12 05:27:00,685084900,0.0005136490188834646,-0.007150350968626337,0.008177649006393267,35.808713750000045,-86.48408854387709,10208,-0.3,35.8,-86.5,1.7314143468666412
2024-05-12 05:28:00,685084900,-0.023769157239071217,-0.0396656047073701,-0.00787270977077233,35.808713750000045,-86.48408854387709,10208,-0.2,35.8,-86.5,1.7314143468666412
2024-05-12 05:29:00,685084900,-0.030289772860380173,-0.05572054580749729,-0.004858999913263062,35.808713750000045,-86.48408854387709,10208,-0.3,35.8,-86.5,1.7314143468666412
2024-05-12 05:30:00,685084900,0.005372510953645379,-0.004888907053007824,0.015633928960298582,35.808713750000045,-86.48408854387709,10208,-0.2,35.8,-86.5,1.7314143468666412
2024-05-12 05:31:00,685084900,0.0013979006390805683,-0.01337489236860584,0.016170693646766977,35.808713750000045,-86.48408854387709,10208,-0.2,35.8,-86.5,1.7314143468666412
2024-05-12 05:32:00,685084900,-0.0088592715205646,-0.021141823172821286,0.003423280131692085,35.808713750000045,-86.48408854387709,10208,-0.1,35.8,-86.5,1.7314143468666412
2024-05-12 05:33:00,685084900,-0.021396071620651276,-0.0369464942288337,-0.0058456490124688554,35.808713750000045,-86.48408854387709,10208,0.0,35.8,-86.5,1.7314143468666412
2024-05-12 05:34:00,685084900,-0.016205455684469464,-0.03419276410776283,0.0017818527388238983,35.808713750000045,-86.48408854387709,10208,-0.2,35.8,-86.5,1.7314143468666412
2024-05-12 05:35:00,685084900,-0.00994689398831622,-0.016680960123970787,-0.0032128278526616545,35.808713750000045,-86.48408854387709,10208,-0.1,35.8,-86.5,1.7314143468666412
2024-05-12 05:36:00,685084900,-0.027903787786718495,-0.0516352136952059,-0.0041723618782310914,35.808713750000045,-86.48408854387709,10208,-0.1,35.8,-86.5,1.7314143468666412
2024-05-12 05:37:00,685084900,-0.014264670970380587,-0.023452997712994958,-0.005076344227766216,35.808713750000045,-86.48408854387709,10208,-0.2,35.8,-86.5,1.7314143468666412
2024-05-12 05:38:00,685084900,0.02453093494275471,-0.010639158510124706,0.059701028395634126,35.808713750000045,-86.48408854387709,10208,0.0,35.8,-86.5,1.7314143468666412
2024-05-12 05:39:00,685084900,0.007999249809767949,-0.022278629165242397,0.0382771287847783,35.808713750000045,-86.48408854387709,10208,0.0,35.8,-86.5,1.7314143468666412
2024-05-12 05:40:00,685084900,0.022135139353417998,-0.019246243168384084,0.06351652187522008,35.808713750000045,-86.48408854387709,10208,0.0,35.8,-86.5,1.7314143468666412
2024-05-12 05:41:00,685084900,0.00040620092425317514,-0.03288513186242241,0.03369753371092876,35.808713750000045,-86.48408854387709,10208,0.0,35.8,-86.5,1.7314143468666412
2024-05-12 05:42:00,685084900,0.015096300587849722,-0.024661947069094935,0.054854548244794375,35.808713750000045,-86.48408854387709,10208,0.2,35.8,-86.5,1.7314143468666412
2024-05-12 05:43:00,685084900,0.011423301600576169,-0.025280437665853674,0.04812704086700601,35.808713750000045,-86.48408854387709,10208,0.0,35.8,-86.5,1.7314143468666412
2024-05-12 05:44:00,685084900,0.00216135104069713,-0.03281625888799091,0.037138960969385175,35.808713750000045,-86.48408854387709,10208,-0.1,35.8,-86.5,1.7314143468666412
2024-05-12 05:45:00,685084900,0.006940190272597394,-0.026492337181132933,0.04037271772632772,35.808713750000045,-86.48408854387709,10208,-0.1,35.8,-86.5,1.7314143468666412
2024-05-12 05:46:00,685084900,0.018365429204505967,-0.017881407664109717,0.054612266073121654,35.808713750000045,-86.48408854387709,10208,0.0,35.8,-86.5,1.7314143468666412
2024-05-12 05:47:00,685084900,0.01922337886224117,-0.012079515287380996,0.05052627301186334,35.808713750000045,-86.48408854387709,10208,-0.1,35.8,-86.5,1.7314143468666412
2024-05-12 05:48:00,685084900,0.027749901861653846,-0.008840413408174513,0.0643402171314822,35.808713750000045,-86.48408854387709,10208,-0.2,35.8,-86.5,1.7314143468666412
2024-05-12 05:49:00,685084900,0.013073097120296579,-0.010746117040377685,0.03689231128097084,35.808713750000045,-86.48408854387709,10208,-0.2,35.8,-86.5,1.7314143468666412
2024-05-12 05:50:00,685084900,0.012839705493519109,-0.010198620430230733,0.03587803141726895,35.808713750000045,-86.48408854387709,10208,-0.2,35.8,-86.5,1.7314143468666412
2024-05-12 05:51:00,685084900,-0.0006336766597642623,-0.010321334493162517,0.009053981173633993,35.808713750000045,-86.48408854387709,10208,-0.3,35.8,-86.5,1.7314143468666412
2024-05-12 05:52:00,685084900,-0.007698139810850737,-0.017655723371174933,0.002259443749473459,35.808713750000045,-86.48408854387709,10208,-0.2,35.8,-86.5,1.7314143468666412
2024-05-12 05:53:00,685084900,-0.002258405440111808,-0.02609034029716832,0.021573529416944702,35.808713750000045,-86.48408854387709,10208,-0.2,35.8,-86.5,1.7314143468666412
2024-05-12 05:54:00,685084900,0.013838465091920812,-0.008073658549863832,0.03575058873370546,35.808713750000045,-86.48408854387709,10208,-0.2,35.8,-86.5,1.7314143468666412
2024-05-12 05:55:00,685084900,0.0035795155353969426,-0.004069853913890689,0.011228884984684575,35.808713750000045,-86.48408854387709,10208,-0.3,35.8,-86.5,1.7314143468666412
2024-05-12 05:56:00,685084900,0.019664632288016324,-0.0003508076126150714,0.03968007218864772,35.808713750000045,-86.48408854387709,10208,-0.2,35.8,-86.5,1.7314143468666412
2024-05-12 05:57:00,685084900,0.008649466818583116,-0.006423538198839385,0.023722471836005617,35.808713750000045,-86.48408854387709,10208,-0.2,35.8,-86.5,1.7314143468666412
2024-05-12 05:58:00,685084900,0.00659075673987742,-0.0042311154404350996,0.01741262892018994,35.808713750000045,-86.48408854387709,10208,-0.2,35.8,-86.5,1.7314143468666412
2024-05-12 05:59:00,685084900,0.01371537556805383,-0.010768104323544357,0.038198855459652015,35.808713750000045,-86.48408854387709,10208,-0.3,35.8,-86.5,1.7314143468666412
2024-05-12 06:00:00,685084900,0.01953096364116861,-0.001962615074316852,0.04102454235665407,35.808713750000045,-86.48408854387709,10208,-0.1,35.8,-86.5,1.7314143468666412
2024-05-12 06:01:00,685084900,0.03225499812435927,-3.1980753014818064e-05,0.06454197700173336,35.808713750000045,-86.48408854387709,10208,-0.2,35.8,-86.5,1.7314143468666412
2024-05-12 06:02:00,685084900,0.01921368210445576,-0.007107814951112769,0.04553517916002429,35.808713750000045,-86.48408854387709,10208,0.0,35.8,-86.5,1.7314143468666412
2024-05-12 06:03:00,685084900,0.030913819862678698,-0.003959554583424962,0.06578719430878235,35.808713750000045,-86.48408854387709,10208,0.1,35.8,-86.5,1.7314143468666412
2024-05-12 06:04:00,685084900,0.019034893222518952,-0.006809639930602154,0.04487942637564006,35.808713750000045,-86.48408854387709,10208,0.0,35.8,-86.5,1.7314143468666412
2024-05-12 06:05:00,685084900,0.04693913956817237,-0.001233950609418652,0.09511222974576339,35.808713750000045,-86.48408854387709,10208,-0.1,35.8,-86.5,1.7314143468666412
2024-05-12 06:06:00,685084900,0.03924337760986862,-0.004096697300221545,0.08258345251995877,35.808713750000045,-86.48408854387709,10208,-0.1,35.8,-86.5,1.7314143468666412
2024-05-12 06:07:00,685084900,0.03671076635265799,-0.003918930826493833,0.07734046353180982,35.808713750000045,-86.48408854387709,10208,-0.2,35.8,-86.5,1.7314143468666412
2024-05-12 06:08:00,685084900,0.04312867988414546,-0.0025920660809753,0.08884942584926622,35.808713750000045,-86.48408854387709,10208,-0.2,35.8,-86.5,1.7314143468666412
2024-05-12 06:09:00,685084900,0.03456466824878521,-0.0018026364692913313,0.07093197296686174,35.808713750000045,-86.48408854387709,10208,-0.1,35.8,-86.5,1.7314143468666412
2024-05-12 06:10:00,685084900,0.03033871625042154,-0.0018727869032255512,0.06255021940406863,35.808713750000045,-86.48408854387709,10208,-0.2,35.8,-86.5,1.7314143468666412
2024-05-12 06:11:00,685084900,0.026885734441381377,-0.0021688222207975824,0.05594029110356034,35.808713750000045,-86.48408854387709,10208,-0.2,35.8,-86.5,1.7314143468666412
2024-05-12 06:12:00,685084900,0.01966022952098372,-0.004303638127575633,0.043624097169543075,35.808713750000045,-86.48408854387709,10208,-0.1,35.8,-86.5,1.7314143468666412
2024-05-12 06:13:00,685084900,0.009136247330250641,-0.0056759423889580305,0.023948437049459315,35.808713750000045,-86.48408854387709,10208,-0.2,35.8,-86.5,1.7314143468666412
2024-05-12 06:14:00,685084900,0.0013298376262308208,-0.013948474477991394,0.016608149730453034,35.808713750000045,-86.48408854387709,10208,-0.2,35.8,-86.5,1.7314143468666412
2024-05-12 06:15:00,685084900,-0.0036560939556011516,-0.012091764075355699,0.004779576164153396,35.808713750000045,-86.48408854387709,10208,-0.2,35.8,-86.5,1.7314143468666412
2024-05-12 06:16:00,685084900,-0.011037531761651722,-0.019934488329161205,-0.002140575194142241,35.808713750000045,-86.48408854387709,10208,-0.2,35.8,-86.5,1.7314143468666412
2024-05-12 06:17:00,685084900,-0.01190282369349415,-0.02359013529353428,-0.00021551209345401813,35.808713750000045,-86.48408854387709,10208,-0.1,35.8,-86.5,1.7314143468666412
2024-05-12 06:18:00,685084900,0.0021863632259869143,-0.010936844869141298,0.015309571321115129,35.808713750000045,-86.48408854387709,10208,-0.1,35.8,-86.5,1.7314143468666412
2024-05-12 06:19:00,685084900,-0.0009268508233235198,-0.008613314720005594,0.006759613073358555,35.808713750000045,-86.48408854387709,10208,-0.1,35.8,-86.5,1.7314143468666412
2024-05-12 06:20:00,685084900,0.004732567508828343,-0.006937572614112832,0.016402707631769518,35.808713750000045,-86.48408854387709,10208,-0.2,35.8,-86.5,1.7314143468666412
2024-05-12 06:21:00,685084900,0.007200166492872617,-0.006703484507542474,0.021103817493287706,35.808713750000045,-86.48408854387709,10208,-0.2,35.8,-86.5,1.7314143468666412
2024-05-12 06:22:00,685084900,0.006484514887732151,-0.007728037668102205,0.020697067443566506,35.808713750000045,-86.48408854387709,10208,-0.2,35.8,-86.5,1.7314143468666412
2024-05-12 06:23:00,685084900,0.006774164320401241,-0.008089482857154289,0.021637811497956773,35.808713750000045,-86.48408854387709,10208,-0.3,35.8,-86.5,1.7314143468666412
2024-05-12 06:24:00,685084900,0.0037607315729830037,-0.007488644102222288,0.015010107248188295,35.808713750000045,-86.48408854387709,10208,-0.2,35.8,-86.5,1.7314143468666412
2024-05-12 06:25:00,685084900,-0.002218272875200283,-0.009874810845436595,0.005438265095036029,35.808713750000045,-86.48408854387709,10208,-0.3,35.8,-86.5,1.7314143468666412
2024-05-12 06:26:00,685084900,-0.013810320355864925,-0.024142775619950943,-0.0034778650917789092,35.808713750000045,-86.48408854387709,10208,-0.2,35.8,-86.5,1.7314143468666412
2024-05-12 06:27:00,685084900,0.0008755433695702723,-0.007439043602613114,0.009190130341753658,35.808713750000045,-86.48408854387709,10208,-0.2,35.8,-86.5,1.7314143468666412
2024-05-12 06:28:00,685084900,-0.008384601895089269,-0.018597635945821738,0.001828432155643201,35.808713750000045,-86.48408854387709,10208,-0.1,35.8,-86.5,1.7314143468666412
2024-05-12 06:29:00,685084900,0.00596745954557161,-0.006652949901840434,0.018587868992983654,35.808713750000045,-86.48408854387709,10208,-0.1,35.8,-86.5,1.7314143468666412
2024-05-12 06:30:00,685084900,0.015068177657393537,-0.005991392240489068,0.036127747555276146,35.808713750000045,-86.48408854387709,10208,-0.2,35.8,-86.5,1.7314143468666412
2024-05-12 06:31:00,685084900,-0.0016859069556779483,-0.018034719375403074,0.01466290546404718,35.808713750000045,-86.48408854387709,10208,-0.3,35.8,-86.5,1.7314143468666412
2024-05-12 06:32:00,685084900,-0.0017185760330015488,-0.00928535769662885,0.0058482056306257526,35.808713750000045,-86.48408854387709,10208,-0.3,35.8,-86.5,1.7314143468666412
2024-05-12 06:33:00,685084900,0.013734990787249567,-0.00697918330516905,0.03444916487966818,35.808713750000045,-86.48408854387709,10208,-0.2,35.8,-86.5,1.7314143468666412
2024-05-12 06:34:00,685084900,0.01119386556570211,-0.007527163706915451,0.029914894838319668,35.808713750000045,-86.48408854387709,10208,0.0,35.8,-86.5,1.7314143468666412
2024-05-12 06:35:00,685084900,0.01456180834176962,-0.004704225974069996,0.033827842657609235,35.808713750000045,-86.48408854387709,10208,-0.1,35.8,-86.5,1.7314143468666412
2024-05-12 06:36:00,685084900,-0.0012272005924540393,-0.019545471002411396,0.01709106981750332,35.808713750000045,-86.48408854387709,10208,0.0,35.8,-86.5,1.7314143468666412
2024-05-12 06:37:00,685084900,-0.004246777708929661,-0.016359246440987785,0.007865691023128462,35.808713750000045,-86.48408854387709,10208,-0.2,35.8,-86.5,1.7314143468666412
2024-05-12 06:38:00,685084900,0.00028461979472885695,-0.009624384932369005,0.010193624521826719,35.808713750000045,-86.48408854387709,10208,-0.2,35.8,-86.5,1.7314143468666412
2024-05-12 06:39:00,685084900,-0.008625913924952842,-0.018310706744529885,0.001058878894624202,35.808713750000045,-86.48408854387709,10208,-0.2,35.8,-86.5,1.7314143468666412
2024-05-12 06:40:00,685084900,0.0018359090789661523,-0.008397329573619886,0.01206914773155219,35.808713750000045,-86.48408854387709,10208,-0.2,35.8,-86.5,1.7314143468666412
2024-05-12 06:41:00,685084900,-0.014113222181837111,-0.021778961851079772,-0.0064474825125944496,35.808713750000045,-86.48408854387709,10208,-0.2,35.8,-86.5,1.7314143468666412
2024-05-12 06:42:00,685084900,-0.017776078799465158,-0.030209497563774085,-0.005342660035156231,35.808713750000045,-86.48408854387709,10208,-0.2,35.8,-86.5,1.7314143468666412
2024-05-12 06:43:00,685084900,-0.020044162759222918,-0.03336217504481746,-0.006726150473628371,35.808713750000045,-86.48408854387709,10208,-0.2,35.8,-86.5,1.7314143468666412
2024-05-12 06:44:00,685084900,-0.030443967350714144,-0.052100748574791654,-0.008787186126636634,35.808713750000045,-86.48408854387709,10208,-0.2,35.8,-86.5,1.7314143468666412
2024-05-12 06:45:00,685084900,-0.051873074334663434,-0.0932427286419221,-0.01050342002740478,35.808713750000045,-86.48408854387709,10208,-0.2,35.8,-86.5,1.7314143468666412
2024-05-12 06:46:00,685084900,-0.043622740179240185,-0.08002261500237111,-0.007222865356109262,35.808713750000045,-86.48408854387709,10208,-0.2,35.8,-86.5,1.7314143468666412
2024-05-12 06:47:00,685084900,-0.02396272133883006,-0.04250507087292925,-0.005420371804730869,35.808713750000045,-86.48408854387709,10208,-0.1,35.8,-86.5,1.7314143468666412
2024-05-12 06:48:00,685084900,-0.018158415098196722,-0.0377352349839228,0.0014184047875293523,35.808713750000045,-86.48408854387709,10208,0.0,35.8,-86.5,1.7314143468666412
2024-05-12 06:49:00,685084900,-0.024280162970331906,-0.04096901765147721,-0.007591308289186603,35.808713750000045,-86.48408854387709,10208,-0.2,35.8,-86.5,1.7314143468666412
2024-05-12 06:50:00,685084900,-0.036491959705878686,-0.06059222472945996,-0.012391694682297415,35.808713750000045,-86.48408854387709,10208,-0.2,35.8,-86.5,1.7314143468666412
2024-05-12 06:51:00,685084900,-0.03559535016288834,-0.059307446509071826,-0.01188325381670485,35.808713750000045,-86.48408854387709,10208,-0.2,35.8,-86.5,1.7314143468666412
2024-05-12 06:52:00,685084900,-0.029995942644890156,-0.048844063375348384,-0.011147821914431925,35.808713750000045,-86.48408854387709,10208,-0.2,35.8,-86.5,1.7314143468666412
2024-05-12 06:53:00,685084900,-0.0360214426442129,-0.06079882912300909,-0.011244056165416707,35.808713750000045,-86.48408854387709,10208,-0.2,35.8,-86.5,1.7314143468666412
2024-05-12 06:54:00,685084900,-0.034316290443025345,-0.0579411829751236,-0.010691397910927086,35.808713750000045,-86.48408854387709,10208,-0.2,35.8,-86.5,1.7314143468666412
2024-05-12 06:55:00,685084900,-0.03224879707677619,-0.055406290570781024,-0.009091303582771361,35.808713750000045,-86.48408854387709,10208,-0.2,35.8,-86.5,1.7314143468666412
2024-05-12 06:56:00,685084900,-0.02595454779100963,-0.04304050660708401,-0.008868588974935254,35.808713750000045,-86.48408854387709,10208,-0.1,35.8,-86.5,1.7314143468666412
2024-05-12 06:57:00,685084900,-0.01908101503209292,-0.030465199118666138,-0.007696830945519701,35.808713750000045,-86.48408854387709,10208,-0.2,35.8,-86.5,1.7314143468666412
2024-05-12 06:58:00,685084900,-0.019600425699691927,-0.031242562865267737,-0.007958288534116117,35.808713750000045,-86.48408854387709,10208,-0.1,35.8,-86.5,1.7314143468666412
2024-05-12 06:59:00,685084900,-0.017704953903629223,-0.028465596864555888,-0.006944310942702559,35.808713750000045,-86.48408854387709,10208,-0.2,35.8,-86.5,1.7314143468666412
2024-05-12 07:00:00,685084900,-0.013101470013472885,-0.020231803375824253,-0.005971136651121516,35.808713750000045,-86.48408854387709,10208,-0.2,35.8,-86.5,1.7314143468666412
2024-05-12 07:01:00,685084900,-0.019257011434417808,-0.035458183694950615,-0.003055839173884998,35.808713750000045,-86.48408854387709,10208,-0.2,35.8,-86.5,1.7314143468666412
2024-05-12 07:02:00,685084900,-0.013642254818503938,-0.028082744492711947,0.0007982348557040702,35.808713750000045,-86.48408854387709,10208,-0.2,35.8,-86.5,1.7314143468666412
2024-05-12 07:03:00,685084900,-0.01626712011665647,-0.035272223035533776,0.002737982802220835,35.808713750000045,-86.48408854387709,10208,-0.2,35.8,-86.5,1.7314143468666412
2024-05-12 07:04:00,685084900,-0.018453064466693214,-0.03628676363474879,-0.0006193652986376391,35.808713750000045,-86.48408854387709,10208,-0.2,35.8,-86.5,1.7314143468666412
2024-05-12 07:05:00,685084900,-0.015122007024953569,-0.027146911660388802,-0.003097102389518337,35.808713750000045,-86.48408854387709,10208,-0.2,35.8,-86.5,1.7314143468666412
2024-05-12 07:06:00,685084900,-0.031242304386993183,-0.05510937593637549,-0.007375232837610875,35.808713750000045,-86.48408854387709,10208,-0.2,35.8,-86.5,1.7314143468666412
2024-05-12 07:07:00,685084900,-0.014247325818331833,-0.024110503681709507,-0.004384147954954159,35.808713750000045,-86.48408854387709,10208,-0.2,35.8,-86.5,1.7314143468666412
2024-05-12 07:08:00,685084900,-0.02943855496004434,-0.04776966560886005,-0.011107444311228638,35.808713750000045,-86.48408854387709,10208,-0.2,35.8,-86.5,1.7314143468666412
2024-05-12 07:09:00,685084900,-0.030915273783105927,-0.05246708504897665,-0.009363462517235199,35.808713750000045,-86.48408854387709,10208,-0.1,35.8,-86.5,1.7314143468666412
2024-05-12 07:10:00,685084900,-0.025171427415695138,-0.040798395297910746,-0.00954445953347953,35.808713750000045,-86.48408854387709,10208,-0.2,35.8,-86.5,1.7314143468666412
2024-05-12 07:11:00,685084900,-0.01698725609949313,-0.026923136646074486,-0.0070513755529117775,35.808713750000045,-86.48408854387709,10208,-0.2,35.8,-86.5,1.7314143468666412
2024-05-12 07:12:00,685084900,-0.02542082190754114,-0.04101483493277376,-0.009826808882308517,35.808713750000045,-86.48408854387709,10208,-0.2,35.8,-86.5,1.7314143468666412
2024-05-12 07:13:00,685084900,-0.021383439083586784,-0.03390733200752041,-0.008859546159653158,35.808713750000045,-86.48408854387709,10208,-0.2,35.8,-86.5,1.7314143468666412
2024-05-12 07:14:00,685084900,-0.018842057165236945,-0.031169124295834363,-0.006514990034639526,35.808713750000045,-86.48408854387709,10208,-0.2,35.8,-86.5,1.7314143468666412
2024-05-12 07:15:00,685084900,-0.027847005764589906,-0.048862790088017215,-0.006831221441162598,35.808713750000045,-86.48408854387709,10208,-0.2,35.8,-86.5,1.7314143468666412
2024-05-12 07:16:00,685084900,-0.011782606375962996,-0.02205047957769447,-0.0015147331742315223,35.808713750000045,-86.48408854387709,10208,-0.2,35.8,-86.5,1.7314143468666412
2024-05-12 07:17:00,685084900,-0.01359471251841111,-0.023652123636009555,-0.003537301400812664,35.808713750000045,-86.48408854387709,10208,-0.2,35.8,-86.5,1.7314143468666412
2024-05-12 07:18:00,685084900,-0.007338675862602844,-0.011031495670602737,-0.003645856054602952,35.808713750000045,-86.48408854387709,10208,-0.1,35.8,-86.5,1.7314143468666412
2024-05-12 07:19:00,685084900,-0.016004226796163677,-0.026532196923831117,-0.005476256668496238,35.808713750000045,-86.48408854387709,10208,-0.1,35.8,-86.5,1.7314143468666412
2024-05-12 07:20:00,685084900,-0.009366769716895179,-0.017510343753300003,-0.0012231956804903566,35.808713750000045,-86.48408854387709,10208,-0.1,35.8,-86.5,1.7314143468666412
2024-05-12 07:21:00,685084900,0.003894851764096617,-0.0063951840456315905,0.014184887573824825,35.808713750000045,-86.48408854387709,10208,-0.2,35.8,-86.5,1.7314143468666412
2024-05-12 07:22:00,685084900,0.00012109014277660214,-0.009872872944092522,0.010115053229645727,35.808713750000045,-86.48408854387709,10208,-0.1,35.8,-86.5,1.7314143468666412
2024-05-12 07:23:00,685084900,-0.002295467504015206,-0.01342118556121645,0.00883025055318604,35.808713750000045,-86.48408854387709,10208,-0.1,35.8,-86.5,1.7314143468666412
2024-05-12 07:24:00,685084900,0.0004430334281023509,-0.009170725694782915,0.010056792550987617,35.808713750000045,-86.48408854387709,10208,-0.2,35.8,-86.5,1.7314143468666412
2024-05-12 07:25:00,685084900,-0.004846379792201255,-0.010766515806420605,0.0010737562220180944,35.808713750000045,-86.48408854387709,10208,-0.2,35.8,-86.5,1.7314143468666412
2024-05-12 07:26:00,685084900,-0.004461024099335866,-0.010651233527284245,0.0017291853286125133,35.808713750000045,-86.48408854387709,10208,-0.1,35.8,-86.5,1.7314143468666412
2024-05-12 07:27:00,685084900,-0.008282654102648675,-0.017394762516935065,0.0008294543116377142,35.808713750000045,-86.48408854387709,10208,-0.2,35.8,-86.5,1.7314143468666412
2024-05-12 07:28:00,685084900,-0.011607229589373776,-0.022095201646510153,-0.0011192575322374002,35.808713750000045,-86.48408854387709,10208,-0.2,35.8,-86.5,1.7314143468666412
2024-05-12 07:29:00,685084900,-0.004684544523530305,-0.010012528990964609,0.0006434399439039984,35.808713750000045,-86.48408854387709,10208,-0.2,35.8,-86.5,1.7314143468666412
2024-05-12 07:30:00,685084900,-0.005370785986407139,-0.009438152673284628,-0.0013034192995296503,35.808713750000045,-86.48408854387709,10208,-0.2,35.8,-86.5,1.7314143468666412
2024-05-12 07:31:00,685084900,-0.012228348147732826,-0.021503056551533603,-0.0029536397439320506,35.808713750000045,-86.48408854387709,10208,-0.2,35.8,-86.5,1.7314143468666412
2024-05-12 07:32:00,685084900,-0.020713316488362193,-0.038071908388728606,-0.0033547245879957804,35.808713750000045,-86.48408854387709,10208,-0.2,35.8,-86.5,1.7314143468666412
2024-05-12 07:33:00,685084900,-0.018625000858755823,-0.03519515992227086,-0.002054841795240788,35.808713750000045,-86.48408854387709,10208,-0.2,35.8,-86.5,1.7314143468666412
2024-05-12 07:34:00,685084900,-0.023714466189568524,-0.04476227980882171,-0.002666652570315335,35.808713750000045,-86.48408854387709,10208,-0.2,35.8,-86.5,1.7314143468666412
2024-05-12 07:35:00,685084900,-0.009600865335855696,-0.02103116337175182,0.0018294327000404273,35.808713750000045,-86.48408854387709,10208,-0.2,35.8,-86.5,1.7314143468666412
2024-05-12 07:36:00,685084900,-0.014456938478717407,-0.02768292604946304,-0.0012309509079717722,35.808713750000045,-86.48408854387709,10208,-0.2,35.8,-86.5,1.7314143468666412
2024-05-12 07:37:00,685084900,-0.020454732699929746,-0.040340731685158046,-0.0005687337147014422,35.808713750000045,-86.48408854387709,10208,-0.2,35.8,-86.5,1.7314143468666412
2024-05-12 07:38:00,685084900,-0.014342093275310053,-0.026979492135843164,-0.0017046944147769433,35.808713750000045,-86.48408854387709,10208,-0.2,35.8,-86.5,1.7314143468666412
2024-05-12 07:39:00,685084900,-0.010783808297091229,-0.023413509106662962,0.0018458925124805042,35.808713750000045,-86.48408854387709,10208,-0.1,35.8,-86.5,1.7314143468666412
2024-05-12 07:40:00,685084900,-0.019305705422912576,-0.03972879111632483,0.0011173802704996794,35.808713750000045,-86.48408854387709,10208,-0.1,35.8,-86.5,1.7314143468666412
2024-05-12 07:41:00,685084900,-0.02660546642706229,-0.04979093488400631,-0.003419997970118268,35.808713750000045,-86.48408854387709,10208,-0.1,35.8,-86.5,1.7314143468666412
2024-05-12 07:42:00,685084900,-0.02859596943165844,-0.05157457581072332,-0.005617363052593565,35.808713750000045,-86.48408854387709,10208,-0.2,35.8,-86.5,1.7314143468666412
2024-05-12 07:43:00,685084900,-0.02404894585086743,-0.043954989892268564,-0.004142901809466297,35.808713750000045,-86.48408854387709,10208,-0.2,35.8,-86.5,1.7314143468666412
2024-05-12 07:44:00,685084900,-0.01541843226714349,-0.027746360757582935,-0.0030905037767040462,35.808713750000045,-86.48408854387709,10208,-0.2,35.8,-86.5,1.7314143468666412
2024-05-12 07:45:00,685084900,-0.014554631253096908,-0.026851524482385935,-0.0022577380238078815,35.808713750000045,-86.48408854387709,10208,-0.2,35.8,-86.5,1.7314143468666412
2024-05-12 07:46:00,685084900,-0.01412033513639305,-0.028636589544705188,0.000395919271919086,35.808713750000045,-86.48408854387709,10208,-0.2,35.8,-86.5,1.7314143468666412
2024-05-12 07:47:00,685084900,-0.01996989845828715,-0.03731491966221924,-0.002624877254355059,35.808713750000045,-86.48408854387709,10208,-0.2,35.8,-86.5,1.7314143468666412
2024-05-12 07:48:00,685084900,-0.022829760940746725,-0.040949915037713704,-0.004709606843779746,35.808713750000045,-86.48408854387709,10208,-0.2,35.8,-86.5,1.7314143468666412
2024-05-12 07:49:00,685084900,-0.008007090766716901,-0.013757199211330735,-0.0022569823221030684,35.808713750000045,-86.48408854387709,10208,-0.2,35.8,-86.5,1.7314143468666412
2024-05-12 07:50:00,685084900,-0.011898145751016767,-0.020850120968142746,-0.002946170533890787,35.808713750000045,-86.48408854387709,10208,-0.2,35.8,-86.5,1.7314143468666412
2024-05-12 07:51:00,685084900,-0.01597471512157643,-0.030549727966385498,-0.00139970227676736,35.808713750000045,-86.48408854387709,10208,-0.2,35.8,-86.5,1.7314143468666412
2024-05-12 07:52:00,685084900,-0.015319741124984956,-0.029130304804020818,-0.0015091774459490958,35.808713750000045,-86.48408854387709,10208,-0.2,35.8,-86.5,1.7314143468666412
2024-05-12 07:53:00,685084900,-0.019118501984519934,-0.0370910185777163,-0.001145985391323566,35.808713750000045,-86.48408854387709,10208,-0.2,35.8,-86.5,1.7314143468666412
2024-05-12 07:54:00,685084900,-0.015106301621935395,-0.03223953579468619,0.002026932550815399,35.808713750000045,-86.48408854387709,10208,-0.2,35.8,-86.5,1.7314143468666412
2024-05-12 07:55:00,685084900,-0.02348916295717928,-0.04621173572522566,-0.0007665901891328979,35.808713750000045,-86.48408854387709,10208,-0.2,35.8,-86.5,1.7314143468666412
2024-05-12 07:56:00,685084900,-0.011570084551956803,-0.023933345384533768,0.0007931762806201639,35.808713750000045,-86.48408854387709,10208,-0.1,35.8,-86.5,1.7314143468666412
2024-05-12 07:57:00,685084900,-0.0023822176352233477,-0.009493736856657348,0.004729301586210653,35.808713750000045,-86.48408854387709,10208,-0.2,35.8,-86.5,1.7314143468666412
2024-05-12 07:58:00,685084900,0.0038716157330870226,-0.003364436033231004,0.01110766749940505,35.808713750000045,-86.48408854387709,10208,-0.2,35.8,-86.5,1.7314143468666412
2024-05-12 07:59:00,685084900,0.00697556228227237,0.000660356758306284,0.013290767806238456,35.808713750000045,-86.48408854387709,10208,-0.2,35.8,-86.5,1.7314143468666412
2024-05-12 08:00:00,685084900,-0.0007399974369569841,-0.009944657863943114,0.008464662990029147,35.808713750000045,-86.48408854387709,10208,-0.2,35.8,-86.5,1.7314143468666412
2024-05-12 08:01:00,685084900,0.0050510587352349924,-0.009114231368395266,0.01921634883886525,35.808713750000045,-86.48408854387709,10208,-0.2,35.8,-86.5,1.7314143468666412
2024-05-12 08:02:00,685084900,0.0017423093439190677,-0.012800658298369119,0.016285276986207256,35.808713750000045,-86.48408854387709,10208,-0.2,35.8,-86.5,1.7314143468666412
2024-05-12 08:03:00,685084900,0.006242462389406616,-0.006168003320681808,0.01865292809949504,35.808713750000045,-86.48408854387709,10208,-0.2,35.8,-86.5,1.7314143468666412
2024-05-12 08:04:00,685084900,0.005436293775793202,0.003371599837950116,0.007500987713636289,35.808713750000045,-86.48408854387709,10208,0.0,35.8,-86.5,1.7314143468666412
2024-05-12 08:05:00,685084900,0.0014315341331851345,-0.0012217626651758859,0.004084830931546155,35.808713750000045,-86.48408854387709,10208,-0.1,35.8,-86.5,1.7314143468666412
2024-05-12 08:06:00,685084900,-0.0008894566649467094,-0.006777044750115241,0.004998131420221823,35.808713750000045,-86.48408854387709,10208,-0.1,35.8,-86.5,1.7314143468666412
2024-05-12 08:07:00,685084900,0.009314472312965727,0.0015195607266040535,0.0171093838993274,35.808713750000045,-86.48408854387709,10208,-0.1,35.8,-86.5,1.7314143468666412
2024-05-12 08:08:00,685084900,-0.006721716321548841,-0.013724804941118239,0.00028137229802055724,35.808713750000045,-86.48408854387709,10208,-0.1,35.8,-86.5,1.7314143468666412
2024-05-12 08:09:00,685084900,0.0017569874386380163,-0.005638710176743444,0.009152685054019477,35.808713750000045,-86.48408854387709,10208,-0.1,35.8,-86.5,1.7314143468666412
2024-05-12 08:10:00,685084900,-0.0027145987079699885,-0.008183932387949077,0.002754734972009101,35.808713750000045,-86.48408854387709,10208,-0.1,35.8,-86.5,1.7314143468666412
2024-05-12 08:11:00,685084900,-0.00013211231225276042,-0.0037386746773032087,0.003474450052797688,35.808713750000045,-86.48408854387709,10208,0.0,35.8,-86.5,1.7314143468666412
2024-05-12 08:12:00,685084900,-0.0020128674128749822,-0.006206382037250696,0.002180647211500732,35.808713750000045,-86.48408854387709,10208,-0.1,35.8,-86.5,1.7314143468666412
2024-05-12 08:13:00,685084900,0.000823092564850264,-0.007524881675274492,0.009171066804975021,35.808713750000045,-86.48408854387709,10208,-0.1,35.8,-86.5,1.7314143468666412
2024-05-12 08:14:00,685084900,0.00040679055728925183,-0.01734986059365854,0.01816344170823704,35.808713750000045,-86.48408854387709,10208,-0.2,35.8,-86.5,1.7314143468666412
2024-05-12 08:15:00,685084900,0.0001782182887166478,-0.02021860151061266,0.020575038088045956,35.808713750000045,-86.48408854387709,10208,-0.2,35.8,-86.5,1.7314143468666412
2024-05-12 08:16:00,685084900,0.00776804543695918,-0.000571801113302595,0.016107891987220957,35.808713750000045,-86.48408854387709,10208,-0.2,35.8,-86.5,1.7314143468666412
2024-05-12 08:17:00,685084900,0.008295192603064449,0.003292649917256681,0.013297735288872216,35.808713750000045,-86.48408854387709,10208,-0.2,35.8,-86.5,1.7314143468666412
2024-05-12 08:18:00,685084900,0.0007358611872633913,-0.0037920606859855096,0.005263783060512292,35.808713750000045,-86.48408854387709,10208,-0.1,35.8,-86.5,1.7314143468666412
2024-05-12 08:19:00,685084900,0.0034818656106242094,1.640014487640489e-05,0.006947331076372014,35.808713750000045,-86.48408854387709,10208,-0.1,35.8,-86.5,1.7314143468666412
2024-05-12 08:20:00,685084900,0.0011278038948433625,-0.002533259071965017,0.004788866861651741,35.808713750000045,-86.48408854387709,10208,-0.1,35.8,-86.5,1.7314143468666412
2024-05-12 08:21:00,685084900,-0.002598336661671662,-0.017680905821229775,0.01248423249788645,35.808713750000045,-86.48408854387709,10208,-0.2,35.8,-86.5,1.7314143468666412
2024-05-12 08:22:00,685084900,0.0015241185850798883,-0.00757011658276713,0.010618353752926907,35.808713750000045,-86.48408854387709,10208,-0.1,35.8,-86.5,1.7314143468666412
2024-05-12 08:23:00,685084900,0.011713685569301418,-0.0013686229420458388,0.024795994080648677,35.808713750000045,-86.48408854387709,10208,-0.2,35.8,-86.5,1.7314143468666412
2024-05-12 08:24:00,685084900,0.003311978023005718,-0.005014044322858838,0.011638000368870274,35.808713750000045,-86.48408854387709,10208,-0.1,35.8,-86.5,1.7314143468666412
2024-05-12 08:25:00,685084900,0.011918317333675505,0.0024096714811969212,0.02142696318615409,35.808713750000045,-86.48408854387709,10208,-0.2,35.8,-86.5,1.7314143468666412
2024-05-12 08:26:00,685084900,0.01729960163407624,0.003945444251489344,0.03065375901666314,35.808713750000045,-86.48408854387709,10208,-0.1,35.8,-86.5,1.7314143468666412
2024-05-12 08:27:00,685084900,0.02229418927739752,0.0038025265050979987,0.04078585204969704,35.808713750000045,-86.48408854387709,10208,-0.2,35.8,-86.5,1.7314143468666412
2024-05-12 08:28:00,685084900,0.009948605808060524,-0.0006175334359103772,0.020514745052031425,35.808713750000045,-86.48408854387709,10208,-0.1,35.8,-86.5,1.7314143468666412
2024-05-12 08:29:00,685084900,0.013964484743247838,0.0039515215278465785,0.023977447958649097,35.808713750000045,-86.48408854387709,10208,-0.2,35.8,-86.5,1.7314143468666412
2024-05-12 08:30:00,685084900,0.009092097484432135,0.0036174345349578715,0.014566760433906398,35.808713750000045,-86.48408854387709,10208,-0.2,35.8,-86.5,1.7314143468666412
2024-05-12 08:31:00,685084900,0.008730964365627595,0.003984390480342887,0.013477538250912302,35.808713750000045,-86.48408854387709,10208,-0.1,35.8,-86.5,1.7314143468666412
2024-05-12 08:32:00,685084900,0.014931048173269491,0.001989629192596664,0.02787246715394232,35.808713750000045,-86.48408854387709,10208,0.0,35.8,-86.5,1.7314143468666412
2024-05-12 08:33:00,685084900,0.025217976117983872,0.00631770303309169,0.044118249202876055,35.808713750000045,-86.48408854387709,10208,-0.1,35.8,-86.5,1.7314143468666412
2024-05-12 08:34:00,685084900,0.011021011855350538,0.0015960705916953678,0.020445953119005707,35.808713750000045,-86.48408854387709,10208,-0.1,35.8,-86.5,1.7314143468666412
2024-05-12 08:35:00,685084900,0.008942747324524747,0.0026573093315523134,0.01522818531749718,35.808713750000045,-86.48408854387709,10208,0.0,35.8,-86.5,1.7314143468666412
2024-05-12 08:36:00,685084900,0.01812755696791166,0.004391638981421602,0.03186347495440172,35.808713750000045,-86.48408854387709,10208,-0.1,35.8,-86.5,1.7314143468666412
2024-05-12 08:37:00,685084900,0.020540113808247735,0.0018114139233277454,0.039268813693167724,35.808713750000045,-86.48408854387709,10208,-0.2,35.8,-86.5,1.7314143468666412
2024-05-12 08:38:00,685084900,0.008242444296210263,-0.004979267462894423,0.02146415605531495,35.808713750000045,-86.48408854387709,10208,-0.1,35.8,-86.5,1.7314143468666412
2024-05-12 08:39:00,685084900,0.008569679648265313,-0.0059733349041900165,0.023112694200720645,35.808713750000045,-86.48408854387709,10208,-0.2,35.8,-86.5,1.7314143468666412
2024-05-12 08:40:00,685084900,-0.006854274005158764,-0.022573372264692665,0.00886482425437514,35.808713750000045,-86.48408854387709,10208,-0.1,35.8,-86.5,1.7314143468666412
2024-05-12 08:41:00,685084900,0.009342241303264975,0.004052829921995558,0.014631652684534393,35.808713750000045,-86.48408854387709,10208,-0.2,35.8,-86.5,1.7314143468666412
2024-05-12 08:42:00,685084900,0.01827979584868995,0.008512899002800979,0.02804669269457892,35.808713750000045,-86.48408854387709,10208,-0.1,35.8,-86.5,1.7314143468666412
2024-05-12 08:43:00,685084900,0.01041328081286186,0.005090094441663422,0.0157364671840603,35.808713750000045,-86.48408854387709,10208,-0.1,35.8,-86.5,1.7314143468666412
2024-05-12 08:44:00,685084900,0.014749157645194098,0.004772179908826517,0.02472613538156168,35.808713750000045,-86.48408854387709,10208,-0.1,35.8,-86.5,1.7314143468666412
2024-05-12 08:45:00,685084900,0.013267397800386552,0.005696902935031031,0.020837892665742073,35.808713750000045,-86.48408854387709,10208,-0.1,35.8,-86.5,1.7314143468666412
2024-05-12 08:46:00,685084900,-0.003600606801290198,-0.013996452573047494,0.006795238970467098,35.808713750000045,-86.48408854387709,10208,-0.2,35.8,-86.5,1.7314143468666412
2024-05-12 08:47:00,685084900,-0.002721580869011536,-0.014627235130163197,0.009184073392140125,35.808713750000045,-86.48408854387709,10208,-0.2,35.8,-86.5,1.7314143468666412
2024-05-12 08:48:00,685084900,0.007183689235759086,-0.0026188658339882306,0.016986244305506402,35.808713750000045,-86.48408854387709,10208,-0.1,35.8,-86.5,1.7314143468666412
2024-05-12 08:49:00,685084900,0.007575805586460219,-0.0178299946672548,0.03298160584017523,35.808713750000045,-86.48408854387709,10208,-0.2,35.8,-86.5,1.7314143468666412
2024-05-12 08:50:00,685084900,0.014893297028365195,-0.012145911474563193,0.04193250553129359,35.808713750000045,-86.48408854387709,10208,-0.3,35.8,-86.5,1.7314143468666412
2024-05-12 08:51:00,685084900,0.011505911994798118,-0.013635531906966742,0.036647355896562976,35.808713750000045,-86.48408854387709,10208,-0.2,35.8,-86.5,1.7314143468666412
2024-05-12 08:52:00,685084900,0.005989826879969522,-0.02188057966227919,0.033860233422218236,35.808713750000045,-86.48408854387709,10208,-0.2,35.8,-86.5,1.7314143468666412
2024-05-12 08:53:00,685084900,0.025952645092100286,0.011514204605859456,0.04039108557834112,35.808713750000045,-86.48408854387709,10208,-0.1,35.8,-86.5,1.7314143468666412
2024-05-12 08:54:00,685084900,0.0457008190017141,0.012783133555931116,0.07861850444749707,35.808713750000045,-86.48408854387709,10208,0.0,35.8,-86.5,1.7314143468666412
2024-05-12 08:55:00,685084900,0.04587707129916491,0.008507962405225264,0.08324618019310455,35.808713750000045,-86.48408854387709,10208,0.1,35.8,-86.5,1.7314143468666412
2024-05-12 08:56:00,685084900,0.033633467007901895,0.007381395675230454,0.059885538340573335,35.808713750000045,-86.48408854387709,10208,0.0,35.8,-86.5,1.7314143468666412
2024-05-12 08:57:00,685084900,0.011664281215295747,-0.002759758652376456,0.02608832108296795,35.808713750000045,-86.48408854387709,10208,-0.1,35.8,-86.5,1.7314143468666412
2024-05-12 08:58:00,685084900,0.01179508398905166,-0.006435976535476893,0.03002614451358021,35.808713750000045,-86.48408854387709,10208,-0.2,35.8,-86.5,1.7314143468666412
2024-05-12 08:59:00,685084900,0.011053311680496822,-0.013321646640962415,0.03542827000195606,35.808713750000045,-86.48408854387709,10208,-0.2,35.8,-86.5,1.7314143468666412
2024-05-12 09:00:00,685084900,0.007510630452721089,-0.00854650095469642,0.0235677618601386,35.808713750000045,-86.48408854387709,10208,-0.2,35.8,-86.5,1.7314143468666412
2024-05-12 09:01:00,685084900,0.0045041267151951225,-0.009725854240143605,0.01873410767053385,35.808713750000045,-86.48408854387709,10208,-0.1,35.8,-86.5,1.7314143468666412
2024-05-12 09:02:00,685084900,0.014832220225023117,0.009279803793995605,0.020384636656050628,35.808713750000045,-86.48408854387709,10208,-0.1,35.8,-86.5,1.7314143468666412
2024-05-12 09:03:00,685084900,0.0168678133617573,-0.0017554909319374597,0.035491117655452056,35.808713750000045,-86.48408854387709,10208,0.0,35.8,-86.5,1.7314143468666412
2024-05-12 09:04:00,685084900,-0.00011721924799115528,-0.01623101895844729,0.015996580462464983,35.808713750000045,-86.48408854387709,10208,0.0,35.8,-86.5,1.7314143468666412
2024-05-12 09:05:00,685084900,0.013301918349493728,0.0032701211511823817,0.023333715547805077,35.808713750000045,-86.48408854387709,10208,-0.1,35.8,-86.5,1.7314143468666412
2024-05-12 09:06:00,685084900,0.013308602687730514,0.004021066980371539,0.02259613839508949,35.808713750000045,-86.48408854387709,10208,-0.2,35.8,-86.5,1.7314143468666412
2024-05-12 09:07:00,685084900,0.006172598049635845,-0.0003680426095260302,0.01271323870879772,35.808713750000045,-86.48408854387709,10208,-0.2,35.8,-86.5,1.7314143468666412
2024-05-12 09:08:00,685084900,0.014340031764294048,0.0039041837734601244,0.02477587975512797,35.808713750000045,-86.48408854387709,10208,-0.1,35.8,-86.5,1.7314143468666412
2024-05-12 09:09:00,685084900,0.029571764406615964,0.009377571679605498,0.04976595713362643,35.808713750000045,-86.48408854387709,10208,-0.1,35.8,-86.5,1.7314143468666412
2024-05-12 09:10:00,685084900,0.03012688923940293,0.0086425690447148,0.05161120943409106,35.808713750000045,-86.48408854387709,10208,-0.1,35.8,-86.5,1.7314143468666412
2024-05-12 09:11:00,685084900,0.021847255132145423,0.0053161543246827946,0.03837835593960805,35.808713750000045,-86.48408854387709,10208,-0.1,35.8,-86.5,1.7314143468666412
2024-05-12 09:12:00,685084900,0.022412674653105234,0.004428235472842969,0.0403971138333675,35.808713750000045,-86.48408854387709,10208,-0.2,35.8,-86.5,1.7314143468666412
2024-05-12 09:13:00,685084900,2.458849928085645e-05,-0.010669466921081007,0.010718643919642721,35.808713750000045,-86.48408854387709,10208,-0.1,35.8,-86.5,1.7314143468666412
2024-05-12 09:14:00,685084900,0.031061010226036127,0.011179258663700089,0.05094276178837216,35.808713750000045,-86.48408854387709,10208,-0.1,35.8,-86.5,1.7314143468666412
2024-05-12 09:15:00,685084900,0.04074774224564143,0.00941693814973809,0.07207854634154476,35.808713750000045,-86.48408854387709,10208,0.1,35.8,-86.5,1.7314143468666412
2024-05-12 09:16:00,685084900,0.07302633194452016,0.013633530348886876,0.13241913354015344,35.808713750000045,-86.48408854387709,10208,-0.1,35.8,-86.5,1.7314143468666412
2024-05-12 09:17:00,685084900,0.10069942185761709,0.011932436622490036,0.18946640709274415,35.808713750000045,-86.48408854387709,10208,-0.2,35.8,-86.5,1.7314143468666412
2024-05-12 09:18:00,685084900,0.08435610964864232,0.014307831523596742,0.1544043877736879,35.808713750000045,-86.48408854387709,10208,-0.1,35.8,-86.5,1.7314143468666412
2024-05-12 09:19:00,685084900,0.09053348869626443,0.01543626267633634,0.1656307147161925,35.808713750000045,-86.48408854387709,10208,0.2,35.8,-86.5,1.7314143468666412
2024-05-12 09:20:00,685084900,0.059501929016985505,0.010102530990487774,0.10890132704348324,35.808713750000045,-86.48408854387709,10208,-0.2,35.8,-86.5,1.7314143468666412
2024-05-12 09:21:00,685084900,0.062255858893994126,-0.0031424442880057246,0.12765416207599398,35.808713750000045,-86.48408854387709,10208,-0.2,35.8,-86.5,1.7314143468666412
2024-05-12 09:22:00,685084900,0.03283003251185414,-0.011824866712359487,0.07748493173606777,35.808713750000045,-86.48408854387709,10208,-0.1,35.8,-86.5,1.7314143468666412
2024-05-12 09:23:00,685084900,0.03347830301014144,0.002396944049729094,0.06455966197055378,35.808713750000045,-86.48408854387709,10208,0.1,35.8,-86.5,1.7314143468666412
2024-05-12 09:24:00,685084900,0.03185536669819004,0.014034503432031359,0.049676229964348714,35.808713750000045,-86.48408854387709,10208,0.2,35.8,-86.5,1.7314143468666412
2024-05-12 09:25:00,685084900,0.040654136417853245,0.011850285685743964,0.06945798714996253,35.808713750000045,-86.48408854387709,10208,0.2,35.8,-86.5,1.7314143468666412
2024-05-12 09:26:00,685084900,0.017027103107249728,-0.0017491152025899993,0.03580332141708946,35.808713750000045,-86.48408854387709,10208,0.1,35.8,-86.5,1.7314143468666412
2024-05-12 09:27:00,685084900,0.016190959329803918,-0.008093312424669374,0.04047523108427721,35.808713750000045,-86.48408854387709,10208,0.1,35.8,-86.5,1.7314143468666412
2024-05-12 09:28:00,685084900,-0.0007192348984960108,-0.027164138592474806,0.025725668795482787,35.808713750000045,-86.48408854387709,10208,0.0,35.8,-86.5,1.7314143468666412
2024-05-12 09:29:00,685084900,-0.010776178181051166,-0.037651674729303204,0.016099318367200875,35.808713750000045,-86.48408854387709,10208,0.0,35.8,-86.5,1.7314143468666412
2024-05-12 09:30:00,685084900,-0.01698537384333351,-0.04342411739167859,0.00945336970501157,35.808713750000045,-86.48408854387709,10208,-0.1,35.8,-86.5,1.7314143468666412
2024-05-12 09:31:00,685084900,-0.008494666100510351,-0.02668987727722504,0.009700545076204336,35.808713750000045,-86.48408854387709,10208,-0.2,35.8,-86.5,1.7314143468666412
2024-05-12 09:32:00,685084900,-0.009789401521278693,-0.021244031567594825,0.0016652285250374384,35.808713750000045,-86.48408854387709,10208,-0.1,35.8,-86.5,1.7314143468666412
2024-05-12 09:33:00,685084900,-0.014969510485361147,-0.03697762391662305,0.007038602945900753,35.808713750000045,-86.48408854387709,10208,-0.1,35.8,-86.5,1.7314143468666412
2024-05-12 09:34:00,685084900,-0.01233559862911581,-0.02590306140047461,0.0012318641422429909,35.808713750000045,-86.48408854387709,10208,-0.1,35.8,-86.5,1.7314143468666412
2024-05-12 09:35:00,685084900,-0.00781985686461879,-0.019450918781081433,0.003811205051843852,35.808713750000045,-86.48408854387709,10208,-0.2,35.8,-86.5,1.7314143468666412
2024-05-12 09:36:00,685084900,-0.024655344306661046,-0.049470828750120856,0.00016014013679876288,35.808713750000045,-86.48408854387709,10208,-0.2,35.8,-86.5,1.7314143468666412
2024-05-12 09:37:00,685084900,-0.029706398592591686,-0.06480340930000009,0.005390612114816715,35.808713750000045,-86.48408854387709,10208,-0.2,35.8,-86.5,1.7314143468666412
2024-05-12 09:38:00,685084900,-0.004821423323425416,-0.01594326434732898,0.0063004177004781494,35.808713750000045,-86.48408854387709,10208,0.0,35.8,-86.5,1.7314143468666412
2024-05-12 09:39:00,685084900,-0.006638446348019711,-0.019710634169004277,0.0064337414729648545,35.808713750000045,-86.48408854387709,10208,-0.2,35.8,-86.5,1.7314143468666412
2024-05-12 09:40:00,685084900,-0.004685732928714098,-0.018764762708950868,0.009393296851522672,35.808713750000045,-86.48408854387709,10208,-0.2,35.8,-86.5,1.7314143468666412
2024-05-12 09:41:00,685084900,0.0006978213586659743,-0.005444003994156263,0.006839646711488211,35.808713750000045,-86.48408854387709,10208,-0.1,35.8,-86.5,1.7314143468666412
2024-05-12 09:42:00,685084900,0.013916317335935591,0.004706425898493995,0.023126208773377187,35.808713750000045,-86.48408854387709,10208,-0.1,35.8,-86.5,1.7314143468666412
2024-05-12 09:43:00,685084900,0.00893717447061545,0.004050807681533407,0.013823541259697494,35.808713750000045,-86.48408854387709,10208,-0.1,35.8,-86.5,1.7314143468666412
2024-05-12 09:44:00,685084900,0.0047548036889574555,0.002108310518570976,0.0074012968593439345,35.808713750000045,-86.48408854387709,10208,-0.1,35.8,-86.5,1.7314143468666412
2024-05-12 09:45:00,685084900,0.00276783206916609,-0.0026146551297379006,0.00815031926807008,35.808713750000045,-86.48408854387709,10208,-0.2,35.8,-86.5,1.7314143468666412
2024-05-12 09:46:00,685084900,-0.0021238921068623792,-0.014282477778763611,0.010034693565038853,35.808713750000045,-86.48408854387709,10208,-0.2,35.8,-86.5,1.7314143468666412
2024-05-12 09:47:00,685084900,0.008493315836849353,0.003519846694510432,0.013466784979188275,35.808713750000045,-86.48408854387709,10208,-0.1,35.8,-86.5,1.7314143468666412
2024-05-12 09:48:00,685084900,0.013987634273367435,0.004343240023348167,0.0236320285233867,35.808713750000045,-86.48408854387709,10208,-0.2,35.8,-86.5,1.7314143468666412
2024-05-12 09:49:00,685084900,0.013232842017598976,0.0014172415031632676,0.025048442532034684,35.808713750000045,-86.48408854387709,10208,-0.2,35.8,-86.5,1.7314143468666412
2024-05-12 09:50:00,685084900,-0.008329719605667125,-0.01878104150466492,0.002121602293330669,35.808713750000045,-86.48408854387709,10208,-0.2,35.8,-86.5,1.7314143468666412
2024-05-12 09:51:00,685084900,-0.013576707025462537,-0.03327163202462491,0.006118217973699833,35.808713750000045,-86.48408854387709,10208,-0.1,35.8,-86.5,1.7314143468666412
2024-05-12 09:52:00,685084900,-0.01649962216315048,-0.03676768690127747,0.0037684425749765077,35.808713750000045,-86.48408854387709,10208,-0.1,35.8,-86.5,1.7314143468666412
2024-05-12 09:53:00,685084900,-0.011320000778690793,-0.028628446562054332,0.005988445004672747,35.808713750000045,-86.48408854387709,10208,-0.1,35.8,-86.5,1.7314143468666412
2024-05-12 09:54:00,685084900,-0.007023241709123623,-0.01703492847303104,0.002988445054783794,35.808713750000045,-86.48408854387709,10208,-0.2,35.8,-86.5,1.7314143468666412
2024-05-12 09:55:00,685084900,0.010907093630433483,0.0024155109806206845,0.01939867628024628,35.808713750000045,-86.48408854387709,10208,-0.2,35.8,-86.5,1.7314143468666412
2024-05-12 09:56:00,685084900,0.02560340680768206,0.00451727320863804,0.04668954040672608,35.808713750000045,-86.48408854387709,10208,-0.1,35.8,-86.5,1.7314143468666412
2024-05-12 09:57:00,685084900,0.04268186110013591,0.007528945982956586,0.07783477621731523,35.808713750000045,-86.48408854387709,10208,0.1,35.8,-86.5,1.7314143468666412
2024-05-12 09:58:00,685084900,0.04653036197561022,0.006219445690038766,0.08684127826118167,35.808713750000045,-86.48408854387709,10208,-0.1,35.8,-86.5,1.7314143468666412
2024-05-12 09:59:00,685084900,0.01894738582772702,-0.00246770360711724,0.04036247526257128,35.808713750000045,-86.48408854387709,10208,-0.2,35.8,-86.5,1.7314143468666412
2024-05-12 10:00:00,685084900,0.01512743533659719,0.0015387956137345744,0.028716075059459806,35.808713750000045,-86.48408854387709,10208,-0.1,35.8,-86.5,1.7314143468666412
2024-05-12 10:01:00,685084900,0.027315944653673308,0.007584345875295041,0.04704754343205157,35.808713750000045,-86.48408854387709,10208,0.0,35.8,-86.5,1.7314143468666412
2024-05-12 10:02:00,685084900,0.0325957997661352,0.0067186732233553495,0.05847292630891505,35.808713750000045,-86.48408854387709,10208,0.1,35.8,-86.5,1.7314143468666412
2024-05-12 10:03:00,685084900,0.03404984052500311,-0.002221248791132162,0.07032092984113839,35.808713750000045,-86.48408854387709,10208,0.1,35.8,-86.5,1.7314143468666412
2024-05-12 10:04:00,685084900,0.004593731576192275,-0.009766771598512863,0.018954234750897414,35.808713750000045,-86.48408854387709,10208,0.0,35.8,-86.5,1.7314143468666412
2024-05-12 10:05:00,685084900,0.00526307478156279,-0.014864160319700434,0.025390309882826013,35.808713750000045,-86.48408854387709,10208,0.1,35.8,-86.5,1.7314143468666412
2024-05-12 10:06:00,685084900,0.006828134261928473,-0.0077355420397996165,0.021391810563656563,35.808713750000045,-86.48408854387709,10208,0.1,35.8,-86.5,1.7314143468666412
2024-05-12 10:07:00,685084900,-0.00026135482319906885,-0.00298861354867731,0.002465903902279172,35.808713750000045,-86.48408854387709,10208,0.1,35.8,-86.5,1.7314143468666412
2024-05-12 10:08:00,685084900,-0.0065306965825376526,-0.02034692290263683,0.007285529737561525,35.808713750000045,-86.48408854387709,10208,0.0,35.8,-86.5,1.7314143468666412
2024-05-12 10:09:00,685084900,0.01465180879001579,0.00010311472723926324,0.029200502852792316,35.808713750000045,-86.48408854387709,10208,0.0,35.8,-86.5,1.7314143468666412
2024-05-12 10:10:00,685084900,0.013670190276920034,0.0034437928100102874,0.02389658774382978,35.808713750000045,-86.48408854387709,10208,0.0,35.8,-86.5,1.7314143468666412
2024-05-12 10:11:00,685084900,0.021935561076858817,0.004665371002459492,0.03920575115125814,35.808713750000045,-86.48408854387709,10208,0.0,35.8,-86.5,1.7314143468666412
2024-05-12 10:12:00,685084900,0.015488751798808053,0.0025171744539382104,0.028460329143677895,35.808713750000045,-86.48408854387709,10208,0.1,35.8,-86.5,1.7314143468666412
2024-05-12 10:13:00,685084900,0.02554577344523714,-0.0005695321160113093,0.05166107900648559,35.808713750000045,-86.48408854387709,10208,0.1,35.8,-86.5,1.7314143468666412
2024-05-12 10:14:00,685084900,0.01575141391580988,-0.00399147100129358,0.03549429883291334,35.808713750000045,-86.48408854387709,10208,0.1,35.8,-86.5,1.7314143468666412
2024-05-12 10:15:00,685084900,0.023301737053569083,-0.0022109919963341114,0.04881446610347227,35.808713750000045,-86.48408854387709,10208,0.1,35.8,-86.5,1.7314143468666412
2024-05-12 10:16:00,685084900,0.006443923884137172,-0.0016095045673229606,0.014497352335597305,35.808713750000045,-86.48408854387709,10208,0.0,35.8,-86.5,1.7314143468666412
2024-05-12 10:17:00,685084900,0.009176040064510917,0.0006879418130110362,0.017664138316010797,35.808713750000045,-86.48408854387709,10208,0.0,35.8,-86.5,1.7314143468666412
2024-05-12 10:18:00,685084900,0.007238127717093164,-0.0005525530808280282,0.015028808515014355,35.808713750000045,-86.48408854387709,10208,0.1,35.8,-86.5,1.7314143468666412
2024-05-12 10:19:00,685084900,-0.008802661979126304,-0.019088670938015473,0.0014833469797628663,35.808713750000045,-86.48408854387709,10208,0.0,35.8,-86.5,1.7314143468666412
2024-05-12 10:20:00,685084900,0.010460659009783399,-0.004286449082429712,0.025207767101996507,35.808713750000045,-86.48408854387709,10208,0.0,35.8,-86.5,1.7314143468666412
2024-05-12 10:21:00,685084900,0.012448022088190014,-0.0026742924052240765,0.027570336581604106,35.808713750000045,-86.48408854387709,10208,0.0,35.8,-86.5,1.7314143468666412
2024-05-12 10:22:00,685084900,-0.004014623910689723,-0.01755014177963368,0.009520893958254232,35.808713750000045,-86.48408854387709,10208,0.0,35.8,-86.5,1.7314143468666412
2024-05-12 10:23:00,685084900,-0.03170904883940747,-0.058288645795829305,-0.005129451882985636,35.808713750000045,-86.48408854387709,10208,0.0,35.8,-86.5,1.7314143468666412
2024-05-12 10:24:00,685084900,-0.012342148045204435,-0.025014145635700473,0.00032984954529160365,35.808713750000045,-86.48408854387709,10208,-0.1,35.8,-86.5,1.7314143468666412
2024-05-12 10:25:00,685084900,0.005017927651767692,-0.014060511391570373,0.02409636669510576,35.808713750000045,-86.48408854387709,10208,0.0,35.8,-86.5,1.7314143468666412
2024-05-12 10:26:00,685084900,0.0036944110039183174,-0.024648588585279862,0.032037410593116496,35.808713750000045,-86.48408854387709,10208,0.0,35.8,-86.5,1.7314143468666412
2024-05-12 10:27:00,685084900,-0.01105675163410138,-0.026121154318697735,0.0040076510504949755,35.808713750000045,-86.48408854387709,10208,0.0,35.8,-86.5,1.7314143468666412
2024-05-12 10:28:00,685084900,-0.011712937124158683,-0.025331518812886672,0.001905644564569306,35.808713750000045,-86.48408854387709,10208,0.1,35.8,-86.5,1.7314143468666412
2024-05-12 10:29:00,685084900,-0.020022378283695,-0.0344122932728648,-0.005632463294525198,35.808713750000045,-86.48408854387709,10208,0.1,35.8,-86.5,1.7314143468666412
2024-05-12 10:30:00,685084900,-0.01813648022816497,-0.033281949119515694,-0.002991011336814245,35.808713750000045,-86.48408854387709,10208,0.0,35.8,-86.5,1.7314143468666412
2024-05-12 10:31:00,685084900,0.022911160282424896,-0.006021733562428182,0.05184405412727797,35.808713750000045,-86.48408854387709,10208,-0.1,35.8,-86.5,1.7314143468666412
2024-05-12 10:32:00,685084900,0.040977654075494294,0.0029310119237723475,0.07902429622721624,35.808713750000045,-86.48408854387709,10208,0.0,35.8,-86.5,1.7314143468666412
2024-05-12 10:33:00,685084900,0.0074214675960399676,-0.008362712824629474,0.02320564801670941,35.808713750000045,-86.48408854387709,10208,0.1,35.8,-86.5,1.7314143468666412
2024-05-12 10:34:00,685084900,-0.0011542831079704935,-0.019374783509750096,0.01706621729380911,35.808713750000045,-86.48408854387709,10208,0.1,35.8,-86.5,1.7314143468666412
2024-05-12 10:35:00,685084900,0.007350441466743864,-0.010369901573835858,0.025070784507323588,35.808713750000045,-86.48408854387709,10208,0.1,35.8,-86.5,1.7314143468666412
2024-05-12 10:36:00,685084900,0.0008489751703561194,-0.0038766754362204556,0.005574625776932694,35.808713750000045,-86.48408854387709,10208,-0.2,35.8,-86.5,1.7314143468666412
2024-05-12 10:37:00,685084900,-0.01288932794360563,-0.02114504043028166,-0.004633615456929601,35.808713750000045,-86.48408854387709,10208,0.0,35.8,-86.5,1.7314143468666412
2024-05-12 10:38:00,685084900,-0.021046431976913523,-0.03855893897423818,-0.003533924979588869,35.808713750000045,-86.48408854387709,10208,0.0,35.8,-86.5,1.7314143468666412
2024-05-12 10:39:00,685084900,-0.017101927058521982,-0.031141100384407983,-0.003062753732635983,35.808713750000045,-86.48408854387709,10208,0.0,35.8,-86.5,1.7314143468666412
2024-05-12 10:40:00,685084900,-0.022906117096152496,-0.041458703329533705,-0.004353530862771283,35.808713750000045,-86.48408854387709,10208,0.1,35.8,-86.5,1.7314143468666412
2024-05-12 10:41:00,685084900,-0.01498647075254162,-0.0325672822559766,0.0025943407508933567,35.808713750000045,-86.48408854387709,10208,0.0,35.8,-86.5,1.7314143468666412
2024-05-12 10:42:00,685084900,-0.02072722417200341,-0.038937581709146324,-0.0025168666348605005,35.808713750000045,-86.48408854387709,10208,0.0,35.8,-86.5,1.7314143468666412
2024-05-12 10:43:00,685084900,-0.018486166409221204,-0.03306144887344681,-0.003910883944995603,35.808713750000045,-86.48408854387709,10208,-0.1,35.8,-86.5,1.7314143468666412
2024-05-12 10:44:00,685084900,-0.034904298080080054,-0.0637318874308158,-0.006076708729344311,35.808713750000045,-86.48408854387709,10208,0.0,35.8,-86.5,1.7314143468666412
2024-05-12 10:45:00,685084900,-0.03381057509497339,-0.0614564891841355,-0.00616466100581128,35.808713750000045,-86.48408854387709,10208,0.0,35.8,-86.5,1.7314143468666412
2024-05-12 10:46:00,685084900,-0.03216904510005497,-0.05850166473352605,-0.005836425466583896,35.808713750000045,-86.48408854387709,10208,0.0,35.8,-86.5,1.7314143468666412
2024-05-12 10:47:00,685084900,-0.03121950270428943,-0.05798158929676328,-0.00445741611181558,35.808713750000045,-86.48408854387709,10208,-0.1,35.8,-86.5,1.7314143468666412
2024-05-12 10:48:00,685084900,-0.039745396628184215,-0.07821689603971363,-0.0012738972166548082,35.808713750000045,-86.48408854387709,10208,0.0,35.8,-86.5,1.7314143468666412
2024-05-12 10:49:00,685084900,-0.037025164018642524,-0.07371294999604548,-0.0003373780412395666,35.808713750000045,-86.48408854387709,10208,-0.1,35.8,-86.5,1.7314143468666412
2024-05-12 10:50:00,685084900,-0.03560099564868488,-0.06784347195390592,-0.003358519343463852,35.808713750000045,-86.48408854387709,10208,-0.1,35.8,-86.5,1.7314143468666412
2024-05-12 10:51:00,685084900,-0.03898564055211286,-0.06748804655018611,-0.010483234554039603,35.808713750000045,-86.48408854387709,10208,-0.1,35.8,-86.5,1.7314143468666412
2024-05-12 10:52:00,685084900,-0.038817026347382884,-0.06721399320306709,-0.01042005949169867,35.808713750000045,-86.48408854387709,10208,-0.2,35.8,-86.5,1.7314143468666412
2024-05-12 10:53:00,685084900,-0.028048953997182942,-0.04972246890562499,-0.006375439088740893,35.808713750000045,-86.48408854387709,10208,-0.1,35.8,-86.5,1.7314143468666412
2024-05-12 10:54:00,685084900,-0.031833196616285024,-0.05913113245192503,-0.004535260780645017,35.808713750000045,-86.48408854387709,10208,-0.1,35.8,-86.5,1.7314143468666412
2024-05-12 10:55:00,685084900,-0.0328395549450934,-0.05622099872799945,-0.009458111162187352,35.808713750000045,-86.48408854387709,10208,0.0,35.8,-86.5,1.7314143468666412
2024-05-12 10:56:00,685084900,-0.04092645548940426,-0.07248671584772012,-0.009366195131088391,35.808713750000045,-86.48408854387709,10208,0.0,35.8,-86.5,1.7314143468666412
2024-05-12 10:57:00,685084900,-0.05356998530184573,-0.09650299283378938,-0.010636977769902072,35.808713750000045,-86.48408854387709,10208,0.0,35.8,-86.5,1.7314143468666412
2024-05-12 10:58:00,685084900,-0.04314818058385894,-0.07547132113679983,-0.010825040030918054,35.808713750000045,-86.48408854387709,10208,-0.1,35.8,-86.5,1.7314143468666412
2024-05-12 10:59:00,685084900,-0.03260715046262452,-0.056754958774177626,-0.008459342151071421,35.808713750000045,-86.48408854387709,10208,-0.2,35.8,-86.5,1.7314143468666412
2024-05-12 11:00:00,685084900,-0.006227515532654568,-0.012623532408571355,0.00016850134326221872,35.808713750000045,-86.48408854387709,10208,-0.2,35.8,-86.5,1.7314143468666412
2024-05-12 11:01:00,685084900,6.794516641017809e-05,-0.01269671480099278,0.012832605133813138,35.808713750000045,-86.48408854387709,10208,-0.3,35.8,-86.5,1.7314143468666412
2024-05-12 11:02:00,685084900,0.0011652960982511888,-0.02135281193704454,0.023683404133546915,35.808713750000045,-86.48408854387709,10208,-0.3,35.8,-86.5,1.7314143468666412
2024-05-12 11:03:00,685084900,0.0029762364027078473,-0.025852802092734696,0.03180527489815039,35.808713750000045,-86.48408854387709,10208,-0.2,35.8,-86.5,1.7314143468666412
2024-05-12 11:04:00,685084900,0.006695340364349714,-0.015236107404973262,0.02862678813367269,35.808713750000045,-86.48408854387709,10208,-0.1,35.8,-86.5,1.7314143468666412
2024-05-12 11:05:00,685084900,0.016684893841862117,-0.0029558913058933753,0.03632567898961761,35.808713750000045,-86.48408854387709,10208,0.0,35.8,-86.5,1.7314143468666412
2024-05-12 11:06:00,685084900,0.016032127501905247,0.0008997860534371363,0.031164468950373357,35.808713750000045,-86.48408854387709,10208,0.0,35.8,-86.5,1.7314143468666412
2024-05-12 11:07:00,685084900,0.0140664256813547,0.00044613693588704643,0.027686714426822356,35.808713750000045,-86.48408854387709,10208,0.1,35.8,-86.5,1.7314143468666412
2024-05-12 11:08:00,685084900,0.009915390508481137,-0.004380723012170648,0.02421150402913292,35.808713750000045,-86.48408854387709,10208,0.0,35.8,-86.5,1.7314143468666412
2024-05-12 11:09:00,685084900,0.0039486822540036924,-0.009229862578518929,0.017127227086526316,35.808713750000045,-86.48408854387709,10208,0.1,35.8,-86.5,1.7314143468666412
2024-05-12 11:10:00,685084900,-0.0049433601567948834,-0.01847868751840307,0.008591967204813302,35.808713750000045,-86.48408854387709,10208,0.0,35.8,-86.5,1.7314143468666412
2024-05-12 11:11:00,685084900,-0.015217237850925469,-0.024390824640184366,-0.006043651061666572,35.808713750000045,-86.48408854387709,10208,0.0,35.8,-86.5,1.7314143468666412
2024-05-12 11:12:00,685084900,-0.018998900194174505,-0.03119309613997997,-0.006804704248369044,35.808713750000045,-86.48408854387709,10208,0.0,35.8,-86.5,1.7314143468666412
2024-05-12 11:13:00,685084900,-0.017002775112734438,-0.028352978802068492,-0.005652571423400383,35.808713750000045,-86.48408854387709,10208,0.0,35.8,-86.5,1.7314143468666412
2024-05-12 11:14:00,685084900,-0.01666057614888933,-0.028808289082520443,-0.004512863215258218,35.808713750000045,-86.48408854387709,10208,0.0,35.8,-86.5,1.7314143468666412
2024-05-12 11:15:00,685084900,-0.016741057410685906,-0.028986067676204964,-0.004496047145166847,35.808713750000045,-86.48408854387709,10208,0.0,35.8,-86.5,1.7314143468666412
2024-05-12 11:16:00,685084900,-0.013401930935044536,-0.025465185655448867,-0.0013386762146402054,35.808713750000045,-86.48408854387709,10208,0.0,35.8,-86.5,1.7314143468666412
2024-05-12 11:17:00,685084900,-0.020375411303635002,-0.042096623983534726,0.001345801376264718,35.808713750000045,-86.48408854387709,10208,0.0,35.8,-86.5,1.7314143468666412
2024-05-12 11:18:00,685084900,-0.022376912667916457,-0.042764831080775355,-0.0019889942550575593,35.808713750000045,-86.48408854387709,10208,0.0,35.8,-86.5,1.7314143468666412
2024-05-12 11:19:00,685084900,-0.025429441532835353,-0.043653774874062065,-0.007205108191608637,35.808713750000045,-86.48408854387709,10208,0.0,35.8,-86.5,1.7314143468666412
2024-05-12 11:20:00,685084900,-0.028165197725174167,-0.04629015524290202,-0.01004024020744632,35.808713750000045,-86.48408854387709,10208,0.1,35.8,-86.5,1.7314143468666412
2024-05-12 11:21:00,685084900,-0.040322618029144844,-0.06772377290445755,-0.012921463153832132,35.808713750000045,-86.48408854387709,10208,0.1,35.8,-86.5,1.7314143468666412
2024-05-12 11:22:00,685084900,-0.030317356503081948,-0.050845263562206214,-0.009789449443957678,35.808713750000045,-86.48408854387709,10208,0.0,35.8,-86.5,1.7314143468666412
2024-05-12 11:23:00,685084900,-0.02152656627005992,-0.03361975863305773,-0.00943337390706211,35.808713750000045,-86.48408854387709,10208,0.0,35.8,-86.5,1.7314143468666412
2024-05-12 11:24:00,685084900,-0.03936459798498609,-0.06696770026380816,-0.011761495706164016,35.808713750000045,-86.48408854387709,10208,-0.1,35.8,-86.5,1.7314143468666412
2024-05-12 11:25:00,685084900,-0.01805281182143539,-0.029887387426334726,-0.006218236216536055,35.808713750000045,-86.48408854387709,10208,-0.1,35.8,-86.5,1.7314143468666412
2024-05-12 11:26:00,685084900,-0.00031907713164718824,-0.008015041503777347,0.007376887240482971,35.808713750000045,-86.48408854387709,10208,-0.1,35.8,-86.5,1.7314143468666412
2024-05-12 11:27:00,685084900,-0.00628058643411612,-0.011474469740077816,-0.001086703128154425,35.808713750000045,-86.48408854387709,10208,0.0,35.8,-86.5,1.7314143468666412
2024-05-12 11:28:00,685084900,-0.010239396547421403,-0.0142106204182922,-0.006268172676550607,35.808713750000045,-86.48408854387709,10208,0.0,35.8,-86.5,1.7314143468666412
2024-05-12 11:29:00,685084900,-0.01643159306121498,-0.025318205913990255,-0.007544980208439701,35.808713750000045,-86.48408854387709,10208,0.0,35.8,-86.5,1.7314143468666412
2024-05-12 11:30:00,685084900,-0.015482384002521363,-0.028782358530142143,-0.002182409474900584,35.808713750000045,-86.48408854387709,10208,0.0,35.8,-86.5,1.7314143468666412
2024-05-12 11:31:00,685084900,-0.0008320886574099348,-0.013355927592670451,0.01169175027785058,35.808713750000045,-86.48408854387709,10208,-0.1,35.8,-86.5,1.7314143468666412
2024-05-12 11:32:00,685084900,0.005371304069819191,-0.00903365444682976,0.01977626258646814,35.808713750000045,-86.48408854387709,10208,-0.1,35.8,-86.5,1.7314143468666412
2024-05-12 11:33:00,685084900,0.009976714548843373,-0.006802021342810294,0.02675545044049704,35.808713750000045,-86.48408854387709,10208,0.0,35.8,-86.5,1.7314143468666412
2024-05-12 11:34:00,685084900,0.015511943216522668,-0.0072122119840694054,0.03823609841711474,35.808713750000045,-86.48408854387709,10208,-0.1,35.8,-86.5,1.7314143468666412
2024-05-12 11:35:00,685084900,0.015910807157733253,-0.00512740213269219,0.03694901644815869,35.808713750000045,-86.48408854387709,10208,0.0,35.8,-86.5,1.7314143468666412
2024-05-12 11:36:00,685084900,0.010584725336332649,-0.001308625741452107,0.022478076414117407,35.808713750000045,-86.48408854387709,10208,0.1,35.8,-86.5,1.7314143468666412
2024-05-12 11:37:00,685084900,-0.005174514745495507,-0.017045673930698297,0.006696644439707283,35.808713750000045,-86.48408854387709,10208,0.2,35.8,-86.5,1.7314143468666412
2024-05-12 11:38:00,685084900,-0.012161551022096697,-0.024872074683270864,0.0005489726390774698,35.808713750000045,-86.48408854387709,10208,0.1,35.8,-86.5,1.7314143468666412
2024-05-12 11:39:00,685084900,0.0040788416423169094,-0.005385396284107625,0.013543079568741444,35.808713750000045,-86.48408854387709,10208,0.0,35.8,-86.5,1.7314143468666412
2024-05-12 11:40:00,685084900,0.005683718949416057,-0.004025150032587146,0.01539258793141926,35.808713750000045,-86.48408854387709,10208,0.0,35.8,-86.5,1.7314143468666412
2024-05-12 11:41:00,685084900,0.006044730493985492,-0.009470579794193058,0.02156004078216404,35.808713750000045,-86.48408854387709,10208,0.0,35.8,-86.5,1.7314143468666412
2024-05-12 11:42:00,685084900,0.011190956963255009,-0.00243640142276467,0.024818315349274686,35.808713750000045,-86.48408854387709,10208,0.0,35.8,-86.5,1.7314143468666412
2024-05-12 11:43:00,685084900,0.005578521441194782,-0.0036199417078524258,0.014776984590241989,35.808713750000045,-86.48408854387709,10208,0.1,35.8,-86.5,1.7314143468666412
2024-05-12 11:44:00,685084900,-0.005090806174775299,-0.00970098617074279,-0.0004806261788078076,35.808713750000045,-86.48408854387709,10208,0.1,35.8,-86.5,1.7314143468666412
2024-05-12 11:45:00,685084900,-0.0107666225984903,-0.01616435588976095,-0.005368889307219652,35.808713750000045,-86.48408854387709,10208,0.2,35.8,-86.5,1.7314143468666412
2024-05-12 11:46:00,685084900,-0.0048602959335291235,-0.008963135434561379,-0.0007574564324968683,35.808713750000045,-86.48408854387709,10208,0.2,35.8,-86.5,1.7314143468666412
2024-05-12 11:47:00,685084900,0.0003087482118895171,-0.011613705725189676,0.01223120214896871,35.808713750000045,-86.48408854387709,10208,0.1,35.8,-86.5,1.7314143468666412
2024-05-12 11:48:00,685084900,-0.01334207103648439,-0.02927699183043346,0.0025928497574646808,35.808713750000045,-86.48408854387709,10208,0.2,35.8,-86.5,1.7314143468666412
2024-05-12 11:49:00,685084900,-0.020508287733805284,-0.03477051919084657,-0.0062460562767640004,35.808713750000045,-86.48408854387709,10208,0.2,35.8,-86.5,1.7314143468666412
2024-05-12 11:50:00,685084900,-0.029411941866948448,-0.048653110121049406,-0.010170773612847489,35.808713750000045,-86.48408854387709,10208,0.1,35.8,-86.5,1.7314143468666412
2024-05-12 11:51:00,685084900,-0.019244606533384036,-0.031187284301414434,-0.007301928765353637,35.808713750000045,-86.48408854387709,10208,0.0,35.8,-86.5,1.7314143468666412
2024-05-12 11:52:00,685084900,-0.019381158209199785,-0.033007163706215106,-0.005755152712184467,35.808713750000045,-86.48408854387709,10208,0.0,35.8,-86.5,1.7314143468666412
2024-05-12 11:53:00,685084900,-0.020356693601319673,-0.033489262161133584,-0.007224125041505762,35.808713750000045,-86.48408854387709,10208,0.1,35.8,-86.5,1.7314143468666412
2024-05-12 11:54:00,685084900,-0.013239884945716165,-0.021574462923261983,-0.004905306968170348,35.808713750000045,-86.48408854387709,10208,-0.1,35.8,-86.5,1.7314143468666412
2024-05-12 11:55:00,685084900,-0.012771752631014918,-0.021766975105011903,-0.0037765301570179335,35.808713750000045,-86.48408854387709,10208,0.0,35.8,-86.5,1.7314143468666412
2024-05-12 11:56:00,685084900,-0.005345637676454505,-0.011418289383963262,0.0007270140310542536,35.808713750000045,-86.48408854387709,10208,0.0,35.8,-86.5,1.7314143468666412
2024-05-12 11:57:00,685084900,0.0019746082856820267,-0.006883811583120022,0.010833028154484076,35.808713750000045,-86.48408854387709,10208,0.0,35.8,-86.5,1.7314143468666412
2024-05-12 11:58:00,685084900,-4.3500367634714894e-05,-0.007949302654314873,0.007862301919045444,35.808713750000045,-86.48408854387709,10208,0.0,35.8,-86.5,1.7314143468666412
2024-05-12 11:59:00,685084900,0.004812574659166676,-0.014145769409580695,0.023770918727914047,35.808713750000045,-86.48408854387709,10208,0.0,35.8,-86.5,1.7314143468666412
2024-05-12 12:00:00,685084900,-0.004700733377537474,-0.01679860600428888,0.007397139249213931,35.808713750000045,-86.48408854387709,10208,0.1,35.8,-86.5,1.7314143468666412
